time_myr,a_au,e,inc_deg,omega_deg,node_deg,varpi_deg,q_au,Q_au,i_rel_deg,delta_varpi_deg,kozai_integral,is_detached,is_librating
0.00,506.000,0.93480,18.000,311.400,144.500,95.900,32.991,979.009,12.847,-154.100,0.34628,0,1
1.00,506.000,0.93418,18.420,311.558,142.575,94.134,33.306,978.694,12.539,-155.866,0.34830,0,1
2.00,506.000,0.93357,18.828,311.721,140.647,92.368,33.611,978.389,12.226,-157.632,0.35025,0,1
3.00,506.000,0.93299,19.225,311.889,138.713,90.603,33.906,978.094,11.910,-159.397,0.35215,0,1
4.00,506.000,0.93243,19.610,312.062,136.774,88.836,34.191,977.809,11.591,-161.164,0.35398,0,1
5.00,506.000,0.93189,19.984,312.240,134.830,87.069,34.465,977.535,11.273,-162.931,0.35575,0,1
6.00,506.000,0.93136,20.346,312.422,132.878,85.300,34.730,977.270,10.956,-164.700,0.35745,0,1
7.00,506.000,0.93086,20.697,312.608,130.920,83.528,34.985,977.015,10.643,-166.472,0.35909,0,1
8.00,506.000,0.93038,21.036,312.798,128.955,81.753,35.230,976.770,10.336,-168.247,0.36066,0,1
9.00,506.000,0.92991,21.366,312.992,126.982,79.974,35.466,976.534,10.040,-170.026,0.36216,0,1
10.00,506.000,0.92946,21.685,313.190,125.001,78.191,35.693,976.307,9.756,-171.809,0.36359,0,1
11.00,506.000,0.92903,21.994,313.392,123.011,76.403,35.911,976.089,9.489,-173.597,0.36494,0,1
12.00,506.000,0.92861,22.295,313.597,121.013,74.609,36.122,975.878,9.243,-175.391,0.36623,0,1
13.00,506.000,0.92821,22.587,313.804,119.006,72.810,36.326,975.674,9.022,-177.190,0.36746,0,1
14.00,506.000,0.92782,22.872,314.014,116.990,71.004,36.524,975.476,8.833,-178.996,0.36861,0,1
15.00,506.000,0.92744,23.151,314.226,114.965,69.191,36.717,975.283,8.680,179.191,0.36970,0,1
16.00,506.000,0.92706,23.425,314.440,112.931,67.370,36.906,975.094,8.569,177.370,0.37072,0,1
17.00,506.000,0.92670,23.695,314.655,110.888,65.542,37.092,974.908,8.506,175.542,0.37168,0,1
18.00,506.000,0.92633,23.963,314.870,108.836,63.706,37.278,974.722,8.495,173.706,0.37258,0,1
19.00,506.000,0.92596,24.231,315.086,106.776,61.862,37.463,974.537,8.542,171.862,0.37343,0,1
20.00,506.000,0.92559,24.501,315.301,104.708,60.009,37.651,974.349,8.649,170.009,0.37422,0,1
21.00,506.000,0.92521,24.774,315.515,102.632,58.148,37.843,974.157,8.819,168.148,0.37496,0,1
22.00,506.000,0.92482,25.052,315.728,100.550,56.278,38.041,973.959,9.054,166.278,0.37566,0,1
23.00,506.000,0.92441,25.337,315.937,98.462,54.399,38.246,973.754,9.352,164.399,0.37632,0,1
24.00,506.000,0.92399,25.630,316.143,96.369,52.512,38.462,973.538,9.712,162.512,0.37694,0,1
25.00,506.000,0.92354,25.934,316.345,94.271,50.616,38.689,973.311,10.132,160.616,0.37752,0,1
26.00,506.000,0.92306,26.250,316.542,92.171,48.713,38.931,973.069,10.610,158.713,0.37808,0,1
27.00,506.000,0.92255,26.579,316.733,90.070,46.803,39.189,972.811,11.141,156.803,0.37860,0,1
28.00,506.000,0.92200,26.922,316.917,87.968,44.885,39.466,972.534,11.723,154.885,0.37911,0,1
29.00,506.000,0.92141,27.281,317.094,85.868,42.962,39.765,972.235,12.351,152.962,0.37959,0,1
30.00,506.000,0.92078,27.656,317.262,83.771,41.034,40.087,971.913,13.023,151.034,0.38006,1,1
31.00,506.000,0.92009,28.047,317.421,81.679,39.101,40.435,971.565,13.734,149.101,0.38051,1,1
32.00,506.000,0.91935,28.455,317.570,79.595,37.165,40.811,971.189,14.483,147.165,0.38095,1,1
33.00,506.000,0.91854,28.881,317.708,77.519,35.228,41.219,970.781,15.265,145.228,0.38138,1,1
34.00,506.000,0.91767,29.324,317.834,75.455,33.290,41.661,970.339,16.079,143.290,0.38181,1,1
35.00,506.000,0.91672,29.785,317.948,73.405,31.353,42.139,969.861,16.920,141.353,0.38223,1,1
36.00,506.000,0.91570,30.262,318.049,71.370,29.418,42.657,969.343,17.788,139.418,0.38266,1,1
37.00,506.000,0.91459,30.756,318.136,69.353,27.489,43.218,968.782,18.679,137.489,0.38308,1,1
38.00,506.000,0.91339,31.266,318.209,67.356,25.565,43.824,968.176,19.590,135.565,0.38352,1,1
39.00,506.000,0.91210,31.792,318.268,65.382,23.650,44.479,967.521,20.520,133.650,0.38396,1,1
40.00,506.000,0.91070,32.332,318.312,63.433,21.746,45.186,966.814,21.466,131.746,0.38442,1,1
41.00,506.000,0.90919,32.885,318.342,61.511,19.853,45.948,966.052,22.426,129.853,0.38488,1,1
42.00,506.000,0.90757,33.451,318.358,59.618,17.976,46.768,965.232,23.397,127.976,0.38537,1,1
43.00,506.000,0.90583,34.028,318.360,57.756,16.116,47.650,964.350,24.377,126.116,0.38587,1,1
44.00,506.000,0.90396,34.615,318.348,55.928,14.276,48.596,963.404,25.364,124.276,0.38640,1,1
45.00,506.000,0.90196,35.210,318.323,54.134,12.457,49.611,962.389,26.355,122.457,0.38694,1,1
46.00,506.000,0.89981,35.812,318.286,52.376,10.662,50.696,961.304,27.349,120.662,0.38752,1,1
47.00,506.000,0.89752,36.421,318.238,50.656,8.894,51.856,960.144,28.342,118.894,0.38812,1,1
48.00,506.000,0.89507,37.033,318.180,48.975,7.155,53.093,958.907,29.334,117.155,0.38875,1,1
49.00,506.000,0.89247,37.648,318.113,47.333,5.446,54.411,957.589,30.321,115.446,0.38940,1,1
50.00,506.000,0.88970,38.264,318.039,45.732,3.771,55.811,956.189,31.302,113.771,0.39009,1,1
51.00,506.000,0.88677,38.880,317.959,44.172,2.131,57.296,954.704,32.276,112.131,0.39080,1,1
52.00,506.000,0.88366,39.493,317.874,42.653,0.527,58.869,953.131,33.239,110.527,0.39154,1,1
53.00,506.000,0.88037,40.104,317.787,41.175,358.963,60.532,951.468,34.192,108.963,0.39231,1,1
54.00,506.000,0.87691,40.710,317.699,39.739,357.438,62.285,949.715,35.132,107.438,0.39310,1,1
55.00,506.000,0.87326,41.311,317.612,38.343,355.954,64.132,947.868,36.057,105.954,0.39392,1,1
56.00,506.000,0.86942,41.904,317.526,36.987,354.514,66.073,945.927,36.968,104.514,0.39475,1,1
57.00,506.000,0.86540,42.489,317.445,35.672,353.117,68.109,943.891,37.862,103.117,0.39560,1,1
58.00,506.000,0.86119,43.065,317.369,34.395,351.764,70.240,941.760,38.738,101.764,0.39647,1,1
59.00,506.000,0.85678,43.632,317.301,33.156,350.456,72.467,939.533,39.597,100.456,0.39735,1,1
60.00,506.000,0.85219,44.187,317.240,31.953,349.194,74.790,937.210,40.437,99.194,0.39823,1,1
61.00,506.000,0.84742,44.731,317.190,30.787,347.977,77.207,934.793,41.258,97.977,0.39912,1,1
62.00,506.000,0.84245,45.263,317.150,29.656,346.806,79.718,932.282,42.060,96.806,0.40001,1,1
63.00,506.000,0.83731,45.783,317.123,28.558,345.680,82.323,929.677,42.842,95.680,0.40088,1,1
64.00,506.000,0.83198,46.290,317.108,27.492,344.600,85.019,926.981,43.603,94.600,0.40175,1,1
65.00,506.000,0.82647,46.783,317.108,26.457,343.565,87.804,924.196,44.345,93.565,0.40261,1,1
66.00,506.000,0.82080,47.263,317.122,25.452,342.574,90.677,921.323,45.067,92.574,0.40344,1,1
67.00,506.000,0.81495,47.730,317.152,24.475,341.627,93.634,918.366,45.769,91.627,0.40425,1,1
68.00,506.000,0.80894,48.183,317.198,23.526,340.724,96.674,915.326,46.451,90.724,0.40504,1,1
69.00,506.000,0.80278,48.622,317.260,22.602,339.862,99.793,912.207,47.114,89.862,0.40579,1,1
70.00,506.000,0.79647,49.048,317.339,21.704,339.043,102.987,909.013,47.758,89.043,0.40651,1,1
71.00,506.000,0.79001,49.460,317.435,20.829,338.264,106.253,905.747,48.383,88.264,0.40719,1,1
72.00,506.000,0.78342,49.859,317.548,19.977,337.524,109.588,902.412,48.989,87.524,0.40782,1,1
73.00,506.000,0.77670,50.244,317.678,19.146,336.824,112.988,899.012,49.577,86.824,0.40842,1,1
74.00,506.000,0.76986,50.617,317.825,18.336,336.160,116.449,895.551,50.148,86.160,0.40897,1,1
75.00,506.000,0.76291,50.976,317.989,17.545,335.534,119.965,892.035,50.701,85.534,0.40947,1,1
76.00,506.000,0.75586,51.323,318.169,16.773,334.943,123.534,888.466,51.237,84.943,0.40992,1,1
77.00,506.000,0.74871,51.658,318.367,16.019,334.386,127.151,884.849,51.758,84.386,0.41032,1,1
78.00,506.000,0.74148,51.981,318.580,15.281,333.862,130.810,881.190,52.262,83.862,0.41067,1,1
79.00,506.000,0.73417,52.292,318.810,14.560,333.370,134.509,877.491,52.751,83.370,0.41097,1,1
80.00,506.000,0.72679,52.591,319.055,13.854,332.909,138.242,873.758,53.225,82.909,0.41121,1,1
81.00,506.000,0.71936,52.880,319.315,13.163,332.479,142.005,869.995,53.684,82.479,0.41139,1,1
82.00,506.000,0.71187,53.157,319.590,12.486,332.076,145.792,866.208,54.129,82.076,0.41152,1,1
83.00,506.000,0.70435,53.424,319.879,11.822,331.702,149.601,862.399,54.561,81.702,0.41160,1,1
84.00,506.000,0.69679,53.681,320.182,11.171,331.354,153.426,858.574,54.979,81.354,0.41163,1,1
85.00,506.000,0.68920,53.928,320.498,10.533,331.031,157.263,854.737,55.385,81.031,0.41160,1,1
86.00,506.000,0.68161,54.166,320.827,9.906,330.733,161.107,850.893,55.778,80.733,0.41152,1,1
87.00,506.000,0.67400,54.394,321.168,9.290,330.458,164.955,847.045,56.160,80.458,0.41138,1,1
88.00,506.000,0.66640,54.613,321.520,8.685,330.206,168.802,843.198,56.530,80.206,0.41120,1,1
89.00,506.000,0.65881,54.824,321.884,8.091,329.975,172.644,839.356,56.889,79.975,0.41097,1,1
90.00,506.000,0.65123,55.026,322.258,7.506,329.764,176.478,835.522,57.237,79.764,0.41069,1,1
91.00,506.000,0.64368,55.220,322.642,6.931,329.573,180.300,831.700,57.574,79.573,0.41036,1,1
92.00,506.000,0.63615,55.407,323.035,6.366,329.401,184.106,827.894,57.902,79.401,0.40999,1,1
93.00,506.000,0.62867,55.586,323.437,5.809,329.246,187.893,824.107,58.220,79.246,0.40957,1,1
94.00,506.000,0.62123,55.757,323.848,5.261,329.109,191.657,820.343,58.528,79.109,0.40911,1,1
95.00,506.000,0.61384,55.922,324.266,4.721,328.987,195.395,816.605,58.828,78.987,0.40861,1,1
96.00,506.000,0.60651,56.080,324.692,4.189,328.881,199.105,812.895,59.119,78.881,0.40808,1,1
97.00,506.000,0.59924,56.232,325.124,3.665,328.789,202.783,809.217,59.402,78.789,0.40750,1,1
98.00,506.000,0.59204,56.377,325.563,3.148,328.711,206.427,805.573,59.676,78.711,0.40689,1,1
99.00,506.000,0.58491,56.516,326.008,2.638,328.646,210.034,801.966,59.943,78.646,0.40625,1,1
100.00,506.000,0.57786,56.650,326.458,2.136,328.593,213.603,798.397,60.202,78.593,0.40558,1,1
101.00,506.000,0.57089,56.778,326.912,1.640,328.552,217.130,794.870,60.453,78.552,0.40487,1,1
102.00,506.000,0.56400,56.901,327.372,1.150,328.522,220.614,791.386,60.698,78.522,0.40414,1,1
103.00,506.000,0.55721,57.019,327.835,0.667,328.502,224.053,787.947,60.936,78.502,0.40338,1,1
104.00,506.000,0.55050,57.131,328.303,0.190,328.493,227.445,784.555,61.168,78.493,0.40259,1,1
105.00,506.000,0.54389,57.239,328.773,359.719,328.492,230.789,781.211,61.393,78.492,0.40178,1,1
106.00,506.000,0.53738,57.343,329.246,359.254,328.500,234.084,777.916,61.612,78.500,0.40095,1,1
107.00,506.000,0.53097,57.442,329.723,358.794,328.517,237.327,774.673,61.826,78.517,0.40010,1,1
108.00,506.000,0.52467,57.537,330.201,358.340,328.541,240.518,771.482,62.033,78.541,0.39923,1,1
109.00,506.000,0.51847,57.628,330.681,357.891,328.572,243.656,768.344,62.236,78.572,0.39833,1,1
110.00,506.000,0.51237,57.715,331.163,357.447,328.610,246.740,765.260,62.433,78.610,0.39742,1,1
111.00,506.000,0.50639,57.799,331.646,357.008,328.654,249.769,762.231,62.625,78.654,0.39650,1,1
112.00,506.000,0.50051,57.879,332.131,356.574,328.705,252.742,759.258,62.812,78.705,0.39556,1,1
113.00,506.000,0.49474,57.955,332.616,356.144,328.760,255.660,756.340,62.995,78.760,0.39461,1,1
114.00,506.000,0.48909,58.029,333.102,355.720,328.821,258.521,753.479,63.173,78.821,0.39364,1,1
115.00,506.000,0.48355,58.099,333.588,355.299,328.887,261.325,750.675,63.346,78.887,0.39267,1,1
116.00,506.000,0.47812,58.166,334.074,354.883,328.957,264.072,747.928,63.516,78.957,0.39168,1,1
117.00,506.000,0.47280,58.231,334.561,354.471,329.032,266.761,745.239,63.681,79.032,0.39068,1,1
118.00,506.000,0.46760,58.292,335.047,354.063,329.110,269.393,742.607,63.843,79.110,0.38968,1,1
119.00,506.000,0.46251,58.351,335.533,353.659,329.192,271.968,740.032,64.000,79.192,0.38866,1,1
120.00,506.000,0.45754,58.408,336.018,353.259,329.277,274.485,737.515,64.154,79.277,0.38764,1,1
121.00,506.000,0.45268,58.462,336.503,352.862,329.366,276.944,735.056,64.305,79.366,0.38661,1,1
122.00,506.000,0.44793,58.513,336.987,352.470,329.457,279.347,732.653,64.452,79.457,0.38558,1,1
123.00,506.000,0.44330,58.563,337.470,352.080,329.550,281.692,730.308,64.596,79.550,0.38454,1,1
124.00,506.000,0.43877,58.610,337.952,351.695,329.647,283.980,728.020,64.737,79.647,0.38350,1,1
125.00,506.000,0.43436,58.656,338.433,351.312,329.745,286.212,725.788,64.874,79.745,0.38246,1,1
126.00,506.000,0.43006,58.699,338.913,350.933,329.846,288.388,723.612,65.009,79.846,0.38141,1,1
127.00,506.000,0.42587,58.740,339.391,350.557,329.948,290.508,721.492,65.141,79.948,0.38036,1,1
128.00,506.000,0.42179,58.780,339.868,350.184,330.052,292.572,719.428,65.270,80.052,0.37930,1,1
129.00,506.000,0.41782,58.818,340.344,349.814,330.158,294.581,717.419,65.397,80.158,0.37825,1,1
130.00,506.000,0.41396,58.854,340.818,349.447,330.265,296.536,715.464,65.521,80.265,0.37719,1,1
131.00,506.000,0.41020,58.889,341.290,349.083,330.373,298.437,713.563,65.642,80.373,0.37613,1,1
132.00,506.000,0.40655,58.922,341.761,348.721,330.483,300.284,711.716,65.762,80.483,0.37508,1,1
133.00,506.000,0.40301,58.954,342.231,348.363,330.594,302.077,709.923,65.878,80.594,0.37402,1,1
134.00,506.000,0.39957,58.984,342.699,348.007,330.705,303.819,708.181,65.993,80.705,0.37296,1,1
135.00,506.000,0.39623,59.013,343.165,347.653,330.818,305.508,706.492,66.105,80.818,0.37190,1,1
136.00,506.000,0.39299,59.041,343.629,347.302,330.931,307.145,704.855,66.216,80.931,0.37085,1,1
137.00,506.000,0.38986,59.067,344.092,346.953,331.045,308.732,703.268,66.324,81.045,0.36979,1,1
138.00,506.000,0.38682,59.092,344.553,346.607,331.160,310.267,701.733,66.430,81.160,0.36874,1,1
139.00,506.000,0.38389,59.116,345.013,346.263,331.276,311.753,700.247,66.535,81.276,0.36768,1,1
140.00,506.000,0.38105,59.139,345.471,345.921,331.392,313.190,698.810,66.637,81.392,0.36663,1,1
141.00,506.000,0.37831,59.161,345.927,345.581,331.508,314.577,697.423,66.738,81.508,0.36558,1,1
142.00,506.000,0.37566,59.182,346.381,345.244,331.625,315.917,696.083,66.837,81.625,0.36454,1,1
143.00,506.000,0.37311,59.201,346.834,344.908,331.742,317.208,694.792,66.935,81.742,0.36349,1,1
144.00,506.000,0.37065,59.220,347.285,344.575,331.860,318.452,693.548,67.030,81.860,0.36245,1,1
145.00,506.000,0.36828,59.238,347.735,344.243,331.978,319.649,692.351,67.124,81.978,0.36141,1,1
146.00,506.000,0.36601,59.255,348.183,343.914,332.096,320.800,691.200,67.217,82.096,0.36037,1,1
147.00,506.000,0.36382,59.271,348.629,343.586,332.215,321.905,690.095,67.308,82.215,0.35934,1,1
148.00,506.000,0.36173,59.287,349.075,343.260,332.334,322.965,689.035,67.398,82.334,0.35831,1,1
149.00,506.000,0.35972,59.301,349.518,342.935,332.453,323.979,688.021,67.486,82.453,0.35728,1,1
150.00,506.000,0.35781,59.315,349.960,342.613,332.573,324.949,687.051,67.573,82.573,0.35625,1,1
151.00,506.000,0.35598,59.328,350.401,342.292,332.693,325.876,686.124,67.658,82.693,0.35523,1,1
152.00,506.000,0.35423,59.340,350.840,341.973,332.813,326.758,685.242,67.742,82.813,0.35421,1,1
153.00,506.000,0.35257,59.352,351.278,341.655,332.933,327.598,684.402,67.825,82.933,0.35319,1,1
154.00,506.000,0.35100,59.363,351.715,341.339,333.054,328.394,683.606,67.907,83.054,0.35218,1,1
155.00,506.000,0.34951,59.373,352.151,341.024,333.175,329.148,682.852,67.987,83.175,0.35117,1,1
156.00,506.000,0.34810,59.382,352.585,340.711,333.296,329.861,682.139,68.067,83.296,0.35017,1,1
157.00,506.000,0.34678,59.391,353.019,340.399,333.417,330.531,681.469,68.145,83.417,0.34916,1,1
158.00,506.000,0.34553,59.400,353.451,340.088,333.539,331.160,680.840,68.222,83.539,0.34817,1,1
159.00,506.000,0.34437,59.407,353.882,339.779,333.661,331.748,680.252,68.297,83.661,0.34717,1,1
160.00,506.000,0.34329,59.414,354.312,339.471,333.783,332.295,679.705,68.372,83.783,0.34618,1,1
161.00,506.000,0.34229,59.421,354.742,339.164,333.906,332.801,679.199,68.446,83.906,0.34519,1,1
162.00,506.000,0.34137,59.427,355.170,338.859,334.029,333.267,678.733,68.518,84.029,0.34421,1,1
163.00,506.000,0.34053,59.432,355.598,338.554,334.152,333.694,678.306,68.590,84.152,0.34322,1,1
164.00,506.000,0.33976,59.437,356.025,338.251,334.276,334.080,677.920,68.660,84.276,0.34225,1,1
165.00,506.000,0.33908,59.442,356.451,337.949,334.400,334.426,677.574,68.730,84.400,0.34127,1,1
166.00,506.000,0.33847,59.445,356.877,337.648,334.525,334.734,677.266,68.799,84.525,0.34030,1,1
167.00,506.000,0.33794,59.449,357.302,337.348,334.650,335.001,676.999,68.866,84.650,0.33933,1,1
168.00,506.000,0.33749,59.452,357.727,337.049,334.776,335.230,676.770,68.933,84.776,0.33837,1,1
169.00,506.000,0.33712,59.454,358.151,336.751,334.902,335.419,676.581,68.999,84.902,0.33741,1,1
170.00,506.000,0.33682,59.456,358.575,336.454,335.029,335.570,676.430,69.064,85.029,0.33645,1,1
171.00,506.000,0.33660,59.457,358.998,336.158,335.156,335.681,676.319,69.127,85.156,0.33550,1,1
172.00,506.000,0.33646,59.458,359.422,335.862,335.284,335.754,676.246,69.191,85.284,0.33455,1,1
173.00,506.000,0.33639,59.458,359.845,335.568,335.413,335.787,676.213,69.253,85.413,0.33360,1,1
174.00,506.000,0.33640,59.458,0.268,335.274,335.542,335.782,676.218,69.314,85.542,0.33266,1,1
175.00,506.000,0.33649,59.458,0.690,334.982,335.672,335.738,676.262,69.374,85.672,0.33172,1,1
176.00,506.000,0.33665,59.457,1.113,334.689,335.803,335.655,676.345,69.434,85.803,0.33078,1,1
177.00,506.000,0.33689,59.455,1.536,334.398,335.934,335.533,676.467,69.493,85.934,0.32985,1,1
178.00,506.000,0.33721,59.453,1.959,334.107,336.066,335.372,676.628,69.551,86.066,0.32892,1,1
179.00,506.000,0.33760,59.451,2.382,333.817,336.199,335.172,676.828,69.608,86.199,0.32799,1,1
180.00,506.000,0.33808,59.448,2.805,333.528,336.333,334.933,677.067,69.664,86.333,0.32706,1,1
181.00,506.000,0.33863,59.445,3.229,333.239,336.468,334.654,677.346,69.719,86.468,0.32614,1,1
182.00,506.000,0.33926,59.441,3.653,332.951,336.604,334.336,677.664,69.774,86.604,0.32522,1,1
183.00,506.000,0.33997,59.437,4.077,332.663,336.740,333.978,678.022,69.828,86.740,0.32430,1,1
184.00,506.000,0.34075,59.432,4.502,332.376,336.878,333.580,678.420,69.881,86.878,0.32339,1,1
185.00,506.000,0.34162,59.427,4.927,332.089,337.016,333.141,678.859,69.933,87.016,0.32248,1,1
186.00,506.000,0.34256,59.421,5.353,331.803,337.156,332.663,679.337,69.984,87.156,0.32157,1,1
187.00,506.000,0.34359,59.415,5.779,331.517,337.297,332.143,679.857,70.035,87.297,0.32066,1,1
188.00,506.000,0.34470,59.408,6.206,331.232,337.438,331.583,680.417,70.084,87.438,0.31976,1,1
189.00,506.000,0.34589,59.401,6.634,330.947,337.581,330.981,681.019,70.133,87.581,0.31886,1,1
190.00,506.000,0.34716,59.393,7.063,330.662,337.725,330.338,681.662,70.181,87.725,0.31796,1,1
191.00,506.000,0.34851,59.385,7.492,330.378,337.870,329.652,682.348,70.229,87.870,0.31706,1,1
192.00,506.000,0.34995,59.376,7.922,330.094,338.016,328.924,683.076,70.275,88.016,0.31617,1,1
193.00,506.000,0.35147,59.366,8.354,329.810,338.164,328.154,683.846,70.321,88.164,0.31527,1,1
194.00,506.000,0.35308,59.356,8.786,329.526,338.312,327.340,684.660,70.365,88.312,0.31438,1,1
195.00,506.000,0.35478,59.346,9.219,329.243,338.462,326.482,685.518,70.409,88.462,0.31349,1,1
196.00,506.000,0.35656,59.335,9.653,328.960,338.613,325.580,686.420,70.452,88.613,0.31260,1,1
197.00,506.000,0.35843,59.323,10.089,328.677,338.765,324.634,687.366,70.494,88.765,0.31171,1,1
198.00,506.000,0.36039,59.311,10.525,328.393,338.919,323.642,688.358,70.536,88.919,0.31083,1,1
199.00,506.000,0.36244,59.298,10.963,328.110,339.074,322.605,689.395,70.576,89.074,0.30994,1,1
200.00,506.000,0.36458,59.284,11.402,327.827,339.230,321.521,690.479,70.616,89.230,0.30906,1,1
201.00,506.000,0.36682,59.270,11.842,327.544,339.387,320.390,691.610,70.654,89.387,0.30818,1,1
202.00,506.000,0.36915,59.255,12.284,327.261,339.545,319.212,692.788,70.692,89.545,0.30729,1,1
203.00,506.000,0.37157,59.239,12.727,326.978,339.705,317.986,694.014,70.729,89.705,0.30641,1,1
204.00,506.000,0.37409,59.223,13.171,326.695,339.866,316.711,695.289,70.764,89.866,0.30553,1,1
205.00,506.000,0.37670,59.206,13.616,326.412,340.028,315.387,696.613,70.799,90.028,0.30465,1,1
206.00,506.000,0.37942,59.188,14.063,326.128,340.191,314.013,697.987,70.833,90.191,0.30377,1,1
207.00,506.000,0.38224,59.169,14.511,325.844,340.355,312.588,699.412,70.866,90.355,0.30289,1,1
208.00,506.000,0.38515,59.149,14.960,325.560,340.520,311.112,700.888,70.898,90.520,0.30201,1,1
209.00,506.000,0.38818,59.129,15.411,325.276,340.687,309.583,702.417,70.929,90.687,0.30112,1,1
210.00,506.000,0.39130,59.108,15.863,324.991,340.854,308.002,703.998,70.958,90.854,0.30024,1,1
211.00,506.000,0.39453,59.086,16.317,324.706,341.023,306.367,705.633,70.987,91.023,0.29936,1,1
212.00,506.000,0.39787,59.062,16.772,324.420,341.192,304.677,707.323,71.014,91.192,0.29847,1,1
213.00,506.000,0.40132,59.038,17.228,324.135,341.362,302.933,709.067,71.041,91.362,0.29759,1,1
214.00,506.000,0.40488,59.013,17.685,323.848,341.533,301.132,710.868,71.066,91.533,0.29670,1,1
215.00,506.000,0.40855,58.987,18.144,323.561,341.705,299.275,712.725,71.090,91.705,0.29581,1,1
216.00,506.000,0.41233,58.960,18.603,323.273,341.877,297.360,714.640,71.112,91.877,0.29491,1,1
217.00,506.000,0.41623,58.931,19.064,322.985,342.049,295.386,716.614,71.134,92.049,0.29402,1,1
218.00,506.000,0.42025,58.902,19.526,322.696,342.222,293.354,718.646,71.154,92.222,0.29312,1,1
219.00,506.000,0.42438,58.871,19.989,322.406,342.395,291.262,720.738,71.172,92.395,0.29222,1,1
220.00,506.000,0.42864,58.839,20.452,322.116,342.568,289.109,722.891,71.190,92.568,0.29131,1,1
221.00,506.000,0.43302,58.805,20.916,321.824,342.741,286.894,725.106,71.205,92.741,0.29041,1,1
222.00,506.000,0.43752,58.771,21.381,321.532,342.914,284.617,727.383,71.220,92.914,0.28949,1,1
223.00,506.000,0.44214,58.735,21.847,321.239,343.086,282.277,729.723,71.232,93.086,0.28857,1,1
224.00,506.000,0.44689,58.697,22.313,320.945,343.257,279.873,732.127,71.244,93.257,0.28765,1,1
225.00,506.000,0.45177,58.658,22.779,320.649,343.428,277.405,734.595,71.253,93.428,0.28672,1,1
226.00,506.000,0.45678,58.617,23.245,320.353,343.597,274.872,737.128,71.261,93.597,0.28579,1,1
227.00,506.000,0.46191,58.574,23.710,320.055,343.765,272.272,739.728,71.267,93.765,0.28485,1,1
228.00,506.000,0.46718,58.530,24.176,319.756,343.932,269.606,742.394,71.271,93.932,0.28390,1,1
229.00,506.000,0.47258,58.484,24.640,319.455,344.096,266.873,745.127,71.273,94.096,0.28294,1,1
230.00,506.000,0.47812,58.436,25.104,319.154,344.258,264.073,747.927,71.274,94.258,0.28198,1,1
231.00,506.000,0.48379,58.386,25.567,318.850,344.417,261.204,750.796,71.272,94.417,0.28100,1,1
232.00,506.000,0.48959,58.334,26.028,318.545,344.573,258.266,753.734,71.268,94.573,0.28002,1,1
233.00,506.000,0.49553,58.280,26.487,318.239,344.726,255.260,756.740,71.262,94.726,0.27903,1,1
234.00,506.000,0.50161,58.223,26.944,317.930,344.875,252.184,759.816,71.253,94.875,0.27803,1,1
235.00,506.000,0.50783,58.165,27.399,317.620,345.019,249.039,762.961,71.243,95.019,0.27701,1,1
236.00,506.000,0.51418,58.104,27.850,317.308,345.158,245.824,766.176,71.229,95.158,0.27599,1,1
237.00,506.000,0.52067,58.040,28.298,316.994,345.292,242.540,769.460,71.213,95.292,0.27495,1,1
238.00,506.000,0.52730,57.973,28.743,316.677,345.420,239.186,772.814,71.195,95.420,0.27389,1,1
239.00,506.000,0.53407,57.904,29.182,316.358,345.541,235.762,776.238,71.174,95.541,0.27283,1,1
240.00,506.000,0.54097,57.832,29.617,316.037,345.654,232.270,779.730,71.149,95.654,0.27174,1,1
241.00,506.000,0.54801,57.757,30.046,315.713,345.759,228.708,783.292,71.122,95.759,0.27064,1,1
242.00,506.000,0.55518,57.679,30.469,315.387,345.856,225.078,786.922,71.092,95.856,0.26953,1,1
243.00,506.000,0.56249,57.597,30.885,315.057,345.942,221.381,790.619,71.058,95.942,0.26839,1,1
244.00,506.000,0.56993,57.512,31.293,314.725,346.018,217.617,794.383,71.021,96.018,0.26724,1,1
245.00,506.000,0.57749,57.423,31.692,314.390,346.082,213.788,798.212,70.980,96.082,0.26606,1,1
246.00,506.000,0.58519,57.331,32.082,314.051,346.133,209.894,802.106,70.936,96.133,0.26486,1,1
247.00,506.000,0.59301,57.234,32.462,313.708,346.171,205.937,806.063,70.887,96.171,0.26364,1,1
248.00,506.000,0.60095,57.134,32.831,313.362,346.193,201.919,810.081,70.835,96.193,0.26240,1,1
249.00,506.000,0.60901,57.029,33.187,313.012,346.199,197.842,814.158,70.778,96.199,0.26113,1,1
250.00,506.000,0.61718,56.919,33.530,312.657,346.187,193.706,818.294,70.717,96.187,0.25983,1,1
251.00,506.000,0.62546,56.805,33.859,312.298,346.156,189.516,822.484,70.651,96.156,0.25851,1,1
252.00,506.000,0.63385,56.686,34.171,311.934,346.105,185.273,826.727,70.581,96.105,0.25716,1,1
253.00,506.000,0.64233,56.561,34.466,311.564,346.031,180.980,831.020,70.505,96.031,0.25577,1,1
254.00,506.000,0.65091,56.431,34.743,311.190,345.932,176.640,835.360,70.424,95.932,0.25436,1,1
255.00,506.000,0.65957,56.295,34.999,310.809,345.808,172.257,839.743,70.338,95.808,0.25291,1,1
256.00,506.000,0.66831,56.153,35.234,310.422,345.655,167.834,844.166,70.246,95.655,0.25142,1,1
257.00,506.000,0.67712,56.005,35.445,310.028,345.472,163.376,848.624,70.147,95.472,0.24990,1,1
258.00,506.000,0.68600,55.851,35.630,309.626,345.256,158.886,853.114,70.043,95.256,0.24834,1,1
259.00,506.000,0.69492,55.689,35.788,309.217,345.005,154.369,857.631,69.932,95.005,0.24675,1,1
260.00,506.000,0.70389,55.520,35.916,308.798,344.715,149.830,862.170,69.813,94.715,0.24511,1,1
261.00,506.000,0.71290,55.343,36.013,308.371,344.384,145.275,866.725,69.688,94.384,0.24343,1,1
262.00,506.000,0.72192,55.158,36.075,307.933,344.008,140.709,871.291,69.555,94.008,0.24171,1,1
263.00,506.000,0.73095,54.965,36.101,307.484,343.585,136.138,875.862,69.414,93.585,0.23995,1,1
264.00,506.000,0.73998,54.763,36.086,307.024,343.110,131.570,880.430,69.265,93.110,0.23815,1,1
265.00,506.000,0.74899,54.552,36.030,306.550,342.580,127.010,884.990,69.107,92.580,0.23630,1,1
266.00,506.000,0.75797,54.331,35.927,306.062,341.989,122.466,889.534,68.939,91.989,0.23440,1,1
267.00,506.000,0.76690,54.100,35.776,305.558,341.334,117.946,894.054,68.763,91.334,0.23246,1,1
268.00,506.000,0.77577,53.858,35.572,305.037,340.609,113.459,898.541,68.576,90.609,0.23048,1,1
269.00,506.000,0.78456,53.606,35.311,304.497,339.808,109.011,902.989,68.380,89.808,0.22846,1,1
270.00,506.000,0.79325,53.342,34.991,303.936,338.927,104.614,907.386,68.173,88.927,0.22639,1,1
271.00,506.000,0.80183,53.066,34.605,303.353,337.958,100.275,911.725,67.955,87.958,0.22429,1,1
272.00,506.000,0.81027,52.778,34.151,302.744,336.895,96.006,915.994,67.725,86.895,0.22215,1,1
273.00,506.000,0.81855,52.478,33.622,302.108,335.730,91.816,920.184,67.485,85.730,0.21997,1,1
274.00,506.000,0.82665,52.166,33.014,301.442,334.456,87.715,924.285,67.233,84.456,0.21777,1,1
275.00,506.000,0.83455,51.841,32.322,300.741,333.064,83.716,928.284,66.969,83.064,0.21554,1,1
276.00,506.000,0.84223,51.503,31.541,300.004,331.545,79.829,932.171,66.694,81.545,0.21329,1,1
277.00,506.000,0.84967,51.155,30.664,299.226,329.890,76.066,935.934,66.408,79.890,0.21104,1,1
278.00,506.000,0.85684,50.794,29.686,298.404,328.091,72.439,939.561,66.112,78.091,0.20879,1,1
279.00,506.000,0.86371,50.425,28.603,297.533,326.136,68.961,943.039,65.806,76.136,0.20655,1,1
280.00,506.000,0.87027,50.046,27.407,296.610,324.017,65.642,946.358,65.492,74.017,0.20433,1,1
281.00,506.000,0.87649,49.662,26.095,295.629,321.724,62.496,949.504,65.172,71.724,0.20214,1,1
282.00,506.000,0.88234,49.274,24.662,294.587,319.249,59.535,952.465,64.848,69.249,0.20002,1,1
283.00,506.000,0.88780,48.886,23.105,293.479,316.584,56.771,955.229,64.523,66.584,0.19796,1,1
284.00,506.000,0.89286,48.502,21.422,292.302,313.724,54.215,957.785,64.201,63.724,0.19600,1,1
285.00,506.000,0.89747,48.128,19.612,291.055,310.667,51.878,960.122,63.886,60.667,0.19414,1,1
286.00,506.000,0.90164,47.770,17.677,289.734,307.411,49.771,962.229,63.582,57.411,0.19242,1,1
287.00,506.000,0.90533,47.433,15.622,288.341,303.963,47.904,964.096,63.295,53.963,0.19086,1,1
288.00,506.000,0.90853,47.125,13.453,286.878,300.331,46.285,965.715,63.032,50.331,0.18948,1,1
289.00,506.000,0.91122,46.854,11.180,285.349,296.529,44.923,967.077,62.797,46.529,0.18831,1,1
290.00,506.000,0.91339,46.625,8.816,283.761,292.577,43.823,968.177,62.598,42.577,0.18735,1,1
291.00,506.000,0.91504,46.447,6.378,282.124,288.502,42.990,969.010,62.438,38.502,0.18664,1,1
292.00,506.000,0.91615,46.324,3.885,280.449,284.334,42.430,969.570,62.324,34.334,0.18618,1,1
293.00,506.000,0.91671,46.261,1.358,278.751,280.108,42.145,969.855,62.258,30.108,0.18599,1,1
294.00,506.000,0.91673,46.259,358.819,277.043,275.862,42.135,969.865,62.241,25.862,0.18607,1,1
295.00,506.000,0.91620,46.318,356.292,275.341,271.633,42.401,969.599,62.275,21.633,0.18642,1,1
296.00,506.000,0.91514,46.437,353.798,273.661,267.459,42.942,969.058,62.358,17.459,0.18704,1,1
297.00,506.000,0.91353,46.612,351.359,272.016,263.376,43.753,968.247,62.486,13.376,0.18791,1,1
298.00,506.000,0.91140,46.837,348.995,270.419,259.413,44.831,967.169,62.656,9.413,0.18902,1,1
299.00,506.000,0.90875,47.106,346.720,268.878,255.598,46.171,965.829,62.862,5.598,0.19036,1,1
300.00,506.000,0.90560,47.413,344.549,267.401,251.950,47.766,964.234,63.099,1.950,0.19190,1,1
301.00,506.000,0.90196,47.749,342.491,265.993,248.484,49.607,962.393,63.361,-1.516,0.19361,1,1
302.00,506.000,0.89785,48.108,340.553,264.657,245.210,51.687,960.313,63.641,-4.790,0.19549,1,1
303.00,506.000,0.89329,48.483,338.740,263.393,242.133,53.995,958.005,63.935,-7.867,0.19749,1,1
304.00,506.000,0.88830,48.869,337.053,262.199,239.252,56.521,955.479,64.238,-10.748,0.19961,1,1
305.00,506.000,0.88290,49.259,335.491,261.074,236.565,59.254,952.746,64.545,-13.435,0.20182,1,1
306.00,506.000,0.87711,49.650,334.053,260.015,234.068,62.183,949.817,64.852,-15.932,0.20410,1,1
307.00,506.000,0.87096,50.039,332.735,259.017,231.752,65.296,946.704,65.157,-18.248,0.20644,1,1
308.00,506.000,0.86447,50.421,331.534,258.076,229.610,68.581,943.419,65.457,-20.390,0.20880,1,1
309.00,506.000,0.85766,50.796,330.444,257.188,227.632,72.025,939.975,65.750,-22.368,0.21120,1,1
310.00,506.000,0.85056,51.161,329.459,256.350,225.809,75.617,936.383,66.035,-24.191,0.21360,1,1
311.00,506.000,0.84319,51.515,328.576,255.556,224.132,79.346,932.654,66.311,-25.868,0.21600,1,1
312.00,506.000,0.83558,51.858,327.787,254.803,222.590,83.198,928.802,66.576,-27.410,0.21839,1,1
313.00,506.000,0.82774,52.188,327.088,254.087,221.176,87.163,924.837,66.831,-28.824,0.22077,1,1
314.00,506.000,0.81970,52.506,326.474,253.406,219.879,91.229,920.771,67.074,-30.121,0.22312,1,1
315.00,506.000,0.81149,52.812,325.938,252.755,218.693,95.386,916.614,67.307,-31.307,0.22544,1,1
316.00,506.000,0.80312,53.106,325.476,252.133,217.608,99.623,912.377,67.529,-32.392,0.22773,1,1
317.00,506.000,0.79461,53.387,325.083,251.535,216.619,103.929,908.071,67.741,-33.381,0.22998,1,1
318.00,506.000,0.78598,53.657,324.755,250.961,215.717,108.296,903.704,67.942,-34.283,0.23219,1,1
319.00,506.000,0.77725,53.915,324.488,250.408,214.896,112.713,899.287,68.132,-35.104,0.23435,1,1
320.00,506.000,0.76844,54.162,324.277,249.875,214.151,117.171,894.829,68.313,-35.849,0.23648,1,1
321.00,506.000,0.75956,54.399,324.118,249.358,213.477,121.663,890.337,68.484,-36.523,0.23856,1,1
322.00,506.000,0.75063,54.625,324.009,248.858,212.867,126.180,885.820,68.646,-37.133,0.24059,1,1
323.00,506.000,0.74167,54.842,323.945,248.372,212.318,130.714,881.286,68.799,-37.682,0.24258,1,1
324.00,506.000,0.73269,55.049,323.925,247.900,211.824,135.259,876.741,68.943,-38.176,0.24453,1,1
325.00,506.000,0.72370,55.247,323.944,247.439,211.383,139.806,872.194,69.079,-38.617,0.24643,1,1
326.00,506.000,0.71472,55.437,324.000,246.990,210.990,144.350,867.650,69.207,-39.010,0.24828,1,1
327.00,506.000,0.70576,55.619,324.090,246.551,210.641,148.885,863.115,69.328,-39.359,0.25010,1,1
328.00,506.000,0.69683,55.792,324.212,246.122,210.335,153.405,858.595,69.442,-39.665,0.25187,1,1
329.00,506.000,0.68794,55.959,324.364,245.702,210.066,157.904,854.096,69.548,-39.934,0.25360,1,1
330.00,506.000,0.67910,56.118,324.544,245.289,209.834,162.377,849.623,69.648,-40.166,0.25529,1,1
331.00,506.000,0.67031,56.270,324.750,244.885,209.634,166.821,845.179,69.742,-40.366,0.25694,1,1
332.00,506.000,0.66160,56.417,324.979,244.487,209.466,171.230,840.770,69.830,-40.534,0.25856,1,1
333.00,506.000,0.65296,56.556,325.230,244.095,209.325,175.600,836.400,69.912,-40.675,0.26014,1,1
334.00,506.000,0.64441,56.691,325.501,243.710,209.212,179.929,832.071,69.988,-40.788,0.26168,1,1
335.00,506.000,0.63595,56.819,325.792,243.331,209.122,184.211,827.789,70.059,-40.878,0.26320,1,1
336.00,506.000,0.62758,56.942,326.100,242.956,209.056,188.446,823.554,70.125,-40.944,0.26468,1,1
337.00,506.000,0.61931,57.060,326.423,242.587,209.010,192.628,819.372,70.187,-40.990,0.26613,1,1
338.00,506.000,0.61115,57.173,326.762,242.222,208.984,196.757,815.243,70.243,-41.016,0.26755,1,1
339.00,506.000,0.60310,57.282,327.114,241.861,208.976,200.829,811.171,70.295,-41.024,0.26895,1,1
340.00,506.000,0.59517,57.386,327.479,241.505,208.984,204.843,807.157,70.343,-41.016,0.27032,1,1
341.00,506.000,0.58736,57.486,327.855,241.152,209.007,208.796,803.204,70.387,-40.993,0.27166,1,1
342.00,506.000,0.57967,57.581,328.242,240.803,209.045,212.687,799.313,70.427,-40.955,0.27298,1,1
343.00,506.000,0.57210,57.673,328.638,240.458,209.095,216.515,795.485,70.463,-40.905,0.27428,1,1
344.00,506.000,0.56467,57.762,329.042,240.115,209.158,220.278,791.722,70.496,-40.842,0.27556,1,1
345.00,506.000,0.55736,57.846,329.455,239.776,209.231,223.976,788.024,70.525,-40.769,0.27681,1,1
346.00,506.000,0.55018,57.927,329.875,239.439,209.314,227.607,784.393,70.550,-40.686,0.27805,1,1
347.00,506.000,0.54314,58.005,330.301,239.106,209.407,231.170,780.830,70.573,-40.593,0.27927,1,1
348.00,506.000,0.53623,58.080,330.733,238.774,209.507,234.665,777.335,70.592,-40.493,0.28047,1,1
349.00,506.000,0.52946,58.152,331.170,238.446,209.615,238.092,773.908,70.609,-40.385,0.28166,1,1
350.00,506.000,0.52283,58.221,331.611,238.119,209.731,241.450,770.550,70.623,-40.269,0.28283,1,1
351.00,506.000,0.51633,58.287,332.057,237.795,209.852,244.739,767.261,70.634,-40.148,0.28399,1,1
352.00,506.000,0.50996,58.351,332.506,237.473,209.979,247.959,764.041,70.642,-40.021,0.28513,1,1
353.00,506.000,0.50373,58.412,332.959,237.152,210.111,251.110,760.890,70.648,-39.889,0.28626,1,1
354.00,506.000,0.49764,58.471,333.414,236.834,210.248,254.192,757.808,70.651,-39.752,0.28738,1,1
355.00,506.000,0.49169,58.527,333.871,236.517,210.389,257.205,754.795,70.652,-39.611,0.28848,1,1
356.00,506.000,0.48587,58.581,334.331,236.202,210.533,260.150,751.850,70.651,-39.467,0.28958,1,1
357.00,506.000,0.48019,58.633,334.792,235.889,210.680,263.026,748.974,70.648,-39.320,0.29067,1,1
358.00,506.000,0.47463,58.683,335.254,235.577,210.831,265.835,746.165,70.643,-39.169,0.29175,1,1
359.00,506.000,0.46922,58.731,335.717,235.266,210.983,268.576,743.424,70.635,-39.017,0.29281,1,1
360.00,506.000,0.46393,58.777,336.181,234.957,211.138,271.251,740.749,70.626,-38.862,0.29388,1,1
361.00,506.000,0.45878,58.822,336.646,234.649,211.295,273.859,738.141,70.615,-38.705,0.29493,1,1
362.00,506.000,0.45375,58.864,337.110,234.343,211.453,276.402,735.598,70.602,-38.547,0.29598,1,1
363.00,506.000,0.44885,58.905,337.575,234.037,211.612,278.880,733.120,70.587,-38.388,0.29702,1,1
364.00,506.000,0.44408,58.944,338.040,233.732,211.772,281.293,730.707,70.570,-38.228,0.29805,1,1
365.00,506.000,0.43944,58.982,338.505,233.429,211.933,283.643,728.357,70.552,-38.067,0.29908,1,1
366.00,506.000,0.43492,59.019,338.969,233.126,212.095,285.930,726.070,70.532,-37.905,0.30010,1,1
367.00,506.000,0.43052,59.053,339.432,232.825,212.257,288.155,723.845,70.511,-37.743,0.30112,1,1
368.00,506.000,0.42625,59.087,339.895,232.524,212.419,290.318,721.682,70.488,-37.581,0.30214,1,1
369.00,506.000,0.42209,59.119,340.357,232.224,212.581,292.421,719.579,70.464,-37.419,0.30315,1,1
370.00,506.000,0.41805,59.150,340.818,231.924,212.743,294.464,717.536,70.439,-37.257,0.30415,1,1
371.00,506.000,0.41413,59.180,341.279,231.626,212.904,296.448,715.552,70.412,-37.096,0.30516,1,1
372.00,506.000,0.41033,59.208,341.738,231.327,213.065,298.374,713.626,70.383,-36.935,0.30616,1,1
373.00,506.000,0.40664,59.236,342.196,231.030,213.226,300.242,711.758,70.354,-36.774,0.30716,1,1
374.00,506.000,0.40306,59.262,342.653,230.733,213.386,302.054,709.946,70.323,-36.614,0.30816,1,1
375.00,506.000,0.39959,59.287,343.109,230.436,213.545,303.810,708.190,70.291,-36.455,0.30915,1,1
376.00,506.000,0.39623,59.312,343.563,230.140,213.704,305.510,706.490,70.258,-36.296,0.31014,1,1
377.00,506.000,0.39297,59.335,344.017,229.844,213.861,307.156,704.844,70.223,-36.139,0.31113,1,1
378.00,506.000,0.38982,59.357,344.469,229.549,214.018,308.749,703.251,70.188,-35.982,0.31212,1,1
379.00,506.000,0.38678,59.379,344.920,229.254,214.173,310.288,701.712,70.151,-35.827,0.31311,1,1
380.00,506.000,0.38384,59.399,345.369,228.959,214.328,311.776,700.224,70.113,-35.672,0.31410,1,1
381.00,506.000,0.38100,59.419,345.817,228.664,214.481,313.212,698.788,70.075,-35.519,0.31509,1,1
382.00,506.000,0.37827,59.438,346.264,228.370,214.634,314.597,697.403,70.035,-35.366,0.31608,1,1
383.00,506.000,0.37563,59.456,346.709,228.076,214.785,315.932,696.068,69.994,-35.215,0.31707,1,1
384.00,506.000,0.37309,59.473,347.154,227.781,214.935,317.217,694.783,69.952,-35.065,0.31805,1,1
385.00,506.000,0.37064,59.489,347.596,227.487,215.084,318.454,693.546,69.909,-34.916,0.31904,1,1
386.00,506.000,0.36829,59.505,348.038,227.193,215.231,319.643,692.357,69.865,-34.769,0.32003,1,1
387.00,506.000,0.36604,59.520,348.479,226.899,215.377,320.785,691.215,69.821,-34.623,0.32102,1,1
388.00,506.000,0.36388,59.535,348.918,226.605,215.522,321.879,690.121,69.775,-34.478,0.32201,1,1
389.00,506.000,0.36180,59.548,349.356,226.310,215.666,322.927,689.073,69.728,-34.334,0.32300,1,1
390.00,506.000,0.35982,59.561,349.793,226.016,215.808,323.929,688.071,69.681,-34.192,0.32399,1,1
391.00,506.000,0.35793,59.574,350.228,225.721,215.950,324.886,687.114,69.632,-34.050,0.32499,1,1
392.00,506.000,0.35613,59.585,350.663,225.427,216.090,325.799,686.201,69.583,-33.910,0.32598,1,1
393.00,506.000,0.35441,59.596,351.097,225.132,216.228,326.667,685.333,69.532,-33.772,0.32698,1,1
394.00,506.000,0.35278,59.607,351.529,224.837,216.366,327.491,684.509,69.481,-33.634,0.32798,1,1
395.00,506.000,0.35124,59.617,351.961,224.541,216.502,328.272,683.728,69.429,-33.498,0.32898,1,1
396.00,506.000,0.34978,59.626,352.392,224.245,216.637,329.010,682.990,69.376,-33.363,0.32998,1,1
397.00,506.000,0.34841,59.635,352.822,223.949,216.771,329.706,682.294,69.323,-33.229,0.33098,1,1
398.00,506.000,0.34712,59.643,353.251,223.653,216.903,330.359,681.641,69.268,-33.097,0.33199,1,1
399.00,506.000,0.34591,59.651,353.679,223.356,217.035,330.971,681.029,69.212,-32.965,0.33300,1,1
400.00,506.000,0.34478,59.658,354.107,223.058,217.165,331.541,680.459,69.156,-32.835,0.33401,1,1
401.00,506.000,0.34373,59.665,354.534,222.761,217.294,332.071,679.929,69.099,-32.706,0.33502,1,1
402.00,506.000,0.34277,59.671,354.960,222.462,217.422,332.559,679.441,69.041,-32.578,0.33603,1,1
403.00,506.000,0.34188,59.677,355.386,222.164,217.550,333.007,678.993,68.982,-32.450,0.33705,1,1
404.00,506.000,0.34108,59.682,355.811,221.864,217.675,333.415,678.585,68.922,-32.325,0.33807,1,1
405.00,506.000,0.34035,59.687,356.236,221.564,217.800,333.783,678.217,68.862,-32.200,0.33909,1,1
406.00,506.000,0.33970,59.691,356.661,221.264,217.924,334.111,677.889,68.800,-32.076,0.34012,1,1
407.00,506.000,0.33913,59.694,357.085,220.962,218.047,334.400,677.600,68.738,-31.953,0.34115,1,1
408.00,506.000,0.33864,59.697,357.509,220.661,218.169,334.649,677.351,68.675,-31.831,0.34218,1,1
409.00,506.000,0.33822,59.700,357.933,220.358,218.290,334.858,677.142,68.611,-31.710,0.34321,1,1
410.00,506.000,0.33789,59.702,358.356,220.055,218.411,335.029,676.971,68.546,-31.589,0.34425,1,1
411.00,506.000,0.33763,59.704,358.780,219.750,218.530,335.160,676.840,68.480,-31.470,0.34529,1,1
412.00,506.000,0.33744,59.705,359.203,219.446,218.649,335.253,676.747,68.413,-31.351,0.34633,1,1
413.00,506.000,0.33734,59.706,359.627,219.140,218.766,335.307,676.693,68.345,-31.234,0.34738,1,1
414.00,506.000,0.33731,59.706,0.050,218.833,218.883,335.322,676.678,68.277,-31.117,0.34843,1,1
415.00,506.000,0.33736,59.706,0.474,218.526,219.000,335.298,676.702,68.208,-31.000,0.34948,1,1
416.00,506.000,0.33748,59.705,0.898,218.217,219.115,335.235,676.765,68.137,-30.885,0.35054,1,1
417.00,506.000,0.33768,59.703,1.322,217.908,219.230,335.133,676.867,68.066,-30.770,0.35160,1,1
418.00,506.000,0.33796,59.702,1.747,217.597,219.344,334.992,677.008,67.994,-30.656,0.35266,1,1
419.00,506.000,0.33831,59.699,2.172,217.286,219.458,334.813,677.187,67.920,-30.542,0.35373,1,1
420.00,506.000,0.33875,59.696,2.597,216.973,219.570,334.594,677.406,67.846,-30.430,0.35480,1,1
421.00,506.000,0.33926,59.693,3.023,216.660,219.683,334.337,677.663,67.771,-30.317,0.35587,1,1
422.00,506.000,0.33984,59.689,3.449,216.345,219.795,334.040,677.960,67.695,-30.205,0.35695,1,1
423.00,506.000,0.34051,59.685,3.877,216.029,219.906,333.703,678.297,67.618,-30.094,0.35803,1,1
424.00,506.000,0.34125,59.680,4.304,215.712,220.016,333.328,678.672,67.539,-29.984,0.35911,1,1
425.00,506.000,0.34207,59.674,4.733,215.394,220.127,332.912,679.088,67.460,-29.873,0.36020,1,1
426.00,506.000,0.34297,59.668,5.162,215.074,220.236,332.457,679.543,67.380,-29.764,0.36129,1,1
427.00,506.000,0.34395,59.661,5.593,214.753,220.346,331.961,680.039,67.298,-29.654,0.36239,1,1
428.00,506.000,0.34501,59.654,6.024,214.431,220.455,331.425,680.575,67.216,-29.545,0.36349,1,1
429.00,506.000,0.34615,59.646,6.456,214.107,220.563,330.849,681.151,67.132,-29.437,0.36459,1,1
430.00,506.000,0.34737,59.638,6.889,213.782,220.671,330.231,681.769,67.047,-29.329,0.36569,1,1
431.00,506.000,0.34867,59.628,7.323,213.456,220.779,329.573,682.427,66.961,-29.221,0.36680,1,1
432.00,506.000,0.35005,59.619,7.758,213.128,220.886,328.873,683.127,66.873,-29.114,0.36791,1,1
433.00,506.000,0.35152,59.608,8.195,212.798,220.993,328.131,683.869,66.785,-29.007,0.36903,1,1
434.00,506.000,0.35307,59.597,8.632,212.467,221.099,327.347,684.653,66.695,-28.901,0.37015,1,1
435.00,506.000,0.35470,59.585,9.071,212.134,221.205,326.521,685.479,66.604,-28.795,0.37127,1,1
436.00,506.000,0.35642,59.572,9.512,211.799,221.311,325.652,686.348,66.511,-28.689,0.37239,1,1
437.00,506.000,0.35822,59.559,9.953,211.463,221.417,324.740,687.260,66.417,-28.583,0.37352,1,1
438.00,506.000,0.36011,59.545,10.396,211.125,221.522,323.784,688.216,66.322,-28.478,0.37465,1,1
439.00,506.000,0.36209,59.530,10.841,210.785,221.626,322.784,689.216,66.225,-28.374,0.37579,1,1
440.00,506.000,0.36415,59.514,11.287,210.444,221.731,321.739,690.261,66.127,-28.269,0.37692,1,1
441.00,506.000,0.36630,59.497,11.734,210.100,221.835,320.650,691.350,66.027,-28.165,0.37806,1,1
442.00,506.000,0.36855,59.479,12.183,209.755,221.938,319.516,692.484,65.926,-28.062,0.37921,1,1
443.00,506.000,0.37088,59.461,12.634,209.407,222.041,318.336,693.664,65.823,-27.959,0.38035,1,1
444.00,506.000,0.37330,59.441,13.086,209.057,222.144,317.109,694.891,65.718,-27.856,0.38150,1,1
445.00,506.000,0.37582,59.421,13.540,208.706,222.246,315.836,696.164,65.612,-27.754,0.38265,1,1
446.00,506.000,0.37843,59.399,13.996,208.352,222.347,314.516,697.484,65.504,-27.653,0.38380,1,1
447.00,506.000,0.38113,59.377,14.453,207.995,222.448,313.148,698.852,65.394,-27.552,0.38495,1,1
448.00,506.000,0.38393,59.353,14.912,207.637,222.549,311.732,700.268,65.282,-27.451,0.38610,1,1
449.00,506.000,0.38682,59.328,15.372,207.276,222.648,310.267,701.733,65.168,-27.352,0.38726,1,1
450.00,506.000,0.38981,59.302,15.834,206.913,222.747,308.754,703.246,65.053,-27.253,0.38842,1,1
451.00,506.000,0.39290,59.275,16.298,206.547,222.846,307.190,704.810,64.935,-27.154,0.38958,1,1
452.00,506.000,0.39609,59.246,16.764,206.179,222.943,305.577,706.423,64.815,-27.057,0.39073,1,1
453.00,506.000,0.39938,59.216,17.232,205.808,223.039,303.913,708.087,64.693,-26.961,0.39189,1,1
454.00,506.000,0.40277,59.185,17.701,205.434,223.135,302.198,709.802,64.569,-26.865,0.39305,1,1
455.00,506.000,0.40626,59.152,18.172,205.058,223.229,300.432,711.568,64.442,-26.771,0.39421,1,1
456.00,506.000,0.40985,59.118,18.644,204.679,223.323,298.614,713.386,64.313,-26.677,0.39537,1,1
457.00,506.000,0.41355,59.082,19.118,204.296,223.415,296.743,715.257,64.182,-26.585,0.39653,1,1
458.00,506.000,0.41735,59.044,19.594,203.911,223.505,294.819,717.181,64.048,-26.495,0.39768,1,1
459.00,506.000,0.42126,59.005,20.071,203.523,223.594,292.843,719.157,63.911,-26.406,0.39884,1,1
460.00,506.000,0.42527,58.964,20.550,203.132,223.682,290.812,721.188,63.772,-26.318,0.39999,1,1
461.00,506.000,0.42939,58.921,21.030,202.737,223.767,288.728,723.272,63.630,-26.233,0.40114,1,1
462.00,506.000,0.43362,58.877,21.512,202.339,223.851,286.590,725.410,63.485,-26.149,0.40228,1,1
463.00,506.000,0.43795,58.830,21.995,201.938,223.933,284.397,727.603,63.337,-26.067,0.40342,1,1
464.00,506.000,0.44239,58.781,22.479,201.533,224.012,282.149,729.851,63.186,-25.988,0.40456,1,1
465.00,506.000,0.44695,58.730,22.964,201.125,224.089,279.846,732.154,63.031,-25.911,0.40569,1,1
466.00,506.000,0.45161,58.676,23.451,200.713,224.164,277.487,734.513,62.873,-25.836,0.40682,1,1
467.00,506.000,0.45638,58.621,23.938,200.297,224.235,275.074,736.926,62.712,-25.765,0.40794,1,1
468.00,506.000,0.46125,58.563,24.426,199.878,224.304,272.605,739.395,62.547,-25.696,0.40905,1,1
469.00,506.000,0.46624,58.502,24.915,199.454,224.369,270.081,741.919,62.378,-25.631,0.41015,1,1
470.00,506.000,0.47134,58.438,25.405,199.026,224.431,267.501,744.499,62.206,-25.569,0.41125,1,1
471.00,506.000,0.47655,58.372,25.895,198.594,224.489,264.866,747.134,62.030,-25.511,0.41233,1,1
472.00,506.000,0.48187,58.303,26.385,198.158,224.543,262.176,749.824,61.849,-25.457,0.41341,1,1
473.00,506.000,0.48729,58.231,26.876,197.717,224.593,259.431,752.569,61.664,-25.407,0.41447,1,1
474.00,506.000,0.49282,58.155,27.366,197.272,224.638,256.631,755.369,61.475,-25.362,0.41552,1,1
475.00,506.000,0.49846,58.077,27.856,196.822,224.678,253.778,758.222,61.281,-25.322,0.41656,1,1
476.00,506.000,0.50421,57.995,28.346,196.368,224.713,250.871,761.129,61.083,-25.287,0.41758,1,1
477.00,506.000,0.51006,57.909,28.835,195.908,224.743,247.911,764.089,60.880,-25.257,0.41859,1,1
478.00,506.000,0.51601,57.820,29.322,195.443,224.766,244.899,767.101,60.671,-25.234,0.41957,1,1
479.00,506.000,0.52206,57.726,29.809,194.974,224.783,241.835,770.165,60.457,-25.217,0.42054,1,1
480.00,506.000,0.52822,57.629,30.295,194.498,224.793,238.722,773.278,60.238,-25.207,0.42149,1,1
481.00,506.000,0.53447,57.528,30.778,194.018,224.796,235.558,776.442,60.013,-25.204,0.42242,1,1
482.00,506.000,0.54082,57.422,31.260,193.531,224.791,232.347,779.653,59.783,-25.209,0.42333,1,1
483.00,506.000,0.54726,57.312,31.739,193.039,224.779,229.089,782.911,59.546,-25.221,0.42421,1,1
484.00,506.000,0.55378,57.197,32.216,192.541,224.758,225.785,786.215,59.303,-25.242,0.42507,1,1
485.00,506.000,0.56040,57.077,32.690,192.037,224.727,222.438,789.562,59.054,-25.273,0.42590,1,1
486.00,506.000,0.56710,56.952,33.161,191.527,224.687,219.048,792.952,58.798,-25.313,0.42670,1,1
487.00,506.000,0.57388,56.822,33.628,191.010,224.637,215.618,796.382,58.535,-25.363,0.42747,1,1
488.00,506.000,0.58073,56.686,34.091,190.486,224.577,212.150,799.850,58.265,-25.423,0.42821,1,1
489.00,506.000,0.58766,56.545,34.550,189.955,224.505,208.646,803.354,57.987,-25.495,0.42892,1,1
490.00,506.000,0.59465,56.397,35.004,189.418,224.422,205.108,806.892,57.702,-25.578,0.42959,1,1
491.00,506.000,0.60170,56.244,35.453,188.873,224.326,201.538,810.462,57.409,-25.674,0.43022,1,1
492.00,506.000,0.60881,56.084,35.896,188.321,224.217,197.940,814.060,57.108,-25.783,0.43082,1,1
493.00,506.000,0.61598,55.918,36.333,187.761,224.094,194.315,817.685,56.798,-25.906,0.43137,1,1
494.00,506.000,0.62319,55.745,36.764,187.193,223.957,190.667,821.333,56.480,-26.043,0.43188,1,1
495.00,506.000,0.63044,55.565,37.189,186.616,223.805,186.999,825.001,56.153,-26.195,0.43235,1,1
496.00,506.000,0.63772,55.378,37.606,186.031,223.637,183.314,828.686,55.816,-26.363,0.43278,1,1
497.00,506.000,0.64503,55.183,38.015,185.438,223.453,179.615,832.385,55.470,-26.547,0.43315,1,1
498.00,506.000,0.65236,54.980,38.417,184.835,223.252,175.905,836.095,55.114,-26.748,0.43348,1,1
499.00,506.000,0.65971,54.770,38.810,184.223,223.033,172.189,839.811,54.748,-26.967,0.43376,1,1
500.00,506.000,0.66706,54.551,39.194,183.602,222.795,168.469,843.531,54.371,-27.205,0.43399,1,1
501.00,506.000,0.67441,54.324,39.568,182.970,222.538,164.750,847.250,53.984,-27.462,0.43417,1,1
502.00,506.000,0.68175,54.088,39.933,182.328,222.261,161.034,850.966,53.585,-27.739,0.43429,1,1
503.00,506.000,0.68908,53.843,40.287,181.675,221.963,157.327,854.673,53.175,-28.037,0.43436,1,1
504.00,506.000,0.69638,53.588,40.632,181.011,221.643,153.632,858.368,52.754,-28.357,0.43437,1,1
505.00,506.000,0.70365,53.325,40.965,180.336,221.300,149.954,862.046,52.320,-28.700,0.43433,1,1
506.00,506.000,0.71088,53.051,41.286,179.648,220.935,146.295,865.705,51.873,-29.065,0.43423,1,1
507.00,506.000,0.71806,52.767,41.596,178.948,220.545,142.661,869.339,51.414,-29.455,0.43407,1,1
508.00,506.000,0.72519,52.474,41.894,178.236,220.130,139.055,872.945,50.942,-29.870,0.43386,1,1
509.00,506.000,0.73225,52.169,42.180,177.509,219.690,135.481,876.519,50.457,-30.310,0.43359,1,1
510.00,506.000,0.73924,51.854,42.453,176.769,219.223,131.944,880.056,49.958,-30.777,0.43326,1,1
511.00,506.000,0.74615,51.528,42.714,176.015,218.729,128.448,883.552,49.445,-31.271,0.43288,1,1
512.00,506.000,0.75297,51.191,42.962,175.245,218.207,124.996,887.004,48.917,-31.793,0.43244,1,1
513.00,506.000,0.75970,50.843,43.196,174.460,217.656,121.593,890.407,48.375,-32.344,0.43195,1,1
514.00,506.000,0.76632,50.483,43.417,173.658,217.076,118.242,893.758,47.818,-32.924,0.43140,1,1
515.00,506.000,0.77283,50.112,43.626,172.840,216.466,114.947,897.053,47.246,-33.534,0.43081,1,1
516.00,506.000,0.77923,49.729,43.821,172.004,215.825,111.711,900.289,46.659,-34.175,0.43016,1,1
517.00,506.000,0.78550,49.334,44.003,171.150,215.153,108.538,903.462,46.056,-34.847,0.42947,1,1
518.00,506.000,0.79164,48.927,44.172,170.277,214.449,105.432,906.568,45.437,-35.551,0.42873,1,1
519.00,506.000,0.79764,48.508,44.329,169.384,213.712,102.395,909.605,44.802,-36.288,0.42795,1,1
520.00,506.000,0.80350,48.078,44.473,168.470,212.943,99.430,912.570,44.152,-37.057,0.42713,1,1
521.00,506.000,0.80921,47.636,44.605,167.536,212.141,96.539,915.461,43.485,-37.859,0.42628,1,1
522.00,506.000,0.81477,47.182,44.725,166.580,211.305,93.726,918.274,42.802,-38.695,0.42539,1,1
523.00,506.000,0.82017,46.717,44.834,165.601,210.435,90.992,921.008,42.104,-39.565,0.42447,1,1
524.00,506.000,0.82542,46.241,44.933,164.599,209.532,88.339,923.661,41.389,-40.468,0.42352,1,1
525.00,506.000,0.83050,45.753,45.021,163.573,208.594,85.769,926.231,40.659,-41.406,0.42256,1,1
526.00,506.000,0.83541,45.255,45.101,162.522,207.623,83.282,928.718,39.914,-42.377,0.42157,1,1
527.00,506.000,0.84015,44.747,45.172,161.446,206.618,80.882,931.118,39.154,-43.382,0.42057,1,1
528.00,506.000,0.84473,44.230,45.235,160.344,205.579,78.567,933.433,38.379,-44.421,0.41955,1,1
529.00,506.000,0.84913,43.703,45.292,159.215,204.507,76.338,935.662,37.590,-45.493,0.41853,1,1
530.00,506.000,0.85337,43.168,45.343,158.059,203.402,74.196,937.804,36.787,-46.598,0.41750,1,1
531.00,506.000,0.85743,42.625,45.389,156.876,202.265,72.141,939.859,35.972,-47.735,0.41647,1,1
532.00,506.000,0.86132,42.075,45.432,155.665,201.097,70.172,941.828,35.145,-48.903,0.41544,1,1
533.00,506.000,0.86504,41.518,45.471,154.426,199.898,68.289,943.711,34.307,-50.102,0.41442,1,1
534.00,506.000,0.86860,40.957,45.510,153.159,198.669,66.491,945.509,33.459,-51.331,0.41340,1,1
535.00,506.000,0.87198,40.391,45.547,151.864,197.411,64.776,947.224,32.602,-52.589,0.41240,1,1
536.00,506.000,0.87521,39.823,45.586,150.540,196.126,63.143,948.857,31.738,-53.874,0.41141,1,1
537.00,506.000,0.87828,39.251,45.625,149.189,194.814,61.591,950.409,30.867,-55.186,0.41043,1,1
538.00,506.000,0.88119,38.679,45.668,147.810,193.477,60.118,951.882,29.991,-56.523,0.40946,1,1
539.00,506.000,0.88395,38.107,45.714,146.403,192.117,58.722,953.278,29.111,-57.883,0.40852,1,1
540.00,506.000,0.88656,37.537,45.764,144.970,190.734,57.401,954.599,28.230,-59.266,0.40759,1,1
541.00,506.000,0.88903,36.968,45.820,143.512,189.331,56.152,955.848,27.348,-60.669,0.40668,1,1
542.00,506.000,0.89136,36.403,45.881,142.028,187.909,54.974,957.026,26.467,-62.091,0.40579,1,1
543.00,506.000,0.89355,35.843,45.949,140.519,186.469,53.862,958.138,25.589,-63.531,0.40492,1,1
544.00,506.000,0.89562,35.289,46.025,138.988,185.013,52.816,959.184,24.715,-64.987,0.40407,1,1
545.00,506.000,0.89756,34.742,46.108,137.435,183.543,51.832,960.168,23.847,-66.457,0.40324,1,1
546.00,506.000,0.89939,34.202,46.200,135.861,182.061,50.908,961.092,22.988,-67.939,0.40243,1,1
547.00,506.000,0.90110,33.672,46.299,134.268,180.567,50.041,961.959,22.137,-69.433,0.40164,1,1
548.00,506.000,0.90271,33.151,46.408,132.657,179.065,49.228,962.772,21.298,-70.935,0.40086,1,1
549.00,506.000,0.90422,32.641,46.525,131.029,177.554,48.466,963.534,20.472,-72.446,0.40010,1,1
550.00,506.000,0.90563,32.143,46.650,129.387,176.037,47.753,964.247,19.661,-73.963,0.39935,1,1
551.00,506.000,0.90694,31.657,46.785,127.731,174.516,47.086,964.914,18.865,-75.484,0.39862,1,1
552.00,506.000,0.90818,31.183,46.928,126.063,172.991,46.463,965.537,18.088,-77.009,0.39790,1,1
553.00,506.000,0.90933,30.723,47.079,124.385,171.464,45.880,966.120,17.330,-78.536,0.39719,1,1
554.00,506.000,0.91040,30.276,47.239,122.698,169.936,45.336,966.664,16.593,-80.064,0.39649,1,1
555.00,506.000,0.91141,29.843,47.406,121.003,168.409,44.827,967.173,15.879,-81.591,0.39580,1,1
556.00,506.000,0.91235,29.424,47.580,119.303,166.884,44.352,967.648,15.189,-83.116,0.39511,1,1
557.00,506.000,0.91322,29.018,47.762,117.599,165.361,43.908,968.092,14.525,-84.639,0.39443,1,1
558.00,506.000,0.91405,28.627,47.950,115.892,163.841,43.493,968.507,13.888,-86.159,0.39375,1,1
559.00,506.000,0.91481,28.250,48.144,114.182,162.327,43.105,968.895,13.281,-87.673,0.39308,1,1
560.00,506.000,0.91553,27.886,48.344,112.473,160.817,42.741,969.259,12.704,-89.183,0.39240,1,1
561.00,506.000,0.91621,27.535,48.550,110.765,159.314,42.399,969.601,12.160,-90.686,0.39171,1,1
562.00,506.000,0.91684,27.196,48.760,109.058,157.818,42.079,969.921,11.651,-92.182,0.39103,1,1
563.00,506.000,0.91744,26.870,48.974,107.354,156.329,41.776,970.224,11.177,-93.671,0.39033,1,1
564.00,506.000,0.91800,26.555,49.192,105.655,154.847,41.491,970.509,10.741,-95.153,0.38963,1,1
565.00,506.000,0.91854,26.250,49.414,103.960,153.374,41.221,970.779,10.343,-96.626,0.38891,1,1
566.00,506.000,0.91904,25.955,49.639,102.272,151.910,40.963,971.037,9.986,-98.090,0.38818,1,1
567.00,506.000,0.91953,25.668,49.866,100.589,150.455,40.718,971.282,9.670,-99.545,0.38744,1,1
568.00,506.000,0.92000,25.389,50.095,98.914,149.009,40.482,971.518,9.396,-100.991,0.38667,1,1
569.00,506.000,0.92045,25.116,50.326,97.247,147.573,40.255,971.745,9.165,-102.427,0.38588,1,1
570.00,506.000,0.92088,24.849,50.559,95.588,146.146,40.034,971.966,8.976,-103.854,0.38507,1,1
571.00,506.000,0.92131,24.586,50.792,93.937,144.730,39.819,972.181,8.829,-105.270,0.38423,0,1
572.00,506.000,0.92172,24.327,51.026,92.296,143.323,39.608,972.392,8.723,-106.677,0.38336,0,1
573.00,506.000,0.92213,24.069,51.261,90.664,141.925,39.400,972.600,8.656,-108.075,0.38247,0,1
574.00,506.000,0.92254,23.812,51.496,89.042,140.538,39.194,972.806,8.626,-109.462,0.38153,0,1
575.00,506.000,0.92295,23.556,51.730,87.430,139.160,38.988,973.012,8.630,-110.840,0.38056,0,1
576.00,506.000,0.92336,23.298,51.964,85.828,137.792,38.781,973.219,8.667,-112.208,0.37956,0,1
577.00,506.000,0.92377,23.039,52.198,84.236,136.434,38.573,973.427,8.733,-113.566,0.37851,0,1
578.00,506.000,0.92418,22.776,52.430,82.655,135.085,38.363,973.637,8.825,-114.915,0.37743,0,1
579.00,506.000,0.92461,22.511,52.662,81.084,133.746,38.150,973.850,8.940,-116.254,0.37630,0,1
580.00,506.000,0.92503,22.241,52.892,79.523,132.415,37.933,974.067,9.076,-117.585,0.37513,0,1
581.00,506.000,0.92547,21.967,53.121,77.972,131.093,37.711,974.289,9.229,-118.907,0.37391,0,1
582.00,506.000,0.92592,21.688,53.349,76.432,129.780,37.485,974.515,9.397,-120.220,0.37265,0,1
583.00,506.000,0.92638,21.403,53.575,74.902,128.476,37.253,974.747,9.578,-121.524,0.37135,0,1
584.00,506.000,0.92685,21.112,53.799,73.381,127.180,37.016,974.984,9.770,-122.820,0.37000,0,1
585.00,506.000,0.92733,20.816,54.021,71.871,125.892,36.773,975.227,9.969,-124.108,0.36860,0,1
586.00,506.000,0.92782,20.513,54.242,70.370,124.612,36.523,975.477,10.176,-125.388,0.36716,0,1
587.00,506.000,0.92833,20.203,54.460,68.879,123.339,36.267,975.733,10.388,-126.661,0.36567,0,1
588.00,506.000,0.92884,19.886,54.677,67.397,122.074,36.005,975.995,10.603,-127.926,0.36414,0,1
589.00,506.000,0.92938,19.563,54.891,65.924,120.815,35.735,976.265,10.821,-129.185,0.36257,0,1
590.00,506.000,0.92992,19.233,55.103,64.461,119.564,35.459,976.541,11.040,-130.436,0.36095,0,1
591.00,506.000,0.93048,18.895,55.313,63.006,118.319,35.177,976.823,11.259,-131.681,0.35929,0,1
592.00,506.000,0.93105,18.551,55.521,61.559,117.081,34.887,977.113,11.478,-132.919,0.35759,0,1
593.00,506.000,0.93164,18.199,55.727,60.121,115.848,34.591,977.409,11.695,-134.152,0.35584,0,1
594.00,506.000,0.93224,17.840,55.930,58.691,114.622,34.289,977.711,11.911,-135.378,0.35406,0,1
595.00,506.000,0.93285,17.474,56.131,57.269,113.401,33.979,978.021,12.123,-136.599,0.35224,0,1
596.00,506.000,0.93347,17.101,56.330,55.855,112.185,33.664,978.336,12.333,-137.815,0.35038,0,1
597.00,506.000,0.93411,16.721,56.527,54.447,110.974,33.342,978.658,12.539,-139.026,0.34848,0,1
598.00,506.000,0.93475,16.334,56.721,53.047,109.768,33.014,978.986,12.741,-140.232,0.34655,0,1
599.00,506.000,0.93541,15.940,56.912,51.654,108.566,32.680,979.320,12.938,-141.434,0.34458,0,1
600.00,506.000,0.93608,15.539,57.102,50.267,107.369,32.341,979.659,13.131,-142.631,0.34258,0,1
601.00,506.000,0.93677,15.131,57.289,48.887,106.176,31.997,980.003,13.318,-143.824,0.34055,0,1
602.00,506.000,0.93746,14.716,57.473,47.513,104.986,31.647,980.353,13.501,-145.014,0.33848,0,1
603.00,506.000,0.93816,14.294,57.655,46.144,103.800,31.292,980.708,13.677,-146.200,0.33639,0,1
604.00,506.000,0.93887,13.866,57.835,44.781,102.616,30.933,981.067,13.849,-147.384,0.33427,0,1
605.00,506.000,0.93959,13.431,58.012,43.424,101.436,30.569,981.431,14.014,-148.564,0.33212,0,1
606.00,506.000,0.94031,12.989,58.187,42.071,100.259,30.201,981.799,14.173,-149.741,0.32995,0,1
607.00,506.000,0.94105,12.541,58.360,40.723,99.083,29.830,982.170,14.326,-150.917,0.32776,0,1
608.00,506.000,0.94179,12.087,58.530,39.380,97.910,29.455,982.545,14.472,-152.090,0.32554,0,1
609.00,506.000,0.94254,11.626,58.698,38.041,96.739,29.077,982.923,14.613,-153.261,0.32330,0,1
610.00,506.000,0.94329,11.159,58.863,36.706,95.569,28.696,983.304,14.746,-154.431,0.32104,0,1
611.00,506.000,0.94405,10.686,59.027,35.374,94.401,28.313,983.687,14.874,-155.599,0.31876,0,1
612.00,506.000,0.94481,10.206,59.187,34.046,93.234,27.927,984.073,14.994,-156.766,0.31647,0,1
613.00,506.000,0.94557,9.721,59.346,32.722,92.067,27.540,984.460,15.108,-157.933,0.31416,0,1
614.00,506.000,0.94634,9.230,59.502,31.400,90.902,27.151,984.849,15.215,-159.098,0.31184,0,1
615.00,506.000,0.94711,8.733,59.655,30.081,89.736,26.761,985.239,15.315,-160.264,0.30950,0,1
616.00,506.000,0.94789,8.230,59.807,28.764,88.571,26.370,985.630,15.409,-161.429,0.30716,0,1
617.00,506.000,0.94866,7.722,59.956,27.450,87.406,25.978,986.022,15.496,-162.594,0.30480,0,1
618.00,506.000,0.94943,7.208,60.103,26.137,86.240,25.586,986.414,15.575,-163.760,0.30244,0,0
619.00,506.000,0.95021,6.689,60.248,24.826,85.074,25.194,986.806,15.649,-164.926,0.30006,0,0
620.00,506.000,0.95098,6.164,60.390,23.517,83.907,24.803,987.197,15.715,-166.093,0.29768,0,0
621.00,506.000,0.95176,5.634,60.530,22.208,82.739,24.412,987.588,15.774,-167.261,0.29530,0,0
622.00,506.000,0.95253,5.099,60.668,20.901,81.569,24.022,987.978,15.827,-168.431,0.29291,0,0
623.00,506.000,0.95329,4.559,60.804,19.594,80.399,23.633,988.367,15.873,-169.601,0.29053,0,0
624.00,506.000,0.95406,4.014,60.938,18.288,79.226,23.246,988.754,15.912,-170.774,0.28814,0,0
625.00,506.000,0.95482,3.464,61.070,16.982,78.052,22.860,989.140,15.944,-171.948,0.28575,0,0
626.00,506.000,0.95558,2.909,61.200,15.676,76.876,22.477,989.523,15.970,-173.124,0.28336,0,0
627.00,506.000,0.95633,2.350,61.328,14.370,75.697,22.095,989.905,15.989,-174.303,0.28097,0,0
628.00,506.000,0.95708,1.786,61.453,13.063,74.516,21.717,990.283,16.002,-175.484,0.27859,0,0
629.00,506.000,0.95782,1.218,61.577,11.756,73.333,21.341,990.659,16.008,-176.667,0.27621,0,0
630.00,506.000,0.95856,0.645,61.699,10.447,72.147,20.968,991.032,16.008,-177.853,0.27384,0,0
631.00,506.000,0.95929,0.069,61.820,9.138,70.957,20.599,991.401,16.001,-179.043,0.27148,0,0
632.00,506.000,0.96001,-0.512,61.938,7.827,69.765,20.233,991.767,15.989,179.765,0.26912,0,0
633.00,506.000,0.96073,-1.097,62.055,6.514,68.569,19.870,992.130,15.970,178.569,0.26677,0,0
634.00,506.000,0.96144,-1.685,62.170,5.200,67.370,19.512,992.488,15.945,177.370,0.26443,0,0
635.00,506.000,0.96214,-2.277,62.283,3.884,66.168,19.157,992.843,15.915,176.168,0.26211,0,0
636.00,506.000,0.96283,-2.872,62.395,2.566,64.962,18.806,993.194,15.879,174.962,0.25979,0,0
637.00,506.000,0.96352,-3.471,62.506,1.246,63.752,18.460,993.540,15.838,173.752,0.25749,0,0
638.00,506.000,0.96419,-4.073,62.615,359.923,62.538,18.118,993.882,15.791,172.538,0.25519,0,0
639.00,506.000,0.96486,-4.678,62.722,358.598,61.320,17.781,994.219,15.740,171.320,0.25292,0,0
640.00,506.000,0.96552,-5.286,62.828,357.270,60.098,17.449,994.551,15.684,170.098,0.25065,0,0
641.00,506.000,0.96616,-5.897,62.933,355.939,58.872,17.121,994.879,15.623,168.872,0.24840,0,0
642.00,506.000,0.96680,-6.511,63.036,354.605,57.641,16.798,995.202,15.558,167.641,0.24616,0,0
643.00,506.000,0.96743,-7.127,63.139,353.267,56.406,16.480,995.520,15.489,166.406,0.24394,0,0
644.00,506.000,0.96805,-7.746,63.240,351.927,55.167,16.167,995.833,15.417,165.167,0.24174,0,0
645.00,506.000,0.96866,-8.367,63.340,350.583,53.923,15.859,996.141,15.342,163.923,0.23955,0,0
646.00,506.000,0.96926,-8.990,63.439,349.235,52.675,15.556,996.444,15.264,162.675,0.23737,0,0
647.00,506.000,0.96985,-9.616,63.537,347.884,51.422,15.258,996.742,15.184,161.422,0.23521,0,0
648.00,506.000,0.97042,-10.244,63.634,346.530,50.164,14.965,997.035,15.102,160.164,0.23307,0,0
649.00,506.000,0.97099,-10.873,63.730,345.171,48.901,14.677,997.323,15.020,158.901,0.23094,0,0
650.00,506.000,0.97155,-11.505,63.826,343.809,47.634,14.394,997.606,14.936,157.634,0.22882,0,0
651.00,506.000,0.97210,-12.138,63.920,342.442,46.362,14.116,997.884,14.853,156.362,0.22672,0,0
652.00,506.000,0.97264,-12.774,64.013,341.072,45.085,13.842,998.158,14.772,155.085,0.22462,0,0
653.00,506.000,0.97317,-13.412,64.106,339.697,43.803,13.574,998.426,14.692,153.803,0.22254,0,0
654.00,506.000,0.97370,-14.052,64.197,338.318,42.516,13.309,998.691,14.614,152.516,0.22048,0,0
655.00,506.000,0.97421,-14.694,64.288,336.935,41.223,13.050,998.950,14.541,151.223,0.21841,0,0
656.00,506.000,0.97472,-15.338,64.378,335.548,39.926,12.794,999.206,14.472,149.926,0.21636,0,0
657.00,506.000,0.97521,-15.986,64.467,334.156,38.623,12.543,999.457,14.410,148.623,0.21431,0,0
658.00,506.000,0.97570,-16.636,64.554,332.760,37.315,12.295,999.705,14.354,147.315,0.21226,0,0
659.00,506.000,0.97618,-17.289,64.641,331.359,36.000,12.051,999.949,14.308,146.000,0.21022,0,0
660.00,506.000,0.97666,-17.947,64.726,329.954,34.680,11.810,1000.190,14.272,144.680,0.20816,0,0
661.00,506.000,0.97713,-18.609,64.810,328.544,33.354,11.573,1000.427,14.248,143.354,0.20611,0,0
662.00,506.000,0.97759,-19.275,64.893,327.129,32.021,11.338,1000.662,14.238,142.021,0.20404,0,0
663.00,506.000,0.97805,-19.948,64.973,325.709,30.682,11.106,1000.894,14.244,140.682,0.20196,0,0
664.00,506.000,0.97851,-20.627,65.052,324.283,29.335,10.875,1001.125,14.268,139.335,0.19985,0,0
665.00,506.000,0.97896,-21.314,65.129,322.852,27.981,10.647,1001.353,14.312,137.981,0.19772,0,0
666.00,506.000,0.97941,-22.010,65.203,321.415,26.618,10.419,1001.581,14.379,136.618,0.19556,0,0
667.00,506.000,0.97986,-22.716,65.274,319.972,25.246,10.193,1001.807,14.472,135.246,0.19337,0,0
668.00,506.000,0.98030,-23.434,65.342,318.522,23.864,9.966,1002.034,14.593,133.864,0.19112,0,0
669.00,506.000,0.98075,-24.165,65.407,317.065,22.472,9.739,1002.261,14.746,132.472,0.18882,0,0
670.00,506.000,0.98120,-24.912,65.467,315.600,21.067,9.511,1002.489,14.933,131.067,0.18646,0,0
671.00,506.000,0.98166,-25.677,65.522,314.127,19.649,9.282,1002.718,15.159,129.649,0.18402,0,0
672.00,506.000,0.98212,-26.462,65.571,312.645,18.216,9.050,1002.950,15.426,128.216,0.18150,0,0
673.00,506.000,0.98258,-27.270,65.614,311.152,16.766,8.814,1003.186,15.740,126.766,0.17887,0,0
674.00,506.000,0.98305,-28.105,65.649,309.648,15.297,8.575,1003.425,16.103,125.297,0.17613,0,0
675.00,506.000,0.98354,-28.971,65.676,308.131,13.806,8.331,1003.669,16.521,123.806,0.17325,0,0
676.00,506.000,0.98403,-29.871,65.692,306.599,12.291,8.081,1003.919,16.999,122.291,0.17023,0,0
677.00,506.000,0.98454,-30.810,65.696,305.051,10.747,7.824,1004.176,17.541,120.747,0.16702,0,0
678.00,506.000,0.98506,-31.793,65.686,303.484,9.170,7.558,1004.442,18.154,119.170,0.16363,0,0
679.00,506.000,0.98560,-32.827,65.659,301.895,7.554,7.284,1004.716,18.844,117.554,0.16000,0,0
680.00,506.000,0.98617,-33.919,65.613,300.280,5.894,6.999,1005.001,19.618,115.894,0.15612,0,0
681.00,506.000,0.98676,-35.077,65.544,298.637,4.180,6.701,1005.299,20.484,114.180,0.15195,0,0
682.00,506.000,0.98737,-36.311,65.446,296.958,2.404,6.390,1005.610,21.452,112.404,0.14745,0,0
683.00,506.000,0.98802,-37.631,65.313,295.238,0.552,6.064,1005.936,22.533,110.552,0.14257,0,0
684.00,506.000,0.98869,-39.051,65.139,293.469,358.608,5.721,1006.279,23.740,108.608,0.13726,0,0
685.00,506.000,0.98941,-40.588,64.912,291.640,356.553,5.359,1006.641,25.091,106.553,0.13146,0,0
686.00,506.000,0.99016,-42.261,64.619,289.738,354.357,4.977,1007.023,26.605,104.357,0.12509,0,0
687.00,506.000,0.99097,-44.096,64.241,287.744,351.985,4.572,1007.428,28.308,101.985,0.11808,0,0
688.00,506.000,0.99181,-46.126,63.749,285.634,349.383,4.143,1007.857,30.235,99.383,0.11033,0,0
689.00,506.000,0.99200,-48.393,63.102,283.374,346.477,4.048,1007.952,32.432,96.477,0.10655,0,0
690.00,506.000,0.99200,-50.830,62.296,281.028,343.324,4.048,1007.952,34.833,93.324,0.10362,0,0
691.00,506.000,0.99200,-53.411,61.302,278.606,339.908,4.048,1007.952,37.418,89.908,0.10026,0,0
692.00,506.000,0.99200,-56.138,60.070,276.093,336.163,4.048,1007.952,40.185,86.163,0.09644,0,0
693.00,506.000,0.99200,-59.004,58.535,273.466,332.001,4.048,1007.952,43.133,82.001,0.09212,0,1
694.00,506.000,0.99200,-61.997,56.609,270.700,327.309,4.048,1007.952,46.251,77.309,0.08729,0,1
695.00,506.000,0.99200,-65.091,54.171,267.763,321.934,4.048,1007.952,49.520,71.934,0.08195,0,1
696.00,506.000,0.99200,-68.245,51.060,264.619,315.679,4.048,1007.952,52.906,65.679,0.07614,0,1
697.00,506.000,0.99200,-71.391,47.060,261.227,308.287,4.048,1007.952,56.353,58.287,0.06995,0,1
698.00,506.000,0.99200,-74.426,41.897,257.547,299.445,4.048,1007.952,59.770,49.445,0.06356,0,1
699.00,506.000,0.99200,-77.201,35.261,253.558,288.819,4.048,1007.952,63.023,38.819,0.05726,0,1
700.00,506.000,0.99200,-79.519,26.901,249.281,276.181,4.048,1007.952,65.929,26.181,0.05149,0,1
701.00,506.000,0.99200,-81.169,16.829,244.813,261.642,4.048,1007.952,68.273,11.642,0.04673,0,1
702.00,506.000,0.99200,-81.997,5.547,240.339,245.885,4.048,1007.952,69.882,-4.115,0.04342,0,1
703.00,506.000,0.99198,-81.984,354.007,236.075,230.083,4.058,1007.942,70.693,-19.917,0.04179,0,1
704.00,506.000,0.99100,-81.250,343.213,232.185,215.398,4.554,1007.446,70.781,-34.602,0.04407,0,1
705.00,506.000,0.98913,-80.055,334.254,228.902,203.156,5.501,1006.499,70.336,-46.844,0.04949,0,1
706.00,506.000,0.98648,-78.667,327.286,226.225,193.510,6.840,1005.160,69.598,-56.490,0.05713,0,1
707.00,506.000,0.98318,-77.252,321.973,224.046,186.019,8.513,1003.487,68.738,-63.981,0.06624,0,1
708.00,506.000,0.97931,-75.889,317.909,222.247,180.157,10.471,1001.529,67.852,-69.843,0.07630,0,1
709.00,506.000,0.97495,-74.607,314.764,220.731,175.496,12.674,999.326,66.986,-74.504,0.08696,0,1
710.00,506.000,0.97017,-73.413,312.298,219.426,171.724,15.093,996.907,66.159,-78.276,0.09798,0,1
711.00,506.000,0.96502,-72.304,310.342,218.280,168.622,17.700,994.300,65.379,-81.378,0.10923,0,1
712.00,506.000,0.95953,-71.273,308.777,217.257,166.033,20.477,991.523,64.648,-83.967,0.12057,0,1
713.00,506.000,0.95375,-70.312,307.518,216.328,163.846,23.404,988.596,63.964,-86.154,0.13195,0,1
714.00,506.000,0.94769,-69.414,306.505,215.473,161.978,26.466,985.534,63.323,-88.022,0.14330,0,1
715.00,506.000,0.94140,-68.572,305.691,214.678,160.369,29.651,982.349,62.722,-89.631,0.15458,0,1
716.00,506.000,0.93489,-67.779,305.042,213.930,158.972,32.947,979.053,62.159,-91.028,0.16577,0,1
717.00,506.000,0.92817,-67.031,304.531,213.219,157.751,36.344,975.656,61.630,-92.249,0.17683,0,1
718.00,506.000,0.92128,-66.322,304.138,212.540,156.678,39.831,972.169,61.132,-93.322,0.18776,0,1
719.00,506.000,0.91422,-65.650,303.846,211.886,155.732,43.402,968.598,60.663,-94.268,0.19853,1,1
720.00,506.000,0.90702,-65.009,303.641,211.252,154.893,47.049,964.951,60.220,-95.107,0.20914,1,1
721.00,506.000,0.89968,-64.398,303.512,210.635,154.148,50.764,961.236,59.803,-95.852,0.21958,1,1
722.00,506.000,0.89221,-63.814,303.451,210.032,153.483,54.542,957.458,59.408,-96.517,0.22984,1,1
723.00,506.000,0.88463,-63.254,303.450,209.439,152.890,58.376,953.624,59.034,-97.110,0.23992,1,1
724.00,506.000,0.87695,-62.717,303.503,208.856,152.359,62.262,949.738,58.681,-97.641,0.24981,1,1
725.00,506.000,0.86918,-62.200,303.603,208.280,151.883,66.193,945.807,58.346,-98.117,0.25951,1,1
726.00,506.000,0.86133,-61.703,303.747,207.709,151.456,70.165,941.835,58.028,-98.544,0.26901,1,1
727.00,506.000,0.85341,-61.224,303.930,207.143,151.073,74.174,937.826,57.727,-98.927,0.27832,1,1
728.00,506.000,0.84542,-60.762,304.148,206.581,150.729,78.216,933.784,57.442,-99.271,0.28743,1,1
729.00,506.000,0.83738,-60.316,304.399,206.021,150.420,82.285,929.715,57.172,-99.580,0.29634,1,1
730.00,506.000,0.82929,-59.885,304.679,205.463,150.142,86.379,925.621,56.915,-99.858,0.30505,1,1
731.00,506.000,0.82116,-59.467,304.987,204.906,149.893,90.493,921.507,56.673,-100.107,0.31355,1,1
732.00,506.000,0.81299,-59.064,305.319,204.350,149.669,94.625,917.375,56.443,-100.331,0.32186,1,1
733.00,506.000,0.80480,-58.673,305.674,203.795,149.468,98.770,913.230,56.226,-100.532,0.32996,1,1
734.00,506.000,0.79659,-58.294,306.050,203.239,149.289,102.925,909.075,56.020,-100.711,0.33787,1,1
735.00,506.000,0.78836,-57.928,306.445,202.684,149.129,107.088,904.912,55.826,-100.871,0.34557,1,1
736.00,506.000,0.78013,-57.572,306.858,202.128,148.986,111.254,900.746,55.643,-101.014,0.35307,1,1
737.00,506.000,0.77189,-57.227,307.287,201.572,148.859,115.422,896.578,55.470,-101.141,0.36037,1,1
738.00,506.000,0.76366,-56.892,307.731,201.015,148.746,119.588,892.412,55.308,-101.254,0.36746,1,1
739.00,506.000,0.75544,-56.568,308.189,200.457,148.647,123.749,888.251,55.155,-101.353,0.37436,1,1
740.00,506.000,0.74723,-56.253,308.660,199.899,148.559,127.904,884.096,55.012,-101.441,0.38107,1,1
741.00,506.000,0.73904,-55.948,309.143,199.340,148.483,132.048,879.952,54.878,-101.517,0.38757,1,1
742.00,506.000,0.73087,-55.652,309.637,198.780,148.417,136.181,875.819,54.753,-101.583,0.39388,1,1
743.00,506.000,0.72273,-55.364,310.141,198.219,148.360,140.299,871.701,54.637,-101.640,0.40000,1,1
744.00,506.000,0.71463,-55.086,310.653,197.658,148.311,144.400,867.600,54.528,-101.689,0.40592,1,1
745.00,506.000,0.70656,-54.815,311.175,197.096,148.270,148.481,863.519,54.428,-101.730,0.41166,1,1
746.00,506.000,0.69853,-54.553,311.703,196.534,148.237,152.542,859.458,54.336,-101.763,0.41721,1,1
747.00,506.000,0.69055,-54.299,312.239,195.971,148.210,156.579,855.421,54.251,-101.790,0.42257,1,1
748.00,506.000,0.68263,-54.052,312.781,195.408,148.189,160.591,851.409,54.173,-101.811,0.42775,1,1
749.00,506.000,0.67475,-53.813,313.329,194.844,148.173,164.576,847.424,54.102,-101.827,0.43275,1,1
750.00,506.000,0.66693,-53.581,313.883,194.280,148.163,168.532,843.468,54.038,-101.837,0.43757,1,1
751.00,506.000,0.65918,-53.356,314.440,193.717,148.157,172.457,839.543,53.981,-101.843,0.44221,1,1
752.00,506.000,0.65148,-53.138,315.003,193.153,148.156,176.350,835.650,53.930,-101.844,0.44668,1,1
753.00,506.000,0.64386,-52.928,315.568,192.590,148.158,180.208,831.792,53.885,-101.842,0.45098,1,1
754.00,506.000,0.63630,-52.723,316.138,192.027,148.164,184.031,827.969,53.846,-101.836,0.45512,1,1
755.00,506.000,0.62882,-52.525,316.710,191.464,148.174,187.817,824.183,53.812,-101.826,0.45909,1,1
756.00,506.000,0.62141,-52.334,317.284,190.902,148.186,191.564,820.436,53.784,-101.814,0.46290,1,1
757.00,506.000,0.61409,-52.148,317.861,190.340,148.201,195.272,816.728,53.762,-101.799,0.46655,1,1
758.00,506.000,0.60684,-51.969,318.440,189.780,148.219,198.939,813.061,53.744,-101.781,0.47005,1,1
759.00,506.000,0.59968,-51.795,319.019,189.220,148.239,202.563,809.437,53.732,-101.761,0.47340,1,1
760.00,506.000,0.59260,-51.627,319.601,188.661,148.261,206.145,805.855,53.724,-101.739,0.47660,1,1
761.00,506.000,0.58561,-51.464,320.183,188.103,148.285,209.682,802.318,53.720,-101.715,0.47965,1,1
762.00,506.000,0.57871,-51.307,320.765,187.546,148.311,213.174,798.826,53.721,-101.689,0.48256,1,1
763.00,506.000,0.57190,-51.155,321.348,186.990,148.339,216.620,795.380,53.726,-101.661,0.48534,1,1
764.00,506.000,0.56518,-51.009,321.931,186.436,148.367,220.019,791.981,53.735,-101.633,0.48798,1,1
765.00,506.000,0.55856,-50.867,322.514,185.884,148.397,223.371,788.629,53.748,-101.603,0.49049,1,1
766.00,506.000,0.55203,-50.730,323.096,185.332,148.429,226.674,785.326,53.765,-101.571,0.49287,1,1
767.00,506.000,0.54560,-50.597,323.678,184.783,148.461,229.929,782.071,53.785,-101.539,0.49513,1,1
768.00,506.000,0.53926,-50.469,324.259,184.235,148.494,233.134,778.866,53.809,-101.506,0.49726,1,1
769.00,506.000,0.53303,-50.346,324.840,183.688,148.528,236.289,775.711,53.836,-101.472,0.49928,1,1
770.00,506.000,0.52689,-50.227,325.419,183.144,148.563,239.393,772.607,53.866,-101.437,0.50119,1,1
771.00,506.000,0.52086,-50.112,325.997,182.601,148.598,242.447,769.553,53.899,-101.402,0.50298,1,1
772.00,506.000,0.51492,-50.001,326.573,182.060,148.634,245.449,766.551,53.935,-101.366,0.50466,1,1
773.00,506.000,0.50909,-49.894,327.148,181.521,148.670,248.400,763.600,53.973,-101.330,0.50624,1,1
774.00,506.000,0.50336,-49.791,327.722,180.984,148.706,251.300,760.700,54.014,-101.294,0.50772,1,1
775.00,506.000,0.49773,-49.691,328.293,180.450,148.743,254.147,757.853,54.057,-101.257,0.50910,1,1
776.00,506.000,0.49221,-49.595,328.863,179.917,148.780,256.943,755.057,54.103,-101.220,0.51038,1,1
777.00,506.000,0.48679,-49.503,329.431,179.386,148.817,259.687,752.313,54.151,-101.183,0.51158,1,1
778.00,506.000,0.48147,-49.414,329.996,178.857,148.854,262.378,749.622,54.201,-101.146,0.51268,1,1
779.00,506.000,0.47625,-49.328,330.560,178.331,148.891,265.017,746.983,54.254,-101.109,0.51369,1,1
780.00,506.000,0.47114,-49.245,331.121,177.806,148.928,267.604,744.396,54.308,-101.072,0.51462,1,1
781.00,506.000,0.46613,-49.165,331.681,177.284,148.965,270.139,741.861,54.363,-101.035,0.51547,1,1
782.00,506.000,0.46122,-49.089,332.237,176.764,149.001,272.621,739.379,54.421,-100.999,0.51625,1,1
783.00,506.000,0.45642,-49.015,332.792,176.246,149.038,275.052,736.948,54.480,-100.962,0.51694,1,1
784.00,506.000,0.45172,-48.944,333.344,175.730,149.074,277.431,734.569,54.541,-100.926,0.51757,1,1
785.00,506.000,0.44712,-48.875,333.893,175.217,149.110,279.759,732.241,54.603,-100.890,0.51812,1,1
786.00,506.000,0.44262,-48.809,334.440,174.706,149.146,282.035,729.965,54.666,-100.854,0.51860,1,1
787.00,506.000,0.43822,-48.746,334.985,174.196,149.181,284.260,727.740,54.731,-100.819,0.51902,1,1
788.00,506.000,0.43393,-48.685,335.527,173.689,149.216,286.433,725.567,54.797,-100.784,0.51938,1,1
789.00,506.000,0.42973,-48.626,336.066,173.185,149.251,288.557,723.443,54.864,-100.749,0.51967,1,1
790.00,506.000,0.42563,-48.570,336.603,172.682,149.285,290.630,721.370,54.932,-100.715,0.51991,1,1
791.00,506.000,0.42164,-48.516,337.137,172.182,149.319,292.652,719.348,55.001,-100.681,0.52009,1,1
792.00,506.000,0.41774,-48.464,337.669,171.684,149.352,294.625,717.375,55.071,-100.648,0.52021,1,1
793.00,506.000,0.41394,-48.414,338.198,171.187,149.385,296.549,715.451,55.142,-100.615,0.52029,1,1
794.00,506.000,0.41023,-48.366,338.724,170.693,149.418,298.423,713.577,55.213,-100.582,0.52031,1,1
795.00,506.000,0.40662,-48.320,339.248,170.202,149.450,300.249,711.751,55.286,-100.550,0.52028,1,1
796.00,506.000,0.40311,-48.275,339.770,169.712,149.481,302.026,709.974,55.359,-100.519,0.52021,1,1
797.00,506.000,0.39969,-48.233,340.288,169.224,149.513,303.755,708.245,55.433,-100.487,0.52009,1,1
798.00,506.000,0.39637,-48.192,340.805,168.738,149.543,305.437,706.563,55.507,-100.457,0.51992,1,1
799.00,506.000,0.39314,-48.153,341.319,168.255,149.573,307.071,704.929,55.582,-100.427,0.51972,1,1
800.00,506.000,0.39000,-48.115,341.830,167.773,149.603,308.658,703.342,55.657,-100.397,0.51947,1,1
801.00,506.000,0.38696,-48.080,342.339,167.293,149.632,310.199,701.801,55.733,-100.368,0.51919,1,1
802.00,506.000,0.38400,-48.045,342.845,166.816,149.661,311.694,700.306,55.809,-100.339,0.51886,1,1
803.00,506.000,0.38114,-48.012,343.349,166.340,149.689,313.142,698.858,55.886,-100.311,0.51850,1,1
804.00,506.000,0.37837,-47.981,343.851,165.866,149.717,314.546,697.454,55.963,-100.283,0.51811,1,1
805.00,506.000,0.37568,-47.950,344.351,165.394,149.745,315.904,696.096,56.041,-100.255,0.51769,1,1
806.00,506.000,0.37309,-47.922,344.848,164.924,149.772,317.218,694.782,56.118,-100.228,0.51723,1,1
807.00,506.000,0.37058,-47.894,345.343,164.456,149.798,318.487,693.513,56.196,-100.202,0.51674,1,1
808.00,506.000,0.36816,-47.868,345.836,163.989,149.825,319.713,692.287,56.275,-100.175,0.51622,1,1
809.00,506.000,0.36582,-47.843,346.326,163.524,149.851,320.894,691.106,56.353,-100.149,0.51567,1,1
810.00,506.000,0.36357,-47.819,346.815,163.061,149.876,322.033,689.967,56.432,-100.124,0.51509,1,1
811.00,506.000,0.36141,-47.796,347.301,162.600,149.902,323.129,688.871,56.510,-100.098,0.51449,1,1
812.00,506.000,0.35932,-47.774,347.786,162.141,149.927,324.182,687.818,56.589,-100.073,0.51386,1,1
813.00,506.000,0.35733,-47.753,348.269,161.683,149.951,325.193,686.807,56.668,-100.049,0.51321,1,1
814.00,506.000,0.35541,-47.734,348.750,161.226,149.976,326.162,685.838,56.747,-100.024,0.51253,1,1
815.00,506.000,0.35358,-47.715,349.229,160.772,150.000,327.090,684.910,56.826,-100.000,0.51183,1,1
816.00,506.000,0.35183,-47.698,349.706,160.318,150.024,327.976,684.024,56.905,-99.976,0.51111,1,1
817.00,506.000,0.35015,-47.681,350.181,159.867,150.048,328.822,683.178,56.985,-99.952,0.51037,1,1
818.00,506.000,0.34856,-47.665,350.655,159.417,150.072,329.626,682.374,57.064,-99.928,0.50960,1,1
819.00,506.000,0.34705,-47.651,351.128,158.968,150.096,330.391,681.609,57.143,-99.904,0.50882,1,1
820.00,506.000,0.34562,-47.637,351.598,158.521,150.119,331.115,680.885,57.223,-99.881,0.50801,1,1
821.00,506.000,0.34427,-47.624,352.068,158.075,150.143,331.799,680.201,57.302,-99.857,0.50719,1,1
822.00,506.000,0.34300,-47.611,352.536,157.631,150.167,332.443,679.557,57.381,-99.833,0.50635,1,1
823.00,506.000,0.34180,-47.600,353.002,157.188,150.190,333.048,678.952,57.460,-99.810,0.50549,1,1
824.00,506.000,0.34068,-47.589,353.468,156.747,150.214,333.614,678.386,57.539,-99.786,0.50461,1,1
825.00,506.000,0.33964,-47.580,353.932,156.306,150.238,334.140,677.860,57.619,-99.762,0.50372,1,1
826.00,506.000,0.33868,-47.571,354.395,155.867,150.262,334.628,677.372,57.698,-99.738,0.50281,1,1
827.00,506.000,0.33779,-47.562,354.857,155.430,150.286,335.077,676.923,57.777,-99.714,0.50188,1,1
828.00,506.000,0.33698,-47.555,355.318,154.993,150.311,335.487,676.513,57.856,-99.689,0.50094,1,1
829.00,506.000,0.33625,-47.548,355.778,154.558,150.335,335.859,676.141,57.934,-99.665,0.49998,1,1
830.00,506.000,0.33559,-47.542,356.237,154.124,150.360,336.192,675.808,58.013,-99.640,0.49900,1,1
831.00,506.000,0.33501,-47.537,356.695,153.691,150.386,336.487,675.513,58.092,-99.614,0.49801,1,1
832.00,506.000,0.33450,-47.532,357.153,153.259,150.412,336.744,675.256,58.171,-99.588,0.49701,1,1
833.00,506.000,0.33407,-47.528,357.610,152.828,150.438,336.963,675.037,58.249,-99.562,0.49599,1,1
834.00,506.000,0.33371,-47.525,358.066,152.398,150.464,337.143,674.857,58.328,-99.536,0.49496,1,1
835.00,506.000,0.33343,-47.523,358.522,151.970,150.492,337.286,674.714,58.406,-99.508,0.49392,1,1
836.00,506.000,0.33322,-47.521,358.977,151.542,150.519,337.390,674.610,58.484,-99.481,0.49285,1,1
837.00,506.000,0.33309,-47.520,359.432,151.115,150.548,337.457,674.543,58.563,-99.452,0.49178,1,1
838.00,506.000,0.33303,-47.519,359.887,150.690,150.576,337.485,674.515,58.641,-99.424,0.49069,1,1
839.00,506.000,0.33305,-47.519,0.341,150.265,150.606,337.476,674.524,58.719,-99.394,0.48959,1,1
840.00,506.000,0.33315,-47.520,0.795,149.841,150.636,337.428,674.572,58.797,-99.364,0.48848,1,1
841.00,506.000,0.33332,-47.522,1.249,149.418,150.667,337.342,674.658,58.875,-99.333,0.48735,1,1
842.00,506.000,0.33356,-47.524,1.703,148.996,150.699,337.218,674.782,58.953,-99.301,0.48620,1,1
843.00,506.000,0.33388,-47.527,2.157,148.575,150.732,337.056,674.944,59.031,-99.268,0.48505,1,1
844.00,506.000,0.33428,-47.530,2.612,148.154,150.766,336.855,675.145,59.109,-99.234,0.48387,1,1
845.00,506.000,0.33475,-47.534,3.066,147.735,150.800,336.615,675.385,59.187,-99.200,0.48269,1,1
846.00,506.000,0.33530,-47.539,3.520,147.316,150.836,336.336,675.664,59.265,-99.164,0.48149,1,1
847.00,506.000,0.33593,-47.545,3.975,146.897,150.872,336.019,675.981,59.342,-99.128,0.48027,1,1
848.00,506.000,0.33664,-47.551,4.430,146.480,150.910,335.662,676.338,59.420,-99.090,0.47905,1,1
849.00,506.000,0.33742,-47.558,4.886,146.063,150.949,335.266,676.734,59.498,-99.051,0.47780,1,1
850.00,506.000,0.33828,-47.565,5.342,145.647,150.989,334.830,677.170,59.576,-99.011,0.47654,1,1
851.00,506.000,0.33922,-47.573,5.799,145.231,151.030,334.354,677.646,59.654,-98.970,0.47527,1,1
852.00,506.000,0.34024,-47.582,6.256,144.816,151.072,333.839,678.161,59.732,-98.928,0.47398,1,1
853.00,506.000,0.34134,-47.592,6.714,144.402,151.116,333.282,678.718,59.810,-98.884,0.47267,1,1
854.00,506.000,0.34252,-47.603,7.173,143.988,151.161,332.685,679.315,59.888,-98.839,0.47135,1,1
855.00,506.000,0.34378,-47.614,7.633,143.575,151.208,332.047,679.953,59.966,-98.792,0.47001,1,1
856.00,506.000,0.34512,-47.626,8.093,143.162,151.255,331.367,680.633,60.044,-98.745,0.46865,1,1
857.00,506.000,0.34655,-47.638,8.555,142.750,151.305,330.645,681.355,60.123,-98.695,0.46728,1,1
858.00,506.000,0.34806,-47.652,9.017,142.338,151.355,329.882,682.118,60.201,-98.645,0.46588,1,1
859.00,506.000,0.34965,-47.666,9.481,141.927,151.408,329.075,682.925,60.280,-98.592,0.46447,1,1
860.00,506.000,0.35133,-47.681,9.946,141.516,151.462,328.226,683.774,60.359,-98.538,0.46304,1,1
861.00,506.000,0.35310,-47.697,10.412,141.106,151.517,327.332,684.668,60.438,-98.483,0.46159,1,1
862.00,506.000,0.35495,-47.714,10.879,140.695,151.574,326.395,685.605,60.517,-98.426,0.46011,1,1
863.00,506.000,0.35689,-47.732,11.347,140.286,151.633,325.414,686.586,60.597,-98.367,0.45862,1,1
864.00,506.000,0.35892,-47.750,11.817,139.876,151.694,324.387,687.613,60.677,-98.306,0.45710,1,1
865.00,506.000,0.36104,-47.770,12.289,139.467,151.756,323.314,688.686,60.757,-98.244,0.45557,1,1
866.00,506.000,0.36325,-47.790,12.762,139.058,151.820,322.196,689.804,60.837,-98.180,0.45400,1,1
867.00,506.000,0.36555,-47.812,13.236,138.650,151.886,321.031,690.969,60.918,-98.114,0.45242,1,1
868.00,506.000,0.36795,-47.834,13.712,138.241,151.954,319.819,692.181,61.000,-98.046,0.45080,1,1
869.00,506.000,0.37044,-47.857,14.190,137.833,152.023,318.558,693.442,61.081,-97.977,0.44917,1,1
870.00,506.000,0.37303,-47.882,14.670,137.425,152.095,317.249,694.751,61.163,-97.905,0.44750,1,1
871.00,506.000,0.37571,-47.907,15.151,137.017,152.168,315.891,696.109,61.246,-97.832,0.44581,1,1
872.00,506.000,0.37849,-47.934,15.634,136.610,152.243,314.483,697.517,61.329,-97.757,0.44408,1,1
873.00,506.000,0.38137,-47.962,16.118,136.202,152.321,313.025,698.975,61.413,-97.679,0.44233,1,1
874.00,506.000,0.38436,-47.991,16.605,135.795,152.400,311.515,700.485,61.497,-97.600,0.44054,1,1
875.00,506.000,0.38744,-48.021,17.093,135.388,152.481,309.954,702.046,61.582,-97.519,0.43873,1,1
876.00,506.000,0.39063,-48.052,17.584,134.981,152.564,308.339,703.661,61.668,-97.436,0.43688,1,1
877.00,506.000,0.39393,-48.085,18.076,134.574,152.650,306.671,705.329,61.754,-97.350,0.43499,1,1
878.00,506.000,0.39733,-48.119,18.570,134.166,152.737,304.949,707.051,61.841,-97.263,0.43307,1,1
879.00,506.000,0.40085,-48.155,19.066,133.759,152.826,303.172,708.828,61.929,-97.174,0.43111,1,1
880.00,506.000,0.40447,-48.192,19.565,133.353,152.917,301.340,710.660,62.018,-97.083,0.42911,1,1
881.00,506.000,0.40820,-48.230,20.065,132.946,153.010,299.450,712.550,62.107,-96.990,0.42707,1,1
882.00,506.000,0.41205,-48.270,20.567,132.539,153.105,297.503,714.497,62.198,-96.895,0.42498,1,1
883.00,506.000,0.41601,-48.312,21.070,132.131,153.202,295.498,716.502,62.289,-96.798,0.42286,1,1
884.00,506.000,0.42009,-48.355,21.576,131.724,153.301,293.434,718.566,62.382,-96.699,0.42069,1,1
885.00,506.000,0.42429,-48.400,22.084,131.317,153.401,291.311,720.689,62.476,-96.599,0.41847,1,1
886.00,506.000,0.42860,-48.446,22.594,130.910,153.504,289.126,722.874,62.571,-96.496,0.41620,1,1
887.00,506.000,0.43304,-48.495,23.105,130.503,153.608,286.880,725.120,62.667,-96.392,0.41388,1,1
888.00,506.000,0.43761,-48.545,23.618,130.095,153.714,284.572,727.428,62.764,-96.286,0.41151,1,1
889.00,506.000,0.44229,-48.597,24.133,129.688,153.821,282.200,729.800,62.863,-96.179,0.40908,1,1
890.00,506.000,0.44711,-48.651,24.649,129.280,153.930,279.765,732.235,62.963,-96.070,0.40660,1,1
891.00,506.000,0.45205,-48.707,25.167,128.873,154.040,277.264,734.736,63.065,-95.960,0.40406,1,1
892.00,506.000,0.45712,-48.766,25.687,128.465,154.152,274.699,737.301,63.168,-95.848,0.40146,1,1
893.00,506.000,0.46232,-48.826,26.207,128.057,154.264,272.066,739.934,63.273,-95.736,0.39879,1,1
894.00,506.000,0.46765,-48.889,26.729,127.649,154.378,269.367,742.633,63.379,-95.622,0.39606,1,1
895.00,506.000,0.47312,-48.955,27.252,127.241,154.493,266.600,745.400,63.488,-95.507,0.39327,1,1
896.00,506.000,0.47873,-49.022,27.776,126.832,154.608,263.764,748.236,63.598,-95.392,0.39040,1,1
897.00,506.000,0.48447,-49.093,28.300,126.424,154.724,260.860,751.140,63.710,-95.276,0.38747,1,1
898.00,506.000,0.49035,-49.166,28.825,126.015,154.840,257.885,754.115,63.824,-95.160,0.38445,1,1
899.00,506.000,0.49636,-49.241,29.350,125.607,154.957,254.840,757.160,63.941,-95.043,0.38137,1,1
900.00,506.000,0.50252,-49.320,29.875,125.198,155.073,251.724,760.276,64.059,-94.927,0.37820,1,1
901.00,506.000,0.50882,-49.401,30.400,124.789,155.189,248.536,763.464,64.180,-94.811,0.37495,1,1
902.00,506.000,0.51526,-49.486,30.925,124.380,155.305,245.277,766.723,64.303,-94.695,0.37162,1,1
903.00,506.000,0.52185,-49.573,31.448,123.971,155.419,241.945,770.055,64.429,-94.581,0.36820,1,1
904.00,506.000,0.52857,-49.664,31.971,123.561,155.532,238.541,773.459,64.557,-94.468,0.36469,1,1
905.00,506.000,0.53545,-49.758,32.492,123.152,155.644,235.064,776.936,64.688,-94.356,0.36109,1,1
906.00,506.000,0.54246,-49.855,33.010,122.742,155.753,231.515,780.485,64.822,-94.247,0.35739,1,1
907.00,506.000,0.54962,-49.956,33.527,122.333,155.860,227.892,784.108,64.959,-94.140,0.35360,1,1
908.00,506.000,0.55692,-50.061,34.040,121.923,155.963,224.197,787.803,65.099,-94.037,0.34971,1,1
909.00,506.000,0.56437,-50.169,34.550,121.513,156.063,220.429,791.571,65.242,-93.937,0.34571,1,1
910.00,506.000,0.57196,-50.282,35.056,121.104,156.160,216.588,795.412,65.389,-93.840,0.34162,1,1
911.00,506.000,0.57969,-50.398,35.557,120.694,156.251,212.676,799.324,65.538,-93.749,0.33741,1,1
912.00,506.000,0.58756,-50.518,36.053,120.284,156.337,208.693,803.307,65.692,-93.663,0.33310,1,1
913.00,506.000,0.59558,-50.643,36.543,119.874,156.416,204.639,807.361,65.849,-93.584,0.32867,1,1
914.00,506.000,0.60373,-50.772,37.025,119.464,156.489,200.515,811.485,66.009,-93.511,0.32413,1,1
915.00,506.000,0.61201,-50.906,37.500,119.053,156.554,196.323,815.677,66.174,-93.446,0.31947,1,1
916.00,506.000,0.62043,-51.045,37.967,118.643,156.610,192.063,819.937,66.343,-93.390,0.31469,1,1
917.00,506.000,0.62898,-51.188,38.424,118.233,156.656,187.737,824.263,66.516,-93.344,0.30980,1,1
918.00,506.000,0.63765,-51.336,38.869,117.822,156.691,183.347,828.653,66.693,-93.309,0.30478,1,1
919.00,506.000,0.64645,-51.490,39.303,117.411,156.714,178.894,833.106,66.875,-93.286,0.29964,1,1
920.00,506.000,0.65537,-51.649,39.724,117.000,156.724,174.381,837.619,67.062,-93.276,0.29437,1,1
921.00,506.000,0.66441,-51.813,40.130,116.588,156.718,169.810,842.190,67.254,-93.282,0.28897,1,1
922.00,506.000,0.67355,-51.983,40.520,116.176,156.696,165.183,846.817,67.450,-93.304,0.28345,1,1
923.00,506.000,0.68280,-52.159,40.892,115.764,156.656,160.503,851.497,67.652,-93.344,0.27780,1,1
924.00,506.000,0.69215,-52.340,41.245,115.351,156.595,155.774,856.226,67.860,-93.405,0.27201,1,1
925.00,506.000,0.70158,-52.528,41.576,114.937,156.512,150.998,861.002,68.073,-93.488,0.26610,1,1
926.00,506.000,0.71111,-52.723,41.883,114.522,156.405,146.180,865.820,68.292,-93.595,0.26006,1,1
927.00,506.000,0.72070,-52.924,42.164,114.106,156.270,141.324,870.676,68.516,-93.730,0.25389,1,1
928.00,506.000,0.73037,-53.132,42.417,113.688,156.105,136.434,875.566,68.748,-93.895,0.24759,1,1
929.00,506.000,0.74009,-53.347,42.639,113.269,155.908,131.515,880.485,68.985,-94.092,0.24117,1,1
930.00,506.000,0.74986,-53.570,42.827,112.847,155.673,126.572,885.428,69.230,-94.327,0.23462,1,1
931.00,506.000,0.75966,-53.800,42.976,112.423,155.399,121.611,890.389,69.481,-94.601,0.22794,1,1
932.00,506.000,0.76949,-54.038,43.085,111.996,155.081,116.638,895.362,69.740,-94.919,0.22115,1,1
933.00,506.000,0.77933,-54.284,43.148,111.565,154.713,111.660,900.340,70.007,-95.287,0.21425,1,1
934.00,506.000,0.78916,-54.538,43.161,111.130,154.291,106.684,905.316,70.281,-95.709,0.20723,1,1
935.00,506.000,0.79898,-54.801,43.119,110.690,153.810,101.718,910.282,70.564,-96.190,0.20011,1,1
936.00,506.000,0.80876,-55.073,43.017,110.245,153.262,96.770,915.230,70.855,-96.738,0.19289,1,1
937.00,506.000,0.81848,-55.355,42.847,109.792,152.640,91.849,920.151,71.155,-97.360,0.18558,1,1
938.00,506.000,0.82813,-55.646,42.603,109.332,151.935,86.966,925.034,71.464,-98.065,0.17820,1,1
939.00,506.000,0.83769,-55.946,42.277,108.863,151.139,82.131,929.869,71.782,-98.861,0.17075,1,1
940.00,506.000,0.84712,-56.257,41.859,108.382,150.241,77.355,934.645,72.110,-99.759,0.16324,1,1
941.00,506.000,0.85642,-56.578,41.338,107.889,149.228,72.652,939.348,72.447,-100.772,0.15570,1,1
942.00,506.000,0.86554,-56.910,40.704,107.382,148.086,68.034,943.966,72.795,-101.914,0.14814,1,1
943.00,506.000,0.87447,-57.251,39.941,106.858,146.799,63.518,948.482,73.152,-103.201,0.14059,1,1
944.00,506.000,0.88317,-57.603,39.035,106.314,145.348,59.118,952.882,73.518,-104.652,0.13308,1,1
945.00,506.000,0.89159,-57.963,37.966,105.747,143.714,54.853,957.147,73.893,-106.286,0.12563,1,1
946.00,506.000,0.89972,-58.333,36.715,105.155,141.870,50.742,961.258,74.276,-108.130,0.11828,1,1
947.00,506.000,0.90750,-58.709,35.258,104.532,139.790,46.807,965.193,74.666,-110.210,0.11109,1,1
948.00,506.000,0.91488,-59.091,33.568,103.876,137.444,43.069,968.931,75.059,-112.556,0.10409,1,1
949.00,506.000,0.92183,-59.474,31.617,103.180,134.798,39.555,972.445,75.453,-115.202,0.09736,0,1
950.00,506.000,0.92828,-59.855,29.374,102.441,131.815,36.291,975.709,75.843,-118.185,0.09096,0,1
951.00,506.000,0.93418,-60.229,26.807,101.655,128.462,33.307,978.693,76.223,-121.538,0.08498,0,1
952.00,506.000,0.93946,-60.586,23.889,100.815,124.705,30.635,981.365,76.584,-125.295,0.07950,0,1
953.00,506.000,0.94406,-60.918,20.600,99.922,120.522,28.305,983.695,76.918,-129.478,0.07464,0,1
954.00,506.000,0.94792,-61.214,16.935,98.972,115.907,26.353,985.647,77.211,-134.093,0.07050,0,1
955.00,506.000,0.95097,-61.460,12.911,97.971,110.882,24.809,987.191,77.451,-139.118,0.06720,0,1
956.00,506.000,0.95316,-61.644,8.579,96.924,105.503,23.702,988.298,77.624,-144.497,0.06483,0,1
957.00,506.000,0.95444,-61.755,4.021,95.844,99.865,23.056,988.944,77.718,-150.135,0.06348,0,1
958.00,506.000,0.95478,-61.786,359.352,94.746,94.098,22.883,989.117,77.726,-155.902,0.06321,0,1
959.00,506.000,0.95418,-61.732,354.702,93.649,88.351,23.187,988.813,77.645,-161.649,0.06403,0,1
960.00,506.000,0.95264,-61.599,350.199,92.570,82.769,23.963,988.037,77.480,-167.231,0.06592,0,1
961.00,506.000,0.95021,-61.395,345.948,91.524,77.472,25.192,986.808,77.240,-172.528,0.06882,0,1
962.00,506.000,0.94694,-61.130,342.024,90.523,72.548,26.849,985.151,76.936,-177.452,0.07265,0,1
963.00,506.000,0.94288,-60.818,338.466,89.574,68.040,28.904,983.096,76.585,178.040,0.07729,0,1
964.00,506.000,0.93809,-60.472,335.286,88.678,63.963,31.325,980.675,76.197,173.963,0.08264,0,1
965.00,506.000,0.93265,-60.102,332.471,87.835,60.306,34.079,977.921,75.785,170.306,0.08859,0,1
966.00,506.000,0.92662,-59.717,330.001,87.042,57.043,37.132,974.868,75.359,167.043,0.09504,0,1
967.00,506.000,0.92005,-59.325,327.845,86.295,54.140,40.454,971.546,74.925,164.140,0.10190,1,1
968.00,506.000,0.91301,-58.932,325.972,85.591,51.563,44.016,967.984,74.491,161.563,0.10908,1,1
969.00,506.000,0.90555,-58.540,324.352,84.924,49.275,47.791,964.209,74.059,159.275,0.11652,1,1
970.00,506.000,0.89772,-58.154,322.956,84.289,47.245,51.756,960.244,73.632,157.245,0.12415,1,1
971.00,506.000,0.88955,-57.775,321.759,83.684,45.443,55.886,956.114,73.214,155.443,0.13193,1,1
972.00,506.000,0.88110,-57.405,320.738,83.103,43.842,60.162,951.838,72.804,153.842,0.13981,1,1
973.00,506.000,0.87240,-57.044,319.874,82.544,42.418,64.565,947.435,72.405,152.418,0.14776,1,1
974.00,506.000,0.86348,-56.693,319.148,82.005,41.153,69.077,942.923,72.015,151.153,0.15573,1,1
975.00,506.000,0.85438,-56.352,318.546,81.481,40.027,73.684,938.316,71.636,150.027,0.16371,1,1
976.00,506.000,0.84512,-56.022,318.054,80.971,39.025,78.369,933.631,71.268,149.025,0.17168,1,1
977.00,506.000,0.83573,-55.702,317.661,80.473,38.134,83.121,928.879,70.910,148.134,0.17960,1,1
978.00,506.000,0.82623,-55.392,317.356,79.986,37.342,87.927,924.073,70.561,147.342,0.18748,1,1
979.00,506.000,0.81665,-55.091,317.131,79.508,36.639,92.775,919.225,70.223,146.639,0.19528,1,1
980.00,506.000,0.80700,-54.801,316.978,79.037,36.015,97.656,914.344,69.894,146.015,0.20301,1,1
981.00,506.000,0.79731,-54.520,316.890,78.572,35.462,102.560,909.440,69.574,145.462,0.21065,1,1
982.00,506.000,0.78759,-54.247,316.861,78.113,34.973,107.478,904.522,69.263,144.973,0.21819,1,1
983.00,506.000,0.77786,-53.984,316.884,77.658,34.543,112.402,899.598,68.960,144.543,0.22562,1,1
984.00,506.000,0.76813,-53.729,316.956,77.207,34.164,117.324,894.676,68.665,144.164,0.23295,1,1
985.00,506.000,0.75842,-53.482,317.073,76.760,33.833,122.238,889.762,68.379,143.833,0.24016,1,1
986.00,506.000,0.74874,-53.243,317.228,76.315,33.544,127.137,884.863,68.099,143.544,0.24725,1,1
987.00,506.000,0.73910,-53.012,317.421,75.873,33.294,132.016,879.984,67.827,143.294,0.25422,1,1
988.00,506.000,0.72951,-52.789,317.646,75.432,33.078,136.869,875.131,67.562,143.078,0.26106,1,1
989.00,506.000,0.71998,-52.572,317.902,74.993,32.895,141.690,870.310,67.304,142.895,0.26778,1,1
990.00,506.000,0.71052,-52.363,318.185,74.555,32.740,146.476,865.524,67.051,142.740,0.27437,1,1
991.00,506.000,0.70114,-52.160,318.494,74.118,32.611,151.222,860.778,66.806,142.611,0.28083,1,1
992.00,506.000,0.69185,-51.964,318.825,73.681,32.506,155.925,856.075,66.566,142.506,0.28716,1,1
993.00,506.000,0.68265,-51.774,319.177,73.245,32.423,160.581,851.419,66.331,142.423,0.29335,1,1
994.00,506.000,0.67355,-51.590,319.548,72.810,32.358,165.186,846.814,66.103,142.358,0.29943,1,1
995.00,506.000,0.66455,-51.412,319.936,72.375,32.311,169.738,842.262,65.880,142.311,0.30537,1,1
996.00,506.000,0.65567,-51.240,320.340,71.940,32.280,174.233,837.767,65.661,142.280,0.31118,1,1
997.00,506.000,0.64690,-51.074,320.758,71.505,32.263,178.671,833.329,65.448,142.263,0.31686,1,1
998.00,506.000,0.63824,-50.913,321.189,71.070,32.259,183.048,828.952,65.240,142.259,0.32242,1,1
999.00,506.000,0.62972,-50.758,321.631,70.635,32.266,187.363,824.637,65.036,142.266,0.32786,1,1
1000.00,506.000,0.62132,-50.607,322.084,70.200,32.284,191.614,820.386,64.837,142.284,0.33317,1,1
1001.00,506.000,0.61304,-50.462,322.547,69.765,32.311,195.799,816.201,64.641,142.311,0.33836,1,1
1002.00,506.000,0.60491,-50.321,323.017,69.329,32.347,199.918,812.082,64.451,142.347,0.34343,1,1
1003.00,506.000,0.59690,-50.185,323.496,68.894,32.389,203.968,808.032,64.264,142.389,0.34839,1,1
1004.00,506.000,0.58903,-50.053,323.981,68.458,32.439,207.950,804.050,64.081,142.439,0.35323,1,1
1005.00,506.000,0.58130,-49.926,324.472,68.022,32.494,211.863,800.137,63.901,142.494,0.35796,1,1
1006.00,506.000,0.57371,-49.803,324.968,67.586,32.554,215.705,796.295,63.726,142.554,0.36257,1,1
1007.00,506.000,0.56625,-49.685,325.469,67.150,32.618,219.476,792.524,63.553,142.618,0.36708,1,1
1008.00,506.000,0.55894,-49.570,325.973,66.713,32.687,223.176,788.824,63.384,142.687,0.37149,1,1
1009.00,506.000,0.55177,-49.459,326.482,66.277,32.758,226.805,785.195,63.219,142.758,0.37579,1,1
1010.00,506.000,0.54474,-49.352,326.993,65.840,32.832,230.363,781.637,63.056,142.832,0.37999,1,1
1011.00,506.000,0.53785,-49.249,327.506,65.403,32.909,233.848,778.152,62.897,142.909,0.38409,1,1
1012.00,506.000,0.53110,-49.149,328.022,64.966,32.987,237.263,774.737,62.740,142.987,0.38809,1,1
1013.00,506.000,0.52449,-49.053,328.539,64.528,33.067,240.606,771.394,62.586,143.067,0.39201,1,1
1014.00,506.000,0.51803,-48.960,329.057,64.091,33.148,243.879,768.121,62.435,143.148,0.39583,1,1
1015.00,506.000,0.51170,-48.870,329.577,63.653,33.230,247.080,764.920,62.286,143.230,0.39956,1,1
1016.00,506.000,0.50551,-48.784,330.096,63.216,33.312,250.211,761.789,62.139,143.312,0.40321,1,1
1017.00,506.000,0.49946,-48.700,330.617,62.778,33.394,253.273,758.727,61.995,143.394,0.40678,1,1
1018.00,506.000,0.49355,-48.619,331.137,62.340,33.477,256.265,755.735,61.854,143.477,0.41027,1,1
1019.00,506.000,0.48777,-48.541,331.657,61.902,33.559,259.188,752.812,61.714,143.559,0.41367,1,1
1020.00,506.000,0.48213,-48.466,332.177,61.464,33.640,262.043,749.957,61.577,143.640,0.41701,1,1
1021.00,506.000,0.47662,-48.394,332.696,61.025,33.721,264.830,747.170,61.441,143.721,0.42027,1,1
1022.00,506.000,0.47125,-48.324,333.215,60.587,33.801,267.550,744.450,61.308,143.801,0.42345,1,1
1023.00,506.000,0.46600,-48.256,333.732,60.148,33.881,270.204,741.796,61.176,143.881,0.42657,1,1
1024.00,506.000,0.46089,-48.191,334.249,59.710,33.958,272.792,739.208,61.046,143.958,0.42963,1,1
1025.00,506.000,0.45590,-48.129,334.764,59.271,34.035,275.315,736.685,60.918,144.035,0.43261,1,1
1026.00,506.000,0.45104,-48.068,335.278,58.832,34.110,277.774,734.226,60.791,144.110,0.43554,1,1
1027.00,506.000,0.44630,-48.010,335.791,58.393,34.184,280.170,731.830,60.666,144.184,0.43841,1,1
1028.00,506.000,0.44169,-47.954,336.303,57.954,34.257,282.504,729.496,60.542,144.257,0.44121,1,1
1029.00,506.000,0.43720,-47.899,336.812,57.515,34.327,284.775,727.225,60.420,144.327,0.44397,1,1
1030.00,506.000,0.43283,-47.847,337.321,57.075,34.396,286.986,725.014,60.299,144.396,0.44666,1,1
1031.00,506.000,0.42859,-47.797,337.827,56.636,34.463,289.136,722.864,60.179,144.463,0.44931,1,1
1032.00,506.000,0.42445,-47.748,338.332,56.196,34.528,291.227,720.773,60.060,144.528,0.45190,1,1
1033.00,506.000,0.42044,-47.702,338.836,55.756,34.592,293.259,718.741,59.943,144.592,0.45445,1,1
1034.00,506.000,0.41653,-47.657,339.337,55.316,34.653,295.233,716.767,59.826,144.653,0.45695,1,1
1035.00,506.000,0.41275,-47.614,339.837,54.876,34.713,297.151,714.849,59.711,144.713,0.45940,1,1
1036.00,506.000,0.40907,-47.572,340.335,54.436,34.771,299.012,712.988,59.596,144.771,0.46181,1,1
1037.00,506.000,0.40550,-47.532,340.831,53.995,34.826,300.818,711.182,59.483,144.826,0.46417,1,1
1038.00,506.000,0.40204,-47.493,341.326,53.554,34.880,302.569,709.431,59.370,144.880,0.46650,1,1
1039.00,506.000,0.39868,-47.456,341.819,53.113,34.931,304.266,707.734,59.258,144.931,0.46879,1,1
1040.00,506.000,0.39544,-47.421,342.310,52.671,34.981,305.910,706.090,59.147,144.981,0.47103,1,1
1041.00,506.000,0.39229,-47.386,342.799,52.230,35.028,307.501,704.499,59.037,145.028,0.47325,1,1
1042.00,506.000,0.38925,-47.354,343.287,51.787,35.074,309.041,702.959,58.927,145.074,0.47542,1,1
1043.00,506.000,0.38631,-47.322,343.772,51.345,35.118,310.529,701.471,58.818,145.118,0.47756,1,1
1044.00,506.000,0.38346,-47.292,344.257,50.902,35.159,311.968,700.032,58.710,145.159,0.47967,1,1
1045.00,506.000,0.38072,-47.262,344.739,50.459,35.199,313.356,698.644,58.602,145.199,0.48175,1,1
1046.00,506.000,0.37807,-47.235,345.220,50.016,35.236,314.696,697.304,58.495,145.236,0.48379,1,1
1047.00,506.000,0.37552,-47.208,345.700,49.572,35.272,315.987,696.013,58.388,145.272,0.48581,1,1
1048.00,506.000,0.37306,-47.182,346.178,49.128,35.305,317.230,694.770,58.281,145.305,0.48779,1,1
1049.00,506.000,0.37070,-47.158,346.654,48.683,35.337,318.427,693.573,58.175,145.337,0.48975,1,1
1050.00,506.000,0.36843,-47.134,347.129,48.238,35.367,319.576,692.424,58.070,145.367,0.49169,1,1
1051.00,506.000,0.36624,-47.112,347.603,47.792,35.395,320.680,691.320,57.964,145.395,0.49359,1,1
1052.00,506.000,0.36415,-47.090,348.076,47.346,35.421,321.738,690.262,57.859,145.421,0.49547,1,1
1053.00,506.000,0.36215,-47.070,348.547,46.899,35.446,322.752,689.248,57.755,145.446,0.49733,1,1
1054.00,506.000,0.36024,-47.051,349.017,46.452,35.468,323.721,688.279,57.650,145.468,0.49916,1,1
1055.00,506.000,0.35841,-47.032,349.485,46.004,35.489,324.646,687.354,57.546,145.489,0.50097,1,1
1056.00,506.000,0.35666,-47.015,349.953,45.555,35.508,325.528,686.472,57.442,145.508,0.50276,1,1
1057.00,506.000,0.35501,-46.998,350.420,45.106,35.526,326.366,685.634,57.339,145.526,0.50452,1,1
1058.00,506.000,0.35343,-46.982,350.885,44.656,35.541,327.163,684.837,57.235,145.541,0.50627,1,1
1059.00,506.000,0.35194,-46.967,351.350,44.206,35.555,327.917,684.083,57.132,145.555,0.50799,1,1
1060.00,506.000,0.35053,-46.953,351.814,43.755,35.568,328.630,683.370,57.028,145.568,0.50969,1,1
1061.00,506.000,0.34921,-46.940,352.277,43.303,35.579,329.301,682.699,56.925,145.579,0.51138,1,1
1062.00,506.000,0.34796,-46.928,352.739,42.850,35.589,329.931,682.069,56.822,145.589,0.51304,1,1
1063.00,506.000,0.34680,-46.916,353.200,42.397,35.597,330.521,681.479,56.719,145.597,0.51469,1,1
1064.00,506.000,0.34571,-46.906,353.661,41.942,35.603,331.071,680.929,56.616,145.603,0.51632,1,1
1065.00,506.000,0.34470,-46.896,354.122,41.487,35.609,331.580,680.420,56.513,145.609,0.51793,1,1
1066.00,506.000,0.34377,-46.887,354.581,41.031,35.613,332.051,679.949,56.410,145.613,0.51952,1,1
1067.00,506.000,0.34292,-46.878,355.041,40.575,35.615,332.481,679.519,56.307,145.615,0.52110,1,1
1068.00,506.000,0.34215,-46.871,355.500,40.117,35.617,332.873,679.127,56.205,145.617,0.52266,1,1
1069.00,506.000,0.34145,-46.864,355.959,39.658,35.617,333.226,678.774,56.102,145.617,0.52420,1,1
1070.00,506.000,0.34083,-46.858,356.417,39.199,35.616,333.540,678.460,55.999,145.616,0.52573,1,1
1071.00,506.000,0.34028,-46.852,356.876,38.738,35.614,333.816,678.184,55.896,145.614,0.52724,1,1
1072.00,506.000,0.33981,-46.847,357.334,38.277,35.610,334.054,677.946,55.793,145.610,0.52873,1,1
1073.00,506.000,0.33942,-46.844,357.792,37.814,35.606,334.254,677.746,55.690,145.606,0.53021,1,1
1074.00,506.000,0.33910,-46.840,358.250,37.350,35.601,334.415,677.585,55.587,145.601,0.53167,1,1
1075.00,506.000,0.33885,-46.838,358.709,36.886,35.594,334.540,677.460,55.483,145.594,0.53312,1,1
1076.00,506.000,0.33868,-46.836,359.167,36.420,35.587,334.626,677.374,55.380,145.587,0.53455,1,1
1077.00,506.000,0.33859,-46.835,359.626,35.953,35.579,334.675,677.325,55.277,145.579,0.53597,1,1
1078.00,506.000,0.33856,-46.835,0.085,35.485,35.570,334.687,677.313,55.173,145.570,0.53737,1,1
1079.00,506.000,0.33861,-46.836,0.544,35.015,35.560,334.662,677.338,55.070,145.560,0.53875,1,1
1080.00,506.000,0.33874,-46.837,1.004,34.545,35.549,334.599,677.401,54.966,145.549,0.54012,1,1
1081.00,506.000,0.33893,-46.839,1.465,34.073,35.538,334.499,677.501,54.862,145.538,0.54148,1,1
1082.00,506.000,0.33921,-46.842,1.925,33.600,35.525,334.362,677.638,54.759,145.525,0.54281,1,1
1083.00,506.000,0.33955,-46.845,2.387,33.126,35.513,334.188,677.812,54.655,145.513,0.54413,1,1
1084.00,506.000,0.33997,-46.849,2.849,32.650,35.499,333.977,678.023,54.551,145.499,0.54544,1,1
1085.00,506.000,0.34046,-46.854,3.312,32.173,35.485,333.728,678.272,54.446,145.485,0.54673,1,1
1086.00,506.000,0.34102,-46.860,3.776,31.694,35.470,333.443,678.557,54.342,145.470,0.54800,1,1
1087.00,506.000,0.34166,-46.867,4.241,31.214,35.455,333.120,678.880,54.238,145.455,0.54926,1,1
1088.00,506.000,0.34237,-46.874,4.706,30.733,35.439,332.761,679.239,54.133,145.439,0.55049,1,1
1089.00,506.000,0.34315,-46.882,5.173,30.250,35.423,332.364,679.636,54.029,145.423,0.55171,1,1
1090.00,506.000,0.34401,-46.891,5.641,29.766,35.407,331.930,680.070,53.924,145.407,0.55292,1,1
1091.00,506.000,0.34494,-46.901,6.110,29.280,35.390,331.458,680.542,53.819,145.390,0.55410,1,1
1092.00,506.000,0.34595,-46.912,6.580,28.793,35.373,330.949,681.051,53.714,145.373,0.55527,1,1
1093.00,506.000,0.34703,-46.924,7.051,28.304,35.355,330.403,681.597,53.609,145.355,0.55642,1,1
1094.00,506.000,0.34818,-46.936,7.524,27.813,35.337,329.818,682.182,53.505,145.337,0.55754,1,1
1095.00,506.000,0.34941,-46.949,7.998,27.321,35.319,329.197,682.803,53.399,145.319,0.55865,1,1
1096.00,506.000,0.35072,-46.964,8.474,26.827,35.301,328.537,683.463,53.294,145.301,0.55974,1,1
1097.00,506.000,0.35210,-46.979,8.951,26.331,35.282,327.839,684.161,53.189,145.282,0.56080,1,1
1098.00,506.000,0.35355,-46.995,9.429,25.834,35.263,327.103,684.897,53.084,145.263,0.56185,1,1
1099.00,506.000,0.35508,-47.012,9.910,25.335,35.244,326.328,685.672,52.979,145.244,0.56287,1,1
1100.00,506.000,0.35669,-47.031,10.392,24.834,35.225,325.515,686.485,52.874,145.225,0.56387,1,1
1101.00,506.000,0.35837,-47.050,10.875,24.331,35.206,324.664,687.336,52.769,145.206,0.56484,1,1
1102.00,506.000,0.36013,-47.070,11.361,23.826,35.187,323.773,688.227,52.664,145.187,0.56579,1,1
1103.00,506.000,0.36197,-47.092,11.848,23.320,35.168,322.844,689.156,52.559,145.168,0.56672,1,1
1104.00,506.000,0.36388,-47.114,12.338,22.812,35.149,321.875,690.125,52.454,145.149,0.56762,1,1
1105.00,506.000,0.36588,-47.138,12.829,22.301,35.130,320.867,691.133,52.350,145.130,0.56849,1,1
1106.00,506.000,0.36795,-47.163,13.322,21.789,35.111,319.819,692.181,52.245,145.111,0.56933,1,1
1107.00,506.000,0.37010,-47.189,13.817,21.275,35.092,318.731,693.269,52.141,145.092,0.57015,1,1
1108.00,506.000,0.37232,-47.216,14.315,20.759,35.073,317.604,694.396,52.036,145.073,0.57093,1,1
1109.00,506.000,0.37463,-47.244,14.814,20.240,35.054,316.436,695.564,51.932,145.054,0.57169,1,1
1110.00,506.000,0.37702,-47.274,15.316,19.720,35.036,315.228,696.772,51.828,145.036,0.57241,1,1
1111.00,506.000,0.37949,-47.306,15.820,19.198,35.017,313.979,698.021,51.725,145.017,0.57310,1,1
1112.00,506.000,0.38204,-47.338,16.326,18.673,34.999,312.689,699.311,51.622,144.999,0.57376,1,1
1113.00,506.000,0.38467,-47.372,16.835,18.146,34.981,311.358,700.642,51.519,144.981,0.57438,1,1
1114.00,506.000,0.38738,-47.408,17.346,17.618,34.963,309.986,702.014,51.416,144.963,0.57496,1,1
1115.00,506.000,0.39017,-47.445,17.859,17.087,34.946,308.573,703.427,51.314,144.946,0.57551,1,1
1116.00,506.000,0.39305,-47.484,18.375,16.554,34.928,307.117,704.883,51.213,144.928,0.57601,1,1
1117.00,506.000,0.39601,-47.524,18.893,16.018,34.911,305.620,706.380,51.112,144.911,0.57648,1,1
1118.00,506.000,0.39905,-47.566,19.414,15.481,34.894,304.081,707.919,51.011,144.894,0.57690,1,1
1119.00,506.000,0.40218,-47.610,19.937,14.941,34.878,302.499,709.501,50.911,144.878,0.57728,1,1
1120.00,506.000,0.40538,-47.655,20.463,14.399,34.862,300.875,711.125,50.812,144.862,0.57762,1,1
1121.00,506.000,0.40868,-47.703,20.991,13.855,34.846,299.209,712.791,50.713,144.846,0.57791,1,1
1122.00,506.000,0.41206,-47.752,21.522,13.308,34.830,297.499,714.501,50.616,144.830,0.57815,1,1
1123.00,506.000,0.41552,-47.803,22.056,12.759,34.815,295.747,716.253,50.519,144.815,0.57834,1,1
1124.00,506.000,0.41907,-47.856,22.592,12.208,34.800,293.952,718.048,50.422,144.800,0.57848,1,1
1125.00,506.000,0.42270,-47.912,23.131,11.654,34.786,292.113,719.887,50.327,144.786,0.57856,1,1
1126.00,506.000,0.42642,-47.969,23.673,11.099,34.772,290.231,721.769,50.233,144.772,0.57860,1,1
1127.00,506.000,0.43023,-48.029,24.218,10.541,34.758,288.306,723.694,50.140,144.758,0.57857,1,1
1128.00,506.000,0.43412,-48.091,24.765,9.980,34.745,286.337,725.663,50.048,144.745,0.57848,1,1
1129.00,506.000,0.43809,-48.155,25.314,9.418,34.732,284.324,727.676,49.957,144.732,0.57834,1,1
1130.00,506.000,0.44216,-48.222,25.867,8.853,34.719,282.268,729.732,49.867,144.719,0.57813,1,1
1131.00,506.000,0.44631,-48.291,26.422,8.285,34.707,280.168,731.832,49.779,144.707,0.57785,1,1
1132.00,506.000,0.45055,-48.363,26.980,7.716,34.696,278.024,733.976,49.693,144.696,0.57751,1,1
1133.00,506.000,0.45487,-48.437,27.541,7.144,34.685,275.836,736.164,49.607,144.685,0.57710,1,1
1134.00,506.000,0.45928,-48.514,28.104,6.570,34.674,273.605,738.395,49.524,144.674,0.57662,1,1
1135.00,506.000,0.46378,-48.594,28.670,5.994,34.664,271.330,740.670,49.442,144.664,0.57606,1,1
1136.00,506.000,0.46836,-48.676,29.238,5.415,34.654,269.011,742.989,49.362,144.654,0.57543,1,1
1137.00,506.000,0.47303,-48.762,29.810,4.835,34.644,266.649,745.351,49.284,144.644,0.57472,1,1
1138.00,506.000,0.47778,-48.851,30.383,4.252,34.636,264.243,747.757,49.208,144.636,0.57393,1,1
1139.00,506.000,0.48262,-48.943,30.960,3.668,34.627,261.794,750.206,49.134,144.627,0.57305,1,1
1140.00,506.000,0.48755,-49.038,31.539,3.081,34.620,259.302,752.698,49.062,144.620,0.57209,1,1
1141.00,506.000,0.49255,-49.136,32.120,2.492,34.612,256.767,755.233,48.993,144.612,0.57104,1,1
1142.00,506.000,0.49765,-49.238,32.704,1.902,34.605,254.190,757.810,48.926,144.605,0.56990,1,1
1143.00,506.000,0.50283,-49.343,33.290,1.309,34.599,251.569,760.431,48.861,144.599,0.56867,1,1
1144.00,506.000,0.50809,-49.452,33.879,0.715,34.594,248.907,763.093,48.800,144.594,0.56734,1,1
1145.00,506.000,0.51343,-49.565,34.470,0.119,34.589,246.203,765.797,48.741,144.589,0.56591,1,1
1146.00,506.000,0.51886,-49.681,35.063,359.521,34.584,243.458,768.542,48.685,144.584,0.56438,1,1
1147.00,506.000,0.52437,-49.801,35.658,358.922,34.580,240.671,771.329,48.632,144.580,0.56274,1,1
1148.00,506.000,0.52995,-49.925,36.256,358.321,34.577,237.844,774.156,48.583,144.577,0.56100,1,1
1149.00,506.000,0.53562,-50.054,36.855,357.719,34.575,234.976,777.024,48.536,144.575,0.55915,1,1
1150.00,506.000,0.54137,-50.186,37.457,357.116,34.573,232.069,779.931,48.494,144.573,0.55719,1,1
1151.00,506.000,0.54719,-50.322,38.060,356.512,34.572,229.123,782.877,48.455,144.572,0.55512,1,1
1152.00,506.000,0.55309,-50.463,38.665,355.906,34.571,226.138,785.862,48.419,144.571,0.55292,1,1
1153.00,506.000,0.55906,-50.609,39.272,355.300,34.572,223.115,788.885,48.388,144.572,0.55061,1,1
1154.00,506.000,0.56511,-50.759,39.880,354.693,34.573,220.055,791.945,48.361,144.573,0.54817,1,1
1155.00,506.000,0.57123,-50.913,40.490,354.085,34.575,216.958,795.042,48.338,144.575,0.54561,1,1
1156.00,506.000,0.57742,-51.073,41.101,353.477,34.578,213.825,798.175,48.319,144.578,0.54292,1,1
1157.00,506.000,0.58368,-51.237,41.714,352.868,34.582,210.657,801.343,48.305,144.582,0.54010,1,1
1158.00,506.000,0.59001,-51.406,42.327,352.259,34.586,207.454,804.546,48.296,144.586,0.53714,1,1
1159.00,506.000,0.59641,-51.580,42.942,351.650,34.592,204.218,807.782,48.292,144.592,0.53405,1,1
1160.00,506.000,0.60287,-51.760,43.558,351.041,34.599,200.950,811.050,48.293,144.599,0.53082,1,1
1161.00,506.000,0.60939,-51.944,44.174,350.432,34.606,197.649,814.351,48.299,144.606,0.52745,1,1
1162.00,506.000,0.61597,-52.134,44.791,349.824,34.615,194.318,817.682,48.311,144.615,0.52394,1,1
1163.00,506.000,0.62261,-52.329,45.408,349.217,34.625,190.957,821.043,48.328,144.625,0.52028,1,1
1164.00,506.000,0.62931,-52.530,46.025,348.610,34.636,187.567,824.433,48.351,144.636,0.51647,1,1
1165.00,506.000,0.63607,-52.736,46.643,348.005,34.648,184.150,827.850,48.380,144.648,0.51251,1,1
1166.00,506.000,0.64287,-52.949,47.261,347.400,34.661,180.706,831.294,48.415,144.661,0.50840,1,1
1167.00,506.000,0.64973,-53.166,47.878,346.797,34.675,177.236,834.764,48.457,144.675,0.50413,1,1
1168.00,506.000,0.65663,-53.390,48.495,346.196,34.691,173.743,838.257,48.504,144.691,0.49971,1,1
1169.00,506.000,0.66358,-53.620,49.111,345.597,34.708,170.226,841.774,48.559,144.708,0.49513,1,1
1170.00,506.000,0.67058,-53.856,49.726,345.000,34.726,166.688,845.312,48.620,144.726,0.49039,1,1
1171.00,506.000,0.67761,-54.097,50.340,344.405,34.745,163.130,848.870,48.689,144.745,0.48549,1,1
1172.00,506.000,0.68468,-54.345,50.953,343.813,34.766,159.552,852.448,48.764,144.766,0.48042,1,1
1173.00,506.000,0.69178,-54.600,51.564,343.223,34.787,155.957,856.043,48.847,144.787,0.47519,1,1
1174.00,506.000,0.69892,-54.860,52.174,342.637,34.810,152.346,859.654,48.938,144.810,0.46980,1,1
1175.00,506.000,0.70609,-55.127,52.781,342.053,34.834,148.721,863.279,49.036,144.834,0.46424,1,1
1176.00,506.000,0.71328,-55.401,53.386,341.474,34.860,145.082,866.918,49.142,144.860,0.45851,1,1
1177.00,506.000,0.72049,-55.681,53.988,340.898,34.886,141.433,870.567,49.256,144.886,0.45261,1,1
1178.00,506.000,0.72772,-55.968,54.588,340.326,34.913,137.773,874.227,49.378,144.913,0.44655,1,1
1179.00,506.000,0.73497,-56.261,55.184,339.758,34.941,134.106,877.894,49.508,144.941,0.44032,1,1
1180.00,506.000,0.74223,-56.562,55.776,339.194,34.970,130.432,881.568,49.647,144.970,0.43391,1,1
1181.00,506.000,0.74950,-56.869,56.364,338.635,35.000,126.753,885.247,49.795,145.000,0.42734,1,1
1182.00,506.000,0.75677,-57.183,56.948,338.081,35.029,123.072,888.928,49.951,145.029,0.42060,1,1
1183.00,506.000,0.76405,-57.504,57.527,337.532,35.060,119.391,892.609,50.116,145.060,0.41369,1,1
1184.00,506.000,0.77132,-57.832,58.101,336.989,35.090,115.710,896.290,50.291,145.090,0.40662,1,1
1185.00,506.000,0.77859,-58.168,58.669,336.450,35.120,112.033,899.967,50.474,145.120,0.39938,1,1
1186.00,506.000,0.78585,-58.510,59.231,335.918,35.149,108.361,903.639,50.667,145.149,0.39197,1,1
1187.00,506.000,0.79309,-58.861,59.787,335.391,35.178,104.696,907.304,50.870,145.178,0.38440,1,1
1188.00,506.000,0.80031,-59.218,60.335,334.870,35.205,101.041,910.959,51.082,145.205,0.37666,1,0
1189.00,506.000,0.80752,-59.584,60.875,334.355,35.230,97.397,914.603,51.304,145.230,0.36877,1,0
1190.00,506.000,0.81469,-59.957,61.407,333.847,35.254,93.768,918.232,51.536,145.254,0.36071,1,0
1191.00,506.000,0.82183,-60.338,61.930,333.344,35.274,90.155,921.845,51.778,145.274,0.35250,1,0
1192.00,506.000,0.82893,-60.727,62.444,332.848,35.292,86.560,925.440,52.031,145.292,0.34413,1,0
1193.00,506.000,0.83599,-61.125,62.946,332.359,35.305,82.987,929.013,52.295,145.305,0.33561,1,0
1194.00,506.000,0.84301,-61.531,63.438,331.876,35.314,79.437,932.563,52.569,145.314,0.32694,1,0
1195.00,506.000,0.84997,-61.946,63.917,331.399,35.317,75.914,936.086,52.854,145.317,0.31812,1,0
1196.00,506.000,0.85688,-62.371,64.384,330.929,35.313,72.419,939.581,53.151,145.313,0.30916,1,0
1197.00,506.000,0.86372,-62.804,64.836,330.466,35.302,68.956,943.044,53.460,145.302,0.30005,1,0
1198.00,506.000,0.87050,-63.248,65.273,330.008,35.281,65.527,946.473,53.781,145.281,0.29081,1,0
1199.00,506.000,0.87720,-63.703,65.694,329.557,35.251,62.136,949.864,54.115,145.251,0.28143,1,0
1200.00,506.000,0.88383,-64.168,66.097,329.112,35.209,58.784,953.216,54.461,145.209,0.27192,1,0
1201.00,506.000,0.89036,-64.645,66.481,328.672,35.153,55.476,956.524,54.821,145.153,0.26228,1,0
1202.00,506.000,0.89681,-65.134,66.844,328.238,35.083,52.214,959.786,55.196,145.083,0.25252,1,0
1203.00,506.000,0.90316,-65.637,67.185,327.809,34.994,49.002,962.998,55.586,144.994,0.24263,1,0
1204.00,506.000,0.90940,-66.154,67.502,327.384,34.886,45.842,966.158,55.992,144.886,0.23263,1,0
1205.00,506.000,0.91554,-66.687,67.792,326.964,34.755,42.738,969.262,56.415,144.755,0.22251,1,0
1206.00,506.000,0.92155,-67.237,68.052,326.546,34.598,39.694,972.306,56.856,144.598,0.21228,0,0
1207.00,506.000,0.92744,-67.805,68.280,326.131,34.411,36.714,975.286,57.317,144.411,0.20194,0,0
1208.00,506.000,0.93320,-68.395,68.473,325.716,34.189,33.800,978.200,57.800,144.189,0.19149,0,0
1209.00,506.000,0.93882,-69.007,68.626,325.302,33.928,30.959,981.041,58.306,143.928,0.18095,0,0
1210.00,506.000,0.94428,-69.646,68.735,324.886,33.621,28.192,983.808,58.839,143.621,0.17031,0,0
1211.00,506.000,0.94959,-70.314,68.793,324.467,33.260,25.506,986.494,59.401,143.260,0.15957,0,0
1212.00,506.000,0.95473,-71.016,68.794,324.042,32.836,22.906,989.094,59.996,142.836,0.14875,0,0
1213.00,506.000,0.95969,-71.757,68.729,323.607,32.337,20.395,991.605,60.628,142.337,0.13785,0,0
1214.00,506.000,0.96447,-72.543,68.587,323.160,31.747,17.981,994.019,61.304,141.747,0.12686,0,0
1215.00,506.000,0.96904,-73.383,68.352,322.695,31.047,15.668,996.332,62.029,141.047,0.11581,0,0
1216.00,506.000,0.97339,-74.286,68.004,322.206,30.210,13.465,998.535,62.814,140.210,0.10470,0,0
1217.00,506.000,0.97751,-75.267,67.517,321.682,29.199,11.378,1000.622,63.669,139.199,0.09353,0,0
1218.00,506.000,0.98139,-76.343,66.850,321.112,27.962,9.417,1002.583,64.611,137.962,0.08234,0,0
1219.00,506.000,0.98500,-77.538,65.943,320.477,26.420,7.591,1004.409,65.659,136.420,0.07113,0,0
1220.00,506.000,0.98831,-78.887,64.700,319.747,24.447,5.913,1006.087,66.844,134.447,0.05994,0,0
1221.00,506.000,0.99131,-80.441,62.954,318.876,21.830,4.396,1007.604,68.208,131.830,0.04883,0,0
1222.00,506.000,0.99200,-82.278,60.390,317.779,18.169,4.048,1007.952,69.816,128.169,0.04356,0,0
1223.00,506.000,0.99200,-84.196,57.045,316.512,13.557,4.048,1007.952,71.481,123.557,0.04010,0,1
1224.00,506.000,0.99200,-86.083,52.836,315.092,7.928,4.048,1007.952,73.102,117.928,0.03669,0,1
1225.00,506.000,0.99200,-87.904,47.482,313.485,0.967,4.048,1007.952,74.640,110.967,0.03344,0,1
1226.00,506.000,0.99200,-89.599,40.648,311.655,352.303,4.048,1007.952,76.034,102.303,0.03047,0,1
1227.00,506.000,0.99200,-91.077,32.015,309.573,341.588,4.048,1007.952,77.195,91.588,0.02798,0,1
1228.00,506.000,0.99200,-92.217,21.488,307.244,328.732,4.048,1007.952,78.013,78.732,0.02622,0,1
1229.00,506.000,0.99200,-92.896,9.490,304.730,314.220,4.048,1007.952,78.377,64.220,0.02543,0,1
1230.00,506.000,0.99200,-93.039,357.038,302.146,299.184,4.048,1007.952,78.230,49.184,0.02575,0,1
1231.00,506.000,0.99119,-92.656,345.297,299.620,284.917,4.460,1007.540,77.595,34.917,0.02846,0,1
1232.00,506.000,0.98935,-91.871,335.483,297.345,272.828,5.388,1006.612,76.610,22.828,0.03370,0,1
1233.00,506.000,0.98663,-90.873,327.904,295.409,263.313,6.765,1005.235,75.460,13.313,0.04092,0,1
1234.00,506.000,0.98316,-89.803,322.200,293.788,255.987,8.524,1003.476,74.276,5.987,0.04953,0,1
1235.00,506.000,0.97904,-88.739,317.895,292.421,250.316,10.607,1001.393,73.125,0.316,0.05912,0,1
1236.00,506.000,0.97437,-87.716,314.603,291.251,245.854,12.970,999.030,72.035,-4.146,0.06939,0,1
1237.00,506.000,0.96921,-86.748,312.050,290.230,242.281,15.578,996.422,71.013,-7.719,0.08011,0,1
1238.00,506.000,0.96363,-85.836,310.046,289.324,239.370,18.401,993.599,70.058,-10.630,0.09114,0,1
1239.00,506.000,0.95768,-84.979,308.460,288.504,236.964,21.414,990.586,69.165,-13.036,0.10238,0,1
1240.00,506.000,0.95139,-84.174,307.197,287.753,234.950,24.596,987.404,68.328,-15.050,0.11373,0,1
1241.00,506.000,0.94481,-83.414,306.192,287.055,233.247,27.929,984.071,67.542,-16.753,0.12516,0,1
1242.00,506.000,0.93795,-82.696,305.396,286.399,231.794,31.397,980.603,66.802,-18.206,0.13659,0,1
1243.00,506.000,0.93086,-82.016,304.771,285.775,230.547,34.986,977.014,66.103,-19.453,0.14801,0,1
1244.00,506.000,0.92355,-81.370,304.290,285.178,229.469,38.683,973.317,65.440,-20.531,0.15939,0,1
1245.00,506.000,0.91605,-80.755,303.931,284.602,228.533,42.477,969.523,64.810,-21.467,0.17070,1,1
1246.00,506.000,0.90839,-80.167,303.675,284.043,227.718,46.357,965.643,64.210,-22.282,0.18192,1,1
1247.00,506.000,0.90057,-79.605,303.510,283.496,227.005,50.314,961.686,63.638,-22.995,0.19304,1,1
1248.00,506.000,0.89261,-79.067,303.423,282.959,226.381,54.339,957.661,63.090,-23.619,0.20404,1,1
1249.00,506.000,0.88454,-78.549,303.404,282.429,225.834,58.424,953.576,62.565,-24.166,0.21492,1,1
1250.00,506.000,0.87636,-78.051,303.447,281.906,225.352,62.560,949.440,62.061,-24.648,0.22567,1,1
1251.00,506.000,0.86810,-77.571,303.543,281.386,224.930,66.742,945.258,61.576,-25.070,0.23628,1,1
1252.00,506.000,0.85976,-77.108,303.688,280.869,224.558,70.963,941.037,61.110,-25.442,0.24673,1,1
1253.00,506.000,0.85135,-76.661,303.877,280.354,224.230,75.216,936.784,60.661,-25.770,0.25704,1,1
1254.00,506.000,0.84289,-76.228,304.104,279.839,223.943,79.496,932.504,60.228,-26.057,0.26718,1,1
1255.00,506.000,0.83439,-75.810,304.366,279.324,223.691,83.796,928.204,59.811,-26.309,0.27716,1,1
1256.00,506.000,0.82586,-75.404,304.660,278.809,223.469,88.113,923.887,59.408,-26.531,0.28696,1,1
1257.00,506.000,0.81731,-75.011,304.983,278.292,223.275,92.442,919.558,59.019,-26.725,0.29660,1,1
1258.00,506.000,0.80874,-74.630,305.332,277.774,223.106,96.777,915.223,58.644,-26.894,0.30606,1,1
1259.00,506.000,0.80017,-74.261,305.705,277.253,222.959,101.114,910.886,58.281,-27.041,0.31533,1,1
1260.00,506.000,0.79160,-73.902,306.100,276.731,222.830,105.450,906.550,57.931,-27.170,0.32443,1,1
1261.00,506.000,0.78304,-73.553,306.514,276.206,222.719,109.781,902.219,57.592,-27.281,0.33334,1,1
1262.00,506.000,0.77450,-73.215,306.946,275.678,222.623,114.103,897.897,57.266,-27.377,0.34206,1,1
1263.00,506.000,0.76598,-72.886,307.394,275.147,222.541,118.412,893.588,56.950,-27.459,0.35059,1,1
1264.00,506.000,0.75750,-72.566,307.857,274.614,222.471,122.706,889.294,56.646,-27.529,0.35894,1,1
1265.00,506.000,0.74905,-72.256,308.334,274.077,222.412,126.982,885.018,56.352,-27.588,0.36709,1,1
1266.00,506.000,0.74064,-71.954,308.823,273.538,222.362,131.236,880.764,56.069,-27.638,0.37505,1,1
1267.00,506.000,0.73228,-71.661,309.323,272.996,222.320,135.466,876.534,55.797,-27.680,0.38281,1,1
1268.00,506.000,0.72397,-71.376,309.834,272.452,222.285,139.670,872.330,55.534,-27.715,0.39039,1,1
1269.00,506.000,0.71572,-71.100,310.353,271.904,222.258,143.845,868.155,55.281,-27.742,0.39777,1,1
1270.00,506.000,0.70753,-70.831,310.881,271.354,222.235,147.989,864.011,55.038,-27.765,0.40495,1,1
1271.00,506.000,0.69941,-70.570,311.417,270.801,222.218,152.100,859.900,54.804,-27.782,0.41195,1,1
1272.00,506.000,0.69135,-70.316,311.959,270.246,222.205,156.176,855.824,54.580,-27.795,0.41875,1,1
1273.00,506.000,0.68337,-70.069,312.507,269.689,222.196,160.216,851.784,54.365,-27.804,0.42536,1,1
1274.00,506.000,0.67546,-69.830,313.060,269.129,222.190,164.218,847.782,54.159,-27.810,0.43178,1,1
1275.00,506.000,0.66763,-69.597,313.619,268.568,222.186,168.180,843.820,53.962,-27.814,0.43801,1,1
1276.00,506.000,0.65988,-69.372,314.181,268.004,222.185,172.101,839.899,53.773,-27.815,0.44405,1,1
1277.00,506.000,0.65221,-69.153,314.747,267.439,222.186,175.980,836.020,53.593,-27.814,0.44991,1,1
1278.00,506.000,0.64463,-68.940,315.317,266.872,222.189,179.815,832.185,53.421,-27.811,0.45558,1,1
1279.00,506.000,0.63714,-68.734,315.889,266.303,222.192,183.606,828.394,53.258,-27.808,0.46107,1,1
1280.00,506.000,0.62974,-68.534,316.464,265.734,222.197,187.351,824.649,53.103,-27.803,0.46638,1,1
1281.00,506.000,0.62243,-68.340,317.040,265.163,222.203,191.050,820.950,52.955,-27.797,0.47151,1,1
1282.00,506.000,0.61521,-68.152,317.619,264.591,222.209,194.702,817.298,52.816,-27.791,0.47647,1,1
1283.00,506.000,0.60809,-67.969,318.198,264.018,222.216,198.306,813.694,52.684,-27.784,0.48125,1,1
1284.00,506.000,0.60106,-67.792,318.779,263.444,222.223,201.862,810.138,52.560,-27.777,0.48586,1,1
1285.00,506.000,0.59413,-67.621,319.360,262.870,222.230,205.368,806.632,52.443,-27.770,0.49031,1,1
1286.00,506.000,0.58730,-67.455,319.941,262.296,222.237,208.825,803.175,52.333,-27.763,0.49459,1,1
1287.00,506.000,0.58057,-67.294,320.523,261.721,222.244,212.232,799.768,52.230,-27.756,0.49870,1,1
1288.00,506.000,0.57394,-67.138,321.105,261.146,222.251,215.589,796.411,52.134,-27.749,0.50266,1,1
1289.00,506.000,0.56740,-66.987,321.687,260.570,222.257,218.895,793.105,52.045,-27.743,0.50646,1,1
1290.00,506.000,0.56097,-66.841,322.268,259.995,222.263,222.150,789.850,51.962,-27.737,0.51010,1,1
1291.00,506.000,0.55464,-66.700,322.848,259.420,222.268,225.354,786.646,51.886,-27.732,0.51359,1,1
1292.00,506.000,0.54841,-66.563,323.427,258.846,222.273,228.507,783.493,51.816,-27.727,0.51694,1,1
1293.00,506.000,0.54228,-66.430,324.006,258.271,222.277,231.608,780.392,51.752,-27.723,0.52014,1,1
1294.00,506.000,0.53625,-66.302,324.583,257.698,222.281,234.658,777.342,51.694,-27.719,0.52320,1,1
1295.00,506.000,0.53032,-66.178,325.160,257.125,222.284,237.656,774.344,51.642,-27.716,0.52612,1,1
1296.00,506.000,0.52450,-66.058,325.734,256.552,222.287,240.603,771.397,51.596,-27.713,0.52890,1,1
1297.00,506.000,0.51878,-65.942,326.308,255.981,222.288,243.498,768.502,51.555,-27.712,0.53155,1,1
1298.00,506.000,0.51316,-65.830,326.879,255.410,222.289,246.342,765.658,51.520,-27.711,0.53407,1,1
1299.00,506.000,0.50764,-65.722,327.449,254.840,222.290,249.135,762.865,51.490,-27.710,0.53646,1,1
1300.00,506.000,0.50222,-65.618,328.018,254.272,222.289,251.876,760.124,51.465,-27.711,0.53873,1,1
1301.00,506.000,0.49690,-65.517,328.584,253.704,222.288,254.567,757.433,51.445,-27.712,0.54088,1,1
1302.00,506.000,0.49169,-65.419,329.148,253.138,222.286,257.206,754.794,51.430,-27.714,0.54291,1,1
1303.00,506.000,0.48657,-65.325,329.710,252.573,222.283,259.795,752.205,51.419,-27.717,0.54482,1,1
1304.00,506.000,0.48155,-65.234,330.271,252.009,222.280,262.333,749.667,51.413,-27.720,0.54662,1,1
1305.00,506.000,0.47664,-65.146,330.829,251.447,222.275,264.821,747.179,51.412,-27.725,0.54831,1,1
1306.00,506.000,0.47182,-65.061,331.385,250.886,222.270,267.259,744.741,51.415,-27.730,0.54989,1,1
1307.00,506.000,0.46710,-64.979,331.938,250.326,222.265,269.647,742.353,51.422,-27.735,0.55137,1,1
1308.00,506.000,0.46248,-64.900,332.490,249.768,222.258,271.986,740.014,51.433,-27.742,0.55275,1,1
1309.00,506.000,0.45795,-64.824,333.039,249.212,222.251,274.276,737.724,51.448,-27.749,0.55403,1,1
1310.00,506.000,0.45353,-64.750,333.586,248.657,222.243,276.516,735.484,51.467,-27.757,0.55521,1,1
1311.00,506.000,0.44919,-64.680,334.130,248.104,222.235,278.708,733.292,51.490,-27.765,0.55630,1,1
1312.00,506.000,0.44496,-64.611,334.672,247.553,222.225,280.852,731.148,51.516,-27.775,0.55729,1,1
1313.00,506.000,0.44082,-64.545,335.212,247.003,222.215,282.947,729.053,51.546,-27.785,0.55820,1,1
1314.00,506.000,0.43677,-64.482,335.749,246.455,222.205,284.995,727.005,51.580,-27.795,0.55902,1,1
1315.00,506.000,0.43282,-64.421,336.284,245.909,222.194,286.995,725.005,51.616,-27.806,0.55975,1,1
1316.00,506.000,0.42895,-64.362,336.817,245.365,222.182,288.949,723.051,51.656,-27.818,0.56041,1,1
1317.00,506.000,0.42519,-64.305,337.347,244.822,222.169,290.856,721.144,51.699,-27.831,0.56098,1,1
1318.00,506.000,0.42151,-64.251,337.875,244.282,222.156,292.716,719.284,51.744,-27.844,0.56148,1,1
1319.00,506.000,0.41792,-64.198,338.400,243.743,222.143,294.530,717.470,51.793,-27.857,0.56190,1,1
1320.00,506.000,0.41443,-64.148,338.923,243.205,222.128,296.299,715.701,51.845,-27.872,0.56224,1,1
1321.00,506.000,0.41102,-64.099,339.443,242.670,222.114,298.022,713.978,51.899,-27.886,0.56252,1,1
1322.00,506.000,0.40771,-64.053,339.962,242.137,222.098,299.701,712.299,51.956,-27.902,0.56272,1,1
1323.00,506.000,0.40448,-64.008,340.478,241.605,222.083,301.334,710.666,52.015,-27.917,0.56286,1,1
1324.00,506.000,0.40134,-63.965,340.991,241.076,222.067,302.923,709.077,52.077,-27.933,0.56293,1,1
1325.00,506.000,0.39828,-63.923,341.502,240.548,222.050,304.469,707.531,52.141,-27.950,0.56294,1,1
1326.00,506.000,0.39532,-63.883,342.011,240.022,222.033,305.970,706.030,52.208,-27.967,0.56288,1,1
1327.00,506.000,0.39243,-63.845,342.518,239.498,222.016,307.429,704.571,52.277,-27.984,0.56277,1,1
1328.00,506.000,0.38964,-63.809,343.022,238.976,221.998,308.844,703.156,52.348,-28.002,0.56259,1,1
1329.00,506.000,0.38692,-63.774,343.525,238.455,221.980,310.217,701.783,52.421,-28.020,0.56236,1,1
1330.00,506.000,0.38430,-63.740,344.025,237.937,221.961,311.547,700.453,52.496,-28.039,0.56207,1,1
1331.00,506.000,0.38175,-63.708,344.523,237.420,221.943,312.835,699.165,52.573,-28.057,0.56173,1,1
1332.00,506.000,0.37929,-63.677,345.019,236.905,221.924,314.081,697.919,52.651,-28.076,0.56133,1,1
1333.00,506.000,0.37690,-63.647,345.512,236.392,221.905,315.286,696.714,52.732,-28.095,0.56088,1,1
1334.00,506.000,0.37460,-63.619,346.004,235.881,221.885,316.450,695.550,52.815,-28.115,0.56039,1,1
1335.00,506.000,0.37239,-63.592,346.494,235.372,221.866,317.573,694.427,52.899,-28.134,0.55984,1,1
1336.00,506.000,0.37025,-63.567,346.982,234.864,221.846,318.655,693.345,52.985,-28.154,0.55924,1,1
1337.00,506.000,0.36819,-63.542,347.468,234.359,221.826,319.697,692.303,53.072,-28.174,0.55860,1,1
1338.00,506.000,0.36621,-63.519,347.952,233.855,221.807,320.699,691.301,53.161,-28.193,0.55791,1,1
1339.00,506.000,0.36431,-63.497,348.434,233.353,221.787,321.660,690.340,53.252,-28.213,0.55718,1,1
1340.00,506.000,0.36248,-63.476,348.914,232.852,221.767,322.583,689.417,53.344,-28.233,0.55641,1,1
1341.00,506.000,0.36074,-63.456,349.393,232.354,221.747,323.466,688.534,53.437,-28.253,0.55559,1,1
1342.00,506.000,0.35907,-63.437,349.870,231.857,221.727,324.309,687.691,53.532,-28.273,0.55473,1,1
1343.00,506.000,0.35748,-63.419,350.346,231.362,221.707,325.114,686.886,53.628,-28.293,0.55384,1,1
1344.00,506.000,0.35597,-63.402,350.820,230.868,221.688,325.880,686.120,53.726,-28.312,0.55290,1,1
1345.00,506.000,0.35453,-63.386,351.292,230.376,221.668,326.608,685.392,53.824,-28.332,0.55192,1,1
1346.00,506.000,0.35317,-63.371,351.763,229.886,221.649,327.297,684.703,53.924,-28.351,0.55091,1,1
1347.00,506.000,0.35188,-63.357,352.232,229.398,221.630,327.948,684.052,54.025,-28.370,0.54986,1,1
1348.00,506.000,0.35067,-63.344,352.700,228.911,221.611,328.561,683.439,54.127,-28.389,0.54877,1,1
1349.00,506.000,0.34953,-63.332,353.167,228.426,221.593,329.136,682.864,54.231,-28.407,0.54765,1,1
1350.00,506.000,0.34847,-63.320,353.632,227.942,221.575,329.673,682.327,54.335,-28.425,0.54650,1,1
1351.00,506.000,0.34749,-63.310,354.097,227.461,221.557,330.172,681.828,54.441,-28.443,0.54531,1,1
1352.00,506.000,0.34657,-63.300,354.560,226.980,221.540,330.634,681.366,54.547,-28.460,0.54409,1,1
1353.00,506.000,0.34573,-63.292,355.022,226.501,221.523,331.059,680.941,54.654,-28.477,0.54283,1,1
1354.00,506.000,0.34497,-63.284,355.483,226.024,221.507,331.446,680.554,54.763,-28.493,0.54154,1,1
1355.00,506.000,0.34428,-63.276,355.943,225.548,221.491,331.796,680.204,54.872,-28.509,0.54023,1,1
1356.00,506.000,0.34366,-63.270,356.402,225.074,221.476,332.108,679.892,54.983,-28.524,0.53888,1,1
1357.00,506.000,0.34311,-63.265,356.860,224.602,221.462,332.384,679.616,55.094,-28.538,0.53750,1,1
1358.00,506.000,0.34264,-63.260,357.317,224.130,221.448,332.622,679.378,55.206,-28.552,0.53609,1,1
1359.00,506.000,0.34225,-63.256,357.774,223.661,221.435,332.823,679.177,55.319,-28.565,0.53465,1,1
1360.00,506.000,0.34192,-63.252,358.230,223.192,221.422,332.987,679.013,55.432,-28.578,0.53318,1,1
1361.00,506.000,0.34167,-63.250,358.685,222.725,221.411,333.113,678.887,55.547,-28.589,0.53168,1,1
1362.00,506.000,0.34150,-63.248,359.140,222.260,221.400,333.203,678.797,55.662,-28.600,0.53016,1,1
1363.00,506.000,0.34139,-63.247,359.594,221.796,221.390,333.255,678.745,55.779,-28.610,0.52860,1,1
1364.00,506.000,0.34136,-63.247,0.048,221.333,221.381,333.270,678.730,55.896,-28.619,0.52702,1,1
1365.00,506.000,0.34141,-63.247,0.501,220.872,221.373,333.247,678.753,56.013,-28.627,0.52541,1,1
1366.00,506.000,0.34153,-63.248,0.954,220.412,221.366,333.187,678.813,56.132,-28.634,0.52377,1,1
1367.00,506.000,0.34172,-63.250,1.407,219.953,221.360,333.089,678.911,56.251,-28.640,0.52211,1,1
1368.00,506.000,0.34199,-63.253,1.859,219.496,221.355,332.953,679.047,56.371,-28.645,0.52042,1,1
1369.00,506.000,0.34233,-63.256,2.312,219.040,221.352,332.780,679.220,56.492,-28.648,0.51870,1,1
1370.00,506.000,0.34275,-63.260,2.764,218.585,221.349,332.569,679.431,56.613,-28.651,0.51695,1,1
1371.00,506.000,0.34324,-63.265,3.216,218.132,221.348,332.319,679.681,56.736,-28.652,0.51518,1,1
1372.00,506.000,0.34381,-63.271,3.668,217.680,221.348,332.031,679.969,56.858,-28.652,0.51338,1,1
1373.00,506.000,0.34446,-63.277,4.121,217.229,221.349,331.704,680.296,56.982,-28.651,0.51155,1,1
1374.00,506.000,0.34518,-63.284,4.573,216.779,221.352,331.338,680.662,57.106,-28.648,0.50970,1,1
1375.00,506.000,0.34598,-63.292,5.026,216.330,221.356,330.933,681.067,57.231,-28.644,0.50782,1,1
1376.00,506.000,0.34686,-63.300,5.479,215.883,221.362,330.489,681.511,57.357,-28.638,0.50591,1,1
1377.00,506.000,0.34782,-63.310,5.932,215.436,221.369,330.005,681.995,57.484,-28.631,0.50398,1,1
1378.00,506.000,0.34885,-63.320,6.386,214.991,221.377,329.481,682.519,57.611,-28.623,0.50202,1,1
1379.00,506.000,0.34997,-63.331,6.840,214.547,221.387,328.917,683.083,57.739,-28.613,0.50003,1,1
1380.00,506.000,0.35116,-63.342,7.295,214.104,221.399,328.312,683.688,57.867,-28.601,0.49801,1,1
1381.00,506.000,0.35244,-63.355,7.750,213.663,221.412,327.667,684.333,57.997,-28.588,0.49597,1,1
1382.00,506.000,0.35380,-63.368,8.206,213.222,221.428,326.979,685.021,58.127,-28.572,0.49389,1,1
1383.00,506.000,0.35524,-63.382,8.662,212.782,221.444,326.250,685.750,58.257,-28.556,0.49179,1,1
1384.00,506.000,0.35676,-63.397,9.120,212.344,221.463,325.479,686.521,58.389,-28.537,0.48966,1,1
1385.00,506.000,0.35837,-63.413,9.578,211.906,221.484,324.666,687.334,58.521,-28.516,0.48750,1,1
1386.00,506.000,0.36006,-63.429,10.036,211.469,221.506,323.809,688.191,58.654,-28.494,0.48531,1,1
1387.00,506.000,0.36184,-63.447,10.496,211.034,221.530,322.908,689.092,58.788,-28.470,0.48309,1,1
1388.00,506.000,0.36371,-63.465,10.957,210.599,221.556,321.964,690.036,58.922,-28.444,0.48084,1,1
1389.00,506.000,0.36566,-63.485,11.419,210.166,221.584,320.975,691.025,59.058,-28.416,0.47856,1,1
1390.00,506.000,0.36771,-63.505,11.881,209.733,221.614,319.941,692.059,59.194,-28.386,0.47625,1,1
1391.00,506.000,0.36984,-63.526,12.345,209.301,221.647,318.861,693.139,59.331,-28.353,0.47391,1,1
1392.00,506.000,0.37207,-63.548,12.810,208.871,221.681,317.735,694.265,59.469,-28.319,0.47153,1,1
1393.00,506.000,0.37438,-63.571,13.276,208.441,221.717,316.562,695.438,59.608,-28.283,0.46912,1,1
1394.00,506.000,0.37680,-63.596,13.744,208.012,221.755,315.341,696.659,59.747,-28.245,0.46668,1,1
1395.00,506.000,0.37930,-63.621,14.212,207.584,221.796,314.073,697.927,59.888,-28.204,0.46420,1,1
1396.00,506.000,0.38191,-63.647,14.682,207.156,221.838,312.755,699.245,60.029,-28.162,0.46169,1,1
1397.00,506.000,0.38461,-63.675,15.153,206.730,221.883,311.389,700.611,60.172,-28.117,0.45914,1,1
1398.00,506.000,0.38741,-63.704,15.626,206.305,221.930,309.972,702.028,60.315,-28.070,0.45655,1,1
1399.00,506.000,0.39031,-63.734,16.099,205.880,221.979,308.504,703.496,60.460,-28.021,0.45393,1,1
1400.00,506.000,0.39331,-63.765,16.575,205.456,222.031,306.985,705.015,60.605,-27.969,0.45127,1,1
1401.00,506.000,0.39642,-63.797,17.051,205.033,222.084,305.413,706.587,60.752,-27.916,0.44857,1,1
1402.00,506.000,0.39963,-63.830,17.529,204.611,222.140,303.789,708.211,60.899,-27.860,0.44582,1,1
1403.00,506.000,0.40294,-63.865,18.008,204.189,222.198,302.110,709.890,61.048,-27.802,0.44304,1,1
1404.00,506.000,0.40637,-63.902,18.489,203.769,222.258,300.377,711.623,61.198,-27.742,0.44021,1,1
1405.00,506.000,0.40990,-63.939,18.971,203.349,222.320,298.589,713.411,61.349,-27.680,0.43734,1,1
1406.00,506.000,0.41355,-63.978,19.455,202.930,222.385,296.744,715.256,61.501,-27.615,0.43443,1,1
1407.00,506.000,0.41731,-64.019,19.940,202.512,222.451,294.842,717.158,61.655,-27.549,0.43147,1,1
1408.00,506.000,0.42118,-64.061,20.426,202.094,222.520,292.882,719.118,61.810,-27.480,0.42846,1,1
1409.00,506.000,0.42517,-64.105,20.914,201.677,222.591,290.863,721.137,61.966,-27.409,0.42540,1,1
1410.00,506.000,0.42928,-64.150,21.402,201.261,222.663,288.785,723.215,62.124,-27.337,0.42229,1,1
1411.00,506.000,0.43351,-64.197,21.892,200.846,222.738,286.646,725.354,62.283,-27.262,0.41913,1,1
1412.00,506.000,0.43785,-64.246,22.384,200.431,222.814,284.446,727.554,62.443,-27.186,0.41592,1,1
1413.00,506.000,0.44233,-64.296,22.876,200.017,222.893,282.183,729.817,62.605,-27.107,0.41266,1,1
1414.00,506.000,0.44692,-64.348,23.369,199.604,222.973,279.858,732.142,62.769,-27.027,0.40934,1,1
1415.00,506.000,0.45164,-64.403,23.863,199.191,223.054,277.468,734.532,62.934,-26.946,0.40596,1,1
1416.00,506.000,0.45649,-64.459,24.358,198.779,223.137,275.014,736.986,63.101,-26.863,0.40253,1,1
1417.00,506.000,0.46147,-64.517,24.853,198.368,223.222,272.494,739.506,63.270,-26.778,0.39903,1,1
1418.00,506.000,0.46659,-64.577,25.349,197.958,223.307,269.907,742.093,63.440,-26.693,0.39547,1,1
1419.00,506.000,0.47183,-64.640,25.846,197.548,223.394,267.253,744.747,63.613,-26.606,0.39185,1,1
1420.00,506.000,0.47721,-64.704,26.342,197.139,223.481,264.531,747.469,63.787,-26.519,0.38817,1,1
1421.00,506.000,0.48273,-64.771,26.839,196.731,223.570,261.740,750.260,63.963,-26.430,0.38442,1,1
1422.00,506.000,0.48838,-64.840,27.335,196.323,223.658,258.880,753.120,64.142,-26.342,0.38060,1,1
1423.00,506.000,0.49417,-64.912,27.831,195.916,223.747,255.949,756.051,64.322,-26.253,0.37671,1,1
1424.00,506.000,0.50010,-64.986,28.326,195.510,223.836,252.947,759.053,64.505,-26.164,0.37275,1,1
1425.00,506.000,0.50618,-65.063,28.820,195.105,223.924,249.873,762.127,64.689,-26.076,0.36871,1,1
1426.00,506.000,0.51240,-65.142,29.312,194.700,224.012,246.728,765.272,64.876,-25.988,0.36460,1,1
1427.00,506.000,0.51876,-65.225,29.803,194.296,224.099,243.509,768.491,65.066,-25.901,0.36041,1,1
1428.00,506.000,0.52526,-65.310,30.292,193.893,224.185,240.218,771.782,65.258,-25.815,0.35615,1,1
1429.00,506.000,0.53191,-65.398,30.779,193.490,224.269,236.853,775.147,65.452,-25.731,0.35180,1,1
1430.00,506.000,0.53871,-65.488,31.262,193.088,224.350,233.414,778.586,65.650,-25.650,0.34737,1,1
1431.00,506.000,0.54565,-65.582,31.742,192.687,224.429,229.901,782.099,65.849,-25.571,0.34286,1,1
1432.00,506.000,0.55274,-65.680,32.218,192.287,224.505,226.315,785.685,66.052,-25.495,0.33827,1,1
1433.00,506.000,0.55997,-65.780,32.689,191.887,224.577,222.654,789.346,66.257,-25.423,0.33358,1,1
1434.00,506.000,0.56735,-65.884,33.156,191.488,224.644,218.919,793.081,66.466,-25.356,0.32881,1,1
1435.00,506.000,0.57488,-65.991,33.616,191.090,224.706,215.111,796.889,66.677,-25.294,0.32395,1,1
1436.00,506.000,0.58255,-66.102,34.070,190.693,224.763,211.229,800.771,66.892,-25.237,0.31899,1,1
1437.00,506.000,0.59037,-66.216,34.516,190.296,224.812,207.274,804.726,67.110,-25.188,0.31395,1,1
1438.00,506.000,0.59832,-66.334,34.955,189.900,224.854,203.248,808.752,67.331,-25.146,0.30881,1,1
1439.00,506.000,0.60642,-66.456,35.384,189.504,224.888,199.150,812.850,67.556,-25.112,0.30357,1,1
1440.00,506.000,0.61466,-66.583,35.802,189.109,224.912,194.982,817.018,67.784,-25.088,0.29824,1,1
1441.00,506.000,0.62303,-66.713,36.210,188.715,224.925,190.745,821.255,68.016,-25.075,0.29282,1,1
1442.00,506.000,0.63154,-66.847,36.604,188.322,224.926,186.441,825.559,68.251,-25.074,0.28729,1,1
1443.00,506.000,0.64018,-66.986,36.985,187.928,224.914,182.071,829.929,68.491,-25.086,0.28167,1,1
1444.00,506.000,0.64894,-67.129,37.351,187.536,224.886,177.638,834.362,68.735,-25.114,0.27595,1,1
1445.00,506.000,0.65782,-67.276,37.700,187.143,224.843,173.143,838.857,68.982,-25.157,0.27013,1,1
1446.00,506.000,0.66682,-67.428,38.030,186.751,224.781,168.589,843.411,69.234,-25.219,0.26421,1,1
1447.00,506.000,0.67593,-67.585,38.340,186.359,224.699,163.979,848.021,69.491,-25.301,0.25820,1,1
1448.00,506.000,0.68515,-67.747,38.628,185.967,224.595,159.316,852.684,69.752,-25.405,0.25209,1,1
1449.00,506.000,0.69446,-67.914,38.892,185.574,224.466,154.604,857.396,70.018,-25.534,0.24588,1,1
1450.00,506.000,0.70386,-68.086,39.129,185.182,224.310,149.846,862.154,70.289,-25.690,0.23958,1,1
1451.00,506.000,0.71335,-68.263,39.336,184.789,224.125,145.047,866.953,70.565,-25.875,0.23319,1,1
1452.00,506.000,0.72290,-68.446,39.512,184.395,223.906,140.211,871.789,70.846,-26.094,0.22671,1,1
1453.00,506.000,0.73252,-68.634,39.652,184.000,223.651,135.344,876.656,71.132,-26.349,0.22014,1,1
1454.00,506.000,0.74219,-68.827,39.754,183.603,223.357,130.450,881.550,71.425,-26.643,0.21349,1,1
1455.00,506.000,0.75190,-69.026,39.814,183.205,223.018,125.538,886.462,71.723,-26.982,0.20676,1,1
1456.00,506.000,0.76164,-69.232,39.827,182.804,222.632,120.612,891.388,72.027,-27.368,0.19996,1,1
1457.00,506.000,0.77138,-69.443,39.791,182.401,222.192,115.681,896.319,72.337,-27.808,0.19308,1,1
1458.00,506.000,0.78112,-69.660,39.698,181.995,221.693,110.753,901.247,72.654,-28.307,0.18615,1,1
1459.00,506.000,0.79084,-69.883,39.545,181.584,221.129,105.836,906.164,72.978,-28.871,0.17916,1,1
1460.00,506.000,0.80051,-70.112,39.324,181.170,220.494,100.940,911.060,73.309,-29.506,0.17213,1,1
1461.00,506.000,0.81013,-70.347,39.030,180.749,219.779,96.075,915.925,73.646,-30.221,0.16507,1,1
1462.00,506.000,0.81966,-70.588,38.654,180.323,218.977,91.252,920.748,73.992,-31.023,0.15798,1,1
1463.00,506.000,0.82908,-70.835,38.189,179.889,218.078,86.484,925.516,74.344,-31.922,0.15089,1,1
1464.00,506.000,0.83837,-71.088,37.625,179.447,217.071,81.784,930.216,74.704,-32.929,0.14380,1,1
1465.00,506.000,0.84750,-71.346,36.951,178.995,215.946,77.166,934.834,75.072,-34.054,0.13674,1,1
1466.00,506.000,0.85643,-71.609,36.156,178.532,214.688,72.646,939.354,75.447,-35.312,0.12973,1,1
1467.00,506.000,0.86514,-71.876,35.226,178.057,213.283,68.242,943.758,75.829,-36.717,0.12278,1,1
1468.00,506.000,0.87358,-72.146,34.148,177.567,211.715,63.970,948.030,76.218,-38.285,0.11594,1,1
1469.00,506.000,0.88171,-72.418,32.906,177.062,209.967,59.853,952.147,76.613,-40.033,0.10923,1,1
1470.00,506.000,0.88950,-72.690,31.482,176.538,208.020,55.911,956.089,77.012,-41.980,0.10269,1,1
1471.00,506.000,0.89690,-72.961,29.858,175.996,205.854,52.167,959.833,77.414,-44.146,0.09636,1,1
1472.00,506.000,0.90386,-73.227,28.016,175.433,203.448,48.646,963.354,77.818,-46.552,0.09028,1,1
1473.00,506.000,0.91032,-73.486,25.937,174.847,200.784,45.376,966.624,78.220,-49.216,0.08450,1,1
1474.00,506.000,0.91624,-73.733,23.605,174.238,197.843,42.384,969.616,78.616,-52.157,0.07908,1,1
1475.00,506.000,0.92154,-73.963,21.008,173.605,194.613,39.699,972.301,79.002,-55.387,0.07408,0,1
1476.00,506.000,0.92618,-74.172,18.140,172.951,191.091,37.351,974.649,79.372,-58.909,0.06954,0,1
1477.00,506.000,0.93010,-74.354,15.007,172.275,187.283,35.369,976.631,79.721,-62.717,0.06554,0,1
1478.00,506.000,0.93324,-74.503,11.628,171.584,183.212,33.780,978.220,80.043,-66.788,0.06212,0,1
1479.00,506.000,0.93555,-74.615,8.038,170.881,178.919,32.609,979.391,80.330,-71.081,0.05933,0,1
1480.00,506.000,0.93700,-74.685,4.290,170.174,174.464,31.876,980.124,80.577,-75.536,0.05719,0,1
1481.00,506.000,0.93756,-74.712,0.453,169.471,169.924,31.594,980.406,80.781,-80.076,0.05573,0,1
1482.00,506.000,0.93721,-74.696,356.603,168.780,165.383,31.769,980.231,80.939,-84.617,0.05492,0,1
1483.00,506.000,0.93597,-74.639,352.820,168.109,160.929,32.400,979.600,81.052,-89.071,0.05476,0,1
1484.00,506.000,0.93384,-74.545,349.175,167.464,156.639,33.475,978.525,81.122,-93.361,0.05520,0,1
1485.00,506.000,0.93087,-74.420,345.727,166.849,152.576,34.979,977.021,81.153,-97.424,0.05619,0,1
1486.00,506.000,0.92710,-74.270,342.516,166.267,148.783,36.889,975.111,81.151,-101.217,0.05766,0,1
1487.00,506.000,0.92257,-74.100,339.567,165.720,145.286,39.181,972.819,81.122,-104.714,0.05955,0,1
1488.00,506.000,0.91734,-73.917,336.887,165.206,142.093,41.827,970.173,81.070,-107.907,0.06180,1,1
1489.00,506.000,0.91147,-73.725,334.476,164.725,139.200,44.798,967.202,81.001,-110.800,0.06435,1,1
1490.00,506.000,0.90501,-73.528,332.322,164.273,136.595,48.066,963.934,80.919,-113.405,0.06714,1,1
1491.00,506.000,0.89802,-73.328,330.411,163.849,134.259,51.602,960.398,80.828,-115.741,0.07013,1,1
1492.00,506.000,0.89055,-73.130,328.724,163.449,132.173,55.382,956.618,80.732,-117.827,0.07326,1,1
1493.00,506.000,0.88265,-72.933,327.244,163.072,130.316,59.379,952.621,80.631,-119.684,0.07652,1,1
1494.00,506.000,0.87437,-72.740,325.952,162.714,128.666,63.570,948.430,80.529,-121.334,0.07985,1,1
1495.00,506.000,0.86575,-72.551,324.831,162.374,127.204,67.933,944.067,80.427,-122.796,0.08323,1,1
1496.00,506.000,0.85682,-72.368,323.864,162.049,125.913,72.447,939.553,80.326,-124.087,0.08665,1,1
1497.00,506.000,0.84764,-72.190,323.037,161.738,124.774,77.093,934.907,80.226,-125.226,0.09007,1,1
1498.00,506.000,0.83823,-72.017,322.336,161.438,123.775,81.854,930.146,80.129,-126.225,0.09348,1,1
1499.00,506.000,0.82863,-71.851,321.751,161.150,122.900,86.713,925.287,80.035,-127.100,0.09687,1,1
1500.00,506.000,0.81887,-71.690,321.268,160.870,122.139,91.654,920.346,79.944,-127.861,0.10022,1,1
1501.00,506.000,0.80897,-71.535,320.880,160.599,121.479,96.663,915.337,79.857,-128.521,0.10353,1,1
1502.00,506.000,0.79896,-71.386,320.577,160.335,120.913,101.727,910.273,79.773,-129.087,0.10677,1,1
1503.00,506.000,0.78887,-71.242,320.352,160.078,120.430,106.834,905.166,79.693,-129.570,0.10996,1,1
1504.00,506.000,0.77871,-71.104,320.197,159.826,120.023,111.972,900.028,79.617,-129.977,0.11308,1,1
1505.00,506.000,0.76852,-70.971,320.106,159.580,119.686,117.131,894.869,79.544,-130.314,0.11612,1,1
1506.00,506.000,0.75830,-70.843,320.074,159.338,119.412,122.301,889.699,79.475,-130.588,0.11908,1,1
1507.00,506.000,0.74808,-70.720,320.095,159.100,119.195,127.472,884.528,79.409,-130.805,0.12196,1,1
1508.00,506.000,0.73787,-70.601,320.165,158.865,119.031,132.637,879.363,79.348,-130.969,0.12476,1,1
1509.00,506.000,0.72769,-70.487,320.280,158.634,118.914,137.788,874.212,79.289,-131.086,0.12747,1,1
1510.00,506.000,0.71756,-70.378,320.435,158.407,118.841,142.917,869.083,79.235,-131.159,0.13010,1,1
1511.00,506.000,0.70747,-70.273,320.627,158.181,118.808,148.018,863.982,79.183,-131.192,0.13263,1,1
1512.00,506.000,0.69746,-70.172,320.853,157.959,118.811,153.084,858.916,79.135,-131.189,0.13508,1,1
1513.00,506.000,0.68753,-70.075,321.110,157.738,118.848,158.111,853.889,79.090,-131.152,0.13744,1,1
1514.00,506.000,0.67768,-69.981,321.395,157.520,118.915,163.092,848.908,79.048,-131.085,0.13971,1,1
1515.00,506.000,0.66794,-69.892,321.706,157.303,119.009,168.023,843.977,79.009,-130.991,0.14189,1,1
1516.00,506.000,0.65830,-69.806,322.040,157.089,119.129,172.900,839.100,78.973,-130.871,0.14398,1,1
1517.00,506.000,0.64878,-69.723,322.395,156.876,119.271,177.720,834.280,78.939,-130.729,0.14599,1,1
1518.00,506.000,0.63937,-69.643,322.770,156.665,119.435,182.477,829.523,78.909,-130.565,0.14792,1,1
1519.00,506.000,0.63010,-69.567,323.162,156.456,119.618,187.170,824.830,78.881,-130.382,0.14976,1,1
1520.00,506.000,0.62096,-69.494,323.571,156.247,119.818,191.795,820.205,78.855,-130.182,0.15151,1,1
1521.00,506.000,0.61196,-69.424,323.993,156.041,120.034,196.350,815.650,78.832,-129.966,0.15319,1,1
1522.00,506.000,0.60310,-69.356,324.429,155.836,120.264,200.832,811.168,78.811,-129.736,0.15479,1,1
1523.00,506.000,0.59439,-69.291,324.876,155.632,120.507,205.241,806.759,78.792,-129.493,0.15631,1,1
1524.00,506.000,0.58582,-69.229,325.333,155.429,120.762,209.573,802.427,78.775,-129.238,0.15776,1,1
1525.00,506.000,0.57742,-69.169,325.800,155.228,121.028,213.828,798.172,78.761,-128.972,0.15913,1,1
1526.00,506.000,0.56916,-69.112,326.275,155.027,121.303,218.004,793.996,78.748,-128.697,0.16043,1,1
1527.00,506.000,0.56107,-69.057,326.758,154.828,121.586,222.100,789.900,78.738,-128.414,0.16166,1,1
1528.00,506.000,0.55313,-69.005,327.246,154.630,121.877,226.117,785.883,78.729,-128.123,0.16283,1,1
1529.00,506.000,0.54535,-68.954,327.741,154.434,122.174,230.052,781.948,78.722,-127.826,0.16393,1,1
1530.00,506.000,0.53774,-68.906,328.240,154.238,122.478,233.906,778.094,78.716,-127.522,0.16497,1,1
1531.00,506.000,0.53028,-68.859,328.743,154.044,122.787,237.678,774.322,78.712,-127.213,0.16595,1,1
1532.00,506.000,0.52299,-68.815,329.250,153.850,123.100,241.368,770.632,78.710,-126.900,0.16687,1,1
1533.00,506.000,0.51585,-68.772,329.759,153.658,123.417,244.977,767.023,78.709,-126.583,0.16773,1,1
1534.00,506.000,0.50888,-68.731,330.271,153.467,123.738,248.505,763.495,78.709,-126.262,0.16854,1,1
1535.00,506.000,0.50207,-68.692,330.785,153.277,124.061,251.951,760.049,78.711,-125.939,0.16929,1,1
1536.00,506.000,0.49542,-68.654,331.300,153.087,124.387,255.317,756.683,78.714,-125.613,0.17000,1,1
1537.00,506.000,0.48893,-68.618,331.816,152.899,124.715,258.602,753.398,78.719,-125.285,0.17065,1,1
1538.00,506.000,0.48259,-68.584,332.333,152.712,125.045,261.807,750.193,78.724,-124.955,0.17126,1,1
1539.00,506.000,0.47642,-68.551,332.849,152.526,125.375,264.934,747.066,78.730,-124.625,0.17182,1,1
1540.00,506.000,0.47039,-68.519,333.366,152.341,125.707,267.982,744.018,78.738,-124.293,0.17234,1,1
1541.00,506.000,0.46452,-68.489,333.882,152.157,126.039,270.953,741.047,78.746,-123.961,0.17282,1,1
1542.00,506.000,0.45880,-68.460,334.398,151.974,126.372,273.847,738.153,78.756,-123.628,0.17326,1,1
1543.00,506.000,0.45323,-68.432,334.913,151.791,126.704,276.666,735.334,78.766,-123.296,0.17365,1,1
1544.00,506.000,0.44781,-68.405,335.426,151.610,127.036,279.409,732.591,78.777,-122.964,0.17402,1,1
1545.00,506.000,0.44253,-68.380,335.939,151.430,127.368,282.079,729.921,78.789,-122.632,0.17434,1,1
1546.00,506.000,0.43740,-68.355,336.450,151.250,127.700,284.676,727.324,78.802,-122.300,0.17463,1,1
1547.00,506.000,0.43241,-68.332,336.959,151.072,128.030,287.202,724.798,78.816,-121.970,0.17489,1,1
1548.00,506.000,0.42756,-68.310,337.466,150.894,128.360,289.656,722.344,78.830,-121.640,0.17512,1,1
1549.00,506.000,0.42284,-68.288,337.972,150.717,128.689,292.041,719.959,78.845,-121.311,0.17532,1,1
1550.00,506.000,0.41826,-68.268,338.476,150.541,129.017,294.358,717.642,78.860,-120.983,0.17549,1,1
1551.00,506.000,0.41382,-68.248,338.977,150.366,129.343,296.607,715.393,78.876,-120.657,0.17563,1,1
1552.00,506.000,0.40951,-68.229,339.477,150.192,129.668,298.789,713.211,78.893,-120.332,0.17575,1,1
1553.00,506.000,0.40532,-68.211,339.974,150.018,129.992,300.907,711.093,78.910,-120.008,0.17584,1,1
1554.00,506.000,0.40127,-68.194,340.469,149.846,130.315,302.960,709.040,78.928,-119.685,0.17591,1,1
1555.00,506.000,0.39733,-68.178,340.962,149.674,130.635,304.949,707.051,78.946,-119.365,0.17595,1,1
1556.00,506.000,0.39352,-68.162,341.452,149.503,130.955,306.877,705.123,78.965,-119.045,0.17597,1,1
1557.00,506.000,0.38983,-68.147,341.940,149.333,131.273,308.744,703.256,78.984,-118.727,0.17597,1,1
1558.00,506.000,0.38626,-68.133,342.426,149.163,131.589,310.550,701.450,79.003,-118.411,0.17595,1,1
1559.00,506.000,0.38281,-68.119,342.909,148.994,131.904,312.298,699.702,79.023,-118.096,0.17591,1,1
1560.00,506.000,0.37947,-68.106,343.390,148.826,132.217,313.987,698.013,79.043,-117.783,0.17586,1,1
1561.00,506.000,0.37625,-68.093,343.869,148.659,132.528,315.620,696.380,79.064,-117.472,0.17578,1,1
1562.00,506.000,0.37313,-68.081,344.345,148.492,132.838,317.196,694.804,79.084,-117.162,0.17569,1,1
1563.00,506.000,0.37012,-68.070,344.819,148.326,133.146,318.718,693.282,79.106,-116.854,0.17558,1,1
1564.00,506.000,0.36722,-68.059,345.291,148.161,133.453,320.185,691.815,79.127,-116.547,0.17545,1,1
1565.00,506.000,0.36443,-68.049,345.761,147.997,133.758,321.599,690.401,79.149,-116.242,0.17531,1,1
1566.00,506.000,0.36174,-68.039,346.228,147.833,134.061,322.960,689.040,79.171,-115.939,0.17516,1,1
1567.00,506.000,0.35915,-68.029,346.693,147.670,134.363,324.270,687.730,79.193,-115.637,0.17499,1,1
1568.00,506.000,0.35666,-68.020,347.156,147.507,134.664,325.529,686.471,79.215,-115.336,0.17481,1,1
1569.00,506.000,0.35427,-68.012,347.617,147.345,134.963,326.738,685.262,79.238,-115.037,0.17462,1,1
1570.00,506.000,0.35198,-68.004,348.076,147.184,135.260,327.897,684.103,79.261,-114.740,0.17441,1,1
1571.00,506.000,0.34979,-67.996,348.533,147.023,135.557,329.009,682.991,79.284,-114.443,0.17419,1,1
1572.00,506.000,0.34768,-67.989,348.989,146.863,135.852,330.072,681.928,79.307,-114.148,0.17396,1,1
1573.00,506.000,0.34567,-67.982,349.442,146.704,136.145,331.089,680.911,79.331,-113.855,0.17372,1,1
1574.00,506.000,0.34376,-67.975,349.893,146.545,136.438,332.059,679.941,79.355,-113.562,0.17347,1,1
1575.00,506.000,0.34193,-67.969,350.343,146.386,136.729,332.984,679.016,79.378,-113.271,0.17321,1,1
1576.00,506.000,0.34019,-67.963,350.791,146.228,137.019,333.863,678.137,79.402,-112.981,0.17294,1,1
1577.00,506.000,0.33854,-67.958,351.237,146.071,137.309,334.698,677.302,79.426,-112.691,0.17266,1,1
1578.00,506.000,0.33698,-67.953,351.682,145.914,137.597,335.488,676.512,79.451,-112.403,0.17237,1,1
1579.00,506.000,0.33550,-67.948,352.126,145.758,137.884,336.236,675.764,79.475,-112.116,0.17208,1,1
1580.00,506.000,0.33411,-67.943,352.568,145.603,138.170,336.940,675.060,79.499,-111.830,0.17177,1,1
1581.00,506.000,0.33280,-67.939,353.008,145.447,138.456,337.602,674.398,79.524,-111.544,0.17146,1,1
1582.00,506.000,0.33158,-67.935,353.448,145.293,138.740,338.222,673.778,79.549,-111.260,0.17113,1,1
1583.00,506.000,0.33043,-67.932,353.886,145.138,139.024,338.800,673.200,79.574,-110.976,0.17081,1,1
1584.00,506.000,0.32937,-67.928,354.323,144.985,139.308,339.337,672.663,79.599,-110.692,0.17047,1,1
1585.00,506.000,0.32839,-67.925,354.759,144.831,139.591,339.833,672.167,79.624,-110.409,0.17012,1,1
1586.00,506.000,0.32749,-67.922,355.195,144.678,139.873,340.289,671.711,79.649,-110.127,0.16977,1,1
1587.00,506.000,0.32667,-67.920,355.629,144.526,140.155,340.704,671.296,79.674,-109.845,0.16941,1,1
1588.00,506.000,0.32593,-67.917,356.062,144.374,140.436,341.080,670.920,79.700,-109.564,0.16905,1,1
1589.00,506.000,0.32527,-67.915,356.495,144.223,140.718,341.415,670.585,79.725,-109.282,0.16867,1,1
1590.00,506.000,0.32468,-67.914,356.927,144.072,140.999,341.712,670.288,79.751,-109.001,0.16829,1,1
1591.00,506.000,0.32417,-67.912,357.359,143.921,141.280,341.969,670.031,79.776,-108.720,0.16791,1,1
1592.00,506.000,0.32374,-67.911,357.790,143.771,141.560,342.187,669.813,79.802,-108.440,0.16752,1,1
1593.00,506.000,0.32339,-67.910,358.220,143.621,141.841,342.366,669.634,79.828,-108.159,0.16712,1,1
1594.00,506.000,0.32311,-67.909,358.651,143.471,142.122,342.507,669.493,79.854,-107.878,0.16671,1,1
1595.00,506.000,0.32291,-67.908,359.081,143.322,142.403,342.608,669.392,79.880,-107.597,0.16630,1,1
1596.00,506.000,0.32278,-67.908,359.511,143.173,142.684,342.671,669.329,79.906,-107.316,0.16589,1,1
1597.00,506.000,0.32273,-67.908,359.940,143.025,142.965,342.696,669.304,79.932,-107.035,0.16547,1,1
1598.00,506.000,0.32276,-67.908,0.370,142.877,143.247,342.682,669.318,79.958,-106.753,0.16504,1,1
1599.00,506.000,0.32287,-67.908,0.800,142.729,143.529,342.630,669.370,79.984,-106.471,0.16460,1,1
1600.00,506.000,0.32305,-67.909,1.230,142.582,143.812,342.539,669.461,80.011,-106.188,0.16416,1,1
1601.00,506.000,0.32330,-67.909,1.660,142.435,144.095,342.409,669.591,80.037,-105.905,0.16372,1,1
1602.00,506.000,0.32363,-67.910,2.090,142.288,144.379,342.241,669.759,80.064,-105.621,0.16326,1,1
1603.00,506.000,0.32404,-67.912,2.521,142.142,144.663,342.034,669.966,80.091,-105.337,0.16280,1,1
1604.00,506.000,0.32453,-67.913,2.953,141.996,144.948,341.788,670.212,80.117,-105.052,0.16234,1,1
1605.00,506.000,0.32509,-67.915,3.384,141.850,145.235,341.502,670.498,80.144,-104.765,0.16187,1,1
1606.00,506.000,0.32574,-67.917,3.817,141.705,145.522,341.178,670.822,80.171,-104.478,0.16139,1,1
1607.00,506.000,0.32645,-67.919,4.250,141.559,145.809,340.814,671.186,80.198,-104.191,0.16091,1,1
1608.00,506.000,0.32725,-67.921,4.684,141.415,146.099,340.410,671.590,80.226,-103.901,0.16042,1,1
1609.00,506.000,0.32813,-67.924,5.119,141.270,146.389,339.966,672.034,80.253,-103.611,0.15993,1,1
1610.00,506.000,0.32909,-67.926,5.554,141.126,146.680,339.482,672.518,80.280,-103.320,0.15942,1,1
1611.00,506.000,0.33012,-67.930,5.991,140.982,146.973,338.957,673.043,80.308,-103.027,0.15892,1,1
1612.00,506.000,0.33124,-67.933,6.429,140.838,147.267,338.392,673.608,80.336,-102.733,0.15840,1,1
1613.00,506.000,0.33244,-67.936,6.868,140.694,147.562,337.784,674.216,80.363,-102.438,0.15788,1,1
1614.00,506.000,0.33372,-67.940,7.308,140.551,147.859,337.136,674.864,80.391,-102.141,0.15735,1,1
1615.00,506.000,0.33509,-67.944,7.750,140.408,148.157,336.444,675.556,80.419,-101.843,0.15681,1,1
1616.00,506.000,0.33654,-67.949,8.192,140.265,148.457,335.710,676.290,80.448,-101.543,0.15627,1,1
1617.00,506.000,0.33808,-67.953,8.637,140.122,148.759,334.933,677.067,80.476,-101.241,0.15572,1,1
1618.00,506.000,0.33970,-67.958,9.083,139.980,149.062,334.113,677.887,80.505,-100.938,0.15516,1,1
1619.00,506.000,0.34141,-67.963,9.530,139.837,149.367,333.248,678.752,80.533,-100.633,0.15459,1,1
1620.00,506.000,0.34321,-67.969,9.979,139.695,149.674,332.338,679.662,80.562,-100.326,0.15402,1,1
1621.00,506.000,0.34509,-67.974,10.430,139.553,149.983,331.383,680.617,80.591,-100.017,0.15343,1,1
1622.00,506.000,0.34707,-67.980,10.883,139.412,150.294,330.381,681.619,80.620,-99.706,0.15284,1,1
1623.00,506.000,0.34914,-67.987,11.337,139.270,150.608,329.333,682.667,80.650,-99.392,0.15224,1,1
1624.00,506.000,0.35131,-67.993,11.794,139.129,150.923,328.238,683.762,80.680,-99.077,0.15163,1,1
1625.00,506.000,0.35357,-68.000,12.252,138.988,151.240,327.094,684.906,80.709,-98.760,0.15101,1,1
1626.00,506.000,0.35593,-68.008,12.713,138.847,151.559,325.902,686.098,80.740,-98.441,0.15038,1,1
1627.00,506.000,0.35838,-68.015,13.175,138.706,151.881,324.660,687.340,80.770,-98.119,0.14975,1,1
1628.00,506.000,0.36093,-68.023,13.640,138.565,152.205,323.367,688.633,80.800,-97.795,0.14910,1,1
1629.00,506.000,0.36359,-68.032,14.107,138.425,152.532,322.023,689.977,80.831,-97.468,0.14844,1,1
1630.00,506.000,0.36635,-68.040,14.576,138.284,152.861,320.627,691.373,80.862,-97.139,0.14777,1,1
1631.00,506.000,0.36921,-68.049,15.048,138.144,153.192,319.178,692.822,80.894,-96.808,0.14708,1,1
1632.00,506.000,0.37218,-68.059,15.522,138.004,153.525,317.675,694.325,80.925,-96.475,0.14639,1,1
1633.00,506.000,0.37526,-68.069,15.998,137.864,153.862,316.118,695.882,80.957,-96.138,0.14568,1,1
1634.00,506.000,0.37845,-68.079,16.477,137.724,154.200,314.504,697.496,80.990,-95.800,0.14496,1,1
1635.00,506.000,0.38175,-68.090,16.958,137.584,154.542,312.834,699.166,81.022,-95.458,0.14423,1,1
1636.00,506.000,0.38517,-68.101,17.441,137.444,154.885,311.106,700.894,81.055,-95.115,0.14348,1,1
1637.00,506.000,0.38870,-68.112,17.927,137.304,155.232,309.319,702.681,81.089,-94.768,0.14272,1,1
1638.00,506.000,0.39235,-68.124,18.416,137.165,155.581,307.472,704.528,81.123,-94.419,0.14195,1,1
1639.00,506.000,0.39612,-68.137,18.907,137.025,155.932,305.564,706.436,81.157,-94.068,0.14116,1,1
1640.00,506.000,0.40001,-68.150,19.400,136.886,156.286,303.594,708.406,81.191,-93.714,0.14035,1,1
1641.00,506.000,0.40403,-68.164,19.896,136.747,156.642,301.561,710.439,81.226,-93.358,0.13953,1,1
1642.00,506.000,0.40817,-68.178,20.394,136.607,157.001,299.464,712.536,81.262,-92.999,0.13869,1,1
1643.00,506.000,0.41245,-68.192,20.895,136.468,157.363,297.301,714.699,81.298,-92.637,0.13783,1,1
1644.00,506.000,0.41685,-68.208,21.397,136.329,157.726,295.072,716.928,81.334,-92.274,0.13696,1,1
1645.00,506.000,0.42139,-68.224,21.902,136.190,158.093,292.775,719.225,81.371,-91.907,0.13606,1,1
1646.00,506.000,0.42607,-68.240,22.410,136.051,158.461,290.410,721.590,81.409,-91.539,0.13515,1,1
1647.00,506.000,0.43088,-68.257,22.919,135.912,158.831,287.974,724.026,81.447,-91.169,0.13421,1,1
1648.00,506.000,0.43583,-68.275,23.430,135.773,159.204,285.468,726.532,81.485,-90.796,0.13326,1,1
1649.00,506.000,0.44093,-68.294,23.943,135.634,159.578,282.889,729.111,81.525,-90.422,0.13228,1,1
1650.00,506.000,0.44617,-68.313,24.458,135.496,159.954,280.237,731.763,81.564,-90.046,0.13129,1,1
1651.00,506.000,0.45156,-68.333,24.975,135.357,160.332,277.511,734.489,81.605,-89.668,0.13027,1,1
1652.00,506.000,0.45710,-68.353,25.492,135.218,160.711,274.709,737.291,81.646,-89.289,0.12922,1,1
1653.00,506.000,0.46278,-68.375,26.011,135.080,161.091,271.831,740.169,81.688,-88.909,0.12815,1,1
1654.00,506.000,0.46863,-68.397,26.531,134.941,161.472,268.875,743.125,81.731,-88.528,0.12706,1,1
1655.00,506.000,0.47462,-68.420,27.052,134.803,161.855,265.841,746.159,81.774,-88.145,0.12593,1,1
1656.00,506.000,0.48077,-68.445,27.573,134.664,162.237,262.728,749.272,81.818,-87.763,0.12479,1,1
1657.00,506.000,0.48709,-68.470,28.094,134.526,162.620,259.535,752.465,81.863,-87.380,0.12361,1,1
1658.00,506.000,0.49356,-68.495,28.615,134.387,163.002,256.260,755.740,81.909,-86.998,0.12240,1,1
1659.00,506.000,0.50019,-68.522,29.135,134.249,163.384,252.904,759.096,81.956,-86.616,0.12117,1,1
1660.00,506.000,0.50698,-68.550,29.655,134.110,163.765,249.466,762.534,82.004,-86.235,0.11990,1,1
1661.00,506.000,0.51394,-68.579,30.173,133.972,164.145,245.945,766.055,82.052,-85.855,0.11861,1,1
1662.00,506.000,0.52107,-68.609,30.689,133.834,164.523,242.341,769.659,82.102,-85.477,0.11728,1,1
1663.00,506.000,0.52835,-68.640,31.202,133.696,164.898,238.653,773.347,82.153,-85.102,0.11592,1,1
1664.00,506.000,0.53581,-68.673,31.712,133.557,165.270,234.882,777.118,82.205,-84.730,0.11452,1,1
1665.00,506.000,0.54343,-68.706,32.219,133.419,165.639,231.026,780.974,82.257,-84.361,0.11309,1,1
1666.00,506.000,0.55121,-68.741,32.721,133.281,166.003,227.088,784.912,82.311,-83.997,0.11163,1,1
1667.00,506.000,0.55916,-68.777,33.219,133.143,166.362,223.066,788.934,82.367,-83.638,0.11013,1,1
1668.00,506.000,0.56727,-68.814,33.710,133.005,166.715,218.961,793.039,82.423,-83.285,0.10859,1,1
1669.00,506.000,0.57554,-68.853,34.194,132.867,167.061,214.774,797.226,82.481,-82.939,0.10702,1,1
1670.00,506.000,0.58398,-68.893,34.671,132.729,167.400,210.506,801.494,82.540,-82.600,0.10540,1,1
1671.00,506.000,0.59257,-68.934,35.138,132.591,167.729,206.158,805.842,82.600,-82.271,0.10375,1,1
1672.00,506.000,0.60132,-68.977,35.596,132.453,168.049,201.731,810.269,82.662,-81.951,0.10206,1,1
1673.00,506.000,0.61022,-69.022,36.042,132.315,168.358,197.227,814.773,82.725,-81.642,0.10033,1,1
1674.00,506.000,0.61927,-69.068,36.476,132.177,168.654,192.647,819.353,82.789,-81.346,0.09855,1,1
1675.00,506.000,0.62847,-69.115,36.896,132.039,168.935,187.994,824.006,82.855,-81.065,0.09674,1,1
1676.00,506.000,0.63780,-69.165,37.300,131.901,169.202,183.271,828.729,82.923,-80.798,0.09489,1,1
1677.00,506.000,0.64727,-69.216,37.687,131.763,169.451,178.479,833.521,82.992,-80.549,0.09300,1,1
1678.00,506.000,0.65687,-69.268,38.056,131.625,169.681,173.623,838.377,83.063,-80.319,0.09106,1,1
1679.00,506.000,0.66659,-69.323,38.403,131.487,169.889,168.706,843.294,83.136,-80.111,0.08909,1,1
1680.00,506.000,0.67642,-69.379,38.727,131.348,170.075,163.731,848.269,83.211,-79.925,0.08707,1,1
1681.00,506.000,0.68636,-69.438,39.025,131.209,170.234,158.704,853.296,83.287,-79.766,0.08501,1,1
1682.00,506.000,0.69639,-69.498,39.295,131.070,170.366,153.628,858.372,83.365,-79.634,0.08292,1,1
1683.00,506.000,0.70650,-69.560,39.535,130.931,170.466,148.510,863.490,83.446,-79.534,0.08078,1,1
1684.00,506.000,0.71669,-69.624,39.741,130.791,170.531,143.354,868.646,83.528,-79.469,0.07861,1,1
1685.00,506.000,0.72694,-69.691,39.909,130.650,170.559,138.168,873.832,83.612,-79.441,0.07640,1,1
1686.00,506.000,0.73724,-69.759,40.037,130.509,170.546,132.957,879.043,83.699,-79.454,0.07415,1,1
1687.00,506.000,0.74757,-69.830,40.121,130.366,170.487,127.730,884.270,83.788,-79.513,0.07187,1,1
1688.00,506.000,0.75792,-69.903,40.155,130.223,170.378,122.494,889.506,83.879,-79.622,0.06956,1,1
1689.00,506.000,0.76826,-69.978,40.136,130.079,170.214,117.259,894.741,83.972,-79.786,0.06722,1,1
1690.00,506.000,0.77859,-70.056,40.057,129.933,169.990,112.032,899.968,84.068,-80.010,0.06486,1,1
1691.00,506.000,0.78888,-70.135,39.914,129.785,169.699,106.826,905.174,84.166,-80.301,0.06247,1,1
1692.00,506.000,0.79911,-70.218,39.699,129.636,169.335,101.649,910.351,84.267,-80.665,0.06005,1,1
1693.00,506.000,0.80926,-70.303,39.406,129.484,168.891,96.515,915.485,84.370,-81.109,0.05763,1,1
1694.00,506.000,0.81930,-70.390,39.026,129.330,168.357,91.436,920.564,84.476,-81.643,0.05519,1,1
1695.00,506.000,0.82920,-70.479,38.551,129.173,167.724,86.426,925.574,84.585,-82.276,0.05275,1,1
1696.00,506.000,0.83894,-70.571,37.970,129.012,166.982,81.499,930.501,84.697,-83.018,0.05030,1,1
1697.00,506.000,0.84848,-70.665,37.273,128.847,166.120,76.671,935.329,84.811,-83.880,0.04787,1,1
1698.00,506.000,0.85779,-70.761,36.446,128.678,165.124,71.959,940.041,84.927,-84.876,0.04545,1,1
1699.00,506.000,0.86683,-70.859,35.475,128.504,163.979,67.382,944.618,85.046,-86.021,0.04306,1,1
1700.00,506.000,0.87557,-70.958,34.347,128.323,162.670,62.960,949.040,85.167,-87.330,0.04070,1,1
1701.00,506.000,0.88397,-71.059,33.042,128.136,161.178,58.713,953.287,85.289,-88.822,0.03840,1,1
1702.00,506.000,0.89197,-71.159,31.543,127.941,159.485,54.665,957.335,85.413,-90.515,0.03615,1,1
1703.00,506.000,0.89953,-71.260,29.832,127.739,157.570,50.840,961.160,85.538,-92.430,0.03399,1,1
1704.00,506.000,0.90659,-71.359,27.886,127.527,155.413,47.264,964.736,85.661,-94.587,0.03193,1,1
1705.00,506.000,0.91311,-71.455,25.689,127.305,152.994,43.964,968.036,85.783,-97.006,0.02998,1,1
1706.00,506.000,0.91903,-71.547,23.223,127.074,150.296,40.969,971.031,85.902,-99.704,0.02817,1,1
1707.00,506.000,0.92429,-71.632,20.476,126.831,147.307,38.308,973.692,86.016,-102.693,0.02652,0,1
1708.00,506.000,0.92883,-71.710,17.446,126.579,144.025,36.011,975.989,86.123,-105.975,0.02505,0,1
1709.00,506.000,0.93259,-71.776,14.143,126.317,140.459,34.107,977.893,86.219,-109.541,0.02380,0,1
1710.00,506.000,0.93553,-71.830,10.592,126.046,136.638,32.622,979.378,86.304,-113.362,0.02277,0,1
1711.00,506.000,0.93759,-71.868,6.837,125.770,132.607,31.579,980.421,86.374,-117.393,0.02199,0,1
1712.00,506.000,0.93875,-71.890,2.942,125.490,128.433,30.995,981.005,86.427,-121.567,0.02148,0,1
1713.00,506.000,0.93897,-71.894,358.985,125.210,124.195,30.880,981.120,86.463,-125.805,0.02122,0,1
1714.00,506.000,0.93827,-71.881,355.049,124.934,119.983,31.236,980.764,86.481,-130.017,0.02123,0,1
1715.00,506.000,0.93665,-71.852,351.218,124.663,115.881,32.057,979.943,86.481,-134.119,0.02150,0,1
1716.00,506.000,0.93413,-71.807,347.561,124.402,111.963,33.329,978.671,86.465,-138.037,0.02200,0,1
1717.00,506.000,0.93077,-71.751,344.132,124.151,108.284,35.032,976.968,86.436,-141.716,0.02273,0,1
1718.00,506.000,0.92660,-71.684,340.967,123.913,104.880,37.141,974.859,86.395,-145.120,0.02364,0,1
1719.00,506.000,0.92168,-71.609,338.082,123.686,101.769,39.628,972.372,86.345,-148.231,0.02473,0,1
1720.00,506.000,0.91608,-71.529,335.481,123.472,98.953,42.464,969.536,86.288,-151.047,0.02596,1,1
1721.00,506.000,0.90984,-71.445,333.154,123.270,96.424,45.620,966.380,86.226,-153.576,0.02732,1,1
1722.00,506.000,0.90303,-71.360,331.089,123.079,94.168,49.066,962.934,86.160,-155.832,0.02877,1,1
1723.00,506.000,0.89570,-71.273,329.266,122.898,92.164,52.773,959.227,86.092,-157.836,0.03030,1,1
1724.00,506.000,0.88791,-71.186,327.666,122.726,90.392,56.717,955.283,86.024,-159.608,0.03190,1,1
1725.00,506.000,0.87970,-71.101,326.270,122.562,88.832,60.871,951.129,85.955,-161.168,0.03354,1,1
1726.00,506.000,0.87112,-71.016,325.058,122.405,87.463,65.211,946.789,85.887,-162.537,0.03522,1,1
1727.00,506.000,0.86222,-70.934,324.013,122.255,86.268,69.717,942.283,85.819,-163.732,0.03693,1,1
1728.00,506.000,0.85303,-70.853,323.119,122.111,85.230,74.367,937.633,85.753,-164.770,0.03864,1,1
1729.00,506.000,0.84359,-70.774,322.361,121.971,84.332,79.142,932.858,85.689,-165.668,0.04037,1,1
1730.00,506.000,0.83394,-70.698,321.725,121.836,83.561,84.024,927.976,85.626,-166.439,0.04208,1,1
1731.00,506.000,0.82411,-70.624,321.201,121.705,82.906,88.998,923.002,85.566,-167.094,0.04379,1,1
1732.00,506.000,0.81414,-70.553,320.777,121.577,82.354,94.047,917.953,85.507,-167.646,0.04549,1,1
1733.00,506.000,0.80404,-70.484,320.444,121.452,81.895,99.158,912.842,85.450,-168.105,0.04717,1,1
1734.00,506.000,0.79384,-70.417,320.193,121.329,81.522,104.317,907.683,85.395,-168.478,0.04882,1,1
1735.00,506.000,0.78357,-70.352,320.017,121.209,81.226,109.512,902.488,85.342,-168.774,0.05045,1,1
1736.00,506.000,0.77326,-70.290,319.909,121.091,81.000,114.732,897.268,85.291,-169.000,0.05205,1,1
1737.00,506.000,0.76291,-70.230,319.863,120.975,80.838,119.966,892.034,85.242,-169.162,0.05362,1,1
1738.00,506.000,0.75256,-70.172,319.873,120.860,80.734,125.204,886.796,85.195,-169.266,0.05516,1,1
1739.00,506.000,0.74222,-70.116,319.935,120.747,80.682,130.437,881.563,85.150,-169.318,0.05666,1,1
1740.00,506.000,0.73190,-70.062,320.043,120.635,80.678,135.658,876.342,85.107,-169.322,0.05812,1,1
1741.00,506.000,0.72163,-70.010,320.194,120.524,80.718,140.857,871.143,85.065,-169.282,0.05955,1,1
1742.00,506.000,0.71141,-69.960,320.384,120.414,80.798,146.029,865.971,85.025,-169.202,0.06094,1,1
1743.00,506.000,0.70125,-69.912,320.609,120.305,80.914,151.166,860.834,84.987,-169.086,0.06229,1,1
1744.00,506.000,0.69118,-69.865,320.867,120.196,81.063,156.263,855.737,84.951,-168.937,0.06361,1,1
1745.00,506.000,0.68120,-69.820,321.154,120.089,81.243,161.313,850.687,84.916,-168.757,0.06488,1,1
1746.00,506.000,0.67132,-69.777,321.467,119.982,81.449,166.313,845.687,84.882,-168.551,0.06612,1,1
1747.00,506.000,0.66155,-69.736,321.805,119.875,81.681,171.257,840.743,84.850,-168.319,0.06731,1,1
1748.00,506.000,0.65190,-69.695,322.165,119.769,81.935,176.141,835.859,84.820,-168.065,0.06847,1,1
1749.00,506.000,0.64237,-69.657,322.545,119.664,82.209,180.961,831.039,84.790,-167.791,0.06959,1,1
1750.00,506.000,0.63297,-69.620,322.943,119.559,82.503,185.715,826.285,84.762,-167.497,0.07067,1,1
1751.00,506.000,0.62372,-69.584,323.358,119.455,82.812,190.399,821.601,84.736,-167.188,0.07171,1,1
1752.00,506.000,0.61461,-69.550,323.787,119.351,83.138,195.010,816.990,84.711,-166.862,0.07272,1,1
1753.00,506.000,0.60564,-69.517,324.229,119.247,83.476,199.546,812.454,84.687,-166.524,0.07369,1,1
1754.00,506.000,0.59683,-69.485,324.683,119.144,83.827,204.005,807.995,84.664,-166.173,0.07462,1,1
1755.00,506.000,0.58817,-69.454,325.148,119.041,84.189,208.386,803.614,84.642,-165.811,0.07552,1,1
1756.00,506.000,0.57967,-69.425,325.622,118.939,84.561,212.687,799.313,84.621,-165.439,0.07638,1,1
1757.00,506.000,0.57133,-69.396,326.104,118.837,84.941,216.906,795.094,84.602,-165.059,0.07721,1,1
1758.00,506.000,0.56316,-69.369,326.593,118.735,85.329,221.043,790.957,84.583,-164.671,0.07801,1,1
1759.00,506.000,0.55514,-69.343,327.089,118.634,85.723,225.097,786.903,84.565,-164.277,0.07878,1,1
1760.00,506.000,0.54730,-69.318,327.591,118.533,86.123,229.068,782.932,84.549,-163.877,0.07951,1,1
1761.00,506.000,0.53962,-69.294,328.097,118.432,86.529,232.954,779.046,84.533,-163.471,0.08021,1,1
1762.00,506.000,0.53210,-69.270,328.607,118.332,86.938,236.756,775.244,84.518,-163.062,0.08089,1,1
1763.00,506.000,0.52475,-69.248,329.120,118.232,87.352,240.474,771.526,84.504,-162.648,0.08153,1,1
1764.00,506.000,0.51757,-69.227,329.636,118.132,87.768,244.108,767.892,84.490,-162.232,0.08215,1,1
1765.00,506.000,0.51056,-69.206,330.154,118.032,88.187,247.658,764.342,84.478,-161.813,0.08274,1,1
1766.00,506.000,0.50370,-69.186,330.674,117.933,88.607,251.125,760.875,84.466,-161.393,0.08331,1,1
1767.00,506.000,0.49702,-69.167,331.195,117.834,89.029,254.509,757.491,84.455,-160.971,0.08385,1,1
1768.00,506.000,0.49049,-69.149,331.717,117.736,89.453,257.811,754.189,84.445,-160.547,0.08436,1,1
1769.00,506.000,0.48413,-69.132,332.239,117.638,89.876,261.031,750.969,84.435,-160.124,0.08485,1,1
1770.00,506.000,0.47793,-69.115,332.761,117.540,90.300,264.170,747.830,84.426,-159.700,0.08532,1,1
1771.00,506.000,0.47188,-69.099,333.282,117.442,90.724,267.228,744.772,84.417,-159.276,0.08577,1,1
1772.00,506.000,0.46599,-69.083,333.803,117.345,91.148,270.208,741.792,84.409,-158.852,0.08619,1,1
1773.00,506.000,0.46026,-69.068,334.323,117.248,91.571,273.110,738.890,84.402,-158.429,0.08660,1,1
1774.00,506.000,0.45468,-69.054,334.842,117.151,91.993,275.934,736.066,84.395,-158.007,0.08699,1,1
1775.00,506.000,0.44924,-69.040,335.360,117.055,92.414,278.682,733.318,84.389,-157.586,0.08735,1,1
1776.00,506.000,0.44396,-69.027,335.876,116.958,92.834,281.355,730.645,84.383,-157.166,0.08770,1,1
1777.00,506.000,0.43883,-69.015,336.390,116.863,93.253,283.955,728.045,84.378,-156.747,0.08803,1,1
1778.00,506.000,0.43383,-69.002,336.903,116.767,93.670,286.481,725.519,84.373,-156.330,0.08835,1,1
1779.00,506.000,0.42898,-68.991,337.413,116.672,94.085,288.935,723.065,84.368,-155.915,0.08864,1,1
1780.00,506.000,0.42427,-68.980,337.921,116.577,94.498,291.319,720.681,84.364,-155.502,0.08893,1,1
1781.00,506.000,0.41970,-68.969,338.428,116.482,94.909,293.634,718.366,84.361,-155.091,0.08919,1,1
1782.00,506.000,0.41526,-68.959,338.931,116.387,95.319,295.880,716.120,84.357,-154.681,0.08944,1,1
1783.00,506.000,0.41095,-68.949,339.433,116.293,95.726,298.059,713.941,84.355,-154.274,0.08968,1,1
1784.00,506.000,0.40677,-68.940,339.932,116.199,96.131,300.172,711.828,84.352,-153.869,0.08991,1,1
1785.00,506.000,0.40273,-68.931,340.429,116.105,96.534,302.221,709.779,84.350,-153.466,0.09012,1,1
1786.00,506.000,0.39880,-68.922,340.923,116.012,96.935,304.206,707.794,84.348,-153.065,0.09032,1,1
1787.00,506.000,0.39500,-68.914,341.415,115.918,97.333,306.128,705.872,84.346,-152.667,0.09051,1,1
1788.00,506.000,0.39133,-68.906,341.904,115.825,97.729,307.989,704.011,84.345,-152.271,0.09068,1,1
1789.00,506.000,0.38777,-68.898,342.390,115.733,98.123,309.789,702.211,84.344,-151.877,0.09085,1,1
1790.00,506.000,0.38433,-68.891,342.874,115.640,98.514,311.530,700.470,84.343,-151.486,0.09100,1,1
1791.00,506.000,0.38100,-68.884,343.356,115.548,98.904,313.213,698.787,84.342,-151.096,0.09115,1,1
1792.00,506.000,0.37779,-68.877,343.835,115.456,99.291,314.839,697.161,84.342,-150.709,0.09128,1,1
1793.00,506.000,0.37469,-68.871,344.312,115.364,99.675,316.409,695.591,84.342,-150.325,0.09141,1,1
1794.00,506.000,0.37169,-68.865,344.786,115.272,100.058,317.924,694.076,84.342,-149.942,0.09152,1,1
1795.00,506.000,0.36881,-68.859,345.258,115.180,100.438,319.384,692.616,84.343,-149.562,0.09163,1,1
1796.00,506.000,0.36603,-68.853,345.727,115.089,100.816,320.791,691.209,84.343,-149.184,0.09173,1,1
1797.00,506.000,0.36335,-68.848,346.194,114.998,101.192,322.146,689.854,84.344,-148.808,0.09182,1,1
1798.00,506.000,0.36077,-68.843,346.659,114.907,101.566,323.450,688.550,84.345,-148.434,0.09190,1,1
1799.00,506.000,0.35830,-68.838,347.122,114.816,101.938,324.702,687.298,84.346,-148.062,0.09197,1,1
1800.00,506.000,0.35592,-68.834,347.582,114.726,102.308,325.905,686.095,84.348,-147.692,0.09204,1,1
1801.00,506.000,0.35364,-68.829,348.040,114.636,102.676,327.059,684.941,84.349,-147.324,0.09210,1,1
1802.00,506.000,0.35145,-68.825,348.496,114.545,103.042,328.165,683.835,84.351,-146.958,0.09215,1,1
1803.00,506.000,0.34936,-68.821,348.950,114.455,103.406,329.224,682.776,84.353,-146.594,0.09220,1,1
1804.00,506.000,0.34736,-68.817,349.403,114.365,103.768,330.235,681.765,84.355,-146.232,0.09224,1,1
1805.00,506.000,0.34545,-68.814,349.853,114.276,104.129,331.201,680.799,84.357,-145.871,0.09228,1,1
1806.00,506.000,0.34363,-68.810,350.302,114.186,104.488,332.121,679.879,84.359,-145.512,0.09230,1,1
1807.00,506.000,0.34190,-68.807,350.748,114.097,104.845,332.997,679.003,84.362,-145.155,0.09233,1,1
1808.00,506.000,0.34026,-68.804,351.193,114.008,105.201,333.828,678.172,84.364,-144.799,0.09234,1,1
1809.00,506.000,0.33870,-68.801,351.637,113.919,105.556,334.616,677.384,84.367,-144.444,0.09235,1,1
1810.00,506.000,0.33723,-68.799,352.079,113.830,105.909,335.361,676.639,84.370,-144.091,0.09236,1,1
1811.00,506.000,0.33584,-68.796,352.519,113.741,106.260,336.063,675.937,84.373,-143.740,0.09236,1,1
1812.00,506.000,0.33454,-68.794,352.958,113.652,106.611,336.723,675.277,84.376,-143.389,0.09235,1,1
1813.00,506.000,0.33332,-68.792,353.396,113.564,106.960,337.342,674.658,84.379,-143.040,0.09234,1,1
1814.00,506.000,0.33218,-68.790,353.833,113.475,107.308,337.919,674.081,84.382,-142.692,0.09233,1,1
1815.00,506.000,0.33111,-68.788,354.268,113.387,107.655,338.456,673.544,84.386,-142.345,0.09231,1,1
1816.00,506.000,0.33013,-68.786,354.703,113.299,108.002,338.952,673.048,84.389,-141.998,0.09229,1,1
1817.00,506.000,0.32923,-68.784,355.136,113.211,108.347,339.409,672.591,84.393,-141.653,0.09226,1,1
1818.00,506.000,0.32841,-68.783,355.569,113.123,108.691,339.825,672.175,84.397,-141.309,0.09222,1,1
1819.00,506.000,0.32766,-68.782,356.000,113.035,109.035,340.203,671.797,84.401,-140.965,0.09219,1,1
1820.00,506.000,0.32699,-68.780,356.431,112.947,109.378,340.541,671.459,84.405,-140.622,0.09214,1,1
1821.00,506.000,0.32640,-68.779,356.861,112.860,109.721,340.840,671.160,84.409,-140.279,0.09210,1,1
1822.00,506.000,0.32589,-68.779,357.291,112.772,110.063,341.101,670.899,84.413,-139.937,0.09205,1,1
1823.00,506.000,0.32545,-68.778,357.720,112.685,110.404,341.323,670.677,84.417,-139.596,0.09199,1,1
1824.00,506.000,0.32509,-68.777,358.149,112.597,110.746,341.506,670.494,84.421,-139.254,0.09193,1,1
1825.00,506.000,0.32480,-68.777,358.577,112.510,111.087,341.652,670.348,84.426,-138.913,0.09187,1,1
1826.00,506.000,0.32459,-68.776,359.005,112.423,111.428,341.759,670.241,84.430,-138.572,0.09181,1,1
1827.00,506.000,0.32445,-68.776,359.433,112.335,111.768,341.829,670.171,84.435,-138.232,0.09173,1,1
1828.00,506.000,0.32439,-68.776,359.861,112.248,112.109,341.860,670.140,84.439,-137.891,0.09166,1,1
1829.00,506.000,0.32440,-68.776,0.288,112.161,112.450,341.853,670.147,84.444,-137.550,0.09158,1,1
1830.00,506.000,0.32449,-68.776,0.716,112.074,112.790,341.809,670.191,84.449,-137.210,0.09150,1,1
1831.00,506.000,0.32465,-68.776,1.144,111.987,113.131,341.726,670.274,84.454,-136.869,0.09141,1,1
1832.00,506.000,0.32489,-68.777,1.572,111.901,113.473,341.606,670.394,84.459,-136.527,0.09132,1,1
1833.00,506.000,0.32520,-68.777,2.001,111.814,113.814,341.447,670.553,84.464,-136.186,0.09123,1,1
1834.00,506.000,0.32559,-68.778,2.429,111.727,114.156,341.250,670.750,84.469,-135.844,0.09113,1,1
1835.00,506.000,0.32606,-68.779,2.859,111.640,114.499,341.014,670.986,84.475,-135.501,0.09102,1,1
1836.00,506.000,0.32660,-68.780,3.288,111.554,114.842,340.741,671.259,84.480,-135.158,0.09092,1,1
1837.00,506.000,0.32722,-68.781,3.719,111.467,115.186,340.428,671.572,84.486,-134.814,0.09081,1,1
1838.00,506.000,0.32791,-68.782,4.150,111.381,115.531,340.076,671.924,84.491,-134.469,0.09069,1,1
1839.00,506.000,0.32868,-68.783,4.582,111.294,115.876,339.686,672.314,84.497,-134.124,0.09057,1,1
1840.00,506.000,0.32954,-68.785,5.015,111.207,116.222,339.255,672.745,84.503,-133.778,0.09045,1,1
1841.00,506.000,0.33046,-68.786,5.449,111.121,116.570,338.785,673.215,84.509,-133.430,0.09032,1,1
1842.00,506.000,0.33147,-68.788,5.883,111.034,116.918,338.275,673.725,84.515,-133.082,0.09018,1,1
1843.00,506.000,0.33256,-68.790,6.319,110.948,117.267,337.725,674.275,84.521,-132.733,0.09005,1,1
1844.00,506.000,0.33373,-68.792,6.756,110.862,117.618,337.133,674.867,84.527,-132.382,0.08991,1,1
1845.00,506.000,0.33498,-68.794,7.195,110.775,117.970,336.500,675.500,84.534,-132.030,0.08976,1,1
1846.00,506.000,0.33631,-68.797,7.635,110.689,118.323,335.826,676.174,84.540,-131.677,0.08961,1,1
1847.00,506.000,0.33773,-68.799,8.076,110.602,118.678,335.110,676.890,84.547,-131.322,0.08945,1,1
1848.00,506.000,0.33923,-68.802,8.518,110.516,119.034,334.351,677.649,84.553,-130.966,0.08929,1,1
1849.00,506.000,0.34081,-68.805,8.962,110.429,119.392,333.548,678.452,84.560,-130.608,0.08912,1,1
1850.00,506.000,0.34249,-68.808,9.408,110.343,119.751,332.702,679.298,84.567,-130.249,0.08895,1,1
1851.00,506.000,0.34425,-68.811,9.856,110.256,120.112,331.812,680.188,84.574,-129.888,0.08877,1,1
1852.00,506.000,0.34609,-68.814,10.305,110.170,120.475,330.877,681.123,84.582,-129.525,0.08859,1,1
1853.00,506.000,0.34803,-68.817,10.756,110.083,120.839,329.896,682.104,84.589,-129.161,0.08840,1,1
1854.00,506.000,0.35006,-68.821,11.209,109.997,121.206,328.869,683.131,84.597,-128.794,0.08821,1,1
1855.00,506.000,0.35218,-68.825,11.664,109.910,121.574,327.795,684.205,84.604,-128.426,0.08801,1,1
1856.00,506.000,0.35440,-68.829,12.121,109.824,121.945,326.674,685.326,84.612,-128.055,0.08780,1,1
1857.00,506.000,0.35671,-68.833,12.581,109.737,122.318,325.504,686.496,84.620,-127.682,0.08759,1,1
1858.00,506.000,0.35912,-68.838,13.042,109.650,122.692,324.285,687.715,84.628,-127.308,0.08737,1,1
1859.00,506.000,0.36163,-68.842,13.506,109.564,123.069,323.016,688.984,84.637,-126.931,0.08714,1,1
1860.00,506.000,0.36424,-68.847,13.972,109.477,123.448,321.696,690.304,84.645,-126.552,0.08691,1,1
1861.00,506.000,0.36695,-68.852,14.440,109.390,123.830,320.324,691.676,84.654,-126.170,0.08667,1,1
1862.00,506.000,0.36976,-68.858,14.910,109.303,124.213,318.900,693.100,84.663,-125.787,0.08642,1,1
1863.00,506.000,0.37268,-68.863,15.383,109.216,124.599,317.422,694.578,84.672,-125.401,0.08616,1,1
1864.00,506.000,0.37571,-68.869,15.859,109.129,124.988,315.890,696.110,84.682,-125.012,0.08590,1,1
1865.00,506.000,0.37885,-68.875,16.337,109.042,125.379,314.303,697.697,84.691,-124.621,0.08562,1,1
1866.00,506.000,0.38210,-68.882,16.817,108.955,125.772,312.659,699.341,84.701,-124.228,0.08534,1,1
1867.00,506.000,0.38546,-68.888,17.300,108.868,126.168,310.957,701.043,84.711,-123.832,0.08505,1,1
1868.00,506.000,0.38894,-68.895,17.786,108.781,126.566,309.197,702.803,84.722,-123.434,0.08475,1,1
1869.00,506.000,0.39253,-68.902,18.274,108.693,126.967,307.378,704.622,84.732,-123.033,0.08444,1,1
1870.00,506.000,0.39625,-68.910,18.764,108.606,127.370,305.498,706.502,84.743,-122.630,0.08412,1,1
1871.00,506.000,0.40009,-68.918,19.258,108.518,127.776,303.556,708.444,84.754,-122.224,0.08379,1,1
1872.00,506.000,0.40405,-68.926,19.753,108.431,128.184,301.551,710.449,84.766,-121.816,0.08345,1,1
1873.00,506.000,0.40814,-68.934,20.252,108.343,128.595,299.483,712.517,84.778,-121.405,0.08310,1,1
1874.00,506.000,0.41235,-68.943,20.752,108.255,129.008,297.349,714.651,84.790,-120.992,0.08273,1,1
1875.00,506.000,0.41670,-68.952,21.256,108.167,129.423,295.149,716.851,84.802,-120.577,0.08236,1,1
1876.00,506.000,0.42118,-68.962,21.761,108.079,129.841,292.881,719.119,84.815,-120.159,0.08197,1,1
1877.00,506.000,0.42580,-68.972,22.269,107.991,130.260,290.545,721.455,84.828,-119.740,0.08157,1,1
1878.00,506.000,0.43055,-68.982,22.779,107.903,130.682,288.139,723.861,84.842,-119.318,0.08115,1,1
1879.00,506.000,0.43545,-68.993,23.291,107.815,131.106,285.662,726.338,84.855,-118.894,0.08072,1,1
1880.00,506.000,0.44049,-69.004,23.806,107.727,131.532,283.113,728.887,84.870,-118.468,0.08028,1,1
1881.00,506.000,0.44567,-69.016,24.322,107.638,131.960,280.491,731.509,84.884,-118.040,0.07982,1,1
1882.00,506.000,0.45100,-69.028,24.840,107.550,132.389,277.794,734.206,84.900,-117.611,0.07935,1,1
1883.00,506.000,0.45648,-69.041,25.359,107.461,132.820,275.022,736.978,84.915,-117.180,0.07886,1,1
1884.00,506.000,0.46211,-69.054,25.880,107.372,133.252,272.174,739.826,84.931,-116.748,0.07835,1,1
1885.00,506.000,0.46789,-69.067,26.402,107.283,133.685,269.247,742.753,84.948,-116.315,0.07783,1,1
1886.00,506.000,0.47383,-69.082,26.925,107.194,134.119,266.243,745.757,84.965,-115.881,0.07729,1,1
1887.00,506.000,0.47992,-69.096,27.448,107.105,134.553,263.158,748.842,84.983,-115.447,0.07673,1,1
1888.00,506.000,0.48618,-69.112,27.972,107.016,134.988,259.993,752.007,85.001,-115.012,0.07615,1,1
1889.00,506.000,0.49259,-69.128,28.496,106.926,135.423,256.747,755.253,85.020,-114.577,0.07555,1,1
1890.00,506.000,0.49917,-69.144,29.020,106.837,135.857,253.419,758.581,85.039,-114.143,0.07493,1,1
1891.00,506.000,0.50591,-69.162,29.543,106.747,136.290,250.009,761.991,85.059,-113.710,0.07430,1,1
1892.00,506.000,0.51282,-69.179,30.064,106.658,136.722,246.515,765.485,85.080,-113.278,0.07364,1,1
1893.00,506.000,0.51989,-69.198,30.584,106.568,137.152,242.937,769.063,85.101,-112.848,0.07295,1,1
1894.00,506.000,0.52712,-69.217,31.102,106.478,137.580,239.276,772.724,85.123,-112.420,0.07225,1,1
1895.00,506.000,0.53453,-69.238,31.617,106.388,138.005,235.530,776.470,85.146,-111.995,0.07152,1,1
1896.00,506.000,0.54210,-69.258,32.129,106.298,138.426,231.699,780.301,85.169,-111.574,0.07077,1,1
1897.00,506.000,0.54983,-69.280,32.636,106.207,138.843,227.785,784.215,85.193,-111.157,0.06999,1,1
1898.00,506.000,0.55773,-69.303,33.139,106.117,139.256,223.786,788.214,85.218,-110.744,0.06919,1,1
1899.00,506.000,0.56580,-69.326,33.636,106.026,139.662,219.704,792.296,85.244,-110.338,0.06836,1,1
1900.00,506.000,0.57403,-69.350,34.127,105.936,140.062,215.539,796.461,85.271,-109.938,0.06751,1,1
1901.00,506.000,0.58243,-69.375,34.610,105.845,140.455,211.291,800.709,85.298,-109.545,0.06663,1,1
1902.00,506.000,0.59098,-69.402,35.085,105.754,140.838,206.962,805.038,85.327,-109.162,0.06572,1,1
1903.00,506.000,0.59970,-69.429,35.550,105.663,141.213,202.554,809.446,85.356,-108.787,0.06479,1,1
1904.00,506.000,0.60856,-69.457,36.004,105.572,141.576,198.067,813.933,85.387,-108.424,0.06382,1,1
1905.00,506.000,0.61758,-69.486,36.447,105.480,141.927,193.503,818.497,85.418,-108.073,0.06283,1,1
1906.00,506.000,0.62675,-69.516,36.875,105.389,142.264,188.865,823.135,85.451,-107.736,0.06181,1,1
1907.00,506.000,0.63606,-69.548,37.289,105.297,142.586,184.155,827.845,85.484,-107.414,0.06075,1,1
1908.00,506.000,0.64550,-69.580,37.687,105.205,142.891,179.375,832.625,85.519,-107.109,0.05967,1,1
1909.00,506.000,0.65508,-69.614,38.065,105.113,143.178,174.530,837.470,85.555,-106.822,0.05856,1,1
1910.00,506.000,0.66478,-69.649,38.424,105.020,143.444,169.621,842.379,85.592,-106.556,0.05742,1,1
1911.00,506.000,0.67460,-69.685,38.759,104.927,143.687,164.654,847.346,85.630,-106.313,0.05625,1,1
1912.00,506.000,0.68452,-69.722,39.070,104.834,143.905,159.632,852.368,85.670,-106.095,0.05505,1,1
1913.00,506.000,0.69454,-69.761,39.354,104.741,144.095,154.560,857.440,85.710,-105.905,0.05381,1,1
1914.00,506.000,0.70466,-69.801,39.608,104.647,144.255,149.444,862.556,85.753,-105.745,0.05255,1,1
1915.00,506.000,0.71485,-69.843,39.828,104.553,144.381,144.288,867.712,85.796,-105.619,0.05126,1,1
1916.00,506.000,0.72510,-69.886,40.013,104.458,144.471,139.100,872.900,85.841,-105.529,0.04994,1,1
1917.00,506.000,0.73540,-69.931,40.158,104.363,144.520,133.886,878.114,85.887,-105.480,0.04860,1,1
1918.00,506.000,0.74575,-69.977,40.259,104.266,144.525,128.652,883.348,85.935,-105.475,0.04722,1,1
1919.00,506.000,0.75611,-70.024,40.312,104.169,144.482,123.408,888.592,85.985,-105.518,0.04582,1,1
1920.00,506.000,0.76648,-70.074,40.313,104.072,144.384,118.161,893.839,86.036,-105.616,0.04440,1,1
1921.00,506.000,0.77683,-70.124,40.256,103.973,144.229,112.922,899.078,86.089,-105.771,0.04295,1,1
1922.00,506.000,0.78716,-70.177,40.136,103.872,144.008,107.699,904.301,86.143,-105.992,0.04149,1,1
1923.00,506.000,0.79742,-70.231,39.945,103.771,143.716,102.504,909.496,86.199,-106.284,0.04000,1,1
1924.00,506.000,0.80761,-70.288,39.679,103.667,143.346,97.348,914.652,86.257,-106.654,0.03850,1,1
1925.00,506.000,0.81770,-70.345,39.327,103.562,142.889,92.244,919.756,86.317,-107.111,0.03698,1,1
1926.00,506.000,0.82766,-70.405,38.882,103.454,142.336,87.205,924.795,86.378,-107.664,0.03545,1,1
1927.00,506.000,0.83746,-70.467,38.333,103.344,141.678,82.246,929.754,86.441,-108.322,0.03392,1,1
1928.00,506.000,0.84707,-70.530,37.671,103.231,140.902,77.382,934.618,86.506,-109.098,0.03239,1,1
1929.00,506.000,0.85646,-70.594,36.881,103.115,139.996,72.630,939.370,86.572,-110.004,0.03086,1,1
1930.00,506.000,0.86560,-70.661,35.952,102.995,138.947,68.009,943.991,86.640,-111.053,0.02935,1,1
1931.00,506.000,0.87443,-70.728,34.866,102.871,137.737,63.537,948.463,86.710,-112.263,0.02785,1,1
1932.00,506.000,0.88293,-70.797,33.608,102.742,136.350,59.236,952.764,86.780,-113.650,0.02637,1,1
1933.00,506.000,0.89105,-70.866,32.159,102.607,134.766,55.128,956.872,86.851,-115.234,0.02493,1,1
1934.00,506.000,0.89874,-70.936,30.499,102.466,132.966,51.237,960.763,86.922,-117.034,0.02354,1,1
1935.00,506.000,0.90595,-71.005,28.609,102.319,130.927,47.589,964.411,86.993,-119.073,0.02221,1,1
1936.00,506.000,0.91263,-71.073,26.467,102.164,128.630,44.211,967.789,87.063,-121.370,0.02095,1,1
1937.00,506.000,0.91871,-71.139,24.055,102.001,126.056,41.131,970.869,87.130,-123.944,0.01978,1,1
1938.00,506.000,0.92415,-71.201,21.361,101.829,123.190,38.379,973.621,87.193,-126.810,0.01871,0,1
1939.00,506.000,0.92888,-71.258,18.377,101.649,120.027,35.985,976.015,87.251,-129.973,0.01776,0,1
1940.00,506.000,0.93285,-71.308,15.110,101.461,116.572,33.977,978.023,87.303,-133.428,0.01695,0,1
1941.00,506.000,0.93600,-71.349,11.581,101.265,112.846,32.384,979.616,87.345,-137.154,0.01630,0,1
1942.00,506.000,0.93828,-71.380,7.830,101.063,108.893,31.230,980.770,87.378,-141.107,0.01583,0,1
1943.00,506.000,0.93966,-71.399,3.918,100.856,104.774,30.533,981.467,87.398,-145.226,0.01553,0,1
1944.00,506.000,0.94011,-71.406,359.921,100.647,100.568,30.306,981.694,87.405,-149.432,0.01544,0,1
1945.00,506.000,0.93962,-71.399,355.926,100.438,96.364,30.552,981.448,87.398,-153.636,0.01553,0,1
1946.00,506.000,0.93821,-71.379,352.019,100.231,92.250,31.267,980.733,87.379,-157.750,0.01583,0,1
1947.00,506.000,0.93589,-71.348,348.276,100.030,88.306,32.439,979.561,87.348,-161.694,0.01630,0,1
1948.00,506.000,0.93271,-71.306,344.756,99.834,84.591,34.049,977.951,87.306,-165.409,0.01695,0,1
1949.00,506.000,0.92871,-71.256,341.500,99.647,81.147,36.072,975.928,87.256,-168.853,0.01775,0,1
1950.00,506.000,0.92395,-71.199,338.528,99.468,77.996,38.481,973.519,87.198,-172.004,0.01870,0,1
1951.00,506.000,0.91849,-71.137,335.845,99.297,75.142,41.246,970.754,87.136,-174.858,0.01976,1,1
1952.00,506.000,0.91238,-71.071,333.444,99.135,72.579,44.338,967.662,87.070,-177.421,0.02093,1,1
1953.00,506.000,0.90568,-71.004,331.313,98.981,70.294,47.728,964.272,87.001,-179.706,0.02218,1,1
1954.00,506.000,0.89845,-70.935,329.431,98.834,68.266,51.386,960.614,86.931,178.266,0.02350,1,1
1955.00,506.000,0.89074,-70.865,327.780,98.694,66.474,55.285,956.715,86.861,176.474,0.02489,1,1
1956.00,506.000,0.88261,-70.796,326.339,98.560,64.899,59.401,952.599,86.791,174.899,0.02631,1,1
1957.00,506.000,0.87409,-70.728,325.088,98.432,63.520,63.709,948.291,86.722,173.520,0.02777,1,1
1958.00,506.000,0.86524,-70.661,324.009,98.308,62.318,68.187,943.813,86.654,172.318,0.02926,1,1
1959.00,506.000,0.85610,-70.595,323.085,98.189,61.274,72.814,939.186,86.587,171.274,0.03077,1,1
1960.00,506.000,0.84670,-70.530,322.301,98.073,60.375,77.570,934.430,86.522,170.375,0.03228,1,1
1961.00,506.000,0.83708,-70.468,321.643,97.961,59.604,82.438,929.562,86.458,169.604,0.03380,1,1
1962.00,506.000,0.82727,-70.407,321.099,97.852,58.951,87.401,924.599,86.396,168.951,0.03531,1,1
1963.00,506.000,0.81731,-70.347,320.658,97.745,58.403,92.442,919.558,86.336,168.403,0.03682,1,1
1964.00,506.000,0.80722,-70.290,320.310,97.640,57.950,97.549,914.451,86.277,167.950,0.03833,1,1
1965.00,506.000,0.79702,-70.234,320.046,97.537,57.583,102.706,909.294,86.220,167.583,0.03981,1,1
1966.00,506.000,0.78675,-70.180,319.859,97.436,57.295,107.903,904.097,86.165,167.295,0.04128,1,1
1967.00,506.000,0.77643,-70.128,319.741,97.337,57.078,113.126,898.874,86.112,167.078,0.04273,1,1
1968.00,506.000,0.76607,-70.077,319.686,97.238,56.925,118.366,893.634,86.060,166.925,0.04416,1,1
1969.00,506.000,0.75571,-70.028,319.689,97.141,56.830,123.613,888.387,86.010,166.830,0.04557,1,1
1970.00,506.000,0.74534,-69.981,319.745,97.045,56.789,128.857,883.143,85.961,166.789,0.04695,1,1
1971.00,506.000,0.73500,-69.936,319.848,96.949,56.797,134.089,877.911,85.914,166.797,0.04831,1,1
1972.00,506.000,0.72470,-69.891,319.994,96.854,56.848,139.303,872.697,85.869,166.848,0.04964,1,1
1973.00,506.000,0.71445,-69.849,320.180,96.760,56.940,144.490,867.510,85.825,166.940,0.05094,1,1
1974.00,506.000,0.70426,-69.807,320.402,96.666,57.069,149.644,862.356,85.782,167.069,0.05221,1,1
1975.00,506.000,0.69415,-69.768,320.657,96.573,57.230,154.758,857.242,85.741,167.230,0.05346,1,1
1976.00,506.000,0.68413,-69.729,320.942,96.480,57.422,159.828,852.172,85.701,167.422,0.05467,1,1
1977.00,506.000,0.67421,-69.692,321.254,96.388,57.642,164.848,847.152,85.663,167.642,0.05586,1,1
1978.00,506.000,0.66440,-69.656,321.591,96.296,57.887,169.813,842.187,85.625,167.887,0.05701,1,1
1979.00,506.000,0.65471,-69.622,321.950,96.204,58.154,174.718,837.282,85.589,168.154,0.05813,1,1
1980.00,506.000,0.64514,-69.588,322.329,96.113,58.442,179.561,832.439,85.554,168.442,0.05923,1,1
1981.00,506.000,0.63570,-69.556,322.727,96.021,58.749,184.338,827.662,85.520,168.749,0.06029,1,1
1982.00,506.000,0.62639,-69.525,323.142,95.930,59.072,189.045,822.955,85.488,169.072,0.06133,1,1
1983.00,506.000,0.61723,-69.495,323.571,95.839,59.411,193.680,818.320,85.456,169.411,0.06233,1,1
1984.00,506.000,0.60822,-69.466,324.014,95.749,59.763,198.240,813.760,85.425,169.763,0.06331,1,1
1985.00,506.000,0.59936,-69.438,324.469,95.658,60.127,202.724,809.276,85.396,170.127,0.06426,1,1
1986.00,506.000,0.59065,-69.411,324.935,95.568,60.502,207.129,804.871,85.367,170.502,0.06518,1,1
1987.00,506.000,0.58211,-69.386,325.410,95.478,60.887,211.455,800.545,85.339,170.887,0.06607,1,1
1988.00,506.000,0.57372,-69.361,325.893,95.387,61.281,215.699,796.301,85.313,171.281,0.06693,1,1
1989.00,506.000,0.56549,-69.337,326.384,95.297,61.682,219.861,792.139,85.287,171.682,0.06777,1,1
1990.00,506.000,0.55743,-69.313,326.882,95.208,62.089,223.939,788.061,85.262,172.089,0.06858,1,1
1991.00,506.000,0.54954,-69.291,327.385,95.118,62.503,227.934,784.066,85.237,172.503,0.06937,1,1
1992.00,506.000,0.54181,-69.270,327.892,95.028,62.921,231.845,780.155,85.214,172.921,0.07013,1,1
1993.00,506.000,0.53425,-69.249,328.404,94.939,63.343,235.672,776.328,85.191,173.343,0.07086,1,1
1994.00,506.000,0.52685,-69.229,328.919,94.850,63.769,239.414,772.586,85.169,173.769,0.07158,1,1
1995.00,506.000,0.51962,-69.210,329.437,94.760,64.198,243.072,768.928,85.148,174.198,0.07226,1,1
1996.00,506.000,0.51256,-69.192,329.957,94.671,64.629,246.646,765.354,85.128,174.629,0.07293,1,1
1997.00,506.000,0.50566,-69.174,330.479,94.583,65.062,250.136,761.864,85.108,175.062,0.07358,1,1
1998.00,506.000,0.49893,-69.157,331.002,94.494,65.496,253.543,758.457,85.089,175.496,0.07420,1,1
1999.00,506.000,0.49236,-69.140,331.525,94.405,65.931,256.868,755.132,85.070,175.931,0.07480,1,1
2000.00,506.000,0.48595,-69.125,332.049,94.316,66.366,260.110,751.890,85.052,176.366,0.07538,1,1
2001.00,506.000,0.47970,-69.110,332.573,94.228,66.801,263.271,748.729,85.034,176.801,0.07595,1,1
2002.00,506.000,0.47361,-69.095,333.097,94.140,67.237,266.352,745.648,85.018,177.237,0.07649,1,1
2003.00,506.000,0.46768,-69.081,333.620,94.052,67.671,269.354,742.646,85.001,177.671,0.07702,1,1
2004.00,506.000,0.46190,-69.067,334.142,93.963,68.105,272.276,739.724,84.985,178.105,0.07753,1,1
2005.00,506.000,0.45628,-69.054,334.662,93.876,68.538,275.122,736.878,84.970,178.538,0.07802,1,1
2006.00,506.000,0.45081,-69.042,335.182,93.788,68.969,277.891,734.109,84.955,178.969,0.07850,1,1
2007.00,506.000,0.44549,-69.030,335.700,93.700,69.400,280.584,731.416,84.941,179.400,0.07896,1,1
2008.00,506.000,0.44031,-69.018,336.216,93.612,69.828,283.203,728.797,84.926,179.828,0.07940,1,1
2009.00,506.000,0.43528,-69.007,336.730,93.525,70.255,285.749,726.251,84.913,-179.745,0.07983,1,1
2010.00,506.000,0.43039,-68.997,337.242,93.438,70.680,288.222,723.778,84.900,-179.320,0.08024,1,1
2011.00,506.000,0.42564,-68.986,337.752,93.350,71.102,290.625,721.375,84.887,-178.898,0.08065,1,1
2012.00,506.000,0.42103,-68.977,338.260,93.263,71.523,292.958,719.042,84.874,-178.477,0.08103,1,1
2013.00,506.000,0.41656,-68.967,338.765,93.176,71.941,295.223,716.777,84.862,-178.059,0.08141,1,1
2014.00,506.000,0.41221,-68.958,339.268,93.089,72.358,297.420,714.580,84.851,-177.642,0.08177,1,1
2015.00,506.000,0.40800,-68.949,339.769,93.002,72.771,299.551,712.449,84.839,-177.229,0.08212,1,1
2016.00,506.000,0.40392,-68.941,340.267,92.915,73.183,301.616,710.384,84.828,-176.817,0.08246,1,1
2017.00,506.000,0.39996,-68.933,340.763,92.829,73.592,303.618,708.382,84.817,-176.408,0.08279,1,1
2018.00,506.000,0.39613,-68.925,341.256,92.742,73.998,305.557,706.443,84.807,-176.002,0.08311,1,1
2019.00,506.000,0.39242,-68.918,341.747,92.656,74.402,307.435,704.565,84.797,-175.598,0.08342,1,1
2020.00,506.000,0.38883,-68.911,342.235,92.569,74.804,309.251,702.749,84.787,-175.196,0.08372,1,1
2021.00,506.000,0.38536,-68.904,342.720,92.483,75.203,311.008,700.992,84.777,-174.797,0.08400,1,1
2022.00,506.000,0.38200,-68.897,343.203,92.397,75.600,312.707,699.293,84.767,-174.400,0.08428,1,1
2023.00,506.000,0.37876,-68.891,343.683,92.311,75.994,314.349,697.651,84.758,-174.006,0.08455,1,1
2024.00,506.000,0.37563,-68.885,344.161,92.225,76.386,315.934,696.066,84.749,-173.614,0.08481,1,1
2025.00,506.000,0.37260,-68.879,344.636,92.139,76.775,317.463,694.537,84.740,-173.225,0.08507,1,1
2026.00,506.000,0.36969,-68.874,345.109,92.053,77.162,318.938,693.062,84.732,-172.838,0.08531,1,1
2027.00,506.000,0.36688,-68.869,345.580,91.967,77.546,320.360,691.640,84.724,-172.454,0.08555,1,1
2028.00,506.000,0.36417,-68.864,346.048,91.881,77.929,321.729,690.271,84.715,-172.071,0.08578,1,1
2029.00,506.000,0.36157,-68.859,346.514,91.795,78.309,323.047,688.953,84.707,-171.691,0.08600,1,1
2030.00,506.000,0.35906,-68.854,346.977,91.709,78.686,324.314,687.686,84.700,-171.314,0.08622,1,1
2031.00,506.000,0.35666,-68.850,347.438,91.624,79.062,325.531,686.469,84.692,-170.938,0.08642,1,1
2032.00,506.000,0.35435,-68.846,347.897,91.538,79.436,326.698,685.302,84.685,-170.564,0.08663,1,1
2033.00,506.000,0.35214,-68.842,348.354,91.453,79.807,327.818,684.182,84.677,-170.193,0.08682,1,1
2034.00,506.000,0.35002,-68.838,348.809,91.367,80.176,328.889,683.111,84.670,-169.824,0.08701,1,1
2035.00,506.000,0.34800,-68.834,349.262,91.282,80.544,329.914,682.086,84.663,-169.456,0.08719,1,1
2036.00,506.000,0.34606,-68.831,349.713,91.196,80.909,330.893,681.107,84.657,-169.091,0.08737,1,1
2037.00,506.000,0.34422,-68.828,350.163,91.111,81.273,331.826,680.174,84.650,-168.727,0.08754,1,1
2038.00,506.000,0.34246,-68.825,350.610,91.025,81.635,332.714,679.286,84.643,-168.365,0.08771,1,1
2039.00,506.000,0.34079,-68.822,351.056,90.940,81.996,333.559,678.441,84.637,-168.004,0.08787,1,1
2040.00,506.000,0.33921,-68.819,351.500,90.854,82.354,334.359,677.641,84.631,-167.646,0.08802,1,1
2041.00,506.000,0.33772,-68.816,351.942,90.769,82.711,335.116,676.884,84.625,-167.289,0.08818,1,1
2042.00,506.000,0.33630,-68.814,352.383,90.684,83.067,335.831,676.169,84.619,-166.933,0.08832,1,1
2043.00,506.000,0.33497,-68.811,352.823,90.598,83.421,336.503,675.497,84.613,-166.579,0.08846,1,1
2044.00,506.000,0.33373,-68.809,353.261,90.513,83.774,337.134,674.866,84.607,-166.226,0.08860,1,1
2045.00,506.000,0.33256,-68.807,353.698,90.428,84.126,337.724,674.276,84.601,-165.874,0.08873,1,1
2046.00,506.000,0.33148,-68.805,354.134,90.342,84.476,338.272,673.728,84.596,-165.524,0.08885,1,1
2047.00,506.000,0.33047,-68.804,354.569,90.257,84.826,338.781,673.219,84.590,-165.174,0.08898,1,1
2048.00,506.000,0.32955,-68.802,355.003,90.171,85.174,339.249,672.751,84.585,-164.826,0.08910,1,1
2049.00,506.000,0.32870,-68.801,355.435,90.086,85.521,339.678,672.322,84.580,-164.479,0.08921,1,1
2050.00,506.000,0.32793,-68.799,355.867,90.001,85.868,340.067,671.933,84.575,-164.132,0.08932,1,1
2051.00,506.000,0.32724,-68.798,356.298,89.915,86.214,340.417,671.583,84.570,-163.786,0.08942,1,1
2052.00,506.000,0.32662,-68.797,356.729,89.830,86.559,340.728,671.272,84.565,-163.441,0.08952,1,1
2053.00,506.000,0.32609,-68.796,357.159,89.744,86.903,341.000,671.000,84.560,-163.097,0.08962,1,1
2054.00,506.000,0.32562,-68.796,357.588,89.659,87.247,341.234,670.766,84.555,-162.753,0.08971,1,1
2055.00,506.000,0.32524,-68.795,358.017,89.573,87.590,341.429,670.571,84.551,-162.410,0.08980,1,1
2056.00,506.000,0.32493,-68.794,358.445,89.488,87.933,341.587,670.413,84.546,-162.067,0.08989,1,1
2057.00,506.000,0.32469,-68.794,358.873,89.402,88.275,341.706,670.294,84.542,-161.725,0.08997,1,1
2058.00,506.000,0.32453,-68.794,359.301,89.316,88.617,341.787,670.213,84.537,-161.383,0.09004,1,1
2059.00,506.000,0.32445,-68.794,359.729,89.230,88.959,341.830,670.170,84.533,-161.041,0.09012,1,1
2060.00,506.000,0.32444,-68.794,0.156,89.145,89.301,341.835,670.165,84.529,-160.699,0.09019,1,1
2061.00,506.000,0.32450,-68.794,0.584,89.059,89.643,341.802,670.198,84.525,-160.357,0.09025,1,1
2062.00,506.000,0.32464,-68.794,1.012,88.973,89.985,341.731,670.269,84.521,-160.015,0.09031,1,1
2063.00,506.000,0.32486,-68.794,1.440,88.887,90.327,341.622,670.378,84.517,-159.673,0.09037,1,1
2064.00,506.000,0.32515,-68.795,1.868,88.801,90.669,341.475,670.525,84.513,-159.331,0.09042,1,1
2065.00,506.000,0.32551,-68.795,2.297,88.715,91.012,341.290,670.710,84.509,-158.988,0.09047,1,1
2066.00,506.000,0.32596,-68.796,2.726,88.629,91.354,341.067,670.933,84.506,-158.646,0.09052,1,1
2067.00,506.000,0.32647,-68.797,3.156,88.542,91.698,340.805,671.195,84.502,-158.302,0.09056,1,1
2068.00,506.000,0.32707,-68.798,3.586,88.456,92.042,340.504,671.496,84.499,-157.958,0.09059,1,1
2069.00,506.000,0.32774,-68.799,4.017,88.369,92.386,340.164,671.836,84.496,-157.614,0.09063,1,1
2070.00,506.000,0.32849,-68.800,4.448,88.283,92.731,339.786,672.214,84.492,-157.269,0.09065,1,1
2071.00,506.000,0.32931,-68.802,4.881,88.196,93.077,339.368,672.632,84.489,-156.923,0.09068,1,1
2072.00,506.000,0.33022,-68.803,5.314,88.109,93.424,338.910,673.090,84.486,-156.576,0.09070,1,1
2073.00,506.000,0.33120,-68.805,5.748,88.023,93.771,338.412,673.588,84.483,-156.229,0.09071,1,1
2074.00,506.000,0.33226,-68.807,6.184,87.936,94.120,337.874,674.126,84.480,-155.880,0.09072,1,1
2075.00,506.000,0.33341,-68.809,6.621,87.849,94.469,337.295,674.705,84.478,-155.531,0.09073,1,1
2076.00,506.000,0.33463,-68.811,7.058,87.761,94.820,336.675,675.325,84.475,-155.180,0.09073,1,1
2077.00,506.000,0.33594,-68.813,7.498,87.674,95.172,336.013,675.987,84.473,-154.828,0.09072,1,1
2078.00,506.000,0.33733,-68.816,7.938,87.587,95.525,335.310,676.690,84.470,-154.475,0.09071,1,1
2079.00,506.000,0.33881,-68.819,8.380,87.499,95.879,334.564,677.436,84.468,-154.121,0.09070,1,1
2080.00,506.000,0.34037,-68.821,8.824,87.411,96.235,333.774,678.226,84.466,-153.765,0.09068,1,1
2081.00,506.000,0.34201,-68.824,9.269,87.324,96.593,332.942,679.058,84.464,-153.407,0.09066,1,1
2082.00,506.000,0.34375,-68.828,9.716,87.236,96.951,332.065,679.935,84.462,-153.049,0.09063,1,1
2083.00,506.000,0.34557,-68.831,10.164,87.148,97.312,331.143,680.857,84.460,-152.688,0.09059,1,1
2084.00,506.000,0.34748,-68.834,10.615,87.059,97.674,330.176,681.824,84.459,-152.326,0.09055,1,1
2085.00,506.000,0.34948,-68.838,11.067,86.971,98.038,329.163,682.837,84.457,-151.962,0.09050,1,1
2086.00,506.000,0.35158,-68.842,11.521,86.882,98.404,328.103,683.897,84.456,-151.596,0.09044,1,1
2087.00,506.000,0.35376,-68.846,11.977,86.794,98.771,326.995,685.005,84.455,-151.229,0.09038,1,1
2088.00,506.000,0.35605,-68.850,12.436,86.705,99.141,325.840,686.160,84.454,-150.859,0.09031,1,1
2089.00,506.000,0.35843,-68.855,12.896,86.616,99.512,324.635,687.365,84.453,-150.488,0.09024,1,1
2090.00,506.000,0.36091,-68.860,13.359,86.527,99.885,323.381,688.619,84.452,-150.115,0.09016,1,1
2091.00,506.000,0.36349,-68.865,13.824,86.437,100.261,322.076,689.924,84.452,-149.739,0.09007,1,1
2092.00,506.000,0.36617,-68.870,14.291,86.348,100.638,320.720,691.280,84.452,-149.362,0.08997,1,1
2093.00,506.000,0.36895,-68.875,14.760,86.258,101.018,319.311,692.689,84.452,-148.982,0.08986,1,1
2094.00,506.000,0.37184,-68.881,15.232,86.168,101.400,317.849,694.151,84.452,-148.600,0.08975,1,1
2095.00,506.000,0.37484,-68.887,15.707,86.078,101.784,316.332,695.668,84.452,-148.216,0.08963,1,1
2096.00,506.000,0.37794,-68.893,16.183,85.987,102.171,314.761,697.239,84.453,-147.829,0.08949,1,1
2097.00,506.000,0.38116,-68.900,16.663,85.897,102.559,313.133,698.867,84.454,-147.441,0.08935,1,1
2098.00,506.000,0.38449,-68.907,17.144,85.806,102.950,311.448,700.552,84.455,-147.050,0.08920,1,1
2099.00,506.000,0.38793,-68.914,17.629,85.715,103.344,309.705,702.295,84.456,-146.656,0.08904,1,1
2100.00,506.000,0.39150,-68.921,18.115,85.624,103.739,307.903,704.097,84.458,-146.261,0.08887,1,1
2101.00,506.000,0.39518,-68.929,18.605,85.533,104.137,306.041,705.959,84.460,-145.863,0.08869,1,1
2102.00,506.000,0.39898,-68.937,19.097,85.441,104.537,304.116,707.884,84.462,-145.463,0.08849,1,1
2103.00,506.000,0.40291,-68.946,19.591,85.349,104.940,302.130,709.870,84.464,-145.060,0.08829,1,1
2104.00,506.000,0.40696,-68.954,20.088,85.257,105.345,300.079,711.921,84.467,-144.655,0.08807,1,1
2105.00,506.000,0.41114,-68.964,20.587,85.165,105.752,297.964,714.036,84.470,-144.248,0.08784,1,1
2106.00,506.000,0.41545,-68.973,21.089,85.072,106.161,295.783,716.217,84.474,-143.839,0.08760,1,1
2107.00,506.000,0.41989,-68.983,21.593,84.979,106.572,293.535,718.465,84.478,-143.428,0.08734,1,1
2108.00,506.000,0.42447,-68.994,22.099,84.886,106.985,291.218,720.782,84.482,-143.015,0.08707,1,1
2109.00,506.000,0.42919,-69.005,22.608,84.793,107.401,288.832,723.168,84.486,-142.599,0.08678,1,1
2110.00,506.000,0.43404,-69.016,23.118,84.699,107.818,286.375,725.625,84.491,-142.182,0.08648,1,1
2111.00,506.000,0.43904,-69.028,23.631,84.605,108.236,283.847,728.153,84.497,-141.764,0.08617,1,1
2112.00,506.000,0.44418,-69.040,24.145,84.511,108.657,281.245,730.755,84.503,-141.343,0.08583,1,1
2113.00,506.000,0.44947,-69.053,24.662,84.417,109.079,278.570,733.430,84.509,-140.921,0.08548,1,1
2114.00,506.000,0.45490,-69.067,25.179,84.322,109.502,275.819,736.181,84.516,-140.498,0.08511,1,1
2115.00,506.000,0.46049,-69.081,25.699,84.228,109.926,272.993,739.007,84.523,-140.074,0.08473,1,1
2116.00,506.000,0.46623,-69.095,26.219,84.132,110.351,270.089,741.911,84.531,-139.649,0.08432,1,1
2117.00,506.000,0.47212,-69.110,26.740,84.037,110.777,267.106,744.894,84.539,-139.223,0.08389,1,1
2118.00,506.000,0.47817,-69.126,27.262,83.941,111.203,264.045,747.955,84.548,-138.797,0.08344,1,1
2119.00,506.000,0.48438,-69.143,27.784,83.845,111.629,260.903,751.097,84.558,-138.371,0.08298,1,1
2120.00,506.000,0.49075,-69.160,28.306,83.749,112.055,257.681,754.319,84.568,-137.945,0.08248,1,1
2121.00,506.000,0.49728,-69.178,28.828,83.652,112.481,254.377,757.623,84.579,-137.519,0.08197,1,1
2122.00,506.000,0.50397,-69.196,29.349,83.555,112.905,250.990,761.010,84.590,-137.095,0.08143,1,1
2123.00,506.000,0.51083,-69.216,29.869,83.458,113.328,247.520,764.480,84.602,-136.672,0.08087,1,1
2124.00,506.000,0.51785,-69.236,30.388,83.361,113.749,243.967,768.033,84.615,-136.251,0.08028,1,1
2125.00,506.000,0.52504,-69.257,30.904,83.263,114.167,240.330,771.670,84.629,-135.833,0.07967,1,1
2126.00,506.000,0.53239,-69.279,31.418,83.165,114.583,236.609,775.391,84.643,-135.417,0.07903,1,1
2127.00,506.000,0.53991,-69.301,31.928,83.067,114.994,232.804,779.196,84.658,-135.006,0.07836,1,1
2128.00,506.000,0.54760,-69.325,32.434,82.968,115.402,228.915,783.085,84.675,-134.598,0.07766,1,1
2129.00,506.000,0.55545,-69.350,32.936,82.869,115.805,224.941,787.059,84.692,-134.195,0.07693,1,1
2130.00,506.000,0.56347,-69.375,33.432,82.770,116.201,220.884,791.116,84.710,-133.799,0.07617,1,1
2131.00,506.000,0.57165,-69.402,33.921,82.670,116.591,216.744,795.256,84.728,-133.409,0.07538,1,1
2132.00,506.000,0.58000,-69.430,34.404,82.570,116.974,212.522,799.478,84.748,-133.026,0.07456,1,1
2133.00,506.000,0.58850,-69.459,34.878,82.470,117.348,208.218,803.782,84.769,-132.652,0.07371,1,1
2134.00,506.000,0.59716,-69.488,35.343,82.369,117.712,203.835,808.165,84.791,-132.288,0.07282,1,1
2135.00,506.000,0.60598,-69.520,35.797,82.268,118.065,199.372,812.628,84.814,-131.935,0.07190,1,1
2136.00,506.000,0.61495,-69.552,36.239,82.167,118.406,194.833,817.167,84.838,-131.594,0.07094,1,1
2137.00,506.000,0.62407,-69.586,36.668,82.065,118.733,190.219,821.781,84.864,-131.267,0.06995,1,1
2138.00,506.000,0.63334,-69.621,37.082,81.963,119.045,185.532,826.468,84.890,-130.955,0.06892,1,1
2139.00,506.000,0.64274,-69.657,37.480,81.860,119.341,180.776,831.224,84.918,-130.659,0.06786,1,1
2140.00,506.000,0.65227,-69.695,37.860,81.757,119.618,175.952,836.048,84.948,-130.382,0.06675,1,1
2141.00,506.000,0.66193,-69.734,38.220,81.654,119.874,171.066,840.934,84.978,-130.126,0.06561,1,1
2142.00,506.000,0.67170,-69.774,38.558,81.550,120.107,166.119,845.881,85.010,-129.893,0.06444,1,1
2143.00,506.000,0.68159,-69.817,38.871,81.445,120.316,161.117,850.883,85.044,-129.684,0.06322,1,1
2144.00,506.000,0.69157,-69.860,39.157,81.340,120.497,156.064,855.936,85.078,-129.503,0.06197,1,1
2145.00,506.000,0.70165,-69.906,39.415,81.234,120.649,150.965,861.035,85.115,-129.351,0.06068,1,1
2146.00,506.000,0.71181,-69.953,39.639,81.127,120.767,145.826,866.174,85.153,-129.233,0.05935,1,1
2147.00,506.000,0.72203,-70.002,39.829,81.020,120.848,140.652,871.348,85.193,-129.152,0.05798,1,1
2148.00,506.000,0.73231,-70.053,39.979,80.911,120.890,135.451,876.549,85.234,-129.110,0.05658,1,1
2149.00,506.000,0.74263,-70.105,40.086,80.802,120.888,130.229,881.771,85.277,-129.112,0.05514,1,1
2150.00,506.000,0.75298,-70.160,40.147,80.691,120.838,124.994,887.006,85.322,-129.162,0.05367,1,1
2151.00,506.000,0.76333,-70.216,40.156,80.579,120.735,119.755,892.245,85.369,-129.265,0.05216,1,1
2152.00,506.000,0.77367,-70.275,40.109,80.466,120.574,114.521,897.479,85.417,-129.426,0.05062,1,1
2153.00,506.000,0.78399,-70.336,39.999,80.350,120.350,109.300,902.700,85.468,-129.650,0.04906,1,1
2154.00,506.000,0.79426,-70.399,39.822,80.233,120.055,104.105,907.895,85.520,-129.945,0.04746,1,1
2155.00,506.000,0.80445,-70.464,39.569,80.114,119.683,98.946,913.054,85.574,-130.317,0.04584,1,1
2156.00,506.000,0.81455,-70.531,39.234,79.992,119.226,93.836,918.164,85.630,-130.774,0.04420,1,1
2157.00,506.000,0.82453,-70.601,38.807,79.867,118.674,88.788,923.212,85.689,-131.326,0.04254,1,1
2158.00,506.000,0.83436,-70.673,38.280,79.739,118.019,83.816,928.184,85.749,-131.981,0.04086,1,1
2159.00,506.000,0.84400,-70.747,37.641,79.607,117.248,78.936,933.064,85.811,-132.752,0.03918,1,1
2160.00,506.000,0.85343,-70.824,36.880,79.471,116.351,74.163,937.837,85.874,-133.649,0.03750,1,1
2161.00,506.000,0.86261,-70.902,35.981,79.330,115.311,69.517,942.483,85.940,-134.689,0.03582,1,1
2162.00,506.000,0.87151,-70.983,34.932,79.184,114.115,65.015,946.985,86.006,-135.885,0.03415,1,1
2163.00,506.000,0.88008,-71.065,33.714,79.031,112.745,60.679,951.321,86.074,-137.255,0.03251,1,1
2164.00,506.000,0.88828,-71.148,32.312,78.871,111.183,56.531,955.469,86.142,-138.817,0.03091,1,1
2165.00,506.000,0.89606,-71.232,30.705,78.704,109.409,52.593,959.407,86.209,-140.591,0.02935,1,1
2166.00,506.000,0.90337,-71.316,28.874,78.527,107.402,48.892,963.108,86.276,-142.598,0.02785,1,1
2167.00,506.000,0.91017,-71.400,26.800,78.341,105.141,45.455,966.545,86.341,-144.859,0.02643,1,1
2168.00,506.000,0.91639,-71.481,24.464,78.144,102.608,42.308,969.692,86.403,-147.392,0.02511,1,1
2169.00,506.000,0.92197,-71.559,21.851,77.936,99.787,39.482,972.518,86.460,-150.213,0.02391,0,1
2170.00,506.000,0.92687,-71.631,18.955,77.716,96.671,37.006,974.994,86.510,-153.329,0.02285,0,1
2171.00,506.000,0.93101,-71.695,15.778,77.484,93.262,34.909,977.091,86.551,-156.738,0.02196,0,1
2172.00,506.000,0.93435,-71.750,12.337,77.241,89.578,33.219,978.781,86.581,-160.422,0.02125,0,1
2173.00,506.000,0.93684,-71.793,8.669,76.987,85.656,31.960,980.040,86.597,-164.344,0.02076,0,1
2174.00,506.000,0.93843,-71.821,4.828,76.725,81.553,31.154,980.846,86.598,-168.447,0.02050,0,1
2175.00,506.000,0.93910,-71.833,0.885,76.457,77.342,30.813,981.187,86.582,-172.658,0.02048,0,1
2176.00,506.000,0.93885,-71.828,356.923,76.186,73.109,30.944,981.056,86.549,-176.891,0.02073,0,1
2177.00,506.000,0.93766,-71.807,353.027,75.915,68.942,31.544,980.456,86.499,178.942,0.02122,0,1
2178.00,506.000,0.93557,-71.769,349.274,75.648,64.921,32.603,979.397,86.433,174.921,0.02197,0,1
2179.00,506.000,0.93260,-71.717,345.726,75.387,61.113,34.103,977.897,86.352,171.113,0.02296,0,1
2180.00,506.000,0.92881,-71.652,342.428,75.134,57.562,36.021,975.979,86.260,167.562,0.02417,0,1
2181.00,506.000,0.92425,-71.577,339.405,74.890,54.295,38.332,973.668,86.159,164.295,0.02558,0,1
2182.00,506.000,0.91896,-71.494,336.666,74.657,51.323,41.005,970.995,86.050,161.323,0.02716,1,1
2183.00,506.000,0.91302,-71.405,334.207,74.433,48.641,44.013,967.987,85.937,158.641,0.02890,1,1
2184.00,506.000,0.90648,-71.312,332.018,74.220,46.238,47.324,964.676,85.821,156.238,0.03077,1,1
2185.00,506.000,0.89939,-71.217,330.080,74.016,44.096,50.910,961.090,85.703,154.096,0.03276,1,1
2186.00,506.000,0.89181,-71.120,328.376,73.821,42.196,54.745,957.255,85.584,152.196,0.03483,1,1
2187.00,506.000,0.88379,-71.023,326.884,73.634,40.518,58.801,953.199,85.466,150.518,0.03698,1,1
2188.00,506.000,0.87538,-70.927,325.586,73.454,39.039,63.056,948.944,85.350,149.039,0.03919,1,1
2189.00,506.000,0.86663,-70.831,324.463,73.280,37.743,67.485,944.515,85.234,147.743,0.04145,1,1
2190.00,506.000,0.85757,-70.737,323.498,73.112,36.610,72.069,939.931,85.121,146.610,0.04375,1,1
2191.00,506.000,0.84825,-70.645,322.677,72.949,35.625,76.786,935.214,85.010,145.625,0.04606,1,1
2192.00,506.000,0.83870,-70.554,321.984,72.790,34.774,81.620,930.380,84.902,144.774,0.04839,1,1
2193.00,506.000,0.82895,-70.466,321.407,72.636,34.043,86.552,925.448,84.796,144.043,0.05073,1,1
2194.00,506.000,0.81904,-70.380,320.936,72.484,33.420,91.567,920.433,84.692,143.420,0.05307,1,1
2195.00,506.000,0.80899,-70.297,320.560,72.336,32.896,96.650,915.350,84.591,142.896,0.05541,1,1
2196.00,506.000,0.79884,-70.215,320.270,72.190,32.460,101.787,910.213,84.493,142.460,0.05773,1,1
2197.00,506.000,0.78860,-70.136,320.059,72.046,32.105,106.967,905.033,84.397,142.105,0.06003,1,1
2198.00,506.000,0.77831,-70.059,319.919,71.904,31.823,112.176,899.824,84.304,141.823,0.06232,1,1
2199.00,506.000,0.76797,-69.985,319.843,71.764,31.607,117.405,894.595,84.213,141.607,0.06458,1,1
2200.00,506.000,0.75762,-69.913,319.827,71.625,31.452,122.643,889.357,84.124,141.452,0.06682,1,1
2201.00,506.000,0.74727,-69.843,319.863,71.487,31.351,127.881,884.119,84.037,141.351,0.06903,1,1
2202.00,506.000,0.73694,-69.775,319.949,71.351,31.300,133.109,878.891,83.953,141.300,0.07121,1,1
2203.00,506.000,0.72664,-69.709,320.079,71.215,31.294,138.321,873.679,83.871,141.294,0.07335,1,1
2204.00,506.000,0.71639,-69.646,320.250,71.079,31.330,143.508,868.492,83.791,141.330,0.07546,1,1
2205.00,506.000,0.70620,-69.584,320.458,70.945,31.403,148.665,863.335,83.713,141.403,0.07753,1,1
2206.00,506.000,0.69608,-69.524,320.699,70.810,31.510,153.783,858.217,83.637,141.510,0.07957,1,1
2207.00,506.000,0.68605,-69.467,320.972,70.677,31.648,158.859,853.141,83.563,141.648,0.08157,1,1
2208.00,506.000,0.67611,-69.411,321.272,70.543,31.815,163.887,848.113,83.491,141.815,0.08353,1,1
2209.00,506.000,0.66628,-69.357,321.597,70.410,32.007,168.861,843.139,83.420,142.007,0.08545,1,1
2210.00,506.000,0.65657,-69.305,321.946,70.277,32.222,173.778,838.222,83.351,142.222,0.08733,1,1
2211.00,506.000,0.64697,-69.254,322.315,70.144,32.459,178.633,833.367,83.284,142.459,0.08917,1,1
2212.00,506.000,0.63750,-69.205,322.704,70.011,32.715,183.423,828.577,83.219,142.715,0.09098,1,1
2213.00,506.000,0.62817,-69.158,323.109,69.878,32.988,188.146,823.854,83.155,142.988,0.09274,1,1
2214.00,506.000,0.61898,-69.113,323.531,69.746,33.276,192.797,819.203,83.092,143.276,0.09446,1,1
2215.00,506.000,0.60993,-69.068,323.966,69.613,33.579,197.375,814.625,83.031,143.579,0.09615,1,1
2216.00,506.000,0.60103,-69.026,324.413,69.481,33.894,201.878,810.122,82.972,143.894,0.09780,1,1
2217.00,506.000,0.59229,-68.985,324.872,69.348,34.220,206.303,805.697,82.913,144.220,0.09940,1,1
2218.00,506.000,0.58370,-68.945,325.340,69.216,34.556,210.650,801.350,82.857,144.556,0.10097,1,1
2219.00,506.000,0.57527,-68.907,325.818,69.083,34.901,214.916,797.084,82.801,144.901,0.10250,1,1
2220.00,506.000,0.56700,-68.870,326.303,68.950,35.253,219.100,792.900,82.747,145.253,0.10400,1,1
2221.00,506.000,0.55889,-68.834,326.795,68.818,35.613,223.202,788.798,82.694,145.613,0.10546,1,1
2222.00,506.000,0.55095,-68.800,327.293,68.685,35.978,227.222,784.778,82.642,145.978,0.10688,1,1
2223.00,506.000,0.54317,-68.766,327.796,68.553,36.348,231.158,780.842,82.591,146.348,0.10827,1,1
2224.00,506.000,0.53555,-68.734,328.303,68.420,36.723,235.010,776.990,82.541,146.723,0.10963,1,1
2225.00,506.000,0.52811,-68.704,328.814,68.287,37.101,238.779,773.221,82.493,147.101,0.11095,1,1
2226.00,506.000,0.52082,-68.674,329.328,68.155,37.483,242.463,769.537,82.445,147.483,0.11224,1,1
2227.00,506.000,0.51371,-68.645,329.844,68.022,37.866,246.065,765.935,82.399,147.866,0.11349,1,1
2228.00,506.000,0.50675,-68.617,330.363,67.889,38.252,249.583,762.417,82.353,148.252,0.11472,1,1
2229.00,506.000,0.49997,-68.591,330.883,67.756,38.639,253.018,758.982,82.308,148.639,0.11592,1,1
2230.00,506.000,0.49334,-68.565,331.403,67.624,39.027,256.370,755.630,82.264,149.027,0.11708,1,1
2231.00,506.000,0.48687,-68.540,331.925,67.491,39.416,259.642,752.358,82.221,149.416,0.11822,1,1
2232.00,506.000,0.48057,-68.516,332.446,67.358,39.804,262.832,749.168,82.179,149.804,0.11933,1,1
2233.00,506.000,0.47442,-68.493,332.968,67.225,40.193,265.942,746.058,82.138,150.193,0.12041,1,1
2234.00,506.000,0.46843,-68.471,333.489,67.092,40.581,268.972,743.028,82.097,150.581,0.12147,1,1
2235.00,506.000,0.46260,-68.450,334.009,66.959,40.968,271.924,740.076,82.058,150.968,0.12250,1,1
2236.00,506.000,0.45692,-68.429,334.528,66.826,41.354,274.799,737.201,82.018,151.354,0.12351,1,1
2237.00,506.000,0.45139,-68.409,335.046,66.693,41.739,277.597,734.403,81.980,151.739,0.12450,1,1
2238.00,506.000,0.44601,-68.390,335.563,66.560,42.123,280.320,731.680,81.942,152.123,0.12546,1,1
2239.00,506.000,0.44077,-68.372,336.078,66.427,42.505,282.968,729.032,81.905,152.505,0.12640,1,1
2240.00,506.000,0.43568,-68.354,336.591,66.294,42.885,285.543,726.457,81.869,152.885,0.12731,1,1
2241.00,506.000,0.43074,-68.337,337.102,66.161,43.263,288.046,723.954,81.833,153.263,0.12821,1,1
2242.00,506.000,0.42593,-68.321,337.612,66.028,43.640,290.478,721.522,81.797,153.640,0.12909,1,1
2243.00,506.000,0.42126,-68.305,338.119,65.895,44.014,292.840,719.160,81.762,154.014,0.12995,1,1
2244.00,506.000,0.41673,-68.290,338.624,65.761,44.386,295.133,716.867,81.728,154.386,0.13078,1,1
2245.00,506.000,0.41233,-68.275,339.127,65.628,44.755,297.359,714.641,81.694,154.755,0.13160,1,1
2246.00,506.000,0.40807,-68.261,339.628,65.495,45.122,299.518,712.482,81.661,155.122,0.13241,1,1
2247.00,506.000,0.40393,-68.248,340.126,65.361,45.487,301.612,710.388,81.628,155.487,0.13319,1,1
2248.00,506.000,0.39992,-68.235,340.622,65.228,45.850,303.642,708.358,81.595,155.850,0.13396,1,1
2249.00,506.000,0.39603,-68.222,341.115,65.094,46.209,305.608,706.392,81.563,156.209,0.13472,1,1
2250.00,506.000,0.39227,-68.211,341.606,64.961,46.567,307.512,704.488,81.532,156.567,0.13546,1,1
2251.00,506.000,0.38862,-68.199,342.094,64.827,46.921,309.356,702.644,81.501,156.921,0.13618,1,1
2252.00,506.000,0.38510,-68.188,342.580,64.694,47.274,311.140,700.860,81.470,157.274,0.13689,1,1
2253.00,506.000,0.38169,-68.177,343.063,64.560,47.623,312.865,699.135,81.439,157.623,0.13759,1,1
2254.00,506.000,0.37840,-68.167,343.544,64.426,47.970,314.532,697.468,81.409,157.970,0.13827,1,1
2255.00,506.000,0.37521,-68.157,344.023,64.292,48.315,316.142,695.858,81.379,158.315,0.13895,1,1
2256.00,506.000,0.37214,-68.148,344.499,64.158,48.657,317.697,694.303,81.349,158.657,0.13960,1,1
2257.00,506.000,0.36918,-68.139,344.973,64.024,48.997,319.196,692.804,81.320,158.997,0.14025,1,1
2258.00,506.000,0.36632,-68.130,345.444,63.889,49.334,320.642,691.358,81.291,159.334,0.14089,1,1
2259.00,506.000,0.36357,-68.122,345.913,63.755,49.668,322.035,689.965,81.263,159.668,0.14151,1,1
2260.00,506.000,0.36092,-68.114,346.380,63.620,50.001,323.376,688.624,81.234,160.001,0.14212,1,1
2261.00,506.000,0.35837,-68.106,346.845,63.486,50.331,324.666,687.334,81.206,160.331,0.14273,1,1
2262.00,506.000,0.35592,-68.099,347.307,63.351,50.658,325.905,686.095,81.178,160.658,0.14332,1,1
2263.00,506.000,0.35357,-68.092,347.768,63.216,50.984,327.095,684.905,81.150,160.984,0.14391,1,1
2264.00,506.000,0.35131,-68.086,348.226,63.081,51.307,328.235,683.765,81.123,161.307,0.14448,1,1
2265.00,506.000,0.34915,-68.079,348.682,62.946,51.628,329.328,682.672,81.096,161.628,0.14505,1,1
2266.00,506.000,0.34709,-68.073,349.137,62.811,51.947,330.373,681.627,81.069,161.947,0.14560,1,1
2267.00,506.000,0.34511,-68.068,349.589,62.675,52.264,331.372,680.628,81.042,162.264,0.14615,1,1
2268.00,506.000,0.34323,-68.062,350.040,62.539,52.579,332.325,679.675,81.015,162.579,0.14669,1,1
2269.00,506.000,0.34144,-68.057,350.489,62.404,52.892,333.232,678.768,80.988,162.892,0.14722,1,1
2270.00,506.000,0.33973,-68.052,350.936,62.268,53.204,334.095,677.905,80.962,163.204,0.14774,1,1
2271.00,506.000,0.33812,-68.047,351.382,62.132,53.513,334.913,677.087,80.936,163.513,0.14826,1,1
2272.00,506.000,0.33659,-68.043,351.826,61.995,53.821,335.688,676.312,80.910,163.821,0.14877,1,1
2273.00,506.000,0.33514,-68.039,352.268,61.859,54.127,336.420,675.580,80.884,164.127,0.14927,1,1
2274.00,506.000,0.33378,-68.035,352.710,61.722,54.431,337.108,674.892,80.858,164.431,0.14977,1,1
2275.00,506.000,0.33250,-68.031,353.150,61.585,54.734,337.755,674.245,80.833,164.734,0.15025,1,1
2276.00,506.000,0.33130,-68.028,353.588,61.448,55.036,338.360,673.640,80.807,165.036,0.15073,1,1
2277.00,506.000,0.33019,-68.025,354.026,61.310,55.336,338.924,673.076,80.782,165.336,0.15121,1,1
2278.00,506.000,0.32916,-68.022,354.462,61.173,55.635,339.447,672.553,80.757,165.635,0.15168,1,1
2279.00,506.000,0.32820,-68.019,354.898,61.035,55.932,339.929,672.071,80.732,165.932,0.15214,1,1
2280.00,506.000,0.32733,-68.017,355.332,60.897,56.229,340.371,671.629,80.707,166.229,0.15259,1,1
2281.00,506.000,0.32654,-68.015,355.766,60.758,56.524,340.773,671.227,80.682,166.524,0.15304,1,1
2282.00,506.000,0.32582,-68.013,356.199,60.620,56.818,341.135,670.865,80.657,166.818,0.15348,1,1
2283.00,506.000,0.32518,-68.011,356.631,60.481,57.112,341.458,670.542,80.633,167.112,0.15392,1,1
2284.00,506.000,0.32462,-68.009,357.062,60.342,57.404,341.742,670.258,80.608,167.404,0.15435,1,1
2285.00,506.000,0.32414,-68.008,357.493,60.202,57.696,341.986,670.014,80.584,167.696,0.15478,1,1
2286.00,506.000,0.32373,-68.007,357.924,60.063,57.987,342.192,669.808,80.559,167.987,0.15519,1,1
2287.00,506.000,0.32340,-68.006,358.354,59.923,58.277,342.359,669.641,80.535,168.277,0.15561,1,1
2288.00,506.000,0.32315,-68.005,358.784,59.782,58.567,342.487,669.513,80.511,168.567,0.15602,1,1
2289.00,506.000,0.32297,-68.004,359.214,59.642,58.856,342.577,669.423,80.487,168.856,0.15642,1,1
2290.00,506.000,0.32287,-68.004,359.643,59.501,59.144,342.628,669.372,80.463,169.144,0.15681,1,1
2291.00,506.000,0.32284,-68.004,0.073,59.360,59.433,342.641,669.359,80.439,169.433,0.15720,1,1
2292.00,506.000,0.32290,-68.004,0.502,59.218,59.721,342.615,669.385,80.415,169.721,0.15759,1,1
2293.00,506.000,0.32302,-68.005,0.932,59.076,60.008,342.551,669.449,80.391,170.008,0.15797,1,1
2294.00,506.000,0.32323,-68.005,1.362,58.934,60.296,342.448,669.552,80.368,170.296,0.15834,1,1
2295.00,506.000,0.32350,-68.006,1.792,58.792,60.583,342.307,669.693,80.344,170.583,0.15871,1,1
2296.00,506.000,0.32386,-68.007,2.222,58.649,60.871,342.126,669.874,80.321,170.871,0.15907,1,1
2297.00,506.000,0.32429,-68.008,2.653,58.506,61.158,341.908,670.092,80.298,171.158,0.15942,1,1
2298.00,506.000,0.32480,-68.010,3.084,58.362,61.446,341.650,670.350,80.274,171.446,0.15977,1,1
2299.00,506.000,0.32539,-68.012,3.516,58.218,61.734,341.352,670.648,80.251,171.734,0.16011,1,1
2300.00,506.000,0.32606,-68.013,3.948,58.074,62.022,341.016,670.984,80.228,172.022,0.16045,1,1
2301.00,506.000,0.32680,-68.016,4.381,57.929,62.310,340.640,671.360,80.205,172.310,0.16078,1,1
2302.00,506.000,0.32762,-68.018,4.815,57.784,62.599,340.224,671.776,80.182,172.599,0.16110,1,1
2303.00,506.000,0.32852,-68.021,5.250,57.638,62.888,339.768,672.232,80.160,172.888,0.16142,1,1
2304.00,506.000,0.32950,-68.024,5.686,57.492,63.178,339.271,672.729,80.137,173.178,0.16173,1,1
2305.00,506.000,0.33057,-68.027,6.123,57.346,63.469,338.733,673.267,80.114,173.469,0.16203,1,1
2306.00,506.000,0.33171,-68.030,6.561,57.199,63.760,338.155,673.845,80.092,173.760,0.16233,1,1
2307.00,506.000,0.33294,-68.034,7.000,57.051,64.052,337.534,674.466,80.070,174.052,0.16261,1,1
2308.00,506.000,0.33424,-68.038,7.441,56.904,64.344,336.872,675.128,80.047,174.344,0.16289,1,1
2309.00,506.000,0.33564,-68.043,7.883,56.755,64.638,336.167,675.833,80.025,174.638,0.16317,1,1
2310.00,506.000,0.33712,-68.047,8.326,56.607,64.932,335.420,676.580,80.003,174.932,0.16343,1,1
2311.00,506.000,0.33868,-68.052,8.770,56.457,65.228,334.629,677.371,79.981,175.228,0.16369,1,1
2312.00,506.000,0.34033,-68.057,9.217,56.308,65.524,333.794,678.206,79.960,175.524,0.16393,1,1
2313.00,506.000,0.34207,-68.063,9.664,56.158,65.822,332.914,679.086,79.938,175.822,0.16417,1,1
2314.00,506.000,0.34389,-68.069,10.114,56.007,66.121,331.989,680.011,79.917,176.121,0.16440,1,1
2315.00,506.000,0.34581,-68.075,10.565,55.856,66.421,331.019,680.981,79.896,176.421,0.16462,1,1
2316.00,506.000,0.34782,-68.081,11.018,55.704,66.722,330.002,681.998,79.875,176.722,0.16483,1,1
2317.00,506.000,0.34992,-68.088,11.473,55.552,67.025,328.938,683.062,79.854,177.025,0.16502,1,1
2318.00,506.000,0.35212,-68.096,11.930,55.399,67.329,327.826,684.174,79.833,177.329,0.16521,1,1
2319.00,506.000,0.35441,-68.103,12.389,55.245,67.634,326.666,685.334,79.813,177.634,0.16539,1,1
2320.00,506.000,0.35680,-68.112,12.849,55.092,67.941,325.457,686.543,79.792,177.941,0.16555,1,1
2321.00,506.000,0.35929,-68.120,13.312,54.937,68.249,324.198,687.802,79.772,178.249,0.16570,1,1
2322.00,506.000,0.36188,-68.129,13.777,54.782,68.559,322.888,689.112,79.752,178.559,0.16584,1,1
2323.00,506.000,0.36457,-68.138,14.245,54.626,68.871,321.526,690.474,79.733,178.871,0.16597,1,1
2324.00,506.000,0.36737,-68.148,14.714,54.470,69.184,320.112,691.888,79.714,179.184,0.16608,1,1
2325.00,506.000,0.37027,-68.159,15.186,54.313,69.499,318.644,693.356,79.695,179.499,0.16618,1,1
2326.00,506.000,0.37328,-68.169,15.660,54.155,69.815,317.123,694.877,79.676,179.815,0.16626,1,1
2327.00,506.000,0.37639,-68.181,16.136,53.997,70.133,315.546,696.454,79.657,-179.867,0.16633,1,1
2328.00,506.000,0.37962,-68.193,16.615,53.838,70.453,313.913,698.087,79.639,-179.547,0.16638,1,1
2329.00,506.000,0.38296,-68.205,17.096,53.679,70.774,312.222,699.778,79.621,-179.226,0.16642,1,1
2330.00,506.000,0.38641,-68.218,17.579,53.518,71.097,310.474,701.526,79.604,-178.903,0.16644,1,1
2331.00,506.000,0.38999,-68.232,18.065,53.357,71.422,308.667,703.333,79.587,-178.578,0.16643,1,1
2332.00,506.000,0.39368,-68.246,18.553,53.196,71.748,306.799,705.201,79.570,-178.252,0.16641,1,1
2333.00,506.000,0.39749,-68.261,19.043,53.033,72.076,304.870,707.130,79.554,-177.924,0.16637,1,1
2334.00,506.000,0.40142,-68.276,19.536,52.870,72.406,302.880,709.120,79.538,-177.594,0.16631,1,1
2335.00,506.000,0.40548,-68.293,20.031,52.706,72.737,300.825,711.175,79.523,-177.263,0.16623,1,1
2336.00,506.000,0.40967,-68.310,20.528,52.542,73.070,298.707,713.293,79.508,-176.930,0.16612,1,1
2337.00,506.000,0.41399,-68.328,21.028,52.377,73.404,296.523,715.477,79.493,-176.596,0.16599,1,1
2338.00,506.000,0.41844,-68.346,21.529,52.210,73.740,294.272,717.728,79.480,-176.260,0.16583,1,1
2339.00,506.000,0.42302,-68.366,22.033,52.044,74.077,291.954,720.046,79.466,-175.923,0.16565,1,1
2340.00,506.000,0.42773,-68.386,22.539,51.876,74.415,289.566,722.434,79.454,-175.585,0.16544,1,1
2341.00,506.000,0.43259,-68.407,23.046,51.707,74.754,287.110,724.890,79.442,-175.246,0.16520,1,1
2342.00,506.000,0.43759,-68.429,23.556,51.538,75.094,284.582,727.418,79.430,-174.906,0.16493,1,1
2343.00,506.000,0.44272,-68.452,24.067,51.368,75.435,281.982,730.018,79.420,-174.565,0.16464,1,1
2344.00,506.000,0.44801,-68.477,24.579,51.197,75.776,279.309,732.691,79.410,-174.224,0.16431,1,1
2345.00,506.000,0.45343,-68.502,25.093,51.025,76.118,276.562,735.438,79.401,-173.882,0.16394,1,1
2346.00,506.000,0.45901,-68.528,25.608,50.852,76.460,273.740,738.260,79.393,-173.540,0.16354,1,1
2347.00,506.000,0.46474,-68.556,26.124,50.679,76.802,270.843,741.157,79.385,-173.198,0.16311,1,1
2348.00,506.000,0.47062,-68.584,26.640,50.504,77.144,267.868,744.132,79.379,-172.856,0.16263,1,1
2349.00,506.000,0.47665,-68.614,27.157,50.329,77.486,264.815,747.185,79.373,-172.514,0.16212,1,1
2350.00,506.000,0.48284,-68.646,27.674,50.153,77.827,261.684,750.316,79.368,-172.173,0.16156,1,1
2351.00,506.000,0.48918,-68.678,28.191,49.975,78.166,258.474,753.526,79.365,-171.834,0.16096,1,1
2352.00,506.000,0.49569,-68.712,28.707,49.797,78.504,255.183,756.817,79.363,-171.496,0.16032,1,1
2353.00,506.000,0.50235,-68.748,29.222,49.618,78.841,251.812,760.188,79.361,-171.159,0.15963,1,1
2354.00,506.000,0.50917,-68.785,29.736,49.438,79.174,248.360,763.640,79.361,-170.826,0.15889,1,1
2355.00,506.000,0.51615,-68.824,30.248,49.257,79.505,244.826,767.174,79.362,-170.495,0.15811,1,1
2356.00,506.000,0.52330,-68.864,30.758,49.075,79.833,241.211,770.789,79.365,-170.167,0.15727,1,1
2357.00,506.000,0.53061,-68.906,31.265,48.892,80.157,237.513,774.487,79.369,-169.843,0.15637,1,1
2358.00,506.000,0.53808,-68.950,31.768,48.708,80.476,233.733,778.267,79.374,-169.524,0.15543,1,1
2359.00,506.000,0.54571,-68.996,32.267,48.523,80.790,229.872,782.128,79.381,-169.210,0.15442,1,1
2360.00,506.000,0.55350,-69.044,32.761,48.337,81.099,225.928,786.072,79.389,-168.901,0.15335,1,1
2361.00,506.000,0.56146,-69.094,33.250,48.150,81.400,221.904,790.096,79.400,-168.600,0.15223,1,1
2362.00,506.000,0.56957,-69.146,33.732,47.962,81.694,217.798,794.202,79.411,-168.306,0.15104,1,1
2363.00,506.000,0.57784,-69.200,34.207,47.773,81.980,213.612,798.388,79.425,-168.020,0.14978,1,1
2364.00,506.000,0.58627,-69.256,34.673,47.583,82.256,209.348,802.652,79.440,-167.744,0.14846,1,1
2365.00,506.000,0.59485,-69.315,35.130,47.391,82.521,205.006,806.994,79.458,-167.479,0.14707,1,1
2366.00,506.000,0.60358,-69.376,35.577,47.198,82.775,200.587,811.413,79.477,-167.225,0.14561,1,1
2367.00,506.000,0.61246,-69.440,36.012,47.004,83.016,196.094,815.906,79.499,-166.984,0.14407,1,1
2368.00,506.000,0.62149,-69.506,36.434,46.809,83.243,191.527,820.473,79.523,-166.757,0.14246,1,1
2369.00,506.000,0.63065,-69.576,36.841,46.613,83.454,186.891,825.109,79.549,-166.546,0.14078,1,1
2370.00,506.000,0.63995,-69.648,37.232,46.415,83.647,182.187,829.813,79.577,-166.353,0.13901,1,1
2371.00,506.000,0.64937,-69.723,37.605,46.215,83.821,177.417,834.583,79.608,-166.179,0.13717,1,1
2372.00,506.000,0.65892,-69.801,37.959,46.015,83.974,172.586,839.414,79.642,-166.026,0.13525,1,1
2373.00,506.000,0.66858,-69.882,38.292,45.812,84.104,167.697,844.303,79.678,-165.896,0.13325,1,1
2374.00,506.000,0.67835,-69.967,38.600,45.608,84.208,162.753,849.247,79.717,-165.792,0.13116,1,1
2375.00,506.000,0.68822,-70.055,38.883,45.402,84.285,157.760,854.240,79.758,-165.715,0.12900,1,1
2376.00,506.000,0.69818,-70.147,39.137,45.194,84.331,152.721,859.279,79.803,-165.669,0.12675,1,1
2377.00,506.000,0.70822,-70.242,39.360,44.984,84.343,147.643,864.357,79.850,-165.657,0.12441,1,1
2378.00,506.000,0.71832,-70.341,39.548,44.771,84.319,142.530,869.470,79.901,-165.681,0.12199,1,1
2379.00,506.000,0.72848,-70.444,39.699,44.556,84.255,137.389,874.611,79.955,-165.745,0.11949,1,1
2380.00,506.000,0.73868,-70.552,39.809,44.338,84.147,132.228,879.772,80.012,-165.853,0.11691,1,1
2381.00,506.000,0.74891,-70.664,39.873,44.117,83.991,127.052,884.948,80.072,-166.009,0.11425,1,1
2382.00,506.000,0.75915,-70.780,39.889,43.893,83.782,121.871,890.129,80.136,-166.218,0.11151,1,1
2383.00,506.000,0.76938,-70.900,39.850,43.665,83.515,116.692,895.308,80.203,-166.485,0.10869,1,1
2384.00,506.000,0.77960,-71.026,39.752,43.432,83.184,111.524,900.476,80.274,-166.816,0.10580,1,1
2385.00,506.000,0.78976,-71.156,39.588,43.195,82.783,106.379,905.621,80.348,-167.217,0.10284,1,1
2386.00,506.000,0.79987,-71.292,39.353,42.952,82.306,101.266,910.734,80.426,-167.694,0.09982,1,1
2387.00,506.000,0.80989,-71.432,39.040,42.703,81.743,96.198,915.802,80.508,-168.257,0.09674,1,1
2388.00,506.000,0.81979,-71.578,38.640,42.448,81.088,91.186,920.814,80.592,-168.912,0.09361,1,1
2389.00,506.000,0.82956,-71.729,38.144,42.184,80.329,86.244,925.756,80.680,-169.671,0.09043,1,1
2390.00,506.000,0.83916,-71.886,37.544,41.912,79.456,81.386,930.614,80.771,-170.544,0.08723,1,1
2391.00,506.000,0.84856,-72.048,36.826,41.630,78.456,76.629,935.371,80.865,-171.544,0.08400,1,1
2392.00,506.000,0.85773,-72.216,35.981,41.336,77.317,71.989,940.011,80.961,-172.683,0.08077,1,1
2393.00,506.000,0.86663,-72.388,34.993,41.030,76.023,67.484,944.516,81.059,-173.977,0.07755,1,1
2394.00,506.000,0.87523,-72.565,33.849,40.709,74.558,63.133,948.867,81.157,-175.442,0.07435,1,1
2395.00,506.000,0.88348,-72.746,32.531,40.372,72.902,58.958,953.042,81.256,-177.098,0.07122,1,1
2396.00,506.000,0.89134,-72.930,31.022,40.015,71.038,54.981,957.019,81.352,-178.962,0.06816,1,1
2397.00,506.000,0.89876,-73.116,29.304,39.639,68.943,51.225,960.775,81.446,178.943,0.06522,1,1
2398.00,506.000,0.90570,-73.302,27.359,39.238,66.597,47.716,964.284,81.533,176.597,0.06242,1,1
2399.00,506.000,0.91209,-73.486,25.169,38.812,63.981,44.482,967.518,81.612,173.981,0.05981,1,1
2400.00,506.000,0.91789,-73.664,22.719,38.358,61.077,41.549,970.451,81.678,171.077,0.05744,1,1
2401.00,506.000,0.92303,-73.833,20.000,37.875,57.874,38.947,973.053,81.728,167.874,0.05535,0,1
2402.00,506.000,0.92746,-73.989,17.011,37.360,54.370,36.703,975.297,81.756,164.370,0.05361,0,1
2403.00,506.000,0.93113,-74.125,13.763,36.813,50.576,34.846,977.154,81.758,160.576,0.05228,0,1
2404.00,506.000,0.93399,-74.238,10.283,36.236,46.519,33.401,978.599,81.729,156.519,0.05140,0,1
2405.00,506.000,0.93599,-74.320,6.614,35.632,42.246,32.389,979.611,81.663,152.246,0.05104,0,1
2406.00,506.000,0.93710,-74.368,2.816,35.005,37.820,31.825,980.175,81.557,147.820,0.05125,0,1
2407.00,506.000,0.93731,-74.377,358.963,34.360,33.323,31.719,980.281,81.409,143.323,0.05206,0,1
2408.00,506.000,0.93662,-74.346,355.133,33.706,28.839,32.071,979.929,81.218,138.839,0.05349,0,1
2409.00,506.000,0.93503,-74.274,351.403,33.050,24.454,32.875,979.125,80.988,134.454,0.05554,0,1
2410.00,506.000,0.93258,-74.165,347.840,32.400,20.240,34.117,977.883,80.721,130.240,0.05821,0,1
2411.00,506.000,0.92930,-74.022,344.494,31.761,16.254,35.775,976.225,80.423,126.254,0.06145,0,1
2412.00,506.000,0.92525,-73.849,341.398,31.138,12.535,37.826,974.174,80.100,122.535,0.06522,0,1
2413.00,506.000,0.92047,-73.651,338.569,30.534,9.103,40.241,971.759,79.758,119.103,0.06949,1,1
2414.00,506.000,0.91504,-73.435,336.010,29.952,5.962,42.992,969.008,79.402,115.962,0.07418,1,1
2415.00,506.000,0.90900,-73.204,333.715,29.391,3.106,46.048,965.952,79.038,113.106,0.07926,1,1
2416.00,506.000,0.90241,-72.963,331.671,28.852,0.524,49.381,962.619,78.669,110.524,0.08466,1,1
2417.00,506.000,0.89533,-72.715,329.862,28.334,358.196,52.963,959.037,78.298,108.196,0.09034,1,1
2418.00,506.000,0.88781,-72.464,328.269,27.835,356.103,56.767,955.233,77.928,106.103,0.09624,1,1
2419.00,506.000,0.87990,-72.212,326.872,27.354,354.226,60.770,951.230,77.562,104.226,0.10234,1,1
2420.00,506.000,0.87165,-71.960,325.656,26.889,352.544,64.947,947.053,77.200,102.544,0.10859,1,1
2421.00,506.000,0.86309,-71.710,324.601,26.438,351.039,69.278,942.722,76.843,101.039,0.11496,1,1
2422.00,506.000,0.85427,-71.463,323.694,26.000,349.694,73.741,938.259,76.493,99.694,0.12142,1,1
2423.00,506.000,0.84522,-71.220,322.919,25.574,348.493,78.320,933.680,76.149,98.493,0.12794,1,1
2424.00,506.000,0.83597,-70.982,322.264,25.158,347.422,82.997,929.003,75.812,97.422,0.13451,1,1
2425.00,506.000,0.82657,-70.749,321.717,24.751,346.468,87.756,924.244,75.482,96.468,0.14109,1,1
2426.00,506.000,0.81703,-70.521,321.268,24.351,345.619,92.582,919.418,75.159,95.619,0.14769,1,1
2427.00,506.000,0.80738,-70.298,320.908,23.958,344.866,97.463,914.537,74.842,94.866,0.15428,1,1
2428.00,506.000,0.79765,-70.081,320.629,23.570,344.199,102.387,909.613,74.533,94.199,0.16084,1,1
2429.00,506.000,0.78786,-69.870,320.423,23.188,343.610,107.341,904.659,74.230,93.610,0.16737,1,1
2430.00,506.000,0.77803,-69.664,320.283,22.809,343.092,112.316,899.684,73.933,93.092,0.17387,1,1
2431.00,506.000,0.76818,-69.464,320.203,22.434,342.637,117.302,894.698,73.643,92.637,0.18031,1,1
2432.00,506.000,0.75832,-69.270,320.179,22.062,342.241,122.290,889.710,73.358,92.241,0.18669,1,1
2433.00,506.000,0.74848,-69.081,320.205,21.692,341.897,127.271,884.729,73.080,91.897,0.19301,1,1
2434.00,506.000,0.73866,-68.897,320.276,21.324,341.601,132.240,879.760,72.807,91.601,0.19926,1,1
2435.00,506.000,0.72888,-68.719,320.390,20.958,341.348,137.188,874.812,72.539,91.348,0.20543,1,1
2436.00,506.000,0.71915,-68.546,320.541,20.593,341.135,142.110,869.890,72.277,91.135,0.21153,1,1
2437.00,506.000,0.70949,-68.378,320.727,20.230,340.957,146.999,865.001,72.019,90.957,0.21754,1,1
2438.00,506.000,0.69990,-68.215,320.945,19.866,340.812,151.850,860.150,71.767,90.812,0.22348,1,1
2439.00,506.000,0.69040,-68.057,321.192,19.504,340.696,156.660,855.340,71.519,90.696,0.22932,1,1
2440.00,506.000,0.68098,-67.904,321.466,19.141,340.607,161.422,850.578,71.275,90.607,0.23508,1,1
2441.00,506.000,0.67167,-67.755,321.764,18.779,340.542,166.134,845.866,71.036,90.542,0.24075,1,1
2442.00,506.000,0.66247,-67.611,322.083,18.417,340.500,170.792,841.208,70.802,90.500,0.24633,1,1
2443.00,506.000,0.65338,-67.471,322.423,18.054,340.477,175.392,836.608,70.571,90.477,0.25182,1,1
2444.00,506.000,0.64440,-67.335,322.781,17.692,340.472,179.932,832.068,70.344,90.472,0.25722,1,1
2445.00,506.000,0.63555,-67.204,323.155,17.329,340.484,184.409,827.591,70.121,90.484,0.26252,1,1
2446.00,506.000,0.62684,-67.077,323.545,16.965,340.510,188.821,823.179,69.902,90.510,0.26773,1,1
2447.00,506.000,0.61825,-66.954,323.948,16.601,340.549,193.166,818.834,69.687,90.549,0.27286,1,1
2448.00,506.000,0.60980,-66.834,324.364,16.237,340.601,197.442,814.558,69.475,90.601,0.27789,1,1
2449.00,506.000,0.60149,-66.719,324.790,15.872,340.663,201.647,810.353,69.266,90.663,0.28283,1,1
2450.00,506.000,0.59332,-66.607,325.227,15.507,340.734,205.781,806.219,69.060,90.734,0.28768,1,1
2451.00,506.000,0.58529,-66.498,325.673,15.141,340.813,209.842,802.158,68.858,90.813,0.29245,1,1
2452.00,506.000,0.57741,-66.394,326.126,14.774,340.901,213.829,798.171,68.659,90.901,0.29712,1,1
2453.00,506.000,0.56968,-66.292,326.587,14.407,340.994,217.742,794.258,68.463,90.994,0.30171,1,1
2454.00,506.000,0.56210,-66.194,327.055,14.039,341.094,221.580,790.420,68.269,91.094,0.30622,1,1
2455.00,506.000,0.55466,-66.099,327.528,13.670,341.198,225.343,786.657,68.079,91.198,0.31064,1,1
2456.00,506.000,0.54737,-66.007,328.005,13.301,341.307,229.030,782.970,67.891,91.307,0.31498,1,1
2457.00,506.000,0.54023,-65.918,328.488,12.931,341.419,232.641,779.359,67.706,91.419,0.31924,1,1
2458.00,506.000,0.53325,-65.832,328.974,12.561,341.534,236.177,775.823,67.523,91.534,0.32342,1,1
2459.00,506.000,0.52641,-65.749,329.463,12.190,341.652,239.638,772.362,67.343,91.652,0.32752,1,1
2460.00,506.000,0.51972,-65.669,329.955,11.818,341.772,243.023,768.977,67.165,91.772,0.33155,1,1
2461.00,506.000,0.51318,-65.592,330.449,11.445,341.894,246.333,765.667,66.989,91.894,0.33550,1,1
2462.00,506.000,0.50678,-65.517,330.945,11.072,342.017,249.569,762.431,66.816,92.017,0.33938,1,1
2463.00,506.000,0.50053,-65.444,331.442,10.698,342.140,252.731,759.269,66.645,92.140,0.34319,1,1
2464.00,506.000,0.49443,-65.374,331.941,10.324,342.264,255.819,756.181,66.476,92.264,0.34693,1,1
2465.00,506.000,0.48847,-65.307,332.440,9.948,342.389,258.834,753.166,66.309,92.389,0.35061,1,1
2466.00,506.000,0.48265,-65.241,332.940,9.573,342.513,261.777,750.223,66.144,92.513,0.35421,1,1
2467.00,506.000,0.47698,-65.178,333.440,9.196,342.637,264.648,747.352,65.981,92.637,0.35776,1,1
2468.00,506.000,0.47145,-65.117,333.941,8.819,342.760,267.448,744.552,65.819,92.760,0.36124,1,1
2469.00,506.000,0.46605,-65.058,334.441,8.441,342.882,270.179,741.821,65.660,92.882,0.36466,1,1
2470.00,506.000,0.46079,-65.002,334.940,8.063,343.003,272.840,739.160,65.502,93.003,0.36802,1,1
2471.00,506.000,0.45567,-64.947,335.439,7.684,343.123,275.432,736.568,65.346,93.123,0.37132,1,1
2472.00,506.000,0.45068,-64.894,335.938,7.304,343.242,277.957,734.043,65.191,93.242,0.37457,1,1
2473.00,506.000,0.44582,-64.843,336.435,6.924,343.359,280.416,731.584,65.038,93.359,0.37776,1,1
2474.00,506.000,0.44109,-64.794,336.932,6.543,343.475,282.808,729.192,64.886,93.475,0.38090,1,1
2475.00,506.000,0.43649,-64.746,337.428,6.161,343.589,285.136,726.864,64.736,93.589,0.38399,1,1
2476.00,506.000,0.43202,-64.700,337.922,5.779,343.701,287.400,724.600,64.587,93.701,0.38703,1,1
2477.00,506.000,0.42767,-64.656,338.415,5.396,343.811,289.600,722.400,64.440,93.811,0.39001,1,1
2478.00,506.000,0.42344,-64.614,338.907,5.012,343.919,291.738,720.262,64.293,93.919,0.39296,1,1
2479.00,506.000,0.41934,-64.573,339.397,4.628,344.025,293.815,718.185,64.148,94.025,0.39585,1,1
2480.00,506.000,0.41535,-64.533,339.886,4.243,344.128,295.832,716.168,64.005,94.128,0.39870,1,1
2481.00,506.000,0.41148,-64.495,340.373,3.857,344.230,297.789,714.211,63.862,94.230,0.40151,1,1
2482.00,506.000,0.40773,-64.458,340.859,3.470,344.330,299.687,712.313,63.721,94.330,0.40427,1,1
2483.00,506.000,0.40410,-64.423,341.344,3.083,344.427,301.528,710.472,63.580,94.427,0.40700,1,1
2484.00,506.000,0.40057,-64.389,341.827,2.695,344.522,303.312,708.688,63.441,94.522,0.40968,1,1
2485.00,506.000,0.39716,-64.356,342.308,2.306,344.614,305.039,706.961,63.303,94.614,0.41233,1,1
2486.00,506.000,0.39385,-64.324,342.788,1.917,344.705,306.712,705.288,63.165,94.705,0.41493,1,1
2487.00,506.000,0.39065,-64.294,343.266,1.527,344.793,308.330,703.670,63.029,94.793,0.41750,1,1
2488.00,506.000,0.38756,-64.265,343.743,1.136,344.878,309.894,702.106,62.893,94.878,0.42004,1,1
2489.00,506.000,0.38457,-64.237,344.218,0.744,344.962,311.406,700.594,62.759,94.962,0.42254,1,1
2490.00,506.000,0.38169,-64.210,344.691,0.352,345.043,312.865,699.135,62.625,95.043,0.42500,1,1
2491.00,506.000,0.37891,-64.184,345.163,359.958,345.122,314.274,697.726,62.492,95.122,0.42744,1,1
2492.00,506.000,0.37622,-64.159,345.634,359.564,345.198,315.631,696.369,62.360,95.198,0.42984,1,1
2493.00,506.000,0.37364,-64.136,346.103,359.169,345.272,316.939,695.061,62.228,95.272,0.43220,1,1
2494.00,506.000,0.37115,-64.113,346.571,358.773,345.344,318.198,693.802,62.098,95.344,0.43454,1,1
2495.00,506.000,0.36876,-64.091,347.038,358.377,345.414,319.408,692.592,61.968,95.414,0.43685,1,1
2496.00,506.000,0.36646,-64.070,347.503,357.979,345.482,320.570,691.430,61.838,95.482,0.43913,1,1
2497.00,506.000,0.36426,-64.050,347.967,357.581,345.547,321.686,690.314,61.710,95.547,0.44138,1,1
2498.00,506.000,0.36215,-64.031,348.429,357.181,345.611,322.754,689.246,61.582,95.611,0.44360,1,1
2499.00,506.000,0.36013,-64.013,348.891,356.781,345.672,323.777,688.223,61.455,95.672,0.44579,1,1
2500.00,506.000,0.35819,-63.995,349.351,356.380,345.731,324.754,687.246,61.328,95.731,0.44796,1,1
2501.00,506.000,0.35635,-63.979,349.810,355.978,345.788,325.686,686.314,61.202,95.788,0.45010,1,1
2502.00,506.000,0.35460,-63.963,350.268,355.575,345.843,326.574,685.426,61.077,95.843,0.45221,1,1
2503.00,506.000,0.35293,-63.948,350.726,355.170,345.896,327.418,684.582,60.952,95.896,0.45430,1,1
2504.00,506.000,0.35135,-63.934,351.182,354.765,345.947,328.218,683.782,60.827,95.947,0.45637,1,1
2505.00,506.000,0.34985,-63.921,351.637,354.359,345.996,328.976,683.024,60.704,95.996,0.45840,1,1
2506.00,506.000,0.34844,-63.908,352.092,353.952,346.044,329.691,682.309,60.580,96.044,0.46042,1,1
2507.00,506.000,0.34711,-63.897,352.546,353.544,346.090,330.364,681.636,60.458,96.090,0.46241,1,1
2508.00,506.000,0.34586,-63.886,352.999,353.135,346.133,330.995,681.005,60.336,96.133,0.46437,1,1
2509.00,506.000,0.34469,-63.875,353.451,352.724,346.176,331.585,680.415,60.214,96.176,0.46632,1,1
2510.00,506.000,0.34361,-63.866,353.903,352.313,346.216,332.134,679.866,60.093,96.216,0.46824,1,1
2511.00,506.000,0.34260,-63.857,354.355,351.900,346.255,332.642,679.358,59.972,96.255,0.47013,1,1
2512.00,506.000,0.34168,-63.849,354.806,351.487,346.292,333.110,678.890,59.852,96.292,0.47201,1,1
2513.00,506.000,0.34083,-63.841,355.256,351.072,346.328,333.538,678.462,59.733,96.328,0.47386,1,1
2514.00,506.000,0.34007,-63.834,355.707,350.656,346.362,333.926,678.074,59.613,96.362,0.47568,1,1
2515.00,506.000,0.33938,-63.828,356.157,350.239,346.395,334.275,677.725,59.495,96.395,0.47749,1,1
2516.00,506.000,0.33877,-63.823,356.606,349.820,346.427,334.585,677.415,59.377,96.427,0.47927,1,1
2517.00,506.000,0.33823,-63.818,357.056,349.401,346.457,334.855,677.145,59.259,96.457,0.48103,1,1
2518.00,506.000,0.33777,-63.814,357.506,348.980,346.485,335.087,676.913,59.142,96.485,0.48277,1,1
2519.00,506.000,0.33739,-63.811,357.955,348.558,346.513,335.280,676.720,59.025,96.513,0.48448,1,1
2520.00,506.000,0.33709,-63.808,358.405,348.134,346.539,335.434,676.566,58.909,96.539,0.48618,1,1
2521.00,506.000,0.33686,-63.806,358.855,347.710,346.564,335.550,676.450,58.793,96.564,0.48785,1,1
2522.00,506.000,0.33670,-63.804,359.305,347.284,346.588,335.628,676.372,58.678,96.588,0.48949,1,1
2523.00,506.000,0.33662,-63.804,359.755,346.856,346.611,335.668,676.332,58.563,96.611,0.49112,1,1
2524.00,506.000,0.33662,-63.804,0.206,346.428,346.633,335.669,676.331,58.449,96.633,0.49272,1,1
2525.00,506.000,0.33669,-63.804,0.657,345.998,346.654,335.633,676.367,58.336,96.654,0.49429,1,1
2526.00,506.000,0.33684,-63.806,1.108,345.566,346.674,335.559,676.441,58.222,96.674,0.49585,1,1
2527.00,506.000,0.33706,-63.808,1.560,345.133,346.693,335.447,676.553,58.110,96.693,0.49738,1,1
2528.00,506.000,0.33736,-63.810,2.013,344.699,346.712,335.297,676.703,57.998,96.712,0.49888,1,1
2529.00,506.000,0.33773,-63.814,2.466,344.263,346.729,335.109,676.891,57.886,96.729,0.50037,1,1
2530.00,506.000,0.33818,-63.818,2.920,343.826,346.746,334.883,677.117,57.775,96.746,0.50182,1,1
2531.00,506.000,0.33870,-63.823,3.374,343.388,346.762,334.619,677.381,57.665,96.762,0.50325,1,1
2532.00,506.000,0.33929,-63.828,3.830,342.947,346.777,334.318,677.682,57.555,96.777,0.50466,1,1
2533.00,506.000,0.33996,-63.835,4.286,342.506,346.792,333.978,678.022,57.446,96.792,0.50604,1,1
2534.00,506.000,0.34071,-63.842,4.744,342.062,346.806,333.601,678.399,57.338,96.806,0.50739,1,1
2535.00,506.000,0.34153,-63.850,5.202,341.618,346.820,333.185,678.815,57.230,96.820,0.50872,1,1
2536.00,506.000,0.34243,-63.858,5.661,341.171,346.833,332.731,679.269,57.123,96.833,0.51002,1,1
2537.00,506.000,0.34340,-63.868,6.122,340.723,346.845,332.238,679.762,57.016,96.845,0.51129,1,1
2538.00,506.000,0.34445,-63.878,6.584,340.274,346.858,331.707,680.293,56.911,96.858,0.51254,1,1
2539.00,506.000,0.34558,-63.889,7.047,339.823,346.869,331.137,680.863,56.806,96.869,0.51375,1,1
2540.00,506.000,0.34678,-63.901,7.511,339.370,346.881,330.528,681.472,56.701,96.881,0.51493,1,1
2541.00,506.000,0.34806,-63.913,7.977,338.915,346.892,329.881,682.119,56.598,96.892,0.51609,1,1
2542.00,506.000,0.34942,-63.927,8.444,338.459,346.903,329.194,682.806,56.495,96.903,0.51721,1,1
2543.00,506.000,0.35085,-63.941,8.912,338.001,346.914,328.468,683.532,56.394,96.914,0.51830,1,1
2544.00,506.000,0.35237,-63.957,9.383,337.542,346.924,327.702,684.298,56.293,96.924,0.51936,1,1
2545.00,506.000,0.35396,-63.973,9.854,337.080,346.934,326.896,685.104,56.193,96.934,0.52038,1,1
2546.00,506.000,0.35563,-63.991,10.328,336.617,346.945,326.050,685.950,56.094,96.945,0.52137,1,1
2547.00,506.000,0.35738,-64.009,10.803,336.152,346.955,325.164,686.836,55.996,96.955,0.52232,1,1
2548.00,506.000,0.35922,-64.028,11.280,335.685,346.965,324.237,687.763,55.899,96.965,0.52324,1,1
2549.00,506.000,0.36113,-64.048,11.758,335.217,346.975,323.269,688.731,55.803,96.975,0.52412,1,1
2550.00,506.000,0.36312,-64.070,12.239,334.746,346.985,322.261,689.739,55.708,96.985,0.52496,1,1
2551.00,506.000,0.36520,-64.092,12.721,334.274,346.995,321.210,690.790,55.614,96.995,0.52576,1,1
2552.00,506.000,0.36736,-64.116,13.205,333.800,347.005,320.118,691.882,55.521,97.005,0.52652,1,1
2553.00,506.000,0.36960,-64.141,13.692,333.324,347.016,318.984,693.016,55.430,97.016,0.52724,1,1
2554.00,506.000,0.37192,-64.167,14.180,332.846,347.026,317.808,694.192,55.340,97.026,0.52791,1,1
2555.00,506.000,0.37433,-64.194,14.671,332.366,347.037,316.589,695.411,55.251,97.037,0.52854,1,1
2556.00,506.000,0.37683,-64.223,15.163,331.884,347.047,315.326,696.674,55.164,97.047,0.52913,1,1
2557.00,506.000,0.37941,-64.253,15.658,331.401,347.058,314.021,697.979,55.078,97.058,0.52966,1,1
2558.00,506.000,0.38207,-64.284,16.155,330.915,347.069,312.672,699.328,54.993,97.069,0.53015,1,1
2559.00,506.000,0.38483,-64.317,16.654,330.427,347.081,311.278,700.722,54.910,97.081,0.53059,1,1
2560.00,506.000,0.38767,-64.351,17.155,329.938,347.093,309.841,702.159,54.829,97.093,0.53097,1,1
2561.00,506.000,0.39060,-64.386,17.659,329.446,347.105,308.358,703.642,54.749,97.105,0.53131,1,1
2562.00,506.000,0.39362,-64.423,18.165,328.952,347.117,306.830,705.170,54.671,97.117,0.53158,1,1
2563.00,506.000,0.39673,-64.462,18.673,328.457,347.129,305.257,706.743,54.595,97.129,0.53180,1,1
2564.00,506.000,0.39992,-64.502,19.184,327.959,347.142,303.638,708.362,54.521,97.142,0.53197,1,1
2565.00,506.000,0.40322,-64.545,19.697,327.459,347.156,301.973,710.027,54.449,97.156,0.53207,1,1
2566.00,506.000,0.40660,-64.588,20.212,326.957,347.169,300.260,711.740,54.379,97.169,0.53211,1,1
2567.00,506.000,0.41008,-64.634,20.730,326.454,347.183,298.501,713.499,54.310,97.183,0.53208,1,1
2568.00,506.000,0.41365,-64.682,21.250,325.948,347.198,296.695,715.305,54.244,97.198,0.53199,1,1
2569.00,506.000,0.41731,-64.731,21.773,325.440,347.213,294.841,717.159,54.181,97.213,0.53184,1,1
2570.00,506.000,0.42107,-64.782,22.298,324.930,347.228,292.938,719.062,54.119,97.228,0.53161,1,1
2571.00,506.000,0.42493,-64.836,22.826,324.418,347.244,290.987,721.013,54.061,97.244,0.53131,1,1
2572.00,506.000,0.42888,-64.892,23.356,323.904,347.260,288.988,723.012,54.004,97.260,0.53093,1,1
2573.00,506.000,0.43293,-64.949,23.888,323.388,347.276,286.939,725.061,53.951,97.276,0.53048,1,1
2574.00,506.000,0.43708,-65.010,24.423,322.870,347.293,284.840,727.160,53.900,97.293,0.52994,1,1
2575.00,506.000,0.44132,-65.072,24.960,322.350,347.310,282.691,729.309,53.851,97.310,0.52933,1,1
2576.00,506.000,0.44567,-65.137,25.500,321.828,347.328,280.493,731.507,53.806,97.328,0.52863,1,1
2577.00,506.000,0.45011,-65.204,26.042,321.304,347.346,278.243,733.757,53.764,97.346,0.52785,1,1
2578.00,506.000,0.45466,-65.274,26.586,320.778,347.365,275.943,736.057,53.725,97.365,0.52697,1,1
2579.00,506.000,0.45930,-65.347,27.133,320.251,347.384,273.592,738.408,53.689,97.384,0.52600,1,1
2580.00,506.000,0.46405,-65.422,27.682,319.721,347.403,271.189,740.811,53.657,97.403,0.52494,1,1
2581.00,506.000,0.46890,-65.501,28.233,319.189,347.423,268.734,743.266,53.628,97.423,0.52378,1,1
2582.00,506.000,0.47386,-65.582,28.787,318.656,347.443,266.228,745.772,53.603,97.443,0.52252,1,1
2583.00,506.000,0.47892,-65.666,29.342,318.121,347.463,263.669,748.331,53.582,97.463,0.52116,1,1
2584.00,506.000,0.48408,-65.754,29.900,317.584,347.483,261.058,750.942,53.565,97.483,0.51969,1,1
2585.00,506.000,0.48934,-65.844,30.459,317.045,347.504,258.394,753.606,53.551,97.504,0.51811,1,1
2586.00,506.000,0.49471,-65.938,31.020,316.505,347.525,255.677,756.323,53.542,97.525,0.51642,1,1
2587.00,506.000,0.50018,-66.036,31.584,315.963,347.547,252.908,759.092,53.537,97.547,0.51462,1,1
2588.00,506.000,0.50576,-66.137,32.148,315.420,347.568,250.085,761.915,53.537,97.568,0.51269,1,1
2589.00,506.000,0.51144,-66.241,32.715,314.875,347.590,247.209,764.791,53.541,97.590,0.51065,1,1
2590.00,506.000,0.51723,-66.350,33.283,314.328,347.611,244.280,767.720,53.550,97.611,0.50847,1,1
2591.00,506.000,0.52313,-66.462,33.852,313.780,347.633,241.298,770.702,53.564,97.633,0.50618,1,1
2592.00,506.000,0.52912,-66.578,34.423,313.231,347.654,238.263,773.737,53.583,97.654,0.50375,1,1
2593.00,506.000,0.53523,-66.699,34.994,312.681,347.676,235.175,776.825,53.607,97.676,0.50118,1,1
2594.00,506.000,0.54144,-66.824,35.567,312.130,347.697,232.033,779.967,53.637,97.697,0.49848,1,1
2595.00,506.000,0.54775,-66.953,36.140,311.577,347.718,228.839,783.161,53.672,97.718,0.49563,1,1
2596.00,506.000,0.55417,-67.086,36.714,311.024,347.738,225.592,786.408,53.713,97.738,0.49265,1,1
2597.00,506.000,0.56069,-67.224,37.288,310.470,347.758,222.293,789.707,53.759,97.758,0.48951,1,1
2598.00,506.000,0.56731,-67.367,37.863,309.915,347.778,218.941,793.059,53.812,97.778,0.48622,1,1
2599.00,506.000,0.57404,-67.515,38.437,309.359,347.796,215.538,796.462,53.871,97.796,0.48278,1,1
2600.00,506.000,0.58086,-67.668,39.011,308.803,347.814,212.083,799.917,53.937,97.814,0.47919,1,1
2601.00,506.000,0.58779,-67.826,39.585,308.246,347.831,208.577,803.423,54.009,97.831,0.47543,1,1
2602.00,506.000,0.59482,-67.989,40.157,307.689,347.847,205.020,806.980,54.087,97.847,0.47150,1,1
2603.00,506.000,0.60195,-68.157,40.729,307.132,347.861,201.414,810.586,54.173,97.861,0.46741,1,1
2604.00,506.000,0.60917,-68.332,41.299,306.575,347.874,197.758,814.242,54.266,97.874,0.46316,1,1
2605.00,506.000,0.61649,-68.512,41.867,306.018,347.885,194.054,817.946,54.366,97.885,0.45872,1,1
2606.00,506.000,0.62391,-68.698,42.433,305.460,347.894,190.302,821.698,54.473,97.894,0.45411,1,1
2607.00,506.000,0.63142,-68.889,42.997,304.904,347.900,186.504,825.496,54.588,97.900,0.44933,1,1
2608.00,506.000,0.63901,-69.088,43.557,304.347,347.904,182.659,829.341,54.711,97.904,0.44436,1,1
2609.00,506.000,0.64670,-69.292,44.114,303.791,347.905,178.769,833.231,54.842,97.905,0.43921,1,1
2610.00,506.000,0.65447,-69.503,44.667,303.236,347.903,174.836,837.164,54.982,97.903,0.43387,1,1
2611.00,506.000,0.66233,-69.721,45.215,302.682,347.897,170.860,841.140,55.129,97.897,0.42834,1,1
2612.00,506.000,0.67027,-69.945,45.759,302.128,347.887,166.843,845.157,55.286,97.887,0.42263,1,1
2613.00,506.000,0.67829,-70.177,46.297,301.576,347.872,162.786,849.214,55.451,97.872,0.41672,1,1
2614.00,506.000,0.68638,-70.416,46.828,301.024,347.852,158.691,853.309,55.625,97.852,0.41061,1,1
2615.00,506.000,0.69455,-70.662,47.352,300.474,347.827,154.560,857.440,55.808,97.827,0.40431,1,1
2616.00,506.000,0.70278,-70.916,47.869,299.926,347.794,150.394,861.606,56.001,97.794,0.39781,1,1
2617.00,506.000,0.71108,-71.178,48.377,299.378,347.755,146.195,865.805,56.203,97.755,0.39111,1,1
2618.00,506.000,0.71944,-71.447,48.875,298.832,347.707,141.965,870.035,56.415,97.707,0.38421,1,1
2619.00,506.000,0.72785,-71.725,49.363,298.288,347.651,137.706,874.294,56.637,97.651,0.37711,1,1
2620.00,506.000,0.73632,-72.012,49.839,297.745,347.584,133.422,878.578,56.870,97.584,0.36981,1,1
2621.00,506.000,0.74484,-72.308,50.303,297.204,347.507,129.113,882.887,57.113,97.507,0.36231,1,1
2622.00,506.000,0.75339,-72.612,50.753,296.664,347.417,124.784,887.216,57.367,97.417,0.35460,1,1
2623.00,506.000,0.76198,-72.926,51.188,296.126,347.313,120.436,891.564,57.632,97.313,0.34669,1,1
2624.00,506.000,0.77061,-73.250,51.606,295.589,347.194,116.073,895.927,57.909,97.194,0.33858,1,1
2625.00,506.000,0.77925,-73.584,52.005,295.053,347.059,111.697,900.303,58.197,97.059,0.33027,1,1
2626.00,506.000,0.78792,-73.928,52.385,294.519,346.904,107.313,904.687,58.498,96.904,0.32176,1,1
2627.00,506.000,0.79659,-74.283,52.743,293.985,346.728,102.923,909.077,58.811,96.728,0.31305,1,1
2628.00,506.000,0.80527,-74.650,53.077,293.453,346.529,98.532,913.468,59.138,96.529,0.30415,1,1
2629.00,506.000,0.81395,-75.028,53.384,292.920,346.304,94.143,917.857,59.477,96.304,0.29505,1,1
2630.00,506.000,0.82261,-75.419,53.662,292.388,346.050,89.762,922.238,59.831,96.050,0.28575,1,1
2631.00,506.000,0.83124,-75.823,53.908,291.855,345.763,85.391,926.609,60.200,95.763,0.27627,1,1
2632.00,506.000,0.83985,-76.241,54.119,291.320,345.440,81.037,930.963,60.584,95.440,0.26661,1,1
2633.00,506.000,0.84841,-76.673,54.291,290.784,345.075,76.704,935.296,60.984,95.075,0.25676,1,1
2634.00,506.000,0.85692,-77.121,54.420,290.244,344.664,72.397,939.603,61.401,94.664,0.24673,1,1
2635.00,506.000,0.86537,-77.586,54.501,289.701,344.201,68.124,943.876,61.836,94.201,0.23653,1,1
2636.00,506.000,0.87374,-78.068,54.528,289.152,343.679,63.889,948.111,62.291,93.679,0.22617,1,1
2637.00,506.000,0.88202,-78.570,54.494,288.596,343.090,59.700,952.300,62.765,93.090,0.21565,1,1
2638.00,506.000,0.89019,-79.091,54.393,288.032,342.425,55.564,956.436,63.262,92.425,0.20498,1,1
2639.00,506.000,0.89824,-79.635,54.215,287.456,341.671,51.488,960.512,63.782,91.671,0.19416,1,1
2640.00,506.000,0.90616,-80.203,53.949,286.866,340.815,47.482,964.518,64.327,90.815,0.18323,1,1
2641.00,506.000,0.91392,-80.798,53.583,286.259,339.842,43.555,968.445,64.900,89.842,0.17218,1,1
2642.00,506.000,0.92151,-81.420,53.100,285.631,338.731,39.716,972.284,65.503,88.731,0.16103,0,1
2643.00,506.000,0.92890,-82.074,52.481,284.976,337.457,35.978,976.022,66.139,87.457,0.14981,0,1
2644.00,506.000,0.93606,-82.762,51.701,284.289,335.989,32.351,979.649,66.810,85.989,0.13854,0,1
2645.00,506.000,0.94298,-83.487,50.728,283.560,334.288,28.851,983.149,67.520,84.288,0.12727,0,1
2646.00,506.000,0.94962,-84.252,49.522,282.782,332.303,25.493,986.507,68.272,82.303,0.11602,0,1
2647.00,506.000,0.95594,-85.061,48.028,281.940,329.968,22.294,989.706,69.071,79.968,0.10486,0,1
2648.00,506.000,0.96191,-85.916,46.176,281.018,327.194,19.274,992.726,69.919,77.194,0.09386,0,1
2649.00,506.000,0.96747,-86.817,43.868,279.995,323.863,16.458,995.542,70.817,73.863,0.08312,0,1
2650.00,506.000,0.97258,-87.761,40.970,278.844,319.815,13.873,998.127,71.765,69.815,0.07277,0,1
2651.00,506.000,0.97717,-88.739,37.304,277.531,314.834,11.551,1000.449,72.754,64.834,0.06299,0,1
2652.00,506.000,0.98116,-89.725,32.630,276.012,308.642,9.534,1002.466,73.765,58.642,0.05401,0,1
2653.00,506.000,0.98445,-90.673,26.664,274.244,300.908,7.868,1004.132,74.756,50.908,0.04619,0,1
2654.00,506.000,0.98694,-91.498,19.149,272.196,291.345,6.610,1005.390,75.649,41.345,0.03993,0,1
2655.00,506.000,0.98849,-92.076,10.065,269.884,279.948,5.822,1006.178,76.329,29.948,0.03575,0,1
2656.00,506.000,0.98902,-92.285,359.921,267.414,267.335,5.555,1006.445,76.675,17.335,0.03406,0,1
2657.00,506.000,0.98848,-92.073,349.775,264.974,254.749,5.831,1006.169,76.628,4.749,0.03501,0,1
2658.00,506.000,0.98690,-91.507,340.686,262.739,243.425,6.631,1005.369,76.240,-6.575,0.03838,0,1
2659.00,506.000,0.98438,-90.717,333.165,260.798,233.963,7.906,1004.094,75.626,-16.037,0.04371,0,1
2660.00,506.000,0.98103,-89.824,327.192,259.149,226.341,9.598,1002.402,74.898,-23.659,0.05051,0,1
2661.00,506.000,0.97697,-88.905,322.510,257.752,220.262,11.653,1000.347,74.131,-29.738,0.05835,0,1
2662.00,506.000,0.97228,-88.004,318.836,256.557,215.393,14.024,997.976,73.368,-34.607,0.06692,0,1
2663.00,506.000,0.96705,-87.140,315.933,255.519,211.452,16.674,995.326,72.632,-38.548,0.07600,0,1
2664.00,506.000,0.96132,-86.321,313.620,254.605,208.225,19.572,992.428,71.930,-41.775,0.08543,0,1
2665.00,506.000,0.95516,-85.549,311.766,253.785,205.551,22.689,989.311,71.268,-44.449,0.09509,0,1
2666.00,506.000,0.94861,-84.821,310.272,253.041,203.313,26.003,985.997,70.643,-46.687,0.10489,0,1
2667.00,506.000,0.94171,-84.135,309.068,252.356,201.424,29.495,982.505,70.055,-48.576,0.11476,0,1
2668.00,506.000,0.93449,-83.488,308.100,251.718,199.818,33.148,978.852,69.501,-50.182,0.12466,0,1
2669.00,506.000,0.92699,-82.876,307.326,251.118,198.445,36.944,975.056,68.979,-51.555,0.13455,0,1
2670.00,506.000,0.91923,-82.296,306.717,250.549,197.265,40.871,971.129,68.487,-52.735,0.14439,1,1
2671.00,506.000,0.91123,-81.745,306.245,250.004,196.249,44.917,967.083,68.022,-53.751,0.15415,1,1
2672.00,506.000,0.90303,-81.221,305.893,249.478,195.371,49.068,962.932,67.581,-54.629,0.16383,1,1
2673.00,506.000,0.89463,-80.721,305.644,248.969,194.613,53.315,958.685,67.164,-55.387,0.17340,1,1
2674.00,506.000,0.88607,-80.243,305.485,248.472,193.957,57.647,954.353,66.768,-56.043,0.18285,1,1
2675.00,506.000,0.87736,-79.786,305.405,247.986,193.391,62.057,949.943,66.392,-56.609,0.19216,1,1
2676.00,506.000,0.86851,-79.348,305.395,247.509,192.904,66.534,945.466,66.035,-57.096,0.20133,1,1
2677.00,506.000,0.85954,-78.927,305.448,247.037,192.485,71.071,940.929,65.696,-57.515,0.21034,1,1
2678.00,506.000,0.85047,-78.522,305.556,246.571,192.127,75.660,936.340,65.373,-57.873,0.21920,1,1
2679.00,506.000,0.84132,-78.133,305.714,246.110,191.824,80.294,931.706,65.065,-58.176,0.22789,1,1
2680.00,506.000,0.83208,-77.758,305.918,245.651,191.569,84.967,927.033,64.772,-58.431,0.23640,1,1
2681.00,506.000,0.82278,-77.397,306.162,245.194,191.356,89.671,922.329,64.493,-58.644,0.24474,1,1
2682.00,506.000,0.81344,-77.048,306.444,244.739,191.183,94.401,917.599,64.228,-58.817,0.25290,1,1
2683.00,506.000,0.80405,-76.711,306.759,244.285,191.043,99.151,912.849,63.975,-58.957,0.26087,1,1
2684.00,506.000,0.79463,-76.386,307.104,243.831,190.935,103.915,908.085,63.735,-59.065,0.26866,1,1
2685.00,506.000,0.78520,-76.071,307.478,243.378,190.855,108.689,903.311,63.506,-59.145,0.27625,1,1
2686.00,506.000,0.77576,-75.768,307.876,242.924,190.801,113.466,898.534,63.289,-59.199,0.28365,1,1
2687.00,506.000,0.76632,-75.474,308.298,242.471,190.769,118.242,893.758,63.082,-59.231,0.29085,1,1
2688.00,506.000,0.75689,-75.190,308.741,242.017,190.757,123.013,888.987,62.886,-59.243,0.29786,1,1
2689.00,506.000,0.74748,-74.915,309.203,241.562,190.765,127.774,884.226,62.701,-59.235,0.30466,1,1
2690.00,506.000,0.73810,-74.649,309.682,241.107,190.789,132.521,879.479,62.525,-59.211,0.31127,1,1
2691.00,506.000,0.72876,-74.392,310.178,240.651,190.828,137.250,874.750,62.359,-59.172,0.31768,1,1
2692.00,506.000,0.71945,-74.143,310.687,240.194,190.881,141.957,870.043,62.203,-59.119,0.32390,1,1
2693.00,506.000,0.71020,-73.902,311.210,239.736,190.947,146.638,865.362,62.055,-59.053,0.32991,1,1
2694.00,506.000,0.70101,-73.669,311.745,239.278,191.024,151.291,860.709,61.916,-58.976,0.33573,1,1
2695.00,506.000,0.69187,-73.444,312.291,238.820,191.110,155.911,856.089,61.786,-58.890,0.34134,1,1
2696.00,506.000,0.68281,-73.227,312.846,238.360,191.206,160.497,851.503,61.664,-58.794,0.34677,1,1
2697.00,506.000,0.67383,-73.016,313.410,237.901,191.311,165.045,846.955,61.550,-58.689,0.35200,1,1
2698.00,506.000,0.66492,-72.813,313.982,237.441,191.422,169.551,842.449,61.445,-58.578,0.35703,1,1
2699.00,506.000,0.65610,-72.616,314.560,236.980,191.540,174.015,837.985,61.346,-58.460,0.36188,1,1
2700.00,506.000,0.64737,-72.426,315.145,236.520,191.664,178.433,833.567,61.255,-58.336,0.36654,1,1
2701.00,506.000,0.63873,-72.243,315.735,236.059,191.794,182.803,829.197,61.172,-58.206,0.37101,1,1
2702.00,506.000,0.63019,-72.066,316.330,235.598,191.928,187.123,824.877,61.095,-58.072,0.37530,1,1
2703.00,506.000,0.62176,-71.895,316.928,235.138,192.066,191.392,820.608,61.025,-57.934,0.37941,1,1
2704.00,506.000,0.61343,-71.730,317.531,234.677,192.208,195.607,816.393,60.962,-57.792,0.38334,1,1
2705.00,506.000,0.60520,-71.570,318.136,234.218,192.353,199.767,812.233,60.905,-57.647,0.38710,1,1
2706.00,506.000,0.59710,-71.417,318.743,233.758,192.501,203.870,808.130,60.854,-57.499,0.39068,1,1
2707.00,506.000,0.58910,-71.269,319.352,233.299,192.651,207.915,804.085,60.810,-57.349,0.39410,1,1
2708.00,506.000,0.58122,-71.126,319.963,232.841,192.804,211.901,800.099,60.771,-57.196,0.39736,1,1
2709.00,506.000,0.57347,-70.988,320.574,232.383,192.958,215.827,796.173,60.737,-57.042,0.40045,1,1
2710.00,506.000,0.56583,-70.855,321.186,231.927,193.113,219.691,792.309,60.709,-56.887,0.40339,1,1
2711.00,506.000,0.55831,-70.727,321.799,231.471,193.270,223.494,788.506,60.687,-56.730,0.40618,1,1
2712.00,506.000,0.55092,-70.604,322.411,231.017,193.428,227.233,784.767,60.669,-56.572,0.40881,1,1
2713.00,506.000,0.54366,-70.486,323.023,230.563,193.586,230.909,781.091,60.656,-56.414,0.41130,1,1
2714.00,506.000,0.53652,-70.371,323.634,230.111,193.745,234.521,777.479,60.648,-56.255,0.41365,1,1
2715.00,506.000,0.52951,-70.262,324.244,229.660,193.904,238.069,773.931,60.644,-56.096,0.41586,1,1
2716.00,506.000,0.52263,-70.156,324.853,229.210,194.063,241.552,770.448,60.645,-55.937,0.41794,1,1
2717.00,506.000,0.51587,-70.054,325.460,228.762,194.222,244.969,767.031,60.650,-55.778,0.41989,1,1
2718.00,506.000,0.50925,-69.956,326.065,228.316,194.381,248.322,763.678,60.659,-55.619,0.42171,1,1
2719.00,506.000,0.50275,-69.862,326.669,227.870,194.539,251.609,760.391,60.672,-55.461,0.42341,1,1
2720.00,506.000,0.49638,-69.772,327.271,227.427,194.698,254.831,757.169,60.689,-55.302,0.42499,1,1
2721.00,506.000,0.49014,-69.685,327.870,226.985,194.855,257.988,754.012,60.709,-55.145,0.42645,1,1
2722.00,506.000,0.48403,-69.601,328.467,226.545,195.012,261.079,750.921,60.732,-54.988,0.42780,1,1
2723.00,506.000,0.47805,-69.521,329.061,226.107,195.168,264.105,747.895,60.759,-54.832,0.42905,1,1
2724.00,506.000,0.47220,-69.443,329.653,225.670,195.323,267.067,744.933,60.789,-54.677,0.43019,1,1
2725.00,506.000,0.46647,-69.369,330.242,225.235,195.477,269.964,742.036,60.822,-54.523,0.43123,1,1
2726.00,506.000,0.46088,-69.298,330.828,224.802,195.631,272.797,739.203,60.858,-54.369,0.43217,1,1
2727.00,506.000,0.45540,-69.230,331.412,224.371,195.783,275.566,736.434,60.897,-54.217,0.43302,1,1
2728.00,506.000,0.45006,-69.164,331.992,223.942,195.934,278.272,733.728,60.938,-54.066,0.43378,1,1
2729.00,506.000,0.44483,-69.101,332.569,223.514,196.084,280.914,731.086,60.982,-53.916,0.43444,1,1
2730.00,506.000,0.43973,-69.041,333.144,223.089,196.233,283.494,728.506,61.029,-53.767,0.43503,1,1
2731.00,506.000,0.43476,-68.983,333.715,222.666,196.380,286.012,725.988,61.077,-53.620,0.43553,1,1
2732.00,506.000,0.42990,-68.927,334.282,222.244,196.526,288.469,723.531,61.128,-53.474,0.43596,1,1
2733.00,506.000,0.42517,-68.874,334.847,221.824,196.671,290.865,721.135,61.181,-53.329,0.43630,1,1
2734.00,506.000,0.42055,-68.823,335.408,221.407,196.815,293.200,718.800,61.236,-53.185,0.43658,1,1
2735.00,506.000,0.41606,-68.773,335.967,220.991,196.958,295.475,716.525,61.293,-53.042,0.43678,1,1
2736.00,506.000,0.41168,-68.726,336.521,220.577,197.099,297.692,714.308,61.352,-52.901,0.43692,1,1
2737.00,506.000,0.40741,-68.681,337.073,220.165,197.238,299.850,712.150,61.413,-52.762,0.43699,1,1
2738.00,506.000,0.40326,-68.638,337.621,219.755,197.377,301.950,710.050,61.475,-52.623,0.43699,1,1
2739.00,506.000,0.39922,-68.597,338.167,219.348,197.514,303.993,708.007,61.539,-52.486,0.43694,1,1
2740.00,506.000,0.39530,-68.557,338.708,218.942,197.650,305.979,706.021,61.604,-52.350,0.43683,1,1
2741.00,506.000,0.39148,-68.519,339.247,218.537,197.785,307.909,704.091,61.671,-52.215,0.43666,1,1
2742.00,506.000,0.38778,-68.483,339.783,218.135,197.918,309.784,702.216,61.739,-52.082,0.43644,1,1
2743.00,506.000,0.38418,-68.448,340.315,217.735,198.050,311.604,700.396,61.809,-51.950,0.43617,1,1
2744.00,506.000,0.38069,-68.415,340.844,217.337,198.181,313.371,698.629,61.879,-51.819,0.43584,1,1
2745.00,506.000,0.37730,-68.383,341.371,216.940,198.311,315.084,696.916,61.951,-51.689,0.43547,1,1
2746.00,506.000,0.37402,-68.353,341.894,216.545,198.439,316.744,695.256,62.024,-51.561,0.43505,1,1
2747.00,506.000,0.37085,-68.324,342.414,216.152,198.566,318.352,693.648,62.099,-51.434,0.43458,1,1
2748.00,506.000,0.36777,-68.296,342.931,215.761,198.693,319.909,692.091,62.174,-51.307,0.43408,1,1
2749.00,506.000,0.36479,-68.269,343.446,215.372,198.818,321.415,690.585,62.250,-51.182,0.43353,1,1
2750.00,506.000,0.36192,-68.244,343.957,214.985,198.942,322.871,689.129,62.327,-51.058,0.43294,1,1
2751.00,506.000,0.35914,-68.220,344.466,214.599,199.065,324.277,687.723,62.405,-50.935,0.43231,1,1
2752.00,506.000,0.35645,-68.197,344.972,214.215,199.187,325.634,686.366,62.484,-50.813,0.43165,1,1
2753.00,506.000,0.35387,-68.175,345.475,213.833,199.308,326.943,685.057,62.564,-50.692,0.43095,1,1
2754.00,506.000,0.35137,-68.154,345.976,213.453,199.429,328.204,683.796,62.644,-50.571,0.43022,1,1
2755.00,506.000,0.34898,-68.134,346.474,213.074,199.548,329.418,682.582,62.725,-50.452,0.42945,1,1
2756.00,506.000,0.34667,-68.115,346.970,212.697,199.667,330.585,681.415,62.807,-50.333,0.42865,1,1
2757.00,506.000,0.34445,-68.097,347.463,212.322,199.785,331.706,680.294,62.889,-50.215,0.42782,1,1
2758.00,506.000,0.34233,-68.080,347.954,211.948,199.902,332.781,679.219,62.972,-50.098,0.42696,1,1
2759.00,506.000,0.34029,-68.064,348.443,211.576,200.019,333.811,678.189,63.056,-49.981,0.42607,1,1
2760.00,506.000,0.33835,-68.049,348.930,211.205,200.135,334.796,677.204,63.140,-49.865,0.42516,1,1
2761.00,506.000,0.33649,-68.035,349.414,210.836,200.251,335.737,676.263,63.225,-49.749,0.42422,1,1
2762.00,506.000,0.33472,-68.021,349.897,210.469,200.366,336.634,675.366,63.310,-49.634,0.42325,1,1
2763.00,506.000,0.33303,-68.008,350.377,210.103,200.480,337.488,674.512,63.396,-49.520,0.42225,1,1
2764.00,506.000,0.33143,-67.996,350.856,209.739,200.595,338.299,673.701,63.483,-49.405,0.42124,1,1
2765.00,506.000,0.32991,-67.984,351.332,209.376,200.709,339.067,672.933,63.569,-49.291,0.42020,1,1
2766.00,506.000,0.32847,-67.974,351.807,209.015,200.822,339.793,672.207,63.656,-49.178,0.41913,1,1
2767.00,506.000,0.32712,-67.964,352.281,208.655,200.936,340.477,671.523,63.744,-49.064,0.41805,1,1
2768.00,506.000,0.32585,-67.955,352.752,208.297,201.049,341.119,670.881,63.832,-48.951,0.41694,1,1
2769.00,506.000,0.32466,-67.946,353.223,207.940,201.162,341.721,670.279,63.920,-48.838,0.41581,1,1
2770.00,506.000,0.32356,-67.938,353.691,207.584,201.276,342.281,669.719,64.009,-48.724,0.41466,1,1
2771.00,506.000,0.32253,-67.931,354.159,207.230,201.389,342.801,669.199,64.098,-48.611,0.41349,1,1
2772.00,506.000,0.32158,-67.924,354.625,206.877,201.502,343.280,668.720,64.187,-48.498,0.41231,1,1
2773.00,506.000,0.32071,-67.918,355.090,206.526,201.616,343.719,668.281,64.277,-48.384,0.41110,1,1
2774.00,506.000,0.31992,-67.912,355.554,206.176,201.730,344.118,667.882,64.366,-48.270,0.40988,1,1
2775.00,506.000,0.31921,-67.907,356.017,205.827,201.844,344.478,667.522,64.457,-48.156,0.40864,1,1
2776.00,506.000,0.31858,-67.903,356.479,205.480,201.959,344.797,667.203,64.547,-48.041,0.40738,1,1
2777.00,506.000,0.31803,-67.899,356.940,205.134,202.074,345.078,666.922,64.638,-47.926,0.40610,1,1
2778.00,506.000,0.31755,-67.896,357.400,204.789,202.189,345.319,666.681,64.729,-47.811,0.40481,1,1
2779.00,506.000,0.31715,-67.893,357.860,204.445,202.305,345.521,666.479,64.820,-47.695,0.40350,1,1
2780.00,506.000,0.31683,-67.891,358.319,204.102,202.422,345.683,666.317,64.912,-47.578,0.40217,1,1
2781.00,506.000,0.31659,-67.889,358.778,203.761,202.539,345.807,666.193,65.003,-47.461,0.40083,1,1
2782.00,506.000,0.31642,-67.888,359.236,203.421,202.657,345.892,666.108,65.096,-47.343,0.39947,1,1
2783.00,506.000,0.31633,-67.887,359.694,203.082,202.776,345.937,666.063,65.188,-47.224,0.39810,1,1
2784.00,506.000,0.31632,-67.887,0.151,202.745,202.896,345.944,666.056,65.280,-47.104,0.39671,1,1
2785.00,506.000,0.31638,-67.888,0.609,202.408,203.017,345.911,666.089,65.373,-46.983,0.39530,1,1
2786.00,506.000,0.31652,-67.889,1.066,202.072,203.138,345.840,666.160,65.466,-46.862,0.39388,1,1
2787.00,506.000,0.31674,-67.890,1.523,201.738,203.261,345.729,666.271,65.559,-46.739,0.39245,1,1
2788.00,506.000,0.31704,-67.892,1.981,201.405,203.385,345.579,666.421,65.653,-46.615,0.39100,1,1
2789.00,506.000,0.31741,-67.895,2.438,201.073,203.511,345.390,666.610,65.746,-46.489,0.38954,1,1
2790.00,506.000,0.31786,-67.898,2.896,200.742,203.637,345.161,666.839,65.840,-46.363,0.38806,1,1
2791.00,506.000,0.31839,-67.901,3.354,200.411,203.766,344.893,667.107,65.934,-46.234,0.38656,1,1
2792.00,506.000,0.31900,-67.905,3.813,200.082,203.895,344.585,667.415,66.029,-46.105,0.38505,1,1
2793.00,506.000,0.31969,-67.910,4.272,199.754,204.026,344.236,667.764,66.123,-45.974,0.38353,1,1
2794.00,506.000,0.32046,-67.915,4.731,199.427,204.159,343.847,668.153,66.218,-45.841,0.38199,1,1
2795.00,506.000,0.32131,-67.920,5.192,199.101,204.293,343.418,668.582,66.313,-45.707,0.38044,1,1
2796.00,506.000,0.32224,-67.926,5.653,198.776,204.429,342.948,669.052,66.408,-45.571,0.37887,1,1
2797.00,506.000,0.32325,-67.933,6.115,198.452,204.567,342.437,669.563,66.504,-45.433,0.37728,1,1
2798.00,506.000,0.32434,-67.940,6.578,198.129,204.707,341.884,670.116,66.600,-45.293,0.37568,1,1
2799.00,506.000,0.32551,-67.948,7.042,197.806,204.848,341.289,670.711,66.696,-45.152,0.37406,1,1
2800.00,506.000,0.32677,-67.956,7.507,197.485,204.992,340.653,671.347,66.793,-45.008,0.37243,1,1
2801.00,506.000,0.32812,-67.965,7.973,197.164,205.138,339.973,672.027,66.889,-44.862,0.37078,1,1
2802.00,506.000,0.32954,-67.974,8.441,196.845,205.286,339.250,672.750,66.986,-44.714,0.36911,1,1
2803.00,506.000,0.33106,-67.984,8.910,196.526,205.436,338.484,673.516,67.084,-44.564,0.36743,1,1
2804.00,506.000,0.33266,-67.995,9.380,196.208,205.588,337.674,674.326,67.182,-44.412,0.36572,1,1
2805.00,506.000,0.33435,-68.006,9.852,195.891,205.743,336.819,675.181,67.280,-44.257,0.36401,1,1
2806.00,506.000,0.33613,-68.018,10.326,195.575,205.901,335.919,676.081,67.378,-44.099,0.36227,1,1
2807.00,506.000,0.33800,-68.030,10.801,195.259,206.061,334.973,677.027,67.477,-43.939,0.36051,1,1
2808.00,506.000,0.33996,-68.043,11.278,194.944,206.223,333.981,678.019,67.576,-43.777,0.35874,1,1
2809.00,506.000,0.34201,-68.057,11.757,194.631,206.388,332.942,679.058,67.676,-43.612,0.35694,1,1
2810.00,506.000,0.34416,-68.071,12.238,194.317,206.556,331.856,680.144,67.776,-43.444,0.35513,1,1
2811.00,506.000,0.34640,-68.086,12.721,194.005,206.726,330.721,681.279,67.876,-43.274,0.35329,1,1
2812.00,506.000,0.34874,-68.102,13.206,193.693,206.900,329.537,682.463,67.977,-43.100,0.35144,1,1
2813.00,506.000,0.35118,-68.119,13.694,193.383,207.076,328.304,683.696,68.078,-42.924,0.34956,1,1
2814.00,506.000,0.35371,-68.136,14.183,193.072,207.255,327.020,684.980,68.180,-42.745,0.34766,1,1
2815.00,506.000,0.35635,-68.154,14.675,192.763,207.438,325.685,686.315,68.282,-42.562,0.34574,1,1
2816.00,506.000,0.35909,-68.173,15.169,192.454,207.623,324.298,687.702,68.385,-42.377,0.34379,1,1
2817.00,506.000,0.36194,-68.192,15.666,192.146,207.812,322.858,689.142,68.489,-42.188,0.34182,1,1
2818.00,506.000,0.36489,-68.213,16.165,191.839,208.004,321.364,690.636,68.593,-41.996,0.33983,1,1
2819.00,506.000,0.36795,-68.234,16.666,191.532,208.199,319.816,692.184,68.698,-41.801,0.33780,1,1
2820.00,506.000,0.37112,-68.257,17.171,191.226,208.397,318.212,693.788,68.803,-41.603,0.33576,1,1
2821.00,506.000,0.37440,-68.280,17.678,190.921,208.598,316.552,695.448,68.909,-41.402,0.33368,1,1
2822.00,506.000,0.37780,-68.304,18.188,190.616,208.804,314.834,697.166,69.015,-41.196,0.33158,1,1
2823.00,506.000,0.38131,-68.329,18.700,190.312,209.012,313.057,698.943,69.123,-40.988,0.32944,1,1
2824.00,506.000,0.38494,-68.355,19.216,190.008,209.224,311.221,700.779,69.231,-40.776,0.32728,1,1
2825.00,506.000,0.38869,-68.382,19.734,189.705,209.439,309.325,702.675,69.340,-40.561,0.32508,1,1
2826.00,506.000,0.39255,-68.410,20.255,189.403,209.658,307.367,704.633,69.450,-40.342,0.32285,1,1
2827.00,506.000,0.39655,-68.440,20.779,189.102,209.881,305.347,706.653,69.560,-40.119,0.32059,1,1
2828.00,506.000,0.40067,-68.470,21.306,188.801,210.107,303.263,708.737,69.672,-39.893,0.31830,1,1
2829.00,506.000,0.40491,-68.502,21.836,188.500,210.336,301.114,710.886,69.784,-39.664,0.31596,1,1
2830.00,506.000,0.40929,-68.535,22.369,188.200,210.569,298.899,713.101,69.897,-39.431,0.31359,1,1
2831.00,506.000,0.41380,-68.569,22.905,187.901,210.806,296.618,715.382,70.012,-39.194,0.31119,1,1
2832.00,506.000,0.41844,-68.605,23.443,187.603,211.046,294.268,717.732,70.127,-38.954,0.30874,1,1
2833.00,506.000,0.42322,-68.642,23.985,187.305,211.290,291.849,720.151,70.244,-38.710,0.30625,1,1
2834.00,506.000,0.42814,-68.680,24.529,187.007,211.537,289.360,722.640,70.361,-38.463,0.30372,1,1
2835.00,506.000,0.43320,-68.720,25.077,186.710,211.787,286.799,725.201,70.480,-38.213,0.30115,1,1
2836.00,506.000,0.43841,-68.761,25.627,186.414,212.041,284.166,727.834,70.600,-37.959,0.29853,1,1
2837.00,506.000,0.44376,-68.804,26.179,186.119,212.298,281.460,730.540,70.722,-37.702,0.29587,1,1
2838.00,506.000,0.44925,-68.848,26.735,185.824,212.558,278.679,733.321,70.844,-37.442,0.29316,1,1
2839.00,506.000,0.45490,-68.895,27.292,185.529,212.821,275.822,736.178,70.968,-37.179,0.29040,1,1
2840.00,506.000,0.46070,-68.942,27.852,185.236,213.088,272.888,739.112,71.094,-36.912,0.28759,1,1
2841.00,506.000,0.46665,-68.992,28.414,184.943,213.357,269.877,742.123,71.221,-36.643,0.28473,1,1
2842.00,506.000,0.47275,-69.044,28.978,184.650,213.629,266.787,745.213,71.349,-36.371,0.28181,1,1
2843.00,506.000,0.47902,-69.097,29.544,184.358,213.903,263.617,748.383,71.479,-36.097,0.27884,1,1
2844.00,506.000,0.48544,-69.152,30.112,184.067,214.179,260.367,751.633,71.611,-35.821,0.27581,1,1
2845.00,506.000,0.49202,-69.210,30.681,183.777,214.458,257.036,754.964,71.744,-35.542,0.27272,1,1
2846.00,506.000,0.49877,-69.269,31.251,183.487,214.738,253.624,758.376,71.879,-35.262,0.26958,1,1
2847.00,506.000,0.50567,-69.331,31.821,183.198,215.020,250.129,761.871,72.016,-34.980,0.26637,1,1
2848.00,506.000,0.51275,-69.395,32.393,182.910,215.303,246.550,765.450,72.155,-34.697,0.26310,1,1
2849.00,506.000,0.51998,-69.461,32.964,182.623,215.587,242.889,769.111,72.295,-34.413,0.25976,1,1
2850.00,506.000,0.52738,-69.530,33.535,182.336,215.871,239.144,772.856,72.438,-34.129,0.25636,1,1
2851.00,506.000,0.53495,-69.601,34.105,182.050,216.155,235.314,776.686,72.583,-33.845,0.25290,1,1
2852.00,506.000,0.54268,-69.674,34.674,181.765,216.439,231.401,780.599,72.730,-33.561,0.24936,1,1
2853.00,506.000,0.55058,-69.751,35.241,181.481,216.722,227.404,784.596,72.879,-33.278,0.24575,1,1
2854.00,506.000,0.55865,-69.829,35.806,181.198,217.003,223.324,788.676,73.030,-32.997,0.24208,1,1
2855.00,506.000,0.56688,-69.911,36.367,180.915,217.282,219.160,792.840,73.184,-32.718,0.23833,1,1
2856.00,506.000,0.57527,-69.995,36.925,180.634,217.559,214.914,797.086,73.340,-32.441,0.23450,1,1
2857.00,506.000,0.58382,-70.083,37.478,180.353,217.832,210.586,801.414,73.499,-32.168,0.23060,1,1
2858.00,506.000,0.59254,-70.173,38.027,180.074,218.100,206.177,805.823,73.660,-31.900,0.22663,1,1
2859.00,506.000,0.60141,-70.267,38.568,179.795,218.363,201.688,810.312,73.824,-31.637,0.22258,1,1
2860.00,506.000,0.61043,-70.363,39.103,179.517,218.620,197.122,814.878,73.990,-31.380,0.21845,1,1
2861.00,506.000,0.61961,-70.463,39.629,179.241,218.870,192.479,819.521,74.160,-31.130,0.21425,1,1
2862.00,506.000,0.62893,-70.567,40.146,178.965,219.111,187.761,824.239,74.332,-30.889,0.20997,1,1
2863.00,506.000,0.63840,-70.673,40.653,178.690,219.343,182.972,829.028,74.507,-30.657,0.20561,1,1
2864.00,506.000,0.64800,-70.784,41.147,178.417,219.563,178.113,833.887,74.685,-30.437,0.20117,1,1
2865.00,506.000,0.65773,-70.897,41.628,178.144,219.772,173.187,838.813,74.866,-30.228,0.19665,1,1
2866.00,506.000,0.66759,-71.015,42.093,177.872,219.965,168.198,843.802,75.051,-30.035,0.19206,1,1
2867.00,506.000,0.67757,-71.136,42.542,177.601,220.143,163.150,848.850,75.239,-29.857,0.18739,1,1
2868.00,506.000,0.68766,-71.262,42.972,177.332,220.304,158.045,853.955,75.430,-29.696,0.18264,1,1
2869.00,506.000,0.69785,-71.391,43.381,177.062,220.444,152.889,859.111,75.626,-29.556,0.17781,1,1
2870.00,506.000,0.70813,-71.525,43.768,176.794,220.562,147.686,864.314,75.824,-29.438,0.17292,1,1
2871.00,506.000,0.71850,-71.662,44.128,176.526,220.655,142.441,869.559,76.027,-29.345,0.16795,1,1
2872.00,506.000,0.72893,-71.805,44.461,176.259,220.720,137.160,874.840,76.234,-29.280,0.16291,1,1
2873.00,506.000,0.73943,-71.951,44.762,175.992,220.755,131.849,880.151,76.444,-29.245,0.15780,1,1
2874.00,506.000,0.74997,-72.103,45.030,175.725,220.755,126.514,885.486,76.660,-29.245,0.15262,1,1
2875.00,506.000,0.76055,-72.259,45.259,175.459,220.717,121.163,890.837,76.879,-29.283,0.14739,1,1
2876.00,506.000,0.77114,-72.420,45.446,175.191,220.638,115.802,896.198,77.104,-29.362,0.14209,1,1
2877.00,506.000,0.78174,-72.586,45.587,174.924,220.511,110.440,901.560,77.334,-29.489,0.13674,1,1
2878.00,506.000,0.79232,-72.757,45.677,174.655,220.333,105.086,906.914,77.568,-29.667,0.13134,1,1
2879.00,506.000,0.80287,-72.934,45.711,174.385,220.096,99.749,912.251,77.809,-29.904,0.12589,1,1
2880.00,506.000,0.81336,-73.116,45.682,174.113,219.795,94.438,917.562,78.055,-30.205,0.12041,1,1
2881.00,506.000,0.82379,-73.305,45.583,173.838,219.422,89.164,922.836,78.307,-30.578,0.11489,1,1
2882.00,506.000,0.83411,-73.499,45.407,173.561,218.968,83.939,928.061,78.566,-31.032,0.10935,1,1
2883.00,506.000,0.84432,-73.699,45.145,173.279,218.424,78.775,933.225,78.832,-31.576,0.10379,1,1
2884.00,506.000,0.85438,-73.906,44.786,172.993,217.779,73.685,938.315,79.105,-32.221,0.09822,1,1
2885.00,506.000,0.86426,-74.119,44.318,172.700,217.019,68.683,943.317,79.385,-32.981,0.09266,1,1
2886.00,506.000,0.87395,-74.339,43.729,172.401,216.129,63.783,948.217,79.674,-33.871,0.08712,1,1
2887.00,506.000,0.88339,-74.565,43.000,172.092,215.093,59.003,952.997,79.971,-34.907,0.08161,1,1
2888.00,506.000,0.89257,-74.797,42.114,171.774,213.889,54.359,957.641,80.277,-36.111,0.07615,1,1
2889.00,506.000,0.90144,-75.036,41.049,171.444,212.493,49.871,962.129,80.592,-37.507,0.07077,1,1
2890.00,506.000,0.90996,-75.280,39.778,171.099,210.877,45.560,966.440,80.915,-39.123,0.06548,1,1
2891.00,506.000,0.91809,-75.528,38.271,170.738,209.008,41.447,970.553,81.247,-40.992,0.06032,1,1
2892.00,506.000,0.92578,-75.780,36.490,170.357,206.847,37.557,974.443,81.587,-43.153,0.05532,0,1
2893.00,506.000,0.93297,-76.033,34.396,169.954,204.350,33.918,978.082,81.933,-45.650,0.05051,0,1
2894.00,506.000,0.93961,-76.283,31.941,169.525,201.466,30.557,981.443,82.283,-48.534,0.04595,0,1
2895.00,506.000,0.94564,-76.527,29.075,169.069,198.144,27.508,984.492,82.634,-51.856,0.04169,0,1
2896.00,506.000,0.95098,-76.759,25.747,168.583,194.330,24.804,987.196,82.981,-55.670,0.03779,0,1
2897.00,506.000,0.95557,-76.971,21.919,168.066,189.985,22.481,989.519,83.316,-60.015,0.03431,0,1
2898.00,506.000,0.95933,-77.155,17.572,167.519,185.091,20.579,991.421,83.631,-64.909,0.03132,0,1
2899.00,506.000,0.96219,-77.301,12.728,166.948,179.675,19.133,992.867,83.914,-70.325,0.02888,0,1
2900.00,506.000,0.96408,-77.400,7.466,166.360,173.826,18.176,993.824,84.156,-76.174,0.02704,0,1
2901.00,506.000,0.96496,-77.447,1.933,165.768,167.701,17.732,994.268,84.347,-82.299,0.02585,0,1
2902.00,506.000,0.96479,-77.439,356.325,165.186,161.511,17.814,994.186,84.482,-88.489,0.02529,0,1
2903.00,506.000,0.96360,-77.379,350.854,164.627,155.481,18.420,993.580,84.561,-94.519,0.02534,0,1
2904.00,506.000,0.96139,-77.276,345.706,164.102,149.807,19.535,992.465,84.590,-100.193,0.02595,0,1
2905.00,506.000,0.95824,-77.140,341.005,163.616,144.621,21.131,990.869,84.575,-105.379,0.02703,0,1
2906.00,506.000,0.95420,-76.980,336.814,163.172,139.986,23.175,988.825,84.528,-110.014,0.02853,0,1
2907.00,506.000,0.94935,-76.806,333.140,162.767,135.907,25.630,986.370,84.456,-114.093,0.03036,0,1
2908.00,506.000,0.94376,-76.624,329.956,162.400,132.356,28.459,983.541,84.368,-117.644,0.03245,0,1
2909.00,506.000,0.93750,-76.440,327.219,162.065,129.284,31.627,980.373,84.269,-120.716,0.03475,0,1
2910.00,506.000,0.93063,-76.257,324.878,161.758,126.636,35.101,976.899,84.165,-123.364,0.03721,0,1
2911.00,506.000,0.92322,-76.078,322.884,161.476,124.360,38.851,973.149,84.058,-125.640,0.03978,0,1
2912.00,506.000,0.91532,-75.904,321.192,161.214,122.406,42.847,969.153,83.950,-127.594,0.04244,1,1
2913.00,506.000,0.90699,-75.735,319.761,160.970,120.731,47.064,964.936,83.844,-129.269,0.04516,1,1
2914.00,506.000,0.89826,-75.573,318.558,160.741,119.299,51.478,960.522,83.741,-130.701,0.04791,1,1
2915.00,506.000,0.88919,-75.417,317.553,160.524,118.077,56.068,955.932,83.641,-131.923,0.05068,1,1
2916.00,506.000,0.87981,-75.268,316.721,160.318,117.040,60.814,951.186,83.544,-132.960,0.05345,1,1
2917.00,506.000,0.87017,-75.125,316.042,160.121,116.163,65.696,946.304,83.451,-133.837,0.05620,1,1
2918.00,506.000,0.86028,-74.988,315.497,159.932,115.428,70.698,941.302,83.362,-134.572,0.05894,1,1
2919.00,506.000,0.85019,-74.856,315.070,159.749,114.819,75.803,936.197,83.276,-135.181,0.06164,1,1
2920.00,506.000,0.83993,-74.731,314.750,159.571,114.321,80.997,931.003,83.195,-135.679,0.06430,1,1
2921.00,506.000,0.82952,-74.610,314.523,159.398,113.922,86.265,925.735,83.118,-136.078,0.06692,1,1
2922.00,506.000,0.81898,-74.494,314.381,159.230,113.611,91.594,920.406,83.045,-136.389,0.06948,1,1
2923.00,506.000,0.80836,-74.384,314.315,159.065,113.380,96.972,915.028,82.975,-136.620,0.07200,1,1
2924.00,506.000,0.79765,-74.278,314.317,158.902,113.219,102.387,909.613,82.909,-136.781,0.07445,1,1
2925.00,506.000,0.78690,-74.176,314.381,158.743,113.123,107.828,904.172,82.847,-136.877,0.07684,1,1
2926.00,506.000,0.77611,-74.078,314.500,158.585,113.085,113.286,898.714,82.788,-136.915,0.07917,1,1
2927.00,506.000,0.76531,-73.984,314.669,158.429,113.098,118.751,893.249,82.732,-136.902,0.08143,1,1
2928.00,506.000,0.75452,-73.894,314.884,158.276,113.159,124.213,887.787,82.680,-136.841,0.08362,1,1
2929.00,506.000,0.74374,-73.808,315.140,158.123,113.263,129.666,882.334,82.630,-136.737,0.08575,1,1
2930.00,506.000,0.73300,-73.725,315.433,157.972,113.405,135.099,876.901,82.584,-136.595,0.08780,1,1
2931.00,506.000,0.72232,-73.645,315.761,157.822,113.583,140.508,871.492,82.540,-136.417,0.08979,1,1
2932.00,506.000,0.71169,-73.568,316.119,157.673,113.792,145.884,866.116,82.499,-136.208,0.09170,1,1
2933.00,506.000,0.70114,-73.495,316.504,157.525,114.029,151.221,860.779,82.461,-135.971,0.09355,1,1
2934.00,506.000,0.69068,-73.424,316.915,157.378,114.293,156.514,855.486,82.425,-135.707,0.09532,1,1
2935.00,506.000,0.68032,-73.356,317.348,157.232,114.580,161.757,850.243,82.392,-135.420,0.09703,1,1
2936.00,506.000,0.67007,-73.291,317.802,157.086,114.888,166.945,845.055,82.362,-135.112,0.09867,1,1
2937.00,506.000,0.65993,-73.228,318.274,156.941,115.215,172.073,839.927,82.333,-134.785,0.10024,1,1
2938.00,506.000,0.64992,-73.168,318.762,156.797,115.559,177.138,834.862,82.307,-134.441,0.10174,1,1
2939.00,506.000,0.64005,-73.111,319.265,156.653,115.919,182.136,829.864,82.283,-134.081,0.10318,1,1
2940.00,506.000,0.63031,-73.055,319.782,156.510,116.292,187.063,824.937,82.261,-133.708,0.10455,1,1
2941.00,506.000,0.62072,-73.002,320.309,156.368,116.677,191.916,820.084,82.241,-133.323,0.10586,1,1
2942.00,506.000,0.61128,-72.951,320.847,156.226,117.073,196.693,815.307,82.222,-132.927,0.10710,1,1
2943.00,506.000,0.60200,-72.902,321.394,156.085,117.479,201.390,810.610,82.206,-132.521,0.10829,1,1
2944.00,506.000,0.59287,-72.856,321.948,155.944,117.892,206.007,805.993,82.191,-132.108,0.10941,1,1
2945.00,506.000,0.58391,-72.811,322.509,155.804,118.314,210.541,801.459,82.178,-131.686,0.11048,1,1
2946.00,506.000,0.57512,-72.767,323.076,155.665,118.741,214.990,797.010,82.167,-131.259,0.11149,1,1
2947.00,506.000,0.56649,-72.726,323.648,155.526,119.174,219.354,792.646,82.157,-130.826,0.11245,1,1
2948.00,506.000,0.55804,-72.686,324.223,155.388,119.611,223.631,788.369,82.149,-130.389,0.11335,1,1
2949.00,506.000,0.54976,-72.649,324.802,155.250,120.052,227.821,784.179,82.142,-129.948,0.11420,1,1
2950.00,506.000,0.54165,-72.612,325.383,155.113,120.496,231.923,780.077,82.137,-129.504,0.11500,1,1
2951.00,506.000,0.53372,-72.577,325.966,154.976,120.942,235.937,776.063,82.132,-129.058,0.11576,1,1
2952.00,506.000,0.52596,-72.544,326.550,154.840,121.390,239.862,772.138,82.129,-128.610,0.11647,1,1
2953.00,506.000,0.51838,-72.512,327.134,154.705,121.839,243.699,768.301,82.128,-128.161,0.11713,1,1
2954.00,506.000,0.51097,-72.481,327.719,154.570,122.289,247.447,764.553,82.127,-127.711,0.11775,1,1
2955.00,506.000,0.50374,-72.452,328.303,154.436,122.739,251.107,760.893,82.127,-127.261,0.11832,1,1
2956.00,506.000,0.49668,-72.424,328.887,154.303,123.190,254.680,757.320,82.129,-126.810,0.11886,1,1
2957.00,506.000,0.48979,-72.397,329.469,154.170,123.639,258.166,753.834,82.131,-126.361,0.11936,1,1
2958.00,506.000,0.48307,-72.371,330.050,154.038,124.088,261.565,750.435,82.135,-125.912,0.11982,1,1
2959.00,506.000,0.47652,-72.347,330.630,153.906,124.536,264.879,747.121,82.139,-125.464,0.12025,1,1
2960.00,506.000,0.47014,-72.323,331.207,153.775,124.982,268.107,743.893,82.144,-125.018,0.12064,1,1
2961.00,506.000,0.46393,-72.301,331.782,153.645,125.427,271.252,740.748,82.150,-124.573,0.12100,1,1
2962.00,506.000,0.45788,-72.279,332.354,153.515,125.869,274.314,737.686,82.156,-124.131,0.12132,1,1
2963.00,506.000,0.45199,-72.258,332.924,153.386,126.310,277.294,734.706,82.164,-123.690,0.12162,1,1
2964.00,506.000,0.44626,-72.239,333.491,153.257,126.748,280.194,731.806,82.172,-123.252,0.12189,1,1
2965.00,506.000,0.44068,-72.220,334.055,153.129,127.185,283.014,728.986,82.181,-122.815,0.12213,1,1
2966.00,506.000,0.43527,-72.202,334.616,153.002,127.618,285.755,726.245,82.190,-122.382,0.12234,1,1
2967.00,506.000,0.43000,-72.184,335.174,152.875,128.049,288.419,723.581,82.200,-121.951,0.12253,1,1
2968.00,506.000,0.42489,-72.168,335.728,152.749,128.477,291.007,720.993,82.210,-121.523,0.12269,1,1
2969.00,506.000,0.41992,-72.152,336.279,152.624,128.903,293.521,718.479,82.221,-121.097,0.12283,1,1
2970.00,506.000,0.41510,-72.137,336.827,152.499,129.326,295.961,716.039,82.233,-120.674,0.12295,1,1
2971.00,506.000,0.41042,-72.123,337.371,152.374,129.745,298.328,713.672,82.245,-120.255,0.12305,1,1
2972.00,506.000,0.40588,-72.109,337.912,152.250,130.162,300.625,711.375,82.257,-119.838,0.12313,1,1
2973.00,506.000,0.40148,-72.096,338.449,152.127,130.576,302.852,709.148,82.270,-119.424,0.12318,1,1
2974.00,506.000,0.39721,-72.083,338.982,152.005,130.987,305.011,706.989,82.284,-119.013,0.12322,1,1
2975.00,506.000,0.39308,-72.071,339.513,151.882,131.395,307.102,704.898,82.297,-118.605,0.12324,1,1
2976.00,506.000,0.38908,-72.059,340.039,151.761,131.800,309.128,702.872,82.311,-118.200,0.12325,1,1
2977.00,506.000,0.38520,-72.048,340.562,151.640,132.202,311.089,700.911,82.326,-117.798,0.12324,1,1
2978.00,506.000,0.38145,-72.038,341.082,151.519,132.601,312.986,699.014,82.340,-117.399,0.12321,1,1
2979.00,506.000,0.37782,-72.028,341.598,151.399,132.998,314.821,697.179,82.356,-117.002,0.12317,1,1
2980.00,506.000,0.37432,-72.018,342.111,151.280,133.391,316.595,695.405,82.371,-116.609,0.12311,1,1
2981.00,506.000,0.37093,-72.009,342.621,151.161,133.782,318.309,693.691,82.386,-116.218,0.12304,1,1
2982.00,506.000,0.36766,-72.000,343.127,151.042,134.169,319.964,692.036,82.402,-115.831,0.12296,1,1
2983.00,506.000,0.36450,-71.992,343.630,150.925,134.554,321.561,690.439,82.418,-115.446,0.12286,1,1
2984.00,506.000,0.36146,-71.984,344.130,150.807,134.937,323.101,688.899,82.435,-115.063,0.12275,1,1
2985.00,506.000,0.35853,-71.977,344.626,150.690,135.317,324.586,687.414,82.451,-114.683,0.12264,1,1
2986.00,506.000,0.35570,-71.969,345.120,150.574,135.694,326.016,685.984,82.468,-114.306,0.12251,1,1
2987.00,506.000,0.35298,-71.963,345.611,150.458,136.069,327.392,684.608,82.485,-113.931,0.12237,1,1
2988.00,506.000,0.35036,-71.956,346.099,150.342,136.441,328.716,683.284,82.502,-113.559,0.12222,1,1
2989.00,506.000,0.34785,-71.950,346.584,150.227,136.811,329.988,682.012,82.520,-113.189,0.12206,1,1
2990.00,506.000,0.34544,-71.944,347.066,150.112,137.178,331.209,680.791,82.537,-112.822,0.12189,1,1
2991.00,506.000,0.34312,-71.938,347.546,149.998,137.544,332.380,679.620,82.555,-112.456,0.12171,1,1
2992.00,506.000,0.34091,-71.933,348.023,149.884,137.907,333.501,678.499,82.573,-112.093,0.12153,1,1
2993.00,506.000,0.33879,-71.928,348.497,149.771,138.268,334.575,677.425,82.590,-111.732,0.12133,1,1
2994.00,506.000,0.33676,-71.923,348.970,149.658,138.628,335.600,676.400,82.609,-111.372,0.12113,1,1
2995.00,506.000,0.33482,-71.919,349.439,149.546,138.985,336.579,675.421,82.627,-111.015,0.12092,1,1
2996.00,506.000,0.33298,-71.914,349.907,149.434,139.341,337.512,674.488,82.645,-110.659,0.12071,1,1
2997.00,506.000,0.33123,-71.910,350.373,149.322,139.694,338.399,673.601,82.664,-110.306,0.12049,1,1
2998.00,506.000,0.32956,-71.907,350.836,149.211,140.047,339.241,672.759,82.682,-109.953,0.12026,1,1
2999.00,506.000,0.32799,-71.903,351.298,149.100,140.397,340.039,671.961,82.701,-109.603,0.12002,1,1
3000.00,506.000,0.32650,-71.900,351.757,148.989,140.746,340.793,671.207,82.720,-109.254,0.11978,1,1
3001.00,506.000,0.32509,-71.896,352.215,148.879,141.094,341.504,670.496,82.739,-108.906,0.11953,1,1
3002.00,506.000,0.32377,-71.894,352.672,148.769,141.441,342.173,669.827,82.757,-108.559,0.11928,1,1
3003.00,506.000,0.32253,-71.891,353.126,148.660,141.786,342.799,669.201,82.777,-108.214,0.11902,1,1
3004.00,506.000,0.32138,-71.888,353.579,148.551,142.130,343.384,668.616,82.796,-107.870,0.11876,1,1
3005.00,506.000,0.32030,-71.886,354.031,148.442,142.473,343.928,668.072,82.815,-107.527,0.11849,1,1
3006.00,506.000,0.31931,-71.884,354.482,148.334,142.815,344.431,667.569,82.834,-107.185,0.11821,1,1
3007.00,506.000,0.31839,-71.882,354.931,148.226,143.157,344.893,667.107,82.854,-106.843,0.11793,1,1
3008.00,506.000,0.31756,-71.880,355.379,148.118,143.497,345.315,666.685,82.873,-106.503,0.11765,1,1
3009.00,506.000,0.31680,-71.878,355.827,148.010,143.837,345.698,666.302,82.893,-106.163,0.11736,1,1
3010.00,506.000,0.31612,-71.877,356.273,147.903,144.176,346.041,665.959,82.912,-105.824,0.11706,1,1
3011.00,506.000,0.31552,-71.876,356.719,147.797,144.515,346.345,665.655,82.932,-105.485,0.11677,1,1
3012.00,506.000,0.31500,-71.875,357.163,147.690,144.854,346.610,665.390,82.951,-105.146,0.11646,1,1
3013.00,506.000,0.31455,-71.874,357.608,147.584,145.192,346.836,665.164,82.971,-104.808,0.11616,1,1
3014.00,506.000,0.31418,-71.873,358.051,147.478,145.530,347.024,664.976,82.991,-104.470,0.11584,1,1
3015.00,506.000,0.31389,-71.872,358.495,147.373,145.867,347.173,664.827,83.011,-104.133,0.11553,1,1
3016.00,506.000,0.31367,-71.872,358.937,147.268,146.205,347.284,664.716,83.031,-103.795,0.11521,1,1
3017.00,506.000,0.31352,-71.872,359.380,147.163,146.543,347.356,664.644,83.051,-103.457,0.11489,1,1
3018.00,506.000,0.31346,-71.871,359.823,147.058,146.881,347.391,664.609,83.071,-103.119,0.11456,1,1
3019.00,506.000,0.31346,-71.872,0.265,146.953,147.219,347.387,664.613,83.091,-102.781,0.11422,1,1
3020.00,506.000,0.31355,-71.872,0.708,146.849,147.557,347.345,664.655,83.112,-102.443,0.11389,1,1
3021.00,506.000,0.31371,-71.872,1.151,146.745,147.896,347.265,664.735,83.132,-102.104,0.11355,1,1
3022.00,506.000,0.31394,-71.872,1.594,146.642,148.236,347.147,664.853,83.152,-101.764,0.11320,1,1
3023.00,506.000,0.31425,-71.873,2.037,146.539,148.576,346.990,665.010,83.173,-101.424,0.11286,1,1
3024.00,506.000,0.31463,-71.874,2.481,146.435,148.916,346.795,665.205,83.193,-101.084,0.11250,1,1
3025.00,506.000,0.31510,-71.875,2.925,146.333,149.258,346.561,665.439,83.214,-100.742,0.11215,1,1
3026.00,506.000,0.31564,-71.876,3.370,146.230,149.600,346.289,665.711,83.234,-100.400,0.11179,1,1
3027.00,506.000,0.31625,-71.877,3.816,146.128,149.944,345.977,666.023,83.255,-100.056,0.11142,1,1
3028.00,506.000,0.31694,-71.879,4.263,146.025,150.288,345.627,666.373,83.276,-99.712,0.11105,1,1
3029.00,506.000,0.31771,-71.880,4.710,145.923,150.634,345.237,666.763,83.297,-99.366,0.11068,1,1
3030.00,506.000,0.31856,-71.882,5.159,145.822,150.981,344.807,667.193,83.318,-99.019,0.11030,1,1
3031.00,506.000,0.31949,-71.884,5.609,145.720,151.329,344.338,667.662,83.339,-98.671,0.10992,1,1
3032.00,506.000,0.32050,-71.886,6.060,145.619,151.679,343.828,668.172,83.360,-98.321,0.10954,1,1
3033.00,506.000,0.32159,-71.888,6.512,145.518,152.030,343.277,668.723,83.381,-97.970,0.10915,1,1
3034.00,506.000,0.32276,-71.890,6.966,145.417,152.383,342.685,669.315,83.402,-97.617,0.10875,1,1
3035.00,506.000,0.32401,-71.893,7.421,145.316,152.737,342.052,669.948,83.423,-97.263,0.10835,1,1
3036.00,506.000,0.32534,-71.895,7.878,145.216,153.094,341.377,670.623,83.445,-96.906,0.10795,1,1
3037.00,506.000,0.32676,-71.898,8.336,145.116,153.452,340.659,671.341,83.466,-96.548,0.10754,1,1
3038.00,506.000,0.32826,-71.901,8.797,145.016,153.812,339.898,672.102,83.488,-96.188,0.10712,1,1
3039.00,506.000,0.32985,-71.905,9.259,144.916,154.175,339.094,672.906,83.510,-95.825,0.10671,1,1
3040.00,506.000,0.33153,-71.908,9.723,144.816,154.539,338.245,673.755,83.532,-95.461,0.10628,1,1
3041.00,506.000,0.33330,-71.912,10.190,144.716,154.906,337.352,674.648,83.554,-95.094,0.10585,1,1
3042.00,506.000,0.33515,-71.915,10.658,144.617,155.275,336.413,675.587,83.576,-94.725,0.10542,1,1
3043.00,506.000,0.33710,-71.919,11.129,144.518,155.647,335.429,676.571,83.598,-94.353,0.10497,1,1
3044.00,506.000,0.33914,-71.923,11.602,144.419,156.021,334.397,677.603,83.621,-93.979,0.10453,1,1
3045.00,506.000,0.34127,-71.928,12.078,144.320,156.398,333.318,678.682,83.643,-93.602,0.10407,1,1
3046.00,506.000,0.34350,-71.932,12.556,144.221,156.778,332.191,679.809,83.666,-93.222,0.10361,1,1
3047.00,506.000,0.34582,-71.937,13.037,144.123,157.160,331.014,680.986,83.689,-92.840,0.10315,1,1
3048.00,506.000,0.34825,-71.942,13.521,144.024,157.545,329.788,682.212,83.712,-92.455,0.10268,1,1
3049.00,506.000,0.35077,-71.948,14.008,143.926,157.933,328.510,683.490,83.735,-92.067,0.10220,1,1
3050.00,506.000,0.35340,-71.953,14.497,143.828,158.325,327.181,684.819,83.758,-91.675,0.10171,1,1
3051.00,506.000,0.35613,-71.959,14.990,143.730,158.719,325.800,686.200,83.782,-91.281,0.10122,1,1
3052.00,506.000,0.35896,-71.965,15.485,143.632,159.117,324.365,687.635,83.805,-90.883,0.10071,1,1
3053.00,506.000,0.36191,-71.971,15.984,143.534,159.518,322.875,689.125,83.829,-90.482,0.10020,1,1
3054.00,506.000,0.36496,-71.978,16.486,143.436,159.922,321.329,690.671,83.853,-90.078,0.09969,1,1
3055.00,506.000,0.36813,-71.984,16.991,143.339,160.330,319.727,692.273,83.878,-89.670,0.09916,1,1
3056.00,506.000,0.37141,-71.992,17.499,143.242,160.741,318.067,693.933,83.902,-89.259,0.09863,1,1
3057.00,506.000,0.37481,-71.999,18.011,143.144,161.156,316.348,695.652,83.927,-88.844,0.09808,1,1
3058.00,506.000,0.37832,-72.007,18.527,143.047,161.574,314.569,697.431,83.952,-88.426,0.09753,1,1
3059.00,506.000,0.38196,-72.015,19.046,142.950,161.996,312.729,699.271,83.977,-88.004,0.09696,1,1
3060.00,506.000,0.38572,-72.023,19.569,142.853,162.422,310.827,701.173,84.003,-87.578,0.09639,1,1
3061.00,506.000,0.38960,-72.032,20.095,142.757,162.851,308.861,703.139,84.029,-87.149,0.09581,1,1
3062.00,506.000,0.39362,-72.041,20.625,142.660,163.285,306.831,705.169,84.055,-86.715,0.09521,1,1
3063.00,506.000,0.39776,-72.050,21.158,142.563,163.722,304.734,707.266,84.082,-86.278,0.09460,1,1
3064.00,506.000,0.40204,-72.060,21.696,142.467,164.163,302.570,709.430,84.108,-85.837,0.09399,1,1
3065.00,506.000,0.40645,-72.070,22.237,142.371,164.607,300.337,711.663,84.135,-85.393,0.09336,1,1
3066.00,506.000,0.41100,-72.081,22.782,142.274,165.056,298.035,713.965,84.163,-84.944,0.09271,1,1
3067.00,506.000,0.41569,-72.092,23.330,142.178,165.509,295.661,716.339,84.191,-84.491,0.09206,1,1
3068.00,506.000,0.42052,-72.103,23.882,142.082,165.965,293.215,718.785,84.219,-84.035,0.09139,1,1
3069.00,506.000,0.42550,-72.115,24.438,141.986,166.425,290.695,721.305,84.248,-83.575,0.09070,1,1
3070.00,506.000,0.43063,-72.127,24.998,141.891,166.889,288.100,723.900,84.277,-83.111,0.09001,1,1
3071.00,506.000,0.43591,-72.140,25.561,141.795,167.356,285.429,726.571,84.306,-82.644,0.08929,1,1
3072.00,506.000,0.44134,-72.153,26.128,141.699,167.827,282.681,729.319,84.336,-82.173,0.08857,1,1
3073.00,506.000,0.44693,-72.167,26.698,141.604,168.302,279.853,732.147,84.366,-81.698,0.08782,1,1
3074.00,506.000,0.45268,-72.182,27.271,141.509,168.780,276.945,735.055,84.397,-81.220,0.08706,1,1
3075.00,506.000,0.45858,-72.197,27.848,141.413,169.261,273.956,738.044,84.428,-80.739,0.08628,1,1
3076.00,506.000,0.46465,-72.212,28.427,141.318,169.746,270.885,741.115,84.460,-80.254,0.08549,1,1
3077.00,506.000,0.47089,-72.228,29.010,141.223,170.233,267.731,744.269,84.492,-79.767,0.08467,1,1
3078.00,506.000,0.47729,-72.245,29.595,141.129,170.723,264.491,747.509,84.525,-79.277,0.08384,1,1
3079.00,506.000,0.48386,-72.262,30.182,141.034,171.216,261.167,750.833,84.559,-78.784,0.08299,1,1
3080.00,506.000,0.49060,-72.280,30.772,140.939,171.711,257.756,754.244,84.593,-78.289,0.08211,1,1
3081.00,506.000,0.49751,-72.299,31.363,140.845,172.208,254.258,757.742,84.627,-77.792,0.08122,1,1
3082.00,506.000,0.50460,-72.318,31.956,140.751,172.707,250.672,761.328,84.663,-77.293,0.08031,1,1
3083.00,506.000,0.51186,-72.338,32.551,140.656,173.207,246.998,765.002,84.699,-76.793,0.07937,1,1
3084.00,506.000,0.51930,-72.359,33.146,140.563,173.708,243.235,768.765,84.735,-76.292,0.07841,1,1
3085.00,506.000,0.52691,-72.381,33.741,140.469,174.210,239.382,772.618,84.773,-75.790,0.07743,1,1
3086.00,506.000,0.53470,-72.403,34.336,140.375,174.711,235.441,776.559,84.811,-75.289,0.07643,1,1
3087.00,506.000,0.54267,-72.427,34.931,140.282,175.213,231.409,780.591,84.850,-74.787,0.07540,1,1
3088.00,506.000,0.55081,-72.451,35.524,140.189,175.713,227.289,784.711,84.889,-74.287,0.07435,1,1
3089.00,506.000,0.55913,-72.476,36.116,140.096,176.211,223.080,788.920,84.930,-73.789,0.07327,1,1
3090.00,506.000,0.56762,-72.502,36.705,140.003,176.707,218.782,793.218,84.971,-73.293,0.07217,1,1
3091.00,506.000,0.57629,-72.528,37.290,139.910,177.201,214.397,797.603,85.013,-72.799,0.07104,1,1
3092.00,506.000,0.58513,-72.556,37.872,139.818,177.690,209.926,802.074,85.056,-72.310,0.06989,1,1
3093.00,506.000,0.59413,-72.585,38.448,139.726,178.174,205.369,806.631,85.100,-71.826,0.06871,1,1
3094.00,506.000,0.60330,-72.615,39.018,139.634,178.652,200.728,811.272,85.145,-71.348,0.06750,1,1
3095.00,506.000,0.61264,-72.646,39.581,139.543,179.124,196.006,815.994,85.190,-70.876,0.06627,1,1
3096.00,506.000,0.62213,-72.678,40.136,139.451,179.588,191.204,820.796,85.237,-70.412,0.06501,1,1
3097.00,506.000,0.63177,-72.711,40.682,139.360,180.042,186.324,825.676,85.285,-69.958,0.06372,1,1
3098.00,506.000,0.64156,-72.745,41.216,139.270,180.486,181.370,830.630,85.334,-69.514,0.06240,1,1
3099.00,506.000,0.65149,-72.780,41.738,139.179,180.917,176.344,835.656,85.384,-69.083,0.06106,1,1
3100.00,506.000,0.66156,-72.816,42.246,139.089,181.335,171.251,840.749,85.435,-68.665,0.05969,1,1
3101.00,506.000,0.67175,-72.854,42.739,138.999,181.738,166.093,845.907,85.487,-68.262,0.05829,1,1
3102.00,506.000,0.68206,-72.893,43.214,138.909,182.123,160.876,851.124,85.540,-67.877,0.05687,1,1
3103.00,506.000,0.69248,-72.933,43.669,138.820,182.489,155.603,856.397,85.595,-67.511,0.05542,1,1
3104.00,506.000,0.70300,-72.975,44.103,138.730,182.833,150.280,861.720,85.650,-67.167,0.05394,1,1
3105.00,506.000,0.71361,-73.018,44.512,138.641,183.153,144.912,867.088,85.707,-66.847,0.05244,1,1
3106.00,506.000,0.72430,-73.062,44.894,138.552,183.447,139.506,872.494,85.766,-66.553,0.05091,1,1
3107.00,506.000,0.73504,-73.108,45.247,138.464,183.711,134.068,877.932,85.825,-66.289,0.04936,1,1
3108.00,506.000,0.74584,-73.156,45.567,138.375,183.942,128.604,883.396,85.887,-66.058,0.04778,1,1
3109.00,506.000,0.75667,-73.204,45.850,138.286,184.136,123.123,888.877,85.949,-65.864,0.04618,1,1
3110.00,506.000,0.76753,-73.255,46.093,138.197,184.290,117.631,894.369,86.014,-65.710,0.04456,1,1
3111.00,506.000,0.77838,-73.307,46.291,138.109,184.400,112.138,899.862,86.079,-65.600,0.04292,1,1
3112.00,506.000,0.78923,-73.361,46.441,138.019,184.460,106.652,905.348,86.147,-65.540,0.04127,1,1
3113.00,506.000,0.80003,-73.416,46.536,137.930,184.466,101.183,910.817,86.216,-65.534,0.03959,1,1
3114.00,506.000,0.81079,-73.474,46.570,137.840,184.410,95.742,916.258,86.288,-65.590,0.03790,1,1
3115.00,506.000,0.82146,-73.533,46.538,137.749,184.287,90.339,921.661,86.361,-65.713,0.03620,1,1
3116.00,506.000,0.83204,-73.594,46.431,137.657,184.089,84.985,927.015,86.436,-65.911,0.03448,1,1
3117.00,506.000,0.84250,-73.658,46.242,137.564,183.806,79.694,932.306,86.513,-66.194,0.03276,1,1
3118.00,506.000,0.85281,-73.723,45.959,137.470,183.429,74.477,937.523,86.593,-66.571,0.03103,1,1
3119.00,506.000,0.86294,-73.791,45.572,137.374,182.946,69.350,942.650,86.675,-67.054,0.02931,1,1
3120.00,506.000,0.87287,-73.860,45.067,137.276,182.343,64.327,947.673,86.760,-67.657,0.02758,1,1
3121.00,506.000,0.88256,-73.932,44.430,137.175,181.605,59.423,952.577,86.847,-68.395,0.02586,1,1
3122.00,506.000,0.89198,-74.007,43.641,137.072,180.713,54.656,957.344,86.937,-69.287,0.02416,1,1
3123.00,506.000,0.90110,-74.083,42.679,136.964,179.644,50.045,961.955,87.030,-70.356,0.02247,1,1
3124.00,506.000,0.90986,-74.162,41.519,136.852,178.371,45.608,966.392,87.125,-71.629,0.02081,1,1
3125.00,506.000,0.91824,-74.243,40.130,136.735,176.865,41.369,970.631,87.224,-73.135,0.01918,1,1
3126.00,506.000,0.92619,-74.326,38.475,136.612,175.086,37.349,974.651,87.324,-74.914,0.01760,0,1
3127.00,506.000,0.93365,-74.409,36.511,136.481,172.992,33.574,978.426,87.428,-77.008,0.01608,0,1
3128.00,506.000,0.94057,-74.493,34.188,136.342,170.530,30.072,981.928,87.533,-79.470,0.01462,0,1
3129.00,506.000,0.94689,-74.576,31.450,136.193,167.644,26.874,985.126,87.638,-82.356,0.01325,0,1
3130.00,506.000,0.95254,-74.657,28.237,136.034,164.271,24.013,987.987,87.743,-85.729,0.01199,0,1
3131.00,506.000,0.95746,-74.733,24.492,135.863,160.355,21.524,990.476,87.844,-89.645,0.01085,0,1
3132.00,506.000,0.96157,-74.801,20.174,135.680,155.854,19.445,992.555,87.940,-94.146,0.00987,0,1
3133.00,506.000,0.96479,-74.858,15.279,135.486,150.765,17.816,994.184,88.026,-99.235,0.00906,0,1
3134.00,506.000,0.96705,-74.900,9.863,135.283,145.146,16.672,995.328,88.098,-104.854,0.00845,0,1
3135.00,506.000,0.96830,-74.923,4.065,135.074,139.139,16.042,995.958,88.154,-110.861,0.00805,0,1
3136.00,506.000,0.96849,-74.927,358.096,134.866,132.962,15.944,996.056,88.189,-117.038,0.00787,0,1
3137.00,506.000,0.96762,-74.911,352.209,134.662,126.870,16.382,995.618,88.204,-123.130,0.00791,0,1
3138.00,506.000,0.96573,-74.878,346.635,134.468,121.103,17.342,994.658,88.201,-128.897,0.00815,0,1
3139.00,506.000,0.96285,-74.831,341.541,134.287,115.828,18.799,993.201,88.182,-134.172,0.00857,0,1
3140.00,506.000,0.95906,-74.774,337.013,134.120,111.133,20.718,991.282,88.150,-138.867,0.00914,0,1
3141.00,506.000,0.95442,-74.710,333.064,133.968,107.032,23.061,988.939,88.110,-142.968,0.00984,0,1
3142.00,506.000,0.94903,-74.644,329.665,133.828,103.493,25.791,986.209,88.065,-146.507,0.01064,0,1
3143.00,506.000,0.94295,-74.576,326.763,133.701,100.464,28.869,983.131,88.017,-149.536,0.01152,0,1
3144.00,506.000,0.93624,-74.508,324.298,133.583,97.881,32.262,979.738,87.967,-152.119,0.01246,0,1
3145.00,506.000,0.92898,-74.441,322.211,133.475,95.686,35.938,976.062,87.917,-154.314,0.01345,0,1
3146.00,506.000,0.92121,-74.376,320.450,133.374,93.824,39.869,972.131,87.867,-156.176,0.01448,0,1
3147.00,506.000,0.91299,-74.313,318.970,133.279,92.249,44.029,967.971,87.819,-157.751,0.01553,1,1
3148.00,506.000,0.90436,-74.252,317.731,133.190,90.921,48.392,963.608,87.772,-159.079,0.01659,1,1
3149.00,506.000,0.89538,-74.194,316.702,133.105,89.806,52.939,959.061,87.726,-160.194,0.01767,1,1
3150.00,506.000,0.88607,-74.137,315.854,133.024,88.877,57.646,954.354,87.682,-161.123,0.01874,1,1
3151.00,506.000,0.87649,-74.083,315.165,132.945,88.110,62.497,949.503,87.640,-161.890,0.01982,1,1
3152.00,506.000,0.86665,-74.032,314.615,132.870,87.485,67.474,944.526,87.600,-162.515,0.02089,1,1
3153.00,506.000,0.85660,-73.982,314.188,132.797,86.985,72.560,939.440,87.561,-163.015,0.02195,1,1
3154.00,506.000,0.84637,-73.934,313.870,132.726,86.595,77.739,934.261,87.525,-163.405,0.02300,1,1
3155.00,506.000,0.83597,-73.889,313.648,132.656,86.304,82.998,929.002,87.489,-163.696,0.02404,1,1
3156.00,506.000,0.82545,-73.845,313.513,132.588,86.101,88.324,923.676,87.456,-163.899,0.02506,1,1
3157.00,506.000,0.81482,-73.802,313.456,132.521,85.977,93.703,918.297,87.424,-164.023,0.02606,1,1
3158.00,506.000,0.80410,-73.762,313.468,132.454,85.922,99.124,912.876,87.393,-164.078,0.02704,1,1
3159.00,506.000,0.79333,-73.723,313.543,132.389,85.932,104.575,907.425,87.364,-164.068,0.02800,1,1
3160.00,506.000,0.78252,-73.686,313.674,132.324,85.998,110.047,901.953,87.336,-164.002,0.02894,1,1
3161.00,506.000,0.77168,-73.650,313.856,132.260,86.117,115.530,896.470,87.309,-163.883,0.02986,1,1
3162.00,506.000,0.76084,-73.615,314.085,132.197,86.281,121.013,890.987,87.284,-163.719,0.03075,1,1
3163.00,506.000,0.75002,-73.582,314.355,132.133,86.488,126.489,885.511,87.260,-163.512,0.03162,1,1
3164.00,506.000,0.73923,-73.549,314.663,132.070,86.733,131.950,880.050,87.237,-163.267,0.03246,1,1
3165.00,506.000,0.72848,-73.519,315.005,132.008,87.013,137.388,874.612,87.215,-162.987,0.03328,1,1
3166.00,506.000,0.71780,-73.489,315.378,131.946,87.323,142.795,869.205,87.195,-162.677,0.03408,1,1
3167.00,506.000,0.70718,-73.460,315.779,131.884,87.662,148.165,863.835,87.175,-162.338,0.03485,1,1
3168.00,506.000,0.69665,-73.433,316.205,131.822,88.026,153.493,858.507,87.156,-161.974,0.03559,1,1
3169.00,506.000,0.68622,-73.406,316.653,131.760,88.413,158.772,853.228,87.139,-161.587,0.03631,1,1
3170.00,506.000,0.67589,-73.381,317.122,131.699,88.821,163.997,848.003,87.122,-161.179,0.03700,1,1
3171.00,506.000,0.66568,-73.357,317.610,131.637,89.247,169.164,842.836,87.107,-160.753,0.03767,1,1
3172.00,506.000,0.65560,-73.333,318.113,131.576,89.689,174.267,837.733,87.092,-160.311,0.03831,1,1
3173.00,506.000,0.64564,-73.310,318.631,131.515,90.147,179.304,832.696,87.078,-159.853,0.03893,1,1
3174.00,506.000,0.63583,-73.289,319.163,131.454,90.617,184.270,827.730,87.065,-159.383,0.03952,1,1
3175.00,506.000,0.62616,-73.268,319.705,131.393,91.098,189.162,822.838,87.052,-158.902,0.04009,1,1
3176.00,506.000,0.61665,-73.248,320.257,131.333,91.590,193.977,818.023,87.041,-158.410,0.04064,1,1
3177.00,506.000,0.60729,-73.228,320.819,131.272,92.091,198.713,813.287,87.030,-157.909,0.04116,1,1
3178.00,506.000,0.59809,-73.210,321.387,131.212,92.599,203.368,808.632,87.020,-157.401,0.04167,1,1
3179.00,506.000,0.58905,-73.192,321.962,131.152,93.114,207.939,804.061,87.011,-156.886,0.04214,1,1
3180.00,506.000,0.58019,-73.175,322.542,131.092,93.634,212.425,799.575,87.002,-156.366,0.04260,1,1
3181.00,506.000,0.57149,-73.158,323.127,131.032,94.159,216.825,795.175,86.994,-155.841,0.04304,1,1
3182.00,506.000,0.56297,-73.143,323.716,130.972,94.687,221.137,790.863,86.986,-155.313,0.04345,1,1
3183.00,506.000,0.55462,-73.127,324.307,130.912,95.219,225.361,786.639,86.979,-154.781,0.04385,1,1
3184.00,506.000,0.54645,-73.113,324.900,130.853,95.753,229.496,782.504,86.973,-154.247,0.04423,1,1
3185.00,506.000,0.53845,-73.099,325.495,130.793,96.288,233.542,778.458,86.967,-153.712,0.04458,1,1
3186.00,506.000,0.53064,-73.085,326.090,130.734,96.824,237.498,774.502,86.962,-153.176,0.04492,1,1
3187.00,506.000,0.52300,-73.073,326.686,130.675,97.361,241.364,770.636,86.957,-152.639,0.04524,1,1
3188.00,506.000,0.51553,-73.060,327.282,130.616,97.898,245.141,766.859,86.953,-152.102,0.04555,1,1
3189.00,506.000,0.50824,-73.049,327.877,130.557,98.434,248.829,763.171,86.949,-151.566,0.04584,1,1
3190.00,506.000,0.50113,-73.037,328.471,130.499,98.969,252.428,759.572,86.946,-151.031,0.04611,1,1
3191.00,506.000,0.49419,-73.026,329.063,130.441,99.503,255.939,756.061,86.943,-150.497,0.04636,1,1
3192.00,506.000,0.48743,-73.016,329.653,130.382,100.036,259.363,752.637,86.940,-149.964,0.04661,1,1
3193.00,506.000,0.48083,-73.006,330.242,130.324,100.566,262.700,749.300,86.938,-149.434,0.04683,1,1
3194.00,506.000,0.47441,-72.996,330.828,130.267,101.094,265.951,746.049,86.936,-148.906,0.04705,1,1
3195.00,506.000,0.46815,-72.987,331.411,130.209,101.620,269.117,742.883,86.935,-148.380,0.04725,1,1
3196.00,506.000,0.46206,-72.979,331.992,130.151,102.143,272.199,739.801,86.934,-147.857,0.04743,1,1
3197.00,506.000,0.45613,-72.970,332.569,130.094,102.664,275.198,736.802,86.933,-147.336,0.04761,1,1
3198.00,506.000,0.45036,-72.962,333.144,130.037,103.181,278.116,733.884,86.933,-146.819,0.04777,1,1
3199.00,506.000,0.44476,-72.954,333.715,129.980,103.695,280.953,731.047,86.933,-146.305,0.04793,1,1
3200.00,506.000,0.43931,-72.947,334.283,129.923,104.206,283.712,728.288,86.933,-145.794,0.04807,1,1
3201.00,506.000,0.43401,-72.940,334.847,129.867,104.714,286.392,725.608,86.933,-145.286,0.04820,1,1
3202.00,506.000,0.42886,-72.933,335.408,129.810,105.218,288.995,723.005,86.934,-144.782,0.04832,1,1
3203.00,506.000,0.42387,-72.927,335.964,129.754,105.719,291.523,720.477,86.935,-144.281,0.04843,1,1
3204.00,506.000,0.41902,-72.920,336.518,129.698,106.216,293.977,718.023,86.936,-143.784,0.04853,1,1
3205.00,506.000,0.41431,-72.915,337.067,129.642,106.710,296.358,715.642,86.938,-143.290,0.04862,1,1
3206.00,506.000,0.40975,-72.909,337.613,129.587,107.200,298.668,713.332,86.939,-142.800,0.04871,1,1
3207.00,506.000,0.40532,-72.903,338.155,129.531,107.686,300.907,711.093,86.941,-142.314,0.04878,1,1
3208.00,506.000,0.40103,-72.898,338.693,129.476,108.169,303.078,708.922,86.943,-141.831,0.04885,1,1
3209.00,506.000,0.39688,-72.893,339.228,129.421,108.648,305.181,706.819,86.945,-141.352,0.04891,1,1
3210.00,506.000,0.39285,-72.888,339.758,129.366,109.124,307.218,704.782,86.948,-140.876,0.04897,1,1
3211.00,506.000,0.38895,-72.884,340.285,129.311,109.596,309.189,702.811,86.950,-140.404,0.04902,1,1
3212.00,506.000,0.38518,-72.880,340.808,129.256,110.065,311.097,700.903,86.953,-139.935,0.04906,1,1
3213.00,506.000,0.38154,-72.875,341.328,129.202,110.530,312.943,699.057,86.956,-139.470,0.04909,1,1
3214.00,506.000,0.37801,-72.871,341.844,129.148,110.992,314.727,697.273,86.959,-139.008,0.04912,1,1
3215.00,506.000,0.37460,-72.868,342.357,129.094,111.450,316.450,695.550,86.962,-138.550,0.04914,1,1
3216.00,506.000,0.37131,-72.864,342.865,129.040,111.905,318.115,693.885,86.965,-138.095,0.04916,1,1
3217.00,506.000,0.36814,-72.860,343.371,128.986,112.357,319.722,692.278,86.969,-137.643,0.04917,1,1
3218.00,506.000,0.36507,-72.857,343.873,128.932,112.805,321.272,690.728,86.972,-137.195,0.04917,1,1
3219.00,506.000,0.36212,-72.854,344.372,128.879,113.251,322.767,689.233,86.976,-136.749,0.04917,1,1
3220.00,506.000,0.35928,-72.851,344.868,128.825,113.693,324.207,687.793,86.980,-136.307,0.04917,1,1
3221.00,506.000,0.35654,-72.848,345.360,128.772,114.133,325.593,686.407,86.984,-135.867,0.04916,1,1
3222.00,506.000,0.35390,-72.845,345.850,128.719,114.569,326.926,685.074,86.988,-135.431,0.04915,1,1
3223.00,506.000,0.35137,-72.843,346.337,128.666,115.003,328.208,683.792,86.992,-134.997,0.04913,1,1
3224.00,506.000,0.34893,-72.840,346.820,128.613,115.434,329.439,682.561,86.996,-134.566,0.04911,1,1
3225.00,506.000,0.34660,-72.838,347.301,128.561,115.862,330.620,681.380,87.000,-134.138,0.04909,1,1
3226.00,506.000,0.34436,-72.836,347.779,128.508,116.288,331.752,680.248,87.005,-133.712,0.04906,1,1
3227.00,506.000,0.34222,-72.833,348.255,128.456,116.711,332.836,679.164,87.009,-133.289,0.04903,1,1
3228.00,506.000,0.34017,-72.831,348.728,128.404,117.132,333.872,678.128,87.014,-132.868,0.04899,1,1
3229.00,506.000,0.33822,-72.829,349.198,128.352,117.550,334.862,677.138,87.018,-132.450,0.04895,1,1
3230.00,506.000,0.33635,-72.828,349.667,128.300,117.966,335.806,676.194,87.023,-132.034,0.04891,1,1
3231.00,506.000,0.33458,-72.826,350.133,128.248,118.381,336.704,675.296,87.028,-131.619,0.04886,1,1
3232.00,506.000,0.33289,-72.824,350.596,128.196,118.793,337.558,674.442,87.033,-131.207,0.04882,1,1
3233.00,506.000,0.33129,-72.823,351.058,128.145,119.203,338.368,673.632,87.037,-130.797,0.04876,1,1
3234.00,506.000,0.32977,-72.821,351.518,128.093,119.611,339.135,672.865,87.042,-130.389,0.04871,1,1
3235.00,506.000,0.32834,-72.820,351.976,128.042,120.018,339.859,672.141,87.047,-129.982,0.04865,1,1
3236.00,506.000,0.32699,-72.819,352.432,127.991,120.423,340.541,671.459,87.053,-129.577,0.04859,1,1
3237.00,506.000,0.32573,-72.818,352.887,127.940,120.826,341.181,670.819,87.058,-129.174,0.04853,1,1
3238.00,506.000,0.32455,-72.816,353.340,127.889,121.228,341.779,670.221,87.063,-128.772,0.04847,1,1
3239.00,506.000,0.32344,-72.815,353.791,127.838,121.629,342.337,669.663,87.068,-128.371,0.04840,1,1
3240.00,506.000,0.32242,-72.814,354.241,127.787,122.028,342.855,669.145,87.073,-127.972,0.04833,1,1
3241.00,506.000,0.32148,-72.814,354.690,127.736,122.426,343.333,668.667,87.079,-127.574,0.04826,1,1
3242.00,506.000,0.32061,-72.813,355.138,127.686,122.823,343.771,668.229,87.084,-127.177,0.04818,1,1
3243.00,506.000,0.31982,-72.812,355.584,127.635,123.219,344.169,667.831,87.090,-126.781,0.04811,1,1
3244.00,506.000,0.31911,-72.811,356.030,127.585,123.615,344.529,667.471,87.095,-126.385,0.04803,1,1
3245.00,506.000,0.31848,-72.811,356.475,127.535,124.009,344.850,667.150,87.101,-125.991,0.04795,1,1
3246.00,506.000,0.31792,-72.810,356.918,127.484,124.403,345.133,666.867,87.106,-125.597,0.04786,1,1
3247.00,506.000,0.31744,-72.810,357.362,127.434,124.796,345.377,666.623,87.112,-125.204,0.04778,1,1
3248.00,506.000,0.31703,-72.810,357.804,127.384,125.189,345.583,666.417,87.118,-124.811,0.04769,1,1
3249.00,506.000,0.31670,-72.809,358.246,127.334,125.581,345.752,666.248,87.124,-124.419,0.04760,1,1
3250.00,506.000,0.31644,-72.809,358.688,127.285,125.973,345.882,666.118,87.129,-124.027,0.04751,1,1
3251.00,506.000,0.31625,-72.809,359.130,127.235,126.365,345.975,666.025,87.135,-123.635,0.04741,1,1
3252.00,506.000,0.31615,-72.809,359.571,127.185,126.756,346.031,665.969,87.141,-123.244,0.04732,1,1
3253.00,506.000,0.31611,-72.809,0.012,127.136,127.148,346.048,665.952,87.147,-122.852,0.04722,1,1
3254.00,506.000,0.31615,-72.809,0.453,127.086,127.540,346.028,665.972,87.153,-122.460,0.04712,1,1
3255.00,506.000,0.31626,-72.809,0.895,127.037,127.932,345.971,666.029,87.159,-122.068,0.04702,1,1
3256.00,506.000,0.31645,-72.809,1.336,126.987,128.324,345.876,666.124,87.165,-121.676,0.04692,1,1
3257.00,506.000,0.31671,-72.809,1.778,126.938,128.716,345.743,666.257,87.171,-121.284,0.04681,1,1
3258.00,506.000,0.31705,-72.810,2.220,126.889,129.109,345.573,666.427,87.177,-120.891,0.04670,1,1
3259.00,506.000,0.31746,-72.810,2.663,126.840,129.503,345.365,666.635,87.184,-120.497,0.04659,1,1
3260.00,506.000,0.31795,-72.810,3.106,126.791,129.897,345.118,666.882,87.190,-120.103,0.04648,1,1
3261.00,506.000,0.31851,-72.811,3.551,126.742,130.292,344.834,667.166,87.196,-119.708,0.04637,1,1
3262.00,506.000,0.31915,-72.811,3.995,126.693,130.688,344.511,667.489,87.202,-119.312,0.04625,1,1
3263.00,506.000,0.31986,-72.812,4.441,126.644,131.085,344.149,667.851,87.209,-118.915,0.04614,1,1
3264.00,506.000,0.32066,-72.813,4.888,126.595,131.483,343.748,668.252,87.215,-118.517,0.04602,1,1
3265.00,506.000,0.32152,-72.813,5.336,126.547,131.882,343.308,668.692,87.222,-118.118,0.04590,1,1
3266.00,506.000,0.32247,-72.814,5.785,126.498,132.283,342.829,669.171,87.228,-117.717,0.04577,1,1
3267.00,506.000,0.32350,-72.815,6.235,126.450,132.685,342.310,669.690,87.235,-117.315,0.04565,1,1
3268.00,506.000,0.32460,-72.816,6.687,126.401,133.088,341.750,670.250,87.242,-116.912,0.04552,1,1
3269.00,506.000,0.32579,-72.817,7.140,126.353,133.493,341.149,670.851,87.248,-116.507,0.04539,1,1
3270.00,506.000,0.32706,-72.818,7.595,126.304,133.899,340.508,671.492,87.255,-116.101,0.04526,1,1
3271.00,506.000,0.32841,-72.819,8.051,126.256,134.307,339.825,672.175,87.262,-115.693,0.04512,1,1
3272.00,506.000,0.32984,-72.821,8.510,126.207,134.717,339.099,672.901,87.269,-115.283,0.04498,1,1
3273.00,506.000,0.33136,-72.822,8.970,126.159,135.129,338.331,673.669,87.276,-114.871,0.04485,1,1
3274.00,506.000,0.33297,-72.823,9.432,126.111,135.543,337.519,674.481,87.283,-114.457,0.04470,1,1
3275.00,506.000,0.33466,-72.825,9.896,126.063,135.959,336.664,675.336,87.290,-114.041,0.04456,1,1
3276.00,506.000,0.33643,-72.827,10.363,126.015,136.377,335.764,676.236,87.297,-113.623,0.04441,1,1
3277.00,506.000,0.33830,-72.828,10.831,125.967,136.798,334.819,677.181,87.304,-113.202,0.04426,1,1
3278.00,506.000,0.34026,-72.830,11.303,125.919,137.221,333.829,678.171,87.311,-112.779,0.04411,1,1
3279.00,506.000,0.34231,-72.832,11.776,125.871,137.647,332.791,679.209,87.319,-112.353,0.04396,1,1
3280.00,506.000,0.34445,-72.834,12.252,125.823,138.075,331.706,680.294,87.326,-111.925,0.04380,1,1
3281.00,506.000,0.34669,-72.836,12.731,125.775,138.506,330.574,681.426,87.334,-111.494,0.04364,1,1
3282.00,506.000,0.34903,-72.838,13.213,125.727,138.939,329.392,682.608,87.341,-111.061,0.04347,1,1
3283.00,506.000,0.35146,-72.840,13.697,125.679,139.376,328.160,683.840,87.349,-110.624,0.04330,1,1
3284.00,506.000,0.35400,-72.842,14.184,125.631,139.815,326.878,685.122,87.357,-110.185,0.04313,1,1
3285.00,506.000,0.35663,-72.845,14.675,125.583,140.258,325.544,686.456,87.364,-109.742,0.04296,1,1
3286.00,506.000,0.35937,-72.847,15.168,125.536,140.704,324.157,687.843,87.372,-109.296,0.04278,1,1
3287.00,506.000,0.36222,-72.850,15.665,125.488,141.153,322.717,689.283,87.380,-108.847,0.04260,1,1
3288.00,506.000,0.36517,-72.853,16.164,125.440,141.605,321.222,690.778,87.389,-108.395,0.04242,1,1
3289.00,506.000,0.36824,-72.856,16.668,125.393,142.060,319.672,692.328,87.397,-107.940,0.04223,1,1
3290.00,506.000,0.37141,-72.858,17.174,125.345,142.519,318.065,693.935,87.405,-107.481,0.04204,1,1
3291.00,506.000,0.37470,-72.862,17.684,125.297,142.982,316.400,695.600,87.414,-107.018,0.04184,1,1
3292.00,506.000,0.37811,-72.865,18.198,125.250,143.448,314.677,697.323,87.422,-106.552,0.04164,1,1
3293.00,506.000,0.38163,-72.868,18.715,125.202,143.917,312.893,699.107,87.431,-106.083,0.04143,1,1
3294.00,506.000,0.38528,-72.872,19.236,125.155,144.391,311.048,700.952,87.440,-105.609,0.04122,1,1
3295.00,506.000,0.38905,-72.875,19.761,125.107,144.868,309.140,702.860,87.449,-105.132,0.04101,1,1
3296.00,506.000,0.39295,-72.879,20.289,125.060,145.349,307.169,704.831,87.458,-104.651,0.04079,1,1
3297.00,506.000,0.39697,-72.883,20.821,125.012,145.833,305.133,706.867,87.467,-104.167,0.04056,1,1
3298.00,506.000,0.40112,-72.887,21.357,124.965,146.322,303.031,708.969,87.476,-103.678,0.04033,1,1
3299.00,506.000,0.40541,-72.892,21.897,124.917,146.814,300.861,711.139,87.486,-103.186,0.04010,1,1
3300.00,506.000,0.40984,-72.896,22.441,124.870,147.311,298.623,713.377,87.496,-102.689,0.03986,1,1
3301.00,506.000,0.41440,-72.901,22.988,124.822,147.811,296.314,715.686,87.506,-102.189,0.03961,1,1
3302.00,506.000,0.41910,-72.906,23.540,124.775,148.315,293.934,718.066,87.516,-101.685,0.03936,1,1
3303.00,506.000,0.42395,-72.911,24.095,124.728,148.823,291.482,720.518,87.526,-101.177,0.03910,1,1
3304.00,506.000,0.42894,-72.916,24.654,124.680,149.335,288.955,723.045,87.536,-100.665,0.03883,1,1
3305.00,506.000,0.43409,-72.921,25.217,124.633,149.850,286.353,725.647,87.547,-100.150,0.03856,1,1
3306.00,506.000,0.43938,-72.927,25.784,124.586,150.370,283.674,728.326,87.558,-99.630,0.03828,1,1
3307.00,506.000,0.44483,-72.933,26.354,124.539,150.893,280.918,731.082,87.569,-99.107,0.03799,1,1
3308.00,506.000,0.45043,-72.939,26.928,124.491,151.419,278.082,733.918,87.580,-98.581,0.03770,1,1
3309.00,506.000,0.45619,-72.945,27.505,124.444,151.949,275.166,736.834,87.591,-98.051,0.03740,1,1
3310.00,506.000,0.46212,-72.952,28.086,124.397,152.483,272.168,739.832,87.603,-97.517,0.03709,1,1
3311.00,506.000,0.46821,-72.959,28.670,124.350,153.019,269.088,742.912,87.615,-96.981,0.03677,1,1
3312.00,506.000,0.47446,-72.966,29.256,124.303,153.559,265.924,746.076,87.627,-96.441,0.03644,1,1
3313.00,506.000,0.48088,-72.973,29.846,124.256,154.101,262.675,749.325,87.640,-95.899,0.03611,1,1
3314.00,506.000,0.48747,-72.981,30.438,124.208,154.646,259.340,752.660,87.652,-95.354,0.03576,1,1
3315.00,506.000,0.49423,-72.989,31.032,124.161,155.194,255.919,756.081,87.665,-94.806,0.03541,1,1
3316.00,506.000,0.50117,-72.997,31.629,124.114,155.743,252.410,759.590,87.679,-94.257,0.03505,1,1
3317.00,506.000,0.50827,-73.006,32.227,124.068,156.294,248.813,763.187,87.692,-93.706,0.03468,1,1
3318.00,506.000,0.51556,-73.015,32.826,124.021,156.847,245.127,766.873,87.706,-93.153,0.03429,1,1
3319.00,506.000,0.52302,-73.024,33.427,123.974,157.400,241.353,770.647,87.721,-92.600,0.03390,1,1
3320.00,506.000,0.53066,-73.034,34.027,123.927,157.954,237.488,774.512,87.735,-92.046,0.03350,1,1
3321.00,506.000,0.53847,-73.044,34.628,123.880,158.508,233.535,778.465,87.750,-91.492,0.03308,1,1
3322.00,506.000,0.54646,-73.054,35.228,123.834,159.062,229.491,782.509,87.765,-90.938,0.03266,1,1
3323.00,506.000,0.55463,-73.065,35.828,123.787,159.615,225.358,786.642,87.781,-90.385,0.03222,1,1
3324.00,506.000,0.56297,-73.076,36.425,123.740,160.165,221.137,790.863,87.797,-89.835,0.03177,1,1
3325.00,506.000,0.57149,-73.087,37.020,123.694,160.714,216.827,795.173,87.813,-89.286,0.03131,1,1
3326.00,506.000,0.58018,-73.099,37.611,123.648,161.259,212.429,799.571,87.830,-88.741,0.03084,1,1
3327.00,506.000,0.58904,-73.112,38.199,123.601,161.800,207.945,804.055,87.847,-88.200,0.03035,1,1
3328.00,506.000,0.59807,-73.125,38.782,123.555,162.337,203.376,808.624,87.865,-87.663,0.02986,1,1
3329.00,506.000,0.60727,-73.138,39.358,123.509,162.867,198.724,813.276,87.883,-87.133,0.02935,1,1
3330.00,506.000,0.61662,-73.152,39.928,123.463,163.391,193.990,818.010,87.902,-86.609,0.02883,1,1
3331.00,506.000,0.62613,-73.166,40.489,123.417,163.906,189.176,822.824,87.921,-86.094,0.02829,1,1
3332.00,506.000,0.63580,-73.181,41.041,123.371,164.412,184.286,827.714,87.940,-85.588,0.02775,1,1
3333.00,506.000,0.64561,-73.196,41.582,123.326,164.907,179.322,832.678,87.960,-85.093,0.02719,1,1
3334.00,506.000,0.65556,-73.212,42.110,123.280,165.390,174.288,837.712,87.980,-84.610,0.02661,1,1
3335.00,506.000,0.66564,-73.228,42.625,123.234,165.859,169.186,842.814,88.001,-84.141,0.02603,1,1
3336.00,506.000,0.67585,-73.245,43.123,123.189,166.312,164.021,847.979,88.023,-83.688,0.02543,1,1
3337.00,506.000,0.68617,-73.262,43.605,123.144,166.748,158.798,853.202,88.045,-83.252,0.02482,1,1
3338.00,506.000,0.69660,-73.280,44.066,123.098,167.165,153.520,858.480,88.068,-82.835,0.02419,1,1
3339.00,506.000,0.70713,-73.299,44.506,123.053,167.559,148.194,863.806,88.091,-82.441,0.02356,1,1
3340.00,506.000,0.71774,-73.318,44.921,123.008,167.929,142.825,869.175,88.115,-82.071,0.02291,1,1
3341.00,506.000,0.72842,-73.338,45.309,122.963,168.272,137.418,874.582,88.139,-81.728,0.02225,1,1
3342.00,506.000,0.73917,-73.359,45.668,122.918,168.586,131.982,880.018,88.164,-81.414,0.02158,1,1
3343.00,506.000,0.74996,-73.380,45.993,122.873,168.866,126.521,885.479,88.190,-81.134,0.02089,1,1
3344.00,506.000,0.76078,-73.402,46.281,122.828,169.109,121.045,890.955,88.216,-80.891,0.02020,1,1
3345.00,506.000,0.77162,-73.425,46.529,122.783,169.312,115.561,896.439,88.243,-80.688,0.01950,1,1
3346.00,506.000,0.78245,-73.448,46.733,122.738,169.470,110.078,901.922,88.271,-80.530,0.01878,1,1
3347.00,506.000,0.79327,-73.472,46.886,122.693,169.579,104.604,907.396,88.300,-80.421,0.01806,1,1
3348.00,506.000,0.80405,-73.497,46.985,122.647,169.632,99.150,912.850,88.330,-80.368,0.01733,1,1
3349.00,506.000,0.81477,-73.523,47.023,122.601,169.624,93.726,918.274,88.360,-80.376,0.01659,1,1
3350.00,506.000,0.82541,-73.550,46.993,122.555,169.548,88.343,923.657,88.391,-80.452,0.01585,1,1
3351.00,506.000,0.83594,-73.578,46.888,122.509,169.397,83.012,928.988,88.423,-80.603,0.01510,1,1
3352.00,506.000,0.84635,-73.606,46.699,122.462,169.161,77.746,934.254,88.457,-80.839,0.01435,1,1
3353.00,506.000,0.85661,-73.636,46.416,122.414,168.830,72.557,939.443,88.491,-81.170,0.01359,1,1
3354.00,506.000,0.86668,-73.666,46.027,122.366,168.393,67.460,944.540,88.526,-81.607,0.01283,1,1
3355.00,506.000,0.87654,-73.698,45.519,122.316,167.835,62.471,949.529,88.563,-82.165,0.01207,1,1
3356.00,506.000,0.88616,-73.731,44.875,122.265,167.140,57.603,954.397,88.600,-82.860,0.01132,1,1
3357.00,506.000,0.89550,-73.765,44.076,122.213,166.290,52.876,959.124,88.639,-83.710,0.01057,1,1
3358.00,506.000,0.90453,-73.800,43.101,122.159,165.260,48.306,963.694,88.679,-84.740,0.00983,1,1
3359.00,506.000,0.91321,-73.836,41.922,122.103,164.025,43.915,968.085,88.721,-85.975,0.00910,1,1
3360.00,506.000,0.92150,-73.873,40.507,122.045,162.551,39.723,972.277,88.764,-87.449,0.00838,0,1
3361.00,506.000,0.92934,-73.911,38.816,121.983,160.799,35.754,976.246,88.807,-89.201,0.00768,0,1
3362.00,506.000,0.93669,-73.949,36.805,121.918,158.723,32.033,979.967,88.852,-91.277,0.00701,0,1
3363.00,506.000,0.94350,-73.988,34.418,121.849,156.267,28.588,983.412,88.898,-93.733,0.00638,0,1
3364.00,506.000,0.94970,-74.027,31.595,121.775,153.370,25.450,986.550,88.943,-96.630,0.00578,0,1
3365.00,506.000,0.95523,-74.064,28.269,121.696,149.965,22.653,989.347,88.988,-100.035,0.00522,0,1
3366.00,506.000,0.96001,-74.099,24.379,121.611,145.990,20.233,991.767,89.032,-104.010,0.00473,0,1
3367.00,506.000,0.96398,-74.131,19.880,121.520,141.400,18.228,993.772,89.072,-108.600,0.00431,0,1
3368.00,506.000,0.96704,-74.157,14.772,121.423,136.195,16.679,995.321,89.107,-113.805,0.00397,0,1
3369.00,506.000,0.96913,-74.176,9.123,121.321,130.444,15.622,996.378,89.136,-119.556,0.00372,0,1
3370.00,506.000,0.97019,-74.186,3.093,121.217,124.310,15.084,996.916,89.155,-125.690,0.00357,0,1
3371.00,506.000,0.97019,-74.186,356.925,121.113,118.038,15.083,996.917,89.166,-131.962,0.00353,0,1
3372.00,506.000,0.96913,-74.176,350.895,121.011,111.906,15.619,996.381,89.166,-138.094,0.00359,0,1
3373.00,506.000,0.96704,-74.158,345.245,120.913,106.158,16.675,995.325,89.157,-143.842,0.00374,0,1
3374.00,506.000,0.96399,-74.134,340.135,120.822,100.957,18.223,993.777,89.142,-149.043,0.00398,0,1
3375.00,506.000,0.96003,-74.105,335.636,120.738,96.373,20.225,991.775,89.121,-153.627,0.00429,0,1
3376.00,506.000,0.95525,-74.073,331.744,120.660,92.405,22.643,989.357,89.097,-157.595,0.00466,0,1
3377.00,506.000,0.94973,-74.040,328.418,120.589,89.007,25.439,986.561,89.070,-160.993,0.00508,0,1
3378.00,506.000,0.94353,-74.006,325.594,120.523,86.117,28.575,983.425,89.043,-163.883,0.00553,0,1
3379.00,506.000,0.93672,-73.973,323.206,120.462,83.668,32.017,979.983,89.015,-166.332,0.00602,0,1
3380.00,506.000,0.92938,-73.940,321.194,120.404,81.599,35.736,976.264,88.988,-168.401,0.00652,0,1
3381.00,506.000,0.92154,-73.908,319.503,120.351,79.854,39.703,972.297,88.961,-170.146,0.00704,0,1
3382.00,506.000,0.91326,-73.877,318.088,120.300,78.388,43.892,968.108,88.934,-171.612,0.00758,1,1
3383.00,506.000,0.90458,-73.847,316.908,120.252,77.160,48.281,963.719,88.909,-172.840,0.00812,1,1
3384.00,506.000,0.89556,-73.818,315.933,120.205,76.138,52.847,959.153,88.885,-173.862,0.00866,1,1
3385.00,506.000,0.88622,-73.791,315.135,120.161,75.295,57.571,954.429,88.861,-174.705,0.00921,1,1
3386.00,506.000,0.87661,-73.764,314.491,120.118,74.608,62.435,949.565,88.839,-175.392,0.00975,1,1
3387.00,506.000,0.86676,-73.738,313.982,120.076,74.058,67.421,944.579,88.817,-175.942,0.01030,1,1
3388.00,506.000,0.85669,-73.714,313.593,120.035,73.628,72.513,939.487,88.796,-176.372,0.01083,1,1
3389.00,506.000,0.84645,-73.690,313.310,119.994,73.305,77.697,934.303,88.777,-176.695,0.01137,1,1
3390.00,506.000,0.83605,-73.668,313.121,119.955,73.076,82.959,929.041,88.758,-176.924,0.01190,1,1
3391.00,506.000,0.82552,-73.646,313.016,119.916,72.932,88.285,923.715,88.740,-177.068,0.01241,1,1
3392.00,506.000,0.81489,-73.625,312.986,119.878,72.864,93.664,918.336,88.722,-177.136,0.01293,1,1
3393.00,506.000,0.80418,-73.605,313.024,119.840,72.864,99.083,912.917,88.706,-177.136,0.01343,1,1
3394.00,506.000,0.79342,-73.586,313.123,119.802,72.925,104.531,907.469,88.690,-177.075,0.01392,1,1
3395.00,506.000,0.78261,-73.567,313.277,119.765,73.042,109.999,902.001,88.674,-176.958,0.01440,1,1
3396.00,506.000,0.77179,-73.549,313.480,119.728,73.208,115.476,896.524,88.660,-176.792,0.01487,1,1
3397.00,506.000,0.76096,-73.532,313.728,119.691,73.419,120.954,891.046,88.646,-176.581,0.01533,1,1
3398.00,506.000,0.75015,-73.515,314.016,119.655,73.671,126.424,885.576,88.633,-176.329,0.01578,1,1
3399.00,506.000,0.73937,-73.499,314.342,119.618,73.960,131.878,880.122,88.620,-176.040,0.01622,1,1
3400.00,506.000,0.72864,-73.484,314.700,119.582,74.281,137.309,874.691,88.608,-175.719,0.01664,1,1
3401.00,506.000,0.71797,-73.469,315.088,119.545,74.633,142.708,869.292,88.596,-175.367,0.01705,1,1
3402.00,506.000,0.70737,-73.454,315.503,119.509,75.012,148.071,863.929,88.585,-174.988,0.01745,1,1
3403.00,506.000,0.69686,-73.441,315.943,119.473,75.416,153.390,858.610,88.575,-174.584,0.01784,1,1
3404.00,506.000,0.68644,-73.427,316.405,119.437,75.841,158.661,853.339,88.565,-174.159,0.01822,1,1
3405.00,506.000,0.67613,-73.414,316.886,119.401,76.286,163.877,848.123,88.555,-173.714,0.01858,1,1
3406.00,506.000,0.66594,-73.402,317.385,119.365,76.749,169.034,842.966,88.546,-173.251,0.01893,1,1
3407.00,506.000,0.65587,-73.390,317.899,119.329,77.228,174.129,837.871,88.537,-172.772,0.01927,1,1
3408.00,506.000,0.64594,-73.379,318.428,119.293,77.721,179.156,832.844,88.529,-172.279,0.01960,1,1
3409.00,506.000,0.63614,-73.368,318.969,119.257,78.226,184.112,827.888,88.521,-171.774,0.01991,1,1
3410.00,506.000,0.62649,-73.357,319.521,119.221,78.741,188.995,823.005,88.514,-171.259,0.02022,1,1
3411.00,506.000,0.61700,-73.347,320.082,119.185,79.267,193.800,818.200,88.507,-170.733,0.02051,1,1
3412.00,506.000,0.60766,-73.337,320.651,119.149,79.801,198.526,813.474,88.500,-170.199,0.02079,1,1
3413.00,506.000,0.59848,-73.328,321.228,119.113,80.341,203.171,808.829,88.494,-169.659,0.02106,1,1
3414.00,506.000,0.58946,-73.319,321.810,119.078,80.888,207.732,804.268,88.488,-169.112,0.02132,1,1
3415.00,506.000,0.58062,-73.310,322.398,119.042,81.440,212.208,799.792,88.482,-168.560,0.02157,1,1
3416.00,506.000,0.57194,-73.302,322.990,119.006,81.996,216.598,795.402,88.477,-168.004,0.02180,1,1
3417.00,506.000,0.56344,-73.294,323.584,118.971,82.555,220.900,791.100,88.472,-167.445,0.02203,1,1
3418.00,506.000,0.55511,-73.286,324.182,118.935,83.117,225.114,786.886,88.467,-166.883,0.02225,1,1
3419.00,506.000,0.54696,-73.279,324.781,118.900,83.681,229.238,782.762,88.463,-166.319,0.02246,1,1
3420.00,506.000,0.53898,-73.271,325.381,118.864,84.245,233.274,778.726,88.459,-165.755,0.02265,1,1
3421.00,506.000,0.53119,-73.265,325.982,118.829,84.811,237.220,774.780,88.455,-165.189,0.02284,1,1
3422.00,506.000,0.52357,-73.258,326.582,118.794,85.376,241.076,770.924,88.452,-164.624,0.02302,1,1
3423.00,506.000,0.51612,-73.252,327.183,118.759,85.941,244.843,767.157,88.448,-164.059,0.02319,1,1
3424.00,506.000,0.50885,-73.246,327.782,118.724,86.505,248.520,763.480,88.445,-163.495,0.02336,1,1
3425.00,506.000,0.50176,-73.240,328.380,118.688,87.068,252.110,759.890,88.442,-162.932,0.02351,1,1
3426.00,506.000,0.49484,-73.234,328.976,118.653,87.630,255.611,756.389,88.440,-162.370,0.02366,1,1
3427.00,506.000,0.48809,-73.229,329.570,118.618,88.189,259.024,752.976,88.437,-161.811,0.02380,1,1
3428.00,506.000,0.48152,-73.224,330.162,118.584,88.746,262.351,749.649,88.435,-161.254,0.02393,1,1
3429.00,506.000,0.47511,-73.219,330.752,118.549,89.301,265.592,746.408,88.433,-160.699,0.02406,1,1
3430.00,506.000,0.46888,-73.214,331.338,118.514,89.853,268.749,743.251,88.432,-160.147,0.02418,1,1
3431.00,506.000,0.46280,-73.210,331.922,118.479,90.402,271.822,740.178,88.430,-159.598,0.02429,1,1
3432.00,506.000,0.45689,-73.205,332.503,118.445,90.947,274.812,737.188,88.429,-159.053,0.02439,1,1
3433.00,506.000,0.45115,-73.201,333.080,118.410,91.490,277.720,734.280,88.427,-158.510,0.02449,1,1
3434.00,506.000,0.44556,-73.197,333.653,118.376,92.029,280.548,731.452,88.426,-157.971,0.02459,1,1
3435.00,506.000,0.44012,-73.193,334.223,118.342,92.565,283.298,728.702,88.425,-157.435,0.02468,1,1
3436.00,506.000,0.43484,-73.190,334.790,118.307,93.097,285.969,726.031,88.424,-156.903,0.02476,1,1
3437.00,506.000,0.42972,-73.186,335.353,118.273,93.626,288.564,723.436,88.424,-156.374,0.02484,1,1
3438.00,506.000,0.42474,-73.183,335.912,118.239,94.151,291.084,720.916,88.423,-155.849,0.02491,1,1
3439.00,506.000,0.41990,-73.180,336.467,118.205,94.672,293.529,718.471,88.423,-155.328,0.02498,1,1
3440.00,506.000,0.41521,-73.177,337.018,118.171,95.189,295.902,716.098,88.423,-154.811,0.02504,1,1
3441.00,506.000,0.41066,-73.174,337.565,118.137,95.703,298.204,713.796,88.422,-154.297,0.02510,1,1
3442.00,506.000,0.40625,-73.171,338.109,118.103,96.212,300.436,711.564,88.422,-153.788,0.02516,1,1
3443.00,506.000,0.40198,-73.168,338.649,118.070,96.718,302.599,709.401,88.422,-153.282,0.02521,1,1
3444.00,506.000,0.39784,-73.166,339.184,118.036,97.220,304.695,707.305,88.423,-152.780,0.02526,1,1
3445.00,506.000,0.39383,-73.163,339.716,118.002,97.719,306.724,705.276,88.423,-152.281,0.02530,1,1
3446.00,506.000,0.38994,-73.161,340.244,117.969,98.213,308.689,703.311,88.423,-151.787,0.02534,1,1
3447.00,506.000,0.38618,-73.158,340.769,117.936,98.704,310.591,701.409,88.424,-151.296,0.02537,1,1
3448.00,506.000,0.38255,-73.156,341.290,117.902,99.192,312.430,699.570,88.424,-150.808,0.02541,1,1
3449.00,506.000,0.37904,-73.154,341.807,117.869,99.675,314.207,697.793,88.425,-150.325,0.02544,1,1
3450.00,506.000,0.37564,-73.152,342.320,117.836,100.156,315.925,696.075,88.426,-149.844,0.02546,1,1
3451.00,506.000,0.37236,-73.150,342.830,117.803,100.632,317.584,694.416,88.426,-149.368,0.02549,1,1
3452.00,506.000,0.36920,-73.148,343.336,117.769,101.106,319.186,692.814,88.427,-148.894,0.02551,1,1
3453.00,506.000,0.36615,-73.147,343.839,117.736,101.576,320.730,691.270,88.428,-148.424,0.02553,1,1
3454.00,506.000,0.36320,-73.145,344.339,117.704,102.042,322.220,689.780,88.429,-147.958,0.02554,1,1
3455.00,506.000,0.36037,-73.143,344.835,117.671,102.506,323.655,688.345,88.430,-147.494,0.02556,1,1
3456.00,506.000,0.35764,-73.142,345.328,117.638,102.966,325.036,686.964,88.431,-147.034,0.02557,1,1
3457.00,506.000,0.35501,-73.140,345.818,117.605,103.423,326.365,685.635,88.432,-146.577,0.02557,1,1
3458.00,506.000,0.35248,-73.139,346.305,117.572,103.878,327.643,684.357,88.434,-146.122,0.02558,1,1
3459.00,506.000,0.35006,-73.138,346.789,117.540,104.329,328.870,683.130,88.435,-145.671,0.02558,1,1
3460.00,506.000,0.34773,-73.137,347.271,117.507,104.778,330.047,681.953,88.436,-145.222,0.02559,1,1
3461.00,506.000,0.34550,-73.135,347.749,117.475,105.224,331.176,680.824,88.438,-144.776,0.02559,1,1
3462.00,506.000,0.34337,-73.134,348.225,117.442,105.667,332.256,679.744,88.439,-144.333,0.02558,1,1
3463.00,506.000,0.34132,-73.133,348.698,117.410,106.108,333.290,678.710,88.441,-143.892,0.02558,1,1
3464.00,506.000,0.33937,-73.132,349.169,117.378,106.547,334.276,677.724,88.442,-143.453,0.02557,1,1
3465.00,506.000,0.33751,-73.131,349.638,117.345,106.983,335.218,676.782,88.444,-143.017,0.02556,1,1
3466.00,506.000,0.33574,-73.130,350.104,117.313,107.417,336.114,675.886,88.445,-142.583,0.02556,1,1
3467.00,506.000,0.33406,-73.129,350.568,117.281,107.849,336.966,675.034,88.447,-142.151,0.02554,1,1
3468.00,506.000,0.33246,-73.129,351.030,117.249,108.278,337.774,674.226,88.449,-141.722,0.02553,1,1
3469.00,506.000,0.33095,-73.128,351.490,117.217,108.706,338.539,673.461,88.450,-141.294,0.02552,1,1
3470.00,506.000,0.32952,-73.127,351.948,117.185,109.132,339.261,672.739,88.452,-140.868,0.02550,1,1
3471.00,506.000,0.32818,-73.126,352.404,117.153,109.557,339.941,672.059,88.454,-140.443,0.02548,1,1
3472.00,506.000,0.32692,-73.126,352.858,117.121,109.979,340.580,671.420,88.456,-140.021,0.02546,1,1
3473.00,506.000,0.32573,-73.125,353.311,117.089,110.400,341.178,670.822,88.458,-139.600,0.02544,1,1
3474.00,506.000,0.32463,-73.125,353.763,117.057,110.820,341.736,670.264,88.460,-139.180,0.02542,1,1
3475.00,506.000,0.32361,-73.124,354.213,117.025,111.238,342.253,669.747,88.462,-138.762,0.02540,1,1
3476.00,506.000,0.32267,-73.124,354.662,116.994,111.655,342.730,669.270,88.464,-138.345,0.02538,1,1
3477.00,506.000,0.32180,-73.123,355.109,116.962,112.071,343.168,668.832,88.466,-137.929,0.02535,1,1
3478.00,506.000,0.32101,-73.123,355.556,116.930,112.486,343.567,668.433,88.468,-137.514,0.02532,1,1
3479.00,506.000,0.32030,-73.123,356.001,116.899,112.900,343.928,668.072,88.470,-137.100,0.02530,1,1
3480.00,506.000,0.31967,-73.122,356.446,116.867,113.313,344.249,667.751,88.472,-136.687,0.02527,1,1
3481.00,506.000,0.31910,-73.122,356.890,116.835,113.725,344.533,667.467,88.474,-136.275,0.02524,1,1
3482.00,506.000,0.31862,-73.122,357.333,116.804,114.137,344.778,667.222,88.476,-135.863,0.02520,1,1
3483.00,506.000,0.31821,-73.122,357.775,116.773,114.548,344.986,667.014,88.479,-135.452,0.02517,1,1
3484.00,506.000,0.31787,-73.121,358.217,116.741,114.958,345.156,666.844,88.481,-135.042,0.02514,1,1
3485.00,506.000,0.31761,-73.121,358.659,116.710,115.369,345.288,666.712,88.483,-134.631,0.02510,1,1
3486.00,506.000,0.31742,-73.121,359.100,116.678,115.778,345.383,666.617,88.485,-134.222,0.02507,1,1
3487.00,506.000,0.31731,-73.121,359.541,116.647,116.188,345.441,666.559,88.488,-133.812,0.02503,1,1
3488.00,506.000,0.31727,-73.121,359.982,116.616,116.598,345.461,666.539,88.490,-133.402,0.02499,1,1
3489.00,506.000,0.31730,-73.121,0.423,116.585,117.008,345.444,666.556,88.492,-132.992,0.02495,1,1
3490.00,506.000,0.31741,-73.121,0.864,116.553,117.418,345.389,666.611,88.495,-132.582,0.02491,1,1
3491.00,506.000,0.31759,-73.121,1.306,116.522,117.828,345.297,666.703,88.497,-132.172,0.02487,1,1
3492.00,506.000,0.31785,-73.121,1.747,116.491,118.238,345.168,666.832,88.500,-131.762,0.02483,1,1
3493.00,506.000,0.31818,-73.122,2.189,116.460,118.649,345.001,666.999,88.502,-131.351,0.02478,1,1
3494.00,506.000,0.31858,-73.122,2.632,116.429,119.060,344.797,667.203,88.505,-130.940,0.02474,1,1
3495.00,506.000,0.31906,-73.122,3.075,116.398,119.472,344.554,667.446,88.507,-130.528,0.02469,1,1
3496.00,506.000,0.31962,-73.122,3.518,116.367,119.885,344.274,667.726,88.510,-130.115,0.02464,1,1
3497.00,506.000,0.32025,-73.123,3.963,116.336,120.299,343.955,668.045,88.512,-129.701,0.02459,1,1
3498.00,506.000,0.32095,-73.123,4.408,116.305,120.713,343.598,668.402,88.515,-129.287,0.02455,1,1
3499.00,506.000,0.32173,-73.123,4.855,116.274,121.129,343.203,668.797,88.518,-128.871,0.02449,1,1
3500.00,506.000,0.32259,-73.124,5.302,116.243,121.545,342.768,669.232,88.520,-128.455,0.02444,1,1
3501.00,506.000,0.32353,-73.124,5.751,116.212,121.963,342.294,669.706,88.523,-128.037,0.02439,1,1
3502.00,506.000,0.32455,-73.125,6.201,116.181,122.382,341.780,670.220,88.526,-127.618,0.02434,1,1
3503.00,506.000,0.32564,-73.125,6.653,116.150,122.803,341.226,670.774,88.529,-127.197,0.02428,1,1
3504.00,506.000,0.32681,-73.126,7.106,116.119,123.225,340.632,671.368,88.531,-126.775,0.02422,1,1
3505.00,506.000,0.32807,-73.126,7.560,116.088,123.648,339.996,672.004,88.534,-126.352,0.02416,1,1
3506.00,506.000,0.32941,-73.127,8.016,116.057,124.074,339.320,672.680,88.537,-125.926,0.02411,1,1
3507.00,506.000,0.33083,-73.128,8.474,116.027,124.501,338.601,673.399,88.540,-125.499,0.02404,1,1
3508.00,506.000,0.33233,-73.128,8.934,115.996,124.930,337.840,674.160,88.543,-125.070,0.02398,1,1
3509.00,506.000,0.33392,-73.129,9.396,115.965,125.361,337.036,674.964,88.546,-124.639,0.02392,1,1
3510.00,506.000,0.33560,-73.130,9.860,115.934,125.794,336.188,675.812,88.549,-124.206,0.02385,1,1
3511.00,506.000,0.33736,-73.131,10.326,115.903,126.230,335.296,676.704,88.552,-123.770,0.02379,1,1
3512.00,506.000,0.33921,-73.132,10.795,115.873,126.667,334.359,677.641,88.555,-123.333,0.02372,1,1
3513.00,506.000,0.34115,-73.132,11.266,115.842,127.108,333.376,678.624,88.558,-122.892,0.02365,1,1
3514.00,506.000,0.34319,-73.133,11.739,115.811,127.550,332.348,679.652,88.561,-122.450,0.02358,1,1
3515.00,506.000,0.34531,-73.134,12.215,115.781,127.995,331.272,680.728,88.565,-122.005,0.02351,1,1
3516.00,506.000,0.34753,-73.136,12.693,115.750,128.443,330.148,681.852,88.568,-121.557,0.02343,1,1
3517.00,506.000,0.34985,-73.137,13.174,115.719,128.894,328.975,683.025,88.571,-121.106,0.02336,1,1
3518.00,506.000,0.35227,-73.138,13.659,115.689,129.347,327.753,684.247,88.575,-120.653,0.02328,1,1
3519.00,506.000,0.35478,-73.139,14.146,115.658,129.804,326.481,685.519,88.578,-120.196,0.02320,1,1
3520.00,506.000,0.35740,-73.140,14.636,115.627,130.263,325.157,686.843,88.582,-119.737,0.02312,1,1
3521.00,506.000,0.36012,-73.142,15.129,115.597,130.726,323.781,688.219,88.585,-119.274,0.02303,1,1
3522.00,506.000,0.36294,-73.143,15.625,115.566,131.191,322.352,689.648,88.589,-118.809,0.02295,1,1
3523.00,506.000,0.36587,-73.145,16.125,115.535,131.660,320.868,691.132,88.592,-118.340,0.02286,1,1
3524.00,506.000,0.36892,-73.146,16.628,115.505,132.133,319.329,692.671,88.596,-117.867,0.02277,1,1
3525.00,506.000,0.37207,-73.148,17.135,115.474,132.609,317.733,694.267,88.600,-117.391,0.02268,1,1
3526.00,506.000,0.37533,-73.150,17.645,115.443,133.088,316.081,695.919,88.604,-116.912,0.02259,1,1
3527.00,506.000,0.37872,-73.151,18.158,115.413,133.571,314.369,697.631,88.608,-116.429,0.02249,1,1
3528.00,506.000,0.38222,-73.153,18.675,115.382,134.057,312.598,699.402,88.612,-115.943,0.02239,1,1
3529.00,506.000,0.38584,-73.155,19.196,115.351,134.548,310.766,701.234,88.616,-115.452,0.02229,1,1
3530.00,506.000,0.38958,-73.157,19.721,115.321,135.042,308.871,703.129,88.620,-114.958,0.02218,1,1
3531.00,506.000,0.39345,-73.159,20.249,115.290,135.539,306.913,705.087,88.624,-114.461,0.02208,1,1
3532.00,506.000,0.39745,-73.161,20.781,115.260,136.041,304.891,707.109,88.628,-113.959,0.02197,1,1
3533.00,506.000,0.40158,-73.164,21.317,115.229,136.546,302.803,709.197,88.633,-113.454,0.02185,1,1
3534.00,506.000,0.40584,-73.166,21.857,115.198,137.056,300.647,711.353,88.637,-112.944,0.02174,1,1
3535.00,506.000,0.41023,-73.168,22.401,115.168,137.569,298.423,713.577,88.642,-112.431,0.02162,1,1
3536.00,506.000,0.41476,-73.171,22.949,115.137,138.086,296.129,715.871,88.646,-111.914,0.02150,1,1
3537.00,506.000,0.41944,-73.173,23.501,115.107,138.607,293.764,718.236,88.651,-111.393,0.02137,1,1
3538.00,506.000,0.42425,-73.176,24.057,115.076,139.132,291.327,720.673,88.656,-110.868,0.02124,1,1
3539.00,506.000,0.42922,-73.179,24.616,115.045,139.661,288.816,723.184,88.661,-110.339,0.02111,1,1
3540.00,506.000,0.43433,-73.182,25.179,115.015,140.194,286.230,725.770,88.666,-109.806,0.02097,1,1
3541.00,506.000,0.43959,-73.185,25.747,114.984,140.731,283.567,728.433,88.671,-109.269,0.02083,1,1
3542.00,506.000,0.44501,-73.188,26.317,114.954,141.271,280.827,731.173,88.676,-108.729,0.02069,1,1
3543.00,506.000,0.45058,-73.192,26.892,114.923,141.815,278.008,733.992,88.682,-108.185,0.02054,1,1
3544.00,506.000,0.45631,-73.195,27.470,114.892,142.362,275.109,736.891,88.687,-107.638,0.02039,1,1
3545.00,506.000,0.46220,-73.199,28.051,114.862,142.913,272.129,739.871,88.693,-107.087,0.02023,1,1
3546.00,506.000,0.46825,-73.202,28.636,114.831,143.467,269.066,742.934,88.699,-106.533,0.02007,1,1
3547.00,506.000,0.47447,-73.206,29.224,114.801,144.024,265.919,746.081,88.705,-105.976,0.01990,1,1
3548.00,506.000,0.48085,-73.210,29.814,114.770,144.584,262.688,749.312,88.711,-105.416,0.01973,1,1
3549.00,506.000,0.48741,-73.215,30.408,114.739,145.147,259.372,752.628,88.717,-104.853,0.01955,1,1
3550.00,506.000,0.49413,-73.219,31.003,114.709,145.712,255.968,756.032,88.723,-104.288,0.01937,1,1
3551.00,506.000,0.50103,-73.223,31.601,114.678,146.280,252.478,759.522,88.730,-103.720,0.01918,1,1
3552.00,506.000,0.50810,-73.228,32.201,114.648,146.849,248.900,763.100,88.737,-103.151,0.01899,1,1
3553.00,506.000,0.51535,-73.233,32.802,114.617,147.420,245.233,766.767,88.744,-102.580,0.01879,1,1
3554.00,506.000,0.52277,-73.238,33.404,114.587,147.991,241.477,770.523,88.751,-102.009,0.01859,1,1
3555.00,506.000,0.53037,-73.243,34.007,114.556,148.564,237.631,774.369,88.758,-101.436,0.01838,1,1
3556.00,506.000,0.53815,-73.249,34.610,114.526,149.136,233.696,778.304,88.765,-100.864,0.01816,1,1
3557.00,506.000,0.54610,-73.255,35.213,114.496,149.709,229.672,782.328,88.773,-100.291,0.01794,1,1
3558.00,506.000,0.55423,-73.260,35.815,114.465,150.280,225.558,786.442,88.781,-99.720,0.01771,1,1
3559.00,506.000,0.56254,-73.267,36.415,114.435,150.850,221.355,790.645,88.789,-99.150,0.01747,1,1
3560.00,506.000,0.57102,-73.273,37.013,114.404,151.418,217.064,794.936,88.797,-98.582,0.01723,1,1
3561.00,506.000,0.57967,-73.279,37.608,114.374,151.982,212.685,799.315,88.806,-98.018,0.01698,1,1
3562.00,506.000,0.58850,-73.286,38.199,114.344,152.543,208.220,803.780,88.815,-97.457,0.01673,1,1
3563.00,506.000,0.59749,-73.293,38.786,114.314,153.099,203.670,808.330,88.824,-96.901,0.01646,1,1
3564.00,506.000,0.60665,-73.301,39.366,114.283,153.650,199.036,812.964,88.833,-96.350,0.01619,1,1
3565.00,506.000,0.61597,-73.308,39.940,114.253,154.194,194.320,817.680,88.842,-95.806,0.01591,1,1
3566.00,506.000,0.62545,-73.316,40.507,114.223,154.730,189.524,822.476,88.852,-95.270,0.01563,1,1
3567.00,506.000,0.63508,-73.324,41.064,114.193,155.257,184.652,827.348,88.862,-94.743,0.01534,1,1
3568.00,506.000,0.64485,-73.333,41.610,114.163,155.773,179.705,832.295,88.873,-94.227,0.01504,1,1
3569.00,506.000,0.65477,-73.341,42.145,114.133,156.278,174.687,837.313,88.883,-93.722,0.01473,1,1
3570.00,506.000,0.66482,-73.350,42.666,114.103,156.769,169.601,842.399,88.894,-93.231,0.01442,1,1
3571.00,506.000,0.67500,-73.360,43.171,114.073,157.245,164.452,847.548,88.905,-92.755,0.01410,1,1
3572.00,506.000,0.68529,-73.369,43.660,114.044,157.704,159.243,852.757,88.917,-92.296,0.01377,1,1
3573.00,506.000,0.69569,-73.379,44.130,114.014,158.143,153.980,858.020,88.929,-91.857,0.01343,1,1
3574.00,506.000,0.70619,-73.389,44.578,113.984,158.562,148.667,863.333,88.941,-91.438,0.01309,1,1
3575.00,506.000,0.71678,-73.400,45.002,113.954,158.957,143.311,868.689,88.953,-91.043,0.01274,1,1
3576.00,506.000,0.72744,-73.411,45.401,113.925,159.325,137.916,874.084,88.966,-90.675,0.01238,1,1
3577.00,506.000,0.73816,-73.423,45.770,113.895,159.664,132.490,879.510,88.980,-90.336,0.01201,1,1
3578.00,506.000,0.74893,-73.434,46.106,113.865,159.971,127.040,884.960,88.993,-90.029,0.01164,1,1
3579.00,506.000,0.75974,-73.446,46.407,113.836,160.243,121.572,890.428,89.007,-89.757,0.01127,1,1
3580.00,506.000,0.77056,-73.459,46.669,113.806,160.474,116.096,895.904,89.022,-89.526,0.01088,1,1
3581.00,506.000,0.78139,-73.472,46.886,113.776,160.662,110.619,901.381,89.036,-89.338,0.01049,1,1
3582.00,506.000,0.79219,-73.485,47.056,113.746,160.802,105.150,906.850,89.052,-89.198,0.01010,1,1
3583.00,506.000,0.80297,-73.499,47.172,113.716,160.888,99.699,912.301,89.068,-89.112,0.00970,1,1
3584.00,506.000,0.81368,-73.514,47.228,113.686,160.914,94.276,917.724,89.084,-89.086,0.00930,1,1
3585.00,506.000,0.82433,-73.529,47.219,113.656,160.875,88.891,923.109,89.100,-89.125,0.00889,1,1
3586.00,506.000,0.83487,-73.544,47.136,113.625,160.761,83.557,928.443,89.118,-89.239,0.00848,1,1
3587.00,506.000,0.84528,-73.560,46.971,113.595,160.566,78.286,933.714,89.136,-89.434,0.00806,1,1
3588.00,506.000,0.85555,-73.576,46.715,113.563,160.278,73.090,938.910,89.154,-89.722,0.00764,1,1
3589.00,506.000,0.86565,-73.593,46.355,113.532,159.887,67.983,944.017,89.173,-90.113,0.00723,1,1
3590.00,506.000,0.87553,-73.611,45.880,113.500,159.379,62.979,949.021,89.193,-90.621,0.00681,1,1
3591.00,506.000,0.88519,-73.629,45.272,113.467,158.739,58.095,953.905,89.213,-91.261,0.00639,1,1
3592.00,506.000,0.89457,-73.648,44.515,113.433,157.948,53.347,958.653,89.234,-92.052,0.00598,1,1
3593.00,506.000,0.90365,-73.668,43.585,113.398,156.983,48.753,963.247,89.255,-93.017,0.00556,1,1
3594.00,506.000,0.91239,-73.688,42.457,113.363,155.820,44.333,967.667,89.278,-94.180,0.00516,1,1
3595.00,506.000,0.92074,-73.709,41.099,113.325,154.425,40.107,971.893,89.301,-95.575,0.00476,1,1
3596.00,506.000,0.92866,-73.730,39.474,113.287,152.761,36.098,975.902,89.325,-97.239,0.00437,0,1
3597.00,506.000,0.93610,-73.752,37.535,113.246,150.781,32.331,979.669,89.349,-99.219,0.00400,0,1
3598.00,506.000,0.94302,-73.774,35.230,113.203,148.433,28.834,983.166,89.374,-101.567,0.00364,0,1
3599.00,506.000,0.94933,-73.797,32.497,113.157,145.653,25.637,986.363,89.398,-104.347,0.00330,0,1
3600.00,506.000,0.95500,-73.818,29.267,113.108,142.375,22.772,989.228,89.423,-107.625,0.00299,0,1
3601.00,506.000,0.95993,-73.839,25.473,113.056,138.529,20.276,991.724,89.447,-111.471,0.00271,0,1
3602.00,506.000,0.96406,-73.858,21.064,113.000,134.064,18.187,993.813,89.469,-115.936,0.00246,0,1
3603.00,506.000,0.96730,-73.873,16.022,112.940,128.963,16.545,995.455,89.488,-121.037,0.00227,0,1
3604.00,506.000,0.96959,-73.885,10.401,112.878,123.278,15.388,996.612,89.504,-126.722,0.00212,0,1
3605.00,506.000,0.97086,-73.892,4.344,112.813,117.157,14.747,997.253,89.514,-132.843,0.00203,0,1
3606.00,506.000,0.97106,-73.893,358.090,112.748,110.838,14.641,997.359,89.519,-139.162,0.00200,0,1
3607.00,506.000,0.97021,-73.889,351.924,112.683,104.608,15.075,996.925,89.519,-145.392,0.00204,0,1
3608.00,506.000,0.96831,-73.879,346.110,112.621,98.731,16.033,995.967,89.512,-151.269,0.00213,0,1
3609.00,506.000,0.96543,-73.865,340.832,112.562,93.394,17.490,994.510,89.502,-156.606,0.00227,0,1
3610.00,506.000,0.96164,-73.848,336.174,112.508,88.682,19.409,992.591,89.488,-161.318,0.00245,0,1
3611.00,506.000,0.95701,-73.830,332.145,112.457,84.602,21.751,990.249,89.473,-165.398,0.00267,0,1
3612.00,506.000,0.95163,-73.810,328.703,112.410,81.113,24.476,987.524,89.456,-168.887,0.00292,0,1
3613.00,506.000,0.94556,-73.790,325.784,112.366,78.150,27.547,984.453,89.438,-171.850,0.00319,0,1
3614.00,506.000,0.93887,-73.770,323.320,112.325,75.645,30.930,981.070,89.420,-174.355,0.00348,0,1
3615.00,506.000,0.93163,-73.750,321.245,112.286,73.531,34.594,977.406,89.403,-176.469,0.00379,0,1
3616.00,506.000,0.92389,-73.731,319.504,112.250,71.753,38.511,973.489,89.385,-178.247,0.00410,0,1
3617.00,506.000,0.91570,-73.712,318.046,112.215,70.261,42.654,969.346,89.369,-179.739,0.00443,1,1
3618.00,506.000,0.90712,-73.694,316.833,112.181,69.014,47.000,965.000,89.353,179.014,0.00476,1,1
3619.00,506.000,0.89817,-73.676,315.829,112.149,67.979,51.527,960.473,89.337,177.979,0.00509,1,1
3620.00,506.000,0.88890,-73.660,315.008,112.118,67.126,56.216,955.784,89.322,177.126,0.00542,1,1
3621.00,506.000,0.87935,-73.644,314.344,112.088,66.432,61.047,950.953,89.308,176.432,0.00575,1,1
3622.00,506.000,0.86956,-73.628,313.819,112.059,65.878,66.004,945.996,89.294,175.878,0.00609,1,1
3623.00,506.000,0.85954,-73.613,313.416,112.030,65.446,71.071,940.929,89.280,175.446,0.00642,1,1
3624.00,506.000,0.84934,-73.599,313.121,112.001,65.123,76.232,935.768,89.268,175.123,0.00675,1,1
3625.00,506.000,0.83898,-73.585,312.922,111.973,64.895,81.474,930.526,89.256,174.895,0.00707,1,1
3626.00,506.000,0.82849,-73.572,312.808,111.946,64.754,86.783,925.217,89.244,174.754,0.00739,1,1
3627.00,506.000,0.81789,-73.559,312.771,111.919,64.690,92.147,919.853,89.233,174.690,0.00771,1,1
3628.00,506.000,0.80721,-73.547,312.803,111.891,64.694,97.553,914.447,89.222,174.694,0.00802,1,1
3629.00,506.000,0.79646,-73.535,312.896,111.865,64.761,102.992,909.008,89.211,174.761,0.00832,1,1
3630.00,506.000,0.78567,-73.524,313.045,111.838,64.883,108.453,903.547,89.202,174.883,0.00862,1,1
3631.00,506.000,0.77485,-73.513,313.245,111.811,65.056,113.925,898.075,89.192,175.056,0.00891,1,1
3632.00,506.000,0.76403,-73.502,313.490,111.785,65.275,119.400,892.600,89.183,175.275,0.00920,1,1
3633.00,506.000,0.75322,-73.492,313.776,111.758,65.534,124.869,887.131,89.174,175.534,0.00948,1,1
3634.00,506.000,0.74244,-73.482,314.099,111.732,65.831,130.324,881.676,89.166,175.831,0.00975,1,1
3635.00,506.000,0.73170,-73.473,314.456,111.706,66.162,135.758,876.242,89.158,176.162,0.01002,1,1
3636.00,506.000,0.72102,-73.464,314.843,111.680,66.523,141.162,870.838,89.150,176.523,0.01028,1,1
3637.00,506.000,0.71041,-73.455,315.258,111.653,66.911,146.531,865.469,89.143,176.911,0.01053,1,1
3638.00,506.000,0.69989,-73.446,315.697,111.627,67.324,151.858,860.142,89.136,177.324,0.01077,1,1
3639.00,506.000,0.68945,-73.438,316.158,111.601,67.760,157.138,854.862,89.129,177.760,0.01101,1,1
3640.00,506.000,0.67912,-73.430,316.640,111.575,68.215,162.365,849.635,89.122,178.215,0.01124,1,1
3641.00,506.000,0.66890,-73.423,317.139,111.549,68.688,167.535,844.465,89.116,178.688,0.01147,1,1
3642.00,506.000,0.65881,-73.415,317.654,111.523,69.177,172.642,839.358,89.110,179.177,0.01168,1,1
3643.00,506.000,0.64885,-73.408,318.184,111.497,69.681,177.683,834.317,89.105,179.681,0.01189,1,1
3644.00,506.000,0.63902,-73.402,318.726,111.471,70.197,182.655,829.345,89.099,-179.803,0.01209,1,1
3645.00,506.000,0.62934,-73.395,319.279,111.445,70.724,187.553,824.447,89.094,-179.276,0.01229,1,1
3646.00,506.000,0.61981,-73.389,319.842,111.419,71.260,192.376,819.624,89.089,-178.740,0.01248,1,1
3647.00,506.000,0.61044,-73.383,320.413,111.393,71.805,197.119,814.881,89.084,-178.195,0.01266,1,1
3648.00,506.000,0.60122,-73.377,320.991,111.367,72.358,201.782,810.218,89.080,-177.642,0.01283,1,1
3649.00,506.000,0.59217,-73.371,321.575,111.341,72.916,206.361,805.639,89.076,-177.084,0.01300,1,1
3650.00,506.000,0.58329,-73.366,322.164,111.315,73.479,210.856,801.144,89.072,-176.521,0.01316,1,1
3651.00,506.000,0.57457,-73.361,322.758,111.289,74.047,215.265,796.735,89.068,-175.953,0.01332,1,1
3652.00,506.000,0.56603,-73.356,323.355,111.263,74.618,219.587,792.413,89.064,-175.382,0.01346,1,1
3653.00,506.000,0.55767,-73.351,323.954,111.237,75.191,223.821,788.179,89.061,-174.809,0.01361,1,1
3654.00,506.000,0.54948,-73.346,324.555,111.211,75.767,227.966,784.034,89.057,-174.233,0.01374,1,1
3655.00,506.000,0.54146,-73.342,325.158,111.185,76.343,232.021,779.979,89.054,-173.657,0.01388,1,1
3656.00,506.000,0.53362,-73.338,325.761,111.159,76.920,235.987,776.013,89.051,-173.080,0.01400,1,1
3657.00,506.000,0.52596,-73.333,326.364,111.134,77.497,239.864,772.136,89.049,-172.503,0.01412,1,1
3658.00,506.000,0.51848,-73.329,326.966,111.108,78.074,243.651,768.349,89.046,-171.926,0.01424,1,1
3659.00,506.000,0.51117,-73.326,327.568,111.082,78.650,247.349,764.651,89.044,-171.350,0.01435,1,1
3660.00,506.000,0.50403,-73.322,328.168,111.056,79.224,250.959,761.041,89.041,-170.776,0.01445,1,1
3661.00,506.000,0.49708,-73.319,328.767,111.031,79.797,254.480,757.520,89.039,-170.203,0.01455,1,1
3662.00,506.000,0.49029,-73.315,329.363,111.005,80.368,257.914,754.086,89.037,-169.632,0.01465,1,1
3663.00,506.000,0.48368,-73.312,329.957,110.979,80.937,261.260,750.740,89.035,-169.063,0.01474,1,1
3664.00,506.000,0.47723,-73.309,330.549,110.954,81.503,264.521,747.479,89.033,-168.497,0.01483,1,1
3665.00,506.000,0.47095,-73.306,331.138,110.928,82.066,267.697,744.303,89.032,-167.934,0.01491,1,1
3666.00,506.000,0.46484,-73.303,331.724,110.903,82.627,270.789,741.211,89.030,-167.373,0.01499,1,1
3667.00,506.000,0.45890,-73.300,332.306,110.877,83.184,273.798,738.202,89.029,-166.816,0.01506,1,1
3668.00,506.000,0.45311,-73.298,332.886,110.852,83.738,276.726,735.274,89.027,-166.262,0.01513,1,1
3669.00,506.000,0.44749,-73.295,333.461,110.827,84.288,279.572,732.428,89.026,-165.712,0.01520,1,1
3670.00,506.000,0.44202,-73.293,334.034,110.801,84.835,282.340,729.660,89.025,-165.165,0.01526,1,1
3671.00,506.000,0.43670,-73.291,334.602,110.776,85.378,285.029,726.971,89.024,-164.622,0.01532,1,1
3672.00,506.000,0.43154,-73.288,335.167,110.751,85.918,287.642,724.358,89.023,-164.082,0.01538,1,1
3673.00,506.000,0.42652,-73.286,335.728,110.725,86.453,290.179,721.821,89.022,-163.547,0.01544,1,1
3674.00,506.000,0.42166,-73.284,336.285,110.700,86.985,292.642,719.358,89.021,-163.015,0.01549,1,1
3675.00,506.000,0.41693,-73.282,336.838,110.675,87.513,295.032,716.968,89.021,-162.487,0.01554,1,1
3676.00,506.000,0.41235,-73.281,337.387,110.650,88.037,297.350,714.650,89.020,-161.963,0.01558,1,1
3677.00,506.000,0.40791,-73.279,337.933,110.625,88.558,299.598,712.402,89.019,-161.442,0.01563,1,1
3678.00,506.000,0.40360,-73.277,338.474,110.600,89.074,301.777,710.223,89.019,-160.926,0.01567,1,1
3679.00,506.000,0.39943,-73.275,339.012,110.575,89.587,303.889,708.111,89.018,-160.413,0.01570,1,1
3680.00,506.000,0.39539,-73.274,339.545,110.550,90.095,305.934,706.066,89.018,-159.905,0.01574,1,1
3681.00,506.000,0.39147,-73.272,340.075,110.525,90.600,307.914,704.086,89.018,-159.400,0.01577,1,1
3682.00,506.000,0.38769,-73.271,340.601,110.500,91.101,309.831,702.169,89.018,-158.899,0.01580,1,1
3683.00,506.000,0.38402,-73.269,341.123,110.475,91.599,311.684,700.316,89.017,-158.401,0.01583,1,1
3684.00,506.000,0.38048,-73.268,341.642,110.451,92.092,313.477,698.523,89.017,-157.908,0.01586,1,1
3685.00,506.000,0.37706,-73.267,342.157,110.426,92.583,315.209,696.791,89.017,-157.417,0.01589,1,1
3686.00,506.000,0.37375,-73.266,342.668,110.401,93.069,316.882,695.118,89.017,-156.931,0.01591,1,1
3687.00,506.000,0.37056,-73.265,343.176,110.376,93.552,318.497,693.503,89.017,-156.448,0.01593,1,1
3688.00,506.000,0.36748,-73.263,343.680,110.352,94.032,320.056,691.944,89.017,-155.968,0.01595,1,1
3689.00,506.000,0.36451,-73.262,344.181,110.327,94.508,321.559,690.441,89.017,-155.492,0.01597,1,1
3690.00,506.000,0.36165,-73.261,344.678,110.303,94.981,323.007,688.993,89.018,-155.019,0.01599,1,1
3691.00,506.000,0.35889,-73.260,345.173,110.278,95.451,324.401,687.599,89.018,-154.549,0.01600,1,1
3692.00,506.000,0.35624,-73.259,345.664,110.254,95.918,325.743,686.257,89.018,-154.082,0.01602,1,1
3693.00,506.000,0.35369,-73.259,346.152,110.229,96.381,327.034,684.966,89.018,-153.619,0.01603,1,1
3694.00,506.000,0.35124,-73.258,346.637,110.205,96.842,328.273,683.727,89.019,-153.158,0.01604,1,1
3695.00,506.000,0.34889,-73.257,347.120,110.180,97.300,329.463,682.537,89.019,-152.700,0.01605,1,1
3696.00,506.000,0.34663,-73.256,347.599,110.156,97.755,330.604,681.396,89.019,-152.245,0.01606,1,1
3697.00,506.000,0.34447,-73.255,348.076,110.131,98.207,331.697,680.303,89.020,-151.793,0.01606,1,1
3698.00,506.000,0.34241,-73.255,348.550,110.107,98.657,332.742,679.258,89.020,-151.343,0.01607,1,1
3699.00,506.000,0.34043,-73.254,349.022,110.083,99.105,333.741,678.259,89.021,-150.895,0.01607,1,1
3700.00,506.000,0.33855,-73.254,349.491,110.059,99.550,334.694,677.306,89.021,-150.450,0.01608,1,1
3701.00,506.000,0.33676,-73.253,349.958,110.034,99.992,335.602,676.398,89.022,-150.008,0.01608,1,1
3702.00,506.000,0.33505,-73.252,350.423,110.010,100.433,336.465,675.535,89.022,-149.567,0.01608,1,1
3703.00,506.000,0.33343,-73.252,350.885,109.986,100.871,337.285,674.715,89.023,-149.129,0.01608,1,1
3704.00,506.000,0.33189,-73.251,351.346,109.962,101.308,338.061,673.939,89.023,-148.692,0.01608,1,1
3705.00,506.000,0.33044,-73.251,351.804,109.938,101.742,338.795,673.205,89.024,-148.258,0.01608,1,1
3706.00,506.000,0.32908,-73.250,352.261,109.913,102.175,339.487,672.513,89.025,-147.825,0.01607,1,1
3707.00,506.000,0.32779,-73.250,352.716,109.889,102.606,340.137,671.863,89.025,-147.394,0.01607,1,1
3708.00,506.000,0.32659,-73.250,353.170,109.865,103.035,340.746,671.254,89.026,-146.965,0.01607,1,1
3709.00,506.000,0.32546,-73.249,353.622,109.841,103.463,341.315,670.685,89.027,-146.537,0.01606,1,1
3710.00,506.000,0.32442,-73.249,354.072,109.817,103.889,341.843,670.157,89.028,-146.111,0.01605,1,1
3711.00,506.000,0.32345,-73.249,354.521,109.793,104.315,342.332,669.668,89.028,-145.685,0.01605,1,1
3712.00,506.000,0.32257,-73.248,354.969,109.769,104.739,342.781,669.219,89.029,-145.261,0.01604,1,1
3713.00,506.000,0.32176,-73.248,355.416,109.745,105.161,343.191,668.809,89.030,-144.839,0.01603,1,1
3714.00,506.000,0.32102,-73.248,355.862,109.721,105.583,343.563,668.437,89.031,-144.417,0.01602,1,1
3715.00,506.000,0.32036,-73.248,356.307,109.697,106.004,343.896,668.104,89.032,-143.996,0.01601,1,1
3716.00,506.000,0.31978,-73.248,356.751,109.674,106.424,344.190,667.810,89.033,-143.576,0.01600,1,1
3717.00,506.000,0.31927,-73.247,357.194,109.650,106.844,344.447,667.553,89.033,-143.156,0.01599,1,1
3718.00,506.000,0.31884,-73.247,357.637,109.626,107.262,344.666,667.334,89.034,-142.738,0.01597,1,1
3719.00,506.000,0.31848,-73.247,358.079,109.602,107.681,344.847,667.153,89.035,-142.319,0.01596,1,1
3720.00,506.000,0.31820,-73.247,358.520,109.578,108.098,344.991,667.009,89.036,-141.902,0.01594,1,1
3721.00,506.000,0.31799,-73.247,358.962,109.554,108.516,345.098,666.902,89.037,-141.484,0.01593,1,1
3722.00,506.000,0.31785,-73.247,359.403,109.530,108.933,345.167,666.833,89.038,-141.067,0.01591,1,1
3723.00,506.000,0.31779,-73.247,359.844,109.507,109.350,345.199,666.801,89.039,-140.650,0.01590,1,1
3724.00,506.000,0.31780,-73.247,0.285,109.483,109.768,345.193,666.807,89.040,-140.232,0.01588,1,1
3725.00,506.000,0.31788,-73.247,0.726,109.459,110.185,345.150,666.850,89.041,-139.815,0.01586,1,1
3726.00,506.000,0.31804,-73.247,1.167,109.435,110.602,345.070,666.930,89.042,-139.398,0.01584,1,1
3727.00,506.000,0.31827,-73.247,1.608,109.412,111.020,344.953,667.047,89.044,-138.980,0.01582,1,1
3728.00,506.000,0.31858,-73.247,2.050,109.388,111.438,344.799,667.201,89.045,-138.562,0.01580,1,1
3729.00,506.000,0.31896,-73.247,2.492,109.364,111.857,344.606,667.394,89.046,-138.143,0.01578,1,1
3730.00,506.000,0.31941,-73.247,2.935,109.341,112.276,344.376,667.624,89.047,-137.724,0.01576,1,1
3731.00,506.000,0.31994,-73.248,3.379,109.317,112.695,344.109,667.891,89.048,-137.305,0.01574,1,1
3732.00,506.000,0.32055,-73.248,3.823,109.293,113.116,343.803,668.197,89.049,-136.884,0.01572,1,1
3733.00,506.000,0.32123,-73.248,4.268,109.269,113.537,343.459,668.541,89.051,-136.463,0.01569,1,1
3734.00,506.000,0.32198,-73.248,4.714,109.246,113.960,343.076,668.924,89.052,-136.040,0.01567,1,1
3735.00,506.000,0.32282,-73.249,5.161,109.222,114.383,342.655,669.345,89.053,-135.617,0.01564,1,1
3736.00,506.000,0.32373,-73.249,5.610,109.199,114.808,342.194,669.806,89.054,-135.192,0.01562,1,1
3737.00,506.000,0.32472,-73.249,6.059,109.175,115.234,341.694,670.306,89.056,-134.766,0.01559,1,1
3738.00,506.000,0.32578,-73.249,6.510,109.151,115.661,341.154,670.846,89.057,-134.339,0.01556,1,1
3739.00,506.000,0.32693,-73.250,6.962,109.128,116.090,340.574,671.426,89.058,-133.910,0.01553,1,1
3740.00,506.000,0.32816,-73.250,7.416,109.104,116.520,339.953,672.047,89.060,-133.480,0.01550,1,1
3741.00,506.000,0.32947,-73.251,7.872,109.080,116.952,339.290,672.710,89.061,-133.048,0.01547,1,1
3742.00,506.000,0.33086,-73.251,8.329,109.057,117.386,338.587,673.413,89.062,-132.614,0.01544,1,1
3743.00,506.000,0.33233,-73.251,8.789,109.033,117.822,337.841,674.159,89.064,-132.178,0.01541,1,1
3744.00,506.000,0.33389,-73.252,9.250,109.010,118.260,337.052,674.948,89.065,-131.740,0.01538,1,1
3745.00,506.000,0.33553,-73.252,9.713,108.986,118.699,336.220,675.780,89.067,-131.301,0.01534,1,1
3746.00,506.000,0.33727,-73.253,10.179,108.962,119.141,335.344,676.656,89.068,-130.859,0.01531,1,1
3747.00,506.000,0.33909,-73.253,10.646,108.939,119.585,334.423,677.577,89.070,-130.415,0.01527,1,1
3748.00,506.000,0.34099,-73.254,11.116,108.915,120.032,333.457,678.543,89.071,-129.968,0.01524,1,1
3749.00,506.000,0.34299,-73.255,11.589,108.892,120.480,332.445,679.555,89.073,-129.520,0.01520,1,1
3750.00,506.000,0.34509,-73.255,12.064,108.868,120.932,331.386,680.614,89.075,-129.068,0.01516,1,1
3751.00,506.000,0.34727,-73.256,12.542,108.844,121.386,330.280,681.720,89.076,-128.614,0.01512,1,1
3752.00,506.000,0.34955,-73.257,13.022,108.821,121.843,329.125,682.875,89.078,-128.157,0.01508,1,1
3753.00,506.000,0.35193,-73.258,13.505,108.797,122.303,327.922,684.078,89.080,-127.697,0.01504,1,1
3754.00,506.000,0.35441,-73.258,13.991,108.774,122.765,326.668,685.332,89.081,-127.235,0.01499,1,1
3755.00,506.000,0.35699,-73.259,14.480,108.750,123.231,325.363,686.637,89.083,-126.769,0.01495,1,1
3756.00,506.000,0.35967,-73.260,14.973,108.727,123.699,324.006,687.994,89.085,-126.301,0.01490,1,1
3757.00,506.000,0.36246,-73.261,15.468,108.703,124.171,322.597,689.403,89.087,-125.829,0.01485,1,1
3758.00,506.000,0.36535,-73.262,15.967,108.679,124.646,321.133,690.867,89.089,-125.354,0.01481,1,1
3759.00,506.000,0.36835,-73.263,16.469,108.656,125.125,319.615,692.385,89.091,-124.875,0.01476,1,1
3760.00,506.000,0.37146,-73.264,16.974,108.632,125.606,318.041,693.959,89.093,-124.394,0.01470,1,1
3761.00,506.000,0.37469,-73.265,17.483,108.609,126.092,316.409,695.591,89.095,-123.908,0.01465,1,1
3762.00,506.000,0.37802,-73.266,17.996,108.585,126.581,314.720,697.280,89.097,-123.419,0.01460,1,1
3763.00,506.000,0.38148,-73.267,18.512,108.561,127.073,312.971,699.029,89.099,-122.927,0.01454,1,1
3764.00,506.000,0.38506,-73.269,19.032,108.538,127.569,311.161,700.839,89.101,-122.431,0.01448,1,1
3765.00,506.000,0.38875,-73.270,19.555,108.514,128.069,309.290,702.710,89.103,-121.931,0.01442,1,1
3766.00,506.000,0.39258,-73.271,20.083,108.490,128.573,307.357,704.643,89.105,-121.427,0.01436,1,1
3767.00,506.000,0.39652,-73.273,20.614,108.467,129.081,305.358,706.642,89.108,-120.919,0.01430,1,1
3768.00,506.000,0.40060,-73.274,21.149,108.443,129.592,303.295,708.705,89.110,-120.408,0.01423,1,1
3769.00,506.000,0.40481,-73.275,21.688,108.420,130.107,301.165,710.835,89.112,-119.893,0.01416,1,1
3770.00,506.000,0.40916,-73.277,22.231,108.396,130.627,298.967,713.033,89.115,-119.373,0.01409,1,1
3771.00,506.000,0.41364,-73.279,22.777,108.372,131.150,296.699,715.301,89.117,-118.850,0.01402,1,1
3772.00,506.000,0.41826,-73.280,23.328,108.349,131.677,294.361,717.639,89.120,-118.323,0.01395,1,1
3773.00,506.000,0.42302,-73.282,23.883,108.325,132.208,291.951,720.049,89.123,-117.792,0.01387,1,1
3774.00,506.000,0.42793,-73.284,24.442,108.301,132.743,289.468,722.532,89.125,-117.257,0.01379,1,1
3775.00,506.000,0.43298,-73.286,25.004,108.278,133.282,286.910,725.090,89.128,-116.718,0.01371,1,1
3776.00,506.000,0.43819,-73.288,25.570,108.254,133.824,284.277,727.723,89.131,-116.176,0.01363,1,1
3777.00,506.000,0.44355,-73.290,26.140,108.230,134.371,281.566,730.434,89.134,-115.629,0.01354,1,1
3778.00,506.000,0.44906,-73.292,26.714,108.206,134.921,278.777,733.223,89.137,-115.079,0.01345,1,1
3779.00,506.000,0.45473,-73.294,27.291,108.183,135.474,275.908,736.092,89.140,-114.526,0.01336,1,1
3780.00,506.000,0.46056,-73.297,27.872,108.159,136.031,272.958,739.042,89.144,-113.969,0.01327,1,1
3781.00,506.000,0.46655,-73.299,28.456,108.135,136.592,269.927,742.073,89.147,-113.408,0.01317,1,1
3782.00,506.000,0.47270,-73.302,29.044,108.112,137.155,266.812,745.188,89.150,-112.845,0.01307,1,1
3783.00,506.000,0.47903,-73.304,29.634,108.088,137.722,263.613,748.387,89.154,-112.278,0.01296,1,1
3784.00,506.000,0.48552,-73.307,30.227,108.064,138.291,260.329,751.671,89.157,-111.709,0.01286,1,1
3785.00,506.000,0.49218,-73.310,30.823,108.041,138.863,256.958,755.042,89.161,-111.137,0.01275,1,1
3786.00,506.000,0.49901,-73.313,31.421,108.017,139.438,253.501,758.499,89.165,-110.562,0.01263,1,1
3787.00,506.000,0.50602,-73.316,32.021,107.993,140.014,249.956,762.044,89.169,-109.986,0.01251,1,1
3788.00,506.000,0.51320,-73.319,32.622,107.969,140.592,246.322,765.678,89.173,-109.408,0.01239,1,1
3789.00,506.000,0.52055,-73.322,33.225,107.946,141.171,242.600,769.400,89.177,-108.829,0.01226,1,1
3790.00,506.000,0.52809,-73.326,33.829,107.922,141.751,238.788,773.212,89.181,-108.249,0.01213,1,1
3791.00,506.000,0.53580,-73.329,34.433,107.898,142.331,234.887,777.113,89.186,-107.669,0.01200,1,1
3792.00,506.000,0.54368,-73.333,35.037,107.875,142.911,230.897,781.103,89.190,-107.089,0.01186,1,1
3793.00,506.000,0.55174,-73.337,35.640,107.851,143.491,226.817,785.183,89.195,-106.509,0.01172,1,1
3794.00,506.000,0.55998,-73.341,36.242,107.827,144.069,222.648,789.352,89.200,-105.931,0.01157,1,1
3795.00,506.000,0.56840,-73.345,36.842,107.804,144.646,218.391,793.609,89.205,-105.354,0.01142,1,1
3796.00,506.000,0.57699,-73.349,37.439,107.780,145.219,214.045,797.955,89.210,-104.781,0.01126,1,1
3797.00,506.000,0.58575,-73.354,38.033,107.756,145.790,209.613,802.387,89.215,-104.210,0.01110,1,1
3798.00,506.000,0.59467,-73.358,38.623,107.733,146.356,205.095,806.905,89.221,-103.644,0.01094,1,1
3799.00,506.000,0.60377,-73.363,39.207,107.709,146.916,200.493,811.507,89.226,-103.084,0.01076,1,1
3800.00,506.000,0.61303,-73.368,39.785,107.686,147.471,195.808,816.192,89.232,-102.529,0.01059,1,1
3801.00,506.000,0.62244,-73.373,40.356,107.662,148.018,191.043,820.957,89.238,-101.982,0.01041,1,1
3802.00,506.000,0.63202,-73.378,40.918,107.639,148.556,186.200,825.800,89.244,-101.444,0.01022,1,1
3803.00,506.000,0.64174,-73.384,41.470,107.615,149.085,181.282,830.718,89.250,-100.915,0.01003,1,1
3804.00,506.000,0.65160,-73.390,42.010,107.592,149.602,176.292,835.708,89.257,-100.398,0.00984,1,1
3805.00,506.000,0.66160,-73.396,42.538,107.568,150.107,171.232,840.768,89.264,-99.893,0.00964,1,1
3806.00,506.000,0.67172,-73.402,43.052,107.545,150.596,166.108,845.892,89.271,-99.404,0.00943,1,1
3807.00,506.000,0.68197,-73.408,43.549,107.521,151.070,160.923,851.077,89.278,-98.930,0.00922,1,1
3808.00,506.000,0.69233,-73.415,44.027,107.498,151.525,155.682,856.318,89.285,-98.475,0.00900,1,1
3809.00,506.000,0.70279,-73.421,44.486,107.475,151.960,150.389,861.611,89.293,-98.040,0.00878,1,1
3810.00,506.000,0.71334,-73.428,44.921,107.451,152.373,145.050,866.950,89.301,-97.627,0.00855,1,1
3811.00,506.000,0.72397,-73.436,45.332,107.428,152.760,139.672,872.328,89.309,-97.240,0.00832,1,1
3812.00,506.000,0.73467,-73.443,45.714,107.405,153.119,134.259,877.741,89.317,-96.881,0.00809,1,1
3813.00,506.000,0.74541,-73.451,46.065,107.381,153.446,128.820,883.180,89.325,-96.554,0.00785,1,1
3814.00,506.000,0.75620,-73.459,46.382,107.358,153.740,123.361,888.639,89.334,-96.260,0.00760,1,1
3815.00,506.000,0.76702,-73.467,46.661,107.335,153.996,117.890,894.110,89.343,-96.004,0.00735,1,1
3816.00,506.000,0.77784,-73.476,46.898,107.311,154.209,112.415,899.585,89.353,-95.791,0.00710,1,1
3817.00,506.000,0.78864,-73.485,47.089,107.288,154.376,106.946,905.054,89.362,-95.624,0.00684,1,1
3818.00,506.000,0.79943,-73.494,47.228,107.264,154.492,101.491,910.509,89.372,-95.508,0.00658,1,1
3819.00,506.000,0.81016,-73.503,47.310,107.241,154.551,96.060,915.940,89.383,-95.449,0.00632,1,1
3820.00,506.000,0.82082,-73.513,47.329,107.217,154.546,90.664,921.336,89.393,-95.454,0.00605,1,1
3821.00,506.000,0.83140,-73.523,47.277,107.193,154.470,85.314,926.686,89.404,-95.530,0.00578,1,1
3822.00,506.000,0.84185,-73.534,47.148,107.169,154.317,80.021,931.979,89.416,-95.683,0.00550,1,1
3823.00,506.000,0.85217,-73.545,46.930,107.145,154.075,74.800,937.200,89.427,-95.925,0.00523,1,1
3824.00,506.000,0.86233,-73.556,46.614,107.120,153.734,69.662,942.338,89.440,-96.266,0.00495,1,1
3825.00,506.000,0.87229,-73.568,46.187,107.095,153.282,64.622,947.378,89.452,-96.718,0.00468,1,1
3826.00,506.000,0.88202,-73.580,45.635,107.070,152.705,59.696,952.304,89.465,-97.295,0.00440,1,1
3827.00,506.000,0.89150,-73.593,44.940,107.044,151.984,54.899,957.101,89.479,-98.016,0.00412,1,1
3828.00,506.000,0.90069,-73.606,44.081,107.017,151.099,50.249,961.751,89.492,-98.901,0.00385,1,1
3829.00,506.000,0.90955,-73.620,43.035,106.990,150.025,45.765,966.235,89.507,-99.975,0.00358,1,1
3830.00,506.000,0.91805,-73.633,41.771,106.962,148.733,41.468,970.532,89.522,-101.267,0.00331,1,1
3831.00,506.000,0.92613,-73.648,40.255,106.933,147.187,37.378,974.622,89.537,-102.813,0.00305,0,1
3832.00,506.000,0.93375,-73.663,38.442,106.902,145.344,33.520,978.480,89.553,-104.656,0.00279,0,1
3833.00,506.000,0.94087,-73.678,36.283,106.870,143.153,29.922,982.078,89.569,-106.847,0.00255,0,1
3834.00,506.000,0.94741,-73.693,33.718,106.836,140.554,26.610,985.390,89.585,-109.446,0.00232,0,1
3835.00,506.000,0.95332,-73.708,30.680,106.800,137.480,23.618,988.382,89.601,-112.520,0.00210,0,1
3836.00,506.000,0.95854,-73.722,27.098,106.762,133.860,20.980,991.020,89.617,-116.140,0.00191,0,1
3837.00,506.000,0.96297,-73.736,22.911,106.721,129.633,18.735,993.265,89.632,-120.367,0.00173,0,1
3838.00,506.000,0.96656,-73.748,18.084,106.678,124.762,16.921,995.079,89.645,-125.238,0.00159,0,1
3839.00,506.000,0.96921,-73.757,12.639,106.632,119.271,15.578,996.422,89.655,-130.729,0.00148,0,1
3840.00,506.000,0.97087,-73.763,6.684,106.585,113.269,14.741,997.259,89.663,-136.731,0.00141,0,1
3841.00,506.000,0.97147,-73.765,0.429,106.536,106.966,14.434,997.566,89.667,-143.034,0.00138,0,1
3842.00,506.000,0.97101,-73.764,354.154,106.488,100.642,14.668,997.332,89.667,-149.358,0.00139,0,1
3843.00,506.000,0.96950,-73.758,348.145,106.440,94.585,15.434,996.566,89.662,-155.415,0.00144,0,1
3844.00,506.000,0.96698,-73.749,342.622,106.395,89.017,16.710,995.290,89.655,-160.983,0.00154,0,1
3845.00,506.000,0.96351,-73.738,337.708,106.352,84.060,18.462,993.538,89.645,-165.940,0.00166,0,1
3846.00,506.000,0.95919,-73.725,333.435,106.312,79.747,20.651,991.349,89.633,-170.253,0.00181,0,1
3847.00,506.000,0.95408,-73.711,329.774,106.275,76.049,23.237,988.763,89.621,-173.951,0.00198,0,1
3848.00,506.000,0.94825,-73.697,326.666,106.240,72.906,26.183,985.817,89.607,-177.094,0.00218,0,1
3849.00,506.000,0.94179,-73.683,324.041,106.207,70.248,29.453,982.547,89.594,-179.752,0.00238,0,1
3850.00,506.000,0.93475,-73.669,321.830,106.176,68.006,33.014,978.986,89.581,178.006,0.00260,0,1
3851.00,506.000,0.92720,-73.655,319.974,106.146,66.121,36.838,975.162,89.568,176.121,0.00283,0,1
3852.00,506.000,0.91918,-73.641,318.420,106.118,64.538,40.897,971.103,89.555,174.538,0.00306,1,1
3853.00,506.000,0.91074,-73.628,317.124,106.091,63.215,45.168,966.832,89.543,173.215,0.00330,1,1
3854.00,506.000,0.90192,-73.615,316.050,106.065,62.115,49.627,962.373,89.531,172.115,0.00354,1,1
3855.00,506.000,0.89278,-73.603,315.168,106.039,61.207,54.255,957.745,89.519,171.207,0.00378,1,1
3856.00,506.000,0.88334,-73.592,314.452,106.015,60.467,59.032,952.968,89.508,170.467,0.00402,1,1
3857.00,506.000,0.87363,-73.580,313.881,105.990,59.872,63.941,948.059,89.498,169.872,0.00427,1,1
3858.00,506.000,0.86370,-73.569,313.439,105.966,59.405,68.966,943.034,89.487,169.405,0.00451,1,1
3859.00,506.000,0.85358,-73.559,313.108,105.943,59.051,74.090,937.910,89.478,169.051,0.00475,1,1
3860.00,506.000,0.84328,-73.549,312.878,105.920,58.798,79.300,932.700,89.468,168.798,0.00499,1,1
3861.00,506.000,0.83284,-73.539,312.737,105.897,58.634,84.583,927.417,89.459,168.634,0.00523,1,1
3862.00,506.000,0.82228,-73.530,312.675,105.874,58.550,89.925,922.075,89.450,168.550,0.00546,1,1
3863.00,506.000,0.81163,-73.521,312.685,105.852,58.537,95.314,916.686,89.442,168.537,0.00569,1,1
3864.00,506.000,0.80091,-73.512,312.759,105.829,58.588,100.740,911.260,89.434,168.588,0.00592,1,1
3865.00,506.000,0.79014,-73.504,312.891,105.807,58.698,106.191,905.809,89.426,168.698,0.00614,1,1
3866.00,506.000,0.77933,-73.496,313.075,105.785,58.860,111.658,900.342,89.419,168.860,0.00636,1,1
3867.00,506.000,0.76851,-73.488,313.306,105.763,59.068,117.132,894.868,89.412,169.068,0.00657,1,1
3868.00,506.000,0.75770,-73.481,313.579,105.741,59.320,122.603,889.397,89.405,169.320,0.00678,1,1
3869.00,506.000,0.74691,-73.473,313.891,105.719,59.610,128.063,883.937,89.398,169.610,0.00699,1,1
3870.00,506.000,0.73616,-73.466,314.238,105.697,59.935,133.504,878.496,89.392,169.935,0.00719,1,1
3871.00,506.000,0.72546,-73.460,314.616,105.675,60.291,138.919,873.081,89.386,170.291,0.00738,1,1
3872.00,506.000,0.71482,-73.453,315.023,105.653,60.676,144.301,867.699,89.380,170.676,0.00757,1,1
3873.00,506.000,0.70426,-73.447,315.455,105.631,61.086,149.644,862.356,89.374,171.086,0.00776,1,1
3874.00,506.000,0.69379,-73.441,315.911,105.609,61.520,154.942,857.058,89.368,171.520,0.00794,1,1
3875.00,506.000,0.68342,-73.435,316.387,105.587,61.974,160.189,851.811,89.363,171.974,0.00811,1,1
3876.00,506.000,0.67316,-73.430,316.881,105.565,62.447,165.381,846.619,89.358,172.447,0.00828,1,1
3877.00,506.000,0.66302,-73.424,317.393,105.543,62.936,170.512,841.488,89.353,172.936,0.00845,1,1
3878.00,506.000,0.65301,-73.419,317.919,105.521,63.440,175.579,836.421,89.349,173.440,0.00861,1,1
3879.00,506.000,0.64313,-73.414,318.458,105.499,63.957,180.577,831.423,89.344,173.957,0.00876,1,1
3880.00,506.000,0.63339,-73.409,319.008,105.478,64.486,185.504,826.496,89.340,174.486,0.00891,1,1
3881.00,506.000,0.62380,-73.404,319.569,105.456,65.025,190.356,821.644,89.336,175.025,0.00906,1,1
3882.00,506.000,0.61437,-73.400,320.138,105.434,65.572,195.130,816.870,89.332,175.572,0.00920,1,1
3883.00,506.000,0.60509,-73.396,320.715,105.412,66.127,199.824,812.176,89.328,176.127,0.00934,1,1
3884.00,506.000,0.59598,-73.391,321.299,105.390,66.689,204.436,807.564,89.324,176.689,0.00947,1,1
3885.00,506.000,0.58703,-73.387,321.888,105.368,67.256,208.964,803.036,89.321,177.256,0.00959,1,1
3886.00,506.000,0.57825,-73.383,322.481,105.346,67.827,213.406,798.594,89.318,177.827,0.00972,1,1
3887.00,506.000,0.56964,-73.380,323.078,105.324,68.402,217.762,794.238,89.314,178.402,0.00983,1,1
3888.00,506.000,0.56121,-73.376,323.678,105.303,68.980,222.030,789.970,89.311,178.980,0.00995,1,1
3889.00,506.000,0.55295,-73.373,324.279,105.281,69.560,226.209,785.791,89.308,179.560,0.01006,1,1
3890.00,506.000,0.54486,-73.369,324.883,105.259,70.141,230.300,781.700,89.306,-179.859,0.01016,1,1
3891.00,506.000,0.53695,-73.366,325.486,105.237,70.723,234.301,777.699,89.303,-179.277,0.01026,1,1
3892.00,506.000,0.52922,-73.363,326.090,105.215,71.306,238.213,773.787,89.300,-178.694,0.01036,1,1
3893.00,506.000,0.52167,-73.360,326.694,105.193,71.888,242.035,769.965,89.298,-178.112,0.01045,1,1
3894.00,506.000,0.51429,-73.357,327.297,105.172,72.469,245.768,766.232,89.296,-177.531,0.01054,1,1
3895.00,506.000,0.50709,-73.355,327.899,105.150,73.049,249.412,762.588,89.294,-176.951,0.01063,1,1
3896.00,506.000,0.50006,-73.352,328.499,105.128,73.627,252.967,759.033,89.291,-176.373,0.01071,1,1
3897.00,506.000,0.49321,-73.350,329.097,105.106,74.204,256.435,755.565,89.289,-175.796,0.01079,1,1
3898.00,506.000,0.48653,-73.347,329.693,105.085,74.778,259.816,752.184,89.288,-175.222,0.01086,1,1
3899.00,506.000,0.48002,-73.345,330.287,105.063,75.349,263.110,748.890,89.286,-174.651,0.01094,1,1
3900.00,506.000,0.47368,-73.343,330.877,105.041,75.919,266.319,745.681,89.284,-174.081,0.01101,1,1
3901.00,506.000,0.46750,-73.340,331.465,105.020,76.485,269.444,742.556,89.282,-173.515,0.01107,1,1
3902.00,506.000,0.46149,-73.338,332.050,104.998,77.048,272.486,739.514,89.281,-172.952,0.01113,1,1
3903.00,506.000,0.45564,-73.336,332.631,104.976,77.607,275.445,736.555,89.279,-172.393,0.01120,1,1
3904.00,506.000,0.44995,-73.335,333.209,104.955,78.163,278.323,733.677,89.278,-171.837,0.01125,1,1
3905.00,506.000,0.44442,-73.333,333.783,104.933,78.716,281.122,730.878,89.277,-171.284,0.01131,1,1
3906.00,506.000,0.43905,-73.331,334.353,104.912,79.265,283.842,728.158,89.275,-170.735,0.01136,1,1
3907.00,506.000,0.43383,-73.329,334.920,104.890,79.810,286.484,725.516,89.274,-170.190,0.01141,1,1
3908.00,506.000,0.42875,-73.328,335.483,104.869,80.352,289.051,722.949,89.273,-169.648,0.01146,1,1
3909.00,506.000,0.42383,-73.326,336.042,104.847,80.889,291.543,720.457,89.272,-169.111,0.01151,1,1
3910.00,506.000,0.41905,-73.325,336.597,104.826,81.423,293.961,718.039,89.271,-168.577,0.01155,1,1
3911.00,506.000,0.41441,-73.323,337.149,104.804,81.953,296.308,715.692,89.270,-168.047,0.01159,1,1
3912.00,506.000,0.40991,-73.322,337.696,104.783,82.479,298.584,713.416,89.269,-167.521,0.01163,1,1
3913.00,506.000,0.40555,-73.321,338.239,104.761,83.001,300.790,711.210,89.268,-166.999,0.01167,1,1
3914.00,506.000,0.40133,-73.319,338.779,104.740,83.519,302.928,709.072,89.268,-166.481,0.01171,1,1
3915.00,506.000,0.39723,-73.318,339.314,104.719,84.033,304.999,707.001,89.267,-165.967,0.01174,1,1
3916.00,506.000,0.39327,-73.317,339.846,104.697,84.543,307.005,704.995,89.266,-165.457,0.01177,1,1
3917.00,506.000,0.38943,-73.316,340.374,104.676,85.050,308.946,703.054,89.266,-164.950,0.01181,1,1
3918.00,506.000,0.38572,-73.315,340.898,104.655,85.553,310.825,701.175,89.265,-164.447,0.01184,1,1
3919.00,506.000,0.38213,-73.314,341.418,104.634,86.052,312.641,699.359,89.264,-163.948,0.01186,1,1
3920.00,506.000,0.37866,-73.313,341.935,104.612,86.547,314.397,697.603,89.264,-163.453,0.01189,1,1
3921.00,506.000,0.37531,-73.312,342.448,104.591,87.039,316.094,695.906,89.263,-162.961,0.01192,1,1
3922.00,506.000,0.37207,-73.311,342.957,104.570,87.527,317.732,694.268,89.263,-162.473,0.01194,1,1
3923.00,506.000,0.36895,-73.310,343.463,104.549,88.012,319.313,692.687,89.263,-161.988,0.01196,1,1
3924.00,506.000,0.36593,-73.309,343.965,104.528,88.493,320.838,691.162,89.262,-161.507,0.01198,1,1
3925.00,506.000,0.36303,-73.309,344.464,104.507,88.971,322.308,689.692,89.262,-161.029,0.01200,1,1
3926.00,506.000,0.36023,-73.308,344.960,104.485,89.446,323.724,688.276,89.262,-160.554,0.01202,1,1
3927.00,506.000,0.35754,-73.307,345.453,104.464,89.917,325.087,686.913,89.261,-160.083,0.01204,1,1
3928.00,506.000,0.35495,-73.307,345.942,104.443,90.386,326.398,685.602,89.261,-159.614,0.01206,1,1
3929.00,506.000,0.35246,-73.306,346.429,104.422,90.851,327.658,684.342,89.261,-159.149,0.01207,1,1
3930.00,506.000,0.35006,-73.305,346.913,104.401,91.314,328.867,683.133,89.261,-158.686,0.01209,1,1
3931.00,506.000,0.34777,-73.305,347.393,104.380,91.773,330.028,681.972,89.261,-158.227,0.01210,1,1
3932.00,506.000,0.34557,-73.304,347.871,104.359,92.230,331.140,680.860,89.260,-157.770,0.01211,1,1
3933.00,506.000,0.34347,-73.304,348.347,104.338,92.685,332.204,679.796,89.260,-157.315,0.01213,1,1
3934.00,506.000,0.34146,-73.303,348.819,104.317,93.137,333.222,678.778,89.260,-156.863,0.01214,1,1
3935.00,506.000,0.33954,-73.303,349.290,104.296,93.586,334.193,677.807,89.260,-156.414,0.01215,1,1
3936.00,506.000,0.33771,-73.302,349.758,104.275,94.033,335.119,676.881,89.260,-155.967,0.01216,1,1
3937.00,506.000,0.33597,-73.302,350.223,104.254,94.478,336.001,675.999,89.260,-155.522,0.01216,1,1
3938.00,506.000,0.33431,-73.301,350.687,104.233,94.920,336.838,675.162,89.260,-155.080,0.01217,1,1
3939.00,506.000,0.33274,-73.301,351.148,104.213,95.361,337.632,674.368,89.260,-154.639,0.01218,1,1
3940.00,506.000,0.33126,-73.301,351.608,104.192,95.800,338.383,673.617,89.260,-154.200,0.01218,1,1
3941.00,506.000,0.32986,-73.300,352.066,104.171,96.236,339.092,672.908,89.260,-153.764,0.01219,1,1
3942.00,506.000,0.32854,-73.300,352.521,104.150,96.671,339.760,672.240,89.260,-153.329,0.01219,1,1
3943.00,506.000,0.32730,-73.300,352.976,104.129,97.105,340.386,671.614,89.260,-152.895,0.01220,1,1
3944.00,506.000,0.32614,-73.299,353.428,104.108,97.536,340.971,671.029,89.260,-152.464,0.01220,1,1
3945.00,506.000,0.32507,-73.299,353.879,104.087,97.967,341.516,670.484,89.261,-152.033,0.01220,1,1
3946.00,506.000,0.32407,-73.299,354.329,104.067,98.396,342.021,669.979,89.261,-151.604,0.01221,1,1
3947.00,506.000,0.32315,-73.299,354.777,104.046,98.823,342.487,669.513,89.261,-151.177,0.01221,1,1
3948.00,506.000,0.32231,-73.298,355.225,104.025,99.250,342.913,669.087,89.261,-150.750,0.01221,1,1
3949.00,506.000,0.32154,-73.298,355.671,104.004,99.675,343.301,668.699,89.261,-150.325,0.01221,1,1
3950.00,506.000,0.32085,-73.298,356.116,103.983,100.100,343.650,668.350,89.262,-149.900,0.01221,1,1
3951.00,506.000,0.32024,-73.298,356.560,103.963,100.523,343.961,668.039,89.262,-149.477,0.01221,1,1
3952.00,506.000,0.31970,-73.298,357.004,103.942,100.946,344.233,667.767,89.262,-149.054,0.01220,1,1
3953.00,506.000,0.31923,-73.298,357.447,103.921,101.368,344.468,667.532,89.262,-148.632,0.01220,1,1
3954.00,506.000,0.31884,-73.298,357.889,103.900,101.790,344.666,667.334,89.263,-148.210,0.01220,1,1
3955.00,506.000,0.31853,-73.298,358.331,103.880,102.211,344.825,667.175,89.263,-147.789,0.01219,1,1
3956.00,506.000,0.31829,-73.298,358.772,103.859,102.631,344.948,667.052,89.263,-147.369,0.01219,1,1
3957.00,506.000,0.31812,-73.297,359.214,103.838,103.052,345.033,666.967,89.264,-146.948,0.01219,1,1
3958.00,506.000,0.31802,-73.297,359.655,103.818,103.472,345.080,666.920,89.264,-146.528,0.01218,1,1
3959.00,506.000,0.31800,-73.297,0.096,103.797,103.892,345.091,666.909,89.264,-146.108,0.01217,1,1
3960.00,506.000,0.31806,-73.297,0.537,103.776,104.313,345.064,666.936,89.265,-145.687,0.01217,1,1
3961.00,506.000,0.31818,-73.297,0.978,103.755,104.733,345.000,667.000,89.265,-145.267,0.01216,1,1
3962.00,506.000,0.31838,-73.298,1.419,103.735,105.154,344.899,667.101,89.265,-144.846,0.01215,1,1
3963.00,506.000,0.31865,-73.298,1.860,103.714,105.574,344.761,667.239,89.266,-144.426,0.01215,1,1
3964.00,506.000,0.31900,-73.298,2.303,103.693,105.996,344.585,667.415,89.266,-144.004,0.01214,1,1
3965.00,506.000,0.31942,-73.298,2.745,103.673,106.418,344.371,667.629,89.267,-143.582,0.01213,1,1
3966.00,506.000,0.31992,-73.298,3.188,103.652,106.840,344.120,667.880,89.267,-143.160,0.01212,1,1
3967.00,506.000,0.32049,-73.298,3.632,103.631,107.263,343.831,668.169,89.268,-142.737,0.01211,1,1
3968.00,506.000,0.32114,-73.298,4.077,103.611,107.687,343.503,668.497,89.268,-142.313,0.01210,1,1
3969.00,506.000,0.32186,-73.298,4.522,103.590,108.112,343.138,668.862,89.269,-141.888,0.01208,1,1
3970.00,506.000,0.32266,-73.299,4.969,103.569,108.538,342.733,669.267,89.269,-141.462,0.01207,1,1
3971.00,506.000,0.32354,-73.299,5.417,103.548,108.965,342.290,669.710,89.270,-141.035,0.01206,1,1
3972.00,506.000,0.32449,-73.299,5.866,103.528,109.394,341.807,670.193,89.270,-140.606,0.01205,1,1
3973.00,506.000,0.32552,-73.299,6.316,103.507,109.823,341.285,670.715,89.271,-140.177,0.01203,1,1
3974.00,506.000,0.32664,-73.299,6.768,103.486,110.254,340.722,671.278,89.271,-139.746,0.01202,1,1
3975.00,506.000,0.32783,-73.300,7.221,103.466,110.687,340.120,671.880,89.272,-139.313,0.01200,1,1
3976.00,506.000,0.32910,-73.300,7.676,103.445,111.121,339.476,672.524,89.273,-138.879,0.01199,1,1
3977.00,506.000,0.33045,-73.300,8.133,103.424,111.557,338.791,673.209,89.273,-138.443,0.01197,1,1
3978.00,506.000,0.33189,-73.301,8.591,103.404,111.995,338.063,673.937,89.274,-138.005,0.01195,1,1
3979.00,506.000,0.33341,-73.301,9.052,103.383,112.434,337.294,674.706,89.275,-137.566,0.01193,1,1
3980.00,506.000,0.33502,-73.301,9.514,103.362,112.876,336.481,675.519,89.275,-137.124,0.01192,1,1
3981.00,506.000,0.33671,-73.302,9.978,103.342,113.320,335.625,676.375,89.276,-136.680,0.01190,1,1
3982.00,506.000,0.33849,-73.302,10.445,103.321,113.766,334.724,677.276,89.277,-136.234,0.01188,1,1
3983.00,506.000,0.34036,-73.303,10.914,103.300,114.214,333.778,678.222,89.278,-135.786,0.01185,1,1
3984.00,506.000,0.34232,-73.303,11.386,103.279,114.665,332.787,679.213,89.278,-135.335,0.01183,1,1
3985.00,506.000,0.34437,-73.304,11.859,103.259,115.118,331.749,680.251,89.279,-134.882,0.01181,1,1
3986.00,506.000,0.34651,-73.304,12.336,103.238,115.574,330.665,681.335,89.280,-134.426,0.01179,1,1
3987.00,506.000,0.34875,-73.305,12.815,103.217,116.032,329.532,682.468,89.281,-133.968,0.01176,1,1
3988.00,506.000,0.35109,-73.305,13.297,103.197,116.494,328.350,683.650,89.282,-133.506,0.01174,1,1
3989.00,506.000,0.35352,-73.306,13.782,103.176,116.958,327.119,684.881,89.283,-133.042,0.01171,1,1
3990.00,506.000,0.35605,-73.307,14.270,103.155,117.425,325.837,686.163,89.284,-132.575,0.01168,1,1
3991.00,506.000,0.35869,-73.307,14.761,103.134,117.895,324.504,687.496,89.285,-132.105,0.01165,1,1
3992.00,506.000,0.36143,-73.308,15.255,103.113,118.368,323.119,688.881,89.286,-131.632,0.01162,1,1
3993.00,506.000,0.36427,-73.309,15.752,103.093,118.845,321.680,690.320,89.287,-131.155,0.01159,1,1
3994.00,506.000,0.36722,-73.309,16.253,103.072,119.325,320.186,691.814,89.288,-130.675,0.01156,1,1
3995.00,506.000,0.37028,-73.310,16.757,103.051,119.808,318.637,693.363,89.289,-130.192,0.01153,1,1
3996.00,506.000,0.37345,-73.311,17.264,103.030,120.295,317.032,694.968,89.290,-129.705,0.01150,1,1
3997.00,506.000,0.37674,-73.312,17.775,103.010,120.785,315.369,696.631,89.291,-129.215,0.01146,1,1
3998.00,506.000,0.38014,-73.313,18.290,102.989,121.279,313.647,698.353,89.292,-128.721,0.01142,1,1
3999.00,506.000,0.38367,-73.314,18.808,102.968,121.776,311.865,700.135,89.294,-128.224,0.01139,1,1
4000.00,506.000,0.38731,-73.315,19.330,102.947,122.277,310.022,701.978,89.295,-127.723,0.01135,1,1
4001.00,506.000,0.39107,-73.316,19.856,102.926,122.782,308.117,703.883,89.296,-127.218,0.01131,1,1
4002.00,506.000,0.39496,-73.317,20.385,102.905,123.291,306.148,705.852,89.297,-126.709,0.01126,1,1
4003.00,506.000,0.39898,-73.318,20.919,102.884,123.803,304.114,707.886,89.299,-126.197,0.01122,1,1
4004.00,506.000,0.40313,-73.319,21.456,102.864,124.320,302.015,709.985,89.300,-125.680,0.01118,1,1
4005.00,506.000,0.40742,-73.320,21.997,102.843,124.840,299.847,712.153,89.302,-125.160,0.01113,1,1
4006.00,506.000,0.41183,-73.322,22.543,102.822,125.364,297.612,714.388,89.303,-124.636,0.01108,1,1
4007.00,506.000,0.41639,-73.323,23.092,102.801,125.893,295.306,716.694,89.305,-124.107,0.01103,1,1
4008.00,506.000,0.42109,-73.324,23.645,102.780,126.425,292.929,719.071,89.307,-123.575,0.01098,1,1
4009.00,506.000,0.42593,-73.326,24.202,102.759,126.961,290.479,721.521,89.308,-123.039,0.01092,1,1
4010.00,506.000,0.43092,-73.327,24.763,102.738,127.501,287.955,724.045,89.310,-122.499,0.01087,1,1
4011.00,506.000,0.43606,-73.329,25.328,102.717,128.045,285.356,726.644,89.312,-121.955,0.01081,1,1
4012.00,506.000,0.44134,-73.330,25.896,102.696,128.592,282.681,729.319,89.314,-121.408,0.01075,1,1
4013.00,506.000,0.44678,-73.332,26.469,102.675,129.144,279.927,732.073,89.316,-120.856,0.01069,1,1
4014.00,506.000,0.45238,-73.334,27.044,102.654,129.699,277.095,734.905,89.318,-120.301,0.01062,1,1
4015.00,506.000,0.45814,-73.336,27.624,102.633,130.257,274.182,737.818,89.320,-119.743,0.01055,1,1
4016.00,506.000,0.46406,-73.338,28.207,102.612,130.819,271.188,740.812,89.322,-119.181,0.01048,1,1
4017.00,506.000,0.47014,-73.340,28.793,102.591,131.384,268.111,743.889,89.324,-118.616,0.01041,1,1
4018.00,506.000,0.47638,-73.342,29.382,102.570,131.952,264.950,747.050,89.326,-118.048,0.01034,1,1
4019.00,506.000,0.48280,-73.344,29.975,102.549,132.524,261.705,750.295,89.329,-117.476,0.01026,1,1
4020.00,506.000,0.48938,-73.346,30.569,102.528,133.097,258.373,753.627,89.331,-116.903,0.01018,1,1
4021.00,506.000,0.49614,-73.348,31.167,102.507,133.673,254.956,757.044,89.334,-116.327,0.01010,1,1
4022.00,506.000,0.50306,-73.351,31.766,102.486,134.252,251.450,760.550,89.336,-115.748,0.01001,1,1
4023.00,506.000,0.51016,-73.353,32.367,102.465,134.832,247.857,764.143,89.339,-115.168,0.00992,1,1
4024.00,506.000,0.51744,-73.356,32.970,102.444,135.413,244.175,767.825,89.342,-114.587,0.00983,1,1
4025.00,506.000,0.52489,-73.358,33.573,102.423,135.996,240.404,771.596,89.345,-114.004,0.00973,1,1
4026.00,506.000,0.53252,-73.361,34.178,102.402,136.579,236.544,775.456,89.348,-113.421,0.00963,1,1
4027.00,506.000,0.54033,-73.364,34.782,102.381,137.163,232.594,779.406,89.351,-112.837,0.00953,1,1
4028.00,506.000,0.54831,-73.367,35.386,102.359,137.746,228.555,783.445,89.354,-112.254,0.00942,1,1
4029.00,506.000,0.55647,-73.370,35.989,102.338,138.327,224.427,787.573,89.358,-111.673,0.00931,1,1
4030.00,506.000,0.56480,-73.374,36.590,102.317,138.908,220.209,791.791,89.361,-111.092,0.00920,1,1
4031.00,506.000,0.57331,-73.377,37.190,102.296,139.486,215.904,796.096,89.365,-110.514,0.00908,1,1
4032.00,506.000,0.58199,-73.380,37.786,102.275,140.061,211.511,800.489,89.369,-109.939,0.00896,1,1
4033.00,506.000,0.59085,-73.384,38.378,102.254,140.632,207.032,804.968,89.372,-109.368,0.00884,1,1
4034.00,506.000,0.59986,-73.388,38.965,102.233,141.198,202.468,809.532,89.376,-108.802,0.00871,1,1
4035.00,506.000,0.60905,-73.392,39.546,102.212,141.758,197.821,814.179,89.381,-108.242,0.00858,1,1
4036.00,506.000,0.61839,-73.396,40.121,102.191,142.312,193.093,818.907,89.385,-107.688,0.00844,1,1
4037.00,506.000,0.62789,-73.400,40.687,102.170,142.857,188.285,823.715,89.389,-107.143,0.00830,1,1
4038.00,506.000,0.63755,-73.404,41.244,102.149,143.393,183.401,828.599,89.394,-106.607,0.00815,1,1
4039.00,506.000,0.64734,-73.409,41.791,102.128,143.919,178.444,833.556,89.399,-106.081,0.00800,1,1
4040.00,506.000,0.65728,-73.414,42.325,102.107,144.432,173.416,838.584,89.403,-105.568,0.00785,1,1
4041.00,506.000,0.66735,-73.419,42.846,102.086,144.932,168.321,843.679,89.409,-105.068,0.00769,1,1
4042.00,506.000,0.67754,-73.424,43.351,102.065,145.416,163.164,848.836,89.414,-104.584,0.00753,1,1
4043.00,506.000,0.68785,-73.429,43.839,102.044,145.883,157.948,854.052,89.419,-104.117,0.00736,1,1
4044.00,506.000,0.69826,-73.434,44.307,102.023,146.331,152.679,859.321,89.425,-103.669,0.00719,1,1
4045.00,506.000,0.70877,-73.440,44.754,102.002,146.756,147.361,864.639,89.431,-103.244,0.00701,1,1
4046.00,506.000,0.71937,-73.446,45.177,101.981,147.158,142.001,869.999,89.437,-102.842,0.00683,1,1
4047.00,506.000,0.73003,-73.452,45.573,101.960,147.533,136.604,875.396,89.443,-102.467,0.00665,1,1
4048.00,506.000,0.74076,-73.458,45.939,101.940,147.879,131.178,880.822,89.449,-102.121,0.00646,1,1
4049.00,506.000,0.75153,-73.464,46.273,101.919,148.191,125.728,886.272,89.456,-101.809,0.00627,1,1
4050.00,506.000,0.76233,-73.471,46.570,101.898,148.468,120.262,891.738,89.463,-101.532,0.00607,1,1
4051.00,506.000,0.77314,-73.478,46.827,101.877,148.704,114.790,897.210,89.470,-101.296,0.00587,1,1
4052.00,506.000,0.78396,-73.485,47.040,101.856,148.896,109.318,902.682,89.477,-101.104,0.00567,1,1
4053.00,506.000,0.79475,-73.492,47.204,101.834,149.039,103.857,908.143,89.485,-100.961,0.00546,1,1
4054.00,506.000,0.80550,-73.500,47.314,101.813,149.127,98.415,913.585,89.492,-100.873,0.00525,1,1
4055.00,506.000,0.81620,-73.508,47.363,101.792,149.155,93.004,918.996,89.500,-100.845,0.00504,1,1
4056.00,506.000,0.82681,-73.516,47.345,101.771,149.116,87.633,924.367,89.509,-100.884,0.00482,1,1
4057.00,506.000,0.83732,-73.525,47.253,101.749,149.002,82.315,929.685,89.518,-100.998,0.00460,1,1
4058.00,506.000,0.84770,-73.533,47.077,101.727,148.805,77.062,934.938,89.527,-101.195,0.00438,1,1
4059.00,506.000,0.85793,-73.543,46.808,101.705,148.514,71.886,940.114,89.536,-101.486,0.00416,1,1
4060.00,506.000,0.86798,-73.552,46.435,101.683,148.118,66.802,945.198,89.546,-101.882,0.00394,1,1
4061.00,506.000,0.87782,-73.562,45.942,101.660,147.603,61.824,950.176,89.556,-102.397,0.00372,1,1
4062.00,506.000,0.88741,-73.572,45.315,101.638,146.953,56.968,955.032,89.566,-103.047,0.00349,1,1
4063.00,506.000,0.89674,-73.583,44.535,101.614,146.149,52.252,959.748,89.577,-103.851,0.00327,1,1
4064.00,506.000,0.90575,-73.594,43.578,101.590,145.168,47.692,964.308,89.588,-104.832,0.00305,1,1
4065.00,506.000,0.91441,-73.605,42.417,101.565,143.983,43.309,968.691,89.600,-106.017,0.00283,1,1
4066.00,506.000,0.92268,-73.617,41.021,101.540,142.561,39.124,972.876,89.611,-107.439,0.00261,0,1
4067.00,506.000,0.93051,-73.629,39.349,101.513,140.862,35.160,976.840,89.624,-109.138,0.00241,0,1
4068.00,506.000,0.93786,-73.641,37.354,101.485,138.839,31.442,980.558,89.636,-111.161,0.00220,0,1
4069.00,506.000,0.94467,-73.654,34.980,101.456,136.436,27.998,984.002,89.649,-113.564,0.00201,0,1
4070.00,506.000,0.95087,-73.667,32.163,101.425,133.589,24.859,987.141,89.662,-116.411,0.00183,0,1
4071.00,506.000,0.95641,-73.679,28.833,101.392,130.226,22.057,989.943,89.674,-119.774,0.00166,0,1
4072.00,506.000,0.96120,-73.691,24.922,101.358,126.280,19.630,992.370,89.686,-123.720,0.00151,0,1
4073.00,506.000,0.96518,-73.701,20.379,101.321,121.700,17.617,994.383,89.697,-128.300,0.00138,0,1
4074.00,506.000,0.96827,-73.710,15.196,101.281,116.477,16.057,995.943,89.706,-133.523,0.00128,0,1
4075.00,506.000,0.97038,-73.717,9.439,101.240,110.679,14.989,997.011,89.713,-139.321,0.00121,0,1
4076.00,506.000,0.97146,-73.720,3.273,101.198,104.471,14.441,997.559,89.717,-145.529,0.00117,0,1
4077.00,506.000,0.97148,-73.720,356.955,101.154,98.109,14.431,997.569,89.717,-151.891,0.00117,0,1
4078.00,506.000,0.97044,-73.717,350.779,101.112,91.891,14.959,997.041,89.714,-158.109,0.00120,0,1
4079.00,506.000,0.96836,-73.710,345.003,101.071,86.074,16.010,995.990,89.708,-163.926,0.00127,0,1
4080.00,506.000,0.96531,-73.702,339.797,101.032,80.829,17.552,994.448,89.699,-169.171,0.00137,0,1
4081.00,506.000,0.96136,-73.691,335.231,100.995,76.226,19.550,992.450,89.689,-173.774,0.00149,0,1
4082.00,506.000,0.95660,-73.680,331.298,100.960,72.258,21.963,990.037,89.677,-177.742,0.00164,0,1
4083.00,506.000,0.95108,-73.667,327.948,100.927,68.875,24.751,987.249,89.665,178.875,0.00180,0,1
4084.00,506.000,0.94490,-73.655,325.114,100.897,66.010,27.879,984.121,89.653,176.010,0.00198,0,1
4085.00,506.000,0.93812,-73.642,322.725,100.867,63.593,31.312,980.688,89.641,173.593,0.00217,0,1
4086.00,506.000,0.93079,-73.630,320.717,100.840,61.557,35.021,976.979,89.629,171.557,0.00237,0,1
4087.00,506.000,0.92297,-73.618,319.035,100.813,59.848,38.976,973.024,89.617,169.848,0.00257,0,1
4088.00,506.000,0.91472,-73.607,317.629,100.788,58.417,43.154,968.846,89.605,168.417,0.00278,1,1
4089.00,506.000,0.90607,-73.595,316.461,100.763,57.224,47.530,964.470,89.594,167.224,0.00300,1,1
4090.00,506.000,0.89707,-73.584,315.497,100.739,56.237,52.083,959.917,89.583,166.237,0.00321,1,1
4091.00,506.000,0.88776,-73.574,314.711,100.716,55.427,56.794,955.206,89.573,165.427,0.00343,1,1
4092.00,506.000,0.87817,-73.564,314.078,100.693,54.772,61.645,950.355,89.563,164.772,0.00365,1,1
4093.00,506.000,0.86834,-73.554,313.581,100.671,54.252,66.619,945.381,89.553,164.252,0.00387,1,1
4094.00,506.000,0.85830,-73.545,313.203,100.649,53.852,71.699,940.301,89.544,163.852,0.00408,1,1
4095.00,506.000,0.84808,-73.536,312.931,100.627,53.558,76.872,935.128,89.535,163.558,0.00430,1,1
4096.00,506.000,0.83770,-73.527,312.752,100.605,53.358,82.122,929.878,89.526,163.358,0.00451,1,1
4097.00,506.000,0.82720,-73.519,312.657,100.584,53.241,87.438,924.562,89.518,163.241,0.00473,1,1
4098.00,506.000,0.81659,-73.511,312.637,100.563,53.200,92.807,919.193,89.510,163.200,0.00494,1,1
4099.00,506.000,0.80590,-73.503,312.684,100.542,53.225,98.217,913.783,89.502,163.225,0.00514,1,1
4100.00,506.000,0.79514,-73.495,312.791,100.521,53.312,103.657,908.343,89.495,163.312,0.00535,1,1
4101.00,506.000,0.78435,-73.488,312.953,100.500,53.453,109.118,902.882,89.488,163.453,0.00555,1,1
4102.00,506.000,0.77354,-73.481,313.164,100.479,53.643,114.589,897.411,89.481,163.643,0.00574,1,1
4103.00,506.000,0.76272,-73.474,313.420,100.458,53.878,120.062,891.938,89.474,163.878,0.00594,1,1
4104.00,506.000,0.75192,-73.468,313.716,100.438,54.154,125.527,886.473,89.467,164.154,0.00613,1,1
4105.00,506.000,0.74115,-73.462,314.048,100.417,54.465,130.978,881.022,89.461,164.465,0.00631,1,1
4106.00,506.000,0.73042,-73.456,314.414,100.396,54.810,136.405,875.595,89.455,164.810,0.00649,1,1
4107.00,506.000,0.71976,-73.450,314.809,100.375,55.184,141.803,870.197,89.449,165.184,0.00667,1,1
4108.00,506.000,0.70916,-73.444,315.230,100.355,55.585,147.164,864.836,89.444,165.585,0.00685,1,1
4109.00,506.000,0.69865,-73.438,315.676,100.334,56.010,152.483,859.517,89.438,166.010,0.00701,1,1
4110.00,506.000,0.68823,-73.433,316.144,100.313,56.457,157.754,854.246,89.433,166.457,0.00718,1,1
4111.00,506.000,0.67792,-73.428,316.631,100.293,56.924,162.972,849.028,89.428,166.924,0.00734,1,1
4112.00,506.000,0.66773,-73.423,317.136,100.272,57.408,168.131,843.869,89.423,167.408,0.00750,1,1
4113.00,506.000,0.65765,-73.418,317.656,100.251,57.907,173.228,838.772,89.418,167.907,0.00765,1,1
4114.00,506.000,0.64771,-73.414,318.190,100.230,58.420,178.258,833.742,89.414,168.420,0.00780,1,1
4115.00,506.000,0.63791,-73.409,318.736,100.210,58.946,183.218,828.782,89.409,168.946,0.00794,1,1
4116.00,506.000,0.62825,-73.405,319.293,100.189,59.482,188.104,823.896,89.405,169.482,0.00808,1,1
4117.00,506.000,0.61875,-73.401,319.859,100.168,60.027,192.914,819.086,89.401,170.027,0.00821,1,1
4118.00,506.000,0.60940,-73.397,320.433,100.147,60.581,197.645,814.355,89.397,170.581,0.00834,1,1
4119.00,506.000,0.60021,-73.393,321.014,100.127,61.141,202.295,809.705,89.393,171.141,0.00847,1,1
4120.00,506.000,0.59118,-73.390,321.601,100.106,61.707,206.862,805.138,89.390,171.707,0.00859,1,1
4121.00,506.000,0.58232,-73.386,322.193,100.085,62.278,211.344,800.656,89.386,172.278,0.00871,1,1
4122.00,506.000,0.57364,-73.383,322.789,100.064,62.853,215.739,796.261,89.383,172.853,0.00883,1,1
4123.00,506.000,0.56512,-73.379,323.388,100.044,63.432,220.048,791.952,89.379,173.432,0.00894,1,1
4124.00,506.000,0.55678,-73.376,323.989,100.023,64.012,224.268,787.732,89.376,174.012,0.00905,1,1
4125.00,506.000,0.54862,-73.373,324.592,100.002,64.594,228.399,783.601,89.373,174.594,0.00915,1,1
4126.00,506.000,0.54063,-73.370,325.196,99.981,65.178,232.442,779.558,89.370,175.178,0.00925,1,1
4127.00,506.000,0.53282,-73.367,325.801,99.961,65.761,236.394,775.606,89.367,175.761,0.00934,1,1
4128.00,506.000,0.52518,-73.365,326.405,99.940,66.345,240.258,771.742,89.365,176.345,0.00944,1,1
4129.00,506.000,0.51772,-73.362,327.009,99.919,66.928,244.031,767.969,89.362,176.928,0.00953,1,1
4130.00,506.000,0.51044,-73.359,327.611,99.898,67.510,247.716,764.284,89.359,177.510,0.00961,1,1
4131.00,506.000,0.50334,-73.357,328.213,99.878,68.090,251.312,760.688,89.357,178.090,0.00970,1,1
4132.00,506.000,0.49640,-73.355,328.812,99.857,68.669,254.821,757.179,89.355,178.669,0.00978,1,1
4133.00,506.000,0.48964,-73.352,329.409,99.836,69.245,258.241,753.759,89.352,179.245,0.00986,1,1
4134.00,506.000,0.48305,-73.350,330.004,99.815,69.820,261.575,750.425,89.350,179.820,0.00993,1,1
4135.00,506.000,0.47663,-73.348,330.596,99.795,70.391,264.824,747.176,89.348,-179.609,0.01000,1,1
4136.00,506.000,0.47038,-73.346,331.186,99.774,70.960,267.987,744.013,89.346,-179.040,0.01007,1,1
4137.00,506.000,0.46429,-73.344,331.772,99.753,71.525,271.067,740.933,89.344,-178.475,0.01014,1,1
4138.00,506.000,0.45837,-73.343,332.355,99.733,72.088,274.064,737.936,89.342,-177.912,0.01020,1,1
4139.00,506.000,0.45261,-73.341,332.935,99.712,72.647,276.979,735.021,89.341,-177.353,0.01026,1,1
4140.00,506.000,0.44701,-73.339,333.511,99.691,73.202,279.815,732.185,89.339,-176.798,0.01032,1,1
4141.00,506.000,0.44156,-73.337,334.083,99.671,73.754,282.571,729.429,89.337,-176.246,0.01038,1,1
4142.00,506.000,0.43627,-73.336,334.652,99.650,74.302,285.249,726.751,89.336,-175.698,0.01043,1,1
4143.00,506.000,0.43113,-73.334,335.217,99.629,74.846,287.850,724.150,89.334,-175.154,0.01049,1,1
4144.00,506.000,0.42613,-73.333,335.778,99.609,75.387,290.376,721.624,89.333,-174.613,0.01054,1,1
4145.00,506.000,0.42129,-73.332,336.335,99.588,75.923,292.829,719.171,89.331,-174.077,0.01059,1,1
4146.00,506.000,0.41658,-73.330,336.888,99.568,76.456,295.208,716.792,89.330,-173.544,0.01063,1,1
4147.00,506.000,0.41202,-73.329,337.438,99.547,76.985,297.516,714.484,89.328,-173.015,0.01068,1,1
4148.00,506.000,0.40760,-73.328,337.983,99.527,77.510,299.755,712.245,89.327,-172.490,0.01072,1,1
4149.00,506.000,0.40331,-73.327,338.524,99.506,78.030,301.924,710.076,89.326,-171.970,0.01076,1,1
4150.00,506.000,0.39916,-73.325,339.062,99.486,78.547,304.026,707.974,89.325,-171.453,0.01080,1,1
4151.00,506.000,0.39513,-73.324,339.595,99.465,79.060,306.062,705.938,89.324,-170.940,0.01084,1,1
4152.00,506.000,0.39124,-73.323,340.125,99.445,79.570,308.033,703.967,89.323,-170.430,0.01088,1,1
4153.00,506.000,0.38747,-73.322,340.651,99.424,80.075,309.940,702.060,89.322,-169.925,0.01092,1,1
4154.00,506.000,0.38382,-73.321,341.173,99.404,80.577,311.785,700.215,89.321,-169.423,0.01095,1,1
4155.00,506.000,0.38030,-73.320,341.691,99.383,81.075,313.569,698.431,89.320,-168.925,0.01098,1,1
4156.00,506.000,0.37689,-73.320,342.206,99.363,81.569,315.293,696.707,89.319,-168.431,0.01101,1,1
4157.00,506.000,0.37360,-73.319,342.717,99.342,82.060,316.958,695.042,89.318,-167.940,0.01104,1,1
4158.00,506.000,0.37042,-73.318,343.225,99.322,82.547,318.565,693.435,89.317,-167.453,0.01107,1,1
4159.00,506.000,0.36736,-73.317,343.729,99.302,83.031,320.116,691.884,89.316,-166.969,0.01110,1,1
4160.00,506.000,0.36440,-73.316,344.230,99.281,83.511,321.611,690.389,89.315,-166.489,0.01113,1,1
4161.00,506.000,0.36156,-73.316,344.727,99.261,83.988,323.052,688.948,89.315,-166.012,0.01115,1,1
4162.00,506.000,0.35882,-73.315,345.221,99.241,84.462,324.439,687.561,89.314,-165.538,0.01118,1,1
4163.00,506.000,0.35618,-73.314,345.712,99.220,84.932,325.774,686.226,89.313,-165.068,0.01120,1,1
4164.00,506.000,0.35364,-73.314,346.200,99.200,85.400,327.058,684.942,89.312,-164.600,0.01123,1,1
4165.00,506.000,0.35120,-73.313,346.685,99.179,85.865,328.291,683.709,89.312,-164.135,0.01125,1,1
4166.00,506.000,0.34887,-73.313,347.167,99.159,86.327,329.474,682.526,89.311,-163.673,0.01127,1,1
4167.00,506.000,0.34662,-73.312,347.647,99.139,86.786,330.608,681.392,89.310,-163.214,0.01129,1,1
4168.00,506.000,0.34448,-73.312,348.123,99.119,87.242,331.695,680.305,89.310,-162.758,0.01131,1,1
4169.00,506.000,0.34242,-73.311,348.597,99.098,87.696,332.734,679.266,89.309,-162.304,0.01133,1,1
4170.00,506.000,0.34046,-73.311,349.069,99.078,88.147,333.727,678.273,89.309,-161.853,0.01134,1,1
4171.00,506.000,0.33859,-73.310,349.538,99.058,88.596,334.674,677.326,89.308,-161.404,0.01136,1,1
4172.00,506.000,0.33681,-73.310,350.005,99.037,89.042,335.576,676.424,89.308,-160.958,0.01138,1,1
4173.00,506.000,0.33511,-73.309,350.469,99.017,89.486,336.434,675.566,89.307,-160.514,0.01139,1,1
4174.00,506.000,0.33350,-73.309,350.932,98.997,89.929,337.248,674.752,89.307,-160.071,0.01141,1,1
4175.00,506.000,0.33198,-73.309,351.392,98.977,90.369,338.019,673.981,89.306,-159.631,0.01142,1,1
4176.00,506.000,0.33054,-73.308,351.851,98.956,90.807,338.748,673.252,89.306,-159.193,0.01143,1,1
4177.00,506.000,0.32918,-73.308,352.307,98.936,91.243,339.434,672.566,89.306,-158.757,0.01144,1,1
4178.00,506.000,0.32791,-73.308,352.762,98.916,91.678,340.079,671.921,89.305,-158.322,0.01146,1,1
4179.00,506.000,0.32671,-73.308,353.216,98.896,92.111,340.684,671.316,89.305,-157.889,0.01147,1,1
4180.00,506.000,0.32560,-73.307,353.667,98.875,92.543,341.248,670.752,89.304,-157.457,0.01148,1,1
4181.00,506.000,0.32456,-73.307,354.118,98.855,92.973,341.771,670.229,89.304,-157.027,0.01149,1,1
4182.00,506.000,0.32361,-73.307,354.567,98.835,93.402,342.255,669.745,89.304,-156.598,0.01150,1,1
4183.00,506.000,0.32273,-73.307,355.015,98.815,93.829,342.700,669.300,89.303,-156.171,0.01151,1,1
4184.00,506.000,0.32193,-73.307,355.461,98.795,94.256,343.106,668.894,89.303,-155.744,0.01151,1,1
4185.00,506.000,0.32120,-73.306,355.907,98.774,94.681,343.473,668.527,89.303,-155.319,0.01152,1,1
4186.00,506.000,0.32055,-73.306,356.352,98.754,95.106,343.802,668.198,89.303,-154.894,0.01153,1,1
4187.00,506.000,0.31998,-73.306,356.796,98.734,95.530,344.092,667.908,89.302,-154.470,0.01154,1,1
4188.00,506.000,0.31948,-73.306,357.239,98.714,95.953,344.345,667.655,89.302,-154.047,0.01154,1,1
4189.00,506.000,0.31905,-73.306,357.681,98.694,96.375,344.560,667.440,89.302,-153.625,0.01155,1,1
4190.00,506.000,0.31870,-73.306,358.123,98.673,96.797,344.737,667.263,89.302,-153.203,0.01155,1,1
4191.00,506.000,0.31843,-73.306,358.565,98.653,97.218,344.877,667.123,89.302,-152.782,0.01156,1,1
4192.00,506.000,0.31822,-73.306,359.006,98.633,97.639,344.979,667.021,89.301,-152.361,0.01156,1,1
4193.00,506.000,0.31809,-73.306,359.447,98.613,98.060,345.044,666.956,89.301,-151.940,0.01156,1,1
4194.00,506.000,0.31804,-73.306,359.888,98.593,98.481,345.072,666.928,89.301,-151.519,0.01156,1,1
4195.00,506.000,0.31806,-73.306,0.329,98.572,98.902,345.063,666.937,89.301,-151.098,0.01157,1,1
4196.00,506.000,0.31815,-73.306,0.770,98.552,99.322,345.017,666.983,89.301,-150.678,0.01157,1,1
4197.00,506.000,0.31831,-73.306,1.211,98.532,99.743,344.933,667.067,89.301,-150.257,0.01157,1,1
4198.00,506.000,0.31855,-73.306,1.653,98.512,100.165,344.812,667.188,89.301,-149.835,0.01157,1,1
4199.00,506.000,0.31887,-73.306,2.095,98.491,100.586,344.654,667.346,89.301,-149.414,0.01157,1,1
4200.00,506.000,0.31925,-73.306,2.537,98.471,101.008,344.458,667.542,89.301,-148.992,0.01157,1,1
4201.00,506.000,0.31971,-73.306,2.980,98.451,101.431,344.225,667.775,89.301,-148.569,0.01157,1,1
4202.00,506.000,0.32025,-73.306,3.423,98.431,101.854,343.953,668.047,89.300,-148.146,0.01157,1,1
4203.00,506.000,0.32086,-73.306,3.868,98.411,102.278,343.644,668.356,89.300,-147.722,0.01156,1,1
4204.00,506.000,0.32155,-73.306,4.313,98.390,102.703,343.297,668.703,89.300,-147.297,0.01156,1,1
4205.00,506.000,0.32231,-73.307,4.759,98.370,103.129,342.910,669.090,89.300,-146.871,0.01156,1,1
4206.00,506.000,0.32315,-73.307,5.206,98.350,103.556,342.485,669.515,89.301,-146.444,0.01155,1,1
4207.00,506.000,0.32407,-73.307,5.655,98.330,103.984,342.021,669.979,89.301,-146.016,0.01155,1,1
4208.00,506.000,0.32506,-73.307,6.104,98.309,104.414,341.518,670.482,89.301,-145.586,0.01154,1,1
4209.00,506.000,0.32614,-73.307,6.555,98.289,104.844,340.974,671.026,89.301,-145.156,0.01154,1,1
4210.00,506.000,0.32729,-73.308,7.008,98.269,105.277,340.391,671.609,89.301,-144.723,0.01153,1,1
4211.00,506.000,0.32853,-73.308,7.462,98.248,105.710,339.766,672.234,89.301,-144.290,0.01152,1,1
4212.00,506.000,0.32984,-73.308,7.918,98.228,106.146,339.100,672.900,89.301,-143.854,0.01152,1,1
4213.00,506.000,0.33124,-73.309,8.375,98.208,106.583,338.393,673.607,89.301,-143.417,0.01151,1,1
4214.00,506.000,0.33272,-73.309,8.835,98.187,107.022,337.644,674.356,89.301,-142.978,0.01150,1,1
4215.00,506.000,0.33429,-73.309,9.296,98.167,107.463,336.851,675.149,89.302,-142.537,0.01149,1,1
4216.00,506.000,0.33594,-73.310,9.760,98.147,107.906,336.016,675.984,89.302,-142.094,0.01148,1,1
4217.00,506.000,0.33768,-73.310,10.225,98.126,108.352,335.136,676.864,89.302,-141.648,0.01147,1,1
4218.00,506.000,0.33950,-73.311,10.693,98.106,108.799,334.212,677.788,89.302,-141.201,0.01145,1,1
4219.00,506.000,0.34142,-73.311,11.163,98.086,109.249,333.242,678.758,89.303,-140.751,0.01144,1,1
4220.00,506.000,0.34343,-73.311,11.636,98.065,109.702,332.226,679.774,89.303,-140.298,0.01143,1,1
4221.00,506.000,0.34553,-73.312,12.111,98.045,110.156,331.164,680.836,89.303,-139.844,0.01141,1,1
4222.00,506.000,0.34772,-73.312,12.589,98.025,110.614,330.054,681.946,89.303,-139.386,0.01140,1,1
4223.00,506.000,0.35001,-73.313,13.070,98.004,111.074,328.895,683.105,89.304,-138.926,0.01138,1,1
4224.00,506.000,0.35240,-73.314,13.554,97.984,111.537,327.688,684.312,89.304,-138.463,0.01136,1,1
4225.00,506.000,0.35488,-73.314,14.040,97.963,112.003,326.430,685.570,89.305,-137.997,0.01135,1,1
4226.00,506.000,0.35747,-73.315,14.529,97.943,112.472,325.121,686.879,89.305,-137.528,0.01133,1,1
4227.00,506.000,0.36016,-73.316,15.022,97.922,112.944,323.760,688.240,89.306,-137.056,0.01131,1,1
4228.00,506.000,0.36295,-73.316,15.518,97.902,113.420,322.347,689.653,89.306,-136.580,0.01129,1,1
4229.00,506.000,0.36585,-73.317,16.017,97.881,113.898,320.879,691.121,89.307,-136.102,0.01126,1,1
4230.00,506.000,0.36886,-73.318,16.519,97.861,114.380,319.357,692.643,89.307,-135.620,0.01124,1,1
4231.00,506.000,0.37198,-73.318,17.025,97.840,114.865,317.778,694.222,89.308,-135.135,0.01121,1,1
4232.00,506.000,0.37521,-73.319,17.534,97.820,115.354,316.142,695.858,89.308,-134.646,0.01119,1,1
4233.00,506.000,0.37856,-73.320,18.047,97.799,115.846,314.448,697.552,89.309,-134.154,0.01116,1,1
4234.00,506.000,0.38203,-73.321,18.563,97.779,116.342,312.695,699.305,89.310,-133.658,0.01113,1,1
4235.00,506.000,0.38561,-73.322,19.084,97.758,116.842,310.881,701.119,89.310,-133.158,0.01110,1,1
4236.00,506.000,0.38932,-73.323,19.608,97.737,117.345,309.005,702.995,89.311,-132.655,0.01107,1,1
4237.00,506.000,0.39315,-73.324,20.135,97.717,117.852,307.066,704.934,89.312,-132.148,0.01104,1,1
4238.00,506.000,0.39711,-73.325,20.667,97.696,118.363,305.063,706.937,89.313,-131.637,0.01101,1,1
4239.00,506.000,0.40120,-73.326,21.202,97.675,118.878,302.995,709.005,89.314,-131.122,0.01097,1,1
4240.00,506.000,0.40542,-73.327,21.742,97.655,119.397,300.860,711.140,89.315,-130.603,0.01093,1,1
4241.00,506.000,0.40977,-73.329,22.285,97.634,119.919,298.656,713.344,89.316,-130.081,0.01089,1,1
4242.00,506.000,0.41426,-73.330,22.832,97.613,120.446,296.384,715.616,89.317,-129.554,0.01085,1,1
4243.00,506.000,0.41889,-73.331,23.383,97.593,120.976,294.040,717.960,89.318,-129.024,0.01081,1,1
4244.00,506.000,0.42367,-73.333,23.939,97.572,121.510,291.625,720.375,89.319,-128.490,0.01077,1,1
4245.00,506.000,0.42858,-73.334,24.498,97.551,122.049,289.136,722.864,89.320,-127.951,0.01072,1,1
4246.00,506.000,0.43365,-73.336,25.061,97.530,122.591,286.573,725.427,89.321,-127.409,0.01067,1,1
4247.00,506.000,0.43887,-73.337,25.627,97.509,123.137,283.934,728.066,89.323,-126.863,0.01062,1,1
4248.00,506.000,0.44424,-73.339,26.198,97.489,123.686,281.217,730.783,89.324,-126.314,0.01057,1,1
4249.00,506.000,0.44976,-73.340,26.772,97.468,124.240,278.422,733.578,89.326,-125.760,0.01051,1,1
4250.00,506.000,0.45544,-73.342,27.350,97.447,124.797,275.547,736.453,89.327,-125.203,0.01045,1,1
4251.00,506.000,0.46128,-73.344,27.931,97.426,125.357,272.591,739.409,89.329,-124.643,0.01039,1,1
4252.00,506.000,0.46729,-73.346,28.516,97.405,125.921,269.553,742.447,89.330,-124.079,0.01033,1,1
4253.00,506.000,0.47345,-73.348,29.103,97.384,126.488,266.432,745.568,89.332,-123.512,0.01027,1,1
4254.00,506.000,0.47979,-73.350,29.694,97.363,127.057,263.227,748.773,89.334,-122.943,0.01020,1,1
4255.00,506.000,0.48629,-73.352,30.288,97.342,127.630,259.936,752.064,89.336,-122.370,0.01013,1,1
4256.00,506.000,0.49297,-73.354,30.884,97.321,128.205,256.559,755.441,89.338,-121.795,0.01006,1,1
4257.00,506.000,0.49981,-73.357,31.482,97.300,128.782,253.095,758.905,89.340,-121.218,0.00998,1,1
4258.00,506.000,0.50683,-73.359,32.082,97.279,129.362,249.543,762.457,89.342,-120.638,0.00990,1,1
4259.00,506.000,0.51402,-73.362,32.684,97.258,129.942,245.903,766.097,89.344,-120.058,0.00982,1,1
4260.00,506.000,0.52139,-73.364,33.287,97.237,130.524,242.174,769.826,89.347,-119.476,0.00973,1,1
4261.00,506.000,0.52894,-73.367,33.891,97.216,131.107,238.356,773.644,89.349,-118.893,0.00964,1,1
4262.00,506.000,0.53666,-73.370,34.495,97.195,131.691,234.449,777.551,89.352,-118.309,0.00955,1,1
4263.00,506.000,0.54456,-73.373,35.099,97.174,132.274,230.451,781.549,89.354,-117.726,0.00945,1,1
4264.00,506.000,0.55264,-73.376,35.703,97.153,132.856,226.365,785.635,89.357,-117.144,0.00935,1,1
4265.00,506.000,0.56089,-73.379,36.305,97.132,133.437,222.189,789.811,89.360,-116.563,0.00925,1,1
4266.00,506.000,0.56932,-73.382,36.905,97.111,134.016,217.925,794.075,89.363,-115.984,0.00914,1,1
4267.00,506.000,0.57792,-73.386,37.502,97.090,134.592,213.574,798.426,89.366,-115.408,0.00903,1,1
4268.00,506.000,0.58669,-73.389,38.096,97.069,135.165,209.135,802.865,89.370,-114.835,0.00891,1,1
4269.00,506.000,0.59563,-73.393,38.686,97.048,135.733,204.611,807.389,89.373,-114.267,0.00879,1,1
4270.00,506.000,0.60474,-73.397,39.270,97.027,136.296,200.003,811.997,89.377,-113.704,0.00866,1,1
4271.00,506.000,0.61401,-73.401,39.847,97.006,136.853,195.312,816.688,89.380,-113.147,0.00854,1,1
4272.00,506.000,0.62344,-73.405,40.417,96.985,137.402,190.542,821.458,89.384,-112.598,0.00840,1,1
4273.00,506.000,0.63302,-73.410,40.979,96.964,137.943,185.693,826.307,89.388,-112.057,0.00826,1,1
4274.00,506.000,0.64275,-73.414,41.530,96.943,138.473,180.770,831.230,89.393,-111.527,0.00812,1,1
4275.00,506.000,0.65262,-73.419,42.070,96.921,138.992,175.775,836.225,89.397,-111.008,0.00798,1,1
4276.00,506.000,0.66263,-73.424,42.597,96.900,139.498,170.711,841.289,89.401,-110.502,0.00782,1,1
4277.00,506.000,0.67276,-73.429,43.110,96.879,139.989,165.583,846.417,89.406,-110.011,0.00767,1,1
4278.00,506.000,0.68302,-73.434,43.606,96.858,140.464,160.394,851.606,89.411,-109.536,0.00751,1,1
4279.00,506.000,0.69338,-73.439,44.083,96.837,140.920,155.149,856.851,89.416,-109.080,0.00734,1,1
4280.00,506.000,0.70385,-73.445,44.540,96.816,141.356,149.854,862.146,89.421,-108.644,0.00717,1,1
4281.00,506.000,0.71440,-73.450,44.974,96.795,141.769,144.513,867.487,89.427,-108.231,0.00700,1,1
4282.00,506.000,0.72503,-73.456,45.382,96.774,142.156,139.132,872.868,89.432,-107.844,0.00682,1,1
4283.00,506.000,0.73573,-73.463,45.762,96.753,142.515,133.719,878.281,89.438,-107.485,0.00664,1,1
4284.00,506.000,0.74648,-73.469,46.111,96.732,142.843,128.279,883.721,89.444,-107.157,0.00645,1,1
4285.00,506.000,0.75727,-73.476,46.426,96.711,143.136,122.820,889.180,89.451,-106.864,0.00626,1,1
4286.00,506.000,0.76808,-73.483,46.702,96.690,143.391,117.350,894.650,89.457,-106.609,0.00607,1,1
4287.00,506.000,0.77890,-73.490,46.935,96.668,143.604,111.877,900.123,89.464,-106.396,0.00587,1,1
4288.00,506.000,0.78970,-73.497,47.122,96.647,143.769,106.410,905.590,89.471,-106.231,0.00566,1,1
4289.00,506.000,0.80048,-73.505,47.257,96.626,143.883,100.958,911.042,89.479,-106.117,0.00546,1,1
4290.00,506.000,0.81120,-73.513,47.335,96.604,143.939,95.531,916.469,89.486,-106.061,0.00524,1,1
4291.00,506.000,0.82186,-73.521,47.349,96.583,143.932,90.140,921.860,89.494,-106.068,0.00503,1,1
4292.00,506.000,0.83242,-73.530,47.292,96.561,143.853,84.796,927.204,89.502,-106.147,0.00481,1,1
4293.00,506.000,0.84286,-73.538,47.155,96.539,143.694,79.511,932.489,89.511,-106.306,0.00459,1,1
4294.00,506.000,0.85317,-73.548,46.930,96.517,143.448,74.297,937.703,89.520,-106.552,0.00437,1,1
4295.00,506.000,0.86330,-73.557,46.606,96.495,143.101,69.169,942.831,89.529,-106.899,0.00415,1,1
4296.00,506.000,0.87324,-73.567,46.170,96.472,142.642,64.140,947.860,89.538,-107.358,0.00393,1,1
4297.00,506.000,0.88295,-73.577,45.607,96.449,142.056,59.226,952.774,89.548,-107.944,0.00370,1,1
4298.00,506.000,0.89241,-73.588,44.900,96.425,141.325,54.442,957.558,89.559,-108.675,0.00348,1,1
4299.00,506.000,0.90157,-73.599,44.027,96.401,140.428,49.807,962.193,89.569,-109.572,0.00325,1,1
4300.00,506.000,0.91040,-73.611,42.964,96.376,139.340,45.340,966.660,89.581,-110.660,0.00303,1,1
4301.00,506.000,0.91885,-73.623,41.681,96.350,138.031,41.060,970.940,89.592,-111.969,0.00281,1,1
4302.00,506.000,0.92690,-73.635,40.141,96.324,136.465,36.990,975.010,89.604,-113.535,0.00259,0,1
4303.00,506.000,0.93448,-73.648,38.302,96.296,134.598,33.155,978.845,89.616,-115.402,0.00238,0,1
4304.00,506.000,0.94154,-73.661,36.111,96.267,132.378,29.580,982.420,89.629,-117.622,0.00218,0,1
4305.00,506.000,0.94803,-73.674,33.508,96.236,129.743,26.296,985.704,89.641,-120.257,0.00199,0,1
4306.00,506.000,0.95389,-73.687,30.424,96.203,126.627,23.333,988.667,89.654,-123.373,0.00181,0,1
4307.00,506.000,0.95903,-73.700,26.791,96.168,122.959,20.728,991.272,89.666,-127.041,0.00165,0,1
4308.00,506.000,0.96340,-73.711,22.547,96.131,118.678,18.519,993.481,89.677,-131.322,0.00151,0,1
4309.00,506.000,0.96691,-73.722,17.660,96.091,113.751,16.744,995.256,89.686,-136.249,0.00140,0,1
4310.00,506.000,0.96948,-73.730,12.158,96.049,108.207,15.444,996.556,89.694,-141.793,0.00131,0,1
4311.00,506.000,0.97104,-73.735,6.159,96.005,102.165,14.652,997.348,89.698,-147.835,0.00126,0,1
4312.00,506.000,0.97156,-73.737,359.881,95.961,95.842,14.392,997.608,89.699,-154.158,0.00124,0,1
4313.00,506.000,0.97100,-73.735,353.609,95.915,89.524,14.672,997.328,89.696,-160.476,0.00127,0,1
4314.00,506.000,0.96940,-73.730,347.625,95.871,83.497,15.484,996.516,89.690,-166.503,0.00133,0,1
4315.00,506.000,0.96679,-73.721,342.145,95.829,77.974,16.803,995.197,89.681,-172.026,0.00142,0,1
4316.00,506.000,0.96325,-73.711,337.282,95.789,73.071,18.594,993.406,89.670,-176.929,0.00155,0,1
4317.00,506.000,0.95885,-73.699,333.061,95.751,68.812,20.820,991.180,89.657,178.812,0.00170,0,1
4318.00,506.000,0.95368,-73.686,329.450,95.716,65.166,23.439,988.561,89.643,175.166,0.00187,0,1
4319.00,506.000,0.94780,-73.672,326.386,95.682,62.068,26.414,985.586,89.629,172.068,0.00206,0,1
4320.00,506.000,0.94128,-73.659,323.799,95.651,59.450,29.710,982.290,89.615,169.450,0.00227,0,1
4321.00,506.000,0.93420,-73.645,321.622,95.621,57.243,33.295,978.705,89.601,167.243,0.00248,0,1
4322.00,506.000,0.92660,-73.632,319.795,95.593,55.388,37.140,974.860,89.587,165.388,0.00271,0,1
4323.00,506.000,0.91854,-73.619,318.266,95.565,53.831,41.218,970.782,89.574,163.831,0.00294,1,1
4324.00,506.000,0.91007,-73.607,316.991,95.539,52.530,45.506,966.494,89.561,162.530,0.00318,1,1
4325.00,506.000,0.90123,-73.594,315.936,95.513,51.450,49.980,962.020,89.548,161.450,0.00342,1,1
4326.00,506.000,0.89205,-73.583,315.070,95.489,50.559,54.621,957.379,89.536,160.559,0.00366,1,1
4327.00,506.000,0.88259,-73.572,314.369,95.464,49.833,59.410,952.590,89.524,159.833,0.00391,1,1
4328.00,506.000,0.87287,-73.561,313.811,95.441,49.251,64.330,947.670,89.513,159.251,0.00415,1,1
4329.00,506.000,0.86292,-73.550,313.379,95.417,48.796,69.363,942.637,89.502,158.796,0.00439,1,1
4330.00,506.000,0.85278,-73.540,313.059,95.394,48.453,74.496,937.504,89.491,158.453,0.00464,1,1
4331.00,506.000,0.84247,-73.530,312.837,95.371,48.208,79.712,932.288,89.481,158.208,0.00488,1,1
4332.00,506.000,0.83201,-73.521,312.704,95.349,48.053,85.000,927.000,89.471,158.053,0.00512,1,1
4333.00,506.000,0.82145,-73.512,312.650,95.326,47.976,90.347,921.653,89.461,157.976,0.00536,1,1
4334.00,506.000,0.81079,-73.503,312.666,95.304,47.970,95.740,916.260,89.452,157.970,0.00560,1,1
4335.00,506.000,0.80006,-73.495,312.746,95.282,48.028,101.169,910.831,89.443,158.028,0.00583,1,1
4336.00,506.000,0.78928,-73.486,312.883,95.260,48.143,106.622,905.378,89.435,158.143,0.00606,1,1
4337.00,506.000,0.77848,-73.478,313.072,95.238,48.309,112.090,899.910,89.426,158.309,0.00629,1,1
4338.00,506.000,0.76766,-73.471,313.307,95.216,48.523,117.564,894.436,89.418,158.523,0.00651,1,1
4339.00,506.000,0.75685,-73.463,313.585,95.194,48.778,123.035,888.965,89.410,158.778,0.00673,1,1
4340.00,506.000,0.74606,-73.456,313.900,95.172,49.072,128.494,883.506,89.403,159.072,0.00694,1,1
4341.00,506.000,0.73531,-73.449,314.250,95.150,49.401,133.933,878.067,89.395,159.401,0.00715,1,1
4342.00,506.000,0.72461,-73.443,314.632,95.128,49.760,139.347,872.653,89.388,159.760,0.00736,1,1
4343.00,506.000,0.71398,-73.436,315.041,95.106,50.148,144.726,867.274,89.381,160.148,0.00756,1,1
4344.00,506.000,0.70343,-73.430,315.476,95.084,50.560,150.066,861.934,89.374,160.560,0.00776,1,1
4345.00,506.000,0.69296,-73.424,315.934,95.063,50.996,155.361,856.639,89.368,160.996,0.00795,1,1
4346.00,506.000,0.68260,-73.418,316.412,95.041,51.452,160.604,851.396,89.362,161.452,0.00814,1,1
4347.00,506.000,0.67235,-73.413,316.908,95.019,51.927,165.792,846.208,89.356,161.927,0.00833,1,1
4348.00,506.000,0.66222,-73.407,317.421,94.997,52.418,170.919,841.081,89.350,162.418,0.00851,1,1
4349.00,506.000,0.65221,-73.402,317.949,94.975,52.924,175.981,836.019,89.344,162.924,0.00868,1,1
4350.00,506.000,0.64234,-73.397,318.489,94.953,53.442,180.974,831.026,89.338,163.442,0.00885,1,1
4351.00,506.000,0.63262,-73.392,319.041,94.931,53.972,185.896,826.104,89.333,163.972,0.00902,1,1
4352.00,506.000,0.62304,-73.387,319.603,94.909,54.512,190.742,821.258,89.328,164.512,0.00918,1,1
4353.00,506.000,0.61362,-73.383,320.173,94.887,55.060,195.511,816.489,89.323,165.060,0.00933,1,1
4354.00,506.000,0.60435,-73.378,320.751,94.865,55.616,200.199,811.801,89.318,165.616,0.00949,1,1
4355.00,506.000,0.59525,-73.374,321.336,94.843,56.178,204.805,807.195,89.313,166.178,0.00963,1,1
4356.00,506.000,0.58631,-73.370,321.925,94.821,56.746,209.327,802.673,89.308,166.746,0.00978,1,1
4357.00,506.000,0.57754,-73.366,322.519,94.799,57.318,213.763,798.237,89.304,167.318,0.00992,1,1
4358.00,506.000,0.56895,-73.362,323.117,94.777,57.893,218.113,793.887,89.300,167.893,0.01005,1,1
4359.00,506.000,0.56053,-73.359,323.717,94.754,58.471,222.374,789.626,89.295,168.471,0.01018,1,1
4360.00,506.000,0.55228,-73.355,324.319,94.732,59.051,226.547,785.453,89.291,169.051,0.01031,1,1
4361.00,506.000,0.54421,-73.352,324.922,94.710,59.633,230.631,781.369,89.287,169.633,0.01043,1,1
4362.00,506.000,0.53631,-73.349,325.527,94.688,60.215,234.626,777.374,89.284,170.215,0.01055,1,1
4363.00,506.000,0.52859,-73.345,326.131,94.666,60.797,238.531,773.469,89.280,170.797,0.01067,1,1
4364.00,506.000,0.52105,-73.342,326.735,94.644,61.379,242.347,769.653,89.276,171.379,0.01078,1,1
4365.00,506.000,0.51369,-73.340,327.338,94.622,61.960,246.074,765.926,89.273,171.960,0.01089,1,1
4366.00,506.000,0.50650,-73.337,327.940,94.600,62.539,249.711,762.289,89.270,172.539,0.01099,1,1
4367.00,506.000,0.49949,-73.334,328.540,94.577,63.117,253.260,758.740,89.266,173.117,0.01109,1,1
4368.00,506.000,0.49264,-73.331,329.138,94.555,63.693,256.722,755.278,89.263,173.693,0.01119,1,1
4369.00,506.000,0.48598,-73.329,329.734,94.533,64.267,260.097,751.903,89.260,174.267,0.01129,1,1
4370.00,506.000,0.47948,-73.327,330.328,94.511,64.839,263.385,748.615,89.257,174.839,0.01138,1,1
4371.00,506.000,0.47315,-73.324,330.918,94.489,65.407,266.588,745.412,89.254,175.407,0.01147,1,1
4372.00,506.000,0.46698,-73.322,331.506,94.467,65.973,269.707,742.293,89.252,175.973,0.01155,1,1
4373.00,506.000,0.46098,-73.320,332.090,94.445,66.535,272.742,739.258,89.249,176.535,0.01163,1,1
4374.00,506.000,0.45515,-73.318,332.671,94.423,67.094,275.696,736.304,89.246,177.094,0.01171,1,1
4375.00,506.000,0.44947,-73.316,333.249,94.401,67.650,278.569,733.431,89.244,177.650,0.01179,1,1
4376.00,506.000,0.44395,-73.314,333.823,94.378,68.202,281.362,730.638,89.241,178.202,0.01187,1,1
4377.00,506.000,0.43859,-73.312,334.394,94.356,68.750,284.076,727.924,89.239,178.750,0.01194,1,1
4378.00,506.000,0.43337,-73.310,334.960,94.334,69.294,286.713,725.287,89.237,179.294,0.01201,1,1
4379.00,506.000,0.42831,-73.309,335.523,94.312,69.835,289.274,722.726,89.234,179.835,0.01208,1,1
4380.00,506.000,0.42340,-73.307,336.082,94.290,70.372,291.761,720.239,89.232,-179.628,0.01214,1,1
4381.00,506.000,0.41863,-73.306,336.637,94.268,70.905,294.175,717.825,89.230,-179.095,0.01221,1,1
4382.00,506.000,0.41400,-73.304,337.188,94.246,71.434,296.516,715.484,89.228,-178.566,0.01227,1,1
4383.00,506.000,0.40951,-73.303,337.735,94.224,71.959,298.787,713.213,89.226,-178.041,0.01233,1,1
4384.00,506.000,0.40516,-73.301,338.278,94.202,72.480,300.988,711.012,89.224,-177.520,0.01238,1,1
4385.00,506.000,0.40095,-73.300,338.817,94.180,72.997,303.122,708.878,89.222,-177.003,0.01244,1,1
4386.00,506.000,0.39686,-73.299,339.353,94.158,73.511,305.188,706.812,89.220,-176.489,0.01249,1,1
4387.00,506.000,0.39291,-73.297,339.884,94.136,74.020,307.190,704.810,89.218,-175.980,0.01255,1,1
4388.00,506.000,0.38908,-73.296,340.412,94.114,74.526,309.127,702.873,89.217,-175.474,0.01260,1,1
4389.00,506.000,0.38537,-73.295,340.936,94.092,75.028,311.001,700.999,89.215,-174.972,0.01264,1,1
4390.00,506.000,0.38179,-73.294,341.456,94.070,75.526,312.813,699.187,89.213,-174.474,0.01269,1,1
4391.00,506.000,0.37833,-73.293,341.972,94.048,76.020,314.565,697.435,89.212,-173.980,0.01274,1,1
4392.00,506.000,0.37499,-73.292,342.485,94.026,76.511,316.257,695.743,89.210,-173.489,0.01278,1,1
4393.00,506.000,0.37176,-73.291,342.994,94.004,76.998,317.891,694.109,89.208,-173.002,0.01283,1,1
4394.00,506.000,0.36864,-73.290,343.500,93.982,77.482,319.468,692.532,89.207,-172.518,0.01287,1,1
4395.00,506.000,0.36563,-73.289,344.002,93.960,77.962,320.989,691.011,89.205,-172.038,0.01291,1,1
4396.00,506.000,0.36274,-73.289,344.501,93.938,78.439,322.456,689.544,89.204,-171.561,0.01295,1,1
4397.00,506.000,0.35995,-73.288,344.997,93.916,78.913,323.868,688.132,89.203,-171.087,0.01298,1,1
4398.00,506.000,0.35726,-73.287,345.489,93.894,79.383,325.227,686.773,89.201,-170.617,0.01302,1,1
4399.00,506.000,0.35468,-73.286,345.978,93.873,79.851,326.534,685.466,89.200,-170.149,0.01306,1,1
4400.00,506.000,0.35219,-73.286,346.465,93.851,80.315,327.791,684.209,89.199,-169.685,0.01309,1,1
4401.00,506.000,0.34981,-73.285,346.948,93.829,80.777,328.997,683.003,89.197,-169.223,0.01312,1,1
4402.00,506.000,0.34752,-73.284,347.429,93.807,81.235,330.154,681.846,89.196,-168.765,0.01316,1,1
4403.00,506.000,0.34533,-73.284,347.907,93.785,81.691,331.263,680.737,89.195,-168.309,0.01319,1,1
4404.00,506.000,0.34323,-73.283,348.382,93.763,82.145,332.324,679.676,89.194,-167.855,0.01322,1,1
4405.00,506.000,0.34123,-73.283,348.854,93.741,82.595,333.338,678.662,89.192,-167.405,0.01325,1,1
4406.00,506.000,0.33932,-73.282,349.325,93.719,83.044,334.307,677.693,89.191,-166.956,0.01328,1,1
4407.00,506.000,0.33749,-73.282,349.792,93.697,83.490,335.230,676.770,89.190,-166.510,0.01331,1,1
4408.00,506.000,0.33575,-73.281,350.258,93.675,83.933,336.108,675.892,89.189,-166.067,0.01333,1,1
4409.00,506.000,0.33411,-73.281,350.721,93.653,84.375,336.942,675.058,89.188,-165.625,0.01336,1,1
4410.00,506.000,0.33254,-73.280,351.183,93.632,84.814,337.733,674.267,89.187,-165.186,0.01338,1,1
4411.00,506.000,0.33106,-73.280,351.642,93.610,85.252,338.482,673.518,89.186,-164.748,0.01341,1,1
4412.00,506.000,0.32967,-73.279,352.100,93.588,85.687,339.188,672.812,89.185,-164.313,0.01343,1,1
4413.00,506.000,0.32836,-73.279,352.555,93.566,86.121,339.852,672.148,89.184,-163.879,0.01345,1,1
4414.00,506.000,0.32712,-73.279,353.009,93.544,86.553,340.475,671.525,89.183,-163.447,0.01348,1,1
4415.00,506.000,0.32597,-73.278,353.462,93.522,86.984,341.058,670.942,89.182,-163.016,0.01350,1,1
4416.00,506.000,0.32490,-73.278,353.913,93.500,87.413,341.600,670.400,89.181,-162.587,0.01352,1,1
4417.00,506.000,0.32391,-73.278,354.362,93.478,87.841,342.102,669.898,89.180,-162.159,0.01354,1,1
4418.00,506.000,0.32299,-73.278,354.811,93.456,88.267,342.565,669.435,89.179,-161.733,0.01356,1,1
4419.00,506.000,0.32216,-73.277,355.258,93.434,88.692,342.989,669.011,89.178,-161.308,0.01358,1,1
4420.00,506.000,0.32140,-73.277,355.704,93.412,89.117,343.374,668.626,89.177,-160.883,0.01359,1,1
4421.00,506.000,0.32071,-73.277,356.149,93.390,89.540,343.720,668.280,89.177,-160.460,0.01361,1,1
4422.00,506.000,0.32010,-73.277,356.594,93.369,89.962,344.028,667.972,89.176,-160.038,0.01363,1,1
4423.00,506.000,0.31957,-73.277,357.037,93.347,90.384,344.298,667.702,89.175,-159.616,0.01364,1,1
4424.00,506.000,0.31911,-73.277,357.480,93.325,90.805,344.530,667.470,89.174,-159.195,0.01366,1,1
4425.00,506.000,0.31873,-73.277,357.922,93.303,91.225,344.725,667.275,89.173,-158.775,0.01367,1,1
4426.00,506.000,0.31842,-73.277,358.364,93.281,91.645,344.882,667.118,89.173,-158.355,0.01369,1,1
4427.00,506.000,0.31818,-73.276,358.806,93.259,92.064,345.001,666.999,89.172,-157.936,0.01370,1,1
4428.00,506.000,0.31802,-73.276,359.247,93.237,92.483,345.083,666.917,89.171,-157.517,0.01371,1,1
4429.00,506.000,0.31793,-73.276,359.688,93.215,92.902,345.128,666.872,89.170,-157.098,0.01373,1,1
4430.00,506.000,0.31791,-73.276,0.129,93.193,93.321,345.136,666.864,89.170,-156.679,0.01374,1,1
4431.00,506.000,0.31797,-73.276,0.570,93.171,93.740,345.107,666.893,89.169,-156.260,0.01375,1,1
4432.00,506.000,0.31810,-73.276,1.011,93.149,94.159,345.040,666.960,89.168,-155.841,0.01376,1,1
4433.00,506.000,0.31831,-73.276,1.452,93.127,94.579,344.936,667.064,89.168,-155.421,0.01377,1,1
4434.00,506.000,0.31859,-73.277,1.894,93.105,94.998,344.795,667.205,89.167,-155.002,0.01378,1,1
4435.00,506.000,0.31894,-73.277,2.336,93.083,95.418,344.616,667.384,89.167,-154.582,0.01379,1,1
4436.00,506.000,0.31937,-73.277,2.778,93.061,95.839,344.399,667.601,89.166,-154.161,0.01379,1,1
4437.00,506.000,0.31987,-73.277,3.221,93.038,96.260,344.145,667.855,89.165,-153.740,0.01380,1,1
4438.00,506.000,0.32045,-73.277,3.665,93.016,96.682,343.853,668.147,89.165,-153.318,0.01381,1,1
4439.00,506.000,0.32110,-73.277,4.110,92.994,97.105,343.523,668.477,89.164,-152.895,0.01381,1,1
4440.00,506.000,0.32183,-73.277,4.556,92.972,97.528,343.154,668.846,89.164,-152.472,0.01382,1,1
4441.00,506.000,0.32264,-73.278,5.003,92.950,97.953,342.746,669.254,89.163,-152.047,0.01382,1,1
4442.00,506.000,0.32352,-73.278,5.450,92.928,98.378,342.300,669.700,89.163,-151.622,0.01383,1,1
4443.00,506.000,0.32448,-73.278,5.900,92.906,98.805,341.814,670.186,89.162,-151.195,0.01383,1,1
4444.00,506.000,0.32552,-73.278,6.350,92.884,99.234,341.288,670.712,89.162,-150.766,0.01383,1,1
4445.00,506.000,0.32664,-73.279,6.802,92.861,99.663,340.722,671.278,89.161,-150.337,0.01383,1,1
4446.00,506.000,0.32783,-73.279,7.255,92.839,100.094,340.116,671.884,89.161,-149.906,0.01383,1,1
4447.00,506.000,0.32911,-73.279,7.710,92.817,100.527,339.469,672.531,89.161,-149.473,0.01383,1,1
4448.00,506.000,0.33047,-73.280,8.167,92.795,100.962,338.780,673.220,89.160,-149.038,0.01383,1,1
4449.00,506.000,0.33192,-73.280,8.625,92.772,101.398,338.049,673.951,89.160,-148.602,0.01383,1,1
4450.00,506.000,0.33345,-73.281,9.086,92.750,101.836,337.276,674.724,89.160,-148.164,0.01383,1,1
4451.00,506.000,0.33506,-73.281,9.548,92.728,102.276,336.460,675.540,89.159,-147.724,0.01382,1,1
4452.00,506.000,0.33676,-73.281,10.013,92.706,102.719,335.600,676.400,89.159,-147.281,0.01382,1,1
4453.00,506.000,0.33855,-73.282,10.480,92.683,103.163,334.695,677.305,89.159,-146.837,0.01381,1,1
4454.00,506.000,0.34042,-73.283,10.949,92.661,103.610,333.746,678.254,89.159,-146.390,0.01381,1,1
4455.00,506.000,0.34239,-73.283,11.420,92.639,104.059,332.750,679.250,89.158,-145.941,0.01380,1,1
4456.00,506.000,0.34445,-73.284,11.895,92.616,104.511,331.709,680.291,89.158,-145.489,0.01379,1,1
4457.00,506.000,0.34660,-73.284,12.371,92.594,104.965,330.620,681.380,89.158,-145.035,0.01378,1,1
4458.00,506.000,0.34885,-73.285,12.851,92.571,105.422,329.482,682.518,89.158,-144.578,0.01377,1,1
4459.00,506.000,0.35119,-73.286,13.333,92.549,105.881,328.297,683.703,89.158,-144.119,0.01376,1,1
4460.00,506.000,0.35363,-73.286,13.818,92.526,106.344,327.061,684.939,89.158,-143.656,0.01375,1,1
4461.00,506.000,0.35618,-73.287,14.306,92.504,106.809,325.775,686.225,89.158,-143.191,0.01373,1,1
4462.00,506.000,0.35882,-73.288,14.797,92.481,107.278,324.437,687.563,89.158,-142.722,0.01372,1,1
4463.00,506.000,0.36157,-73.289,15.291,92.459,107.750,323.046,688.954,89.158,-142.250,0.01370,1,1
4464.00,506.000,0.36442,-73.290,15.788,92.436,108.224,321.602,690.398,89.158,-141.776,0.01369,1,1
4465.00,506.000,0.36738,-73.290,16.289,92.413,108.703,320.104,691.896,89.158,-141.297,0.01367,1,1
4466.00,506.000,0.37045,-73.291,16.793,92.391,109.184,318.550,693.450,89.158,-140.816,0.01365,1,1
4467.00,506.000,0.37364,-73.292,17.301,92.368,109.669,316.939,695.061,89.158,-140.331,0.01362,1,1
4468.00,506.000,0.37694,-73.293,17.812,92.345,110.157,315.271,696.729,89.159,-139.843,0.01360,1,1
4469.00,506.000,0.38035,-73.295,18.327,92.323,110.649,313.543,698.457,89.159,-139.351,0.01358,1,1
4470.00,506.000,0.38388,-73.296,18.845,92.300,111.145,311.756,700.244,89.159,-138.855,0.01355,1,1
4471.00,506.000,0.38754,-73.297,19.367,92.277,111.644,309.907,702.093,89.160,-138.356,0.01352,1,1
4472.00,506.000,0.39131,-73.298,19.893,92.254,112.147,307.996,704.004,89.160,-137.853,0.01349,1,1
4473.00,506.000,0.39522,-73.299,20.423,92.231,112.654,306.021,705.979,89.160,-137.346,0.01346,1,1
4474.00,506.000,0.39925,-73.301,20.956,92.209,113.165,303.981,708.019,89.161,-136.835,0.01343,1,1
4475.00,506.000,0.40341,-73.302,21.494,92.186,113.679,301.875,710.125,89.162,-136.321,0.01339,1,1
4476.00,506.000,0.40770,-73.304,22.035,92.163,114.198,299.702,712.298,89.162,-135.802,0.01335,1,1
4477.00,506.000,0.41214,-73.305,22.580,92.140,114.720,297.459,714.541,89.163,-135.280,0.01331,1,1
4478.00,506.000,0.41671,-73.307,23.129,92.117,115.246,295.147,716.853,89.164,-134.754,0.01327,1,1
4479.00,506.000,0.42142,-73.308,23.683,92.094,115.776,292.763,719.237,89.164,-134.224,0.01322,1,1
4480.00,506.000,0.42627,-73.310,24.240,92.071,116.310,290.306,721.694,89.165,-133.690,0.01318,1,1
4481.00,506.000,0.43128,-73.312,24.800,92.048,116.848,287.775,724.225,89.166,-133.152,0.01313,1,1
4482.00,506.000,0.43643,-73.314,25.365,92.025,117.390,285.169,726.831,89.167,-132.610,0.01307,1,1
4483.00,506.000,0.44173,-73.316,25.934,92.001,117.935,282.486,729.514,89.168,-132.065,0.01302,1,1
4484.00,506.000,0.44718,-73.318,26.506,91.978,118.484,279.725,732.275,89.170,-131.516,0.01296,1,1
4485.00,506.000,0.45280,-73.320,27.082,91.955,119.037,276.884,735.116,89.171,-130.963,0.01290,1,1
4486.00,506.000,0.45857,-73.322,27.661,91.932,119.593,273.964,738.036,89.172,-130.407,0.01284,1,1
4487.00,506.000,0.46450,-73.324,28.244,91.909,120.152,270.962,741.038,89.174,-129.848,0.01277,1,1
4488.00,506.000,0.47060,-73.327,28.830,91.885,120.715,267.877,744.123,89.175,-129.285,0.01270,1,1
4489.00,506.000,0.47686,-73.329,29.419,91.862,121.281,264.708,747.292,89.177,-128.719,0.01263,1,1
4490.00,506.000,0.48329,-73.332,30.011,91.839,121.849,261.454,750.546,89.179,-128.151,0.01255,1,1
4491.00,506.000,0.48989,-73.335,30.605,91.815,122.420,258.114,753.886,89.180,-127.580,0.01247,1,1
4492.00,506.000,0.49666,-73.337,31.202,91.792,122.994,254.688,757.312,89.182,-127.006,0.01238,1,1
4493.00,506.000,0.50361,-73.340,31.801,91.768,123.569,251.174,760.826,89.184,-126.431,0.01230,1,1
4494.00,506.000,0.51073,-73.343,32.401,91.745,124.146,247.572,764.428,89.187,-125.854,0.01220,1,1
4495.00,506.000,0.51802,-73.347,33.003,91.721,124.725,243.882,768.118,89.189,-125.275,0.01211,1,1
4496.00,506.000,0.52549,-73.350,33.606,91.698,125.304,240.102,771.898,89.191,-124.696,0.01201,1,1
4497.00,506.000,0.53314,-73.353,34.210,91.674,125.884,236.233,775.767,89.194,-124.116,0.01190,1,1
4498.00,506.000,0.54096,-73.357,34.813,91.651,126.464,232.274,779.726,89.197,-123.536,0.01179,1,1
4499.00,506.000,0.54896,-73.361,35.416,91.627,127.044,228.226,783.774,89.200,-122.956,0.01168,1,1
4500.00,506.000,0.55714,-73.365,36.018,91.604,127.622,224.089,787.911,89.203,-122.378,0.01156,1,1
