a_in_au,a_out_au,m_out_mj,tau_kozai_yr,omega_dot_gr_rad_yr,omega_dot_kozai_rad_yr,gr_quenching_ratio,is_gr_quenched,max_kozai_eccentricity_60deg,q_min_au
0.050,5.00,1.0,2.48783e+06,3.32838e-04,4.02338e-07,8.27258e+02,1,0.7638,0.0118
0.050,7.50,1.0,8.39644e+06,3.32838e-04,1.19211e-07,2.79200e+03,1,0.7638,0.0118
0.050,10.00,1.0,1.99027e+07,3.32838e-04,5.02923e-08,6.61806e+03,1,0.7638,0.0118
0.050,12.50,1.0,3.88724e+07,3.32838e-04,2.57497e-08,1.29259e+04,1,0.7638,0.0118
0.050,15.00,1.0,6.71715e+07,3.32838e-04,1.49014e-08,2.23360e+04,1,0.7638,0.0118
0.050,17.50,1.0,1.06666e+08,3.32838e-04,9.38398e-09,3.54687e+04,1,0.7638,0.0118
0.050,20.00,1.0,1.59221e+08,3.32838e-04,6.28654e-09,5.29445e+04,1,0.7638,0.0118
0.050,22.50,1.0,2.26704e+08,3.32838e-04,4.41524e-09,7.53839e+04,1,0.7638,0.0118
0.050,25.00,1.0,3.10979e+08,3.32838e-04,3.21871e-09,1.03407e+05,1,0.7638,0.0118
0.050,27.50,1.0,4.13913e+08,3.32838e-04,2.41826e-09,1.37635e+05,1,0.7638,0.0118
0.050,30.00,1.0,5.37372e+08,3.32838e-04,1.86268e-09,1.78688e+05,1,0.7638,0.0118
0.050,32.50,1.0,6.83221e+08,3.32838e-04,1.46505e-09,2.27186e+05,1,0.7638,0.0118
0.050,35.00,1.0,8.53327e+08,3.32838e-04,1.17300e-09,2.83750e+05,1,0.7638,0.0118
0.050,37.50,1.0,1.04955e+09,3.32838e-04,9.53691e-10,3.49000e+05,1,0.7638,0.0118
0.050,40.00,1.0,1.27377e+09,3.32838e-04,7.85817e-10,4.23556e+05,1,0.7638,0.0118
0.050,42.50,1.0,1.52784e+09,3.32838e-04,6.55141e-10,5.08040e+05,1,0.7638,0.0118
0.050,45.00,1.0,1.81363e+09,3.32838e-04,5.51904e-10,6.03071e+05,1,0.7638,0.0118
0.050,47.50,1.0,2.13301e+09,3.32838e-04,4.69268e-10,7.09270e+05,1,0.7638,0.0118
0.050,50.00,1.0,2.48783e+09,3.32838e-04,4.02338e-10,8.27258e+05,1,0.7638,0.0118
0.050,52.50,1.0,2.87998e+09,3.32838e-04,3.47555e-10,9.57655e+05,1,0.7638,0.0118
0.050,55.00,1.0,3.31131e+09,3.32838e-04,3.02283e-10,1.10108e+06,1,0.7638,0.0118
0.050,57.50,1.0,3.78368e+09,3.32838e-04,2.64544e-10,1.25816e+06,1,0.7638,0.0118
0.050,60.00,1.0,4.29898e+09,3.32838e-04,2.32835e-10,1.42950e+06,1,0.7638,0.0118
0.050,62.50,1.0,4.85905e+09,3.32838e-04,2.05997e-10,1.61574e+06,1,0.7638,0.0118
0.050,65.00,1.0,5.46577e+09,3.32838e-04,1.83131e-10,1.81749e+06,1,0.7638,0.0118
0.050,67.50,1.0,6.12100e+09,3.32838e-04,1.63527e-10,2.03537e+06,1,0.7638,0.0118
0.050,70.00,1.0,6.82662e+09,3.32838e-04,1.46625e-10,2.27000e+06,1,0.7638,0.0118
0.050,72.50,1.0,7.58447e+09,3.32838e-04,1.31974e-10,2.52200e+06,1,0.7638,0.0118
0.050,75.00,1.0,8.39644e+09,3.32838e-04,1.19211e-10,2.79200e+06,1,0.7638,0.0118
0.050,77.50,1.0,9.26438e+09,3.32838e-04,1.08043e-10,3.08061e+06,1,0.7638,0.0118
0.050,80.00,1.0,1.01902e+10,3.32838e-04,9.82271e-11,3.38845e+06,1,0.7638,0.0118
0.100,5.00,1.0,8.79582e+05,5.88379e-05,1.13798e-06,5.17036e+01,1,0.7638,0.0236
0.100,7.50,1.0,2.96859e+06,5.88379e-05,3.37181e-07,1.74500e+02,1,0.7638,0.0236
0.100,10.00,1.0,7.03666e+06,5.88379e-05,1.42248e-07,4.13629e+02,1,0.7638,0.0236
0.100,12.50,1.0,1.37435e+07,5.88379e-05,7.28310e-08,8.07869e+02,1,0.7638,0.0236
0.100,15.00,1.0,2.37487e+07,5.88379e-05,4.21476e-08,1.39600e+03,1,0.7638,0.0236
0.100,17.50,1.0,3.77121e+07,5.88379e-05,2.65419e-08,2.21679e+03,1,0.7638,0.0236
0.100,20.00,1.0,5.62932e+07,5.88379e-05,1.77810e-08,3.30903e+03,1,0.7638,0.0236
0.100,22.50,1.0,8.01519e+07,5.88379e-05,1.24882e-08,4.71149e+03,1,0.7638,0.0236
0.100,25.00,1.0,1.09948e+08,5.88379e-05,9.10388e-09,6.46295e+03,1,0.7638,0.0236
0.100,27.50,1.0,1.46340e+08,5.88379e-05,6.83988e-09,8.60219e+03,1,0.7638,0.0236
0.100,30.00,1.0,1.89990e+08,5.88379e-05,5.26845e-09,1.11680e+04,1,0.7638,0.0236
0.100,32.50,1.0,2.41555e+08,5.88379e-05,4.14378e-09,1.41991e+04,1,0.7638,0.0236
0.100,35.00,1.0,3.01697e+08,5.88379e-05,3.31774e-09,1.77343e+04,1,0.7638,0.0236
0.100,37.50,1.0,3.71074e+08,5.88379e-05,2.69745e-09,2.18125e+04,1,0.7638,0.0236
0.100,40.00,1.0,4.50346e+08,5.88379e-05,2.22263e-09,2.64723e+04,1,0.7638,0.0236
0.100,42.50,1.0,5.40173e+08,5.88379e-05,1.85302e-09,3.17525e+04,1,0.7638,0.0236
0.100,45.00,1.0,6.41215e+08,5.88379e-05,1.56102e-09,3.76919e+04,1,0.7638,0.0236
0.100,47.50,1.0,7.54132e+08,5.88379e-05,1.32729e-09,4.43294e+04,1,0.7638,0.0236
0.100,50.00,1.0,8.79582e+08,5.88379e-05,1.13798e-09,5.17036e+04,1,0.7638,0.0236
0.100,52.50,1.0,1.01823e+09,5.88379e-05,9.83034e-10,5.98534e+04,1,0.7638,0.0236
0.100,55.00,1.0,1.17072e+09,5.88379e-05,8.54985e-10,6.88175e+04,1,0.7638,0.0236
0.100,57.50,1.0,1.33773e+09,5.88379e-05,7.48243e-10,7.86348e+04,1,0.7638,0.0236
0.100,60.00,1.0,1.51992e+09,5.88379e-05,6.58556e-10,8.93439e+04,1,0.7638,0.0236
0.100,62.50,1.0,1.71793e+09,5.88379e-05,5.82648e-10,1.00984e+05,1,0.7638,0.0236
0.100,65.00,1.0,1.93244e+09,5.88379e-05,5.17972e-10,1.13593e+05,1,0.7638,0.0236
0.100,67.50,1.0,2.16410e+09,5.88379e-05,4.62525e-10,1.27210e+05,1,0.7638,0.0236
0.100,70.00,1.0,2.41357e+09,5.88379e-05,4.14717e-10,1.41875e+05,1,0.7638,0.0236
0.100,72.50,1.0,2.68152e+09,5.88379e-05,3.73278e-10,1.57625e+05,1,0.7638,0.0236
0.100,75.00,1.0,2.96859e+09,5.88379e-05,3.37181e-10,1.74500e+05,1,0.7638,0.0236
0.100,77.50,1.0,3.27545e+09,5.88379e-05,3.05592e-10,1.92538e+05,1,0.7638,0.0236
0.100,80.00,1.0,3.60277e+09,5.88379e-05,2.77828e-10,2.11778e+05,1,0.7638,0.0236
0.150,5.00,1.0,4.78784e+05,2.13515e-05,2.09061e-06,1.02131e+01,1,0.7638,0.0354
0.150,7.50,1.0,1.61590e+06,2.13515e-05,6.19440e-07,3.44691e+01,1,0.7638,0.0354
0.150,10.00,1.0,3.83027e+06,2.13515e-05,2.61326e-07,8.17045e+01,1,0.7638,0.0354
0.150,12.50,1.0,7.48100e+06,2.13515e-05,1.33799e-07,1.59579e+02,1,0.7638,0.0354
0.150,15.00,1.0,1.29272e+07,2.13515e-05,7.74300e-08,2.75753e+02,1,0.7638,0.0354
0.150,17.50,1.0,2.05279e+07,2.13515e-05,4.87606e-08,4.37885e+02,1,0.7638,0.0354
0.150,20.00,1.0,3.06422e+07,2.13515e-05,3.26658e-08,6.53636e+02,1,0.7638,0.0354
0.150,22.50,1.0,4.36292e+07,2.13515e-05,2.29422e-08,9.30665e+02,1,0.7638,0.0354
0.150,25.00,1.0,5.98480e+07,2.13515e-05,1.67249e-08,1.27663e+03,1,0.7638,0.0354
0.150,27.50,1.0,7.96577e+07,2.13515e-05,1.25657e-08,1.69920e+03,1,0.7638,0.0354
0.150,30.00,1.0,1.03417e+08,2.13515e-05,9.67876e-09,2.20602e+03,1,0.7638,0.0354
0.150,32.50,1.0,1.31486e+08,2.13515e-05,7.61260e-09,2.80476e+03,1,0.7638,0.0354
0.150,35.00,1.0,1.64223e+08,2.13515e-05,6.09508e-09,3.50308e+03,1,0.7638,0.0354
0.150,37.50,1.0,2.01987e+08,2.13515e-05,4.95552e-09,4.30864e+03,1,0.7638,0.0354
0.150,40.00,1.0,2.45137e+08,2.13515e-05,4.08323e-09,5.22909e+03,1,0.7638,0.0354
0.150,42.50,1.0,2.94033e+08,2.13515e-05,3.40421e-09,6.27210e+03,1,0.7638,0.0354
0.150,45.00,1.0,3.49033e+08,2.13515e-05,2.86778e-09,7.44532e+03,1,0.7638,0.0354
0.150,47.50,1.0,4.10497e+08,2.13515e-05,2.43839e-09,8.75642e+03,1,0.7638,0.0354
0.150,50.00,1.0,4.78784e+08,2.13515e-05,2.09061e-09,1.02131e+04,1,0.7638,0.0354
0.150,52.50,1.0,5.54252e+08,2.13515e-05,1.80595e-09,1.18229e+04,1,0.7638,0.0354
0.150,55.00,1.0,6.37261e+08,2.13515e-05,1.57071e-09,1.35936e+04,1,0.7638,0.0354
0.150,57.50,1.0,7.28170e+08,2.13515e-05,1.37461e-09,1.55328e+04,1,0.7638,0.0354
0.150,60.00,1.0,8.27338e+08,2.13515e-05,1.20984e-09,1.76482e+04,1,0.7638,0.0354
0.150,62.50,1.0,9.35125e+08,2.13515e-05,1.07039e-09,1.99474e+04,1,0.7638,0.0354
0.150,65.00,1.0,1.05189e+09,2.13515e-05,9.51575e-10,2.24381e+04,1,0.7638,0.0354
0.150,67.50,1.0,1.17799e+09,2.13515e-05,8.49712e-10,2.51280e+04,1,0.7638,0.0354
0.150,70.00,1.0,1.31378e+09,2.13515e-05,7.61885e-10,2.80246e+04,1,0.7638,0.0354
0.150,72.50,1.0,1.45963e+09,2.13515e-05,6.85755e-10,3.11358e+04,1,0.7638,0.0354
0.150,75.00,1.0,1.61590e+09,2.13515e-05,6.19440e-10,3.44691e+04,1,0.7638,0.0354
0.150,77.50,1.0,1.78293e+09,2.13515e-05,5.61407e-10,3.80322e+04,1,0.7638,0.0354
0.150,80.00,1.0,1.96110e+09,2.13515e-05,5.10403e-10,4.18327e+04,1,0.7638,0.0354
0.200,5.00,1.0,3.10979e+05,1.04012e-05,3.21871e-06,3.23148e+00,1,0.7638,0.0472
0.200,7.50,1.0,1.04955e+06,1.04012e-05,9.53691e-07,1.09062e+01,1,0.7638,0.0472
0.200,10.00,1.0,2.48783e+06,1.04012e-05,4.02338e-07,2.58518e+01,1,0.7638,0.0472
0.200,12.50,1.0,4.85905e+06,1.04012e-05,2.05997e-07,5.04918e+01,1,0.7638,0.0472
0.200,15.00,1.0,8.39644e+06,1.04012e-05,1.19211e-07,8.72499e+01,1,0.7638,0.0472
0.200,17.50,1.0,1.33332e+07,1.04012e-05,7.50719e-08,1.38550e+02,1,0.7638,0.0472
0.200,20.00,1.0,1.99027e+07,1.04012e-05,5.02923e-08,2.06815e+02,1,0.7638,0.0472
0.200,22.50,1.0,2.83380e+07,1.04012e-05,3.53219e-08,2.94468e+02,1,0.7638,0.0472
0.200,25.00,1.0,3.88724e+07,1.04012e-05,2.57497e-08,4.03935e+02,1,0.7638,0.0472
0.200,27.50,1.0,5.17392e+07,1.04012e-05,1.93461e-08,5.37637e+02,1,0.7638,0.0472
0.200,30.00,1.0,6.71715e+07,1.04012e-05,1.49014e-08,6.97999e+02,1,0.7638,0.0472
0.200,32.50,1.0,8.54027e+07,1.04012e-05,1.17204e-08,8.87444e+02,1,0.7638,0.0472
0.200,35.00,1.0,1.06666e+08,1.04012e-05,9.38398e-09,1.10840e+03,1,0.7638,0.0472
0.200,37.50,1.0,1.31194e+08,1.04012e-05,7.62953e-09,1.36328e+03,1,0.7638,0.0472
0.200,40.00,1.0,1.59221e+08,1.04012e-05,6.28654e-09,1.65452e+03,1,0.7638,0.0472
0.200,42.50,1.0,1.90980e+08,1.04012e-05,5.24113e-09,1.98453e+03,1,0.7638,0.0472
0.200,45.00,1.0,2.26704e+08,1.04012e-05,4.41524e-09,2.35575e+03,1,0.7638,0.0472
0.200,47.50,1.0,2.66626e+08,1.04012e-05,3.75414e-09,2.77059e+03,1,0.7638,0.0472
0.200,50.00,1.0,3.10979e+08,1.04012e-05,3.21871e-09,3.23148e+03,1,0.7638,0.0472
0.200,52.50,1.0,3.59997e+08,1.04012e-05,2.78044e-09,3.74084e+03,1,0.7638,0.0472
0.200,55.00,1.0,4.13913e+08,1.04012e-05,2.41826e-09,4.30110e+03,1,0.7638,0.0472
0.200,57.50,1.0,4.72960e+08,1.04012e-05,2.11635e-09,4.91467e+03,1,0.7638,0.0472
0.200,60.00,1.0,5.37372e+08,1.04012e-05,1.86268e-09,5.58399e+03,1,0.7638,0.0472
0.200,62.50,1.0,6.07381e+08,1.04012e-05,1.64798e-09,6.31148e+03,1,0.7638,0.0472
0.200,65.00,1.0,6.83221e+08,1.04012e-05,1.46505e-09,7.09955e+03,1,0.7638,0.0472
0.200,67.50,1.0,7.65125e+08,1.04012e-05,1.30822e-09,7.95065e+03,1,0.7638,0.0472
0.200,70.00,1.0,8.53327e+08,1.04012e-05,1.17300e-09,8.86717e+03,1,0.7638,0.0472
0.200,72.50,1.0,9.48059e+08,1.04012e-05,1.05579e-09,9.85156e+03,1,0.7638,0.0472
0.200,75.00,1.0,1.04955e+09,1.04012e-05,9.53691e-10,1.09062e+04,1,0.7638,0.0472
0.200,77.50,1.0,1.15805e+09,1.04012e-05,8.64343e-10,1.20336e+04,1,0.7638,0.0472
0.200,80.00,1.0,1.27377e+09,1.04012e-05,7.85817e-10,1.32361e+04,1,0.7638,0.0472
0.250,5.00,1.0,2.22519e+05,5.95398e-06,4.49828e-06,1.32361e+00,1,0.7638,0.0591
0.250,7.50,1.0,7.51000e+05,5.95398e-06,1.33282e-06,4.46719e+00,1,0.7638,0.0591
0.250,10.00,1.0,1.78015e+06,5.95398e-06,5.62285e-07,1.05889e+01,1,0.7638,0.0591
0.250,12.50,1.0,3.47685e+06,5.95398e-06,2.87890e-07,2.06815e+01,1,0.7638,0.0591
0.250,15.00,1.0,6.00800e+06,5.95398e-06,1.66603e-07,3.57375e+01,1,0.7638,0.0591
0.250,17.50,1.0,9.54049e+06,5.95398e-06,1.04916e-07,5.67499e+01,1,0.7638,0.0591
0.250,20.00,1.0,1.42412e+07,5.95398e-06,7.02856e-08,8.47112e+01,1,0.7638,0.0591
0.250,22.50,1.0,2.02770e+07,5.95398e-06,4.93638e-08,1.20614e+02,1,0.7638,0.0591
0.250,25.00,1.0,2.78148e+07,5.95398e-06,3.59862e-08,1.65452e+02,1,0.7638,0.0591
0.250,27.50,1.0,3.70215e+07,5.95398e-06,2.70370e-08,2.20216e+02,1,0.7638,0.0591
0.250,30.00,1.0,4.80640e+07,5.95398e-06,2.08254e-08,2.85900e+02,1,0.7638,0.0591
0.250,32.50,1.0,6.11092e+07,5.95398e-06,1.63797e-08,3.63497e+02,1,0.7638,0.0591
0.250,35.00,1.0,7.63239e+07,5.95398e-06,1.31145e-08,4.53999e+02,1,0.7638,0.0591
0.250,37.50,1.0,9.38750e+07,5.95398e-06,1.06626e-08,5.58399e+02,1,0.7638,0.0591
0.250,40.00,1.0,1.13930e+08,5.95398e-06,8.78570e-09,6.77690e+02,1,0.7638,0.0591
0.250,42.50,1.0,1.36654e+08,5.95398e-06,7.32470e-09,8.12864e+02,1,0.7638,0.0591
0.250,45.00,1.0,1.62216e+08,5.95398e-06,6.17048e-09,9.64914e+02,1,0.7638,0.0591
0.250,47.50,1.0,1.90782e+08,5.95398e-06,5.24657e-09,1.13483e+03,1,0.7638,0.0591
0.250,50.00,1.0,2.22519e+08,5.95398e-06,4.49828e-09,1.32361e+03,1,0.7638,0.0591
0.250,52.50,1.0,2.57593e+08,5.95398e-06,3.88578e-09,1.53225e+03,1,0.7638,0.0591
0.250,55.00,1.0,2.96172e+08,5.95398e-06,3.37962e-09,1.76173e+03,1,0.7638,0.0591
0.250,57.50,1.0,3.38423e+08,5.95398e-06,2.95769e-09,2.01305e+03,1,0.7638,0.0591
0.250,60.00,1.0,3.84512e+08,5.95398e-06,2.60317e-09,2.28720e+03,1,0.7638,0.0591
0.250,62.50,1.0,4.34607e+08,5.95398e-06,2.30312e-09,2.58518e+03,1,0.7638,0.0591
0.250,65.00,1.0,4.88873e+08,5.95398e-06,2.04746e-09,2.90798e+03,1,0.7638,0.0591
0.250,67.50,1.0,5.47479e+08,5.95398e-06,1.82829e-09,3.25658e+03,1,0.7638,0.0591
0.250,70.00,1.0,6.10591e+08,5.95398e-06,1.63931e-09,3.63199e+03,1,0.7638,0.0591
0.250,72.50,1.0,6.78376e+08,5.95398e-06,1.47551e-09,4.03520e+03,1,0.7638,0.0591
0.250,75.00,1.0,7.51000e+08,5.95398e-06,1.33282e-09,4.46719e+03,1,0.7638,0.0591
0.250,77.50,1.0,8.28631e+08,5.95398e-06,1.20796e-09,4.92897e+03,1,0.7638,0.0591
0.250,80.00,1.0,9.11436e+08,5.95398e-06,1.09821e-09,5.42152e+03,1,0.7638,0.0591
0.300,5.00,1.0,1.69276e+05,3.77446e-06,5.91314e-06,6.38316e-01,0,0.7638,0.0709
0.300,7.50,1.0,5.71305e+05,3.77446e-06,1.75204e-06,2.15432e+00,1,0.7638,0.0709
0.300,10.00,1.0,1.35421e+06,3.77446e-06,7.39143e-07,5.10653e+00,1,0.7638,0.0709
0.300,12.50,1.0,2.64493e+06,3.77446e-06,3.78441e-07,9.97369e+00,1,0.7638,0.0709
0.300,15.00,1.0,4.57044e+06,3.77446e-06,2.19005e-07,1.72345e+01,1,0.7638,0.0709
0.300,17.50,1.0,7.25769e+06,3.77446e-06,1.37916e-07,2.73678e+01,1,0.7638,0.0709
0.300,20.00,1.0,1.08336e+07,3.77446e-06,9.23928e-08,4.08523e+01,1,0.7638,0.0709
0.300,22.50,1.0,1.54252e+07,3.77446e-06,6.48904e-08,5.81666e+01,1,0.7638,0.0709
0.300,25.00,1.0,2.11595e+07,3.77446e-06,4.73051e-08,7.97896e+01,1,0.7638,0.0709
0.300,27.50,1.0,2.81632e+07,3.77446e-06,3.55410e-08,1.06200e+02,1,0.7638,0.0709
0.300,30.00,1.0,3.65635e+07,3.77446e-06,2.73757e-08,1.37876e+02,1,0.7638,0.0709
0.300,32.50,1.0,4.64873e+07,3.77446e-06,2.15317e-08,1.75298e+02,1,0.7638,0.0709
0.300,35.00,1.0,5.80615e+07,3.77446e-06,1.72395e-08,2.18943e+02,1,0.7638,0.0709
0.300,37.50,1.0,7.14132e+07,3.77446e-06,1.40163e-08,2.69290e+02,1,0.7638,0.0709
0.300,40.00,1.0,8.66691e+07,3.77446e-06,1.15491e-08,3.26818e+02,1,0.7638,0.0709
0.300,42.50,1.0,1.03956e+08,3.77446e-06,9.62856e-09,3.92006e+02,1,0.7638,0.0709
0.300,45.00,1.0,1.23402e+08,3.77446e-06,8.11131e-09,4.65333e+02,1,0.7638,0.0709
0.300,47.50,1.0,1.45133e+08,3.77446e-06,6.89680e-09,5.47277e+02,1,0.7638,0.0709
0.300,50.00,1.0,1.69276e+08,3.77446e-06,5.91314e-09,6.38316e+02,1,0.7638,0.0709
0.300,52.50,1.0,1.95958e+08,3.77446e-06,5.10799e-09,7.38931e+02,1,0.7638,0.0709
0.300,55.00,1.0,2.25306e+08,3.77446e-06,4.44263e-09,8.49599e+02,1,0.7638,0.0709
0.300,57.50,1.0,2.57447e+08,3.77446e-06,3.88799e-09,9.70800e+02,1,0.7638,0.0709
0.300,60.00,1.0,2.92508e+08,3.77446e-06,3.42196e-09,1.10301e+03,1,0.7638,0.0709
0.300,62.50,1.0,3.30616e+08,3.77446e-06,3.02753e-09,1.24671e+03,1,0.7638,0.0709
0.300,65.00,1.0,3.71899e+08,3.77446e-06,2.69146e-09,1.40238e+03,1,0.7638,0.0709
0.300,67.50,1.0,4.16482e+08,3.77446e-06,2.40335e-09,1.57050e+03,1,0.7638,0.0709
0.300,70.00,1.0,4.64492e+08,3.77446e-06,2.15493e-09,1.75154e+03,1,0.7638,0.0709
0.300,72.50,1.0,5.16058e+08,3.77446e-06,1.93961e-09,1.94599e+03,1,0.7638,0.0709
0.300,75.00,1.0,5.71305e+08,3.77446e-06,1.75204e-09,2.15432e+03,1,0.7638,0.0709
0.300,77.50,1.0,6.30361e+08,3.77446e-06,1.58790e-09,2.37701e+03,1,0.7638,0.0709
0.300,80.00,1.0,6.93353e+08,3.77446e-06,1.44364e-09,2.61454e+03,1,0.7638,0.0709
0.350,5.00,1.0,1.34330e+05,2.56736e-06,7.45141e-06,3.44547e-01,0,0.7638,0.0827
0.350,7.50,1.0,4.53365e+05,2.56736e-06,2.20783e-06,1.16285e+00,1,0.7638,0.0827
0.350,10.00,1.0,1.07464e+06,2.56736e-06,9.31426e-07,2.75638e+00,1,0.7638,0.0827
0.350,12.50,1.0,2.09891e+06,2.56736e-06,4.76890e-07,5.38355e+00,1,0.7638,0.0827
0.350,15.00,1.0,3.62692e+06,2.56736e-06,2.75978e-07,9.30278e+00,1,0.7638,0.0827
0.350,17.50,1.0,5.75942e+06,2.56736e-06,1.73794e-07,1.47725e+01,1,0.7638,0.0827
0.350,20.00,1.0,8.59714e+06,2.56736e-06,1.16428e-07,2.20510e+01,1,0.7638,0.0827
0.350,22.50,1.0,1.22409e+07,2.56736e-06,8.17713e-08,3.13969e+01,1,0.7638,0.0827
0.350,25.00,1.0,1.67913e+07,2.56736e-06,5.96113e-08,4.30684e+01,1,0.7638,0.0827
0.350,27.50,1.0,2.23492e+07,2.56736e-06,4.47868e-08,5.73241e+01,1,0.7638,0.0827
0.350,30.00,1.0,2.90154e+07,2.56736e-06,3.44973e-08,7.44222e+01,1,0.7638,0.0827
0.350,32.50,1.0,3.68905e+07,2.56736e-06,2.71330e-08,9.46213e+01,1,0.7638,0.0827
0.350,35.00,1.0,4.60753e+07,2.56736e-06,2.17242e-08,1.18180e+02,1,0.7638,0.0827
0.350,37.50,1.0,5.66706e+07,2.56736e-06,1.76626e-08,1.45356e+02,1,0.7638,0.0827
0.350,40.00,1.0,6.87772e+07,2.56736e-06,1.45535e-08,1.76408e+02,1,0.7638,0.0827
0.350,42.50,1.0,8.24956e+07,2.56736e-06,1.21334e-08,2.11595e+02,1,0.7638,0.0827
0.350,45.00,1.0,9.79269e+07,2.56736e-06,1.02214e-08,2.51175e+02,1,0.7638,0.0827
0.350,47.50,1.0,1.15172e+08,2.56736e-06,8.69096e-09,2.95406e+02,1,0.7638,0.0827
0.350,50.00,1.0,1.34330e+08,2.56736e-06,7.45141e-09,3.44547e+02,1,0.7638,0.0827
0.350,52.50,1.0,1.55504e+08,2.56736e-06,6.43681e-09,3.98857e+02,1,0.7638,0.0827
0.350,55.00,1.0,1.78794e+08,2.56736e-06,5.59835e-09,4.58592e+02,1,0.7638,0.0827
0.350,57.50,1.0,2.04300e+08,2.56736e-06,4.89942e-09,5.24013e+02,1,0.7638,0.0827
0.350,60.00,1.0,2.32123e+08,2.56736e-06,4.31216e-09,5.95378e+02,1,0.7638,0.0827
0.350,62.50,1.0,2.62364e+08,2.56736e-06,3.81512e-09,6.72944e+02,1,0.7638,0.0827
0.350,65.00,1.0,2.95124e+08,2.56736e-06,3.39163e-09,7.56970e+02,1,0.7638,0.0827
0.350,67.50,1.0,3.30503e+08,2.56736e-06,3.02857e-09,8.47716e+02,1,0.7638,0.0827
0.350,70.00,1.0,3.68603e+08,2.56736e-06,2.71553e-09,9.45438e+02,1,0.7638,0.0827
0.350,72.50,1.0,4.09523e+08,2.56736e-06,2.44419e-09,1.05040e+03,1,0.7638,0.0827
0.350,75.00,1.0,4.53365e+08,2.56736e-06,2.20783e-09,1.16285e+03,1,0.7638,0.0827
0.350,77.50,1.0,5.00230e+08,2.56736e-06,2.00098e-09,1.28305e+03,1,0.7638,0.0827
0.350,80.00,1.0,5.50217e+08,2.56736e-06,1.81919e-09,1.41127e+03,1,0.7638,0.0827
0.400,5.00,1.0,1.09948e+05,1.83869e-06,9.10388e-06,2.01967e-01,0,0.7638,0.0945
0.400,7.50,1.0,3.71074e+05,1.83869e-06,2.69745e-06,6.81640e-01,0,0.7638,0.0945
0.400,10.00,1.0,8.79582e+05,1.83869e-06,1.13798e-06,1.61574e+00,1,0.7638,0.0945
0.400,12.50,1.0,1.71793e+06,1.83869e-06,5.82648e-07,3.15574e+00,1,0.7638,0.0945
0.400,15.00,1.0,2.96859e+06,1.83869e-06,3.37181e-07,5.45312e+00,1,0.7638,0.0945
0.400,17.50,1.0,4.71401e+06,1.83869e-06,2.12335e-07,8.65935e+00,1,0.7638,0.0945
0.400,20.00,1.0,7.03666e+06,1.83869e-06,1.42248e-07,1.29259e+01,1,0.7638,0.0945
0.400,22.50,1.0,1.00190e+07,1.83869e-06,9.99054e-08,1.84043e+01,1,0.7638,0.0945
0.400,25.00,1.0,1.37435e+07,1.83869e-06,7.28310e-08,2.52459e+01,1,0.7638,0.0945
0.400,27.50,1.0,1.82926e+07,1.83869e-06,5.47190e-08,3.36023e+01,1,0.7638,0.0945
0.400,30.00,1.0,2.37487e+07,1.83869e-06,4.21476e-08,4.36249e+01,1,0.7638,0.0945
0.400,32.50,1.0,3.01944e+07,1.83869e-06,3.31502e-08,5.54653e+01,1,0.7638,0.0945
0.400,35.00,1.0,3.77121e+07,1.83869e-06,2.65419e-08,6.92748e+01,1,0.7638,0.0945
0.400,37.50,1.0,4.63842e+07,1.83869e-06,2.15796e-08,8.52050e+01,1,0.7638,0.0945
0.400,40.00,1.0,5.62932e+07,1.83869e-06,1.77810e-08,1.03407e+02,1,0.7638,0.0945
0.400,42.50,1.0,6.75217e+07,1.83869e-06,1.48241e-08,1.24033e+02,1,0.7638,0.0945
0.400,45.00,1.0,8.01519e+07,1.83869e-06,1.24882e-08,1.47234e+02,1,0.7638,0.0945
0.400,47.50,1.0,9.42665e+07,1.83869e-06,1.06183e-08,1.73162e+02,1,0.7638,0.0945
0.400,50.00,1.0,1.09948e+08,1.83869e-06,9.10388e-09,2.01967e+02,1,0.7638,0.0945
0.400,52.50,1.0,1.27278e+08,1.83869e-06,7.86427e-09,2.33802e+02,1,0.7638,0.0945
0.400,55.00,1.0,1.46340e+08,1.83869e-06,6.83988e-09,2.68818e+02,1,0.7638,0.0945
0.400,57.50,1.0,1.67217e+08,1.83869e-06,5.98595e-09,3.07167e+02,1,0.7638,0.0945
0.400,60.00,1.0,1.89990e+08,1.83869e-06,5.26845e-09,3.49000e+02,1,0.7638,0.0945
0.400,62.50,1.0,2.14742e+08,1.83869e-06,4.66119e-09,3.94467e+02,1,0.7638,0.0945
0.400,65.00,1.0,2.41555e+08,1.83869e-06,4.14378e-09,4.43722e+02,1,0.7638,0.0945
0.400,67.50,1.0,2.70513e+08,1.83869e-06,3.70020e-09,4.96915e+02,1,0.7638,0.0945
0.400,70.00,1.0,3.01697e+08,1.83869e-06,3.31774e-09,5.54198e+02,1,0.7638,0.0945
0.400,72.50,1.0,3.35189e+08,1.83869e-06,2.98622e-09,6.15723e+02,1,0.7638,0.0945
0.400,75.00,1.0,3.71074e+08,1.83869e-06,2.69745e-09,6.81640e+02,1,0.7638,0.0945
0.400,77.50,1.0,4.09432e+08,1.83869e-06,2.44473e-09,7.52101e+02,1,0.7638,0.0945
0.400,80.00,1.0,4.50346e+08,1.83869e-06,2.22263e-09,8.27258e+02,1,0.7638,0.0945
0.450,5.00,1.0,9.21420e+04,1.36970e-06,1.08631e-05,1.26087e-01,0,0.7638,0.1063
0.450,7.50,1.0,3.10979e+05,1.36970e-06,3.21871e-06,4.25544e-01,0,0.7638,0.1063
0.450,10.00,1.0,7.37136e+05,1.36970e-06,1.35789e-06,1.00870e+00,1,0.7638,0.1063
0.450,12.50,1.0,1.43972e+06,1.36970e-06,6.95241e-07,1.97011e+00,1,0.7638,0.1063
0.450,15.00,1.0,2.48783e+06,1.36970e-06,4.02338e-07,3.40435e+00,1,0.7638,0.1063
0.450,17.50,1.0,3.95059e+06,1.36970e-06,2.53368e-07,5.40599e+00,1,0.7638,0.1063
0.450,20.00,1.0,5.89709e+06,1.36970e-06,1.69736e-07,8.06958e+00,1,0.7638,0.1063
0.450,22.50,1.0,8.39644e+06,1.36970e-06,1.19211e-07,1.14897e+01,1,0.7638,0.1063
0.450,25.00,1.0,1.15177e+07,1.36970e-06,8.69051e-08,1.57609e+01,1,0.7638,0.1063
0.450,27.50,1.0,1.53301e+07,1.36970e-06,6.52931e-08,2.09778e+01,1,0.7638,0.1063
0.450,30.00,1.0,1.99027e+07,1.36970e-06,5.02923e-08,2.72348e+01,1,0.7638,0.1063
0.450,32.50,1.0,2.53045e+07,1.36970e-06,3.95562e-08,3.46267e+01,1,0.7638,0.1063
0.450,35.00,1.0,3.16047e+07,1.36970e-06,3.16709e-08,4.32479e+01,1,0.7638,0.1063
0.450,37.50,1.0,3.88724e+07,1.36970e-06,2.57497e-08,5.31930e+01,1,0.7638,0.1063
0.450,40.00,1.0,4.71767e+07,1.36970e-06,2.12171e-08,6.45566e+01,1,0.7638,0.1063
0.450,42.50,1.0,5.65867e+07,1.36970e-06,1.76888e-08,7.74333e+01,1,0.7638,0.1063
0.450,45.00,1.0,6.71715e+07,1.36970e-06,1.49014e-08,9.19176e+01,1,0.7638,0.1063
0.450,47.50,1.0,7.90002e+07,1.36970e-06,1.26702e-08,1.08104e+02,1,0.7638,0.1063
0.450,50.00,1.0,9.21420e+07,1.36970e-06,1.08631e-08,1.26087e+02,1,0.7638,0.1063
0.450,52.50,1.0,1.06666e+08,1.36970e-06,9.38398e-09,1.45962e+02,1,0.7638,0.1063
0.450,55.00,1.0,1.22641e+08,1.36970e-06,8.16163e-09,1.67822e+02,1,0.7638,0.1063
0.450,57.50,1.0,1.40136e+08,1.36970e-06,7.14269e-09,1.91763e+02,1,0.7638,0.1063
0.450,60.00,1.0,1.59221e+08,1.36970e-06,6.28654e-09,2.17879e+02,1,0.7638,0.1063
0.450,62.50,1.0,1.79965e+08,1.36970e-06,5.56192e-09,2.46264e+02,1,0.7638,0.1063
0.450,65.00,1.0,2.02436e+08,1.36970e-06,4.94453e-09,2.77014e+02,1,0.7638,0.1063
0.450,67.50,1.0,2.26704e+08,1.36970e-06,4.41524e-09,3.10222e+02,1,0.7638,0.1063
0.450,70.00,1.0,2.52838e+08,1.36970e-06,3.95887e-09,3.45983e+02,1,0.7638,0.1063
0.450,72.50,1.0,2.80906e+08,1.36970e-06,3.56329e-09,3.84393e+02,1,0.7638,0.1063
0.450,75.00,1.0,3.10979e+08,1.36970e-06,3.21871e-09,4.25544e+02,1,0.7638,0.1063
0.450,77.50,1.0,3.43125e+08,1.36970e-06,2.91716e-09,4.69533e+02,1,0.7638,0.1063
0.450,80.00,1.0,3.77414e+08,1.36970e-06,2.65213e-09,5.16453e+02,1,0.7638,0.1063
0.500,5.00,1.0,7.86722e+04,1.05253e-06,1.27231e-05,8.27258e-02,0,0.7638,0.1181
0.500,7.50,1.0,2.65519e+05,1.05253e-06,3.76979e-06,2.79200e-01,0,0.7638,0.1181
0.500,10.00,1.0,6.29378e+05,1.05253e-06,1.59038e-06,6.61806e-01,0,0.7638,0.1181
0.500,12.50,1.0,1.22925e+06,1.05253e-06,8.14276e-07,1.29259e+00,1,0.7638,0.1181
0.500,15.00,1.0,2.12415e+06,1.05253e-06,4.71224e-07,2.23360e+00,1,0.7638,0.1181
0.500,17.50,1.0,3.37307e+06,1.05253e-06,2.96748e-07,3.54687e+00,1,0.7638,0.1181
0.500,20.00,1.0,5.03502e+06,1.05253e-06,1.98798e-07,5.29445e+00,1,0.7638,0.1181
0.500,22.50,1.0,7.16900e+06,1.05253e-06,1.39622e-07,7.53839e+00,1,0.7638,0.1181
0.500,25.00,1.0,9.83403e+06,1.05253e-06,1.01784e-07,1.03407e+01,1,0.7638,0.1181
0.500,27.50,1.0,1.30891e+07,1.05253e-06,7.64722e-08,1.37635e+01,1,0.7638,0.1181
0.500,30.00,1.0,1.69932e+07,1.05253e-06,5.89030e-08,1.78688e+01,1,0.7638,0.1181
0.500,32.50,1.0,2.16054e+07,1.05253e-06,4.63288e-08,2.27186e+01,1,0.7638,0.1181
0.500,35.00,1.0,2.69846e+07,1.05253e-06,3.70935e-08,2.83750e+01,1,0.7638,0.1181
0.500,37.50,1.0,3.31898e+07,1.05253e-06,3.01584e-08,3.49000e+01,1,0.7638,0.1181
0.500,40.00,1.0,4.02802e+07,1.05253e-06,2.48497e-08,4.23556e+01,1,0.7638,0.1181
0.500,42.50,1.0,4.83146e+07,1.05253e-06,2.07174e-08,5.08040e+01,1,0.7638,0.1181
0.500,45.00,1.0,5.73520e+07,1.05253e-06,1.74528e-08,6.03071e+01,1,0.7638,0.1181
0.500,47.50,1.0,6.74516e+07,1.05253e-06,1.48395e-08,7.09270e+01,1,0.7638,0.1181
0.500,50.00,1.0,7.86722e+07,1.05253e-06,1.27231e-08,8.27258e+01,1,0.7638,0.1181
0.500,52.50,1.0,9.10729e+07,1.05253e-06,1.09907e-08,9.57655e+01,1,0.7638,0.1181
0.500,55.00,1.0,1.04713e+08,1.05253e-06,9.55902e-09,1.10108e+02,1,0.7638,0.1181
0.500,57.50,1.0,1.19651e+08,1.05253e-06,8.36562e-09,1.25816e+02,1,0.7638,0.1181
0.500,60.00,1.0,1.35946e+08,1.05253e-06,7.36288e-09,1.42950e+02,1,0.7638,0.1181
0.500,62.50,1.0,1.53657e+08,1.05253e-06,6.51420e-09,1.61574e+02,1,0.7638,0.1181
0.500,65.00,1.0,1.72843e+08,1.05253e-06,5.79110e-09,1.81749e+02,1,0.7638,0.1181
0.500,67.50,1.0,1.93563e+08,1.05253e-06,5.17119e-09,2.03537e+02,1,0.7638,0.1181
0.500,70.00,1.0,2.15877e+08,1.05253e-06,4.63668e-09,2.27000e+02,1,0.7638,0.1181
0.500,72.50,1.0,2.39842e+08,1.05253e-06,4.17337e-09,2.52200e+02,1,0.7638,0.1181
0.500,75.00,1.0,2.65519e+08,1.05253e-06,3.76979e-09,2.79200e+02,1,0.7638,0.1181
0.500,77.50,1.0,2.92965e+08,1.05253e-06,3.41662e-09,3.08061e+02,1,0.7638,0.1181
0.500,80.00,1.0,3.22241e+08,1.05253e-06,3.10621e-09,3.38845e+02,1,0.7638,0.1181
0.550,5.00,1.0,6.81918e+04,8.29375e-07,1.46785e-05,5.65028e-02,0,0.7638,0.1299
0.550,7.50,1.0,2.30147e+05,8.29375e-07,4.34917e-06,1.90697e-01,0,0.7638,0.1299
0.550,10.00,1.0,5.45535e+05,8.29375e-07,1.83481e-06,4.52023e-01,0,0.7638,0.1299
0.550,12.50,1.0,1.06550e+06,8.29375e-07,9.39421e-07,8.82857e-01,0,0.7638,0.1299
0.550,15.00,1.0,1.84118e+06,8.29375e-07,5.43647e-07,1.52558e+00,1,0.7638,0.1299
0.550,17.50,1.0,2.92372e+06,8.29375e-07,3.42355e-07,2.42256e+00,1,0.7638,0.1299
0.550,20.00,1.0,4.36428e+06,8.29375e-07,2.29351e-07,3.61618e+00,1,0.7638,0.1299
0.550,22.50,1.0,6.21398e+06,8.29375e-07,1.61080e-07,5.14882e+00,1,0.7638,0.1299
0.550,25.00,1.0,8.52398e+06,8.29375e-07,1.17428e-07,7.06286e+00,1,0.7638,0.1299
0.550,27.50,1.0,1.13454e+07,8.29375e-07,8.82251e-08,9.40066e+00,1,0.7638,0.1299
0.550,30.00,1.0,1.47294e+07,8.29375e-07,6.79558e-08,1.22046e+01,1,0.7638,0.1299
0.550,32.50,1.0,1.87272e+07,8.29375e-07,5.34491e-08,1.55171e+01,1,0.7638,0.1299
0.550,35.00,1.0,2.33898e+07,8.29375e-07,4.27943e-08,1.93805e+01,1,0.7638,0.1299
0.550,37.50,1.0,2.87684e+07,8.29375e-07,3.47934e-08,2.38371e+01,1,0.7638,0.1299
0.550,40.00,1.0,3.49142e+07,8.29375e-07,2.86689e-08,2.89295e+01,1,0.7638,0.1299
0.550,42.50,1.0,4.18783e+07,8.29375e-07,2.39014e-08,3.46998e+01,1,0.7638,0.1299
0.550,45.00,1.0,4.97118e+07,8.29375e-07,2.01351e-08,4.11906e+01,1,0.7638,0.1299
0.550,47.50,1.0,5.84660e+07,8.29375e-07,1.71202e-08,4.84441e+01,1,0.7638,0.1299
0.550,50.00,1.0,6.81918e+07,8.29375e-07,1.46785e-08,5.65028e+01,1,0.7638,0.1299
0.550,52.50,1.0,7.89406e+07,8.29375e-07,1.26798e-08,6.54091e+01,1,0.7638,0.1299
0.550,55.00,1.0,9.07633e+07,8.29375e-07,1.10281e-08,7.52053e+01,1,0.7638,0.1299
0.550,57.50,1.0,1.03711e+08,8.29375e-07,9.65132e-09,8.59338e+01,1,0.7638,0.1299
0.550,60.00,1.0,1.17835e+08,8.29375e-07,8.49448e-09,9.76369e+01,1,0.7638,0.1299
0.550,62.50,1.0,1.33187e+08,8.29375e-07,7.51537e-09,1.10357e+02,1,0.7638,0.1299
0.550,65.00,1.0,1.49817e+08,8.29375e-07,6.68114e-09,1.24137e+02,1,0.7638,0.1299
0.550,67.50,1.0,1.67777e+08,8.29375e-07,5.96594e-09,1.39018e+02,1,0.7638,0.1299
0.550,70.00,1.0,1.87118e+08,8.29375e-07,5.34929e-09,1.55044e+02,1,0.7638,0.1299
0.550,72.50,1.0,2.07891e+08,8.29375e-07,4.81478e-09,1.72256e+02,1,0.7638,0.1299
0.550,75.00,1.0,2.30147e+08,8.29375e-07,4.34917e-09,1.90697e+02,1,0.7638,0.1299
0.550,77.50,1.0,2.53938e+08,8.29375e-07,3.94172e-09,2.10410e+02,1,0.7638,0.1299
0.550,80.00,1.0,2.79314e+08,8.29375e-07,3.58361e-09,2.31436e+02,1,0.7638,0.1299
0.600,5.00,1.0,5.98480e+04,6.67236e-07,1.67249e-05,3.98948e-02,0,0.7638,0.1417
0.600,7.50,1.0,2.01987e+05,6.67236e-07,4.95552e-06,1.34645e-01,0,0.7638,0.1417
0.600,10.00,1.0,4.78784e+05,6.67236e-07,2.09061e-06,3.19158e-01,0,0.7638,0.1417
0.600,12.50,1.0,9.35125e+05,6.67236e-07,1.07039e-06,6.23356e-01,0,0.7638,0.1417
0.600,15.00,1.0,1.61590e+06,6.67236e-07,6.19440e-07,1.07716e+00,1,0.7638,0.1417
0.600,17.50,1.0,2.56598e+06,6.67236e-07,3.90085e-07,1.71049e+00,1,0.7638,0.1417
0.600,20.00,1.0,3.83027e+06,6.67236e-07,2.61326e-07,2.55327e+00,1,0.7638,0.1417
0.600,22.50,1.0,5.45365e+06,6.67236e-07,1.83538e-07,3.63541e+00,1,0.7638,0.1417
0.600,25.00,1.0,7.48100e+06,6.67236e-07,1.33799e-07,4.98685e+00,1,0.7638,0.1417
0.600,27.50,1.0,9.95721e+06,6.67236e-07,1.00525e-07,6.63749e+00,1,0.7638,0.1417
0.600,30.00,1.0,1.29272e+07,6.67236e-07,7.74300e-08,8.61727e+00,1,0.7638,0.1417
0.600,32.50,1.0,1.64358e+07,6.67236e-07,6.09008e-08,1.09561e+01,1,0.7638,0.1417
0.600,35.00,1.0,2.05279e+07,6.67236e-07,4.87606e-08,1.36839e+01,1,0.7638,0.1417
0.600,37.50,1.0,2.52484e+07,6.67236e-07,3.96442e-08,1.68306e+01,1,0.7638,0.1417
0.600,40.00,1.0,3.06422e+07,6.67236e-07,3.26658e-08,2.04261e+01,1,0.7638,0.1417
0.600,42.50,1.0,3.67541e+07,6.67236e-07,2.72337e-08,2.45004e+01,1,0.7638,0.1417
0.600,45.00,1.0,4.36292e+07,6.67236e-07,2.29422e-08,2.90833e+01,1,0.7638,0.1417
0.600,47.50,1.0,5.13122e+07,6.67236e-07,1.95071e-08,3.42048e+01,1,0.7638,0.1417
0.600,50.00,1.0,5.98480e+07,6.67236e-07,1.67249e-08,3.98948e+01,1,0.7638,0.1417
0.600,52.50,1.0,6.92815e+07,6.67236e-07,1.44476e-08,4.61832e+01,1,0.7638,0.1417
0.600,55.00,1.0,7.96577e+07,6.67236e-07,1.25657e-08,5.30999e+01,1,0.7638,0.1417
0.600,57.50,1.0,9.10213e+07,6.67236e-07,1.09969e-08,6.06750e+01,1,0.7638,0.1417
0.600,60.00,1.0,1.03417e+08,6.67236e-07,9.67876e-09,6.89382e+01,1,0.7638,0.1417
0.600,62.50,1.0,1.16891e+08,6.67236e-07,8.56314e-09,7.79195e+01,1,0.7638,0.1417
0.600,65.00,1.0,1.31486e+08,6.67236e-07,7.61260e-09,8.76488e+01,1,0.7638,0.1417
0.600,67.50,1.0,1.47248e+08,6.67236e-07,6.79770e-09,9.81561e+01,1,0.7638,0.1417
0.600,70.00,1.0,1.64223e+08,6.67236e-07,6.09508e-09,1.09471e+02,1,0.7638,0.1417
0.600,72.50,1.0,1.82454e+08,6.67236e-07,5.48604e-09,1.21624e+02,1,0.7638,0.1417
0.600,75.00,1.0,2.01987e+08,6.67236e-07,4.95552e-09,1.34645e+02,1,0.7638,0.1417
0.600,77.50,1.0,2.22866e+08,6.67236e-07,4.49126e-09,1.48563e+02,1,0.7638,0.1417
0.600,80.00,1.0,2.45137e+08,6.67236e-07,4.08323e-09,1.63409e+02,1,0.7638,0.1417
0.650,5.00,1.0,5.30770e+04,5.46228e-07,1.88585e-05,2.89646e-02,0,0.7638,0.1536
0.650,7.50,1.0,1.79135e+05,5.46228e-07,5.58769e-06,9.77555e-02,0,0.7638,0.1536
0.650,10.00,1.0,4.24616e+05,5.46228e-07,2.35731e-06,2.31717e-01,0,0.7638,0.1536
0.650,12.50,1.0,8.29328e+05,5.46228e-07,1.20694e-06,4.52572e-01,0,0.7638,0.1536
0.650,15.00,1.0,1.43308e+06,5.46228e-07,6.98462e-07,7.82044e-01,0,0.7638,0.1536
0.650,17.50,1.0,2.27568e+06,5.46228e-07,4.39848e-07,1.24186e+00,1,0.7638,0.1536
0.650,20.00,1.0,3.39693e+06,5.46228e-07,2.94664e-07,1.85373e+00,1,0.7638,0.1536
0.650,22.50,1.0,4.83664e+06,5.46228e-07,2.06952e-07,2.63940e+00,1,0.7638,0.1536
0.650,25.00,1.0,6.63462e+06,5.46228e-07,1.50868e-07,3.62058e+00,1,0.7638,0.1536
0.650,27.50,1.0,8.83068e+06,5.46228e-07,1.13349e-07,4.81899e+00,1,0.7638,0.1536
0.650,30.00,1.0,1.14646e+07,5.46228e-07,8.73077e-08,6.25635e+00,1,0.7638,0.1536
0.650,32.50,1.0,1.45763e+07,5.46228e-07,6.86699e-08,7.95440e+00,1,0.7638,0.1536
0.650,35.00,1.0,1.82054e+07,5.46228e-07,5.49810e-08,9.93486e+00,1,0.7638,0.1536
0.650,37.50,1.0,2.23919e+07,5.46228e-07,4.47016e-08,1.22194e+01,1,0.7638,0.1536
0.650,40.00,1.0,2.71754e+07,5.46228e-07,3.68329e-08,1.48299e+01,1,0.7638,0.1536
0.650,42.50,1.0,3.25959e+07,5.46228e-07,3.07079e-08,1.77879e+01,1,0.7638,0.1536
0.650,45.00,1.0,3.86931e+07,5.46228e-07,2.58690e-08,2.11152e+01,1,0.7638,0.1536
0.650,47.50,1.0,4.55069e+07,5.46228e-07,2.19956e-08,2.48335e+01,1,0.7638,0.1536
0.650,50.00,1.0,5.30770e+07,5.46228e-07,1.88585e-08,2.89646e+01,1,0.7638,0.1536
0.650,52.50,1.0,6.14433e+07,5.46228e-07,1.62907e-08,3.35302e+01,1,0.7638,0.1536
0.650,55.00,1.0,7.06455e+07,5.46228e-07,1.41686e-08,3.85519e+01,1,0.7638,0.1536
0.650,57.50,1.0,8.07235e+07,5.46228e-07,1.23997e-08,4.40515e+01,1,0.7638,0.1536
0.650,60.00,1.0,9.17170e+07,5.46228e-07,1.09135e-08,5.00508e+01,1,0.7638,0.1536
0.650,62.50,1.0,1.03666e+08,5.46228e-07,9.65554e-09,5.65715e+01,1,0.7638,0.1536
0.650,65.00,1.0,1.16610e+08,5.46228e-07,8.58374e-09,6.36352e+01,1,0.7638,0.1536
0.650,67.50,1.0,1.30589e+08,5.46228e-07,7.66488e-09,7.12638e+01,1,0.7638,0.1536
0.650,70.00,1.0,1.45643e+08,5.46228e-07,6.87262e-09,7.94789e+01,1,0.7638,0.1536
0.650,72.50,1.0,1.61812e+08,5.46228e-07,6.18589e-09,8.83022e+01,1,0.7638,0.1536
0.650,75.00,1.0,1.79135e+08,5.46228e-07,5.58769e-09,9.77555e+01,1,0.7638,0.1536
0.650,77.50,1.0,1.97652e+08,5.46228e-07,5.06421e-09,1.07861e+02,1,0.7638,0.1536
0.650,80.00,1.0,2.17403e+08,5.46228e-07,4.60412e-09,1.18639e+02,1,0.7638,0.1536
0.700,5.00,1.0,4.74930e+04,4.53850e-07,2.10758e-05,2.15342e-02,0,0.7638,0.1654
0.700,7.50,1.0,1.60289e+05,4.53850e-07,6.24467e-06,7.26779e-02,0,0.7638,0.1654
0.700,10.00,1.0,3.79944e+05,4.53850e-07,2.63447e-06,1.72274e-01,0,0.7638,0.1654
0.700,12.50,1.0,7.42078e+05,4.53850e-07,1.34885e-06,3.36472e-01,0,0.7638,0.1654
0.700,15.00,1.0,1.28231e+06,4.53850e-07,7.80584e-07,5.81424e-01,0,0.7638,0.1654
0.700,17.50,1.0,2.03626e+06,4.53850e-07,4.91563e-07,9.23279e-01,0,0.7638,0.1654
0.700,20.00,1.0,3.03955e+06,4.53850e-07,3.29309e-07,1.37819e+00,1,0.7638,0.1654
0.700,22.50,1.0,4.32780e+06,4.53850e-07,2.31284e-07,1.96230e+00,1,0.7638,0.1654
0.700,25.00,1.0,5.93662e+06,4.53850e-07,1.68606e-07,2.69178e+00,1,0.7638,0.1654
0.700,27.50,1.0,7.90164e+06,4.53850e-07,1.26676e-07,3.58275e+00,1,0.7638,0.1654
0.700,30.00,1.0,1.02585e+07,4.53850e-07,9.75730e-08,4.65139e+00,1,0.7638,0.1654
0.700,32.50,1.0,1.30428e+07,4.53850e-07,7.67438e-08,5.91383e+00,1,0.7638,0.1654
0.700,35.00,1.0,1.62901e+07,4.53850e-07,6.14454e-08,7.38623e+00,1,0.7638,0.1654
0.700,37.50,1.0,2.00361e+07,4.53850e-07,4.99574e-08,9.08474e+00,1,0.7638,0.1654
0.700,40.00,1.0,2.43164e+07,4.53850e-07,4.11636e-08,1.10255e+01,1,0.7638,0.1654
0.700,42.50,1.0,2.91666e+07,4.53850e-07,3.43184e-08,1.32247e+01,1,0.7638,0.1654
0.700,45.00,1.0,3.46224e+07,4.53850e-07,2.89105e-08,1.56984e+01,1,0.7638,0.1654
0.700,47.50,1.0,4.07193e+07,4.53850e-07,2.45817e-08,1.84629e+01,1,0.7638,0.1654
0.700,50.00,1.0,4.74930e+07,4.53850e-07,2.10758e-08,2.15342e+01,1,0.7638,0.1654
0.700,52.50,1.0,5.49790e+07,4.53850e-07,1.82060e-08,2.49285e+01,1,0.7638,0.1654
0.700,55.00,1.0,6.32131e+07,4.53850e-07,1.58345e-08,2.86620e+01,1,0.7638,0.1654
0.700,57.50,1.0,7.22309e+07,4.53850e-07,1.38577e-08,3.27508e+01,1,0.7638,0.1654
0.700,60.00,1.0,8.20678e+07,4.53850e-07,1.21966e-08,3.72111e+01,1,0.7638,0.1654
0.700,62.50,1.0,9.27597e+07,4.53850e-07,1.07908e-08,4.20590e+01,1,0.7638,0.1654
0.700,65.00,1.0,1.04342e+08,4.53850e-07,9.59298e-09,4.73107e+01,1,0.7638,0.1654
0.700,67.50,1.0,1.16851e+08,4.53850e-07,8.56608e-09,5.29822e+01,1,0.7638,0.1654
0.700,70.00,1.0,1.30321e+08,4.53850e-07,7.68067e-09,5.90899e+01,1,0.7638,0.1654
0.700,72.50,1.0,1.44788e+08,4.53850e-07,6.91321e-09,6.56497e+01,1,0.7638,0.1654
0.700,75.00,1.0,1.60289e+08,4.53850e-07,6.24467e-09,7.26779e+01,1,0.7638,0.1654
0.700,77.50,1.0,1.76858e+08,4.53850e-07,5.65963e-09,8.01907e+01,1,0.7638,0.1654
0.700,80.00,1.0,1.94531e+08,4.53850e-07,5.14545e-09,8.82041e+01,1,0.7638,0.1654
0.750,5.00,1.0,4.28237e+04,3.81948e-07,2.33737e-05,1.63409e-02,0,0.7638,0.1772
0.750,7.50,1.0,1.44530e+05,3.81948e-07,6.92555e-06,5.51505e-02,0,0.7638,0.1772
0.750,10.00,1.0,3.42590e+05,3.81948e-07,2.92172e-06,1.30727e-01,0,0.7638,0.1772
0.750,12.50,1.0,6.69121e+05,3.81948e-07,1.49592e-06,2.55327e-01,0,0.7638,0.1772
0.750,15.00,1.0,1.15624e+06,3.81948e-07,8.65694e-07,4.41204e-01,0,0.7638,0.1772
0.750,17.50,1.0,1.83607e+06,3.81948e-07,5.45160e-07,7.00616e-01,0,0.7638,0.1772
0.750,20.00,1.0,2.74072e+06,3.81948e-07,3.65215e-07,1.04582e+00,1,0.7638,0.1772
0.750,22.50,1.0,3.90231e+06,3.81948e-07,2.56502e-07,1.48906e+00,1,0.7638,0.1772
0.750,25.00,1.0,5.35297e+06,3.81948e-07,1.86990e-07,2.04261e+00,1,0.7638,0.1772
0.750,27.50,1.0,7.12480e+06,3.81948e-07,1.40488e-07,2.71872e+00,1,0.7638,0.1772
0.750,30.00,1.0,9.24992e+06,3.81948e-07,1.08212e-07,3.52963e+00,1,0.7638,0.1772
0.750,32.50,1.0,1.17605e+07,3.81948e-07,8.51115e-08,4.48762e+00,1,0.7638,0.1772
0.750,35.00,1.0,1.46885e+07,3.81948e-07,6.81450e-08,5.60493e+00,1,0.7638,0.1772
0.750,37.50,1.0,1.80663e+07,3.81948e-07,5.54044e-08,6.89382e+00,1,0.7638,0.1772
0.750,40.00,1.0,2.19257e+07,3.81948e-07,4.56518e-08,8.36654e+00,1,0.7638,0.1772
0.750,42.50,1.0,2.62991e+07,3.81948e-07,3.80602e-08,1.00354e+01,1,0.7638,0.1772
0.750,45.00,1.0,3.12185e+07,3.81948e-07,3.20627e-08,1.19125e+01,1,0.7638,0.1772
0.750,47.50,1.0,3.67160e+07,3.81948e-07,2.72620e-08,1.40103e+01,1,0.7638,0.1772
0.750,50.00,1.0,4.28237e+07,3.81948e-07,2.33737e-08,1.63409e+01,1,0.7638,0.1772
0.750,52.50,1.0,4.95738e+07,3.81948e-07,2.01911e-08,1.89166e+01,1,0.7638,0.1772
0.750,55.00,1.0,5.69984e+07,3.81948e-07,1.75610e-08,2.17497e+01,1,0.7638,0.1772
0.750,57.50,1.0,6.51295e+07,3.81948e-07,1.53686e-08,2.48525e+01,1,0.7638,0.1772
0.750,60.00,1.0,7.39994e+07,3.81948e-07,1.35265e-08,2.82371e+01,1,0.7638,0.1772
0.750,62.50,1.0,8.36401e+07,3.81948e-07,1.19674e-08,3.19158e+01,1,0.7638,0.1772
0.750,65.00,1.0,9.40837e+07,3.81948e-07,1.06389e-08,3.59010e+01,1,0.7638,0.1772
0.750,67.50,1.0,1.05362e+08,3.81948e-07,9.50007e-09,4.02047e+01,1,0.7638,0.1772
0.750,70.00,1.0,1.17508e+08,3.81948e-07,8.51813e-09,4.48394e+01,1,0.7638,0.1772
0.750,72.50,1.0,1.30553e+08,3.81948e-07,7.66698e-09,4.98173e+01,1,0.7638,0.1772
0.750,75.00,1.0,1.44530e+08,3.81948e-07,6.92555e-09,5.51505e+01,1,0.7638,0.1772
0.750,77.50,1.0,1.59470e+08,3.81948e-07,6.27673e-09,6.08515e+01,1,0.7638,0.1772
0.750,80.00,1.0,1.75406e+08,3.81948e-07,5.70648e-09,6.69323e+01,1,0.7638,0.1772
0.800,5.00,1.0,3.88724e+04,3.25037e-07,2.57497e-05,1.26230e-02,0,0.7638,0.1890
0.800,7.50,1.0,1.31194e+05,3.25037e-07,7.62953e-06,4.26025e-02,0,0.7638,0.1890
0.800,10.00,1.0,3.10979e+05,3.25037e-07,3.21871e-06,1.00984e-01,0,0.7638,0.1890
0.800,12.50,1.0,6.07381e+05,3.25037e-07,1.64798e-06,1.97234e-01,0,0.7638,0.1890
0.800,15.00,1.0,1.04955e+06,3.25037e-07,9.53691e-07,3.40820e-01,0,0.7638,0.1890
0.800,17.50,1.0,1.66665e+06,3.25037e-07,6.00575e-07,5.41209e-01,0,0.7638,0.1890
0.800,20.00,1.0,2.48783e+06,3.25037e-07,4.02338e-07,8.07869e-01,0,0.7638,0.1890
0.800,22.50,1.0,3.54225e+06,3.25037e-07,2.82575e-07,1.15027e+00,1,0.7638,0.1890
0.800,25.00,1.0,4.85905e+06,3.25037e-07,2.05997e-07,1.57787e+00,1,0.7638,0.1890
0.800,27.50,1.0,6.46740e+06,3.25037e-07,1.54769e-07,2.10014e+00,1,0.7638,0.1890
0.800,30.00,1.0,8.39644e+06,3.25037e-07,1.19211e-07,2.72656e+00,1,0.7638,0.1890
0.800,32.50,1.0,1.06753e+07,3.25037e-07,9.37630e-08,3.46658e+00,1,0.7638,0.1890
0.800,35.00,1.0,1.33332e+07,3.25037e-07,7.50719e-08,4.32967e+00,1,0.7638,0.1890
0.800,37.50,1.0,1.63993e+07,3.25037e-07,6.10362e-08,5.32531e+00,1,0.7638,0.1890
0.800,40.00,1.0,1.99027e+07,3.25037e-07,5.02923e-08,6.46295e+00,1,0.7638,0.1890
0.800,42.50,1.0,2.38725e+07,3.25037e-07,4.19290e-08,7.75207e+00,1,0.7638,0.1890
0.800,45.00,1.0,2.83380e+07,3.25037e-07,3.53219e-08,9.20214e+00,1,0.7638,0.1890
0.800,47.50,1.0,3.33282e+07,3.25037e-07,3.00331e-08,1.08226e+01,1,0.7638,0.1890
0.800,50.00,1.0,3.88724e+07,3.25037e-07,2.57497e-08,1.26230e+01,1,0.7638,0.1890
0.800,52.50,1.0,4.49997e+07,3.25037e-07,2.22435e-08,1.46127e+01,1,0.7638,0.1890
0.800,55.00,1.0,5.17392e+07,3.25037e-07,1.93461e-08,1.68012e+01,1,0.7638,0.1890
0.800,57.50,1.0,5.91201e+07,3.25037e-07,1.69308e-08,1.91979e+01,1,0.7638,0.1890
0.800,60.00,1.0,6.71715e+07,3.25037e-07,1.49014e-08,2.18125e+01,1,0.7638,0.1890
0.800,62.50,1.0,7.59227e+07,3.25037e-07,1.31838e-08,2.46542e+01,1,0.7638,0.1890
0.800,65.00,1.0,8.54027e+07,3.25037e-07,1.17204e-08,2.77326e+01,1,0.7638,0.1890
0.800,67.50,1.0,9.56407e+07,3.25037e-07,1.04657e-08,3.10572e+01,1,0.7638,0.1890
0.800,70.00,1.0,1.06666e+08,3.25037e-07,9.38398e-09,3.46374e+01,1,0.7638,0.1890
0.800,72.50,1.0,1.18507e+08,3.25037e-07,8.44632e-09,3.84827e+01,1,0.7638,0.1890
0.800,75.00,1.0,1.31194e+08,3.25037e-07,7.62953e-09,4.26025e+01,1,0.7638,0.1890
0.800,77.50,1.0,1.44756e+08,3.25037e-07,6.91475e-09,4.70063e+01,1,0.7638,0.1890
0.800,80.00,1.0,1.59221e+08,3.25037e-07,6.28654e-09,5.17036e+01,1,0.7638,0.1890
0.850,5.00,1.0,3.54934e+04,2.79325e-07,2.82010e-05,9.90479e-03,0,0.7638,0.2008
0.850,7.50,1.0,1.19790e+05,2.79325e-07,8.35586e-06,3.34287e-02,0,0.7638,0.2008
0.850,10.00,1.0,2.83947e+05,2.79325e-07,3.52513e-06,7.92383e-02,0,0.7638,0.2008
0.850,12.50,1.0,5.54585e+05,2.79325e-07,1.80487e-06,1.54762e-01,0,0.7638,0.2008
0.850,15.00,1.0,9.58323e+05,2.79325e-07,1.04448e-06,2.67429e-01,0,0.7638,0.2008
0.850,17.50,1.0,1.52178e+06,2.79325e-07,6.57750e-07,4.24668e-01,0,0.7638,0.2008
0.850,20.00,1.0,2.27158e+06,2.79325e-07,4.40641e-07,6.33907e-01,0,0.7638,0.2008
0.850,22.50,1.0,3.23434e+06,2.79325e-07,3.09476e-07,9.02574e-01,0,0.7638,0.2008
0.850,25.00,1.0,4.43668e+06,2.79325e-07,2.25608e-07,1.23810e+00,1,0.7638,0.2008
0.850,27.50,1.0,5.90522e+06,2.79325e-07,1.69503e-07,1.64791e+00,1,0.7638,0.2008
0.850,30.00,1.0,7.66658e+06,2.79325e-07,1.30560e-07,2.13943e+00,1,0.7638,0.2008
0.850,32.50,1.0,9.74738e+06,2.79325e-07,1.02689e-07,2.72010e+00,1,0.7638,0.2008
0.850,35.00,1.0,1.21742e+07,2.79325e-07,8.22187e-08,3.39734e+00,1,0.7638,0.2008
0.850,37.50,1.0,1.49738e+07,2.79325e-07,6.68469e-08,4.17858e+00,1,0.7638,0.2008
0.850,40.00,1.0,1.81726e+07,2.79325e-07,5.50801e-08,5.07125e+00,1,0.7638,0.2008
0.850,42.50,1.0,2.17974e+07,2.79325e-07,4.59206e-08,6.08278e+00,1,0.7638,0.2008
0.850,45.00,1.0,2.58747e+07,2.79325e-07,3.86845e-08,7.22059e+00,1,0.7638,0.2008
0.850,47.50,1.0,3.04312e+07,2.79325e-07,3.28923e-08,8.49212e+00,1,0.7638,0.2008
0.850,50.00,1.0,3.54934e+07,2.79325e-07,2.82010e-08,9.90479e+00,1,0.7638,0.2008
0.850,52.50,1.0,4.10881e+07,2.79325e-07,2.43611e-08,1.14660e+01,1,0.7638,0.2008
0.850,55.00,1.0,4.72418e+07,2.79325e-07,2.11878e-08,1.31833e+01,1,0.7638,0.2008
0.850,57.50,1.0,5.39811e+07,2.79325e-07,1.85426e-08,1.50639e+01,1,0.7638,0.2008
0.850,60.00,1.0,6.13326e+07,2.79325e-07,1.63200e-08,1.71155e+01,1,0.7638,0.2008
0.850,62.50,1.0,6.93231e+07,2.79325e-07,1.44389e-08,1.93453e+01,1,0.7638,0.2008
0.850,65.00,1.0,7.79791e+07,2.79325e-07,1.28361e-08,2.17608e+01,1,0.7638,0.2008
0.850,67.50,1.0,8.73271e+07,2.79325e-07,1.14621e-08,2.43695e+01,1,0.7638,0.2008
0.850,70.00,1.0,9.73940e+07,2.79325e-07,1.02773e-08,2.71787e+01,1,0.7638,0.2008
0.850,72.50,1.0,1.08206e+08,2.79325e-07,9.25041e-09,3.01960e+01,1,0.7638,0.2008
0.850,75.00,1.0,1.19790e+08,2.79325e-07,8.35586e-09,3.34287e+01,1,0.7638,0.2008
0.850,77.50,1.0,1.32173e+08,2.79325e-07,7.57303e-09,3.68842e+01,1,0.7638,0.2008
0.850,80.00,1.0,1.45381e+08,2.79325e-07,6.88501e-09,4.05700e+01,1,0.7638,0.2008
0.900,5.00,1.0,3.25771e+04,2.42131e-07,3.07256e-05,7.88045e-03,0,0.7638,0.2126
0.900,7.50,1.0,1.09948e+05,2.42131e-07,9.10388e-06,2.65965e-02,0,0.7638,0.2126
0.900,10.00,1.0,2.60617e+05,2.42131e-07,3.84070e-06,6.30436e-02,0,0.7638,0.2126
0.900,12.50,1.0,5.09017e+05,2.42131e-07,1.96644e-06,1.23132e-01,0,0.7638,0.2126
0.900,15.00,1.0,8.79582e+05,2.42131e-07,1.13798e-06,2.12772e-01,0,0.7638,0.2126
0.900,17.50,1.0,1.39674e+06,2.42131e-07,7.16632e-07,3.37874e-01,0,0.7638,0.2126
0.900,20.00,1.0,2.08494e+06,2.42131e-07,4.80087e-07,5.04349e-01,0,0.7638,0.2126
0.900,22.50,1.0,2.96859e+06,2.42131e-07,3.37181e-07,7.18106e-01,0,0.7638,0.2126
0.900,25.00,1.0,4.07214e+06,2.42131e-07,2.45805e-07,9.85056e-01,0,0.7638,0.2126
0.900,27.50,1.0,5.42002e+06,2.42131e-07,1.84677e-07,1.31111e+00,1,0.7638,0.2126
0.900,30.00,1.0,7.03666e+06,2.42131e-07,1.42248e-07,1.70218e+00,1,0.7638,0.2126
0.900,32.50,1.0,8.94649e+06,2.42131e-07,1.11882e-07,2.16417e+00,1,0.7638,0.2126
0.900,35.00,1.0,1.11739e+07,2.42131e-07,8.95790e-08,2.70299e+00,1,0.7638,0.2126
0.900,37.50,1.0,1.37435e+07,2.42131e-07,7.28310e-08,3.32456e+00,1,0.7638,0.2126
0.900,40.00,1.0,1.66795e+07,2.42131e-07,6.00109e-08,4.03479e+00,1,0.7638,0.2126
0.900,42.50,1.0,2.00064e+07,2.42131e-07,5.00315e-08,4.83958e+00,1,0.7638,0.2126
0.900,45.00,1.0,2.37487e+07,2.42131e-07,4.21476e-08,5.74485e+00,1,0.7638,0.2126
0.900,47.50,1.0,2.79308e+07,2.42131e-07,3.58368e-08,6.75650e+00,1,0.7638,0.2126
0.900,50.00,1.0,3.25771e+07,2.42131e-07,3.07256e-08,7.88045e+00,1,0.7638,0.2126
0.900,52.50,1.0,3.77121e+07,2.42131e-07,2.65419e-08,9.12261e+00,1,0.7638,0.2126
0.900,55.00,1.0,4.33601e+07,2.42131e-07,2.30846e-08,1.04889e+01,1,0.7638,0.2126
0.900,57.50,1.0,4.95457e+07,2.42131e-07,2.02026e-08,1.19852e+01,1,0.7638,0.2126
0.900,60.00,1.0,5.62932e+07,2.42131e-07,1.77810e-08,1.36174e+01,1,0.7638,0.2126
0.900,62.50,1.0,6.36272e+07,2.42131e-07,1.57315e-08,1.53915e+01,1,0.7638,0.2126
0.900,65.00,1.0,7.15719e+07,2.42131e-07,1.39852e-08,1.73133e+01,1,0.7638,0.2126
0.900,67.50,1.0,8.01519e+07,2.42131e-07,1.24882e-08,1.93889e+01,1,0.7638,0.2126
0.900,70.00,1.0,8.93916e+07,2.42131e-07,1.11974e-08,2.16240e+01,1,0.7638,0.2126
0.900,72.50,1.0,9.93154e+07,2.42131e-07,1.00785e-08,2.40245e+01,1,0.7638,0.2126
0.900,75.00,1.0,1.09948e+08,2.42131e-07,9.10388e-09,2.65965e+01,1,0.7638,0.2126
0.900,77.50,1.0,1.21313e+08,2.42131e-07,8.25097e-09,2.93458e+01,1,0.7638,0.2126
0.900,80.00,1.0,1.33436e+08,2.42131e-07,7.50136e-09,3.22783e+01,1,0.7638,0.2126
0.950,5.00,1.0,3.00394e+04,2.11519e-07,3.33213e-05,6.34785e-03,0,0.7638,0.2244
0.950,7.50,1.0,1.01383e+05,2.11519e-07,9.87297e-06,2.14240e-02,0,0.7638,0.2244
0.950,10.00,1.0,2.40315e+05,2.11519e-07,4.16516e-06,5.07828e-02,0,0.7638,0.2244
0.950,12.50,1.0,4.69365e+05,2.11519e-07,2.13256e-06,9.91851e-02,0,0.7638,0.2244
0.950,15.00,1.0,8.11063e+05,2.11519e-07,1.23412e-06,1.71392e-01,0,0.7638,0.2244
0.950,17.50,1.0,1.28794e+06,2.11519e-07,7.77173e-07,2.72164e-01,0,0.7638,0.2244
0.950,20.00,1.0,1.92252e+06,2.11519e-07,5.20645e-07,4.06262e-01,0,0.7638,0.2244
0.950,22.50,1.0,2.73734e+06,2.11519e-07,3.65666e-07,5.78448e-01,0,0.7638,0.2244
0.950,25.00,1.0,3.75492e+06,2.11519e-07,2.66570e-07,7.93481e-01,0,0.7638,0.2244
0.950,27.50,1.0,4.99780e+06,2.11519e-07,2.00278e-07,1.05612e+00,1,0.7638,0.2244
0.950,30.00,1.0,6.48851e+06,2.11519e-07,1.54265e-07,1.37114e+00,1,0.7638,0.2244
0.950,32.50,1.0,8.24956e+06,2.11519e-07,1.21334e-07,1.74328e+00,1,0.7638,0.2244
0.950,35.00,1.0,1.03035e+07,2.11519e-07,9.71466e-08,2.17731e+00,1,0.7638,0.2244
0.950,37.50,1.0,1.26729e+07,2.11519e-07,7.89838e-08,2.67800e+00,1,0.7638,0.2244
0.950,40.00,1.0,1.53802e+07,2.11519e-07,6.50806e-08,3.25010e+00,1,0.7638,0.2244
0.950,42.50,1.0,1.84479e+07,2.11519e-07,5.42582e-08,3.89837e+00,1,0.7638,0.2244
0.950,45.00,1.0,2.18987e+07,2.11519e-07,4.57082e-08,4.62758e+00,1,0.7638,0.2244
0.950,47.50,1.0,2.57550e+07,2.11519e-07,3.88643e-08,5.44249e+00,1,0.7638,0.2244
0.950,50.00,1.0,3.00394e+07,2.11519e-07,3.33213e-08,6.34785e+00,1,0.7638,0.2244
0.950,52.50,1.0,3.47743e+07,2.11519e-07,2.87842e-08,7.34843e+00,1,0.7638,0.2244
0.950,55.00,1.0,3.99824e+07,2.11519e-07,2.50348e-08,8.44899e+00,1,0.7638,0.2244
0.950,57.50,1.0,4.56861e+07,2.11519e-07,2.19093e-08,9.65429e+00,1,0.7638,0.2244
0.950,60.00,1.0,5.19080e+07,2.11519e-07,1.92832e-08,1.09691e+01,1,0.7638,0.2244
0.950,62.50,1.0,5.86707e+07,2.11519e-07,1.70605e-08,1.23981e+01,1,0.7638,0.2244
0.950,65.00,1.0,6.59965e+07,2.11519e-07,1.51667e-08,1.39462e+01,1,0.7638,0.2244
0.950,67.50,1.0,7.39081e+07,2.11519e-07,1.35432e-08,1.56181e+01,1,0.7638,0.2244
0.950,70.00,1.0,8.24281e+07,2.11519e-07,1.21433e-08,1.74185e+01,1,0.7638,0.2244
0.950,72.50,1.0,9.15788e+07,2.11519e-07,1.09299e-08,1.93522e+01,1,0.7638,0.2244
0.950,75.00,1.0,1.01383e+08,2.11519e-07,9.87297e-09,2.14240e+01,1,0.7638,0.2244
0.950,77.50,1.0,1.11863e+08,2.11519e-07,8.94802e-09,2.36386e+01,1,0.7638,0.2244
0.950,80.00,1.0,1.23041e+08,2.11519e-07,8.13508e-09,2.60008e+01,1,0.7638,0.2244
1.000,5.00,1.0,2.78148e+04,1.86062e-07,3.59862e-05,5.17036e-03,0,0.7638,0.2362
1.000,7.50,1.0,9.38750e+04,1.86062e-07,1.06626e-05,1.74500e-02,0,0.7638,0.2362
1.000,10.00,1.0,2.22519e+05,1.86062e-07,4.49828e-06,4.13629e-02,0,0.7638,0.2362
1.000,12.50,1.0,4.34607e+05,1.86062e-07,2.30312e-06,8.07869e-02,0,0.7638,0.2362
1.000,15.00,1.0,7.51000e+05,1.86062e-07,1.33282e-06,1.39600e-01,0,0.7638,0.2362
1.000,17.50,1.0,1.19256e+06,1.86062e-07,8.39329e-07,2.21679e-01,0,0.7638,0.2362
1.000,20.00,1.0,1.78015e+06,1.86062e-07,5.62285e-07,3.30903e-01,0,0.7638,0.2362
1.000,22.50,1.0,2.53463e+06,1.86062e-07,3.94911e-07,4.71149e-01,0,0.7638,0.2362
1.000,25.00,1.0,3.47685e+06,1.86062e-07,2.87890e-07,6.46295e-01,0,0.7638,0.2362
1.000,27.50,1.0,4.62769e+06,1.86062e-07,2.16296e-07,8.60219e-01,0,0.7638,0.2362
1.000,30.00,1.0,6.00800e+06,1.86062e-07,1.66603e-07,1.11680e+00,1,0.7638,0.2362
1.000,32.50,1.0,7.63865e+06,1.86062e-07,1.31038e-07,1.41991e+00,1,0.7638,0.2362
1.000,35.00,1.0,9.54049e+06,1.86062e-07,1.04916e-07,1.77343e+00,1,0.7638,0.2362
1.000,37.50,1.0,1.17344e+07,1.86062e-07,8.53007e-08,2.18125e+00,1,0.7638,0.2362
1.000,40.00,1.0,1.42412e+07,1.86062e-07,7.02856e-08,2.64723e+00,1,0.7638,0.2362
1.000,42.50,1.0,1.70818e+07,1.86062e-07,5.85976e-08,3.17525e+00,1,0.7638,0.2362
1.000,45.00,1.0,2.02770e+07,1.86062e-07,4.93638e-08,3.76919e+00,1,0.7638,0.2362
1.000,47.50,1.0,2.38477e+07,1.86062e-07,4.19726e-08,4.43294e+00,1,0.7638,0.2362
1.000,50.00,1.0,2.78148e+07,1.86062e-07,3.59862e-08,5.17036e+00,1,0.7638,0.2362
1.000,52.50,1.0,3.21991e+07,1.86062e-07,3.10863e-08,5.98534e+00,1,0.7638,0.2362
1.000,55.00,1.0,3.70215e+07,1.86062e-07,2.70370e-08,6.88175e+00,1,0.7638,0.2362
1.000,57.50,1.0,4.23029e+07,1.86062e-07,2.36615e-08,7.86348e+00,1,0.7638,0.2362
1.000,60.00,1.0,4.80640e+07,1.86062e-07,2.08254e-08,8.93439e+00,1,0.7638,0.2362
1.000,62.50,1.0,5.43258e+07,1.86062e-07,1.84250e-08,1.00984e+01,1,0.7638,0.2362
1.000,65.00,1.0,6.11092e+07,1.86062e-07,1.63797e-08,1.13593e+01,1,0.7638,0.2362
1.000,67.50,1.0,6.84349e+07,1.86062e-07,1.46263e-08,1.27210e+01,1,0.7638,0.2362
1.000,70.00,1.0,7.63239e+07,1.86062e-07,1.31145e-08,1.41875e+01,1,0.7638,0.2362
1.000,72.50,1.0,8.47970e+07,1.86062e-07,1.18041e-08,1.57625e+01,1,0.7638,0.2362
1.000,75.00,1.0,9.38750e+07,1.86062e-07,1.06626e-08,1.74500e+01,1,0.7638,0.2362
1.000,77.50,1.0,1.03579e+08,1.86062e-07,9.66365e-09,1.92538e+01,1,0.7638,0.2362
1.000,80.00,1.0,1.13930e+08,1.86062e-07,8.78570e-09,2.11778e+01,1,0.7638,0.2362
1.050,5.00,1.0,2.58519e+04,1.64696e-07,3.87187e-05,4.25367e-03,0,0.7638,0.2480
1.050,7.50,1.0,8.72501e+04,1.64696e-07,1.14722e-05,1.43561e-02,0,0.7638,0.2480
1.050,10.00,1.0,2.06815e+05,1.64696e-07,4.83983e-06,3.40294e-02,0,0.7638,0.2480
1.050,12.50,1.0,4.03936e+05,1.64696e-07,2.47799e-06,6.64636e-02,0,0.7638,0.2480
1.050,15.00,1.0,6.98001e+05,1.64696e-07,1.43402e-06,1.14849e-01,0,0.7638,0.2480
1.050,17.50,1.0,1.10840e+06,1.64696e-07,9.03059e-07,1.82376e-01,0,0.7638,0.2480
1.050,20.00,1.0,1.65452e+06,1.64696e-07,6.04979e-07,2.72235e-01,0,0.7638,0.2480
1.050,22.50,1.0,2.35575e+06,1.64696e-07,4.24896e-07,3.87616e-01,0,0.7638,0.2480
1.050,25.00,1.0,3.23149e+06,1.64696e-07,3.09749e-07,5.31709e-01,0,0.7638,0.2480
1.050,27.50,1.0,4.30111e+06,1.64696e-07,2.32719e-07,7.07704e-01,0,0.7638,0.2480
1.050,30.00,1.0,5.58401e+06,1.64696e-07,1.79253e-07,9.18793e-01,0,0.7638,0.2480
1.050,32.50,1.0,7.09958e+06,1.64696e-07,1.40987e-07,1.16816e+00,1,0.7638,0.2480
1.050,35.00,1.0,8.86720e+06,1.64696e-07,1.12882e-07,1.45901e+00,1,0.7638,0.2480
1.050,37.50,1.0,1.09063e+07,1.64696e-07,9.17776e-08,1.79452e+00,1,0.7638,0.2480
1.050,40.00,1.0,1.32362e+07,1.64696e-07,7.56224e-08,2.17788e+00,1,0.7638,0.2480
1.050,42.50,1.0,1.58763e+07,1.64696e-07,6.30469e-08,2.61229e+00,1,0.7638,0.2480
1.050,45.00,1.0,1.88460e+07,1.64696e-07,5.31120e-08,3.10093e+00,1,0.7638,0.2480
1.050,47.50,1.0,2.21648e+07,1.64696e-07,4.51595e-08,3.64699e+00,1,0.7638,0.2480
1.050,50.00,1.0,2.58519e+07,1.64696e-07,3.87187e-08,4.25367e+00,1,0.7638,0.2480
1.050,52.50,1.0,2.99268e+07,1.64696e-07,3.34466e-08,4.92416e+00,1,0.7638,0.2480
1.050,55.00,1.0,3.44089e+07,1.64696e-07,2.90899e-08,5.66164e+00,1,0.7638,0.2480
1.050,57.50,1.0,3.93175e+07,1.64696e-07,2.54581e-08,6.46930e+00,1,0.7638,0.2480
1.050,60.00,1.0,4.46721e+07,1.64696e-07,2.24066e-08,7.35034e+00,1,0.7638,0.2480
1.050,62.50,1.0,5.04920e+07,1.64696e-07,1.98240e-08,8.30795e+00,1,0.7638,0.2480
1.050,65.00,1.0,5.67966e+07,1.64696e-07,1.76234e-08,9.34531e+00,1,0.7638,0.2480
1.050,67.50,1.0,6.36054e+07,1.64696e-07,1.57369e-08,1.04656e+01,1,0.7638,0.2480
1.050,70.00,1.0,7.09376e+07,1.64696e-07,1.41103e-08,1.16721e+01,1,0.7638,0.2480
1.050,72.50,1.0,7.88127e+07,1.64696e-07,1.27004e-08,1.29678e+01,1,0.7638,0.2480
1.050,75.00,1.0,8.72501e+07,1.64696e-07,1.14722e-08,1.43561e+01,1,0.7638,0.2480
1.050,77.50,1.0,9.62692e+07,1.64696e-07,1.03974e-08,1.58401e+01,1,0.7638,0.2480
1.050,80.00,1.0,1.05889e+08,1.64696e-07,9.45280e-09,1.74230e+01,1,0.7638,0.2480
1.100,5.00,1.0,2.41095e+04,1.46614e-07,4.15169e-05,3.53143e-03,0,0.7638,0.2599
1.100,7.50,1.0,8.13694e+04,1.46614e-07,1.23013e-05,1.19186e-02,0,0.7638,0.2599
1.100,10.00,1.0,1.92876e+05,1.46614e-07,5.18962e-06,2.82514e-02,0,0.7638,0.2599
1.100,12.50,1.0,3.76710e+05,1.46614e-07,2.65708e-06,5.51786e-02,0,0.7638,0.2599
1.100,15.00,1.0,6.50955e+05,1.46614e-07,1.53766e-06,9.53485e-02,0,0.7638,0.2599
1.100,17.50,1.0,1.03369e+06,1.46614e-07,9.68325e-07,1.51410e-01,0,0.7638,0.2599
1.100,20.00,1.0,1.54300e+06,1.46614e-07,6.48702e-07,2.26011e-01,0,0.7638,0.2599
1.100,22.50,1.0,2.19697e+06,1.46614e-07,4.55604e-07,3.21801e-01,0,0.7638,0.2599
1.100,25.00,1.0,3.01368e+06,1.46614e-07,3.32136e-07,4.41428e-01,0,0.7638,0.2599
1.100,27.50,1.0,4.01121e+06,1.46614e-07,2.49538e-07,5.87541e-01,0,0.7638,0.2599
1.100,30.00,1.0,5.20764e+06,1.46614e-07,1.92208e-07,7.62788e-01,0,0.7638,0.2599
1.100,32.50,1.0,6.62106e+06,1.46614e-07,1.51177e-07,9.69818e-01,0,0.7638,0.2599
1.100,35.00,1.0,8.26954e+06,1.46614e-07,1.21041e-07,1.21128e+00,1,0.7638,0.2599
1.100,37.50,1.0,1.01712e+07,1.46614e-07,9.84105e-08,1.48982e+00,1,0.7638,0.2599
1.100,40.00,1.0,1.23440e+07,1.46614e-07,8.10878e-08,1.80809e+00,1,0.7638,0.2599
1.100,42.50,1.0,1.48062e+07,1.46614e-07,6.76034e-08,2.16874e+00,1,0.7638,0.2599
1.100,45.00,1.0,1.75758e+07,1.46614e-07,5.69505e-08,2.57441e+00,1,0.7638,0.2599
1.100,47.50,1.0,2.06708e+07,1.46614e-07,4.84233e-08,3.02776e+00,1,0.7638,0.2599
1.100,50.00,1.0,2.41095e+07,1.46614e-07,4.15169e-08,3.53143e+00,1,0.7638,0.2599
1.100,52.50,1.0,2.79097e+07,1.46614e-07,3.58639e-08,4.08807e+00,1,0.7638,0.2599
1.100,55.00,1.0,3.20897e+07,1.46614e-07,3.11923e-08,4.70033e+00,1,0.7638,0.2599
1.100,57.50,1.0,3.66675e+07,1.46614e-07,2.72981e-08,5.37086e+00,1,0.7638,0.2599
1.100,60.00,1.0,4.16611e+07,1.46614e-07,2.40260e-08,6.10231e+00,1,0.7638,0.2599
1.100,62.50,1.0,4.70888e+07,1.46614e-07,2.12567e-08,6.89732e+00,1,0.7638,0.2599
1.100,65.00,1.0,5.29685e+07,1.46614e-07,1.88971e-08,7.75855e+00,1,0.7638,0.2599
1.100,67.50,1.0,5.93183e+07,1.46614e-07,1.68742e-08,8.68864e+00,1,0.7638,0.2599
1.100,70.00,1.0,6.61563e+07,1.46614e-07,1.51301e-08,9.69024e+00,1,0.7638,0.2599
1.100,72.50,1.0,7.35007e+07,1.46614e-07,1.36183e-08,1.07660e+01,1,0.7638,0.2599
1.100,75.00,1.0,8.13694e+07,1.46614e-07,1.23013e-08,1.19186e+01,1,0.7638,0.2599
1.100,77.50,1.0,8.97806e+07,1.46614e-07,1.11489e-08,1.31506e+01,1,0.7638,0.2599
1.100,80.00,1.0,9.87523e+07,1.46614e-07,1.01360e-08,1.44647e+01,1,0.7638,0.2599
1.150,5.00,1.0,2.25543e+04,1.31194e-07,4.43796e-05,2.95617e-03,0,0.7638,0.2717
1.150,7.50,1.0,7.61208e+04,1.31194e-07,1.31495e-05,9.97708e-03,0,0.7638,0.2717
1.150,10.00,1.0,1.80434e+05,1.31194e-07,5.54745e-06,2.36494e-02,0,0.7638,0.2717
1.150,12.50,1.0,3.52411e+05,1.31194e-07,2.84029e-06,4.61902e-02,0,0.7638,0.2717
1.150,15.00,1.0,6.08966e+05,1.31194e-07,1.64369e-06,7.98166e-02,0,0.7638,0.2717
1.150,17.50,1.0,9.67016e+05,1.31194e-07,1.03509e-06,1.26746e-01,0,0.7638,0.2717
1.150,20.00,1.0,1.44348e+06,1.31194e-07,6.93431e-07,1.89195e-01,0,0.7638,0.2717
1.150,22.50,1.0,2.05526e+06,1.31194e-07,4.87019e-07,2.69381e-01,0,0.7638,0.2717
1.150,25.00,1.0,2.81929e+06,1.31194e-07,3.55037e-07,3.69521e-01,0,0.7638,0.2717
1.150,27.50,1.0,3.75247e+06,1.31194e-07,2.66744e-07,4.91833e-01,0,0.7638,0.2717
1.150,30.00,1.0,4.87173e+06,1.31194e-07,2.05461e-07,6.38533e-01,0,0.7638,0.2717
1.150,32.50,1.0,6.19398e+06,1.31194e-07,1.61601e-07,8.11839e-01,0,0.7638,0.2717
1.150,35.00,1.0,7.73613e+06,1.31194e-07,1.29387e-07,1.01397e+00,1,0.7638,0.2717
1.150,37.50,1.0,9.51510e+06,1.31194e-07,1.05196e-07,1.24714e+00,1,0.7638,0.2717
1.150,40.00,1.0,1.15478e+07,1.31194e-07,8.66789e-08,1.51356e+00,1,0.7638,0.2717
1.150,42.50,1.0,1.38512e+07,1.31194e-07,7.22647e-08,1.81546e+00,1,0.7638,0.2717
1.150,45.00,1.0,1.64421e+07,1.31194e-07,6.08773e-08,2.15505e+00,1,0.7638,0.2717
1.150,47.50,1.0,1.93375e+07,1.31194e-07,5.17622e-08,2.53455e+00,1,0.7638,0.2717
1.150,50.00,1.0,2.25543e+07,1.31194e-07,4.43796e-08,2.95617e+00,1,0.7638,0.2717
1.150,52.50,1.0,2.61094e+07,1.31194e-07,3.83367e-08,3.42214e+00,1,0.7638,0.2717
1.150,55.00,1.0,3.00198e+07,1.31194e-07,3.33430e-08,3.93466e+00,1,0.7638,0.2717
1.150,57.50,1.0,3.43023e+07,1.31194e-07,2.91803e-08,4.49597e+00,1,0.7638,0.2717
1.150,60.00,1.0,3.89739e+07,1.31194e-07,2.56826e-08,5.10827e+00,1,0.7638,0.2717
1.150,62.50,1.0,4.40514e+07,1.31194e-07,2.27223e-08,5.77377e+00,1,0.7638,0.2717
1.150,65.00,1.0,4.95518e+07,1.31194e-07,2.02001e-08,6.49471e+00,1,0.7638,0.2717
1.150,67.50,1.0,5.54921e+07,1.31194e-07,1.80377e-08,7.27329e+00,1,0.7638,0.2717
1.150,70.00,1.0,6.18890e+07,1.31194e-07,1.61733e-08,8.11174e+00,1,0.7638,0.2717
1.150,72.50,1.0,6.87596e+07,1.31194e-07,1.45572e-08,9.01226e+00,1,0.7638,0.2717
1.150,75.00,1.0,7.61208e+07,1.31194e-07,1.31495e-08,9.97708e+00,1,0.7638,0.2717
1.150,77.50,1.0,8.39894e+07,1.31194e-07,1.19176e-08,1.10084e+01,1,0.7638,0.2717
1.150,80.00,1.0,9.23825e+07,1.31194e-07,1.08349e-08,1.21085e+01,1,0.7638,0.2717
1.200,5.00,1.0,2.11595e+04,1.17952e-07,4.73051e-05,2.49342e-03,0,0.7638,0.2835
1.200,7.50,1.0,7.14132e+04,1.17952e-07,1.40163e-05,8.41530e-03,0,0.7638,0.2835
1.200,10.00,1.0,1.69276e+05,1.17952e-07,5.91314e-06,1.99474e-02,0,0.7638,0.2835
1.200,12.50,1.0,3.30616e+05,1.17952e-07,3.02753e-06,3.89597e-02,0,0.7638,0.2835
1.200,15.00,1.0,5.71305e+05,1.17952e-07,1.75204e-06,6.73224e-02,0,0.7638,0.2835
1.200,17.50,1.0,9.07212e+05,1.17952e-07,1.10333e-06,1.06906e-01,0,0.7638,0.2835
1.200,20.00,1.0,1.35421e+06,1.17952e-07,7.39143e-07,1.59579e-01,0,0.7638,0.2835
1.200,22.50,1.0,1.92816e+06,1.17952e-07,5.19124e-07,2.27213e-01,0,0.7638,0.2835
1.200,25.00,1.0,2.64493e+06,1.17952e-07,3.78441e-07,3.11678e-01,0,0.7638,0.2835
1.200,27.50,1.0,3.52040e+06,1.17952e-07,2.84328e-07,4.14843e-01,0,0.7638,0.2835
1.200,30.00,1.0,4.57044e+06,1.17952e-07,2.19005e-07,5.38579e-01,0,0.7638,0.2835
1.200,32.50,1.0,5.81092e+06,1.17952e-07,1.72254e-07,6.84756e-01,0,0.7638,0.2835
1.200,35.00,1.0,7.25769e+06,1.17952e-07,1.37916e-07,8.55244e-01,0,0.7638,0.2835
1.200,37.50,1.0,8.92664e+06,1.17952e-07,1.12131e-07,1.05191e+00,1,0.7638,0.2835
1.200,40.00,1.0,1.08336e+07,1.17952e-07,9.23928e-08,1.27663e+00,1,0.7638,0.2835
1.200,42.50,1.0,1.29946e+07,1.17952e-07,7.70285e-08,1.53127e+00,1,0.7638,0.2835
1.200,45.00,1.0,1.54252e+07,1.17952e-07,6.48904e-08,1.81771e+00,1,0.7638,0.2835
1.200,47.50,1.0,1.81416e+07,1.17952e-07,5.51744e-08,2.13780e+00,1,0.7638,0.2835
1.200,50.00,1.0,2.11595e+07,1.17952e-07,4.73051e-08,2.49342e+00,1,0.7638,0.2835
1.200,52.50,1.0,2.44947e+07,1.17952e-07,4.08640e-08,2.88645e+00,1,0.7638,0.2835
1.200,55.00,1.0,2.81632e+07,1.17952e-07,3.55410e-08,3.31875e+00,1,0.7638,0.2835
1.200,57.50,1.0,3.21809e+07,1.17952e-07,3.11039e-08,3.79219e+00,1,0.7638,0.2835
1.200,60.00,1.0,3.65635e+07,1.17952e-07,2.73757e-08,4.30864e+00,1,0.7638,0.2835
1.200,62.50,1.0,4.13271e+07,1.17952e-07,2.42202e-08,4.86997e+00,1,0.7638,0.2835
1.200,65.00,1.0,4.64873e+07,1.17952e-07,2.15317e-08,5.47805e+00,1,0.7638,0.2835
1.200,67.50,1.0,5.20602e+07,1.17952e-07,1.92268e-08,6.13476e+00,1,0.7638,0.2835
1.200,70.00,1.0,5.80615e+07,1.17952e-07,1.72395e-08,6.84195e+00,1,0.7638,0.2835
1.200,72.50,1.0,6.45072e+07,1.17952e-07,1.55169e-08,7.60151e+00,1,0.7638,0.2835
1.200,75.00,1.0,7.14132e+07,1.17952e-07,1.40163e-08,8.41530e+00,1,0.7638,0.2835
1.200,77.50,1.0,7.87952e+07,1.17952e-07,1.27032e-08,9.28520e+00,1,0.7638,0.2835
1.200,80.00,1.0,8.66691e+07,1.17952e-07,1.15491e-08,1.02131e+01,1,0.7638,0.2835
1.250,5.00,1.0,1.99027e+04,1.06508e-07,5.02923e-05,2.11778e-03,0,0.7638,0.2953
1.250,7.50,1.0,6.71715e+04,1.06508e-07,1.49014e-05,7.14751e-03,0,0.7638,0.2953
1.250,10.00,1.0,1.59221e+05,1.06508e-07,6.28654e-06,1.69422e-02,0,0.7638,0.2953
1.250,12.50,1.0,3.10979e+05,1.06508e-07,3.21871e-06,3.30903e-02,0,0.7638,0.2953
1.250,15.00,1.0,5.37372e+05,1.06508e-07,1.86268e-06,5.71801e-02,0,0.7638,0.2953
1.250,17.50,1.0,8.53327e+05,1.06508e-07,1.17300e-06,9.07998e-02,0,0.7638,0.2953
1.250,20.00,1.0,1.27377e+06,1.06508e-07,7.85817e-07,1.35538e-01,0,0.7638,0.2953
1.250,22.50,1.0,1.81363e+06,1.06508e-07,5.51904e-07,1.92983e-01,0,0.7638,0.2953
1.250,25.00,1.0,2.48783e+06,1.06508e-07,4.02338e-07,2.64723e-01,0,0.7638,0.2953
1.250,27.50,1.0,3.31131e+06,1.06508e-07,3.02283e-07,3.52346e-01,0,0.7638,0.2953
1.250,30.00,1.0,4.29898e+06,1.06508e-07,2.32835e-07,4.57441e-01,0,0.7638,0.2953
1.250,32.50,1.0,5.46577e+06,1.06508e-07,1.83131e-07,5.81596e-01,0,0.7638,0.2953
1.250,35.00,1.0,6.82662e+06,1.06508e-07,1.46625e-07,7.26399e-01,0,0.7638,0.2953
1.250,37.50,1.0,8.39644e+06,1.06508e-07,1.19211e-07,8.93439e-01,0,0.7638,0.2953
1.250,40.00,1.0,1.01902e+07,1.06508e-07,9.82271e-08,1.08430e+00,1,0.7638,0.2953
1.250,42.50,1.0,1.22227e+07,1.06508e-07,8.18926e-08,1.30058e+00,1,0.7638,0.2953
1.250,45.00,1.0,1.45090e+07,1.06508e-07,6.89881e-08,1.54386e+00,1,0.7638,0.2953
1.250,47.50,1.0,1.70641e+07,1.06508e-07,5.86585e-08,1.81573e+00,1,0.7638,0.2953
1.250,50.00,1.0,1.99027e+07,1.06508e-07,5.02923e-08,2.11778e+00,1,0.7638,0.2953
1.250,52.50,1.0,2.30398e+07,1.06508e-07,4.34444e-08,2.45160e+00,1,0.7638,0.2953
1.250,55.00,1.0,2.64905e+07,1.06508e-07,3.77853e-08,2.81877e+00,1,0.7638,0.2953
1.250,57.50,1.0,3.02695e+07,1.06508e-07,3.30680e-08,3.22088e+00,1,0.7638,0.2953
1.250,60.00,1.0,3.43918e+07,1.06508e-07,2.91043e-08,3.65953e+00,1,0.7638,0.2953
1.250,62.50,1.0,3.88724e+07,1.06508e-07,2.57497e-08,4.13629e+00,1,0.7638,0.2953
1.250,65.00,1.0,4.37262e+07,1.06508e-07,2.28913e-08,4.65276e+00,1,0.7638,0.2953
1.250,67.50,1.0,4.89680e+07,1.06508e-07,2.04409e-08,5.21053e+00,1,0.7638,0.2953
1.250,70.00,1.0,5.46129e+07,1.06508e-07,1.83281e-08,5.81119e+00,1,0.7638,0.2953
1.250,72.50,1.0,6.06758e+07,1.06508e-07,1.64967e-08,6.45632e+00,1,0.7638,0.2953
1.250,75.00,1.0,6.71715e+07,1.06508e-07,1.49014e-08,7.14751e+00,1,0.7638,0.2953
1.250,77.50,1.0,7.41151e+07,1.06508e-07,1.35054e-08,7.88635e+00,1,0.7638,0.2953
1.250,80.00,1.0,8.15213e+07,1.06508e-07,1.22784e-08,8.67443e+00,1,0.7638,0.2953
1.300,5.00,1.0,1.87656e+04,9.65604e-08,5.33398e-05,1.81029e-03,0,0.7638,0.3071
1.300,7.50,1.0,6.33337e+04,9.65604e-08,1.58044e-05,6.10972e-03,0,0.7638,0.3071
1.300,10.00,1.0,1.50124e+05,9.65604e-08,6.66748e-06,1.44823e-02,0,0.7638,0.3071
1.300,12.50,1.0,2.93212e+05,9.65604e-08,3.41375e-06,2.82857e-02,0,0.7638,0.3071
1.300,15.00,1.0,5.06670e+05,9.65604e-08,1.97555e-06,4.88778e-02,0,0.7638,0.3071
1.300,17.50,1.0,8.04573e+05,9.65604e-08,1.24408e-06,7.76161e-02,0,0.7638,0.3071
1.300,20.00,1.0,1.20100e+06,9.65604e-08,8.33434e-07,1.15858e-01,0,0.7638,0.3071
1.300,22.50,1.0,1.71001e+06,9.65604e-08,5.85348e-07,1.64962e-01,0,0.7638,0.3071
1.300,25.00,1.0,2.34569e+06,9.65604e-08,4.26718e-07,2.26286e-01,0,0.7638,0.3071
1.300,27.50,1.0,3.12212e+06,9.65604e-08,3.20600e-07,3.01187e-01,0,0.7638,0.3071
1.300,30.00,1.0,4.05336e+06,9.65604e-08,2.46944e-07,3.91022e-01,0,0.7638,0.3071
1.300,32.50,1.0,5.15349e+06,9.65604e-08,1.94228e-07,4.97150e-01,0,0.7638,0.3071
1.300,35.00,1.0,6.43658e+06,9.65604e-08,1.55510e-07,6.20929e-01,0,0.7638,0.3071
1.300,37.50,1.0,7.91672e+06,9.65604e-08,1.26435e-07,7.63715e-01,0,0.7638,0.3071
1.300,40.00,1.0,9.60796e+06,9.65604e-08,1.04179e-07,9.26867e-01,0,0.7638,0.3071
1.300,42.50,1.0,1.15244e+07,9.65604e-08,8.68550e-08,1.11174e+00,1,0.7638,0.3071
1.300,45.00,1.0,1.36801e+07,9.65604e-08,7.31685e-08,1.31970e+00,1,0.7638,0.3071
1.300,47.50,1.0,1.60891e+07,9.65604e-08,6.22129e-08,1.55210e+00,1,0.7638,0.3071
1.300,50.00,1.0,1.87656e+07,9.65604e-08,5.33398e-08,1.81029e+00,1,0.7638,0.3071
1.300,52.50,1.0,2.17235e+07,9.65604e-08,4.60769e-08,2.09563e+00,1,0.7638,0.3071
1.300,55.00,1.0,2.49769e+07,9.65604e-08,4.00750e-08,2.40949e+00,1,0.7638,0.3071
1.300,57.50,1.0,2.85401e+07,9.65604e-08,3.50718e-08,2.75322e+00,1,0.7638,0.3071
1.300,60.00,1.0,3.24269e+07,9.65604e-08,3.08679e-08,3.12818e+00,1,0.7638,0.3071
1.300,62.50,1.0,3.66515e+07,9.65604e-08,2.73100e-08,3.53572e+00,1,0.7638,0.3071
1.300,65.00,1.0,4.12279e+07,9.65604e-08,2.42785e-08,3.97720e+00,1,0.7638,0.3071
1.300,67.50,1.0,4.61703e+07,9.65604e-08,2.16795e-08,4.45399e+00,1,0.7638,0.3071
1.300,70.00,1.0,5.14927e+07,9.65604e-08,1.94387e-08,4.96743e+00,1,0.7638,0.3071
1.300,72.50,1.0,5.72091e+07,9.65604e-08,1.74963e-08,5.51889e+00,1,0.7638,0.3071
1.300,75.00,1.0,6.33337e+07,9.65604e-08,1.58044e-08,6.10972e+00,1,0.7638,0.3071
1.300,77.50,1.0,6.98806e+07,9.65604e-08,1.43237e-08,6.74129e+00,1,0.7638,0.3071
1.300,80.00,1.0,7.68637e+07,9.65604e-08,1.30224e-08,7.41494e+00,1,0.7638,0.3071
1.350,5.00,1.0,1.77327e+04,8.78664e-08,5.64465e-05,1.55663e-03,0,0.7638,0.3189
1.350,7.50,1.0,5.98480e+04,8.78664e-08,1.67249e-05,5.25363e-03,0,0.7638,0.3189
1.350,10.00,1.0,1.41862e+05,8.78664e-08,7.05581e-06,1.24531e-02,0,0.7638,0.3189
1.350,12.50,1.0,2.77074e+05,8.78664e-08,3.61258e-06,2.43224e-02,0,0.7638,0.3189
1.350,15.00,1.0,4.78784e+05,8.78664e-08,2.09061e-06,4.20291e-02,0,0.7638,0.3189
1.350,17.50,1.0,7.60291e+05,8.78664e-08,1.31654e-06,6.67406e-02,0,0.7638,0.3189
1.350,20.00,1.0,1.13489e+06,8.78664e-08,8.81977e-07,9.96245e-02,0,0.7638,0.3189
1.350,22.50,1.0,1.61590e+06,8.78664e-08,6.19440e-07,1.41848e-01,0,0.7638,0.3189
1.350,25.00,1.0,2.21659e+06,8.78664e-08,4.51572e-07,1.94579e-01,0,0.7638,0.3189
1.350,27.50,1.0,2.95028e+06,8.78664e-08,3.39273e-07,2.58985e-01,0,0.7638,0.3189
1.350,30.00,1.0,3.83027e+06,8.78664e-08,2.61326e-07,3.36233e-01,0,0.7638,0.3189
1.350,32.50,1.0,4.86985e+06,8.78664e-08,2.05540e-07,4.27490e-01,0,0.7638,0.3189
1.350,35.00,1.0,6.08233e+06,8.78664e-08,1.64567e-07,5.33925e-01,0,0.7638,0.3189
1.350,37.50,1.0,7.48100e+06,8.78664e-08,1.33799e-07,6.56704e-01,0,0.7638,0.3189
1.350,40.00,1.0,9.07916e+06,8.78664e-08,1.10247e-07,7.96996e-01,0,0.7638,0.3189
1.350,42.50,1.0,1.08901e+07,8.78664e-08,9.19137e-08,9.55967e-01,0,0.7638,0.3189
1.350,45.00,1.0,1.29272e+07,8.78664e-08,7.74300e-08,1.13478e+00,1,0.7638,0.3189
1.350,47.50,1.0,1.52036e+07,8.78664e-08,6.58364e-08,1.33462e+00,1,0.7638,0.3189
1.350,50.00,1.0,1.77327e+07,8.78664e-08,5.64465e-08,1.55663e+00,1,0.7638,0.3189
1.350,52.50,1.0,2.05279e+07,8.78664e-08,4.87606e-08,1.80200e+00,1,0.7638,0.3189
1.350,55.00,1.0,2.36023e+07,8.78664e-08,4.24091e-08,2.07188e+00,1,0.7638,0.3189
1.350,57.50,1.0,2.69693e+07,8.78664e-08,3.71145e-08,2.36744e+00,1,0.7638,0.3189
1.350,60.00,1.0,3.06422e+07,8.78664e-08,3.26658e-08,2.68986e+00,1,0.7638,0.3189
1.350,62.50,1.0,3.46342e+07,8.78664e-08,2.89006e-08,3.04030e+00,1,0.7638,0.3189
1.350,65.00,1.0,3.89588e+07,8.78664e-08,2.56925e-08,3.41992e+00,1,0.7638,0.3189
1.350,67.50,1.0,4.36292e+07,8.78664e-08,2.29422e-08,3.82990e+00,1,0.7638,0.3189
1.350,70.00,1.0,4.86586e+07,8.78664e-08,2.05709e-08,4.27140e+00,1,0.7638,0.3189
1.350,72.50,1.0,5.40605e+07,8.78664e-08,1.85154e-08,4.74559e+00,1,0.7638,0.3189
1.350,75.00,1.0,5.98480e+07,8.78664e-08,1.67249e-08,5.25363e+00,1,0.7638,0.3189
1.350,77.50,1.0,6.60345e+07,8.78664e-08,1.51580e-08,5.79670e+00,1,0.7638,0.3189
1.350,80.00,1.0,7.26333e+07,8.78664e-08,1.37809e-08,6.37596e+00,1,0.7638,0.3189
1.400,5.00,1.0,1.67913e+04,8.02301e-08,5.96113e-05,1.34589e-03,0,0.7638,0.3307
1.400,7.50,1.0,5.66706e+04,8.02301e-08,1.76626e-05,4.54237e-03,0,0.7638,0.3307
1.400,10.00,1.0,1.34330e+05,8.02301e-08,7.45141e-06,1.07671e-02,0,0.7638,0.3307
1.400,12.50,1.0,2.62364e+05,8.02301e-08,3.81512e-06,2.10295e-02,0,0.7638,0.3307
1.400,15.00,1.0,4.53365e+05,8.02301e-08,2.20783e-06,3.63390e-02,0,0.7638,0.3307
1.400,17.50,1.0,7.19927e+05,8.02301e-08,1.39035e-06,5.77049e-02,0,0.7638,0.3307
1.400,20.00,1.0,1.07464e+06,8.02301e-08,9.31426e-07,8.61368e-02,0,0.7638,0.3307
1.400,22.50,1.0,1.53011e+06,8.02301e-08,6.54170e-07,1.22644e-01,0,0.7638,0.3307
1.400,25.00,1.0,2.09891e+06,8.02301e-08,4.76890e-07,1.68236e-01,0,0.7638,0.3307
1.400,27.50,1.0,2.79365e+06,8.02301e-08,3.58295e-07,2.23922e-01,0,0.7638,0.3307
1.400,30.00,1.0,3.62692e+06,8.02301e-08,2.75978e-07,2.90712e-01,0,0.7638,0.3307
1.400,32.50,1.0,4.61131e+06,8.02301e-08,2.17064e-07,3.69614e-01,0,0.7638,0.3307
1.400,35.00,1.0,5.75942e+06,8.02301e-08,1.73794e-07,4.61640e-01,0,0.7638,0.3307
1.400,37.50,1.0,7.08383e+06,8.02301e-08,1.41301e-07,5.67796e-01,0,0.7638,0.3307
1.400,40.00,1.0,8.59714e+06,8.02301e-08,1.16428e-07,6.89095e-01,0,0.7638,0.3307
1.400,42.50,1.0,1.03120e+07,8.02301e-08,9.70670e-08,8.26543e-01,0,0.7638,0.3307
1.400,45.00,1.0,1.22409e+07,8.02301e-08,8.17713e-08,9.81152e-01,0,0.7638,0.3307
1.400,47.50,1.0,1.43964e+07,8.02301e-08,6.95277e-08,1.15393e+00,1,0.7638,0.3307
1.400,50.00,1.0,1.67913e+07,8.02301e-08,5.96113e-08,1.34589e+00,1,0.7638,0.3307
1.400,52.50,1.0,1.94380e+07,8.02301e-08,5.14945e-08,1.55803e+00,1,0.7638,0.3307
1.400,55.00,1.0,2.23492e+07,8.02301e-08,4.47868e-08,1.79138e+00,1,0.7638,0.3307
1.400,57.50,1.0,2.55375e+07,8.02301e-08,3.91954e-08,2.04693e+00,1,0.7638,0.3307
1.400,60.00,1.0,2.90154e+07,8.02301e-08,3.44973e-08,2.32569e+00,1,0.7638,0.3307
1.400,62.50,1.0,3.27955e+07,8.02301e-08,3.05210e-08,2.62869e+00,1,0.7638,0.3307
1.400,65.00,1.0,3.68905e+07,8.02301e-08,2.71330e-08,2.95692e+00,1,0.7638,0.3307
1.400,67.50,1.0,4.13129e+07,8.02301e-08,2.42285e-08,3.31139e+00,1,0.7638,0.3307
1.400,70.00,1.0,4.60753e+07,8.02301e-08,2.17242e-08,3.69312e+00,1,0.7638,0.3307
1.400,72.50,1.0,5.11904e+07,8.02301e-08,1.95535e-08,4.10311e+00,1,0.7638,0.3307
1.400,75.00,1.0,5.66706e+07,8.02301e-08,1.76626e-08,4.54237e+00,1,0.7638,0.3307
1.400,77.50,1.0,6.25287e+07,8.02301e-08,1.60079e-08,5.01192e+00,1,0.7638,0.3307
1.400,80.00,1.0,6.87772e+07,8.02301e-08,1.45535e-08,5.51276e+00,1,0.7638,0.3307
1.450,5.00,1.0,1.59303e+04,7.34916e-08,6.28331e-05,1.16963e-03,0,0.7638,0.3425
1.450,7.50,1.0,5.37648e+04,7.34916e-08,1.86172e-05,3.94751e-03,0,0.7638,0.3425
1.450,10.00,1.0,1.27443e+05,7.34916e-08,7.85414e-06,9.35705e-03,0,0.7638,0.3425
1.450,12.50,1.0,2.48911e+05,7.34916e-08,4.02132e-06,1.82755e-02,0,0.7638,0.3425
1.450,15.00,1.0,4.30118e+05,7.34916e-08,2.32715e-06,3.15800e-02,0,0.7638,0.3425
1.450,17.50,1.0,6.83012e+05,7.34916e-08,1.46549e-06,5.01479e-02,0,0.7638,0.3425
1.450,20.00,1.0,1.01954e+06,7.34916e-08,9.81767e-07,7.48564e-02,0,0.7638,0.3425
1.450,22.50,1.0,1.45165e+06,7.34916e-08,6.89526e-07,1.06583e-01,0,0.7638,0.3425
1.450,25.00,1.0,1.99129e+06,7.34916e-08,5.02665e-07,1.46204e-01,0,0.7638,0.3425
1.450,27.50,1.0,2.65041e+06,7.34916e-08,3.77659e-07,1.94597e-01,0,0.7638,0.3425
1.450,30.00,1.0,3.44095e+06,7.34916e-08,2.90894e-07,2.52640e-01,0,0.7638,0.3425
1.450,32.50,1.0,4.37486e+06,7.34916e-08,2.28796e-07,3.21210e-01,0,0.7638,0.3425
1.450,35.00,1.0,5.46410e+06,7.34916e-08,1.83187e-07,4.01184e-01,0,0.7638,0.3425
1.450,37.50,1.0,6.72060e+06,7.34916e-08,1.48938e-07,4.93438e-01,0,0.7638,0.3425
1.450,40.00,1.0,8.15632e+06,7.34916e-08,1.22721e-07,5.98851e-01,0,0.7638,0.3425
1.450,42.50,1.0,9.78320e+06,7.34916e-08,1.02313e-07,7.18300e-01,0,0.7638,0.3425
1.450,45.00,1.0,1.16132e+07,7.34916e-08,8.61908e-08,8.52661e-01,0,0.7638,0.3425
1.450,47.50,1.0,1.36583e+07,7.34916e-08,7.32854e-08,1.00281e+00,1,0.7638,0.3425
1.450,50.00,1.0,1.59303e+07,7.34916e-08,6.28331e-08,1.16963e+00,1,0.7638,0.3425
1.450,52.50,1.0,1.84413e+07,7.34916e-08,5.42776e-08,1.35399e+00,1,0.7638,0.3425
1.450,55.00,1.0,2.12032e+07,7.34916e-08,4.72074e-08,1.55678e+00,1,0.7638,0.3425
1.450,57.50,1.0,2.42280e+07,7.34916e-08,4.13138e-08,1.77886e+00,1,0.7638,0.3425
1.450,60.00,1.0,2.75276e+07,7.34916e-08,3.63617e-08,2.02112e+00,1,0.7638,0.3425
1.450,62.50,1.0,3.11139e+07,7.34916e-08,3.21705e-08,2.28444e+00,1,0.7638,0.3425
1.450,65.00,1.0,3.49989e+07,7.34916e-08,2.85995e-08,2.56968e+00,1,0.7638,0.3425
1.450,67.50,1.0,3.91945e+07,7.34916e-08,2.55380e-08,2.87773e+00,1,0.7638,0.3425
1.450,70.00,1.0,4.37128e+07,7.34916e-08,2.28984e-08,3.20947e+00,1,0.7638,0.3425
1.450,72.50,1.0,4.85656e+07,7.34916e-08,2.06103e-08,3.56577e+00,1,0.7638,0.3425
1.450,75.00,1.0,5.37648e+07,7.34916e-08,1.86172e-08,3.94751e+00,1,0.7638,0.3425
1.450,77.50,1.0,5.93225e+07,7.34916e-08,1.68730e-08,4.35556e+00,1,0.7638,0.3425
1.450,80.00,1.0,6.52506e+07,7.34916e-08,1.53401e-08,4.79081e+00,1,0.7638,0.3425
1.500,5.00,1.0,1.51405e+04,6.75195e-08,6.61109e-05,1.02131e-03,0,0.7638,0.3544
1.500,7.50,1.0,5.10991e+04,6.75195e-08,1.95884e-05,3.44691e-03,0,0.7638,0.3544
1.500,10.00,1.0,1.21124e+05,6.75195e-08,8.26387e-06,8.17045e-03,0,0.7638,0.3544
1.500,12.50,1.0,2.36570e+05,6.75195e-08,4.23110e-06,1.59579e-02,0,0.7638,0.3544
1.500,15.00,1.0,4.08793e+05,6.75195e-08,2.44855e-06,2.75753e-02,0,0.7638,0.3544
1.500,17.50,1.0,6.49148e+05,6.75195e-08,1.54195e-06,4.37885e-02,0,0.7638,0.3544
1.500,20.00,1.0,9.68990e+05,6.75195e-08,1.03298e-06,6.53636e-02,0,0.7638,0.3544
1.500,22.50,1.0,1.37968e+06,6.75195e-08,7.25497e-07,9.30665e-02,0,0.7638,0.3544
1.500,25.00,1.0,1.89256e+06,6.75195e-08,5.28887e-07,1.27663e-01,0,0.7638,0.3544
1.500,27.50,1.0,2.51900e+06,6.75195e-08,3.97361e-07,1.69920e-01,0,0.7638,0.3544
1.500,30.00,1.0,3.27034e+06,6.75195e-08,3.06069e-07,2.20602e-01,0,0.7638,0.3544
1.500,32.50,1.0,4.15795e+06,6.75195e-08,2.40732e-07,2.80476e-01,0,0.7638,0.3544
1.500,35.00,1.0,5.19318e+06,6.75195e-08,1.92743e-07,3.50308e-01,0,0.7638,0.3544
1.500,37.50,1.0,6.38739e+06,6.75195e-08,1.56707e-07,4.30864e-01,0,0.7638,0.3544
1.500,40.00,1.0,7.75192e+06,6.75195e-08,1.29123e-07,5.22909e-01,0,0.7638,0.3544
1.500,42.50,1.0,9.29814e+06,6.75195e-08,1.07651e-07,6.27210e-01,0,0.7638,0.3544
1.500,45.00,1.0,1.10374e+07,6.75195e-08,9.06871e-08,7.44532e-01,0,0.7638,0.3544
1.500,47.50,1.0,1.29811e+07,6.75195e-08,7.71085e-08,8.75642e-01,0,0.7638,0.3544
1.500,50.00,1.0,1.51405e+07,6.75195e-08,6.61109e-08,1.02131e+00,1,0.7638,0.3544
1.500,52.50,1.0,1.75270e+07,6.75195e-08,5.71091e-08,1.18229e+00,1,0.7638,0.3544
1.500,55.00,1.0,2.01520e+07,6.75195e-08,4.96701e-08,1.35936e+00,1,0.7638,0.3544
1.500,57.50,1.0,2.30268e+07,6.75195e-08,4.34690e-08,1.55328e+00,1,0.7638,0.3544
1.500,60.00,1.0,2.61627e+07,6.75195e-08,3.82586e-08,1.76482e+00,1,0.7638,0.3544
1.500,62.50,1.0,2.95712e+07,6.75195e-08,3.38488e-08,1.99474e+00,1,0.7638,0.3544
1.500,65.00,1.0,3.32636e+07,6.75195e-08,3.00915e-08,2.24381e+00,1,0.7638,0.3544
1.500,67.50,1.0,3.72512e+07,6.75195e-08,2.68703e-08,2.51280e+00,1,0.7638,0.3544
1.500,70.00,1.0,4.15455e+07,6.75195e-08,2.40929e-08,2.80246e+00,1,0.7638,0.3544
1.500,72.50,1.0,4.61576e+07,6.75195e-08,2.16855e-08,3.11358e+00,1,0.7638,0.3544
1.500,75.00,1.0,5.10991e+07,6.75195e-08,1.95884e-08,3.44691e+00,1,0.7638,0.3544
1.500,77.50,1.0,5.63812e+07,6.75195e-08,1.77533e-08,3.80322e+00,1,0.7638,0.3544
1.500,80.00,1.0,6.20154e+07,6.75195e-08,1.61404e-08,4.18327e+00,1,0.7638,0.3544
1.550,5.00,1.0,1.44138e+04,6.22054e-08,6.94439e-05,8.95765e-04,0,0.7638,0.3662
1.550,7.50,1.0,4.86466e+04,6.22054e-08,2.05760e-05,3.02321e-03,0,0.7638,0.3662
1.550,10.00,1.0,1.15310e+05,6.22054e-08,8.68048e-06,7.16612e-03,0,0.7638,0.3662
1.550,12.50,1.0,2.25216e+05,6.22054e-08,4.44441e-06,1.39963e-02,0,0.7638,0.3662
1.550,15.00,1.0,3.89173e+05,6.22054e-08,2.57200e-06,2.41857e-02,0,0.7638,0.3662
1.550,17.50,1.0,6.17992e+05,6.22054e-08,1.61968e-06,3.84059e-02,0,0.7638,0.3662
1.550,20.00,1.0,9.22484e+05,6.22054e-08,1.08506e-06,5.73290e-02,0,0.7638,0.3662
1.550,22.50,1.0,1.31346e+06,6.22054e-08,7.62073e-07,8.16266e-02,0,0.7638,0.3662
1.550,25.00,1.0,1.80173e+06,6.22054e-08,5.55551e-07,1.11971e-01,0,0.7638,0.3662
1.550,27.50,1.0,2.39810e+06,6.22054e-08,4.17394e-07,1.49033e-01,0,0.7638,0.3662
1.550,30.00,1.0,3.11338e+06,6.22054e-08,3.21499e-07,1.93485e-01,0,0.7638,0.3662
1.550,32.50,1.0,3.95839e+06,6.22054e-08,2.52868e-07,2.46000e-01,0,0.7638,0.3662
1.550,35.00,1.0,4.94394e+06,6.22054e-08,2.02460e-07,3.07248e-01,0,0.7638,0.3662
1.550,37.50,1.0,6.08083e+06,6.22054e-08,1.64608e-07,3.77901e-01,0,0.7638,0.3662
1.550,40.00,1.0,7.37987e+06,6.22054e-08,1.35633e-07,4.58632e-01,0,0.7638,0.3662
1.550,42.50,1.0,8.85188e+06,6.22054e-08,1.13078e-07,5.50112e-01,0,0.7638,0.3662
1.550,45.00,1.0,1.05077e+07,6.22054e-08,9.52591e-08,6.53013e-01,0,0.7638,0.3662
1.550,47.50,1.0,1.23580e+07,6.22054e-08,8.09959e-08,7.68007e-01,0,0.7638,0.3662
1.550,50.00,1.0,1.44138e+07,6.22054e-08,6.94439e-08,8.95765e-01,0,0.7638,0.3662
1.550,52.50,1.0,1.66858e+07,6.22054e-08,5.99882e-08,1.03696e+00,1,0.7638,0.3662
1.550,55.00,1.0,1.91848e+07,6.22054e-08,5.21742e-08,1.19226e+00,1,0.7638,0.3662
1.550,57.50,1.0,2.19216e+07,6.22054e-08,4.56605e-08,1.36235e+00,1,0.7638,0.3662
1.550,60.00,1.0,2.49071e+07,6.22054e-08,4.01874e-08,1.54788e+00,1,0.7638,0.3662
1.550,62.50,1.0,2.81520e+07,6.22054e-08,3.55553e-08,1.74954e+00,1,0.7638,0.3662
1.550,65.00,1.0,3.16671e+07,6.22054e-08,3.16085e-08,1.96800e+00,1,0.7638,0.3662
1.550,67.50,1.0,3.54634e+07,6.22054e-08,2.82249e-08,2.20392e+00,1,0.7638,0.3662
1.550,70.00,1.0,3.95515e+07,6.22054e-08,2.53075e-08,2.45798e+00,1,0.7638,0.3662
1.550,72.50,1.0,4.39423e+07,6.22054e-08,2.27788e-08,2.73085e+00,1,0.7638,0.3662
1.550,75.00,1.0,4.86466e+07,6.22054e-08,2.05760e-08,3.02321e+00,1,0.7638,0.3662
1.550,77.50,1.0,5.36752e+07,6.22054e-08,1.86483e-08,3.33572e+00,1,0.7638,0.3662
1.550,80.00,1.0,5.90390e+07,6.22054e-08,1.69541e-08,3.66905e+00,1,0.7638,0.3662
1.600,5.00,1.0,1.37435e+04,5.74589e-08,7.28310e-05,7.88935e-04,0,0.7638,0.3780
1.600,7.50,1.0,4.63842e+04,5.74589e-08,2.15796e-05,2.66265e-03,0,0.7638,0.3780
1.600,10.00,1.0,1.09948e+05,5.74589e-08,9.10388e-06,6.31148e-03,0,0.7638,0.3780
1.600,12.50,1.0,2.14742e+05,5.74589e-08,4.66119e-06,1.23271e-02,0,0.7638,0.3780
1.600,15.00,1.0,3.71074e+05,5.74589e-08,2.69745e-06,2.13012e-02,0,0.7638,0.3780
1.600,17.50,1.0,5.89251e+05,5.74589e-08,1.69868e-06,3.38256e-02,0,0.7638,0.3780
1.600,20.00,1.0,8.79582e+05,5.74589e-08,1.13798e-06,5.04918e-02,0,0.7638,0.3780
1.600,22.50,1.0,1.25237e+06,5.74589e-08,7.99243e-07,7.18917e-02,0,0.7638,0.3780
1.600,25.00,1.0,1.71793e+06,5.74589e-08,5.82648e-07,9.86168e-02,0,0.7638,0.3780
1.600,27.50,1.0,2.28657e+06,5.74589e-08,4.37752e-07,1.31259e-01,0,0.7638,0.3780
1.600,30.00,1.0,2.96859e+06,5.74589e-08,3.37181e-07,1.70410e-01,0,0.7638,0.3780
1.600,32.50,1.0,3.77430e+06,5.74589e-08,2.65202e-07,2.16661e-01,0,0.7638,0.3780
1.600,35.00,1.0,4.71401e+06,5.74589e-08,2.12335e-07,2.70605e-01,0,0.7638,0.3780
1.600,37.50,1.0,5.79803e+06,5.74589e-08,1.72636e-07,3.32832e-01,0,0.7638,0.3780
1.600,40.00,1.0,7.03666e+06,5.74589e-08,1.42248e-07,4.03935e-01,0,0.7638,0.3780
1.600,42.50,1.0,8.44021e+06,5.74589e-08,1.18593e-07,4.84505e-01,0,0.7638,0.3780
1.600,45.00,1.0,1.00190e+07,5.74589e-08,9.99054e-08,5.75133e-01,0,0.7638,0.3780
1.600,47.50,1.0,1.17833e+07,5.74589e-08,8.49465e-08,6.76413e-01,0,0.7638,0.3780
1.600,50.00,1.0,1.37435e+07,5.74589e-08,7.28310e-08,7.88935e-01,0,0.7638,0.3780
1.600,52.50,1.0,1.59098e+07,5.74589e-08,6.29142e-08,9.13291e-01,0,0.7638,0.3780
1.600,55.00,1.0,1.82926e+07,5.74589e-08,5.47190e-08,1.05007e+00,1,0.7638,0.3780
1.600,57.50,1.0,2.09021e+07,5.74589e-08,4.78876e-08,1.19987e+00,1,0.7638,0.3780
1.600,60.00,1.0,2.37487e+07,5.74589e-08,4.21476e-08,1.36328e+00,1,0.7638,0.3780
1.600,62.50,1.0,2.68427e+07,5.74589e-08,3.72895e-08,1.54089e+00,1,0.7638,0.3780
1.600,65.00,1.0,3.01944e+07,5.74589e-08,3.31502e-08,1.73329e+00,1,0.7638,0.3780
1.600,67.50,1.0,3.38141e+07,5.74589e-08,2.96016e-08,1.94108e+00,1,0.7638,0.3780
1.600,70.00,1.0,3.77121e+07,5.74589e-08,2.65419e-08,2.16484e+00,1,0.7638,0.3780
1.600,72.50,1.0,4.18987e+07,5.74589e-08,2.38898e-08,2.40517e+00,1,0.7638,0.3780
1.600,75.00,1.0,4.63842e+07,5.74589e-08,2.15796e-08,2.66265e+00,1,0.7638,0.3780
1.600,77.50,1.0,5.11790e+07,5.74589e-08,1.95579e-08,2.93789e+00,1,0.7638,0.3780
1.600,80.00,1.0,5.62932e+07,5.74589e-08,1.77810e-08,3.23148e+00,1,0.7638,0.3780
1.650,5.00,1.0,1.31235e+04,5.32044e-08,7.62715e-05,6.97566e-04,0,0.7638,0.3898
1.650,7.50,1.0,4.42919e+04,5.32044e-08,2.25990e-05,2.35429e-03,0,0.7638,0.3898
1.650,10.00,1.0,1.04988e+05,5.32044e-08,9.53394e-06,5.58053e-03,0,0.7638,0.3898
1.650,12.50,1.0,2.05055e+05,5.32044e-08,4.88138e-06,1.08995e-02,0,0.7638,0.3898
1.650,15.00,1.0,3.54335e+05,5.32044e-08,2.82487e-06,1.88343e-02,0,0.7638,0.3898
1.650,17.50,1.0,5.62671e+05,5.32044e-08,1.77893e-06,2.99081e-02,0,0.7638,0.3898
1.650,20.00,1.0,8.39905e+05,5.32044e-08,1.19174e-06,4.46442e-02,0,0.7638,0.3898
1.650,22.50,1.0,1.19588e+06,5.32044e-08,8.36999e-07,6.35657e-02,0,0.7638,0.3898
1.650,25.00,1.0,1.64044e+06,5.32044e-08,6.10172e-07,8.71957e-02,0,0.7638,0.3898
1.650,27.50,1.0,2.18343e+06,5.32044e-08,4.58431e-07,1.16058e-01,0,0.7638,0.3898
1.650,30.00,1.0,2.83468e+06,5.32044e-08,3.53109e-07,1.50674e-01,0,0.7638,0.3898
1.650,32.50,1.0,3.60405e+06,5.32044e-08,2.77730e-07,1.91569e-01,0,0.7638,0.3898
1.650,35.00,1.0,4.50137e+06,5.32044e-08,2.22366e-07,2.39265e-01,0,0.7638,0.3898
1.650,37.50,1.0,5.53649e+06,5.32044e-08,1.80792e-07,2.94286e-01,0,0.7638,0.3898
1.650,40.00,1.0,6.71924e+06,5.32044e-08,1.48968e-07,3.57154e-01,0,0.7638,0.3898
1.650,42.50,1.0,8.05948e+06,5.32044e-08,1.24195e-07,4.28393e-01,0,0.7638,0.3898
1.650,45.00,1.0,9.56705e+06,5.32044e-08,1.04625e-07,5.08526e-01,0,0.7638,0.3898
1.650,47.50,1.0,1.12518e+07,5.32044e-08,8.89593e-08,5.98076e-01,0,0.7638,0.3898
1.650,50.00,1.0,1.31235e+07,5.32044e-08,7.62715e-08,6.97566e-01,0,0.7638,0.3898
1.650,52.50,1.0,1.51921e+07,5.32044e-08,6.58862e-08,8.07520e-01,0,0.7638,0.3898
1.650,55.00,1.0,1.74674e+07,5.32044e-08,5.73039e-08,9.28460e-01,0,0.7638,0.3898
1.650,57.50,1.0,1.99592e+07,5.32044e-08,5.01498e-08,1.06091e+00,1,0.7638,0.3898
1.650,60.00,1.0,2.26774e+07,5.32044e-08,4.41386e-08,1.20539e+00,1,0.7638,0.3898
1.650,62.50,1.0,2.56319e+07,5.32044e-08,3.90510e-08,1.36243e+00,1,0.7638,0.3898
1.650,65.00,1.0,2.88324e+07,5.32044e-08,3.47162e-08,1.53255e+00,1,0.7638,0.3898
1.650,67.50,1.0,3.22888e+07,5.32044e-08,3.10000e-08,1.71627e+00,1,0.7638,0.3898
1.650,70.00,1.0,3.60109e+07,5.32044e-08,2.77957e-08,1.91412e+00,1,0.7638,0.3898
1.650,72.50,1.0,4.00087e+07,5.32044e-08,2.50183e-08,2.12662e+00,1,0.7638,0.3898
1.650,75.00,1.0,4.42919e+07,5.32044e-08,2.25990e-08,2.35429e+00,1,0.7638,0.3898
1.650,77.50,1.0,4.88704e+07,5.32044e-08,2.04818e-08,2.59765e+00,1,0.7638,0.3898
1.650,80.00,1.0,5.37539e+07,5.32044e-08,1.86210e-08,2.85723e+00,1,0.7638,0.3898
1.700,5.00,1.0,1.25488e+04,4.93782e-08,7.97645e-05,6.19049e-04,0,0.7638,0.4016
1.700,7.50,1.0,4.23523e+04,4.93782e-08,2.36339e-05,2.08929e-03,0,0.7638,0.4016
1.700,10.00,1.0,1.00391e+05,4.93782e-08,9.97057e-06,4.95240e-03,0,0.7638,0.4016
1.700,12.50,1.0,1.96075e+05,4.93782e-08,5.10493e-06,9.67265e-03,0,0.7638,0.4016
1.700,15.00,1.0,3.38818e+05,4.93782e-08,2.95424e-06,1.67143e-02,0,0.7638,0.4016
1.700,17.50,1.0,5.38031e+05,4.93782e-08,1.86040e-06,2.65417e-02,0,0.7638,0.4016
1.700,20.00,1.0,8.03125e+05,4.93782e-08,1.24632e-06,3.96192e-02,0,0.7638,0.4016
1.700,22.50,1.0,1.14351e+06,4.93782e-08,8.75331e-07,5.64109e-02,0,0.7638,0.4016
1.700,25.00,1.0,1.56860e+06,4.93782e-08,6.38116e-07,7.73812e-02,0,0.7638,0.4016
1.700,27.50,1.0,2.08781e+06,4.93782e-08,4.79426e-07,1.02994e-01,0,0.7638,0.4016
1.700,30.00,1.0,2.71055e+06,4.93782e-08,3.69280e-07,1.33715e-01,0,0.7638,0.4016
1.700,32.50,1.0,3.44622e+06,4.93782e-08,2.90449e-07,1.70006e-01,0,0.7638,0.4016
1.700,35.00,1.0,4.30425e+06,4.93782e-08,2.32550e-07,2.12334e-01,0,0.7638,0.4016
1.700,37.50,1.0,5.29403e+06,4.93782e-08,1.89071e-07,2.61161e-01,0,0.7638,0.4016
1.700,40.00,1.0,6.42500e+06,4.93782e-08,1.55790e-07,3.16953e-01,0,0.7638,0.4016
1.700,42.50,1.0,7.70655e+06,4.93782e-08,1.29883e-07,3.80174e-01,0,0.7638,0.4016
1.700,45.00,1.0,9.14809e+06,4.93782e-08,1.09416e-07,4.51287e-01,0,0.7638,0.4016
1.700,47.50,1.0,1.07590e+07,4.93782e-08,9.30334e-08,5.30758e-01,0,0.7638,0.4016
1.700,50.00,1.0,1.25488e+07,4.93782e-08,7.97645e-08,6.19049e-01,0,0.7638,0.4016
1.700,52.50,1.0,1.45268e+07,4.93782e-08,6.89036e-08,7.16627e-01,0,0.7638,0.4016
1.700,55.00,1.0,1.67025e+07,4.93782e-08,5.99283e-08,8.23955e-01,0,0.7638,0.4016
1.700,57.50,1.0,1.90852e+07,4.93782e-08,5.24465e-08,9.41497e-01,0,0.7638,0.4016
1.700,60.00,1.0,2.16844e+07,4.93782e-08,4.61600e-08,1.06972e+00,1,0.7638,0.4016
1.700,62.50,1.0,2.45094e+07,4.93782e-08,4.08394e-08,1.20908e+00,1,0.7638,0.4016
1.700,65.00,1.0,2.75698e+07,4.93782e-08,3.63061e-08,1.36005e+00,1,0.7638,0.4016
1.700,67.50,1.0,3.08748e+07,4.93782e-08,3.24197e-08,1.52309e+00,1,0.7638,0.4016
1.700,70.00,1.0,3.44340e+07,4.93782e-08,2.90687e-08,1.69867e+00,1,0.7638,0.4016
1.700,72.50,1.0,3.82567e+07,4.93782e-08,2.61641e-08,1.88725e+00,1,0.7638,0.4016
1.700,75.00,1.0,4.23523e+07,4.93782e-08,2.36339e-08,2.08929e+00,1,0.7638,0.4016
1.700,77.50,1.0,4.67302e+07,4.93782e-08,2.14198e-08,2.30526e+00,1,0.7638,0.4016
1.700,80.00,1.0,5.14000e+07,4.93782e-08,1.94738e-08,2.53563e+00,1,0.7638,0.4016
1.750,5.00,1.0,1.20149e+04,4.59264e-08,8.33093e-05,5.51276e-04,0,0.7638,0.4134
1.750,7.50,1.0,4.05502e+04,4.59264e-08,2.46842e-05,1.86056e-03,0,0.7638,0.4134
1.750,10.00,1.0,9.61190e+04,4.59264e-08,1.04137e-05,4.41021e-03,0,0.7638,0.4134
1.750,12.50,1.0,1.87732e+05,4.59264e-08,5.33179e-06,8.61368e-03,0,0.7638,0.4134
1.750,15.00,1.0,3.24402e+05,4.59264e-08,3.08553e-06,1.48844e-02,0,0.7638,0.4134
1.750,17.50,1.0,5.15138e+05,4.59264e-08,1.94307e-06,2.36359e-02,0,0.7638,0.4134
1.750,20.00,1.0,7.68952e+05,4.59264e-08,1.30171e-06,3.52816e-02,0,0.7638,0.4134
1.750,22.50,1.0,1.09486e+06,4.59264e-08,9.14231e-07,5.02350e-02,0,0.7638,0.4134
1.750,25.00,1.0,1.50186e+06,4.59264e-08,6.66474e-07,6.89095e-02,0,0.7638,0.4134
1.750,27.50,1.0,1.99897e+06,4.59264e-08,5.00732e-07,9.17185e-02,0,0.7638,0.4134
1.750,30.00,1.0,2.59521e+06,4.59264e-08,3.85691e-07,1.19076e-01,0,0.7638,0.4134
1.750,32.50,1.0,3.29959e+06,4.59264e-08,3.03357e-07,1.51394e-01,0,0.7638,0.4134
1.750,35.00,1.0,4.12110e+06,4.59264e-08,2.42884e-07,1.89088e-01,0,0.7638,0.4134
1.750,37.50,1.0,5.06878e+06,4.59264e-08,1.97474e-07,2.32569e-01,0,0.7638,0.4134
1.750,40.00,1.0,6.15162e+06,4.59264e-08,1.62713e-07,2.82253e-01,0,0.7638,0.4134
1.750,42.50,1.0,7.37864e+06,4.59264e-08,1.35655e-07,3.38552e-01,0,0.7638,0.4134
1.750,45.00,1.0,8.75884e+06,4.59264e-08,1.14279e-07,4.01880e-01,0,0.7638,0.4134
1.750,47.50,1.0,1.03013e+07,4.59264e-08,9.71679e-08,4.72650e-01,0,0.7638,0.4134
1.750,50.00,1.0,1.20149e+07,4.59264e-08,8.33093e-08,5.51276e-01,0,0.7638,0.4134
1.750,52.50,1.0,1.39087e+07,4.59264e-08,7.19657e-08,6.38171e-01,0,0.7638,0.4134
1.750,55.00,1.0,1.59918e+07,4.59264e-08,6.25915e-08,7.33748e-01,0,0.7638,0.4134
1.750,57.50,1.0,1.82731e+07,4.59264e-08,5.47772e-08,8.38421e-01,0,0.7638,0.4134
1.750,60.00,1.0,2.07617e+07,4.59264e-08,4.82114e-08,9.52604e-01,0,0.7638,0.4134
1.750,62.50,1.0,2.34666e+07,4.59264e-08,4.26544e-08,1.07671e+00,1,0.7638,0.4134
1.750,65.00,1.0,2.63967e+07,4.59264e-08,3.79196e-08,1.21115e+00,1,0.7638,0.4134
1.750,67.50,1.0,2.95611e+07,4.59264e-08,3.38604e-08,1.35634e+00,1,0.7638,0.4134
1.750,70.00,1.0,3.29688e+07,4.59264e-08,3.03605e-08,1.51270e+00,1,0.7638,0.4134
1.750,72.50,1.0,3.66288e+07,4.59264e-08,2.73268e-08,1.68063e+00,1,0.7638,0.4134
1.750,75.00,1.0,4.05502e+07,4.59264e-08,2.46842e-08,1.86056e+00,1,0.7638,0.4134
1.750,77.50,1.0,4.47419e+07,4.59264e-08,2.23717e-08,2.05288e+00,1,0.7638,0.4134
1.750,80.00,1.0,4.92129e+07,4.59264e-08,2.03392e-08,2.25803e+00,1,0.7638,0.4134
1.800,5.00,1.0,1.15177e+04,4.28032e-08,8.69051e-05,4.92528e-04,0,0.7638,0.4252
1.800,7.50,1.0,3.88724e+04,4.28032e-08,2.57497e-05,1.66228e-03,0,0.7638,0.4252
1.800,10.00,1.0,9.21420e+04,4.28032e-08,1.08631e-05,3.94022e-03,0,0.7638,0.4252
1.800,12.50,1.0,1.79965e+05,4.28032e-08,5.56192e-06,7.69575e-03,0,0.7638,0.4252
1.800,15.00,1.0,3.10979e+05,4.28032e-08,3.21871e-06,1.32983e-02,0,0.7638,0.4252
1.800,17.50,1.0,4.93823e+05,4.28032e-08,2.02694e-06,2.11171e-02,0,0.7638,0.4252
1.800,20.00,1.0,7.37136e+05,4.28032e-08,1.35789e-06,3.15218e-02,0,0.7638,0.4252
1.800,22.50,1.0,1.04955e+06,4.28032e-08,9.53691e-07,4.48816e-02,0,0.7638,0.4252
1.800,25.00,1.0,1.43972e+06,4.28032e-08,6.95241e-07,6.15660e-02,0,0.7638,0.4252
1.800,27.50,1.0,1.91627e+06,4.28032e-08,5.22345e-07,8.19444e-02,0,0.7638,0.4252
1.800,30.00,1.0,2.48783e+06,4.28032e-08,4.02338e-07,1.06386e-01,0,0.7638,0.4252
1.800,32.50,1.0,3.16306e+06,4.28032e-08,3.16450e-07,1.35261e-01,0,0.7638,0.4252
1.800,35.00,1.0,3.95059e+06,4.28032e-08,2.53368e-07,1.68937e-01,0,0.7638,0.4252
1.800,37.50,1.0,4.85905e+06,4.28032e-08,2.05997e-07,2.07785e-01,0,0.7638,0.4252
1.800,40.00,1.0,5.89709e+06,4.28032e-08,1.69736e-07,2.52174e-01,0,0.7638,0.4252
1.800,42.50,1.0,7.07334e+06,4.28032e-08,1.41510e-07,3.02474e-01,0,0.7638,0.4252
1.800,45.00,1.0,8.39644e+06,4.28032e-08,1.19211e-07,3.59053e-01,0,0.7638,0.4252
1.800,47.50,1.0,9.87503e+06,4.28032e-08,1.01362e-07,4.22281e-01,0,0.7638,0.4252
1.800,50.00,1.0,1.15177e+07,4.28032e-08,8.69051e-08,4.92528e-01,0,0.7638,0.4252
1.800,52.50,1.0,1.33332e+07,4.28032e-08,7.50719e-08,5.70163e-01,0,0.7638,0.4252
1.800,55.00,1.0,1.53301e+07,4.28032e-08,6.52931e-08,6.55555e-01,0,0.7638,0.4252
1.800,57.50,1.0,1.75171e+07,4.28032e-08,5.71415e-08,7.49074e-01,0,0.7638,0.4252
1.800,60.00,1.0,1.99027e+07,4.28032e-08,5.02923e-08,8.51089e-01,0,0.7638,0.4252
1.800,62.50,1.0,2.24956e+07,4.28032e-08,4.44954e-08,9.61969e-01,0,0.7638,0.4252
1.800,65.00,1.0,2.53045e+07,4.28032e-08,3.95562e-08,1.08208e+00,1,0.7638,0.4252
1.800,67.50,1.0,2.83380e+07,4.28032e-08,3.53219e-08,1.21180e+00,1,0.7638,0.4252
1.800,70.00,1.0,3.16047e+07,4.28032e-08,3.16709e-08,1.35150e+00,1,0.7638,0.4252
1.800,72.50,1.0,3.51133e+07,4.28032e-08,2.85063e-08,1.50153e+00,1,0.7638,0.4252
1.800,75.00,1.0,3.88724e+07,4.28032e-08,2.57497e-08,1.66228e+00,1,0.7638,0.4252
1.800,77.50,1.0,4.28907e+07,4.28032e-08,2.33373e-08,1.83411e+00,1,0.7638,0.4252
1.800,80.00,1.0,4.71767e+07,4.28032e-08,2.12171e-08,2.01740e+00,1,0.7638,0.4252
1.850,5.00,1.0,1.10540e+04,3.99694e-08,9.05512e-05,4.41402e-04,0,0.7638,0.4370
1.850,7.50,1.0,3.73072e+04,3.99694e-08,2.68300e-05,1.48973e-03,0,0.7638,0.4370
1.850,10.00,1.0,8.84319e+04,3.99694e-08,1.13189e-05,3.53121e-03,0,0.7638,0.4370
1.850,12.50,1.0,1.72718e+05,3.99694e-08,5.79527e-06,6.89690e-03,0,0.7638,0.4370
1.850,15.00,1.0,2.98458e+05,3.99694e-08,3.35375e-06,1.19178e-02,0,0.7638,0.4370
1.850,17.50,1.0,4.73939e+05,3.99694e-08,2.11198e-06,1.89251e-02,0,0.7638,0.4370
1.850,20.00,1.0,7.07455e+05,3.99694e-08,1.41486e-06,2.82497e-02,0,0.7638,0.4370
1.850,22.50,1.0,1.00729e+06,3.99694e-08,9.93703e-07,4.02227e-02,0,0.7638,0.4370
1.850,25.00,1.0,1.38175e+06,3.99694e-08,7.24409e-07,5.51752e-02,0,0.7638,0.4370
1.850,27.50,1.0,1.83911e+06,3.99694e-08,5.44259e-07,7.34382e-02,0,0.7638,0.4370
1.850,30.00,1.0,2.38766e+06,3.99694e-08,4.19218e-07,9.53428e-02,0,0.7638,0.4370
1.850,32.50,1.0,3.03570e+06,3.99694e-08,3.29727e-07,1.21220e-01,0,0.7638,0.4370
1.850,35.00,1.0,3.79152e+06,3.99694e-08,2.63998e-07,1.51401e-01,0,0.7638,0.4370
1.850,37.50,1.0,4.66340e+06,3.99694e-08,2.14640e-07,1.86216e-01,0,0.7638,0.4370
1.850,40.00,1.0,5.65964e+06,3.99694e-08,1.76858e-07,2.25998e-01,0,0.7638,0.4370
1.850,42.50,1.0,6.78853e+06,3.99694e-08,1.47447e-07,2.71076e-01,0,0.7638,0.4370
1.850,45.00,1.0,8.05835e+06,3.99694e-08,1.24213e-07,3.21782e-01,0,0.7638,0.4370
1.850,47.50,1.0,9.47741e+06,3.99694e-08,1.05614e-07,3.78447e-01,0,0.7638,0.4370
1.850,50.00,1.0,1.10540e+07,3.99694e-08,9.05512e-08,4.41402e-01,0,0.7638,0.4370
1.850,52.50,1.0,1.27964e+07,3.99694e-08,7.82215e-08,5.10978e-01,0,0.7638,0.4370
1.850,55.00,1.0,1.47128e+07,3.99694e-08,6.80324e-08,5.87506e-01,0,0.7638,0.4370
1.850,57.50,1.0,1.68117e+07,3.99694e-08,5.95389e-08,6.71317e-01,0,0.7638,0.4370
1.850,60.00,1.0,1.91013e+07,3.99694e-08,5.24023e-08,7.62742e-01,0,0.7638,0.4370
1.850,62.50,1.0,2.15898e+07,3.99694e-08,4.63622e-08,8.62113e-01,0,0.7638,0.4370
1.850,65.00,1.0,2.42856e+07,3.99694e-08,4.12158e-08,9.69760e-01,0,0.7638,0.4370
1.850,67.50,1.0,2.71969e+07,3.99694e-08,3.68038e-08,1.08601e+00,1,0.7638,0.4370
1.850,70.00,1.0,3.03321e+07,3.99694e-08,3.29997e-08,1.21121e+00,1,0.7638,0.4370
1.850,72.50,1.0,3.36994e+07,3.99694e-08,2.97023e-08,1.34567e+00,1,0.7638,0.4370
1.850,75.00,1.0,3.73072e+07,3.99694e-08,2.68300e-08,1.48973e+00,1,0.7638,0.4370
1.850,77.50,1.0,4.11636e+07,3.99694e-08,2.43164e-08,1.64373e+00,1,0.7638,0.4370
1.850,80.00,1.0,4.52771e+07,3.99694e-08,2.21072e-08,1.80798e+00,1,0.7638,0.4370
1.900,5.00,1.0,1.06205e+04,3.73915e-08,9.42468e-05,3.96741e-04,0,0.7638,0.4489
1.900,7.50,1.0,3.58443e+04,3.73915e-08,2.79250e-05,1.33900e-03,0,0.7638,0.4489
1.900,10.00,1.0,8.49642e+04,3.73915e-08,1.17809e-05,3.17392e-03,0,0.7638,0.4489
1.900,12.50,1.0,1.65946e+05,3.73915e-08,6.03180e-06,6.19907e-03,0,0.7638,0.4489
1.900,15.00,1.0,2.86754e+05,3.73915e-08,3.49062e-06,1.07120e-02,0,0.7638,0.4489
1.900,17.50,1.0,4.55355e+05,3.73915e-08,2.19818e-06,1.70103e-02,0,0.7638,0.4489
1.900,20.00,1.0,6.79714e+05,3.73915e-08,1.47261e-06,2.53914e-02,0,0.7638,0.4489
1.900,22.50,1.0,9.67795e+05,3.73915e-08,1.03426e-06,3.61530e-02,0,0.7638,0.4489
1.900,25.00,1.0,1.32757e+06,3.73915e-08,7.53975e-07,4.95926e-02,0,0.7638,0.4489
1.900,27.50,1.0,1.76699e+06,3.73915e-08,5.66472e-07,6.60077e-02,0,0.7638,0.4489
1.900,30.00,1.0,2.29403e+06,3.73915e-08,4.36328e-07,8.56960e-02,0,0.7638,0.4489
1.900,32.50,1.0,2.91666e+06,3.73915e-08,3.43184e-07,1.08955e-01,0,0.7638,0.4489
1.900,35.00,1.0,3.64284e+06,3.73915e-08,2.74772e-07,1.36082e-01,0,0.7638,0.4489
1.900,37.50,1.0,4.48053e+06,3.73915e-08,2.23400e-07,1.67375e-01,0,0.7638,0.4489
1.900,40.00,1.0,5.43771e+06,3.73915e-08,1.84076e-07,2.03131e-01,0,0.7638,0.4489
1.900,42.50,1.0,6.52233e+06,3.73915e-08,1.53465e-07,2.43648e-01,0,0.7638,0.4489
1.900,45.00,1.0,7.74236e+06,3.73915e-08,1.29282e-07,2.89224e-01,0,0.7638,0.4489
1.900,47.50,1.0,9.10577e+06,3.73915e-08,1.09925e-07,3.40155e-01,0,0.7638,0.4489
1.900,50.00,1.0,1.06205e+07,3.73915e-08,9.42468e-08,3.96741e-01,0,0.7638,0.4489
1.900,52.50,1.0,1.22946e+07,3.73915e-08,8.14140e-08,4.59277e-01,0,0.7638,0.4489
1.900,55.00,1.0,1.41359e+07,3.73915e-08,7.08090e-08,5.28062e-01,0,0.7638,0.4489
1.900,57.50,1.0,1.61525e+07,3.73915e-08,6.19688e-08,6.03393e-01,0,0.7638,0.4489
1.900,60.00,1.0,1.83523e+07,3.73915e-08,5.45410e-08,6.85568e-01,0,0.7638,0.4489
1.900,62.50,1.0,2.07432e+07,3.73915e-08,4.82544e-08,7.74884e-01,0,0.7638,0.4489
1.900,65.00,1.0,2.33333e+07,3.73915e-08,4.28980e-08,8.71639e-01,0,0.7638,0.4489
1.900,67.50,1.0,2.61305e+07,3.73915e-08,3.83059e-08,9.76131e-01,0,0.7638,0.4489
1.900,70.00,1.0,2.91427e+07,3.73915e-08,3.43465e-08,1.08866e+00,1,0.7638,0.4489
1.900,72.50,1.0,3.23780e+07,3.73915e-08,3.09145e-08,1.20951e+00,1,0.7638,0.4489
1.900,75.00,1.0,3.58443e+07,3.73915e-08,2.79250e-08,1.33900e+00,1,0.7638,0.4489
1.900,77.50,1.0,3.95495e+07,3.73915e-08,2.53088e-08,1.47741e+00,1,0.7638,0.4489
1.900,80.00,1.0,4.35017e+07,3.73915e-08,2.30095e-08,1.62505e+00,1,0.7638,0.4489
1.950,5.00,1.0,1.02147e+04,3.50405e-08,9.79915e-05,3.57588e-04,0,0.7638,0.4607
1.950,7.50,1.0,3.44745e+04,3.50405e-08,2.90345e-05,1.20686e-03,0,0.7638,0.4607
1.950,10.00,1.0,8.17174e+04,3.50405e-08,1.22489e-05,2.86070e-03,0,0.7638,0.4607
1.950,12.50,1.0,1.59604e+05,3.50405e-08,6.27145e-06,5.58731e-03,0,0.7638,0.4607
1.950,15.00,1.0,2.75796e+05,3.50405e-08,3.62931e-06,9.65487e-03,0,0.7638,0.4607
1.950,17.50,1.0,4.37954e+05,3.50405e-08,2.28552e-06,1.53316e-02,0,0.7638,0.4607
1.950,20.00,1.0,6.53739e+05,3.50405e-08,1.53112e-06,2.28856e-02,0,0.7638,0.4607
1.950,22.50,1.0,9.30812e+05,3.50405e-08,1.07535e-06,3.25852e-02,0,0.7638,0.4607
1.950,25.00,1.0,1.27683e+06,3.50405e-08,7.83932e-07,4.46985e-02,0,0.7638,0.4607
1.950,27.50,1.0,1.69947e+06,3.50405e-08,5.88980e-07,5.94937e-02,0,0.7638,0.4607
1.950,30.00,1.0,2.20637e+06,3.50405e-08,4.53664e-07,7.72389e-02,0,0.7638,0.4607
1.950,32.50,1.0,2.80520e+06,3.50405e-08,3.56819e-07,9.82025e-02,0,0.7638,0.4607
1.950,35.00,1.0,3.50363e+06,3.50405e-08,2.85689e-07,1.22653e-01,0,0.7638,0.4607
1.950,37.50,1.0,4.30931e+06,3.50405e-08,2.32276e-07,1.50857e-01,0,0.7638,0.4607
1.950,40.00,1.0,5.22991e+06,3.50405e-08,1.91390e-07,1.83085e-01,0,0.7638,0.4607
1.950,42.50,1.0,6.27309e+06,3.50405e-08,1.59563e-07,2.19604e-01,0,0.7638,0.4607
1.950,45.00,1.0,7.44650e+06,3.50405e-08,1.34419e-07,2.60681e-01,0,0.7638,0.4607
1.950,47.50,1.0,8.75780e+06,3.50405e-08,1.14292e-07,3.06587e-01,0,0.7638,0.4607
1.950,50.00,1.0,1.02147e+07,3.50405e-08,9.79915e-08,3.57588e-01,0,0.7638,0.4607
1.950,52.50,1.0,1.18248e+07,3.50405e-08,8.46487e-08,4.13952e-01,0,0.7638,0.4607
1.950,55.00,1.0,1.35957e+07,3.50405e-08,7.36224e-08,4.75949e-01,0,0.7638,0.4607
1.950,57.50,1.0,1.55352e+07,3.50405e-08,6.44310e-08,5.43846e-01,0,0.7638,0.4607
1.950,60.00,1.0,1.76510e+07,3.50405e-08,5.67080e-08,6.17912e-01,0,0.7638,0.4607
1.950,62.50,1.0,1.99505e+07,3.50405e-08,5.01716e-08,6.98414e-01,0,0.7638,0.4607
1.950,65.00,1.0,2.24416e+07,3.50405e-08,4.46024e-08,7.85620e-01,0,0.7638,0.4607
1.950,67.50,1.0,2.51319e+07,3.50405e-08,3.98279e-08,8.79800e-01,0,0.7638,0.4607
1.950,70.00,1.0,2.80291e+07,3.50405e-08,3.57112e-08,9.81221e-01,0,0.7638,0.4607
1.950,72.50,1.0,3.11407e+07,3.50405e-08,3.21428e-08,1.09015e+00,1,0.7638,0.4607
1.950,75.00,1.0,3.44745e+07,3.50405e-08,2.90345e-08,1.20686e+00,1,0.7638,0.4607
1.950,77.50,1.0,3.80382e+07,3.50405e-08,2.63144e-08,1.33161e+00,1,0.7638,0.4607
1.950,80.00,1.0,4.18393e+07,3.50405e-08,2.39237e-08,1.46468e+00,1,0.7638,0.4607
2.000,5.00,1.0,9.83403e+03,3.28914e-08,1.01784e-04,3.23148e-04,0,0.7638,0.4725
2.000,7.50,1.0,3.31898e+04,3.28914e-08,3.01584e-05,1.09062e-03,0,0.7638,0.4725
2.000,10.00,1.0,7.86722e+04,3.28914e-08,1.27231e-05,2.58518e-03,0,0.7638,0.4725
2.000,12.50,1.0,1.53657e+05,3.28914e-08,6.51420e-06,5.04918e-03,0,0.7638,0.4725
2.000,15.00,1.0,2.65519e+05,3.28914e-08,3.76979e-06,8.72499e-03,0,0.7638,0.4725
2.000,17.50,1.0,4.21634e+05,3.28914e-08,2.37398e-06,1.38550e-02,0,0.7638,0.4725
2.000,20.00,1.0,6.29378e+05,3.28914e-08,1.59038e-06,2.06815e-02,0,0.7638,0.4725
2.000,22.50,1.0,8.96126e+05,3.28914e-08,1.11698e-06,2.94468e-02,0,0.7638,0.4725
2.000,25.00,1.0,1.22925e+06,3.28914e-08,8.14276e-07,4.03935e-02,0,0.7638,0.4725
2.000,27.50,1.0,1.63614e+06,3.28914e-08,6.11777e-07,5.37637e-02,0,0.7638,0.4725
2.000,30.00,1.0,2.12415e+06,3.28914e-08,4.71224e-07,6.97999e-02,0,0.7638,0.4725
2.000,32.50,1.0,2.70067e+06,3.28914e-08,3.70631e-07,8.87444e-02,0,0.7638,0.4725
2.000,35.00,1.0,3.37307e+06,3.28914e-08,2.96748e-07,1.10840e-01,0,0.7638,0.4725
2.000,37.50,1.0,4.14873e+06,3.28914e-08,2.41267e-07,1.36328e-01,0,0.7638,0.4725
2.000,40.00,1.0,5.03502e+06,3.28914e-08,1.98798e-07,1.65452e-01,0,0.7638,0.4725
2.000,42.50,1.0,6.03932e+06,3.28914e-08,1.65739e-07,1.98453e-01,0,0.7638,0.4725
2.000,45.00,1.0,7.16900e+06,3.28914e-08,1.39622e-07,2.35575e-01,0,0.7638,0.4725
2.000,47.50,1.0,8.43145e+06,3.28914e-08,1.18716e-07,2.77059e-01,0,0.7638,0.4725
2.000,50.00,1.0,9.83403e+06,3.28914e-08,1.01784e-07,3.23148e-01,0,0.7638,0.4725
2.000,52.50,1.0,1.13841e+07,3.28914e-08,8.79252e-08,3.74084e-01,0,0.7638,0.4725
2.000,55.00,1.0,1.30891e+07,3.28914e-08,7.64722e-08,4.30110e-01,0,0.7638,0.4725
2.000,57.50,1.0,1.49563e+07,3.28914e-08,6.69249e-08,4.91467e-01,0,0.7638,0.4725
2.000,60.00,1.0,1.69932e+07,3.28914e-08,5.89030e-08,5.58399e-01,0,0.7638,0.4725
2.000,62.50,1.0,1.92071e+07,3.28914e-08,5.21136e-08,6.31148e-01,0,0.7638,0.4725
2.000,65.00,1.0,2.16054e+07,3.28914e-08,4.63288e-08,7.09955e-01,0,0.7638,0.4725
2.000,67.50,1.0,2.41954e+07,3.28914e-08,4.13695e-08,7.95065e-01,0,0.7638,0.4725
2.000,70.00,1.0,2.69846e+07,3.28914e-08,3.70935e-08,8.86717e-01,0,0.7638,0.4725
2.000,72.50,1.0,2.99803e+07,3.28914e-08,3.33870e-08,9.85156e-01,0,0.7638,0.4725
2.000,75.00,1.0,3.31898e+07,3.28914e-08,3.01584e-08,1.09062e+00,1,0.7638,0.4725
2.000,77.50,1.0,3.66207e+07,3.28914e-08,2.73329e-08,1.20336e+00,1,0.7638,0.4725
2.000,80.00,1.0,4.02802e+07,3.28914e-08,2.48497e-08,1.32361e+00,1,0.7638,0.4725
2.050,5.00,1.0,9.47645e+03,3.09224e-08,1.05625e-04,2.92756e-04,0,0.7638,0.4843
2.050,7.50,1.0,3.19830e+04,3.09224e-08,3.12963e-05,9.88051e-04,0,0.7638,0.4843
2.050,10.00,1.0,7.58116e+04,3.09224e-08,1.32031e-05,2.34205e-03,0,0.7638,0.4843
2.050,12.50,1.0,1.48069e+05,3.09224e-08,6.76001e-06,4.57431e-03,0,0.7638,0.4843
2.050,15.00,1.0,2.55864e+05,3.09224e-08,3.91204e-06,7.90441e-03,0,0.7638,0.4843
2.050,17.50,1.0,4.06303e+05,3.09224e-08,2.46356e-06,1.25519e-02,0,0.7638,0.4843
2.050,20.00,1.0,6.06493e+05,3.09224e-08,1.65039e-06,1.87364e-02,0,0.7638,0.4843
2.050,22.50,1.0,8.63541e+05,3.09224e-08,1.15912e-06,2.66774e-02,0,0.7638,0.4843
2.050,25.00,1.0,1.18456e+06,3.09224e-08,8.45001e-07,3.65945e-02,0,0.7638,0.4843
2.050,27.50,1.0,1.57664e+06,3.09224e-08,6.34862e-07,4.87073e-02,0,0.7638,0.4843
2.050,30.00,1.0,2.04691e+06,3.09224e-08,4.89005e-07,6.32353e-02,0,0.7638,0.4843
2.050,32.50,1.0,2.60247e+06,3.09224e-08,3.84616e-07,8.03981e-02,0,0.7638,0.4843
2.050,35.00,1.0,3.25042e+06,3.09224e-08,3.07945e-07,1.00415e-01,0,0.7638,0.4843
2.050,37.50,1.0,3.99788e+06,3.09224e-08,2.50371e-07,1.23506e-01,0,0.7638,0.4843
2.050,40.00,1.0,4.85194e+06,3.09224e-08,2.06299e-07,1.49891e-01,0,0.7638,0.4843
2.050,42.50,1.0,5.81972e+06,3.09224e-08,1.71993e-07,1.79789e-01,0,0.7638,0.4843
2.050,45.00,1.0,6.90833e+06,3.09224e-08,1.44890e-07,2.13419e-01,0,0.7638,0.4843
2.050,47.50,1.0,8.12487e+06,3.09224e-08,1.23196e-07,2.51002e-01,0,0.7638,0.4843
2.050,50.00,1.0,9.47645e+06,3.09224e-08,1.05625e-07,2.92756e-01,0,0.7638,0.4843
2.050,52.50,1.0,1.09702e+07,3.09224e-08,9.12429e-08,3.38902e-01,0,0.7638,0.4843
2.050,55.00,1.0,1.26132e+07,3.09224e-08,7.93577e-08,3.89658e-01,0,0.7638,0.4843
2.050,57.50,1.0,1.44125e+07,3.09224e-08,6.94502e-08,4.45245e-01,0,0.7638,0.4843
2.050,60.00,1.0,1.63753e+07,3.09224e-08,6.11256e-08,5.05882e-01,0,0.7638,0.4843
2.050,62.50,1.0,1.85087e+07,3.09224e-08,5.40801e-08,5.71789e-01,0,0.7638,0.4843
2.050,65.00,1.0,2.08198e+07,3.09224e-08,4.80770e-08,6.43185e-01,0,0.7638,0.4843
2.050,67.50,1.0,2.33156e+07,3.09224e-08,4.29305e-08,7.20289e-01,0,0.7638,0.4843
2.050,70.00,1.0,2.60034e+07,3.09224e-08,3.84931e-08,8.03322e-01,0,0.7638,0.4843
2.050,72.50,1.0,2.88901e+07,3.09224e-08,3.46468e-08,8.92503e-01,0,0.7638,0.4843
2.050,75.00,1.0,3.19830e+07,3.09224e-08,3.12963e-08,9.88051e-01,0,0.7638,0.4843
2.050,77.50,1.0,3.52891e+07,3.09224e-08,2.83643e-08,1.09019e+00,1,0.7638,0.4843
2.050,80.00,1.0,3.88155e+07,3.09224e-08,2.57874e-08,1.19913e+00,1,0.7638,0.4843
2.100,5.00,1.0,9.14003e+03,2.91145e-08,1.09513e-04,2.65854e-04,0,0.7638,0.4961
2.100,7.50,1.0,3.08476e+04,2.91145e-08,3.24483e-05,8.97259e-04,0,0.7638,0.4961
2.100,10.00,1.0,7.31202e+04,2.91145e-08,1.36891e-05,2.12684e-03,0,0.7638,0.4961
2.100,12.50,1.0,1.42813e+05,2.91145e-08,7.00883e-06,4.15398e-03,0,0.7638,0.4961
2.100,15.00,1.0,2.46781e+05,2.91145e-08,4.05603e-06,7.17807e-03,0,0.7638,0.4961
2.100,17.50,1.0,3.91879e+05,2.91145e-08,2.55424e-06,1.13985e-02,0,0.7638,0.4961
2.100,20.00,1.0,5.84962e+05,2.91145e-08,1.71114e-06,1.70147e-02,0,0.7638,0.4961
2.100,22.50,1.0,8.32885e+05,2.91145e-08,1.20179e-06,2.42260e-02,0,0.7638,0.4961
2.100,25.00,1.0,1.14250e+06,2.91145e-08,8.76103e-07,3.32318e-02,0,0.7638,0.4961
2.100,27.50,1.0,1.52067e+06,2.91145e-08,6.58229e-07,4.42315e-02,0,0.7638,0.4961
2.100,30.00,1.0,1.97425e+06,2.91145e-08,5.07004e-07,5.74246e-02,0,0.7638,0.4961
2.100,32.50,1.0,2.51008e+06,2.91145e-08,3.98773e-07,7.30103e-02,0,0.7638,0.4961
2.100,35.00,1.0,3.13503e+06,2.91145e-08,3.19280e-07,9.11881e-02,0,0.7638,0.4961
2.100,37.50,1.0,3.85595e+06,2.91145e-08,2.59586e-07,1.12157e-01,0,0.7638,0.4961
2.100,40.00,1.0,4.67969e+06,2.91145e-08,2.13892e-07,1.36117e-01,0,0.7638,0.4961
2.100,42.50,1.0,5.61312e+06,2.91145e-08,1.78323e-07,1.63268e-01,0,0.7638,0.4961
2.100,45.00,1.0,6.66308e+06,2.91145e-08,1.50223e-07,1.93808e-01,0,0.7638,0.4961
2.100,47.50,1.0,7.83643e+06,2.91145e-08,1.27730e-07,2.27937e-01,0,0.7638,0.4961
2.100,50.00,1.0,9.14003e+06,2.91145e-08,1.09513e-07,2.65854e-01,0,0.7638,0.4961
2.100,52.50,1.0,1.05807e+07,2.91145e-08,9.46014e-08,3.07760e-01,0,0.7638,0.4961
2.100,55.00,1.0,1.21654e+07,2.91145e-08,8.22787e-08,3.53852e-01,0,0.7638,0.4961
2.100,57.50,1.0,1.39008e+07,2.91145e-08,7.20065e-08,4.04331e-01,0,0.7638,0.4961
2.100,60.00,1.0,1.57940e+07,2.91145e-08,6.33755e-08,4.59396e-01,0,0.7638,0.4961
2.100,62.50,1.0,1.78516e+07,2.91145e-08,5.60706e-08,5.19247e-01,0,0.7638,0.4961
2.100,65.00,1.0,2.00806e+07,2.91145e-08,4.98466e-08,5.84082e-01,0,0.7638,0.4961
2.100,67.50,1.0,2.24879e+07,2.91145e-08,4.45107e-08,6.54102e-01,0,0.7638,0.4961
2.100,70.00,1.0,2.50802e+07,2.91145e-08,3.99100e-08,7.29504e-01,0,0.7638,0.4961
2.100,72.50,1.0,2.78645e+07,2.91145e-08,3.59221e-08,8.10490e-01,0,0.7638,0.4961
2.100,75.00,1.0,3.08476e+07,2.91145e-08,3.24483e-08,8.97259e-01,0,0.7638,0.4961
2.100,77.50,1.0,3.40363e+07,2.91145e-08,2.94083e-08,9.90009e-01,0,0.7638,0.4961
2.100,80.00,1.0,3.74375e+07,2.91145e-08,2.67366e-08,1.08894e+00,1,0.7638,0.4961
2.150,5.00,1.0,8.82305e+03,2.74512e-08,1.13447e-04,2.41973e-04,0,0.7638,0.5079
2.150,7.50,1.0,2.97778e+04,2.74512e-08,3.36140e-05,8.16659e-04,0,0.7638,0.5079
2.150,10.00,1.0,7.05844e+04,2.74512e-08,1.41809e-05,1.93579e-03,0,0.7638,0.5079
2.150,12.50,1.0,1.37860e+05,2.74512e-08,7.26063e-06,3.78083e-03,0,0.7638,0.5079
2.150,15.00,1.0,2.38222e+05,2.74512e-08,4.20175e-06,6.53328e-03,0,0.7638,0.5079
2.150,17.50,1.0,3.78288e+05,2.74512e-08,2.64600e-06,1.03746e-02,0,0.7638,0.5079
2.150,20.00,1.0,5.64675e+05,2.74512e-08,1.77261e-06,1.54863e-02,0,0.7638,0.5079
2.150,22.50,1.0,8.04000e+05,2.74512e-08,1.24496e-06,2.20498e-02,0,0.7638,0.5079
2.150,25.00,1.0,1.10288e+06,2.74512e-08,9.07578e-07,3.02466e-02,0,0.7638,0.5079
2.150,27.50,1.0,1.46793e+06,2.74512e-08,6.81877e-07,4.02583e-02,0,0.7638,0.5079
2.150,30.00,1.0,1.90578e+06,2.74512e-08,5.25219e-07,5.22662e-02,0,0.7638,0.5079
2.150,32.50,1.0,2.42303e+06,2.74512e-08,4.13099e-07,6.64519e-02,0,0.7638,0.5079
2.150,35.00,1.0,3.02631e+06,2.74512e-08,3.30750e-07,8.29968e-02,0,0.7638,0.5079
2.150,37.50,1.0,3.72222e+06,2.74512e-08,2.68912e-07,1.02082e-01,0,0.7638,0.5079
2.150,40.00,1.0,4.51740e+06,2.74512e-08,2.21577e-07,1.23890e-01,0,0.7638,0.5079
2.150,42.50,1.0,5.41845e+06,2.74512e-08,1.84730e-07,1.48602e-01,0,0.7638,0.5079
2.150,45.00,1.0,6.43200e+06,2.74512e-08,1.55620e-07,1.76398e-01,0,0.7638,0.5079
2.150,47.50,1.0,7.56466e+06,2.74512e-08,1.32319e-07,2.07462e-01,0,0.7638,0.5079
2.150,50.00,1.0,8.82305e+06,2.74512e-08,1.13447e-07,2.41973e-01,0,0.7638,0.5079
2.150,52.50,1.0,1.02138e+07,2.74512e-08,9.80000e-08,2.80114e-01,0,0.7638,0.5079
2.150,55.00,1.0,1.17435e+07,2.74512e-08,8.52346e-08,3.22066e-01,0,0.7638,0.5079
2.150,57.50,1.0,1.34188e+07,2.74512e-08,7.45934e-08,3.68011e-01,0,0.7638,0.5079
2.150,60.00,1.0,1.52462e+07,2.74512e-08,6.56524e-08,4.18130e-01,0,0.7638,0.5079
2.150,62.50,1.0,1.72325e+07,2.74512e-08,5.80850e-08,4.72604e-01,0,0.7638,0.5079
2.150,65.00,1.0,1.93842e+07,2.74512e-08,5.16374e-08,5.31615e-01,0,0.7638,0.5079
2.150,67.50,1.0,2.17080e+07,2.74512e-08,4.61098e-08,5.95345e-01,0,0.7638,0.5079
2.150,70.00,1.0,2.42104e+07,2.74512e-08,4.13438e-08,6.63974e-01,0,0.7638,0.5079
2.150,72.50,1.0,2.68982e+07,2.74512e-08,3.72126e-08,7.37685e-01,0,0.7638,0.5079
2.150,75.00,1.0,2.97778e+07,2.74512e-08,3.36140e-08,8.16659e-01,0,0.7638,0.5079
2.150,77.50,1.0,3.28559e+07,2.74512e-08,3.04648e-08,9.01078e-01,0,0.7638,0.5079
2.150,80.00,1.0,3.61392e+07,2.74512e-08,2.76971e-08,9.91122e-01,0,0.7638,0.5079
2.200,5.00,1.0,8.52398e+03,2.59180e-08,1.17428e-04,2.20714e-04,0,0.7638,0.5197
2.200,7.50,1.0,2.87684e+04,2.59180e-08,3.47934e-05,7.44911e-04,0,0.7638,0.5197
2.200,10.00,1.0,6.81918e+04,2.59180e-08,1.46785e-05,1.76571e-03,0,0.7638,0.5197
2.200,12.50,1.0,1.33187e+05,2.59180e-08,7.51537e-06,3.44866e-03,0,0.7638,0.5197
2.200,15.00,1.0,2.30147e+05,2.59180e-08,4.34917e-06,5.95928e-03,0,0.7638,0.5197
2.200,17.50,1.0,3.65466e+05,2.59180e-08,2.73884e-06,9.46312e-03,0,0.7638,0.5197
2.200,20.00,1.0,5.45535e+05,2.59180e-08,1.83481e-06,1.41257e-02,0,0.7638,0.5197
2.200,22.50,1.0,7.76747e+05,2.59180e-08,1.28864e-06,2.01126e-02,0,0.7638,0.5197
2.200,25.00,1.0,1.06550e+06,2.59180e-08,9.39421e-07,2.75893e-02,0,0.7638,0.5197
2.200,27.50,1.0,1.41818e+06,2.59180e-08,7.05801e-07,3.67213e-02,0,0.7638,0.5197
2.200,30.00,1.0,1.84118e+06,2.59180e-08,5.43647e-07,4.76743e-02,0,0.7638,0.5197
2.200,32.50,1.0,2.34090e+06,2.59180e-08,4.27593e-07,6.06136e-02,0,0.7638,0.5197
2.200,35.00,1.0,2.92372e+06,2.59180e-08,3.42355e-07,7.57050e-02,0,0.7638,0.5197
2.200,37.50,1.0,3.59605e+06,2.59180e-08,2.78347e-07,9.31138e-02,0,0.7638,0.5197
2.200,40.00,1.0,4.36428e+06,2.59180e-08,2.29351e-07,1.13006e-01,0,0.7638,0.5197
2.200,42.50,1.0,5.23479e+06,2.59180e-08,1.91211e-07,1.35546e-01,0,0.7638,0.5197
2.200,45.00,1.0,6.21398e+06,2.59180e-08,1.61080e-07,1.60901e-01,0,0.7638,0.5197
2.200,47.50,1.0,7.30825e+06,2.59180e-08,1.36962e-07,1.89235e-01,0,0.7638,0.5197
2.200,50.00,1.0,8.52398e+06,2.59180e-08,1.17428e-07,2.20714e-01,0,0.7638,0.5197
2.200,52.50,1.0,9.86757e+06,2.59180e-08,1.01438e-07,2.55504e-01,0,0.7638,0.5197
2.200,55.00,1.0,1.13454e+07,2.59180e-08,8.82251e-08,2.93771e-01,0,0.7638,0.5197
2.200,57.50,1.0,1.29639e+07,2.59180e-08,7.72106e-08,3.35679e-01,0,0.7638,0.5197
2.200,60.00,1.0,1.47294e+07,2.59180e-08,6.79558e-08,3.81394e-01,0,0.7638,0.5197
2.200,62.50,1.0,1.66484e+07,2.59180e-08,6.01230e-08,4.31082e-01,0,0.7638,0.5197
2.200,65.00,1.0,1.87272e+07,2.59180e-08,5.34491e-08,4.84909e-01,0,0.7638,0.5197
2.200,67.50,1.0,2.09722e+07,2.59180e-08,4.77275e-08,5.43040e-01,0,0.7638,0.5197
2.200,70.00,1.0,2.33898e+07,2.59180e-08,4.27943e-08,6.05640e-01,0,0.7638,0.5197
2.200,72.50,1.0,2.59864e+07,2.59180e-08,3.85182e-08,6.72875e-01,0,0.7638,0.5197
2.200,75.00,1.0,2.87684e+07,2.59180e-08,3.47934e-08,7.44911e-01,0,0.7638,0.5197
2.200,77.50,1.0,3.17422e+07,2.59180e-08,3.15337e-08,8.21912e-01,0,0.7638,0.5197
2.200,80.00,1.0,3.49142e+07,2.59180e-08,2.86689e-08,9.04045e-01,0,0.7638,0.5197
2.250,5.00,1.0,8.24143e+03,2.45020e-08,1.21454e-04,2.01740e-04,0,0.7638,0.5315
2.250,7.50,1.0,2.78148e+04,2.45020e-08,3.59862e-05,6.80871e-04,0,0.7638,0.5315
2.250,10.00,1.0,6.59314e+04,2.45020e-08,1.51817e-05,1.61392e-03,0,0.7638,0.5315
2.250,12.50,1.0,1.28772e+05,2.45020e-08,7.77303e-06,3.15218e-03,0,0.7638,0.5315
2.250,15.00,1.0,2.22519e+05,2.45020e-08,4.49828e-06,5.44697e-03,0,0.7638,0.5315
2.250,17.50,1.0,3.53351e+05,2.45020e-08,2.83274e-06,8.64958e-03,0,0.7638,0.5315
2.250,20.00,1.0,5.27452e+05,2.45020e-08,1.89771e-06,1.29113e-02,0,0.7638,0.5315
2.250,22.50,1.0,7.51000e+05,2.45020e-08,1.33282e-06,1.83835e-02,0,0.7638,0.5315
2.250,25.00,1.0,1.03018e+06,2.45020e-08,9.71628e-07,2.52174e-02,0,0.7638,0.5315
2.250,27.50,1.0,1.37117e+06,2.45020e-08,7.29999e-07,3.35644e-02,0,0.7638,0.5315
2.250,30.00,1.0,1.78015e+06,2.45020e-08,5.62285e-07,4.35757e-02,0,0.7638,0.5315
2.250,32.50,1.0,2.26330e+06,2.45020e-08,4.42252e-07,5.54027e-02,0,0.7638,0.5315
2.250,35.00,1.0,2.82681e+06,2.45020e-08,3.54092e-07,6.91967e-02,0,0.7638,0.5315
2.250,37.50,1.0,3.47685e+06,2.45020e-08,2.87890e-07,8.51089e-02,0,0.7638,0.5315
2.250,40.00,1.0,4.21961e+06,2.45020e-08,2.37214e-07,1.03291e-01,0,0.7638,0.5315
2.250,42.50,1.0,5.06127e+06,2.45020e-08,1.97767e-07,1.23893e-01,0,0.7638,0.5315
2.250,45.00,1.0,6.00800e+06,2.45020e-08,1.66603e-07,1.47068e-01,0,0.7638,0.5315
2.250,47.50,1.0,7.06600e+06,2.45020e-08,1.41657e-07,1.72966e-01,0,0.7638,0.5315
2.250,50.00,1.0,8.24143e+06,2.45020e-08,1.21454e-07,2.01740e-01,0,0.7638,0.5315
2.250,52.50,1.0,9.54049e+06,2.45020e-08,1.04916e-07,2.33539e-01,0,0.7638,0.5315
2.250,55.00,1.0,1.09693e+07,2.45020e-08,9.12498e-08,2.68515e-01,0,0.7638,0.5315
2.250,57.50,1.0,1.25342e+07,2.45020e-08,7.98577e-08,3.06821e-01,0,0.7638,0.5315
2.250,60.00,1.0,1.42412e+07,2.45020e-08,7.02856e-08,3.48606e-01,0,0.7638,0.5315
2.250,62.50,1.0,1.60965e+07,2.45020e-08,6.21842e-08,3.94022e-01,0,0.7638,0.5315
2.250,65.00,1.0,1.81064e+07,2.45020e-08,5.52815e-08,4.43222e-01,0,0.7638,0.5315
2.250,67.50,1.0,2.02770e+07,2.45020e-08,4.93638e-08,4.96355e-01,0,0.7638,0.5315
2.250,70.00,1.0,2.26145e+07,2.45020e-08,4.42615e-08,5.53573e-01,0,0.7638,0.5315
2.250,72.50,1.0,2.51250e+07,2.45020e-08,3.98388e-08,6.15028e-01,0,0.7638,0.5315
2.250,75.00,1.0,2.78148e+07,2.45020e-08,3.59862e-08,6.80871e-01,0,0.7638,0.5315
2.250,77.50,1.0,3.06901e+07,2.45020e-08,3.26148e-08,7.51253e-01,0,0.7638,0.5315
2.250,80.00,1.0,3.37569e+07,2.45020e-08,2.96517e-08,8.26325e-01,0,0.7638,0.5315
2.300,5.00,1.0,7.97415e+03,2.31920e-08,1.25524e-04,1.84761e-04,0,0.7638,0.5433
2.300,7.50,1.0,2.69128e+04,2.31920e-08,3.71924e-05,6.23568e-04,0,0.7638,0.5433
2.300,10.00,1.0,6.37932e+04,2.31920e-08,1.56905e-05,1.47809e-03,0,0.7638,0.5433
2.300,12.50,1.0,1.24596e+05,2.31920e-08,8.03356e-06,2.88689e-03,0,0.7638,0.5433
2.300,15.00,1.0,2.15302e+05,2.31920e-08,4.64905e-06,4.98854e-03,0,0.7638,0.5433
2.300,17.50,1.0,3.41892e+05,2.31920e-08,2.92768e-06,7.92162e-03,0,0.7638,0.5433
2.300,20.00,1.0,5.10346e+05,2.31920e-08,1.96132e-06,1.18247e-02,0,0.7638,0.5433
2.300,22.50,1.0,7.26645e+05,2.31920e-08,1.37750e-06,1.68363e-02,0,0.7638,0.5433
2.300,25.00,1.0,9.96769e+05,2.31920e-08,1.00420e-06,2.30951e-02,0,0.7638,0.5433
2.300,27.50,1.0,1.32670e+06,2.31920e-08,7.54467e-07,3.07396e-02,0,0.7638,0.5433
2.300,30.00,1.0,1.72242e+06,2.31920e-08,5.81131e-07,3.99083e-02,0,0.7638,0.5433
2.300,32.50,1.0,2.18990e+06,2.31920e-08,4.57076e-07,5.07399e-02,0,0.7638,0.5433
2.300,35.00,1.0,2.73513e+06,2.31920e-08,3.65960e-07,6.33729e-02,0,0.7638,0.5433
2.300,37.50,1.0,3.36410e+06,2.31920e-08,2.97539e-07,7.79459e-02,0,0.7638,0.5433
2.300,40.00,1.0,4.08277e+06,2.31920e-08,2.45165e-07,9.45975e-02,0,0.7638,0.5433
2.300,42.50,1.0,4.89713e+06,2.31920e-08,2.04396e-07,1.13466e-01,0,0.7638,0.5433
2.300,45.00,1.0,5.81316e+06,2.31920e-08,1.72187e-07,1.34691e-01,0,0.7638,0.5433
2.300,47.50,1.0,6.83684e+06,2.31920e-08,1.46405e-07,1.58409e-01,0,0.7638,0.5433
2.300,50.00,1.0,7.97415e+06,2.31920e-08,1.25524e-07,1.84761e-01,0,0.7638,0.5433
2.300,52.50,1.0,9.23108e+06,2.31920e-08,1.08433e-07,2.13884e-01,0,0.7638,0.5433
2.300,55.00,1.0,1.06136e+07,2.31920e-08,9.43083e-08,2.45917e-01,0,0.7638,0.5433
2.300,57.50,1.0,1.21277e+07,2.31920e-08,8.25343e-08,2.80998e-01,0,0.7638,0.5433
2.300,60.00,1.0,1.37793e+07,2.31920e-08,7.26414e-08,3.19267e-01,0,0.7638,0.5433
2.300,62.50,1.0,1.55745e+07,2.31920e-08,6.42685e-08,3.60861e-01,0,0.7638,0.5433
2.300,65.00,1.0,1.75192e+07,2.31920e-08,5.71345e-08,4.05919e-01,0,0.7638,0.5433
2.300,67.50,1.0,1.96194e+07,2.31920e-08,5.10184e-08,4.54581e-01,0,0.7638,0.5433
2.300,70.00,1.0,2.18811e+07,2.31920e-08,4.57450e-08,5.06983e-01,0,0.7638,0.5433
2.300,72.50,1.0,2.43102e+07,2.31920e-08,4.11741e-08,5.63266e-01,0,0.7638,0.5433
2.300,75.00,1.0,2.69128e+07,2.31920e-08,3.71924e-08,6.23568e-01,0,0.7638,0.5433
2.300,77.50,1.0,2.96948e+07,2.31920e-08,3.37080e-08,6.88026e-01,0,0.7638,0.5433
2.300,80.00,1.0,3.26621e+07,2.31920e-08,3.06456e-08,7.56780e-01,0,0.7638,0.5433
2.350,5.00,1.0,7.72102e+03,2.19780e-08,1.29640e-04,1.69531e-04,0,0.7638,0.5552
2.350,7.50,1.0,2.60584e+04,2.19780e-08,3.84118e-05,5.72168e-04,0,0.7638,0.5552
2.350,10.00,1.0,6.17681e+04,2.19780e-08,1.62050e-05,1.35625e-03,0,0.7638,0.5552
2.350,12.50,1.0,1.20641e+05,2.19780e-08,8.29694e-06,2.64892e-03,0,0.7638,0.5552
2.350,15.00,1.0,2.08467e+05,2.19780e-08,4.80147e-06,4.57734e-03,0,0.7638,0.5552
2.350,17.50,1.0,3.31039e+05,2.19780e-08,3.02367e-06,7.26865e-03,0,0.7638,0.5552
2.350,20.00,1.0,4.94145e+05,2.19780e-08,2.02562e-06,1.08500e-02,0,0.7638,0.5552
2.350,22.50,1.0,7.03578e+05,2.19780e-08,1.42266e-06,1.54485e-02,0,0.7638,0.5552
2.350,25.00,1.0,9.65127e+05,2.19780e-08,1.03712e-06,2.11914e-02,0,0.7638,0.5552
2.350,27.50,1.0,1.28458e+06,2.19780e-08,7.79202e-07,2.82058e-02,0,0.7638,0.5552
2.350,30.00,1.0,1.66774e+06,2.19780e-08,6.00184e-07,3.66187e-02,0,0.7638,0.5552
2.350,32.50,1.0,2.12038e+06,2.19780e-08,4.72061e-07,4.65575e-02,0,0.7638,0.5552
2.350,35.00,1.0,2.64831e+06,2.19780e-08,3.77958e-07,5.81492e-02,0,0.7638,0.5552
2.350,37.50,1.0,3.25730e+06,2.19780e-08,3.07294e-07,7.15210e-02,0,0.7638,0.5552
2.350,40.00,1.0,3.95316e+06,2.19780e-08,2.53203e-07,8.68000e-02,0,0.7638,0.5552
2.350,42.50,1.0,4.74167e+06,2.19780e-08,2.11097e-07,1.04113e-01,0,0.7638,0.5552
2.350,45.00,1.0,5.62862e+06,2.19780e-08,1.77832e-07,1.23588e-01,0,0.7638,0.5552
2.350,47.50,1.0,6.61981e+06,2.19780e-08,1.51205e-07,1.45352e-01,0,0.7638,0.5552
2.350,50.00,1.0,7.72102e+06,2.19780e-08,1.29640e-07,1.69531e-01,0,0.7638,0.5552
2.350,52.50,1.0,8.93804e+06,2.19780e-08,1.11988e-07,1.96254e-01,0,0.7638,0.5552
2.350,55.00,1.0,1.02767e+07,2.19780e-08,9.74003e-08,2.25646e-01,0,0.7638,0.5552
2.350,57.50,1.0,1.17427e+07,2.19780e-08,8.52402e-08,2.57836e-01,0,0.7638,0.5552
2.350,60.00,1.0,1.33419e+07,2.19780e-08,7.50230e-08,2.92950e-01,0,0.7638,0.5552
2.350,62.50,1.0,1.50801e+07,2.19780e-08,6.63756e-08,3.31116e-01,0,0.7638,0.5552
2.350,65.00,1.0,1.69631e+07,2.19780e-08,5.90076e-08,3.72460e-01,0,0.7638,0.5552
2.350,67.50,1.0,1.89966e+07,2.19780e-08,5.26911e-08,4.17110e-01,0,0.7638,0.5552
2.350,70.00,1.0,2.11865e+07,2.19780e-08,4.72448e-08,4.65194e-01,0,0.7638,0.5552
2.350,72.50,1.0,2.35385e+07,2.19780e-08,4.25240e-08,5.16837e-01,0,0.7638,0.5552
2.350,75.00,1.0,2.60584e+07,2.19780e-08,3.84118e-08,5.72168e-01,0,0.7638,0.5552
2.350,77.50,1.0,2.87521e+07,2.19780e-08,3.48131e-08,6.31313e-01,0,0.7638,0.5552
2.350,80.00,1.0,3.16253e+07,2.19780e-08,3.16503e-08,6.94400e-01,0,0.7638,0.5552
2.400,5.00,1.0,7.48100e+03,2.08511e-08,1.33799e-04,1.55839e-04,0,0.7638,0.5670
2.400,7.50,1.0,2.52484e+04,2.08511e-08,3.96442e-05,5.25957e-04,0,0.7638,0.5670
2.400,10.00,1.0,5.98480e+04,2.08511e-08,1.67249e-05,1.24671e-03,0,0.7638,0.5670
2.400,12.50,1.0,1.16891e+05,2.08511e-08,8.56314e-06,2.43498e-03,0,0.7638,0.5670
2.400,15.00,1.0,2.01987e+05,2.08511e-08,4.95552e-06,4.20765e-03,0,0.7638,0.5670
2.400,17.50,1.0,3.20748e+05,2.08511e-08,3.12068e-06,6.68160e-03,0,0.7638,0.5670
2.400,20.00,1.0,4.78784e+05,2.08511e-08,2.09061e-06,9.97369e-03,0,0.7638,0.5670
2.400,22.50,1.0,6.81706e+05,2.08511e-08,1.46830e-06,1.42008e-02,0,0.7638,0.5670
2.400,25.00,1.0,9.35125e+05,2.08511e-08,1.07039e-06,1.94799e-02,0,0.7638,0.5670
2.400,27.50,1.0,1.24465e+06,2.08511e-08,8.04202e-07,2.59277e-02,0,0.7638,0.5670
2.400,30.00,1.0,1.61590e+06,2.08511e-08,6.19440e-07,3.36612e-02,0,0.7638,0.5670
2.400,32.50,1.0,2.05447e+06,2.08511e-08,4.87207e-07,4.27973e-02,0,0.7638,0.5670
2.400,35.00,1.0,2.56598e+06,2.08511e-08,3.90085e-07,5.34528e-02,0,0.7638,0.5670
2.400,37.50,1.0,3.15605e+06,2.08511e-08,3.17153e-07,6.57446e-02,0,0.7638,0.5670
2.400,40.00,1.0,3.83027e+06,2.08511e-08,2.61326e-07,7.97896e-02,0,0.7638,0.5670
2.400,42.50,1.0,4.59427e+06,2.08511e-08,2.17870e-07,9.57046e-02,0,0.7638,0.5670
2.400,45.00,1.0,5.45365e+06,2.08511e-08,1.83538e-07,1.13607e-01,0,0.7638,0.5670
2.400,47.50,1.0,6.41402e+06,2.08511e-08,1.56057e-07,1.33612e-01,0,0.7638,0.5670
2.400,50.00,1.0,7.48100e+06,2.08511e-08,1.33799e-07,1.55839e-01,0,0.7638,0.5670
2.400,52.50,1.0,8.66019e+06,2.08511e-08,1.15581e-07,1.80403e-01,0,0.7638,0.5670
2.400,55.00,1.0,9.95721e+06,2.08511e-08,1.00525e-07,2.07422e-01,0,0.7638,0.5670
2.400,57.50,1.0,1.13777e+07,2.08511e-08,8.79751e-08,2.37012e-01,0,0.7638,0.5670
2.400,60.00,1.0,1.29272e+07,2.08511e-08,7.74300e-08,2.69290e-01,0,0.7638,0.5670
2.400,62.50,1.0,1.46113e+07,2.08511e-08,6.85051e-08,3.04373e-01,0,0.7638,0.5670
2.400,65.00,1.0,1.64358e+07,2.08511e-08,6.09008e-08,3.42378e-01,0,0.7638,0.5670
2.400,67.50,1.0,1.84061e+07,2.08511e-08,5.43816e-08,3.83422e-01,0,0.7638,0.5670
2.400,70.00,1.0,2.05279e+07,2.08511e-08,4.87606e-08,4.27622e-01,0,0.7638,0.5670
2.400,72.50,1.0,2.28068e+07,2.08511e-08,4.38883e-08,4.75095e-01,0,0.7638,0.5670
2.400,75.00,1.0,2.52484e+07,2.08511e-08,3.96442e-08,5.25957e-01,0,0.7638,0.5670
2.400,77.50,1.0,2.78583e+07,2.08511e-08,3.59301e-08,5.80325e-01,0,0.7638,0.5670
2.400,80.00,1.0,3.06422e+07,2.08511e-08,3.26658e-08,6.38316e-01,0,0.7638,0.5670
2.450,5.00,1.0,7.25316e+03,1.98035e-08,1.38002e-04,1.43502e-04,0,0.7638,0.5788
2.450,7.50,1.0,2.44794e+04,1.98035e-08,4.08895e-05,4.84318e-04,0,0.7638,0.5788
2.450,10.00,1.0,5.80253e+04,1.98035e-08,1.72503e-05,1.14801e-03,0,0.7638,0.5788
2.450,12.50,1.0,1.13331e+05,1.98035e-08,8.83213e-06,2.24221e-03,0,0.7638,0.5788
2.450,15.00,1.0,1.95835e+05,1.98035e-08,5.11119e-06,3.87454e-03,0,0.7638,0.5788
2.450,17.50,1.0,3.10979e+05,1.98035e-08,3.21871e-06,6.15263e-03,0,0.7638,0.5788
2.450,20.00,1.0,4.64202e+05,1.98035e-08,2.15628e-06,9.18410e-03,0,0.7638,0.5788
2.450,22.50,1.0,6.60944e+05,1.98035e-08,1.51443e-06,1.30766e-02,0,0.7638,0.5788
2.450,25.00,1.0,9.06645e+05,1.98035e-08,1.10402e-06,1.79377e-02,0,0.7638,0.5788
2.450,27.50,1.0,1.20674e+06,1.98035e-08,8.29464e-07,2.38751e-02,0,0.7638,0.5788
2.450,30.00,1.0,1.56668e+06,1.98035e-08,6.38898e-07,3.09963e-02,0,0.7638,0.5788
2.450,32.50,1.0,1.99190e+06,1.98035e-08,5.02511e-07,3.94091e-02,0,0.7638,0.5788
2.450,35.00,1.0,2.48783e+06,1.98035e-08,4.02338e-07,4.92210e-02,0,0.7638,0.5788
2.450,37.50,1.0,3.05993e+06,1.98035e-08,3.27116e-07,6.05397e-02,0,0.7638,0.5788
2.450,40.00,1.0,3.71362e+06,1.98035e-08,2.69535e-07,7.34728e-02,0,0.7638,0.5788
2.450,42.50,1.0,4.45435e+06,1.98035e-08,2.24713e-07,8.81279e-02,0,0.7638,0.5788
2.450,45.00,1.0,5.28755e+06,1.98035e-08,1.89303e-07,1.04613e-01,0,0.7638,0.5788
2.450,47.50,1.0,6.21868e+06,1.98035e-08,1.60959e-07,1.23035e-01,0,0.7638,0.5788
2.450,50.00,1.0,7.25316e+06,1.98035e-08,1.38002e-07,1.43502e-01,0,0.7638,0.5788
2.450,52.50,1.0,8.39644e+06,1.98035e-08,1.19211e-07,1.66121e-01,0,0.7638,0.5788
2.450,55.00,1.0,9.65395e+06,1.98035e-08,1.03683e-07,1.91001e-01,0,0.7638,0.5788
2.450,57.50,1.0,1.10311e+07,1.98035e-08,9.07386e-08,2.18248e-01,0,0.7638,0.5788
2.450,60.00,1.0,1.25335e+07,1.98035e-08,7.98623e-08,2.47971e-01,0,0.7638,0.5788
2.450,62.50,1.0,1.41663e+07,1.98035e-08,7.06570e-08,2.80277e-01,0,0.7638,0.5788
2.450,65.00,1.0,1.59352e+07,1.98035e-08,6.28139e-08,3.15273e-01,0,0.7638,0.5788
2.450,67.50,1.0,1.78455e+07,1.98035e-08,5.60898e-08,3.53068e-01,0,0.7638,0.5788
2.450,70.00,1.0,1.99027e+07,1.98035e-08,5.02923e-08,3.93768e-01,0,0.7638,0.5788
2.450,72.50,1.0,2.21122e+07,1.98035e-08,4.52670e-08,4.37483e-01,0,0.7638,0.5788
2.450,75.00,1.0,2.44794e+07,1.98035e-08,4.08895e-08,4.84318e-01,0,0.7638,0.5788
2.450,77.50,1.0,2.70099e+07,1.98035e-08,3.70587e-08,5.34382e-01,0,0.7638,0.5788
2.450,80.00,1.0,2.97089e+07,1.98035e-08,3.36919e-08,5.87783e-01,0,0.7638,0.5788
2.500,5.00,1.0,7.03666e+03,1.88281e-08,1.42248e-04,1.32361e-04,0,0.7638,0.5906
2.500,7.50,1.0,2.37487e+04,1.88281e-08,4.21476e-05,4.46719e-04,0,0.7638,0.5906
2.500,10.00,1.0,5.62932e+04,1.88281e-08,1.77810e-05,1.05889e-03,0,0.7638,0.5906
2.500,12.50,1.0,1.09948e+05,1.88281e-08,9.10388e-06,2.06815e-03,0,0.7638,0.5906
2.500,15.00,1.0,1.89990e+05,1.88281e-08,5.26845e-06,3.57375e-03,0,0.7638,0.5906
2.500,17.50,1.0,3.01697e+05,1.88281e-08,3.31774e-06,5.67499e-03,0,0.7638,0.5906
2.500,20.00,1.0,4.50346e+05,1.88281e-08,2.22263e-06,8.47112e-03,0,0.7638,0.5906
2.500,22.50,1.0,6.41215e+05,1.88281e-08,1.56102e-06,1.20614e-02,0,0.7638,0.5906
2.500,25.00,1.0,8.79582e+05,1.88281e-08,1.13798e-06,1.65452e-02,0,0.7638,0.5906
2.500,27.50,1.0,1.17072e+06,1.88281e-08,8.54985e-07,2.20216e-02,0,0.7638,0.5906
2.500,30.00,1.0,1.51992e+06,1.88281e-08,6.58556e-07,2.85900e-02,0,0.7638,0.5906
2.500,32.50,1.0,1.93244e+06,1.88281e-08,5.17972e-07,3.63497e-02,0,0.7638,0.5906
2.500,35.00,1.0,2.41357e+06,1.88281e-08,4.14717e-07,4.53999e-02,0,0.7638,0.5906
2.500,37.50,1.0,2.96859e+06,1.88281e-08,3.37181e-07,5.58399e-02,0,0.7638,0.5906
2.500,40.00,1.0,3.60277e+06,1.88281e-08,2.77828e-07,6.77690e-02,0,0.7638,0.5906
2.500,42.50,1.0,4.32139e+06,1.88281e-08,2.31627e-07,8.12864e-02,0,0.7638,0.5906
2.500,45.00,1.0,5.12972e+06,1.88281e-08,1.95128e-07,9.64914e-02,0,0.7638,0.5906
2.500,47.50,1.0,6.03305e+06,1.88281e-08,1.65911e-07,1.13483e-01,0,0.7638,0.5906
2.500,50.00,1.0,7.03666e+06,1.88281e-08,1.42248e-07,1.32361e-01,0,0.7638,0.5906
2.500,52.50,1.0,8.14581e+06,1.88281e-08,1.22879e-07,1.53225e-01,0,0.7638,0.5906
2.500,55.00,1.0,9.36579e+06,1.88281e-08,1.06873e-07,1.76173e-01,0,0.7638,0.5906
2.500,57.50,1.0,1.07019e+07,1.88281e-08,9.35304e-08,2.01305e-01,0,0.7638,0.5906
2.500,60.00,1.0,1.21593e+07,1.88281e-08,8.23195e-08,2.28720e-01,0,0.7638,0.5906
2.500,62.50,1.0,1.37435e+07,1.88281e-08,7.28310e-08,2.58518e-01,0,0.7638,0.5906
2.500,65.00,1.0,1.54595e+07,1.88281e-08,6.47465e-08,2.90798e-01,0,0.7638,0.5906
2.500,67.50,1.0,1.73128e+07,1.88281e-08,5.78156e-08,3.25658e-01,0,0.7638,0.5906
2.500,70.00,1.0,1.93086e+07,1.88281e-08,5.18397e-08,3.63199e-01,0,0.7638,0.5906
2.500,72.50,1.0,2.14521e+07,1.88281e-08,4.66597e-08,4.03520e-01,0,0.7638,0.5906
2.500,75.00,1.0,2.37487e+07,1.88281e-08,4.21476e-08,4.46719e-01,0,0.7638,0.5906
2.500,77.50,1.0,2.62036e+07,1.88281e-08,3.81989e-08,4.92897e-01,0,0.7638,0.5906
2.500,80.00,1.0,2.88221e+07,1.88281e-08,3.47285e-08,5.42152e-01,0,0.7638,0.5906
2.550,5.00,1.0,6.83071e+03,1.79187e-08,1.46537e-04,1.22281e-04,0,0.7638,0.6024
2.550,7.50,1.0,2.30537e+04,1.79187e-08,4.34183e-05,4.12700e-04,0,0.7638,0.6024
2.550,10.00,1.0,5.46457e+04,1.79187e-08,1.83171e-05,9.78251e-04,0,0.7638,0.6024
2.550,12.50,1.0,1.06730e+05,1.79187e-08,9.37835e-06,1.91065e-03,0,0.7638,0.6024
2.550,15.00,1.0,1.84429e+05,1.79187e-08,5.42729e-06,3.30160e-03,0,0.7638,0.6024
2.550,17.50,1.0,2.92867e+05,1.79187e-08,3.41777e-06,5.24281e-03,0,0.7638,0.6024
2.550,20.00,1.0,4.37166e+05,1.79187e-08,2.28964e-06,7.82601e-03,0,0.7638,0.6024
2.550,22.50,1.0,6.22449e+05,1.79187e-08,1.60809e-06,1.11429e-02,0,0.7638,0.6024
2.550,25.00,1.0,8.53839e+05,1.79187e-08,1.17229e-06,1.52852e-02,0,0.7638,0.6024
2.550,27.50,1.0,1.13646e+06,1.79187e-08,8.80762e-07,2.03446e-02,0,0.7638,0.6024
2.550,30.00,1.0,1.47543e+06,1.79187e-08,6.78411e-07,2.64128e-02,0,0.7638,0.6024
2.550,32.50,1.0,1.87588e+06,1.79187e-08,5.33589e-07,3.35815e-02,0,0.7638,0.6024
2.550,35.00,1.0,2.34293e+06,1.79187e-08,4.27221e-07,4.19425e-02,0,0.7638,0.6024
2.550,37.50,1.0,2.88171e+06,1.79187e-08,3.47346e-07,5.15875e-02,0,0.7638,0.6024
2.550,40.00,1.0,3.49733e+06,1.79187e-08,2.86205e-07,6.26081e-02,0,0.7638,0.6024
2.550,42.50,1.0,4.19491e+06,1.79187e-08,2.38611e-07,7.50961e-02,0,0.7638,0.6024
2.550,45.00,1.0,4.97959e+06,1.79187e-08,2.01011e-07,8.91431e-02,0,0.7638,0.6024
2.550,47.50,1.0,5.85648e+06,1.79187e-08,1.70913e-07,1.04841e-01,0,0.7638,0.6024
2.550,50.00,1.0,6.83071e+06,1.79187e-08,1.46537e-07,1.22281e-01,0,0.7638,0.6024
2.550,52.50,1.0,7.90740e+06,1.79187e-08,1.26584e-07,1.41556e-01,0,0.7638,0.6024
2.550,55.00,1.0,9.09168e+06,1.79187e-08,1.10095e-07,1.62757e-01,0,0.7638,0.6024
2.550,57.50,1.0,1.03887e+07,1.79187e-08,9.63503e-08,1.85975e-01,0,0.7638,0.6024
2.550,60.00,1.0,1.18035e+07,1.79187e-08,8.48014e-08,2.11302e-01,0,0.7638,0.6024
2.550,62.50,1.0,1.33412e+07,1.79187e-08,7.50268e-08,2.38831e-01,0,0.7638,0.6024
2.550,65.00,1.0,1.50071e+07,1.79187e-08,6.66986e-08,2.68652e-01,0,0.7638,0.6024
2.550,67.50,1.0,1.68061e+07,1.79187e-08,5.95587e-08,3.00858e-01,0,0.7638,0.6024
2.550,70.00,1.0,1.87435e+07,1.79187e-08,5.34026e-08,3.35540e-01,0,0.7638,0.6024
2.550,72.50,1.0,2.08243e+07,1.79187e-08,4.80665e-08,3.72790e-01,0,0.7638,0.6024
2.550,75.00,1.0,2.30537e+07,1.79187e-08,4.34183e-08,4.12700e-01,0,0.7638,0.6024
2.550,77.50,1.0,2.54367e+07,1.79187e-08,3.93506e-08,4.55361e-01,0,0.7638,0.6024
2.550,80.00,1.0,2.79786e+07,1.79187e-08,3.57756e-08,5.00865e-01,0,0.7638,0.6024
2.600,5.00,1.0,6.63462e+03,1.70696e-08,1.50868e-04,1.13143e-04,0,0.7638,0.6142
2.600,7.50,1.0,2.23919e+04,1.70696e-08,4.47016e-05,3.81858e-04,0,0.7638,0.6142
2.600,10.00,1.0,5.30770e+04,1.70696e-08,1.88585e-05,9.05144e-04,0,0.7638,0.6142
2.600,12.50,1.0,1.03666e+05,1.70696e-08,9.65554e-06,1.76786e-03,0,0.7638,0.6142
2.600,15.00,1.0,1.79135e+05,1.70696e-08,5.58769e-06,3.05486e-03,0,0.7638,0.6142
2.600,17.50,1.0,2.84460e+05,1.70696e-08,3.51878e-06,4.85101e-03,0,0.7638,0.6142
2.600,20.00,1.0,4.24616e+05,1.70696e-08,2.35731e-06,7.24115e-03,0,0.7638,0.6142
2.600,22.50,1.0,6.04580e+05,1.70696e-08,1.65561e-06,1.03102e-02,0,0.7638,0.6142
2.600,25.00,1.0,8.29328e+05,1.70696e-08,1.20694e-06,1.41429e-02,0,0.7638,0.6142
2.600,27.50,1.0,1.10384e+06,1.70696e-08,9.06793e-07,1.88242e-02,0,0.7638,0.6142
2.600,30.00,1.0,1.43308e+06,1.70696e-08,6.98462e-07,2.44389e-02,0,0.7638,0.6142
2.600,32.50,1.0,1.82203e+06,1.70696e-08,5.49359e-07,3.10719e-02,0,0.7638,0.6142
2.600,35.00,1.0,2.27568e+06,1.70696e-08,4.39848e-07,3.88080e-02,0,0.7638,0.6142
2.600,37.50,1.0,2.79898e+06,1.70696e-08,3.57612e-07,4.77322e-02,0,0.7638,0.6142
2.600,40.00,1.0,3.39693e+06,1.70696e-08,2.94664e-07,5.79292e-02,0,0.7638,0.6142
2.600,42.50,1.0,4.07449e+06,1.70696e-08,2.45663e-07,6.94839e-02,0,0.7638,0.6142
2.600,45.00,1.0,4.83664e+06,1.70696e-08,2.06952e-07,8.24812e-02,0,0.7638,0.6142
2.600,47.50,1.0,5.68836e+06,1.70696e-08,1.75965e-07,9.70060e-02,0,0.7638,0.6142
2.600,50.00,1.0,6.63462e+06,1.70696e-08,1.50868e-07,1.13143e-01,0,0.7638,0.6142
2.600,52.50,1.0,7.68041e+06,1.70696e-08,1.30325e-07,1.30977e-01,0,0.7638,0.6142
2.600,55.00,1.0,8.83068e+06,1.70696e-08,1.13349e-07,1.50593e-01,0,0.7638,0.6142
2.600,57.50,1.0,1.00904e+07,1.70696e-08,9.91980e-08,1.72076e-01,0,0.7638,0.6142
2.600,60.00,1.0,1.14646e+07,1.70696e-08,8.73077e-08,1.95511e-01,0,0.7638,0.6142
2.600,62.50,1.0,1.29582e+07,1.70696e-08,7.72443e-08,2.20982e-01,0,0.7638,0.6142
2.600,65.00,1.0,1.45763e+07,1.70696e-08,6.86699e-08,2.48575e-01,0,0.7638,0.6142
2.600,67.50,1.0,1.63237e+07,1.70696e-08,6.13190e-08,2.78374e-01,0,0.7638,0.6142
2.600,70.00,1.0,1.82054e+07,1.70696e-08,5.49810e-08,3.10464e-01,0,0.7638,0.6142
2.600,72.50,1.0,2.02265e+07,1.70696e-08,4.94871e-08,3.44931e-01,0,0.7638,0.6142
2.600,75.00,1.0,2.23919e+07,1.70696e-08,4.47016e-08,3.81858e-01,0,0.7638,0.6142
2.600,77.50,1.0,2.47065e+07,1.70696e-08,4.05136e-08,4.21330e-01,0,0.7638,0.6142
2.600,80.00,1.0,2.71754e+07,1.70696e-08,3.68329e-08,4.63434e-01,0,0.7638,0.6142
2.650,5.00,1.0,6.44774e+03,1.62758e-08,1.55241e-04,1.04843e-04,0,0.7638,0.6260
2.650,7.50,1.0,2.17611e+04,1.62758e-08,4.59972e-05,3.53844e-04,0,0.7638,0.6260
2.650,10.00,1.0,5.15819e+04,1.62758e-08,1.94051e-05,8.38740e-04,0,0.7638,0.6260
2.650,12.50,1.0,1.00746e+05,1.62758e-08,9.93540e-06,1.63816e-03,0,0.7638,0.6260
2.650,15.00,1.0,1.74089e+05,1.62758e-08,5.74965e-06,2.83075e-03,0,0.7638,0.6260
2.650,17.50,1.0,2.76447e+05,1.62758e-08,3.62077e-06,4.49512e-03,0,0.7638,0.6260
2.650,20.00,1.0,4.12655e+05,1.62758e-08,2.42563e-06,6.70992e-03,0,0.7638,0.6260
2.650,22.50,1.0,5.87550e+05,1.62758e-08,1.70360e-06,9.55378e-03,0,0.7638,0.6260
2.650,25.00,1.0,8.05968e+05,1.62758e-08,1.24192e-06,1.31053e-02,0,0.7638,0.6260
2.650,27.50,1.0,1.07274e+06,1.62758e-08,9.33076e-07,1.74432e-02,0,0.7638,0.6260
2.650,30.00,1.0,1.39271e+06,1.62758e-08,7.18706e-07,2.26460e-02,0,0.7638,0.6260
2.650,32.50,1.0,1.77071e+06,1.62758e-08,5.65282e-07,2.87924e-02,0,0.7638,0.6260
2.650,35.00,1.0,2.21157e+06,1.62758e-08,4.52596e-07,3.59610e-02,0,0.7638,0.6260
2.650,37.50,1.0,2.72014e+06,1.62758e-08,3.67978e-07,4.42304e-02,0,0.7638,0.6260
2.650,40.00,1.0,3.30124e+06,1.62758e-08,3.03204e-07,5.36794e-02,0,0.7638,0.6260
2.650,42.50,1.0,3.95972e+06,1.62758e-08,2.52783e-07,6.43864e-02,0,0.7638,0.6260
2.650,45.00,1.0,4.70040e+06,1.62758e-08,2.12950e-07,7.64302e-02,0,0.7638,0.6260
2.650,47.50,1.0,5.52813e+06,1.62758e-08,1.81065e-07,8.98894e-02,0,0.7638,0.6260
2.650,50.00,1.0,6.44774e+06,1.62758e-08,1.55241e-07,1.04843e-01,0,0.7638,0.6260
2.650,52.50,1.0,7.46407e+06,1.62758e-08,1.34103e-07,1.21368e-01,0,0.7638,0.6260
2.650,55.00,1.0,8.58194e+06,1.62758e-08,1.16635e-07,1.39545e-01,0,0.7638,0.6260
2.650,57.50,1.0,9.80621e+06,1.62758e-08,1.02073e-07,1.59452e-01,0,0.7638,0.6260
2.650,60.00,1.0,1.11417e+07,1.62758e-08,8.98383e-08,1.81168e-01,0,0.7638,0.6260
2.650,62.50,1.0,1.25932e+07,1.62758e-08,7.94832e-08,2.04771e-01,0,0.7638,0.6260
2.650,65.00,1.0,1.41657e+07,1.62758e-08,7.06602e-08,2.30339e-01,0,0.7638,0.6260
2.650,67.50,1.0,1.58639e+07,1.62758e-08,6.30963e-08,2.57952e-01,0,0.7638,0.6260
2.650,70.00,1.0,1.76926e+07,1.62758e-08,5.65745e-08,2.87688e-01,0,0.7638,0.6260
2.650,72.50,1.0,1.96567e+07,1.62758e-08,5.09215e-08,3.19626e-01,0,0.7638,0.6260
2.650,75.00,1.0,2.17611e+07,1.62758e-08,4.59972e-08,3.53844e-01,0,0.7638,0.6260
2.650,77.50,1.0,2.40106e+07,1.62758e-08,4.16879e-08,3.90421e-01,0,0.7638,0.6260
2.650,80.00,1.0,2.64099e+07,1.62758e-08,3.79005e-08,4.29435e-01,0,0.7638,0.6260
2.700,5.00,1.0,6.26947e+03,1.55327e-08,1.59655e-04,9.72895e-05,0,0.7638,0.6378
2.700,7.50,1.0,2.11595e+04,1.55327e-08,4.73051e-05,3.28352e-04,0,0.7638,0.6378
2.700,10.00,1.0,5.01557e+04,1.55327e-08,1.99569e-05,7.78316e-04,0,0.7638,0.6378
2.700,12.50,1.0,9.79604e+04,1.55327e-08,1.02179e-05,1.52015e-03,0,0.7638,0.6378
2.700,15.00,1.0,1.69276e+05,1.55327e-08,5.91314e-06,2.62682e-03,0,0.7638,0.6378
2.700,17.50,1.0,2.68803e+05,1.55327e-08,3.72373e-06,4.17129e-03,0,0.7638,0.6378
2.700,20.00,1.0,4.01246e+05,1.55327e-08,2.49461e-06,6.22653e-03,0,0.7638,0.6378
2.700,22.50,1.0,5.71305e+05,1.55327e-08,1.75204e-06,8.86551e-03,0,0.7638,0.6378
2.700,25.00,1.0,7.83684e+05,1.55327e-08,1.27724e-06,1.21612e-02,0,0.7638,0.6378
2.700,27.50,1.0,1.04308e+06,1.55327e-08,9.59608e-07,1.61865e-02,0,0.7638,0.6378
2.700,30.00,1.0,1.35421e+06,1.55327e-08,7.39143e-07,2.10145e-02,0,0.7638,0.6378
2.700,32.50,1.0,1.72175e+06,1.55327e-08,5.81356e-07,2.67181e-02,0,0.7638,0.6378
2.700,35.00,1.0,2.15043e+06,1.55327e-08,4.65466e-07,3.33703e-02,0,0.7638,0.6378
2.700,37.50,1.0,2.64493e+06,1.55327e-08,3.78441e-07,4.10440e-02,0,0.7638,0.6378
2.700,40.00,1.0,3.20997e+06,1.55327e-08,3.11826e-07,4.98122e-02,0,0.7638,0.6378
2.700,42.50,1.0,3.85024e+06,1.55327e-08,2.59971e-07,5.97479e-02,0,0.7638,0.6378
2.700,45.00,1.0,4.57044e+06,1.55327e-08,2.19005e-07,7.09240e-02,0,0.7638,0.6378
2.700,47.50,1.0,5.37529e+06,1.55327e-08,1.86214e-07,8.34136e-02,0,0.7638,0.6378
2.700,50.00,1.0,6.26947e+06,1.55327e-08,1.59655e-07,9.72895e-02,0,0.7638,0.6378
2.700,52.50,1.0,7.25769e+06,1.55327e-08,1.37916e-07,1.12625e-01,0,0.7638,0.6378
2.700,55.00,1.0,8.34466e+06,1.55327e-08,1.19951e-07,1.29492e-01,0,0.7638,0.6378
2.700,57.50,1.0,9.53508e+06,1.55327e-08,1.04976e-07,1.47965e-01,0,0.7638,0.6378
2.700,60.00,1.0,1.08336e+07,1.55327e-08,9.23928e-08,1.68116e-01,0,0.7638,0.6378
2.700,62.50,1.0,1.22451e+07,1.55327e-08,8.17433e-08,1.90019e-01,0,0.7638,0.6378
2.700,65.00,1.0,1.37740e+07,1.55327e-08,7.26695e-08,2.13745e-01,0,0.7638,0.6378
2.700,67.50,1.0,1.54252e+07,1.55327e-08,6.48904e-08,2.39369e-01,0,0.7638,0.6378
2.700,70.00,1.0,1.72034e+07,1.55327e-08,5.81832e-08,2.66962e-01,0,0.7638,0.6378
2.700,72.50,1.0,1.91133e+07,1.55327e-08,5.23695e-08,2.96599e-01,0,0.7638,0.6378
2.700,75.00,1.0,2.11595e+07,1.55327e-08,4.73051e-08,3.28352e-01,0,0.7638,0.6378
2.700,77.50,1.0,2.33467e+07,1.55327e-08,4.28733e-08,3.62294e-01,0,0.7638,0.6378
2.700,80.00,1.0,2.56797e+07,1.55327e-08,3.89782e-08,3.98498e-01,0,0.7638,0.6378
2.750,5.00,1.0,6.09926e+03,1.48363e-08,1.64110e-04,9.04045e-05,0,0.7638,0.6497
2.750,7.50,1.0,2.05850e+04,1.48363e-08,4.86252e-05,3.05115e-04,0,0.7638,0.6497
2.750,10.00,1.0,4.87941e+04,1.48363e-08,2.05138e-05,7.23236e-04,0,0.7638,0.6497
2.750,12.50,1.0,9.53010e+04,1.48363e-08,1.05030e-05,1.41257e-03,0,0.7638,0.6497
2.750,15.00,1.0,1.64680e+05,1.48363e-08,6.07815e-06,2.44092e-03,0,0.7638,0.6497
2.750,17.50,1.0,2.61506e+05,1.48363e-08,3.82764e-06,3.87609e-03,0,0.7638,0.6497
2.750,20.00,1.0,3.90353e+05,1.48363e-08,2.56422e-06,5.78589e-03,0,0.7638,0.6497
2.750,22.50,1.0,5.55795e+05,1.48363e-08,1.80093e-06,8.23811e-03,0,0.7638,0.6497
2.750,25.00,1.0,7.62408e+05,1.48363e-08,1.31288e-06,1.13006e-02,0,0.7638,0.6497
2.750,27.50,1.0,1.01476e+06,1.48363e-08,9.86387e-07,1.50411e-02,0,0.7638,0.6497
2.750,30.00,1.0,1.31744e+06,1.48363e-08,7.59769e-07,1.95274e-02,0,0.7638,0.6497
2.750,32.50,1.0,1.67501e+06,1.48363e-08,5.97579e-07,2.48273e-02,0,0.7638,0.6497
2.750,35.00,1.0,2.09205e+06,1.48363e-08,4.78455e-07,3.10088e-02,0,0.7638,0.6497
2.750,37.50,1.0,2.57313e+06,1.48363e-08,3.89002e-07,3.81394e-02,0,0.7638,0.6497
2.750,40.00,1.0,3.12282e+06,1.48363e-08,3.20528e-07,4.62871e-02,0,0.7638,0.6497
2.750,42.50,1.0,3.74571e+06,1.48363e-08,2.67226e-07,5.55197e-02,0,0.7638,0.6497
2.750,45.00,1.0,4.44636e+06,1.48363e-08,2.25117e-07,6.59049e-02,0,0.7638,0.6497
2.750,47.50,1.0,5.22935e+06,1.48363e-08,1.91410e-07,7.75106e-02,0,0.7638,0.6497
2.750,50.00,1.0,6.09926e+06,1.48363e-08,1.64110e-07,9.04045e-02,0,0.7638,0.6497
2.750,52.50,1.0,7.06066e+06,1.48363e-08,1.41765e-07,1.04655e-01,0,0.7638,0.6497
2.750,55.00,1.0,8.11812e+06,1.48363e-08,1.23298e-07,1.20328e-01,0,0.7638,0.6497
2.750,57.50,1.0,9.27622e+06,1.48363e-08,1.07905e-07,1.37494e-01,0,0.7638,0.6497
2.750,60.00,1.0,1.05395e+07,1.48363e-08,9.49711e-08,1.56219e-01,0,0.7638,0.6497
2.750,62.50,1.0,1.19126e+07,1.48363e-08,8.40244e-08,1.76571e-01,0,0.7638,0.6497
2.750,65.00,1.0,1.34001e+07,1.48363e-08,7.46974e-08,1.98619e-01,0,0.7638,0.6497
2.750,67.50,1.0,1.50065e+07,1.48363e-08,6.67013e-08,2.22429e-01,0,0.7638,0.6497
2.750,70.00,1.0,1.67364e+07,1.48363e-08,5.98069e-08,2.48070e-01,0,0.7638,0.6497
2.750,72.50,1.0,1.85944e+07,1.48363e-08,5.38309e-08,2.75610e-01,0,0.7638,0.6497
2.750,75.00,1.0,2.05850e+07,1.48363e-08,4.86252e-08,3.05115e-01,0,0.7638,0.6497
2.750,77.50,1.0,2.27129e+07,1.48363e-08,4.40697e-08,3.36655e-01,0,0.7638,0.6497
2.750,80.00,1.0,2.49826e+07,1.48363e-08,4.00660e-08,3.70297e-01,0,0.7638,0.6497
2.800,5.00,1.0,5.93662e+03,1.41828e-08,1.68606e-04,8.41180e-05,0,0.7638,0.6615
2.800,7.50,1.0,2.00361e+04,1.41828e-08,4.99574e-05,2.83898e-04,0,0.7638,0.6615
2.800,10.00,1.0,4.74930e+04,1.41828e-08,2.10758e-05,6.72944e-04,0,0.7638,0.6615
2.800,12.50,1.0,9.27597e+04,1.41828e-08,1.07908e-05,1.31434e-03,0,0.7638,0.6615
2.800,15.00,1.0,1.60289e+05,1.41828e-08,6.24467e-06,2.27119e-03,0,0.7638,0.6615
2.800,17.50,1.0,2.54533e+05,1.41828e-08,3.93251e-06,3.60656e-03,0,0.7638,0.6615
2.800,20.00,1.0,3.79944e+05,1.41828e-08,2.63447e-06,5.38355e-03,0,0.7638,0.6615
2.800,22.50,1.0,5.40975e+05,1.41828e-08,1.85027e-06,7.66525e-03,0,0.7638,0.6615
2.800,25.00,1.0,7.42078e+05,1.41828e-08,1.34885e-06,1.05147e-02,0,0.7638,0.6615
2.800,27.50,1.0,9.87705e+05,1.41828e-08,1.01341e-06,1.39951e-02,0,0.7638,0.6615
2.800,30.00,1.0,1.28231e+06,1.41828e-08,7.80584e-07,1.81695e-02,0,0.7638,0.6615
2.800,32.50,1.0,1.63034e+06,1.41828e-08,6.13951e-07,2.31009e-02,0,0.7638,0.6615
2.800,35.00,1.0,2.03626e+06,1.41828e-08,4.91563e-07,2.88525e-02,0,0.7638,0.6615
2.800,37.50,1.0,2.50451e+06,1.41828e-08,3.99659e-07,3.54873e-02,0,0.7638,0.6615
2.800,40.00,1.0,3.03955e+06,1.41828e-08,3.29309e-07,4.30684e-02,0,0.7638,0.6615
2.800,42.50,1.0,3.64583e+06,1.41828e-08,2.74547e-07,5.16590e-02,0,0.7638,0.6615
2.800,45.00,1.0,4.32780e+06,1.41828e-08,2.31284e-07,6.13220e-02,0,0.7638,0.6615
2.800,47.50,1.0,5.08991e+06,1.41828e-08,1.96654e-07,7.21207e-02,0,0.7638,0.6615
2.800,50.00,1.0,5.93662e+06,1.41828e-08,1.68606e-07,8.41180e-02,0,0.7638,0.6615
2.800,52.50,1.0,6.87238e+06,1.41828e-08,1.45648e-07,9.73771e-02,0,0.7638,0.6615
2.800,55.00,1.0,7.90164e+06,1.41828e-08,1.26676e-07,1.11961e-01,0,0.7638,0.6615
2.800,57.50,1.0,9.02886e+06,1.41828e-08,1.10861e-07,1.27933e-01,0,0.7638,0.6615
2.800,60.00,1.0,1.02585e+07,1.41828e-08,9.75730e-08,1.45356e-01,0,0.7638,0.6615
2.800,62.50,1.0,1.15950e+07,1.41828e-08,8.63264e-08,1.64293e-01,0,0.7638,0.6615
2.800,65.00,1.0,1.30428e+07,1.41828e-08,7.67438e-08,1.84807e-01,0,0.7638,0.6615
2.800,67.50,1.0,1.46063e+07,1.41828e-08,6.85286e-08,2.06962e-01,0,0.7638,0.6615
2.800,70.00,1.0,1.62901e+07,1.41828e-08,6.14454e-08,2.30820e-01,0,0.7638,0.6615
2.800,72.50,1.0,1.80985e+07,1.41828e-08,5.53056e-08,2.56444e-01,0,0.7638,0.6615
2.800,75.00,1.0,2.00361e+07,1.41828e-08,4.99574e-08,2.83898e-01,0,0.7638,0.6615
2.800,77.50,1.0,2.21072e+07,1.41828e-08,4.52771e-08,3.13245e-01,0,0.7638,0.6615
2.800,80.00,1.0,2.43164e+07,1.41828e-08,4.11636e-08,3.44547e-01,0,0.7638,0.6615
2.850,5.00,1.0,5.78108e+03,1.35689e-08,1.73142e-04,7.83685e-05,0,0.7638,0.6733
2.850,7.50,1.0,1.95111e+04,1.35689e-08,5.13015e-05,2.64494e-04,0,0.7638,0.6733
2.850,10.00,1.0,4.62486e+04,1.35689e-08,2.16428e-05,6.26948e-04,0,0.7638,0.6733
2.850,12.50,1.0,9.03294e+04,1.35689e-08,1.10811e-05,1.22451e-03,0,0.7638,0.6733
2.850,15.00,1.0,1.56089e+05,1.35689e-08,6.41269e-06,2.11595e-03,0,0.7638,0.6733
2.850,17.50,1.0,2.47864e+05,1.35689e-08,4.03831e-06,3.36005e-03,0,0.7638,0.6733
2.850,20.00,1.0,3.69989e+05,1.35689e-08,2.70535e-06,5.01558e-03,0,0.7638,0.6733
2.850,22.50,1.0,5.26801e+05,1.35689e-08,1.90005e-06,7.14133e-03,0,0.7638,0.6733
2.850,25.00,1.0,7.22635e+05,1.35689e-08,1.38514e-06,9.79606e-03,0,0.7638,0.6733
2.850,27.50,1.0,9.61827e+05,1.35689e-08,1.04068e-06,1.30386e-02,0,0.7638,0.6733
2.850,30.00,1.0,1.24871e+06,1.35689e-08,8.01586e-07,1.69276e-02,0,0.7638,0.6733
2.850,32.50,1.0,1.58763e+06,1.35689e-08,6.30469e-07,2.15220e-02,0,0.7638,0.6733
2.850,35.00,1.0,1.98291e+06,1.35689e-08,5.04789e-07,2.68804e-02,0,0.7638,0.6733
2.850,37.50,1.0,2.43889e+06,1.35689e-08,4.10412e-07,3.30617e-02,0,0.7638,0.6733
2.850,40.00,1.0,2.95991e+06,1.35689e-08,3.38169e-07,4.01247e-02,0,0.7638,0.6733
2.850,42.50,1.0,3.55031e+06,1.35689e-08,2.81934e-07,4.81281e-02,0,0.7638,0.6733
2.850,45.00,1.0,4.21441e+06,1.35689e-08,2.37507e-07,5.71306e-02,0,0.7638,0.6733
2.850,47.50,1.0,4.95655e+06,1.35689e-08,2.01945e-07,6.71912e-02,0,0.7638,0.6733
2.850,50.00,1.0,5.78108e+06,1.35689e-08,1.73142e-07,7.83685e-02,0,0.7638,0.6733
2.850,52.50,1.0,6.69232e+06,1.35689e-08,1.49567e-07,9.07213e-02,0,0.7638,0.6733
2.850,55.00,1.0,7.69462e+06,1.35689e-08,1.30085e-07,1.04308e-01,0,0.7638,0.6733
2.850,57.50,1.0,8.79230e+06,1.35689e-08,1.13844e-07,1.19189e-01,0,0.7638,0.6733
2.850,60.00,1.0,9.98971e+06,1.35689e-08,1.00198e-07,1.35421e-01,0,0.7638,0.6733
2.850,62.50,1.0,1.12912e+07,1.35689e-08,8.86490e-08,1.53064e-01,0,0.7638,0.6733
2.850,65.00,1.0,1.27010e+07,1.35689e-08,7.88086e-08,1.72176e-01,0,0.7638,0.6733
2.850,67.50,1.0,1.42236e+07,1.35689e-08,7.03724e-08,1.92816e-01,0,0.7638,0.6733
2.850,70.00,1.0,1.58633e+07,1.35689e-08,6.30986e-08,2.15043e-01,0,0.7638,0.6733
2.850,72.50,1.0,1.76243e+07,1.35689e-08,5.67936e-08,2.38916e-01,0,0.7638,0.6733
2.850,75.00,1.0,1.95111e+07,1.35689e-08,5.13015e-08,2.64494e-01,0,0.7638,0.6733
2.850,77.50,1.0,2.15280e+07,1.35689e-08,4.64953e-08,2.91835e-01,0,0.7638,0.6733
2.850,80.00,1.0,2.36793e+07,1.35689e-08,4.22711e-08,3.20997e-01,0,0.7638,0.6733
2.900,5.00,1.0,5.63222e+03,1.29916e-08,1.77719e-04,7.31020e-05,0,0.7638,0.6851
2.900,7.50,1.0,1.90087e+04,1.29916e-08,5.26574e-05,2.46719e-04,0,0.7638,0.6851
2.900,10.00,1.0,4.50577e+04,1.29916e-08,2.22149e-05,5.84816e-04,0,0.7638,0.6851
2.900,12.50,1.0,8.80034e+04,1.29916e-08,1.13740e-05,1.14222e-03,0,0.7638,0.6851
2.900,15.00,1.0,1.52070e+05,1.29916e-08,6.58218e-06,1.97375e-03,0,0.7638,0.6851
2.900,17.50,1.0,2.41481e+05,1.29916e-08,4.14505e-06,3.13425e-03,0,0.7638,0.6851
2.900,20.00,1.0,3.60462e+05,1.29916e-08,2.77686e-06,4.67853e-03,0,0.7638,0.6851
2.900,22.50,1.0,5.13236e+05,1.29916e-08,1.95027e-06,6.66142e-03,0,0.7638,0.6851
2.900,25.00,1.0,7.04027e+05,1.29916e-08,1.42175e-06,9.13775e-03,0,0.7638,0.6851
2.900,27.50,1.0,9.37060e+05,1.29916e-08,1.06818e-06,1.21623e-02,0,0.7638,0.6851
2.900,30.00,1.0,1.21656e+06,1.29916e-08,8.22772e-07,1.57900e-02,0,0.7638,0.6851
2.900,32.50,1.0,1.54675e+06,1.29916e-08,6.47133e-07,2.00756e-02,0,0.7638,0.6851
2.900,35.00,1.0,1.93185e+06,1.29916e-08,5.18131e-07,2.50740e-02,0,0.7638,0.6851
2.900,37.50,1.0,2.37609e+06,1.29916e-08,4.21259e-07,3.08399e-02,0,0.7638,0.6851
2.900,40.00,1.0,2.88369e+06,1.29916e-08,3.47107e-07,3.74282e-02,0,0.7638,0.6851
2.900,42.50,1.0,3.45888e+06,1.29916e-08,2.89385e-07,4.48937e-02,0,0.7638,0.6851
2.900,45.00,1.0,4.10589e+06,1.29916e-08,2.43784e-07,5.32913e-02,0,0.7638,0.6851
2.900,47.50,1.0,4.82892e+06,1.29916e-08,2.07282e-07,6.26758e-02,0,0.7638,0.6851
2.900,50.00,1.0,5.63222e+06,1.29916e-08,1.77719e-07,7.31020e-02,0,0.7638,0.6851
2.900,52.50,1.0,6.51999e+06,1.29916e-08,1.53520e-07,8.46247e-02,0,0.7638,0.6851
2.900,55.00,1.0,7.49648e+06,1.29916e-08,1.33523e-07,9.72987e-02,0,0.7638,0.6851
2.900,57.50,1.0,8.56590e+06,1.29916e-08,1.16853e-07,1.11179e-01,0,0.7638,0.6851
2.900,60.00,1.0,9.73247e+06,1.29916e-08,1.02847e-07,1.26320e-01,0,0.7638,0.6851
2.900,62.50,1.0,1.10004e+07,1.29916e-08,9.09920e-08,1.42777e-01,0,0.7638,0.6851
2.900,65.00,1.0,1.23740e+07,1.29916e-08,8.08916e-08,1.60605e-01,0,0.7638,0.6851
2.900,67.50,1.0,1.38574e+07,1.29916e-08,7.22324e-08,1.79858e-01,0,0.7638,0.6851
2.900,70.00,1.0,1.54548e+07,1.29916e-08,6.47663e-08,2.00592e-01,0,0.7638,0.6851
2.900,72.50,1.0,1.71705e+07,1.29916e-08,5.82947e-08,2.22860e-01,0,0.7638,0.6851
2.900,75.00,1.0,1.90087e+07,1.29916e-08,5.26574e-08,2.46719e-01,0,0.7638,0.6851
2.900,77.50,1.0,2.09737e+07,1.29916e-08,4.77242e-08,2.72223e-01,0,0.7638,0.6851
2.900,80.00,1.0,2.30696e+07,1.29916e-08,4.33884e-08,2.99426e-01,0,0.7638,0.6851
2.950,5.00,1.0,5.48963e+03,1.24481e-08,1.82335e-04,6.82705e-05,0,0.7638,0.6969
2.950,7.50,1.0,1.85275e+04,1.24481e-08,5.40251e-05,2.30413e-04,0,0.7638,0.6969
2.950,10.00,1.0,4.39171e+04,1.24481e-08,2.27918e-05,5.46164e-04,0,0.7638,0.6969
2.950,12.50,1.0,8.57755e+04,1.24481e-08,1.16694e-05,1.06673e-03,0,0.7638,0.6969
2.950,15.00,1.0,1.48220e+05,1.24481e-08,6.75314e-06,1.84330e-03,0,0.7638,0.6969
2.950,17.50,1.0,2.35368e+05,1.24481e-08,4.25271e-06,2.92710e-03,0,0.7638,0.6969
2.950,20.00,1.0,3.51337e+05,1.24481e-08,2.84898e-06,4.36931e-03,0,0.7638,0.6969
2.950,22.50,1.0,5.00243e+05,1.24481e-08,2.00093e-06,6.22115e-03,0,0.7638,0.6969
2.950,25.00,1.0,6.86204e+05,1.24481e-08,1.45868e-06,8.53381e-03,0,0.7638,0.6969
2.950,27.50,1.0,9.13338e+05,1.24481e-08,1.09593e-06,1.13585e-02,0,0.7638,0.6969
2.950,30.00,1.0,1.18576e+06,1.24481e-08,8.44142e-07,1.47464e-02,0,0.7638,0.6969
2.950,32.50,1.0,1.50759e+06,1.24481e-08,6.63941e-07,1.87488e-02,0,0.7638,0.6969
2.950,35.00,1.0,1.88294e+06,1.24481e-08,5.31588e-07,2.34168e-02,0,0.7638,0.6969
2.950,37.50,1.0,2.31594e+06,1.24481e-08,4.32201e-07,2.88016e-02,0,0.7638,0.6969
2.950,40.00,1.0,2.81069e+06,1.24481e-08,3.56123e-07,3.49545e-02,0,0.7638,0.6969
2.950,42.50,1.0,3.37132e+06,1.24481e-08,2.96902e-07,4.19266e-02,0,0.7638,0.6969
2.950,45.00,1.0,4.00194e+06,1.24481e-08,2.50116e-07,4.97692e-02,0,0.7638,0.6969
2.950,47.50,1.0,4.70667e+06,1.24481e-08,2.12666e-07,5.85334e-02,0,0.7638,0.6969
2.950,50.00,1.0,5.48963e+06,1.24481e-08,1.82335e-07,6.82705e-02,0,0.7638,0.6969
2.950,52.50,1.0,6.35494e+06,1.24481e-08,1.57508e-07,7.90316e-02,0,0.7638,0.6969
2.950,55.00,1.0,7.30670e+06,1.24481e-08,1.36991e-07,9.08680e-02,0,0.7638,0.6969
2.950,57.50,1.0,8.34905e+06,1.24481e-08,1.19888e-07,1.03831e-01,0,0.7638,0.6969
2.950,60.00,1.0,9.48609e+06,1.24481e-08,1.05518e-07,1.17971e-01,0,0.7638,0.6969
2.950,62.50,1.0,1.07219e+07,1.24481e-08,9.33554e-08,1.33341e-01,0,0.7638,0.6969
2.950,65.00,1.0,1.20607e+07,1.24481e-08,8.29926e-08,1.49990e-01,0,0.7638,0.6969
2.950,67.50,1.0,1.35066e+07,1.24481e-08,7.41085e-08,1.67971e-01,0,0.7638,0.6969
2.950,70.00,1.0,1.50636e+07,1.24481e-08,6.64485e-08,1.87334e-01,0,0.7638,0.6969
2.950,72.50,1.0,1.67358e+07,1.24481e-08,5.98088e-08,2.08131e-01,0,0.7638,0.6969
2.950,75.00,1.0,1.85275e+07,1.24481e-08,5.40251e-08,2.30413e-01,0,0.7638,0.6969
2.950,77.50,1.0,2.04427e+07,1.24481e-08,4.89637e-08,2.54231e-01,0,0.7638,0.6969
2.950,80.00,1.0,2.24855e+07,1.24481e-08,4.45153e-08,2.79636e-01,0,0.7638,0.6969
3.000,5.00,1.0,5.35297e+03,1.19359e-08,1.86990e-04,6.38316e-05,0,0.7638,0.7087
3.000,7.50,1.0,1.80663e+04,1.19359e-08,5.54044e-05,2.15432e-04,0,0.7638,0.7087
3.000,10.00,1.0,4.28237e+04,1.19359e-08,2.33737e-05,5.10653e-04,0,0.7638,0.7087
3.000,12.50,1.0,8.36401e+04,1.19359e-08,1.19674e-05,9.97369e-04,0,0.7638,0.7087
3.000,15.00,1.0,1.44530e+05,1.19359e-08,6.92555e-06,1.72345e-03,0,0.7638,0.7087
3.000,17.50,1.0,2.29508e+05,1.19359e-08,4.36128e-06,2.73678e-03,0,0.7638,0.7087
3.000,20.00,1.0,3.42590e+05,1.19359e-08,2.92172e-06,4.08523e-03,0,0.7638,0.7087
3.000,22.50,1.0,4.87789e+05,1.19359e-08,2.05202e-06,5.81666e-03,0,0.7638,0.7087
3.000,25.00,1.0,6.69121e+05,1.19359e-08,1.49592e-06,7.97896e-03,0,0.7638,0.7087
3.000,27.50,1.0,8.90600e+05,1.19359e-08,1.12391e-06,1.06200e-02,0,0.7638,0.7087
3.000,30.00,1.0,1.15624e+06,1.19359e-08,8.65694e-07,1.37876e-02,0,0.7638,0.7087
3.000,32.50,1.0,1.47006e+06,1.19359e-08,6.80892e-07,1.75298e-02,0,0.7638,0.7087
3.000,35.00,1.0,1.83607e+06,1.19359e-08,5.45160e-07,2.18943e-02,0,0.7638,0.7087
3.000,37.50,1.0,2.25828e+06,1.19359e-08,4.43235e-07,2.69290e-02,0,0.7638,0.7087
3.000,40.00,1.0,2.74072e+06,1.19359e-08,3.65215e-07,3.26818e-02,0,0.7638,0.7087
3.000,42.50,1.0,3.28739e+06,1.19359e-08,3.04482e-07,3.92006e-02,0,0.7638,0.7087
3.000,45.00,1.0,3.90231e+06,1.19359e-08,2.56502e-07,4.65333e-02,0,0.7638,0.7087
3.000,47.50,1.0,4.58950e+06,1.19359e-08,2.18096e-07,5.47277e-02,0,0.7638,0.7087
3.000,50.00,1.0,5.35297e+06,1.19359e-08,1.86990e-07,6.38316e-02,0,0.7638,0.7087
3.000,52.50,1.0,6.19673e+06,1.19359e-08,1.61529e-07,7.38931e-02,0,0.7638,0.7087
3.000,55.00,1.0,7.12480e+06,1.19359e-08,1.40488e-07,8.49599e-02,0,0.7638,0.7087
3.000,57.50,1.0,8.14119e+06,1.19359e-08,1.22949e-07,9.70800e-02,0,0.7638,0.7087
3.000,60.00,1.0,9.24992e+06,1.19359e-08,1.08212e-07,1.10301e-01,0,0.7638,0.7087
3.000,62.50,1.0,1.04550e+07,1.19359e-08,9.57389e-08,1.24671e-01,0,0.7638,0.7087
3.000,65.00,1.0,1.17605e+07,1.19359e-08,8.51115e-08,1.40238e-01,0,0.7638,0.7087
3.000,67.50,1.0,1.31703e+07,1.19359e-08,7.60006e-08,1.57050e-01,0,0.7638,0.7087
3.000,70.00,1.0,1.46885e+07,1.19359e-08,6.81450e-08,1.75154e-01,0,0.7638,0.7087
3.000,72.50,1.0,1.63192e+07,1.19359e-08,6.13358e-08,1.94599e-01,0,0.7638,0.7087
3.000,75.00,1.0,1.80663e+07,1.19359e-08,5.54044e-08,2.15432e-01,0,0.7638,0.7087
3.000,77.50,1.0,1.99338e+07,1.19359e-08,5.02138e-08,2.37701e-01,0,0.7638,0.7087
3.000,80.00,1.0,2.19257e+07,1.19359e-08,4.56518e-08,2.61454e-01,0,0.7638,0.7087
3.050,5.00,1.0,5.22188e+03,1.14527e-08,1.91684e-04,5.97478e-05,0,0.7638,0.7205
3.050,7.50,1.0,1.76238e+04,1.14527e-08,5.67953e-05,2.01649e-04,0,0.7638,0.7205
3.050,10.00,1.0,4.17750e+04,1.14527e-08,2.39605e-05,4.77982e-04,0,0.7638,0.7205
3.050,12.50,1.0,8.15918e+04,1.14527e-08,1.22678e-05,9.33559e-04,0,0.7638,0.7205
3.050,15.00,1.0,1.40991e+05,1.14527e-08,7.09941e-06,1.61319e-03,0,0.7638,0.7205
3.050,17.50,1.0,2.23888e+05,1.14527e-08,4.47077e-06,2.56169e-03,0,0.7638,0.7205
3.050,20.00,1.0,3.34200e+05,1.14527e-08,2.99506e-06,3.82386e-03,0,0.7638,0.7205
3.050,22.50,1.0,4.75843e+05,1.14527e-08,2.10353e-06,5.44452e-03,0,0.7638,0.7205
3.050,25.00,1.0,6.52735e+05,1.14527e-08,1.53347e-06,7.46847e-03,0,0.7638,0.7205
3.050,27.50,1.0,8.68790e+05,1.14527e-08,1.15212e-06,9.94053e-03,0,0.7638,0.7205
3.050,30.00,1.0,1.12793e+06,1.14527e-08,8.87427e-07,1.29055e-02,0,0.7638,0.7205
3.050,32.50,1.0,1.43406e+06,1.14527e-08,6.97985e-07,1.64082e-02,0,0.7638,0.7205
3.050,35.00,1.0,1.79110e+06,1.14527e-08,5.58846e-07,2.04935e-02,0,0.7638,0.7205
3.050,37.50,1.0,2.20298e+06,1.14527e-08,4.54362e-07,2.52061e-02,0,0.7638,0.7205
3.050,40.00,1.0,2.67360e+06,1.14527e-08,3.74383e-07,3.05909e-02,0,0.7638,0.7205
3.050,42.50,1.0,3.20688e+06,1.14527e-08,3.12126e-07,3.66926e-02,0,0.7638,0.7205
3.050,45.00,1.0,3.80675e+06,1.14527e-08,2.62941e-07,4.35561e-02,0,0.7638,0.7205
3.050,47.50,1.0,4.47711e+06,1.14527e-08,2.23571e-07,5.12262e-02,0,0.7638,0.7205
3.050,50.00,1.0,5.22188e+06,1.14527e-08,1.91684e-07,5.97478e-02,0,0.7638,0.7205
3.050,52.50,1.0,6.04497e+06,1.14527e-08,1.65584e-07,6.91655e-02,0,0.7638,0.7205
3.050,55.00,1.0,6.95032e+06,1.14527e-08,1.44015e-07,7.95243e-02,0,0.7638,0.7205
3.050,57.50,1.0,7.94182e+06,1.14527e-08,1.26035e-07,9.08689e-02,0,0.7638,0.7205
3.050,60.00,1.0,9.02340e+06,1.14527e-08,1.10928e-07,1.03244e-01,0,0.7638,0.7205
3.050,62.50,1.0,1.01990e+07,1.14527e-08,9.81423e-08,1.16695e-01,0,0.7638,0.7205
3.050,65.00,1.0,1.14725e+07,1.14527e-08,8.72481e-08,1.31266e-01,0,0.7638,0.7205
3.050,67.50,1.0,1.28478e+07,1.14527e-08,7.79085e-08,1.47002e-01,0,0.7638,0.7205
3.050,70.00,1.0,1.43288e+07,1.14527e-08,6.98557e-08,1.63948e-01,0,0.7638,0.7205
3.050,72.50,1.0,1.59195e+07,1.14527e-08,6.28756e-08,1.82149e-01,0,0.7638,0.7205
3.050,75.00,1.0,1.76238e+07,1.14527e-08,5.67953e-08,2.01649e-01,0,0.7638,0.7205
3.050,77.50,1.0,1.94456e+07,1.14527e-08,5.14744e-08,2.22493e-01,0,0.7638,0.7205
3.050,80.00,1.0,2.13888e+07,1.14527e-08,4.67979e-08,2.44727e-01,0,0.7638,0.7205
3.100,5.00,1.0,5.09605e+03,1.09965e-08,1.96417e-04,5.59853e-05,0,0.7638,0.7323
3.100,7.50,1.0,1.71992e+04,1.09965e-08,5.81976e-05,1.88950e-04,0,0.7638,0.7323
3.100,10.00,1.0,4.07684e+04,1.09965e-08,2.45521e-05,4.47883e-04,0,0.7638,0.7323
3.100,12.50,1.0,7.96258e+04,1.09965e-08,1.25707e-05,8.74771e-04,0,0.7638,0.7323
3.100,15.00,1.0,1.37593e+05,1.09965e-08,7.27470e-06,1.51160e-03,0,0.7638,0.7323
3.100,17.50,1.0,2.18493e+05,1.09965e-08,4.58115e-06,2.40037e-03,0,0.7638,0.7323
3.100,20.00,1.0,3.26147e+05,1.09965e-08,3.06901e-06,3.58306e-03,0,0.7638,0.7323
3.100,22.50,1.0,4.64378e+05,1.09965e-08,2.15547e-06,5.10166e-03,0,0.7638,0.7323
3.100,25.00,1.0,6.37006e+05,1.09965e-08,1.57134e-06,6.99817e-03,0,0.7638,0.7323
3.100,27.50,1.0,8.47856e+05,1.09965e-08,1.18057e-06,9.31456e-03,0,0.7638,0.7323
3.100,30.00,1.0,1.10075e+06,1.09965e-08,9.09338e-07,1.20928e-02,0,0.7638,0.7323
3.100,32.50,1.0,1.39950e+06,1.09965e-08,7.15219e-07,1.53750e-02,0,0.7638,0.7323
3.100,35.00,1.0,1.74795e+06,1.09965e-08,5.72644e-07,1.92030e-02,0,0.7638,0.7323
3.100,37.50,1.0,2.14990e+06,1.09965e-08,4.65581e-07,2.36188e-02,0,0.7638,0.7323
3.100,40.00,1.0,2.60918e+06,1.09965e-08,3.83627e-07,2.86645e-02,0,0.7638,0.7323
3.100,42.50,1.0,3.12961e+06,1.09965e-08,3.19832e-07,3.43820e-02,0,0.7638,0.7323
3.100,45.00,1.0,3.71502e+06,1.09965e-08,2.69433e-07,4.08133e-02,0,0.7638,0.7323
3.100,47.50,1.0,4.36923e+06,1.09965e-08,2.29091e-07,4.80004e-02,0,0.7638,0.7323
3.100,50.00,1.0,5.09605e+06,1.09965e-08,1.96417e-07,5.59853e-02,0,0.7638,0.7323
3.100,52.50,1.0,5.89932e+06,1.09965e-08,1.69672e-07,6.48100e-02,0,0.7638,0.7323
3.100,55.00,1.0,6.78284e+06,1.09965e-08,1.47571e-07,7.45165e-02,0,0.7638,0.7323
3.100,57.50,1.0,7.75046e+06,1.09965e-08,1.29147e-07,8.51467e-02,0,0.7638,0.7323
3.100,60.00,1.0,8.80598e+06,1.09965e-08,1.13667e-07,9.67427e-02,0,0.7638,0.7323
3.100,62.50,1.0,9.95323e+06,1.09965e-08,1.00565e-07,1.09346e-01,0,0.7638,0.7323
3.100,65.00,1.0,1.11960e+07,1.09965e-08,8.94023e-08,1.23000e-01,0,0.7638,0.7323
3.100,67.50,1.0,1.25382e+07,1.09965e-08,7.98321e-08,1.37745e-01,0,0.7638,0.7323
3.100,70.00,1.0,1.39836e+07,1.09965e-08,7.15805e-08,1.53624e-01,0,0.7638,0.7323
3.100,72.50,1.0,1.55359e+07,1.09965e-08,6.44280e-08,1.70678e-01,0,0.7638,0.7323
3.100,75.00,1.0,1.71992e+07,1.09965e-08,5.81976e-08,1.88950e-01,0,0.7638,0.7323
3.100,77.50,1.0,1.89771e+07,1.09965e-08,5.27453e-08,2.08482e-01,0,0.7638,0.7323
3.100,80.00,1.0,2.08734e+07,1.09965e-08,4.79534e-08,2.29316e-01,0,0.7638,0.7323
3.150,5.00,1.0,4.97520e+03,1.05653e-08,2.01188e-04,5.25145e-05,0,0.7638,0.7441
3.150,7.50,1.0,1.67913e+04,1.05653e-08,5.96113e-05,1.77236e-04,0,0.7638,0.7441
3.150,10.00,1.0,3.98016e+04,1.05653e-08,2.51485e-05,4.20116e-04,0,0.7638,0.7441
3.150,12.50,1.0,7.77375e+04,1.05653e-08,1.28760e-05,8.20538e-04,0,0.7638,0.7441
3.150,15.00,1.0,1.34330e+05,1.05653e-08,7.45141e-06,1.41789e-03,0,0.7638,0.7441
3.150,17.50,1.0,2.13312e+05,1.05653e-08,4.69243e-06,2.25156e-03,0,0.7638,0.7441
3.150,20.00,1.0,3.18413e+05,1.05653e-08,3.14356e-06,3.36092e-03,0,0.7638,0.7441
3.150,22.50,1.0,4.53365e+05,1.05653e-08,2.20783e-06,4.78538e-03,0,0.7638,0.7441
3.150,25.00,1.0,6.21900e+05,1.05653e-08,1.60950e-06,6.56431e-03,0,0.7638,0.7441
3.150,27.50,1.0,8.27749e+05,1.05653e-08,1.20924e-06,8.73709e-03,0,0.7638,0.7441
3.150,30.00,1.0,1.07464e+06,1.05653e-08,9.31426e-07,1.13431e-02,0,0.7638,0.7441
3.150,32.50,1.0,1.36631e+06,1.05653e-08,7.32592e-07,1.44218e-02,0,0.7638,0.7441
3.150,35.00,1.0,1.70649e+06,1.05653e-08,5.86554e-07,1.80125e-02,0,0.7638,0.7441
3.150,37.50,1.0,2.09891e+06,1.05653e-08,4.76890e-07,2.21545e-02,0,0.7638,0.7441
3.150,40.00,1.0,2.54730e+06,1.05653e-08,3.92945e-07,2.68874e-02,0,0.7638,0.7441
3.150,42.50,1.0,3.05539e+06,1.05653e-08,3.27601e-07,3.22504e-02,0,0.7638,0.7441
3.150,45.00,1.0,3.62692e+06,1.05653e-08,2.75978e-07,3.82830e-02,0,0.7638,0.7441
3.150,47.50,1.0,4.26561e+06,1.05653e-08,2.34656e-07,4.50246e-02,0,0.7638,0.7441
3.150,50.00,1.0,4.97520e+06,1.05653e-08,2.01188e-07,5.25145e-02,0,0.7638,0.7441
3.150,52.50,1.0,5.75942e+06,1.05653e-08,1.73794e-07,6.07920e-02,0,0.7638,0.7441
3.150,55.00,1.0,6.62199e+06,1.05653e-08,1.51156e-07,6.98967e-02,0,0.7638,0.7441
3.150,57.50,1.0,7.56666e+06,1.05653e-08,1.32284e-07,7.98679e-02,0,0.7638,0.7441
3.150,60.00,1.0,8.59714e+06,1.05653e-08,1.16428e-07,9.07450e-02,0,0.7638,0.7441
3.150,62.50,1.0,9.71719e+06,1.05653e-08,1.03008e-07,1.02567e-01,0,0.7638,0.7441
3.150,65.00,1.0,1.09305e+07,1.05653e-08,9.15740e-08,1.15374e-01,0,0.7638,0.7441
3.150,67.50,1.0,1.22409e+07,1.05653e-08,8.17713e-08,1.29205e-01,0,0.7638,0.7441
3.150,70.00,1.0,1.36519e+07,1.05653e-08,7.33193e-08,1.44100e-01,0,0.7638,0.7441
3.150,72.50,1.0,1.51675e+07,1.05653e-08,6.59931e-08,1.60097e-01,0,0.7638,0.7441
3.150,75.00,1.0,1.67913e+07,1.05653e-08,5.96113e-08,1.77236e-01,0,0.7638,0.7441
3.150,77.50,1.0,1.85270e+07,1.05653e-08,5.40265e-08,1.95557e-01,0,0.7638,0.7441
3.150,80.00,1.0,2.03784e+07,1.05653e-08,4.91182e-08,2.15099e-01,0,0.7638,0.7441
3.200,5.00,1.0,4.85905e+03,1.01574e-08,2.05997e-04,4.93084e-05,0,0.7638,0.7560
3.200,7.50,1.0,1.63993e+04,1.01574e-08,6.10362e-05,1.66416e-04,0,0.7638,0.7560
3.200,10.00,1.0,3.88724e+04,1.01574e-08,2.57497e-05,3.94467e-04,0,0.7638,0.7560
3.200,12.50,1.0,7.59227e+04,1.01574e-08,1.31838e-05,7.70444e-04,0,0.7638,0.7560
3.200,15.00,1.0,1.31194e+05,1.01574e-08,7.62953e-06,1.33133e-03,0,0.7638,0.7560
3.200,17.50,1.0,2.08332e+05,1.01574e-08,4.80460e-06,2.11410e-03,0,0.7638,0.7560
3.200,20.00,1.0,3.10979e+05,1.01574e-08,3.21871e-06,3.15574e-03,0,0.7638,0.7560
3.200,22.50,1.0,4.42781e+05,1.01574e-08,2.26060e-06,4.49323e-03,0,0.7638,0.7560
3.200,25.00,1.0,6.07381e+05,1.01574e-08,1.64798e-06,6.16355e-03,0,0.7638,0.7560
3.200,27.50,1.0,8.08424e+05,1.01574e-08,1.23815e-06,8.20369e-03,0,0.7638,0.7560
3.200,30.00,1.0,1.04955e+06,1.01574e-08,9.53691e-07,1.06506e-02,0,0.7638,0.7560
3.200,32.50,1.0,1.33442e+06,1.01574e-08,7.50104e-07,1.35413e-02,0,0.7638,0.7560
3.200,35.00,1.0,1.66665e+06,1.01574e-08,6.00575e-07,1.69128e-02,0,0.7638,0.7560
3.200,37.50,1.0,2.04991e+06,1.01574e-08,4.88290e-07,2.08020e-02,0,0.7638,0.7560
3.200,40.00,1.0,2.48783e+06,1.01574e-08,4.02338e-07,2.52459e-02,0,0.7638,0.7560
3.200,42.50,1.0,2.98406e+06,1.01574e-08,3.35432e-07,3.02815e-02,0,0.7638,0.7560
3.200,45.00,1.0,3.54225e+06,1.01574e-08,2.82575e-07,3.59458e-02,0,0.7638,0.7560
3.200,47.50,1.0,4.16603e+06,1.01574e-08,2.40265e-07,4.22758e-02,0,0.7638,0.7560
3.200,50.00,1.0,4.85905e+06,1.01574e-08,2.05997e-07,4.93084e-02,0,0.7638,0.7560
3.200,52.50,1.0,5.62496e+06,1.01574e-08,1.77948e-07,5.70807e-02,0,0.7638,0.7560
3.200,55.00,1.0,6.46740e+06,1.01574e-08,1.54769e-07,6.56295e-02,0,0.7638,0.7560
3.200,57.50,1.0,7.39001e+06,1.01574e-08,1.35447e-07,7.49920e-02,0,0.7638,0.7560
3.200,60.00,1.0,8.39644e+06,1.01574e-08,1.19211e-07,8.52050e-02,0,0.7638,0.7560
3.200,62.50,1.0,9.49033e+06,1.01574e-08,1.05471e-07,9.63055e-02,0,0.7638,0.7560
3.200,65.00,1.0,1.06753e+07,1.01574e-08,9.37630e-08,1.08331e-01,0,0.7638,0.7560
3.200,67.50,1.0,1.19551e+07,1.01574e-08,8.37259e-08,1.21317e-01,0,0.7638,0.7560
3.200,70.00,1.0,1.33332e+07,1.01574e-08,7.50719e-08,1.35302e-01,0,0.7638,0.7560
3.200,72.50,1.0,1.48134e+07,1.01574e-08,6.75705e-08,1.50323e-01,0,0.7638,0.7560
3.200,75.00,1.0,1.63993e+07,1.01574e-08,6.10362e-08,1.66416e-01,0,0.7638,0.7560
3.200,77.50,1.0,1.80945e+07,1.01574e-08,5.53180e-08,1.83618e-01,0,0.7638,0.7560
3.200,80.00,1.0,1.99027e+07,1.01574e-08,5.02923e-08,2.01967e-01,0,0.7638,0.7560
3.250,5.00,1.0,4.74735e+03,9.77123e-09,2.10844e-04,4.63434e-05,0,0.7638,0.7678
3.250,7.50,1.0,1.60223e+04,9.77123e-09,6.24723e-05,1.56409e-04,0,0.7638,0.7678
3.250,10.00,1.0,3.79788e+04,9.77123e-09,2.63555e-05,3.70747e-04,0,0.7638,0.7678
3.250,12.50,1.0,7.41774e+04,9.77123e-09,1.34940e-05,7.24115e-04,0,0.7638,0.7678
3.250,15.00,1.0,1.28178e+05,9.77123e-09,7.80904e-06,1.25127e-03,0,0.7638,0.7678
3.250,17.50,1.0,2.03543e+05,9.77123e-09,4.91765e-06,1.98697e-03,0,0.7638,0.7678
3.250,20.00,1.0,3.03830e+05,9.77123e-09,3.29444e-06,2.96598e-03,0,0.7638,0.7678
3.250,22.50,1.0,4.32602e+05,9.77123e-09,2.31379e-06,4.22304e-03,0,0.7638,0.7678
3.250,25.00,1.0,5.93419e+05,9.77123e-09,1.68675e-06,5.79292e-03,0,0.7638,0.7678
3.250,27.50,1.0,7.89840e+05,9.77123e-09,1.26728e-06,7.71038e-03,0,0.7638,0.7678
3.250,30.00,1.0,1.02543e+06,9.77123e-09,9.76130e-07,1.00102e-02,0,0.7638,0.7678
3.250,32.50,1.0,1.30374e+06,9.77123e-09,7.67753e-07,1.27270e-02,0,0.7638,0.7678
3.250,35.00,1.0,1.62834e+06,9.77123e-09,6.14706e-07,1.58958e-02,0,0.7638,0.7678
3.250,37.50,1.0,2.00279e+06,9.77123e-09,4.99779e-07,1.95511e-02,0,0.7638,0.7678
3.250,40.00,1.0,2.43064e+06,9.77123e-09,4.11805e-07,2.37278e-02,0,0.7638,0.7678
3.250,42.50,1.0,2.91547e+06,9.77123e-09,3.43324e-07,2.84606e-02,0,0.7638,0.7678
3.250,45.00,1.0,3.46082e+06,9.77123e-09,2.89224e-07,3.37843e-02,0,0.7638,0.7678
3.250,47.50,1.0,4.07026e+06,9.77123e-09,2.45918e-07,3.97336e-02,0,0.7638,0.7678
3.250,50.00,1.0,4.74735e+06,9.77123e-09,2.10844e-07,4.63434e-02,0,0.7638,0.7678
3.250,52.50,1.0,5.49565e+06,9.77123e-09,1.82135e-07,5.36482e-02,0,0.7638,0.7678
3.250,55.00,1.0,6.31872e+06,9.77123e-09,1.58410e-07,6.16830e-02,0,0.7638,0.7678
3.250,57.50,1.0,7.22013e+06,9.77123e-09,1.38633e-07,7.04825e-02,0,0.7638,0.7678
3.250,60.00,1.0,8.20342e+06,9.77123e-09,1.22016e-07,8.00813e-02,0,0.7638,0.7678
3.250,62.50,1.0,9.27217e+06,9.77123e-09,1.07952e-07,9.05144e-02,0,0.7638,0.7678
3.250,65.00,1.0,1.04299e+07,9.77123e-09,9.59691e-08,1.01816e-01,0,0.7638,0.7678
3.250,67.50,1.0,1.16803e+07,9.77123e-09,8.56959e-08,1.14022e-01,0,0.7638,0.7678
3.250,70.00,1.0,1.30267e+07,9.77123e-09,7.68382e-08,1.27166e-01,0,0.7638,0.7678
3.250,72.50,1.0,1.44729e+07,9.77123e-09,6.91604e-08,1.41284e-01,0,0.7638,0.7678
3.250,75.00,1.0,1.60223e+07,9.77123e-09,6.24723e-08,1.56409e-01,0,0.7638,0.7678
3.250,77.50,1.0,1.76785e+07,9.77123e-09,5.66195e-08,1.72577e-01,0,0.7638,0.7678
3.250,80.00,1.0,1.94451e+07,9.77123e-09,5.14756e-08,1.89822e-01,0,0.7638,0.7678
3.300,5.00,1.0,4.63987e+03,9.40530e-09,2.15728e-04,4.35979e-05,0,0.7638,0.7796
3.300,7.50,1.0,1.56595e+04,9.40530e-09,6.39195e-05,1.47143e-04,0,0.7638,0.7796
3.300,10.00,1.0,3.71189e+04,9.40530e-09,2.69660e-05,3.48783e-04,0,0.7638,0.7796
3.300,12.50,1.0,7.24979e+04,9.40530e-09,1.38066e-05,6.81217e-04,0,0.7638,0.7796
3.300,15.00,1.0,1.25276e+05,9.40530e-09,7.98994e-06,1.17714e-03,0,0.7638,0.7796
3.300,17.50,1.0,1.98934e+05,9.40530e-09,5.03157e-06,1.86926e-03,0,0.7638,0.7796
3.300,20.00,1.0,2.96951e+05,9.40530e-09,3.37076e-06,2.79026e-03,0,0.7638,0.7796
3.300,22.50,1.0,4.22808e+05,9.40530e-09,2.36739e-06,3.97286e-03,0,0.7638,0.7796
3.300,25.00,1.0,5.79983e+05,9.40530e-09,1.72583e-06,5.44973e-03,0,0.7638,0.7796
3.300,27.50,1.0,7.71958e+05,9.40530e-09,1.29664e-06,7.25360e-03,0,0.7638,0.7796
3.300,30.00,1.0,1.00221e+06,9.40530e-09,9.98743e-07,9.41714e-03,0,0.7638,0.7796
3.300,32.50,1.0,1.27422e+06,9.40530e-09,7.85538e-07,1.19731e-02,0,0.7638,0.7796
3.300,35.00,1.0,1.59147e+06,9.40530e-09,6.28946e-07,1.49541e-02,0,0.7638,0.7796
3.300,37.50,1.0,1.95744e+06,9.40530e-09,5.11356e-07,1.83929e-02,0,0.7638,0.7796
3.300,40.00,1.0,2.37561e+06,9.40530e-09,4.21345e-07,2.23221e-02,0,0.7638,0.7796
3.300,42.50,1.0,2.84946e+06,9.40530e-09,3.51278e-07,2.67745e-02,0,0.7638,0.7796
3.300,45.00,1.0,3.38246e+06,9.40530e-09,2.95924e-07,3.17828e-02,0,0.7638,0.7796
3.300,47.50,1.0,3.97811e+06,9.40530e-09,2.51615e-07,3.73797e-02,0,0.7638,0.7796
3.300,50.00,1.0,4.63987e+06,9.40530e-09,2.15728e-07,4.35979e-02,0,0.7638,0.7796
3.300,52.50,1.0,5.37122e+06,9.40530e-09,1.86354e-07,5.04700e-02,0,0.7638,0.7796
3.300,55.00,1.0,6.17566e+06,9.40530e-09,1.62080e-07,5.80288e-02,0,0.7638,0.7796
3.300,57.50,1.0,7.05666e+06,9.40530e-09,1.41845e-07,6.63069e-02,0,0.7638,0.7796
3.300,60.00,1.0,8.01769e+06,9.40530e-09,1.24843e-07,7.53371e-02,0,0.7638,0.7796
3.300,62.50,1.0,9.06224e+06,9.40530e-09,1.10453e-07,8.51521e-02,0,0.7638,0.7796
3.300,65.00,1.0,1.01938e+07,9.40530e-09,9.81923e-08,9.57845e-02,0,0.7638,0.7796
3.300,67.50,1.0,1.14158e+07,9.40530e-09,8.76811e-08,1.07267e-01,0,0.7638,0.7796
3.300,70.00,1.0,1.27318e+07,9.40530e-09,7.86182e-08,1.19633e-01,0,0.7638,0.7796
3.300,72.50,1.0,1.41452e+07,9.40530e-09,7.07625e-08,1.32914e-01,0,0.7638,0.7796
3.300,75.00,1.0,1.56595e+07,9.40530e-09,6.39195e-08,1.47143e-01,0,0.7638,0.7796
3.300,77.50,1.0,1.72783e+07,9.40530e-09,5.79312e-08,1.62353e-01,0,0.7638,0.7796
3.300,80.00,1.0,1.90049e+07,9.40530e-09,5.26681e-08,1.78577e-01,0,0.7638,0.7796
3.350,5.00,1.0,4.53638e+03,9.05827e-09,2.20650e-04,4.10527e-05,0,0.7638,0.7914
3.350,7.50,1.0,1.53103e+04,9.05827e-09,6.53777e-05,1.38553e-04,0,0.7638,0.7914
3.350,10.00,1.0,3.62910e+04,9.05827e-09,2.75812e-05,3.28422e-04,0,0.7638,0.7914
3.350,12.50,1.0,7.08809e+04,9.05827e-09,1.41216e-05,6.41449e-04,0,0.7638,0.7914
3.350,15.00,1.0,1.22482e+05,9.05827e-09,8.17222e-06,1.10842e-03,0,0.7638,0.7914
3.350,17.50,1.0,1.94497e+05,9.05827e-09,5.14635e-06,1.76013e-03,0,0.7638,0.7914
3.350,20.00,1.0,2.90328e+05,9.05827e-09,3.44765e-06,2.62737e-03,0,0.7638,0.7914
3.350,22.50,1.0,4.13377e+05,9.05827e-09,2.42140e-06,3.74093e-03,0,0.7638,0.7914
3.350,25.00,1.0,5.67047e+05,9.05827e-09,1.76520e-06,5.13159e-03,0,0.7638,0.7914
3.350,27.50,1.0,7.54740e+05,9.05827e-09,1.32622e-06,6.83014e-03,0,0.7638,0.7914
3.350,30.00,1.0,9.79857e+05,9.05827e-09,1.02153e-06,8.86739e-03,0,0.7638,0.7914
3.350,32.50,1.0,1.24580e+06,9.05827e-09,8.03459e-07,1.12741e-02,0,0.7638,0.7914
3.350,35.00,1.0,1.55598e+06,9.05827e-09,6.43294e-07,1.40811e-02,0,0.7638,0.7914
3.350,37.50,1.0,1.91378e+06,9.05827e-09,5.23022e-07,1.73191e-02,0,0.7638,0.7914
3.350,40.00,1.0,2.32262e+06,9.05827e-09,4.30957e-07,2.10190e-02,0,0.7638,0.7914
3.350,42.50,1.0,2.78590e+06,9.05827e-09,3.59291e-07,2.52115e-02,0,0.7638,0.7914
3.350,45.00,1.0,3.30702e+06,9.05827e-09,3.02675e-07,2.99274e-02,0,0.7638,0.7914
3.350,47.50,1.0,3.88938e+06,9.05827e-09,2.57355e-07,3.51976e-02,0,0.7638,0.7914
3.350,50.00,1.0,4.53638e+06,9.05827e-09,2.20650e-07,4.10527e-02,0,0.7638,0.7914
3.350,52.50,1.0,5.25142e+06,9.05827e-09,1.90606e-07,4.75236e-02,0,0.7638,0.7914
3.350,55.00,1.0,6.03792e+06,9.05827e-09,1.65777e-07,5.46412e-02,0,0.7638,0.7914
3.350,57.50,1.0,6.89926e+06,9.05827e-09,1.45081e-07,6.24360e-02,0,0.7638,0.7914
3.350,60.00,1.0,7.83886e+06,9.05827e-09,1.27691e-07,7.09391e-02,0,0.7638,0.7914
3.350,62.50,1.0,8.86011e+06,9.05827e-09,1.12973e-07,8.01811e-02,0,0.7638,0.7914
3.350,65.00,1.0,9.96642e+06,9.05827e-09,1.00432e-07,9.01928e-02,0,0.7638,0.7914
3.350,67.50,1.0,1.11612e+07,9.05827e-09,8.96814e-08,1.01005e-01,0,0.7638,0.7914
3.350,70.00,1.0,1.24478e+07,9.05827e-09,8.04117e-08,1.12649e-01,0,0.7638,0.7914
3.350,72.50,1.0,1.38297e+07,9.05827e-09,7.23768e-08,1.25154e-01,0,0.7638,0.7914
3.350,75.00,1.0,1.53103e+07,9.05827e-09,6.53777e-08,1.38553e-01,0,0.7638,0.7914
3.350,77.50,1.0,1.68929e+07,9.05827e-09,5.92527e-08,1.52875e-01,0,0.7638,0.7914
3.350,80.00,1.0,1.85810e+07,9.05827e-09,5.38696e-08,1.68152e-01,0,0.7638,0.7914
3.400,5.00,1.0,4.43668e+03,8.72891e-09,2.25608e-04,3.86906e-05,0,0.7638,0.8032
3.400,7.50,1.0,1.49738e+04,8.72891e-09,6.68469e-05,1.30581e-04,0,0.7638,0.8032
3.400,10.00,1.0,3.54934e+04,8.72891e-09,2.82010e-05,3.09525e-04,0,0.7638,0.8032
3.400,12.50,1.0,6.93231e+04,8.72891e-09,1.44389e-05,6.04541e-04,0,0.7638,0.8032
3.400,15.00,1.0,1.19790e+05,8.72891e-09,8.35586e-06,1.04465e-03,0,0.7638,0.8032
3.400,17.50,1.0,1.90223e+05,8.72891e-09,5.26200e-06,1.65886e-03,0,0.7638,0.8032
3.400,20.00,1.0,2.83947e+05,8.72891e-09,3.52513e-06,2.47620e-03,0,0.7638,0.8032
3.400,22.50,1.0,4.04292e+05,8.72891e-09,2.47581e-06,3.52568e-03,0,0.7638,0.8032
3.400,25.00,1.0,5.54585e+05,8.72891e-09,1.80487e-06,4.83632e-03,0,0.7638,0.8032
3.400,27.50,1.0,7.38152e+05,8.72891e-09,1.35602e-06,6.43715e-03,0,0.7638,0.8032
3.400,30.00,1.0,9.58323e+05,8.72891e-09,1.04448e-06,8.35717e-03,0,0.7638,0.8032
3.400,32.50,1.0,1.21842e+06,8.72891e-09,8.21513e-07,1.06254e-02,0,0.7638,0.8032
3.400,35.00,1.0,1.52178e+06,8.72891e-09,6.57750e-07,1.32709e-02,0,0.7638,0.8032
3.400,37.50,1.0,1.87172e+06,8.72891e-09,5.34775e-07,1.63226e-02,0,0.7638,0.8032
3.400,40.00,1.0,2.27158e+06,8.72891e-09,4.40641e-07,1.98096e-02,0,0.7638,0.8032
3.400,42.50,1.0,2.72468e+06,8.72891e-09,3.67365e-07,2.37609e-02,0,0.7638,0.8032
3.400,45.00,1.0,3.23434e+06,8.72891e-09,3.09476e-07,2.82054e-02,0,0.7638,0.8032
3.400,47.50,1.0,3.80390e+06,8.72891e-09,2.63138e-07,3.31723e-02,0,0.7638,0.8032
3.400,50.00,1.0,4.43668e+06,8.72891e-09,2.25608e-07,3.86906e-02,0,0.7638,0.8032
3.400,52.50,1.0,5.13601e+06,8.72891e-09,1.94889e-07,4.47892e-02,0,0.7638,0.8032
3.400,55.00,1.0,5.90522e+06,8.72891e-09,1.69503e-07,5.14972e-02,0,0.7638,0.8032
3.400,57.50,1.0,6.74763e+06,8.72891e-09,1.48341e-07,5.88436e-02,0,0.7638,0.8032
3.400,60.00,1.0,7.66658e+06,8.72891e-09,1.30560e-07,6.68573e-02,0,0.7638,0.8032
3.400,62.50,1.0,8.66539e+06,8.72891e-09,1.15511e-07,7.55676e-02,0,0.7638,0.8032
3.400,65.00,1.0,9.74738e+06,8.72891e-09,1.02689e-07,8.50032e-02,0,0.7638,0.8032
3.400,67.50,1.0,1.09159e+07,8.72891e-09,9.16966e-08,9.51934e-02,0,0.7638,0.8032
3.400,70.00,1.0,1.21742e+07,8.72891e-09,8.22187e-08,1.06167e-01,0,0.7638,0.8032
3.400,72.50,1.0,1.35258e+07,8.72891e-09,7.40032e-08,1.17953e-01,0,0.7638,0.8032
3.400,75.00,1.0,1.49738e+07,8.72891e-09,6.68469e-08,1.30581e-01,0,0.7638,0.8032
3.400,77.50,1.0,1.65216e+07,8.72891e-09,6.05842e-08,1.44079e-01,0,0.7638,0.8032
3.400,80.00,1.0,1.81726e+07,8.72891e-09,5.50801e-08,1.58477e-01,0,0.7638,0.8032
3.450,5.00,1.0,4.34058e+03,8.41608e-09,2.30603e-04,3.64959e-05,0,0.7638,0.8150
3.450,7.50,1.0,1.46495e+04,8.41608e-09,6.83268e-05,1.23174e-04,0,0.7638,0.8150
3.450,10.00,1.0,3.47246e+04,8.41608e-09,2.88254e-05,2.91968e-04,0,0.7638,0.8150
3.450,12.50,1.0,6.78216e+04,8.41608e-09,1.47586e-05,5.70249e-04,0,0.7638,0.8150
3.450,15.00,1.0,1.17196e+05,8.41608e-09,8.54085e-06,9.85391e-04,0,0.7638,0.8150
3.450,17.50,1.0,1.86102e+05,8.41608e-09,5.37850e-06,1.56476e-03,0,0.7638,0.8150
3.450,20.00,1.0,2.77797e+05,8.41608e-09,3.60317e-06,2.33574e-03,0,0.7638,0.8150
3.450,22.50,1.0,3.95535e+05,8.41608e-09,2.53062e-06,3.32569e-03,0,0.7638,0.8150
3.450,25.00,1.0,5.42572e+05,8.41608e-09,1.84482e-06,4.56199e-03,0,0.7638,0.8150
3.450,27.50,1.0,7.22164e+05,8.41608e-09,1.38604e-06,6.07201e-03,0,0.7638,0.8150
3.450,30.00,1.0,9.37565e+05,8.41608e-09,1.06761e-06,7.88313e-03,0,0.7638,0.8150
3.450,32.50,1.0,1.19203e+06,8.41608e-09,8.39702e-07,1.00227e-02,0,0.7638,0.8150
3.450,35.00,1.0,1.48882e+06,8.41608e-09,6.72312e-07,1.25181e-02,0,0.7638,0.8150
3.450,37.50,1.0,1.83118e+06,8.41608e-09,5.46615e-07,1.53967e-02,0,0.7638,0.8150
3.450,40.00,1.0,2.22238e+06,8.41608e-09,4.50397e-07,1.86859e-02,0,0.7638,0.8150
3.450,42.50,1.0,2.66566e+06,8.41608e-09,3.75499e-07,2.24131e-02,0,0.7638,0.8150
3.450,45.00,1.0,3.16428e+06,8.41608e-09,3.16328e-07,2.66055e-02,0,0.7638,0.8150
3.450,47.50,1.0,3.72150e+06,8.41608e-09,2.68964e-07,3.12907e-02,0,0.7638,0.8150
3.450,50.00,1.0,4.34058e+06,8.41608e-09,2.30603e-07,3.64959e-02,0,0.7638,0.8150
3.450,52.50,1.0,5.02476e+06,8.41608e-09,1.99204e-07,4.22486e-02,0,0.7638,0.8150
3.450,55.00,1.0,5.77731e+06,8.41608e-09,1.73255e-07,4.85761e-02,0,0.7638,0.8150
3.450,57.50,1.0,6.60148e+06,8.41608e-09,1.51625e-07,5.55058e-02,0,0.7638,0.8150
3.450,60.00,1.0,7.50052e+06,8.41608e-09,1.33451e-07,6.30650e-02,0,0.7638,0.8150
3.450,62.50,1.0,8.47769e+06,8.41608e-09,1.18069e-07,7.12812e-02,0,0.7638,0.8150
3.450,65.00,1.0,9.53625e+06,8.41608e-09,1.04963e-07,8.01816e-02,0,0.7638,0.8150
3.450,67.50,1.0,1.06795e+07,8.41608e-09,9.37268e-08,8.97937e-02,0,0.7638,0.8150
3.450,70.00,1.0,1.19105e+07,8.41608e-09,8.40390e-08,1.00145e-01,0,0.7638,0.8150
3.450,72.50,1.0,1.32328e+07,8.41608e-09,7.56417e-08,1.11262e-01,0,0.7638,0.8150
3.450,75.00,1.0,1.46495e+07,8.41608e-09,6.83268e-08,1.23174e-01,0,0.7638,0.8150
3.450,77.50,1.0,1.61638e+07,8.41608e-09,6.19256e-08,1.35906e-01,0,0.7638,0.8150
3.450,80.00,1.0,1.77790e+07,8.41608e-09,5.62996e-08,1.49487e-01,0,0.7638,0.8150
3.500,5.00,1.0,4.24790e+03,8.11872e-09,2.35634e-04,3.44547e-05,0,0.7638,0.8268
3.500,7.50,1.0,1.43367e+04,8.11872e-09,6.98176e-05,1.16285e-04,0,0.7638,0.8268
3.500,10.00,1.0,3.39832e+04,8.11872e-09,2.94543e-05,2.75638e-04,0,0.7638,0.8268
3.500,12.50,1.0,6.63734e+04,8.11872e-09,1.50806e-05,5.38355e-04,0,0.7638,0.8268
3.500,15.00,1.0,1.14693e+05,8.11872e-09,8.72720e-06,9.30278e-04,0,0.7638,0.8268
3.500,17.50,1.0,1.82129e+05,8.11872e-09,5.49584e-06,1.47725e-03,0,0.7638,0.8268
3.500,20.00,1.0,2.71866e+05,8.11872e-09,3.68179e-06,2.20510e-03,0,0.7638,0.8268
3.500,22.50,1.0,3.87090e+05,8.11872e-09,2.58584e-06,3.13969e-03,0,0.7638,0.8268
3.500,25.00,1.0,5.30987e+05,8.11872e-09,1.88507e-06,4.30684e-03,0,0.7638,0.8268
3.500,27.50,1.0,7.06744e+05,8.11872e-09,1.41628e-06,5.73241e-03,0,0.7638,0.8268
3.500,30.00,1.0,9.17546e+05,8.11872e-09,1.09090e-06,7.44222e-03,0,0.7638,0.8268
3.500,32.50,1.0,1.16658e+06,8.11872e-09,8.58022e-07,9.46213e-03,0,0.7638,0.8268
3.500,35.00,1.0,1.45703e+06,8.11872e-09,6.86980e-07,1.18180e-02,0,0.7638,0.8268
3.500,37.50,1.0,1.79208e+06,8.11872e-09,5.58540e-07,1.45356e-02,0,0.7638,0.8268
3.500,40.00,1.0,2.17492e+06,8.11872e-09,4.60223e-07,1.76408e-02,0,0.7638,0.8268
3.500,42.50,1.0,2.60874e+06,8.11872e-09,3.83691e-07,2.11595e-02,0,0.7638,0.8268
3.500,45.00,1.0,3.09672e+06,8.11872e-09,3.23229e-07,2.51175e-02,0,0.7638,0.8268
3.500,47.50,1.0,3.64204e+06,8.11872e-09,2.74832e-07,2.95406e-02,0,0.7638,0.8268
3.500,50.00,1.0,4.24790e+06,8.11872e-09,2.35634e-07,3.44547e-02,0,0.7638,0.8268
3.500,52.50,1.0,4.91748e+06,8.11872e-09,2.03550e-07,3.98857e-02,0,0.7638,0.8268
3.500,55.00,1.0,5.65395e+06,8.11872e-09,1.77036e-07,4.58592e-02,0,0.7638,0.8268
3.500,57.50,1.0,6.46052e+06,8.11872e-09,1.54933e-07,5.24013e-02,0,0.7638,0.8268
3.500,60.00,1.0,7.34037e+06,8.11872e-09,1.36362e-07,5.95378e-02,0,0.7638,0.8268
3.500,62.50,1.0,8.29668e+06,8.11872e-09,1.20645e-07,6.72944e-02,0,0.7638,0.8268
3.500,65.00,1.0,9.33264e+06,8.11872e-09,1.07253e-07,7.56970e-02,0,0.7638,0.8268
3.500,67.50,1.0,1.04514e+07,8.11872e-09,9.57717e-08,8.47716e-02,0,0.7638,0.8268
3.500,70.00,1.0,1.16562e+07,8.11872e-09,8.58725e-08,9.45438e-02,0,0.7638,0.8268
3.500,72.50,1.0,1.29503e+07,8.11872e-09,7.72920e-08,1.05040e-01,0,0.7638,0.8268
3.500,75.00,1.0,1.43367e+07,8.11872e-09,6.98176e-08,1.16285e-01,0,0.7638,0.8268
3.500,77.50,1.0,1.58186e+07,8.11872e-09,6.32766e-08,1.28305e-01,0,0.7638,0.8268
3.500,80.00,1.0,1.73994e+07,8.11872e-09,5.75279e-08,1.41127e-01,0,0.7638,0.8268
3.550,5.00,1.0,4.15847e+03,7.83586e-09,2.40702e-04,3.25542e-05,0,0.7638,0.8386
3.550,7.50,1.0,1.40348e+04,7.83586e-09,7.13190e-05,1.09871e-04,0,0.7638,0.8386
3.550,10.00,1.0,3.32678e+04,7.83586e-09,3.00877e-05,2.60434e-04,0,0.7638,0.8386
3.550,12.50,1.0,6.49761e+04,7.83586e-09,1.54049e-05,5.08660e-04,0,0.7638,0.8386
3.550,15.00,1.0,1.12279e+05,7.83586e-09,8.91487e-06,8.78965e-04,0,0.7638,0.8386
3.550,17.50,1.0,1.78294e+05,7.83586e-09,5.61403e-06,1.39576e-03,0,0.7638,0.8386
3.550,20.00,1.0,2.66142e+05,7.83586e-09,3.76096e-06,2.08347e-03,0,0.7638,0.8386
3.550,22.50,1.0,3.78941e+05,7.83586e-09,2.64144e-06,2.96651e-03,0,0.7638,0.8386
3.550,25.00,1.0,5.19809e+05,7.83586e-09,1.92561e-06,4.06928e-03,0,0.7638,0.8386
3.550,27.50,1.0,6.91866e+05,7.83586e-09,1.44674e-06,5.41621e-03,0,0.7638,0.8386
3.550,30.00,1.0,8.98230e+05,7.83586e-09,1.11436e-06,7.03172e-03,0,0.7638,0.8386
3.550,32.50,1.0,1.14202e+06,7.83586e-09,8.76474e-07,8.94021e-03,0,0.7638,0.8386
3.550,35.00,1.0,1.42636e+06,7.83586e-09,7.01754e-07,1.11661e-02,0,0.7638,0.8386
3.550,37.50,1.0,1.75436e+06,7.83586e-09,5.70552e-07,1.37338e-02,0,0.7638,0.8386
3.550,40.00,1.0,2.12914e+06,7.83586e-09,4.70120e-07,1.66678e-02,0,0.7638,0.8386
3.550,42.50,1.0,2.55382e+06,7.83586e-09,3.91942e-07,1.99924e-02,0,0.7638,0.8386
3.550,45.00,1.0,3.03153e+06,7.83586e-09,3.30180e-07,2.37320e-02,0,0.7638,0.8386
3.550,47.50,1.0,3.56537e+06,7.83586e-09,2.80742e-07,2.79112e-02,0,0.7638,0.8386
3.550,50.00,1.0,4.15847e+06,7.83586e-09,2.40702e-07,3.25542e-02,0,0.7638,0.8386
3.550,52.50,1.0,4.81395e+06,7.83586e-09,2.07927e-07,3.76856e-02,0,0.7638,0.8386
3.550,55.00,1.0,5.53493e+06,7.83586e-09,1.80843e-07,4.33297e-02,0,0.7638,0.8386
3.550,57.50,1.0,6.32452e+06,7.83586e-09,1.58265e-07,4.95109e-02,0,0.7638,0.8386
3.550,60.00,1.0,7.18584e+06,7.83586e-09,1.39295e-07,5.62537e-02,0,0.7638,0.8386
3.550,62.50,1.0,8.12202e+06,7.83586e-09,1.23239e-07,6.35825e-02,0,0.7638,0.8386
3.550,65.00,1.0,9.13616e+06,7.83586e-09,1.09559e-07,7.15217e-02,0,0.7638,0.8386
3.550,67.50,1.0,1.02314e+07,7.83586e-09,9.78313e-08,8.00957e-02,0,0.7638,0.8386
3.550,70.00,1.0,1.14108e+07,7.83586e-09,8.77192e-08,8.93288e-02,0,0.7638,0.8386
3.550,72.50,1.0,1.26776e+07,7.83586e-09,7.89541e-08,9.92457e-02,0,0.7638,0.8386
3.550,75.00,1.0,1.40348e+07,7.83586e-09,7.13190e-08,1.09871e-01,0,0.7638,0.8386
3.550,77.50,1.0,1.54856e+07,7.83586e-09,6.46374e-08,1.21228e-01,0,0.7638,0.8386
3.550,80.00,1.0,1.70331e+07,7.83586e-09,5.87650e-08,1.33342e-01,0,0.7638,0.8386
3.600,5.00,1.0,4.07214e+03,7.56661e-09,2.45805e-04,3.07830e-05,0,0.7638,0.8505
3.600,7.50,1.0,1.37435e+04,7.56661e-09,7.28310e-05,1.03893e-04,0,0.7638,0.8505
3.600,10.00,1.0,3.25771e+04,7.56661e-09,3.07256e-05,2.46264e-04,0,0.7638,0.8505
3.600,12.50,1.0,6.36272e+04,7.56661e-09,1.57315e-05,4.80984e-04,0,0.7638,0.8505
3.600,15.00,1.0,1.09948e+05,7.56661e-09,9.10388e-06,8.31141e-04,0,0.7638,0.8505
3.600,17.50,1.0,1.74593e+05,7.56661e-09,5.73305e-06,1.31982e-03,0,0.7638,0.8505
3.600,20.00,1.0,2.60617e+05,7.56661e-09,3.84070e-06,1.97011e-03,0,0.7638,0.8505
3.600,22.50,1.0,3.71074e+05,7.56661e-09,2.69745e-06,2.80510e-03,0,0.7638,0.8505
3.600,25.00,1.0,5.09017e+05,7.56661e-09,1.96644e-06,3.84788e-03,0,0.7638,0.8505
3.600,27.50,1.0,6.77502e+05,7.56661e-09,1.47741e-06,5.12152e-03,0,0.7638,0.8505
3.600,30.00,1.0,8.79582e+05,7.56661e-09,1.13798e-06,6.64913e-03,0,0.7638,0.8505
3.600,32.50,1.0,1.11831e+06,7.56661e-09,8.95056e-07,8.45378e-03,0,0.7638,0.8505
3.600,35.00,1.0,1.39674e+06,7.56661e-09,7.16632e-07,1.05586e-02,0,0.7638,0.8505
3.600,37.50,1.0,1.71793e+06,7.56661e-09,5.82648e-07,1.29866e-02,0,0.7638,0.8505
3.600,40.00,1.0,2.08494e+06,7.56661e-09,4.80087e-07,1.57609e-02,0,0.7638,0.8505
3.600,42.50,1.0,2.50080e+06,7.56661e-09,4.00252e-07,1.89046e-02,0,0.7638,0.8505
3.600,45.00,1.0,2.96859e+06,7.56661e-09,3.37181e-07,2.24408e-02,0,0.7638,0.8505
3.600,47.50,1.0,3.49135e+06,7.56661e-09,2.86694e-07,2.63926e-02,0,0.7638,0.8505
3.600,50.00,1.0,4.07214e+06,7.56661e-09,2.45805e-07,3.07830e-02,0,0.7638,0.8505
3.600,52.50,1.0,4.71401e+06,7.56661e-09,2.12335e-07,3.56352e-02,0,0.7638,0.8505
3.600,55.00,1.0,5.42002e+06,7.56661e-09,1.84677e-07,4.09722e-02,0,0.7638,0.8505
3.600,57.50,1.0,6.19321e+06,7.56661e-09,1.61621e-07,4.68171e-02,0,0.7638,0.8505
3.600,60.00,1.0,7.03666e+06,7.56661e-09,1.42248e-07,5.31930e-02,0,0.7638,0.8505
3.600,62.50,1.0,7.95340e+06,7.56661e-09,1.25852e-07,6.01231e-02,0,0.7638,0.8505
3.600,65.00,1.0,8.94649e+06,7.56661e-09,1.11882e-07,6.76303e-02,0,0.7638,0.8505
3.600,67.50,1.0,1.00190e+07,7.56661e-09,9.99054e-08,7.57377e-02,0,0.7638,0.8505
3.600,70.00,1.0,1.11739e+07,7.56661e-09,8.95790e-08,8.44686e-02,0,0.7638,0.8505
3.600,72.50,1.0,1.24144e+07,7.56661e-09,8.06280e-08,9.38458e-02,0,0.7638,0.8505
3.600,75.00,1.0,1.37435e+07,7.56661e-09,7.28310e-08,1.03893e-01,0,0.7638,0.8505
3.600,77.50,1.0,1.51641e+07,7.56661e-09,6.60078e-08,1.14632e-01,0,0.7638,0.8505
3.600,80.00,1.0,1.66795e+07,7.56661e-09,6.00109e-08,1.26087e-01,0,0.7638,0.8505
3.650,5.00,1.0,3.98875e+03,7.31013e-09,2.50943e-04,2.91306e-05,0,0.7638,0.8623
3.650,7.50,1.0,1.34620e+04,7.31013e-09,7.43536e-05,9.83158e-05,0,0.7638,0.8623
3.650,10.00,1.0,3.19100e+04,7.31013e-09,3.13679e-05,2.33045e-04,0,0.7638,0.8623
3.650,12.50,1.0,6.23243e+04,7.31013e-09,1.60604e-05,4.55166e-04,0,0.7638,0.8623
3.650,15.00,1.0,1.07696e+05,7.31013e-09,9.29420e-06,7.86526e-04,0,0.7638,0.8623
3.650,17.50,1.0,1.71018e+05,7.31013e-09,5.85291e-06,1.24897e-03,0,0.7638,0.8623
3.650,20.00,1.0,2.55280e+05,7.31013e-09,3.92099e-06,1.86436e-03,0,0.7638,0.8623
3.650,22.50,1.0,3.63475e+05,7.31013e-09,2.75384e-06,2.65453e-03,0,0.7638,0.8623
3.650,25.00,1.0,4.98594e+05,7.31013e-09,2.00755e-06,3.64133e-03,0,0.7638,0.8623
3.650,27.50,1.0,6.63629e+05,7.31013e-09,1.50830e-06,4.84661e-03,0,0.7638,0.8623
3.650,30.00,1.0,8.61570e+05,7.31013e-09,1.16177e-06,6.29221e-03,0,0.7638,0.8623
3.650,32.50,1.0,1.09541e+06,7.31013e-09,9.13767e-07,7.99999e-03,0,0.7638,0.8623
3.650,35.00,1.0,1.36814e+06,7.31013e-09,7.31613e-07,9.99180e-03,0,0.7638,0.8623
3.650,37.50,1.0,1.68275e+06,7.31013e-09,5.94829e-07,1.22895e-02,0,0.7638,0.8623
3.650,40.00,1.0,2.04224e+06,7.31013e-09,4.90124e-07,1.49149e-02,0,0.7638,0.8623
3.650,42.50,1.0,2.44959e+06,7.31013e-09,4.08619e-07,1.78898e-02,0,0.7638,0.8623
3.650,45.00,1.0,2.90780e+06,7.31013e-09,3.44230e-07,2.12362e-02,0,0.7638,0.8623
3.650,47.50,1.0,3.41986e+06,7.31013e-09,2.92688e-07,2.49759e-02,0,0.7638,0.8623
3.650,50.00,1.0,3.98875e+06,7.31013e-09,2.50943e-07,2.91306e-02,0,0.7638,0.8623
3.650,52.50,1.0,4.61748e+06,7.31013e-09,2.16774e-07,3.37223e-02,0,0.7638,0.8623
3.650,55.00,1.0,5.30903e+06,7.31013e-09,1.88537e-07,3.87728e-02,0,0.7638,0.8623
3.650,57.50,1.0,6.06639e+06,7.31013e-09,1.64999e-07,4.43040e-02,0,0.7638,0.8623
3.650,60.00,1.0,6.89256e+06,7.31013e-09,1.45222e-07,5.03377e-02,0,0.7638,0.8623
3.650,62.50,1.0,7.79053e+06,7.31013e-09,1.28483e-07,5.68957e-02,0,0.7638,0.8623
3.650,65.00,1.0,8.76329e+06,7.31013e-09,1.14221e-07,6.40000e-02,0,0.7638,0.8623
3.650,67.50,1.0,9.81383e+06,7.31013e-09,1.01994e-07,7.16722e-02,0,0.7638,0.8623
3.650,70.00,1.0,1.09451e+07,7.31013e-09,9.14517e-08,7.99344e-02,0,0.7638,0.8623
3.650,72.50,1.0,1.21602e+07,7.31013e-09,8.23136e-08,8.88083e-02,0,0.7638,0.8623
3.650,75.00,1.0,1.34620e+07,7.31013e-09,7.43536e-08,9.83158e-02,0,0.7638,0.8623
3.650,77.50,1.0,1.48536e+07,7.31013e-09,6.73877e-08,1.08479e-01,0,0.7638,0.8623
3.650,80.00,1.0,1.63379e+07,7.31013e-09,6.12655e-08,1.19319e-01,0,0.7638,0.8623
3.700,5.00,1.0,3.90817e+03,7.06567e-09,2.56117e-04,2.75876e-05,0,0.7638,0.8741
3.700,7.50,1.0,1.31901e+04,7.06567e-09,7.58866e-05,9.31082e-05,0,0.7638,0.8741
3.700,10.00,1.0,3.12654e+04,7.06567e-09,3.20147e-05,2.20701e-04,0,0.7638,0.8741
3.700,12.50,1.0,6.10652e+04,7.06567e-09,1.63915e-05,4.31056e-04,0,0.7638,0.8741
3.700,15.00,1.0,1.05521e+05,7.06567e-09,9.48583e-06,7.44866e-04,0,0.7638,0.8741
3.700,17.50,1.0,1.67563e+05,7.06567e-09,5.97358e-06,1.18282e-03,0,0.7638,0.8741
3.700,20.00,1.0,2.50123e+05,7.06567e-09,4.00183e-06,1.76561e-03,0,0.7638,0.8741
3.700,22.50,1.0,3.56132e+05,7.06567e-09,2.81062e-06,2.51392e-03,0,0.7638,0.8741
3.700,25.00,1.0,4.88522e+05,7.06567e-09,2.04894e-06,3.44845e-03,0,0.7638,0.8741
3.700,27.50,1.0,6.50222e+05,7.06567e-09,1.53940e-06,4.58989e-03,0,0.7638,0.8741
3.700,30.00,1.0,8.44165e+05,7.06567e-09,1.18573e-06,5.95892e-03,0,0.7638,0.8741
3.700,32.50,1.0,1.07328e+06,7.06567e-09,9.32608e-07,7.57625e-03,0,0.7638,0.8741
3.700,35.00,1.0,1.34050e+06,7.06567e-09,7.46698e-07,9.46255e-03,0,0.7638,0.8741
3.700,37.50,1.0,1.64876e+06,7.06567e-09,6.07093e-07,1.16385e-02,0,0.7638,0.8741
3.700,40.00,1.0,2.00098e+06,7.06567e-09,5.00229e-07,1.41249e-02,0,0.7638,0.8741
3.700,42.50,1.0,2.40011e+06,7.06567e-09,4.17044e-07,1.69422e-02,0,0.7638,0.8741
3.700,45.00,1.0,2.84906e+06,7.06567e-09,3.51327e-07,2.01114e-02,0,0.7638,0.8741
3.700,47.50,1.0,3.35077e+06,7.06567e-09,2.98723e-07,2.36529e-02,0,0.7638,0.8741
3.700,50.00,1.0,3.90817e+06,7.06567e-09,2.56117e-07,2.75876e-02,0,0.7638,0.8741
3.700,52.50,1.0,4.52420e+06,7.06567e-09,2.21244e-07,3.19361e-02,0,0.7638,0.8741
3.700,55.00,1.0,5.20178e+06,7.06567e-09,1.92425e-07,3.67191e-02,0,0.7638,0.8741
3.700,57.50,1.0,5.94384e+06,7.06567e-09,1.68401e-07,4.19573e-02,0,0.7638,0.8741
3.700,60.00,1.0,6.75332e+06,7.06567e-09,1.48216e-07,4.76714e-02,0,0.7638,0.8741
3.700,62.50,1.0,7.63315e+06,7.06567e-09,1.31132e-07,5.38821e-02,0,0.7638,0.8741
3.700,65.00,1.0,8.58626e+06,7.06567e-09,1.16576e-07,6.06100e-02,0,0.7638,0.8741
3.700,67.50,1.0,9.61557e+06,7.06567e-09,1.04097e-07,6.78759e-02,0,0.7638,0.8741
3.700,70.00,1.0,1.07240e+07,7.06567e-09,9.33372e-08,7.57004e-02,0,0.7638,0.8741
3.700,72.50,1.0,1.19146e+07,7.06567e-09,8.40108e-08,8.41043e-02,0,0.7638,0.8741
3.700,75.00,1.0,1.31901e+07,7.06567e-09,7.58866e-08,9.31082e-02,0,0.7638,0.8741
3.700,77.50,1.0,1.45535e+07,7.06567e-09,6.87771e-08,1.02733e-01,0,0.7638,0.8741
3.700,80.00,1.0,1.60079e+07,7.06567e-09,6.25286e-08,1.12999e-01,0,0.7638,0.8741
3.750,5.00,1.0,3.83027e+03,6.83249e-09,2.61326e-04,2.61454e-05,0,0.7638,0.8859
3.750,7.50,1.0,1.29272e+04,6.83249e-09,7.74300e-05,8.82409e-05,0,0.7638,0.8859
3.750,10.00,1.0,3.06422e+04,6.83249e-09,3.26658e-05,2.09164e-04,0,0.7638,0.8859
3.750,12.50,1.0,5.98480e+04,6.83249e-09,1.67249e-05,4.08523e-04,0,0.7638,0.8859
3.750,15.00,1.0,1.03417e+05,6.83249e-09,9.67876e-06,7.05927e-04,0,0.7638,0.8859
3.750,17.50,1.0,1.64223e+05,6.83249e-09,6.09508e-06,1.12099e-03,0,0.7638,0.8859
3.750,20.00,1.0,2.45137e+05,6.83249e-09,4.08323e-06,1.67331e-03,0,0.7638,0.8859
3.750,22.50,1.0,3.49033e+05,6.83249e-09,2.86778e-06,2.38250e-03,0,0.7638,0.8859
3.750,25.00,1.0,4.78784e+05,6.83249e-09,2.09061e-06,3.26818e-03,0,0.7638,0.8859
3.750,27.50,1.0,6.37261e+05,6.83249e-09,1.57071e-06,4.34995e-03,0,0.7638,0.8859
3.750,30.00,1.0,8.27338e+05,6.83249e-09,1.20984e-06,5.64742e-03,0,0.7638,0.8859
3.750,32.50,1.0,1.05189e+06,6.83249e-09,9.51575e-07,7.18019e-03,0,0.7638,0.8859
3.750,35.00,1.0,1.31378e+06,6.83249e-09,7.61885e-07,8.96789e-03,0,0.7638,0.8859
3.750,37.50,1.0,1.61590e+06,6.83249e-09,6.19440e-07,1.10301e-02,0,0.7638,0.8859
3.750,40.00,1.0,1.96110e+06,6.83249e-09,5.10403e-07,1.33865e-02,0,0.7638,0.8859
3.750,42.50,1.0,2.35226e+06,6.83249e-09,4.25526e-07,1.60566e-02,0,0.7638,0.8859
3.750,45.00,1.0,2.79227e+06,6.83249e-09,3.58472e-07,1.90600e-02,0,0.7638,0.8859
3.750,47.50,1.0,3.28398e+06,6.83249e-09,3.04798e-07,2.24164e-02,0,0.7638,0.8859
3.750,50.00,1.0,3.83027e+06,6.83249e-09,2.61326e-07,2.61454e-02,0,0.7638,0.8859
3.750,52.50,1.0,4.43402e+06,6.83249e-09,2.25744e-07,3.02666e-02,0,0.7638,0.8859
3.750,55.00,1.0,5.09809e+06,6.83249e-09,1.96338e-07,3.47996e-02,0,0.7638,0.8859
3.750,57.50,1.0,5.82536e+06,6.83249e-09,1.71826e-07,3.97639e-02,0,0.7638,0.8859
3.750,60.00,1.0,6.61871e+06,6.83249e-09,1.51231e-07,4.51793e-02,0,0.7638,0.8859
3.750,62.50,1.0,7.48100e+06,6.83249e-09,1.33799e-07,5.10653e-02,0,0.7638,0.8859
3.750,65.00,1.0,8.41510e+06,6.83249e-09,1.18947e-07,5.74415e-02,0,0.7638,0.8859
3.750,67.50,1.0,9.42390e+06,6.83249e-09,1.06214e-07,6.43276e-02,0,0.7638,0.8859
3.750,70.00,1.0,1.05103e+07,6.83249e-09,9.52356e-08,7.17431e-02,0,0.7638,0.8859
3.750,72.50,1.0,1.16771e+07,6.83249e-09,8.57194e-08,7.97076e-02,0,0.7638,0.8859
3.750,75.00,1.0,1.29272e+07,6.83249e-09,7.74300e-08,8.82409e-02,0,0.7638,0.8859
3.750,77.50,1.0,1.42634e+07,6.83249e-09,7.01759e-08,9.73624e-02,0,0.7638,0.8859
3.750,80.00,1.0,1.56888e+07,6.83249e-09,6.38004e-08,1.07092e-01,0,0.7638,0.8859
3.800,5.00,1.0,3.75492e+03,6.60995e-09,2.66570e-04,2.47963e-05,0,0.7638,0.8977
3.800,7.50,1.0,1.26729e+04,6.60995e-09,7.89838e-05,8.36875e-05,0,0.7638,0.8977
3.800,10.00,1.0,3.00394e+04,6.60995e-09,3.33213e-05,1.98370e-04,0,0.7638,0.8977
3.800,12.50,1.0,5.86707e+04,6.60995e-09,1.70605e-05,3.87442e-04,0,0.7638,0.8977
3.800,15.00,1.0,1.01383e+05,6.60995e-09,9.87297e-06,6.69500e-04,0,0.7638,0.8977
3.800,17.50,1.0,1.60992e+05,6.60995e-09,6.21738e-06,1.06314e-03,0,0.7638,0.8977
3.800,20.00,1.0,2.40315e+05,6.60995e-09,4.16516e-06,1.58696e-03,0,0.7638,0.8977
3.800,22.50,1.0,3.42167e+05,6.60995e-09,2.92533e-06,2.25956e-03,0,0.7638,0.8977
3.800,25.00,1.0,4.69365e+05,6.60995e-09,2.13256e-06,3.09954e-03,0,0.7638,0.8977
3.800,27.50,1.0,6.24725e+05,6.60995e-09,1.60223e-06,4.12548e-03,0,0.7638,0.8977
3.800,30.00,1.0,8.11063e+05,6.60995e-09,1.23412e-06,5.35600e-03,0,0.7638,0.8977
3.800,32.50,1.0,1.03120e+06,6.60995e-09,9.70670e-07,6.80968e-03,0,0.7638,0.8977
3.800,35.00,1.0,1.28794e+06,6.60995e-09,7.77173e-07,8.50513e-03,0,0.7638,0.8977
3.800,37.50,1.0,1.58411e+06,6.60995e-09,6.31870e-07,1.04609e-02,0,0.7638,0.8977
3.800,40.00,1.0,1.92252e+06,6.60995e-09,5.20645e-07,1.26957e-02,0,0.7638,0.8977
3.800,42.50,1.0,2.30599e+06,6.60995e-09,4.34065e-07,1.52280e-02,0,0.7638,0.8977
3.800,45.00,1.0,2.73734e+06,6.60995e-09,3.65666e-07,1.80765e-02,0,0.7638,0.8977
3.800,47.50,1.0,3.21938e+06,6.60995e-09,3.10914e-07,2.12597e-02,0,0.7638,0.8977
3.800,50.00,1.0,3.75492e+06,6.60995e-09,2.66570e-07,2.47963e-02,0,0.7638,0.8977
3.800,52.50,1.0,4.34679e+06,6.60995e-09,2.30273e-07,2.87048e-02,0,0.7638,0.8977
3.800,55.00,1.0,4.99780e+06,6.60995e-09,2.00278e-07,3.30039e-02,0,0.7638,0.8977
3.800,57.50,1.0,5.71077e+06,6.60995e-09,1.75274e-07,3.77121e-02,0,0.7638,0.8977
3.800,60.00,1.0,6.48851e+06,6.60995e-09,1.54265e-07,4.28480e-02,0,0.7638,0.8977
3.800,62.50,1.0,7.33383e+06,6.60995e-09,1.36484e-07,4.84302e-02,0,0.7638,0.8977
3.800,65.00,1.0,8.24956e+06,6.60995e-09,1.21334e-07,5.44774e-02,0,0.7638,0.8977
3.800,67.50,1.0,9.23852e+06,6.60995e-09,1.08345e-07,6.10082e-02,0,0.7638,0.8977
3.800,70.00,1.0,1.03035e+07,6.60995e-09,9.71466e-08,6.80410e-02,0,0.7638,0.8977
3.800,72.50,1.0,1.14473e+07,6.60995e-09,8.74395e-08,7.55946e-02,0,0.7638,0.8977
3.800,75.00,1.0,1.26729e+07,6.60995e-09,7.89838e-08,8.36875e-02,0,0.7638,0.8977
3.800,77.50,1.0,1.39829e+07,6.60995e-09,7.15841e-08,9.23383e-02,0,0.7638,0.8977
3.800,80.00,1.0,1.53802e+07,6.60995e-09,6.50806e-08,1.01566e-01,0,0.7638,0.8977
3.850,5.00,1.0,3.68201e+03,6.39743e-09,2.71849e-04,2.35330e-05,0,0.7638,0.9095
3.850,7.50,1.0,1.24268e+04,6.39743e-09,8.05478e-05,7.94240e-05,0,0.7638,0.9095
3.850,10.00,1.0,2.94561e+04,6.39743e-09,3.39811e-05,1.88264e-04,0,0.7638,0.9095
3.850,12.50,1.0,5.75314e+04,6.39743e-09,1.73983e-05,3.67704e-04,0,0.7638,0.9095
3.850,15.00,1.0,9.94143e+04,6.39743e-09,1.00685e-05,6.35392e-04,0,0.7638,0.9095
3.850,17.50,1.0,1.57866e+05,6.39743e-09,6.34050e-06,1.00898e-03,0,0.7638,0.9095
3.850,20.00,1.0,2.35649e+05,6.39743e-09,4.24764e-06,1.50611e-03,0,0.7638,0.9095
3.850,22.50,1.0,3.35523e+05,6.39743e-09,2.98325e-06,2.14445e-03,0,0.7638,0.9095
3.850,25.00,1.0,4.60252e+05,6.39743e-09,2.17479e-06,2.94163e-03,0,0.7638,0.9095
3.850,27.50,1.0,6.12595e+05,6.39743e-09,1.63395e-06,3.91531e-03,0,0.7638,0.9095
3.850,30.00,1.0,7.95315e+05,6.39743e-09,1.25856e-06,5.08314e-03,0,0.7638,0.9095
3.850,32.50,1.0,1.01117e+06,6.39743e-09,9.89891e-07,6.46276e-03,0,0.7638,0.9095
3.850,35.00,1.0,1.26293e+06,6.39743e-09,7.92562e-07,8.07183e-03,0,0.7638,0.9095
3.850,37.50,1.0,1.55335e+06,6.39743e-09,6.44382e-07,9.92800e-03,0,0.7638,0.9095
3.850,40.00,1.0,1.88519e+06,6.39743e-09,5.30955e-07,1.20489e-02,0,0.7638,0.9095
3.850,42.50,1.0,2.26122e+06,6.39743e-09,4.42660e-07,1.44522e-02,0,0.7638,0.9095
3.850,45.00,1.0,2.68419e+06,6.39743e-09,3.72907e-07,1.71556e-02,0,0.7638,0.9095
3.850,47.50,1.0,3.15687e+06,6.39743e-09,3.17071e-07,2.01766e-02,0,0.7638,0.9095
3.850,50.00,1.0,3.68201e+06,6.39743e-09,2.71849e-07,2.35330e-02,0,0.7638,0.9095
3.850,52.50,1.0,4.26239e+06,6.39743e-09,2.34833e-07,2.72424e-02,0,0.7638,0.9095
3.850,55.00,1.0,4.90076e+06,6.39743e-09,2.04244e-07,3.13225e-02,0,0.7638,0.9095
3.850,57.50,1.0,5.59988e+06,6.39743e-09,1.78745e-07,3.57908e-02,0,0.7638,0.9095
3.850,60.00,1.0,6.36252e+06,6.39743e-09,1.57320e-07,4.06651e-02,0,0.7638,0.9095
3.850,62.50,1.0,7.19143e+06,6.39743e-09,1.39187e-07,4.59630e-02,0,0.7638,0.9095
3.850,65.00,1.0,8.08938e+06,6.39743e-09,1.23736e-07,5.17021e-02,0,0.7638,0.9095
3.850,67.50,1.0,9.05913e+06,6.39743e-09,1.10491e-07,5.79001e-02,0,0.7638,0.9095
3.850,70.00,1.0,1.01034e+07,6.39743e-09,9.90703e-08,6.45747e-02,0,0.7638,0.9095
3.850,72.50,1.0,1.12251e+07,6.39743e-09,8.91710e-08,7.17434e-02,0,0.7638,0.9095
3.850,75.00,1.0,1.24268e+07,6.39743e-09,8.05478e-08,7.94240e-02,0,0.7638,0.9095
3.850,77.50,1.0,1.37114e+07,6.39743e-09,7.30016e-08,8.76341e-02,0,0.7638,0.9095
3.850,80.00,1.0,1.50815e+07,6.39743e-09,6.63693e-08,9.63914e-02,0,0.7638,0.9095
3.900,5.00,1.0,3.61143e+03,6.19435e-09,2.77162e-04,2.23492e-05,0,0.7638,0.9213
3.900,7.50,1.0,1.21886e+04,6.19435e-09,8.21220e-05,7.54287e-05,0,0.7638,0.9213
3.900,10.00,1.0,2.88915e+04,6.19435e-09,3.46452e-05,1.78794e-04,0,0.7638,0.9213
3.900,12.50,1.0,5.64286e+04,6.19435e-09,1.77384e-05,3.49207e-04,0,0.7638,0.9213
3.900,15.00,1.0,9.75087e+04,6.19435e-09,1.02653e-05,6.03429e-04,0,0.7638,0.9213
3.900,17.50,1.0,1.54840e+05,6.19435e-09,6.46441e-06,9.58223e-04,0,0.7638,0.9213
3.900,20.00,1.0,2.31132e+05,6.19435e-09,4.33065e-06,1.43035e-03,0,0.7638,0.9213
3.900,22.50,1.0,3.29092e+05,6.19435e-09,3.04156e-06,2.03657e-03,0,0.7638,0.9213
3.900,25.00,1.0,4.51429e+05,6.19435e-09,2.21729e-06,2.79365e-03,0,0.7638,0.9213
3.900,27.50,1.0,6.00852e+05,6.19435e-09,1.66589e-06,3.71835e-03,0,0.7638,0.9213
3.900,30.00,1.0,7.80069e+05,6.19435e-09,1.28316e-06,4.82743e-03,0,0.7638,0.9213
3.900,32.50,1.0,9.91789e+05,6.19435e-09,1.00924e-06,6.13766e-03,0,0.7638,0.9213
3.900,35.00,1.0,1.23872e+06,6.19435e-09,8.08052e-07,7.66579e-03,0,0.7638,0.9213
3.900,37.50,1.0,1.52357e+06,6.19435e-09,6.56976e-07,9.42858e-03,0,0.7638,0.9213
3.900,40.00,1.0,1.84905e+06,6.19435e-09,5.41332e-07,1.14428e-02,0,0.7638,0.9213
3.900,42.50,1.0,2.21787e+06,6.19435e-09,4.51312e-07,1.37252e-02,0,0.7638,0.9213
3.900,45.00,1.0,2.63273e+06,6.19435e-09,3.80194e-07,1.62926e-02,0,0.7638,0.9213
3.900,47.50,1.0,3.09635e+06,6.19435e-09,3.23268e-07,1.91617e-02,0,0.7638,0.9213
3.900,50.00,1.0,3.61143e+06,6.19435e-09,2.77162e-07,2.23492e-02,0,0.7638,0.9213
3.900,52.50,1.0,4.18068e+06,6.19435e-09,2.39423e-07,2.58720e-02,0,0.7638,0.9213
3.900,55.00,1.0,4.80682e+06,6.19435e-09,2.08236e-07,2.97468e-02,0,0.7638,0.9213
3.900,57.50,1.0,5.49254e+06,6.19435e-09,1.82238e-07,3.39904e-02,0,0.7638,0.9213
3.900,60.00,1.0,6.24055e+06,6.19435e-09,1.60395e-07,3.86195e-02,0,0.7638,0.9213
3.900,62.50,1.0,7.05358e+06,6.19435e-09,1.41907e-07,4.36508e-02,0,0.7638,0.9213
3.900,65.00,1.0,7.93432e+06,6.19435e-09,1.26155e-07,4.91013e-02,0,0.7638,0.9213
3.900,67.50,1.0,8.88548e+06,6.19435e-09,1.12650e-07,5.49875e-02,0,0.7638,0.9213
3.900,70.00,1.0,9.90977e+06,6.19435e-09,1.01006e-07,6.13263e-02,0,0.7638,0.9213
3.900,72.50,1.0,1.10099e+07,6.19435e-09,9.09137e-08,6.81344e-02,0,0.7638,0.9213
3.900,75.00,1.0,1.21886e+07,6.19435e-09,8.21220e-08,7.54287e-02,0,0.7638,0.9213
3.900,77.50,1.0,1.34485e+07,6.19435e-09,7.44283e-08,8.32257e-02,0,0.7638,0.9213
3.900,80.00,1.0,1.47924e+07,6.19435e-09,6.76664e-08,9.15425e-02,0,0.7638,0.9213
3.950,5.00,1.0,3.54308e+03,6.00019e-09,2.82509e-04,2.12389e-05,0,0.7638,0.9331
3.950,7.50,1.0,1.19579e+04,6.00019e-09,8.37063e-05,7.16814e-05,0,0.7638,0.9331
3.950,10.00,1.0,2.83446e+04,6.00019e-09,3.53136e-05,1.69911e-04,0,0.7638,0.9331
3.950,12.50,1.0,5.53606e+04,6.00019e-09,1.80806e-05,3.31858e-04,0,0.7638,0.9331
3.950,15.00,1.0,9.56631e+04,6.00019e-09,1.04633e-05,5.73451e-04,0,0.7638,0.9331
3.950,17.50,1.0,1.51909e+05,6.00019e-09,6.58913e-06,9.10619e-04,0,0.7638,0.9331
3.950,20.00,1.0,2.26757e+05,6.00019e-09,4.41420e-06,1.35929e-03,0,0.7638,0.9331
3.950,22.50,1.0,3.22863e+05,6.00019e-09,3.10023e-06,1.93540e-03,0,0.7638,0.9331
3.950,25.00,1.0,4.42885e+05,6.00019e-09,2.26007e-06,2.65487e-03,0,0.7638,0.9331
3.950,27.50,1.0,5.89480e+05,6.00019e-09,1.69802e-06,3.53363e-03,0,0.7638,0.9331
3.950,30.00,1.0,7.65305e+05,6.00019e-09,1.30791e-06,4.58761e-03,0,0.7638,0.9331
3.950,32.50,1.0,9.73018e+05,6.00019e-09,1.02871e-06,5.83274e-03,0,0.7638,0.9331
3.950,35.00,1.0,1.21528e+06,6.00019e-09,8.23641e-07,7.28495e-03,0,0.7638,0.9331
3.950,37.50,1.0,1.49474e+06,6.00019e-09,6.69651e-07,8.96017e-03,0,0.7638,0.9331
3.950,40.00,1.0,1.81406e+06,6.00019e-09,5.51775e-07,1.08743e-02,0,0.7638,0.9331
3.950,42.50,1.0,2.17589e+06,6.00019e-09,4.60018e-07,1.30434e-02,0,0.7638,0.9331
3.950,45.00,1.0,2.58290e+06,6.00019e-09,3.87529e-07,1.54832e-02,0,0.7638,0.9331
3.950,47.50,1.0,3.03775e+06,6.00019e-09,3.29504e-07,1.82097e-02,0,0.7638,0.9331
3.950,50.00,1.0,3.54308e+06,6.00019e-09,2.82509e-07,2.12389e-02,0,0.7638,0.9331
3.950,52.50,1.0,4.10156e+06,6.00019e-09,2.44042e-07,2.45867e-02,0,0.7638,0.9331
3.950,55.00,1.0,4.71584e+06,6.00019e-09,2.12253e-07,2.82690e-02,0,0.7638,0.9331
3.950,57.50,1.0,5.38858e+06,6.00019e-09,1.85754e-07,3.23018e-02,0,0.7638,0.9331
3.950,60.00,1.0,6.12244e+06,6.00019e-09,1.63489e-07,3.67009e-02,0,0.7638,0.9331
3.950,62.50,1.0,6.92007e+06,6.00019e-09,1.44645e-07,4.14823e-02,0,0.7638,0.9331
3.950,65.00,1.0,7.78414e+06,6.00019e-09,1.28588e-07,4.66619e-02,0,0.7638,0.9331
3.950,67.50,1.0,8.71730e+06,6.00019e-09,1.14823e-07,5.22557e-02,0,0.7638,0.9331
3.950,70.00,1.0,9.72221e+06,6.00019e-09,1.02955e-07,5.82796e-02,0,0.7638,0.9331
3.950,72.50,1.0,1.08015e+07,6.00019e-09,9.26676e-08,6.47495e-02,0,0.7638,0.9331
3.950,75.00,1.0,1.19579e+07,6.00019e-09,8.37063e-08,7.16814e-02,0,0.7638,0.9331
3.950,77.50,1.0,1.31940e+07,6.00019e-09,7.58642e-08,7.90911e-02,0,0.7638,0.9331
3.950,80.00,1.0,1.45124e+07,6.00019e-09,6.89719e-08,8.69947e-02,0,0.7638,0.9331
4.000,5.00,1.0,3.47685e+03,5.81443e-09,2.87890e-04,2.01967e-05,0,0.7638,0.9449
4.000,7.50,1.0,1.17344e+04,5.81443e-09,8.53007e-05,6.81640e-05,0,0.7638,0.9449
4.000,10.00,1.0,2.78148e+04,5.81443e-09,3.59862e-05,1.61574e-04,0,0.7638,0.9449
4.000,12.50,1.0,5.43258e+04,5.81443e-09,1.84250e-05,3.15574e-04,0,0.7638,0.9449
4.000,15.00,1.0,9.38750e+04,5.81443e-09,1.06626e-05,5.45312e-04,0,0.7638,0.9449
4.000,17.50,1.0,1.49070e+05,5.81443e-09,6.71463e-06,8.65935e-04,0,0.7638,0.9449
4.000,20.00,1.0,2.22519e+05,5.81443e-09,4.49828e-06,1.29259e-03,0,0.7638,0.9449
4.000,22.50,1.0,3.16828e+05,5.81443e-09,3.15929e-06,1.84043e-03,0,0.7638,0.9449
4.000,25.00,1.0,4.34607e+05,5.81443e-09,2.30312e-06,2.52459e-03,0,0.7638,0.9449
4.000,27.50,1.0,5.78461e+05,5.81443e-09,1.73037e-06,3.36023e-03,0,0.7638,0.9449
4.000,30.00,1.0,7.51000e+05,5.81443e-09,1.33282e-06,4.36249e-03,0,0.7638,0.9449
4.000,32.50,1.0,9.54831e+05,5.81443e-09,1.04830e-06,5.54653e-03,0,0.7638,0.9449
4.000,35.00,1.0,1.19256e+06,5.81443e-09,8.39329e-07,6.92748e-03,0,0.7638,0.9449
4.000,37.50,1.0,1.46680e+06,5.81443e-09,6.82406e-07,8.52050e-03,0,0.7638,0.9449
4.000,40.00,1.0,1.78015e+06,5.81443e-09,5.62285e-07,1.03407e-02,0,0.7638,0.9449
4.000,42.50,1.0,2.13522e+06,5.81443e-09,4.68781e-07,1.24033e-02,0,0.7638,0.9449
4.000,45.00,1.0,2.53463e+06,5.81443e-09,3.94911e-07,1.47234e-02,0,0.7638,0.9449
4.000,47.50,1.0,2.98097e+06,5.81443e-09,3.35781e-07,1.73162e-02,0,0.7638,0.9449
4.000,50.00,1.0,3.47685e+06,5.81443e-09,2.87890e-07,2.01967e-02,0,0.7638,0.9449
4.000,52.50,1.0,4.02489e+06,5.81443e-09,2.48690e-07,2.33802e-02,0,0.7638,0.9449
4.000,55.00,1.0,4.62769e+06,5.81443e-09,2.16296e-07,2.68818e-02,0,0.7638,0.9449
4.000,57.50,1.0,5.28786e+06,5.81443e-09,1.89292e-07,3.07167e-02,0,0.7638,0.9449
4.000,60.00,1.0,6.00800e+06,5.81443e-09,1.66603e-07,3.49000e-02,0,0.7638,0.9449
4.000,62.50,1.0,6.79073e+06,5.81443e-09,1.47400e-07,3.94467e-02,0,0.7638,0.9449
4.000,65.00,1.0,7.63865e+06,5.81443e-09,1.31038e-07,4.43722e-02,0,0.7638,0.9449
4.000,67.50,1.0,8.55436e+06,5.81443e-09,1.17011e-07,4.96915e-02,0,0.7638,0.9449
4.000,70.00,1.0,9.54049e+06,5.81443e-09,1.04916e-07,5.54198e-02,0,0.7638,0.9449
4.000,72.50,1.0,1.05996e+07,5.81443e-09,9.44327e-08,6.15723e-02,0,0.7638,0.9449
4.000,75.00,1.0,1.17344e+07,5.81443e-09,8.53007e-08,6.81640e-02,0,0.7638,0.9449
4.000,77.50,1.0,1.29474e+07,5.81443e-09,7.73092e-08,7.52101e-02,0,0.7638,0.9449
4.000,80.00,1.0,1.42412e+07,5.81443e-09,7.02856e-08,8.27258e-02,0,0.7638,0.9449
0.050,5.00,5.0,4.99465e+05,3.32838e-04,2.01169e-06,1.65452e+02,1,0.7638,0.0118
0.050,7.50,5.0,1.68569e+06,3.32838e-04,5.96057e-07,5.58399e+02,1,0.7638,0.0118
0.050,10.00,5.0,3.99572e+06,3.32838e-04,2.51461e-07,1.32361e+03,1,0.7638,0.0118
0.050,12.50,5.0,7.80414e+06,3.32838e-04,1.28748e-07,2.58518e+03,1,0.7638,0.0118
0.050,15.00,5.0,1.34855e+07,3.32838e-04,7.45071e-08,4.46719e+03,1,0.7638,0.0118
0.050,17.50,5.0,2.14146e+07,3.32838e-04,4.69199e-08,7.09374e+03,1,0.7638,0.0118
0.050,20.00,5.0,3.19657e+07,3.32838e-04,3.14327e-08,1.05889e+04,1,0.7638,0.0118
0.050,22.50,5.0,4.55137e+07,3.32838e-04,2.20762e-08,1.50768e+04,1,0.7638,0.0118
0.050,25.00,5.0,6.24331e+07,3.32838e-04,1.60935e-08,2.06815e+04,1,0.7638,0.0118
0.050,27.50,5.0,8.30984e+07,3.32838e-04,1.20913e-08,2.75270e+04,1,0.7638,0.0118
0.050,30.00,5.0,1.07884e+08,3.32838e-04,9.31339e-09,3.57375e+04,1,0.7638,0.0118
0.050,32.50,5.0,1.37166e+08,3.32838e-04,7.32523e-09,4.54372e+04,1,0.7638,0.0118
0.050,35.00,5.0,1.71316e+08,3.32838e-04,5.86499e-09,5.67499e+04,1,0.7638,0.0118
0.050,37.50,5.0,2.10712e+08,3.32838e-04,4.76845e-09,6.97999e+04,1,0.7638,0.0118
0.050,40.00,5.0,2.55726e+08,3.32838e-04,3.92909e-09,8.47112e+04,1,0.7638,0.0118
0.050,42.50,5.0,3.06734e+08,3.32838e-04,3.27570e-09,1.01608e+05,1,0.7638,0.0118
0.050,45.00,5.0,3.64110e+08,3.32838e-04,2.75952e-09,1.20614e+05,1,0.7638,0.0118
0.050,47.50,5.0,4.28229e+08,3.32838e-04,2.34634e-09,1.41854e+05,1,0.7638,0.0118
0.050,50.00,5.0,4.99465e+08,3.32838e-04,2.01169e-09,1.65452e+05,1,0.7638,0.0118
0.050,52.50,5.0,5.78193e+08,3.32838e-04,1.73777e-09,1.91531e+05,1,0.7638,0.0118
0.050,55.00,5.0,6.64788e+08,3.32838e-04,1.51141e-09,2.20216e+05,1,0.7638,0.0118
0.050,57.50,5.0,7.59623e+08,3.32838e-04,1.32272e-09,2.51631e+05,1,0.7638,0.0118
0.050,60.00,5.0,8.63075e+08,3.32838e-04,1.16417e-09,2.85900e+05,1,0.7638,0.0118
0.050,62.50,5.0,9.75517e+08,3.32838e-04,1.02999e-09,3.23148e+05,1,0.7638,0.0118
0.050,65.00,5.0,1.09732e+09,3.32838e-04,9.15654e-10,3.63497e+05,1,0.7638,0.0118
0.050,67.50,5.0,1.22887e+09,3.32838e-04,8.17636e-10,4.07073e+05,1,0.7638,0.0118
0.050,70.00,5.0,1.37053e+09,3.32838e-04,7.33124e-10,4.53999e+05,1,0.7638,0.0118
0.050,72.50,5.0,1.52268e+09,3.32838e-04,6.59869e-10,5.04400e+05,1,0.7638,0.0118
0.050,75.00,5.0,1.68569e+09,3.32838e-04,5.96057e-10,5.58399e+05,1,0.7638,0.0118
0.050,77.50,5.0,1.85994e+09,3.32838e-04,5.40215e-10,6.16121e+05,1,0.7638,0.0118
0.050,80.00,5.0,2.04581e+09,3.32838e-04,4.91136e-10,6.77690e+05,1,0.7638,0.0118
0.100,5.00,5.0,1.76587e+05,5.88379e-05,5.68992e-06,1.03407e+01,1,0.7638,0.0236
0.100,7.50,5.0,5.95983e+05,5.88379e-05,1.68590e-06,3.49000e+01,1,0.7638,0.0236
0.100,10.00,5.0,1.41270e+06,5.88379e-05,7.11240e-07,8.27258e+01,1,0.7638,0.0236
0.100,12.50,5.0,2.75918e+06,5.88379e-05,3.64155e-07,1.61574e+02,1,0.7638,0.0236
0.100,15.00,5.0,4.76786e+06,5.88379e-05,2.10738e-07,2.79200e+02,1,0.7638,0.0236
0.100,17.50,5.0,7.57119e+06,5.88379e-05,1.32710e-07,4.43359e+02,1,0.7638,0.0236
0.100,20.00,5.0,1.13016e+07,5.88379e-05,8.89050e-08,6.61806e+02,1,0.7638,0.0236
0.100,22.50,5.0,1.60915e+07,5.88379e-05,6.24409e-08,9.42299e+02,1,0.7638,0.0236
0.100,25.00,5.0,2.20734e+07,5.88379e-05,4.55194e-08,1.29259e+03,1,0.7638,0.0236
0.100,27.50,5.0,2.93797e+07,5.88379e-05,3.41994e-08,1.72044e+03,1,0.7638,0.0236
0.100,30.00,5.0,3.81429e+07,5.88379e-05,2.63422e-08,2.23360e+03,1,0.7638,0.0236
0.100,32.50,5.0,4.84953e+07,5.88379e-05,2.07189e-08,2.83982e+03,1,0.7638,0.0236
0.100,35.00,5.0,6.05695e+07,5.88379e-05,1.65887e-08,3.54687e+03,1,0.7638,0.0236
0.100,37.50,5.0,7.44978e+07,5.88379e-05,1.34872e-08,4.36249e+03,1,0.7638,0.0236
0.100,40.00,5.0,9.04128e+07,5.88379e-05,1.11131e-08,5.29445e+03,1,0.7638,0.0236
0.100,42.50,5.0,1.08447e+08,5.88379e-05,9.26509e-09,6.35050e+03,1,0.7638,0.0236
0.100,45.00,5.0,1.28732e+08,5.88379e-05,7.80511e-09,7.53839e+03,1,0.7638,0.0236
0.100,47.50,5.0,1.51402e+08,5.88379e-05,6.63645e-09,8.86588e+03,1,0.7638,0.0236
0.100,50.00,5.0,1.76587e+08,5.88379e-05,5.68992e-09,1.03407e+04,1,0.7638,0.0236
0.100,52.50,5.0,2.04422e+08,5.88379e-05,4.91517e-09,1.19707e+04,1,0.7638,0.0236
0.100,55.00,5.0,2.35038e+08,5.88379e-05,4.27492e-09,1.37635e+04,1,0.7638,0.0236
0.100,57.50,5.0,2.68567e+08,5.88379e-05,3.74122e-09,1.57270e+04,1,0.7638,0.0236
0.100,60.00,5.0,3.05143e+08,5.88379e-05,3.29278e-09,1.78688e+04,1,0.7638,0.0236
0.100,62.50,5.0,3.44897e+08,5.88379e-05,2.91324e-09,2.01967e+04,1,0.7638,0.0236
0.100,65.00,5.0,3.87963e+08,5.88379e-05,2.58986e-09,2.27186e+04,1,0.7638,0.0236
0.100,67.50,5.0,4.34471e+08,5.88379e-05,2.31262e-09,2.54421e+04,1,0.7638,0.0236
0.100,70.00,5.0,4.84556e+08,5.88379e-05,2.07359e-09,2.83750e+04,1,0.7638,0.0236
0.100,72.50,5.0,5.38349e+08,5.88379e-05,1.86639e-09,3.15250e+04,1,0.7638,0.0236
0.100,75.00,5.0,5.95983e+08,5.88379e-05,1.68590e-09,3.49000e+04,1,0.7638,0.0236
0.100,77.50,5.0,6.57590e+08,5.88379e-05,1.52796e-09,3.85076e+04,1,0.7638,0.0236
0.100,80.00,5.0,7.23302e+08,5.88379e-05,1.38914e-09,4.23556e+04,1,0.7638,0.0236
0.150,5.00,5.0,9.61220e+04,2.13515e-05,1.04531e-05,2.04261e+00,1,0.7638,0.0354
0.150,7.50,5.0,3.24412e+05,2.13515e-05,3.09720e-06,6.89382e+00,1,0.7638,0.0354
0.150,10.00,5.0,7.68976e+05,2.13515e-05,1.30663e-06,1.63409e+01,1,0.7638,0.0354
0.150,12.50,5.0,1.50191e+06,2.13515e-05,6.68996e-07,3.19158e+01,1,0.7638,0.0354
0.150,15.00,5.0,2.59529e+06,2.13515e-05,3.87150e-07,5.51505e+01,1,0.7638,0.0354
0.150,17.50,5.0,4.12123e+06,2.13515e-05,2.43803e-07,8.75770e+01,1,0.7638,0.0354
0.150,20.00,5.0,6.15181e+06,2.13515e-05,1.63329e-07,1.30727e+02,1,0.7638,0.0354
0.150,22.50,5.0,8.75912e+06,2.13515e-05,1.14711e-07,1.86133e+02,1,0.7638,0.0354
0.150,25.00,5.0,1.20153e+07,2.13515e-05,8.36244e-08,2.55327e+02,1,0.7638,0.0354
0.150,27.50,5.0,1.59923e+07,2.13515e-05,6.28283e-08,3.39840e+02,1,0.7638,0.0354
0.150,30.00,5.0,2.07624e+07,2.13515e-05,4.83938e-08,4.41204e+02,1,0.7638,0.0354
0.150,32.50,5.0,2.63975e+07,2.13515e-05,3.80630e-08,5.60952e+02,1,0.7638,0.0354
0.150,35.00,5.0,3.29699e+07,2.13515e-05,3.04754e-08,7.00616e+02,1,0.7638,0.0354
0.150,37.50,5.0,4.05515e+07,2.13515e-05,2.47776e-08,8.61727e+02,1,0.7638,0.0354
0.150,40.00,5.0,4.92145e+07,2.13515e-05,2.04161e-08,1.04582e+03,1,0.7638,0.0354
0.150,42.50,5.0,5.90309e+07,2.13515e-05,1.70211e-08,1.25442e+03,1,0.7638,0.0354
0.150,45.00,5.0,7.00730e+07,2.13515e-05,1.43389e-08,1.48906e+03,1,0.7638,0.0354
0.150,47.50,5.0,8.24126e+07,2.13515e-05,1.21919e-08,1.75128e+03,1,0.7638,0.0354
0.150,50.00,5.0,9.61220e+07,2.13515e-05,1.04531e-08,2.04261e+03,1,0.7638,0.0354
0.150,52.50,5.0,1.11273e+08,2.13515e-05,9.02974e-09,2.36458e+03,1,0.7638,0.0354
0.150,55.00,5.0,1.27938e+08,2.13515e-05,7.85354e-09,2.71872e+03,1,0.7638,0.0354
0.150,57.50,5.0,1.46190e+08,2.13515e-05,6.87305e-09,3.10656e+03,1,0.7638,0.0354
0.150,60.00,5.0,1.66099e+08,2.13515e-05,6.04922e-09,3.52963e+03,1,0.7638,0.0354
0.150,62.50,5.0,1.87738e+08,2.13515e-05,5.35196e-09,3.98948e+03,1,0.7638,0.0354
0.150,65.00,5.0,2.11180e+08,2.13515e-05,4.75788e-09,4.48762e+03,1,0.7638,0.0354
0.150,67.50,5.0,2.36496e+08,2.13515e-05,4.24856e-09,5.02559e+03,1,0.7638,0.0354
0.150,70.00,5.0,2.63759e+08,2.13515e-05,3.80942e-09,5.60493e+03,1,0.7638,0.0354
0.150,72.50,5.0,2.93040e+08,2.13515e-05,3.42878e-09,6.22716e+03,1,0.7638,0.0354
0.150,75.00,5.0,3.24412e+08,2.13515e-05,3.09720e-09,6.89382e+03,1,0.7638,0.0354
0.150,77.50,5.0,3.57946e+08,2.13515e-05,2.80704e-09,7.60643e+03,1,0.7638,0.0354
0.150,80.00,5.0,3.93716e+08,2.13515e-05,2.55202e-09,8.36654e+03,1,0.7638,0.0354
0.200,5.00,5.0,6.24331e+04,1.04012e-05,1.60935e-05,6.46295e-01,0,0.7638,0.0472
0.200,7.50,5.0,2.10712e+05,1.04012e-05,4.76845e-06,2.18125e+00,1,0.7638,0.0472
0.200,10.00,5.0,4.99465e+05,1.04012e-05,2.01169e-06,5.17036e+00,1,0.7638,0.0472
0.200,12.50,5.0,9.75517e+05,1.04012e-05,1.02999e-06,1.00984e+01,1,0.7638,0.0472
0.200,15.00,5.0,1.68569e+06,1.04012e-05,5.96057e-07,1.74500e+01,1,0.7638,0.0472
0.200,17.50,5.0,2.67682e+06,1.04012e-05,3.75359e-07,2.77099e+01,1,0.7638,0.0472
0.200,20.00,5.0,3.99572e+06,1.04012e-05,2.51461e-07,4.13629e+01,1,0.7638,0.0472
0.200,22.50,5.0,5.68922e+06,1.04012e-05,1.76609e-07,5.88937e+01,1,0.7638,0.0472
0.200,25.00,5.0,7.80414e+06,1.04012e-05,1.28748e-07,8.07869e+01,1,0.7638,0.0472
0.200,27.50,5.0,1.03873e+07,1.04012e-05,9.67305e-08,1.07527e+02,1,0.7638,0.0472
0.200,30.00,5.0,1.34855e+07,1.04012e-05,7.45071e-08,1.39600e+02,1,0.7638,0.0472
0.200,32.50,5.0,1.71457e+07,1.04012e-05,5.86018e-08,1.77489e+02,1,0.7638,0.0472
0.200,35.00,5.0,2.14146e+07,1.04012e-05,4.69199e-08,2.21679e+02,1,0.7638,0.0472
0.200,37.50,5.0,2.63390e+07,1.04012e-05,3.81476e-08,2.72656e+02,1,0.7638,0.0472
0.200,40.00,5.0,3.19657e+07,1.04012e-05,3.14327e-08,3.30903e+02,1,0.7638,0.0472
0.200,42.50,5.0,3.83417e+07,1.04012e-05,2.62056e-08,3.96906e+02,1,0.7638,0.0472
0.200,45.00,5.0,4.55137e+07,1.04012e-05,2.20762e-08,4.71149e+02,1,0.7638,0.0472
0.200,47.50,5.0,5.35286e+07,1.04012e-05,1.87707e-08,5.54118e+02,1,0.7638,0.0472
0.200,50.00,5.0,6.24331e+07,1.04012e-05,1.60935e-08,6.46295e+02,1,0.7638,0.0472
0.200,52.50,5.0,7.22741e+07,1.04012e-05,1.39022e-08,7.48168e+02,1,0.7638,0.0472
0.200,55.00,5.0,8.30984e+07,1.04012e-05,1.20913e-08,8.60219e+02,1,0.7638,0.0472
0.200,57.50,5.0,9.49529e+07,1.04012e-05,1.05818e-08,9.82934e+02,1,0.7638,0.0472
0.200,60.00,5.0,1.07884e+08,1.04012e-05,9.31339e-09,1.11680e+03,1,0.7638,0.0472
0.200,62.50,5.0,1.21940e+08,1.04012e-05,8.23989e-09,1.26230e+03,1,0.7638,0.0472
0.200,65.00,5.0,1.37166e+08,1.04012e-05,7.32523e-09,1.41991e+03,1,0.7638,0.0472
0.200,67.50,5.0,1.53609e+08,1.04012e-05,6.54109e-09,1.59013e+03,1,0.7638,0.0472
0.200,70.00,5.0,1.71316e+08,1.04012e-05,5.86499e-09,1.77343e+03,1,0.7638,0.0472
0.200,72.50,5.0,1.90335e+08,1.04012e-05,5.27895e-09,1.97031e+03,1,0.7638,0.0472
0.200,75.00,5.0,2.10712e+08,1.04012e-05,4.76845e-09,2.18125e+03,1,0.7638,0.0472
0.200,77.50,5.0,2.32493e+08,1.04012e-05,4.32172e-09,2.40672e+03,1,0.7638,0.0472
0.200,80.00,5.0,2.55726e+08,1.04012e-05,3.92909e-09,2.64723e+03,1,0.7638,0.0472
0.250,5.00,5.0,4.46735e+04,5.95398e-06,2.24914e-05,2.64723e-01,0,0.7638,0.0591
0.250,7.50,5.0,1.50773e+05,5.95398e-06,6.66412e-06,8.93439e-01,0,0.7638,0.0591
0.250,10.00,5.0,3.57388e+05,5.95398e-06,2.81142e-06,2.11778e+00,1,0.7638,0.0591
0.250,12.50,5.0,6.98023e+05,5.95398e-06,1.43945e-06,4.13629e+00,1,0.7638,0.0591
0.250,15.00,5.0,1.20618e+06,5.95398e-06,8.33015e-07,7.14751e+00,1,0.7638,0.0591
0.250,17.50,5.0,1.91538e+06,5.95398e-06,5.24581e-07,1.13500e+01,1,0.7638,0.0591
0.250,20.00,5.0,2.85910e+06,5.95398e-06,3.51428e-07,1.69422e+01,1,0.7638,0.0591
0.250,22.50,5.0,4.07087e+06,5.95398e-06,2.46819e-07,2.41228e+01,1,0.7638,0.0591
0.250,25.00,5.0,5.58419e+06,5.95398e-06,1.79931e-07,3.30903e+01,1,0.7638,0.0591
0.250,27.50,5.0,7.43255e+06,5.95398e-06,1.35185e-07,4.40432e+01,1,0.7638,0.0591
0.250,30.00,5.0,9.64947e+06,5.95398e-06,1.04127e-07,5.71801e+01,1,0.7638,0.0591
0.250,32.50,5.0,1.22685e+07,5.95398e-06,8.18986e-08,7.26994e+01,1,0.7638,0.0591
0.250,35.00,5.0,1.53230e+07,5.95398e-06,6.55726e-08,9.07998e+01,1,0.7638,0.0591
0.250,37.50,5.0,1.88466e+07,5.95398e-06,5.33129e-08,1.11680e+02,1,0.7638,0.0591
0.250,40.00,5.0,2.28728e+07,5.95398e-06,4.39285e-08,1.35538e+02,1,0.7638,0.0591
0.250,42.50,5.0,2.74351e+07,5.95398e-06,3.66235e-08,1.62573e+02,1,0.7638,0.0591
0.250,45.00,5.0,3.25670e+07,5.95398e-06,3.08524e-08,1.92983e+02,1,0.7638,0.0591
0.250,47.50,5.0,3.83019e+07,5.95398e-06,2.62329e-08,2.26967e+02,1,0.7638,0.0591
0.250,50.00,5.0,4.46735e+07,5.95398e-06,2.24914e-08,2.64723e+02,1,0.7638,0.0591
0.250,52.50,5.0,5.17151e+07,5.95398e-06,1.94289e-08,3.06449e+02,1,0.7638,0.0591
0.250,55.00,5.0,5.94604e+07,5.95398e-06,1.68981e-08,3.52346e+02,1,0.7638,0.0591
0.250,57.50,5.0,6.79428e+07,5.95398e-06,1.47885e-08,4.02610e+02,1,0.7638,0.0591
0.250,60.00,5.0,7.71958e+07,5.95398e-06,1.30159e-08,4.57441e+02,1,0.7638,0.0591
0.250,62.50,5.0,8.72529e+07,5.95398e-06,1.15156e-08,5.17036e+02,1,0.7638,0.0591
0.250,65.00,5.0,9.81476e+07,5.95398e-06,1.02373e-08,5.81596e+02,1,0.7638,0.0591
0.250,67.50,5.0,1.09914e+08,5.95398e-06,9.14145e-09,6.51317e+02,1,0.7638,0.0591
0.250,70.00,5.0,1.22584e+08,5.95398e-06,8.19657e-09,7.26399e+02,1,0.7638,0.0591
0.250,72.50,5.0,1.36193e+08,5.95398e-06,7.37755e-09,8.07040e+02,1,0.7638,0.0591
0.250,75.00,5.0,1.50773e+08,5.95398e-06,6.66412e-09,8.93439e+02,1,0.7638,0.0591
0.250,77.50,5.0,1.66358e+08,5.95398e-06,6.03978e-09,9.85794e+02,1,0.7638,0.0591
0.250,80.00,5.0,1.82983e+08,5.95398e-06,5.49106e-09,1.08430e+03,1,0.7638,0.0591
0.300,5.00,5.0,3.39843e+04,3.77446e-06,2.95657e-05,1.27663e-01,0,0.7638,0.0709
0.300,7.50,5.0,1.14697e+05,3.77446e-06,8.76021e-06,4.30864e-01,0,0.7638,0.0709
0.300,10.00,5.0,2.71874e+05,3.77446e-06,3.69571e-06,1.02131e+00,1,0.7638,0.0709
0.300,12.50,5.0,5.31004e+05,3.77446e-06,1.89221e-06,1.99474e+00,1,0.7638,0.0709
0.300,15.00,5.0,9.17575e+05,3.77446e-06,1.09503e-06,3.44691e+00,1,0.7638,0.0709
0.300,17.50,5.0,1.45708e+06,3.77446e-06,6.89579e-07,5.47356e+00,1,0.7638,0.0709
0.300,20.00,5.0,2.17499e+06,3.77446e-06,4.61964e-07,8.17045e+00,1,0.7638,0.0709
0.300,22.50,5.0,3.09682e+06,3.77446e-06,3.24452e-07,1.16333e+01,1,0.7638,0.0709
0.300,25.00,5.0,4.24803e+06,3.77446e-06,2.36526e-07,1.59579e+01,1,0.7638,0.0709
0.300,27.50,5.0,5.65413e+06,3.77446e-06,1.77705e-07,2.12400e+01,1,0.7638,0.0709
0.300,30.00,5.0,7.34060e+06,3.77446e-06,1.36878e-07,2.75753e+01,1,0.7638,0.0709
0.300,32.50,5.0,9.33293e+06,3.77446e-06,1.07658e-07,3.50595e+01,1,0.7638,0.0709
0.300,35.00,5.0,1.16566e+07,3.77446e-06,8.61974e-08,4.37885e+01,1,0.7638,0.0709
0.300,37.50,5.0,1.43371e+07,3.77446e-06,7.00817e-08,5.38579e+01,1,0.7638,0.0709
0.300,40.00,5.0,1.73999e+07,3.77446e-06,5.77455e-08,6.53636e+01,1,0.7638,0.0709
0.300,42.50,5.0,2.08706e+07,3.77446e-06,4.81428e-08,7.84012e+01,1,0.7638,0.0709
0.300,45.00,5.0,2.47745e+07,3.77446e-06,4.05565e-08,9.30665e+01,1,0.7638,0.0709
0.300,47.50,5.0,2.91373e+07,3.77446e-06,3.44840e-08,1.09455e+02,1,0.7638,0.0709
0.300,50.00,5.0,3.39843e+07,3.77446e-06,2.95657e-08,1.27663e+02,1,0.7638,0.0709
0.300,52.50,5.0,3.93410e+07,3.77446e-06,2.55400e-08,1.47786e+02,1,0.7638,0.0709
0.300,55.00,5.0,4.52331e+07,3.77446e-06,2.22132e-08,1.69920e+02,1,0.7638,0.0709
0.300,57.50,5.0,5.16858e+07,3.77446e-06,1.94399e-08,1.94160e+02,1,0.7638,0.0709
0.300,60.00,5.0,5.87248e+07,3.77446e-06,1.71098e-08,2.20602e+02,1,0.7638,0.0709
0.300,62.50,5.0,6.63755e+07,3.77446e-06,1.51376e-08,2.49342e+02,1,0.7638,0.0709
0.300,65.00,5.0,7.46634e+07,3.77446e-06,1.34573e-08,2.80476e+02,1,0.7638,0.0709
0.300,67.50,5.0,8.36141e+07,3.77446e-06,1.20167e-08,3.14100e+02,1,0.7638,0.0709
0.300,70.00,5.0,9.32528e+07,3.77446e-06,1.07747e-08,3.50308e+02,1,0.7638,0.0709
0.300,72.50,5.0,1.03605e+08,3.77446e-06,9.69805e-09,3.89197e+02,1,0.7638,0.0709
0.300,75.00,5.0,1.14697e+08,3.77446e-06,8.76021e-09,4.30864e+02,1,0.7638,0.0709
0.300,77.50,5.0,1.26553e+08,3.77446e-06,7.93950e-09,4.75402e+02,1,0.7638,0.0709
0.300,80.00,5.0,1.39200e+08,3.77446e-06,7.21819e-09,5.22909e+02,1,0.7638,0.0709
0.350,5.00,5.0,2.69686e+04,2.56736e-06,3.72570e-05,6.89095e-02,0,0.7638,0.0827
0.350,7.50,5.0,9.10189e+04,2.56736e-06,1.10391e-05,2.32569e-01,0,0.7638,0.0827
0.350,10.00,5.0,2.15748e+05,2.56736e-06,4.65713e-06,5.51276e-01,0,0.7638,0.0827
0.350,12.50,5.0,4.21384e+05,2.56736e-06,2.38445e-06,1.07671e+00,1,0.7638,0.0827
0.350,15.00,5.0,7.28151e+05,2.56736e-06,1.37989e-06,1.86056e+00,1,0.7638,0.0827
0.350,17.50,5.0,1.15628e+06,2.56736e-06,8.68969e-07,2.95449e+00,1,0.7638,0.0827
0.350,20.00,5.0,1.72599e+06,2.56736e-06,5.82141e-07,4.41021e+00,1,0.7638,0.0827
0.350,22.50,5.0,2.45751e+06,2.56736e-06,4.08857e-07,6.27937e+00,1,0.7638,0.0827
0.350,25.00,5.0,3.37107e+06,2.56736e-06,2.98056e-07,8.61368e+00,1,0.7638,0.0827
0.350,27.50,5.0,4.48689e+06,2.56736e-06,2.23934e-07,1.14648e+01,1,0.7638,0.0827
0.350,30.00,5.0,5.82521e+06,2.56736e-06,1.72486e-07,1.48844e+01,1,0.7638,0.0827
0.350,32.50,5.0,7.40624e+06,2.56736e-06,1.35665e-07,1.89243e+01,1,0.7638,0.0827
0.350,35.00,5.0,9.25022e+06,2.56736e-06,1.08621e-07,2.36359e+01,1,0.7638,0.0827
0.350,37.50,5.0,1.13774e+07,2.56736e-06,8.83130e-08,2.90712e+01,1,0.7638,0.0827
0.350,40.00,5.0,1.38079e+07,2.56736e-06,7.27677e-08,3.52816e+01,1,0.7638,0.0827
0.350,42.50,5.0,1.65621e+07,2.56736e-06,6.06669e-08,4.23190e+01,1,0.7638,0.0827
0.350,45.00,5.0,1.96601e+07,2.56736e-06,5.11071e-08,5.02350e+01,1,0.7638,0.0827
0.350,47.50,5.0,2.31222e+07,2.56736e-06,4.34548e-08,5.90813e+01,1,0.7638,0.0827
0.350,50.00,5.0,2.69686e+07,2.56736e-06,3.72570e-08,6.89095e+01,1,0.7638,0.0827
0.350,52.50,5.0,3.12195e+07,2.56736e-06,3.21840e-08,7.97713e+01,1,0.7638,0.0827
0.350,55.00,5.0,3.58952e+07,2.56736e-06,2.79918e-08,9.17185e+01,1,0.7638,0.0827
0.350,57.50,5.0,4.10158e+07,2.56736e-06,2.44971e-08,1.04803e+02,1,0.7638,0.0827
0.350,60.00,5.0,4.66017e+07,2.56736e-06,2.15608e-08,1.19076e+02,1,0.7638,0.0827
0.350,62.50,5.0,5.26730e+07,2.56736e-06,1.90756e-08,1.34589e+02,1,0.7638,0.0827
0.350,65.00,5.0,5.92499e+07,2.56736e-06,1.69581e-08,1.51394e+02,1,0.7638,0.0827
0.350,67.50,5.0,6.63528e+07,2.56736e-06,1.51428e-08,1.69543e+02,1,0.7638,0.0827
0.350,70.00,5.0,7.40017e+07,2.56736e-06,1.35776e-08,1.89088e+02,1,0.7638,0.0827
0.350,72.50,5.0,8.22170e+07,2.56736e-06,1.22209e-08,2.10079e+02,1,0.7638,0.0827
0.350,75.00,5.0,9.10189e+07,2.56736e-06,1.10391e-08,2.32569e+02,1,0.7638,0.0827
0.350,77.50,5.0,1.00428e+08,2.56736e-06,1.00049e-08,2.56610e+02,1,0.7638,0.0827
0.350,80.00,5.0,1.10463e+08,2.56736e-06,9.09596e-09,2.82253e+02,1,0.7638,0.0827
0.400,5.00,5.0,2.20734e+04,1.83869e-06,4.55194e-05,4.03935e-02,0,0.7638,0.0945
0.400,7.50,5.0,7.44978e+04,1.83869e-06,1.34872e-05,1.36328e-01,0,0.7638,0.0945
0.400,10.00,5.0,1.76587e+05,1.83869e-06,5.68992e-06,3.23148e-01,0,0.7638,0.0945
0.400,12.50,5.0,3.44897e+05,1.83869e-06,2.91324e-06,6.31148e-01,0,0.7638,0.0945
0.400,15.00,5.0,5.95983e+05,1.83869e-06,1.68590e-06,1.09062e+00,1,0.7638,0.0945
0.400,17.50,5.0,9.46398e+05,1.83869e-06,1.06168e-06,1.73187e+00,1,0.7638,0.0945
0.400,20.00,5.0,1.41270e+06,1.83869e-06,7.11240e-07,2.58518e+00,1,0.7638,0.0945
0.400,22.50,5.0,2.01144e+06,1.83869e-06,4.99527e-07,3.68085e+00,1,0.7638,0.0945
0.400,25.00,5.0,2.75918e+06,1.83869e-06,3.64155e-07,5.04918e+00,1,0.7638,0.0945
0.400,27.50,5.0,3.67247e+06,1.83869e-06,2.73595e-07,6.72046e+00,1,0.7638,0.0945
0.400,30.00,5.0,4.76786e+06,1.83869e-06,2.10738e-07,8.72499e+00,1,0.7638,0.0945
0.400,32.50,5.0,6.06192e+06,1.83869e-06,1.65751e-07,1.10931e+01,1,0.7638,0.0945
0.400,35.00,5.0,7.57119e+06,1.83869e-06,1.32710e-07,1.38550e+01,1,0.7638,0.0945
0.400,37.50,5.0,9.31223e+06,1.83869e-06,1.07898e-07,1.70410e+01,1,0.7638,0.0945
0.400,40.00,5.0,1.13016e+07,1.83869e-06,8.89050e-08,2.06815e+01,1,0.7638,0.0945
0.400,42.50,5.0,1.35558e+07,1.83869e-06,7.41207e-08,2.48066e+01,1,0.7638,0.0945
0.400,45.00,5.0,1.60915e+07,1.83869e-06,6.24409e-08,2.94468e+01,1,0.7638,0.0945
0.400,47.50,5.0,1.89252e+07,1.83869e-06,5.30916e-08,3.46323e+01,1,0.7638,0.0945
0.400,50.00,5.0,2.20734e+07,1.83869e-06,4.55194e-08,4.03935e+01,1,0.7638,0.0945
0.400,52.50,5.0,2.55528e+07,1.83869e-06,3.93214e-08,4.67605e+01,1,0.7638,0.0945
0.400,55.00,5.0,2.93797e+07,1.83869e-06,3.41994e-08,5.37637e+01,1,0.7638,0.0945
0.400,57.50,5.0,3.35709e+07,1.83869e-06,2.99297e-08,6.14334e+01,1,0.7638,0.0945
0.400,60.00,5.0,3.81429e+07,1.83869e-06,2.63422e-08,6.97999e+01,1,0.7638,0.0945
0.400,62.50,5.0,4.31122e+07,1.83869e-06,2.33059e-08,7.88935e+01,1,0.7638,0.0945
0.400,65.00,5.0,4.84953e+07,1.83869e-06,2.07189e-08,8.87444e+01,1,0.7638,0.0945
0.400,67.50,5.0,5.43089e+07,1.83869e-06,1.85010e-08,9.93831e+01,1,0.7638,0.0945
0.400,70.00,5.0,6.05695e+07,1.83869e-06,1.65887e-08,1.10840e+02,1,0.7638,0.0945
0.400,72.50,5.0,6.72936e+07,1.83869e-06,1.49311e-08,1.23145e+02,1,0.7638,0.0945
0.400,75.00,5.0,7.44978e+07,1.83869e-06,1.34872e-08,1.36328e+02,1,0.7638,0.0945
0.400,77.50,5.0,8.21987e+07,1.83869e-06,1.22237e-08,1.50420e+02,1,0.7638,0.0945
0.400,80.00,5.0,9.04128e+07,1.83869e-06,1.11131e-08,1.65452e+02,1,0.7638,0.0945
0.450,5.00,5.0,1.84987e+04,1.36970e-06,5.43157e-05,2.52174e-02,0,0.7638,0.1063
0.450,7.50,5.0,6.24331e+04,1.36970e-06,1.60935e-05,8.51089e-02,0,0.7638,0.1063
0.450,10.00,5.0,1.47990e+05,1.36970e-06,6.78946e-06,2.01740e-01,0,0.7638,0.1063
0.450,12.50,5.0,2.89042e+05,1.36970e-06,3.47620e-06,3.94022e-01,0,0.7638,0.1063
0.450,15.00,5.0,4.99465e+05,1.36970e-06,2.01169e-06,6.80871e-01,0,0.7638,0.1063
0.450,17.50,5.0,7.93132e+05,1.36970e-06,1.26684e-06,1.08120e+00,1,0.7638,0.1063
0.450,20.00,5.0,1.18392e+06,1.36970e-06,8.48682e-07,1.61392e+00,1,0.7638,0.1063
0.450,22.50,5.0,1.68569e+06,1.36970e-06,5.96057e-07,2.29794e+00,1,0.7638,0.1063
0.450,25.00,5.0,2.31234e+06,1.36970e-06,4.34525e-07,3.15218e+00,1,0.7638,0.1063
0.450,27.50,5.0,3.07772e+06,1.36970e-06,3.26465e-07,4.19555e+00,1,0.7638,0.1063
0.450,30.00,5.0,3.99572e+06,1.36970e-06,2.51461e-07,5.44697e+00,1,0.7638,0.1063
0.450,32.50,5.0,5.08020e+06,1.36970e-06,1.97781e-07,6.92534e+00,1,0.7638,0.1063
0.450,35.00,5.0,6.34505e+06,1.36970e-06,1.58355e-07,8.64958e+00,1,0.7638,0.1063
0.450,37.50,5.0,7.80414e+06,1.36970e-06,1.28748e-07,1.06386e+01,1,0.7638,0.1063
0.450,40.00,5.0,9.47133e+06,1.36970e-06,1.06085e-07,1.29113e+01,1,0.7638,0.1063
0.450,42.50,5.0,1.13605e+07,1.36970e-06,8.84440e-08,1.54867e+01,1,0.7638,0.1063
0.450,45.00,5.0,1.34855e+07,1.36970e-06,7.45071e-08,1.83835e+01,1,0.7638,0.1063
0.450,47.50,5.0,1.58603e+07,1.36970e-06,6.33511e-08,2.16208e+01,1,0.7638,0.1063
0.450,50.00,5.0,1.84987e+07,1.36970e-06,5.43157e-08,2.52174e+01,1,0.7638,0.1063
0.450,52.50,5.0,2.14146e+07,1.36970e-06,4.69199e-08,2.91923e+01,1,0.7638,0.1063
0.450,55.00,5.0,2.46218e+07,1.36970e-06,4.08082e-08,3.35644e+01,1,0.7638,0.1063
0.450,57.50,5.0,2.81342e+07,1.36970e-06,3.57134e-08,3.83526e+01,1,0.7638,0.1063
0.450,60.00,5.0,3.19657e+07,1.36970e-06,3.14327e-08,4.35757e+01,1,0.7638,0.1063
0.450,62.50,5.0,3.61303e+07,1.36970e-06,2.78096e-08,4.92528e+01,1,0.7638,0.1063
0.450,65.00,5.0,4.06416e+07,1.36970e-06,2.47227e-08,5.54027e+01,1,0.7638,0.1063
0.450,67.50,5.0,4.55137e+07,1.36970e-06,2.20762e-08,6.20444e+01,1,0.7638,0.1063
0.450,70.00,5.0,5.07604e+07,1.36970e-06,1.97943e-08,6.91967e+01,1,0.7638,0.1063
0.450,72.50,5.0,5.63956e+07,1.36970e-06,1.78164e-08,7.68785e+01,1,0.7638,0.1063
0.450,75.00,5.0,6.24331e+07,1.36970e-06,1.60935e-08,8.51089e+01,1,0.7638,0.1063
0.450,77.50,5.0,6.88868e+07,1.36970e-06,1.45858e-08,9.39066e+01,1,0.7638,0.1063
0.450,80.00,5.0,7.57707e+07,1.36970e-06,1.32607e-08,1.03291e+02,1,0.7638,0.1063
0.500,5.00,5.0,1.57945e+04,1.05253e-06,6.36153e-05,1.65452e-02,0,0.7638,0.1181
0.500,7.50,5.0,5.33063e+04,1.05253e-06,1.88490e-05,5.58399e-02,0,0.7638,0.1181
0.500,10.00,5.0,1.26356e+05,1.05253e-06,7.95191e-06,1.32361e-01,0,0.7638,0.1181
0.500,12.50,5.0,2.46788e+05,1.05253e-06,4.07138e-06,2.58518e-01,0,0.7638,0.1181
0.500,15.00,5.0,4.26450e+05,1.05253e-06,2.35612e-06,4.46719e-01,0,0.7638,0.1181
0.500,17.50,5.0,6.77188e+05,1.05253e-06,1.48374e-06,7.09374e-01,0,0.7638,0.1181
0.500,20.00,5.0,1.01085e+06,1.05253e-06,9.93989e-07,1.05889e+00,1,0.7638,0.1181
0.500,22.50,5.0,1.43927e+06,1.05253e-06,6.98110e-07,1.50768e+00,1,0.7638,0.1181
0.500,25.00,5.0,1.97431e+06,1.05253e-06,5.08922e-07,2.06815e+00,1,0.7638,0.1181
0.500,27.50,5.0,2.62780e+06,1.05253e-06,3.82361e-07,2.75270e+00,1,0.7638,0.1181
0.500,30.00,5.0,3.41160e+06,1.05253e-06,2.94515e-07,3.57375e+00,1,0.7638,0.1181
0.500,32.50,5.0,4.33755e+06,1.05253e-06,2.31644e-07,4.54372e+00,1,0.7638,0.1181
0.500,35.00,5.0,5.41750e+06,1.05253e-06,1.85467e-07,5.67499e+00,1,0.7638,0.1181
0.500,37.50,5.0,6.66329e+06,1.05253e-06,1.50792e-07,6.97999e+00,1,0.7638,0.1181
0.500,40.00,5.0,8.08676e+06,1.05253e-06,1.24249e-07,8.47112e+00,1,0.7638,0.1181
0.500,42.50,5.0,9.69977e+06,1.05253e-06,1.03587e-07,1.01608e+01,1,0.7638,0.1181
0.500,45.00,5.0,1.15142e+07,1.05253e-06,8.72638e-08,1.20614e+01,1,0.7638,0.1181
0.500,47.50,5.0,1.35418e+07,1.05253e-06,7.41977e-08,1.41854e+01,1,0.7638,0.1181
0.500,50.00,5.0,1.57945e+07,1.05253e-06,6.36153e-08,1.65452e+01,1,0.7638,0.1181
0.500,52.50,5.0,1.82841e+07,1.05253e-06,5.49533e-08,1.91531e+01,1,0.7638,0.1181
0.500,55.00,5.0,2.10224e+07,1.05253e-06,4.77951e-08,2.20216e+01,1,0.7638,0.1181
0.500,57.50,5.0,2.40214e+07,1.05253e-06,4.18281e-08,2.51631e+01,1,0.7638,0.1181
0.500,60.00,5.0,2.72928e+07,1.05253e-06,3.68144e-08,2.85900e+01,1,0.7638,0.1181
0.500,62.50,5.0,3.08486e+07,1.05253e-06,3.25710e-08,3.23148e+01,1,0.7638,0.1181
0.500,65.00,5.0,3.47004e+07,1.05253e-06,2.89555e-08,3.63497e+01,1,0.7638,0.1181
0.500,67.50,5.0,3.88603e+07,1.05253e-06,2.58559e-08,4.07073e+01,1,0.7638,0.1181
0.500,70.00,5.0,4.33400e+07,1.05253e-06,2.31834e-08,4.53999e+01,1,0.7638,0.1181
0.500,72.50,5.0,4.81514e+07,1.05253e-06,2.08669e-08,5.04400e+01,1,0.7638,0.1181
0.500,75.00,5.0,5.33063e+07,1.05253e-06,1.88490e-08,5.58399e+01,1,0.7638,0.1181
0.500,77.50,5.0,5.88166e+07,1.05253e-06,1.70831e-08,6.16121e+01,1,0.7638,0.1181
0.500,80.00,5.0,6.46941e+07,1.05253e-06,1.55311e-08,6.77690e+01,1,0.7638,0.1181
0.550,5.00,5.0,1.36904e+04,8.29375e-07,7.33923e-05,1.13006e-02,0,0.7638,0.1299
0.550,7.50,5.0,4.62051e+04,8.29375e-07,2.17459e-05,3.81394e-02,0,0.7638,0.1299
0.550,10.00,5.0,1.09523e+05,8.29375e-07,9.17404e-06,9.04045e-02,0,0.7638,0.1299
0.550,12.50,5.0,2.13912e+05,8.29375e-07,4.69711e-06,1.76571e-01,0,0.7638,0.1299
0.550,15.00,5.0,3.69641e+05,8.29375e-07,2.71823e-06,3.05115e-01,0,0.7638,0.1299
0.550,17.50,5.0,5.86975e+05,8.29375e-07,1.71177e-06,4.84512e-01,0,0.7638,0.1299
0.550,20.00,5.0,8.76185e+05,8.29375e-07,1.14675e-06,7.23236e-01,0,0.7638,0.1299
0.550,22.50,5.0,1.24754e+06,8.29375e-07,8.05402e-07,1.02976e+00,1,0.7638,0.1299
0.550,25.00,5.0,1.71130e+06,8.29375e-07,5.87138e-07,1.41257e+00,1,0.7638,0.1299
0.550,27.50,5.0,2.27774e+06,8.29375e-07,4.41126e-07,1.88013e+00,1,0.7638,0.1299
0.550,30.00,5.0,2.95712e+06,8.29375e-07,3.39779e-07,2.44092e+00,1,0.7638,0.1299
0.550,32.50,5.0,3.75972e+06,8.29375e-07,2.67245e-07,3.10342e+00,1,0.7638,0.1299
0.550,35.00,5.0,4.69580e+06,8.29375e-07,2.13972e-07,3.87609e+00,1,0.7638,0.1299
0.550,37.50,5.0,5.77563e+06,8.29375e-07,1.73967e-07,4.76743e+00,1,0.7638,0.1299
0.550,40.00,5.0,7.00948e+06,8.29375e-07,1.43344e-07,5.78589e+00,1,0.7638,0.1299
0.550,42.50,5.0,8.40761e+06,8.29375e-07,1.19507e-07,6.93996e+00,1,0.7638,0.1299
0.550,45.00,5.0,9.98029e+06,8.29375e-07,1.00675e-07,8.23811e+00,1,0.7638,0.1299
0.550,47.50,5.0,1.17378e+07,8.29375e-07,8.56012e-08,9.68882e+00,1,0.7638,0.1299
0.550,50.00,5.0,1.36904e+07,8.29375e-07,7.33923e-08,1.13006e+01,1,0.7638,0.1299
0.550,52.50,5.0,1.58483e+07,8.29375e-07,6.33990e-08,1.30818e+01,1,0.7638,0.1299
0.550,55.00,5.0,1.82219e+07,8.29375e-07,5.51407e-08,1.50411e+01,1,0.7638,0.1299
0.550,57.50,5.0,2.08214e+07,8.29375e-07,4.82566e-08,1.71868e+01,1,0.7638,0.1299
0.550,60.00,5.0,2.36570e+07,8.29375e-07,4.24724e-08,1.95274e+01,1,0.7638,0.1299
0.550,62.50,5.0,2.67390e+07,8.29375e-07,3.75769e-08,2.20714e+01,1,0.7638,0.1299
0.550,65.00,5.0,3.00778e+07,8.29375e-07,3.34057e-08,2.48273e+01,1,0.7638,0.1299
0.550,67.50,5.0,3.36835e+07,8.29375e-07,2.98297e-08,2.78036e+01,1,0.7638,0.1299
0.550,70.00,5.0,3.75664e+07,8.29375e-07,2.67465e-08,3.10088e+01,1,0.7638,0.1299
0.550,72.50,5.0,4.17369e+07,8.29375e-07,2.40739e-08,3.44512e+01,1,0.7638,0.1299
0.550,75.00,5.0,4.62051e+07,8.29375e-07,2.17459e-08,3.81394e+01,1,0.7638,0.1299
0.550,77.50,5.0,5.09813e+07,8.29375e-07,1.97086e-08,4.20819e+01,1,0.7638,0.1299
0.550,80.00,5.0,5.60758e+07,8.29375e-07,1.79180e-08,4.62871e+01,1,0.7638,0.1299
0.600,5.00,5.0,1.20153e+04,6.67236e-07,8.36244e-05,7.97896e-03,0,0.7638,0.1417
0.600,7.50,5.0,4.05515e+04,6.67236e-07,2.47776e-05,2.69290e-02,0,0.7638,0.1417
0.600,10.00,5.0,9.61220e+04,6.67236e-07,1.04531e-05,6.38316e-02,0,0.7638,0.1417
0.600,12.50,5.0,1.87738e+05,6.67236e-07,5.35196e-06,1.24671e-01,0,0.7638,0.1417
0.600,15.00,5.0,3.24412e+05,6.67236e-07,3.09720e-06,2.15432e-01,0,0.7638,0.1417
0.600,17.50,5.0,5.15154e+05,6.67236e-07,1.95042e-06,3.42098e-01,0,0.7638,0.1417
0.600,20.00,5.0,7.68976e+05,6.67236e-07,1.30663e-06,5.10653e-01,0,0.7638,0.1417
0.600,22.50,5.0,1.09489e+06,6.67236e-07,9.17689e-07,7.27082e-01,0,0.7638,0.1417
0.600,25.00,5.0,1.50191e+06,6.67236e-07,6.68996e-07,9.97369e-01,0,0.7638,0.1417
0.600,27.50,5.0,1.99904e+06,6.67236e-07,5.02626e-07,1.32750e+00,1,0.7638,0.1417
0.600,30.00,5.0,2.59529e+06,6.67236e-07,3.87150e-07,1.72345e+00,1,0.7638,0.1417
0.600,32.50,5.0,3.29969e+06,6.67236e-07,3.04504e-07,2.19122e+00,1,0.7638,0.1417
0.600,35.00,5.0,4.12123e+06,6.67236e-07,2.43803e-07,2.73678e+00,1,0.7638,0.1417
0.600,37.50,5.0,5.06894e+06,6.67236e-07,1.98221e-07,3.36612e+00,1,0.7638,0.1417
0.600,40.00,5.0,6.15181e+06,6.67236e-07,1.63329e-07,4.08523e+00,1,0.7638,0.1417
0.600,42.50,5.0,7.37887e+06,6.67236e-07,1.36168e-07,4.90008e+00,1,0.7638,0.1417
0.600,45.00,5.0,8.75912e+06,6.67236e-07,1.14711e-07,5.81666e+00,1,0.7638,0.1417
0.600,47.50,5.0,1.03016e+07,6.67236e-07,9.75354e-08,6.84096e+00,1,0.7638,0.1417
0.600,50.00,5.0,1.20153e+07,6.67236e-07,8.36244e-08,7.97896e+00,1,0.7638,0.1417
0.600,52.50,5.0,1.39092e+07,6.67236e-07,7.22379e-08,9.23664e+00,1,0.7638,0.1417
0.600,55.00,5.0,1.59923e+07,6.67236e-07,6.28283e-08,1.06200e+01,1,0.7638,0.1417
0.600,57.50,5.0,1.82737e+07,6.67236e-07,5.49844e-08,1.21350e+01,1,0.7638,0.1417
0.600,60.00,5.0,2.07624e+07,6.67236e-07,4.83938e-08,1.37876e+01,1,0.7638,0.1417
0.600,62.50,5.0,2.34673e+07,6.67236e-07,4.28157e-08,1.55839e+01,1,0.7638,0.1417
0.600,65.00,5.0,2.63975e+07,6.67236e-07,3.80630e-08,1.75298e+01,1,0.7638,0.1417
0.600,67.50,5.0,2.95620e+07,6.67236e-07,3.39885e-08,1.96312e+01,1,0.7638,0.1417
0.600,70.00,5.0,3.29699e+07,6.67236e-07,3.04754e-08,2.18943e+01,1,0.7638,0.1417
0.600,72.50,5.0,3.66300e+07,6.67236e-07,2.74302e-08,2.43248e+01,1,0.7638,0.1417
0.600,75.00,5.0,4.05515e+07,6.67236e-07,2.47776e-08,2.69290e+01,1,0.7638,0.1417
0.600,77.50,5.0,4.47433e+07,6.67236e-07,2.24563e-08,2.97126e+01,1,0.7638,0.1417
0.600,80.00,5.0,4.92145e+07,6.67236e-07,2.04161e-08,3.26818e+01,1,0.7638,0.1417
0.650,5.00,5.0,1.06559e+04,5.46228e-07,9.42923e-05,5.79292e-03,0,0.7638,0.1536
0.650,7.50,5.0,3.59636e+04,5.46228e-07,2.79385e-05,1.95511e-02,0,0.7638,0.1536
0.650,10.00,5.0,8.52471e+04,5.46228e-07,1.17865e-05,4.63434e-02,0,0.7638,0.1536
0.650,12.50,5.0,1.66498e+05,5.46228e-07,6.03471e-06,9.05144e-02,0,0.7638,0.1536
0.650,15.00,5.0,2.87709e+05,5.46228e-07,3.49231e-06,1.56409e-01,0,0.7638,0.1536
0.650,17.50,5.0,4.56871e+05,5.46228e-07,2.19924e-06,2.48371e-01,0,0.7638,0.1536
0.650,20.00,5.0,6.81977e+05,5.46228e-07,1.47332e-06,3.70747e-01,0,0.7638,0.1536
0.650,22.50,5.0,9.71018e+05,5.46228e-07,1.03476e-06,5.27880e-01,0,0.7638,0.1536
0.650,25.00,5.0,1.33199e+06,5.46228e-07,7.54339e-07,7.24115e-01,0,0.7638,0.1536
0.650,27.50,5.0,1.77287e+06,5.46228e-07,5.66746e-07,9.63797e-01,0,0.7638,0.1536
0.650,30.00,5.0,2.30167e+06,5.46228e-07,4.36539e-07,1.25127e+00,1,0.7638,0.1536
0.650,32.50,5.0,2.92637e+06,5.46228e-07,3.43349e-07,1.59088e+00,1,0.7638,0.1536
0.650,35.00,5.0,3.65497e+06,5.46228e-07,2.74905e-07,1.98697e+00,1,0.7638,0.1536
0.650,37.50,5.0,4.49545e+06,5.46228e-07,2.23508e-07,2.44389e+00,1,0.7638,0.1536
0.650,40.00,5.0,5.45582e+06,5.46228e-07,1.84165e-07,2.96598e+00,1,0.7638,0.1536
0.650,42.50,5.0,6.54405e+06,5.46228e-07,1.53539e-07,3.55758e+00,1,0.7638,0.1536
0.650,45.00,5.0,7.76815e+06,5.46228e-07,1.29345e-07,4.22304e+00,1,0.7638,0.1536
0.650,47.50,5.0,9.13610e+06,5.46228e-07,1.09978e-07,4.96671e+00,1,0.7638,0.1536
0.650,50.00,5.0,1.06559e+07,5.46228e-07,9.42923e-08,5.79292e+00,1,0.7638,0.1536
0.650,52.50,5.0,1.23355e+07,5.46228e-07,8.14533e-08,6.70603e+00,1,0.7638,0.1536
0.650,55.00,5.0,1.41830e+07,5.46228e-07,7.08432e-08,7.71038e+00,1,0.7638,0.1536
0.650,57.50,5.0,1.62063e+07,5.46228e-07,6.19987e-08,8.81031e+00,1,0.7638,0.1536
0.650,60.00,5.0,1.84134e+07,5.46228e-07,5.45673e-08,1.00102e+01,1,0.7638,0.1536
0.650,62.50,5.0,2.08123e+07,5.46228e-07,4.82777e-08,1.13143e+01,1,0.7638,0.1536
0.650,65.00,5.0,2.34110e+07,5.46228e-07,4.29187e-08,1.27270e+01,1,0.7638,0.1536
0.650,67.50,5.0,2.62175e+07,5.46228e-07,3.83244e-08,1.42528e+01,1,0.7638,0.1536
0.650,70.00,5.0,2.92398e+07,5.46228e-07,3.43631e-08,1.58958e+01,1,0.7638,0.1536
0.650,72.50,5.0,3.24858e+07,5.46228e-07,3.09295e-08,1.76604e+01,1,0.7638,0.1536
0.650,75.00,5.0,3.59636e+07,5.46228e-07,2.79385e-08,1.95511e+01,1,0.7638,0.1536
0.650,77.50,5.0,3.96812e+07,5.46228e-07,2.53210e-08,2.15721e+01,1,0.7638,0.1536
0.650,80.00,5.0,4.36465e+07,5.46228e-07,2.30206e-08,2.37278e+01,1,0.7638,0.1536
0.700,5.00,5.0,9.53483e+03,4.53850e-07,1.05379e-04,4.30684e-03,0,0.7638,0.1654
0.700,7.50,5.0,3.21800e+04,4.53850e-07,3.12234e-05,1.45356e-02,0,0.7638,0.1654
0.700,10.00,5.0,7.62786e+04,4.53850e-07,1.31724e-05,3.44547e-02,0,0.7638,0.1654
0.700,12.50,5.0,1.48982e+05,4.53850e-07,6.74425e-06,6.72944e-02,0,0.7638,0.1654
0.700,15.00,5.0,2.57440e+05,4.53850e-07,3.90292e-06,1.16285e-01,0,0.7638,0.1654
0.700,17.50,5.0,4.08806e+05,4.53850e-07,2.45782e-06,1.84656e-01,0,0.7638,0.1654
0.700,20.00,5.0,6.10229e+05,4.53850e-07,1.64654e-06,2.75638e-01,0,0.7638,0.1654
0.700,22.50,5.0,8.68861e+05,4.53850e-07,1.15642e-06,3.92461e-01,0,0.7638,0.1654
0.700,25.00,5.0,1.19185e+06,4.53850e-07,8.43031e-07,5.38355e-01,0,0.7638,0.1654
0.700,27.50,5.0,1.58636e+06,4.53850e-07,6.33382e-07,7.16551e-01,0,0.7638,0.1654
0.700,30.00,5.0,2.05952e+06,4.53850e-07,4.87865e-07,9.30278e-01,0,0.7638,0.1654
0.700,32.50,5.0,2.61850e+06,4.53850e-07,3.83719e-07,1.18277e+00,1,0.7638,0.1654
0.700,35.00,5.0,3.27045e+06,4.53850e-07,3.07227e-07,1.47725e+00,1,0.7638,0.1654
0.700,37.50,5.0,4.02250e+06,4.53850e-07,2.49787e-07,1.81695e+00,1,0.7638,0.1654
0.700,40.00,5.0,4.88183e+06,4.53850e-07,2.05818e-07,2.20510e+00,1,0.7638,0.1654
0.700,42.50,5.0,5.85558e+06,4.53850e-07,1.71592e-07,2.64494e+00,1,0.7638,0.1654
0.700,45.00,5.0,6.95089e+06,4.53850e-07,1.44553e-07,3.13969e+00,1,0.7638,0.1654
0.700,47.50,5.0,8.17492e+06,4.53850e-07,1.22909e-07,3.69258e+00,1,0.7638,0.1654
0.700,50.00,5.0,9.53483e+06,4.53850e-07,1.05379e-07,4.30684e+00,1,0.7638,0.1654
0.700,52.50,5.0,1.10378e+07,4.53850e-07,9.10302e-08,4.98571e+00,1,0.7638,0.1654
0.700,55.00,5.0,1.26909e+07,4.53850e-07,7.91727e-08,5.73241e+00,1,0.7638,0.1654
0.700,57.50,5.0,1.45013e+07,4.53850e-07,6.92883e-08,6.55017e+00,1,0.7638,0.1654
0.700,60.00,5.0,1.64762e+07,4.53850e-07,6.09831e-08,7.44222e+00,1,0.7638,0.1654
0.700,62.50,5.0,1.86227e+07,4.53850e-07,5.39540e-08,8.41180e+00,1,0.7638,0.1654
0.700,65.00,5.0,2.09480e+07,4.53850e-07,4.79649e-08,9.46213e+00,1,0.7638,0.1654
0.700,67.50,5.0,2.34592e+07,4.53850e-07,4.28304e-08,1.05964e+01,1,0.7638,0.1654
0.700,70.00,5.0,2.61636e+07,4.53850e-07,3.84034e-08,1.18180e+01,1,0.7638,0.1654
0.700,72.50,5.0,2.90681e+07,4.53850e-07,3.45660e-08,1.31299e+01,1,0.7638,0.1654
0.700,75.00,5.0,3.21800e+07,4.53850e-07,3.12234e-08,1.45356e+01,1,0.7638,0.1654
0.700,77.50,5.0,3.55065e+07,4.53850e-07,2.82982e-08,1.60381e+01,1,0.7638,0.1654
0.700,80.00,5.0,3.90546e+07,4.53850e-07,2.57273e-08,1.76408e+01,1,0.7638,0.1654
0.750,5.00,5.0,8.59742e+03,3.81948e-07,1.16869e-04,3.26818e-03,0,0.7638,0.1772
0.750,7.50,5.0,2.90163e+04,3.81948e-07,3.46278e-05,1.10301e-02,0,0.7638,0.1772
0.750,10.00,5.0,6.87793e+04,3.81948e-07,1.46086e-05,2.61454e-02,0,0.7638,0.1772
0.750,12.50,5.0,1.34335e+05,3.81948e-07,7.47960e-06,5.10653e-02,0,0.7638,0.1772
0.750,15.00,5.0,2.32130e+05,3.81948e-07,4.32847e-06,8.82409e-02,0,0.7638,0.1772
0.750,17.50,5.0,3.68614e+05,3.81948e-07,2.72580e-06,1.40123e-01,0,0.7638,0.1772
0.750,20.00,5.0,5.50235e+05,3.81948e-07,1.82607e-06,2.09164e-01,0,0.7638,0.1772
0.750,22.50,5.0,7.83440e+05,3.81948e-07,1.28251e-06,2.97813e-01,0,0.7638,0.1772
0.750,25.00,5.0,1.07468e+06,3.81948e-07,9.34950e-07,4.08523e-01,0,0.7638,0.1772
0.750,27.50,5.0,1.43040e+06,3.81948e-07,7.02442e-07,5.43743e-01,0,0.7638,0.1772
0.750,30.00,5.0,1.85704e+06,3.81948e-07,5.41059e-07,7.05927e-01,0,0.7638,0.1772
0.750,32.50,5.0,2.36107e+06,3.81948e-07,4.25557e-07,8.97524e-01,0,0.7638,0.1772
0.750,35.00,5.0,2.94891e+06,3.81948e-07,3.40725e-07,1.12099e+00,1,0.7638,0.1772
0.750,37.50,5.0,3.62704e+06,3.81948e-07,2.77022e-07,1.37876e+00,1,0.7638,0.1772
0.750,40.00,5.0,4.40188e+06,3.81948e-07,2.28259e-07,1.67331e+00,1,0.7638,0.1772
0.750,42.50,5.0,5.27989e+06,3.81948e-07,1.90301e-07,2.00707e+00,1,0.7638,0.1772
0.750,45.00,5.0,6.26752e+06,3.81948e-07,1.60314e-07,2.38250e+00,1,0.7638,0.1772
0.750,47.50,5.0,7.37121e+06,3.81948e-07,1.36310e-07,2.80206e+00,1,0.7638,0.1772
0.750,50.00,5.0,8.59742e+06,3.81948e-07,1.16869e-07,3.26818e+00,1,0.7638,0.1772
0.750,52.50,5.0,9.95258e+06,3.81948e-07,1.00956e-07,3.78333e+00,1,0.7638,0.1772
0.750,55.00,5.0,1.14432e+07,3.81948e-07,8.78052e-08,4.34995e+00,1,0.7638,0.1772
0.750,57.50,5.0,1.30756e+07,3.81948e-07,7.68431e-08,4.97049e+00,1,0.7638,0.1772
0.750,60.00,5.0,1.48563e+07,3.81948e-07,6.76324e-08,5.64742e+00,1,0.7638,0.1772
0.750,62.50,5.0,1.67918e+07,3.81948e-07,5.98368e-08,6.38316e+00,1,0.7638,0.1772
0.750,65.00,5.0,1.88885e+07,3.81948e-07,5.31947e-08,7.18019e+00,1,0.7638,0.1772
0.750,67.50,5.0,2.11529e+07,3.81948e-07,4.75004e-08,8.04095e+00,1,0.7638,0.1772
0.750,70.00,5.0,2.35913e+07,3.81948e-07,4.25906e-08,8.96789e+00,1,0.7638,0.1772
0.750,72.50,5.0,2.62103e+07,3.81948e-07,3.83349e-08,9.96346e+00,1,0.7638,0.1772
0.750,75.00,5.0,2.90163e+07,3.81948e-07,3.46278e-08,1.10301e+01,1,0.7638,0.1772
0.750,77.50,5.0,3.20157e+07,3.81948e-07,3.13836e-08,1.21703e+01,1,0.7638,0.1772
0.750,80.00,5.0,3.52150e+07,3.81948e-07,2.85324e-08,1.33865e+01,1,0.7638,0.1772
0.800,5.00,5.0,7.80414e+03,3.25037e-07,1.28748e-04,2.52459e-03,0,0.7638,0.1890
0.800,7.50,5.0,2.63390e+04,3.25037e-07,3.81476e-05,8.52050e-03,0,0.7638,0.1890
0.800,10.00,5.0,6.24331e+04,3.25037e-07,1.60935e-05,2.01967e-02,0,0.7638,0.1890
0.800,12.50,5.0,1.21940e+05,3.25037e-07,8.23989e-06,3.94467e-02,0,0.7638,0.1890
0.800,15.00,5.0,2.10712e+05,3.25037e-07,4.76845e-06,6.81640e-02,0,0.7638,0.1890
0.800,17.50,5.0,3.34602e+05,3.25037e-07,3.00287e-06,1.08242e-01,0,0.7638,0.1890
0.800,20.00,5.0,4.99465e+05,3.25037e-07,2.01169e-06,1.61574e-01,0,0.7638,0.1890
0.800,22.50,5.0,7.11152e+05,3.25037e-07,1.41288e-06,2.30053e-01,0,0.7638,0.1890
0.800,25.00,5.0,9.75517e+05,3.25037e-07,1.02999e-06,3.15574e-01,0,0.7638,0.1890
0.800,27.50,5.0,1.29841e+06,3.25037e-07,7.73844e-07,4.20029e-01,0,0.7638,0.1890
0.800,30.00,5.0,1.68569e+06,3.25037e-07,5.96057e-07,5.45312e-01,0,0.7638,0.1890
0.800,32.50,5.0,2.14321e+06,3.25037e-07,4.68815e-07,6.93316e-01,0,0.7638,0.1890
0.800,35.00,5.0,2.67682e+06,3.25037e-07,3.75359e-07,8.65935e-01,0,0.7638,0.1890
0.800,37.50,5.0,3.29237e+06,3.25037e-07,3.05181e-07,1.06506e+00,1,0.7638,0.1890
0.800,40.00,5.0,3.99572e+06,3.25037e-07,2.51461e-07,1.29259e+00,1,0.7638,0.1890
0.800,42.50,5.0,4.79272e+06,3.25037e-07,2.09645e-07,1.55041e+00,1,0.7638,0.1890
0.800,45.00,5.0,5.68922e+06,3.25037e-07,1.76609e-07,1.84043e+00,1,0.7638,0.1890
0.800,47.50,5.0,6.69107e+06,3.25037e-07,1.50166e-07,2.16452e+00,1,0.7638,0.1890
0.800,50.00,5.0,7.80414e+06,3.25037e-07,1.28748e-07,2.52459e+00,1,0.7638,0.1890
0.800,52.50,5.0,9.03426e+06,3.25037e-07,1.11218e-07,2.92253e+00,1,0.7638,0.1890
0.800,55.00,5.0,1.03873e+07,3.25037e-07,9.67305e-08,3.36023e+00,1,0.7638,0.1890
0.800,57.50,5.0,1.18691e+07,3.25037e-07,8.46541e-08,3.83959e+00,1,0.7638,0.1890
0.800,60.00,5.0,1.34855e+07,3.25037e-07,7.45071e-08,4.36249e+00,1,0.7638,0.1890
0.800,62.50,5.0,1.52425e+07,3.25037e-07,6.59191e-08,4.93084e+00,1,0.7638,0.1890
0.800,65.00,5.0,1.71457e+07,3.25037e-07,5.86018e-08,5.54653e+00,1,0.7638,0.1890
0.800,67.50,5.0,1.92011e+07,3.25037e-07,5.23287e-08,6.21144e+00,1,0.7638,0.1890
0.800,70.00,5.0,2.14146e+07,3.25037e-07,4.69199e-08,6.92748e+00,1,0.7638,0.1890
0.800,72.50,5.0,2.37919e+07,3.25037e-07,4.22316e-08,7.69653e+00,1,0.7638,0.1890
0.800,75.00,5.0,2.63390e+07,3.25037e-07,3.81476e-08,8.52050e+00,1,0.7638,0.1890
0.800,77.50,5.0,2.90616e+07,3.25037e-07,3.45737e-08,9.40126e+00,1,0.7638,0.1890
0.800,80.00,5.0,3.19657e+07,3.25037e-07,3.14327e-08,1.03407e+01,1,0.7638,0.1890
0.850,5.00,5.0,7.12576e+03,2.79325e-07,1.41005e-04,1.98096e-03,0,0.7638,0.2008
0.850,7.50,5.0,2.40495e+04,2.79325e-07,4.17793e-05,6.68573e-03,0,0.7638,0.2008
0.850,10.00,5.0,5.70061e+04,2.79325e-07,1.76256e-05,1.58477e-02,0,0.7638,0.2008
0.850,12.50,5.0,1.11340e+05,2.79325e-07,9.02433e-06,3.09525e-02,0,0.7638,0.2008
0.850,15.00,5.0,1.92396e+05,2.79325e-07,5.22241e-06,5.34859e-02,0,0.7638,0.2008
0.850,17.50,5.0,3.05517e+05,2.79325e-07,3.28875e-06,8.49336e-02,0,0.7638,0.2008
0.850,20.00,5.0,4.56049e+05,2.79325e-07,2.20320e-06,1.26781e-01,0,0.7638,0.2008
0.850,22.50,5.0,6.49335e+05,2.79325e-07,1.54738e-06,1.80515e-01,0,0.7638,0.2008
0.850,25.00,5.0,8.90721e+05,2.79325e-07,1.12804e-06,2.47620e-01,0,0.7638,0.2008
0.850,27.50,5.0,1.18555e+06,2.79325e-07,8.47514e-07,3.29582e-01,0,0.7638,0.2008
0.850,30.00,5.0,1.53917e+06,2.79325e-07,6.52801e-07,4.27887e-01,0,0.7638,0.2008
0.850,32.50,5.0,1.95691e+06,2.79325e-07,5.13446e-07,5.44021e-01,0,0.7638,0.2008
0.850,35.00,5.0,2.44414e+06,2.79325e-07,4.11094e-07,6.79469e-01,0,0.7638,0.2008
0.850,37.50,5.0,3.00618e+06,2.79325e-07,3.34234e-07,8.35717e-01,0,0.7638,0.2008
0.850,40.00,5.0,3.64839e+06,2.79325e-07,2.75401e-07,1.01425e+00,1,0.7638,0.2008
0.850,42.50,5.0,4.37611e+06,2.79325e-07,2.29603e-07,1.21656e+00,1,0.7638,0.2008
0.850,45.00,5.0,5.19468e+06,2.79325e-07,1.93423e-07,1.44412e+00,1,0.7638,0.2008
0.850,47.50,5.0,6.10945e+06,2.79325e-07,1.64461e-07,1.69842e+00,1,0.7638,0.2008
0.850,50.00,5.0,7.12576e+06,2.79325e-07,1.41005e-07,1.98096e+00,1,0.7638,0.2008
0.850,52.50,5.0,8.24896e+06,2.79325e-07,1.21805e-07,2.29321e+00,1,0.7638,0.2008
0.850,55.00,5.0,9.48439e+06,2.79325e-07,1.05939e-07,2.63666e+00,1,0.7638,0.2008
0.850,57.50,5.0,1.08374e+07,2.79325e-07,9.27131e-08,3.01279e+00,1,0.7638,0.2008
0.850,60.00,5.0,1.23133e+07,2.79325e-07,8.16002e-08,3.42310e+00,1,0.7638,0.2008
0.850,62.50,5.0,1.39175e+07,2.79325e-07,7.21946e-08,3.86906e+00,1,0.7638,0.2008
0.850,65.00,5.0,1.56553e+07,2.79325e-07,6.41807e-08,4.35217e+00,1,0.7638,0.2008
0.850,67.50,5.0,1.75321e+07,2.79325e-07,5.73104e-08,4.87390e+00,1,0.7638,0.2008
0.850,70.00,5.0,1.95531e+07,2.79325e-07,5.13867e-08,5.43575e+00,1,0.7638,0.2008
0.850,72.50,5.0,2.17238e+07,2.79325e-07,4.62520e-08,6.03920e+00,1,0.7638,0.2008
0.850,75.00,5.0,2.40495e+07,2.79325e-07,4.17793e-08,6.68573e+00,1,0.7638,0.2008
0.850,77.50,5.0,2.65355e+07,2.79325e-07,3.78652e-08,7.37684e+00,1,0.7638,0.2008
0.850,80.00,5.0,2.91871e+07,2.79325e-07,3.44251e-08,8.11401e+00,1,0.7638,0.2008
0.900,5.00,5.0,6.54028e+03,2.42131e-07,1.53628e-04,1.57609e-03,0,0.7638,0.2126
0.900,7.50,5.0,2.20734e+04,2.42131e-07,4.55194e-05,5.31930e-03,0,0.7638,0.2126
0.900,10.00,5.0,5.23222e+04,2.42131e-07,1.92035e-05,1.26087e-02,0,0.7638,0.2126
0.900,12.50,5.0,1.02192e+05,2.42131e-07,9.83219e-06,2.46264e-02,0,0.7638,0.2126
0.900,15.00,5.0,1.76587e+05,2.42131e-07,5.68992e-06,4.25544e-02,0,0.7638,0.2126
0.900,17.50,5.0,2.80414e+05,2.42131e-07,3.58316e-06,6.75749e-02,0,0.7638,0.2126
0.900,20.00,5.0,4.18578e+05,2.42131e-07,2.40044e-06,1.00870e-01,0,0.7638,0.2126
0.900,22.50,5.0,5.95983e+05,2.42131e-07,1.68590e-06,1.43621e-01,0,0.7638,0.2126
0.900,25.00,5.0,8.17535e+05,2.42131e-07,1.22902e-06,1.97011e-01,0,0.7638,0.2126
0.900,27.50,5.0,1.08814e+06,2.42131e-07,9.23383e-07,2.62222e-01,0,0.7638,0.2126
0.900,30.00,5.0,1.41270e+06,2.42131e-07,7.11240e-07,3.40435e-01,0,0.7638,0.2126
0.900,32.50,5.0,1.79612e+06,2.42131e-07,5.59410e-07,4.32834e-01,0,0.7638,0.2126
0.900,35.00,5.0,2.24331e+06,2.42131e-07,4.47895e-07,5.40599e-01,0,0.7638,0.2126
0.900,37.50,5.0,2.75918e+06,2.42131e-07,3.64155e-07,6.64913e-01,0,0.7638,0.2126
0.900,40.00,5.0,3.34862e+06,2.42131e-07,3.00055e-07,8.06958e-01,0,0.7638,0.2126
0.900,42.50,5.0,4.01655e+06,2.42131e-07,2.50157e-07,9.67916e-01,0,0.7638,0.2126
0.900,45.00,5.0,4.76786e+06,2.42131e-07,2.10738e-07,1.14897e+00,1,0.7638,0.2126
0.900,47.50,5.0,5.60747e+06,2.42131e-07,1.79184e-07,1.35130e+00,1,0.7638,0.2126
0.900,50.00,5.0,6.54028e+06,2.42131e-07,1.53628e-07,1.57609e+00,1,0.7638,0.2126
0.900,52.50,5.0,7.57119e+06,2.42131e-07,1.32710e-07,1.82452e+00,1,0.7638,0.2126
0.900,55.00,5.0,8.70511e+06,2.42131e-07,1.15423e-07,2.09778e+00,1,0.7638,0.2126
0.900,57.50,5.0,9.94694e+06,2.42131e-07,1.01013e-07,2.39704e+00,1,0.7638,0.2126
0.900,60.00,5.0,1.13016e+07,2.42131e-07,8.89050e-08,2.72348e+00,1,0.7638,0.2126
0.900,62.50,5.0,1.27740e+07,2.42131e-07,7.86575e-08,3.07830e+00,1,0.7638,0.2126
0.900,65.00,5.0,1.43690e+07,2.42131e-07,6.99262e-08,3.46267e+00,1,0.7638,0.2126
0.900,67.50,5.0,1.60915e+07,2.42131e-07,6.24409e-08,3.87777e+00,1,0.7638,0.2126
0.900,70.00,5.0,1.79465e+07,2.42131e-07,5.59869e-08,4.32479e+00,1,0.7638,0.2126
0.900,72.50,5.0,1.99388e+07,2.42131e-07,5.03925e-08,4.80491e+00,1,0.7638,0.2126
0.900,75.00,5.0,2.20734e+07,2.42131e-07,4.55194e-08,5.31930e+00,1,0.7638,0.2126
0.900,77.50,5.0,2.43552e+07,2.42131e-07,4.12549e-08,5.86916e+00,1,0.7638,0.2126
0.900,80.00,5.0,2.67890e+07,2.42131e-07,3.75068e-08,6.45566e+00,1,0.7638,0.2126
0.950,5.00,5.0,6.03079e+03,2.11519e-07,1.66606e-04,1.26957e-03,0,0.7638,0.2244
0.950,7.50,5.0,2.03539e+04,2.11519e-07,4.93649e-05,4.28480e-03,0,0.7638,0.2244
0.950,10.00,5.0,4.82463e+04,2.11519e-07,2.08258e-05,1.01566e-02,0,0.7638,0.2244
0.950,12.50,5.0,9.42311e+04,2.11519e-07,1.06628e-05,1.98370e-02,0,0.7638,0.2244
0.950,15.00,5.0,1.62831e+05,2.11519e-07,6.17061e-06,3.42784e-02,0,0.7638,0.2244
0.950,17.50,5.0,2.58570e+05,2.11519e-07,3.88586e-06,5.44328e-02,0,0.7638,0.2244
0.950,20.00,5.0,3.85971e+05,2.11519e-07,2.60323e-06,8.12525e-02,0,0.7638,0.2244
0.950,22.50,5.0,5.49556e+05,2.11519e-07,1.82833e-06,1.15690e-01,0,0.7638,0.2244
0.950,25.00,5.0,7.53849e+05,2.11519e-07,1.33285e-06,1.58696e-01,0,0.7638,0.2244
0.950,27.50,5.0,1.00337e+06,2.11519e-07,1.00139e-06,2.11225e-01,0,0.7638,0.2244
0.950,30.00,5.0,1.30265e+06,2.11519e-07,7.71326e-07,2.74227e-01,0,0.7638,0.2244
0.950,32.50,5.0,1.65621e+06,2.11519e-07,6.06669e-07,3.48656e-01,0,0.7638,0.2244
0.950,35.00,5.0,2.06856e+06,2.11519e-07,4.85733e-07,4.35462e-01,0,0.7638,0.2244
0.950,37.50,5.0,2.54424e+06,2.11519e-07,3.94919e-07,5.35600e-01,0,0.7638,0.2244
0.950,40.00,5.0,3.08777e+06,2.11519e-07,3.25403e-07,6.50020e-01,0,0.7638,0.2244
0.950,42.50,5.0,3.70366e+06,2.11519e-07,2.71291e-07,7.79675e-01,0,0.7638,0.2244
0.950,45.00,5.0,4.39645e+06,2.11519e-07,2.28541e-07,9.25516e-01,0,0.7638,0.2244
0.950,47.50,5.0,5.17065e+06,2.11519e-07,1.94322e-07,1.08850e+00,1,0.7638,0.2244
0.950,50.00,5.0,6.03079e+06,2.11519e-07,1.66606e-07,1.26957e+00,1,0.7638,0.2244
0.950,52.50,5.0,6.98140e+06,2.11519e-07,1.43921e-07,1.46969e+00,1,0.7638,0.2244
0.950,55.00,5.0,8.02699e+06,2.11519e-07,1.25174e-07,1.68980e+00,1,0.7638,0.2244
0.950,57.50,5.0,9.17208e+06,2.11519e-07,1.09546e-07,1.93086e+00,1,0.7638,0.2244
0.950,60.00,5.0,1.04212e+07,2.11519e-07,9.64158e-08,2.19382e+00,1,0.7638,0.2244
0.950,62.50,5.0,1.17789e+07,2.11519e-07,8.53025e-08,2.47963e+00,1,0.7638,0.2244
0.950,65.00,5.0,1.32497e+07,2.11519e-07,7.58336e-08,2.78925e+00,1,0.7638,0.2244
0.950,67.50,5.0,1.48380e+07,2.11519e-07,6.77159e-08,3.12362e+00,1,0.7638,0.2244
0.950,70.00,5.0,1.65485e+07,2.11519e-07,6.07166e-08,3.48370e+00,1,0.7638,0.2244
0.950,72.50,5.0,1.83856e+07,2.11519e-07,5.46497e-08,3.87044e+00,1,0.7638,0.2244
0.950,75.00,5.0,2.03539e+07,2.11519e-07,4.93649e-08,4.28480e+00,1,0.7638,0.2244
0.950,77.50,5.0,2.24579e+07,2.11519e-07,4.47401e-08,4.72772e+00,1,0.7638,0.2244
0.950,80.00,5.0,2.47021e+07,2.11519e-07,4.06754e-08,5.20016e+00,1,0.7638,0.2244
1.000,5.00,5.0,5.58419e+03,1.86062e-07,1.79931e-04,1.03407e-03,0,0.7638,0.2362
1.000,7.50,5.0,1.88466e+04,1.86062e-07,5.33129e-05,3.49000e-03,0,0.7638,0.2362
1.000,10.00,5.0,4.46735e+04,1.86062e-07,2.24914e-05,8.27258e-03,0,0.7638,0.2362
1.000,12.50,5.0,8.72529e+04,1.86062e-07,1.15156e-05,1.61574e-02,0,0.7638,0.2362
1.000,15.00,5.0,1.50773e+05,1.86062e-07,6.66412e-06,2.79200e-02,0,0.7638,0.2362
1.000,17.50,5.0,2.39422e+05,1.86062e-07,4.19665e-06,4.43359e-02,0,0.7638,0.2362
1.000,20.00,5.0,3.57388e+05,1.86062e-07,2.81142e-06,6.61806e-02,0,0.7638,0.2362
1.000,22.50,5.0,5.08859e+05,1.86062e-07,1.97455e-06,9.42299e-02,0,0.7638,0.2362
1.000,25.00,5.0,6.98023e+05,1.86062e-07,1.43945e-06,1.29259e-01,0,0.7638,0.2362
1.000,27.50,5.0,9.29069e+05,1.86062e-07,1.08148e-06,1.72044e-01,0,0.7638,0.2362
1.000,30.00,5.0,1.20618e+06,1.86062e-07,8.33015e-07,2.23360e-01,0,0.7638,0.2362
1.000,32.50,5.0,1.53356e+06,1.86062e-07,6.55189e-07,2.83982e-01,0,0.7638,0.2362
1.000,35.00,5.0,1.91538e+06,1.86062e-07,5.24581e-07,3.54687e-01,0,0.7638,0.2362
1.000,37.50,5.0,2.35583e+06,1.86062e-07,4.26504e-07,4.36249e-01,0,0.7638,0.2362
1.000,40.00,5.0,2.85910e+06,1.86062e-07,3.51428e-07,5.29445e-01,0,0.7638,0.2362
1.000,42.50,5.0,3.42939e+06,1.86062e-07,2.92988e-07,6.35050e-01,0,0.7638,0.2362
1.000,45.00,5.0,4.07087e+06,1.86062e-07,2.46819e-07,7.53839e-01,0,0.7638,0.2362
1.000,47.50,5.0,4.78774e+06,1.86062e-07,2.09863e-07,8.86588e-01,0,0.7638,0.2362
1.000,50.00,5.0,5.58419e+06,1.86062e-07,1.79931e-07,1.03407e+00,1,0.7638,0.2362
1.000,52.50,5.0,6.46439e+06,1.86062e-07,1.55431e-07,1.19707e+00,1,0.7638,0.2362
1.000,55.00,5.0,7.43255e+06,1.86062e-07,1.35185e-07,1.37635e+00,1,0.7638,0.2362
1.000,57.50,5.0,8.49285e+06,1.86062e-07,1.18308e-07,1.57270e+00,1,0.7638,0.2362
1.000,60.00,5.0,9.64947e+06,1.86062e-07,1.04127e-07,1.78688e+00,1,0.7638,0.2362
1.000,62.50,5.0,1.09066e+07,1.86062e-07,9.21248e-08,2.01967e+00,1,0.7638,0.2362
1.000,65.00,5.0,1.22685e+07,1.86062e-07,8.18986e-08,2.27186e+00,1,0.7638,0.2362
1.000,67.50,5.0,1.37392e+07,1.86062e-07,7.31316e-08,2.54421e+00,1,0.7638,0.2362
1.000,70.00,5.0,1.53230e+07,1.86062e-07,6.55726e-08,2.83750e+00,1,0.7638,0.2362
1.000,72.50,5.0,1.70241e+07,1.86062e-07,5.90204e-08,3.15250e+00,1,0.7638,0.2362
1.000,75.00,5.0,1.88466e+07,1.86062e-07,5.33129e-08,3.49000e+00,1,0.7638,0.2362
1.000,77.50,5.0,2.07948e+07,1.86062e-07,4.83183e-08,3.85076e+00,1,0.7638,0.2362
1.000,80.00,5.0,2.28728e+07,1.86062e-07,4.39285e-08,4.23556e+00,1,0.7638,0.2362
1.050,5.00,5.0,5.19010e+03,1.64696e-07,1.93593e-04,8.50734e-04,0,0.7638,0.2480
1.050,7.50,5.0,1.75166e+04,1.64696e-07,5.73610e-05,2.87123e-03,0,0.7638,0.2480
1.050,10.00,5.0,4.15208e+04,1.64696e-07,2.41992e-05,6.80587e-03,0,0.7638,0.2480
1.050,12.50,5.0,8.10953e+04,1.64696e-07,1.23900e-05,1.32927e-02,0,0.7638,0.2480
1.050,15.00,5.0,1.40133e+05,1.64696e-07,7.17012e-06,2.29698e-02,0,0.7638,0.2480
1.050,17.50,5.0,2.22526e+05,1.64696e-07,4.51530e-06,3.64752e-02,0,0.7638,0.2480
1.050,20.00,5.0,3.32167e+05,1.64696e-07,3.02490e-06,5.44470e-02,0,0.7638,0.2480
1.050,22.50,5.0,4.72948e+05,1.64696e-07,2.12448e-06,7.75231e-02,0,0.7638,0.2480
1.050,25.00,5.0,6.48763e+05,1.64696e-07,1.54875e-06,1.06342e-01,0,0.7638,0.2480
1.050,27.50,5.0,8.63503e+05,1.64696e-07,1.16360e-06,1.41541e-01,0,0.7638,0.2480
1.050,30.00,5.0,1.12106e+06,1.64696e-07,8.96265e-07,1.83759e-01,0,0.7638,0.2480
1.050,32.50,5.0,1.42533e+06,1.64696e-07,7.04937e-07,2.33633e-01,0,0.7638,0.2480
1.050,35.00,5.0,1.78021e+06,1.64696e-07,5.64412e-07,2.91802e-01,0,0.7638,0.2480
1.050,37.50,5.0,2.18957e+06,1.64696e-07,4.58888e-07,3.58903e-01,0,0.7638,0.2480
1.050,40.00,5.0,2.65733e+06,1.64696e-07,3.78112e-07,4.35576e-01,0,0.7638,0.2480
1.050,42.50,5.0,3.18737e+06,1.64696e-07,3.15234e-07,5.22457e-01,0,0.7638,0.2480
1.050,45.00,5.0,3.78358e+06,1.64696e-07,2.65560e-07,6.20185e-01,0,0.7638,0.2480
1.050,47.50,5.0,4.44986e+06,1.64696e-07,2.25798e-07,7.29398e-01,0,0.7638,0.2480
1.050,50.00,5.0,5.19010e+06,1.64696e-07,1.93593e-07,8.50734e-01,0,0.7638,0.2480
1.050,52.50,5.0,6.00819e+06,1.64696e-07,1.67233e-07,9.84831e-01,0,0.7638,0.2480
1.050,55.00,5.0,6.90803e+06,1.64696e-07,1.45450e-07,1.13233e+00,1,0.7638,0.2480
1.050,57.50,5.0,7.89350e+06,1.64696e-07,1.27291e-07,1.29386e+00,1,0.7638,0.2480
1.050,60.00,5.0,8.96850e+06,1.64696e-07,1.12033e-07,1.47007e+00,1,0.7638,0.2480
1.050,62.50,5.0,1.01369e+07,1.64696e-07,9.91198e-08,1.66159e+00,1,0.7638,0.2480
1.050,65.00,5.0,1.14027e+07,1.64696e-07,8.81171e-08,1.86906e+00,1,0.7638,0.2480
1.050,67.50,5.0,1.27696e+07,1.64696e-07,7.86845e-08,2.09312e+00,1,0.7638,0.2480
1.050,70.00,5.0,1.42416e+07,1.64696e-07,7.05515e-08,2.33441e+00,1,0.7638,0.2480
1.050,72.50,5.0,1.58227e+07,1.64696e-07,6.35018e-08,2.59357e+00,1,0.7638,0.2480
1.050,75.00,5.0,1.75166e+07,1.64696e-07,5.73610e-08,2.87123e+00,1,0.7638,0.2480
1.050,77.50,5.0,1.93273e+07,1.64696e-07,5.19871e-08,3.16803e+00,1,0.7638,0.2480
1.050,80.00,5.0,2.12587e+07,1.64696e-07,4.72640e-08,3.48461e+00,1,0.7638,0.2480
1.100,5.00,5.0,4.84028e+03,1.46614e-07,2.07585e-04,7.06286e-04,0,0.7638,0.2599
1.100,7.50,5.0,1.63360e+04,1.46614e-07,6.15066e-05,2.38371e-03,0,0.7638,0.2599
1.100,10.00,5.0,3.87223e+04,1.46614e-07,2.59481e-05,5.65028e-03,0,0.7638,0.2599
1.100,12.50,5.0,7.56294e+04,1.46614e-07,1.32854e-05,1.10357e-02,0,0.7638,0.2599
1.100,15.00,5.0,1.30688e+05,1.46614e-07,7.68832e-06,1.90697e-02,0,0.7638,0.2599
1.100,17.50,5.0,2.07527e+05,1.46614e-07,4.84163e-06,3.02820e-02,0,0.7638,0.2599
1.100,20.00,5.0,3.09778e+05,1.46614e-07,3.24351e-06,4.52023e-02,0,0.7638,0.2599
1.100,22.50,5.0,4.41071e+05,1.46614e-07,2.27802e-06,6.43603e-02,0,0.7638,0.2599
1.100,25.00,5.0,6.05035e+05,1.46614e-07,1.66068e-06,8.82857e-02,0,0.7638,0.2599
1.100,27.50,5.0,8.05302e+05,1.46614e-07,1.24769e-06,1.17508e-01,0,0.7638,0.2599
1.100,30.00,5.0,1.04550e+06,1.46614e-07,9.61040e-07,1.52558e-01,0,0.7638,0.2599
1.100,32.50,5.0,1.32926e+06,1.46614e-07,7.55884e-07,1.93964e-01,0,0.7638,0.2599
1.100,35.00,5.0,1.66022e+06,1.46614e-07,6.05203e-07,2.42256e-01,0,0.7638,0.2599
1.100,37.50,5.0,2.04199e+06,1.46614e-07,4.92053e-07,2.97964e-01,0,0.7638,0.2599
1.100,40.00,5.0,2.47823e+06,1.46614e-07,4.05439e-07,3.61618e-01,0,0.7638,0.2599
1.100,42.50,5.0,2.97254e+06,1.46614e-07,3.38017e-07,4.33748e-01,0,0.7638,0.2599
1.100,45.00,5.0,3.52857e+06,1.46614e-07,2.84753e-07,5.14882e-01,0,0.7638,0.2599
1.100,47.50,5.0,4.14994e+06,1.46614e-07,2.42117e-07,6.05552e-01,0,0.7638,0.2599
1.100,50.00,5.0,4.84028e+06,1.46614e-07,2.07585e-07,7.06286e-01,0,0.7638,0.2599
1.100,52.50,5.0,5.60323e+06,1.46614e-07,1.79320e-07,8.17614e-01,0,0.7638,0.2599
1.100,55.00,5.0,6.44242e+06,1.46614e-07,1.55961e-07,9.40066e-01,0,0.7638,0.2599
1.100,57.50,5.0,7.36147e+06,1.46614e-07,1.36490e-07,1.07417e+00,1,0.7638,0.2599
1.100,60.00,5.0,8.36401e+06,1.46614e-07,1.20130e-07,1.22046e+00,1,0.7638,0.2599
1.100,62.50,5.0,9.45368e+06,1.46614e-07,1.06283e-07,1.37946e+00,1,0.7638,0.2599
1.100,65.00,5.0,1.06341e+07,1.46614e-07,9.44855e-08,1.55171e+00,1,0.7638,0.2599
1.100,67.50,5.0,1.19089e+07,1.46614e-07,8.43712e-08,1.73773e+00,1,0.7638,0.2599
1.100,70.00,5.0,1.32817e+07,1.46614e-07,7.56504e-08,1.93805e+00,1,0.7638,0.2599
1.100,72.50,5.0,1.47562e+07,1.46614e-07,6.80913e-08,2.15320e+00,1,0.7638,0.2599
1.100,75.00,5.0,1.63360e+07,1.46614e-07,6.15066e-08,2.38371e+00,1,0.7638,0.2599
1.100,77.50,5.0,1.80246e+07,1.46614e-07,5.57443e-08,2.63012e+00,1,0.7638,0.2599
1.100,80.00,5.0,1.98258e+07,1.46614e-07,5.06799e-08,2.89295e+00,1,0.7638,0.2599
1.150,5.00,5.0,4.52807e+03,1.31194e-07,2.21898e-04,5.91234e-04,0,0.7638,0.2717
1.150,7.50,5.0,1.52822e+04,1.31194e-07,6.57475e-05,1.99542e-03,0,0.7638,0.2717
1.150,10.00,5.0,3.62246e+04,1.31194e-07,2.77372e-05,4.72988e-03,0,0.7638,0.2717
1.150,12.50,5.0,7.07511e+04,1.31194e-07,1.42015e-05,9.23804e-03,0,0.7638,0.2717
1.150,15.00,5.0,1.22258e+05,1.31194e-07,8.21844e-06,1.59633e-02,0,0.7638,0.2717
1.150,17.50,5.0,1.94141e+05,1.31194e-07,5.17546e-06,2.53492e-02,0,0.7638,0.2717
1.150,20.00,5.0,2.89796e+05,1.31194e-07,3.46715e-06,3.78390e-02,0,0.7638,0.2717
1.150,22.50,5.0,4.12620e+05,1.31194e-07,2.43509e-06,5.38762e-02,0,0.7638,0.2717
1.150,25.00,5.0,5.66009e+05,1.31194e-07,1.77518e-06,7.39043e-02,0,0.7638,0.2717
1.150,27.50,5.0,7.53358e+05,1.31194e-07,1.33372e-06,9.83666e-02,0,0.7638,0.2717
1.150,30.00,5.0,9.78063e+05,1.31194e-07,1.02731e-06,1.27707e-01,0,0.7638,0.2717
1.150,32.50,5.0,1.24352e+06,1.31194e-07,8.08003e-07,1.62368e-01,0,0.7638,0.2717
1.150,35.00,5.0,1.55313e+06,1.31194e-07,6.46933e-07,2.02793e-01,0,0.7638,0.2717
1.150,37.50,5.0,1.91028e+06,1.31194e-07,5.25980e-07,2.49427e-01,0,0.7638,0.2717
1.150,40.00,5.0,2.31837e+06,1.31194e-07,4.33394e-07,3.02712e-01,0,0.7638,0.2717
1.150,42.50,5.0,2.78080e+06,1.31194e-07,3.61324e-07,3.63092e-01,0,0.7638,0.2717
1.150,45.00,5.0,3.30096e+06,1.31194e-07,3.04387e-07,4.31010e-01,0,0.7638,0.2717
1.150,47.50,5.0,3.88225e+06,1.31194e-07,2.58811e-07,5.06910e-01,0,0.7638,0.2717
1.150,50.00,5.0,4.52807e+06,1.31194e-07,2.21898e-07,5.91234e-01,0,0.7638,0.2717
1.150,52.50,5.0,5.24181e+06,1.31194e-07,1.91684e-07,6.84428e-01,0,0.7638,0.2717
1.150,55.00,5.0,6.02686e+06,1.31194e-07,1.66715e-07,7.86933e-01,0,0.7638,0.2717
1.150,57.50,5.0,6.88663e+06,1.31194e-07,1.45901e-07,8.99194e-01,0,0.7638,0.2717
1.150,60.00,5.0,7.82450e+06,1.31194e-07,1.28413e-07,1.02165e+00,1,0.7638,0.2717
1.150,62.50,5.0,8.84389e+06,1.31194e-07,1.13612e-07,1.15475e+00,1,0.7638,0.2717
1.150,65.00,5.0,9.94817e+06,1.31194e-07,1.01000e-07,1.29894e+00,1,0.7638,0.2717
1.150,67.50,5.0,1.11407e+07,1.31194e-07,9.01886e-08,1.45466e+00,1,0.7638,0.2717
1.150,70.00,5.0,1.24250e+07,1.31194e-07,8.08666e-08,1.62235e+00,1,0.7638,0.2717
1.150,72.50,5.0,1.38044e+07,1.31194e-07,7.27862e-08,1.80245e+00,1,0.7638,0.2717
1.150,75.00,5.0,1.52822e+07,1.31194e-07,6.57475e-08,1.99542e+00,1,0.7638,0.2717
1.150,77.50,5.0,1.68620e+07,1.31194e-07,5.95879e-08,2.20168e+00,1,0.7638,0.2717
1.150,80.00,5.0,1.85470e+07,1.31194e-07,5.41743e-08,2.42170e+00,1,0.7638,0.2717
1.200,5.00,5.0,4.24803e+03,1.17952e-07,2.36526e-04,4.98685e-04,0,0.7638,0.2835
1.200,7.50,5.0,1.43371e+04,1.17952e-07,7.00817e-05,1.68306e-03,0,0.7638,0.2835
1.200,10.00,5.0,3.39843e+04,1.17952e-07,2.95657e-05,3.98948e-03,0,0.7638,0.2835
1.200,12.50,5.0,6.63755e+04,1.17952e-07,1.51376e-05,7.79195e-03,0,0.7638,0.2835
1.200,15.00,5.0,1.14697e+05,1.17952e-07,8.76021e-06,1.34645e-02,0,0.7638,0.2835
1.200,17.50,5.0,1.82134e+05,1.17952e-07,5.51663e-06,2.13811e-02,0,0.7638,0.2835
1.200,20.00,5.0,2.71874e+05,1.17952e-07,3.69571e-06,3.19158e-02,0,0.7638,0.2835
1.200,22.50,5.0,3.87102e+05,1.17952e-07,2.59562e-06,4.54426e-02,0,0.7638,0.2835
1.200,25.00,5.0,5.31004e+05,1.17952e-07,1.89221e-06,6.23356e-02,0,0.7638,0.2835
1.200,27.50,5.0,7.06767e+05,1.17952e-07,1.42164e-06,8.29687e-02,0,0.7638,0.2835
1.200,30.00,5.0,9.17575e+05,1.17952e-07,1.09503e-06,1.07716e-01,0,0.7638,0.2835
1.200,32.50,5.0,1.16662e+06,1.17952e-07,8.61268e-07,1.36951e-01,0,0.7638,0.2835
1.200,35.00,5.0,1.45708e+06,1.17952e-07,6.89579e-07,1.71049e-01,0,0.7638,0.2835
1.200,37.50,5.0,1.79214e+06,1.17952e-07,5.60653e-07,2.10383e-01,0,0.7638,0.2835
1.200,40.00,5.0,2.17499e+06,1.17952e-07,4.61964e-07,2.55327e-01,0,0.7638,0.2835
1.200,42.50,5.0,2.60882e+06,1.17952e-07,3.85143e-07,3.06255e-01,0,0.7638,0.2835
1.200,45.00,5.0,3.09682e+06,1.17952e-07,3.24452e-07,3.63541e-01,0,0.7638,0.2835
1.200,47.50,5.0,3.64216e+06,1.17952e-07,2.75872e-07,4.27560e-01,0,0.7638,0.2835
1.200,50.00,5.0,4.24803e+06,1.17952e-07,2.36526e-07,4.98685e-01,0,0.7638,0.2835
1.200,52.50,5.0,4.91763e+06,1.17952e-07,2.04320e-07,5.77290e-01,0,0.7638,0.2835
1.200,55.00,5.0,5.65413e+06,1.17952e-07,1.77705e-07,6.63749e-01,0,0.7638,0.2835
1.200,57.50,5.0,6.46073e+06,1.17952e-07,1.55519e-07,7.58437e-01,0,0.7638,0.2835
1.200,60.00,5.0,7.34060e+06,1.17952e-07,1.36878e-07,8.61727e-01,0,0.7638,0.2835
1.200,62.50,5.0,8.29694e+06,1.17952e-07,1.21101e-07,9.73994e-01,0,0.7638,0.2835
1.200,65.00,5.0,9.33293e+06,1.17952e-07,1.07658e-07,1.09561e+00,1,0.7638,0.2835
1.200,67.50,5.0,1.04518e+07,1.17952e-07,9.61340e-08,1.22695e+00,1,0.7638,0.2835
1.200,70.00,5.0,1.16566e+07,1.17952e-07,8.61974e-08,1.36839e+00,1,0.7638,0.2835
1.200,72.50,5.0,1.29507e+07,1.17952e-07,7.75844e-08,1.52030e+00,1,0.7638,0.2835
1.200,75.00,5.0,1.43371e+07,1.17952e-07,7.00817e-08,1.68306e+00,1,0.7638,0.2835
1.200,77.50,5.0,1.58191e+07,1.17952e-07,6.35160e-08,1.85704e+00,1,0.7638,0.2835
1.200,80.00,5.0,1.73999e+07,1.17952e-07,5.77455e-08,2.04261e+00,1,0.7638,0.2835
1.250,5.00,5.0,3.99572e+03,1.06508e-07,2.51461e-04,4.23556e-04,0,0.7638,0.2953
1.250,7.50,5.0,1.34855e+04,1.06508e-07,7.45071e-05,1.42950e-03,0,0.7638,0.2953
1.250,10.00,5.0,3.19657e+04,1.06508e-07,3.14327e-05,3.38845e-03,0,0.7638,0.2953
1.250,12.50,5.0,6.24331e+04,1.06508e-07,1.60935e-05,6.61806e-03,0,0.7638,0.2953
1.250,15.00,5.0,1.07884e+05,1.06508e-07,9.31339e-06,1.14360e-02,0,0.7638,0.2953
1.250,17.50,5.0,1.71316e+05,1.06508e-07,5.86499e-06,1.81600e-02,0,0.7638,0.2953
1.250,20.00,5.0,2.55726e+05,1.06508e-07,3.92909e-06,2.71076e-02,0,0.7638,0.2953
1.250,22.50,5.0,3.64110e+05,1.06508e-07,2.75952e-06,3.85966e-02,0,0.7638,0.2953
1.250,25.00,5.0,4.99465e+05,1.06508e-07,2.01169e-06,5.29445e-02,0,0.7638,0.2953
1.250,27.50,5.0,6.64788e+05,1.06508e-07,1.51141e-06,7.04692e-02,0,0.7638,0.2953
1.250,30.00,5.0,8.63075e+05,1.06508e-07,1.16417e-06,9.14881e-02,0,0.7638,0.2953
1.250,32.50,5.0,1.09732e+06,1.06508e-07,9.15654e-07,1.16319e-01,0,0.7638,0.2953
1.250,35.00,5.0,1.37053e+06,1.06508e-07,7.33124e-07,1.45280e-01,0,0.7638,0.2953
1.250,37.50,5.0,1.68569e+06,1.06508e-07,5.96057e-07,1.78688e-01,0,0.7638,0.2953
1.250,40.00,5.0,2.04581e+06,1.06508e-07,4.91136e-07,2.16861e-01,0,0.7638,0.2953
1.250,42.50,5.0,2.45387e+06,1.06508e-07,4.09463e-07,2.60116e-01,0,0.7638,0.2953
1.250,45.00,5.0,2.91288e+06,1.06508e-07,3.44940e-07,3.08772e-01,0,0.7638,0.2953
1.250,47.50,5.0,3.42583e+06,1.06508e-07,2.93292e-07,3.63146e-01,0,0.7638,0.2953
1.250,50.00,5.0,3.99572e+06,1.06508e-07,2.51461e-07,4.23556e-01,0,0.7638,0.2953
1.250,52.50,5.0,4.62554e+06,1.06508e-07,2.17222e-07,4.90319e-01,0,0.7638,0.2953
1.250,55.00,5.0,5.31830e+06,1.06508e-07,1.88927e-07,5.63753e-01,0,0.7638,0.2953
1.250,57.50,5.0,6.07699e+06,1.06508e-07,1.65340e-07,6.44176e-01,0,0.7638,0.2953
1.250,60.00,5.0,6.90460e+06,1.06508e-07,1.45522e-07,7.31905e-01,0,0.7638,0.2953
1.250,62.50,5.0,7.80414e+06,1.06508e-07,1.28748e-07,8.27258e-01,0,0.7638,0.2953
1.250,65.00,5.0,8.77859e+06,1.06508e-07,1.14457e-07,9.30553e-01,0,0.7638,0.2953
1.250,67.50,5.0,9.83096e+06,1.06508e-07,1.02205e-07,1.04211e+00,1,0.7638,0.2953
1.250,70.00,5.0,1.09643e+07,1.06508e-07,9.16405e-08,1.16224e+00,1,0.7638,0.2953
1.250,72.50,5.0,1.21814e+07,1.06508e-07,8.24836e-08,1.29126e+00,1,0.7638,0.2953
1.250,75.00,5.0,1.34855e+07,1.06508e-07,7.45071e-08,1.42950e+00,1,0.7638,0.2953
1.250,77.50,5.0,1.48796e+07,1.06508e-07,6.75268e-08,1.57727e+00,1,0.7638,0.2953
1.250,80.00,5.0,1.63665e+07,1.06508e-07,6.13920e-08,1.73489e+00,1,0.7638,0.2953
1.300,5.00,5.0,3.76743e+03,9.65604e-08,2.66699e-04,3.62058e-04,0,0.7638,0.3071
1.300,7.50,5.0,1.27151e+04,9.65604e-08,7.90219e-05,1.22194e-03,0,0.7638,0.3071
1.300,10.00,5.0,3.01394e+04,9.65604e-08,3.33374e-05,2.89646e-03,0,0.7638,0.3071
1.300,12.50,5.0,5.88660e+04,9.65604e-08,1.70687e-05,5.65715e-03,0,0.7638,0.3071
1.300,15.00,5.0,1.01721e+05,9.65604e-08,9.87774e-06,9.77555e-03,0,0.7638,0.3071
1.300,17.50,5.0,1.61528e+05,9.65604e-08,6.22039e-06,1.55232e-02,0,0.7638,0.3071
1.300,20.00,5.0,2.41115e+05,9.65604e-08,4.16717e-06,2.31717e-02,0,0.7638,0.3071
1.300,22.50,5.0,3.43307e+05,9.65604e-08,2.92674e-06,3.29925e-02,0,0.7638,0.3071
1.300,25.00,5.0,4.70928e+05,9.65604e-08,2.13359e-06,4.52572e-02,0,0.7638,0.3071
1.300,27.50,5.0,6.26806e+05,9.65604e-08,1.60300e-06,6.02373e-02,0,0.7638,0.3071
1.300,30.00,5.0,8.13764e+05,9.65604e-08,1.23472e-06,7.82044e-02,0,0.7638,0.3071
1.300,32.50,5.0,1.03463e+06,9.65604e-08,9.71139e-07,9.94301e-02,0,0.7638,0.3071
1.300,35.00,5.0,1.29223e+06,9.65604e-08,7.77548e-07,1.24186e-01,0,0.7638,0.3071
1.300,37.50,5.0,1.58938e+06,9.65604e-08,6.32175e-07,1.52743e-01,0,0.7638,0.3071
1.300,40.00,5.0,1.92892e+06,9.65604e-08,5.20897e-07,1.85373e-01,0,0.7638,0.3071
1.300,42.50,5.0,2.31367e+06,9.65604e-08,4.34275e-07,2.22349e-01,0,0.7638,0.3071
1.300,45.00,5.0,2.74645e+06,9.65604e-08,3.65842e-07,2.63940e-01,0,0.7638,0.3071
1.300,47.50,5.0,3.23010e+06,9.65604e-08,3.11065e-07,3.10419e-01,0,0.7638,0.3071
1.300,50.00,5.0,3.76743e+06,9.65604e-08,2.66699e-07,3.62058e-01,0,0.7638,0.3071
1.300,52.50,5.0,4.36127e+06,9.65604e-08,2.30385e-07,4.19127e-01,0,0.7638,0.3071
1.300,55.00,5.0,5.01445e+06,9.65604e-08,2.00375e-07,4.81899e-01,0,0.7638,0.3071
1.300,57.50,5.0,5.72979e+06,9.65604e-08,1.75359e-07,5.50644e-01,0,0.7638,0.3071
1.300,60.00,5.0,6.51011e+06,9.65604e-08,1.54340e-07,6.25635e-01,0,0.7638,0.3071
1.300,62.50,5.0,7.35826e+06,9.65604e-08,1.36550e-07,7.07144e-01,0,0.7638,0.3071
1.300,65.00,5.0,8.27704e+06,9.65604e-08,1.21392e-07,7.95440e-01,0,0.7638,0.3071
1.300,67.50,5.0,9.26928e+06,9.65604e-08,1.08398e-07,8.90797e-01,0,0.7638,0.3071
1.300,70.00,5.0,1.03378e+07,9.65604e-08,9.71935e-08,9.93486e-01,0,0.7638,0.3071
1.300,72.50,5.0,1.14855e+07,9.65604e-08,8.74817e-08,1.10378e+00,1,0.7638,0.3071
1.300,75.00,5.0,1.27151e+07,9.65604e-08,7.90219e-08,1.22194e+00,1,0.7638,0.3071
1.300,77.50,5.0,1.40294e+07,9.65604e-08,7.16187e-08,1.34826e+00,1,0.7638,0.3071
1.300,80.00,5.0,1.54314e+07,9.65604e-08,6.51121e-08,1.48299e+00,1,0.7638,0.3071
1.350,5.00,5.0,3.56008e+03,8.78664e-08,2.82233e-04,3.11326e-04,0,0.7638,0.3189
1.350,7.50,5.0,1.20153e+04,8.78664e-08,8.36244e-05,1.05073e-03,0,0.7638,0.3189
1.350,10.00,5.0,2.84806e+04,8.78664e-08,3.52791e-05,2.49061e-03,0,0.7638,0.3189
1.350,12.50,5.0,5.56262e+04,8.78664e-08,1.80629e-05,4.86448e-03,0,0.7638,0.3189
1.350,15.00,5.0,9.61220e+04,8.78664e-08,1.04531e-05,8.40581e-03,0,0.7638,0.3189
1.350,17.50,5.0,1.52638e+05,8.78664e-08,6.58268e-06,1.33481e-02,0,0.7638,0.3189
1.350,20.00,5.0,2.27845e+05,8.78664e-08,4.40988e-06,1.99249e-02,0,0.7638,0.3189
1.350,22.50,5.0,3.24412e+05,8.78664e-08,3.09720e-06,2.83696e-02,0,0.7638,0.3189
1.350,25.00,5.0,4.45009e+05,8.78664e-08,2.25786e-06,3.89158e-02,0,0.7638,0.3189
1.350,27.50,5.0,5.92308e+05,8.78664e-08,1.69636e-06,5.17969e-02,0,0.7638,0.3189
1.350,30.00,5.0,7.68976e+05,8.78664e-08,1.30663e-06,6.72465e-02,0,0.7638,0.3189
1.350,32.50,5.0,9.77686e+05,8.78664e-08,1.02770e-06,8.54980e-02,0,0.7638,0.3189
1.350,35.00,5.0,1.22111e+06,8.78664e-08,8.22835e-07,1.06785e-01,0,0.7638,0.3189
1.350,37.50,5.0,1.50191e+06,8.78664e-08,6.68996e-07,1.31341e-01,0,0.7638,0.3189
1.350,40.00,5.0,1.82276e+06,8.78664e-08,5.51235e-07,1.59399e-01,0,0.7638,0.3189
1.350,42.50,5.0,2.18633e+06,8.78664e-08,4.59569e-07,1.91193e-01,0,0.7638,0.3189
1.350,45.00,5.0,2.59529e+06,8.78664e-08,3.87150e-07,2.26957e-01,0,0.7638,0.3189
1.350,47.50,5.0,3.05232e+06,8.78664e-08,3.29182e-07,2.66923e-01,0,0.7638,0.3189
1.350,50.00,5.0,3.56008e+06,8.78664e-08,2.82233e-07,3.11326e-01,0,0.7638,0.3189
1.350,52.50,5.0,4.12123e+06,8.78664e-08,2.43803e-07,3.60399e-01,0,0.7638,0.3189
1.350,55.00,5.0,4.73846e+06,8.78664e-08,2.12045e-07,4.14375e-01,0,0.7638,0.3189
1.350,57.50,5.0,5.41443e+06,8.78664e-08,1.85572e-07,4.73489e-01,0,0.7638,0.3189
1.350,60.00,5.0,6.15181e+06,8.78664e-08,1.63329e-07,5.37972e-01,0,0.7638,0.3189
1.350,62.50,5.0,6.95327e+06,8.78664e-08,1.44503e-07,6.08059e-01,0,0.7638,0.3189
1.350,65.00,5.0,7.82149e+06,8.78664e-08,1.28463e-07,6.83984e-01,0,0.7638,0.3189
1.350,67.50,5.0,8.75912e+06,8.78664e-08,1.14711e-07,7.65980e-01,0,0.7638,0.3189
1.350,70.00,5.0,9.76885e+06,8.78664e-08,1.02854e-07,8.54280e-01,0,0.7638,0.3189
1.350,72.50,5.0,1.08533e+07,8.78664e-08,9.25770e-08,9.49117e-01,0,0.7638,0.3189
1.350,75.00,5.0,1.20153e+07,8.78664e-08,8.36244e-08,1.05073e+00,1,0.7638,0.3189
1.350,77.50,5.0,1.32573e+07,8.78664e-08,7.57900e-08,1.15934e+00,1,0.7638,0.3189
1.350,80.00,5.0,1.45821e+07,8.78664e-08,6.89044e-08,1.27519e+00,1,0.7638,0.3189
1.400,5.00,5.0,3.37107e+03,8.02301e-08,2.98056e-04,2.69178e-04,0,0.7638,0.3307
1.400,7.50,5.0,1.13774e+04,8.02301e-08,8.83130e-05,9.08474e-04,0,0.7638,0.3307
1.400,10.00,5.0,2.69686e+04,8.02301e-08,3.72570e-05,2.15342e-03,0,0.7638,0.3307
1.400,12.50,5.0,5.26730e+04,8.02301e-08,1.90756e-05,4.20590e-03,0,0.7638,0.3307
1.400,15.00,5.0,9.10189e+04,8.02301e-08,1.10391e-05,7.26779e-03,0,0.7638,0.3307
1.400,17.50,5.0,1.44535e+05,8.02301e-08,6.95175e-06,1.15410e-02,0,0.7638,0.3307
1.400,20.00,5.0,2.15748e+05,8.02301e-08,4.65713e-06,1.72274e-02,0,0.7638,0.3307
1.400,22.50,5.0,3.07189e+05,8.02301e-08,3.27085e-06,2.45288e-02,0,0.7638,0.3307
1.400,25.00,5.0,4.21384e+05,8.02301e-08,2.38445e-06,3.36472e-02,0,0.7638,0.3307
1.400,27.50,5.0,5.60862e+05,8.02301e-08,1.79147e-06,4.47844e-02,0,0.7638,0.3307
1.400,30.00,5.0,7.28151e+05,8.02301e-08,1.37989e-06,5.81424e-02,0,0.7638,0.3307
1.400,32.50,5.0,9.25780e+05,8.02301e-08,1.08532e-06,7.39229e-02,0,0.7638,0.3307
1.400,35.00,5.0,1.15628e+06,8.02301e-08,8.68969e-07,9.23279e-02,0,0.7638,0.3307
1.400,37.50,5.0,1.42217e+06,8.02301e-08,7.06504e-07,1.13559e-01,0,0.7638,0.3307
1.400,40.00,5.0,1.72599e+06,8.02301e-08,5.82141e-07,1.37819e-01,0,0.7638,0.3307
1.400,42.50,5.0,2.07026e+06,8.02301e-08,4.85335e-07,1.65309e-01,0,0.7638,0.3307
1.400,45.00,5.0,2.45751e+06,8.02301e-08,4.08857e-07,1.96230e-01,0,0.7638,0.3307
1.400,47.50,5.0,2.89027e+06,8.02301e-08,3.47638e-07,2.30786e-01,0,0.7638,0.3307
1.400,50.00,5.0,3.37107e+06,8.02301e-08,2.98056e-07,2.69178e-01,0,0.7638,0.3307
1.400,52.50,5.0,3.90244e+06,8.02301e-08,2.57472e-07,3.11607e-01,0,0.7638,0.3307
1.400,55.00,5.0,4.48689e+06,8.02301e-08,2.23934e-07,3.58275e-01,0,0.7638,0.3307
1.400,57.50,5.0,5.12698e+06,8.02301e-08,1.95977e-07,4.09385e-01,0,0.7638,0.3307
1.400,60.00,5.0,5.82521e+06,8.02301e-08,1.72486e-07,4.65139e-01,0,0.7638,0.3307
1.400,62.50,5.0,6.58412e+06,8.02301e-08,1.52605e-07,5.25737e-01,0,0.7638,0.3307
1.400,65.00,5.0,7.40624e+06,8.02301e-08,1.35665e-07,5.91383e-01,0,0.7638,0.3307
1.400,67.50,5.0,8.29410e+06,8.02301e-08,1.21143e-07,6.62278e-01,0,0.7638,0.3307
1.400,70.00,5.0,9.25022e+06,8.02301e-08,1.08621e-07,7.38623e-01,0,0.7638,0.3307
1.400,72.50,5.0,1.02771e+07,8.02301e-08,9.77675e-08,8.20622e-01,0,0.7638,0.3307
1.400,75.00,5.0,1.13774e+07,8.02301e-08,8.83130e-08,9.08474e-01,0,0.7638,0.3307
1.400,77.50,5.0,1.25534e+07,8.02301e-08,8.00393e-08,1.00238e+00,1,0.7638,0.3307
1.400,80.00,5.0,1.38079e+07,8.02301e-08,7.27677e-08,1.10255e+00,1,0.7638,0.3307
1.450,5.00,5.0,3.19822e+03,7.34916e-08,3.14165e-04,2.33926e-04,0,0.7638,0.3425
1.450,7.50,5.0,1.07940e+04,7.34916e-08,9.30861e-05,7.89501e-04,0,0.7638,0.3425
1.450,10.00,5.0,2.55857e+04,7.34916e-08,3.92707e-05,1.87141e-03,0,0.7638,0.3425
1.450,12.50,5.0,4.99721e+04,7.34916e-08,2.01066e-05,3.65510e-03,0,0.7638,0.3425
1.450,15.00,5.0,8.63518e+04,7.34916e-08,1.16358e-05,6.31601e-03,0,0.7638,0.3425
1.450,17.50,5.0,1.37124e+05,7.34916e-08,7.32747e-06,1.00296e-02,0,0.7638,0.3425
1.450,20.00,5.0,2.04686e+05,7.34916e-08,4.90883e-06,1.49713e-02,0,0.7638,0.3425
1.450,22.50,5.0,2.91437e+05,7.34916e-08,3.44763e-06,2.13165e-02,0,0.7638,0.3425
1.450,25.00,5.0,3.99777e+05,7.34916e-08,2.51332e-06,2.92408e-02,0,0.7638,0.3425
1.450,27.50,5.0,5.32103e+05,7.34916e-08,1.88830e-06,3.89195e-02,0,0.7638,0.3425
1.450,30.00,5.0,6.90815e+05,7.34916e-08,1.45447e-06,5.05281e-02,0,0.7638,0.3425
1.450,32.50,5.0,8.78310e+05,7.34916e-08,1.14398e-06,6.42420e-02,0,0.7638,0.3425
1.450,35.00,5.0,1.09699e+06,7.34916e-08,9.15934e-07,8.02367e-02,0,0.7638,0.3425
1.450,37.50,5.0,1.34925e+06,7.34916e-08,7.44688e-07,9.86877e-02,0,0.7638,0.3425
1.450,40.00,5.0,1.63749e+06,7.34916e-08,6.13604e-07,1.19770e-01,0,0.7638,0.3425
1.450,42.50,5.0,1.96410e+06,7.34916e-08,5.11566e-07,1.43660e-01,0,0.7638,0.3425
1.450,45.00,5.0,2.33150e+06,7.34916e-08,4.30954e-07,1.70532e-01,0,0.7638,0.3425
1.450,47.50,5.0,2.74207e+06,7.34916e-08,3.66427e-07,2.00563e-01,0,0.7638,0.3425
1.450,50.00,5.0,3.19822e+06,7.34916e-08,3.14165e-07,2.33926e-01,0,0.7638,0.3425
1.450,52.50,5.0,3.70234e+06,7.34916e-08,2.71388e-07,2.70799e-01,0,0.7638,0.3425
1.450,55.00,5.0,4.25683e+06,7.34916e-08,2.36037e-07,3.11356e-01,0,0.7638,0.3425
1.450,57.50,5.0,4.86409e+06,7.34916e-08,2.06569e-07,3.55773e-01,0,0.7638,0.3425
1.450,60.00,5.0,5.52652e+06,7.34916e-08,1.81809e-07,4.04225e-01,0,0.7638,0.3425
1.450,62.50,5.0,6.24652e+06,7.34916e-08,1.60853e-07,4.56887e-01,0,0.7638,0.3425
1.450,65.00,5.0,7.02648e+06,7.34916e-08,1.42997e-07,5.13936e-01,0,0.7638,0.3425
1.450,67.50,5.0,7.86881e+06,7.34916e-08,1.27690e-07,5.75546e-01,0,0.7638,0.3425
1.450,70.00,5.0,8.77591e+06,7.34916e-08,1.14492e-07,6.41894e-01,0,0.7638,0.3425
1.450,72.50,5.0,9.75016e+06,7.34916e-08,1.03052e-07,7.13154e-01,0,0.7638,0.3425
1.450,75.00,5.0,1.07940e+07,7.34916e-08,9.30861e-08,7.89501e-01,0,0.7638,0.3425
1.450,77.50,5.0,1.19098e+07,7.34916e-08,8.43652e-08,8.71112e-01,0,0.7638,0.3425
1.450,80.00,5.0,1.30999e+07,7.34916e-08,7.67005e-08,9.58162e-01,0,0.7638,0.3425
1.500,5.00,5.0,3.03965e+03,6.75195e-08,3.30555e-04,2.04261e-04,0,0.7638,0.3544
1.500,7.50,5.0,1.02588e+04,6.75195e-08,9.79421e-05,6.89382e-04,0,0.7638,0.3544
1.500,10.00,5.0,2.43172e+04,6.75195e-08,4.13193e-05,1.63409e-03,0,0.7638,0.3544
1.500,12.50,5.0,4.74945e+04,6.75195e-08,2.11555e-05,3.19158e-03,0,0.7638,0.3544
1.500,15.00,5.0,8.20704e+04,6.75195e-08,1.22428e-05,5.51505e-03,0,0.7638,0.3544
1.500,17.50,5.0,1.30325e+05,6.75195e-08,7.70973e-06,8.75770e-03,0,0.7638,0.3544
1.500,20.00,5.0,1.94537e+05,6.75195e-08,5.16492e-06,1.30727e-02,0,0.7638,0.3544
1.500,22.50,5.0,2.76988e+05,6.75195e-08,3.62749e-06,1.86133e-02,0,0.7638,0.3544
1.500,25.00,5.0,3.79956e+05,6.75195e-08,2.64444e-06,2.55327e-02,0,0.7638,0.3544
1.500,27.50,5.0,5.05721e+05,6.75195e-08,1.98680e-06,3.39840e-02,0,0.7638,0.3544
1.500,30.00,5.0,6.56563e+05,6.75195e-08,1.53035e-06,4.41204e-02,0,0.7638,0.3544
1.500,32.50,5.0,8.34763e+05,6.75195e-08,1.20366e-06,5.60952e-02,0,0.7638,0.3544
1.500,35.00,5.0,1.04260e+06,6.75195e-08,9.63716e-07,7.00616e-02,0,0.7638,0.3544
1.500,37.50,5.0,1.28235e+06,6.75195e-08,7.83537e-07,8.61727e-02,0,0.7638,0.3544
1.500,40.00,5.0,1.55630e+06,6.75195e-08,6.45615e-07,1.04582e-01,0,0.7638,0.3544
1.500,42.50,5.0,1.86672e+06,6.75195e-08,5.38253e-07,1.25442e-01,0,0.7638,0.3544
1.500,45.00,5.0,2.21590e+06,6.75195e-08,4.53436e-07,1.48906e-01,0,0.7638,0.3544
1.500,47.50,5.0,2.60612e+06,6.75195e-08,3.85543e-07,1.75128e-01,0,0.7638,0.3544
1.500,50.00,5.0,3.03965e+06,6.75195e-08,3.30555e-07,2.04261e-01,0,0.7638,0.3544
1.500,52.50,5.0,3.51877e+06,6.75195e-08,2.85546e-07,2.36458e-01,0,0.7638,0.3544
1.500,55.00,5.0,4.04577e+06,6.75195e-08,2.48351e-07,2.71872e-01,0,0.7638,0.3544
1.500,57.50,5.0,4.62292e+06,6.75195e-08,2.17345e-07,3.10656e-01,0,0.7638,0.3544
1.500,60.00,5.0,5.25251e+06,6.75195e-08,1.91293e-07,3.52963e-01,0,0.7638,0.3544
1.500,62.50,5.0,5.93681e+06,6.75195e-08,1.69244e-07,3.98948e-01,0,0.7638,0.3544
1.500,65.00,5.0,6.67810e+06,6.75195e-08,1.50457e-07,4.48762e-01,0,0.7638,0.3544
1.500,67.50,5.0,7.47867e+06,6.75195e-08,1.34351e-07,5.02559e-01,0,0.7638,0.3544
1.500,70.00,5.0,8.34079e+06,6.75195e-08,1.20465e-07,5.60493e-01,0,0.7638,0.3544
1.500,72.50,5.0,9.26674e+06,6.75195e-08,1.08427e-07,6.22716e-01,0,0.7638,0.3544
1.500,75.00,5.0,1.02588e+07,6.75195e-08,9.79421e-08,6.89382e-01,0,0.7638,0.3544
1.500,77.50,5.0,1.13193e+07,6.75195e-08,8.87663e-08,7.60643e-01,0,0.7638,0.3544
1.500,80.00,5.0,1.24504e+07,6.75195e-08,8.07018e-08,8.36654e-01,0,0.7638,0.3544
1.550,5.00,5.0,2.89376e+03,6.22054e-08,3.47219e-04,1.79153e-04,0,0.7638,0.3662
1.550,7.50,5.0,9.76644e+03,6.22054e-08,1.02880e-04,6.04642e-04,0,0.7638,0.3662
1.550,10.00,5.0,2.31501e+04,6.22054e-08,4.34024e-05,1.43322e-03,0,0.7638,0.3662
1.550,12.50,5.0,4.52150e+04,6.22054e-08,2.22220e-05,2.79927e-03,0,0.7638,0.3662
1.550,15.00,5.0,7.81315e+04,6.22054e-08,1.28600e-05,4.83713e-03,0,0.7638,0.3662
1.550,17.50,5.0,1.24070e+05,6.22054e-08,8.09841e-06,7.68119e-03,0,0.7638,0.3662
1.550,20.00,5.0,1.85201e+05,6.22054e-08,5.42530e-06,1.14658e-02,0,0.7638,0.3662
1.550,22.50,5.0,2.63694e+05,6.22054e-08,3.81036e-06,1.63253e-02,0,0.7638,0.3662
1.550,25.00,5.0,3.61720e+05,6.22054e-08,2.77775e-06,2.23941e-02,0,0.7638,0.3662
1.550,27.50,5.0,4.81449e+05,6.22054e-08,2.08697e-06,2.98066e-02,0,0.7638,0.3662
1.550,30.00,5.0,6.25052e+05,6.22054e-08,1.60750e-06,3.86971e-02,0,0.7638,0.3662
1.550,32.50,5.0,7.94698e+05,6.22054e-08,1.26434e-06,4.91999e-02,0,0.7638,0.3662
1.550,35.00,5.0,9.92559e+05,6.22054e-08,1.01230e-06,6.14495e-02,0,0.7638,0.3662
1.550,37.50,5.0,1.22080e+06,6.22054e-08,8.23039e-07,7.55802e-02,0,0.7638,0.3662
1.550,40.00,5.0,1.48160e+06,6.22054e-08,6.78163e-07,9.17264e-02,0,0.7638,0.3662
1.550,42.50,5.0,1.77713e+06,6.22054e-08,5.65389e-07,1.10022e-01,0,0.7638,0.3662
1.550,45.00,5.0,2.10955e+06,6.22054e-08,4.76295e-07,1.30603e-01,0,0.7638,0.3662
1.550,47.50,5.0,2.48104e+06,6.22054e-08,4.04980e-07,1.53601e-01,0,0.7638,0.3662
1.550,50.00,5.0,2.89376e+06,6.22054e-08,3.47219e-07,1.79153e-01,0,0.7638,0.3662
1.550,52.50,5.0,3.34989e+06,6.22054e-08,2.99941e-07,2.07392e-01,0,0.7638,0.3662
1.550,55.00,5.0,3.85159e+06,6.22054e-08,2.60871e-07,2.38453e-01,0,0.7638,0.3662
1.550,57.50,5.0,4.40105e+06,6.22054e-08,2.28302e-07,2.72469e-01,0,0.7638,0.3662
1.550,60.00,5.0,5.00041e+06,6.22054e-08,2.00937e-07,3.09576e-01,0,0.7638,0.3662
1.550,62.50,5.0,5.65187e+06,6.22054e-08,1.77776e-07,3.49908e-01,0,0.7638,0.3662
1.550,65.00,5.0,6.35759e+06,6.22054e-08,1.58042e-07,3.93599e-01,0,0.7638,0.3662
1.550,67.50,5.0,7.11973e+06,6.22054e-08,1.41125e-07,4.40784e-01,0,0.7638,0.3662
1.550,70.00,5.0,7.94047e+06,6.22054e-08,1.26538e-07,4.91596e-01,0,0.7638,0.3662
1.550,72.50,5.0,8.82198e+06,6.22054e-08,1.13894e-07,5.46171e-01,0,0.7638,0.3662
1.550,75.00,5.0,9.76644e+06,6.22054e-08,1.02880e-07,6.04642e-01,0,0.7638,0.3662
1.550,77.50,5.0,1.07760e+07,6.22054e-08,9.32414e-08,6.67144e-01,0,0.7638,0.3662
1.550,80.00,5.0,1.18528e+07,6.22054e-08,8.47704e-08,7.33811e-01,0,0.7638,0.3662
1.600,5.00,5.0,2.75918e+03,5.74589e-08,3.64155e-04,1.57787e-04,0,0.7638,0.3780
1.600,7.50,5.0,9.31223e+03,5.74589e-08,1.07898e-04,5.32531e-04,0,0.7638,0.3780
1.600,10.00,5.0,2.20734e+04,5.74589e-08,4.55194e-05,1.26230e-03,0,0.7638,0.3780
1.600,12.50,5.0,4.31122e+04,5.74589e-08,2.33059e-05,2.46542e-03,0,0.7638,0.3780
1.600,15.00,5.0,7.44978e+04,5.74589e-08,1.34872e-05,4.26025e-03,0,0.7638,0.3780
1.600,17.50,5.0,1.18300e+05,5.74589e-08,8.49341e-06,6.76512e-03,0,0.7638,0.3780
1.600,20.00,5.0,1.76587e+05,5.74589e-08,5.68992e-06,1.00984e-02,0,0.7638,0.3780
1.600,22.50,5.0,2.51430e+05,5.74589e-08,3.99621e-06,1.43783e-02,0,0.7638,0.3780
1.600,25.00,5.0,3.44897e+05,5.74589e-08,2.91324e-06,1.97234e-02,0,0.7638,0.3780
1.600,27.50,5.0,4.59058e+05,5.74589e-08,2.18876e-06,2.62518e-02,0,0.7638,0.3780
1.600,30.00,5.0,5.95983e+05,5.74589e-08,1.68590e-06,3.40820e-02,0,0.7638,0.3780
1.600,32.50,5.0,7.57740e+05,5.74589e-08,1.32601e-06,4.33322e-02,0,0.7638,0.3780
1.600,35.00,5.0,9.46398e+05,5.74589e-08,1.06168e-06,5.41209e-02,0,0.7638,0.3780
1.600,37.50,5.0,1.16403e+06,5.74589e-08,8.63182e-07,6.65664e-02,0,0.7638,0.3780
1.600,40.00,5.0,1.41270e+06,5.74589e-08,7.11240e-07,8.07869e-02,0,0.7638,0.3780
1.600,42.50,5.0,1.69448e+06,5.74589e-08,5.92966e-07,9.69009e-02,0,0.7638,0.3780
1.600,45.00,5.0,2.01144e+06,5.74589e-08,4.99527e-07,1.15027e-01,0,0.7638,0.3780
1.600,47.50,5.0,2.36565e+06,5.74589e-08,4.24733e-07,1.35283e-01,0,0.7638,0.3780
1.600,50.00,5.0,2.75918e+06,5.74589e-08,3.64155e-07,1.57787e-01,0,0.7638,0.3780
1.600,52.50,5.0,3.19409e+06,5.74589e-08,3.14571e-07,1.82658e-01,0,0.7638,0.3780
1.600,55.00,5.0,3.67247e+06,5.74589e-08,2.73595e-07,2.10014e-01,0,0.7638,0.3780
1.600,57.50,5.0,4.19637e+06,5.74589e-08,2.39438e-07,2.39974e-01,0,0.7638,0.3780
1.600,60.00,5.0,4.76786e+06,5.74589e-08,2.10738e-07,2.72656e-01,0,0.7638,0.3780
1.600,62.50,5.0,5.38902e+06,5.74589e-08,1.86447e-07,3.08178e-01,0,0.7638,0.3780
1.600,65.00,5.0,6.06192e+06,5.74589e-08,1.65751e-07,3.46658e-01,0,0.7638,0.3780
1.600,67.50,5.0,6.78862e+06,5.74589e-08,1.48008e-07,3.88215e-01,0,0.7638,0.3780
1.600,70.00,5.0,7.57119e+06,5.74589e-08,1.32710e-07,4.32967e-01,0,0.7638,0.3780
1.600,72.50,5.0,8.41170e+06,5.74589e-08,1.19449e-07,4.81033e-01,0,0.7638,0.3780
1.600,75.00,5.0,9.31223e+06,5.74589e-08,1.07898e-07,5.32531e-01,0,0.7638,0.3780
1.600,77.50,5.0,1.02748e+07,5.74589e-08,9.77893e-08,5.87579e-01,0,0.7638,0.3780
1.600,80.00,5.0,1.13016e+07,5.74589e-08,8.89050e-08,6.46295e-01,0,0.7638,0.3780
1.650,5.00,5.0,2.63472e+03,5.32044e-08,3.81358e-04,1.39513e-04,0,0.7638,0.3898
1.650,7.50,5.0,8.89217e+03,5.32044e-08,1.12995e-04,4.70857e-04,0,0.7638,0.3898
1.650,10.00,5.0,2.10777e+04,5.32044e-08,4.76697e-05,1.11611e-03,0,0.7638,0.3898
1.650,12.50,5.0,4.11674e+04,5.32044e-08,2.44069e-05,2.17989e-03,0,0.7638,0.3898
1.650,15.00,5.0,7.11374e+04,5.32044e-08,1.41244e-05,3.76686e-03,0,0.7638,0.3898
1.650,17.50,5.0,1.12963e+05,5.32044e-08,8.89464e-06,5.98163e-03,0,0.7638,0.3898
1.650,20.00,5.0,1.68622e+05,5.32044e-08,5.95871e-06,8.92884e-03,0,0.7638,0.3898
1.650,22.50,5.0,2.40089e+05,5.32044e-08,4.18499e-06,1.27131e-02,0,0.7638,0.3898
1.650,25.00,5.0,3.29340e+05,5.32044e-08,3.05086e-06,1.74391e-02,0,0.7638,0.3898
1.650,27.50,5.0,4.38351e+05,5.32044e-08,2.29216e-06,2.32115e-02,0,0.7638,0.3898
1.650,30.00,5.0,5.69099e+05,5.32044e-08,1.76554e-06,3.01348e-02,0,0.7638,0.3898
1.650,32.50,5.0,7.23559e+05,5.32044e-08,1.38865e-06,3.83138e-02,0,0.7638,0.3898
1.650,35.00,5.0,9.03708e+05,5.32044e-08,1.11183e-06,4.78530e-02,0,0.7638,0.3898
1.650,37.50,5.0,1.11152e+06,5.32044e-08,9.03959e-07,5.88571e-02,0,0.7638,0.3898
1.650,40.00,5.0,1.34897e+06,5.32044e-08,7.44839e-07,7.14308e-02,0,0.7638,0.3898
1.650,42.50,5.0,1.61805e+06,5.32044e-08,6.20977e-07,8.56785e-02,0,0.7638,0.3898
1.650,45.00,5.0,1.92071e+06,5.32044e-08,5.23124e-07,1.01705e-01,0,0.7638,0.3898
1.650,47.50,5.0,2.25894e+06,5.32044e-08,4.44797e-07,1.19615e-01,0,0.7638,0.3898
1.650,50.00,5.0,2.63472e+06,5.32044e-08,3.81358e-07,1.39513e-01,0,0.7638,0.3898
1.650,52.50,5.0,3.05001e+06,5.32044e-08,3.29431e-07,1.61504e-01,0,0.7638,0.3898
1.650,55.00,5.0,3.50681e+06,5.32044e-08,2.86520e-07,1.85692e-01,0,0.7638,0.3898
1.650,57.50,5.0,4.00707e+06,5.32044e-08,2.50749e-07,2.12182e-01,0,0.7638,0.3898
1.650,60.00,5.0,4.55279e+06,5.32044e-08,2.20693e-07,2.41079e-01,0,0.7638,0.3898
1.650,62.50,5.0,5.14593e+06,5.32044e-08,1.95255e-07,2.72487e-01,0,0.7638,0.3898
1.650,65.00,5.0,5.78847e+06,5.32044e-08,1.73581e-07,3.06510e-01,0,0.7638,0.3898
1.650,67.50,5.0,6.48239e+06,5.32044e-08,1.55000e-07,3.43255e-01,0,0.7638,0.3898
1.650,70.00,5.0,7.22966e+06,5.32044e-08,1.38979e-07,3.82824e-01,0,0.7638,0.3898
1.650,72.50,5.0,8.03226e+06,5.32044e-08,1.25092e-07,4.25323e-01,0,0.7638,0.3898
1.650,75.00,5.0,8.89217e+06,5.32044e-08,1.12995e-07,4.70857e-01,0,0.7638,0.3898
1.650,77.50,5.0,9.81136e+06,5.32044e-08,1.02409e-07,5.19530e-01,0,0.7638,0.3898
1.650,80.00,5.0,1.07918e+07,5.32044e-08,9.31049e-08,5.71446e-01,0,0.7638,0.3898
1.700,5.00,5.0,2.51934e+03,4.93782e-08,3.98823e-04,1.23810e-04,0,0.7638,0.4016
1.700,7.50,5.0,8.50277e+03,4.93782e-08,1.18170e-04,4.17858e-04,0,0.7638,0.4016
1.700,10.00,5.0,2.01547e+04,4.93782e-08,4.98528e-05,9.90479e-04,0,0.7638,0.4016
1.700,12.50,5.0,3.93647e+04,4.93782e-08,2.55246e-05,1.93453e-03,0,0.7638,0.4016
1.700,15.00,5.0,6.80221e+04,4.93782e-08,1.47712e-05,3.34287e-03,0,0.7638,0.4016
1.700,17.50,5.0,1.08017e+05,4.93782e-08,9.30199e-06,5.30835e-03,0,0.7638,0.4016
1.700,20.00,5.0,1.61238e+05,4.93782e-08,6.23160e-06,7.92383e-03,0,0.7638,0.4016
1.700,22.50,5.0,2.29575e+05,4.93782e-08,4.37665e-06,1.12822e-02,0,0.7638,0.4016
1.700,25.00,5.0,3.14917e+05,4.93782e-08,3.19058e-06,1.54762e-02,0,0.7638,0.4016
1.700,27.50,5.0,4.19155e+05,4.93782e-08,2.39713e-06,2.05989e-02,0,0.7638,0.4016
1.700,30.00,5.0,5.44177e+05,4.93782e-08,1.84640e-06,2.67429e-02,0,0.7638,0.4016
1.700,32.50,5.0,6.91873e+05,4.93782e-08,1.45224e-06,3.40013e-02,0,0.7638,0.4016
1.700,35.00,5.0,8.64133e+05,4.93782e-08,1.16275e-06,4.24668e-02,0,0.7638,0.4016
1.700,37.50,5.0,1.06285e+06,4.93782e-08,9.45357e-07,5.22323e-02,0,0.7638,0.4016
1.700,40.00,5.0,1.28990e+06,4.93782e-08,7.78950e-07,6.33907e-02,0,0.7638,0.4016
1.700,42.50,5.0,1.54719e+06,4.93782e-08,6.49416e-07,7.60348e-02,0,0.7638,0.4016
1.700,45.00,5.0,1.83660e+06,4.93782e-08,5.47082e-07,9.02574e-02,0,0.7638,0.4016
1.700,47.50,5.0,2.16002e+06,4.93782e-08,4.65167e-07,1.06152e-01,0,0.7638,0.4016
1.700,50.00,5.0,2.51934e+06,4.93782e-08,3.98823e-07,1.23810e-01,0,0.7638,0.4016
1.700,52.50,5.0,2.91645e+06,4.93782e-08,3.44518e-07,1.43325e-01,0,0.7638,0.4016
1.700,55.00,5.0,3.35324e+06,4.93782e-08,2.99641e-07,1.64791e-01,0,0.7638,0.4016
1.700,57.50,5.0,3.83160e+06,4.93782e-08,2.62232e-07,1.88299e-01,0,0.7638,0.4016
1.700,60.00,5.0,4.35342e+06,4.93782e-08,2.30800e-07,2.13943e-01,0,0.7638,0.4016
1.700,62.50,5.0,4.92058e+06,4.93782e-08,2.04197e-07,2.41816e-01,0,0.7638,0.4016
1.700,65.00,5.0,5.53499e+06,4.93782e-08,1.81531e-07,2.72010e-01,0,0.7638,0.4016
1.700,67.50,5.0,6.19852e+06,4.93782e-08,1.62098e-07,3.04619e-01,0,0.7638,0.4016
1.700,70.00,5.0,6.91306e+06,4.93782e-08,1.45344e-07,3.39734e-01,0,0.7638,0.4016
1.700,72.50,5.0,7.68052e+06,4.93782e-08,1.30820e-07,3.77450e-01,0,0.7638,0.4016
1.700,75.00,5.0,8.50277e+06,4.93782e-08,1.18170e-07,4.17858e-01,0,0.7638,0.4016
1.700,77.50,5.0,9.38170e+06,4.93782e-08,1.07099e-07,4.61053e-01,0,0.7638,0.4016
1.700,80.00,5.0,1.03192e+07,4.93782e-08,9.73688e-08,5.07125e-01,0,0.7638,0.4016
1.750,5.00,5.0,2.41214e+03,4.59264e-08,4.16546e-04,1.10255e-04,0,0.7638,0.4134
1.750,7.50,5.0,8.14098e+03,4.59264e-08,1.23421e-04,3.72111e-04,0,0.7638,0.4134
1.750,10.00,5.0,1.92971e+04,4.59264e-08,5.20683e-05,8.82041e-04,0,0.7638,0.4134
1.750,12.50,5.0,3.76897e+04,4.59264e-08,2.66590e-05,1.72274e-03,0,0.7638,0.4134
1.750,15.00,5.0,6.51278e+04,4.59264e-08,1.54276e-05,2.97689e-03,0,0.7638,0.4134
1.750,17.50,5.0,1.03421e+05,4.59264e-08,9.71537e-06,4.72719e-03,0,0.7638,0.4134
1.750,20.00,5.0,1.54377e+05,4.59264e-08,6.50854e-06,7.05633e-03,0,0.7638,0.4134
1.750,22.50,5.0,2.19806e+05,4.59264e-08,4.57115e-06,1.00470e-02,0,0.7638,0.4134
1.750,25.00,5.0,3.01518e+05,4.59264e-08,3.33237e-06,1.37819e-02,0,0.7638,0.4134
1.750,27.50,5.0,4.01320e+05,4.59264e-08,2.50366e-06,1.83437e-02,0,0.7638,0.4134
1.750,30.00,5.0,5.21023e+05,4.59264e-08,1.92846e-06,2.38151e-02,0,0.7638,0.4134
1.750,32.50,5.0,6.62434e+05,4.59264e-08,1.51678e-06,3.02788e-02,0,0.7638,0.4134
1.750,35.00,5.0,8.27365e+05,4.59264e-08,1.21442e-06,3.78175e-02,0,0.7638,0.4134
1.750,37.50,5.0,1.01762e+06,4.59264e-08,9.87369e-07,4.65139e-02,0,0.7638,0.4134
1.750,40.00,5.0,1.23502e+06,4.59264e-08,8.13567e-07,5.64506e-02,0,0.7638,0.4134
1.750,42.50,5.0,1.48136e+06,4.59264e-08,6.78276e-07,6.77104e-02,0,0.7638,0.4134
1.750,45.00,5.0,1.75845e+06,4.59264e-08,5.71394e-07,8.03760e-02,0,0.7638,0.4134
1.750,47.50,5.0,2.06811e+06,4.59264e-08,4.85839e-07,9.45300e-02,0,0.7638,0.4134
1.750,50.00,5.0,2.41214e+06,4.59264e-08,4.16546e-07,1.10255e-01,0,0.7638,0.4134
1.750,52.50,5.0,2.79236e+06,4.59264e-08,3.59829e-07,1.27634e-01,0,0.7638,0.4134
1.750,55.00,5.0,3.21056e+06,4.59264e-08,3.12958e-07,1.46750e-01,0,0.7638,0.4134
1.750,57.50,5.0,3.66857e+06,4.59264e-08,2.73886e-07,1.67684e-01,0,0.7638,0.4134
1.750,60.00,5.0,4.16818e+06,4.59264e-08,2.41057e-07,1.90521e-01,0,0.7638,0.4134
1.750,62.50,5.0,4.71121e+06,4.59264e-08,2.13272e-07,2.15342e-01,0,0.7638,0.4134
1.750,65.00,5.0,5.29947e+06,4.59264e-08,1.89598e-07,2.42231e-01,0,0.7638,0.4134
1.750,67.50,5.0,5.93477e+06,4.59264e-08,1.69302e-07,2.71269e-01,0,0.7638,0.4134
1.750,70.00,5.0,6.61892e+06,4.59264e-08,1.51803e-07,3.02540e-01,0,0.7638,0.4134
1.750,72.50,5.0,7.35371e+06,4.59264e-08,1.36634e-07,3.36127e-01,0,0.7638,0.4134
1.750,75.00,5.0,8.14098e+06,4.59264e-08,1.23421e-07,3.72111e-01,0,0.7638,0.4134
1.750,77.50,5.0,8.98251e+06,4.59264e-08,1.11858e-07,4.10576e-01,0,0.7638,0.4134
1.750,80.00,5.0,9.88013e+06,4.59264e-08,1.01696e-07,4.51605e-01,0,0.7638,0.4134
1.800,5.00,5.0,2.31234e+03,4.28032e-08,4.34525e-04,9.85056e-05,0,0.7638,0.4252
1.800,7.50,5.0,7.80414e+03,4.28032e-08,1.28748e-04,3.32456e-04,0,0.7638,0.4252
1.800,10.00,5.0,1.84987e+04,4.28032e-08,5.43157e-05,7.88045e-04,0,0.7638,0.4252
1.800,12.50,5.0,3.61303e+04,4.28032e-08,2.78096e-05,1.53915e-03,0,0.7638,0.4252
1.800,15.00,5.0,6.24331e+04,4.28032e-08,1.60935e-05,2.65965e-03,0,0.7638,0.4252
1.800,17.50,5.0,9.91414e+04,4.28032e-08,1.01347e-05,4.22343e-03,0,0.7638,0.4252
1.800,20.00,5.0,1.47990e+05,4.28032e-08,6.78946e-06,6.30436e-03,0,0.7638,0.4252
1.800,22.50,5.0,2.10712e+05,4.28032e-08,4.76845e-06,8.97632e-03,0,0.7638,0.4252
1.800,25.00,5.0,2.89042e+05,4.28032e-08,3.47620e-06,1.23132e-02,0,0.7638,0.4252
1.800,27.50,5.0,3.84715e+05,4.28032e-08,2.61172e-06,1.63889e-02,0,0.7638,0.4252
1.800,30.00,5.0,4.99465e+05,4.28032e-08,2.01169e-06,2.12772e-02,0,0.7638,0.4252
1.800,32.50,5.0,6.35026e+05,4.28032e-08,1.58225e-06,2.70521e-02,0,0.7638,0.4252
1.800,35.00,5.0,7.93132e+05,4.28032e-08,1.26684e-06,3.37874e-02,0,0.7638,0.4252
1.800,37.50,5.0,9.75517e+05,4.28032e-08,1.02999e-06,4.15571e-02,0,0.7638,0.4252
1.800,40.00,5.0,1.18392e+06,4.28032e-08,8.48682e-07,5.04349e-02,0,0.7638,0.4252
1.800,42.50,5.0,1.42006e+06,4.28032e-08,7.07552e-07,6.04948e-02,0,0.7638,0.4252
1.800,45.00,5.0,1.68569e+06,4.28032e-08,5.96057e-07,7.18106e-02,0,0.7638,0.4252
1.800,47.50,5.0,1.98254e+06,4.28032e-08,5.06809e-07,8.44563e-02,0,0.7638,0.4252
1.800,50.00,5.0,2.31234e+06,4.28032e-08,4.34525e-07,9.85056e-02,0,0.7638,0.4252
1.800,52.50,5.0,2.67682e+06,4.28032e-08,3.75359e-07,1.14033e-01,0,0.7638,0.4252
1.800,55.00,5.0,3.07772e+06,4.28032e-08,3.26465e-07,1.31111e-01,0,0.7638,0.4252
1.800,57.50,5.0,3.51678e+06,4.28032e-08,2.85707e-07,1.49815e-01,0,0.7638,0.4252
1.800,60.00,5.0,3.99572e+06,4.28032e-08,2.51461e-07,1.70218e-01,0,0.7638,0.4252
1.800,62.50,5.0,4.51628e+06,4.28032e-08,2.22477e-07,1.92394e-01,0,0.7638,0.4252
1.800,65.00,5.0,5.08020e+06,4.28032e-08,1.97781e-07,2.16417e-01,0,0.7638,0.4252
1.800,67.50,5.0,5.68922e+06,4.28032e-08,1.76609e-07,2.42361e-01,0,0.7638,0.4252
1.800,70.00,5.0,6.34505e+06,4.28032e-08,1.58355e-07,2.70299e-01,0,0.7638,0.4252
1.800,72.50,5.0,7.04945e+06,4.28032e-08,1.42532e-07,3.00307e-01,0,0.7638,0.4252
1.800,75.00,5.0,7.80414e+06,4.28032e-08,1.28748e-07,3.32456e-01,0,0.7638,0.4252
1.800,77.50,5.0,8.61085e+06,4.28032e-08,1.16686e-07,3.66823e-01,0,0.7638,0.4252
1.800,80.00,5.0,9.47133e+06,4.28032e-08,1.06085e-07,4.03479e-01,0,0.7638,0.4252
1.850,5.00,5.0,2.21923e+03,3.99694e-08,4.52756e-04,8.82804e-05,0,0.7638,0.4370
1.850,7.50,5.0,7.48990e+03,3.99694e-08,1.34150e-04,2.97946e-04,0,0.7638,0.4370
1.850,10.00,5.0,1.77538e+04,3.99694e-08,5.65945e-05,7.06243e-04,0,0.7638,0.4370
1.850,12.50,5.0,3.46755e+04,3.99694e-08,2.89764e-05,1.37938e-03,0,0.7638,0.4370
1.850,15.00,5.0,5.99192e+04,3.99694e-08,1.67687e-05,2.38357e-03,0,0.7638,0.4370
1.850,17.50,5.0,9.51495e+04,3.99694e-08,1.05599e-05,3.78502e-03,0,0.7638,0.4370
1.850,20.00,5.0,1.42031e+05,3.99694e-08,7.07431e-06,5.64994e-03,0,0.7638,0.4370
1.850,22.50,5.0,2.02227e+05,3.99694e-08,4.96851e-06,8.04455e-03,0,0.7638,0.4370
1.850,25.00,5.0,2.77404e+05,3.99694e-08,3.62205e-06,1.10350e-02,0,0.7638,0.4370
1.850,27.50,5.0,3.69224e+05,3.99694e-08,2.72130e-06,1.46876e-02,0,0.7638,0.4370
1.850,30.00,5.0,4.79354e+05,3.99694e-08,2.09609e-06,1.90686e-02,0,0.7638,0.4370
1.850,32.50,5.0,6.09456e+05,3.99694e-08,1.64863e-06,2.42440e-02,0,0.7638,0.4370
1.850,35.00,5.0,7.61196e+05,3.99694e-08,1.31999e-06,3.02802e-02,0,0.7638,0.4370
1.850,37.50,5.0,9.36238e+05,3.99694e-08,1.07320e-06,3.72433e-02,0,0.7638,0.4370
1.850,40.00,5.0,1.13625e+06,3.99694e-08,8.84289e-07,4.51995e-02,0,0.7638,0.4370
1.850,42.50,5.0,1.36288e+06,3.99694e-08,7.37237e-07,5.42152e-02,0,0.7638,0.4370
1.850,45.00,5.0,1.61782e+06,3.99694e-08,6.21064e-07,6.43564e-02,0,0.7638,0.4370
1.850,47.50,5.0,1.90271e+06,3.99694e-08,5.28072e-07,7.56894e-02,0,0.7638,0.4370
1.850,50.00,5.0,2.21923e+06,3.99694e-08,4.52756e-07,8.82804e-02,0,0.7638,0.4370
1.850,52.50,5.0,2.56904e+06,3.99694e-08,3.91107e-07,1.02196e-01,0,0.7638,0.4370
1.850,55.00,5.0,2.95379e+06,3.99694e-08,3.40162e-07,1.17501e-01,0,0.7638,0.4370
1.850,57.50,5.0,3.37517e+06,3.99694e-08,2.97694e-07,1.34263e-01,0,0.7638,0.4370
1.850,60.00,5.0,3.83483e+06,3.99694e-08,2.62011e-07,1.52548e-01,0,0.7638,0.4370
1.850,62.50,5.0,4.33443e+06,3.99694e-08,2.31811e-07,1.72423e-01,0,0.7638,0.4370
1.850,65.00,5.0,4.87565e+06,3.99694e-08,2.06079e-07,1.93952e-01,0,0.7638,0.4370
1.850,67.50,5.0,5.46014e+06,3.99694e-08,1.84019e-07,2.17203e-01,0,0.7638,0.4370
1.850,70.00,5.0,6.08957e+06,3.99694e-08,1.64998e-07,2.42241e-01,0,0.7638,0.4370
1.850,72.50,5.0,6.76560e+06,3.99694e-08,1.48511e-07,2.69134e-01,0,0.7638,0.4370
1.850,75.00,5.0,7.48990e+06,3.99694e-08,1.34150e-07,2.97946e-01,0,0.7638,0.4370
1.850,77.50,5.0,8.26413e+06,3.99694e-08,1.21582e-07,3.28745e-01,0,0.7638,0.4370
1.850,80.00,5.0,9.08996e+06,3.99694e-08,1.10536e-07,3.61596e-01,0,0.7638,0.4370
1.900,5.00,5.0,2.13221e+03,3.73915e-08,4.71234e-04,7.93481e-05,0,0.7638,0.4489
1.900,7.50,5.0,7.19620e+03,3.73915e-08,1.39625e-04,2.67800e-04,0,0.7638,0.4489
1.900,10.00,5.0,1.70577e+04,3.73915e-08,5.89043e-05,6.34785e-04,0,0.7638,0.4489
1.900,12.50,5.0,3.33157e+04,3.73915e-08,3.01590e-05,1.23981e-03,0,0.7638,0.4489
1.900,15.00,5.0,5.75696e+04,3.73915e-08,1.74531e-05,2.14240e-03,0,0.7638,0.4489
1.900,17.50,5.0,9.14184e+04,3.73915e-08,1.09909e-05,3.40205e-03,0,0.7638,0.4489
1.900,20.00,5.0,1.36461e+05,3.73915e-08,7.36303e-06,5.07828e-03,0,0.7638,0.4489
1.900,22.50,5.0,1.94297e+05,3.73915e-08,5.17129e-06,7.23060e-03,0,0.7638,0.4489
1.900,25.00,5.0,2.66526e+05,3.73915e-08,3.76987e-06,9.91851e-03,0,0.7638,0.4489
1.900,27.50,5.0,3.54746e+05,3.73915e-08,2.83236e-06,1.32015e-02,0,0.7638,0.4489
1.900,30.00,5.0,4.60557e+05,3.73915e-08,2.18164e-06,1.71392e-02,0,0.7638,0.4489
1.900,32.50,5.0,5.85557e+05,3.73915e-08,1.71592e-06,2.17910e-02,0,0.7638,0.4489
1.900,35.00,5.0,7.31347e+05,3.73915e-08,1.37386e-06,2.72164e-02,0,0.7638,0.4489
1.900,37.50,5.0,8.99525e+05,3.73915e-08,1.11700e-06,3.34750e-02,0,0.7638,0.4489
1.900,40.00,5.0,1.09169e+06,3.73915e-08,9.20379e-07,4.06262e-02,0,0.7638,0.4489
1.900,42.50,5.0,1.30944e+06,3.73915e-08,7.67326e-07,4.87297e-02,0,0.7638,0.4489
1.900,45.00,5.0,1.55438e+06,3.73915e-08,6.46412e-07,5.78448e-02,0,0.7638,0.4489
1.900,47.50,5.0,1.82810e+06,3.73915e-08,5.49624e-07,6.80311e-02,0,0.7638,0.4489
1.900,50.00,5.0,2.13221e+06,3.73915e-08,4.71234e-07,7.93481e-02,0,0.7638,0.4489
1.900,52.50,5.0,2.46830e+06,3.73915e-08,4.07070e-07,9.18554e-02,0,0.7638,0.4489
1.900,55.00,5.0,2.83797e+06,3.73915e-08,3.54045e-07,1.05612e-01,0,0.7638,0.4489
1.900,57.50,5.0,3.24282e+06,3.73915e-08,3.09844e-07,1.20679e-01,0,0.7638,0.4489
1.900,60.00,5.0,3.68445e+06,3.73915e-08,2.72705e-07,1.37114e-01,0,0.7638,0.4489
1.900,62.50,5.0,4.16447e+06,3.73915e-08,2.41272e-07,1.54977e-01,0,0.7638,0.4489
1.900,65.00,5.0,4.68446e+06,3.73915e-08,2.14490e-07,1.74328e-01,0,0.7638,0.4489
1.900,67.50,5.0,5.24603e+06,3.73915e-08,1.91529e-07,1.95226e-01,0,0.7638,0.4489
1.900,70.00,5.0,5.85078e+06,3.73915e-08,1.71733e-07,2.17731e-01,0,0.7638,0.4489
1.900,72.50,5.0,6.50030e+06,3.73915e-08,1.54573e-07,2.41903e-01,0,0.7638,0.4489
1.900,75.00,5.0,7.19620e+06,3.73915e-08,1.39625e-07,2.67800e-01,0,0.7638,0.4489
1.900,77.50,5.0,7.94007e+06,3.73915e-08,1.26544e-07,2.95482e-01,0,0.7638,0.4489
1.900,80.00,5.0,8.73352e+06,3.73915e-08,1.15047e-07,3.25010e-01,0,0.7638,0.4489
1.950,5.00,5.0,2.05073e+03,3.50405e-08,4.89957e-04,7.15175e-05,0,0.7638,0.4607
1.950,7.50,5.0,6.92121e+03,3.50405e-08,1.45173e-04,2.41372e-04,0,0.7638,0.4607
1.950,10.00,5.0,1.64058e+04,3.50405e-08,6.12447e-05,5.72140e-04,0,0.7638,0.4607
1.950,12.50,5.0,3.20426e+04,3.50405e-08,3.13573e-05,1.11746e-03,0,0.7638,0.4607
1.950,15.00,5.0,5.53696e+04,3.50405e-08,1.81466e-05,1.93097e-03,0,0.7638,0.4607
1.950,17.50,5.0,8.79249e+04,3.50405e-08,1.14276e-05,3.06631e-03,0,0.7638,0.4607
1.950,20.00,5.0,1.31247e+05,3.50405e-08,7.65558e-06,4.57712e-03,0,0.7638,0.4607
1.950,22.50,5.0,1.86873e+05,3.50405e-08,5.37676e-06,6.51704e-03,0,0.7638,0.4607
1.950,25.00,5.0,2.56341e+05,3.50405e-08,3.91966e-06,8.93969e-03,0,0.7638,0.4607
1.950,27.50,5.0,3.41190e+05,3.50405e-08,2.94490e-06,1.18987e-02,0,0.7638,0.4607
1.950,30.00,5.0,4.42957e+05,3.50405e-08,2.26832e-06,1.54478e-02,0,0.7638,0.4607
1.950,32.50,5.0,5.63181e+05,3.50405e-08,1.78410e-06,1.96405e-02,0,0.7638,0.4607
1.950,35.00,5.0,7.03400e+05,3.50405e-08,1.42845e-06,2.45305e-02,0,0.7638,0.4607
1.950,37.50,5.0,8.65151e+05,3.50405e-08,1.16138e-06,3.01715e-02,0,0.7638,0.4607
1.950,40.00,5.0,1.04997e+06,3.50405e-08,9.56948e-07,3.66170e-02,0,0.7638,0.4607
1.950,42.50,5.0,1.25940e+06,3.50405e-08,7.97814e-07,4.39207e-02,0,0.7638,0.4607
1.950,45.00,5.0,1.49498e+06,3.50405e-08,6.72095e-07,5.21363e-02,0,0.7638,0.4607
1.950,47.50,5.0,1.75824e+06,3.50405e-08,5.71462e-07,6.13174e-02,0,0.7638,0.4607
1.950,50.00,5.0,2.05073e+06,3.50405e-08,4.89957e-07,7.15175e-02,0,0.7638,0.4607
1.950,52.50,5.0,2.37397e+06,3.50405e-08,4.23244e-07,8.27905e-02,0,0.7638,0.4607
1.950,55.00,5.0,2.72952e+06,3.50405e-08,3.68112e-07,9.51899e-02,0,0.7638,0.4607
1.950,57.50,5.0,3.11890e+06,3.50405e-08,3.22155e-07,1.08769e-01,0,0.7638,0.4607
1.950,60.00,5.0,3.54366e+06,3.50405e-08,2.83540e-07,1.23582e-01,0,0.7638,0.4607
1.950,62.50,5.0,4.00533e+06,3.50405e-08,2.50858e-07,1.39683e-01,0,0.7638,0.4607
1.950,65.00,5.0,4.50545e+06,3.50405e-08,2.23012e-07,1.57124e-01,0,0.7638,0.4607
1.950,67.50,5.0,5.04556e+06,3.50405e-08,1.99139e-07,1.75960e-01,0,0.7638,0.4607
1.950,70.00,5.0,5.62720e+06,3.50405e-08,1.78556e-07,1.96244e-01,0,0.7638,0.4607
1.950,72.50,5.0,6.25190e+06,3.50405e-08,1.60714e-07,2.18030e-01,0,0.7638,0.4607
1.950,75.00,5.0,6.92121e+06,3.50405e-08,1.45173e-07,2.41372e-01,0,0.7638,0.4607
1.950,77.50,5.0,7.63665e+06,3.50405e-08,1.31572e-07,2.66322e-01,0,0.7638,0.4607
1.950,80.00,5.0,8.39978e+06,3.50405e-08,1.19619e-07,2.92936e-01,0,0.7638,0.4607
2.000,5.00,5.0,1.97431e+03,3.28914e-08,5.08922e-04,6.46295e-05,0,0.7638,0.4725
2.000,7.50,5.0,6.66329e+03,3.28914e-08,1.50792e-04,2.18125e-04,0,0.7638,0.4725
2.000,10.00,5.0,1.57945e+04,3.28914e-08,6.36153e-05,5.17036e-04,0,0.7638,0.4725
2.000,12.50,5.0,3.08486e+04,3.28914e-08,3.25710e-05,1.00984e-03,0,0.7638,0.4725
2.000,15.00,5.0,5.33063e+04,3.28914e-08,1.88490e-05,1.74500e-03,0,0.7638,0.4725
2.000,17.50,5.0,8.46484e+04,3.28914e-08,1.18699e-05,2.77099e-03,0,0.7638,0.4725
2.000,20.00,5.0,1.26356e+05,3.28914e-08,7.95191e-06,4.13629e-03,0,0.7638,0.4725
2.000,22.50,5.0,1.79909e+05,3.28914e-08,5.58488e-06,5.88937e-03,0,0.7638,0.4725
2.000,25.00,5.0,2.46788e+05,3.28914e-08,4.07138e-06,8.07869e-03,0,0.7638,0.4725
2.000,27.50,5.0,3.28475e+05,3.28914e-08,3.05889e-06,1.07527e-02,0,0.7638,0.4725
2.000,30.00,5.0,4.26450e+05,3.28914e-08,2.35612e-06,1.39600e-02,0,0.7638,0.4725
2.000,32.50,5.0,5.42194e+05,3.28914e-08,1.85315e-06,1.77489e-02,0,0.7638,0.4725
2.000,35.00,5.0,6.77188e+05,3.28914e-08,1.48374e-06,2.21679e-02,0,0.7638,0.4725
2.000,37.50,5.0,8.32911e+05,3.28914e-08,1.20633e-06,2.72656e-02,0,0.7638,0.4725
2.000,40.00,5.0,1.01085e+06,3.28914e-08,9.93989e-07,3.30903e-02,0,0.7638,0.4725
2.000,42.50,5.0,1.21247e+06,3.28914e-08,8.28695e-07,3.96906e-02,0,0.7638,0.4725
2.000,45.00,5.0,1.43927e+06,3.28914e-08,6.98110e-07,4.71149e-02,0,0.7638,0.4725
2.000,47.50,5.0,1.69272e+06,3.28914e-08,5.93582e-07,5.54118e-02,0,0.7638,0.4725
2.000,50.00,5.0,1.97431e+06,3.28914e-08,5.08922e-07,6.46295e-02,0,0.7638,0.4725
2.000,52.50,5.0,2.28551e+06,3.28914e-08,4.39626e-07,7.48168e-02,0,0.7638,0.4725
2.000,55.00,5.0,2.62780e+06,3.28914e-08,3.82361e-07,8.60219e-02,0,0.7638,0.4725
2.000,57.50,5.0,3.00268e+06,3.28914e-08,3.34625e-07,9.82934e-02,0,0.7638,0.4725
2.000,60.00,5.0,3.41160e+06,3.28914e-08,2.94515e-07,1.11680e-01,0,0.7638,0.4725
2.000,62.50,5.0,3.85607e+06,3.28914e-08,2.60568e-07,1.26230e-01,0,0.7638,0.4725
2.000,65.00,5.0,4.33755e+06,3.28914e-08,2.31644e-07,1.41991e-01,0,0.7638,0.4725
2.000,67.50,5.0,4.85754e+06,3.28914e-08,2.06847e-07,1.59013e-01,0,0.7638,0.4725
2.000,70.00,5.0,5.41750e+06,3.28914e-08,1.85467e-07,1.77343e-01,0,0.7638,0.4725
2.000,72.50,5.0,6.01892e+06,3.28914e-08,1.66935e-07,1.97031e-01,0,0.7638,0.4725
2.000,75.00,5.0,6.66329e+06,3.28914e-08,1.50792e-07,2.18125e-01,0,0.7638,0.4725
2.000,77.50,5.0,7.35208e+06,3.28914e-08,1.36665e-07,2.40672e-01,0,0.7638,0.4725
2.000,80.00,5.0,8.08676e+06,3.28914e-08,1.24249e-07,2.64723e-01,0,0.7638,0.4725
2.050,5.00,5.0,1.90252e+03,3.09224e-08,5.28126e-04,5.85512e-05,0,0.7638,0.4843
2.050,7.50,5.0,6.42100e+03,3.09224e-08,1.56482e-04,1.97610e-04,0,0.7638,0.4843
2.050,10.00,5.0,1.52202e+04,3.09224e-08,6.60157e-05,4.68409e-04,0,0.7638,0.4843
2.050,12.50,5.0,2.97269e+04,3.09224e-08,3.38000e-05,9.14862e-04,0,0.7638,0.4843
2.050,15.00,5.0,5.13680e+04,3.09224e-08,1.95602e-05,1.58088e-03,0,0.7638,0.4843
2.050,17.50,5.0,8.15705e+04,3.09224e-08,1.23178e-05,2.51038e-03,0,0.7638,0.4843
2.050,20.00,5.0,1.21761e+05,3.09224e-08,8.25196e-06,3.74728e-03,0,0.7638,0.4843
2.050,22.50,5.0,1.73367e+05,3.09224e-08,5.79562e-06,5.33548e-03,0,0.7638,0.4843
2.050,25.00,5.0,2.37815e+05,3.09224e-08,4.22500e-06,7.31890e-03,0,0.7638,0.4843
2.050,27.50,5.0,3.16532e+05,3.09224e-08,3.17431e-06,9.74145e-03,0,0.7638,0.4843
2.050,30.00,5.0,4.10944e+05,3.09224e-08,2.44503e-06,1.26471e-02,0,0.7638,0.4843
2.050,32.50,5.0,5.22479e+05,3.09224e-08,1.92308e-06,1.60796e-02,0,0.7638,0.4843
2.050,35.00,5.0,6.52564e+05,3.09224e-08,1.53972e-06,2.00831e-02,0,0.7638,0.4843
2.050,37.50,5.0,8.02625e+05,3.09224e-08,1.25185e-06,2.47013e-02,0,0.7638,0.4843
2.050,40.00,5.0,9.74090e+05,3.09224e-08,1.03150e-06,2.99782e-02,0,0.7638,0.4843
2.050,42.50,5.0,1.16838e+06,3.09224e-08,8.59964e-07,3.59577e-02,0,0.7638,0.4843
2.050,45.00,5.0,1.38694e+06,3.09224e-08,7.24452e-07,4.26838e-02,0,0.7638,0.4843
2.050,47.50,5.0,1.63117e+06,3.09224e-08,6.15980e-07,5.02003e-02,0,0.7638,0.4843
2.050,50.00,5.0,1.90252e+06,3.09224e-08,5.28126e-07,5.85512e-02,0,0.7638,0.4843
2.050,52.50,5.0,2.20240e+06,3.09224e-08,4.56215e-07,6.77803e-02,0,0.7638,0.4843
2.050,55.00,5.0,2.53225e+06,3.09224e-08,3.96789e-07,7.79316e-02,0,0.7638,0.4843
2.050,57.50,5.0,2.89349e+06,3.09224e-08,3.47251e-07,8.90490e-02,0,0.7638,0.4843
2.050,60.00,5.0,3.28755e+06,3.09224e-08,3.05628e-07,1.01176e-01,0,0.7638,0.4843
2.050,62.50,5.0,3.71586e+06,3.09224e-08,2.70400e-07,1.14358e-01,0,0.7638,0.4843
2.050,65.00,5.0,4.17983e+06,3.09224e-08,2.40385e-07,1.28637e-01,0,0.7638,0.4843
2.050,67.50,5.0,4.68091e+06,3.09224e-08,2.14652e-07,1.44058e-01,0,0.7638,0.4843
2.050,70.00,5.0,5.22051e+06,3.09224e-08,1.92466e-07,1.60664e-01,0,0.7638,0.4843
2.050,72.50,5.0,5.80007e+06,3.09224e-08,1.73234e-07,1.78501e-01,0,0.7638,0.4843
2.050,75.00,5.0,6.42100e+06,3.09224e-08,1.56482e-07,1.97610e-01,0,0.7638,0.4843
2.050,77.50,5.0,7.08474e+06,3.09224e-08,1.41822e-07,2.18037e-01,0,0.7638,0.4843
2.050,80.00,5.0,7.79272e+06,3.09224e-08,1.28937e-07,2.39826e-01,0,0.7638,0.4843
2.100,5.00,5.0,1.83498e+03,2.91145e-08,5.47565e-04,5.31709e-05,0,0.7638,0.4961
2.100,7.50,5.0,6.19305e+03,2.91145e-08,1.62241e-04,1.79452e-04,0,0.7638,0.4961
2.100,10.00,5.0,1.46798e+04,2.91145e-08,6.84456e-05,4.25367e-04,0,0.7638,0.4961
2.100,12.50,5.0,2.86715e+04,2.91145e-08,3.50441e-05,8.30795e-04,0,0.7638,0.4961
2.100,15.00,5.0,4.95444e+04,2.91145e-08,2.02802e-05,1.43561e-03,0,0.7638,0.4961
2.100,17.50,5.0,7.86747e+04,2.91145e-08,1.27712e-05,2.27970e-03,0,0.7638,0.4961
2.100,20.00,5.0,1.17439e+05,2.91145e-08,8.55570e-06,3.40294e-03,0,0.7638,0.4961
2.100,22.50,5.0,1.67212e+05,2.91145e-08,6.00894e-06,4.84520e-03,0,0.7638,0.4961
2.100,25.00,5.0,2.29372e+05,2.91145e-08,4.38052e-06,6.64636e-03,0,0.7638,0.4961
2.100,27.50,5.0,3.05295e+05,2.91145e-08,3.29115e-06,8.84631e-03,0,0.7638,0.4961
2.100,30.00,5.0,3.96355e+05,2.91145e-08,2.53502e-06,1.14849e-02,0,0.7638,0.4961
2.100,32.50,5.0,5.03931e+05,2.91145e-08,1.99386e-06,1.46021e-02,0,0.7638,0.4961
2.100,35.00,5.0,6.29398e+05,2.91145e-08,1.59640e-06,1.82376e-02,0,0.7638,0.4961
2.100,37.50,5.0,7.74131e+05,2.91145e-08,1.29793e-06,2.24315e-02,0,0.7638,0.4961
2.100,40.00,5.0,9.39509e+05,2.91145e-08,1.06946e-06,2.72235e-02,0,0.7638,0.4961
2.100,42.50,5.0,1.12691e+06,2.91145e-08,8.91617e-07,3.26536e-02,0,0.7638,0.4961
2.100,45.00,5.0,1.33770e+06,2.91145e-08,7.51117e-07,3.87616e-02,0,0.7638,0.4961
2.100,47.50,5.0,1.57326e+06,2.91145e-08,6.38652e-07,4.55874e-02,0,0.7638,0.4961
2.100,50.00,5.0,1.83498e+06,2.91145e-08,5.47565e-07,5.31709e-02,0,0.7638,0.4961
2.100,52.50,5.0,2.12422e+06,2.91145e-08,4.73007e-07,6.15519e-02,0,0.7638,0.4961
2.100,55.00,5.0,2.44236e+06,2.91145e-08,4.11393e-07,7.07704e-02,0,0.7638,0.4961
2.100,57.50,5.0,2.79077e+06,2.91145e-08,3.60033e-07,8.08663e-02,0,0.7638,0.4961
2.100,60.00,5.0,3.17084e+06,2.91145e-08,3.16878e-07,9.18793e-02,0,0.7638,0.4961
2.100,62.50,5.0,3.58394e+06,2.91145e-08,2.80353e-07,1.03849e-01,0,0.7638,0.4961
2.100,65.00,5.0,4.03145e+06,2.91145e-08,2.49233e-07,1.16816e-01,0,0.7638,0.4961
2.100,67.50,5.0,4.51473e+06,2.91145e-08,2.22553e-07,1.30820e-01,0,0.7638,0.4961
2.100,70.00,5.0,5.03518e+06,2.91145e-08,1.99550e-07,1.45901e-01,0,0.7638,0.4961
2.100,72.50,5.0,5.59416e+06,2.91145e-08,1.79610e-07,1.62098e-01,0,0.7638,0.4961
2.100,75.00,5.0,6.19305e+06,2.91145e-08,1.62241e-07,1.79452e-01,0,0.7638,0.4961
2.100,77.50,5.0,6.83323e+06,2.91145e-08,1.47042e-07,1.98002e-01,0,0.7638,0.4961
2.100,80.00,5.0,7.51607e+06,2.91145e-08,1.33683e-07,2.17788e-01,0,0.7638,0.4961
2.150,5.00,5.0,1.77134e+03,2.74512e-08,5.67236e-04,4.83946e-05,0,0.7638,0.5079
2.150,7.50,5.0,5.97828e+03,2.74512e-08,1.68070e-04,1.63332e-04,0,0.7638,0.5079
2.150,10.00,5.0,1.41707e+04,2.74512e-08,7.09045e-05,3.87157e-04,0,0.7638,0.5079
2.150,12.50,5.0,2.76772e+04,2.74512e-08,3.63031e-05,7.56166e-04,0,0.7638,0.5079
2.150,15.00,5.0,4.78262e+04,2.74512e-08,2.10088e-05,1.30666e-03,0,0.7638,0.5079
2.150,17.50,5.0,7.59462e+04,2.74512e-08,1.32300e-05,2.07492e-03,0,0.7638,0.5079
2.150,20.00,5.0,1.13366e+05,2.74512e-08,8.86307e-06,3.09726e-03,0,0.7638,0.5079
2.150,22.50,5.0,1.61413e+05,2.74512e-08,6.22482e-06,4.40996e-03,0,0.7638,0.5079
2.150,25.00,5.0,2.21418e+05,2.74512e-08,4.53789e-06,6.04933e-03,0,0.7638,0.5079
2.150,27.50,5.0,2.94707e+05,2.74512e-08,3.40938e-06,8.05166e-03,0,0.7638,0.5079
2.150,30.00,5.0,3.82610e+05,2.74512e-08,2.62609e-06,1.04532e-02,0,0.7638,0.5079
2.150,32.50,5.0,4.86455e+05,2.74512e-08,2.06549e-06,1.32904e-02,0,0.7638,0.5079
2.150,35.00,5.0,6.07570e+05,2.74512e-08,1.65375e-06,1.65994e-02,0,0.7638,0.5079
2.150,37.50,5.0,7.47284e+05,2.74512e-08,1.34456e-06,2.04165e-02,0,0.7638,0.5079
2.150,40.00,5.0,9.06927e+05,2.74512e-08,1.10788e-06,2.47781e-02,0,0.7638,0.5079
2.150,42.50,5.0,1.08782e+06,2.74512e-08,9.23650e-07,2.97204e-02,0,0.7638,0.5079
2.150,45.00,5.0,1.29131e+06,2.74512e-08,7.78102e-07,3.52797e-02,0,0.7638,0.5079
2.150,47.50,5.0,1.51870e+06,2.74512e-08,6.61597e-07,4.14923e-02,0,0.7638,0.5079
2.150,50.00,5.0,1.77134e+06,2.74512e-08,5.67236e-07,4.83946e-02,0,0.7638,0.5079
2.150,52.50,5.0,2.05055e+06,2.74512e-08,4.90000e-07,5.60228e-02,0,0.7638,0.5079
2.150,55.00,5.0,2.35765e+06,2.74512e-08,4.26173e-07,6.44133e-02,0,0.7638,0.5079
2.150,57.50,5.0,2.69399e+06,2.74512e-08,3.72967e-07,7.36022e-02,0,0.7638,0.5079
2.150,60.00,5.0,3.06088e+06,2.74512e-08,3.28262e-07,8.36259e-02,0,0.7638,0.5079
2.150,62.50,5.0,3.45965e+06,2.74512e-08,2.90425e-07,9.45208e-02,0,0.7638,0.5079
2.150,65.00,5.0,3.89164e+06,2.74512e-08,2.58187e-07,1.06323e-01,0,0.7638,0.5079
2.150,67.50,5.0,4.35816e+06,2.74512e-08,2.30549e-07,1.19069e-01,0,0.7638,0.5079
2.150,70.00,5.0,4.86056e+06,2.74512e-08,2.06719e-07,1.32795e-01,0,0.7638,0.5079
2.150,72.50,5.0,5.40015e+06,2.74512e-08,1.86063e-07,1.47537e-01,0,0.7638,0.5079
2.150,75.00,5.0,5.97828e+06,2.74512e-08,1.68070e-07,1.63332e-01,0,0.7638,0.5079
2.150,77.50,5.0,6.59625e+06,2.74512e-08,1.52324e-07,1.80216e-01,0,0.7638,0.5079
2.150,80.00,5.0,7.25541e+06,2.74512e-08,1.38485e-07,1.98224e-01,0,0.7638,0.5079
2.200,5.00,5.0,1.71130e+03,2.59180e-08,5.87138e-04,4.41428e-05,0,0.7638,0.5197
2.200,7.50,5.0,5.77563e+03,2.59180e-08,1.73967e-04,1.48982e-04,0,0.7638,0.5197
2.200,10.00,5.0,1.36904e+04,2.59180e-08,7.33923e-05,3.53143e-04,0,0.7638,0.5197
2.200,12.50,5.0,2.67390e+04,2.59180e-08,3.75769e-05,6.89732e-04,0,0.7638,0.5197
2.200,15.00,5.0,4.62051e+04,2.59180e-08,2.17459e-05,1.19186e-03,0,0.7638,0.5197
2.200,17.50,5.0,7.33719e+04,2.59180e-08,1.36942e-05,1.89262e-03,0,0.7638,0.5197
2.200,20.00,5.0,1.09523e+05,2.59180e-08,9.17404e-06,2.82514e-03,0,0.7638,0.5197
2.200,22.50,5.0,1.55942e+05,2.59180e-08,6.44322e-06,4.02252e-03,0,0.7638,0.5197
2.200,25.00,5.0,2.13912e+05,2.59180e-08,4.69711e-06,5.51786e-03,0,0.7638,0.5197
2.200,27.50,5.0,2.84717e+05,2.59180e-08,3.52901e-06,7.34427e-03,0,0.7638,0.5197
2.200,30.00,5.0,3.69641e+05,2.59180e-08,2.71823e-06,9.53485e-03,0,0.7638,0.5197
2.200,32.50,5.0,4.69965e+05,2.59180e-08,2.13796e-06,1.21227e-02,0,0.7638,0.5197
2.200,35.00,5.0,5.86975e+05,2.59180e-08,1.71177e-06,1.51410e-02,0,0.7638,0.5197
2.200,37.50,5.0,7.21954e+05,2.59180e-08,1.39174e-06,1.86228e-02,0,0.7638,0.5197
2.200,40.00,5.0,8.76185e+05,2.59180e-08,1.14675e-06,2.26011e-02,0,0.7638,0.5197
2.200,42.50,5.0,1.05095e+06,2.59180e-08,9.56057e-07,2.71092e-02,0,0.7638,0.5197
2.200,45.00,5.0,1.24754e+06,2.59180e-08,8.05402e-07,3.21801e-02,0,0.7638,0.5197
2.200,47.50,5.0,1.46722e+06,2.59180e-08,6.84809e-07,3.78470e-02,0,0.7638,0.5197
2.200,50.00,5.0,1.71130e+06,2.59180e-08,5.87138e-07,4.41428e-02,0,0.7638,0.5197
2.200,52.50,5.0,1.98104e+06,2.59180e-08,5.07192e-07,5.11009e-02,0,0.7638,0.5197
2.200,55.00,5.0,2.27774e+06,2.59180e-08,4.41126e-07,5.87541e-02,0,0.7638,0.5197
2.200,57.50,5.0,2.60267e+06,2.59180e-08,3.86053e-07,6.71357e-02,0,0.7638,0.5197
2.200,60.00,5.0,2.95712e+06,2.59180e-08,3.39779e-07,7.62788e-02,0,0.7638,0.5197
2.200,62.50,5.0,3.34238e+06,2.59180e-08,3.00615e-07,8.62165e-02,0,0.7638,0.5197
2.200,65.00,5.0,3.75972e+06,2.59180e-08,2.67245e-07,9.69818e-02,0,0.7638,0.5197
2.200,67.50,5.0,4.21044e+06,2.59180e-08,2.38638e-07,1.08608e-01,0,0.7638,0.5197
2.200,70.00,5.0,4.69580e+06,2.59180e-08,2.13972e-07,1.21128e-01,0,0.7638,0.5197
2.200,72.50,5.0,5.21711e+06,2.59180e-08,1.92591e-07,1.34575e-01,0,0.7638,0.5197
2.200,75.00,5.0,5.77563e+06,2.59180e-08,1.73967e-07,1.48982e-01,0,0.7638,0.5197
2.200,77.50,5.0,6.37266e+06,2.59180e-08,1.57669e-07,1.64382e-01,0,0.7638,0.5197
2.200,80.00,5.0,7.00948e+06,2.59180e-08,1.43344e-07,1.80809e-01,0,0.7638,0.5197
2.250,5.00,5.0,1.65457e+03,2.45020e-08,6.07268e-04,4.03479e-05,0,0.7638,0.5315
2.250,7.50,5.0,5.58419e+03,2.45020e-08,1.79931e-04,1.36174e-04,0,0.7638,0.5315
2.250,10.00,5.0,1.32366e+04,2.45020e-08,7.59085e-05,3.22783e-04,0,0.7638,0.5315
2.250,12.50,5.0,2.58527e+04,2.45020e-08,3.88651e-05,6.30436e-04,0,0.7638,0.5315
2.250,15.00,5.0,4.46735e+04,2.45020e-08,2.24914e-05,1.08939e-03,0,0.7638,0.5315
2.250,17.50,5.0,7.09398e+04,2.45020e-08,1.41637e-05,1.72992e-03,0,0.7638,0.5315
2.250,20.00,5.0,1.05893e+05,2.45020e-08,9.48856e-06,2.58227e-03,0,0.7638,0.5315
2.250,22.50,5.0,1.50773e+05,2.45020e-08,6.66412e-06,3.67670e-03,0,0.7638,0.5315
2.250,25.00,5.0,2.06822e+05,2.45020e-08,4.85814e-06,5.04349e-03,0,0.7638,0.5315
2.250,27.50,5.0,2.75280e+05,2.45020e-08,3.64999e-06,6.71288e-03,0,0.7638,0.5315
2.250,30.00,5.0,3.57388e+05,2.45020e-08,2.81142e-06,8.71515e-03,0,0.7638,0.5315
2.250,32.50,5.0,4.54387e+05,2.45020e-08,2.21126e-06,1.10805e-02,0,0.7638,0.5315
2.250,35.00,5.0,5.67519e+05,2.45020e-08,1.77046e-06,1.38393e-02,0,0.7638,0.5315
2.250,37.50,5.0,6.98023e+05,2.45020e-08,1.43945e-06,1.70218e-02,0,0.7638,0.5315
2.250,40.00,5.0,8.47142e+05,2.45020e-08,1.18607e-06,2.06581e-02,0,0.7638,0.5315
2.250,42.50,5.0,1.01611e+06,2.45020e-08,9.88834e-07,2.47787e-02,0,0.7638,0.5315
2.250,45.00,5.0,1.20618e+06,2.45020e-08,8.33015e-07,2.94136e-02,0,0.7638,0.5315
2.250,47.50,5.0,1.41859e+06,2.45020e-08,7.08287e-07,3.45933e-02,0,0.7638,0.5315
2.250,50.00,5.0,1.65457e+06,2.45020e-08,6.07268e-07,4.03479e-02,0,0.7638,0.5315
2.250,52.50,5.0,1.91538e+06,2.45020e-08,5.24581e-07,4.67077e-02,0,0.7638,0.5315
2.250,55.00,5.0,2.20224e+06,2.45020e-08,4.56249e-07,5.37031e-02,0,0.7638,0.5315
2.250,57.50,5.0,2.51640e+06,2.45020e-08,3.99288e-07,6.13641e-02,0,0.7638,0.5315
2.250,60.00,5.0,2.85910e+06,2.45020e-08,3.51428e-07,6.97212e-02,0,0.7638,0.5315
2.250,62.50,5.0,3.23159e+06,2.45020e-08,3.10921e-07,7.88045e-02,0,0.7638,0.5315
2.250,65.00,5.0,3.63510e+06,2.45020e-08,2.76408e-07,8.86443e-02,0,0.7638,0.5315
2.250,67.50,5.0,4.07087e+06,2.45020e-08,2.46819e-07,9.92710e-02,0,0.7638,0.5315
2.250,70.00,5.0,4.54015e+06,2.45020e-08,2.21307e-07,1.10715e-01,0,0.7638,0.5315
2.250,72.50,5.0,5.04417e+06,2.45020e-08,1.99194e-07,1.23006e-01,0,0.7638,0.5315
2.250,75.00,5.0,5.58419e+06,2.45020e-08,1.79931e-07,1.36174e-01,0,0.7638,0.5315
2.250,77.50,5.0,6.16143e+06,2.45020e-08,1.63074e-07,1.50251e-01,0,0.7638,0.5315
2.250,80.00,5.0,6.77713e+06,2.45020e-08,1.48259e-07,1.65265e-01,0,0.7638,0.5315
2.300,5.00,5.0,1.60091e+03,2.31920e-08,6.27622e-04,3.69521e-05,0,0.7638,0.5433
2.300,7.50,5.0,5.40309e+03,2.31920e-08,1.85962e-04,1.24714e-04,0,0.7638,0.5433
2.300,10.00,5.0,1.28073e+04,2.31920e-08,7.84527e-05,2.95617e-04,0,0.7638,0.5433
2.300,12.50,5.0,2.50143e+04,2.31920e-08,4.01678e-05,5.77377e-04,0,0.7638,0.5433
2.300,15.00,5.0,4.32247e+04,2.31920e-08,2.32453e-05,9.97708e-04,0,0.7638,0.5433
2.300,17.50,5.0,6.86392e+04,2.31920e-08,1.46384e-05,1.58432e-03,0,0.7638,0.5433
2.300,20.00,5.0,1.02459e+05,2.31920e-08,9.80659e-06,2.36494e-03,0,0.7638,0.5433
2.300,22.50,5.0,1.45883e+05,2.31920e-08,6.88748e-06,3.36726e-03,0,0.7638,0.5433
2.300,25.00,5.0,2.00114e+05,2.31920e-08,5.02098e-06,4.61902e-03,0,0.7638,0.5433
2.300,27.50,5.0,2.66352e+05,2.31920e-08,3.77233e-06,6.14791e-03,0,0.7638,0.5433
2.300,30.00,5.0,3.45798e+05,2.31920e-08,2.90566e-06,7.98166e-03,0,0.7638,0.5433
2.300,32.50,5.0,4.39651e+05,2.31920e-08,2.28538e-06,1.01480e-02,0,0.7638,0.5433
2.300,35.00,5.0,5.49114e+05,2.31920e-08,1.82980e-06,1.26746e-02,0,0.7638,0.5433
2.300,37.50,5.0,6.75386e+05,2.31920e-08,1.48770e-06,1.55892e-02,0,0.7638,0.5433
2.300,40.00,5.0,8.19668e+05,2.31920e-08,1.22582e-06,1.89195e-02,0,0.7638,0.5433
2.300,42.50,5.0,9.83162e+05,2.31920e-08,1.02198e-06,2.26932e-02,0,0.7638,0.5433
2.300,45.00,5.0,1.16707e+06,2.31920e-08,8.60936e-07,2.69381e-02,0,0.7638,0.5433
2.300,47.50,5.0,1.37258e+06,2.31920e-08,7.32027e-07,3.16818e-02,0,0.7638,0.5433
2.300,50.00,5.0,1.60091e+06,2.31920e-08,6.27622e-07,3.69521e-02,0,0.7638,0.5433
2.300,52.50,5.0,1.85326e+06,2.31920e-08,5.42163e-07,4.27767e-02,0,0.7638,0.5433
2.300,55.00,5.0,2.13082e+06,2.31920e-08,4.71542e-07,4.91833e-02,0,0.7638,0.5433
2.300,57.50,5.0,2.43479e+06,2.31920e-08,4.12672e-07,5.61996e-02,0,0.7638,0.5433
2.300,60.00,5.0,2.76638e+06,2.31920e-08,3.63207e-07,6.38533e-02,0,0.7638,0.5433
2.300,62.50,5.0,3.12679e+06,2.31920e-08,3.21342e-07,7.21722e-02,0,0.7638,0.5433
2.300,65.00,5.0,3.51721e+06,2.31920e-08,2.85672e-07,8.11839e-02,0,0.7638,0.5433
2.300,67.50,5.0,3.93885e+06,2.31920e-08,2.55092e-07,9.09161e-02,0,0.7638,0.5433
2.300,70.00,5.0,4.39291e+06,2.31920e-08,2.28725e-07,1.01397e-01,0,0.7638,0.5433
2.300,72.50,5.0,4.88059e+06,2.31920e-08,2.05871e-07,1.12653e-01,0,0.7638,0.5433
2.300,75.00,5.0,5.40309e+06,2.31920e-08,1.85962e-07,1.24714e-01,0,0.7638,0.5433
2.300,77.50,5.0,5.96160e+06,2.31920e-08,1.68540e-07,1.37605e-01,0,0.7638,0.5433
2.300,80.00,5.0,6.55735e+06,2.31920e-08,1.53228e-07,1.51356e-01,0,0.7638,0.5433
2.350,5.00,5.0,1.55009e+03,2.19780e-08,6.48199e-04,3.39062e-05,0,0.7638,0.5552
2.350,7.50,5.0,5.23157e+03,2.19780e-08,1.92059e-04,1.14434e-04,0,0.7638,0.5552
2.350,10.00,5.0,1.24008e+04,2.19780e-08,8.10248e-05,2.71250e-04,0,0.7638,0.5552
2.350,12.50,5.0,2.42202e+04,2.19780e-08,4.14847e-05,5.29785e-04,0,0.7638,0.5552
2.350,15.00,5.0,4.18525e+04,2.19780e-08,2.40074e-05,9.15468e-04,0,0.7638,0.5552
2.350,17.50,5.0,6.64603e+04,2.19780e-08,1.51183e-05,1.45373e-03,0,0.7638,0.5552
2.350,20.00,5.0,9.92060e+04,2.19780e-08,1.01281e-05,2.17000e-03,0,0.7638,0.5552
2.350,22.50,5.0,1.41252e+05,2.19780e-08,7.11329e-06,3.08971e-03,0,0.7638,0.5552
2.350,25.00,5.0,1.93762e+05,2.19780e-08,5.18559e-06,4.23828e-03,0,0.7638,0.5552
2.350,27.50,5.0,2.57897e+05,2.19780e-08,3.89601e-06,5.64115e-03,0,0.7638,0.5552
2.350,30.00,5.0,3.34820e+05,2.19780e-08,3.00092e-06,7.32375e-03,0,0.7638,0.5552
2.350,32.50,5.0,4.25695e+05,2.19780e-08,2.36030e-06,9.31150e-03,0,0.7638,0.5552
2.350,35.00,5.0,5.31682e+05,2.19780e-08,1.88979e-06,1.16298e-02,0,0.7638,0.5552
2.350,37.50,5.0,6.53946e+05,2.19780e-08,1.53647e-06,1.43042e-02,0,0.7638,0.5552
2.350,40.00,5.0,7.93648e+05,2.19780e-08,1.26601e-06,1.73600e-02,0,0.7638,0.5552
2.350,42.50,5.0,9.51952e+05,2.19780e-08,1.05548e-06,2.08227e-02,0,0.7638,0.5552
2.350,45.00,5.0,1.13002e+06,2.19780e-08,8.89162e-07,2.47176e-02,0,0.7638,0.5552
2.350,47.50,5.0,1.32901e+06,2.19780e-08,7.56027e-07,2.90704e-02,0,0.7638,0.5552
2.350,50.00,5.0,1.55009e+06,2.19780e-08,6.48199e-07,3.39062e-02,0,0.7638,0.5552
2.350,52.50,5.0,1.79443e+06,2.19780e-08,5.59938e-07,3.92507e-02,0,0.7638,0.5552
2.350,55.00,5.0,2.06318e+06,2.19780e-08,4.87001e-07,4.51292e-02,0,0.7638,0.5552
2.350,57.50,5.0,2.35750e+06,2.19780e-08,4.26201e-07,5.15671e-02,0,0.7638,0.5552
2.350,60.00,5.0,2.67856e+06,2.19780e-08,3.75115e-07,5.85900e-02,0,0.7638,0.5552
2.350,62.50,5.0,3.02753e+06,2.19780e-08,3.31878e-07,6.62231e-02,0,0.7638,0.5552
2.350,65.00,5.0,3.40556e+06,2.19780e-08,2.95038e-07,7.44920e-02,0,0.7638,0.5552
2.350,67.50,5.0,3.81381e+06,2.19780e-08,2.63455e-07,8.34221e-02,0,0.7638,0.5552
2.350,70.00,5.0,4.25346e+06,2.19780e-08,2.36224e-07,9.30387e-02,0,0.7638,0.5552
2.350,72.50,5.0,4.72566e+06,2.19780e-08,2.12620e-07,1.03367e-01,0,0.7638,0.5552
2.350,75.00,5.0,5.23157e+06,2.19780e-08,1.92059e-07,1.14434e-01,0,0.7638,0.5552
2.350,77.50,5.0,5.77236e+06,2.19780e-08,1.74066e-07,1.26263e-01,0,0.7638,0.5552
2.350,80.00,5.0,6.34919e+06,2.19780e-08,1.58252e-07,1.38880e-01,0,0.7638,0.5552
2.400,5.00,5.0,1.50191e+03,2.08511e-08,6.68996e-04,3.11678e-05,0,0.7638,0.5670
2.400,7.50,5.0,5.06894e+03,2.08511e-08,1.98221e-04,1.05191e-04,0,0.7638,0.5670
2.400,10.00,5.0,1.20153e+04,2.08511e-08,8.36244e-05,2.49342e-04,0,0.7638,0.5670
2.400,12.50,5.0,2.34673e+04,2.08511e-08,4.28157e-05,4.86997e-04,0,0.7638,0.5670
2.400,15.00,5.0,4.05515e+04,2.08511e-08,2.47776e-05,8.41530e-04,0,0.7638,0.5670
2.400,17.50,5.0,6.43943e+04,2.08511e-08,1.56034e-05,1.33632e-03,0,0.7638,0.5670
2.400,20.00,5.0,9.61220e+04,2.08511e-08,1.04531e-05,1.99474e-03,0,0.7638,0.5670
2.400,22.50,5.0,1.36861e+05,2.08511e-08,7.34152e-06,2.84017e-03,0,0.7638,0.5670
2.400,25.00,5.0,1.87738e+05,2.08511e-08,5.35196e-06,3.89597e-03,0,0.7638,0.5670
2.400,27.50,5.0,2.49880e+05,2.08511e-08,4.02101e-06,5.18554e-03,0,0.7638,0.5670
2.400,30.00,5.0,3.24412e+05,2.08511e-08,3.09720e-06,6.73224e-03,0,0.7638,0.5670
2.400,32.50,5.0,4.12461e+05,2.08511e-08,2.43603e-06,8.55946e-03,0,0.7638,0.5670
2.400,35.00,5.0,5.15154e+05,2.08511e-08,1.95042e-06,1.06906e-02,0,0.7638,0.5670
2.400,37.50,5.0,6.33617e+05,2.08511e-08,1.58577e-06,1.31489e-02,0,0.7638,0.5670
2.400,40.00,5.0,7.68976e+05,2.08511e-08,1.30663e-06,1.59579e-02,0,0.7638,0.5670
2.400,42.50,5.0,9.22359e+05,2.08511e-08,1.08935e-06,1.91409e-02,0,0.7638,0.5670
2.400,45.00,5.0,1.09489e+06,2.08511e-08,9.17689e-07,2.27213e-02,0,0.7638,0.5670
2.400,47.50,5.0,1.28770e+06,2.08511e-08,7.80284e-07,2.67225e-02,0,0.7638,0.5670
2.400,50.00,5.0,1.50191e+06,2.08511e-08,6.68996e-07,3.11678e-02,0,0.7638,0.5670
2.400,52.50,5.0,1.73864e+06,2.08511e-08,5.77904e-07,3.60806e-02,0,0.7638,0.5670
2.400,55.00,5.0,1.99904e+06,2.08511e-08,5.02626e-07,4.14843e-02,0,0.7638,0.5670
2.400,57.50,5.0,2.28421e+06,2.08511e-08,4.39875e-07,4.74023e-02,0,0.7638,0.5670
2.400,60.00,5.0,2.59529e+06,2.08511e-08,3.87150e-07,5.38579e-02,0,0.7638,0.5670
2.400,62.50,5.0,2.93341e+06,2.08511e-08,3.42526e-07,6.08746e-02,0,0.7638,0.5670
2.400,65.00,5.0,3.29969e+06,2.08511e-08,3.04504e-07,6.84756e-02,0,0.7638,0.5670
2.400,67.50,5.0,3.69525e+06,2.08511e-08,2.71908e-07,7.66845e-02,0,0.7638,0.5670
2.400,70.00,5.0,4.12123e+06,2.08511e-08,2.43803e-07,8.55244e-02,0,0.7638,0.5670
2.400,72.50,5.0,4.57875e+06,2.08511e-08,2.19442e-07,9.50189e-02,0,0.7638,0.5670
2.400,75.00,5.0,5.06894e+06,2.08511e-08,1.98221e-07,1.05191e-01,0,0.7638,0.5670
2.400,77.50,5.0,5.59291e+06,2.08511e-08,1.79650e-07,1.16065e-01,0,0.7638,0.5670
2.400,80.00,5.0,6.15181e+06,2.08511e-08,1.63329e-07,1.27663e-01,0,0.7638,0.5670
2.450,5.00,5.0,1.45617e+03,1.98035e-08,6.90010e-04,2.87003e-05,0,0.7638,0.5788
2.450,7.50,5.0,4.91456e+03,1.98035e-08,2.04447e-04,9.68636e-05,0,0.7638,0.5788
2.450,10.00,5.0,1.16493e+04,1.98035e-08,8.62513e-05,2.29603e-04,0,0.7638,0.5788
2.450,12.50,5.0,2.27526e+04,1.98035e-08,4.41607e-05,4.48442e-04,0,0.7638,0.5788
2.450,15.00,5.0,3.93165e+04,1.98035e-08,2.55559e-05,7.74909e-04,0,0.7638,0.5788
2.450,17.50,5.0,6.24331e+04,1.98035e-08,1.60935e-05,1.23053e-03,0,0.7638,0.5788
2.450,20.00,5.0,9.31946e+04,1.98035e-08,1.07814e-05,1.83682e-03,0,0.7638,0.5788
2.450,22.50,5.0,1.32693e+05,1.98035e-08,7.57213e-06,2.61532e-03,0,0.7638,0.5788
2.450,25.00,5.0,1.82021e+05,1.98035e-08,5.52008e-06,3.58754e-03,0,0.7638,0.5788
2.450,27.50,5.0,2.42270e+05,1.98035e-08,4.14732e-06,4.77502e-03,0,0.7638,0.5788
2.450,30.00,5.0,3.14532e+05,1.98035e-08,3.19449e-06,6.19927e-03,0,0.7638,0.5788
2.450,32.50,5.0,3.99899e+05,1.98035e-08,2.51255e-06,7.88182e-03,0,0.7638,0.5788
2.450,35.00,5.0,4.99465e+05,1.98035e-08,2.01169e-06,9.84421e-03,0,0.7638,0.5788
2.450,37.50,5.0,6.14320e+05,1.98035e-08,1.63558e-06,1.21079e-02,0,0.7638,0.5788
2.450,40.00,5.0,7.45557e+05,1.98035e-08,1.34768e-06,1.46946e-02,0,0.7638,0.5788
2.450,42.50,5.0,8.94268e+05,1.98035e-08,1.12357e-06,1.76256e-02,0,0.7638,0.5788
2.450,45.00,5.0,1.06154e+06,1.98035e-08,9.46516e-07,2.09225e-02,0,0.7638,0.5788
2.450,47.50,5.0,1.24848e+06,1.98035e-08,8.04794e-07,2.46069e-02,0,0.7638,0.5788
2.450,50.00,5.0,1.45617e+06,1.98035e-08,6.90010e-07,2.87003e-02,0,0.7638,0.5788
2.450,52.50,5.0,1.68569e+06,1.98035e-08,5.96057e-07,3.32242e-02,0,0.7638,0.5788
2.450,55.00,5.0,1.93816e+06,1.98035e-08,5.18415e-07,3.82001e-02,0,0.7638,0.5788
2.450,57.50,5.0,2.21465e+06,1.98035e-08,4.53693e-07,4.36496e-02,0,0.7638,0.5788
2.450,60.00,5.0,2.51625e+06,1.98035e-08,3.99311e-07,4.95941e-02,0,0.7638,0.5788
2.450,62.50,5.0,2.84407e+06,1.98035e-08,3.53285e-07,5.60553e-02,0,0.7638,0.5788
2.450,65.00,5.0,3.19920e+06,1.98035e-08,3.14069e-07,6.30546e-02,0,0.7638,0.5788
2.450,67.50,5.0,3.58271e+06,1.98035e-08,2.80449e-07,7.06135e-02,0,0.7638,0.5788
2.450,70.00,5.0,3.99572e+06,1.98035e-08,2.51461e-07,7.87537e-02,0,0.7638,0.5788
2.450,72.50,5.0,4.43930e+06,1.98035e-08,2.26335e-07,8.74965e-02,0,0.7638,0.5788
2.450,75.00,5.0,4.91456e+06,1.98035e-08,2.04447e-07,9.68636e-02,0,0.7638,0.5788
2.450,77.50,5.0,5.42258e+06,1.98035e-08,1.85294e-07,1.06876e-01,0,0.7638,0.5788
2.450,80.00,5.0,5.96445e+06,1.98035e-08,1.68460e-07,1.17557e-01,0,0.7638,0.5788
2.500,5.00,5.0,1.41270e+03,1.88281e-08,7.11240e-04,2.64723e-05,0,0.7638,0.5906
2.500,7.50,5.0,4.76786e+03,1.88281e-08,2.10738e-04,8.93439e-05,0,0.7638,0.5906
2.500,10.00,5.0,1.13016e+04,1.88281e-08,8.89050e-05,2.11778e-04,0,0.7638,0.5906
2.500,12.50,5.0,2.20734e+04,1.88281e-08,4.55194e-05,4.13629e-04,0,0.7638,0.5906
2.500,15.00,5.0,3.81429e+04,1.88281e-08,2.63422e-05,7.14751e-04,0,0.7638,0.5906
2.500,17.50,5.0,6.05695e+04,1.88281e-08,1.65887e-05,1.13500e-03,0,0.7638,0.5906
2.500,20.00,5.0,9.04128e+04,1.88281e-08,1.11131e-05,1.69422e-03,0,0.7638,0.5906
2.500,22.50,5.0,1.28732e+05,1.88281e-08,7.80511e-06,2.41228e-03,0,0.7638,0.5906
2.500,25.00,5.0,1.76587e+05,1.88281e-08,5.68992e-06,3.30903e-03,0,0.7638,0.5906
2.500,27.50,5.0,2.35038e+05,1.88281e-08,4.27492e-06,4.40432e-03,0,0.7638,0.5906
2.500,30.00,5.0,3.05143e+05,1.88281e-08,3.29278e-06,5.71801e-03,0,0.7638,0.5906
2.500,32.50,5.0,3.87963e+05,1.88281e-08,2.58986e-06,7.26994e-03,0,0.7638,0.5906
2.500,35.00,5.0,4.84556e+05,1.88281e-08,2.07359e-06,9.07998e-03,0,0.7638,0.5906
2.500,37.50,5.0,5.95983e+05,1.88281e-08,1.68590e-06,1.11680e-02,0,0.7638,0.5906
2.500,40.00,5.0,7.23302e+05,1.88281e-08,1.38914e-06,1.35538e-02,0,0.7638,0.5906
2.500,42.50,5.0,8.67574e+05,1.88281e-08,1.15814e-06,1.62573e-02,0,0.7638,0.5906
2.500,45.00,5.0,1.02986e+06,1.88281e-08,9.75638e-07,1.92983e-02,0,0.7638,0.5906
2.500,47.50,5.0,1.21121e+06,1.88281e-08,8.29556e-07,2.26967e-02,0,0.7638,0.5906
2.500,50.00,5.0,1.41270e+06,1.88281e-08,7.11240e-07,2.64723e-02,0,0.7638,0.5906
2.500,52.50,5.0,1.63538e+06,1.88281e-08,6.14396e-07,3.06449e-02,0,0.7638,0.5906
2.500,55.00,5.0,1.88030e+06,1.88281e-08,5.34365e-07,3.52346e-02,0,0.7638,0.5906
2.500,57.50,5.0,2.14854e+06,1.88281e-08,4.67652e-07,4.02610e-02,0,0.7638,0.5906
2.500,60.00,5.0,2.44115e+06,1.88281e-08,4.11597e-07,4.57441e-02,0,0.7638,0.5906
2.500,62.50,5.0,2.75918e+06,1.88281e-08,3.64155e-07,5.17036e-02,0,0.7638,0.5906
2.500,65.00,5.0,3.10370e+06,1.88281e-08,3.23733e-07,5.81596e-02,0,0.7638,0.5906
2.500,67.50,5.0,3.47577e+06,1.88281e-08,2.89078e-07,6.51317e-02,0,0.7638,0.5906
2.500,70.00,5.0,3.87645e+06,1.88281e-08,2.59198e-07,7.26399e-02,0,0.7638,0.5906
2.500,72.50,5.0,4.30679e+06,1.88281e-08,2.33299e-07,8.07040e-02,0,0.7638,0.5906
2.500,75.00,5.0,4.76786e+06,1.88281e-08,2.10738e-07,8.93439e-02,0,0.7638,0.5906
2.500,77.50,5.0,5.26072e+06,1.88281e-08,1.90995e-07,9.85794e-02,0,0.7638,0.5906
2.500,80.00,5.0,5.78642e+06,1.88281e-08,1.73643e-07,1.08430e-01,0,0.7638,0.5906
2.550,5.00,5.0,1.37135e+03,1.79187e-08,7.32684e-04,2.44563e-05,0,0.7638,0.6024
2.550,7.50,5.0,4.62832e+03,1.79187e-08,2.17092e-04,8.25399e-05,0,0.7638,0.6024
2.550,10.00,5.0,1.09708e+04,1.79187e-08,9.15855e-05,1.95650e-04,0,0.7638,0.6024
2.550,12.50,5.0,2.14274e+04,1.79187e-08,4.68918e-05,3.82129e-04,0,0.7638,0.6024
2.550,15.00,5.0,3.70266e+04,1.79187e-08,2.71364e-05,6.60319e-04,0,0.7638,0.6024
2.550,17.50,5.0,5.87968e+04,1.79187e-08,1.70888e-05,1.04856e-03,0,0.7638,0.6024
2.550,20.00,5.0,8.77667e+04,1.79187e-08,1.14482e-05,1.56520e-03,0,0.7638,0.6024
2.550,22.50,5.0,1.24965e+05,1.79187e-08,8.04043e-06,2.22858e-03,0,0.7638,0.6024
2.550,25.00,5.0,1.71419e+05,1.79187e-08,5.86147e-06,3.05703e-03,0,0.7638,0.6024
2.550,27.50,5.0,2.28159e+05,1.79187e-08,4.40381e-06,4.06891e-03,0,0.7638,0.6024
2.550,30.00,5.0,2.96212e+05,1.79187e-08,3.39206e-06,5.28256e-03,0,0.7638,0.6024
2.550,32.50,5.0,3.76608e+05,1.79187e-08,2.66794e-06,6.71630e-03,0,0.7638,0.6024
2.550,35.00,5.0,4.70374e+05,1.79187e-08,2.13610e-06,8.38850e-03,0,0.7638,0.6024
2.550,37.50,5.0,5.78540e+05,1.79187e-08,1.73673e-06,1.03175e-02,0,0.7638,0.6024
2.550,40.00,5.0,7.02133e+05,1.79187e-08,1.43102e-06,1.25216e-02,0,0.7638,0.6024
2.550,42.50,5.0,8.42183e+05,1.79187e-08,1.19305e-06,1.50192e-02,0,0.7638,0.6024
2.550,45.00,5.0,9.99717e+05,1.79187e-08,1.00505e-06,1.78286e-02,0,0.7638,0.6024
2.550,47.50,5.0,1.17576e+06,1.79187e-08,8.54566e-07,2.09682e-02,0,0.7638,0.6024
2.550,50.00,5.0,1.37135e+06,1.79187e-08,7.32684e-07,2.44563e-02,0,0.7638,0.6024
2.550,52.50,5.0,1.58751e+06,1.79187e-08,6.32920e-07,2.83112e-02,0,0.7638,0.6024
2.550,55.00,5.0,1.82527e+06,1.79187e-08,5.50476e-07,3.25513e-02,0,0.7638,0.6024
2.550,57.50,5.0,2.08566e+06,1.79187e-08,4.81752e-07,3.71949e-02,0,0.7638,0.6024
2.550,60.00,5.0,2.36970e+06,1.79187e-08,4.24007e-07,4.22604e-02,0,0.7638,0.6024
2.550,62.50,5.0,2.67843e+06,1.79187e-08,3.75134e-07,4.77662e-02,0,0.7638,0.6024
2.550,65.00,5.0,3.01286e+06,1.79187e-08,3.33493e-07,5.37304e-02,0,0.7638,0.6024
2.550,67.50,5.0,3.37405e+06,1.79187e-08,2.97794e-07,6.01716e-02,0,0.7638,0.6024
2.550,70.00,5.0,3.76300e+06,1.79187e-08,2.67013e-07,6.71080e-02,0,0.7638,0.6024
2.550,72.50,5.0,4.18074e+06,1.79187e-08,2.40333e-07,7.45580e-02,0,0.7638,0.6024
2.550,75.00,5.0,4.62832e+06,1.79187e-08,2.17092e-07,8.25399e-02,0,0.7638,0.6024
2.550,77.50,5.0,5.10675e+06,1.79187e-08,1.96753e-07,9.10721e-02,0,0.7638,0.6024
2.550,80.00,5.0,5.61707e+06,1.79187e-08,1.78878e-07,1.00173e-01,0,0.7638,0.6024
2.600,5.00,5.0,1.33199e+03,1.70696e-08,7.54339e-04,2.26286e-05,0,0.7638,0.6142
2.600,7.50,5.0,4.49545e+03,1.70696e-08,2.23508e-04,7.63715e-05,0,0.7638,0.6142
2.600,10.00,5.0,1.06559e+04,1.70696e-08,9.42923e-05,1.81029e-04,0,0.7638,0.6142
2.600,12.50,5.0,2.08123e+04,1.70696e-08,4.82777e-05,3.53572e-04,0,0.7638,0.6142
2.600,15.00,5.0,3.59636e+04,1.70696e-08,2.79385e-05,6.10972e-04,0,0.7638,0.6142
2.600,17.50,5.0,5.71089e+04,1.70696e-08,1.75939e-05,9.70201e-04,0,0.7638,0.6142
2.600,20.00,5.0,8.52471e+04,1.70696e-08,1.17865e-05,1.44823e-03,0,0.7638,0.6142
2.600,22.50,5.0,1.21377e+05,1.70696e-08,8.27807e-06,2.06203e-03,0,0.7638,0.6142
2.600,25.00,5.0,1.66498e+05,1.70696e-08,6.03471e-06,2.82857e-03,0,0.7638,0.6142
2.600,27.50,5.0,2.21609e+05,1.70696e-08,4.53397e-06,3.76483e-03,0,0.7638,0.6142
2.600,30.00,5.0,2.87709e+05,1.70696e-08,3.49231e-06,4.88778e-03,0,0.7638,0.6142
2.600,32.50,5.0,3.65797e+05,1.70696e-08,2.74680e-06,6.21438e-03,0,0.7638,0.6142
2.600,35.00,5.0,4.56871e+05,1.70696e-08,2.19924e-06,7.76161e-03,0,0.7638,0.6142
2.600,37.50,5.0,5.61932e+05,1.70696e-08,1.78806e-06,9.54644e-03,0,0.7638,0.6142
2.600,40.00,5.0,6.81977e+05,1.70696e-08,1.47332e-06,1.15858e-02,0,0.7638,0.6142
2.600,42.50,5.0,8.18006e+05,1.70696e-08,1.22831e-06,1.38968e-02,0,0.7638,0.6142
2.600,45.00,5.0,9.71018e+05,1.70696e-08,1.03476e-06,1.64962e-02,0,0.7638,0.6142
2.600,47.50,5.0,1.14201e+06,1.70696e-08,8.79824e-07,1.94012e-02,0,0.7638,0.6142
2.600,50.00,5.0,1.33199e+06,1.70696e-08,7.54339e-07,2.26286e-02,0,0.7638,0.6142
2.600,52.50,5.0,1.54194e+06,1.70696e-08,6.51626e-07,2.61954e-02,0,0.7638,0.6142
2.600,55.00,5.0,1.77287e+06,1.70696e-08,5.66746e-07,3.01187e-02,0,0.7638,0.6142
2.600,57.50,5.0,2.02579e+06,1.70696e-08,4.95990e-07,3.44153e-02,0,0.7638,0.6142
2.600,60.00,5.0,2.30167e+06,1.70696e-08,4.36539e-07,3.91022e-02,0,0.7638,0.6142
2.600,62.50,5.0,2.60154e+06,1.70696e-08,3.86221e-07,4.41965e-02,0,0.7638,0.6142
2.600,65.00,5.0,2.92637e+06,1.70696e-08,3.43349e-07,4.97150e-02,0,0.7638,0.6142
2.600,67.50,5.0,3.27719e+06,1.70696e-08,3.06595e-07,5.56748e-02,0,0.7638,0.6142
2.600,70.00,5.0,3.65497e+06,1.70696e-08,2.74905e-07,6.20929e-02,0,0.7638,0.6142
2.600,72.50,5.0,4.06073e+06,1.70696e-08,2.47436e-07,6.89861e-02,0,0.7638,0.6142
2.600,75.00,5.0,4.49545e+06,1.70696e-08,2.23508e-07,7.63715e-02,0,0.7638,0.6142
2.600,77.50,5.0,4.96015e+06,1.70696e-08,2.02568e-07,8.42661e-02,0,0.7638,0.6142
2.600,80.00,5.0,5.45582e+06,1.70696e-08,1.84165e-07,9.26867e-02,0,0.7638,0.6142
2.650,5.00,5.0,1.29447e+03,1.62758e-08,7.76203e-04,2.09685e-05,0,0.7638,0.6260
2.650,7.50,5.0,4.36883e+03,1.62758e-08,2.29986e-04,7.07687e-05,0,0.7638,0.6260
2.650,10.00,5.0,1.03557e+04,1.62758e-08,9.70254e-05,1.67748e-04,0,0.7638,0.6260
2.650,12.50,5.0,2.02260e+04,1.62758e-08,4.96770e-05,3.27633e-04,0,0.7638,0.6260
2.650,15.00,5.0,3.49506e+04,1.62758e-08,2.87483e-05,5.66150e-04,0,0.7638,0.6260
2.650,17.50,5.0,5.55003e+04,1.62758e-08,1.81039e-05,8.99025e-04,0,0.7638,0.6260
2.650,20.00,5.0,8.28459e+04,1.62758e-08,1.21282e-05,1.34198e-03,0,0.7638,0.6260
2.650,22.50,5.0,1.17958e+05,1.62758e-08,8.51800e-06,1.91076e-03,0,0.7638,0.6260
2.650,25.00,5.0,1.61808e+05,1.62758e-08,6.20962e-06,2.62106e-03,0,0.7638,0.6260
2.650,27.50,5.0,2.15367e+05,1.62758e-08,4.66538e-06,3.48864e-03,0,0.7638,0.6260
2.650,30.00,5.0,2.79605e+05,1.62758e-08,3.59353e-06,4.52920e-03,0,0.7638,0.6260
2.650,32.50,5.0,3.55493e+05,1.62758e-08,2.82641e-06,5.75848e-03,0,0.7638,0.6260
2.650,35.00,5.0,4.44002e+05,1.62758e-08,2.26298e-06,7.19220e-03,0,0.7638,0.6260
2.650,37.50,5.0,5.46103e+05,1.62758e-08,1.83989e-06,8.84609e-03,0,0.7638,0.6260
2.650,40.00,5.0,6.62767e+05,1.62758e-08,1.51602e-06,1.07359e-02,0,0.7638,0.6260
2.650,42.50,5.0,7.94965e+05,1.62758e-08,1.26392e-06,1.28773e-02,0,0.7638,0.6260
2.650,45.00,5.0,9.43667e+05,1.62758e-08,1.06475e-06,1.52860e-02,0,0.7638,0.6260
2.650,47.50,5.0,1.10984e+06,1.62758e-08,9.05325e-07,1.79779e-02,0,0.7638,0.6260
2.650,50.00,5.0,1.29447e+06,1.62758e-08,7.76203e-07,2.09685e-02,0,0.7638,0.6260
2.650,52.50,5.0,1.49851e+06,1.62758e-08,6.70513e-07,2.42737e-02,0,0.7638,0.6260
2.650,55.00,5.0,1.72294e+06,1.62758e-08,5.83173e-07,2.79091e-02,0,0.7638,0.6260
2.650,57.50,5.0,1.96872e+06,1.62758e-08,5.10366e-07,3.18905e-02,0,0.7638,0.6260
2.650,60.00,5.0,2.23684e+06,1.62758e-08,4.49191e-07,3.62336e-02,0,0.7638,0.6260
2.650,62.50,5.0,2.52826e+06,1.62758e-08,3.97416e-07,4.09541e-02,0,0.7638,0.6260
2.650,65.00,5.0,2.84394e+06,1.62758e-08,3.53301e-07,4.60678e-02,0,0.7638,0.6260
2.650,67.50,5.0,3.18487e+06,1.62758e-08,3.15482e-07,5.15904e-02,0,0.7638,0.6260
2.650,70.00,5.0,3.55202e+06,1.62758e-08,2.82873e-07,5.75376e-02,0,0.7638,0.6260
2.650,72.50,5.0,3.94635e+06,1.62758e-08,2.54608e-07,6.39251e-02,0,0.7638,0.6260
2.650,75.00,5.0,4.36883e+06,1.62758e-08,2.29986e-07,7.07687e-02,0,0.7638,0.6260
2.650,77.50,5.0,4.82043e+06,1.62758e-08,2.08440e-07,7.80841e-02,0,0.7638,0.6260
2.650,80.00,5.0,5.30214e+06,1.62758e-08,1.89503e-07,8.58870e-02,0,0.7638,0.6260
2.700,5.00,5.0,1.25868e+03,1.55327e-08,7.98274e-04,1.94579e-05,0,0.7638,0.6378
2.700,7.50,5.0,4.24803e+03,1.55327e-08,2.36526e-04,6.56704e-05,0,0.7638,0.6378
2.700,10.00,5.0,1.00694e+04,1.55327e-08,9.97843e-05,1.55663e-04,0,0.7638,0.6378
2.700,12.50,5.0,1.96668e+04,1.55327e-08,5.10895e-05,3.04030e-04,0,0.7638,0.6378
2.700,15.00,5.0,3.39843e+04,1.55327e-08,2.95657e-05,5.25363e-04,0,0.7638,0.6378
2.700,17.50,5.0,5.39658e+04,1.55327e-08,1.86186e-05,8.34257e-04,0,0.7638,0.6378
2.700,20.00,5.0,8.05553e+04,1.55327e-08,1.24730e-05,1.24531e-03,0,0.7638,0.6378
2.700,22.50,5.0,1.14697e+05,1.55327e-08,8.76021e-06,1.77310e-03,0,0.7638,0.6378
2.700,25.00,5.0,1.57335e+05,1.55327e-08,6.38619e-06,2.43224e-03,0,0.7638,0.6378
2.700,27.50,5.0,2.09412e+05,1.55327e-08,4.79804e-06,3.23731e-03,0,0.7638,0.6378
2.700,30.00,5.0,2.71874e+05,1.55327e-08,3.69571e-06,4.20291e-03,0,0.7638,0.6378
2.700,32.50,5.0,3.45664e+05,1.55327e-08,2.90678e-06,5.34363e-03,0,0.7638,0.6378
2.700,35.00,5.0,4.31726e+05,1.55327e-08,2.32733e-06,6.67406e-03,0,0.7638,0.6378
2.700,37.50,5.0,5.31004e+05,1.55327e-08,1.89221e-06,8.20880e-03,0,0.7638,0.6378
2.700,40.00,5.0,6.44442e+05,1.55327e-08,1.55913e-06,9.96245e-03,0,0.7638,0.6378
2.700,42.50,5.0,7.72985e+05,1.55327e-08,1.29986e-06,1.19496e-02,0,0.7638,0.6378
2.700,45.00,5.0,9.17575e+05,1.55327e-08,1.09503e-06,1.41848e-02,0,0.7638,0.6378
2.700,47.50,5.0,1.07916e+06,1.55327e-08,9.31068e-07,1.66827e-02,0,0.7638,0.6378
2.700,50.00,5.0,1.25868e+06,1.55327e-08,7.98274e-07,1.94579e-02,0,0.7638,0.6378
2.700,52.50,5.0,1.45708e+06,1.55327e-08,6.89579e-07,2.25250e-02,0,0.7638,0.6378
2.700,55.00,5.0,1.67530e+06,1.55327e-08,5.99755e-07,2.58985e-02,0,0.7638,0.6378
2.700,57.50,5.0,1.91429e+06,1.55327e-08,5.24878e-07,2.95930e-02,0,0.7638,0.6378
2.700,60.00,5.0,2.17499e+06,1.55327e-08,4.61964e-07,3.36233e-02,0,0.7638,0.6378
2.700,62.50,5.0,2.45835e+06,1.55327e-08,4.08716e-07,3.80037e-02,0,0.7638,0.6378
2.700,65.00,5.0,2.76531e+06,1.55327e-08,3.63347e-07,4.27490e-02,0,0.7638,0.6378
2.700,67.50,5.0,3.09682e+06,1.55327e-08,3.24452e-07,4.78737e-02,0,0.7638,0.6378
2.700,70.00,5.0,3.45381e+06,1.55327e-08,2.90916e-07,5.33925e-02,0,0.7638,0.6378
2.700,72.50,5.0,3.83723e+06,1.55327e-08,2.61847e-07,5.93198e-02,0,0.7638,0.6378
2.700,75.00,5.0,4.24803e+06,1.55327e-08,2.36526e-07,6.56704e-02,0,0.7638,0.6378
2.700,77.50,5.0,4.68715e+06,1.55327e-08,2.14367e-07,7.24588e-02,0,0.7638,0.6378
2.700,80.00,5.0,5.15554e+06,1.55327e-08,1.94891e-07,7.96996e-02,0,0.7638,0.6378
2.750,5.00,5.0,1.22451e+03,1.48363e-08,8.20551e-04,1.80809e-05,0,0.7638,0.6497
2.750,7.50,5.0,4.13271e+03,1.48363e-08,2.43126e-04,6.10231e-05,0,0.7638,0.6497
2.750,10.00,5.0,9.79605e+03,1.48363e-08,1.02569e-04,1.44647e-04,0,0.7638,0.6497
2.750,12.50,5.0,1.91329e+04,1.48363e-08,5.25152e-05,2.82514e-04,0,0.7638,0.6497
2.750,15.00,5.0,3.30617e+04,1.48363e-08,3.03908e-05,4.88185e-04,0,0.7638,0.6497
2.750,17.50,5.0,5.25007e+04,1.48363e-08,1.91382e-05,7.75219e-04,0,0.7638,0.6497
2.750,20.00,5.0,7.83684e+04,1.48363e-08,1.28211e-05,1.15718e-03,0,0.7638,0.6497
2.750,22.50,5.0,1.11583e+05,1.48363e-08,9.00467e-06,1.64762e-03,0,0.7638,0.6497
2.750,25.00,5.0,1.53063e+05,1.48363e-08,6.56441e-06,2.26011e-03,0,0.7638,0.6497
2.750,27.50,5.0,2.03727e+05,1.48363e-08,4.93194e-06,3.00821e-03,0,0.7638,0.6497
2.750,30.00,5.0,2.64493e+05,1.48363e-08,3.79885e-06,3.90548e-03,0,0.7638,0.6497
2.750,32.50,5.0,3.36280e+05,1.48363e-08,2.98790e-06,4.96547e-03,0,0.7638,0.6497
2.750,35.00,5.0,4.20005e+05,1.48363e-08,2.39228e-06,6.20175e-03,0,0.7638,0.6497
2.750,37.50,5.0,5.16588e+05,1.48363e-08,1.94501e-06,7.62788e-03,0,0.7638,0.6497
2.750,40.00,5.0,6.26947e+05,1.48363e-08,1.60264e-06,9.25743e-03,0,0.7638,0.6497
2.750,42.50,5.0,7.52000e+05,1.48363e-08,1.33613e-06,1.11039e-02,0,0.7638,0.6497
2.750,45.00,5.0,8.92665e+05,1.48363e-08,1.12558e-06,1.31810e-02,0,0.7638,0.6497
2.750,47.50,5.0,1.04986e+06,1.48363e-08,9.57050e-07,1.55021e-02,0,0.7638,0.6497
2.750,50.00,5.0,1.22451e+06,1.48363e-08,8.20551e-07,1.80809e-02,0,0.7638,0.6497
2.750,52.50,5.0,1.41752e+06,1.48363e-08,7.08823e-07,2.09309e-02,0,0.7638,0.6497
2.750,55.00,5.0,1.62982e+06,1.48363e-08,6.16492e-07,2.40657e-02,0,0.7638,0.6497
2.750,57.50,5.0,1.86232e+06,1.48363e-08,5.39525e-07,2.74988e-02,0,0.7638,0.6497
2.750,60.00,5.0,2.11595e+06,1.48363e-08,4.74856e-07,3.12438e-02,0,0.7638,0.6497
2.750,62.50,5.0,2.39161e+06,1.48363e-08,4.20122e-07,3.53143e-02,0,0.7638,0.6497
2.750,65.00,5.0,2.69024e+06,1.48363e-08,3.73487e-07,3.97238e-02,0,0.7638,0.6497
2.750,67.50,5.0,3.01274e+06,1.48363e-08,3.33506e-07,4.44858e-02,0,0.7638,0.6497
2.750,70.00,5.0,3.36004e+06,1.48363e-08,2.99035e-07,4.96140e-02,0,0.7638,0.6497
2.750,72.50,5.0,3.73306e+06,1.48363e-08,2.69154e-07,5.51219e-02,0,0.7638,0.6497
2.750,75.00,5.0,4.13271e+06,1.48363e-08,2.43126e-07,6.10231e-02,0,0.7638,0.6497
2.750,77.50,5.0,4.55991e+06,1.48363e-08,2.20349e-07,6.73310e-02,0,0.7638,0.6497
2.750,80.00,5.0,5.01558e+06,1.48363e-08,2.00330e-07,7.40594e-02,0,0.7638,0.6497
2.800,5.00,5.0,1.19185e+03,1.41828e-08,8.43031e-04,1.68236e-05,0,0.7638,0.6615
2.800,7.50,5.0,4.02250e+03,1.41828e-08,2.49787e-04,5.67796e-05,0,0.7638,0.6615
2.800,10.00,5.0,9.53483e+03,1.41828e-08,1.05379e-04,1.34589e-04,0,0.7638,0.6615
2.800,12.50,5.0,1.86227e+04,1.41828e-08,5.39540e-05,2.62869e-04,0,0.7638,0.6615
2.800,15.00,5.0,3.21800e+04,1.41828e-08,3.12234e-05,4.54237e-04,0,0.7638,0.6615
2.800,17.50,5.0,5.11007e+04,1.41828e-08,1.96625e-05,7.21312e-04,0,0.7638,0.6615
2.800,20.00,5.0,7.62786e+04,1.41828e-08,1.31724e-05,1.07671e-03,0,0.7638,0.6615
2.800,22.50,5.0,1.08608e+05,1.41828e-08,9.25137e-06,1.53305e-03,0,0.7638,0.6615
2.800,25.00,5.0,1.48982e+05,1.41828e-08,6.74425e-06,2.10295e-03,0,0.7638,0.6615
2.800,27.50,5.0,1.98295e+05,1.41828e-08,5.06705e-06,2.79903e-03,0,0.7638,0.6615
2.800,30.00,5.0,2.57440e+05,1.41828e-08,3.90292e-06,3.63390e-03,0,0.7638,0.6615
2.800,32.50,5.0,3.27313e+05,1.41828e-08,3.06975e-06,4.62018e-03,0,0.7638,0.6615
2.800,35.00,5.0,4.08806e+05,1.41828e-08,2.45782e-06,5.77049e-03,0,0.7638,0.6615
2.800,37.50,5.0,5.02813e+05,1.41828e-08,1.99830e-06,7.09746e-03,0,0.7638,0.6615
2.800,40.00,5.0,6.10229e+05,1.41828e-08,1.64654e-06,8.61368e-03,0,0.7638,0.6615
2.800,42.50,5.0,7.31947e+05,1.41828e-08,1.37273e-06,1.03318e-02,0,0.7638,0.6615
2.800,45.00,5.0,8.68861e+05,1.41828e-08,1.15642e-06,1.22644e-02,0,0.7638,0.6615
2.800,47.50,5.0,1.02187e+06,1.41828e-08,9.83270e-07,1.44241e-02,0,0.7638,0.6615
2.800,50.00,5.0,1.19185e+06,1.41828e-08,8.43031e-07,1.68236e-02,0,0.7638,0.6615
2.800,52.50,5.0,1.37972e+06,1.41828e-08,7.28242e-07,1.94754e-02,0,0.7638,0.6615
2.800,55.00,5.0,1.58636e+06,1.41828e-08,6.33382e-07,2.23922e-02,0,0.7638,0.6615
2.800,57.50,5.0,1.81266e+06,1.41828e-08,5.54306e-07,2.55866e-02,0,0.7638,0.6615
2.800,60.00,5.0,2.05952e+06,1.41828e-08,4.87865e-07,2.90712e-02,0,0.7638,0.6615
2.800,62.50,5.0,2.32784e+06,1.41828e-08,4.31632e-07,3.28586e-02,0,0.7638,0.6615
2.800,65.00,5.0,2.61850e+06,1.41828e-08,3.83719e-07,3.69614e-02,0,0.7638,0.6615
2.800,67.50,5.0,2.93241e+06,1.41828e-08,3.42643e-07,4.13924e-02,0,0.7638,0.6615
2.800,70.00,5.0,3.27045e+06,1.41828e-08,3.07227e-07,4.61640e-02,0,0.7638,0.6615
2.800,72.50,5.0,3.63351e+06,1.41828e-08,2.76528e-07,5.12888e-02,0,0.7638,0.6615
2.800,75.00,5.0,4.02250e+06,1.41828e-08,2.49787e-07,5.67796e-02,0,0.7638,0.6615
2.800,77.50,5.0,4.43831e+06,1.41828e-08,2.26385e-07,6.26490e-02,0,0.7638,0.6615
2.800,80.00,5.0,4.88183e+06,1.41828e-08,2.05818e-07,6.89095e-02,0,0.7638,0.6615
2.850,5.00,5.0,1.16063e+03,1.35689e-08,8.65712e-04,1.56737e-05,0,0.7638,0.6733
2.850,7.50,5.0,3.91712e+03,1.35689e-08,2.56507e-04,5.28987e-05,0,0.7638,0.6733
2.850,10.00,5.0,9.28501e+03,1.35689e-08,1.08214e-04,1.25390e-04,0,0.7638,0.6733
2.850,12.50,5.0,1.81348e+04,1.35689e-08,5.54056e-05,2.44902e-04,0,0.7638,0.6733
2.850,15.00,5.0,3.13369e+04,1.35689e-08,3.20634e-05,4.23190e-04,0,0.7638,0.6733
2.850,17.50,5.0,4.97619e+04,1.35689e-08,2.01915e-05,6.72010e-04,0,0.7638,0.6733
2.850,20.00,5.0,7.42801e+04,1.35689e-08,1.35268e-05,1.00312e-03,0,0.7638,0.6733
2.850,22.50,5.0,1.05762e+05,1.35689e-08,9.50027e-06,1.42827e-03,0,0.7638,0.6733
2.850,25.00,5.0,1.45078e+05,1.35689e-08,6.92570e-06,1.95921e-03,0,0.7638,0.6733
2.850,27.50,5.0,1.93099e+05,1.35689e-08,5.20338e-06,2.60771e-03,0,0.7638,0.6733
2.850,30.00,5.0,2.50695e+05,1.35689e-08,4.00793e-06,3.38552e-03,0,0.7638,0.6733
2.850,32.50,5.0,3.18737e+05,1.35689e-08,3.15234e-06,4.30439e-03,0,0.7638,0.6733
2.850,35.00,5.0,3.98095e+05,1.35689e-08,2.52394e-06,5.37608e-03,0,0.7638,0.6733
2.850,37.50,5.0,4.89639e+05,1.35689e-08,2.05206e-06,6.61234e-03,0,0.7638,0.6733
2.850,40.00,5.0,5.94241e+05,1.35689e-08,1.69084e-06,8.02494e-03,0,0.7638,0.6733
2.850,42.50,5.0,7.12770e+05,1.35689e-08,1.40967e-06,9.62561e-03,0,0.7638,0.6733
2.850,45.00,5.0,8.46097e+05,1.35689e-08,1.18753e-06,1.14261e-02,0,0.7638,0.6733
2.850,47.50,5.0,9.95092e+05,1.35689e-08,1.00972e-06,1.34382e-02,0,0.7638,0.6733
2.850,50.00,5.0,1.16063e+06,1.35689e-08,8.65712e-07,1.56737e-02,0,0.7638,0.6733
2.850,52.50,5.0,1.34357e+06,1.35689e-08,7.47835e-07,1.81443e-02,0,0.7638,0.6733
2.850,55.00,5.0,1.54479e+06,1.35689e-08,6.50423e-07,2.08617e-02,0,0.7638,0.6733
2.850,57.50,5.0,1.76517e+06,1.35689e-08,5.69220e-07,2.38377e-02,0,0.7638,0.6733
2.850,60.00,5.0,2.00556e+06,1.35689e-08,5.00991e-07,2.70842e-02,0,0.7638,0.6733
2.850,62.50,5.0,2.26685e+06,1.35689e-08,4.43245e-07,3.06127e-02,0,0.7638,0.6733
2.850,65.00,5.0,2.54990e+06,1.35689e-08,3.94043e-07,3.44351e-02,0,0.7638,0.6733
2.850,67.50,5.0,2.85558e+06,1.35689e-08,3.51862e-07,3.85632e-02,0,0.7638,0.6733
2.850,70.00,5.0,3.18476e+06,1.35689e-08,3.15493e-07,4.30086e-02,0,0.7638,0.6733
2.850,72.50,5.0,3.53832e+06,1.35689e-08,2.83968e-07,4.77832e-02,0,0.7638,0.6733
2.850,75.00,5.0,3.91712e+06,1.35689e-08,2.56507e-07,5.28987e-02,0,0.7638,0.6733
2.850,77.50,5.0,4.32203e+06,1.35689e-08,2.32476e-07,5.83669e-02,0,0.7638,0.6733
2.850,80.00,5.0,4.75393e+06,1.35689e-08,2.11356e-07,6.41995e-02,0,0.7638,0.6733
2.900,5.00,5.0,1.13074e+03,1.29916e-08,8.88594e-04,1.46204e-05,0,0.7638,0.6851
2.900,7.50,5.0,3.81625e+03,1.29916e-08,2.63287e-04,4.93438e-05,0,0.7638,0.6851
2.900,10.00,5.0,9.04592e+03,1.29916e-08,1.11074e-04,1.16963e-04,0,0.7638,0.6851
2.900,12.50,5.0,1.76678e+04,1.29916e-08,5.68700e-05,2.28444e-04,0,0.7638,0.6851
2.900,15.00,5.0,3.05300e+04,1.29916e-08,3.29109e-05,3.94751e-04,0,0.7638,0.6851
2.900,17.50,5.0,4.84805e+04,1.29916e-08,2.07252e-05,6.26849e-04,0,0.7638,0.6851
2.900,20.00,5.0,7.23674e+04,1.29916e-08,1.38843e-05,9.35705e-04,0,0.7638,0.6851
2.900,22.50,5.0,1.03039e+05,1.29916e-08,9.75137e-06,1.33228e-03,0,0.7638,0.6851
2.900,25.00,5.0,1.41343e+05,1.29916e-08,7.10875e-06,1.82755e-03,0,0.7638,0.6851
2.900,27.50,5.0,1.88127e+05,1.29916e-08,5.34091e-06,2.43247e-03,0,0.7638,0.6851
2.900,30.00,5.0,2.44240e+05,1.29916e-08,4.11386e-06,3.15800e-03,0,0.7638,0.6851
2.900,32.50,5.0,3.10530e+05,1.29916e-08,3.23566e-06,4.01513e-03,0,0.7638,0.6851
2.900,35.00,5.0,3.87844e+05,1.29916e-08,2.59065e-06,5.01479e-03,0,0.7638,0.6851
2.900,37.50,5.0,4.77031e+05,1.29916e-08,2.10630e-06,6.16798e-03,0,0.7638,0.6851
2.900,40.00,5.0,5.78939e+05,1.29916e-08,1.73554e-06,7.48564e-03,0,0.7638,0.6851
2.900,42.50,5.0,6.94416e+05,1.29916e-08,1.44693e-06,8.97875e-03,0,0.7638,0.6851
2.900,45.00,5.0,8.24310e+05,1.29916e-08,1.21892e-06,1.06583e-02,0,0.7638,0.6851
2.900,47.50,5.0,9.69468e+05,1.29916e-08,1.03641e-06,1.25352e-02,0,0.7638,0.6851
2.900,50.00,5.0,1.13074e+06,1.29916e-08,8.88594e-07,1.46204e-02,0,0.7638,0.6851
2.900,52.50,5.0,1.30897e+06,1.29916e-08,7.67601e-07,1.69249e-02,0,0.7638,0.6851
2.900,55.00,5.0,1.50502e+06,1.29916e-08,6.67614e-07,1.94597e-02,0,0.7638,0.6851
2.900,57.50,5.0,1.71971e+06,1.29916e-08,5.84265e-07,2.22358e-02,0,0.7638,0.6851
2.900,60.00,5.0,1.95392e+06,1.29916e-08,5.14233e-07,2.52640e-02,0,0.7638,0.6851
2.900,62.50,5.0,2.20848e+06,1.29916e-08,4.54960e-07,2.85555e-02,0,0.7638,0.6851
2.900,65.00,5.0,2.48424e+06,1.29916e-08,4.04458e-07,3.21210e-02,0,0.7638,0.6851
2.900,67.50,5.0,2.78205e+06,1.29916e-08,3.61162e-07,3.59716e-02,0,0.7638,0.6851
2.900,70.00,5.0,3.10275e+06,1.29916e-08,3.23832e-07,4.01184e-02,0,0.7638,0.6851
2.900,72.50,5.0,3.44720e+06,1.29916e-08,2.91474e-07,4.45721e-02,0,0.7638,0.6851
2.900,75.00,5.0,3.81625e+06,1.29916e-08,2.63287e-07,4.93438e-02,0,0.7638,0.6851
2.900,77.50,5.0,4.21074e+06,1.29916e-08,2.38621e-07,5.44445e-02,0,0.7638,0.6851
2.900,80.00,5.0,4.63151e+06,1.29916e-08,2.16942e-07,5.98851e-02,0,0.7638,0.6851
2.950,5.00,5.0,1.10211e+03,1.24481e-08,9.11674e-04,1.36541e-05,0,0.7638,0.6969
2.950,7.50,5.0,3.71964e+03,1.24481e-08,2.70126e-04,4.60826e-05,0,0.7638,0.6969
2.950,10.00,5.0,8.81692e+03,1.24481e-08,1.13959e-04,1.09233e-04,0,0.7638,0.6969
2.950,12.50,5.0,1.72205e+04,1.24481e-08,5.83471e-05,2.13345e-04,0,0.7638,0.6969
2.950,15.00,5.0,2.97571e+04,1.24481e-08,3.37657e-05,3.68661e-04,0,0.7638,0.6969
2.950,17.50,5.0,4.72532e+04,1.24481e-08,2.12635e-05,5.85419e-04,0,0.7638,0.6969
2.950,20.00,5.0,7.05353e+04,1.24481e-08,1.42449e-05,8.73862e-04,0,0.7638,0.6969
2.950,22.50,5.0,1.00430e+05,1.24481e-08,1.00046e-05,1.24423e-03,0,0.7638,0.6969
2.950,25.00,5.0,1.37764e+05,1.24481e-08,7.29339e-06,1.70676e-03,0,0.7638,0.6969
2.950,27.50,5.0,1.83364e+05,1.24481e-08,5.47963e-06,2.27170e-03,0,0.7638,0.6969
2.950,30.00,5.0,2.38057e+05,1.24481e-08,4.22071e-06,2.94928e-03,0,0.7638,0.6969
2.950,32.50,5.0,3.02668e+05,1.24481e-08,3.31970e-06,3.74976e-03,0,0.7638,0.6969
2.950,35.00,5.0,3.78025e+05,1.24481e-08,2.65794e-06,4.68336e-03,0,0.7638,0.6969
2.950,37.50,5.0,4.64955e+05,1.24481e-08,2.16100e-06,5.76032e-03,0,0.7638,0.6969
2.950,40.00,5.0,5.64283e+05,1.24481e-08,1.78061e-06,6.99090e-03,0,0.7638,0.6969
2.950,42.50,5.0,6.76836e+05,1.24481e-08,1.48451e-06,8.38532e-03,0,0.7638,0.6969
2.950,45.00,5.0,8.03442e+05,1.24481e-08,1.25058e-06,9.95384e-03,0,0.7638,0.6969
2.950,47.50,5.0,9.44926e+05,1.24481e-08,1.06333e-06,1.17067e-02,0,0.7638,0.6969
2.950,50.00,5.0,1.10211e+06,1.24481e-08,9.11674e-07,1.36541e-02,0,0.7638,0.6969
2.950,52.50,5.0,1.27584e+06,1.24481e-08,7.87538e-07,1.58063e-02,0,0.7638,0.6969
2.950,55.00,5.0,1.46691e+06,1.24481e-08,6.84954e-07,1.81736e-02,0,0.7638,0.6969
2.950,57.50,5.0,1.67618e+06,1.24481e-08,5.99440e-07,2.07662e-02,0,0.7638,0.6969
2.950,60.00,5.0,1.90445e+06,1.24481e-08,5.27589e-07,2.35943e-02,0,0.7638,0.6969
2.950,62.50,5.0,2.15257e+06,1.24481e-08,4.66777e-07,2.66682e-02,0,0.7638,0.6969
2.950,65.00,5.0,2.42135e+06,1.24481e-08,4.14963e-07,2.99981e-02,0,0.7638,0.6969
2.950,67.50,5.0,2.71162e+06,1.24481e-08,3.70543e-07,3.35942e-02,0,0.7638,0.6969
2.950,70.00,5.0,3.02420e+06,1.24481e-08,3.32243e-07,3.74668e-02,0,0.7638,0.6969
2.950,72.50,5.0,3.35993e+06,1.24481e-08,2.99044e-07,4.16262e-02,0,0.7638,0.6969
2.950,75.00,5.0,3.71964e+06,1.24481e-08,2.70126e-07,4.60826e-02,0,0.7638,0.6969
2.950,77.50,5.0,4.10414e+06,1.24481e-08,2.44819e-07,5.08461e-02,0,0.7638,0.6969
2.950,80.00,5.0,4.51426e+06,1.24481e-08,2.22577e-07,5.59272e-02,0,0.7638,0.6969
3.000,5.00,5.0,1.07468e+03,1.19359e-08,9.34950e-04,1.27663e-05,0,0.7638,0.7087
3.000,7.50,5.0,3.62704e+03,1.19359e-08,2.77022e-04,4.30864e-05,0,0.7638,0.7087
3.000,10.00,5.0,8.59742e+03,1.19359e-08,1.16869e-04,1.02131e-04,0,0.7638,0.7087
3.000,12.50,5.0,1.67918e+04,1.19359e-08,5.98368e-05,1.99474e-04,0,0.7638,0.7087
3.000,15.00,5.0,2.90163e+04,1.19359e-08,3.46278e-05,3.44691e-04,0,0.7638,0.7087
3.000,17.50,5.0,4.60768e+04,1.19359e-08,2.18064e-05,5.47356e-04,0,0.7638,0.7087
3.000,20.00,5.0,6.87793e+04,1.19359e-08,1.46086e-05,8.17045e-04,0,0.7638,0.7087
3.000,22.50,5.0,9.79299e+04,1.19359e-08,1.02601e-05,1.16333e-03,0,0.7638,0.7087
3.000,25.00,5.0,1.34335e+05,1.19359e-08,7.47960e-06,1.59579e-03,0,0.7638,0.7087
3.000,27.50,5.0,1.78799e+05,1.19359e-08,5.61953e-06,2.12400e-03,0,0.7638,0.7087
3.000,30.00,5.0,2.32130e+05,1.19359e-08,4.32847e-06,2.75753e-03,0,0.7638,0.7087
3.000,32.50,5.0,2.95133e+05,1.19359e-08,3.40446e-06,3.50595e-03,0,0.7638,0.7087
3.000,35.00,5.0,3.68614e+05,1.19359e-08,2.72580e-06,4.37885e-03,0,0.7638,0.7087
3.000,37.50,5.0,4.53379e+05,1.19359e-08,2.21618e-06,5.38579e-03,0,0.7638,0.7087
3.000,40.00,5.0,5.50235e+05,1.19359e-08,1.82607e-06,6.53636e-03,0,0.7638,0.7087
3.000,42.50,5.0,6.59986e+05,1.19359e-08,1.52241e-06,7.84012e-03,0,0.7638,0.7087
3.000,45.00,5.0,7.83440e+05,1.19359e-08,1.28251e-06,9.30665e-03,0,0.7638,0.7087
3.000,47.50,5.0,9.21401e+05,1.19359e-08,1.09048e-06,1.09455e-02,0,0.7638,0.7087
3.000,50.00,5.0,1.07468e+06,1.19359e-08,9.34950e-07,1.27663e-02,0,0.7638,0.7087
3.000,52.50,5.0,1.24407e+06,1.19359e-08,8.07645e-07,1.47786e-02,0,0.7638,0.7087
3.000,55.00,5.0,1.43040e+06,1.19359e-08,7.02442e-07,1.69920e-02,0,0.7638,0.7087
3.000,57.50,5.0,1.63445e+06,1.19359e-08,6.14745e-07,1.94160e-02,0,0.7638,0.7087
3.000,60.00,5.0,1.85704e+06,1.19359e-08,5.41059e-07,2.20602e-02,0,0.7638,0.7087
3.000,62.50,5.0,2.09898e+06,1.19359e-08,4.78694e-07,2.49342e-02,0,0.7638,0.7087
3.000,65.00,5.0,2.36107e+06,1.19359e-08,4.25557e-07,2.80476e-02,0,0.7638,0.7087
3.000,67.50,5.0,2.64411e+06,1.19359e-08,3.80003e-07,3.14100e-02,0,0.7638,0.7087
3.000,70.00,5.0,2.94891e+06,1.19359e-08,3.40725e-07,3.50308e-02,0,0.7638,0.7087
3.000,72.50,5.0,3.27629e+06,1.19359e-08,3.06679e-07,3.89197e-02,0,0.7638,0.7087
3.000,75.00,5.0,3.62704e+06,1.19359e-08,2.77022e-07,4.30864e-02,0,0.7638,0.7087
3.000,77.50,5.0,4.00196e+06,1.19359e-08,2.51069e-07,4.75402e-02,0,0.7638,0.7087
3.000,80.00,5.0,4.40188e+06,1.19359e-08,2.28259e-07,5.22909e-02,0,0.7638,0.7087
3.050,5.00,5.0,1.04836e+03,1.14527e-08,9.58421e-04,1.19496e-05,0,0.7638,0.7205
3.050,7.50,5.0,3.53821e+03,1.14527e-08,2.83976e-04,4.03297e-05,0,0.7638,0.7205
3.050,10.00,5.0,8.38687e+03,1.14527e-08,1.19803e-04,9.55964e-05,0,0.7638,0.7205
3.050,12.50,5.0,1.63806e+04,1.14527e-08,6.13389e-05,1.86712e-04,0,0.7638,0.7205
3.050,15.00,5.0,2.83057e+04,1.14527e-08,3.54971e-05,3.22638e-04,0,0.7638,0.7205
3.050,17.50,5.0,4.49484e+04,1.14527e-08,2.23538e-05,5.12337e-04,0,0.7638,0.7205
3.050,20.00,5.0,6.70950e+04,1.14527e-08,1.49753e-05,7.64771e-04,0,0.7638,0.7205
3.050,22.50,5.0,9.55317e+04,1.14527e-08,1.05176e-05,1.08890e-03,0,0.7638,0.7205
3.050,25.00,5.0,1.31045e+05,1.14527e-08,7.66737e-06,1.49369e-03,0,0.7638,0.7205
3.050,27.50,5.0,1.74421e+05,1.14527e-08,5.76060e-06,1.98811e-03,0,0.7638,0.7205
3.050,30.00,5.0,2.26446e+05,1.14527e-08,4.43713e-06,2.58110e-03,0,0.7638,0.7205
3.050,32.50,5.0,2.87906e+05,1.14527e-08,3.48992e-06,3.28165e-03,0,0.7638,0.7205
3.050,35.00,5.0,3.59587e+05,1.14527e-08,2.79423e-06,4.09870e-03,0,0.7638,0.7205
3.050,37.50,5.0,4.42277e+05,1.14527e-08,2.27181e-06,5.04122e-03,0,0.7638,0.7205
3.050,40.00,5.0,5.36760e+05,1.14527e-08,1.87192e-06,6.11817e-03,0,0.7638,0.7205
3.050,42.50,5.0,6.43824e+05,1.14527e-08,1.56063e-06,7.33852e-03,0,0.7638,0.7205
3.050,45.00,5.0,7.64254e+05,1.14527e-08,1.31471e-06,8.71122e-03,0,0.7638,0.7205
3.050,47.50,5.0,8.98837e+05,1.14527e-08,1.11785e-06,1.02452e-02,0,0.7638,0.7205
3.050,50.00,5.0,1.04836e+06,1.14527e-08,9.58421e-07,1.19496e-02,0,0.7638,0.7205
3.050,52.50,5.0,1.21361e+06,1.14527e-08,8.27920e-07,1.38331e-02,0,0.7638,0.7205
3.050,55.00,5.0,1.39537e+06,1.14527e-08,7.20076e-07,1.59049e-02,0,0.7638,0.7205
3.050,57.50,5.0,1.59442e+06,1.14527e-08,6.30177e-07,1.81738e-02,0,0.7638,0.7205
3.050,60.00,5.0,1.81156e+06,1.14527e-08,5.54642e-07,2.06488e-02,0,0.7638,0.7205
3.050,62.50,5.0,2.04758e+06,1.14527e-08,4.90711e-07,2.33390e-02,0,0.7638,0.7205
3.050,65.00,5.0,2.30325e+06,1.14527e-08,4.36241e-07,2.62532e-02,0,0.7638,0.7205
3.050,67.50,5.0,2.57936e+06,1.14527e-08,3.89543e-07,2.94004e-02,0,0.7638,0.7205
3.050,70.00,5.0,2.87670e+06,1.14527e-08,3.49279e-07,3.27896e-02,0,0.7638,0.7205
3.050,72.50,5.0,3.19605e+06,1.14527e-08,3.14378e-07,3.64297e-02,0,0.7638,0.7205
3.050,75.00,5.0,3.53821e+06,1.14527e-08,2.83976e-07,4.03297e-02,0,0.7638,0.7205
3.050,77.50,5.0,3.90396e+06,1.14527e-08,2.57372e-07,4.44986e-02,0,0.7638,0.7205
3.050,80.00,5.0,4.29408e+06,1.14527e-08,2.33989e-07,4.89454e-02,0,0.7638,0.7205
3.100,5.00,5.0,1.02310e+03,1.09965e-08,9.82085e-04,1.11971e-05,0,0.7638,0.7323
3.100,7.50,5.0,3.45296e+03,1.09965e-08,2.90988e-04,3.77901e-05,0,0.7638,0.7323
3.100,10.00,5.0,8.18479e+03,1.09965e-08,1.22761e-04,8.95765e-05,0,0.7638,0.7323
3.100,12.50,5.0,1.59859e+04,1.09965e-08,6.28534e-05,1.74954e-04,0,0.7638,0.7323
3.100,15.00,5.0,2.76237e+04,1.09965e-08,3.63735e-05,3.02321e-04,0,0.7638,0.7323
3.100,17.50,5.0,4.38653e+04,1.09965e-08,2.29058e-05,4.80074e-04,0,0.7638,0.7323
3.100,20.00,5.0,6.54783e+04,1.09965e-08,1.53451e-05,7.16612e-04,0,0.7638,0.7323
3.100,22.50,5.0,9.32298e+04,1.09965e-08,1.07773e-05,1.02033e-03,0,0.7638,0.7323
3.100,25.00,5.0,1.27887e+05,1.09965e-08,7.85668e-06,1.39963e-03,0,0.7638,0.7323
3.100,27.50,5.0,1.70218e+05,1.09965e-08,5.90284e-06,1.86291e-03,0,0.7638,0.7323
3.100,30.00,5.0,2.20989e+05,1.09965e-08,4.54669e-06,2.41857e-03,0,0.7638,0.7323
3.100,32.50,5.0,2.80968e+05,1.09965e-08,3.57609e-06,3.07499e-03,0,0.7638,0.7323
3.100,35.00,5.0,3.50923e+05,1.09965e-08,2.86322e-06,3.84059e-03,0,0.7638,0.7323
3.100,37.50,5.0,4.31620e+05,1.09965e-08,2.32790e-06,4.72376e-03,0,0.7638,0.7323
3.100,40.00,5.0,5.23826e+05,1.09965e-08,1.91813e-06,5.73290e-03,0,0.7638,0.7323
3.100,42.50,5.0,6.28310e+05,1.09965e-08,1.59916e-06,6.87640e-03,0,0.7638,0.7323
3.100,45.00,5.0,7.45839e+05,1.09965e-08,1.34717e-06,8.16266e-03,0,0.7638,0.7323
3.100,47.50,5.0,8.77179e+05,1.09965e-08,1.14546e-06,9.60009e-03,0,0.7638,0.7323
3.100,50.00,5.0,1.02310e+06,1.09965e-08,9.82085e-07,1.11971e-02,0,0.7638,0.7323
3.100,52.50,5.0,1.18436e+06,1.09965e-08,8.48362e-07,1.29620e-02,0,0.7638,0.7323
3.100,55.00,5.0,1.36174e+06,1.09965e-08,7.37855e-07,1.49033e-02,0,0.7638,0.7323
3.100,57.50,5.0,1.55600e+06,1.09965e-08,6.45737e-07,1.70293e-02,0,0.7638,0.7323
3.100,60.00,5.0,1.76791e+06,1.09965e-08,5.68336e-07,1.93485e-02,0,0.7638,0.7323
3.100,62.50,5.0,1.99824e+06,1.09965e-08,5.02827e-07,2.18693e-02,0,0.7638,0.7323
3.100,65.00,5.0,2.24775e+06,1.09965e-08,4.47012e-07,2.46000e-02,0,0.7638,0.7323
3.100,67.50,5.0,2.51721e+06,1.09965e-08,3.99161e-07,2.75490e-02,0,0.7638,0.7323
3.100,70.00,5.0,2.80738e+06,1.09965e-08,3.57903e-07,3.07248e-02,0,0.7638,0.7323
3.100,72.50,5.0,3.11904e+06,1.09965e-08,3.22140e-07,3.41357e-02,0,0.7638,0.7323
3.100,75.00,5.0,3.45296e+06,1.09965e-08,2.90988e-07,3.77901e-02,0,0.7638,0.7323
3.100,77.50,5.0,3.80989e+06,1.09965e-08,2.63727e-07,4.16965e-02,0,0.7638,0.7323
3.100,80.00,5.0,4.19061e+06,1.09965e-08,2.39767e-07,4.58632e-02,0,0.7638,0.7323
3.150,5.00,5.0,9.98836e+02,1.05653e-08,1.00594e-03,1.05029e-05,0,0.7638,0.7441
3.150,7.50,5.0,3.37107e+03,1.05653e-08,2.98056e-04,3.54473e-05,0,0.7638,0.7441
3.150,10.00,5.0,7.99068e+03,1.05653e-08,1.25743e-04,8.40231e-05,0,0.7638,0.7441
3.150,12.50,5.0,1.56068e+04,1.05653e-08,6.43802e-05,1.64108e-04,0,0.7638,0.7441
3.150,15.00,5.0,2.69686e+04,1.05653e-08,3.72570e-05,2.83578e-04,0,0.7638,0.7441
3.150,17.50,5.0,4.28251e+04,1.05653e-08,2.34622e-05,4.50311e-04,0,0.7638,0.7441
3.150,20.00,5.0,6.39255e+04,1.05653e-08,1.57178e-05,6.72185e-04,0,0.7638,0.7441
3.150,22.50,5.0,9.10189e+04,1.05653e-08,1.10391e-05,9.57076e-04,0,0.7638,0.7441
3.150,25.00,5.0,1.24854e+05,1.05653e-08,8.04752e-06,1.31286e-03,0,0.7638,0.7441
3.150,27.50,5.0,1.66181e+05,1.05653e-08,6.04622e-06,1.74742e-03,0,0.7638,0.7441
3.150,30.00,5.0,2.15748e+05,1.05653e-08,4.65713e-06,2.26862e-03,0,0.7638,0.7441
3.150,32.50,5.0,2.74305e+05,1.05653e-08,3.66296e-06,2.88436e-03,0,0.7638,0.7441
3.150,35.00,5.0,3.42601e+05,1.05653e-08,2.93277e-06,3.60249e-03,0,0.7638,0.7441
3.150,37.50,5.0,4.21384e+05,1.05653e-08,2.38445e-06,4.43091e-03,0,0.7638,0.7441
3.150,40.00,5.0,5.11404e+05,1.05653e-08,1.96473e-06,5.37748e-03,0,0.7638,0.7441
3.150,42.50,5.0,6.13410e+05,1.05653e-08,1.63801e-06,6.45009e-03,0,0.7638,0.7441
3.150,45.00,5.0,7.28151e+05,1.05653e-08,1.37989e-06,7.65661e-03,0,0.7638,0.7441
3.150,47.50,5.0,8.56377e+05,1.05653e-08,1.17328e-06,9.00492e-03,0,0.7638,0.7441
3.150,50.00,5.0,9.98836e+05,1.05653e-08,1.00594e-06,1.05029e-02,0,0.7638,0.7441
3.150,52.50,5.0,1.15628e+06,1.05653e-08,8.68969e-07,1.21584e-02,0,0.7638,0.7441
3.150,55.00,5.0,1.32945e+06,1.05653e-08,7.55778e-07,1.39793e-02,0,0.7638,0.7441
3.150,57.50,5.0,1.51910e+06,1.05653e-08,6.61422e-07,1.59736e-02,0,0.7638,0.7441
3.150,60.00,5.0,1.72599e+06,1.05653e-08,5.82141e-07,1.81490e-02,0,0.7638,0.7441
3.150,62.50,5.0,1.95085e+06,1.05653e-08,5.15041e-07,2.05135e-02,0,0.7638,0.7441
3.150,65.00,5.0,2.19444e+06,1.05653e-08,4.57870e-07,2.30748e-02,0,0.7638,0.7441
3.150,67.50,5.0,2.45751e+06,1.05653e-08,4.08857e-07,2.58410e-02,0,0.7638,0.7441
3.150,70.00,5.0,2.74080e+06,1.05653e-08,3.66596e-07,2.88199e-02,0,0.7638,0.7441
3.150,72.50,5.0,3.04508e+06,1.05653e-08,3.29965e-07,3.20194e-02,0,0.7638,0.7441
3.150,75.00,5.0,3.37107e+06,1.05653e-08,2.98056e-07,3.54473e-02,0,0.7638,0.7441
3.150,77.50,5.0,3.71954e+06,1.05653e-08,2.70133e-07,3.91115e-02,0,0.7638,0.7441
3.150,80.00,5.0,4.09123e+06,1.05653e-08,2.45591e-07,4.30198e-02,0,0.7638,0.7441
3.200,5.00,5.0,9.75517e+02,1.01574e-08,1.02999e-03,9.86168e-06,0,0.7638,0.7560
3.200,7.50,5.0,3.29237e+03,1.01574e-08,3.05181e-04,3.32832e-05,0,0.7638,0.7560
3.200,10.00,5.0,7.80414e+03,1.01574e-08,1.28748e-04,7.88935e-05,0,0.7638,0.7560
3.200,12.50,5.0,1.52425e+04,1.01574e-08,6.59191e-05,1.54089e-04,0,0.7638,0.7560
3.200,15.00,5.0,2.63390e+04,1.01574e-08,3.81476e-05,2.66265e-04,0,0.7638,0.7560
3.200,17.50,5.0,4.18253e+04,1.01574e-08,2.40230e-05,4.22820e-04,0,0.7638,0.7560
3.200,20.00,5.0,6.24331e+04,1.01574e-08,1.60935e-05,6.31148e-04,0,0.7638,0.7560
3.200,22.50,5.0,8.88940e+04,1.01574e-08,1.13030e-05,8.98646e-04,0,0.7638,0.7560
3.200,25.00,5.0,1.21940e+05,1.01574e-08,8.23989e-06,1.23271e-03,0,0.7638,0.7560
3.200,27.50,5.0,1.62302e+05,1.01574e-08,6.19075e-06,1.64074e-03,0,0.7638,0.7560
3.200,30.00,5.0,2.10712e+05,1.01574e-08,4.76845e-06,2.13012e-03,0,0.7638,0.7560
3.200,32.50,5.0,2.67901e+05,1.01574e-08,3.75052e-06,2.70827e-03,0,0.7638,0.7560
3.200,35.00,5.0,3.34602e+05,1.01574e-08,3.00287e-06,3.38256e-03,0,0.7638,0.7560
3.200,37.50,5.0,4.11546e+05,1.01574e-08,2.44145e-06,4.16040e-03,0,0.7638,0.7560
3.200,40.00,5.0,4.99465e+05,1.01574e-08,2.01169e-06,5.04918e-03,0,0.7638,0.7560
3.200,42.50,5.0,5.99089e+05,1.01574e-08,1.67716e-06,6.05631e-03,0,0.7638,0.7560
3.200,45.00,5.0,7.11152e+05,1.01574e-08,1.41288e-06,7.18917e-03,0,0.7638,0.7560
3.200,47.50,5.0,8.36384e+05,1.01574e-08,1.20133e-06,8.45516e-03,0,0.7638,0.7560
3.200,50.00,5.0,9.75517e+05,1.01574e-08,1.02999e-06,9.86168e-03,0,0.7638,0.7560
3.200,52.50,5.0,1.12928e+06,1.01574e-08,8.89741e-07,1.14161e-02,0,0.7638,0.7560
3.200,55.00,5.0,1.29841e+06,1.01574e-08,7.73844e-07,1.31259e-02,0,0.7638,0.7560
3.200,57.50,5.0,1.48364e+06,1.01574e-08,6.77233e-07,1.49984e-02,0,0.7638,0.7560
3.200,60.00,5.0,1.68569e+06,1.01574e-08,5.96057e-07,1.70410e-02,0,0.7638,0.7560
3.200,62.50,5.0,1.90531e+06,1.01574e-08,5.27353e-07,1.92611e-02,0,0.7638,0.7560
3.200,65.00,5.0,2.14321e+06,1.01574e-08,4.68815e-07,2.16661e-02,0,0.7638,0.7560
3.200,67.50,5.0,2.40014e+06,1.01574e-08,4.18630e-07,2.42634e-02,0,0.7638,0.7560
3.200,70.00,5.0,2.67682e+06,1.01574e-08,3.75359e-07,2.70605e-02,0,0.7638,0.7560
3.200,72.50,5.0,2.97399e+06,1.01574e-08,3.37853e-07,3.00646e-02,0,0.7638,0.7560
3.200,75.00,5.0,3.29237e+06,1.01574e-08,3.05181e-07,3.32832e-02,0,0.7638,0.7560
3.200,77.50,5.0,3.63270e+06,1.01574e-08,2.76590e-07,3.67237e-02,0,0.7638,0.7560
3.200,80.00,5.0,3.99572e+06,1.01574e-08,2.51461e-07,4.03935e-02,0,0.7638,0.7560
3.250,5.00,5.0,9.53092e+02,9.77123e-09,1.05422e-03,9.26867e-06,0,0.7638,0.7678
3.250,7.50,5.0,3.21669e+03,9.77123e-09,3.12362e-04,3.12818e-05,0,0.7638,0.7678
3.250,10.00,5.0,7.62474e+03,9.77123e-09,1.31778e-04,7.41494e-05,0,0.7638,0.7678
3.250,12.50,5.0,1.48921e+04,9.77123e-09,6.74701e-05,1.44823e-04,0,0.7638,0.7678
3.250,15.00,5.0,2.57335e+04,9.77123e-09,3.90452e-05,2.50254e-04,0,0.7638,0.7678
3.250,17.50,5.0,4.08638e+04,9.77123e-09,2.45882e-05,3.97394e-04,0,0.7638,0.7678
3.250,20.00,5.0,6.09979e+04,9.77123e-09,1.64722e-05,5.93195e-04,0,0.7638,0.7678
3.250,22.50,5.0,8.68505e+04,9.77123e-09,1.15689e-05,8.44608e-04,0,0.7638,0.7678
3.250,25.00,5.0,1.19136e+05,9.77123e-09,8.43376e-06,1.15858e-03,0,0.7638,0.7678
3.250,27.50,5.0,1.58571e+05,9.77123e-09,6.33641e-06,1.54208e-03,0,0.7638,0.7678
3.250,30.00,5.0,2.05868e+05,9.77123e-09,4.88065e-06,2.00203e-03,0,0.7638,0.7678
3.250,32.50,5.0,2.61743e+05,9.77123e-09,3.83876e-06,2.54541e-03,0,0.7638,0.7678
3.250,35.00,5.0,3.26911e+05,9.77123e-09,3.07353e-06,3.17916e-03,0,0.7638,0.7678
3.250,37.50,5.0,4.02086e+05,9.77123e-09,2.49889e-06,3.91022e-03,0,0.7638,0.7678
3.250,40.00,5.0,4.87983e+05,9.77123e-09,2.05902e-06,4.74556e-03,0,0.7638,0.7678
3.250,42.50,5.0,5.85318e+05,9.77123e-09,1.71662e-06,5.69212e-03,0,0.7638,0.7678
3.250,45.00,5.0,6.94804e+05,9.77123e-09,1.44612e-06,6.75686e-03,0,0.7638,0.7678
3.250,47.50,5.0,8.17157e+05,9.77123e-09,1.22959e-06,7.94673e-03,0,0.7638,0.7678
3.250,50.00,5.0,9.53092e+05,9.77123e-09,1.05422e-06,9.26867e-03,0,0.7638,0.7678
3.250,52.50,5.0,1.10332e+06,9.77123e-09,9.10675e-07,1.07296e-02,0,0.7638,0.7678
3.250,55.00,5.0,1.26857e+06,9.77123e-09,7.92051e-07,1.23366e-02,0,0.7638,0.7678
3.250,57.50,5.0,1.44953e+06,9.77123e-09,6.93167e-07,1.40965e-02,0,0.7638,0.7678
3.250,60.00,5.0,1.64694e+06,9.77123e-09,6.10081e-07,1.60163e-02,0,0.7638,0.7678
3.250,62.50,5.0,1.86151e+06,9.77123e-09,5.39761e-07,1.81029e-02,0,0.7638,0.7678
3.250,65.00,5.0,2.09394e+06,9.77123e-09,4.79845e-07,2.03633e-02,0,0.7638,0.7678
3.250,67.50,5.0,2.34496e+06,9.77123e-09,4.28480e-07,2.28044e-02,0,0.7638,0.7678
3.250,70.00,5.0,2.61528e+06,9.77123e-09,3.84191e-07,2.54332e-02,0,0.7638,0.7678
3.250,72.50,5.0,2.90562e+06,9.77123e-09,3.45802e-07,2.82567e-02,0,0.7638,0.7678
3.250,75.00,5.0,3.21669e+06,9.77123e-09,3.12362e-07,3.12818e-02,0,0.7638,0.7678
3.250,77.50,5.0,3.54920e+06,9.77123e-09,2.83098e-07,3.45154e-02,0,0.7638,0.7678
3.250,80.00,5.0,3.90386e+06,9.77123e-09,2.57378e-07,3.79645e-02,0,0.7638,0.7678
3.300,5.00,5.0,9.31513e+02,9.40530e-09,1.07864e-03,8.71957e-06,0,0.7638,0.7796
3.300,7.50,5.0,3.14386e+03,9.40530e-09,3.19598e-04,2.94286e-05,0,0.7638,0.7796
3.300,10.00,5.0,7.45210e+03,9.40530e-09,1.34830e-04,6.97566e-05,0,0.7638,0.7796
3.300,12.50,5.0,1.45549e+04,9.40530e-09,6.90331e-05,1.36243e-04,0,0.7638,0.7796
3.300,15.00,5.0,2.51509e+04,9.40530e-09,3.99497e-05,2.35429e-04,0,0.7638,0.7796
3.300,17.50,5.0,3.99386e+04,9.40530e-09,2.51578e-05,3.73852e-04,0,0.7638,0.7796
3.300,20.00,5.0,5.96168e+04,9.40530e-09,1.68538e-05,5.58053e-04,0,0.7638,0.7796
3.300,22.50,5.0,8.48841e+04,9.40530e-09,1.18369e-05,7.94571e-04,0,0.7638,0.7796
3.300,25.00,5.0,1.16439e+05,9.40530e-09,8.62914e-06,1.08995e-03,0,0.7638,0.7796
3.300,27.50,5.0,1.54980e+05,9.40530e-09,6.48320e-06,1.45072e-03,0,0.7638,0.7796
3.300,30.00,5.0,2.01207e+05,9.40530e-09,4.99371e-06,1.88343e-03,0,0.7638,0.7796
3.300,32.50,5.0,2.55817e+05,9.40530e-09,3.92769e-06,2.39461e-03,0,0.7638,0.7796
3.300,35.00,5.0,3.19509e+05,9.40530e-09,3.14473e-06,2.99081e-03,0,0.7638,0.7796
3.300,37.50,5.0,3.92982e+05,9.40530e-09,2.55678e-06,3.67857e-03,0,0.7638,0.7796
3.300,40.00,5.0,4.76935e+05,9.40530e-09,2.10672e-06,4.46442e-03,0,0.7638,0.7796
3.300,42.50,5.0,5.72065e+05,9.40530e-09,1.75639e-06,5.35491e-03,0,0.7638,0.7796
3.300,45.00,5.0,6.79073e+05,9.40530e-09,1.47962e-06,6.35657e-03,0,0.7638,0.7796
3.300,47.50,5.0,7.98656e+05,9.40530e-09,1.25807e-06,7.47594e-03,0,0.7638,0.7796
3.300,50.00,5.0,9.31513e+05,9.40530e-09,1.07864e-06,8.71957e-03,0,0.7638,0.7796
3.300,52.50,5.0,1.07834e+06,9.40530e-09,9.31771e-07,1.00940e-02,0,0.7638,0.7796
3.300,55.00,5.0,1.23984e+06,9.40530e-09,8.10400e-07,1.16058e-02,0,0.7638,0.7796
3.300,57.50,5.0,1.41671e+06,9.40530e-09,7.09225e-07,1.32614e-02,0,0.7638,0.7796
3.300,60.00,5.0,1.60965e+06,9.40530e-09,6.24214e-07,1.50674e-02,0,0.7638,0.7796
3.300,62.50,5.0,1.81936e+06,9.40530e-09,5.52265e-07,1.70304e-02,0,0.7638,0.7796
3.300,65.00,5.0,2.04653e+06,9.40530e-09,4.90961e-07,1.91569e-02,0,0.7638,0.7796
3.300,67.50,5.0,2.29187e+06,9.40530e-09,4.38406e-07,2.14534e-02,0,0.7638,0.7796
3.300,70.00,5.0,2.55607e+06,9.40530e-09,3.93091e-07,2.39265e-02,0,0.7638,0.7796
3.300,72.50,5.0,2.83983e+06,9.40530e-09,3.53813e-07,2.65827e-02,0,0.7638,0.7796
3.300,75.00,5.0,3.14386e+06,9.40530e-09,3.19598e-07,2.94286e-02,0,0.7638,0.7796
3.300,77.50,5.0,3.46884e+06,9.40530e-09,2.89656e-07,3.24706e-02,0,0.7638,0.7796
3.300,80.00,5.0,3.81548e+06,9.40530e-09,2.63340e-07,3.57154e-02,0,0.7638,0.7796
3.350,5.00,5.0,9.10736e+02,9.05827e-09,1.10325e-03,8.21054e-06,0,0.7638,0.7914
3.350,7.50,5.0,3.07373e+03,9.05827e-09,3.26889e-04,2.77106e-05,0,0.7638,0.7914
3.350,10.00,5.0,7.28589e+03,9.05827e-09,1.37906e-04,6.56843e-05,0,0.7638,0.7914
3.350,12.50,5.0,1.42303e+04,9.05827e-09,7.06079e-05,1.28290e-04,0,0.7638,0.7914
3.350,15.00,5.0,2.45899e+04,9.05827e-09,4.08611e-05,2.21685e-04,0,0.7638,0.7914
3.350,17.50,5.0,3.90478e+04,9.05827e-09,2.57318e-05,3.52027e-04,0,0.7638,0.7914
3.350,20.00,5.0,5.82871e+04,9.05827e-09,1.72383e-05,5.25475e-04,0,0.7638,0.7914
3.350,22.50,5.0,8.29908e+04,9.05827e-09,1.21070e-05,7.48186e-04,0,0.7638,0.7914
3.350,25.00,5.0,1.13842e+05,9.05827e-09,8.82599e-06,1.02632e-03,0,0.7638,0.7914
3.350,27.50,5.0,1.51524e+05,9.05827e-09,6.63110e-06,1.36603e-03,0,0.7638,0.7914
3.350,30.00,5.0,1.96719e+05,9.05827e-09,5.10764e-06,1.77348e-03,0,0.7638,0.7914
3.350,32.50,5.0,2.50111e+05,9.05827e-09,4.01729e-06,2.25482e-03,0,0.7638,0.7914
3.350,35.00,5.0,3.12383e+05,9.05827e-09,3.21647e-06,2.81622e-03,0,0.7638,0.7914
3.350,37.50,5.0,3.84217e+05,9.05827e-09,2.61511e-06,3.46382e-03,0,0.7638,0.7914
3.350,40.00,5.0,4.66297e+05,9.05827e-09,2.15478e-06,4.20380e-03,0,0.7638,0.7914
3.350,42.50,5.0,5.59306e+05,9.05827e-09,1.79646e-06,5.04230e-03,0,0.7638,0.7914
3.350,45.00,5.0,6.63927e+05,9.05827e-09,1.51337e-06,5.98548e-03,0,0.7638,0.7914
3.350,47.50,5.0,7.80843e+05,9.05827e-09,1.28678e-06,7.03951e-03,0,0.7638,0.7914
3.350,50.00,5.0,9.10736e+05,9.05827e-09,1.10325e-06,8.21054e-03,0,0.7638,0.7914
3.350,52.50,5.0,1.05429e+06,9.05827e-09,9.53028e-07,9.50473e-03,0,0.7638,0.7914
3.350,55.00,5.0,1.21219e+06,9.05827e-09,8.28887e-07,1.09282e-02,0,0.7638,0.7914
3.350,57.50,5.0,1.38512e+06,9.05827e-09,7.25404e-07,1.24872e-02,0,0.7638,0.7914
3.350,60.00,5.0,1.57375e+06,9.05827e-09,6.38454e-07,1.41878e-02,0,0.7638,0.7914
3.350,62.50,5.0,1.77878e+06,9.05827e-09,5.64864e-07,1.60362e-02,0,0.7638,0.7914
3.350,65.00,5.0,2.00089e+06,9.05827e-09,5.02162e-07,1.80386e-02,0,0.7638,0.7914
3.350,67.50,5.0,2.24075e+06,9.05827e-09,4.48407e-07,2.02010e-02,0,0.7638,0.7914
3.350,70.00,5.0,2.49906e+06,9.05827e-09,4.02059e-07,2.25297e-02,0,0.7638,0.7914
3.350,72.50,5.0,2.77649e+06,9.05827e-09,3.61884e-07,2.50309e-02,0,0.7638,0.7914
3.350,75.00,5.0,3.07373e+06,9.05827e-09,3.26889e-07,2.77106e-02,0,0.7638,0.7914
3.350,77.50,5.0,3.39147e+06,9.05827e-09,2.96264e-07,3.05750e-02,0,0.7638,0.7914
3.350,80.00,5.0,3.73038e+06,9.05827e-09,2.69348e-07,3.36304e-02,0,0.7638,0.7914
3.400,5.00,5.0,8.90721e+02,8.72891e-09,1.12804e-03,7.73812e-06,0,0.7638,0.8032
3.400,7.50,5.0,3.00618e+03,8.72891e-09,3.34234e-04,2.61161e-05,0,0.7638,0.8032
3.400,10.00,5.0,7.12576e+03,8.72891e-09,1.41005e-04,6.19049e-05,0,0.7638,0.8032
3.400,12.50,5.0,1.39175e+04,8.72891e-09,7.21946e-05,1.20908e-04,0,0.7638,0.8032
3.400,15.00,5.0,2.40495e+04,8.72891e-09,4.17793e-05,2.08929e-04,0,0.7638,0.8032
3.400,17.50,5.0,3.81896e+04,8.72891e-09,2.63100e-05,3.31772e-04,0,0.7638,0.8032
3.400,20.00,5.0,5.70061e+04,8.72891e-09,1.76256e-05,4.95240e-04,0,0.7638,0.8032
3.400,22.50,5.0,8.11669e+04,8.72891e-09,1.23790e-05,7.05136e-04,0,0.7638,0.8032
3.400,25.00,5.0,1.11340e+05,8.72891e-09,9.02433e-06,9.67265e-04,0,0.7638,0.8032
3.400,27.50,5.0,1.48194e+05,8.72891e-09,6.78011e-06,1.28743e-03,0,0.7638,0.8032
3.400,30.00,5.0,1.92396e+05,8.72891e-09,5.22241e-06,1.67143e-03,0,0.7638,0.8032
3.400,32.50,5.0,2.44614e+05,8.72891e-09,4.10757e-06,2.12508e-03,0,0.7638,0.8032
3.400,35.00,5.0,3.05517e+05,8.72891e-09,3.28875e-06,2.65417e-03,0,0.7638,0.8032
3.400,37.50,5.0,3.75773e+05,8.72891e-09,2.67387e-06,3.26452e-03,0,0.7638,0.8032
3.400,40.00,5.0,4.56049e+05,8.72891e-09,2.20320e-06,3.96192e-03,0,0.7638,0.8032
3.400,42.50,5.0,5.47014e+05,8.72891e-09,1.83683e-06,4.75217e-03,0,0.7638,0.8032
3.400,45.00,5.0,6.49335e+05,8.72891e-09,1.54738e-06,5.64109e-03,0,0.7638,0.8032
3.400,47.50,5.0,7.63682e+05,8.72891e-09,1.31569e-06,6.63447e-03,0,0.7638,0.8032
3.400,50.00,5.0,8.90721e+05,8.72891e-09,1.12804e-06,7.73812e-03,0,0.7638,0.8032
3.400,52.50,5.0,1.03112e+06,8.72891e-09,9.74444e-07,8.95784e-03,0,0.7638,0.8032
3.400,55.00,5.0,1.18555e+06,8.72891e-09,8.47514e-07,1.02994e-02,0,0.7638,0.8032
3.400,57.50,5.0,1.35467e+06,8.72891e-09,7.41705e-07,1.17687e-02,0,0.7638,0.8032
3.400,60.00,5.0,1.53917e+06,8.72891e-09,6.52801e-07,1.33715e-02,0,0.7638,0.8032
3.400,62.50,5.0,1.73969e+06,8.72891e-09,5.77557e-07,1.51135e-02,0,0.7638,0.8032
3.400,65.00,5.0,1.95691e+06,8.72891e-09,5.13446e-07,1.70006e-02,0,0.7638,0.8032
3.400,67.50,5.0,2.19151e+06,8.72891e-09,4.58483e-07,1.90387e-02,0,0.7638,0.8032
3.400,70.00,5.0,2.44414e+06,8.72891e-09,4.11094e-07,2.12334e-02,0,0.7638,0.8032
3.400,72.50,5.0,2.71547e+06,8.72891e-09,3.70016e-07,2.35906e-02,0,0.7638,0.8032
3.400,75.00,5.0,3.00618e+06,8.72891e-09,3.34234e-07,2.61161e-02,0,0.7638,0.8032
3.400,77.50,5.0,3.31693e+06,8.72891e-09,3.02921e-07,2.88158e-02,0,0.7638,0.8032
3.400,80.00,5.0,3.64839e+06,8.72891e-09,2.75401e-07,3.16953e-02,0,0.7638,0.8032
3.450,5.00,5.0,8.71427e+02,8.41608e-09,1.15302e-03,7.29919e-06,0,0.7638,0.8150
3.450,7.50,5.0,2.94107e+03,8.41608e-09,3.41634e-04,2.46348e-05,0,0.7638,0.8150
3.450,10.00,5.0,6.97142e+03,8.41608e-09,1.44127e-04,5.83935e-05,0,0.7638,0.8150
3.450,12.50,5.0,1.36161e+04,8.41608e-09,7.37930e-05,1.14050e-04,0,0.7638,0.8150
3.450,15.00,5.0,2.35285e+04,8.41608e-09,4.27043e-05,1.97078e-04,0,0.7638,0.8150
3.450,17.50,5.0,3.73624e+04,8.41608e-09,2.68925e-05,3.12953e-04,0,0.7638,0.8150
3.450,20.00,5.0,5.57714e+04,8.41608e-09,1.80159e-05,4.67148e-04,0,0.7638,0.8150
3.450,22.50,5.0,7.94088e+04,8.41608e-09,1.26531e-05,6.65139e-04,0,0.7638,0.8150
3.450,25.00,5.0,1.08928e+05,8.41608e-09,9.22412e-06,9.12399e-04,0,0.7638,0.8150
3.450,27.50,5.0,1.44984e+05,8.41608e-09,6.93022e-06,1.21440e-03,0,0.7638,0.8150
3.450,30.00,5.0,1.88228e+05,8.41608e-09,5.33803e-06,1.57663e-03,0,0.7638,0.8150
3.450,32.50,5.0,2.39316e+05,8.41608e-09,4.19851e-06,2.00454e-03,0,0.7638,0.8150
3.450,35.00,5.0,2.98900e+05,8.41608e-09,3.36156e-06,2.50362e-03,0,0.7638,0.8150
3.450,37.50,5.0,3.67633e+05,8.41608e-09,2.73307e-06,3.07935e-03,0,0.7638,0.8150
3.450,40.00,5.0,4.46171e+05,8.41608e-09,2.25198e-06,3.73719e-03,0,0.7638,0.8150
3.450,42.50,5.0,5.35165e+05,8.41608e-09,1.87749e-06,4.48261e-03,0,0.7638,0.8150
3.450,45.00,5.0,6.35271e+05,8.41608e-09,1.58164e-06,5.32111e-03,0,0.7638,0.8150
3.450,47.50,5.0,7.47140e+05,8.41608e-09,1.34482e-06,6.25814e-03,0,0.7638,0.8150
3.450,50.00,5.0,8.71427e+05,8.41608e-09,1.15302e-06,7.29919e-03,0,0.7638,0.8150
3.450,52.50,5.0,1.00879e+06,8.41608e-09,9.96018e-07,8.44972e-03,0,0.7638,0.8150
3.450,55.00,5.0,1.15987e+06,8.41608e-09,8.66277e-07,9.71522e-03,0,0.7638,0.8150
3.450,57.50,5.0,1.32533e+06,8.41608e-09,7.58126e-07,1.11012e-02,0,0.7638,0.8150
3.450,60.00,5.0,1.50583e+06,8.41608e-09,6.67254e-07,1.26130e-02,0,0.7638,0.8150
3.450,62.50,5.0,1.70201e+06,8.41608e-09,5.90344e-07,1.42562e-02,0,0.7638,0.8150
3.450,65.00,5.0,1.91453e+06,8.41608e-09,5.24813e-07,1.60363e-02,0,0.7638,0.8150
3.450,67.50,5.0,2.14404e+06,8.41608e-09,4.68634e-07,1.79587e-02,0,0.7638,0.8150
3.450,70.00,5.0,2.39120e+06,8.41608e-09,4.20195e-07,2.00290e-02,0,0.7638,0.8150
3.450,72.50,5.0,2.65666e+06,8.41608e-09,3.78208e-07,2.22525e-02,0,0.7638,0.8150
3.450,75.00,5.0,2.94107e+06,8.41608e-09,3.41634e-07,2.46348e-02,0,0.7638,0.8150
3.450,77.50,5.0,3.24509e+06,8.41608e-09,3.09628e-07,2.71813e-02,0,0.7638,0.8150
3.450,80.00,5.0,3.56937e+06,8.41608e-09,2.81498e-07,2.98975e-02,0,0.7638,0.8150
3.500,5.00,5.0,8.52821e+02,8.11872e-09,1.17817e-03,6.89095e-06,0,0.7638,0.8268
3.500,7.50,5.0,2.87827e+03,8.11872e-09,3.49088e-04,2.32569e-05,0,0.7638,0.8268
3.500,10.00,5.0,6.82257e+03,8.11872e-09,1.47271e-04,5.51276e-05,0,0.7638,0.8268
3.500,12.50,5.0,1.33253e+04,8.11872e-09,7.54030e-05,1.07671e-04,0,0.7638,0.8268
3.500,15.00,5.0,2.30262e+04,8.11872e-09,4.36360e-05,1.86056e-04,0,0.7638,0.8268
3.500,17.50,5.0,3.65647e+04,8.11872e-09,2.74792e-05,2.95449e-04,0,0.7638,0.8268
3.500,20.00,5.0,5.45805e+04,8.11872e-09,1.84089e-05,4.41021e-04,0,0.7638,0.8268
3.500,22.50,5.0,7.77133e+04,8.11872e-09,1.29292e-05,6.27937e-04,0,0.7638,0.8268
3.500,25.00,5.0,1.06603e+05,8.11872e-09,9.42537e-06,8.61368e-04,0,0.7638,0.8268
3.500,27.50,5.0,1.41888e+05,8.11872e-09,7.08142e-06,1.14648e-03,0,0.7638,0.8268
3.500,30.00,5.0,1.84209e+05,8.11872e-09,5.45450e-06,1.48844e-03,0,0.7638,0.8268
3.500,32.50,5.0,2.34206e+05,8.11872e-09,4.29011e-06,1.89243e-03,0,0.7638,0.8268
3.500,35.00,5.0,2.92518e+05,8.11872e-09,3.43490e-06,2.36359e-03,0,0.7638,0.8268
3.500,37.50,5.0,3.59784e+05,8.11872e-09,2.79270e-06,2.90712e-03,0,0.7638,0.8268
3.500,40.00,5.0,4.36644e+05,8.11872e-09,2.30112e-06,3.52816e-03,0,0.7638,0.8268
3.500,42.50,5.0,5.23739e+05,8.11872e-09,1.91846e-06,4.23190e-03,0,0.7638,0.8268
3.500,45.00,5.0,6.21706e+05,8.11872e-09,1.61615e-06,5.02350e-03,0,0.7638,0.8268
3.500,47.50,5.0,7.31187e+05,8.11872e-09,1.37416e-06,5.90813e-03,0,0.7638,0.8268
3.500,50.00,5.0,8.52821e+05,8.11872e-09,1.17817e-06,6.89095e-03,0,0.7638,0.8268
3.500,52.50,5.0,9.87247e+05,8.11872e-09,1.01775e-06,7.97713e-03,0,0.7638,0.8268
3.500,55.00,5.0,1.13510e+06,8.11872e-09,8.85178e-07,9.17185e-03,0,0.7638,0.8268
3.500,57.50,5.0,1.29703e+06,8.11872e-09,7.74667e-07,1.04803e-02,0,0.7638,0.8268
3.500,60.00,5.0,1.47367e+06,8.11872e-09,6.81812e-07,1.19076e-02,0,0.7638,0.8268
3.500,62.50,5.0,1.66567e+06,8.11872e-09,6.03224e-07,1.34589e-02,0,0.7638,0.8268
3.500,65.00,5.0,1.87365e+06,8.11872e-09,5.36264e-07,1.51394e-02,0,0.7638,0.8268
3.500,67.50,5.0,2.09826e+06,8.11872e-09,4.78858e-07,1.69543e-02,0,0.7638,0.8268
3.500,70.00,5.0,2.34014e+06,8.11872e-09,4.29363e-07,1.89088e-02,0,0.7638,0.8268
3.500,72.50,5.0,2.59993e+06,8.11872e-09,3.86460e-07,2.10079e-02,0,0.7638,0.8268
3.500,75.00,5.0,2.87827e+06,8.11872e-09,3.49088e-07,2.32569e-02,0,0.7638,0.8268
3.500,77.50,5.0,3.17580e+06,8.11872e-09,3.16383e-07,2.56610e-02,0,0.7638,0.8268
3.500,80.00,5.0,3.49315e+06,8.11872e-09,2.87639e-07,2.82253e-02,0,0.7638,0.8268
3.550,5.00,5.0,8.34867e+02,7.83586e-09,1.20351e-03,6.51085e-06,0,0.7638,0.8386
3.550,7.50,5.0,2.81768e+03,7.83586e-09,3.56595e-04,2.19741e-05,0,0.7638,0.8386
3.550,10.00,5.0,6.67894e+03,7.83586e-09,1.50438e-04,5.20868e-05,0,0.7638,0.8386
3.550,12.50,5.0,1.30448e+04,7.83586e-09,7.70245e-05,1.01732e-04,0,0.7638,0.8386
3.550,15.00,5.0,2.25414e+04,7.83586e-09,4.45744e-05,1.75793e-04,0,0.7638,0.8386
3.550,17.50,5.0,3.57949e+04,7.83586e-09,2.80702e-05,2.79153e-04,0,0.7638,0.8386
3.550,20.00,5.0,5.34315e+04,7.83586e-09,1.88048e-05,4.16694e-04,0,0.7638,0.8386
3.550,22.50,5.0,7.60773e+04,7.83586e-09,1.32072e-05,5.93301e-04,0,0.7638,0.8386
3.550,25.00,5.0,1.04358e+05,7.83586e-09,9.62806e-06,8.13856e-04,0,0.7638,0.8386
3.550,27.50,5.0,1.38901e+05,7.83586e-09,7.23371e-06,1.08324e-03,0,0.7638,0.8386
3.550,30.00,5.0,1.80331e+05,7.83586e-09,5.57180e-06,1.40634e-03,0,0.7638,0.8386
3.550,32.50,5.0,2.29275e+05,7.83586e-09,4.38237e-06,1.78804e-03,0,0.7638,0.8386
3.550,35.00,5.0,2.86359e+05,7.83586e-09,3.50877e-06,2.23322e-03,0,0.7638,0.8386
3.550,37.50,5.0,3.52210e+05,7.83586e-09,2.85276e-06,2.74676e-03,0,0.7638,0.8386
3.550,40.00,5.0,4.27452e+05,7.83586e-09,2.35060e-06,3.33355e-03,0,0.7638,0.8386
3.550,42.50,5.0,5.12713e+05,7.83586e-09,1.95971e-06,3.99848e-03,0,0.7638,0.8386
3.550,45.00,5.0,6.08618e+05,7.83586e-09,1.65090e-06,4.74641e-03,0,0.7638,0.8386
3.550,47.50,5.0,7.15794e+05,7.83586e-09,1.40371e-06,5.58224e-03,0,0.7638,0.8386
3.550,50.00,5.0,8.34867e+05,7.83586e-09,1.20351e-06,6.51085e-03,0,0.7638,0.8386
3.550,52.50,5.0,9.66463e+05,7.83586e-09,1.03964e-06,7.53712e-03,0,0.7638,0.8386
3.550,55.00,5.0,1.11121e+06,7.83586e-09,9.04213e-07,8.66594e-03,0,0.7638,0.8386
3.550,57.50,5.0,1.26973e+06,7.83586e-09,7.91326e-07,9.90219e-03,0,0.7638,0.8386
3.550,60.00,5.0,1.44265e+06,7.83586e-09,6.96474e-07,1.12507e-02,0,0.7638,0.8386
3.550,62.50,5.0,1.63060e+06,7.83586e-09,6.16196e-07,1.27165e-02,0,0.7638,0.8386
3.550,65.00,5.0,1.83420e+06,7.83586e-09,5.47796e-07,1.43043e-02,0,0.7638,0.8386
3.550,67.50,5.0,2.05409e+06,7.83586e-09,4.89156e-07,1.60191e-02,0,0.7638,0.8386
3.550,70.00,5.0,2.29088e+06,7.83586e-09,4.38596e-07,1.78658e-02,0,0.7638,0.8386
3.550,72.50,5.0,2.54520e+06,7.83586e-09,3.94771e-07,1.98491e-02,0,0.7638,0.8386
3.550,75.00,5.0,2.81768e+06,7.83586e-09,3.56595e-07,2.19741e-02,0,0.7638,0.8386
3.550,77.50,5.0,3.10894e+06,7.83586e-09,3.23187e-07,2.42456e-02,0,0.7638,0.8386
3.550,80.00,5.0,3.41962e+06,7.83586e-09,2.93825e-07,2.66684e-02,0,0.7638,0.8386
3.600,5.00,5.0,8.17535e+02,7.56661e-09,1.22902e-03,6.15660e-06,0,0.7638,0.8505
3.600,7.50,5.0,2.75918e+03,7.56661e-09,3.64155e-04,2.07785e-05,0,0.7638,0.8505
3.600,10.00,5.0,6.54028e+03,7.56661e-09,1.53628e-04,4.92528e-05,0,0.7638,0.8505
3.600,12.50,5.0,1.27740e+04,7.56661e-09,7.86575e-05,9.61969e-05,0,0.7638,0.8505
3.600,15.00,5.0,2.20734e+04,7.56661e-09,4.55194e-05,1.66228e-04,0,0.7638,0.8505
3.600,17.50,5.0,3.50518e+04,7.56661e-09,2.86653e-05,2.63964e-04,0,0.7638,0.8505
3.600,20.00,5.0,5.23222e+04,7.56661e-09,1.92035e-05,3.94022e-04,0,0.7638,0.8505
3.600,22.50,5.0,7.44978e+04,7.56661e-09,1.34872e-05,5.61020e-04,0,0.7638,0.8505
3.600,25.00,5.0,1.02192e+05,7.56661e-09,9.83219e-06,7.69575e-04,0,0.7638,0.8505
3.600,27.50,5.0,1.36017e+05,7.56661e-09,7.38707e-06,1.02430e-03,0,0.7638,0.8505
3.600,30.00,5.0,1.76587e+05,7.56661e-09,5.68992e-06,1.32983e-03,0,0.7638,0.8505
3.600,32.50,5.0,2.24515e+05,7.56661e-09,4.47528e-06,1.69076e-03,0,0.7638,0.8505
3.600,35.00,5.0,2.80414e+05,7.56661e-09,3.58316e-06,2.11171e-03,0,0.7638,0.8505
3.600,37.50,5.0,3.44897e+05,7.56661e-09,2.91324e-06,2.59732e-03,0,0.7638,0.8505
3.600,40.00,5.0,4.18578e+05,7.56661e-09,2.40044e-06,3.15218e-03,0,0.7638,0.8505
3.600,42.50,5.0,5.02068e+05,7.56661e-09,2.00126e-06,3.78092e-03,0,0.7638,0.8505
3.600,45.00,5.0,5.95983e+05,7.56661e-09,1.68590e-06,4.48816e-03,0,0.7638,0.8505
3.600,47.50,5.0,7.00934e+05,7.56661e-09,1.43347e-06,5.27852e-03,0,0.7638,0.8505
3.600,50.00,5.0,8.17535e+05,7.56661e-09,1.22902e-06,6.15660e-03,0,0.7638,0.8505
3.600,52.50,5.0,9.46398e+05,7.56661e-09,1.06168e-06,7.12704e-03,0,0.7638,0.8505
3.600,55.00,5.0,1.08814e+06,7.56661e-09,9.23383e-07,8.19444e-03,0,0.7638,0.8505
3.600,57.50,5.0,1.24337e+06,7.56661e-09,8.08103e-07,9.36342e-03,0,0.7638,0.8505
3.600,60.00,5.0,1.41270e+06,7.56661e-09,7.11240e-07,1.06386e-02,0,0.7638,0.8505
3.600,62.50,5.0,1.59675e+06,7.56661e-09,6.29260e-07,1.20246e-02,0,0.7638,0.8505
3.600,65.00,5.0,1.79612e+06,7.56661e-09,5.59410e-07,1.35261e-02,0,0.7638,0.8505
3.600,67.50,5.0,2.01144e+06,7.56661e-09,4.99527e-07,1.51475e-02,0,0.7638,0.8505
3.600,70.00,5.0,2.24331e+06,7.56661e-09,4.47895e-07,1.68937e-02,0,0.7638,0.8505
3.600,72.50,5.0,2.49236e+06,7.56661e-09,4.03140e-07,1.87692e-02,0,0.7638,0.8505
3.600,75.00,5.0,2.75918e+06,7.56661e-09,3.64155e-07,2.07785e-02,0,0.7638,0.8505
3.600,77.50,5.0,3.04440e+06,7.56661e-09,3.30039e-07,2.29264e-02,0,0.7638,0.8505
3.600,80.00,5.0,3.34862e+06,7.56661e-09,3.00055e-07,2.52174e-02,0,0.7638,0.8505
3.650,5.00,5.0,8.00794e+02,7.31013e-09,1.25472e-03,5.82612e-06,0,0.7638,0.8623
3.650,7.50,5.0,2.70268e+03,7.31013e-09,3.71768e-04,1.96632e-05,0,0.7638,0.8623
3.650,10.00,5.0,6.40635e+03,7.31013e-09,1.56840e-04,4.66090e-05,0,0.7638,0.8623
3.650,12.50,5.0,1.25124e+04,7.31013e-09,8.03019e-05,9.10332e-05,0,0.7638,0.8623
3.650,15.00,5.0,2.16214e+04,7.31013e-09,4.64710e-05,1.57305e-04,0,0.7638,0.8623
3.650,17.50,5.0,3.43340e+04,7.31013e-09,2.92645e-05,2.49795e-04,0,0.7638,0.8623
3.650,20.00,5.0,5.12508e+04,7.31013e-09,1.96049e-05,3.72872e-04,0,0.7638,0.8623
3.650,22.50,5.0,7.29723e+04,7.31013e-09,1.37692e-05,5.30905e-04,0,0.7638,0.8623
3.650,25.00,5.0,1.00099e+05,7.31013e-09,1.00377e-05,7.28265e-04,0,0.7638,0.8623
3.650,27.50,5.0,1.33232e+05,7.31013e-09,7.54150e-06,9.69321e-04,0,0.7638,0.8623
3.650,30.00,5.0,1.72971e+05,7.31013e-09,5.80887e-06,1.25844e-03,0,0.7638,0.8623
3.650,32.50,5.0,2.19918e+05,7.31013e-09,4.56884e-06,1.60000e-03,0,0.7638,0.8623
3.650,35.00,5.0,2.74672e+05,7.31013e-09,3.65807e-06,1.99836e-03,0,0.7638,0.8623
3.650,37.50,5.0,3.37835e+05,7.31013e-09,2.97414e-06,2.45790e-03,0,0.7638,0.8623
3.650,40.00,5.0,4.10006e+05,7.31013e-09,2.45062e-06,2.98297e-03,0,0.7638,0.8623
3.650,42.50,5.0,4.91787e+05,7.31013e-09,2.04310e-06,3.57797e-03,0,0.7638,0.8623
3.650,45.00,5.0,5.83778e+05,7.31013e-09,1.72115e-06,4.24724e-03,0,0.7638,0.8623
3.650,47.50,5.0,6.86580e+05,7.31013e-09,1.46344e-06,4.99517e-03,0,0.7638,0.8623
3.650,50.00,5.0,8.00794e+05,7.31013e-09,1.25472e-06,5.82612e-03,0,0.7638,0.8623
3.650,52.50,5.0,9.27019e+05,7.31013e-09,1.08387e-06,6.74446e-03,0,0.7638,0.8623
3.650,55.00,5.0,1.06586e+06,7.31013e-09,9.42687e-07,7.75457e-03,0,0.7638,0.8623
3.650,57.50,5.0,1.21791e+06,7.31013e-09,8.24997e-07,8.86080e-03,0,0.7638,0.8623
3.650,60.00,5.0,1.38377e+06,7.31013e-09,7.26109e-07,1.00675e-02,0,0.7638,0.8623
3.650,62.50,5.0,1.56405e+06,7.31013e-09,6.42415e-07,1.13791e-02,0,0.7638,0.8623
3.650,65.00,5.0,1.75934e+06,7.31013e-09,5.71105e-07,1.28000e-02,0,0.7638,0.8623
3.650,67.50,5.0,1.97025e+06,7.31013e-09,5.09970e-07,1.43344e-02,0,0.7638,0.8623
3.650,70.00,5.0,2.19738e+06,7.31013e-09,4.57258e-07,1.59869e-02,0,0.7638,0.8623
3.650,72.50,5.0,2.44132e+06,7.31013e-09,4.11568e-07,1.77617e-02,0,0.7638,0.8623
3.650,75.00,5.0,2.70268e+06,7.31013e-09,3.71768e-07,1.96632e-02,0,0.7638,0.8623
3.650,77.50,5.0,2.98206e+06,7.31013e-09,3.36938e-07,2.16958e-02,0,0.7638,0.8623
3.650,80.00,5.0,3.28005e+06,7.31013e-09,3.06327e-07,2.38638e-02,0,0.7638,0.8623
3.700,5.00,5.0,7.84616e+02,7.06567e-09,1.28059e-03,5.51752e-06,0,0.7638,0.8741
3.700,7.50,5.0,2.64808e+03,7.06567e-09,3.79433e-04,1.86216e-05,0,0.7638,0.8741
3.700,10.00,5.0,6.27693e+03,7.06567e-09,1.60073e-04,4.41402e-05,0,0.7638,0.8741
3.700,12.50,5.0,1.22596e+04,7.06567e-09,8.19575e-05,8.62113e-05,0,0.7638,0.8741
3.700,15.00,5.0,2.11846e+04,7.06567e-09,4.74291e-05,1.48973e-04,0,0.7638,0.8741
3.700,17.50,5.0,3.36404e+04,7.06567e-09,2.98679e-05,2.36564e-04,0,0.7638,0.8741
3.700,20.00,5.0,5.02154e+04,7.06567e-09,2.00092e-05,3.53121e-04,0,0.7638,0.8741
3.700,22.50,5.0,7.14982e+04,7.06567e-09,1.40531e-05,5.02784e-04,0,0.7638,0.8741
3.700,25.00,5.0,9.80770e+04,7.06567e-09,1.02447e-05,6.89690e-04,0,0.7638,0.8741
3.700,27.50,5.0,1.30541e+05,7.06567e-09,7.69699e-06,9.17978e-04,0,0.7638,0.8741
3.700,30.00,5.0,1.69477e+05,7.06567e-09,5.92864e-06,1.19178e-03,0,0.7638,0.8741
3.700,32.50,5.0,2.15475e+05,7.06567e-09,4.66304e-06,1.51525e-03,0,0.7638,0.8741
3.700,35.00,5.0,2.69123e+05,7.06567e-09,3.73349e-06,1.89251e-03,0,0.7638,0.8741
3.700,37.50,5.0,3.31010e+05,7.06567e-09,3.03546e-06,2.32770e-03,0,0.7638,0.8741
3.700,40.00,5.0,4.01723e+05,7.06567e-09,2.50115e-06,2.82497e-03,0,0.7638,0.8741
3.700,42.50,5.0,4.81852e+05,7.06567e-09,2.08522e-06,3.38845e-03,0,0.7638,0.8741
3.700,45.00,5.0,5.71985e+05,7.06567e-09,1.75663e-06,4.02227e-03,0,0.7638,0.8741
3.700,47.50,5.0,6.72710e+05,7.06567e-09,1.49361e-06,4.73059e-03,0,0.7638,0.8741
3.700,50.00,5.0,7.84616e+05,7.06567e-09,1.28059e-06,5.51752e-03,0,0.7638,0.8741
3.700,52.50,5.0,9.08291e+05,7.06567e-09,1.10622e-06,6.38722e-03,0,0.7638,0.8741
3.700,55.00,5.0,1.04432e+06,7.06567e-09,9.62124e-07,7.34382e-03,0,0.7638,0.8741
3.700,57.50,5.0,1.19330e+06,7.06567e-09,8.42007e-07,8.39146e-03,0,0.7638,0.8741
3.700,60.00,5.0,1.35582e+06,7.06567e-09,7.41080e-07,9.53428e-03,0,0.7638,0.8741
3.700,62.50,5.0,1.53245e+06,7.06567e-09,6.55660e-07,1.07764e-02,0,0.7638,0.8741
3.700,65.00,5.0,1.72380e+06,7.06567e-09,5.82880e-07,1.21220e-02,0,0.7638,0.8741
3.700,67.50,5.0,1.93045e+06,7.06567e-09,5.20484e-07,1.35752e-02,0,0.7638,0.8741
3.700,70.00,5.0,2.15299e+06,7.06567e-09,4.66686e-07,1.51401e-02,0,0.7638,0.8741
3.700,72.50,5.0,2.39200e+06,7.06567e-09,4.20054e-07,1.68209e-02,0,0.7638,0.8741
3.700,75.00,5.0,2.64808e+06,7.06567e-09,3.79433e-07,1.86216e-02,0,0.7638,0.8741
3.700,77.50,5.0,2.92181e+06,7.06567e-09,3.43886e-07,2.05466e-02,0,0.7638,0.8741
3.700,80.00,5.0,3.21379e+06,7.06567e-09,3.12643e-07,2.25998e-02,0,0.7638,0.8741
3.750,5.00,5.0,7.68976e+02,6.83249e-09,1.30663e-03,5.22909e-06,0,0.7638,0.8859
3.750,7.50,5.0,2.59529e+03,6.83249e-09,3.87150e-04,1.76482e-05,0,0.7638,0.8859
3.750,10.00,5.0,6.15181e+03,6.83249e-09,1.63329e-04,4.18327e-05,0,0.7638,0.8859
3.750,12.50,5.0,1.20153e+04,6.83249e-09,8.36244e-05,8.17045e-05,0,0.7638,0.8859
3.750,15.00,5.0,2.07624e+04,6.83249e-09,4.83938e-05,1.41185e-04,0,0.7638,0.8859
3.750,17.50,5.0,3.29699e+04,6.83249e-09,3.04754e-05,2.24197e-04,0,0.7638,0.8859
3.750,20.00,5.0,4.92145e+04,6.83249e-09,2.04161e-05,3.34662e-04,0,0.7638,0.8859
3.750,22.50,5.0,7.00730e+04,6.83249e-09,1.43389e-05,4.76501e-04,0,0.7638,0.8859
3.750,25.00,5.0,9.61220e+04,6.83249e-09,1.04531e-05,6.53636e-04,0,0.7638,0.8859
3.750,27.50,5.0,1.27938e+05,6.83249e-09,7.85354e-06,8.69990e-04,0,0.7638,0.8859
3.750,30.00,5.0,1.66099e+05,6.83249e-09,6.04922e-06,1.12948e-03,0,0.7638,0.8859
3.750,32.50,5.0,2.11180e+05,6.83249e-09,4.75788e-06,1.43604e-03,0,0.7638,0.8859
3.750,35.00,5.0,2.63759e+05,6.83249e-09,3.80942e-06,1.79358e-03,0,0.7638,0.8859
3.750,37.50,5.0,3.24412e+05,6.83249e-09,3.09720e-06,2.20602e-03,0,0.7638,0.8859
3.750,40.00,5.0,3.93716e+05,6.83249e-09,2.55202e-06,2.67729e-03,0,0.7638,0.8859
3.750,42.50,5.0,4.72248e+05,6.83249e-09,2.12763e-06,3.21131e-03,0,0.7638,0.8859
3.750,45.00,5.0,5.60584e+05,6.83249e-09,1.79236e-06,3.81201e-03,0,0.7638,0.8859
3.750,47.50,5.0,6.59301e+05,6.83249e-09,1.52399e-06,4.48329e-03,0,0.7638,0.8859
3.750,50.00,5.0,7.68976e+05,6.83249e-09,1.30663e-06,5.22909e-03,0,0.7638,0.8859
3.750,52.50,5.0,8.90186e+05,6.83249e-09,1.12872e-06,6.05332e-03,0,0.7638,0.8859
3.750,55.00,5.0,1.02351e+06,6.83249e-09,9.81692e-07,6.95992e-03,0,0.7638,0.8859
3.750,57.50,5.0,1.16952e+06,6.83249e-09,8.59132e-07,7.95279e-03,0,0.7638,0.8859
3.750,60.00,5.0,1.32879e+06,6.83249e-09,7.56153e-07,9.03586e-03,0,0.7638,0.8859
3.750,62.50,5.0,1.50191e+06,6.83249e-09,6.68996e-07,1.02131e-02,0,0.7638,0.8859
3.750,65.00,5.0,1.68944e+06,6.83249e-09,5.94735e-07,1.14883e-02,0,0.7638,0.8859
3.750,67.50,5.0,1.89197e+06,6.83249e-09,5.31070e-07,1.28655e-02,0,0.7638,0.8859
3.750,70.00,5.0,2.11007e+06,6.83249e-09,4.76178e-07,1.43486e-02,0,0.7638,0.8859
3.750,72.50,5.0,2.34432e+06,6.83249e-09,4.28597e-07,1.59415e-02,0,0.7638,0.8859
3.750,75.00,5.0,2.59529e+06,6.83249e-09,3.87150e-07,1.76482e-02,0,0.7638,0.8859
3.750,77.50,5.0,2.86357e+06,6.83249e-09,3.50880e-07,1.94725e-02,0,0.7638,0.8859
3.750,80.00,5.0,3.14973e+06,6.83249e-09,3.19002e-07,2.14183e-02,0,0.7638,0.8859
3.800,5.00,5.0,7.53849e+02,6.60995e-09,1.33285e-03,4.95926e-06,0,0.7638,0.8977
3.800,7.50,5.0,2.54424e+03,6.60995e-09,3.94919e-04,1.67375e-05,0,0.7638,0.8977
3.800,10.00,5.0,6.03079e+03,6.60995e-09,1.66606e-04,3.96741e-05,0,0.7638,0.8977
3.800,12.50,5.0,1.17789e+04,6.60995e-09,8.53025e-05,7.74884e-05,0,0.7638,0.8977
3.800,15.00,5.0,2.03539e+04,6.60995e-09,4.93649e-05,1.33900e-04,0,0.7638,0.8977
3.800,17.50,5.0,3.23213e+04,6.60995e-09,3.10869e-05,2.12628e-04,0,0.7638,0.8977
3.800,20.00,5.0,4.82463e+04,6.60995e-09,2.08258e-05,3.17392e-04,0,0.7638,0.8977
3.800,22.50,5.0,6.86945e+04,6.60995e-09,1.46266e-05,4.51912e-04,0,0.7638,0.8977
3.800,25.00,5.0,9.42311e+04,6.60995e-09,1.06628e-05,6.19907e-04,0,0.7638,0.8977
3.800,27.50,5.0,1.25422e+05,6.60995e-09,8.01113e-06,8.25096e-04,0,0.7638,0.8977
3.800,30.00,5.0,1.62831e+05,6.60995e-09,6.17061e-06,1.07120e-03,0,0.7638,0.8977
3.800,32.50,5.0,2.07026e+05,6.60995e-09,4.85335e-06,1.36194e-03,0,0.7638,0.8977
3.800,35.00,5.0,2.58570e+05,6.60995e-09,3.88586e-06,1.70103e-03,0,0.7638,0.8977
3.800,37.50,5.0,3.18030e+05,6.60995e-09,3.15935e-06,2.09219e-03,0,0.7638,0.8977
3.800,40.00,5.0,3.85971e+05,6.60995e-09,2.60323e-06,2.53914e-03,0,0.7638,0.8977
3.800,42.50,5.0,4.62958e+05,6.60995e-09,2.17033e-06,3.04560e-03,0,0.7638,0.8977
3.800,45.00,5.0,5.49556e+05,6.60995e-09,1.82833e-06,3.61530e-03,0,0.7638,0.8977
3.800,47.50,5.0,6.46331e+05,6.60995e-09,1.55457e-06,4.25194e-03,0,0.7638,0.8977
3.800,50.00,5.0,7.53849e+05,6.60995e-09,1.33285e-06,4.95926e-03,0,0.7638,0.8977
3.800,52.50,5.0,8.72675e+05,6.60995e-09,1.15137e-06,5.74096e-03,0,0.7638,0.8977
3.800,55.00,5.0,1.00337e+06,6.60995e-09,1.00139e-06,6.60077e-03,0,0.7638,0.8977
3.800,57.50,5.0,1.14651e+06,6.60995e-09,8.76372e-07,7.54241e-03,0,0.7638,0.8977
3.800,60.00,5.0,1.30265e+06,6.60995e-09,7.71326e-07,8.56960e-03,0,0.7638,0.8977
3.800,62.50,5.0,1.47236e+06,6.60995e-09,6.82420e-07,9.68605e-03,0,0.7638,0.8977
3.800,65.00,5.0,1.65621e+06,6.60995e-09,6.06669e-07,1.08955e-02,0,0.7638,0.8977
3.800,67.50,5.0,1.85475e+06,6.60995e-09,5.41727e-07,1.22016e-02,0,0.7638,0.8977
3.800,70.00,5.0,2.06856e+06,6.60995e-09,4.85733e-07,1.36082e-02,0,0.7638,0.8977
3.800,72.50,5.0,2.29820e+06,6.60995e-09,4.37198e-07,1.51189e-02,0,0.7638,0.8977
3.800,75.00,5.0,2.54424e+06,6.60995e-09,3.94919e-07,1.67375e-02,0,0.7638,0.8977
3.800,77.50,5.0,2.80724e+06,6.60995e-09,3.57921e-07,1.84677e-02,0,0.7638,0.8977
3.800,80.00,5.0,3.08777e+06,6.60995e-09,3.25403e-07,2.03131e-02,0,0.7638,0.8977
3.850,5.00,5.0,7.39212e+02,6.39743e-09,1.35924e-03,4.70661e-06,0,0.7638,0.9095
3.850,7.50,5.0,2.49484e+03,6.39743e-09,4.02739e-04,1.58848e-05,0,0.7638,0.9095
3.850,10.00,5.0,5.91369e+03,6.39743e-09,1.69906e-04,3.76529e-05,0,0.7638,0.9095
3.850,12.50,5.0,1.15502e+04,6.39743e-09,8.69916e-05,7.35408e-05,0,0.7638,0.9095
3.850,15.00,5.0,1.99587e+04,6.39743e-09,5.03424e-05,1.27078e-04,0,0.7638,0.9095
3.850,17.50,5.0,3.16937e+04,6.39743e-09,3.17025e-05,2.01796e-04,0,0.7638,0.9095
3.850,20.00,5.0,4.73095e+04,6.39743e-09,2.12382e-05,3.01223e-04,0,0.7638,0.9095
3.850,22.50,5.0,6.73607e+04,6.39743e-09,1.49163e-05,4.28890e-04,0,0.7638,0.9095
3.850,25.00,5.0,9.24014e+04,6.39743e-09,1.08740e-05,5.88326e-04,0,0.7638,0.9095
3.850,27.50,5.0,1.22986e+05,6.39743e-09,8.16976e-06,7.83062e-04,0,0.7638,0.9095
3.850,30.00,5.0,1.59670e+05,6.39743e-09,6.29280e-06,1.01663e-03,0,0.7638,0.9095
3.850,32.50,5.0,2.03006e+05,6.39743e-09,4.94946e-06,1.29255e-03,0,0.7638,0.9095
3.850,35.00,5.0,2.53550e+05,6.39743e-09,3.96281e-06,1.61437e-03,0,0.7638,0.9095
3.850,37.50,5.0,3.11855e+05,6.39743e-09,3.22191e-06,1.98560e-03,0,0.7638,0.9095
3.850,40.00,5.0,3.78476e+05,6.39743e-09,2.65477e-06,2.40978e-03,0,0.7638,0.9095
3.850,42.50,5.0,4.53968e+05,6.39743e-09,2.21330e-06,2.89045e-03,0,0.7638,0.9095
3.850,45.00,5.0,5.38885e+05,6.39743e-09,1.86453e-06,3.43112e-03,0,0.7638,0.9095
3.850,47.50,5.0,6.33782e+05,6.39743e-09,1.58536e-06,4.03533e-03,0,0.7638,0.9095
3.850,50.00,5.0,7.39212e+05,6.39743e-09,1.35924e-06,4.70661e-03,0,0.7638,0.9095
3.850,52.50,5.0,8.55730e+05,6.39743e-09,1.17417e-06,5.44849e-03,0,0.7638,0.9095
3.850,55.00,5.0,9.83891e+05,6.39743e-09,1.02122e-06,6.26450e-03,0,0.7638,0.9095
3.850,57.50,5.0,1.12425e+06,6.39743e-09,8.93725e-07,7.15816e-03,0,0.7638,0.9095
3.850,60.00,5.0,1.27736e+06,6.39743e-09,7.86600e-07,8.13302e-03,0,0.7638,0.9095
3.850,62.50,5.0,1.44377e+06,6.39743e-09,6.95933e-07,9.19260e-03,0,0.7638,0.9095
3.850,65.00,5.0,1.62405e+06,6.39743e-09,6.18682e-07,1.03404e-02,0,0.7638,0.9095
3.850,67.50,5.0,1.81874e+06,6.39743e-09,5.52454e-07,1.15800e-02,0,0.7638,0.9095
3.850,70.00,5.0,2.02840e+06,6.39743e-09,4.95351e-07,1.29149e-02,0,0.7638,0.9095
3.850,72.50,5.0,2.25358e+06,6.39743e-09,4.45855e-07,1.43487e-02,0,0.7638,0.9095
3.850,75.00,5.0,2.49484e+06,6.39743e-09,4.02739e-07,1.58848e-02,0,0.7638,0.9095
3.850,77.50,5.0,2.75273e+06,6.39743e-09,3.65008e-07,1.75268e-02,0,0.7638,0.9095
3.850,80.00,5.0,3.02781e+06,6.39743e-09,3.31847e-07,1.92783e-02,0,0.7638,0.9095
3.900,5.00,5.0,7.25042e+02,6.19435e-09,1.38581e-03,4.46985e-06,0,0.7638,0.9213
3.900,7.50,5.0,2.44702e+03,6.19435e-09,4.10610e-04,1.50857e-05,0,0.7638,0.9213
3.900,10.00,5.0,5.80033e+03,6.19435e-09,1.73226e-04,3.57588e-05,0,0.7638,0.9213
3.900,12.50,5.0,1.13288e+04,6.19435e-09,8.86918e-05,6.98414e-05,0,0.7638,0.9213
3.900,15.00,5.0,1.95761e+04,6.19435e-09,5.13263e-05,1.20686e-04,0,0.7638,0.9213
3.900,17.50,5.0,3.10862e+04,6.19435e-09,3.23221e-05,1.91645e-04,0,0.7638,0.9213
3.900,20.00,5.0,4.64027e+04,6.19435e-09,2.16533e-05,2.86070e-04,0,0.7638,0.9213
3.900,22.50,5.0,6.60694e+04,6.19435e-09,1.52078e-05,4.07315e-04,0,0.7638,0.9213
3.900,25.00,5.0,9.06302e+04,6.19435e-09,1.10865e-05,5.58731e-04,0,0.7638,0.9213
3.900,27.50,5.0,1.20629e+05,6.19435e-09,8.32943e-06,7.43671e-04,0,0.7638,0.9213
3.900,30.00,5.0,1.56609e+05,6.19435e-09,6.41578e-06,9.65487e-04,0,0.7638,0.9213
3.900,32.50,5.0,1.99115e+05,6.19435e-09,5.04619e-06,1.22753e-03,0,0.7638,0.9213
3.900,35.00,5.0,2.48689e+05,6.19435e-09,4.04026e-06,1.53316e-03,0,0.7638,0.9213
3.900,37.50,5.0,3.05877e+05,6.19435e-09,3.28488e-06,1.88572e-03,0,0.7638,0.9213
3.900,40.00,5.0,3.71221e+05,6.19435e-09,2.70666e-06,2.28856e-03,0,0.7638,0.9213
3.900,42.50,5.0,4.45266e+05,6.19435e-09,2.25656e-06,2.74504e-03,0,0.7638,0.9213
3.900,45.00,5.0,5.28555e+05,6.19435e-09,1.90097e-06,3.25852e-03,0,0.7638,0.9213
3.900,47.50,5.0,6.21633e+05,6.19435e-09,1.61634e-06,3.83233e-03,0,0.7638,0.9213
3.900,50.00,5.0,7.25042e+05,6.19435e-09,1.38581e-06,4.46985e-03,0,0.7638,0.9213
3.900,52.50,5.0,8.39326e+05,6.19435e-09,1.19711e-06,5.17441e-03,0,0.7638,0.9213
3.900,55.00,5.0,9.65030e+05,6.19435e-09,1.04118e-06,5.94937e-03,0,0.7638,0.9213
3.900,57.50,5.0,1.10270e+06,6.19435e-09,9.11192e-07,6.79808e-03,0,0.7638,0.9213
3.900,60.00,5.0,1.25287e+06,6.19435e-09,8.01973e-07,7.72389e-03,0,0.7638,0.9213
3.900,62.50,5.0,1.41610e+06,6.19435e-09,7.09534e-07,8.73017e-03,0,0.7638,0.9213
3.900,65.00,5.0,1.59292e+06,6.19435e-09,6.30773e-07,9.82025e-03,0,0.7638,0.9213
3.900,67.50,5.0,1.78387e+06,6.19435e-09,5.63251e-07,1.09975e-02,0,0.7638,0.9213
3.900,70.00,5.0,1.98951e+06,6.19435e-09,5.05032e-07,1.22653e-02,0,0.7638,0.9213
3.900,72.50,5.0,2.21038e+06,6.19435e-09,4.54568e-07,1.36269e-02,0,0.7638,0.9213
3.900,75.00,5.0,2.44702e+06,6.19435e-09,4.10610e-07,1.50857e-02,0,0.7638,0.9213
3.900,77.50,5.0,2.69996e+06,6.19435e-09,3.72142e-07,1.66451e-02,0,0.7638,0.9213
3.900,80.00,5.0,2.96977e+06,6.19435e-09,3.38332e-07,1.83085e-02,0,0.7638,0.9213
3.950,5.00,5.0,7.11319e+02,6.00019e-09,1.41254e-03,4.24779e-06,0,0.7638,0.9331
3.950,7.50,5.0,2.40070e+03,6.00019e-09,4.18532e-04,1.43363e-05,0,0.7638,0.9331
3.950,10.00,5.0,5.69055e+03,6.00019e-09,1.76568e-04,3.39823e-05,0,0.7638,0.9331
3.950,12.50,5.0,1.11144e+04,6.00019e-09,9.04028e-05,6.63717e-05,0,0.7638,0.9331
3.950,15.00,5.0,1.92056e+04,6.00019e-09,5.23165e-05,1.14690e-04,0,0.7638,0.9331
3.950,17.50,5.0,3.04978e+04,6.00019e-09,3.29456e-05,1.82124e-04,0,0.7638,0.9331
3.950,20.00,5.0,4.55244e+04,6.00019e-09,2.20710e-05,2.71858e-04,0,0.7638,0.9331
3.950,22.50,5.0,6.48189e+04,6.00019e-09,1.55012e-05,3.87080e-04,0,0.7638,0.9331
3.950,25.00,5.0,8.89148e+04,6.00019e-09,1.13004e-05,5.30973e-04,0,0.7638,0.9331
3.950,27.50,5.0,1.18346e+05,6.00019e-09,8.49012e-06,7.06725e-04,0,0.7638,0.9331
3.950,30.00,5.0,1.53645e+05,6.00019e-09,6.53956e-06,9.17522e-04,0,0.7638,0.9331
3.950,32.50,5.0,1.95346e+05,6.00019e-09,5.14354e-06,1.16655e-03,0,0.7638,0.9331
3.950,35.00,5.0,2.43982e+05,6.00019e-09,4.11820e-06,1.45699e-03,0,0.7638,0.9331
3.950,37.50,5.0,3.00088e+05,6.00019e-09,3.34825e-06,1.79203e-03,0,0.7638,0.9331
3.950,40.00,5.0,3.64195e+05,6.00019e-09,2.75888e-06,2.17487e-03,0,0.7638,0.9331
3.950,42.50,5.0,4.36839e+05,6.00019e-09,2.30009e-06,2.60867e-03,0,0.7638,0.9331
3.950,45.00,5.0,5.18551e+05,6.00019e-09,1.93765e-06,3.09664e-03,0,0.7638,0.9331
3.950,47.50,5.0,6.09867e+05,6.00019e-09,1.64752e-06,3.64195e-03,0,0.7638,0.9331
3.950,50.00,5.0,7.11319e+05,6.00019e-09,1.41254e-06,4.24779e-03,0,0.7638,0.9331
3.950,52.50,5.0,8.23440e+05,6.00019e-09,1.22021e-06,4.91734e-03,0,0.7638,0.9331
3.950,55.00,5.0,9.46765e+05,6.00019e-09,1.06127e-06,5.65380e-03,0,0.7638,0.9331
3.950,57.50,5.0,1.08183e+06,6.00019e-09,9.28771e-07,6.46035e-03,0,0.7638,0.9331
3.950,60.00,5.0,1.22916e+06,6.00019e-09,8.17445e-07,7.34017e-03,0,0.7638,0.9331
3.950,62.50,5.0,1.38929e+06,6.00019e-09,7.23223e-07,8.29646e-03,0,0.7638,0.9331
3.950,65.00,5.0,1.56277e+06,6.00019e-09,6.42942e-07,9.33239e-03,0,0.7638,0.9331
3.950,67.50,5.0,1.75011e+06,6.00019e-09,5.74117e-07,1.04511e-02,0,0.7638,0.9331
3.950,70.00,5.0,1.95186e+06,6.00019e-09,5.14776e-07,1.16559e-02,0,0.7638,0.9331
3.950,72.50,5.0,2.16854e+06,6.00019e-09,4.63338e-07,1.29499e-02,0,0.7638,0.9331
3.950,75.00,5.0,2.40070e+06,6.00019e-09,4.18532e-07,1.43363e-02,0,0.7638,0.9331
3.950,77.50,5.0,2.64886e+06,6.00019e-09,3.79321e-07,1.58182e-02,0,0.7638,0.9331
3.950,80.00,5.0,2.91356e+06,6.00019e-09,3.44859e-07,1.73989e-02,0,0.7638,0.9331
4.000,5.00,5.0,6.98023e+02,5.81443e-09,1.43945e-03,4.03935e-06,0,0.7638,0.9449
4.000,7.50,5.0,2.35583e+03,5.81443e-09,4.26504e-04,1.36328e-05,0,0.7638,0.9449
4.000,10.00,5.0,5.58419e+03,5.81443e-09,1.79931e-04,3.23148e-05,0,0.7638,0.9449
4.000,12.50,5.0,1.09066e+04,5.81443e-09,9.21248e-05,6.31148e-05,0,0.7638,0.9449
4.000,15.00,5.0,1.88466e+04,5.81443e-09,5.33129e-05,1.09062e-04,0,0.7638,0.9449
4.000,17.50,5.0,2.99277e+04,5.81443e-09,3.35732e-05,1.73187e-04,0,0.7638,0.9449
4.000,20.00,5.0,4.46735e+04,5.81443e-09,2.24914e-05,2.58518e-04,0,0.7638,0.9449
4.000,22.50,5.0,6.36074e+04,5.81443e-09,1.57964e-05,3.68085e-04,0,0.7638,0.9449
4.000,25.00,5.0,8.72529e+04,5.81443e-09,1.15156e-05,5.04918e-04,0,0.7638,0.9449
4.000,27.50,5.0,1.16134e+05,5.81443e-09,8.65184e-06,6.72046e-04,0,0.7638,0.9449
4.000,30.00,5.0,1.50773e+05,5.81443e-09,6.66412e-06,8.72499e-04,0,0.7638,0.9449
4.000,32.50,5.0,1.91695e+05,5.81443e-09,5.24151e-06,1.10931e-03,0,0.7638,0.9449
4.000,35.00,5.0,2.39422e+05,5.81443e-09,4.19665e-06,1.38550e-03,0,0.7638,0.9449
4.000,37.50,5.0,2.94479e+05,5.81443e-09,3.41203e-06,1.70410e-03,0,0.7638,0.9449
4.000,40.00,5.0,3.57388e+05,5.81443e-09,2.81142e-06,2.06815e-03,0,0.7638,0.9449
4.000,42.50,5.0,4.28674e+05,5.81443e-09,2.34390e-06,2.48066e-03,0,0.7638,0.9449
4.000,45.00,5.0,5.08859e+05,5.81443e-09,1.97455e-06,2.94468e-03,0,0.7638,0.9449
4.000,47.50,5.0,5.98468e+05,5.81443e-09,1.67890e-06,3.46323e-03,0,0.7638,0.9449
4.000,50.00,5.0,6.98023e+05,5.81443e-09,1.43945e-06,4.03935e-03,0,0.7638,0.9449
4.000,52.50,5.0,8.08049e+05,5.81443e-09,1.24345e-06,4.67605e-03,0,0.7638,0.9449
4.000,55.00,5.0,9.29069e+05,5.81443e-09,1.08148e-06,5.37637e-03,0,0.7638,0.9449
4.000,57.50,5.0,1.06161e+06,5.81443e-09,9.46461e-07,6.14334e-03,0,0.7638,0.9449
4.000,60.00,5.0,1.20618e+06,5.81443e-09,8.33015e-07,6.97999e-03,0,0.7638,0.9449
4.000,62.50,5.0,1.36333e+06,5.81443e-09,7.36998e-07,7.88935e-03,0,0.7638,0.9449
4.000,65.00,5.0,1.53356e+06,5.81443e-09,6.55189e-07,8.87444e-03,0,0.7638,0.9449
4.000,67.50,5.0,1.71740e+06,5.81443e-09,5.85053e-07,9.93831e-03,0,0.7638,0.9449
4.000,70.00,5.0,1.91538e+06,5.81443e-09,5.24581e-07,1.10840e-02,0,0.7638,0.9449
4.000,72.50,5.0,2.12801e+06,5.81443e-09,4.72163e-07,1.23145e-02,0,0.7638,0.9449
4.000,75.00,5.0,2.35583e+06,5.81443e-09,4.26504e-07,1.36328e-02,0,0.7638,0.9449
4.000,77.50,5.0,2.59935e+06,5.81443e-09,3.86546e-07,1.50420e-02,0,0.7638,0.9449
4.000,80.00,5.0,2.85910e+06,5.81443e-09,3.51428e-07,1.65452e-02,0,0.7638,0.9449
0.050,5.00,20.0,1.26646e+05,3.32838e-04,8.04677e-06,4.13629e+01,1,0.7638,0.0118
0.050,7.50,20.0,4.27429e+05,3.32838e-04,2.38423e-06,1.39600e+02,1,0.7638,0.0118
0.050,10.00,20.0,1.01316e+06,3.32838e-04,1.00585e-06,3.30903e+02,1,0.7638,0.0118
0.050,12.50,20.0,1.97884e+06,3.32838e-04,5.14993e-07,6.46295e+02,1,0.7638,0.0118
0.050,15.00,20.0,3.41943e+06,3.32838e-04,2.98028e-07,1.11680e+03,1,0.7638,0.0118
0.050,17.50,20.0,5.42993e+06,3.32838e-04,1.87680e-07,1.77343e+03,1,0.7638,0.0118
0.050,20.00,20.0,8.10532e+06,3.32838e-04,1.25731e-07,2.64723e+03,1,0.7638,0.0118
0.050,22.50,20.0,1.15406e+07,3.32838e-04,8.83047e-08,3.76919e+03,1,0.7638,0.0118
0.050,25.00,20.0,1.58307e+07,3.32838e-04,6.43741e-08,5.17036e+03,1,0.7638,0.0118
0.050,27.50,20.0,2.10707e+07,3.32838e-04,4.83652e-08,6.88175e+03,1,0.7638,0.0118
0.050,30.00,20.0,2.73554e+07,3.32838e-04,3.72535e-08,8.93439e+03,1,0.7638,0.0118
0.050,32.50,20.0,3.47800e+07,3.32838e-04,2.93009e-08,1.13593e+04,1,0.7638,0.0118
0.050,35.00,20.0,4.34394e+07,3.32838e-04,2.34600e-08,1.41875e+04,1,0.7638,0.0118
0.050,37.50,20.0,5.34286e+07,3.32838e-04,1.90738e-08,1.74500e+04,1,0.7638,0.0118
0.050,40.00,20.0,6.48425e+07,3.32838e-04,1.57163e-08,2.11778e+04,1,0.7638,0.0118
0.050,42.50,20.0,7.77762e+07,3.32838e-04,1.31028e-08,2.54020e+04,1,0.7638,0.0118
0.050,45.00,20.0,9.23246e+07,3.32838e-04,1.10381e-08,3.01536e+04,1,0.7638,0.0118
0.050,47.50,20.0,1.08583e+08,3.32838e-04,9.38535e-09,3.54635e+04,1,0.7638,0.0118
0.050,50.00,20.0,1.26646e+08,3.32838e-04,8.04677e-09,4.13629e+04,1,0.7638,0.0118
0.050,52.50,20.0,1.46608e+08,3.32838e-04,6.95110e-09,4.78827e+04,1,0.7638,0.0118
0.050,55.00,20.0,1.68565e+08,3.32838e-04,6.04565e-09,5.50540e+04,1,0.7638,0.0118
0.050,57.50,20.0,1.92612e+08,3.32838e-04,5.29088e-09,6.29078e+04,1,0.7638,0.0118
0.050,60.00,20.0,2.18844e+08,3.32838e-04,4.65669e-09,7.14751e+04,1,0.7638,0.0118
0.050,62.50,20.0,2.47355e+08,3.32838e-04,4.11994e-09,8.07869e+04,1,0.7638,0.0118
0.050,65.00,20.0,2.78240e+08,3.32838e-04,3.66262e-09,9.08743e+04,1,0.7638,0.0118
0.050,67.50,20.0,3.11596e+08,3.32838e-04,3.27054e-09,1.01768e+05,1,0.7638,0.0118
0.050,70.00,20.0,3.47516e+08,3.32838e-04,2.93250e-09,1.13500e+05,1,0.7638,0.0118
0.050,72.50,20.0,3.86095e+08,3.32838e-04,2.63947e-09,1.26100e+05,1,0.7638,0.0118
0.050,75.00,20.0,4.27429e+08,3.32838e-04,2.38423e-09,1.39600e+05,1,0.7638,0.0118
0.050,77.50,20.0,4.71612e+08,3.32838e-04,2.16086e-09,1.54030e+05,1,0.7638,0.0118
0.050,80.00,20.0,5.18740e+08,3.32838e-04,1.96454e-09,1.69422e+05,1,0.7638,0.0118
0.100,5.00,20.0,4.47760e+04,5.88379e-05,2.27597e-05,2.58518e+00,1,0.7638,0.0236
0.100,7.50,20.0,1.51119e+05,5.88379e-05,6.74361e-06,8.72499e+00,1,0.7638,0.0236
0.100,10.00,20.0,3.58208e+05,5.88379e-05,2.84496e-06,2.06815e+01,1,0.7638,0.0236
0.100,12.50,20.0,6.99625e+05,5.88379e-05,1.45662e-06,4.03935e+01,1,0.7638,0.0236
0.100,15.00,20.0,1.20895e+06,5.88379e-05,8.42952e-07,6.97999e+01,1,0.7638,0.0236
0.100,17.50,20.0,1.91977e+06,5.88379e-05,5.30838e-07,1.10840e+02,1,0.7638,0.0236
0.100,20.00,20.0,2.86566e+06,5.88379e-05,3.55620e-07,1.65452e+02,1,0.7638,0.0236
0.100,22.50,20.0,4.08021e+06,5.88379e-05,2.49763e-07,2.35575e+02,1,0.7638,0.0236
0.100,25.00,20.0,5.59700e+06,5.88379e-05,1.82078e-07,3.23148e+02,1,0.7638,0.0236
0.100,27.50,20.0,7.44960e+06,5.88379e-05,1.36798e-07,4.30110e+02,1,0.7638,0.0236
0.100,30.00,20.0,9.67161e+06,5.88379e-05,1.05369e-07,5.58399e+02,1,0.7638,0.0236
0.100,32.50,20.0,1.22966e+07,5.88379e-05,8.28755e-08,7.09955e+02,1,0.7638,0.0236
0.100,35.00,20.0,1.53582e+07,5.88379e-05,6.63548e-08,8.86717e+02,1,0.7638,0.0236
0.100,37.50,20.0,1.88899e+07,5.88379e-05,5.39489e-08,1.09062e+03,1,0.7638,0.0236
0.100,40.00,20.0,2.29253e+07,5.88379e-05,4.44525e-08,1.32361e+03,1,0.7638,0.0236
0.100,42.50,20.0,2.74980e+07,5.88379e-05,3.70604e-08,1.58762e+03,1,0.7638,0.0236
0.100,45.00,20.0,3.26417e+07,5.88379e-05,3.12204e-08,1.88460e+03,1,0.7638,0.0236
0.100,47.50,20.0,3.83898e+07,5.88379e-05,2.65458e-08,2.21647e+03,1,0.7638,0.0236
0.100,50.00,20.0,4.47760e+07,5.88379e-05,2.27597e-08,2.58518e+03,1,0.7638,0.0236
0.100,52.50,20.0,5.18338e+07,5.88379e-05,1.96607e-08,2.99267e+03,1,0.7638,0.0236
0.100,55.00,20.0,5.95968e+07,5.88379e-05,1.70997e-08,3.44088e+03,1,0.7638,0.0236
0.100,57.50,20.0,6.80987e+07,5.88379e-05,1.49649e-08,3.93174e+03,1,0.7638,0.0236
0.100,60.00,20.0,7.73729e+07,5.88379e-05,1.31711e-08,4.46719e+03,1,0.7638,0.0236
0.100,62.50,20.0,8.74531e+07,5.88379e-05,1.16530e-08,5.04918e+03,1,0.7638,0.0236
0.100,65.00,20.0,9.83728e+07,5.88379e-05,1.03594e-08,5.67964e+03,1,0.7638,0.0236
0.100,67.50,20.0,1.10166e+08,5.88379e-05,9.25050e-09,6.36052e+03,1,0.7638,0.0236
0.100,70.00,20.0,1.22865e+08,5.88379e-05,8.29435e-09,7.09374e+03,1,0.7638,0.0236
0.100,72.50,20.0,1.36505e+08,5.88379e-05,7.46556e-09,7.88125e+03,1,0.7638,0.0236
0.100,75.00,20.0,1.51119e+08,5.88379e-05,6.74361e-09,8.72499e+03,1,0.7638,0.0236
0.100,77.50,20.0,1.66740e+08,5.88379e-05,6.11183e-09,9.62689e+03,1,0.7638,0.0236
0.100,80.00,20.0,1.83402e+08,5.88379e-05,5.55657e-09,1.05889e+04,1,0.7638,0.0236
0.150,5.00,20.0,2.43730e+04,2.13515e-05,4.18122e-05,5.10653e-01,0,0.7638,0.0354
0.150,7.50,20.0,8.22587e+04,2.13515e-05,1.23888e-05,1.72345e+00,1,0.7638,0.0354
0.150,10.00,20.0,1.94984e+05,2.13515e-05,5.22653e-06,4.08523e+00,1,0.7638,0.0354
0.150,12.50,20.0,3.80827e+05,2.13515e-05,2.67598e-06,7.97896e+00,1,0.7638,0.0354
0.150,15.00,20.0,6.58070e+05,2.13515e-05,1.54860e-06,1.37876e+01,1,0.7638,0.0354
0.150,17.50,20.0,1.04499e+06,2.13515e-05,9.75212e-07,2.18943e+01,1,0.7638,0.0354
0.150,20.00,20.0,1.55987e+06,2.13515e-05,6.53316e-07,3.26818e+01,1,0.7638,0.0354
0.150,22.50,20.0,2.22099e+06,2.13515e-05,4.58845e-07,4.65333e+01,1,0.7638,0.0354
0.150,25.00,20.0,3.04662e+06,2.13515e-05,3.34498e-07,6.38316e+01,1,0.7638,0.0354
0.150,27.50,20.0,4.05505e+06,2.13515e-05,2.51313e-07,8.49599e+01,1,0.7638,0.0354
0.150,30.00,20.0,5.26456e+06,2.13515e-05,1.93575e-07,1.10301e+02,1,0.7638,0.0354
0.150,32.50,20.0,6.69342e+06,2.13515e-05,1.52252e-07,1.40238e+02,1,0.7638,0.0354
0.150,35.00,20.0,8.35992e+06,2.13515e-05,1.21902e-07,1.75154e+02,1,0.7638,0.0354
0.150,37.50,20.0,1.02823e+07,2.13515e-05,9.91105e-08,2.15432e+02,1,0.7638,0.0354
0.150,40.00,20.0,1.24790e+07,2.13515e-05,8.16645e-08,2.61454e+02,1,0.7638,0.0354
0.150,42.50,20.0,1.49680e+07,2.13515e-05,6.80842e-08,3.13605e+02,1,0.7638,0.0354
0.150,45.00,20.0,1.77679e+07,2.13515e-05,5.73556e-08,3.72266e+02,1,0.7638,0.0354
0.150,47.50,20.0,2.08968e+07,2.13515e-05,4.87677e-08,4.37821e+02,1,0.7638,0.0354
0.150,50.00,20.0,2.43730e+07,2.13515e-05,4.18122e-08,5.10653e+02,1,0.7638,0.0354
0.150,52.50,20.0,2.82147e+07,2.13515e-05,3.61190e-08,5.91145e+02,1,0.7638,0.0354
0.150,55.00,20.0,3.24404e+07,2.13515e-05,3.14141e-08,6.79679e+02,1,0.7638,0.0354
0.150,57.50,20.0,3.70682e+07,2.13515e-05,2.74922e-08,7.76640e+02,1,0.7638,0.0354
0.150,60.00,20.0,4.21165e+07,2.13515e-05,2.41969e-08,8.82409e+02,1,0.7638,0.0354
0.150,62.50,20.0,4.76034e+07,2.13515e-05,2.14079e-08,9.97369e+02,1,0.7638,0.0354
0.150,65.00,20.0,5.35474e+07,2.13515e-05,1.90315e-08,1.12190e+03,1,0.7638,0.0354
0.150,67.50,20.0,5.99666e+07,2.13515e-05,1.69942e-08,1.25640e+03,1,0.7638,0.0354
0.150,70.00,20.0,6.68794e+07,2.13515e-05,1.52377e-08,1.40123e+03,1,0.7638,0.0354
0.150,72.50,20.0,7.43040e+07,2.13515e-05,1.37151e-08,1.55679e+03,1,0.7638,0.0354
0.150,75.00,20.0,8.22587e+07,2.13515e-05,1.23888e-08,1.72345e+03,1,0.7638,0.0354
0.150,77.50,20.0,9.07618e+07,2.13515e-05,1.12281e-08,1.90161e+03,1,0.7638,0.0354
0.150,80.00,20.0,9.98316e+07,2.13515e-05,1.02081e-08,2.09164e+03,1,0.7638,0.0354
0.200,5.00,20.0,1.58307e+04,1.04012e-05,6.43741e-05,1.61574e-01,0,0.7638,0.0472
0.200,7.50,20.0,5.34286e+04,1.04012e-05,1.90738e-05,5.45312e-01,0,0.7638,0.0472
0.200,10.00,20.0,1.26646e+05,1.04012e-05,8.04677e-06,1.29259e+00,1,0.7638,0.0472
0.200,12.50,20.0,2.47355e+05,1.04012e-05,4.11994e-06,2.52459e+00,1,0.7638,0.0472
0.200,15.00,20.0,4.27429e+05,1.04012e-05,2.38423e-06,4.36249e+00,1,0.7638,0.0472
0.200,17.50,20.0,6.78741e+05,1.04012e-05,1.50144e-06,6.92748e+00,1,0.7638,0.0472
0.200,20.00,20.0,1.01316e+06,1.04012e-05,1.00585e-06,1.03407e+01,1,0.7638,0.0472
0.200,22.50,20.0,1.44257e+06,1.04012e-05,7.06438e-07,1.47234e+01,1,0.7638,0.0472
0.200,25.00,20.0,1.97884e+06,1.04012e-05,5.14993e-07,2.01967e+01,1,0.7638,0.0472
0.200,27.50,20.0,2.63383e+06,1.04012e-05,3.86922e-07,2.68818e+01,1,0.7638,0.0472
0.200,30.00,20.0,3.41943e+06,1.04012e-05,2.98028e-07,3.49000e+01,1,0.7638,0.0472
0.200,32.50,20.0,4.34751e+06,1.04012e-05,2.34407e-07,4.43722e+01,1,0.7638,0.0472
0.200,35.00,20.0,5.42993e+06,1.04012e-05,1.87680e-07,5.54198e+01,1,0.7638,0.0472
0.200,37.50,20.0,6.67858e+06,1.04012e-05,1.52591e-07,6.81640e+01,1,0.7638,0.0472
0.200,40.00,20.0,8.10532e+06,1.04012e-05,1.25731e-07,8.27258e+01,1,0.7638,0.0472
0.200,42.50,20.0,9.72203e+06,1.04012e-05,1.04823e-07,9.92265e+01,1,0.7638,0.0472
0.200,45.00,20.0,1.15406e+07,1.04012e-05,8.83047e-08,1.17787e+02,1,0.7638,0.0472
0.200,47.50,20.0,1.35728e+07,1.04012e-05,7.50828e-08,1.38529e+02,1,0.7638,0.0472
0.200,50.00,20.0,1.58307e+07,1.04012e-05,6.43741e-08,1.61574e+02,1,0.7638,0.0472
0.200,52.50,20.0,1.83260e+07,1.04012e-05,5.56088e-08,1.87042e+02,1,0.7638,0.0472
0.200,55.00,20.0,2.10707e+07,1.04012e-05,4.83652e-08,2.15055e+02,1,0.7638,0.0472
0.200,57.50,20.0,2.40765e+07,1.04012e-05,4.23270e-08,2.45734e+02,1,0.7638,0.0472
0.200,60.00,20.0,2.73554e+07,1.04012e-05,3.72535e-08,2.79200e+02,1,0.7638,0.0472
0.200,62.50,20.0,3.09193e+07,1.04012e-05,3.29596e-08,3.15574e+02,1,0.7638,0.0472
0.200,65.00,20.0,3.47800e+07,1.04012e-05,2.93009e-08,3.54978e+02,1,0.7638,0.0472
0.200,67.50,20.0,3.89495e+07,1.04012e-05,2.61644e-08,3.97532e+02,1,0.7638,0.0472
0.200,70.00,20.0,4.34394e+07,1.04012e-05,2.34600e-08,4.43359e+02,1,0.7638,0.0472
0.200,72.50,20.0,4.82619e+07,1.04012e-05,2.11158e-08,4.92578e+02,1,0.7638,0.0472
0.200,75.00,20.0,5.34286e+07,1.04012e-05,1.90738e-08,5.45312e+02,1,0.7638,0.0472
0.200,77.50,20.0,5.89515e+07,1.04012e-05,1.72869e-08,6.01681e+02,1,0.7638,0.0472
0.200,80.00,20.0,6.48425e+07,1.04012e-05,1.57163e-08,6.61806e+02,1,0.7638,0.0472
0.250,5.00,20.0,1.13275e+04,5.95398e-06,8.99656e-05,6.61806e-02,0,0.7638,0.0591
0.250,7.50,20.0,3.82304e+04,5.95398e-06,2.66565e-05,2.23360e-01,0,0.7638,0.0591
0.250,10.00,20.0,9.06202e+04,5.95398e-06,1.12457e-05,5.29445e-01,0,0.7638,0.0591
0.250,12.50,20.0,1.76993e+05,5.95398e-06,5.75780e-06,1.03407e+00,1,0.7638,0.0591
0.250,15.00,20.0,3.05843e+05,5.95398e-06,3.33206e-06,1.78688e+00,1,0.7638,0.0591
0.250,17.50,20.0,4.85668e+05,5.95398e-06,2.09832e-06,2.83750e+00,1,0.7638,0.0591
0.250,20.00,20.0,7.24962e+05,5.95398e-06,1.40571e-06,4.23556e+00,1,0.7638,0.0591
0.250,22.50,20.0,1.03222e+06,5.95398e-06,9.87277e-07,6.03071e+00,1,0.7638,0.0591
0.250,25.00,20.0,1.41594e+06,5.95398e-06,7.19725e-07,8.27258e+00,1,0.7638,0.0591
0.250,27.50,20.0,1.88462e+06,5.95398e-06,5.40740e-07,1.10108e+01,1,0.7638,0.0591
0.250,30.00,20.0,2.44675e+06,5.95398e-06,4.16507e-07,1.42950e+01,1,0.7638,0.0591
0.250,32.50,20.0,3.11082e+06,5.95398e-06,3.27594e-07,1.81749e+01,1,0.7638,0.0591
0.250,35.00,20.0,3.88534e+06,5.95398e-06,2.62290e-07,2.27000e+01,1,0.7638,0.0591
0.250,37.50,20.0,4.77880e+06,5.95398e-06,2.13252e-07,2.79200e+01,1,0.7638,0.0591
0.250,40.00,20.0,5.79969e+06,5.95398e-06,1.75714e-07,3.38845e+01,1,0.7638,0.0591
0.250,42.50,20.0,6.95652e+06,5.95398e-06,1.46494e-07,4.06432e+01,1,0.7638,0.0591
0.250,45.00,20.0,8.25777e+06,5.95398e-06,1.23410e-07,4.82457e+01,1,0.7638,0.0591
0.250,47.50,20.0,9.71194e+06,5.95398e-06,1.04931e-07,5.67416e+01,1,0.7638,0.0591
0.250,50.00,20.0,1.13275e+07,5.95398e-06,8.99656e-08,6.61806e+01,1,0.7638,0.0591
0.250,52.50,20.0,1.31130e+07,5.95398e-06,7.77157e-08,7.66124e+01,1,0.7638,0.0591
0.250,55.00,20.0,1.50769e+07,5.95398e-06,6.75925e-08,8.80864e+01,1,0.7638,0.0591
0.250,57.50,20.0,1.72278e+07,5.95398e-06,5.91538e-08,1.00652e+02,1,0.7638,0.0591
0.250,60.00,20.0,1.95740e+07,5.95398e-06,5.20634e-08,1.14360e+02,1,0.7638,0.0591
0.250,62.50,20.0,2.21241e+07,5.95398e-06,4.60624e-08,1.29259e+02,1,0.7638,0.0591
0.250,65.00,20.0,2.48866e+07,5.95398e-06,4.09493e-08,1.45399e+02,1,0.7638,0.0591
0.250,67.50,20.0,2.78700e+07,5.95398e-06,3.65658e-08,1.62829e+02,1,0.7638,0.0591
0.250,70.00,20.0,3.10827e+07,5.95398e-06,3.27863e-08,1.81600e+02,1,0.7638,0.0591
0.250,72.50,20.0,3.45334e+07,5.95398e-06,2.95102e-08,2.01760e+02,1,0.7638,0.0591
0.250,75.00,20.0,3.82304e+07,5.95398e-06,2.66565e-08,2.23360e+02,1,0.7638,0.0591
0.250,77.50,20.0,4.21823e+07,5.95398e-06,2.41591e-08,2.46448e+02,1,0.7638,0.0591
0.250,80.00,20.0,4.63975e+07,5.95398e-06,2.19643e-08,2.71076e+02,1,0.7638,0.0591
0.300,5.00,20.0,8.61714e+03,3.77446e-06,1.18263e-04,3.19158e-02,0,0.7638,0.0709
0.300,7.50,20.0,2.90829e+04,3.77446e-06,3.50408e-05,1.07716e-01,0,0.7638,0.0709
0.300,10.00,20.0,6.89371e+04,3.77446e-06,1.47829e-05,2.55327e-01,0,0.7638,0.0709
0.300,12.50,20.0,1.34643e+05,3.77446e-06,7.56882e-06,4.98685e-01,0,0.7638,0.0709
0.300,15.00,20.0,2.32663e+05,3.77446e-06,4.38010e-06,8.61727e-01,0,0.7638,0.0709
0.300,17.50,20.0,3.69460e+05,3.77446e-06,2.75832e-06,1.36839e+00,1,0.7638,0.0709
0.300,20.00,20.0,5.51497e+05,3.77446e-06,1.84786e-06,2.04261e+00,1,0.7638,0.0709
0.300,22.50,20.0,7.85237e+05,3.77446e-06,1.29781e-06,2.90833e+00,1,0.7638,0.0709
0.300,25.00,20.0,1.07714e+06,3.77446e-06,9.46103e-07,3.98948e+00,1,0.7638,0.0709
0.300,27.50,20.0,1.43368e+06,3.77446e-06,7.10821e-07,5.30999e+00,1,0.7638,0.0709
0.300,30.00,20.0,1.86130e+06,3.77446e-06,5.47513e-07,6.89382e+00,1,0.7638,0.0709
0.300,32.50,20.0,2.36648e+06,3.77446e-06,4.30634e-07,8.76488e+00,1,0.7638,0.0709
0.300,35.00,20.0,2.95568e+06,3.77446e-06,3.44790e-07,1.09471e+01,1,0.7638,0.0709
0.300,37.50,20.0,3.63536e+06,3.77446e-06,2.80327e-07,1.34645e+01,1,0.7638,0.0709
0.300,40.00,20.0,4.41198e+06,3.77446e-06,2.30982e-07,1.63409e+01,1,0.7638,0.0709
0.300,42.50,20.0,5.29200e+06,3.77446e-06,1.92571e-07,1.96003e+01,1,0.7638,0.0709
0.300,45.00,20.0,6.28190e+06,3.77446e-06,1.62226e-07,2.32666e+01,1,0.7638,0.0709
0.300,47.50,20.0,7.38812e+06,3.77446e-06,1.37936e-07,2.73638e+01,1,0.7638,0.0709
0.300,50.00,20.0,8.61714e+06,3.77446e-06,1.18263e-07,3.19158e+01,1,0.7638,0.0709
0.300,52.50,20.0,9.97542e+06,3.77446e-06,1.02160e-07,3.69466e+01,1,0.7638,0.0709
0.300,55.00,20.0,1.14694e+07,3.77446e-06,8.88526e-08,4.24800e+01,1,0.7638,0.0709
0.300,57.50,20.0,1.31056e+07,3.77446e-06,7.77597e-08,4.85400e+01,1,0.7638,0.0709
0.300,60.00,20.0,1.48904e+07,3.77446e-06,6.84391e-08,5.51505e+01,1,0.7638,0.0709
0.300,62.50,20.0,1.68304e+07,3.77446e-06,6.05506e-08,6.23356e+01,1,0.7638,0.0709
0.300,65.00,20.0,1.89319e+07,3.77446e-06,5.38292e-08,7.01191e+01,1,0.7638,0.0709
0.300,67.50,20.0,2.12014e+07,3.77446e-06,4.80670e-08,7.85249e+01,1,0.7638,0.0709
0.300,70.00,20.0,2.36454e+07,3.77446e-06,4.30987e-08,8.75770e+01,1,0.7638,0.0709
0.300,72.50,20.0,2.62704e+07,3.77446e-06,3.87922e-08,9.72994e+01,1,0.7638,0.0709
0.300,75.00,20.0,2.90829e+07,3.77446e-06,3.50408e-08,1.07716e+02,1,0.7638,0.0709
0.300,77.50,20.0,3.20892e+07,3.77446e-06,3.17580e-08,1.18851e+02,1,0.7638,0.0709
0.300,80.00,20.0,3.52958e+07,3.77446e-06,2.88728e-08,1.30727e+02,1,0.7638,0.0709
0.350,5.00,20.0,6.83822e+03,2.56736e-06,1.49028e-04,1.72274e-02,0,0.7638,0.0827
0.350,7.50,20.0,2.30790e+04,2.56736e-06,4.41565e-05,5.81424e-02,0,0.7638,0.0827
0.350,10.00,20.0,5.47058e+04,2.56736e-06,1.86285e-05,1.37819e-01,0,0.7638,0.0827
0.350,12.50,20.0,1.06847e+05,2.56736e-06,9.53780e-06,2.69178e-01,0,0.7638,0.0827
0.350,15.00,20.0,1.84632e+05,2.56736e-06,5.51956e-06,4.65139e-01,0,0.7638,0.0827
0.350,17.50,20.0,2.93189e+05,2.56736e-06,3.47588e-06,7.38623e-01,0,0.7638,0.0827
0.350,20.00,20.0,4.37646e+05,2.56736e-06,2.32857e-06,1.10255e+00,1,0.7638,0.0827
0.350,22.50,20.0,6.23133e+05,2.56736e-06,1.63543e-06,1.56984e+00,1,0.7638,0.0827
0.350,25.00,20.0,8.54777e+05,2.56736e-06,1.19223e-06,2.15342e+00,1,0.7638,0.0827
0.350,27.50,20.0,1.13771e+06,2.56736e-06,8.95737e-07,2.86620e+00,1,0.7638,0.0827
0.350,30.00,20.0,1.47706e+06,2.56736e-06,6.89945e-07,3.72111e+00,1,0.7638,0.0827
0.350,32.50,20.0,1.87795e+06,2.56736e-06,5.42661e-07,4.73107e+00,1,0.7638,0.0827
0.350,35.00,20.0,2.34551e+06,2.56736e-06,4.34485e-07,5.90899e+00,1,0.7638,0.0827
0.350,37.50,20.0,2.88487e+06,2.56736e-06,3.53252e-07,7.26779e+00,1,0.7638,0.0827
0.350,40.00,20.0,3.50117e+06,2.56736e-06,2.91071e-07,8.82041e+00,1,0.7638,0.0827
0.350,42.50,20.0,4.19952e+06,2.56736e-06,2.42668e-07,1.05798e+01,1,0.7638,0.0827
0.350,45.00,20.0,4.98506e+06,2.56736e-06,2.04428e-07,1.25587e+01,1,0.7638,0.0827
0.350,47.50,20.0,5.86292e+06,2.56736e-06,1.73819e-07,1.47703e+01,1,0.7638,0.0827
0.350,50.00,20.0,6.83822e+06,2.56736e-06,1.49028e-07,1.72274e+01,1,0.7638,0.0827
0.350,52.50,20.0,7.91609e+06,2.56736e-06,1.28736e-07,1.99428e+01,1,0.7638,0.0827
0.350,55.00,20.0,9.10167e+06,2.56736e-06,1.11967e-07,2.29296e+01,1,0.7638,0.0827
0.350,57.50,20.0,1.04001e+07,2.56736e-06,9.79885e-08,2.62007e+01,1,0.7638,0.0827
0.350,60.00,20.0,1.18164e+07,2.56736e-06,8.62432e-08,2.97689e+01,1,0.7638,0.0827
0.350,62.50,20.0,1.33559e+07,2.56736e-06,7.63024e-08,3.36472e+01,1,0.7638,0.0827
0.350,65.00,20.0,1.50236e+07,2.56736e-06,6.78326e-08,3.78485e+01,1,0.7638,0.0827
0.350,67.50,20.0,1.68246e+07,2.56736e-06,6.05713e-08,4.23858e+01,1,0.7638,0.0827
0.350,70.00,20.0,1.87641e+07,2.56736e-06,5.43106e-08,4.72719e+01,1,0.7638,0.0827
0.350,72.50,20.0,2.08472e+07,2.56736e-06,4.88837e-08,5.25198e+01,1,0.7638,0.0827
0.350,75.00,20.0,2.30790e+07,2.56736e-06,4.41565e-08,5.81424e+01,1,0.7638,0.0827
0.350,77.50,20.0,2.54647e+07,2.56736e-06,4.00197e-08,6.41526e+01,1,0.7638,0.0827
0.350,80.00,20.0,2.80093e+07,2.56736e-06,3.63838e-08,7.05633e+01,1,0.7638,0.0827
0.400,5.00,20.0,5.59700e+03,1.83869e-06,1.82078e-04,1.00984e-02,0,0.7638,0.0945
0.400,7.50,20.0,1.88899e+04,1.83869e-06,5.39489e-05,3.40820e-02,0,0.7638,0.0945
0.400,10.00,20.0,4.47760e+04,1.83869e-06,2.27597e-05,8.07869e-02,0,0.7638,0.0945
0.400,12.50,20.0,8.74531e+04,1.83869e-06,1.16530e-05,1.57787e-01,0,0.7638,0.0945
0.400,15.00,20.0,1.51119e+05,1.83869e-06,6.74361e-06,2.72656e-01,0,0.7638,0.0945
0.400,17.50,20.0,2.39971e+05,1.83869e-06,4.24671e-06,4.32967e-01,0,0.7638,0.0945
0.400,20.00,20.0,3.58208e+05,1.83869e-06,2.84496e-06,6.46295e-01,0,0.7638,0.0945
0.400,22.50,20.0,5.10026e+05,1.83869e-06,1.99811e-06,9.20214e-01,0,0.7638,0.0945
0.400,25.00,20.0,6.99625e+05,1.83869e-06,1.45662e-06,1.26230e+00,1,0.7638,0.0945
0.400,27.50,20.0,9.31200e+05,1.83869e-06,1.09438e-06,1.68012e+00,1,0.7638,0.0945
0.400,30.00,20.0,1.20895e+06,1.83869e-06,8.42952e-07,2.18125e+00,1,0.7638,0.0945
0.400,32.50,20.0,1.53708e+06,1.83869e-06,6.63004e-07,2.77326e+00,1,0.7638,0.0945
0.400,35.00,20.0,1.91977e+06,1.83869e-06,5.30838e-07,3.46374e+00,1,0.7638,0.0945
0.400,37.50,20.0,2.36123e+06,1.83869e-06,4.31591e-07,4.26025e+00,1,0.7638,0.0945
0.400,40.00,20.0,2.86566e+06,1.83869e-06,3.55620e-07,5.17036e+00,1,0.7638,0.0945
0.400,42.50,20.0,3.43726e+06,1.83869e-06,2.96483e-07,6.20166e+00,1,0.7638,0.0945
0.400,45.00,20.0,4.08021e+06,1.83869e-06,2.49763e-07,7.36171e+00,1,0.7638,0.0945
0.400,47.50,20.0,4.79873e+06,1.83869e-06,2.12366e-07,8.65809e+00,1,0.7638,0.0945
0.400,50.00,20.0,5.59700e+06,1.83869e-06,1.82078e-07,1.00984e+01,1,0.7638,0.0945
0.400,52.50,20.0,6.47922e+06,1.83869e-06,1.57285e-07,1.16901e+01,1,0.7638,0.0945
0.400,55.00,20.0,7.44960e+06,1.83869e-06,1.36798e-07,1.34409e+01,1,0.7638,0.0945
0.400,57.50,20.0,8.51233e+06,1.83869e-06,1.19719e-07,1.53584e+01,1,0.7638,0.0945
0.400,60.00,20.0,9.67161e+06,1.83869e-06,1.05369e-07,1.74500e+01,1,0.7638,0.0945
0.400,62.50,20.0,1.09316e+07,1.83869e-06,9.32237e-08,1.97234e+01,1,0.7638,0.0945
0.400,65.00,20.0,1.22966e+07,1.83869e-06,8.28755e-08,2.21861e+01,1,0.7638,0.0945
0.400,67.50,20.0,1.37707e+07,1.83869e-06,7.40040e-08,2.48458e+01,1,0.7638,0.0945
0.400,70.00,20.0,1.53582e+07,1.83869e-06,6.63548e-08,2.77099e+01,1,0.7638,0.0945
0.400,72.50,20.0,1.70631e+07,1.83869e-06,5.97245e-08,3.07861e+01,1,0.7638,0.0945
0.400,75.00,20.0,1.88899e+07,1.83869e-06,5.39489e-08,3.40820e+01,1,0.7638,0.0945
0.400,77.50,20.0,2.08425e+07,1.83869e-06,4.88946e-08,3.76051e+01,1,0.7638,0.0945
0.400,80.00,20.0,2.29253e+07,1.83869e-06,4.44525e-08,4.13629e+01,1,0.7638,0.0945
0.450,5.00,20.0,4.69058e+03,1.36970e-06,2.17263e-04,6.30436e-03,0,0.7638,0.1063
0.450,7.50,20.0,1.58307e+04,1.36970e-06,6.43741e-05,2.12772e-02,0,0.7638,0.1063
0.450,10.00,20.0,3.75246e+04,1.36970e-06,2.71578e-05,5.04349e-02,0,0.7638,0.1063
0.450,12.50,20.0,7.32903e+04,1.36970e-06,1.39048e-05,9.85056e-02,0,0.7638,0.1063
0.450,15.00,20.0,1.26646e+05,1.36970e-06,8.04677e-06,1.70218e-01,0,0.7638,0.1063
0.450,17.50,20.0,2.01109e+05,1.36970e-06,5.06735e-06,2.70299e-01,0,0.7638,0.1063
0.450,20.00,20.0,3.00197e+05,1.36970e-06,3.39473e-06,4.03479e-01,0,0.7638,0.1063
0.450,22.50,20.0,4.27429e+05,1.36970e-06,2.38423e-06,5.74485e-01,0,0.7638,0.1063
0.450,25.00,20.0,5.86322e+05,1.36970e-06,1.73810e-06,7.88045e-01,0,0.7638,0.1063
0.450,27.50,20.0,7.80395e+05,1.36970e-06,1.30586e-06,1.04889e+00,1,0.7638,0.1063
0.450,30.00,20.0,1.01316e+06,1.36970e-06,1.00585e-06,1.36174e+00,1,0.7638,0.1063
0.450,32.50,20.0,1.28815e+06,1.36970e-06,7.91125e-07,1.73133e+00,1,0.7638,0.1063
0.450,35.00,20.0,1.60887e+06,1.36970e-06,6.33419e-07,2.16240e+00,1,0.7638,0.1063
0.450,37.50,20.0,1.97884e+06,1.36970e-06,5.14993e-07,2.65965e+00,1,0.7638,0.1063
0.450,40.00,20.0,2.40158e+06,1.36970e-06,4.24341e-07,3.22783e+00,1,0.7638,0.1063
0.450,42.50,20.0,2.88060e+06,1.36970e-06,3.53776e-07,3.87166e+00,1,0.7638,0.1063
0.450,45.00,20.0,3.41943e+06,1.36970e-06,2.98028e-07,4.59588e+00,1,0.7638,0.1063
0.450,47.50,20.0,4.02158e+06,1.36970e-06,2.53405e-07,5.40520e+00,1,0.7638,0.1063
0.450,50.00,20.0,4.69058e+06,1.36970e-06,2.17263e-07,6.30436e+00,1,0.7638,0.1063
0.450,52.50,20.0,5.42993e+06,1.36970e-06,1.87680e-07,7.29808e+00,1,0.7638,0.1063
0.450,55.00,20.0,6.24316e+06,1.36970e-06,1.63233e-07,8.39110e+00,1,0.7638,0.1063
0.450,57.50,20.0,7.13378e+06,1.36970e-06,1.42854e-07,9.58814e+00,1,0.7638,0.1063
0.450,60.00,20.0,8.10532e+06,1.36970e-06,1.25731e-07,1.08939e+01,1,0.7638,0.1063
0.450,62.50,20.0,9.16128e+06,1.36970e-06,1.11238e-07,1.23132e+01,1,0.7638,0.1063
0.450,65.00,20.0,1.03052e+07,1.36970e-06,9.88906e-08,1.38507e+01,1,0.7638,0.1063
0.450,67.50,20.0,1.15406e+07,1.36970e-06,8.83047e-08,1.55111e+01,1,0.7638,0.1063
0.450,70.00,20.0,1.28709e+07,1.36970e-06,7.91774e-08,1.72992e+01,1,0.7638,0.1063
0.450,72.50,20.0,1.42998e+07,1.36970e-06,7.12658e-08,1.92196e+01,1,0.7638,0.1063
0.450,75.00,20.0,1.58307e+07,1.36970e-06,6.43741e-08,2.12772e+01,1,0.7638,0.1063
0.450,77.50,20.0,1.74671e+07,1.36970e-06,5.83432e-08,2.34766e+01,1,0.7638,0.1063
0.450,80.00,20.0,1.92126e+07,1.36970e-06,5.30426e-08,2.58227e+01,1,0.7638,0.1063
0.500,5.00,20.0,4.00489e+03,1.05253e-06,2.54461e-04,4.13629e-03,0,0.7638,0.1181
0.500,7.50,20.0,1.35165e+04,1.05253e-06,7.53959e-05,1.39600e-02,0,0.7638,0.1181
0.500,10.00,20.0,3.20391e+04,1.05253e-06,3.18076e-05,3.30903e-02,0,0.7638,0.1181
0.500,12.50,20.0,6.25763e+04,1.05253e-06,1.62855e-05,6.46295e-02,0,0.7638,0.1181
0.500,15.00,20.0,1.08132e+05,1.05253e-06,9.42449e-06,1.11680e-01,0,0.7638,0.1181
0.500,17.50,20.0,1.71709e+05,1.05253e-06,5.93495e-06,1.77343e-01,0,0.7638,0.1181
0.500,20.00,20.0,2.56313e+05,1.05253e-06,3.97595e-06,2.64723e-01,0,0.7638,0.1181
0.500,22.50,20.0,3.64945e+05,1.05253e-06,2.79244e-06,3.76919e-01,0,0.7638,0.1181
0.500,25.00,20.0,5.00611e+05,1.05253e-06,2.03569e-06,5.17036e-01,0,0.7638,0.1181
0.500,27.50,20.0,6.66313e+05,1.05253e-06,1.52944e-06,6.88175e-01,0,0.7638,0.1181
0.500,30.00,20.0,8.65055e+05,1.05253e-06,1.17806e-06,8.93439e-01,0,0.7638,0.1181
0.500,32.50,20.0,1.09984e+06,1.05253e-06,9.26577e-07,1.13593e+00,1,0.7638,0.1181
0.500,35.00,20.0,1.37368e+06,1.05253e-06,7.41869e-07,1.41875e+00,1,0.7638,0.1181
0.500,37.50,20.0,1.68956e+06,1.05253e-06,6.03167e-07,1.74500e+00,1,0.7638,0.1181
0.500,40.00,20.0,2.05050e+06,1.05253e-06,4.96994e-07,2.11778e+00,1,0.7638,0.1181
0.500,42.50,20.0,2.45950e+06,1.05253e-06,4.14347e-07,2.54020e+00,1,0.7638,0.1181
0.500,45.00,20.0,2.91956e+06,1.05253e-06,3.49055e-07,3.01536e+00,1,0.7638,0.1181
0.500,47.50,20.0,3.43369e+06,1.05253e-06,2.96791e-07,3.54635e+00,1,0.7638,0.1181
0.500,50.00,20.0,4.00489e+06,1.05253e-06,2.54461e-07,4.13629e+00,1,0.7638,0.1181
0.500,52.50,20.0,4.63616e+06,1.05253e-06,2.19813e-07,4.78827e+00,1,0.7638,0.1181
0.500,55.00,20.0,5.33050e+06,1.05253e-06,1.91180e-07,5.50540e+00,1,0.7638,0.1181
0.500,57.50,20.0,6.09093e+06,1.05253e-06,1.67312e-07,6.29078e+00,1,0.7638,0.1181
0.500,60.00,20.0,6.92044e+06,1.05253e-06,1.47258e-07,7.14751e+00,1,0.7638,0.1181
0.500,62.50,20.0,7.82204e+06,1.05253e-06,1.30284e-07,8.07869e+00,1,0.7638,0.1181
0.500,65.00,20.0,8.79873e+06,1.05253e-06,1.15822e-07,9.08743e+00,1,0.7638,0.1181
0.500,67.50,20.0,9.85352e+06,1.05253e-06,1.03424e-07,1.01768e+01,1,0.7638,0.1181
0.500,70.00,20.0,1.09894e+07,1.05253e-06,9.27336e-08,1.13500e+01,1,0.7638,0.1181
0.500,72.50,20.0,1.22094e+07,1.05253e-06,8.34675e-08,1.26100e+01,1,0.7638,0.1181
0.500,75.00,20.0,1.35165e+07,1.05253e-06,7.53959e-08,1.39600e+01,1,0.7638,0.1181
0.500,77.50,20.0,1.49137e+07,1.05253e-06,6.83323e-08,1.54030e+01,1,0.7638,0.1181
0.500,80.00,20.0,1.64040e+07,1.05253e-06,6.21243e-08,1.69422e+01,1,0.7638,0.1181
0.550,5.00,20.0,3.47137e+03,8.29375e-07,2.93569e-04,2.82514e-03,0,0.7638,0.1299
0.550,7.50,20.0,1.17159e+04,8.29375e-07,8.69835e-05,9.53485e-03,0,0.7638,0.1299
0.550,10.00,20.0,2.77710e+04,8.29375e-07,3.66961e-05,2.26011e-02,0,0.7638,0.1299
0.550,12.50,20.0,5.42402e+04,8.29375e-07,1.87884e-05,4.41428e-02,0,0.7638,0.1299
0.550,15.00,20.0,9.37270e+04,8.29375e-07,1.08729e-05,7.62788e-02,0,0.7638,0.1299
0.550,17.50,20.0,1.48835e+05,8.29375e-07,6.84709e-06,1.21128e-01,0,0.7638,0.1299
0.550,20.00,20.0,2.22168e+05,8.29375e-07,4.58702e-06,1.80809e-01,0,0.7638,0.1299
0.550,22.50,20.0,3.16329e+05,8.29375e-07,3.22161e-06,2.57441e-01,0,0.7638,0.1299
0.550,25.00,20.0,4.33921e+05,8.29375e-07,2.34855e-06,3.53143e-01,0,0.7638,0.1299
0.550,27.50,20.0,5.77549e+05,8.29375e-07,1.76450e-06,4.70033e-01,0,0.7638,0.1299
0.550,30.00,20.0,7.49816e+05,8.29375e-07,1.35912e-06,6.10231e-01,0,0.7638,0.1299
0.550,32.50,20.0,9.53325e+05,8.29375e-07,1.06898e-06,7.75855e-01,0,0.7638,0.1299
0.550,35.00,20.0,1.19068e+06,8.29375e-07,8.55887e-07,9.69024e-01,0,0.7638,0.1299
0.550,37.50,20.0,1.46448e+06,8.29375e-07,6.95868e-07,1.19186e+00,1,0.7638,0.1299
0.550,40.00,20.0,1.77734e+06,8.29375e-07,5.73377e-07,1.44647e+00,1,0.7638,0.1299
0.550,42.50,20.0,2.13186e+06,8.29375e-07,4.78028e-07,1.73499e+00,1,0.7638,0.1299
0.550,45.00,20.0,2.53063e+06,8.29375e-07,4.02701e-07,2.05953e+00,1,0.7638,0.1299
0.550,47.50,20.0,2.97627e+06,8.29375e-07,3.42405e-07,2.42221e+00,1,0.7638,0.1299
0.550,50.00,20.0,3.47137e+06,8.29375e-07,2.93569e-07,2.82514e+00,1,0.7638,0.1299
0.550,52.50,20.0,4.01855e+06,8.29375e-07,2.53596e-07,3.27046e+00,1,0.7638,0.1299
0.550,55.00,20.0,4.62040e+06,8.29375e-07,2.20563e-07,3.76026e+00,1,0.7638,0.1299
0.550,57.50,20.0,5.27952e+06,8.29375e-07,1.93026e-07,4.29669e+00,1,0.7638,0.1299
0.550,60.00,20.0,5.99853e+06,8.29375e-07,1.69890e-07,4.88185e+00,1,0.7638,0.1299
0.550,62.50,20.0,6.78002e+06,8.29375e-07,1.50307e-07,5.51786e+00,1,0.7638,0.1299
0.550,65.00,20.0,7.62660e+06,8.29375e-07,1.33623e-07,6.20684e+00,1,0.7638,0.1299
0.550,67.50,20.0,8.54088e+06,8.29375e-07,1.19319e-07,6.95091e+00,1,0.7638,0.1299
0.550,70.00,20.0,9.52544e+06,8.29375e-07,1.06986e-07,7.75219e+00,1,0.7638,0.1299
0.550,72.50,20.0,1.05829e+07,8.29375e-07,9.62956e-08,8.61280e+00,1,0.7638,0.1299
0.550,75.00,20.0,1.17159e+07,8.29375e-07,8.69835e-08,9.53485e+00,1,0.7638,0.1299
0.550,77.50,20.0,1.29270e+07,8.29375e-07,7.88343e-08,1.05205e+01,1,0.7638,0.1299
0.550,80.00,20.0,1.42187e+07,8.29375e-07,7.16722e-08,1.15718e+01,1,0.7638,0.1299
0.600,5.00,20.0,3.04662e+03,6.67236e-07,3.34498e-04,1.99474e-03,0,0.7638,0.1417
0.600,7.50,20.0,1.02823e+04,6.67236e-07,9.91105e-05,6.73224e-03,0,0.7638,0.1417
0.600,10.00,20.0,2.43730e+04,6.67236e-07,4.18122e-05,1.59579e-02,0,0.7638,0.1417
0.600,12.50,20.0,4.76034e+04,6.67236e-07,2.14079e-05,3.11678e-02,0,0.7638,0.1417
0.600,15.00,20.0,8.22587e+04,6.67236e-07,1.23888e-05,5.38579e-02,0,0.7638,0.1417
0.600,17.50,20.0,1.30624e+05,6.67236e-07,7.80170e-06,8.55244e-02,0,0.7638,0.1417
0.600,20.00,20.0,1.94984e+05,6.67236e-07,5.22653e-06,1.27663e-01,0,0.7638,0.1417
0.600,22.50,20.0,2.77623e+05,6.67236e-07,3.67076e-06,1.81771e-01,0,0.7638,0.1417
0.600,25.00,20.0,3.80827e+05,6.67236e-07,2.67598e-06,2.49342e-01,0,0.7638,0.1417
0.600,27.50,20.0,5.06881e+05,6.67236e-07,2.01051e-06,3.31875e-01,0,0.7638,0.1417
0.600,30.00,20.0,6.58070e+05,6.67236e-07,1.54860e-06,4.30864e-01,0,0.7638,0.1417
0.600,32.50,20.0,8.36678e+05,6.67236e-07,1.21802e-06,5.47805e-01,0,0.7638,0.1417
0.600,35.00,20.0,1.04499e+06,6.67236e-07,9.75212e-07,6.84195e-01,0,0.7638,0.1417
0.600,37.50,20.0,1.28529e+06,6.67236e-07,7.92884e-07,8.41530e-01,0,0.7638,0.1417
0.600,40.00,20.0,1.55987e+06,6.67236e-07,6.53316e-07,1.02131e+00,1,0.7638,0.1417
0.600,42.50,20.0,1.87101e+06,6.67236e-07,5.44674e-07,1.22502e+00,1,0.7638,0.1417
0.600,45.00,20.0,2.22099e+06,6.67236e-07,4.58845e-07,1.45416e+00,1,0.7638,0.1417
0.600,47.50,20.0,2.61210e+06,6.67236e-07,3.90142e-07,1.71024e+00,1,0.7638,0.1417
0.600,50.00,20.0,3.04662e+06,6.67236e-07,3.34498e-07,1.99474e+00,1,0.7638,0.1417
0.600,52.50,20.0,3.52684e+06,6.67236e-07,2.88952e-07,2.30916e+00,1,0.7638,0.1417
0.600,55.00,20.0,4.05505e+06,6.67236e-07,2.51313e-07,2.65500e+00,1,0.7638,0.1417
0.600,57.50,20.0,4.63353e+06,6.67236e-07,2.19938e-07,3.03375e+00,1,0.7638,0.1417
0.600,60.00,20.0,5.26456e+06,6.67236e-07,1.93575e-07,3.44691e+00,1,0.7638,0.1417
0.600,62.50,20.0,5.95043e+06,6.67236e-07,1.71263e-07,3.89597e+00,1,0.7638,0.1417
0.600,65.00,20.0,6.69342e+06,6.67236e-07,1.52252e-07,4.38244e+00,1,0.7638,0.1417
0.600,67.50,20.0,7.49583e+06,6.67236e-07,1.35954e-07,4.90781e+00,1,0.7638,0.1417
0.600,70.00,20.0,8.35992e+06,6.67236e-07,1.21902e-07,5.47356e+00,1,0.7638,0.1417
0.600,72.50,20.0,9.28800e+06,6.67236e-07,1.09721e-07,6.08121e+00,1,0.7638,0.1417
0.600,75.00,20.0,1.02823e+07,6.67236e-07,9.91105e-08,6.73224e+00,1,0.7638,0.1417
0.600,77.50,20.0,1.13452e+07,6.67236e-07,8.98252e-08,7.42816e+00,1,0.7638,0.1417
0.600,80.00,20.0,1.24790e+07,6.67236e-07,8.16645e-08,8.17045e+00,1,0.7638,0.1417
0.650,5.00,20.0,2.70194e+03,5.46228e-07,3.77169e-04,1.44823e-03,0,0.7638,0.1536
0.650,7.50,20.0,9.11903e+03,5.46228e-07,1.11754e-04,4.88778e-03,0,0.7638,0.1536
0.650,10.00,20.0,2.16155e+04,5.46228e-07,4.71462e-05,1.15858e-02,0,0.7638,0.1536
0.650,12.50,20.0,4.22178e+04,5.46228e-07,2.41388e-05,2.26286e-02,0,0.7638,0.1536
0.650,15.00,20.0,7.29523e+04,5.46228e-07,1.39692e-05,3.91022e-02,0,0.7638,0.1536
0.650,17.50,20.0,1.15846e+05,5.46228e-07,8.79695e-06,6.20929e-02,0,0.7638,0.1536
0.650,20.00,20.0,1.72924e+05,5.46228e-07,5.89327e-06,9.26867e-02,0,0.7638,0.1536
0.650,22.50,20.0,2.46214e+05,5.46228e-07,4.13903e-06,1.31970e-01,0,0.7638,0.1536
0.650,25.00,20.0,3.37742e+05,5.46228e-07,3.01736e-06,1.81029e-01,0,0.7638,0.1536
0.650,27.50,20.0,4.49535e+05,5.46228e-07,2.26698e-06,2.40949e-01,0,0.7638,0.1536
0.650,30.00,20.0,5.83618e+05,5.46228e-07,1.74615e-06,3.12818e-01,0,0.7638,0.1536
0.650,32.50,20.0,7.42019e+05,5.46228e-07,1.37340e-06,3.97720e-01,0,0.7638,0.1536
0.650,35.00,20.0,9.26764e+05,5.46228e-07,1.09962e-06,4.96743e-01,0,0.7638,0.1536
0.650,37.50,20.0,1.13988e+06,5.46228e-07,8.94031e-07,6.10972e-01,0,0.7638,0.1536
0.650,40.00,20.0,1.38339e+06,5.46228e-07,7.36659e-07,7.41494e-01,0,0.7638,0.1536
0.650,42.50,20.0,1.65933e+06,5.46228e-07,6.14157e-07,8.89394e-01,0,0.7638,0.1536
0.650,45.00,20.0,1.96971e+06,5.46228e-07,5.17379e-07,1.05576e+00,1,0.7638,0.1536
0.650,47.50,20.0,2.31657e+06,5.46228e-07,4.39912e-07,1.24168e+00,1,0.7638,0.1536
0.650,50.00,20.0,2.70194e+06,5.46228e-07,3.77169e-07,1.44823e+00,1,0.7638,0.1536
0.650,52.50,20.0,3.12783e+06,5.46228e-07,3.25813e-07,1.67651e+00,1,0.7638,0.1536
0.650,55.00,20.0,3.59628e+06,5.46228e-07,2.83373e-07,1.92759e+00,1,0.7638,0.1536
0.650,57.50,20.0,4.10931e+06,5.46228e-07,2.47995e-07,2.20258e+00,1,0.7638,0.1536
0.650,60.00,20.0,4.66895e+06,5.46228e-07,2.18269e-07,2.50254e+00,1,0.7638,0.1536
0.650,62.50,20.0,5.27722e+06,5.46228e-07,1.93111e-07,2.82857e+00,1,0.7638,0.1536
0.650,65.00,20.0,5.93615e+06,5.46228e-07,1.71675e-07,3.18176e+00,1,0.7638,0.1536
0.650,67.50,20.0,6.64778e+06,5.46228e-07,1.53298e-07,3.56319e+00,1,0.7638,0.1536
0.650,70.00,20.0,7.41411e+06,5.46228e-07,1.37452e-07,3.97394e+00,1,0.7638,0.1536
0.650,72.50,20.0,8.23719e+06,5.46228e-07,1.23718e-07,4.41511e+00,1,0.7638,0.1536
0.650,75.00,20.0,9.11903e+06,5.46228e-07,1.11754e-07,4.88778e+00,1,0.7638,0.1536
0.650,77.50,20.0,1.00617e+07,5.46228e-07,1.01284e-07,5.39303e+00,1,0.7638,0.1536
0.650,80.00,20.0,1.10671e+07,5.46228e-07,9.20824e-08,5.93195e+00,1,0.7638,0.1536
0.700,5.00,20.0,2.41768e+03,4.53850e-07,4.21515e-04,1.07671e-03,0,0.7638,0.1654
0.700,7.50,20.0,8.15966e+03,4.53850e-07,1.24893e-04,3.63390e-03,0,0.7638,0.1654
0.700,10.00,20.0,1.93414e+04,4.53850e-07,5.26894e-05,8.61368e-03,0,0.7638,0.1654
0.700,12.50,20.0,3.77762e+04,4.53850e-07,2.69770e-05,1.68236e-02,0,0.7638,0.1654
0.700,15.00,20.0,6.52772e+04,4.53850e-07,1.56117e-05,2.90712e-02,0,0.7638,0.1654
0.700,17.50,20.0,1.03658e+05,4.53850e-07,9.83126e-06,4.61640e-02,0,0.7638,0.1654
0.700,20.00,20.0,1.54731e+05,4.53850e-07,6.58618e-06,6.89095e-02,0,0.7638,0.1654
0.700,22.50,20.0,2.20311e+05,4.53850e-07,4.62568e-06,9.81152e-02,0,0.7638,0.1654
0.700,25.00,20.0,3.02209e+05,4.53850e-07,3.37212e-06,1.34589e-01,0,0.7638,0.1654
0.700,27.50,20.0,4.02241e+05,4.53850e-07,2.53353e-06,1.79138e-01,0,0.7638,0.1654
0.700,30.00,20.0,5.22218e+05,4.53850e-07,1.95146e-06,2.32569e-01,0,0.7638,0.1654
0.700,32.50,20.0,6.63954e+05,4.53850e-07,1.53488e-06,2.95692e-01,0,0.7638,0.1654
0.700,35.00,20.0,8.29263e+05,4.53850e-07,1.22891e-06,3.69312e-01,0,0.7638,0.1654
0.700,37.50,20.0,1.01996e+06,4.53850e-07,9.99148e-07,4.54237e-01,0,0.7638,0.1654
0.700,40.00,20.0,1.23785e+06,4.53850e-07,8.23272e-07,5.51276e-01,0,0.7638,0.1654
0.700,42.50,20.0,1.48476e+06,4.53850e-07,6.86367e-07,6.61235e-01,0,0.7638,0.1654
0.700,45.00,20.0,1.76249e+06,4.53850e-07,5.78210e-07,7.84922e-01,0,0.7638,0.1654
0.700,47.50,20.0,2.07285e+06,4.53850e-07,4.91635e-07,9.23145e-01,0,0.7638,0.1654
0.700,50.00,20.0,2.41768e+06,4.53850e-07,4.21515e-07,1.07671e+00,1,0.7638,0.1654
0.700,52.50,20.0,2.79876e+06,4.53850e-07,3.64121e-07,1.24643e+00,1,0.7638,0.1654
0.700,55.00,20.0,3.21793e+06,4.53850e-07,3.16691e-07,1.43310e+00,1,0.7638,0.1654
0.700,57.50,20.0,3.67698e+06,4.53850e-07,2.77153e-07,1.63754e+00,1,0.7638,0.1654
0.700,60.00,20.0,4.17774e+06,4.53850e-07,2.43933e-07,1.86056e+00,1,0.7638,0.1654
0.700,62.50,20.0,4.72202e+06,4.53850e-07,2.15816e-07,2.10295e+00,1,0.7638,0.1654
0.700,65.00,20.0,5.31163e+06,4.53850e-07,1.91860e-07,2.36553e+00,1,0.7638,0.1654
0.700,67.50,20.0,5.94839e+06,4.53850e-07,1.71322e-07,2.64911e+00,1,0.7638,0.1654
0.700,70.00,20.0,6.63410e+06,4.53850e-07,1.53613e-07,2.95449e+00,1,0.7638,0.1654
0.700,72.50,20.0,7.37059e+06,4.53850e-07,1.38264e-07,3.28249e+00,1,0.7638,0.1654
0.700,75.00,20.0,8.15966e+06,4.53850e-07,1.24893e-07,3.63390e+00,1,0.7638,0.1654
0.700,77.50,20.0,9.00312e+06,4.53850e-07,1.13193e-07,4.00953e+00,1,0.7638,0.1654
0.700,80.00,20.0,9.90280e+06,4.53850e-07,1.02909e-07,4.41021e+00,1,0.7638,0.1654
0.750,5.00,20.0,2.17998e+03,3.81948e-07,4.67475e-04,8.17045e-04,0,0.7638,0.1772
0.750,7.50,20.0,7.35744e+03,3.81948e-07,1.38511e-04,2.75753e-03,0,0.7638,0.1772
0.750,10.00,20.0,1.74399e+04,3.81948e-07,5.84344e-05,6.53636e-03,0,0.7638,0.1772
0.750,12.50,20.0,3.40622e+04,3.81948e-07,2.99184e-05,1.27663e-02,0,0.7638,0.1772
0.750,15.00,20.0,5.88596e+04,3.81948e-07,1.73139e-05,2.20602e-02,0,0.7638,0.1772
0.750,17.50,20.0,9.34668e+04,3.81948e-07,1.09032e-05,3.50308e-02,0,0.7638,0.1772
0.750,20.00,20.0,1.39519e+05,3.81948e-07,7.30430e-06,5.22909e-02,0,0.7638,0.1772
0.750,22.50,20.0,1.98651e+05,3.81948e-07,5.13004e-06,7.44532e-02,0,0.7638,0.1772
0.750,25.00,20.0,2.72498e+05,3.81948e-07,3.73980e-06,1.02131e-01,0,0.7638,0.1772
0.750,27.50,20.0,3.62695e+05,3.81948e-07,2.80977e-06,1.35936e-01,0,0.7638,0.1772
0.750,30.00,20.0,4.70876e+05,3.81948e-07,2.16424e-06,1.76482e-01,0,0.7638,0.1772
0.750,32.50,20.0,5.98678e+05,3.81948e-07,1.70223e-06,2.24381e-01,0,0.7638,0.1772
0.750,35.00,20.0,7.47734e+05,3.81948e-07,1.36290e-06,2.80246e-01,0,0.7638,0.1772
0.750,37.50,20.0,9.19681e+05,3.81948e-07,1.10809e-06,3.44691e-01,0,0.7638,0.1772
0.750,40.00,20.0,1.11615e+06,3.81948e-07,9.13037e-07,4.18327e-01,0,0.7638,0.1772
0.750,42.50,20.0,1.33878e+06,3.81948e-07,7.61205e-07,5.01768e-01,0,0.7638,0.1772
0.750,45.00,20.0,1.58921e+06,3.81948e-07,6.41255e-07,5.95626e-01,0,0.7638,0.1772
0.750,47.50,20.0,1.86906e+06,3.81948e-07,5.45240e-07,7.00514e-01,0,0.7638,0.1772
0.750,50.00,20.0,2.17998e+06,3.81948e-07,4.67475e-07,8.17045e-01,0,0.7638,0.1772
0.750,52.50,20.0,2.52360e+06,3.81948e-07,4.03822e-07,9.45832e-01,0,0.7638,0.1772
0.750,55.00,20.0,2.90156e+06,3.81948e-07,3.51221e-07,1.08749e+00,1,0.7638,0.1772
0.750,57.50,20.0,3.31548e+06,3.81948e-07,3.07372e-07,1.24262e+00,1,0.7638,0.1772
0.750,60.00,20.0,3.76701e+06,3.81948e-07,2.70529e-07,1.41185e+00,1,0.7638,0.1772
0.750,62.50,20.0,4.25778e+06,3.81948e-07,2.39347e-07,1.59579e+00,1,0.7638,0.1772
0.750,65.00,20.0,4.78942e+06,3.81948e-07,2.12779e-07,1.79505e+00,1,0.7638,0.1772
0.750,67.50,20.0,5.36358e+06,3.81948e-07,1.90001e-07,2.01024e+00,1,0.7638,0.1772
0.750,70.00,20.0,5.98187e+06,3.81948e-07,1.70363e-07,2.24197e+00,1,0.7638,0.1772
0.750,72.50,20.0,6.64595e+06,3.81948e-07,1.53340e-07,2.49086e+00,1,0.7638,0.1772
0.750,75.00,20.0,7.35744e+06,3.81948e-07,1.38511e-07,2.75753e+00,1,0.7638,0.1772
0.750,77.50,20.0,8.11799e+06,3.81948e-07,1.25535e-07,3.04257e+00,1,0.7638,0.1772
0.750,80.00,20.0,8.92921e+06,3.81948e-07,1.14130e-07,3.34662e+00,1,0.7638,0.1772
0.800,5.00,20.0,1.97884e+03,3.25037e-07,5.14993e-04,6.31148e-04,0,0.7638,0.1890
0.800,7.50,20.0,6.67858e+03,3.25037e-07,1.52591e-04,2.13012e-03,0,0.7638,0.1890
0.800,10.00,20.0,1.58307e+04,3.25037e-07,6.43741e-05,5.04918e-03,0,0.7638,0.1890
0.800,12.50,20.0,3.09193e+04,3.25037e-07,3.29596e-05,9.86168e-03,0,0.7638,0.1890
0.800,15.00,20.0,5.34286e+04,3.25037e-07,1.90738e-05,1.70410e-02,0,0.7638,0.1890
0.800,17.50,20.0,8.48427e+04,3.25037e-07,1.20115e-05,2.70605e-02,0,0.7638,0.1890
0.800,20.00,20.0,1.26646e+05,3.25037e-07,8.04677e-06,4.03935e-02,0,0.7638,0.1890
0.800,22.50,20.0,1.80322e+05,3.25037e-07,5.65150e-06,5.75133e-02,0,0.7638,0.1890
0.800,25.00,20.0,2.47355e+05,3.25037e-07,4.11994e-06,7.88935e-02,0,0.7638,0.1890
0.800,27.50,20.0,3.29229e+05,3.25037e-07,3.09538e-06,1.05007e-01,0,0.7638,0.1890
0.800,30.00,20.0,4.27429e+05,3.25037e-07,2.38423e-06,1.36328e-01,0,0.7638,0.1890
0.800,32.50,20.0,5.43438e+05,3.25037e-07,1.87526e-06,1.73329e-01,0,0.7638,0.1890
0.800,35.00,20.0,6.78741e+05,3.25037e-07,1.50144e-06,2.16484e-01,0,0.7638,0.1890
0.800,37.50,20.0,8.34822e+05,3.25037e-07,1.22072e-06,2.66265e-01,0,0.7638,0.1890
0.800,40.00,20.0,1.01316e+06,3.25037e-07,1.00585e-06,3.23148e-01,0,0.7638,0.1890
0.800,42.50,20.0,1.21525e+06,3.25037e-07,8.38580e-07,3.87604e-01,0,0.7638,0.1890
0.800,45.00,20.0,1.44257e+06,3.25037e-07,7.06438e-07,4.60107e-01,0,0.7638,0.1890
0.800,47.50,20.0,1.69661e+06,3.25037e-07,6.00663e-07,5.41130e-01,0,0.7638,0.1890
0.800,50.00,20.0,1.97884e+06,3.25037e-07,5.14993e-07,6.31148e-01,0,0.7638,0.1890
0.800,52.50,20.0,2.29075e+06,3.25037e-07,4.44870e-07,7.30633e-01,0,0.7638,0.1890
0.800,55.00,20.0,2.63383e+06,3.25037e-07,3.86922e-07,8.40058e-01,0,0.7638,0.1890
0.800,57.50,20.0,3.00956e+06,3.25037e-07,3.38616e-07,9.59897e-01,0,0.7638,0.1890
0.800,60.00,20.0,3.41943e+06,3.25037e-07,2.98028e-07,1.09062e+00,1,0.7638,0.1890
0.800,62.50,20.0,3.86492e+06,3.25037e-07,2.63676e-07,1.23271e+00,1,0.7638,0.1890
0.800,65.00,20.0,4.34751e+06,3.25037e-07,2.34407e-07,1.38663e+00,1,0.7638,0.1890
0.800,67.50,20.0,4.86868e+06,3.25037e-07,2.09315e-07,1.55286e+00,1,0.7638,0.1890
0.800,70.00,20.0,5.42993e+06,3.25037e-07,1.87680e-07,1.73187e+00,1,0.7638,0.1890
0.800,72.50,20.0,6.03273e+06,3.25037e-07,1.68926e-07,1.92413e+00,1,0.7638,0.1890
0.800,75.00,20.0,6.67858e+06,3.25037e-07,1.52591e-07,2.13012e+00,1,0.7638,0.1890
0.800,77.50,20.0,7.36894e+06,3.25037e-07,1.38295e-07,2.35032e+00,1,0.7638,0.1890
0.800,80.00,20.0,8.10532e+06,3.25037e-07,1.25731e-07,2.58518e+00,1,0.7638,0.1890
0.850,5.00,20.0,1.80683e+03,2.79325e-07,5.64020e-04,4.95240e-04,0,0.7638,0.2008
0.850,7.50,20.0,6.09804e+03,2.79325e-07,1.67117e-04,1.67143e-03,0,0.7638,0.2008
0.850,10.00,20.0,1.44546e+04,2.79325e-07,7.05025e-05,3.96192e-03,0,0.7638,0.2008
0.850,12.50,20.0,2.82317e+04,2.79325e-07,3.60973e-05,7.73812e-03,0,0.7638,0.2008
0.850,15.00,20.0,4.87843e+04,2.79325e-07,2.08896e-05,1.33715e-02,0,0.7638,0.2008
0.850,17.50,20.0,7.74677e+04,2.79325e-07,1.31550e-05,2.12334e-02,0,0.7638,0.2008
0.850,20.00,20.0,1.15637e+05,2.79325e-07,8.81282e-06,3.16953e-02,0,0.7638,0.2008
0.850,22.50,20.0,1.64647e+05,2.79325e-07,6.18952e-06,4.51287e-02,0,0.7638,0.2008
0.850,25.00,20.0,2.25853e+05,2.79325e-07,4.51216e-06,6.19049e-02,0,0.7638,0.2008
0.850,27.50,20.0,3.00611e+05,2.79325e-07,3.39005e-06,8.23955e-02,0,0.7638,0.2008
0.850,30.00,20.0,3.90275e+05,2.79325e-07,2.61121e-06,1.06972e-01,0,0.7638,0.2008
0.850,32.50,20.0,4.96200e+05,2.79325e-07,2.05378e-06,1.36005e-01,0,0.7638,0.2008
0.850,35.00,20.0,6.19742e+05,2.79325e-07,1.64437e-06,1.69867e-01,0,0.7638,0.2008
0.850,37.50,20.0,7.62255e+05,2.79325e-07,1.33694e-06,2.08929e-01,0,0.7638,0.2008
0.850,40.00,20.0,9.25096e+05,2.79325e-07,1.10160e-06,2.53563e-01,0,0.7638,0.2008
0.850,42.50,20.0,1.10962e+06,2.79325e-07,9.18413e-07,3.04139e-01,0,0.7638,0.2008
0.850,45.00,20.0,1.31718e+06,2.79325e-07,7.73690e-07,3.61030e-01,0,0.7638,0.2008
0.850,47.50,20.0,1.54913e+06,2.79325e-07,6.57846e-07,4.24606e-01,0,0.7638,0.2008
0.850,50.00,20.0,1.80683e+06,2.79325e-07,5.64020e-07,4.95240e-01,0,0.7638,0.2008
0.850,52.50,20.0,2.09163e+06,2.79325e-07,4.87222e-07,5.73302e-01,0,0.7638,0.2008
0.850,55.00,20.0,2.40489e+06,2.79325e-07,4.23757e-07,6.59164e-01,0,0.7638,0.2008
0.850,57.50,20.0,2.74796e+06,2.79325e-07,3.70853e-07,7.53197e-01,0,0.7638,0.2008
0.850,60.00,20.0,3.12220e+06,2.79325e-07,3.26401e-07,8.55774e-01,0,0.7638,0.2008
0.850,62.50,20.0,3.52896e+06,2.79325e-07,2.88778e-07,9.67265e-01,0,0.7638,0.2008
0.850,65.00,20.0,3.96960e+06,2.79325e-07,2.56723e-07,1.08804e+00,1,0.7638,0.2008
0.850,67.50,20.0,4.44547e+06,2.79325e-07,2.29242e-07,1.21848e+00,1,0.7638,0.2008
0.850,70.00,20.0,4.95793e+06,2.79325e-07,2.05547e-07,1.35894e+00,1,0.7638,0.2008
0.850,72.50,20.0,5.50834e+06,2.79325e-07,1.85008e-07,1.50980e+00,1,0.7638,0.2008
0.850,75.00,20.0,6.09804e+06,2.79325e-07,1.67117e-07,1.67143e+00,1,0.7638,0.2008
0.850,77.50,20.0,6.72840e+06,2.79325e-07,1.51461e-07,1.84421e+00,1,0.7638,0.2008
0.850,80.00,20.0,7.40077e+06,2.79325e-07,1.37700e-07,2.02850e+00,1,0.7638,0.2008
0.900,5.00,20.0,1.65837e+03,2.42131e-07,6.14512e-04,3.94022e-04,0,0.7638,0.2126
0.900,7.50,20.0,5.59700e+03,2.42131e-07,1.82078e-04,1.32983e-03,0,0.7638,0.2126
0.900,10.00,20.0,1.32670e+04,2.42131e-07,7.68140e-05,3.15218e-03,0,0.7638,0.2126
0.900,12.50,20.0,2.59120e+04,2.42131e-07,3.93287e-05,6.15660e-03,0,0.7638,0.2126
0.900,15.00,20.0,4.47760e+04,2.42131e-07,2.27597e-05,1.06386e-02,0,0.7638,0.2126
0.900,17.50,20.0,7.11026e+04,2.42131e-07,1.43326e-05,1.68937e-02,0,0.7638,0.2126
0.900,20.00,20.0,1.06136e+05,2.42131e-07,9.60175e-06,2.52174e-02,0,0.7638,0.2126
0.900,22.50,20.0,1.51119e+05,2.42131e-07,6.74361e-06,3.59053e-02,0,0.7638,0.2126
0.900,25.00,20.0,2.07296e+05,2.42131e-07,4.91609e-06,4.92528e-02,0,0.7638,0.2126
0.900,27.50,20.0,2.75911e+05,2.42131e-07,3.69353e-06,6.55555e-02,0,0.7638,0.2126
0.900,30.00,20.0,3.58208e+05,2.42131e-07,2.84496e-06,8.51089e-02,0,0.7638,0.2126
0.900,32.50,20.0,4.55430e+05,2.42131e-07,2.23764e-06,1.08208e-01,0,0.7638,0.2126
0.900,35.00,20.0,5.68821e+05,2.42131e-07,1.79158e-06,1.35150e-01,0,0.7638,0.2126
0.900,37.50,20.0,6.99625e+05,2.42131e-07,1.45662e-06,1.66228e-01,0,0.7638,0.2126
0.900,40.00,20.0,8.49085e+05,2.42131e-07,1.20022e-06,2.01740e-01,0,0.7638,0.2126
0.900,42.50,20.0,1.01845e+06,2.42131e-07,1.00063e-06,2.41979e-01,0,0.7638,0.2126
0.900,45.00,20.0,1.20895e+06,2.42131e-07,8.42952e-07,2.87242e-01,0,0.7638,0.2126
0.900,47.50,20.0,1.42184e+06,2.42131e-07,7.16736e-07,3.37825e-01,0,0.7638,0.2126
0.900,50.00,20.0,1.65837e+06,2.42131e-07,6.14512e-07,3.94022e-01,0,0.7638,0.2126
0.900,52.50,20.0,1.91977e+06,2.42131e-07,5.30838e-07,4.56130e-01,0,0.7638,0.2126
0.900,55.00,20.0,2.20729e+06,2.42131e-07,4.61692e-07,5.24444e-01,0,0.7638,0.2126
0.900,57.50,20.0,2.52217e+06,2.42131e-07,4.04051e-07,5.99259e-01,0,0.7638,0.2126
0.900,60.00,20.0,2.86566e+06,2.42131e-07,3.55620e-07,6.80871e-01,0,0.7638,0.2126
0.900,62.50,20.0,3.23900e+06,2.42131e-07,3.14630e-07,7.69575e-01,0,0.7638,0.2126
0.900,65.00,20.0,3.64344e+06,2.42131e-07,2.79705e-07,8.65667e-01,0,0.7638,0.2126
0.900,67.50,20.0,4.08021e+06,2.42131e-07,2.49763e-07,9.69443e-01,0,0.7638,0.2126
0.900,70.00,20.0,4.55057e+06,2.42131e-07,2.23947e-07,1.08120e+00,1,0.7638,0.2126
0.900,72.50,20.0,5.05575e+06,2.42131e-07,2.01570e-07,1.20123e+00,1,0.7638,0.2126
0.900,75.00,20.0,5.59700e+06,2.42131e-07,1.82078e-07,1.32983e+00,1,0.7638,0.2126
0.900,77.50,20.0,6.17556e+06,2.42131e-07,1.65019e-07,1.46729e+00,1,0.7638,0.2126
0.900,80.00,20.0,6.79268e+06,2.42131e-07,1.50027e-07,1.61392e+00,1,0.7638,0.2126
0.950,5.00,20.0,1.52918e+03,2.11519e-07,6.66426e-04,3.17392e-04,0,0.7638,0.2244
0.950,7.50,20.0,5.16100e+03,2.11519e-07,1.97459e-04,1.07120e-03,0,0.7638,0.2244
0.950,10.00,20.0,1.22335e+04,2.11519e-07,8.33032e-05,2.53914e-03,0,0.7638,0.2244
0.950,12.50,20.0,2.38935e+04,2.11519e-07,4.26513e-05,4.95926e-03,0,0.7638,0.2244
0.950,15.00,20.0,4.12880e+04,2.11519e-07,2.46824e-05,8.56960e-03,0,0.7638,0.2244
0.950,17.50,20.0,6.55638e+04,2.11519e-07,1.55435e-05,1.36082e-02,0,0.7638,0.2244
0.950,20.00,20.0,9.78678e+04,2.11519e-07,1.04129e-05,2.03131e-02,0,0.7638,0.2244
0.950,22.50,20.0,1.39347e+05,2.11519e-07,7.31331e-06,2.89224e-02,0,0.7638,0.2244
0.950,25.00,20.0,1.91148e+05,2.11519e-07,5.33141e-06,3.96741e-02,0,0.7638,0.2244
0.950,27.50,20.0,2.54418e+05,2.11519e-07,4.00556e-06,5.28062e-02,0,0.7638,0.2244
0.950,30.00,20.0,3.30304e+05,2.11519e-07,3.08530e-06,6.85568e-02,0,0.7638,0.2244
0.950,32.50,20.0,4.19952e+05,2.11519e-07,2.42668e-06,8.71639e-02,0,0.7638,0.2244
0.950,35.00,20.0,5.24510e+05,2.11519e-07,1.94293e-06,1.08866e-01,0,0.7638,0.2244
0.950,37.50,20.0,6.45124e+05,2.11519e-07,1.57968e-06,1.33900e-01,0,0.7638,0.2244
0.950,40.00,20.0,7.82942e+05,2.11519e-07,1.30161e-06,1.62505e-01,0,0.7638,0.2244
0.950,42.50,20.0,9.39110e+05,2.11519e-07,1.08516e-06,1.94919e-01,0,0.7638,0.2244
0.950,45.00,20.0,1.11477e+06,2.11519e-07,9.14164e-07,2.31379e-01,0,0.7638,0.2244
0.950,47.50,20.0,1.31108e+06,2.11519e-07,7.77286e-07,2.72124e-01,0,0.7638,0.2244
0.950,50.00,20.0,1.52918e+06,2.11519e-07,6.66426e-07,3.17392e-01,0,0.7638,0.2244
0.950,52.50,20.0,1.77022e+06,2.11519e-07,5.75684e-07,3.67421e-01,0,0.7638,0.2244
0.950,55.00,20.0,2.03534e+06,2.11519e-07,5.00696e-07,4.22449e-01,0,0.7638,0.2244
0.950,57.50,20.0,2.32570e+06,2.11519e-07,4.38186e-07,4.82714e-01,0,0.7638,0.2244
0.950,60.00,20.0,2.64243e+06,2.11519e-07,3.85663e-07,5.48454e-01,0,0.7638,0.2244
0.950,62.50,20.0,2.98669e+06,2.11519e-07,3.41210e-07,6.19907e-01,0,0.7638,0.2244
0.950,65.00,20.0,3.35962e+06,2.11519e-07,3.03334e-07,6.97311e-01,0,0.7638,0.2244
0.950,67.50,20.0,3.76237e+06,2.11519e-07,2.70864e-07,7.80905e-01,0,0.7638,0.2244
0.950,70.00,20.0,4.19608e+06,2.11519e-07,2.42867e-07,8.70925e-01,0,0.7638,0.2244
0.950,72.50,20.0,4.66191e+06,2.11519e-07,2.18599e-07,9.67611e-01,0,0.7638,0.2244
0.950,75.00,20.0,5.16100e+06,2.11519e-07,1.97459e-07,1.07120e+00,1,0.7638,0.2244
0.950,77.50,20.0,5.69449e+06,2.11519e-07,1.78960e-07,1.18193e+00,1,0.7638,0.2244
0.950,80.00,20.0,6.26354e+06,2.11519e-07,1.62702e-07,1.30004e+00,1,0.7638,0.2244
1.000,5.00,20.0,1.41594e+03,1.86062e-07,7.19725e-04,2.58518e-04,0,0.7638,0.2362
1.000,7.50,20.0,4.77880e+03,1.86062e-07,2.13252e-04,8.72499e-04,0,0.7638,0.2362
1.000,10.00,20.0,1.13275e+04,1.86062e-07,8.99656e-05,2.06815e-03,0,0.7638,0.2362
1.000,12.50,20.0,2.21241e+04,1.86062e-07,4.60624e-05,4.03935e-03,0,0.7638,0.2362
1.000,15.00,20.0,3.82304e+04,1.86062e-07,2.66565e-05,6.97999e-03,0,0.7638,0.2362
1.000,17.50,20.0,6.07085e+04,1.86062e-07,1.67866e-05,1.10840e-02,0,0.7638,0.2362
1.000,20.00,20.0,9.06202e+04,1.86062e-07,1.12457e-05,1.65452e-02,0,0.7638,0.2362
1.000,22.50,20.0,1.29028e+05,1.86062e-07,7.89821e-06,2.35575e-02,0,0.7638,0.2362
1.000,25.00,20.0,1.76993e+05,1.86062e-07,5.75780e-06,3.23148e-02,0,0.7638,0.2362
1.000,27.50,20.0,2.35577e+05,1.86062e-07,4.32592e-06,4.30110e-02,0,0.7638,0.2362
1.000,30.00,20.0,3.05843e+05,1.86062e-07,3.33206e-06,5.58399e-02,0,0.7638,0.2362
1.000,32.50,20.0,3.88853e+05,1.86062e-07,2.62075e-06,7.09955e-02,0,0.7638,0.2362
1.000,35.00,20.0,4.85668e+05,1.86062e-07,2.09832e-06,8.86717e-02,0,0.7638,0.2362
1.000,37.50,20.0,5.97350e+05,1.86062e-07,1.70601e-06,1.09062e-01,0,0.7638,0.2362
1.000,40.00,20.0,7.24962e+05,1.86062e-07,1.40571e-06,1.32361e-01,0,0.7638,0.2362
1.000,42.50,20.0,8.69565e+05,1.86062e-07,1.17195e-06,1.58762e-01,0,0.7638,0.2362
1.000,45.00,20.0,1.03222e+06,1.86062e-07,9.87277e-07,1.88460e-01,0,0.7638,0.2362
1.000,47.50,20.0,1.21399e+06,1.86062e-07,8.39451e-07,2.21647e-01,0,0.7638,0.2362
1.000,50.00,20.0,1.41594e+06,1.86062e-07,7.19725e-07,2.58518e-01,0,0.7638,0.2362
1.000,52.50,20.0,1.63913e+06,1.86062e-07,6.21725e-07,2.99267e-01,0,0.7638,0.2362
1.000,55.00,20.0,1.88462e+06,1.86062e-07,5.40740e-07,3.44088e-01,0,0.7638,0.2362
1.000,57.50,20.0,2.15347e+06,1.86062e-07,4.73231e-07,3.93174e-01,0,0.7638,0.2362
1.000,60.00,20.0,2.44675e+06,1.86062e-07,4.16507e-07,4.46719e-01,0,0.7638,0.2362
1.000,62.50,20.0,2.76551e+06,1.86062e-07,3.68499e-07,5.04918e-01,0,0.7638,0.2362
1.000,65.00,20.0,3.11082e+06,1.86062e-07,3.27594e-07,5.67964e-01,0,0.7638,0.2362
1.000,67.50,20.0,3.48375e+06,1.86062e-07,2.92526e-07,6.36052e-01,0,0.7638,0.2362
1.000,70.00,20.0,3.88534e+06,1.86062e-07,2.62290e-07,7.09374e-01,0,0.7638,0.2362
1.000,72.50,20.0,4.31667e+06,1.86062e-07,2.36082e-07,7.88125e-01,0,0.7638,0.2362
1.000,75.00,20.0,4.77880e+06,1.86062e-07,2.13252e-07,8.72499e-01,0,0.7638,0.2362
1.000,77.50,20.0,5.27279e+06,1.86062e-07,1.93273e-07,9.62689e-01,0,0.7638,0.2362
1.000,80.00,20.0,5.79969e+06,1.86062e-07,1.75714e-07,1.05889e+00,1,0.7638,0.2362
1.050,5.00,20.0,1.31602e+03,1.64696e-07,7.74373e-04,2.12684e-04,0,0.7638,0.2480
1.050,7.50,20.0,4.44155e+03,1.64696e-07,2.29444e-04,7.17807e-04,0,0.7638,0.2480
1.050,10.00,20.0,1.05281e+04,1.64696e-07,9.67967e-05,1.70147e-03,0,0.7638,0.2480
1.050,12.50,20.0,2.05627e+04,1.64696e-07,4.95599e-05,3.32318e-03,0,0.7638,0.2480
1.050,15.00,20.0,3.55324e+04,1.64696e-07,2.86805e-05,5.74246e-03,0,0.7638,0.2480
1.050,17.50,20.0,5.64242e+04,1.64696e-07,1.80612e-05,9.11881e-03,0,0.7638,0.2480
1.050,20.00,20.0,8.42250e+04,1.64696e-07,1.20996e-05,1.36117e-02,0,0.7638,0.2480
1.050,22.50,20.0,1.19922e+05,1.64696e-07,8.49792e-06,1.93808e-02,0,0.7638,0.2480
1.050,25.00,20.0,1.64502e+05,1.64696e-07,6.19499e-06,2.65854e-02,0,0.7638,0.2480
1.050,27.50,20.0,2.18952e+05,1.64696e-07,4.65438e-06,3.53852e-02,0,0.7638,0.2480
1.050,30.00,20.0,2.84259e+05,1.64696e-07,3.58506e-06,4.59396e-02,0,0.7638,0.2480
1.050,32.50,20.0,3.61411e+05,1.64696e-07,2.81975e-06,5.84082e-02,0,0.7638,0.2480
1.050,35.00,20.0,4.51393e+05,1.64696e-07,2.25765e-06,7.29504e-02,0,0.7638,0.2480
1.050,37.50,20.0,5.55194e+05,1.64696e-07,1.83555e-06,8.97259e-02,0,0.7638,0.2480
1.050,40.00,20.0,6.73800e+05,1.64696e-07,1.51245e-06,1.08894e-01,0,0.7638,0.2480
1.050,42.50,20.0,8.08198e+05,1.64696e-07,1.26094e-06,1.30614e-01,0,0.7638,0.2480
1.050,45.00,20.0,9.59376e+05,1.64696e-07,1.06224e-06,1.55046e-01,0,0.7638,0.2480
1.050,47.50,20.0,1.12832e+06,1.64696e-07,9.03191e-07,1.82350e-01,0,0.7638,0.2480
1.050,50.00,20.0,1.31602e+06,1.64696e-07,7.74373e-07,2.12684e-01,0,0.7638,0.2480
1.050,52.50,20.0,1.52345e+06,1.64696e-07,6.68933e-07,2.46208e-01,0,0.7638,0.2480
1.050,55.00,20.0,1.75162e+06,1.64696e-07,5.81798e-07,2.83082e-01,0,0.7638,0.2480
1.050,57.50,20.0,2.00150e+06,1.64696e-07,5.09163e-07,3.23465e-01,0,0.7638,0.2480
1.050,60.00,20.0,2.27408e+06,1.64696e-07,4.48133e-07,3.67517e-01,0,0.7638,0.2480
1.050,62.50,20.0,2.57034e+06,1.64696e-07,3.96479e-07,4.15398e-01,0,0.7638,0.2480
1.050,65.00,20.0,2.89129e+06,1.64696e-07,3.52468e-07,4.67266e-01,0,0.7638,0.2480
1.050,67.50,20.0,3.23789e+06,1.64696e-07,3.14738e-07,5.23281e-01,0,0.7638,0.2480
1.050,70.00,20.0,3.61115e+06,1.64696e-07,2.82206e-07,5.83604e-01,0,0.7638,0.2480
1.050,72.50,20.0,4.01204e+06,1.64696e-07,2.54007e-07,6.48392e-01,0,0.7638,0.2480
1.050,75.00,20.0,4.44155e+06,1.64696e-07,2.29444e-07,7.17807e-01,0,0.7638,0.2480
1.050,77.50,20.0,4.90068e+06,1.64696e-07,2.07948e-07,7.92007e-01,0,0.7638,0.2480
1.050,80.00,20.0,5.39040e+06,1.64696e-07,1.89056e-07,8.71152e-01,0,0.7638,0.2480
1.100,5.00,20.0,1.22732e+03,1.46614e-07,8.30339e-04,1.76571e-04,0,0.7638,0.2599
1.100,7.50,20.0,4.14219e+03,1.46614e-07,2.46026e-04,5.95928e-04,0,0.7638,0.2599
1.100,10.00,20.0,9.81852e+03,1.46614e-07,1.03792e-04,1.41257e-03,0,0.7638,0.2599
1.100,12.50,20.0,1.91768e+04,1.46614e-07,5.31417e-05,2.75893e-03,0,0.7638,0.2599
1.100,15.00,20.0,3.31375e+04,1.46614e-07,3.07533e-05,4.76743e-03,0,0.7638,0.2599
1.100,17.50,20.0,5.26211e+04,1.46614e-07,1.93665e-05,7.57050e-03,0,0.7638,0.2599
1.100,20.00,20.0,7.85482e+04,1.46614e-07,1.29740e-05,1.13006e-02,0,0.7638,0.2599
1.100,22.50,20.0,1.11839e+05,1.46614e-07,9.11209e-06,1.60901e-02,0,0.7638,0.2599
1.100,25.00,20.0,1.53414e+05,1.46614e-07,6.64271e-06,2.20714e-02,0,0.7638,0.2599
1.100,27.50,20.0,2.04195e+05,1.46614e-07,4.99077e-06,2.93771e-02,0,0.7638,0.2599
1.100,30.00,20.0,2.65100e+05,1.46614e-07,3.84416e-06,3.81394e-02,0,0.7638,0.2599
1.100,32.50,20.0,3.37051e+05,1.46614e-07,3.02354e-06,4.84909e-02,0,0.7638,0.2599
1.100,35.00,20.0,4.20969e+05,1.46614e-07,2.42081e-06,6.05640e-02,0,0.7638,0.2599
1.100,37.50,20.0,5.17774e+05,1.46614e-07,1.96821e-06,7.44911e-02,0,0.7638,0.2599
1.100,40.00,20.0,6.28385e+05,1.46614e-07,1.62176e-06,9.04045e-02,0,0.7638,0.2599
1.100,42.50,20.0,7.53725e+05,1.46614e-07,1.35207e-06,1.08437e-01,0,0.7638,0.2599
1.100,45.00,20.0,8.94713e+05,1.46614e-07,1.13901e-06,1.28721e-01,0,0.7638,0.2599
1.100,47.50,20.0,1.05227e+06,1.46614e-07,9.68466e-07,1.51388e-01,0,0.7638,0.2599
1.100,50.00,20.0,1.22732e+06,1.46614e-07,8.30339e-07,1.76571e-01,0,0.7638,0.2599
1.100,52.50,20.0,1.42077e+06,1.46614e-07,7.17278e-07,2.04403e-01,0,0.7638,0.2599
1.100,55.00,20.0,1.63356e+06,1.46614e-07,6.23846e-07,2.35017e-01,0,0.7638,0.2599
1.100,57.50,20.0,1.86659e+06,1.46614e-07,5.45961e-07,2.68543e-01,0,0.7638,0.2599
1.100,60.00,20.0,2.12080e+06,1.46614e-07,4.80520e-07,3.05115e-01,0,0.7638,0.2599
1.100,62.50,20.0,2.39710e+06,1.46614e-07,4.25134e-07,3.44866e-01,0,0.7638,0.2599
1.100,65.00,20.0,2.69641e+06,1.46614e-07,3.77942e-07,3.87927e-01,0,0.7638,0.2599
1.100,67.50,20.0,3.01966e+06,1.46614e-07,3.37485e-07,4.34432e-01,0,0.7638,0.2599
1.100,70.00,20.0,3.36775e+06,1.46614e-07,3.02602e-07,4.84512e-01,0,0.7638,0.2599
1.100,72.50,20.0,3.74162e+06,1.46614e-07,2.72365e-07,5.38300e-01,0,0.7638,0.2599
1.100,75.00,20.0,4.14219e+06,1.46614e-07,2.46026e-07,5.95928e-01,0,0.7638,0.2599
1.100,77.50,20.0,4.57037e+06,1.46614e-07,2.22977e-07,6.57530e-01,0,0.7638,0.2599
1.100,80.00,20.0,5.02708e+06,1.46614e-07,2.02719e-07,7.23236e-01,0,0.7638,0.2599
1.150,5.00,20.0,1.14815e+03,1.31194e-07,8.87592e-04,1.47809e-04,0,0.7638,0.2717
1.150,7.50,20.0,3.87500e+03,1.31194e-07,2.62990e-04,4.98854e-04,0,0.7638,0.2717
1.150,10.00,20.0,9.18519e+03,1.31194e-07,1.10949e-04,1.18247e-03,0,0.7638,0.2717
1.150,12.50,20.0,1.79398e+04,1.31194e-07,5.68059e-05,2.30951e-03,0,0.7638,0.2717
1.150,15.00,20.0,3.10000e+04,1.31194e-07,3.28738e-05,3.99083e-03,0,0.7638,0.2717
1.150,17.50,20.0,4.92269e+04,1.31194e-07,2.07018e-05,6.33729e-03,0,0.7638,0.2717
1.150,20.00,20.0,7.34816e+04,1.31194e-07,1.38686e-05,9.45975e-03,0,0.7638,0.2717
1.150,22.50,20.0,1.04625e+05,1.31194e-07,9.74037e-06,1.34691e-02,0,0.7638,0.2717
1.150,25.00,20.0,1.43519e+05,1.31194e-07,7.10073e-06,1.84761e-02,0,0.7638,0.2717
1.150,27.50,20.0,1.91023e+05,1.31194e-07,5.33489e-06,2.45917e-02,0,0.7638,0.2717
1.150,30.00,20.0,2.48000e+05,1.31194e-07,4.10922e-06,3.19267e-02,0,0.7638,0.2717
1.150,32.50,20.0,3.15310e+05,1.31194e-07,3.23201e-06,4.05919e-02,0,0.7638,0.2717
1.150,35.00,20.0,3.93815e+05,1.31194e-07,2.58773e-06,5.06983e-02,0,0.7638,0.2717
1.150,37.50,20.0,4.84375e+05,1.31194e-07,2.10392e-06,6.23568e-02,0,0.7638,0.2717
1.150,40.00,20.0,5.87852e+05,1.31194e-07,1.73358e-06,7.56780e-02,0,0.7638,0.2717
1.150,42.50,20.0,7.05107e+05,1.31194e-07,1.44529e-06,9.07730e-02,0,0.7638,0.2717
1.150,45.00,20.0,8.37001e+05,1.31194e-07,1.21755e-06,1.07752e-01,0,0.7638,0.2717
1.150,47.50,20.0,9.84394e+05,1.31194e-07,1.03524e-06,1.26727e-01,0,0.7638,0.2717
1.150,50.00,20.0,1.14815e+06,1.31194e-07,8.87592e-07,1.47809e-01,0,0.7638,0.2717
1.150,52.50,20.0,1.32913e+06,1.31194e-07,7.66735e-07,1.71107e-01,0,0.7638,0.2717
1.150,55.00,20.0,1.52819e+06,1.31194e-07,6.66861e-07,1.96733e-01,0,0.7638,0.2717
1.150,57.50,20.0,1.74619e+06,1.31194e-07,5.83606e-07,2.24798e-01,0,0.7638,0.2717
1.150,60.00,20.0,1.98400e+06,1.31194e-07,5.13653e-07,2.55413e-01,0,0.7638,0.2717
1.150,62.50,20.0,2.24248e+06,1.31194e-07,4.54447e-07,2.88689e-01,0,0.7638,0.2717
1.150,65.00,20.0,2.52248e+06,1.31194e-07,4.04002e-07,3.24735e-01,0,0.7638,0.2717
1.150,67.50,20.0,2.82488e+06,1.31194e-07,3.60755e-07,3.63665e-01,0,0.7638,0.2717
1.150,70.00,20.0,3.15052e+06,1.31194e-07,3.23466e-07,4.05587e-01,0,0.7638,0.2717
1.150,72.50,20.0,3.50028e+06,1.31194e-07,2.91145e-07,4.50613e-01,0,0.7638,0.2717
1.150,75.00,20.0,3.87500e+06,1.31194e-07,2.62990e-07,4.98854e-01,0,0.7638,0.2717
1.150,77.50,20.0,4.27556e+06,1.31194e-07,2.38352e-07,5.50421e-01,0,0.7638,0.2717
1.150,80.00,20.0,4.70282e+06,1.31194e-07,2.16697e-07,6.05424e-01,0,0.7638,0.2717
1.200,5.00,20.0,1.07714e+03,1.17952e-07,9.46103e-04,1.24671e-04,0,0.7638,0.2835
1.200,7.50,20.0,3.63536e+03,1.17952e-07,2.80327e-04,4.20765e-04,0,0.7638,0.2835
1.200,10.00,20.0,8.61714e+03,1.17952e-07,1.18263e-04,9.97369e-04,0,0.7638,0.2835
1.200,12.50,20.0,1.68304e+04,1.17952e-07,6.05506e-05,1.94799e-03,0,0.7638,0.2835
1.200,15.00,20.0,2.90829e+04,1.17952e-07,3.50408e-05,3.36612e-03,0,0.7638,0.2835
1.200,17.50,20.0,4.61825e+04,1.17952e-07,2.20665e-05,5.34528e-03,0,0.7638,0.2835
1.200,20.00,20.0,6.89371e+04,1.17952e-07,1.47829e-05,7.97896e-03,0,0.7638,0.2835
1.200,22.50,20.0,9.81546e+04,1.17952e-07,1.03825e-05,1.13607e-02,0,0.7638,0.2835
1.200,25.00,20.0,1.34643e+05,1.17952e-07,7.56882e-06,1.55839e-02,0,0.7638,0.2835
1.200,27.50,20.0,1.79210e+05,1.17952e-07,5.68657e-06,2.07422e-02,0,0.7638,0.2835
1.200,30.00,20.0,2.32663e+05,1.17952e-07,4.38010e-06,2.69290e-02,0,0.7638,0.2835
1.200,32.50,20.0,2.95810e+05,1.17952e-07,3.44507e-06,3.42378e-02,0,0.7638,0.2835
1.200,35.00,20.0,3.69460e+05,1.17952e-07,2.75832e-06,4.27622e-02,0,0.7638,0.2835
1.200,37.50,20.0,4.54420e+05,1.17952e-07,2.24261e-06,5.25957e-02,0,0.7638,0.2835
1.200,40.00,20.0,5.51497e+05,1.17952e-07,1.84786e-06,6.38316e-02,0,0.7638,0.2835
1.200,42.50,20.0,6.61500e+05,1.17952e-07,1.54057e-06,7.65637e-02,0,0.7638,0.2835
1.200,45.00,20.0,7.85237e+05,1.17952e-07,1.29781e-06,9.08853e-02,0,0.7638,0.2835
1.200,47.50,20.0,9.23515e+05,1.17952e-07,1.10349e-06,1.06890e-01,0,0.7638,0.2835
1.200,50.00,20.0,1.07714e+06,1.17952e-07,9.46103e-07,1.24671e-01,0,0.7638,0.2835
1.200,52.50,20.0,1.24693e+06,1.17952e-07,8.17279e-07,1.44322e-01,0,0.7638,0.2835
1.200,55.00,20.0,1.43368e+06,1.17952e-07,7.10821e-07,1.65937e-01,0,0.7638,0.2835
1.200,57.50,20.0,1.63820e+06,1.17952e-07,6.22078e-07,1.89609e-01,0,0.7638,0.2835
1.200,60.00,20.0,1.86130e+06,1.17952e-07,5.47513e-07,2.15432e-01,0,0.7638,0.2835
1.200,62.50,20.0,2.10379e+06,1.17952e-07,4.84405e-07,2.43498e-01,0,0.7638,0.2835
1.200,65.00,20.0,2.36648e+06,1.17952e-07,4.30634e-07,2.73903e-01,0,0.7638,0.2835
1.200,67.50,20.0,2.65017e+06,1.17952e-07,3.84536e-07,3.06738e-01,0,0.7638,0.2835
1.200,70.00,20.0,2.95568e+06,1.17952e-07,3.44790e-07,3.42098e-01,0,0.7638,0.2835
1.200,72.50,20.0,3.28380e+06,1.17952e-07,3.10337e-07,3.80076e-01,0,0.7638,0.2835
1.200,75.00,20.0,3.63536e+06,1.17952e-07,2.80327e-07,4.20765e-01,0,0.7638,0.2835
1.200,77.50,20.0,4.01114e+06,1.17952e-07,2.54064e-07,4.64260e-01,0,0.7638,0.2835
1.200,80.00,20.0,4.41198e+06,1.17952e-07,2.30982e-07,5.10653e-01,0,0.7638,0.2835
1.250,5.00,20.0,1.01316e+03,1.06508e-07,1.00585e-03,1.05889e-04,0,0.7638,0.2953
1.250,7.50,20.0,3.41943e+03,1.06508e-07,2.98028e-04,3.57375e-04,0,0.7638,0.2953
1.250,10.00,20.0,8.10532e+03,1.06508e-07,1.25731e-04,8.47112e-04,0,0.7638,0.2953
1.250,12.50,20.0,1.58307e+04,1.06508e-07,6.43741e-05,1.65452e-03,0,0.7638,0.2953
1.250,15.00,20.0,2.73554e+04,1.06508e-07,3.72535e-05,2.85900e-03,0,0.7638,0.2953
1.250,17.50,20.0,4.34394e+04,1.06508e-07,2.34600e-05,4.53999e-03,0,0.7638,0.2953
1.250,20.00,20.0,6.48425e+04,1.06508e-07,1.57163e-05,6.77690e-03,0,0.7638,0.2953
1.250,22.50,20.0,9.23246e+04,1.06508e-07,1.10381e-05,9.64914e-03,0,0.7638,0.2953
1.250,25.00,20.0,1.26646e+05,1.06508e-07,8.04677e-06,1.32361e-02,0,0.7638,0.2953
1.250,27.50,20.0,1.68565e+05,1.06508e-07,6.04565e-06,1.76173e-02,0,0.7638,0.2953
1.250,30.00,20.0,2.18844e+05,1.06508e-07,4.65669e-06,2.28720e-02,0,0.7638,0.2953
1.250,32.50,20.0,2.78240e+05,1.06508e-07,3.66262e-06,2.90798e-02,0,0.7638,0.2953
1.250,35.00,20.0,3.47516e+05,1.06508e-07,2.93250e-06,3.63199e-02,0,0.7638,0.2953
1.250,37.50,20.0,4.27429e+05,1.06508e-07,2.38423e-06,4.46719e-02,0,0.7638,0.2953
1.250,40.00,20.0,5.18740e+05,1.06508e-07,1.96454e-06,5.42152e-02,0,0.7638,0.2953
1.250,42.50,20.0,6.22210e+05,1.06508e-07,1.63785e-06,6.50291e-02,0,0.7638,0.2953
1.250,45.00,20.0,7.38597e+05,1.06508e-07,1.37976e-06,7.71931e-02,0,0.7638,0.2953
1.250,47.50,20.0,8.68662e+05,1.06508e-07,1.17317e-06,9.07866e-02,0,0.7638,0.2953
1.250,50.00,20.0,1.01316e+06,1.06508e-07,1.00585e-06,1.05889e-01,0,0.7638,0.2953
1.250,52.50,20.0,1.17286e+06,1.06508e-07,8.68887e-07,1.22580e-01,0,0.7638,0.2953
1.250,55.00,20.0,1.34852e+06,1.06508e-07,7.55707e-07,1.40938e-01,0,0.7638,0.2953
1.250,57.50,20.0,1.54090e+06,1.06508e-07,6.61360e-07,1.61044e-01,0,0.7638,0.2953
1.250,60.00,20.0,1.75075e+06,1.06508e-07,5.82087e-07,1.82976e-01,0,0.7638,0.2953
1.250,62.50,20.0,1.97884e+06,1.06508e-07,5.14993e-07,2.06815e-01,0,0.7638,0.2953
1.250,65.00,20.0,2.22592e+06,1.06508e-07,4.57827e-07,2.32638e-01,0,0.7638,0.2953
1.250,67.50,20.0,2.49277e+06,1.06508e-07,4.08818e-07,2.60527e-01,0,0.7638,0.2953
1.250,70.00,20.0,2.78012e+06,1.06508e-07,3.66562e-07,2.90560e-01,0,0.7638,0.2953
1.250,72.50,20.0,3.08876e+06,1.06508e-07,3.29934e-07,3.22816e-01,0,0.7638,0.2953
1.250,75.00,20.0,3.41943e+06,1.06508e-07,2.98028e-07,3.57375e-01,0,0.7638,0.2953
1.250,77.50,20.0,3.77290e+06,1.06508e-07,2.70107e-07,3.94318e-01,0,0.7638,0.2953
1.250,80.00,20.0,4.14992e+06,1.06508e-07,2.45568e-07,4.33721e-01,0,0.7638,0.2953
1.300,5.00,20.0,9.55279e+02,9.65604e-08,1.06680e-03,9.05144e-05,0,0.7638,0.3071
1.300,7.50,20.0,3.22407e+03,9.65604e-08,3.16088e-04,3.05486e-04,0,0.7638,0.3071
1.300,10.00,20.0,7.64223e+03,9.65604e-08,1.33350e-04,7.24115e-04,0,0.7638,0.3071
1.300,12.50,20.0,1.49262e+04,9.65604e-08,6.82750e-05,1.41429e-03,0,0.7638,0.3071
1.300,15.00,20.0,2.57925e+04,9.65604e-08,3.95110e-05,2.44389e-03,0,0.7638,0.3071
1.300,17.50,20.0,4.09576e+04,9.65604e-08,2.48815e-05,3.88080e-03,0,0.7638,0.3071
1.300,20.00,20.0,6.11378e+04,9.65604e-08,1.66687e-05,5.79292e-03,0,0.7638,0.3071
1.300,22.50,20.0,8.70498e+04,9.65604e-08,1.17070e-05,8.24812e-03,0,0.7638,0.3071
1.300,25.00,20.0,1.19410e+05,9.65604e-08,8.53437e-06,1.13143e-02,0,0.7638,0.3071
1.300,27.50,20.0,1.58934e+05,9.65604e-08,6.41200e-06,1.50593e-02,0,0.7638,0.3071
1.300,30.00,20.0,2.06340e+05,9.65604e-08,4.93887e-06,1.95511e-02,0,0.7638,0.3071
1.300,32.50,20.0,2.62343e+05,9.65604e-08,3.88456e-06,2.48575e-02,0,0.7638,0.3071
1.300,35.00,20.0,3.27661e+05,9.65604e-08,3.11019e-06,3.10464e-02,0,0.7638,0.3071
1.300,37.50,20.0,4.03008e+05,9.65604e-08,2.52870e-06,3.81858e-02,0,0.7638,0.3071
1.300,40.00,20.0,4.89103e+05,9.65604e-08,2.08359e-06,4.63434e-02,0,0.7638,0.3071
1.300,42.50,20.0,5.86660e+05,9.65604e-08,1.73710e-06,5.55872e-02,0,0.7638,0.3071
1.300,45.00,20.0,6.96398e+05,9.65604e-08,1.46337e-06,6.59850e-02,0,0.7638,0.3071
1.300,47.50,20.0,8.19032e+05,9.65604e-08,1.24426e-06,7.76048e-02,0,0.7638,0.3071
1.300,50.00,20.0,9.55279e+05,9.65604e-08,1.06680e-06,9.05144e-02,0,0.7638,0.3071
1.300,52.50,20.0,1.10585e+06,9.65604e-08,9.21539e-07,1.04782e-01,0,0.7638,0.3071
1.300,55.00,20.0,1.27148e+06,9.65604e-08,8.01500e-07,1.20475e-01,0,0.7638,0.3071
1.300,57.50,20.0,1.45286e+06,9.65604e-08,7.01436e-07,1.37661e-01,0,0.7638,0.3071
1.300,60.00,20.0,1.65072e+06,9.65604e-08,6.17359e-07,1.56409e-01,0,0.7638,0.3071
1.300,62.50,20.0,1.86578e+06,9.65604e-08,5.46200e-07,1.76786e-01,0,0.7638,0.3071
1.300,65.00,20.0,2.09875e+06,9.65604e-08,4.85569e-07,1.98860e-01,0,0.7638,0.3071
1.300,67.50,20.0,2.35034e+06,9.65604e-08,4.33591e-07,2.22699e-01,0,0.7638,0.3071
1.300,70.00,20.0,2.62128e+06,9.65604e-08,3.88774e-07,2.48371e-01,0,0.7638,0.3071
1.300,72.50,20.0,2.91229e+06,9.65604e-08,3.49927e-07,2.75944e-01,0,0.7638,0.3071
1.300,75.00,20.0,3.22407e+06,9.65604e-08,3.16088e-07,3.05486e-01,0,0.7638,0.3071
1.300,77.50,20.0,3.55734e+06,9.65604e-08,2.86475e-07,3.37064e-01,0,0.7638,0.3071
1.300,80.00,20.0,3.91282e+06,9.65604e-08,2.60448e-07,3.70747e-01,0,0.7638,0.3071
1.350,5.00,20.0,9.02702e+02,8.78664e-08,1.12893e-03,7.78316e-05,0,0.7638,0.3189
1.350,7.50,20.0,3.04662e+03,8.78664e-08,3.34498e-04,2.62682e-04,0,0.7638,0.3189
1.350,10.00,20.0,7.22162e+03,8.78664e-08,1.41116e-04,6.22653e-04,0,0.7638,0.3189
1.350,12.50,20.0,1.41047e+04,8.78664e-08,7.22515e-05,1.21612e-03,0,0.7638,0.3189
1.350,15.00,20.0,2.43730e+04,8.78664e-08,4.18122e-05,2.10145e-03,0,0.7638,0.3189
1.350,17.50,20.0,3.87034e+04,8.78664e-08,2.63307e-05,3.33703e-03,0,0.7638,0.3189
1.350,20.00,20.0,5.77729e+04,8.78664e-08,1.76395e-05,4.98122e-03,0,0.7638,0.3189
1.350,22.50,20.0,8.22587e+04,8.78664e-08,1.23888e-05,7.09240e-03,0,0.7638,0.3189
1.350,25.00,20.0,1.12838e+05,8.78664e-08,9.03144e-06,9.72895e-03,0,0.7638,0.3189
1.350,27.50,20.0,1.50187e+05,8.78664e-08,6.78545e-06,1.29492e-02,0,0.7638,0.3189
1.350,30.00,20.0,1.94984e+05,8.78664e-08,5.22653e-06,1.68116e-02,0,0.7638,0.3189
1.350,32.50,20.0,2.47905e+05,8.78664e-08,4.11081e-06,2.13745e-02,0,0.7638,0.3189
1.350,35.00,20.0,3.09627e+05,8.78664e-08,3.29134e-06,2.66962e-02,0,0.7638,0.3189
1.350,37.50,20.0,3.80827e+05,8.78664e-08,2.67598e-06,3.28352e-02,0,0.7638,0.3189
1.350,40.00,20.0,4.62183e+05,8.78664e-08,2.20494e-06,3.98498e-02,0,0.7638,0.3189
1.350,42.50,20.0,5.54372e+05,8.78664e-08,1.83827e-06,4.77983e-02,0,0.7638,0.3189
1.350,45.00,20.0,6.58070e+05,8.78664e-08,1.54860e-06,5.67392e-02,0,0.7638,0.3189
1.350,47.50,20.0,7.73954e+05,8.78664e-08,1.31673e-06,6.67309e-02,0,0.7638,0.3189
1.350,50.00,20.0,9.02702e+05,8.78664e-08,1.12893e-06,7.78316e-02,0,0.7638,0.3189
1.350,52.50,20.0,1.04499e+06,8.78664e-08,9.75212e-07,9.00998e-02,0,0.7638,0.3189
1.350,55.00,20.0,1.20150e+06,8.78664e-08,8.48182e-07,1.03594e-01,0,0.7638,0.3189
1.350,57.50,20.0,1.37290e+06,8.78664e-08,7.42290e-07,1.18372e-01,0,0.7638,0.3189
1.350,60.00,20.0,1.55987e+06,8.78664e-08,6.53316e-07,1.34493e-01,0,0.7638,0.3189
1.350,62.50,20.0,1.76309e+06,8.78664e-08,5.78012e-07,1.52015e-01,0,0.7638,0.3189
1.350,65.00,20.0,1.98324e+06,8.78664e-08,5.13851e-07,1.70996e-01,0,0.7638,0.3189
1.350,67.50,20.0,2.22099e+06,8.78664e-08,4.58845e-07,1.91495e-01,0,0.7638,0.3189
1.350,70.00,20.0,2.47701e+06,8.78664e-08,4.11418e-07,2.13570e-01,0,0.7638,0.3189
1.350,72.50,20.0,2.75200e+06,8.78664e-08,3.70308e-07,2.37279e-01,0,0.7638,0.3189
1.350,75.00,20.0,3.04662e+06,8.78664e-08,3.34498e-07,2.62682e-01,0,0.7638,0.3189
1.350,77.50,20.0,3.36155e+06,8.78664e-08,3.03160e-07,2.89835e-01,0,0.7638,0.3189
1.350,80.00,20.0,3.69747e+06,8.78664e-08,2.75618e-07,3.18798e-01,0,0.7638,0.3189
1.400,5.00,20.0,8.54777e+02,8.02301e-08,1.19223e-03,6.72944e-05,0,0.7638,0.3307
1.400,7.50,20.0,2.88487e+03,8.02301e-08,3.53252e-04,2.27119e-04,0,0.7638,0.3307
1.400,10.00,20.0,6.83822e+03,8.02301e-08,1.49028e-04,5.38355e-04,0,0.7638,0.3307
1.400,12.50,20.0,1.33559e+04,8.02301e-08,7.63024e-05,1.05147e-03,0,0.7638,0.3307
1.400,15.00,20.0,2.30790e+04,8.02301e-08,4.41565e-05,1.81695e-03,0,0.7638,0.3307
1.400,17.50,20.0,3.66486e+04,8.02301e-08,2.78070e-05,2.88525e-03,0,0.7638,0.3307
1.400,20.00,20.0,5.47058e+04,8.02301e-08,1.86285e-05,4.30684e-03,0,0.7638,0.3307
1.400,22.50,20.0,7.78916e+04,8.02301e-08,1.30834e-05,6.13220e-03,0,0.7638,0.3307
1.400,25.00,20.0,1.06847e+05,8.02301e-08,9.53780e-06,8.41180e-03,0,0.7638,0.3307
1.400,27.50,20.0,1.42214e+05,8.02301e-08,7.16589e-06,1.11961e-02,0,0.7638,0.3307
1.400,30.00,20.0,1.84632e+05,8.02301e-08,5.51956e-06,1.45356e-02,0,0.7638,0.3307
1.400,32.50,20.0,2.34743e+05,8.02301e-08,4.34129e-06,1.84807e-02,0,0.7638,0.3307
1.400,35.00,20.0,2.93189e+05,8.02301e-08,3.47588e-06,2.30820e-02,0,0.7638,0.3307
1.400,37.50,20.0,3.60609e+05,8.02301e-08,2.82602e-06,2.83898e-02,0,0.7638,0.3307
1.400,40.00,20.0,4.37646e+05,8.02301e-08,2.32857e-06,3.44547e-02,0,0.7638,0.3307
1.400,42.50,20.0,5.24940e+05,8.02301e-08,1.94134e-06,4.13272e-02,0,0.7638,0.3307
1.400,45.00,20.0,6.23133e+05,8.02301e-08,1.63543e-06,4.90576e-02,0,0.7638,0.3307
1.400,47.50,20.0,7.32865e+05,8.02301e-08,1.39055e-06,5.76965e-02,0,0.7638,0.3307
1.400,50.00,20.0,8.54777e+05,8.02301e-08,1.19223e-06,6.72944e-02,0,0.7638,0.3307
1.400,52.50,20.0,9.89512e+05,8.02301e-08,1.02989e-06,7.79017e-02,0,0.7638,0.3307
1.400,55.00,20.0,1.13771e+06,8.02301e-08,8.95737e-07,8.95688e-02,0,0.7638,0.3307
1.400,57.50,20.0,1.30001e+06,8.02301e-08,7.83908e-07,1.02346e-01,0,0.7638,0.3307
1.400,60.00,20.0,1.47706e+06,8.02301e-08,6.89945e-07,1.16285e-01,0,0.7638,0.3307
1.400,62.50,20.0,1.66949e+06,8.02301e-08,6.10420e-07,1.31434e-01,0,0.7638,0.3307
1.400,65.00,20.0,1.87795e+06,8.02301e-08,5.42661e-07,1.47846e-01,0,0.7638,0.3307
1.400,67.50,20.0,2.10307e+06,8.02301e-08,4.84571e-07,1.65569e-01,0,0.7638,0.3307
1.400,70.00,20.0,2.34551e+06,8.02301e-08,4.34485e-07,1.84656e-01,0,0.7638,0.3307
1.400,72.50,20.0,2.60590e+06,8.02301e-08,3.91070e-07,2.05155e-01,0,0.7638,0.3307
1.400,75.00,20.0,2.88487e+06,8.02301e-08,3.53252e-07,2.27119e-01,0,0.7638,0.3307
1.400,77.50,20.0,3.18308e+06,8.02301e-08,3.20157e-07,2.50596e-01,0,0.7638,0.3307
1.400,80.00,20.0,3.50117e+06,8.02301e-08,2.91071e-07,2.75638e-01,0,0.7638,0.3307
1.450,5.00,20.0,8.10948e+02,7.34916e-08,1.25666e-03,5.84816e-05,0,0.7638,0.3425
1.450,7.50,20.0,2.73695e+03,7.34916e-08,3.72344e-04,1.97375e-04,0,0.7638,0.3425
1.450,10.00,20.0,6.48759e+03,7.34916e-08,1.57083e-04,4.67853e-04,0,0.7638,0.3425
1.450,12.50,20.0,1.26711e+04,7.34916e-08,8.04264e-05,9.13775e-04,0,0.7638,0.3425
1.450,15.00,20.0,2.18956e+04,7.34916e-08,4.65430e-05,1.57900e-03,0,0.7638,0.3425
1.450,17.50,20.0,3.47694e+04,7.34916e-08,2.93099e-05,2.50740e-03,0,0.7638,0.3425
1.450,20.00,20.0,5.19007e+04,7.34916e-08,1.96353e-05,3.74282e-03,0,0.7638,0.3425
1.450,22.50,20.0,7.38977e+04,7.34916e-08,1.37905e-05,5.32913e-03,0,0.7638,0.3425
1.450,25.00,20.0,1.01369e+05,7.34916e-08,1.00533e-05,7.31020e-03,0,0.7638,0.3425
1.450,27.50,20.0,1.34922e+05,7.34916e-08,7.55319e-06,9.72987e-03,0,0.7638,0.3425
1.450,30.00,20.0,1.75165e+05,7.34916e-08,5.81788e-06,1.26320e-02,0,0.7638,0.3425
1.450,32.50,20.0,2.22707e+05,7.34916e-08,4.57592e-06,1.60605e-02,0,0.7638,0.3425
1.450,35.00,20.0,2.78155e+05,7.34916e-08,3.66374e-06,2.00592e-02,0,0.7638,0.3425
1.450,37.50,20.0,3.42119e+05,7.34916e-08,2.97875e-06,2.46719e-02,0,0.7638,0.3425
1.450,40.00,20.0,4.15205e+05,7.34916e-08,2.45442e-06,2.99426e-02,0,0.7638,0.3425
1.450,42.50,20.0,4.98024e+05,7.34916e-08,2.04626e-06,3.59150e-02,0,0.7638,0.3425
1.450,45.00,20.0,5.91181e+05,7.34916e-08,1.72382e-06,4.26331e-02,0,0.7638,0.3425
1.450,47.50,20.0,6.95287e+05,7.34916e-08,1.46571e-06,5.01406e-02,0,0.7638,0.3425
1.450,50.00,20.0,8.10948e+05,7.34916e-08,1.25666e-06,5.84816e-02,0,0.7638,0.3425
1.450,52.50,20.0,9.38774e+05,7.34916e-08,1.08555e-06,6.76997e-02,0,0.7638,0.3425
1.450,55.00,20.0,1.07937e+06,7.34916e-08,9.44149e-07,7.78390e-02,0,0.7638,0.3425
1.450,57.50,20.0,1.23335e+06,7.34916e-08,8.26275e-07,8.89432e-02,0,0.7638,0.3425
1.450,60.00,20.0,1.40132e+06,7.34916e-08,7.27235e-07,1.01056e-01,0,0.7638,0.3425
1.450,62.50,20.0,1.58388e+06,7.34916e-08,6.43411e-07,1.14222e-01,0,0.7638,0.3425
1.450,65.00,20.0,1.78165e+06,7.34916e-08,5.71990e-07,1.28484e-01,0,0.7638,0.3425
1.450,67.50,20.0,1.99524e+06,7.34916e-08,5.10760e-07,1.43887e-01,0,0.7638,0.3425
1.450,70.00,20.0,2.22524e+06,7.34916e-08,4.57967e-07,1.60473e-01,0,0.7638,0.3425
1.450,72.50,20.0,2.47228e+06,7.34916e-08,4.12206e-07,1.78288e-01,0,0.7638,0.3425
1.450,75.00,20.0,2.73695e+06,7.34916e-08,3.72344e-07,1.97375e-01,0,0.7638,0.3425
1.450,77.50,20.0,3.01987e+06,7.34916e-08,3.37461e-07,2.17778e-01,0,0.7638,0.3425
1.450,80.00,20.0,3.32164e+06,7.34916e-08,3.06802e-07,2.39541e-01,0,0.7638,0.3425
1.500,5.00,20.0,7.70741e+02,6.75195e-08,1.32222e-03,5.10653e-05,0,0.7638,0.3544
1.500,7.50,20.0,2.60125e+03,6.75195e-08,3.91768e-04,1.72345e-04,0,0.7638,0.3544
1.500,10.00,20.0,6.16592e+03,6.75195e-08,1.65277e-04,4.08523e-04,0,0.7638,0.3544
1.500,12.50,20.0,1.20428e+04,6.75195e-08,8.46220e-05,7.97896e-04,0,0.7638,0.3544
1.500,15.00,20.0,2.08100e+04,6.75195e-08,4.89711e-05,1.37876e-03,0,0.7638,0.3544
1.500,17.50,20.0,3.30455e+04,6.75195e-08,3.08389e-05,2.18943e-03,0,0.7638,0.3544
1.500,20.00,20.0,4.93274e+04,6.75195e-08,2.06597e-05,3.26818e-03,0,0.7638,0.3544
1.500,22.50,20.0,7.02337e+04,6.75195e-08,1.45099e-05,4.65333e-03,0,0.7638,0.3544
1.500,25.00,20.0,9.63426e+04,6.75195e-08,1.05777e-05,6.38316e-03,0,0.7638,0.3544
1.500,27.50,20.0,1.28232e+05,6.75195e-08,7.94722e-06,8.49599e-03,0,0.7638,0.3544
1.500,30.00,20.0,1.66480e+05,6.75195e-08,6.12138e-06,1.10301e-02,0,0.7638,0.3544
1.500,32.50,20.0,2.11665e+05,6.75195e-08,4.81463e-06,1.40238e-02,0,0.7638,0.3544
1.500,35.00,20.0,2.64364e+05,6.75195e-08,3.85486e-06,1.75154e-02,0,0.7638,0.3544
1.500,37.50,20.0,3.25156e+05,6.75195e-08,3.13415e-06,2.15432e-02,0,0.7638,0.3544
1.500,40.00,20.0,3.94619e+05,6.75195e-08,2.58246e-06,2.61454e-02,0,0.7638,0.3544
1.500,42.50,20.0,4.73331e+05,6.75195e-08,2.15301e-06,3.13605e-02,0,0.7638,0.3544
1.500,45.00,20.0,5.61870e+05,6.75195e-08,1.81374e-06,3.72266e-02,0,0.7638,0.3544
1.500,47.50,20.0,6.60814e+05,6.75195e-08,1.54217e-06,4.37821e-02,0,0.7638,0.3544
1.500,50.00,20.0,7.70741e+05,6.75195e-08,1.32222e-06,5.10653e-02,0,0.7638,0.3544
1.500,52.50,20.0,8.92229e+05,6.75195e-08,1.14218e-06,5.91145e-02,0,0.7638,0.3544
1.500,55.00,20.0,1.02586e+06,6.75195e-08,9.93402e-07,6.79679e-02,0,0.7638,0.3544
1.500,57.50,20.0,1.17220e+06,6.75195e-08,8.69380e-07,7.76640e-02,0,0.7638,0.3544
1.500,60.00,20.0,1.33184e+06,6.75195e-08,7.65173e-07,8.82409e-02,0,0.7638,0.3544
1.500,62.50,20.0,1.50535e+06,6.75195e-08,6.76976e-07,9.97369e-02,0,0.7638,0.3544
1.500,65.00,20.0,1.69332e+06,6.75195e-08,6.01829e-07,1.12190e-01,0,0.7638,0.3544
1.500,67.50,20.0,1.89631e+06,6.75195e-08,5.37405e-07,1.25640e-01,0,0.7638,0.3544
1.500,70.00,20.0,2.11491e+06,6.75195e-08,4.81858e-07,1.40123e-01,0,0.7638,0.3544
1.500,72.50,20.0,2.34970e+06,6.75195e-08,4.33710e-07,1.55679e-01,0,0.7638,0.3544
1.500,75.00,20.0,2.60125e+06,6.75195e-08,3.91768e-07,1.72345e-01,0,0.7638,0.3544
1.500,77.50,20.0,2.87014e+06,6.75195e-08,3.55065e-07,1.90161e-01,0,0.7638,0.3544
1.500,80.00,20.0,3.15695e+06,6.75195e-08,3.22807e-07,2.09164e-01,0,0.7638,0.3544
1.550,5.00,20.0,7.33749e+02,6.22054e-08,1.38888e-03,4.47883e-05,0,0.7638,0.3662
1.550,7.50,20.0,2.47640e+03,6.22054e-08,4.11519e-04,1.51160e-04,0,0.7638,0.3662
1.550,10.00,20.0,5.86999e+03,6.22054e-08,1.73610e-04,3.58306e-04,0,0.7638,0.3662
1.550,12.50,20.0,1.14648e+04,6.22054e-08,8.88882e-05,6.99817e-04,0,0.7638,0.3662
1.550,15.00,20.0,1.98112e+04,6.22054e-08,5.14399e-05,1.20928e-03,0,0.7638,0.3662
1.550,17.50,20.0,3.14595e+04,6.22054e-08,3.23936e-05,1.92030e-03,0,0.7638,0.3662
1.550,20.00,20.0,4.69599e+04,6.22054e-08,2.17012e-05,2.86645e-03,0,0.7638,0.3662
1.550,22.50,20.0,6.68629e+04,6.22054e-08,1.52415e-05,4.08133e-03,0,0.7638,0.3662
1.550,25.00,20.0,9.17186e+04,6.22054e-08,1.11110e-05,5.59853e-03,0,0.7638,0.3662
1.550,27.50,20.0,1.22077e+05,6.22054e-08,8.34787e-06,7.45165e-03,0,0.7638,0.3662
1.550,30.00,20.0,1.58490e+05,6.22054e-08,6.42999e-06,9.67427e-03,0,0.7638,0.3662
1.550,32.50,20.0,2.01506e+05,6.22054e-08,5.05736e-06,1.23000e-02,0,0.7638,0.3662
1.550,35.00,20.0,2.51676e+05,6.22054e-08,4.04921e-06,1.53624e-02,0,0.7638,0.3662
1.550,37.50,20.0,3.09550e+05,6.22054e-08,3.29215e-06,1.88950e-02,0,0.7638,0.3662
1.550,40.00,20.0,3.75680e+05,6.22054e-08,2.71265e-06,2.29316e-02,0,0.7638,0.3662
1.550,42.50,20.0,4.50614e+05,6.22054e-08,2.26156e-06,2.75056e-02,0,0.7638,0.3662
1.550,45.00,20.0,5.34903e+05,6.22054e-08,1.90518e-06,3.26506e-02,0,0.7638,0.3662
1.550,47.50,20.0,6.29098e+05,6.22054e-08,1.61992e-06,3.84003e-02,0,0.7638,0.3662
1.550,50.00,20.0,7.33749e+05,6.22054e-08,1.38888e-06,4.47883e-02,0,0.7638,0.3662
1.550,52.50,20.0,8.49406e+05,6.22054e-08,1.19976e-06,5.18480e-02,0,0.7638,0.3662
1.550,55.00,20.0,9.76620e+05,6.22054e-08,1.04348e-06,5.96132e-02,0,0.7638,0.3662
1.550,57.50,20.0,1.11594e+06,6.22054e-08,9.13209e-07,6.81174e-02,0,0.7638,0.3662
1.550,60.00,20.0,1.26792e+06,6.22054e-08,8.03749e-07,7.73941e-02,0,0.7638,0.3662
1.550,62.50,20.0,1.43310e+06,6.22054e-08,7.11105e-07,8.74771e-02,0,0.7638,0.3662
1.550,65.00,20.0,1.61205e+06,6.22054e-08,6.32170e-07,9.83998e-02,0,0.7638,0.3662
1.550,67.50,20.0,1.80530e+06,6.22054e-08,5.64498e-07,1.10196e-01,0,0.7638,0.3662
1.550,70.00,20.0,2.01341e+06,6.22054e-08,5.06151e-07,1.22899e-01,0,0.7638,0.3662
1.550,72.50,20.0,2.23693e+06,6.22054e-08,4.55575e-07,1.36543e-01,0,0.7638,0.3662
1.550,75.00,20.0,2.47640e+06,6.22054e-08,4.11519e-07,1.51160e-01,0,0.7638,0.3662
1.550,77.50,20.0,2.73239e+06,6.22054e-08,3.72966e-07,1.66786e-01,0,0.7638,0.3662
1.550,80.00,20.0,3.00544e+06,6.22054e-08,3.39081e-07,1.83453e-01,0,0.7638,0.3662
1.600,5.00,20.0,6.99625e+02,5.74589e-08,1.45662e-03,3.94467e-05,0,0.7638,0.3780
1.600,7.50,20.0,2.36123e+03,5.74589e-08,4.31591e-04,1.33133e-04,0,0.7638,0.3780
1.600,10.00,20.0,5.59700e+03,5.74589e-08,1.82078e-04,3.15574e-04,0,0.7638,0.3780
1.600,12.50,20.0,1.09316e+04,5.74589e-08,9.32237e-05,6.16355e-04,0,0.7638,0.3780
1.600,15.00,20.0,1.88899e+04,5.74589e-08,5.39489e-05,1.06506e-03,0,0.7638,0.3780
1.600,17.50,20.0,2.99964e+04,5.74589e-08,3.39737e-05,1.69128e-03,0,0.7638,0.3780
1.600,20.00,20.0,4.47760e+04,5.74589e-08,2.27597e-05,2.52459e-03,0,0.7638,0.3780
1.600,22.50,20.0,6.37533e+04,5.74589e-08,1.59849e-05,3.59458e-03,0,0.7638,0.3780
1.600,25.00,20.0,8.74531e+04,5.74589e-08,1.16530e-05,4.93084e-03,0,0.7638,0.3780
1.600,27.50,20.0,1.16400e+05,5.74589e-08,8.75504e-06,6.56295e-03,0,0.7638,0.3780
1.600,30.00,20.0,1.51119e+05,5.74589e-08,6.74361e-06,8.52050e-03,0,0.7638,0.3780
1.600,32.50,20.0,1.92134e+05,5.74589e-08,5.30403e-06,1.08331e-02,0,0.7638,0.3780
1.600,35.00,20.0,2.39971e+05,5.74589e-08,4.24671e-06,1.35302e-02,0,0.7638,0.3780
1.600,37.50,20.0,2.95154e+05,5.74589e-08,3.45273e-06,1.66416e-02,0,0.7638,0.3780
1.600,40.00,20.0,3.58208e+05,5.74589e-08,2.84496e-06,2.01967e-02,0,0.7638,0.3780
1.600,42.50,20.0,4.29657e+05,5.74589e-08,2.37186e-06,2.42252e-02,0,0.7638,0.3780
1.600,45.00,20.0,5.10026e+05,5.74589e-08,1.99811e-06,2.87567e-02,0,0.7638,0.3780
1.600,47.50,20.0,5.99841e+05,5.74589e-08,1.69893e-06,3.38206e-02,0,0.7638,0.3780
1.600,50.00,20.0,6.99625e+05,5.74589e-08,1.45662e-06,3.94467e-02,0,0.7638,0.3780
1.600,52.50,20.0,8.09903e+05,5.74589e-08,1.25828e-06,4.56645e-02,0,0.7638,0.3780
1.600,55.00,20.0,9.31200e+05,5.74589e-08,1.09438e-06,5.25036e-02,0,0.7638,0.3780
1.600,57.50,20.0,1.06404e+06,5.74589e-08,9.57752e-07,5.99936e-02,0,0.7638,0.3780
1.600,60.00,20.0,1.20895e+06,5.74589e-08,8.42952e-07,6.81640e-02,0,0.7638,0.3780
1.600,62.50,20.0,1.36645e+06,5.74589e-08,7.45790e-07,7.70444e-02,0,0.7638,0.3780
1.600,65.00,20.0,1.53708e+06,5.74589e-08,6.63004e-07,8.66645e-02,0,0.7638,0.3780
1.600,67.50,20.0,1.72134e+06,5.74589e-08,5.92032e-07,9.70538e-02,0,0.7638,0.3780
1.600,70.00,20.0,1.91977e+06,5.74589e-08,5.30838e-07,1.08242e-01,0,0.7638,0.3780
1.600,72.50,20.0,2.13289e+06,5.74589e-08,4.77796e-07,1.20258e-01,0,0.7638,0.3780
1.600,75.00,20.0,2.36123e+06,5.74589e-08,4.31591e-07,1.33133e-01,0,0.7638,0.3780
1.600,77.50,20.0,2.60531e+06,5.74589e-08,3.91157e-07,1.46895e-01,0,0.7638,0.3780
1.600,80.00,20.0,2.86566e+06,5.74589e-08,3.55620e-07,1.61574e-01,0,0.7638,0.3780
1.650,5.00,20.0,6.68066e+02,5.32044e-08,1.52543e-03,3.48783e-05,0,0.7638,0.3898
1.650,7.50,20.0,2.25472e+03,5.32044e-08,4.51979e-04,1.17714e-04,0,0.7638,0.3898
1.650,10.00,20.0,5.34453e+03,5.32044e-08,1.90679e-04,2.79026e-04,0,0.7638,0.3898
1.650,12.50,20.0,1.04385e+04,5.32044e-08,9.76275e-05,5.44973e-04,0,0.7638,0.3898
1.650,15.00,20.0,1.80378e+04,5.32044e-08,5.64974e-05,9.41714e-04,0,0.7638,0.3898
1.650,17.50,20.0,2.86433e+04,5.32044e-08,3.55785e-05,1.49541e-03,0,0.7638,0.3898
1.650,20.00,20.0,4.27562e+04,5.32044e-08,2.38348e-05,2.23221e-03,0,0.7638,0.3898
1.650,22.50,20.0,6.08775e+04,5.32044e-08,1.67400e-05,3.17828e-03,0,0.7638,0.3898
1.650,25.00,20.0,8.35082e+04,5.32044e-08,1.22034e-05,4.35979e-03,0,0.7638,0.3898
1.650,27.50,20.0,1.11149e+05,5.32044e-08,9.16863e-06,5.80288e-03,0,0.7638,0.3898
1.650,30.00,20.0,1.44302e+05,5.32044e-08,7.06218e-06,7.53371e-03,0,0.7638,0.3898
1.650,32.50,20.0,1.83468e+05,5.32044e-08,5.55459e-06,9.57845e-03,0,0.7638,0.3898
1.650,35.00,20.0,2.29147e+05,5.32044e-08,4.44732e-06,1.19633e-02,0,0.7638,0.3898
1.650,37.50,20.0,2.81840e+05,5.32044e-08,3.61583e-06,1.47143e-02,0,0.7638,0.3898
1.650,40.00,20.0,3.42050e+05,5.32044e-08,2.97936e-06,1.78577e-02,0,0.7638,0.3898
1.650,42.50,20.0,4.10276e+05,5.32044e-08,2.48391e-06,2.14196e-02,0,0.7638,0.3898
1.650,45.00,20.0,4.87020e+05,5.32044e-08,2.09250e-06,2.54263e-02,0,0.7638,0.3898
1.650,47.50,20.0,5.72783e+05,5.32044e-08,1.77919e-06,2.99038e-02,0,0.7638,0.3898
1.650,50.00,20.0,6.68066e+05,5.32044e-08,1.52543e-06,3.48783e-02,0,0.7638,0.3898
1.650,52.50,20.0,7.73370e+05,5.32044e-08,1.31772e-06,4.03760e-02,0,0.7638,0.3898
1.650,55.00,20.0,8.89195e+05,5.32044e-08,1.14608e-06,4.64230e-02,0,0.7638,0.3898
1.650,57.50,20.0,1.01604e+06,5.32044e-08,1.00300e-06,5.30455e-02,0,0.7638,0.3898
1.650,60.00,20.0,1.15442e+06,5.32044e-08,8.82772e-07,6.02697e-02,0,0.7638,0.3898
1.650,62.50,20.0,1.30482e+06,5.32044e-08,7.81020e-07,6.81217e-02,0,0.7638,0.3898
1.650,65.00,20.0,1.46774e+06,5.32044e-08,6.94324e-07,7.66276e-02,0,0.7638,0.3898
1.650,67.50,20.0,1.64369e+06,5.32044e-08,6.19999e-07,8.58137e-02,0,0.7638,0.3898
1.650,70.00,20.0,1.83317e+06,5.32044e-08,5.55915e-07,9.57060e-02,0,0.7638,0.3898
1.650,72.50,20.0,2.03668e+06,5.32044e-08,5.00367e-07,1.06331e-01,0,0.7638,0.3898
1.650,75.00,20.0,2.25472e+06,5.32044e-08,4.51979e-07,1.17714e-01,0,0.7638,0.3898
1.650,77.50,20.0,2.48779e+06,5.32044e-08,4.09635e-07,1.29882e-01,0,0.7638,0.3898
1.650,80.00,20.0,2.73640e+06,5.32044e-08,3.72419e-07,1.42862e-01,0,0.7638,0.3898
1.700,5.00,20.0,6.38810e+02,4.93782e-08,1.59529e-03,3.09525e-05,0,0.7638,0.4016
1.700,7.50,20.0,2.15598e+03,4.93782e-08,4.72679e-04,1.04465e-04,0,0.7638,0.4016
1.700,10.00,20.0,5.11048e+03,4.93782e-08,1.99411e-04,2.47620e-04,0,0.7638,0.4016
1.700,12.50,20.0,9.98141e+03,4.93782e-08,1.02099e-04,4.83632e-04,0,0.7638,0.4016
1.700,15.00,20.0,1.72479e+04,4.93782e-08,5.90848e-05,8.35717e-04,0,0.7638,0.4016
1.700,17.50,20.0,2.73890e+04,4.93782e-08,3.72079e-05,1.32709e-03,0,0.7638,0.4016
1.700,20.00,20.0,4.08838e+04,4.93782e-08,2.49264e-05,1.98096e-03,0,0.7638,0.4016
1.700,22.50,20.0,5.82116e+04,4.93782e-08,1.75066e-05,2.82054e-03,0,0.7638,0.4016
1.700,25.00,20.0,7.98513e+04,4.93782e-08,1.27623e-05,3.86906e-03,0,0.7638,0.4016
1.700,27.50,20.0,1.06282e+05,4.93782e-08,9.58852e-06,5.14972e-03,0,0.7638,0.4016
1.700,30.00,20.0,1.37983e+05,4.93782e-08,7.38560e-06,6.68573e-03,0,0.7638,0.4016
1.700,32.50,20.0,1.75433e+05,4.93782e-08,5.80898e-06,8.50032e-03,0,0.7638,0.4016
1.700,35.00,20.0,2.19112e+05,4.93782e-08,4.65099e-06,1.06167e-02,0,0.7638,0.4016
1.700,37.50,20.0,2.69498e+05,4.93782e-08,3.78143e-06,1.30581e-02,0,0.7638,0.4016
1.700,40.00,20.0,3.27071e+05,4.93782e-08,3.11580e-06,1.58477e-02,0,0.7638,0.4016
1.700,42.50,20.0,3.92309e+05,4.93782e-08,2.59766e-06,1.90087e-02,0,0.7638,0.4016
1.700,45.00,20.0,4.65692e+05,4.93782e-08,2.18833e-06,2.25644e-02,0,0.7638,0.4016
1.700,47.50,20.0,5.47700e+05,4.93782e-08,1.86067e-06,2.65379e-02,0,0.7638,0.4016
1.700,50.00,20.0,6.38810e+05,4.93782e-08,1.59529e-06,3.09525e-02,0,0.7638,0.4016
1.700,52.50,20.0,7.39502e+05,4.93782e-08,1.37807e-06,3.58314e-02,0,0.7638,0.4016
1.700,55.00,20.0,8.50256e+05,4.93782e-08,1.19857e-06,4.11977e-02,0,0.7638,0.4016
1.700,57.50,20.0,9.71550e+05,4.93782e-08,1.04893e-06,4.70748e-02,0,0.7638,0.4016
1.700,60.00,20.0,1.10386e+06,4.93782e-08,9.23201e-07,5.34859e-02,0,0.7638,0.4016
1.700,62.50,20.0,1.24768e+06,4.93782e-08,8.16789e-07,6.04541e-02,0,0.7638,0.4016
1.700,65.00,20.0,1.40347e+06,4.93782e-08,7.26122e-07,6.80026e-02,0,0.7638,0.4016
1.700,67.50,20.0,1.57171e+06,4.93782e-08,6.48393e-07,7.61547e-02,0,0.7638,0.4016
1.700,70.00,20.0,1.75289e+06,4.93782e-08,5.81374e-07,8.49336e-02,0,0.7638,0.4016
1.700,72.50,20.0,1.94749e+06,4.93782e-08,5.23282e-07,9.43625e-02,0,0.7638,0.4016
1.700,75.00,20.0,2.15598e+06,4.93782e-08,4.72679e-07,1.04465e-01,0,0.7638,0.4016
1.700,77.50,20.0,2.37885e+06,4.93782e-08,4.28395e-07,1.15263e-01,0,0.7638,0.4016
1.700,80.00,20.0,2.61657e+06,4.93782e-08,3.89475e-07,1.26781e-01,0,0.7638,0.4016
1.750,5.00,20.0,6.11629e+02,4.59264e-08,1.66619e-03,2.75638e-05,0,0.7638,0.4134
1.750,7.50,20.0,2.06425e+03,4.59264e-08,4.93685e-04,9.30278e-05,0,0.7638,0.4134
1.750,10.00,20.0,4.89303e+03,4.59264e-08,2.08273e-04,2.20510e-04,0,0.7638,0.4134
1.750,12.50,20.0,9.55670e+03,4.59264e-08,1.06636e-04,4.30684e-04,0,0.7638,0.4134
1.750,15.00,20.0,1.65140e+04,4.59264e-08,6.17106e-05,7.44222e-04,0,0.7638,0.4134
1.750,17.50,20.0,2.62236e+04,4.59264e-08,3.88615e-05,1.18180e-03,0,0.7638,0.4134
1.750,20.00,20.0,3.91443e+04,4.59264e-08,2.60342e-05,1.76408e-03,0,0.7638,0.4134
1.750,22.50,20.0,5.57347e+04,4.59264e-08,1.82846e-05,2.51175e-03,0,0.7638,0.4134
1.750,25.00,20.0,7.64536e+04,4.59264e-08,1.33295e-05,3.44547e-03,0,0.7638,0.4134
1.750,27.50,20.0,1.01760e+05,4.59264e-08,1.00146e-05,4.58592e-03,0,0.7638,0.4134
1.750,30.00,20.0,1.32112e+05,4.59264e-08,7.71382e-06,5.95378e-03,0,0.7638,0.4134
1.750,32.50,20.0,1.67969e+05,4.59264e-08,6.06713e-06,7.56970e-03,0,0.7638,0.4134
1.750,35.00,20.0,2.09789e+05,4.59264e-08,4.85768e-06,9.45438e-03,0,0.7638,0.4134
1.750,37.50,20.0,2.58031e+05,4.59264e-08,3.94948e-06,1.16285e-02,0,0.7638,0.4134
1.750,40.00,20.0,3.13154e+05,4.59264e-08,3.25427e-06,1.41127e-02,0,0.7638,0.4134
1.750,42.50,20.0,3.75617e+05,4.59264e-08,2.71311e-06,1.69276e-02,0,0.7638,0.4134
1.750,45.00,20.0,4.45877e+05,4.59264e-08,2.28558e-06,2.00940e-02,0,0.7638,0.4134
1.750,47.50,20.0,5.24395e+05,4.59264e-08,1.94336e-06,2.36325e-02,0,0.7638,0.4134
1.750,50.00,20.0,6.11629e+05,4.59264e-08,1.66619e-06,2.75638e-02,0,0.7638,0.4134
1.750,52.50,20.0,7.08037e+05,4.59264e-08,1.43931e-06,3.19085e-02,0,0.7638,0.4134
1.750,55.00,20.0,8.14078e+05,4.59264e-08,1.25183e-06,3.66874e-02,0,0.7638,0.4134
1.750,57.50,20.0,9.30211e+05,4.59264e-08,1.09554e-06,4.19211e-02,0,0.7638,0.4134
1.750,60.00,20.0,1.05689e+06,4.59264e-08,9.64228e-07,4.76302e-02,0,0.7638,0.4134
1.750,62.50,20.0,1.19459e+06,4.59264e-08,8.53087e-07,5.38355e-02,0,0.7638,0.4134
1.750,65.00,20.0,1.34375e+06,4.59264e-08,7.58391e-07,6.05576e-02,0,0.7638,0.4134
1.750,67.50,20.0,1.50484e+06,4.59264e-08,6.77208e-07,6.78172e-02,0,0.7638,0.4134
1.750,70.00,20.0,1.67831e+06,4.59264e-08,6.07211e-07,7.56350e-02,0,0.7638,0.4134
1.750,72.50,20.0,1.86463e+06,4.59264e-08,5.46537e-07,8.40316e-02,0,0.7638,0.4134
1.750,75.00,20.0,2.06425e+06,4.59264e-08,4.93685e-07,9.30278e-02,0,0.7638,0.4134
1.750,77.50,20.0,2.27763e+06,4.59264e-08,4.47433e-07,1.02644e-01,0,0.7638,0.4134
1.750,80.00,20.0,2.50523e+06,4.59264e-08,4.06784e-07,1.12901e-01,0,0.7638,0.4134
1.800,5.00,20.0,5.86322e+02,4.28032e-08,1.73810e-03,2.46264e-05,0,0.7638,0.4252
1.800,7.50,20.0,1.97884e+03,4.28032e-08,5.14993e-04,8.31141e-05,0,0.7638,0.4252
1.800,10.00,20.0,4.69058e+03,4.28032e-08,2.17263e-04,1.97011e-04,0,0.7638,0.4252
1.800,12.50,20.0,9.16128e+03,4.28032e-08,1.11238e-04,3.84788e-04,0,0.7638,0.4252
1.800,15.00,20.0,1.58307e+04,4.28032e-08,6.43741e-05,6.64913e-04,0,0.7638,0.4252
1.800,17.50,20.0,2.51386e+04,4.28032e-08,4.05388e-05,1.05586e-03,0,0.7638,0.4252
1.800,20.00,20.0,3.75246e+04,4.28032e-08,2.71578e-05,1.57609e-03,0,0.7638,0.4252
1.800,22.50,20.0,5.34286e+04,4.28032e-08,1.90738e-05,2.24408e-03,0,0.7638,0.4252
1.800,25.00,20.0,7.32903e+04,4.28032e-08,1.39048e-05,3.07830e-03,0,0.7638,0.4252
1.800,27.50,20.0,9.75494e+04,4.28032e-08,1.04469e-05,4.09722e-03,0,0.7638,0.4252
1.800,30.00,20.0,1.26646e+05,4.28032e-08,8.04677e-06,5.31930e-03,0,0.7638,0.4252
1.800,32.50,20.0,1.61019e+05,4.28032e-08,6.32900e-06,6.76303e-03,0,0.7638,0.4252
1.800,35.00,20.0,2.01109e+05,4.28032e-08,5.06735e-06,8.44686e-03,0,0.7638,0.4252
1.800,37.50,20.0,2.47355e+05,4.28032e-08,4.11994e-06,1.03893e-02,0,0.7638,0.4252
1.800,40.00,20.0,3.00197e+05,4.28032e-08,3.39473e-06,1.26087e-02,0,0.7638,0.4252
1.800,42.50,20.0,3.60075e+05,4.28032e-08,2.83021e-06,1.51237e-02,0,0.7638,0.4252
1.800,45.00,20.0,4.27429e+05,4.28032e-08,2.38423e-06,1.79526e-02,0,0.7638,0.4252
1.800,47.50,20.0,5.02698e+05,4.28032e-08,2.02724e-06,2.11141e-02,0,0.7638,0.4252
1.800,50.00,20.0,5.86322e+05,4.28032e-08,1.73810e-06,2.46264e-02,0,0.7638,0.4252
1.800,52.50,20.0,6.78741e+05,4.28032e-08,1.50144e-06,2.85081e-02,0,0.7638,0.4252
1.800,55.00,20.0,7.80395e+05,4.28032e-08,1.30586e-06,3.27777e-02,0,0.7638,0.4252
1.800,57.50,20.0,8.91723e+05,4.28032e-08,1.14283e-06,3.74537e-02,0,0.7638,0.4252
1.800,60.00,20.0,1.01316e+06,4.28032e-08,1.00585e-06,4.25544e-02,0,0.7638,0.4252
1.800,62.50,20.0,1.14516e+06,4.28032e-08,8.89908e-07,4.80984e-02,0,0.7638,0.4252
1.800,65.00,20.0,1.28815e+06,4.28032e-08,7.91125e-07,5.41042e-02,0,0.7638,0.4252
1.800,67.50,20.0,1.44257e+06,4.28032e-08,7.06438e-07,6.05902e-02,0,0.7638,0.4252
1.800,70.00,20.0,1.60887e+06,4.28032e-08,6.33419e-07,6.75749e-02,0,0.7638,0.4252
1.800,72.50,20.0,1.78748e+06,4.28032e-08,5.70126e-07,7.50767e-02,0,0.7638,0.4252
1.800,75.00,20.0,1.97884e+06,4.28032e-08,5.14993e-07,8.31141e-02,0,0.7638,0.4252
1.800,77.50,20.0,2.18339e+06,4.28032e-08,4.66745e-07,9.17057e-02,0,0.7638,0.4252
1.800,80.00,20.0,2.40158e+06,4.28032e-08,4.24341e-07,1.00870e-01,0,0.7638,0.4252
1.850,5.00,20.0,5.62714e+02,3.99694e-08,1.81102e-03,2.20701e-05,0,0.7638,0.4370
1.850,7.50,20.0,1.89916e+03,3.99694e-08,5.36599e-04,7.44866e-05,0,0.7638,0.4370
1.850,10.00,20.0,4.50171e+03,3.99694e-08,2.26378e-04,1.76561e-04,0,0.7638,0.4370
1.850,12.50,20.0,8.79240e+03,3.99694e-08,1.15905e-04,3.44845e-04,0,0.7638,0.4370
1.850,15.00,20.0,1.51933e+04,3.99694e-08,6.70749e-05,5.95892e-04,0,0.7638,0.4370
1.850,17.50,20.0,2.41264e+04,3.99694e-08,4.22396e-05,9.46255e-04,0,0.7638,0.4370
1.850,20.00,20.0,3.60137e+04,3.99694e-08,2.82972e-05,1.41249e-03,0,0.7638,0.4370
1.850,22.50,20.0,5.12773e+04,3.99694e-08,1.98741e-05,2.01114e-03,0,0.7638,0.4370
1.850,25.00,20.0,7.03392e+04,3.99694e-08,1.44882e-05,2.75876e-03,0,0.7638,0.4370
1.850,27.50,20.0,9.36215e+04,3.99694e-08,1.08852e-05,3.67191e-03,0,0.7638,0.4370
1.850,30.00,20.0,1.21546e+05,3.99694e-08,8.38437e-06,4.76714e-03,0,0.7638,0.4370
1.850,32.50,20.0,1.54535e+05,3.99694e-08,6.59453e-06,6.06100e-03,0,0.7638,0.4370
1.850,35.00,20.0,1.93011e+05,3.99694e-08,5.27995e-06,7.57004e-03,0,0.7638,0.4370
1.850,37.50,20.0,2.37395e+05,3.99694e-08,4.29280e-06,9.31082e-03,0,0.7638,0.4370
1.850,40.00,20.0,2.88109e+05,3.99694e-08,3.53715e-06,1.12999e-02,0,0.7638,0.4370
1.850,42.50,20.0,3.45577e+05,3.99694e-08,2.94895e-06,1.35538e-02,0,0.7638,0.4370
1.850,45.00,20.0,4.10218e+05,3.99694e-08,2.48426e-06,1.60891e-02,0,0.7638,0.4370
1.850,47.50,20.0,4.82457e+05,3.99694e-08,2.11229e-06,1.89223e-02,0,0.7638,0.4370
1.850,50.00,20.0,5.62714e+05,3.99694e-08,1.81102e-06,2.20701e-02,0,0.7638,0.4370
1.850,52.50,20.0,6.51411e+05,3.99694e-08,1.56443e-06,2.55489e-02,0,0.7638,0.4370
1.850,55.00,20.0,7.48972e+05,3.99694e-08,1.36065e-06,2.93753e-02,0,0.7638,0.4370
1.850,57.50,20.0,8.55817e+05,3.99694e-08,1.19078e-06,3.35659e-02,0,0.7638,0.4370
1.850,60.00,20.0,9.72369e+05,3.99694e-08,1.04805e-06,3.81371e-02,0,0.7638,0.4370
1.850,62.50,20.0,1.09905e+06,3.99694e-08,9.27244e-07,4.31056e-02,0,0.7638,0.4370
1.850,65.00,20.0,1.23628e+06,3.99694e-08,8.24316e-07,4.84880e-02,0,0.7638,0.4370
1.850,67.50,20.0,1.38449e+06,3.99694e-08,7.36076e-07,5.43007e-02,0,0.7638,0.4370
1.850,70.00,20.0,1.54409e+06,3.99694e-08,6.59994e-07,6.05603e-02,0,0.7638,0.4370
1.850,72.50,20.0,1.71550e+06,3.99694e-08,5.94046e-07,6.72834e-02,0,0.7638,0.4370
1.850,75.00,20.0,1.89916e+06,3.99694e-08,5.36599e-07,7.44866e-02,0,0.7638,0.4370
1.850,77.50,20.0,2.09548e+06,3.99694e-08,4.86328e-07,8.21863e-02,0,0.7638,0.4370
1.850,80.00,20.0,2.30488e+06,3.99694e-08,4.42144e-07,9.03991e-02,0,0.7638,0.4370
1.900,5.00,20.0,5.40648e+02,3.73915e-08,1.88494e-03,1.98370e-05,0,0.7638,0.4489
1.900,7.50,20.0,1.82469e+03,3.73915e-08,5.58500e-04,6.69500e-05,0,0.7638,0.4489
1.900,10.00,20.0,4.32518e+03,3.73915e-08,2.35617e-04,1.58696e-04,0,0.7638,0.4489
1.900,12.50,20.0,8.44763e+03,3.73915e-08,1.20636e-04,3.09954e-04,0,0.7638,0.4489
1.900,15.00,20.0,1.45975e+04,3.73915e-08,6.98125e-05,5.35600e-04,0,0.7638,0.4489
1.900,17.50,20.0,2.31803e+04,3.73915e-08,4.39635e-05,8.50513e-04,0,0.7638,0.4489
1.900,20.00,20.0,3.46015e+04,3.73915e-08,2.94521e-05,1.26957e-03,0,0.7638,0.4489
1.900,22.50,20.0,4.92666e+04,3.73915e-08,2.06852e-05,1.80765e-03,0,0.7638,0.4489
1.900,25.00,20.0,6.75810e+04,3.73915e-08,1.50795e-05,2.47963e-03,0,0.7638,0.4489
1.900,27.50,20.0,8.99503e+04,3.73915e-08,1.13294e-05,3.30039e-03,0,0.7638,0.4489
1.900,30.00,20.0,1.16780e+05,3.73915e-08,8.72656e-06,4.28480e-03,0,0.7638,0.4489
1.900,32.50,20.0,1.48475e+05,3.73915e-08,6.86368e-06,5.44774e-03,0,0.7638,0.4489
1.900,35.00,20.0,1.85442e+05,3.73915e-08,5.49544e-06,6.80410e-03,0,0.7638,0.4489
1.900,37.50,20.0,2.28086e+05,3.73915e-08,4.46800e-06,8.36875e-03,0,0.7638,0.4489
1.900,40.00,20.0,2.76812e+05,3.73915e-08,3.68152e-06,1.01566e-02,0,0.7638,0.4489
1.900,42.50,20.0,3.32026e+05,3.73915e-08,3.06930e-06,1.21824e-02,0,0.7638,0.4489
1.900,45.00,20.0,3.94132e+05,3.73915e-08,2.58565e-06,1.44612e-02,0,0.7638,0.4489
1.900,47.50,20.0,4.63538e+05,3.73915e-08,2.19850e-06,1.70078e-02,0,0.7638,0.4489
1.900,50.00,20.0,5.40648e+05,3.73915e-08,1.88494e-06,1.98370e-02,0,0.7638,0.4489
1.900,52.50,20.0,6.25868e+05,3.73915e-08,1.62828e-06,2.29638e-02,0,0.7638,0.4489
1.900,55.00,20.0,7.19603e+05,3.73915e-08,1.41618e-06,2.64031e-02,0,0.7638,0.4489
1.900,57.50,20.0,8.22258e+05,3.73915e-08,1.23938e-06,3.01696e-02,0,0.7638,0.4489
1.900,60.00,20.0,9.34240e+05,3.73915e-08,1.09082e-06,3.42784e-02,0,0.7638,0.4489
1.900,62.50,20.0,1.05595e+06,3.73915e-08,9.65088e-07,3.87442e-02,0,0.7638,0.4489
1.900,65.00,20.0,1.18780e+06,3.73915e-08,8.57959e-07,4.35820e-02,0,0.7638,0.4489
1.900,67.50,20.0,1.33020e+06,3.73915e-08,7.66118e-07,4.88065e-02,0,0.7638,0.4489
1.900,70.00,20.0,1.48354e+06,3.73915e-08,6.86930e-07,5.44328e-02,0,0.7638,0.4489
1.900,72.50,20.0,1.64823e+06,3.73915e-08,6.18291e-07,6.04757e-02,0,0.7638,0.4489
1.900,75.00,20.0,1.82469e+06,3.73915e-08,5.58500e-07,6.69500e-02,0,0.7638,0.4489
1.900,77.50,20.0,2.01331e+06,3.73915e-08,5.06176e-07,7.38706e-02,0,0.7638,0.4489
1.900,80.00,20.0,2.21449e+06,3.73915e-08,4.60190e-07,8.12525e-02,0,0.7638,0.4489
1.950,5.00,20.0,5.19988e+02,3.50405e-08,1.95983e-03,1.78794e-05,0,0.7638,0.4607
1.950,7.50,20.0,1.75496e+03,3.50405e-08,5.80690e-04,6.03429e-05,0,0.7638,0.4607
1.950,10.00,20.0,4.15990e+03,3.50405e-08,2.44979e-04,1.43035e-04,0,0.7638,0.4607
1.950,12.50,20.0,8.12481e+03,3.50405e-08,1.25429e-04,2.79365e-04,0,0.7638,0.4607
1.950,15.00,20.0,1.40397e+04,3.50405e-08,7.25863e-05,4.82743e-04,0,0.7638,0.4607
1.950,17.50,20.0,2.22945e+04,3.50405e-08,4.57103e-05,7.66579e-04,0,0.7638,0.4607
1.950,20.00,20.0,3.32792e+04,3.50405e-08,3.06223e-05,1.14428e-03,0,0.7638,0.4607
1.950,22.50,20.0,4.73839e+04,3.50405e-08,2.15070e-05,1.62926e-03,0,0.7638,0.4607
1.950,25.00,20.0,6.49985e+04,3.50405e-08,1.56786e-05,2.23492e-03,0,0.7638,0.4607
1.950,27.50,20.0,8.65130e+04,3.50405e-08,1.17796e-05,2.97468e-03,0,0.7638,0.4607
1.950,30.00,20.0,1.12317e+05,3.50405e-08,9.07329e-06,3.86195e-03,0,0.7638,0.4607
1.950,32.50,20.0,1.42802e+05,3.50405e-08,7.13638e-06,4.91013e-03,0,0.7638,0.4607
1.950,35.00,20.0,1.78356e+05,3.50405e-08,5.71379e-06,6.13263e-03,0,0.7638,0.4607
1.950,37.50,20.0,2.19370e+05,3.50405e-08,4.64552e-06,7.54287e-03,0,0.7638,0.4607
1.950,40.00,20.0,2.66234e+05,3.50405e-08,3.82779e-06,9.15425e-03,0,0.7638,0.4607
1.950,42.50,20.0,3.19338e+05,3.50405e-08,3.19126e-06,1.09802e-02,0,0.7638,0.4607
1.950,45.00,20.0,3.79071e+05,3.50405e-08,2.68838e-06,1.30341e-02,0,0.7638,0.4607
1.950,47.50,20.0,4.45825e+05,3.50405e-08,2.28585e-06,1.53293e-02,0,0.7638,0.4607
1.950,50.00,20.0,5.19988e+05,3.50405e-08,1.95983e-06,1.78794e-02,0,0.7638,0.4607
1.950,52.50,20.0,6.01951e+05,3.50405e-08,1.69297e-06,2.06976e-02,0,0.7638,0.4607
1.950,55.00,20.0,6.92104e+05,3.50405e-08,1.47245e-06,2.37975e-02,0,0.7638,0.4607
1.950,57.50,20.0,7.90836e+05,3.50405e-08,1.28862e-06,2.71923e-02,0,0.7638,0.4607
1.950,60.00,20.0,8.98539e+05,3.50405e-08,1.13416e-06,3.08956e-02,0,0.7638,0.4607
1.950,62.50,20.0,1.01560e+06,3.50405e-08,1.00343e-06,3.49207e-02,0,0.7638,0.4607
1.950,65.00,20.0,1.14241e+06,3.50405e-08,8.92048e-07,3.92810e-02,0,0.7638,0.4607
1.950,67.50,20.0,1.27937e+06,3.50405e-08,7.96557e-07,4.39900e-02,0,0.7638,0.4607
1.950,70.00,20.0,1.42685e+06,3.50405e-08,7.14224e-07,4.90610e-02,0,0.7638,0.4607
1.950,72.50,20.0,1.58525e+06,3.50405e-08,6.42857e-07,5.45075e-02,0,0.7638,0.4607
1.950,75.00,20.0,1.75496e+06,3.50405e-08,5.80690e-07,6.03429e-02,0,0.7638,0.4607
1.950,77.50,20.0,1.93637e+06,3.50405e-08,5.26288e-07,6.65806e-02,0,0.7638,0.4607
1.950,80.00,20.0,2.12987e+06,3.50405e-08,4.78474e-07,7.32340e-02,0,0.7638,0.4607
2.000,5.00,20.0,5.00611e+02,3.28914e-08,2.03569e-03,1.61574e-05,0,0.7638,0.4725
2.000,7.50,20.0,1.68956e+03,3.28914e-08,6.03167e-04,5.45312e-05,0,0.7638,0.4725
2.000,10.00,20.0,4.00489e+03,3.28914e-08,2.54461e-04,1.29259e-04,0,0.7638,0.4725
2.000,12.50,20.0,7.82204e+03,3.28914e-08,1.30284e-04,2.52459e-04,0,0.7638,0.4725
2.000,15.00,20.0,1.35165e+04,3.28914e-08,7.53959e-05,4.36249e-04,0,0.7638,0.4725
2.000,17.50,20.0,2.14637e+04,3.28914e-08,4.74796e-05,6.92748e-04,0,0.7638,0.4725
2.000,20.00,20.0,3.20391e+04,3.28914e-08,3.18076e-05,1.03407e-03,0,0.7638,0.4725
2.000,22.50,20.0,4.56181e+04,3.28914e-08,2.23395e-05,1.47234e-03,0,0.7638,0.4725
2.000,25.00,20.0,6.25763e+04,3.28914e-08,1.62855e-05,2.01967e-03,0,0.7638,0.4725
2.000,27.50,20.0,8.32891e+04,3.28914e-08,1.22355e-05,2.68818e-03,0,0.7638,0.4725
2.000,30.00,20.0,1.08132e+05,3.28914e-08,9.42449e-06,3.49000e-03,0,0.7638,0.4725
2.000,32.50,20.0,1.37480e+05,3.28914e-08,7.41261e-06,4.43722e-03,0,0.7638,0.4725
2.000,35.00,20.0,1.71709e+05,3.28914e-08,5.93495e-06,5.54198e-03,0,0.7638,0.4725
2.000,37.50,20.0,2.11195e+05,3.28914e-08,4.82534e-06,6.81640e-03,0,0.7638,0.4725
2.000,40.00,20.0,2.56313e+05,3.28914e-08,3.97595e-06,8.27258e-03,0,0.7638,0.4725
2.000,42.50,20.0,3.07438e+05,3.28914e-08,3.31478e-06,9.92265e-03,0,0.7638,0.4725
2.000,45.00,20.0,3.64945e+05,3.28914e-08,2.79244e-06,1.17787e-02,0,0.7638,0.4725
2.000,47.50,20.0,4.29211e+05,3.28914e-08,2.37433e-06,1.38529e-02,0,0.7638,0.4725
2.000,50.00,20.0,5.00611e+05,3.28914e-08,2.03569e-06,1.61574e-02,0,0.7638,0.4725
2.000,52.50,20.0,5.79519e+05,3.28914e-08,1.75850e-06,1.87042e-02,0,0.7638,0.4725
2.000,55.00,20.0,6.66313e+05,3.28914e-08,1.52944e-06,2.15055e-02,0,0.7638,0.4725
2.000,57.50,20.0,7.61366e+05,3.28914e-08,1.33850e-06,2.45734e-02,0,0.7638,0.4725
2.000,60.00,20.0,8.65055e+05,3.28914e-08,1.17806e-06,2.79200e-02,0,0.7638,0.4725
2.000,62.50,20.0,9.77755e+05,3.28914e-08,1.04227e-06,3.15574e-02,0,0.7638,0.4725
2.000,65.00,20.0,1.09984e+06,3.28914e-08,9.26577e-07,3.54978e-02,0,0.7638,0.4725
2.000,67.50,20.0,1.23169e+06,3.28914e-08,8.27390e-07,3.97532e-02,0,0.7638,0.4725
2.000,70.00,20.0,1.37368e+06,3.28914e-08,7.41869e-07,4.43359e-02,0,0.7638,0.4725
2.000,72.50,20.0,1.52617e+06,3.28914e-08,6.67740e-07,4.92578e-02,0,0.7638,0.4725
2.000,75.00,20.0,1.68956e+06,3.28914e-08,6.03167e-07,5.45312e-02,0,0.7638,0.4725
2.000,77.50,20.0,1.86421e+06,3.28914e-08,5.46659e-07,6.01681e-02,0,0.7638,0.4725
2.000,80.00,20.0,2.05050e+06,3.28914e-08,4.96994e-07,6.61806e-02,0,0.7638,0.4725
2.050,5.00,20.0,4.82408e+02,3.09224e-08,2.11250e-03,1.46378e-05,0,0.7638,0.4843
2.050,7.50,20.0,1.62813e+03,3.09224e-08,6.25927e-04,4.94026e-05,0,0.7638,0.4843
2.050,10.00,20.0,3.85926e+03,3.09224e-08,2.64063e-04,1.17102e-04,0,0.7638,0.4843
2.050,12.50,20.0,7.53762e+03,3.09224e-08,1.35200e-04,2.28716e-04,0,0.7638,0.4843
2.050,15.00,20.0,1.30250e+04,3.09224e-08,7.82408e-05,3.95220e-04,0,0.7638,0.4843
2.050,17.50,20.0,2.06832e+04,3.09224e-08,4.92712e-05,6.27595e-04,0,0.7638,0.4843
2.050,20.00,20.0,3.08741e+04,3.09224e-08,3.30078e-05,9.36819e-04,0,0.7638,0.4843
2.050,22.50,20.0,4.39594e+04,3.09224e-08,2.31825e-05,1.33387e-03,0,0.7638,0.4843
2.050,25.00,20.0,6.03010e+04,3.09224e-08,1.69000e-05,1.82972e-03,0,0.7638,0.4843
2.050,27.50,20.0,8.02606e+04,3.09224e-08,1.26972e-05,2.43536e-03,0,0.7638,0.4843
2.050,30.00,20.0,1.04200e+05,3.09224e-08,9.78010e-06,3.16176e-03,0,0.7638,0.4843
2.050,32.50,20.0,1.32481e+05,3.09224e-08,7.69232e-06,4.01990e-03,0,0.7638,0.4843
2.050,35.00,20.0,1.65466e+05,3.09224e-08,6.15890e-06,5.02076e-03,0,0.7638,0.4843
2.050,37.50,20.0,2.03516e+05,3.09224e-08,5.00741e-06,6.17532e-03,0,0.7638,0.4843
2.050,40.00,20.0,2.46993e+05,3.09224e-08,4.12598e-06,7.49455e-03,0,0.7638,0.4843
2.050,42.50,20.0,2.96259e+05,3.09224e-08,3.43986e-06,8.98943e-03,0,0.7638,0.4843
2.050,45.00,20.0,3.51675e+05,3.09224e-08,2.89781e-06,1.06710e-02,0,0.7638,0.4843
2.050,47.50,20.0,4.13604e+05,3.09224e-08,2.46392e-06,1.25501e-02,0,0.7638,0.4843
2.050,50.00,20.0,4.82408e+05,3.09224e-08,2.11250e-06,1.46378e-02,0,0.7638,0.4843
2.050,52.50,20.0,5.58447e+05,3.09224e-08,1.82486e-06,1.69451e-02,0,0.7638,0.4843
2.050,55.00,20.0,6.42085e+05,3.09224e-08,1.58715e-06,1.94829e-02,0,0.7638,0.4843
2.050,57.50,20.0,7.33682e+05,3.09224e-08,1.38900e-06,2.22623e-02,0,0.7638,0.4843
2.050,60.00,20.0,8.33601e+05,3.09224e-08,1.22251e-06,2.52941e-02,0,0.7638,0.4843
2.050,62.50,20.0,9.42203e+05,3.09224e-08,1.08160e-06,2.85894e-02,0,0.7638,0.4843
2.050,65.00,20.0,1.05985e+06,3.09224e-08,9.61539e-07,3.21592e-02,0,0.7638,0.4843
2.050,67.50,20.0,1.18690e+06,3.09224e-08,8.58610e-07,3.60145e-02,0,0.7638,0.4843
2.050,70.00,20.0,1.32373e+06,3.09224e-08,7.69862e-07,4.01661e-02,0,0.7638,0.4843
2.050,72.50,20.0,1.47068e+06,3.09224e-08,6.92936e-07,4.46251e-02,0,0.7638,0.4843
2.050,75.00,20.0,1.62813e+06,3.09224e-08,6.25927e-07,4.94026e-02,0,0.7638,0.4843
2.050,77.50,20.0,1.79643e+06,3.09224e-08,5.67286e-07,5.45093e-02,0,0.7638,0.4843
2.050,80.00,20.0,1.97594e+06,3.09224e-08,5.15748e-07,5.99564e-02,0,0.7638,0.4843
2.100,5.00,20.0,4.65282e+02,2.91145e-08,2.19026e-03,1.32927e-05,0,0.7638,0.4961
2.100,7.50,20.0,1.57033e+03,2.91145e-08,6.48965e-04,4.48629e-05,0,0.7638,0.4961
2.100,10.00,20.0,3.72226e+03,2.91145e-08,2.73782e-04,1.06342e-04,0,0.7638,0.4961
2.100,12.50,20.0,7.27003e+03,2.91145e-08,1.40177e-04,2.07699e-04,0,0.7638,0.4961
2.100,15.00,20.0,1.25626e+04,2.91145e-08,8.11207e-05,3.58903e-04,0,0.7638,0.4961
2.100,17.50,20.0,1.99490e+04,2.91145e-08,5.10847e-05,5.69925e-04,0,0.7638,0.4961
2.100,20.00,20.0,2.97780e+04,2.91145e-08,3.42228e-05,8.50734e-04,0,0.7638,0.4961
2.100,22.50,20.0,4.23988e+04,2.91145e-08,2.40358e-05,1.21130e-03,0,0.7638,0.4961
2.100,25.00,20.0,5.81602e+04,2.91145e-08,1.75221e-05,1.66159e-03,0,0.7638,0.4961
2.100,27.50,20.0,7.74113e+04,2.91145e-08,1.31646e-05,2.21158e-03,0,0.7638,0.4961
2.100,30.00,20.0,1.00501e+05,2.91145e-08,1.01401e-05,2.87123e-03,0,0.7638,0.4961
2.100,32.50,20.0,1.27778e+05,2.91145e-08,7.97545e-06,3.65051e-03,0,0.7638,0.4961
2.100,35.00,20.0,1.59592e+05,2.91145e-08,6.38559e-06,4.55940e-03,0,0.7638,0.4961
2.100,37.50,20.0,1.96291e+05,2.91145e-08,5.19172e-06,5.60787e-03,0,0.7638,0.4961
2.100,40.00,20.0,2.38224e+05,2.91145e-08,4.27785e-06,6.80587e-03,0,0.7638,0.4961
2.100,42.50,20.0,2.85741e+05,2.91145e-08,3.56647e-06,8.16339e-03,0,0.7638,0.4961
2.100,45.00,20.0,3.39191e+05,2.91145e-08,3.00447e-06,9.69039e-03,0,0.7638,0.4961
2.100,47.50,20.0,3.98921e+05,2.91145e-08,2.55461e-06,1.13968e-02,0,0.7638,0.4961
2.100,50.00,20.0,4.65282e+05,2.91145e-08,2.19026e-06,1.32927e-02,0,0.7638,0.4961
2.100,52.50,20.0,5.38622e+05,2.91145e-08,1.89203e-06,1.53880e-02,0,0.7638,0.4961
2.100,55.00,20.0,6.19290e+05,2.91145e-08,1.64557e-06,1.76926e-02,0,0.7638,0.4961
2.100,57.50,20.0,7.07636e+05,2.91145e-08,1.44013e-06,2.02166e-02,0,0.7638,0.4961
2.100,60.00,20.0,8.04007e+05,2.91145e-08,1.26751e-06,2.29698e-02,0,0.7638,0.4961
2.100,62.50,20.0,9.08754e+05,2.91145e-08,1.12141e-06,2.59623e-02,0,0.7638,0.4961
2.100,65.00,20.0,1.02222e+06,2.91145e-08,9.96931e-07,2.92041e-02,0,0.7638,0.4961
2.100,67.50,20.0,1.14477e+06,2.91145e-08,8.90213e-07,3.27051e-02,0,0.7638,0.4961
2.100,70.00,20.0,1.27673e+06,2.91145e-08,7.98199e-07,3.64752e-02,0,0.7638,0.4961
2.100,72.50,20.0,1.41847e+06,2.91145e-08,7.18441e-07,4.05245e-02,0,0.7638,0.4961
2.100,75.00,20.0,1.57033e+06,2.91145e-08,6.48965e-07,4.48629e-02,0,0.7638,0.4961
2.100,77.50,20.0,1.73265e+06,2.91145e-08,5.88166e-07,4.95004e-02,0,0.7638,0.4961
2.100,80.00,20.0,1.90579e+06,2.91145e-08,5.34731e-07,5.44470e-02,0,0.7638,0.4961
2.150,5.00,20.0,4.49146e+02,2.74512e-08,2.26895e-03,1.20987e-05,0,0.7638,0.5079
2.150,7.50,20.0,1.51587e+03,2.74512e-08,6.72280e-04,4.08330e-05,0,0.7638,0.5079
2.150,10.00,20.0,3.59317e+03,2.74512e-08,2.83618e-04,9.67893e-05,0,0.7638,0.5079
2.150,12.50,20.0,7.01790e+03,2.74512e-08,1.45213e-04,1.89042e-04,0,0.7638,0.5079
2.150,15.00,20.0,1.21269e+04,2.74512e-08,8.40350e-05,3.26664e-04,0,0.7638,0.5079
2.150,17.50,20.0,1.92571e+04,2.74512e-08,5.29200e-05,5.18730e-04,0,0.7638,0.5079
2.150,20.00,20.0,2.87453e+04,2.74512e-08,3.54523e-05,7.74314e-04,0,0.7638,0.5079
2.150,22.50,20.0,4.09284e+04,2.74512e-08,2.48993e-05,1.10249e-03,0,0.7638,0.5079
2.150,25.00,20.0,5.61432e+04,2.74512e-08,1.81516e-05,1.51233e-03,0,0.7638,0.5079
2.150,27.50,20.0,7.47266e+04,2.74512e-08,1.36375e-05,2.01291e-03,0,0.7638,0.5079
2.150,30.00,20.0,9.70155e+04,2.74512e-08,1.05044e-05,2.61331e-03,0,0.7638,0.5079
2.150,32.50,20.0,1.23347e+05,2.74512e-08,8.26198e-06,3.32259e-03,0,0.7638,0.5079
2.150,35.00,20.0,1.54057e+05,2.74512e-08,6.61500e-06,4.14984e-03,0,0.7638,0.5079
2.150,37.50,20.0,1.89483e+05,2.74512e-08,5.37824e-06,5.10412e-03,0,0.7638,0.5079
2.150,40.00,20.0,2.29963e+05,2.74512e-08,4.43153e-06,6.19451e-03,0,0.7638,0.5079
2.150,42.50,20.0,2.75832e+05,2.74512e-08,3.69460e-06,7.43009e-03,0,0.7638,0.5079
2.150,45.00,20.0,3.27427e+05,2.74512e-08,3.11241e-06,8.81992e-03,0,0.7638,0.5079
2.150,47.50,20.0,3.85086e+05,2.74512e-08,2.64639e-06,1.03731e-02,0,0.7638,0.5079
2.150,50.00,20.0,4.49146e+05,2.74512e-08,2.26895e-06,1.20987e-02,0,0.7638,0.5079
2.150,52.50,20.0,5.19942e+05,2.74512e-08,1.96000e-06,1.40057e-02,0,0.7638,0.5079
2.150,55.00,20.0,5.97813e+05,2.74512e-08,1.70469e-06,1.61033e-02,0,0.7638,0.5079
2.150,57.50,20.0,6.83095e+05,2.74512e-08,1.49187e-06,1.84005e-02,0,0.7638,0.5079
2.150,60.00,20.0,7.76124e+05,2.74512e-08,1.31305e-06,2.09065e-02,0,0.7638,0.5079
2.150,62.50,20.0,8.77238e+05,2.74512e-08,1.16170e-06,2.36302e-02,0,0.7638,0.5079
2.150,65.00,20.0,9.86773e+05,2.74512e-08,1.03275e-06,2.65808e-02,0,0.7638,0.5079
2.150,67.50,20.0,1.10507e+06,2.74512e-08,9.22195e-07,2.97672e-02,0,0.7638,0.5079
2.150,70.00,20.0,1.23246e+06,2.74512e-08,8.26875e-07,3.31987e-02,0,0.7638,0.5079
2.150,72.50,20.0,1.36928e+06,2.74512e-08,7.44252e-07,3.68843e-02,0,0.7638,0.5079
2.150,75.00,20.0,1.51587e+06,2.74512e-08,6.72280e-07,4.08330e-02,0,0.7638,0.5079
2.150,77.50,20.0,1.67256e+06,2.74512e-08,6.09297e-07,4.50539e-02,0,0.7638,0.5079
2.150,80.00,20.0,1.83970e+06,2.74512e-08,5.53942e-07,4.95561e-02,0,0.7638,0.5079
2.200,5.00,20.0,4.33921e+02,2.59180e-08,2.34855e-03,1.10357e-05,0,0.7638,0.5197
2.200,7.50,20.0,1.46448e+03,2.59180e-08,6.95868e-04,3.72455e-05,0,0.7638,0.5197
2.200,10.00,20.0,3.47137e+03,2.59180e-08,2.93569e-04,8.82857e-05,0,0.7638,0.5197
2.200,12.50,20.0,6.78002e+03,2.59180e-08,1.50307e-04,1.72433e-04,0,0.7638,0.5197
2.200,15.00,20.0,1.17159e+04,2.59180e-08,8.69835e-05,2.97964e-04,0,0.7638,0.5197
2.200,17.50,20.0,1.86044e+04,2.59180e-08,5.47768e-05,4.73156e-04,0,0.7638,0.5197
2.200,20.00,20.0,2.77710e+04,2.59180e-08,3.66961e-05,7.06286e-04,0,0.7638,0.5197
2.200,22.50,20.0,3.95411e+04,2.59180e-08,2.57729e-05,1.00563e-03,0,0.7638,0.5197
2.200,25.00,20.0,5.42402e+04,2.59180e-08,1.87884e-05,1.37946e-03,0,0.7638,0.5197
2.200,27.50,20.0,7.21937e+04,2.59180e-08,1.41160e-05,1.83607e-03,0,0.7638,0.5197
2.200,30.00,20.0,9.37270e+04,2.59180e-08,1.08729e-05,2.38371e-03,0,0.7638,0.5197
2.200,32.50,20.0,1.19166e+05,2.59180e-08,8.55186e-06,3.03068e-03,0,0.7638,0.5197
2.200,35.00,20.0,1.48835e+05,2.59180e-08,6.84709e-06,3.78525e-03,0,0.7638,0.5197
2.200,37.50,20.0,1.83061e+05,2.59180e-08,5.56694e-06,4.65569e-03,0,0.7638,0.5197
2.200,40.00,20.0,2.22168e+05,2.59180e-08,4.58702e-06,5.65028e-03,0,0.7638,0.5197
2.200,42.50,20.0,2.66482e+05,2.59180e-08,3.82423e-06,6.77731e-03,0,0.7638,0.5197
2.200,45.00,20.0,3.16329e+05,2.59180e-08,3.22161e-06,8.04503e-03,0,0.7638,0.5197
2.200,47.50,20.0,3.72033e+05,2.59180e-08,2.73924e-06,9.46174e-03,0,0.7638,0.5197
2.200,50.00,20.0,4.33921e+05,2.59180e-08,2.34855e-06,1.10357e-02,0,0.7638,0.5197
2.200,52.50,20.0,5.02318e+05,2.59180e-08,2.02877e-06,1.27752e-02,0,0.7638,0.5197
2.200,55.00,20.0,5.77549e+05,2.59180e-08,1.76450e-06,1.46885e-02,0,0.7638,0.5197
2.200,57.50,20.0,6.59940e+05,2.59180e-08,1.54421e-06,1.67839e-02,0,0.7638,0.5197
2.200,60.00,20.0,7.49816e+05,2.59180e-08,1.35912e-06,1.90697e-02,0,0.7638,0.5197
2.200,62.50,20.0,8.47503e+05,2.59180e-08,1.20246e-06,2.15541e-02,0,0.7638,0.5197
2.200,65.00,20.0,9.53325e+05,2.59180e-08,1.06898e-06,2.42455e-02,0,0.7638,0.5197
2.200,67.50,20.0,1.06761e+06,2.59180e-08,9.54551e-07,2.71520e-02,0,0.7638,0.5197
2.200,70.00,20.0,1.19068e+06,2.59180e-08,8.55887e-07,3.02820e-02,0,0.7638,0.5197
2.200,72.50,20.0,1.32286e+06,2.59180e-08,7.70365e-07,3.36437e-02,0,0.7638,0.5197
2.200,75.00,20.0,1.46448e+06,2.59180e-08,6.95868e-07,3.72455e-02,0,0.7638,0.5197
2.200,77.50,20.0,1.61587e+06,2.59180e-08,6.30675e-07,4.10956e-02,0,0.7638,0.5197
2.200,80.00,20.0,1.77734e+06,2.59180e-08,5.73377e-07,4.52023e-02,0,0.7638,0.5197
2.250,5.00,20.0,4.19538e+02,2.45020e-08,2.42907e-03,1.00870e-05,0,0.7638,0.5315
2.250,7.50,20.0,1.41594e+03,2.45020e-08,7.19725e-04,3.40435e-05,0,0.7638,0.5315
2.250,10.00,20.0,3.35630e+03,2.45020e-08,3.03634e-04,8.06958e-05,0,0.7638,0.5315
2.250,12.50,20.0,6.55528e+03,2.45020e-08,1.55461e-04,1.57609e-04,0,0.7638,0.5315
2.250,15.00,20.0,1.13275e+04,2.45020e-08,8.99656e-05,2.72348e-04,0,0.7638,0.5315
2.250,17.50,20.0,1.79877e+04,2.45020e-08,5.66547e-05,4.32479e-04,0,0.7638,0.5315
2.250,20.00,20.0,2.68504e+04,2.45020e-08,3.79542e-05,6.45566e-04,0,0.7638,0.5315
2.250,22.50,20.0,3.82304e+04,2.45020e-08,2.66565e-05,9.19176e-04,0,0.7638,0.5315
2.250,25.00,20.0,5.24423e+04,2.45020e-08,1.94326e-05,1.26087e-03,0,0.7638,0.5315
2.250,27.50,20.0,6.98006e+04,2.45020e-08,1.46000e-05,1.67822e-03,0,0.7638,0.5315
2.250,30.00,20.0,9.06202e+04,2.45020e-08,1.12457e-05,2.17879e-03,0,0.7638,0.5315
2.250,32.50,20.0,1.15216e+05,2.45020e-08,8.84505e-06,2.77014e-03,0,0.7638,0.5315
2.250,35.00,20.0,1.43902e+05,2.45020e-08,7.08184e-06,3.45983e-03,0,0.7638,0.5315
2.250,37.50,20.0,1.76993e+05,2.45020e-08,5.75780e-06,4.25544e-03,0,0.7638,0.5315
2.250,40.00,20.0,2.14803e+05,2.45020e-08,4.74428e-06,5.16453e-03,0,0.7638,0.5315
2.250,42.50,20.0,2.57649e+05,2.45020e-08,3.95534e-06,6.19466e-03,0,0.7638,0.5315
2.250,45.00,20.0,3.05843e+05,2.45020e-08,3.33206e-06,7.35341e-03,0,0.7638,0.5315
2.250,47.50,20.0,3.59701e+05,2.45020e-08,2.83315e-06,8.64832e-03,0,0.7638,0.5315
2.250,50.00,20.0,4.19538e+05,2.45020e-08,2.42907e-06,1.00870e-02,0,0.7638,0.5315
2.250,52.50,20.0,4.85668e+05,2.45020e-08,2.09832e-06,1.16769e-02,0,0.7638,0.5315
2.250,55.00,20.0,5.58405e+05,2.45020e-08,1.82500e-06,1.34258e-02,0,0.7638,0.5315
2.250,57.50,20.0,6.38065e+05,2.45020e-08,1.59715e-06,1.53410e-02,0,0.7638,0.5315
2.250,60.00,20.0,7.24962e+05,2.45020e-08,1.40571e-06,1.74303e-02,0,0.7638,0.5315
2.250,62.50,20.0,8.19410e+05,2.45020e-08,1.24368e-06,1.97011e-02,0,0.7638,0.5315
2.250,65.00,20.0,9.21725e+05,2.45020e-08,1.10563e-06,2.21611e-02,0,0.7638,0.5315
2.250,67.50,20.0,1.03222e+06,2.45020e-08,9.87277e-07,2.48177e-02,0,0.7638,0.5315
2.250,70.00,20.0,1.15121e+06,2.45020e-08,8.85230e-07,2.76787e-02,0,0.7638,0.5315
2.250,72.50,20.0,1.27901e+06,2.45020e-08,7.96776e-07,3.07514e-02,0,0.7638,0.5315
2.250,75.00,20.0,1.41594e+06,2.45020e-08,7.19725e-07,3.40435e-02,0,0.7638,0.5315
2.250,77.50,20.0,1.56231e+06,2.45020e-08,6.52297e-07,3.75626e-02,0,0.7638,0.5315
2.250,80.00,20.0,1.71843e+06,2.45020e-08,5.93035e-07,4.13163e-02,0,0.7638,0.5315
2.300,5.00,20.0,4.05932e+02,2.31920e-08,2.51049e-03,9.23804e-06,0,0.7638,0.5433
2.300,7.50,20.0,1.37002e+03,2.31920e-08,7.43848e-04,3.11784e-05,0,0.7638,0.5433
2.300,10.00,20.0,3.24746e+03,2.31920e-08,3.13811e-04,7.39043e-05,0,0.7638,0.5433
2.300,12.50,20.0,6.34269e+03,2.31920e-08,1.60671e-04,1.44344e-04,0,0.7638,0.5433
2.300,15.00,20.0,1.09602e+04,2.31920e-08,9.29810e-05,2.49427e-04,0,0.7638,0.5433
2.300,17.50,20.0,1.74043e+04,2.31920e-08,5.85537e-05,3.96081e-04,0,0.7638,0.5433
2.300,20.00,20.0,2.59797e+04,2.31920e-08,3.92264e-05,5.91234e-04,0,0.7638,0.5433
2.300,22.50,20.0,3.69906e+04,2.31920e-08,2.75499e-05,8.41816e-04,0,0.7638,0.5433
2.300,25.00,20.0,5.07415e+04,2.31920e-08,2.00839e-05,1.15475e-03,0,0.7638,0.5433
2.300,27.50,20.0,6.75369e+04,2.31920e-08,1.50893e-05,1.53698e-03,0,0.7638,0.5433
2.300,30.00,20.0,8.76813e+04,2.31920e-08,1.16226e-05,1.99542e-03,0,0.7638,0.5433
2.300,32.50,20.0,1.11479e+05,2.31920e-08,9.14151e-06,2.53700e-03,0,0.7638,0.5433
2.300,35.00,20.0,1.39235e+05,2.31920e-08,7.31921e-06,3.16865e-03,0,0.7638,0.5433
2.300,37.50,20.0,1.71253e+05,2.31920e-08,5.95079e-06,3.89730e-03,0,0.7638,0.5433
2.300,40.00,20.0,2.07837e+05,2.31920e-08,4.90330e-06,4.72988e-03,0,0.7638,0.5433
2.300,42.50,20.0,2.49293e+05,2.31920e-08,4.08791e-06,5.67331e-03,0,0.7638,0.5433
2.300,45.00,20.0,2.95924e+05,2.31920e-08,3.44374e-06,6.73453e-03,0,0.7638,0.5433
2.300,47.50,20.0,3.48036e+05,2.31920e-08,2.92811e-06,7.92046e-03,0,0.7638,0.5433
2.300,50.00,20.0,4.05932e+05,2.31920e-08,2.51049e-06,9.23804e-03,0,0.7638,0.5433
2.300,52.50,20.0,4.69917e+05,2.31920e-08,2.16865e-06,1.06942e-02,0,0.7638,0.5433
2.300,55.00,20.0,5.40296e+05,2.31920e-08,1.88617e-06,1.22958e-02,0,0.7638,0.5433
2.300,57.50,20.0,6.17372e+05,2.31920e-08,1.65069e-06,1.40499e-02,0,0.7638,0.5433
2.300,60.00,20.0,7.01451e+05,2.31920e-08,1.45283e-06,1.59633e-02,0,0.7638,0.5433
2.300,62.50,20.0,7.92836e+05,2.31920e-08,1.28537e-06,1.80430e-02,0,0.7638,0.5433
2.300,65.00,20.0,8.91833e+05,2.31920e-08,1.14269e-06,2.02960e-02,0,0.7638,0.5433
2.300,67.50,20.0,9.98745e+05,2.31920e-08,1.02037e-06,2.27290e-02,0,0.7638,0.5433
2.300,70.00,20.0,1.11388e+06,2.31920e-08,9.14901e-07,2.53492e-02,0,0.7638,0.5433
2.300,72.50,20.0,1.23753e+06,2.31920e-08,8.23482e-07,2.81633e-02,0,0.7638,0.5433
2.300,75.00,20.0,1.37002e+06,2.31920e-08,7.43848e-07,3.11784e-02,0,0.7638,0.5433
2.300,77.50,20.0,1.51164e+06,2.31920e-08,6.74160e-07,3.44013e-02,0,0.7638,0.5433
2.300,80.00,20.0,1.66270e+06,2.31920e-08,6.12912e-07,3.78390e-02,0,0.7638,0.5433
2.350,5.00,20.0,3.93046e+02,2.19780e-08,2.59280e-03,8.47656e-06,0,0.7638,0.5552
2.350,7.50,20.0,1.32653e+03,2.19780e-08,7.68236e-04,2.86084e-05,0,0.7638,0.5552
2.350,10.00,20.0,3.14437e+03,2.19780e-08,3.24099e-04,6.78125e-05,0,0.7638,0.5552
2.350,12.50,20.0,6.14134e+03,2.19780e-08,1.65939e-04,1.32446e-04,0,0.7638,0.5552
2.350,15.00,20.0,1.06122e+04,2.19780e-08,9.60294e-05,2.28867e-04,0,0.7638,0.5552
2.350,17.50,20.0,1.68518e+04,2.19780e-08,6.04734e-05,3.63432e-04,0,0.7638,0.5552
2.350,20.00,20.0,2.51549e+04,2.19780e-08,4.05124e-05,5.42500e-04,0,0.7638,0.5552
2.350,22.50,20.0,3.58163e+04,2.19780e-08,2.84532e-05,7.72426e-04,0,0.7638,0.5552
2.350,25.00,20.0,4.91307e+04,2.19780e-08,2.07424e-05,1.05957e-03,0,0.7638,0.5552
2.350,27.50,20.0,6.53930e+04,2.19780e-08,1.55840e-05,1.41029e-03,0,0.7638,0.5552
2.350,30.00,20.0,8.48979e+04,2.19780e-08,1.20037e-05,1.83094e-03,0,0.7638,0.5552
2.350,32.50,20.0,1.07940e+05,2.19780e-08,9.44122e-06,2.32788e-03,0,0.7638,0.5552
2.350,35.00,20.0,1.34815e+05,2.19780e-08,7.55917e-06,2.90746e-03,0,0.7638,0.5552
2.350,37.50,20.0,1.65816e+05,2.19780e-08,6.14588e-06,3.57605e-03,0,0.7638,0.5552
2.350,40.00,20.0,2.01240e+05,2.19780e-08,5.06405e-06,4.34000e-03,0,0.7638,0.5552
2.350,42.50,20.0,2.41379e+05,2.19780e-08,4.22193e-06,5.20567e-03,0,0.7638,0.5552
2.350,45.00,20.0,2.86530e+05,2.19780e-08,3.55665e-06,6.17941e-03,0,0.7638,0.5552
2.350,47.50,20.0,3.36988e+05,2.19780e-08,3.02411e-06,7.26759e-03,0,0.7638,0.5552
2.350,50.00,20.0,3.93046e+05,2.19780e-08,2.59280e-06,8.47656e-03,0,0.7638,0.5552
2.350,52.50,20.0,4.55000e+05,2.19780e-08,2.23975e-06,9.81268e-03,0,0.7638,0.5552
2.350,55.00,20.0,5.23144e+05,2.19780e-08,1.94801e-06,1.12823e-02,0,0.7638,0.5552
2.350,57.50,20.0,5.97774e+05,2.19780e-08,1.70480e-06,1.28918e-02,0,0.7638,0.5552
2.350,60.00,20.0,6.79183e+05,2.19780e-08,1.50046e-06,1.46475e-02,0,0.7638,0.5552
2.350,62.50,20.0,7.67668e+05,2.19780e-08,1.32751e-06,1.65558e-02,0,0.7638,0.5552
2.350,65.00,20.0,8.63522e+05,2.19780e-08,1.18015e-06,1.86230e-02,0,0.7638,0.5552
2.350,67.50,20.0,9.67040e+05,2.19780e-08,1.05382e-06,2.08555e-02,0,0.7638,0.5552
2.350,70.00,20.0,1.07852e+06,2.19780e-08,9.44896e-07,2.32597e-02,0,0.7638,0.5552
2.350,72.50,20.0,1.19825e+06,2.19780e-08,8.50480e-07,2.58419e-02,0,0.7638,0.5552
2.350,75.00,20.0,1.32653e+06,2.19780e-08,7.68236e-07,2.86084e-02,0,0.7638,0.5552
2.350,77.50,20.0,1.46365e+06,2.19780e-08,6.96263e-07,3.15656e-02,0,0.7638,0.5552
2.350,80.00,20.0,1.60992e+06,2.19780e-08,6.33007e-07,3.47200e-02,0,0.7638,0.5552
2.400,5.00,20.0,3.80827e+02,2.08511e-08,2.67598e-03,7.79195e-06,0,0.7638,0.5670
2.400,7.50,20.0,1.28529e+03,2.08511e-08,7.92884e-04,2.62978e-05,0,0.7638,0.5670
2.400,10.00,20.0,3.04662e+03,2.08511e-08,3.34498e-04,6.23356e-05,0,0.7638,0.5670
2.400,12.50,20.0,5.95043e+03,2.08511e-08,1.71263e-04,1.21749e-04,0,0.7638,0.5670
2.400,15.00,20.0,1.02823e+04,2.08511e-08,9.91105e-05,2.10383e-04,0,0.7638,0.5670
2.400,17.50,20.0,1.63280e+04,2.08511e-08,6.24136e-05,3.34080e-04,0,0.7638,0.5670
2.400,20.00,20.0,2.43730e+04,2.08511e-08,4.18122e-05,4.98685e-04,0,0.7638,0.5670
2.400,22.50,20.0,3.47029e+04,2.08511e-08,2.93661e-05,7.10041e-04,0,0.7638,0.5670
2.400,25.00,20.0,4.76034e+04,2.08511e-08,2.14079e-05,9.73994e-04,0,0.7638,0.5670
2.400,27.50,20.0,6.33602e+04,2.08511e-08,1.60840e-05,1.29639e-03,0,0.7638,0.5670
2.400,30.00,20.0,8.22587e+04,2.08511e-08,1.23888e-05,1.68306e-03,0,0.7638,0.5670
2.400,32.50,20.0,1.04585e+05,2.08511e-08,9.74413e-06,2.13986e-03,0,0.7638,0.5670
2.400,35.00,20.0,1.30624e+05,2.08511e-08,7.80170e-06,2.67264e-03,0,0.7638,0.5670
2.400,37.50,20.0,1.60662e+05,2.08511e-08,6.34307e-06,3.28723e-03,0,0.7638,0.5670
2.400,40.00,20.0,1.94984e+05,2.08511e-08,5.22653e-06,3.98948e-03,0,0.7638,0.5670
2.400,42.50,20.0,2.33876e+05,2.08511e-08,4.35739e-06,4.78523e-03,0,0.7638,0.5670
2.400,45.00,20.0,2.77623e+05,2.08511e-08,3.67076e-06,5.68033e-03,0,0.7638,0.5670
2.400,47.50,20.0,3.26512e+05,2.08511e-08,3.12113e-06,6.68062e-03,0,0.7638,0.5670
2.400,50.00,20.0,3.80827e+05,2.08511e-08,2.67598e-06,7.79195e-03,0,0.7638,0.5670
2.400,52.50,20.0,4.40855e+05,2.08511e-08,2.31161e-06,9.02015e-03,0,0.7638,0.5670
2.400,55.00,20.0,5.06881e+05,2.08511e-08,2.01051e-06,1.03711e-02,0,0.7638,0.5670
2.400,57.50,20.0,5.79191e+05,2.08511e-08,1.75950e-06,1.18506e-02,0,0.7638,0.5670
2.400,60.00,20.0,6.58070e+05,2.08511e-08,1.54860e-06,1.34645e-02,0,0.7638,0.5670
2.400,62.50,20.0,7.43804e+05,2.08511e-08,1.37010e-06,1.52186e-02,0,0.7638,0.5670
2.400,65.00,20.0,8.36678e+05,2.08511e-08,1.21802e-06,1.71189e-02,0,0.7638,0.5670
2.400,67.50,20.0,9.36978e+05,2.08511e-08,1.08763e-06,1.91711e-02,0,0.7638,0.5670
2.400,70.00,20.0,1.04499e+06,2.08511e-08,9.75212e-07,2.13811e-02,0,0.7638,0.5670
2.400,72.50,20.0,1.16100e+06,2.08511e-08,8.77767e-07,2.37547e-02,0,0.7638,0.5670
2.400,75.00,20.0,1.28529e+06,2.08511e-08,7.92884e-07,2.62978e-02,0,0.7638,0.5670
2.400,77.50,20.0,1.41815e+06,2.08511e-08,7.18602e-07,2.90162e-02,0,0.7638,0.5670
2.400,80.00,20.0,1.55987e+06,2.08511e-08,6.53316e-07,3.19158e-02,0,0.7638,0.5670
2.450,5.00,20.0,3.69229e+02,1.98035e-08,2.76004e-03,7.17508e-06,0,0.7638,0.5788
2.450,7.50,20.0,1.24615e+03,1.98035e-08,8.17790e-04,2.42159e-05,0,0.7638,0.5788
2.450,10.00,20.0,2.95383e+03,1.98035e-08,3.45005e-04,5.74006e-05,0,0.7638,0.5788
2.450,12.50,20.0,5.76921e+03,1.98035e-08,1.76643e-04,1.12111e-04,0,0.7638,0.5788
2.450,15.00,20.0,9.96919e+03,1.98035e-08,1.02224e-04,1.93727e-04,0,0.7638,0.5788
2.450,17.50,20.0,1.58307e+04,1.98035e-08,6.43741e-05,3.07632e-04,0,0.7638,0.5788
2.450,20.00,20.0,2.36307e+04,1.98035e-08,4.31256e-05,4.59205e-04,0,0.7638,0.5788
2.450,22.50,20.0,3.36460e+04,1.98035e-08,3.02885e-05,6.53829e-04,0,0.7638,0.5788
2.450,25.00,20.0,4.61536e+04,1.98035e-08,2.20803e-05,8.96885e-04,0,0.7638,0.5788
2.450,27.50,20.0,6.14305e+04,1.98035e-08,1.65893e-05,1.19375e-03,0,0.7638,0.5788
2.450,30.00,20.0,7.97535e+04,1.98035e-08,1.27780e-05,1.54982e-03,0,0.7638,0.5788
2.450,32.50,20.0,1.01400e+05,1.98035e-08,1.00502e-05,1.97046e-03,0,0.7638,0.5788
2.450,35.00,20.0,1.26646e+05,1.98035e-08,8.04677e-06,2.46105e-03,0,0.7638,0.5788
2.450,37.50,20.0,1.55769e+05,1.98035e-08,6.54232e-06,3.02699e-03,0,0.7638,0.5788
2.450,40.00,20.0,1.89045e+05,1.98035e-08,5.39070e-06,3.67364e-03,0,0.7638,0.5788
2.450,42.50,20.0,2.26753e+05,1.98035e-08,4.49427e-06,4.40640e-03,0,0.7638,0.5788
2.450,45.00,20.0,2.69168e+05,1.98035e-08,3.78606e-06,5.23063e-03,0,0.7638,0.5788
2.450,47.50,20.0,3.16568e+05,1.98035e-08,3.21918e-06,6.15173e-03,0,0.7638,0.5788
2.450,50.00,20.0,3.69229e+05,1.98035e-08,2.76004e-06,7.17508e-03,0,0.7638,0.5788
2.450,52.50,20.0,4.27429e+05,1.98035e-08,2.38423e-06,8.30605e-03,0,0.7638,0.5788
2.450,55.00,20.0,4.91444e+05,1.98035e-08,2.07366e-06,9.55003e-03,0,0.7638,0.5788
2.450,57.50,20.0,5.61551e+05,1.98035e-08,1.81477e-06,1.09124e-02,0,0.7638,0.5788
2.450,60.00,20.0,6.38028e+05,1.98035e-08,1.59725e-06,1.23985e-02,0,0.7638,0.5788
2.450,62.50,20.0,7.21151e+05,1.98035e-08,1.41314e-06,1.40138e-02,0,0.7638,0.5788
2.450,65.00,20.0,8.11196e+05,1.98035e-08,1.25628e-06,1.57636e-02,0,0.7638,0.5788
2.450,67.50,20.0,9.08442e+05,1.98035e-08,1.12180e-06,1.76534e-02,0,0.7638,0.5788
2.450,70.00,20.0,1.01316e+06,1.98035e-08,1.00585e-06,1.96884e-02,0,0.7638,0.5788
2.450,72.50,20.0,1.12564e+06,1.98035e-08,9.05340e-07,2.18741e-02,0,0.7638,0.5788
2.450,75.00,20.0,1.24615e+06,1.98035e-08,8.17790e-07,2.42159e-02,0,0.7638,0.5788
2.450,77.50,20.0,1.37496e+06,1.98035e-08,7.41174e-07,2.67191e-02,0,0.7638,0.5788
2.450,80.00,20.0,1.51236e+06,1.98035e-08,6.73838e-07,2.93891e-02,0,0.7638,0.5788
2.500,5.00,20.0,3.58208e+02,1.88281e-08,2.84496e-03,6.61806e-06,0,0.7638,0.5906
2.500,7.50,20.0,1.20895e+03,1.88281e-08,8.42952e-04,2.23360e-05,0,0.7638,0.5906
2.500,10.00,20.0,2.86566e+03,1.88281e-08,3.55620e-04,5.29445e-05,0,0.7638,0.5906
2.500,12.50,20.0,5.59700e+03,1.88281e-08,1.82078e-04,1.03407e-04,0,0.7638,0.5906
2.500,15.00,20.0,9.67161e+03,1.88281e-08,1.05369e-04,1.78688e-04,0,0.7638,0.5906
2.500,17.50,20.0,1.53582e+04,1.88281e-08,6.63548e-05,2.83750e-04,0,0.7638,0.5906
2.500,20.00,20.0,2.29253e+04,1.88281e-08,4.44525e-05,4.23556e-04,0,0.7638,0.5906
2.500,22.50,20.0,3.26417e+04,1.88281e-08,3.12204e-05,6.03071e-04,0,0.7638,0.5906
2.500,25.00,20.0,4.47760e+04,1.88281e-08,2.27597e-05,8.27258e-04,0,0.7638,0.5906
2.500,27.50,20.0,5.95968e+04,1.88281e-08,1.70997e-05,1.10108e-03,0,0.7638,0.5906
2.500,30.00,20.0,7.73729e+04,1.88281e-08,1.31711e-05,1.42950e-03,0,0.7638,0.5906
2.500,32.50,20.0,9.83728e+04,1.88281e-08,1.03594e-05,1.81749e-03,0,0.7638,0.5906
2.500,35.00,20.0,1.22865e+05,1.88281e-08,8.29435e-06,2.27000e-03,0,0.7638,0.5906
2.500,37.50,20.0,1.51119e+05,1.88281e-08,6.74361e-06,2.79200e-03,0,0.7638,0.5906
2.500,40.00,20.0,1.83402e+05,1.88281e-08,5.55657e-06,3.38845e-03,0,0.7638,0.5906
2.500,42.50,20.0,2.19984e+05,1.88281e-08,4.63254e-06,4.06432e-03,0,0.7638,0.5906
2.500,45.00,20.0,2.61134e+05,1.88281e-08,3.90255e-06,4.82457e-03,0,0.7638,0.5906
2.500,47.50,20.0,3.07118e+05,1.88281e-08,3.31822e-06,5.67416e-03,0,0.7638,0.5906
2.500,50.00,20.0,3.58208e+05,1.88281e-08,2.84496e-06,6.61806e-03,0,0.7638,0.5906
2.500,52.50,20.0,4.14670e+05,1.88281e-08,2.45758e-06,7.66124e-03,0,0.7638,0.5906
2.500,55.00,20.0,4.76775e+05,1.88281e-08,2.13746e-06,8.80864e-03,0,0.7638,0.5906
2.500,57.50,20.0,5.44789e+05,1.88281e-08,1.87061e-06,1.00652e-02,0,0.7638,0.5906
2.500,60.00,20.0,6.18983e+05,1.88281e-08,1.64639e-06,1.14360e-02,0,0.7638,0.5906
2.500,62.50,20.0,6.99625e+05,1.88281e-08,1.45662e-06,1.29259e-02,0,0.7638,0.5906
2.500,65.00,20.0,7.86983e+05,1.88281e-08,1.29493e-06,1.45399e-02,0,0.7638,0.5906
2.500,67.50,20.0,8.81326e+05,1.88281e-08,1.15631e-06,1.62829e-02,0,0.7638,0.5906
2.500,70.00,20.0,9.82922e+05,1.88281e-08,1.03679e-06,1.81600e-02,0,0.7638,0.5906
2.500,72.50,20.0,1.09204e+06,1.88281e-08,9.33195e-07,2.01760e-02,0,0.7638,0.5906
2.500,75.00,20.0,1.20895e+06,1.88281e-08,8.42952e-07,2.23360e-02,0,0.7638,0.5906
2.500,77.50,20.0,1.33392e+06,1.88281e-08,7.63979e-07,2.46448e-02,0,0.7638,0.5906
2.500,80.00,20.0,1.46722e+06,1.88281e-08,6.94571e-07,2.71076e-02,0,0.7638,0.5906
2.550,5.00,20.0,3.47724e+02,1.79187e-08,2.93074e-03,6.11407e-06,0,0.7638,0.6024
2.550,7.50,20.0,1.17357e+03,1.79187e-08,8.68366e-04,2.06350e-05,0,0.7638,0.6024
2.550,10.00,20.0,2.78179e+03,1.79187e-08,3.66342e-04,4.89126e-05,0,0.7638,0.6024
2.550,12.50,20.0,5.43319e+03,1.79187e-08,1.87567e-04,9.55323e-05,0,0.7638,0.6024
2.550,15.00,20.0,9.38855e+03,1.79187e-08,1.08546e-04,1.65080e-04,0,0.7638,0.6024
2.550,17.50,20.0,1.49087e+04,1.79187e-08,6.83554e-05,2.62141e-04,0,0.7638,0.6024
2.550,20.00,20.0,2.22543e+04,1.79187e-08,4.57927e-05,3.91300e-04,0,0.7638,0.6024
2.550,22.50,20.0,3.16864e+04,1.79187e-08,3.21617e-05,5.57145e-04,0,0.7638,0.6024
2.550,25.00,20.0,4.34655e+04,1.79187e-08,2.34459e-05,7.64259e-04,0,0.7638,0.6024
2.550,27.50,20.0,5.78526e+04,1.79187e-08,1.76152e-05,1.01723e-03,0,0.7638,0.6024
2.550,30.00,20.0,7.51084e+04,1.79187e-08,1.35682e-05,1.32064e-03,0,0.7638,0.6024
2.550,32.50,20.0,9.54937e+04,1.79187e-08,1.06718e-05,1.67908e-03,0,0.7638,0.6024
2.550,35.00,20.0,1.19269e+05,1.79187e-08,8.54442e-06,2.09713e-03,0,0.7638,0.6024
2.550,37.50,20.0,1.46696e+05,1.79187e-08,6.94693e-06,2.57937e-03,0,0.7638,0.6024
2.550,40.00,20.0,1.78035e+05,1.79187e-08,5.72409e-06,3.13040e-03,0,0.7638,0.6024
2.550,42.50,20.0,2.13546e+05,1.79187e-08,4.77221e-06,3.75480e-03,0,0.7638,0.6024
2.550,45.00,20.0,2.53491e+05,1.79187e-08,4.02021e-06,4.45716e-03,0,0.7638,0.6024
2.550,47.50,20.0,2.98130e+05,1.79187e-08,3.41827e-06,5.24205e-03,0,0.7638,0.6024
2.550,50.00,20.0,3.47724e+05,1.79187e-08,2.93074e-06,6.11407e-03,0,0.7638,0.6024
2.550,52.50,20.0,4.02534e+05,1.79187e-08,2.53168e-06,7.07780e-03,0,0.7638,0.6024
2.550,55.00,20.0,4.62821e+05,1.79187e-08,2.20191e-06,8.13783e-03,0,0.7638,0.6024
2.550,57.50,20.0,5.28845e+05,1.79187e-08,1.92701e-06,9.29873e-03,0,0.7638,0.6024
2.550,60.00,20.0,6.00867e+05,1.79187e-08,1.69603e-06,1.05651e-02,0,0.7638,0.6024
2.550,62.50,20.0,6.79149e+05,1.79187e-08,1.50054e-06,1.19415e-02,0,0.7638,0.6024
2.550,65.00,20.0,7.63950e+05,1.79187e-08,1.33397e-06,1.34326e-02,0,0.7638,0.6024
2.550,67.50,20.0,8.55532e+05,1.79187e-08,1.19117e-06,1.50429e-02,0,0.7638,0.6024
2.550,70.00,20.0,9.54155e+05,1.79187e-08,1.06805e-06,1.67770e-02,0,0.7638,0.6024
2.550,72.50,20.0,1.06008e+06,1.79187e-08,9.61330e-07,1.86395e-02,0,0.7638,0.6024
2.550,75.00,20.0,1.17357e+06,1.79187e-08,8.68366e-07,2.06350e-02,0,0.7638,0.6024
2.550,77.50,20.0,1.29488e+06,1.79187e-08,7.87012e-07,2.27680e-02,0,0.7638,0.6024
2.550,80.00,20.0,1.42428e+06,1.79187e-08,7.15512e-07,2.50432e-02,0,0.7638,0.6024
2.600,5.00,20.0,3.37742e+02,1.70696e-08,3.01736e-03,5.65715e-06,0,0.7638,0.6142
2.600,7.50,20.0,1.13988e+03,1.70696e-08,8.94031e-04,1.90929e-05,0,0.7638,0.6142
2.600,10.00,20.0,2.70194e+03,1.70696e-08,3.77169e-04,4.52572e-05,0,0.7638,0.6142
2.600,12.50,20.0,5.27722e+03,1.70696e-08,1.93111e-04,8.83930e-05,0,0.7638,0.6142
2.600,15.00,20.0,9.11903e+03,1.70696e-08,1.11754e-04,1.52743e-04,0,0.7638,0.6142
2.600,17.50,20.0,1.44807e+04,1.70696e-08,7.03756e-05,2.42550e-04,0,0.7638,0.6142
2.600,20.00,20.0,2.16155e+04,1.70696e-08,4.71462e-05,3.62058e-04,0,0.7638,0.6142
2.600,22.50,20.0,3.07767e+04,1.70696e-08,3.31123e-05,5.15508e-04,0,0.7638,0.6142
2.600,25.00,20.0,4.22178e+04,1.70696e-08,2.41388e-05,7.07144e-04,0,0.7638,0.6142
2.600,27.50,20.0,5.61918e+04,1.70696e-08,1.81359e-05,9.41208e-04,0,0.7638,0.6142
2.600,30.00,20.0,7.29523e+04,1.70696e-08,1.39692e-05,1.22194e-03,0,0.7638,0.6142
2.600,32.50,20.0,9.27524e+04,1.70696e-08,1.09872e-05,1.55359e-03,0,0.7638,0.6142
2.600,35.00,20.0,1.15846e+05,1.70696e-08,8.79695e-06,1.94040e-03,0,0.7638,0.6142
2.600,37.50,20.0,1.42485e+05,1.70696e-08,7.15225e-06,2.38661e-03,0,0.7638,0.6142
2.600,40.00,20.0,1.72924e+05,1.70696e-08,5.89327e-06,2.89646e-03,0,0.7638,0.6142
2.600,42.50,20.0,2.07416e+05,1.70696e-08,4.91326e-06,3.47420e-03,0,0.7638,0.6142
2.600,45.00,20.0,2.46214e+05,1.70696e-08,4.13903e-06,4.12406e-03,0,0.7638,0.6142
2.600,47.50,20.0,2.89572e+05,1.70696e-08,3.51929e-06,4.85030e-03,0,0.7638,0.6142
2.600,50.00,20.0,3.37742e+05,1.70696e-08,3.01736e-06,5.65715e-03,0,0.7638,0.6142
2.600,52.50,20.0,3.90979e+05,1.70696e-08,2.60650e-06,6.54886e-03,0,0.7638,0.6142
2.600,55.00,20.0,4.49535e+05,1.70696e-08,2.26698e-06,7.52967e-03,0,0.7638,0.6142
2.600,57.50,20.0,5.13663e+05,1.70696e-08,1.98396e-06,8.60382e-03,0,0.7638,0.6142
2.600,60.00,20.0,5.83618e+05,1.70696e-08,1.74615e-06,9.77555e-03,0,0.7638,0.6142
2.600,62.50,20.0,6.59652e+05,1.70696e-08,1.54489e-06,1.10491e-02,0,0.7638,0.6142
2.600,65.00,20.0,7.42019e+05,1.70696e-08,1.37340e-06,1.24288e-02,0,0.7638,0.6142
2.600,67.50,20.0,8.30972e+05,1.70696e-08,1.22638e-06,1.39187e-02,0,0.7638,0.6142
2.600,70.00,20.0,9.26764e+05,1.70696e-08,1.09962e-06,1.55232e-02,0,0.7638,0.6142
2.600,72.50,20.0,1.02965e+06,1.70696e-08,9.89743e-07,1.72465e-02,0,0.7638,0.6142
2.600,75.00,20.0,1.13988e+06,1.70696e-08,8.94031e-07,1.90929e-02,0,0.7638,0.6142
2.600,77.50,20.0,1.25771e+06,1.70696e-08,8.10273e-07,2.10665e-02,0,0.7638,0.6142
2.600,80.00,20.0,1.38339e+06,1.70696e-08,7.36659e-07,2.31717e-02,0,0.7638,0.6142
2.650,5.00,20.0,3.28228e+02,1.62758e-08,3.10481e-03,5.24213e-06,0,0.7638,0.6260
2.650,7.50,20.0,1.10777e+03,1.62758e-08,9.19944e-04,1.76922e-05,0,0.7638,0.6260
2.650,10.00,20.0,2.62583e+03,1.62758e-08,3.88101e-04,4.19370e-05,0,0.7638,0.6260
2.650,12.50,20.0,5.12857e+03,1.62758e-08,1.98708e-04,8.19082e-05,0,0.7638,0.6260
2.650,15.00,20.0,8.86217e+03,1.62758e-08,1.14993e-04,1.41537e-04,0,0.7638,0.6260
2.650,17.50,20.0,1.40728e+04,1.62758e-08,7.24154e-05,2.24756e-04,0,0.7638,0.6260
2.650,20.00,20.0,2.10066e+04,1.62758e-08,4.85127e-05,3.35496e-04,0,0.7638,0.6260
2.650,22.50,20.0,2.99098e+04,1.62758e-08,3.40720e-05,4.77689e-04,0,0.7638,0.6260
2.650,25.00,20.0,4.10286e+04,1.62758e-08,2.48385e-05,6.55266e-04,0,0.7638,0.6260
2.650,27.50,20.0,5.46090e+04,1.62758e-08,1.86615e-05,8.72159e-04,0,0.7638,0.6260
2.650,30.00,20.0,7.08974e+04,1.62758e-08,1.43741e-05,1.13230e-03,0,0.7638,0.6260
2.650,32.50,20.0,9.01398e+04,1.62758e-08,1.13056e-05,1.43962e-03,0,0.7638,0.6260
2.650,35.00,20.0,1.12582e+05,1.62758e-08,9.05193e-06,1.79805e-03,0,0.7638,0.6260
2.650,37.50,20.0,1.38471e+05,1.62758e-08,7.35955e-06,2.21152e-03,0,0.7638,0.6260
2.650,40.00,20.0,1.68053e+05,1.62758e-08,6.06408e-06,2.68397e-03,0,0.7638,0.6260
2.650,42.50,20.0,2.01573e+05,1.62758e-08,5.05567e-06,3.21932e-03,0,0.7638,0.6260
2.650,45.00,20.0,2.39279e+05,1.62758e-08,4.25900e-06,3.82151e-03,0,0.7638,0.6260
2.650,47.50,20.0,2.81415e+05,1.62758e-08,3.62130e-06,4.49447e-03,0,0.7638,0.6260
2.650,50.00,20.0,3.28228e+05,1.62758e-08,3.10481e-06,5.24213e-03,0,0.7638,0.6260
2.650,52.50,20.0,3.79966e+05,1.62758e-08,2.68205e-06,6.06842e-03,0,0.7638,0.6260
2.650,55.00,20.0,4.36872e+05,1.62758e-08,2.33269e-06,6.97727e-03,0,0.7638,0.6260
2.650,57.50,20.0,4.99195e+05,1.62758e-08,2.04146e-06,7.97262e-03,0,0.7638,0.6260
2.650,60.00,20.0,5.67179e+05,1.62758e-08,1.79677e-06,9.05840e-03,0,0.7638,0.6260
2.650,62.50,20.0,6.41071e+05,1.62758e-08,1.58966e-06,1.02385e-02,0,0.7638,0.6260
2.650,65.00,20.0,7.21118e+05,1.62758e-08,1.41320e-06,1.15170e-02,0,0.7638,0.6260
2.650,67.50,20.0,8.07565e+05,1.62758e-08,1.26193e-06,1.28976e-02,0,0.7638,0.6260
2.650,70.00,20.0,9.00659e+05,1.62758e-08,1.13149e-06,1.43844e-02,0,0.7638,0.6260
2.650,72.50,20.0,1.00065e+06,1.62758e-08,1.01843e-06,1.59813e-02,0,0.7638,0.6260
2.650,75.00,20.0,1.10777e+06,1.62758e-08,9.19944e-07,1.76922e-02,0,0.7638,0.6260
2.650,77.50,20.0,1.22228e+06,1.62758e-08,8.33758e-07,1.95210e-02,0,0.7638,0.6260
2.650,80.00,20.0,1.34442e+06,1.62758e-08,7.58011e-07,2.14718e-02,0,0.7638,0.6260
2.700,5.00,20.0,3.19153e+02,1.55327e-08,3.19310e-03,4.86448e-06,0,0.7638,0.6378
2.700,7.50,20.0,1.07714e+03,1.55327e-08,9.46103e-04,1.64176e-05,0,0.7638,0.6378
2.700,10.00,20.0,2.55323e+03,1.55327e-08,3.99137e-04,3.89158e-05,0,0.7638,0.6378
2.700,12.50,20.0,4.98677e+03,1.55327e-08,2.04358e-04,7.60074e-05,0,0.7638,0.6378
2.700,15.00,20.0,8.61714e+03,1.55327e-08,1.18263e-04,1.31341e-04,0,0.7638,0.6378
2.700,17.50,20.0,1.36837e+04,1.55327e-08,7.44746e-05,2.08564e-04,0,0.7638,0.6378
2.700,20.00,20.0,2.04258e+04,1.55327e-08,4.98921e-05,3.11326e-04,0,0.7638,0.6378
2.700,22.50,20.0,2.90829e+04,1.55327e-08,3.50408e-05,4.43275e-04,0,0.7638,0.6378
2.700,25.00,20.0,3.98942e+04,1.55327e-08,2.55448e-05,6.08059e-04,0,0.7638,0.6378
2.700,27.50,20.0,5.30991e+04,1.55327e-08,1.91922e-05,8.09327e-04,0,0.7638,0.6378
2.700,30.00,20.0,6.89371e+04,1.55327e-08,1.47829e-05,1.05073e-03,0,0.7638,0.6378
2.700,32.50,20.0,8.76475e+04,1.55327e-08,1.16271e-05,1.33591e-03,0,0.7638,0.6378
2.700,35.00,20.0,1.09470e+05,1.55327e-08,9.30932e-06,1.66851e-03,0,0.7638,0.6378
2.700,37.50,20.0,1.34643e+05,1.55327e-08,7.56882e-06,2.05220e-03,0,0.7638,0.6378
2.700,40.00,20.0,1.63407e+05,1.55327e-08,6.23652e-06,2.49061e-03,0,0.7638,0.6378
2.700,42.50,20.0,1.96000e+05,1.55327e-08,5.19942e-06,2.98740e-03,0,0.7638,0.6378
2.700,45.00,20.0,2.32663e+05,1.55327e-08,4.38010e-06,3.54620e-03,0,0.7638,0.6378
2.700,47.50,20.0,2.73634e+05,1.55327e-08,3.72427e-06,4.17068e-03,0,0.7638,0.6378
2.700,50.00,20.0,3.19153e+05,1.55327e-08,3.19310e-06,4.86448e-03,0,0.7638,0.6378
2.700,52.50,20.0,3.69460e+05,1.55327e-08,2.75832e-06,5.63124e-03,0,0.7638,0.6378
2.700,55.00,20.0,4.24793e+05,1.55327e-08,2.39902e-06,6.47462e-03,0,0.7638,0.6378
2.700,57.50,20.0,4.85392e+05,1.55327e-08,2.09951e-06,7.39826e-03,0,0.7638,0.6378
2.700,60.00,20.0,5.51497e+05,1.55327e-08,1.84786e-06,8.40581e-03,0,0.7638,0.6378
2.700,62.50,20.0,6.23346e+05,1.55327e-08,1.63487e-06,9.50093e-03,0,0.7638,0.6378
2.700,65.00,20.0,7.01180e+05,1.55327e-08,1.45339e-06,1.06873e-02,0,0.7638,0.6378
2.700,67.50,20.0,7.85237e+05,1.55327e-08,1.29781e-06,1.19684e-02,0,0.7638,0.6378
2.700,70.00,20.0,8.75757e+05,1.55327e-08,1.16366e-06,1.33481e-02,0,0.7638,0.6378
2.700,72.50,20.0,9.72979e+05,1.55327e-08,1.04739e-06,1.48300e-02,0,0.7638,0.6378
2.700,75.00,20.0,1.07714e+06,1.55327e-08,9.46103e-07,1.64176e-02,0,0.7638,0.6378
2.700,77.50,20.0,1.18849e+06,1.55327e-08,8.57466e-07,1.81147e-02,0,0.7638,0.6378
2.700,80.00,20.0,1.30725e+06,1.55327e-08,7.79565e-07,1.99249e-02,0,0.7638,0.6378
2.750,5.00,20.0,3.10489e+02,1.48363e-08,3.28220e-03,4.52023e-06,0,0.7638,0.6497
2.750,7.50,20.0,1.04790e+03,1.48363e-08,9.72505e-04,1.52558e-05,0,0.7638,0.6497
2.750,10.00,20.0,2.48391e+03,1.48363e-08,4.10275e-04,3.61618e-05,0,0.7638,0.6497
2.750,12.50,20.0,4.85139e+03,1.48363e-08,2.10061e-04,7.06286e-05,0,0.7638,0.6497
2.750,15.00,20.0,8.38320e+03,1.48363e-08,1.21563e-04,1.22046e-04,0,0.7638,0.6497
2.750,17.50,20.0,1.33122e+04,1.48363e-08,7.65528e-05,1.93805e-04,0,0.7638,0.6497
2.750,20.00,20.0,1.98713e+04,1.48363e-08,5.12844e-05,2.89295e-04,0,0.7638,0.6497
2.750,22.50,20.0,2.82933e+04,1.48363e-08,3.60187e-05,4.11906e-04,0,0.7638,0.6497
2.750,25.00,20.0,3.88111e+04,1.48363e-08,2.62576e-05,5.65028e-04,0,0.7638,0.6497
2.750,27.50,20.0,5.16576e+04,1.48363e-08,1.97277e-05,7.52053e-04,0,0.7638,0.6497
2.750,30.00,20.0,6.70656e+04,1.48363e-08,1.51954e-05,9.76369e-04,0,0.7638,0.6497
2.750,32.50,20.0,8.52680e+04,1.48363e-08,1.19516e-05,1.24137e-03,0,0.7638,0.6497
2.750,35.00,20.0,1.06498e+05,1.48363e-08,9.56910e-06,1.55044e-03,0,0.7638,0.6497
2.750,37.50,20.0,1.30987e+05,1.48363e-08,7.78004e-06,1.90697e-03,0,0.7638,0.6497
2.750,40.00,20.0,1.58970e+05,1.48363e-08,6.41055e-06,2.31436e-03,0,0.7638,0.6497
2.750,42.50,20.0,1.90679e+05,1.48363e-08,5.34452e-06,2.77598e-03,0,0.7638,0.6497
2.750,45.00,20.0,2.26346e+05,1.48363e-08,4.50234e-06,3.29525e-03,0,0.7638,0.6497
2.750,47.50,20.0,2.66205e+05,1.48363e-08,3.82820e-06,3.87553e-03,0,0.7638,0.6497
2.750,50.00,20.0,3.10489e+05,1.48363e-08,3.28220e-06,4.52023e-03,0,0.7638,0.6497
2.750,52.50,20.0,3.59430e+05,1.48363e-08,2.83529e-06,5.23273e-03,0,0.7638,0.6497
2.750,55.00,20.0,4.13261e+05,1.48363e-08,2.46597e-06,6.01642e-03,0,0.7638,0.6497
2.750,57.50,20.0,4.72215e+05,1.48363e-08,2.15810e-06,6.87470e-03,0,0.7638,0.6497
2.750,60.00,20.0,5.36525e+05,1.48363e-08,1.89942e-06,7.81095e-03,0,0.7638,0.6497
2.750,62.50,20.0,6.06424e+05,1.48363e-08,1.68049e-06,8.82857e-03,0,0.7638,0.6497
2.750,65.00,20.0,6.82144e+05,1.48363e-08,1.49395e-06,9.93094e-03,0,0.7638,0.6497
2.750,67.50,20.0,7.63919e+05,1.48363e-08,1.33403e-06,1.11215e-02,0,0.7638,0.6497
2.750,70.00,20.0,8.51981e+05,1.48363e-08,1.19614e-06,1.24035e-02,0,0.7638,0.6497
2.750,72.50,20.0,9.46564e+05,1.48363e-08,1.07662e-06,1.37805e-02,0,0.7638,0.6497
2.750,75.00,20.0,1.04790e+06,1.48363e-08,9.72505e-07,1.52558e-02,0,0.7638,0.6497
2.750,77.50,20.0,1.15622e+06,1.48363e-08,8.81394e-07,1.68328e-02,0,0.7638,0.6497
2.750,80.00,20.0,1.27176e+06,1.48363e-08,8.01319e-07,1.85149e-02,0,0.7638,0.6497
2.800,5.00,20.0,3.02209e+02,1.41828e-08,3.37212e-03,4.20590e-06,0,0.7638,0.6615
2.800,7.50,20.0,1.01996e+03,1.41828e-08,9.99148e-04,1.41949e-05,0,0.7638,0.6615
2.800,10.00,20.0,2.41768e+03,1.41828e-08,4.21515e-04,3.36472e-05,0,0.7638,0.6615
2.800,12.50,20.0,4.72202e+03,1.41828e-08,2.15816e-04,6.57172e-05,0,0.7638,0.6615
2.800,15.00,20.0,8.15966e+03,1.41828e-08,1.24893e-04,1.13559e-04,0,0.7638,0.6615
2.800,17.50,20.0,1.29572e+04,1.41828e-08,7.86501e-05,1.80328e-04,0,0.7638,0.6615
2.800,20.00,20.0,1.93414e+04,1.41828e-08,5.26894e-05,2.69178e-04,0,0.7638,0.6615
2.800,22.50,20.0,2.75388e+04,1.41828e-08,3.70055e-05,3.83263e-04,0,0.7638,0.6615
2.800,25.00,20.0,3.77762e+04,1.41828e-08,2.69770e-05,5.25737e-04,0,0.7638,0.6615
2.800,27.50,20.0,5.02801e+04,1.41828e-08,2.02682e-05,6.99757e-04,0,0.7638,0.6615
2.800,30.00,20.0,6.52772e+04,1.41828e-08,1.56117e-05,9.08474e-04,0,0.7638,0.6615
2.800,32.50,20.0,8.29943e+04,1.41828e-08,1.22790e-05,1.15505e-03,0,0.7638,0.6615
2.800,35.00,20.0,1.03658e+05,1.41828e-08,9.83126e-06,1.44262e-03,0,0.7638,0.6615
2.800,37.50,20.0,1.27495e+05,1.41828e-08,7.99318e-06,1.77436e-03,0,0.7638,0.6615
2.800,40.00,20.0,1.54731e+05,1.41828e-08,6.58618e-06,2.15342e-03,0,0.7638,0.6615
2.800,42.50,20.0,1.85594e+05,1.41828e-08,5.49094e-06,2.58295e-03,0,0.7638,0.6615
2.800,45.00,20.0,2.20311e+05,1.41828e-08,4.62568e-06,3.06610e-03,0,0.7638,0.6615
2.800,47.50,20.0,2.59107e+05,1.41828e-08,3.93308e-06,3.60603e-03,0,0.7638,0.6615
2.800,50.00,20.0,3.02209e+05,1.41828e-08,3.37212e-06,4.20590e-03,0,0.7638,0.6615
2.800,52.50,20.0,3.49845e+05,1.41828e-08,2.91297e-06,4.86885e-03,0,0.7638,0.6615
2.800,55.00,20.0,4.02241e+05,1.41828e-08,2.53353e-06,5.59805e-03,0,0.7638,0.6615
2.800,57.50,20.0,4.59623e+05,1.41828e-08,2.21723e-06,6.39665e-03,0,0.7638,0.6615
2.800,60.00,20.0,5.22218e+05,1.41828e-08,1.95146e-06,7.26779e-03,0,0.7638,0.6615
2.800,62.50,20.0,5.90253e+05,1.41828e-08,1.72653e-06,8.21465e-03,0,0.7638,0.6615
2.800,65.00,20.0,6.63954e+05,1.41828e-08,1.53488e-06,9.24036e-03,0,0.7638,0.6615
2.800,67.50,20.0,7.43549e+05,1.41828e-08,1.37057e-06,1.03481e-02,0,0.7638,0.6615
2.800,70.00,20.0,8.29263e+05,1.41828e-08,1.22891e-06,1.15410e-02,0,0.7638,0.6615
2.800,72.50,20.0,9.21323e+05,1.41828e-08,1.10611e-06,1.28222e-02,0,0.7638,0.6615
2.800,75.00,20.0,1.01996e+06,1.41828e-08,9.99148e-07,1.41949e-02,0,0.7638,0.6615
2.800,77.50,20.0,1.12539e+06,1.41828e-08,9.05541e-07,1.56622e-02,0,0.7638,0.6615
2.800,80.00,20.0,1.23785e+06,1.41828e-08,8.23272e-07,1.72274e-02,0,0.7638,0.6615
2.850,5.00,20.0,2.94292e+02,1.35689e-08,3.46285e-03,3.91843e-06,0,0.7638,0.6733
2.850,7.50,20.0,9.93234e+02,1.35689e-08,1.02603e-03,1.32247e-05,0,0.7638,0.6733
2.850,10.00,20.0,2.35433e+03,1.35689e-08,4.32856e-04,3.13474e-05,0,0.7638,0.6733
2.850,12.50,20.0,4.59831e+03,1.35689e-08,2.21622e-04,6.12254e-05,0,0.7638,0.6733
2.850,15.00,20.0,7.94587e+03,1.35689e-08,1.28254e-04,1.05797e-04,0,0.7638,0.6733
2.850,17.50,20.0,1.26178e+04,1.35689e-08,8.07662e-05,1.68002e-04,0,0.7638,0.6733
2.850,20.00,20.0,1.88347e+04,1.35689e-08,5.41070e-05,2.50779e-04,0,0.7638,0.6733
2.850,22.50,20.0,2.68173e+04,1.35689e-08,3.80011e-05,3.57067e-04,0,0.7638,0.6733
2.850,25.00,20.0,3.67864e+04,1.35689e-08,2.77028e-05,4.89803e-04,0,0.7638,0.6733
2.850,27.50,20.0,4.89628e+04,1.35689e-08,2.08135e-05,6.51928e-04,0,0.7638,0.6733
2.850,30.00,20.0,6.35670e+04,1.35689e-08,1.60317e-05,8.46380e-04,0,0.7638,0.6733
2.850,32.50,20.0,8.08198e+04,1.35689e-08,1.26094e-05,1.07610e-03,0,0.7638,0.6733
2.850,35.00,20.0,1.00942e+05,1.35689e-08,1.00958e-05,1.34402e-03,0,0.7638,0.6733
2.850,37.50,20.0,1.24154e+05,1.35689e-08,8.20824e-06,1.65309e-03,0,0.7638,0.6733
2.850,40.00,20.0,1.50677e+05,1.35689e-08,6.76338e-06,2.00623e-03,0,0.7638,0.6733
2.850,42.50,20.0,1.80732e+05,1.35689e-08,5.63867e-06,2.40640e-03,0,0.7638,0.6733
2.850,45.00,20.0,2.14539e+05,1.35689e-08,4.75014e-06,2.85653e-03,0,0.7638,0.6733
2.850,47.50,20.0,2.52318e+05,1.35689e-08,4.03890e-06,3.35956e-03,0,0.7638,0.6733
2.850,50.00,20.0,2.94292e+05,1.35689e-08,3.46285e-06,3.91843e-03,0,0.7638,0.6733
2.850,52.50,20.0,3.40679e+05,1.35689e-08,2.99134e-06,4.53607e-03,0,0.7638,0.6733
2.850,55.00,20.0,3.91702e+05,1.35689e-08,2.60169e-06,5.21542e-03,0,0.7638,0.6733
2.850,57.50,20.0,4.47581e+05,1.35689e-08,2.27688e-06,5.95944e-03,0,0.7638,0.6733
2.850,60.00,20.0,5.08536e+05,1.35689e-08,2.00396e-06,6.77104e-03,0,0.7638,0.6733
2.850,62.50,20.0,5.74788e+05,1.35689e-08,1.77298e-06,7.65318e-03,0,0.7638,0.6733
2.850,65.00,20.0,6.46559e+05,1.35689e-08,1.57617e-06,8.60878e-03,0,0.7638,0.6733
2.850,67.50,20.0,7.24068e+05,1.35689e-08,1.40745e-06,9.64080e-03,0,0.7638,0.6733
2.850,70.00,20.0,8.07536e+05,1.35689e-08,1.26197e-06,1.07522e-02,0,0.7638,0.6733
2.850,72.50,20.0,8.97185e+05,1.35689e-08,1.13587e-06,1.19458e-02,0,0.7638,0.6733
2.850,75.00,20.0,9.93234e+05,1.35689e-08,1.02603e-06,1.32247e-02,0,0.7638,0.6733
2.850,77.50,20.0,1.09590e+06,1.35689e-08,9.29905e-07,1.45917e-02,0,0.7638,0.6733
2.850,80.00,20.0,1.20542e+06,1.35689e-08,8.45422e-07,1.60499e-02,0,0.7638,0.6733
2.900,5.00,20.0,2.86713e+02,1.29916e-08,3.55438e-03,3.65510e-06,0,0.7638,0.6851
2.900,7.50,20.0,9.67658e+02,1.29916e-08,1.05315e-03,1.23360e-05,0,0.7638,0.6851
2.900,10.00,20.0,2.29371e+03,1.29916e-08,4.44297e-04,2.92408e-05,0,0.7638,0.6851
2.900,12.50,20.0,4.47990e+03,1.29916e-08,2.27480e-04,5.71109e-05,0,0.7638,0.6851
2.900,15.00,20.0,7.74126e+03,1.29916e-08,1.31644e-04,9.86877e-05,0,0.7638,0.6851
2.900,17.50,20.0,1.22928e+04,1.29916e-08,8.29009e-05,1.56712e-04,0,0.7638,0.6851
2.900,20.00,20.0,1.83497e+04,1.29916e-08,5.55371e-05,2.33926e-04,0,0.7638,0.6851
2.900,22.50,20.0,2.61268e+04,1.29916e-08,3.90055e-05,3.33071e-04,0,0.7638,0.6851
2.900,25.00,20.0,3.58392e+04,1.29916e-08,2.84350e-05,4.56887e-04,0,0.7638,0.6851
2.900,27.50,20.0,4.77020e+04,1.29916e-08,2.13636e-05,6.08117e-04,0,0.7638,0.6851
2.900,30.00,20.0,6.19301e+04,1.29916e-08,1.64554e-05,7.89501e-04,0,0.7638,0.6851
2.900,32.50,20.0,7.87387e+04,1.29916e-08,1.29427e-05,1.00378e-03,0,0.7638,0.6851
2.900,35.00,20.0,9.83427e+04,1.29916e-08,1.03626e-05,1.25370e-03,0,0.7638,0.6851
2.900,37.50,20.0,1.20957e+05,1.29916e-08,8.42519e-06,1.54199e-03,0,0.7638,0.6851
2.900,40.00,20.0,1.46797e+05,1.29916e-08,6.94214e-06,1.87141e-03,0,0.7638,0.6851
2.900,42.50,20.0,1.76078e+05,1.29916e-08,5.78771e-06,2.24469e-03,0,0.7638,0.6851
2.900,45.00,20.0,2.09014e+05,1.29916e-08,4.87569e-06,2.66457e-03,0,0.7638,0.6851
2.900,47.50,20.0,2.45821e+05,1.29916e-08,4.14565e-06,3.13379e-03,0,0.7638,0.6851
2.900,50.00,20.0,2.86713e+05,1.29916e-08,3.55438e-06,3.65510e-03,0,0.7638,0.6851
2.900,52.50,20.0,3.31907e+05,1.29916e-08,3.07040e-06,4.23123e-03,0,0.7638,0.6851
2.900,55.00,20.0,3.81616e+05,1.29916e-08,2.67046e-06,4.86494e-03,0,0.7638,0.6851
2.900,57.50,20.0,4.36055e+05,1.29916e-08,2.33706e-06,5.55895e-03,0,0.7638,0.6851
2.900,60.00,20.0,4.95441e+05,1.29916e-08,2.05693e-06,6.31601e-03,0,0.7638,0.6851
2.900,62.50,20.0,5.59987e+05,1.29916e-08,1.81984e-06,7.13886e-03,0,0.7638,0.6851
2.900,65.00,20.0,6.29909e+05,1.29916e-08,1.61783e-06,8.03025e-03,0,0.7638,0.6851
2.900,67.50,20.0,7.05423e+05,1.29916e-08,1.44465e-06,8.99291e-03,0,0.7638,0.6851
2.900,70.00,20.0,7.86742e+05,1.29916e-08,1.29533e-06,1.00296e-02,0,0.7638,0.6851
2.900,72.50,20.0,8.74082e+05,1.29916e-08,1.16589e-06,1.11430e-02,0,0.7638,0.6851
2.900,75.00,20.0,9.67658e+05,1.29916e-08,1.05315e-06,1.23360e-02,0,0.7638,0.6851
2.900,77.50,20.0,1.06769e+06,1.29916e-08,9.54483e-07,1.36111e-02,0,0.7638,0.6851
2.900,80.00,20.0,1.17438e+06,1.29916e-08,8.67768e-07,1.49713e-02,0,0.7638,0.6851
2.950,5.00,20.0,2.79455e+02,1.24481e-08,3.64669e-03,3.41352e-06,0,0.7638,0.6969
2.950,7.50,20.0,9.43161e+02,1.24481e-08,1.08050e-03,1.15206e-05,0,0.7638,0.6969
2.950,10.00,20.0,2.23564e+03,1.24481e-08,4.55837e-04,2.73082e-05,0,0.7638,0.6969
2.950,12.50,20.0,4.36649e+03,1.24481e-08,2.33388e-04,5.33363e-05,0,0.7638,0.6969
2.950,15.00,20.0,7.54529e+03,1.24481e-08,1.35063e-04,9.21652e-05,0,0.7638,0.6969
2.950,17.50,20.0,1.19816e+04,1.24481e-08,8.50541e-05,1.46355e-04,0,0.7638,0.6969
2.950,20.00,20.0,1.78851e+04,1.24481e-08,5.69796e-05,2.18466e-04,0,0.7638,0.6969
2.950,22.50,20.0,2.54653e+04,1.24481e-08,4.00186e-05,3.11057e-04,0,0.7638,0.6969
2.950,25.00,20.0,3.49319e+04,1.24481e-08,2.91736e-05,4.26691e-04,0,0.7638,0.6969
2.950,27.50,20.0,4.64943e+04,1.24481e-08,2.19185e-05,5.67925e-04,0,0.7638,0.6969
2.950,30.00,20.0,6.03623e+04,1.24481e-08,1.68828e-05,7.37321e-04,0,0.7638,0.6969
2.950,32.50,20.0,7.67454e+04,1.24481e-08,1.32788e-05,9.37439e-04,0,0.7638,0.6969
2.950,35.00,20.0,9.58531e+04,1.24481e-08,1.06318e-05,1.17084e-03,0,0.7638,0.6969
2.950,37.50,20.0,1.17895e+05,1.24481e-08,8.64402e-06,1.44008e-03,0,0.7638,0.6969
2.950,40.00,20.0,1.43081e+05,1.24481e-08,7.12245e-06,1.74772e-03,0,0.7638,0.6969
2.950,42.50,20.0,1.71620e+05,1.24481e-08,5.93803e-06,2.09633e-03,0,0.7638,0.6969
2.950,45.00,20.0,2.03723e+05,1.24481e-08,5.00232e-06,2.48846e-03,0,0.7638,0.6969
2.950,47.50,20.0,2.39598e+05,1.24481e-08,4.25333e-06,2.92667e-03,0,0.7638,0.6969
2.950,50.00,20.0,2.79455e+05,1.24481e-08,3.64669e-06,3.41352e-03,0,0.7638,0.6969
2.950,52.50,20.0,3.23504e+05,1.24481e-08,3.15015e-06,3.95158e-03,0,0.7638,0.6969
2.950,55.00,20.0,3.71955e+05,1.24481e-08,2.73982e-06,4.54340e-03,0,0.7638,0.6969
2.950,57.50,20.0,4.25016e+05,1.24481e-08,2.39776e-06,5.19154e-03,0,0.7638,0.6969
2.950,60.00,20.0,4.82898e+05,1.24481e-08,2.11036e-06,5.89857e-03,0,0.7638,0.6969
2.950,62.50,20.0,5.45811e+05,1.24481e-08,1.86711e-06,6.66704e-03,0,0.7638,0.6969
2.950,65.00,20.0,6.13963e+05,1.24481e-08,1.65985e-06,7.49951e-03,0,0.7638,0.6969
2.950,67.50,20.0,6.87564e+05,1.24481e-08,1.48217e-06,8.39855e-03,0,0.7638,0.6969
2.950,70.00,20.0,7.66825e+05,1.24481e-08,1.32897e-06,9.36671e-03,0,0.7638,0.6969
2.950,72.50,20.0,8.51954e+05,1.24481e-08,1.19618e-06,1.04066e-02,0,0.7638,0.6969
2.950,75.00,20.0,9.43161e+05,1.24481e-08,1.08050e-06,1.15206e-02,0,0.7638,0.6969
2.950,77.50,20.0,1.04066e+06,1.24481e-08,9.79274e-07,1.27115e-02,0,0.7638,0.6969
2.950,80.00,20.0,1.14465e+06,1.24481e-08,8.90306e-07,1.39818e-02,0,0.7638,0.6969
3.000,5.00,20.0,2.72498e+02,1.19359e-08,3.73980e-03,3.19158e-06,0,0.7638,0.7087
3.000,7.50,20.0,9.19681e+02,1.19359e-08,1.10809e-03,1.07716e-05,0,0.7638,0.7087
3.000,10.00,20.0,2.17998e+03,1.19359e-08,4.67475e-04,2.55327e-05,0,0.7638,0.7087
3.000,12.50,20.0,4.25778e+03,1.19359e-08,2.39347e-04,4.98685e-05,0,0.7638,0.7087
3.000,15.00,20.0,7.35744e+03,1.19359e-08,1.38511e-04,8.61727e-05,0,0.7638,0.7087
3.000,17.50,20.0,1.16833e+04,1.19359e-08,8.72256e-05,1.36839e-04,0,0.7638,0.7087
3.000,20.00,20.0,1.74399e+04,1.19359e-08,5.84344e-05,2.04261e-04,0,0.7638,0.7087
3.000,22.50,20.0,2.48314e+04,1.19359e-08,4.10403e-05,2.90833e-04,0,0.7638,0.7087
3.000,25.00,20.0,3.40622e+04,1.19359e-08,2.99184e-05,3.98948e-04,0,0.7638,0.7087
3.000,27.50,20.0,4.53368e+04,1.19359e-08,2.24781e-05,5.30999e-04,0,0.7638,0.7087
3.000,30.00,20.0,5.88596e+04,1.19359e-08,1.73139e-05,6.89382e-04,0,0.7638,0.7087
3.000,32.50,20.0,7.48347e+04,1.19359e-08,1.36178e-05,8.76488e-04,0,0.7638,0.7087
3.000,35.00,20.0,9.34668e+04,1.19359e-08,1.09032e-05,1.09471e-03,0,0.7638,0.7087
3.000,37.50,20.0,1.14960e+05,1.19359e-08,8.86471e-06,1.34645e-03,0,0.7638,0.7087
3.000,40.00,20.0,1.39519e+05,1.19359e-08,7.30430e-06,1.63409e-03,0,0.7638,0.7087
3.000,42.50,20.0,1.67348e+05,1.19359e-08,6.08964e-06,1.96003e-03,0,0.7638,0.7087
3.000,45.00,20.0,1.98651e+05,1.19359e-08,5.13004e-06,2.32666e-03,0,0.7638,0.7087
3.000,47.50,20.0,2.33633e+05,1.19359e-08,4.36192e-06,2.73638e-03,0,0.7638,0.7087
3.000,50.00,20.0,2.72498e+05,1.19359e-08,3.73980e-06,3.19158e-03,0,0.7638,0.7087
3.000,52.50,20.0,3.15450e+05,1.19359e-08,3.23058e-06,3.69466e-03,0,0.7638,0.7087
3.000,55.00,20.0,3.62695e+05,1.19359e-08,2.80977e-06,4.24800e-03,0,0.7638,0.7087
3.000,57.50,20.0,4.14435e+05,1.19359e-08,2.45898e-06,4.85400e-03,0,0.7638,0.7087
3.000,60.00,20.0,4.70876e+05,1.19359e-08,2.16424e-06,5.51505e-03,0,0.7638,0.7087
3.000,62.50,20.0,5.32223e+05,1.19359e-08,1.91478e-06,6.23356e-03,0,0.7638,0.7087
3.000,65.00,20.0,5.98678e+05,1.19359e-08,1.70223e-06,7.01191e-03,0,0.7638,0.7087
3.000,67.50,20.0,6.70447e+05,1.19359e-08,1.52001e-06,7.85249e-03,0,0.7638,0.7087
3.000,70.00,20.0,7.47734e+05,1.19359e-08,1.36290e-06,8.75770e-03,0,0.7638,0.7087
3.000,72.50,20.0,8.30744e+05,1.19359e-08,1.22672e-06,9.72994e-03,0,0.7638,0.7087
3.000,75.00,20.0,9.19681e+05,1.19359e-08,1.10809e-06,1.07716e-02,0,0.7638,0.7087
3.000,77.50,20.0,1.01475e+06,1.19359e-08,1.00428e-06,1.18851e-02,0,0.7638,0.7087
3.000,80.00,20.0,1.11615e+06,1.19359e-08,9.13037e-07,1.30727e-02,0,0.7638,0.7087
3.050,5.00,20.0,2.65825e+02,1.14527e-08,3.83368e-03,2.98739e-06,0,0.7638,0.7205
3.050,7.50,20.0,8.97158e+02,1.14527e-08,1.13591e-03,1.00824e-05,0,0.7638,0.7205
3.050,10.00,20.0,2.12660e+03,1.14527e-08,4.79210e-04,2.38991e-05,0,0.7638,0.7205
3.050,12.50,20.0,4.15351e+03,1.14527e-08,2.45356e-04,4.66779e-05,0,0.7638,0.7205
3.050,15.00,20.0,7.17727e+03,1.14527e-08,1.41988e-04,8.06595e-05,0,0.7638,0.7205
3.050,17.50,20.0,1.13972e+04,1.14527e-08,8.94153e-05,1.28084e-04,0,0.7638,0.7205
3.050,20.00,20.0,1.70128e+04,1.14527e-08,5.99013e-05,1.91193e-04,0,0.7638,0.7205
3.050,22.50,20.0,2.42233e+04,1.14527e-08,4.20706e-05,2.72226e-04,0,0.7638,0.7205
3.050,25.00,20.0,3.32281e+04,1.14527e-08,3.06695e-05,3.73424e-04,0,0.7638,0.7205
3.050,27.50,20.0,4.42266e+04,1.14527e-08,2.30424e-05,4.97027e-04,0,0.7638,0.7205
3.050,30.00,20.0,5.74181e+04,1.14527e-08,1.77485e-05,6.45276e-04,0,0.7638,0.7205
3.050,32.50,20.0,7.30021e+04,1.14527e-08,1.39597e-05,8.20412e-04,0,0.7638,0.7205
3.050,35.00,20.0,9.11779e+04,1.14527e-08,1.11769e-05,1.02467e-03,0,0.7638,0.7205
3.050,37.50,20.0,1.12145e+05,1.14527e-08,9.08725e-06,1.26030e-03,0,0.7638,0.7205
3.050,40.00,20.0,1.36102e+05,1.14527e-08,7.48766e-06,1.52954e-03,0,0.7638,0.7205
3.050,42.50,20.0,1.63250e+05,1.14527e-08,6.24251e-06,1.83463e-03,0,0.7638,0.7205
3.050,45.00,20.0,1.93786e+05,1.14527e-08,5.25882e-06,2.17781e-03,0,0.7638,0.7205
3.050,47.50,20.0,2.27911e+05,1.14527e-08,4.47142e-06,2.56131e-03,0,0.7638,0.7205
3.050,50.00,20.0,2.65825e+05,1.14527e-08,3.83368e-06,2.98739e-03,0,0.7638,0.7205
3.050,52.50,20.0,3.07725e+05,1.14527e-08,3.31168e-06,3.45828e-03,0,0.7638,0.7205
3.050,55.00,20.0,3.53813e+05,1.14527e-08,2.88030e-06,3.97621e-03,0,0.7638,0.7205
3.050,57.50,20.0,4.04286e+05,1.14527e-08,2.52071e-06,4.54344e-03,0,0.7638,0.7205
3.050,60.00,20.0,4.59345e+05,1.14527e-08,2.21857e-06,5.16221e-03,0,0.7638,0.7205
3.050,62.50,20.0,5.19189e+05,1.14527e-08,1.96285e-06,5.83474e-03,0,0.7638,0.7205
3.050,65.00,20.0,5.84017e+05,1.14527e-08,1.74496e-06,6.56329e-03,0,0.7638,0.7205
3.050,67.50,20.0,6.54028e+05,1.14527e-08,1.55817e-06,7.35010e-03,0,0.7638,0.7205
3.050,70.00,20.0,7.29423e+05,1.14527e-08,1.39711e-06,8.19739e-03,0,0.7638,0.7205
3.050,72.50,20.0,8.10400e+05,1.14527e-08,1.25751e-06,9.10743e-03,0,0.7638,0.7205
3.050,75.00,20.0,8.97158e+05,1.14527e-08,1.13591e-06,1.00824e-02,0,0.7638,0.7205
3.050,77.50,20.0,9.89898e+05,1.14527e-08,1.02949e-06,1.11247e-02,0,0.7638,0.7205
3.050,80.00,20.0,1.08882e+06,1.14527e-08,9.35958e-07,1.22363e-02,0,0.7638,0.7205
3.100,5.00,20.0,2.59419e+02,1.09965e-08,3.92834e-03,2.79927e-06,0,0.7638,0.7323
3.100,7.50,20.0,8.75541e+02,1.09965e-08,1.16395e-03,9.44752e-06,0,0.7638,0.7323
3.100,10.00,20.0,2.07536e+03,1.09965e-08,4.91042e-04,2.23941e-05,0,0.7638,0.7323
3.100,12.50,20.0,4.05343e+03,1.09965e-08,2.51414e-04,4.37385e-05,0,0.7638,0.7323
3.100,15.00,20.0,7.00433e+03,1.09965e-08,1.45494e-04,7.55802e-05,0,0.7638,0.7323
3.100,17.50,20.0,1.11226e+04,1.09965e-08,9.16231e-05,1.20019e-04,0,0.7638,0.7323
3.100,20.00,20.0,1.66028e+04,1.09965e-08,6.13803e-05,1.79153e-04,0,0.7638,0.7323
3.100,22.50,20.0,2.36396e+04,1.09965e-08,4.31093e-05,2.55083e-04,0,0.7638,0.7323
3.100,25.00,20.0,3.24274e+04,1.09965e-08,3.14267e-05,3.49908e-04,0,0.7638,0.7323
3.100,27.50,20.0,4.31609e+04,1.09965e-08,2.36114e-05,4.65728e-04,0,0.7638,0.7323
3.100,30.00,20.0,5.60346e+04,1.09965e-08,1.81868e-05,6.04642e-04,0,0.7638,0.7323
3.100,32.50,20.0,7.12431e+04,1.09965e-08,1.43044e-05,7.68749e-04,0,0.7638,0.7323
3.100,35.00,20.0,8.89809e+04,1.09965e-08,1.14529e-05,9.60148e-04,0,0.7638,0.7323
3.100,37.50,20.0,1.09443e+05,1.09965e-08,9.31162e-06,1.18094e-03,0,0.7638,0.7323
3.100,40.00,20.0,1.32823e+05,1.09965e-08,7.67254e-06,1.43322e-03,0,0.7638,0.7323
3.100,42.50,20.0,1.59316e+05,1.09965e-08,6.39664e-06,1.71910e-03,0,0.7638,0.7323
3.100,45.00,20.0,1.89117e+05,1.09965e-08,5.38867e-06,2.04067e-03,0,0.7638,0.7323
3.100,47.50,20.0,2.22420e+05,1.09965e-08,4.58182e-06,2.40002e-03,0,0.7638,0.7323
3.100,50.00,20.0,2.59419e+05,1.09965e-08,3.92834e-06,2.79927e-03,0,0.7638,0.7323
3.100,52.50,20.0,3.00310e+05,1.09965e-08,3.39345e-06,3.24050e-03,0,0.7638,0.7323
3.100,55.00,20.0,3.45287e+05,1.09965e-08,2.95142e-06,3.72582e-03,0,0.7638,0.7323
3.100,57.50,20.0,3.94545e+05,1.09965e-08,2.58295e-06,4.25733e-03,0,0.7638,0.7323
3.100,60.00,20.0,4.48277e+05,1.09965e-08,2.27334e-06,4.83713e-03,0,0.7638,0.7323
3.100,62.50,20.0,5.06679e+05,1.09965e-08,2.01131e-06,5.46732e-03,0,0.7638,0.7323
3.100,65.00,20.0,5.69945e+05,1.09965e-08,1.78805e-06,6.14999e-03,0,0.7638,0.7323
3.100,67.50,20.0,6.38269e+05,1.09965e-08,1.59664e-06,6.88725e-03,0,0.7638,0.7323
3.100,70.00,20.0,7.11847e+05,1.09965e-08,1.43161e-06,7.68119e-03,0,0.7638,0.7323
3.100,72.50,20.0,7.90873e+05,1.09965e-08,1.28856e-06,8.53391e-03,0,0.7638,0.7323
3.100,75.00,20.0,8.75541e+05,1.09965e-08,1.16395e-06,9.44752e-03,0,0.7638,0.7323
3.100,77.50,20.0,9.66046e+05,1.09965e-08,1.05491e-06,1.04241e-02,0,0.7638,0.7323
3.100,80.00,20.0,1.06258e+06,1.09965e-08,9.59067e-07,1.14658e-02,0,0.7638,0.7323
3.150,5.00,20.0,2.53267e+02,1.05653e-08,4.02376e-03,2.62572e-06,0,0.7638,0.7441
3.150,7.50,20.0,8.54777e+02,1.05653e-08,1.19223e-03,8.86181e-06,0,0.7638,0.7441
3.150,10.00,20.0,2.02614e+03,1.05653e-08,5.02970e-04,2.10058e-05,0,0.7638,0.7441
3.150,12.50,20.0,3.95730e+03,1.05653e-08,2.57521e-04,4.10269e-05,0,0.7638,0.7441
3.150,15.00,20.0,6.83822e+03,1.05653e-08,1.49028e-04,7.08945e-05,0,0.7638,0.7441
3.150,17.50,20.0,1.08588e+04,1.05653e-08,9.38487e-05,1.12578e-04,0,0.7638,0.7441
3.150,20.00,20.0,1.62091e+04,1.05653e-08,6.28713e-05,1.68046e-04,0,0.7638,0.7441
3.150,22.50,20.0,2.30790e+04,1.05653e-08,4.41565e-05,2.39269e-04,0,0.7638,0.7441
3.150,25.00,20.0,3.16584e+04,1.05653e-08,3.21901e-05,3.28215e-04,0,0.7638,0.7441
3.150,27.50,20.0,4.21374e+04,1.05653e-08,2.41849e-05,4.36855e-04,0,0.7638,0.7441
3.150,30.00,20.0,5.47058e+04,1.05653e-08,1.86285e-05,5.67156e-04,0,0.7638,0.7441
3.150,32.50,20.0,6.95536e+04,1.05653e-08,1.46518e-05,7.21089e-04,0,0.7638,0.7441
3.150,35.00,20.0,8.68707e+04,1.05653e-08,1.17311e-05,9.00623e-04,0,0.7638,0.7441
3.150,37.50,20.0,1.06847e+05,1.05653e-08,9.53780e-06,1.10773e-03,0,0.7638,0.7441
3.150,40.00,20.0,1.29673e+05,1.05653e-08,7.85891e-06,1.34437e-03,0,0.7638,0.7441
3.150,42.50,20.0,1.55538e+05,1.05653e-08,6.55202e-06,1.61252e-03,0,0.7638,0.7441
3.150,45.00,20.0,1.84632e+05,1.05653e-08,5.51956e-06,1.91415e-03,0,0.7638,0.7441
3.150,47.50,20.0,2.17145e+05,1.05653e-08,4.69312e-06,2.25123e-03,0,0.7638,0.7441
3.150,50.00,20.0,2.53267e+05,1.05653e-08,4.02376e-06,2.62572e-03,0,0.7638,0.7441
3.150,52.50,20.0,2.93189e+05,1.05653e-08,3.47588e-06,3.03960e-03,0,0.7638,0.7441
3.150,55.00,20.0,3.37099e+05,1.05653e-08,3.02311e-06,3.49484e-03,0,0.7638,0.7441
3.150,57.50,20.0,3.85188e+05,1.05653e-08,2.64569e-06,3.99340e-03,0,0.7638,0.7441
3.150,60.00,20.0,4.37646e+05,1.05653e-08,2.32857e-06,4.53725e-03,0,0.7638,0.7441
3.150,62.50,20.0,4.94663e+05,1.05653e-08,2.06017e-06,5.12836e-03,0,0.7638,0.7441
3.150,65.00,20.0,5.56428e+05,1.05653e-08,1.83148e-06,5.76871e-03,0,0.7638,0.7441
3.150,67.50,20.0,6.23133e+05,1.05653e-08,1.63543e-06,6.46026e-03,0,0.7638,0.7441
3.150,70.00,20.0,6.94966e+05,1.05653e-08,1.46639e-06,7.20498e-03,0,0.7638,0.7441
3.150,72.50,20.0,7.72117e+05,1.05653e-08,1.31986e-06,8.00484e-03,0,0.7638,0.7441
3.150,75.00,20.0,8.54777e+05,1.05653e-08,1.19223e-06,8.86181e-03,0,0.7638,0.7441
3.150,77.50,20.0,9.43136e+05,1.05653e-08,1.08053e-06,9.77786e-03,0,0.7638,0.7441
3.150,80.00,20.0,1.03738e+06,1.05653e-08,9.82364e-07,1.07550e-02,0,0.7638,0.7441
3.200,5.00,20.0,2.47355e+02,1.01574e-08,4.11994e-03,2.46542e-06,0,0.7638,0.7560
3.200,7.50,20.0,8.34822e+02,1.01574e-08,1.22072e-03,8.32080e-06,0,0.7638,0.7560
3.200,10.00,20.0,1.97884e+03,1.01574e-08,5.14993e-04,1.97234e-05,0,0.7638,0.7560
3.200,12.50,20.0,3.86492e+03,1.01574e-08,2.63676e-04,3.85222e-05,0,0.7638,0.7560
3.200,15.00,20.0,6.67858e+03,1.01574e-08,1.52591e-04,6.65664e-05,0,0.7638,0.7560
3.200,17.50,20.0,1.06053e+04,1.01574e-08,9.60920e-05,1.05705e-04,0,0.7638,0.7560
3.200,20.00,20.0,1.58307e+04,1.01574e-08,6.43741e-05,1.57787e-04,0,0.7638,0.7560
3.200,22.50,20.0,2.25402e+04,1.01574e-08,4.52120e-05,2.24662e-04,0,0.7638,0.7560
3.200,25.00,20.0,3.09193e+04,1.01574e-08,3.29596e-05,3.08178e-04,0,0.7638,0.7560
3.200,27.50,20.0,4.11536e+04,1.01574e-08,2.47630e-05,4.10184e-04,0,0.7638,0.7560
3.200,30.00,20.0,5.34286e+04,1.01574e-08,1.90738e-05,5.32531e-04,0,0.7638,0.7560
3.200,32.50,20.0,6.79298e+04,1.01574e-08,1.50021e-05,6.77066e-04,0,0.7638,0.7560
3.200,35.00,20.0,8.48427e+04,1.01574e-08,1.20115e-05,8.45639e-04,0,0.7638,0.7560
3.200,37.50,20.0,1.04353e+05,1.01574e-08,9.76579e-06,1.04010e-03,0,0.7638,0.7560
3.200,40.00,20.0,1.26646e+05,1.01574e-08,8.04677e-06,1.26230e-03,0,0.7638,0.7560
3.200,42.50,20.0,1.51907e+05,1.01574e-08,6.70864e-06,1.51408e-03,0,0.7638,0.7560
3.200,45.00,20.0,1.80322e+05,1.01574e-08,5.65150e-06,1.79729e-03,0,0.7638,0.7560
3.200,47.50,20.0,2.12076e+05,1.01574e-08,4.80530e-06,2.11379e-03,0,0.7638,0.7560
3.200,50.00,20.0,2.47355e+05,1.01574e-08,4.11994e-06,2.46542e-03,0,0.7638,0.7560
3.200,52.50,20.0,2.86344e+05,1.01574e-08,3.55896e-06,2.85403e-03,0,0.7638,0.7560
3.200,55.00,20.0,3.29229e+05,1.01574e-08,3.09538e-06,3.28148e-03,0,0.7638,0.7560
3.200,57.50,20.0,3.76196e+05,1.01574e-08,2.70893e-06,3.74960e-03,0,0.7638,0.7560
3.200,60.00,20.0,4.27429e+05,1.01574e-08,2.38423e-06,4.26025e-03,0,0.7638,0.7560
3.200,62.50,20.0,4.83115e+05,1.01574e-08,2.10941e-06,4.81528e-03,0,0.7638,0.7560
3.200,65.00,20.0,5.43438e+05,1.01574e-08,1.87526e-06,5.41653e-03,0,0.7638,0.7560
3.200,67.50,20.0,6.08585e+05,1.01574e-08,1.67452e-06,6.06586e-03,0,0.7638,0.7560
3.200,70.00,20.0,6.78741e+05,1.01574e-08,1.50144e-06,6.76512e-03,0,0.7638,0.7560
3.200,72.50,20.0,7.54092e+05,1.01574e-08,1.35141e-06,7.51614e-03,0,0.7638,0.7560
3.200,75.00,20.0,8.34822e+05,1.01574e-08,1.22072e-06,8.32080e-03,0,0.7638,0.7560
3.200,77.50,20.0,9.21118e+05,1.01574e-08,1.10636e-06,9.18092e-03,0,0.7638,0.7560
3.200,80.00,20.0,1.01316e+06,1.01574e-08,1.00585e-06,1.00984e-02,0,0.7638,0.7560
3.250,5.00,20.0,2.41669e+02,9.77123e-09,4.21688e-03,2.31717e-06,0,0.7638,0.7678
3.250,7.50,20.0,8.15631e+02,9.77123e-09,1.24945e-03,7.82044e-06,0,0.7638,0.7678
3.250,10.00,20.0,1.93335e+03,9.77123e-09,5.27110e-04,1.85373e-05,0,0.7638,0.7678
3.250,12.50,20.0,3.77607e+03,9.77123e-09,2.69880e-04,3.62058e-05,0,0.7638,0.7678
3.250,15.00,20.0,6.52505e+03,9.77123e-09,1.56181e-04,6.25635e-05,0,0.7638,0.7678
3.250,17.50,20.0,1.03615e+04,9.77123e-09,9.83529e-05,9.93486e-05,0,0.7638,0.7678
3.250,20.00,20.0,1.54668e+04,9.77123e-09,6.58888e-05,1.48299e-04,0,0.7638,0.7678
3.250,22.50,20.0,2.20220e+04,9.77123e-09,4.62758e-05,2.11152e-04,0,0.7638,0.7678
3.250,25.00,20.0,3.02086e+04,9.77123e-09,3.37351e-05,2.89646e-04,0,0.7638,0.7678
3.250,27.50,20.0,4.02076e+04,9.77123e-09,2.53456e-05,3.85519e-04,0,0.7638,0.7678
3.250,30.00,20.0,5.22004e+04,9.77123e-09,1.95226e-05,5.00508e-04,0,0.7638,0.7678
3.250,32.50,20.0,6.63682e+04,9.77123e-09,1.53551e-05,6.36352e-04,0,0.7638,0.7678
3.250,35.00,20.0,8.28923e+04,9.77123e-09,1.22941e-05,7.94789e-04,0,0.7638,0.7678
3.250,37.50,20.0,1.01954e+05,9.77123e-09,9.99557e-06,9.77555e-04,0,0.7638,0.7678
3.250,40.00,20.0,1.23734e+05,9.77123e-09,8.23610e-06,1.18639e-03,0,0.7638,0.7678
3.250,42.50,20.0,1.48415e+05,9.77123e-09,6.86649e-06,1.42303e-03,0,0.7638,0.7678
3.250,45.00,20.0,1.76176e+05,9.77123e-09,5.78447e-06,1.68922e-03,0,0.7638,0.7678
3.250,47.50,20.0,2.07201e+05,9.77123e-09,4.91836e-06,1.98668e-03,0,0.7638,0.7678
3.250,50.00,20.0,2.41669e+05,9.77123e-09,4.21688e-06,2.31717e-03,0,0.7638,0.7678
3.250,52.50,20.0,2.79762e+05,9.77123e-09,3.64270e-06,2.68241e-03,0,0.7638,0.7678
3.250,55.00,20.0,3.21661e+05,9.77123e-09,3.16821e-06,3.08415e-03,0,0.7638,0.7678
3.250,57.50,20.0,3.67548e+05,9.77123e-09,2.77267e-06,3.52412e-03,0,0.7638,0.7678
3.250,60.00,20.0,4.17603e+05,9.77123e-09,2.44033e-06,4.00407e-03,0,0.7638,0.7678
3.250,62.50,20.0,4.72009e+05,9.77123e-09,2.15904e-06,4.52572e-03,0,0.7638,0.7678
3.250,65.00,20.0,5.30946e+05,9.77123e-09,1.91938e-06,5.09082e-03,0,0.7638,0.7678
3.250,67.50,20.0,5.94595e+05,9.77123e-09,1.71392e-06,5.70110e-03,0,0.7638,0.7678
3.250,70.00,20.0,6.63138e+05,9.77123e-09,1.53676e-06,6.35831e-03,0,0.7638,0.7678
3.250,72.50,20.0,7.36757e+05,9.77123e-09,1.38321e-06,7.06418e-03,0,0.7638,0.7678
3.250,75.00,20.0,8.15631e+05,9.77123e-09,1.24945e-06,7.82044e-03,0,0.7638,0.7678
3.250,77.50,20.0,8.99943e+05,9.77123e-09,1.13239e-06,8.62885e-03,0,0.7638,0.7678
3.250,80.00,20.0,9.89874e+05,9.77123e-09,1.02951e-06,9.49112e-03,0,0.7638,0.7678
3.300,5.00,20.0,2.36197e+02,9.40530e-09,4.31457e-03,2.17989e-06,0,0.7638,0.7796
3.300,7.50,20.0,7.97165e+02,9.40530e-09,1.27839e-03,7.35714e-06,0,0.7638,0.7796
3.300,10.00,20.0,1.88958e+03,9.40530e-09,5.39321e-04,1.74391e-05,0,0.7638,0.7796
3.300,12.50,20.0,3.69058e+03,9.40530e-09,2.76132e-04,3.40608e-05,0,0.7638,0.7796
3.300,15.00,20.0,6.37732e+03,9.40530e-09,1.59799e-04,5.88571e-05,0,0.7638,0.7796
3.300,17.50,20.0,1.01269e+04,9.40530e-09,1.00631e-04,9.34629e-05,0,0.7638,0.7796
3.300,20.00,20.0,1.51166e+04,9.40530e-09,6.74151e-05,1.39513e-04,0,0.7638,0.7796
3.300,22.50,20.0,2.15234e+04,9.40530e-09,4.73478e-05,1.98643e-04,0,0.7638,0.7796
3.300,25.00,20.0,2.95246e+04,9.40530e-09,3.45165e-05,2.72487e-04,0,0.7638,0.7796
3.300,27.50,20.0,3.92973e+04,9.40530e-09,2.59328e-05,3.62680e-04,0,0.7638,0.7796
3.300,30.00,20.0,5.10185e+04,9.40530e-09,1.99749e-05,4.70857e-04,0,0.7638,0.7796
3.300,32.50,20.0,6.48656e+04,9.40530e-09,1.57108e-05,5.98653e-04,0,0.7638,0.7796
3.300,35.00,20.0,8.10155e+04,9.40530e-09,1.25789e-05,7.47703e-04,0,0.7638,0.7796
3.300,37.50,20.0,9.96456e+04,9.40530e-09,1.02271e-05,9.19643e-04,0,0.7638,0.7796
3.300,40.00,20.0,1.20933e+05,9.40530e-09,8.42689e-06,1.11611e-03,0,0.7638,0.7796
3.300,42.50,20.0,1.45054e+05,9.40530e-09,7.02555e-06,1.33873e-03,0,0.7638,0.7796
3.300,45.00,20.0,1.72188e+05,9.40530e-09,5.91847e-06,1.58914e-03,0,0.7638,0.7796
3.300,47.50,20.0,2.02509e+05,9.40530e-09,5.03230e-06,1.86899e-03,0,0.7638,0.7796
3.300,50.00,20.0,2.36197e+05,9.40530e-09,4.31457e-06,2.17989e-03,0,0.7638,0.7796
3.300,52.50,20.0,2.73427e+05,9.40530e-09,3.72709e-06,2.52350e-03,0,0.7638,0.7796
3.300,55.00,20.0,3.14378e+05,9.40530e-09,3.24160e-06,2.90144e-03,0,0.7638,0.7796
3.300,57.50,20.0,3.59226e+05,9.40530e-09,2.83690e-06,3.31535e-03,0,0.7638,0.7796
3.300,60.00,20.0,4.08148e+05,9.40530e-09,2.49686e-06,3.76686e-03,0,0.7638,0.7796
3.300,62.50,20.0,4.61322e+05,9.40530e-09,2.20906e-06,4.25760e-03,0,0.7638,0.7796
3.300,65.00,20.0,5.18925e+05,9.40530e-09,1.96385e-06,4.78923e-03,0,0.7638,0.7796
3.300,67.50,20.0,5.81133e+05,9.40530e-09,1.75362e-06,5.36336e-03,0,0.7638,0.7796
3.300,70.00,20.0,6.48124e+05,9.40530e-09,1.57236e-06,5.98163e-03,0,0.7638,0.7796
3.300,72.50,20.0,7.20076e+05,9.40530e-09,1.41525e-06,6.64568e-03,0,0.7638,0.7796
3.300,75.00,20.0,7.97165e+05,9.40530e-09,1.27839e-06,7.35714e-03,0,0.7638,0.7796
3.300,77.50,20.0,8.79568e+05,9.40530e-09,1.15862e-06,8.11765e-03,0,0.7638,0.7796
3.300,80.00,20.0,9.67462e+05,9.40530e-09,1.05336e-06,8.92884e-03,0,0.7638,0.7796
3.350,5.00,20.0,2.30929e+02,9.05827e-09,4.41300e-03,2.05264e-06,0,0.7638,0.7914
3.350,7.50,20.0,7.79384e+02,9.05827e-09,1.30755e-03,6.92764e-06,0,0.7638,0.7914
3.350,10.00,20.0,1.84743e+03,9.05827e-09,5.51625e-04,1.64211e-05,0,0.7638,0.7914
3.350,12.50,20.0,3.60826e+03,9.05827e-09,2.82432e-04,3.20724e-05,0,0.7638,0.7914
3.350,15.00,20.0,6.23507e+03,9.05827e-09,1.63444e-04,5.54212e-05,0,0.7638,0.7914
3.350,17.50,20.0,9.90107e+03,9.05827e-09,1.02927e-04,8.80067e-05,0,0.7638,0.7914
3.350,20.00,20.0,1.47794e+04,9.05827e-09,6.89531e-05,1.31369e-04,0,0.7638,0.7914
3.350,22.50,20.0,2.10434e+04,9.05827e-09,4.84279e-05,1.87046e-04,0,0.7638,0.7914
3.350,25.00,20.0,2.88661e+04,9.05827e-09,3.53040e-05,2.56579e-04,0,0.7638,0.7914
3.350,27.50,20.0,3.84208e+04,9.05827e-09,2.65244e-05,3.41507e-04,0,0.7638,0.7914
3.350,30.00,20.0,4.98806e+04,9.05827e-09,2.04305e-05,4.43369e-04,0,0.7638,0.7914
3.350,32.50,20.0,6.34188e+04,9.05827e-09,1.60692e-05,5.63705e-04,0,0.7638,0.7914
3.350,35.00,20.0,7.92085e+04,9.05827e-09,1.28659e-05,7.04054e-04,0,0.7638,0.7914
3.350,37.50,20.0,9.74230e+04,9.05827e-09,1.04604e-05,8.65956e-04,0,0.7638,0.7914
3.350,40.00,20.0,1.18235e+05,9.05827e-09,8.61913e-06,1.05095e-03,0,0.7638,0.7914
3.350,42.50,20.0,1.41819e+05,9.05827e-09,7.18583e-06,1.26057e-03,0,0.7638,0.7914
3.350,45.00,20.0,1.68347e+05,9.05827e-09,6.05349e-06,1.49637e-03,0,0.7638,0.7914
3.350,47.50,20.0,1.97992e+05,9.05827e-09,5.14710e-06,1.75988e-03,0,0.7638,0.7914
3.350,50.00,20.0,2.30929e+05,9.05827e-09,4.41300e-06,2.05264e-03,0,0.7638,0.7914
3.350,52.50,20.0,2.67329e+05,9.05827e-09,3.81211e-06,2.37618e-03,0,0.7638,0.7914
3.350,55.00,20.0,3.07366e+05,9.05827e-09,3.31555e-06,2.73206e-03,0,0.7638,0.7914
3.350,57.50,20.0,3.51214e+05,9.05827e-09,2.90162e-06,3.12180e-03,0,0.7638,0.7914
3.350,60.00,20.0,3.99045e+05,9.05827e-09,2.55382e-06,3.54695e-03,0,0.7638,0.7914
3.350,62.50,20.0,4.51033e+05,9.05827e-09,2.25945e-06,4.00905e-03,0,0.7638,0.7914
3.350,65.00,20.0,5.07350e+05,9.05827e-09,2.00865e-06,4.50964e-03,0,0.7638,0.7914
3.350,67.50,20.0,5.68171e+05,9.05827e-09,1.79363e-06,5.05025e-03,0,0.7638,0.7914
3.350,70.00,20.0,6.33668e+05,9.05827e-09,1.60823e-06,5.63243e-03,0,0.7638,0.7914
3.350,72.50,20.0,7.04015e+05,9.05827e-09,1.44754e-06,6.25772e-03,0,0.7638,0.7914
3.350,75.00,20.0,7.79384e+05,9.05827e-09,1.30755e-06,6.92764e-03,0,0.7638,0.7914
3.350,77.50,20.0,8.59950e+05,9.05827e-09,1.18505e-06,7.64376e-03,0,0.7638,0.7914
3.350,80.00,20.0,9.45884e+05,9.05827e-09,1.07739e-06,8.40759e-03,0,0.7638,0.7914
3.400,5.00,20.0,2.25853e+02,8.72891e-09,4.51216e-03,1.93453e-06,0,0.7638,0.8032
3.400,7.50,20.0,7.62255e+02,8.72891e-09,1.33694e-03,6.52904e-06,0,0.7638,0.8032
3.400,10.00,20.0,1.80683e+03,8.72891e-09,5.64020e-04,1.54762e-05,0,0.7638,0.8032
3.400,12.50,20.0,3.52896e+03,8.72891e-09,2.88778e-04,3.02270e-05,0,0.7638,0.8032
3.400,15.00,20.0,6.09804e+03,8.72891e-09,1.67117e-04,5.22323e-05,0,0.7638,0.8032
3.400,17.50,20.0,9.68347e+03,8.72891e-09,1.05240e-04,8.29430e-05,0,0.7638,0.8032
3.400,20.00,20.0,1.44546e+04,8.72891e-09,7.05025e-05,1.23810e-04,0,0.7638,0.8032
3.400,22.50,20.0,2.05809e+04,8.72891e-09,4.95162e-05,1.76284e-04,0,0.7638,0.8032
3.400,25.00,20.0,2.82317e+04,8.72891e-09,3.60973e-05,2.41816e-04,0,0.7638,0.8032
3.400,27.50,20.0,3.75764e+04,8.72891e-09,2.71204e-05,3.21857e-04,0,0.7638,0.8032
3.400,30.00,20.0,4.87843e+04,8.72891e-09,2.08896e-05,4.17858e-04,0,0.7638,0.8032
3.400,32.50,20.0,6.20250e+04,8.72891e-09,1.64303e-05,5.31270e-04,0,0.7638,0.8032
3.400,35.00,20.0,7.74677e+04,8.72891e-09,1.31550e-05,6.63544e-04,0,0.7638,0.8032
3.400,37.50,20.0,9.52819e+04,8.72891e-09,1.06955e-05,8.16130e-04,0,0.7638,0.8032
3.400,40.00,20.0,1.15637e+05,8.72891e-09,8.81282e-06,9.90479e-04,0,0.7638,0.8032
3.400,42.50,20.0,1.38702e+05,8.72891e-09,7.34730e-06,1.18804e-03,0,0.7638,0.8032
3.400,45.00,20.0,1.64647e+05,8.72891e-09,6.18952e-06,1.41027e-03,0,0.7638,0.8032
3.400,47.50,20.0,1.93641e+05,8.72891e-09,5.26276e-06,1.65862e-03,0,0.7638,0.8032
3.400,50.00,20.0,2.25853e+05,8.72891e-09,4.51216e-06,1.93453e-03,0,0.7638,0.8032
3.400,52.50,20.0,2.61454e+05,8.72891e-09,3.89778e-06,2.23946e-03,0,0.7638,0.8032
3.400,55.00,20.0,3.00611e+05,8.72891e-09,3.39005e-06,2.57486e-03,0,0.7638,0.8032
3.400,57.50,20.0,3.43495e+05,8.72891e-09,2.96682e-06,2.94218e-03,0,0.7638,0.8032
3.400,60.00,20.0,3.90275e+05,8.72891e-09,2.61121e-06,3.34287e-03,0,0.7638,0.8032
3.400,62.50,20.0,4.41120e+05,8.72891e-09,2.31023e-06,3.77838e-03,0,0.7638,0.8032
3.400,65.00,20.0,4.96200e+05,8.72891e-09,2.05378e-06,4.25016e-03,0,0.7638,0.8032
3.400,67.50,20.0,5.55684e+05,8.72891e-09,1.83393e-06,4.75967e-03,0,0.7638,0.8032
3.400,70.00,20.0,6.19742e+05,8.72891e-09,1.64437e-06,5.30835e-03,0,0.7638,0.8032
3.400,72.50,20.0,6.88542e+05,8.72891e-09,1.48006e-06,5.89766e-03,0,0.7638,0.8032
3.400,75.00,20.0,7.62255e+05,8.72891e-09,1.33694e-06,6.52904e-03,0,0.7638,0.8032
3.400,77.50,20.0,8.41050e+05,8.72891e-09,1.21168e-06,7.20395e-03,0,0.7638,0.8032
3.400,80.00,20.0,9.25096e+05,8.72891e-09,1.10160e-06,7.92383e-03,0,0.7638,0.8032
3.450,5.00,20.0,2.20961e+02,8.41608e-09,4.61206e-03,1.82480e-06,0,0.7638,0.8150
3.450,7.50,20.0,7.45745e+02,8.41608e-09,1.36654e-03,6.15869e-06,0,0.7638,0.8150
3.450,10.00,20.0,1.76769e+03,8.41608e-09,5.76508e-04,1.45984e-05,0,0.7638,0.8150
3.450,12.50,20.0,3.45252e+03,8.41608e-09,2.95172e-04,2.85125e-05,0,0.7638,0.8150
3.450,15.00,20.0,5.96596e+03,8.41608e-09,1.70817e-04,4.92695e-05,0,0.7638,0.8150
3.450,17.50,20.0,9.47372e+03,8.41608e-09,1.07570e-04,7.82382e-05,0,0.7638,0.8150
3.450,20.00,20.0,1.41415e+04,8.41608e-09,7.20635e-05,1.16787e-04,0,0.7638,0.8150
3.450,22.50,20.0,2.01351e+04,8.41608e-09,5.06125e-05,1.66285e-04,0,0.7638,0.8150
3.450,25.00,20.0,2.76202e+04,8.41608e-09,3.68965e-05,2.28100e-04,0,0.7638,0.8150
3.450,27.50,20.0,3.67625e+04,8.41608e-09,2.77209e-05,3.03601e-04,0,0.7638,0.8150
3.450,30.00,20.0,4.77277e+04,8.41608e-09,2.13521e-05,3.94156e-04,0,0.7638,0.8150
3.450,32.50,20.0,6.06815e+04,8.41608e-09,1.67940e-05,5.01135e-04,0,0.7638,0.8150
3.450,35.00,20.0,7.57898e+04,8.41608e-09,1.34462e-05,6.25906e-04,0,0.7638,0.8150
3.450,37.50,20.0,9.32181e+04,8.41608e-09,1.09323e-05,7.69836e-04,0,0.7638,0.8150
3.450,40.00,20.0,1.13132e+05,8.41608e-09,9.00793e-06,9.34296e-04,0,0.7638,0.8150
3.450,42.50,20.0,1.35698e+05,8.41608e-09,7.50997e-06,1.12065e-03,0,0.7638,0.8150
3.450,45.00,20.0,1.61081e+05,8.41608e-09,6.32656e-06,1.33028e-03,0,0.7638,0.8150
3.450,47.50,20.0,1.89447e+05,8.41608e-09,5.37928e-06,1.56454e-03,0,0.7638,0.8150
3.450,50.00,20.0,2.20961e+05,8.41608e-09,4.61206e-06,1.82480e-03,0,0.7638,0.8150
3.450,52.50,20.0,2.55790e+05,8.41608e-09,3.98407e-06,2.11243e-03,0,0.7638,0.8150
3.450,55.00,20.0,2.94100e+05,8.41608e-09,3.46511e-06,2.42881e-03,0,0.7638,0.8150
3.450,57.50,20.0,3.36055e+05,8.41608e-09,3.03250e-06,2.77529e-03,0,0.7638,0.8150
3.450,60.00,20.0,3.81821e+05,8.41608e-09,2.66902e-06,3.15325e-03,0,0.7638,0.8150
3.450,62.50,20.0,4.31565e+05,8.41608e-09,2.36138e-06,3.56406e-03,0,0.7638,0.8150
3.450,65.00,20.0,4.85452e+05,8.41608e-09,2.09925e-06,4.00908e-03,0,0.7638,0.8150
3.450,67.50,20.0,5.43648e+05,8.41608e-09,1.87454e-06,4.48969e-03,0,0.7638,0.8150
3.450,70.00,20.0,6.06318e+05,8.41608e-09,1.68078e-06,5.00724e-03,0,0.7638,0.8150
3.450,72.50,20.0,6.73629e+05,8.41608e-09,1.51283e-06,5.56312e-03,0,0.7638,0.8150
3.450,75.00,20.0,7.45745e+05,8.41608e-09,1.36654e-06,6.15869e-03,0,0.7638,0.8150
3.450,77.50,20.0,8.22833e+05,8.41608e-09,1.23851e-06,6.79532e-03,0,0.7638,0.8150
3.450,80.00,20.0,9.05058e+05,8.41608e-09,1.12599e-06,7.47437e-03,0,0.7638,0.8150
3.500,5.00,20.0,2.16243e+02,8.11872e-09,4.71269e-03,1.72274e-06,0,0.7638,0.8268
3.500,7.50,20.0,7.29822e+02,8.11872e-09,1.39635e-03,5.81424e-06,0,0.7638,0.8268
3.500,10.00,20.0,1.72995e+03,8.11872e-09,5.89086e-04,1.37819e-05,0,0.7638,0.8268
3.500,12.50,20.0,3.37880e+03,8.11872e-09,3.01612e-04,2.69178e-05,0,0.7638,0.8268
3.500,15.00,20.0,5.83857e+03,8.11872e-09,1.74544e-04,4.65139e-05,0,0.7638,0.8268
3.500,17.50,20.0,9.27144e+03,8.11872e-09,1.09917e-04,7.38623e-05,0,0.7638,0.8268
3.500,20.00,20.0,1.38396e+04,8.11872e-09,7.36357e-05,1.10255e-04,0,0.7638,0.8268
3.500,22.50,20.0,1.97052e+04,8.11872e-09,5.17167e-05,1.56984e-04,0,0.7638,0.8268
3.500,25.00,20.0,2.70304e+04,8.11872e-09,3.77015e-05,2.15342e-04,0,0.7638,0.8268
3.500,27.50,20.0,3.59775e+04,8.11872e-09,2.83257e-05,2.86620e-04,0,0.7638,0.8268
3.500,30.00,20.0,4.67086e+04,8.11872e-09,2.18180e-05,3.72111e-04,0,0.7638,0.8268
3.500,32.50,20.0,5.93859e+04,8.11872e-09,1.71604e-05,4.73107e-04,0,0.7638,0.8268
3.500,35.00,20.0,7.41715e+04,8.11872e-09,1.37396e-05,5.90899e-04,0,0.7638,0.8268
3.500,37.50,20.0,9.12277e+04,8.11872e-09,1.11708e-05,7.26779e-04,0,0.7638,0.8268
3.500,40.00,20.0,1.10717e+05,8.11872e-09,9.20446e-06,8.82041e-04,0,0.7638,0.8268
3.500,42.50,20.0,1.32801e+05,8.11872e-09,7.67382e-06,1.05798e-03,0,0.7638,0.8268
3.500,45.00,20.0,1.57641e+05,8.11872e-09,6.46459e-06,1.25587e-03,0,0.7638,0.8268
3.500,47.50,20.0,1.85402e+05,8.11872e-09,5.49664e-06,1.47703e-03,0,0.7638,0.8268
3.500,50.00,20.0,2.16243e+05,8.11872e-09,4.71269e-06,1.72274e-03,0,0.7638,0.8268
3.500,52.50,20.0,2.50329e+05,8.11872e-09,4.07099e-06,1.99428e-03,0,0.7638,0.8268
3.500,55.00,20.0,2.87820e+05,8.11872e-09,3.54071e-06,2.29296e-03,0,0.7638,0.8268
3.500,57.50,20.0,3.28879e+05,8.11872e-09,3.09867e-06,2.62007e-03,0,0.7638,0.8268
3.500,60.00,20.0,3.73669e+05,8.11872e-09,2.72725e-06,2.97689e-03,0,0.7638,0.8268
3.500,62.50,20.0,4.22351e+05,8.11872e-09,2.41289e-06,3.36472e-03,0,0.7638,0.8268
3.500,65.00,20.0,4.75087e+05,8.11872e-09,2.14505e-06,3.78485e-03,0,0.7638,0.8268
3.500,67.50,20.0,5.32040e+05,8.11872e-09,1.91543e-06,4.23858e-03,0,0.7638,0.8268
3.500,70.00,20.0,5.93372e+05,8.11872e-09,1.71745e-06,4.72719e-03,0,0.7638,0.8268
3.500,72.50,20.0,6.59245e+05,8.11872e-09,1.54584e-06,5.25198e-03,0,0.7638,0.8268
3.500,75.00,20.0,7.29822e+05,8.11872e-09,1.39635e-06,5.81424e-03,0,0.7638,0.8268
3.500,77.50,20.0,8.05264e+05,8.11872e-09,1.26553e-06,6.41526e-03,0,0.7638,0.8268
3.500,80.00,20.0,8.85733e+05,8.11872e-09,1.15056e-06,7.05633e-03,0,0.7638,0.8268
3.550,5.00,20.0,2.11691e+02,7.83586e-09,4.81403e-03,1.62771e-06,0,0.7638,0.8386
3.550,7.50,20.0,7.14457e+02,7.83586e-09,1.42638e-03,5.49353e-06,0,0.7638,0.8386
3.550,10.00,20.0,1.69353e+03,7.83586e-09,6.01754e-04,1.30217e-05,0,0.7638,0.8386
3.550,12.50,20.0,3.30767e+03,7.83586e-09,3.08098e-04,2.54330e-05,0,0.7638,0.8386
3.550,15.00,20.0,5.71566e+03,7.83586e-09,1.78297e-04,4.39482e-05,0,0.7638,0.8386
3.550,17.50,20.0,9.07626e+03,7.83586e-09,1.12281e-04,6.97882e-05,0,0.7638,0.8386
3.550,20.00,20.0,1.35482e+04,7.83586e-09,7.52192e-05,1.04174e-04,0,0.7638,0.8386
3.550,22.50,20.0,1.92904e+04,7.83586e-09,5.28289e-05,1.48325e-04,0,0.7638,0.8386
3.550,25.00,20.0,2.64614e+04,7.83586e-09,3.85123e-05,2.03464e-04,0,0.7638,0.8386
3.550,27.50,20.0,3.52201e+04,7.83586e-09,2.89348e-05,2.70811e-04,0,0.7638,0.8386
3.550,30.00,20.0,4.57253e+04,7.83586e-09,2.22872e-05,3.51586e-04,0,0.7638,0.8386
3.550,32.50,20.0,5.81357e+04,7.83586e-09,1.75295e-05,4.47010e-04,0,0.7638,0.8386
3.550,35.00,20.0,7.26100e+04,7.83586e-09,1.40351e-05,5.58305e-04,0,0.7638,0.8386
3.550,37.50,20.0,8.93072e+04,7.83586e-09,1.14110e-05,6.86691e-04,0,0.7638,0.8386
3.550,40.00,20.0,1.08386e+05,7.83586e-09,9.40241e-06,8.33389e-04,0,0.7638,0.8386
3.550,42.50,20.0,1.30005e+05,7.83586e-09,7.83885e-06,9.99619e-04,0,0.7638,0.8386
3.550,45.00,20.0,1.54323e+05,7.83586e-09,6.60361e-06,1.18660e-03,0,0.7638,0.8386
3.550,47.50,20.0,1.81499e+05,7.83586e-09,5.61485e-06,1.39556e-03,0,0.7638,0.8386
3.550,50.00,20.0,2.11691e+05,7.83586e-09,4.81403e-06,1.62771e-03,0,0.7638,0.8386
3.550,52.50,20.0,2.45059e+05,7.83586e-09,4.15854e-06,1.88428e-03,0,0.7638,0.8386
3.550,55.00,20.0,2.81761e+05,7.83586e-09,3.61685e-06,2.16649e-03,0,0.7638,0.8386
3.550,57.50,20.0,3.21956e+05,7.83586e-09,3.16530e-06,2.47555e-03,0,0.7638,0.8386
3.550,60.00,20.0,3.65802e+05,7.83586e-09,2.78590e-06,2.81269e-03,0,0.7638,0.8386
3.550,62.50,20.0,4.13459e+05,7.83586e-09,2.46478e-06,3.17913e-03,0,0.7638,0.8386
3.550,65.00,20.0,4.65085e+05,7.83586e-09,2.19118e-06,3.57608e-03,0,0.7638,0.8386
3.550,67.50,20.0,5.20839e+05,7.83586e-09,1.95663e-06,4.00478e-03,0,0.7638,0.8386
3.550,70.00,20.0,5.80880e+05,7.83586e-09,1.75438e-06,4.46644e-03,0,0.7638,0.8386
3.550,72.50,20.0,6.45367e+05,7.83586e-09,1.57908e-06,4.96228e-03,0,0.7638,0.8386
3.550,75.00,20.0,7.14457e+05,7.83586e-09,1.42638e-06,5.49353e-03,0,0.7638,0.8386
3.550,77.50,20.0,7.88311e+05,7.83586e-09,1.29275e-06,6.06140e-03,0,0.7638,0.8386
3.550,80.00,20.0,8.67087e+05,7.83586e-09,1.17530e-06,6.66711e-03,0,0.7638,0.8386
3.600,5.00,20.0,2.07296e+02,7.56661e-09,4.91609e-03,1.53915e-06,0,0.7638,0.8505
3.600,7.50,20.0,6.99625e+02,7.56661e-09,1.45662e-03,5.19463e-06,0,0.7638,0.8505
3.600,10.00,20.0,1.65837e+03,7.56661e-09,6.14512e-04,1.23132e-05,0,0.7638,0.8505
3.600,12.50,20.0,3.23900e+03,7.56661e-09,3.14630e-04,2.40492e-05,0,0.7638,0.8505
3.600,15.00,20.0,5.59700e+03,7.56661e-09,1.82078e-04,4.15571e-05,0,0.7638,0.8505
3.600,17.50,20.0,8.88782e+03,7.56661e-09,1.14661e-04,6.59911e-05,0,0.7638,0.8505
3.600,20.00,20.0,1.32670e+04,7.56661e-09,7.68140e-05,9.85056e-05,0,0.7638,0.8505
3.600,22.50,20.0,1.88899e+04,7.56661e-09,5.39489e-05,1.40255e-04,0,0.7638,0.8505
3.600,25.00,20.0,2.59120e+04,7.56661e-09,3.93287e-05,1.92394e-04,0,0.7638,0.8505
3.600,27.50,20.0,3.44889e+04,7.56661e-09,2.95483e-05,2.56076e-04,0,0.7638,0.8505
3.600,30.00,20.0,4.47760e+04,7.56661e-09,2.27597e-05,3.32456e-04,0,0.7638,0.8505
3.600,32.50,20.0,5.69287e+04,7.56661e-09,1.79011e-05,4.22689e-04,0,0.7638,0.8505
3.600,35.00,20.0,7.11026e+04,7.56661e-09,1.43326e-05,5.27929e-04,0,0.7638,0.8505
3.600,37.50,20.0,8.74531e+04,7.56661e-09,1.16530e-05,6.49329e-04,0,0.7638,0.8505
3.600,40.00,20.0,1.06136e+05,7.56661e-09,9.60175e-06,7.88045e-04,0,0.7638,0.8505
3.600,42.50,20.0,1.27306e+05,7.56661e-09,8.00504e-06,9.45231e-04,0,0.7638,0.8505
3.600,45.00,20.0,1.51119e+05,7.56661e-09,6.74361e-06,1.12204e-03,0,0.7638,0.8505
3.600,47.50,20.0,1.77731e+05,7.56661e-09,5.73389e-06,1.31963e-03,0,0.7638,0.8505
3.600,50.00,20.0,2.07296e+05,7.56661e-09,4.91609e-06,1.53915e-03,0,0.7638,0.8505
3.600,52.50,20.0,2.39971e+05,7.56661e-09,4.24671e-06,1.78176e-03,0,0.7638,0.8505
3.600,55.00,20.0,2.75911e+05,7.56661e-09,3.69353e-06,2.04861e-03,0,0.7638,0.8505
3.600,57.50,20.0,3.15272e+05,7.56661e-09,3.23241e-06,2.34086e-03,0,0.7638,0.8505
3.600,60.00,20.0,3.58208e+05,7.56661e-09,2.84496e-06,2.65965e-03,0,0.7638,0.8505
3.600,62.50,20.0,4.04875e+05,7.56661e-09,2.51704e-06,3.00615e-03,0,0.7638,0.8505
3.600,65.00,20.0,4.55430e+05,7.56661e-09,2.23764e-06,3.38151e-03,0,0.7638,0.8505
3.600,67.50,20.0,5.10026e+05,7.56661e-09,1.99811e-06,3.78689e-03,0,0.7638,0.8505
3.600,70.00,20.0,5.68821e+05,7.56661e-09,1.79158e-06,4.22343e-03,0,0.7638,0.8505
3.600,72.50,20.0,6.31968e+05,7.56661e-09,1.61256e-06,4.69229e-03,0,0.7638,0.8505
3.600,75.00,20.0,6.99625e+05,7.56661e-09,1.45662e-06,5.19463e-03,0,0.7638,0.8505
3.600,77.50,20.0,7.71945e+05,7.56661e-09,1.32016e-06,5.73160e-03,0,0.7638,0.8505
3.600,80.00,20.0,8.49085e+05,7.56661e-09,1.20022e-06,6.30436e-03,0,0.7638,0.8505
3.650,5.00,20.0,2.03051e+02,7.31013e-09,5.01887e-03,1.45653e-06,0,0.7638,0.8623
3.650,7.50,20.0,6.85298e+02,7.31013e-09,1.48707e-03,4.91579e-06,0,0.7638,0.8623
3.650,10.00,20.0,1.62441e+03,7.31013e-09,6.27358e-04,1.16522e-05,0,0.7638,0.8623
3.650,12.50,20.0,3.17268e+03,7.31013e-09,3.21207e-04,2.27583e-05,0,0.7638,0.8623
3.650,15.00,20.0,5.48239e+03,7.31013e-09,1.85884e-04,3.93263e-05,0,0.7638,0.8623
3.650,17.50,20.0,8.70582e+03,7.31013e-09,1.17058e-04,6.24487e-05,0,0.7638,0.8623
3.650,20.00,20.0,1.29953e+04,7.31013e-09,7.84198e-05,9.32180e-05,0,0.7638,0.8623
3.650,22.50,20.0,1.85031e+04,7.31013e-09,5.50767e-05,1.32726e-04,0,0.7638,0.8623
3.650,25.00,20.0,2.53814e+04,7.31013e-09,4.01509e-05,1.82066e-04,0,0.7638,0.8623
3.650,27.50,20.0,3.37827e+04,7.31013e-09,3.01660e-05,2.42330e-04,0,0.7638,0.8623
3.650,30.00,20.0,4.38591e+04,7.31013e-09,2.32355e-05,3.14611e-04,0,0.7638,0.8623
3.650,32.50,20.0,5.57630e+04,7.31013e-09,1.82753e-05,4.00000e-04,0,0.7638,0.8623
3.650,35.00,20.0,6.96466e+04,7.31013e-09,1.46323e-05,4.99590e-04,0,0.7638,0.8623
3.650,37.50,20.0,8.56623e+04,7.31013e-09,1.18966e-05,6.14474e-04,0,0.7638,0.8623
3.650,40.00,20.0,1.03962e+05,7.31013e-09,9.80247e-06,7.45744e-04,0,0.7638,0.8623
3.650,42.50,20.0,1.24699e+05,7.31013e-09,8.17239e-06,8.94492e-04,0,0.7638,0.8623
3.650,45.00,20.0,1.48024e+05,7.31013e-09,6.88459e-06,1.06181e-03,0,0.7638,0.8623
3.650,47.50,20.0,1.74091e+05,7.31013e-09,5.85376e-06,1.24879e-03,0,0.7638,0.8623
3.650,50.00,20.0,2.03051e+05,7.31013e-09,5.01887e-06,1.45653e-03,0,0.7638,0.8623
3.650,52.50,20.0,2.35057e+05,7.31013e-09,4.33549e-06,1.68612e-03,0,0.7638,0.8623
3.650,55.00,20.0,2.70261e+05,7.31013e-09,3.77075e-06,1.93864e-03,0,0.7638,0.8623
3.650,57.50,20.0,3.08816e+05,7.31013e-09,3.29999e-06,2.21520e-03,0,0.7638,0.8623
3.650,60.00,20.0,3.50873e+05,7.31013e-09,2.90444e-06,2.51688e-03,0,0.7638,0.8623
3.650,62.50,20.0,3.96585e+05,7.31013e-09,2.56966e-06,2.84479e-03,0,0.7638,0.8623
3.650,65.00,20.0,4.46104e+05,7.31013e-09,2.28442e-06,3.20000e-03,0,0.7638,0.8623
3.650,67.50,20.0,4.99582e+05,7.31013e-09,2.03988e-06,3.58361e-03,0,0.7638,0.8623
3.650,70.00,20.0,5.57173e+05,7.31013e-09,1.82903e-06,3.99672e-03,0,0.7638,0.8623
3.650,72.50,20.0,6.19027e+05,7.31013e-09,1.64627e-06,4.44042e-03,0,0.7638,0.8623
3.650,75.00,20.0,6.85298e+05,7.31013e-09,1.48707e-06,4.91579e-03,0,0.7638,0.8623
3.650,77.50,20.0,7.56138e+05,7.31013e-09,1.34775e-06,5.42394e-03,0,0.7638,0.8623
3.650,80.00,20.0,8.31698e+05,7.31013e-09,1.22531e-06,5.96595e-03,0,0.7638,0.8623
3.700,5.00,20.0,1.98949e+02,7.06567e-09,5.12235e-03,1.37938e-06,0,0.7638,0.8741
3.700,7.50,20.0,6.71454e+02,7.06567e-09,1.51773e-03,4.65541e-06,0,0.7638,0.8741
3.700,10.00,20.0,1.59159e+03,7.06567e-09,6.40293e-04,1.10350e-05,0,0.7638,0.8741
3.700,12.50,20.0,3.10858e+03,7.06567e-09,3.27830e-04,2.15528e-05,0,0.7638,0.8741
3.700,15.00,20.0,5.37163e+03,7.06567e-09,1.89717e-04,3.72433e-05,0,0.7638,0.8741
3.700,17.50,20.0,8.52995e+03,7.06567e-09,1.19472e-04,5.91409e-05,0,0.7638,0.8741
3.700,20.00,20.0,1.27328e+04,7.06567e-09,8.00367e-05,8.82804e-05,0,0.7638,0.8741
3.700,22.50,20.0,1.81293e+04,7.06567e-09,5.62123e-05,1.25696e-04,0,0.7638,0.8741
3.700,25.00,20.0,2.48687e+04,7.06567e-09,4.09788e-05,1.72423e-04,0,0.7638,0.8741
3.700,27.50,20.0,3.31002e+04,7.06567e-09,3.07880e-05,2.29494e-04,0,0.7638,0.8741
3.700,30.00,20.0,4.29731e+04,7.06567e-09,2.37146e-05,2.97946e-04,0,0.7638,0.8741
3.700,32.50,20.0,5.46365e+04,7.06567e-09,1.86522e-05,3.78812e-04,0,0.7638,0.8741
3.700,35.00,20.0,6.82396e+04,7.06567e-09,1.49340e-05,4.73128e-04,0,0.7638,0.8741
3.700,37.50,20.0,8.39318e+04,7.06567e-09,1.21419e-05,5.81926e-04,0,0.7638,0.8741
3.700,40.00,20.0,1.01862e+05,7.06567e-09,1.00046e-05,7.06243e-04,0,0.7638,0.8741
3.700,42.50,20.0,1.22180e+05,7.06567e-09,8.34089e-06,8.47112e-04,0,0.7638,0.8741
3.700,45.00,20.0,1.45034e+05,7.06567e-09,7.02654e-06,1.00557e-03,0,0.7638,0.8741
3.700,47.50,20.0,1.70574e+05,7.06567e-09,5.97445e-06,1.18265e-03,0,0.7638,0.8741
3.700,50.00,20.0,1.98949e+05,7.06567e-09,5.12235e-06,1.37938e-03,0,0.7638,0.8741
3.700,52.50,20.0,2.30309e+05,7.06567e-09,4.42488e-06,1.59681e-03,0,0.7638,0.8741
3.700,55.00,20.0,2.64802e+05,7.06567e-09,3.84849e-06,1.83596e-03,0,0.7638,0.8741
3.700,57.50,20.0,3.02577e+05,7.06567e-09,3.36803e-06,2.09787e-03,0,0.7638,0.8741
3.700,60.00,20.0,3.43784e+05,7.06567e-09,2.96432e-06,2.38357e-03,0,0.7638,0.8741
3.700,62.50,20.0,3.88573e+05,7.06567e-09,2.62264e-06,2.69410e-03,0,0.7638,0.8741
3.700,65.00,20.0,4.37092e+05,7.06567e-09,2.33152e-06,3.03050e-03,0,0.7638,0.8741
3.700,67.50,20.0,4.89490e+05,7.06567e-09,2.08194e-06,3.39379e-03,0,0.7638,0.8741
3.700,70.00,20.0,5.45917e+05,7.06567e-09,1.86674e-06,3.78502e-03,0,0.7638,0.8741
3.700,72.50,20.0,6.06522e+05,7.06567e-09,1.68022e-06,4.20521e-03,0,0.7638,0.8741
3.700,75.00,20.0,6.71454e+05,7.06567e-09,1.51773e-06,4.65541e-03,0,0.7638,0.8741
3.700,77.50,20.0,7.40862e+05,7.06567e-09,1.37554e-06,5.13664e-03,0,0.7638,0.8741
3.700,80.00,20.0,8.14897e+05,7.06567e-09,1.25057e-06,5.64994e-03,0,0.7638,0.8741
3.750,5.00,20.0,1.94984e+02,6.83249e-09,5.22653e-03,1.30727e-06,0,0.7638,0.8859
3.750,7.50,20.0,6.58070e+02,6.83249e-09,1.54860e-03,4.41204e-06,0,0.7638,0.8859
3.750,10.00,20.0,1.55987e+03,6.83249e-09,6.53316e-04,1.04582e-05,0,0.7638,0.8859
3.750,12.50,20.0,3.04662e+03,6.83249e-09,3.34498e-04,2.04261e-05,0,0.7638,0.8859
3.750,15.00,20.0,5.26456e+03,6.83249e-09,1.93575e-04,3.52963e-05,0,0.7638,0.8859
3.750,17.50,20.0,8.35992e+03,6.83249e-09,1.21902e-04,5.60493e-05,0,0.7638,0.8859
3.750,20.00,20.0,1.24790e+04,6.83249e-09,8.16645e-05,8.36654e-05,0,0.7638,0.8859
3.750,22.50,20.0,1.77679e+04,6.83249e-09,5.73556e-05,1.19125e-04,0,0.7638,0.8859
3.750,25.00,20.0,2.43730e+04,6.83249e-09,4.18122e-05,1.63409e-04,0,0.7638,0.8859
3.750,27.50,20.0,3.24404e+04,6.83249e-09,3.14141e-05,2.17497e-04,0,0.7638,0.8859
3.750,30.00,20.0,4.21165e+04,6.83249e-09,2.41969e-05,2.82371e-04,0,0.7638,0.8859
3.750,32.50,20.0,5.35474e+04,6.83249e-09,1.90315e-05,3.59010e-04,0,0.7638,0.8859
3.750,35.00,20.0,6.68794e+04,6.83249e-09,1.52377e-05,4.48394e-04,0,0.7638,0.8859
3.750,37.50,20.0,8.22587e+04,6.83249e-09,1.23888e-05,5.51505e-04,0,0.7638,0.8859
3.750,40.00,20.0,9.98316e+04,6.83249e-09,1.02081e-05,6.69323e-04,0,0.7638,0.8859
3.750,42.50,20.0,1.19744e+05,6.83249e-09,8.51053e-06,8.02828e-04,0,0.7638,0.8859
3.750,45.00,20.0,1.42143e+05,6.83249e-09,7.16945e-06,9.53001e-04,0,0.7638,0.8859
3.750,47.50,20.0,1.67174e+05,6.83249e-09,6.09597e-06,1.12082e-03,0,0.7638,0.8859
3.750,50.00,20.0,1.94984e+05,6.83249e-09,5.22653e-06,1.30727e-03,0,0.7638,0.8859
3.750,52.50,20.0,2.25718e+05,6.83249e-09,4.51487e-06,1.51333e-03,0,0.7638,0.8859
3.750,55.00,20.0,2.59523e+05,6.83249e-09,3.92677e-06,1.73998e-03,0,0.7638,0.8859
3.750,57.50,20.0,2.96546e+05,6.83249e-09,3.43653e-06,1.98820e-03,0,0.7638,0.8859
3.750,60.00,20.0,3.36932e+05,6.83249e-09,3.02461e-06,2.25897e-03,0,0.7638,0.8859
3.750,62.50,20.0,3.80827e+05,6.83249e-09,2.67598e-06,2.55327e-03,0,0.7638,0.8859
3.750,65.00,20.0,4.28379e+05,6.83249e-09,2.37894e-06,2.87208e-03,0,0.7638,0.8859
3.750,67.50,20.0,4.79733e+05,6.83249e-09,2.12428e-06,3.21638e-03,0,0.7638,0.8859
3.750,70.00,20.0,5.35035e+05,6.83249e-09,1.90471e-06,3.58715e-03,0,0.7638,0.8859
3.750,72.50,20.0,5.94432e+05,6.83249e-09,1.71439e-06,3.98538e-03,0,0.7638,0.8859
3.750,75.00,20.0,6.58070e+05,6.83249e-09,1.54860e-06,4.41204e-03,0,0.7638,0.8859
3.750,77.50,20.0,7.26095e+05,6.83249e-09,1.40352e-06,4.86812e-03,0,0.7638,0.8859
3.750,80.00,20.0,7.98653e+05,6.83249e-09,1.27601e-06,5.35459e-03,0,0.7638,0.8859
3.800,5.00,20.0,1.91148e+02,6.60995e-09,5.33141e-03,1.23981e-06,0,0.7638,0.8977
3.800,7.50,20.0,6.45124e+02,6.60995e-09,1.57968e-03,4.18437e-06,0,0.7638,0.8977
3.800,10.00,20.0,1.52918e+03,6.60995e-09,6.66426e-04,9.91851e-06,0,0.7638,0.8977
3.800,12.50,20.0,2.98669e+03,6.60995e-09,3.41210e-04,1.93721e-05,0,0.7638,0.8977
3.800,15.00,20.0,5.16100e+03,6.60995e-09,1.97459e-04,3.34750e-05,0,0.7638,0.8977
3.800,17.50,20.0,8.19547e+03,6.60995e-09,1.24348e-04,5.31570e-05,0,0.7638,0.8977
3.800,20.00,20.0,1.22335e+04,6.60995e-09,8.33032e-05,7.93481e-05,0,0.7638,0.8977
3.800,22.50,20.0,1.74184e+04,6.60995e-09,5.85065e-05,1.12978e-04,0,0.7638,0.8977
3.800,25.00,20.0,2.38935e+04,6.60995e-09,4.26513e-05,1.54977e-04,0,0.7638,0.8977
3.800,27.50,20.0,3.18022e+04,6.60995e-09,3.20445e-05,2.06274e-04,0,0.7638,0.8977
3.800,30.00,20.0,4.12880e+04,6.60995e-09,2.46824e-05,2.67800e-04,0,0.7638,0.8977
3.800,32.50,20.0,5.24940e+04,6.60995e-09,1.94134e-05,3.40484e-04,0,0.7638,0.8977
3.800,35.00,20.0,6.55638e+04,6.60995e-09,1.55435e-05,4.25256e-04,0,0.7638,0.8977
3.800,37.50,20.0,8.06406e+04,6.60995e-09,1.26374e-05,5.23047e-04,0,0.7638,0.8977
3.800,40.00,20.0,9.78678e+04,6.60995e-09,1.04129e-05,6.34785e-04,0,0.7638,0.8977
3.800,42.50,20.0,1.17389e+05,6.60995e-09,8.68130e-06,7.61401e-04,0,0.7638,0.8977
3.800,45.00,20.0,1.39347e+05,6.60995e-09,7.31331e-06,9.03825e-04,0,0.7638,0.8977
3.800,47.50,20.0,1.63885e+05,6.60995e-09,6.21829e-06,1.06299e-03,0,0.7638,0.8977
3.800,50.00,20.0,1.91148e+05,6.60995e-09,5.33141e-06,1.23981e-03,0,0.7638,0.8977
3.800,52.50,20.0,2.21278e+05,6.60995e-09,4.60547e-06,1.43524e-03,0,0.7638,0.8977
3.800,55.00,20.0,2.54418e+05,6.60995e-09,4.00556e-06,1.65019e-03,0,0.7638,0.8977
3.800,57.50,20.0,2.90712e+05,6.60995e-09,3.50549e-06,1.88560e-03,0,0.7638,0.8977
3.800,60.00,20.0,3.30304e+05,6.60995e-09,3.08530e-06,2.14240e-03,0,0.7638,0.8977
3.800,62.50,20.0,3.73336e+05,6.60995e-09,2.72968e-06,2.42151e-03,0,0.7638,0.8977
3.800,65.00,20.0,4.19952e+05,6.60995e-09,2.42668e-06,2.72387e-03,0,0.7638,0.8977
3.800,67.50,20.0,4.70296e+05,6.60995e-09,2.16691e-06,3.05041e-03,0,0.7638,0.8977
3.800,70.00,20.0,5.24510e+05,6.60995e-09,1.94293e-06,3.40205e-03,0,0.7638,0.8977
3.800,72.50,20.0,5.82738e+05,6.60995e-09,1.74879e-06,3.77973e-03,0,0.7638,0.8977
3.800,75.00,20.0,6.45124e+05,6.60995e-09,1.57968e-06,4.18437e-03,0,0.7638,0.8977
3.800,77.50,20.0,7.11811e+05,6.60995e-09,1.43168e-06,4.61691e-03,0,0.7638,0.8977
3.800,80.00,20.0,7.82942e+05,6.60995e-09,1.30161e-06,5.07828e-03,0,0.7638,0.8977
3.850,5.00,20.0,1.87436e+02,6.39743e-09,5.43698e-03,1.17665e-06,0,0.7638,0.9095
3.850,7.50,20.0,6.32598e+02,6.39743e-09,1.61096e-03,3.97120e-06,0,0.7638,0.9095
3.850,10.00,20.0,1.49949e+03,6.39743e-09,6.79622e-04,9.41322e-06,0,0.7638,0.9095
3.850,12.50,20.0,2.92869e+03,6.39743e-09,3.47967e-04,1.83852e-05,0,0.7638,0.9095
3.850,15.00,20.0,5.06078e+03,6.39743e-09,2.01370e-04,3.17696e-05,0,0.7638,0.9095
3.850,17.50,20.0,8.03634e+03,6.39743e-09,1.26810e-04,5.04490e-05,0,0.7638,0.9095
3.850,20.00,20.0,1.19959e+04,6.39743e-09,8.49528e-05,7.53057e-05,0,0.7638,0.9095
3.850,22.50,20.0,1.70801e+04,6.39743e-09,5.96650e-05,1.07222e-04,0,0.7638,0.9095
3.850,25.00,20.0,2.34296e+04,6.39743e-09,4.34958e-05,1.47082e-04,0,0.7638,0.9095
3.850,27.50,20.0,3.11847e+04,6.39743e-09,3.26790e-05,1.95766e-04,0,0.7638,0.9095
3.850,30.00,20.0,4.04863e+04,6.39743e-09,2.51712e-05,2.54157e-04,0,0.7638,0.9095
3.850,32.50,20.0,5.14747e+04,6.39743e-09,1.97978e-05,3.23138e-04,0,0.7638,0.9095
3.850,35.00,20.0,6.42907e+04,6.39743e-09,1.58512e-05,4.03592e-04,0,0.7638,0.9095
3.850,37.50,20.0,7.90747e+04,6.39743e-09,1.28876e-05,4.96400e-04,0,0.7638,0.9095
3.850,40.00,20.0,9.59675e+04,6.39743e-09,1.06191e-05,6.02446e-04,0,0.7638,0.9095
3.850,42.50,20.0,1.15109e+05,6.39743e-09,8.85321e-06,7.22612e-04,0,0.7638,0.9095
3.850,45.00,20.0,1.36641e+05,6.39743e-09,7.45813e-06,8.57779e-04,0,0.7638,0.9095
3.850,47.50,20.0,1.60703e+05,6.39743e-09,6.34142e-06,1.00883e-03,0,0.7638,0.9095
3.850,50.00,20.0,1.87436e+05,6.39743e-09,5.43698e-06,1.17665e-03,0,0.7638,0.9095
3.850,52.50,20.0,2.16981e+05,6.39743e-09,4.69667e-06,1.36212e-03,0,0.7638,0.9095
3.850,55.00,20.0,2.49478e+05,6.39743e-09,4.08488e-06,1.56612e-03,0,0.7638,0.9095
3.850,57.50,20.0,2.85067e+05,6.39743e-09,3.57490e-06,1.78954e-03,0,0.7638,0.9095
3.850,60.00,20.0,3.23890e+05,6.39743e-09,3.14640e-06,2.03326e-03,0,0.7638,0.9095
3.850,62.50,20.0,3.66087e+05,6.39743e-09,2.78373e-06,2.29815e-03,0,0.7638,0.9095
3.850,65.00,20.0,4.11798e+05,6.39743e-09,2.47473e-06,2.58510e-03,0,0.7638,0.9095
3.850,67.50,20.0,4.61164e+05,6.39743e-09,2.20982e-06,2.89501e-03,0,0.7638,0.9095
3.850,70.00,20.0,5.14326e+05,6.39743e-09,1.98141e-06,3.22873e-03,0,0.7638,0.9095
3.850,72.50,20.0,5.71423e+05,6.39743e-09,1.78342e-06,3.58717e-03,0,0.7638,0.9095
3.850,75.00,20.0,6.32598e+05,6.39743e-09,1.61096e-06,3.97120e-03,0,0.7638,0.9095
3.850,77.50,20.0,6.97990e+05,6.39743e-09,1.46003e-06,4.38171e-03,0,0.7638,0.9095
3.850,80.00,20.0,7.67740e+05,6.39743e-09,1.32739e-06,4.81957e-03,0,0.7638,0.9095
3.900,5.00,20.0,1.83843e+02,6.19435e-09,5.54324e-03,1.11746e-06,0,0.7638,0.9213
3.900,7.50,20.0,6.20472e+02,6.19435e-09,1.64244e-03,3.77143e-06,0,0.7638,0.9213
3.900,10.00,20.0,1.47075e+03,6.19435e-09,6.92904e-04,8.93969e-06,0,0.7638,0.9213
3.900,12.50,20.0,2.87255e+03,6.19435e-09,3.54767e-04,1.74603e-05,0,0.7638,0.9213
3.900,15.00,20.0,4.96377e+03,6.19435e-09,2.05305e-04,3.01715e-05,0,0.7638,0.9213
3.900,17.50,20.0,7.88229e+03,6.19435e-09,1.29288e-04,4.79112e-05,0,0.7638,0.9213
3.900,20.00,20.0,1.17660e+04,6.19435e-09,8.66130e-05,7.15175e-05,0,0.7638,0.9213
3.900,22.50,20.0,1.67527e+04,6.19435e-09,6.08311e-05,1.01829e-04,0,0.7638,0.9213
3.900,25.00,20.0,2.29804e+04,6.19435e-09,4.43459e-05,1.39683e-04,0,0.7638,0.9213
3.900,27.50,20.0,3.05870e+04,6.19435e-09,3.33177e-05,1.85918e-04,0,0.7638,0.9213
3.900,30.00,20.0,3.97102e+04,6.19435e-09,2.56631e-05,2.41372e-04,0,0.7638,0.9213
3.900,32.50,20.0,5.04880e+04,6.19435e-09,2.01847e-05,3.06883e-04,0,0.7638,0.9213
3.900,35.00,20.0,6.30583e+04,6.19435e-09,1.61610e-05,3.83289e-04,0,0.7638,0.9213
3.900,37.50,20.0,7.75590e+04,6.19435e-09,1.31395e-05,4.71429e-04,0,0.7638,0.9213
3.900,40.00,20.0,9.41279e+04,6.19435e-09,1.08266e-05,5.72140e-04,0,0.7638,0.9213
3.900,42.50,20.0,1.12903e+05,6.19435e-09,9.02623e-06,6.86261e-04,0,0.7638,0.9213
3.900,45.00,20.0,1.34022e+05,6.19435e-09,7.60389e-06,8.14630e-04,0,0.7638,0.9213
3.900,47.50,20.0,1.57623e+05,6.19435e-09,6.46536e-06,9.58084e-04,0,0.7638,0.9213
3.900,50.00,20.0,1.83843e+05,6.19435e-09,5.54324e-06,1.11746e-03,0,0.7638,0.9213
3.900,52.50,20.0,2.12822e+05,6.19435e-09,4.78845e-06,1.29360e-03,0,0.7638,0.9213
3.900,55.00,20.0,2.44696e+05,6.19435e-09,4.16471e-06,1.48734e-03,0,0.7638,0.9213
3.900,57.50,20.0,2.79603e+05,6.19435e-09,3.64477e-06,1.69952e-03,0,0.7638,0.9213
3.900,60.00,20.0,3.17681e+05,6.19435e-09,3.20789e-06,1.93097e-03,0,0.7638,0.9213
3.900,62.50,20.0,3.59069e+05,6.19435e-09,2.83814e-06,2.18254e-03,0,0.7638,0.9213
3.900,65.00,20.0,4.03904e+05,6.19435e-09,2.52309e-06,2.45506e-03,0,0.7638,0.9213
3.900,67.50,20.0,4.52324e+05,6.19435e-09,2.25300e-06,2.74937e-03,0,0.7638,0.9213
3.900,70.00,20.0,5.04466e+05,6.19435e-09,2.02013e-06,3.06631e-03,0,0.7638,0.9213
3.900,72.50,20.0,5.60470e+05,6.19435e-09,1.81827e-06,3.40672e-03,0,0.7638,0.9213
3.900,75.00,20.0,6.20472e+05,6.19435e-09,1.64244e-06,3.77143e-03,0,0.7638,0.9213
3.900,77.50,20.0,6.84610e+05,6.19435e-09,1.48857e-06,4.16129e-03,0,0.7638,0.9213
3.900,80.00,20.0,7.53023e+05,6.19435e-09,1.35333e-06,4.57712e-03,0,0.7638,0.9213
3.950,5.00,20.0,1.80364e+02,6.00019e-09,5.65018e-03,1.06195e-06,0,0.7638,0.9331
3.950,7.50,20.0,6.08728e+02,6.00019e-09,1.67413e-03,3.58407e-06,0,0.7638,0.9331
3.950,10.00,20.0,1.44291e+03,6.00019e-09,7.06272e-04,8.49557e-06,0,0.7638,0.9331
3.950,12.50,20.0,2.81818e+03,6.00019e-09,3.61611e-04,1.65929e-05,0,0.7638,0.9331
3.950,15.00,20.0,4.86982e+03,6.00019e-09,2.09266e-04,2.86726e-05,0,0.7638,0.9331
3.950,17.50,20.0,7.73310e+03,6.00019e-09,1.31783e-04,4.55310e-05,0,0.7638,0.9331
3.950,20.00,20.0,1.15433e+04,6.00019e-09,8.82840e-05,6.79646e-05,0,0.7638,0.9331
3.950,22.50,20.0,1.64357e+04,6.00019e-09,6.20047e-05,9.67699e-05,0,0.7638,0.9331
3.950,25.00,20.0,2.25455e+04,6.00019e-09,4.52014e-05,1.32743e-04,0,0.7638,0.9331
3.950,27.50,20.0,3.00080e+04,6.00019e-09,3.39605e-05,1.76681e-04,0,0.7638,0.9331
3.950,30.00,20.0,3.89586e+04,6.00019e-09,2.61582e-05,2.29380e-04,0,0.7638,0.9331
3.950,32.50,20.0,4.95324e+04,6.00019e-09,2.05742e-05,2.91637e-04,0,0.7638,0.9331
3.950,35.00,20.0,6.18648e+04,6.00019e-09,1.64728e-05,3.64248e-04,0,0.7638,0.9331
3.950,37.50,20.0,7.60910e+04,6.00019e-09,1.33930e-05,4.48009e-04,0,0.7638,0.9331
3.950,40.00,20.0,9.23463e+04,6.00019e-09,1.10355e-05,5.43717e-04,0,0.7638,0.9331
3.950,42.50,20.0,1.10766e+05,6.00019e-09,9.20037e-06,6.52168e-04,0,0.7638,0.9331
3.950,45.00,20.0,1.31485e+05,6.00019e-09,7.75059e-06,7.74159e-04,0,0.7638,0.9331
3.950,47.50,20.0,1.54639e+05,6.00019e-09,6.59009e-06,9.10486e-04,0,0.7638,0.9331
3.950,50.00,20.0,1.80364e+05,6.00019e-09,5.65018e-06,1.06195e-03,0,0.7638,0.9331
3.950,52.50,20.0,2.08794e+05,6.00019e-09,4.88084e-06,1.22934e-03,0,0.7638,0.9331
3.950,55.00,20.0,2.40064e+05,6.00019e-09,4.24506e-06,1.41345e-03,0,0.7638,0.9331
3.950,57.50,20.0,2.74311e+05,6.00019e-09,3.71508e-06,1.61509e-03,0,0.7638,0.9331
3.950,60.00,20.0,3.11669e+05,6.00019e-09,3.26978e-06,1.83504e-03,0,0.7638,0.9331
3.950,62.50,20.0,3.52273e+05,6.00019e-09,2.89289e-06,2.07411e-03,0,0.7638,0.9331
3.950,65.00,20.0,3.96259e+05,6.00019e-09,2.57177e-06,2.33310e-03,0,0.7638,0.9331
3.950,67.50,20.0,4.43763e+05,6.00019e-09,2.29647e-06,2.61279e-03,0,0.7638,0.9331
3.950,70.00,20.0,4.94918e+05,6.00019e-09,2.05910e-06,2.91398e-03,0,0.7638,0.9331
3.950,72.50,20.0,5.49862e+05,6.00019e-09,1.85335e-06,3.23748e-03,0,0.7638,0.9331
3.950,75.00,20.0,6.08728e+05,6.00019e-09,1.67413e-06,3.58407e-03,0,0.7638,0.9331
3.950,77.50,20.0,6.71652e+05,6.00019e-09,1.51728e-06,3.95456e-03,0,0.7638,0.9331
3.950,80.00,20.0,7.38770e+05,6.00019e-09,1.37944e-06,4.34973e-03,0,0.7638,0.9331
4.000,5.00,20.0,1.76993e+02,5.81443e-09,5.75780e-03,1.00984e-06,0,0.7638,0.9449
4.000,7.50,20.0,5.97350e+02,5.81443e-09,1.70601e-03,3.40820e-06,0,0.7638,0.9449
4.000,10.00,20.0,1.41594e+03,5.81443e-09,7.19725e-04,8.07869e-06,0,0.7638,0.9449
4.000,12.50,20.0,2.76551e+03,5.81443e-09,3.68499e-04,1.57787e-05,0,0.7638,0.9449
4.000,15.00,20.0,4.77880e+03,5.81443e-09,2.13252e-04,2.72656e-05,0,0.7638,0.9449
4.000,17.50,20.0,7.58856e+03,5.81443e-09,1.34293e-04,4.32967e-05,0,0.7638,0.9449
4.000,20.00,20.0,1.13275e+04,5.81443e-09,8.99656e-05,6.46295e-05,0,0.7638,0.9449
4.000,22.50,20.0,1.61285e+04,5.81443e-09,6.31857e-05,9.20214e-05,0,0.7638,0.9449
4.000,25.00,20.0,2.21241e+04,5.81443e-09,4.60624e-05,1.26230e-04,0,0.7638,0.9449
4.000,27.50,20.0,2.94471e+04,5.81443e-09,3.46073e-05,1.68012e-04,0,0.7638,0.9449
4.000,30.00,20.0,3.82304e+04,5.81443e-09,2.66565e-05,2.18125e-04,0,0.7638,0.9449
4.000,32.50,20.0,4.86066e+04,5.81443e-09,2.09660e-05,2.77326e-04,0,0.7638,0.9449
4.000,35.00,20.0,6.07085e+04,5.81443e-09,1.67866e-05,3.46374e-04,0,0.7638,0.9449
4.000,37.50,20.0,7.46688e+04,5.81443e-09,1.36481e-05,4.26025e-04,0,0.7638,0.9449
4.000,40.00,20.0,9.06202e+04,5.81443e-09,1.12457e-05,5.17036e-04,0,0.7638,0.9449
4.000,42.50,20.0,1.08696e+05,5.81443e-09,9.37561e-06,6.20166e-04,0,0.7638,0.9449
4.000,45.00,20.0,1.29028e+05,5.81443e-09,7.89821e-06,7.36171e-04,0,0.7638,0.9449
4.000,47.50,20.0,1.51749e+05,5.81443e-09,6.71561e-06,8.65809e-04,0,0.7638,0.9449
4.000,50.00,20.0,1.76993e+05,5.81443e-09,5.75780e-06,1.00984e-03,0,0.7638,0.9449
4.000,52.50,20.0,2.04891e+05,5.81443e-09,4.97380e-06,1.16901e-03,0,0.7638,0.9449
4.000,55.00,20.0,2.35577e+05,5.81443e-09,4.32592e-06,1.34409e-03,0,0.7638,0.9449
4.000,57.50,20.0,2.69184e+05,5.81443e-09,3.78585e-06,1.53584e-03,0,0.7638,0.9449
4.000,60.00,20.0,3.05843e+05,5.81443e-09,3.33206e-06,1.74500e-03,0,0.7638,0.9449
4.000,62.50,20.0,3.45689e+05,5.81443e-09,2.94799e-06,1.97234e-03,0,0.7638,0.9449
4.000,65.00,20.0,3.88853e+05,5.81443e-09,2.62075e-06,2.21861e-03,0,0.7638,0.9449
4.000,67.50,20.0,4.35468e+05,5.81443e-09,2.34021e-06,2.48458e-03,0,0.7638,0.9449
4.000,70.00,20.0,4.85668e+05,5.81443e-09,2.09832e-06,2.77099e-03,0,0.7638,0.9449
4.000,72.50,20.0,5.39584e+05,5.81443e-09,1.88865e-06,3.07861e-03,0,0.7638,0.9449
4.000,75.00,20.0,5.97350e+05,5.81443e-09,1.70601e-06,3.40820e-03,0,0.7638,0.9449
4.000,77.50,20.0,6.59098e+05,5.81443e-09,1.54618e-06,3.76051e-03,0,0.7638,0.9449
4.000,80.00,20.0,7.24962e+05,5.81443e-09,1.40571e-06,4.13629e-03,0,0.7638,0.9449
0.050,5.00,100.0,2.72272e+04,3.32838e-04,4.02338e-05,8.27258e+00,1,0.7638,0.0118
0.050,7.50,100.0,9.18916e+04,3.32838e-04,1.19211e-05,2.79200e+01,1,0.7638,0.0118
0.050,10.00,100.0,2.17817e+05,3.32838e-04,5.02923e-06,6.61806e+01,1,0.7638,0.0118
0.050,12.50,100.0,4.25424e+05,3.32838e-04,2.57497e-06,1.29259e+02,1,0.7638,0.0118
0.050,15.00,100.0,7.35133e+05,3.32838e-04,1.49014e-06,2.23360e+02,1,0.7638,0.0118
0.050,17.50,100.0,1.16736e+06,3.32838e-04,9.38398e-07,3.54687e+02,1,0.7638,0.0118
0.050,20.00,100.0,1.74254e+06,3.32838e-04,6.28654e-07,5.29445e+02,1,0.7638,0.0118
0.050,22.50,100.0,2.48107e+06,3.32838e-04,4.41524e-07,7.53839e+02,1,0.7638,0.0118
0.050,25.00,100.0,3.40339e+06,3.32838e-04,3.21871e-07,1.03407e+03,1,0.7638,0.0118
0.050,27.50,100.0,4.52992e+06,3.32838e-04,2.41826e-07,1.37635e+03,1,0.7638,0.0118
0.050,30.00,100.0,5.88106e+06,3.32838e-04,1.86268e-07,1.78688e+03,1,0.7638,0.0118
0.050,32.50,100.0,7.47726e+06,3.32838e-04,1.46505e-07,2.27186e+03,1,0.7638,0.0118
0.050,35.00,100.0,9.33891e+06,3.32838e-04,1.17300e-07,2.83750e+03,1,0.7638,0.0118
0.050,37.50,100.0,1.14865e+07,3.32838e-04,9.53691e-08,3.49000e+03,1,0.7638,0.0118
0.050,40.00,100.0,1.39403e+07,3.32838e-04,7.85817e-08,4.23556e+03,1,0.7638,0.0118
0.050,42.50,100.0,1.67209e+07,3.32838e-04,6.55141e-08,5.08040e+03,1,0.7638,0.0118
0.050,45.00,100.0,1.98486e+07,3.32838e-04,5.51904e-08,6.03071e+03,1,0.7638,0.0118
0.050,47.50,100.0,2.33439e+07,3.32838e-04,4.69268e-08,7.09270e+03,1,0.7638,0.0118
0.050,50.00,100.0,2.72272e+07,3.32838e-04,4.02338e-08,8.27258e+03,1,0.7638,0.0118
0.050,52.50,100.0,3.15188e+07,3.32838e-04,3.47555e-08,9.57655e+03,1,0.7638,0.0118
0.050,55.00,100.0,3.62393e+07,3.32838e-04,3.02283e-08,1.10108e+04,1,0.7638,0.0118
0.050,57.50,100.0,4.14091e+07,3.32838e-04,2.64544e-08,1.25816e+04,1,0.7638,0.0118
0.050,60.00,100.0,4.70485e+07,3.32838e-04,2.32835e-08,1.42950e+04,1,0.7638,0.0118
0.050,62.50,100.0,5.31780e+07,3.32838e-04,2.05997e-08,1.61574e+04,1,0.7638,0.0118
0.050,65.00,100.0,5.98181e+07,3.32838e-04,1.83131e-08,1.81749e+04,1,0.7638,0.0118
0.050,67.50,100.0,6.69890e+07,3.32838e-04,1.63527e-08,2.03537e+04,1,0.7638,0.0118
0.050,70.00,100.0,7.47113e+07,3.32838e-04,1.46625e-08,2.27000e+04,1,0.7638,0.0118
0.050,72.50,100.0,8.30054e+07,3.32838e-04,1.31974e-08,2.52200e+04,1,0.7638,0.0118
0.050,75.00,100.0,9.18916e+07,3.32838e-04,1.19211e-08,2.79200e+04,1,0.7638,0.0118
0.050,77.50,100.0,1.01391e+08,3.32838e-04,1.08043e-08,3.08061e+04,1,0.7638,0.0118
0.050,80.00,100.0,1.11522e+08,3.32838e-04,9.82271e-09,3.38845e+04,1,0.7638,0.0118
0.100,5.00,100.0,9.62625e+03,5.88379e-05,1.13798e-04,5.17036e-01,0,0.7638,0.0236
0.100,7.50,100.0,3.24886e+04,5.88379e-05,3.37181e-05,1.74500e+00,1,0.7638,0.0236
0.100,10.00,100.0,7.70100e+04,5.88379e-05,1.42248e-05,4.13629e+00,1,0.7638,0.0236
0.100,12.50,100.0,1.50410e+05,5.88379e-05,7.28310e-06,8.07869e+00,1,0.7638,0.0236
0.100,15.00,100.0,2.59909e+05,5.88379e-05,4.21476e-06,1.39600e+01,1,0.7638,0.0236
0.100,17.50,100.0,4.12726e+05,5.88379e-05,2.65419e-06,2.21679e+01,1,0.7638,0.0236
0.100,20.00,100.0,6.16080e+05,5.88379e-05,1.77810e-06,3.30903e+01,1,0.7638,0.0236
0.100,22.50,100.0,8.77192e+05,5.88379e-05,1.24882e-06,4.71149e+01,1,0.7638,0.0236
0.100,25.00,100.0,1.20328e+06,5.88379e-05,9.10388e-07,6.46295e+01,1,0.7638,0.0236
0.100,27.50,100.0,1.60157e+06,5.88379e-05,6.83988e-07,8.60219e+01,1,0.7638,0.0236
0.100,30.00,100.0,2.07927e+06,5.88379e-05,5.26845e-07,1.11680e+02,1,0.7638,0.0236
0.100,32.50,100.0,2.64361e+06,5.88379e-05,4.14378e-07,1.41991e+02,1,0.7638,0.0236
0.100,35.00,100.0,3.30180e+06,5.88379e-05,3.31774e-07,1.77343e+02,1,0.7638,0.0236
0.100,37.50,100.0,4.06108e+06,5.88379e-05,2.69745e-07,2.18125e+02,1,0.7638,0.0236
0.100,40.00,100.0,4.92864e+06,5.88379e-05,2.22263e-07,2.64723e+02,1,0.7638,0.0236
0.100,42.50,100.0,5.91172e+06,5.88379e-05,1.85302e-07,3.17525e+02,1,0.7638,0.0236
0.100,45.00,100.0,7.01754e+06,5.88379e-05,1.56102e-07,3.76919e+02,1,0.7638,0.0236
0.100,47.50,100.0,8.25331e+06,5.88379e-05,1.32729e-07,4.43294e+02,1,0.7638,0.0236
0.100,50.00,100.0,9.62625e+06,5.88379e-05,1.13798e-07,5.17036e+02,1,0.7638,0.0236
0.100,52.50,100.0,1.11436e+07,5.88379e-05,9.83034e-08,5.98534e+02,1,0.7638,0.0236
0.100,55.00,100.0,1.28125e+07,5.88379e-05,8.54985e-08,6.88175e+02,1,0.7638,0.0236
0.100,57.50,100.0,1.46403e+07,5.88379e-05,7.48243e-08,7.86348e+02,1,0.7638,0.0236
0.100,60.00,100.0,1.66342e+07,5.88379e-05,6.58556e-08,8.93439e+02,1,0.7638,0.0236
0.100,62.50,100.0,1.88013e+07,5.88379e-05,5.82648e-08,1.00984e+03,1,0.7638,0.0236
0.100,65.00,100.0,2.11489e+07,5.88379e-05,5.17972e-08,1.13593e+03,1,0.7638,0.0236
0.100,67.50,100.0,2.36842e+07,5.88379e-05,4.62525e-08,1.27210e+03,1,0.7638,0.0236
0.100,70.00,100.0,2.64144e+07,5.88379e-05,4.14717e-08,1.41875e+03,1,0.7638,0.0236
0.100,72.50,100.0,2.93468e+07,5.88379e-05,3.73278e-08,1.57625e+03,1,0.7638,0.0236
0.100,75.00,100.0,3.24886e+07,5.88379e-05,3.37181e-08,1.74500e+03,1,0.7638,0.0236
0.100,77.50,100.0,3.58470e+07,5.88379e-05,3.05592e-08,1.92538e+03,1,0.7638,0.0236
0.100,80.00,100.0,3.94291e+07,5.88379e-05,2.77828e-08,2.11778e+03,1,0.7638,0.0236
0.150,5.00,100.0,5.23987e+03,2.13515e-05,2.09061e-04,1.02131e-01,0,0.7638,0.0354
0.150,7.50,100.0,1.76846e+04,2.13515e-05,6.19440e-05,3.44691e-01,0,0.7638,0.0354
0.150,10.00,100.0,4.19189e+04,2.13515e-05,2.61326e-05,8.17045e-01,0,0.7638,0.0354
0.150,12.50,100.0,8.18729e+04,2.13515e-05,1.33799e-05,1.59579e+00,1,0.7638,0.0354
0.150,15.00,100.0,1.41476e+05,2.13515e-05,7.74300e-06,2.75753e+00,1,0.7638,0.0354
0.150,17.50,100.0,2.24659e+05,2.13515e-05,4.87606e-06,4.37885e+00,1,0.7638,0.0354
0.150,20.00,100.0,3.35352e+05,2.13515e-05,3.26658e-06,6.53636e+00,1,0.7638,0.0354
0.150,22.50,100.0,4.77483e+05,2.13515e-05,2.29422e-06,9.30665e+00,1,0.7638,0.0354
0.150,25.00,100.0,6.54983e+05,2.13515e-05,1.67249e-06,1.27663e+01,1,0.7638,0.0354
0.150,27.50,100.0,8.71783e+05,2.13515e-05,1.25657e-06,1.69920e+01,1,0.7638,0.0354
0.150,30.00,100.0,1.13181e+06,2.13515e-05,9.67876e-07,2.20602e+01,1,0.7638,0.0354
0.150,32.50,100.0,1.43900e+06,2.13515e-05,7.61260e-07,2.80476e+01,1,0.7638,0.0354
0.150,35.00,100.0,1.79727e+06,2.13515e-05,6.09508e-07,3.50308e+01,1,0.7638,0.0354
0.150,37.50,100.0,2.21057e+06,2.13515e-05,4.95552e-07,4.30864e+01,1,0.7638,0.0354
0.150,40.00,100.0,2.68281e+06,2.13515e-05,4.08323e-07,5.22909e+01,1,0.7638,0.0354
0.150,42.50,100.0,3.21793e+06,2.13515e-05,3.40421e-07,6.27210e+01,1,0.7638,0.0354
0.150,45.00,100.0,3.81986e+06,2.13515e-05,2.86778e-07,7.44532e+01,1,0.7638,0.0354
0.150,47.50,100.0,4.49253e+06,2.13515e-05,2.43839e-07,8.75642e+01,1,0.7638,0.0354
0.150,50.00,100.0,5.23987e+06,2.13515e-05,2.09061e-07,1.02131e+02,1,0.7638,0.0354
0.150,52.50,100.0,6.06580e+06,2.13515e-05,1.80595e-07,1.18229e+02,1,0.7638,0.0354
0.150,55.00,100.0,6.97426e+06,2.13515e-05,1.57071e-07,1.35936e+02,1,0.7638,0.0354
0.150,57.50,100.0,7.96918e+06,2.13515e-05,1.37461e-07,1.55328e+02,1,0.7638,0.0354
0.150,60.00,100.0,9.05449e+06,2.13515e-05,1.20984e-07,1.76482e+02,1,0.7638,0.0354
0.150,62.50,100.0,1.02341e+07,2.13515e-05,1.07039e-07,1.99474e+02,1,0.7638,0.0354
0.150,65.00,100.0,1.15120e+07,2.13515e-05,9.51575e-08,2.24381e+02,1,0.7638,0.0354
0.150,67.50,100.0,1.28920e+07,2.13515e-05,8.49712e-08,2.51280e+02,1,0.7638,0.0354
0.150,70.00,100.0,1.43782e+07,2.13515e-05,7.61885e-08,2.80246e+02,1,0.7638,0.0354
0.150,72.50,100.0,1.59744e+07,2.13515e-05,6.85755e-08,3.11358e+02,1,0.7638,0.0354
0.150,75.00,100.0,1.76846e+07,2.13515e-05,6.19440e-08,3.44691e+02,1,0.7638,0.0354
0.150,77.50,100.0,1.95126e+07,2.13515e-05,5.61407e-08,3.80322e+02,1,0.7638,0.0354
0.150,80.00,100.0,2.14625e+07,2.13515e-05,5.10403e-08,4.18327e+02,1,0.7638,0.0354
0.200,5.00,100.0,3.40339e+03,1.04012e-05,3.21871e-04,3.23148e-02,0,0.7638,0.0472
0.200,7.50,100.0,1.14865e+04,1.04012e-05,9.53691e-05,1.09062e-01,0,0.7638,0.0472
0.200,10.00,100.0,2.72272e+04,1.04012e-05,4.02338e-05,2.58518e-01,0,0.7638,0.0472
0.200,12.50,100.0,5.31780e+04,1.04012e-05,2.05997e-05,5.04918e-01,0,0.7638,0.0472
0.200,15.00,100.0,9.18916e+04,1.04012e-05,1.19211e-05,8.72499e-01,0,0.7638,0.0472
0.200,17.50,100.0,1.45921e+05,1.04012e-05,7.50719e-06,1.38550e+00,1,0.7638,0.0472
0.200,20.00,100.0,2.17817e+05,1.04012e-05,5.02923e-06,2.06815e+00,1,0.7638,0.0472
0.200,22.50,100.0,3.10134e+05,1.04012e-05,3.53219e-06,2.94468e+00,1,0.7638,0.0472
0.200,25.00,100.0,4.25424e+05,1.04012e-05,2.57497e-06,4.03935e+00,1,0.7638,0.0472
0.200,27.50,100.0,5.66240e+05,1.04012e-05,1.93461e-06,5.37637e+00,1,0.7638,0.0472
0.200,30.00,100.0,7.35133e+05,1.04012e-05,1.49014e-06,6.97999e+00,1,0.7638,0.0472
0.200,32.50,100.0,9.34657e+05,1.04012e-05,1.17204e-06,8.87444e+00,1,0.7638,0.0472
0.200,35.00,100.0,1.16736e+06,1.04012e-05,9.38398e-07,1.10840e+01,1,0.7638,0.0472
0.200,37.50,100.0,1.43581e+06,1.04012e-05,7.62953e-07,1.36328e+01,1,0.7638,0.0472
0.200,40.00,100.0,1.74254e+06,1.04012e-05,6.28654e-07,1.65452e+01,1,0.7638,0.0472
0.200,42.50,100.0,2.09011e+06,1.04012e-05,5.24113e-07,1.98453e+01,1,0.7638,0.0472
0.200,45.00,100.0,2.48107e+06,1.04012e-05,4.41524e-07,2.35575e+01,1,0.7638,0.0472
0.200,47.50,100.0,2.91798e+06,1.04012e-05,3.75414e-07,2.77059e+01,1,0.7638,0.0472
0.200,50.00,100.0,3.40339e+06,1.04012e-05,3.21871e-07,3.23148e+01,1,0.7638,0.0472
0.200,52.50,100.0,3.93985e+06,1.04012e-05,2.78044e-07,3.74084e+01,1,0.7638,0.0472
0.200,55.00,100.0,4.52992e+06,1.04012e-05,2.41826e-07,4.30110e+01,1,0.7638,0.0472
0.200,57.50,100.0,5.17614e+06,1.04012e-05,2.11635e-07,4.91467e+01,1,0.7638,0.0472
0.200,60.00,100.0,5.88106e+06,1.04012e-05,1.86268e-07,5.58399e+01,1,0.7638,0.0472
0.200,62.50,100.0,6.64725e+06,1.04012e-05,1.64798e-07,6.31148e+01,1,0.7638,0.0472
0.200,65.00,100.0,7.47726e+06,1.04012e-05,1.46505e-07,7.09955e+01,1,0.7638,0.0472
0.200,67.50,100.0,8.37363e+06,1.04012e-05,1.30822e-07,7.95065e+01,1,0.7638,0.0472
0.200,70.00,100.0,9.33891e+06,1.04012e-05,1.17300e-07,8.86717e+01,1,0.7638,0.0472
0.200,72.50,100.0,1.03757e+07,1.04012e-05,1.05579e-07,9.85156e+01,1,0.7638,0.0472
0.200,75.00,100.0,1.14865e+07,1.04012e-05,9.53691e-08,1.09062e+02,1,0.7638,0.0472
0.200,77.50,100.0,1.26738e+07,1.04012e-05,8.64343e-08,1.20336e+02,1,0.7638,0.0472
0.200,80.00,100.0,1.39403e+07,1.04012e-05,7.85817e-08,1.32361e+02,1,0.7638,0.0472
0.250,5.00,100.0,2.43527e+03,5.95398e-06,4.49828e-04,1.32361e-02,0,0.7638,0.0591
0.250,7.50,100.0,8.21904e+03,5.95398e-06,1.33282e-04,4.46719e-02,0,0.7638,0.0591
0.250,10.00,100.0,1.94822e+04,5.95398e-06,5.62285e-05,1.05889e-01,0,0.7638,0.0591
0.250,12.50,100.0,3.80511e+04,5.95398e-06,2.87890e-05,2.06815e-01,0,0.7638,0.0591
0.250,15.00,100.0,6.57523e+04,5.95398e-06,1.66603e-05,3.57375e-01,0,0.7638,0.0591
0.250,17.50,100.0,1.04412e+05,5.95398e-06,1.04916e-05,5.67499e-01,0,0.7638,0.0591
0.250,20.00,100.0,1.55857e+05,5.95398e-06,7.02856e-06,8.47112e-01,0,0.7638,0.0591
0.250,22.50,100.0,2.21914e+05,5.95398e-06,4.93638e-06,1.20614e+00,1,0.7638,0.0591
0.250,25.00,100.0,3.04409e+05,5.95398e-06,3.59862e-06,1.65452e+00,1,0.7638,0.0591
0.250,27.50,100.0,4.05168e+05,5.95398e-06,2.70370e-06,2.20216e+00,1,0.7638,0.0591
0.250,30.00,100.0,5.26018e+05,5.95398e-06,2.08254e-06,2.85900e+00,1,0.7638,0.0591
0.250,32.50,100.0,6.68786e+05,5.95398e-06,1.63797e-06,3.63497e+00,1,0.7638,0.0591
0.250,35.00,100.0,8.35298e+05,5.95398e-06,1.31145e-06,4.53999e+00,1,0.7638,0.0591
0.250,37.50,100.0,1.02738e+06,5.95398e-06,1.06626e-06,5.58399e+00,1,0.7638,0.0591
0.250,40.00,100.0,1.24686e+06,5.95398e-06,8.78570e-07,6.77690e+00,1,0.7638,0.0591
0.250,42.50,100.0,1.49556e+06,5.95398e-06,7.32470e-07,8.12864e+00,1,0.7638,0.0591
0.250,45.00,100.0,1.77531e+06,5.95398e-06,6.17048e-07,9.64914e+00,1,0.7638,0.0591
0.250,47.50,100.0,2.08794e+06,5.95398e-06,5.24657e-07,1.13483e+01,1,0.7638,0.0591
0.250,50.00,100.0,2.43527e+06,5.95398e-06,4.49828e-07,1.32361e+01,1,0.7638,0.0591
0.250,52.50,100.0,2.81913e+06,5.95398e-06,3.88578e-07,1.53225e+01,1,0.7638,0.0591
0.250,55.00,100.0,3.24135e+06,5.95398e-06,3.37962e-07,1.76173e+01,1,0.7638,0.0591
0.250,57.50,100.0,3.70374e+06,5.95398e-06,2.95769e-07,2.01305e+01,1,0.7638,0.0591
0.250,60.00,100.0,4.20815e+06,5.95398e-06,2.60317e-07,2.28720e+01,1,0.7638,0.0591
0.250,62.50,100.0,4.75639e+06,5.95398e-06,2.30312e-07,2.58518e+01,1,0.7638,0.0591
0.250,65.00,100.0,5.35029e+06,5.95398e-06,2.04746e-07,2.90798e+01,1,0.7638,0.0591
0.250,67.50,100.0,5.99168e+06,5.95398e-06,1.82829e-07,3.25658e+01,1,0.7638,0.0591
0.250,70.00,100.0,6.68238e+06,5.95398e-06,1.63931e-07,3.63199e+01,1,0.7638,0.0591
0.250,72.50,100.0,7.42423e+06,5.95398e-06,1.47551e-07,4.03520e+01,1,0.7638,0.0591
0.250,75.00,100.0,8.21904e+06,5.95398e-06,1.33282e-07,4.46719e+01,1,0.7638,0.0591
0.250,77.50,100.0,9.06864e+06,5.95398e-06,1.20796e-07,4.92897e+01,1,0.7638,0.0591
0.250,80.00,100.0,9.97487e+06,5.95398e-06,1.09821e-07,5.42152e+01,1,0.7638,0.0591
0.300,5.00,100.0,1.85257e+03,3.77446e-06,5.91314e-04,6.38316e-03,0,0.7638,0.0709
0.300,7.50,100.0,6.25243e+03,3.77446e-06,1.75204e-04,2.15432e-02,0,0.7638,0.0709
0.300,10.00,100.0,1.48206e+04,3.77446e-06,7.39143e-05,5.10653e-02,0,0.7638,0.0709
0.300,12.50,100.0,2.89465e+04,3.77446e-06,3.78441e-05,9.97369e-02,0,0.7638,0.0709
0.300,15.00,100.0,5.00195e+04,3.77446e-06,2.19005e-05,1.72345e-01,0,0.7638,0.0709
0.300,17.50,100.0,7.94291e+04,3.77446e-06,1.37916e-05,2.73678e-01,0,0.7638,0.0709
0.300,20.00,100.0,1.18565e+05,3.77446e-06,9.23928e-06,4.08523e-01,0,0.7638,0.0709
0.300,22.50,100.0,1.68816e+05,3.77446e-06,6.48904e-06,5.81666e-01,0,0.7638,0.0709
0.300,25.00,100.0,2.31572e+05,3.77446e-06,4.73051e-06,7.97896e-01,0,0.7638,0.0709
0.300,27.50,100.0,3.08222e+05,3.77446e-06,3.55410e-06,1.06200e+00,1,0.7638,0.0709
0.300,30.00,100.0,4.00156e+05,3.77446e-06,2.73757e-06,1.37876e+00,1,0.7638,0.0709
0.300,32.50,100.0,5.08763e+05,3.77446e-06,2.15317e-06,1.75298e+00,1,0.7638,0.0709
0.300,35.00,100.0,6.35433e+05,3.77446e-06,1.72395e-06,2.18943e+00,1,0.7638,0.0709
0.300,37.50,100.0,7.81554e+05,3.77446e-06,1.40163e-06,2.69290e+00,1,0.7638,0.0709
0.300,40.00,100.0,9.48517e+05,3.77446e-06,1.15491e-06,3.26818e+00,1,0.7638,0.0709
0.300,42.50,100.0,1.13771e+06,3.77446e-06,9.62856e-07,3.92006e+00,1,0.7638,0.0709
0.300,45.00,100.0,1.35053e+06,3.77446e-06,8.11131e-07,4.65333e+00,1,0.7638,0.0709
0.300,47.50,100.0,1.58835e+06,3.77446e-06,6.89680e-07,5.47277e+00,1,0.7638,0.0709
0.300,50.00,100.0,1.85257e+06,3.77446e-06,5.91314e-07,6.38316e+00,1,0.7638,0.0709
0.300,52.50,100.0,2.14458e+06,3.77446e-06,5.10799e-07,7.38931e+00,1,0.7638,0.0709
0.300,55.00,100.0,2.46577e+06,3.77446e-06,4.44263e-07,8.49599e+00,1,0.7638,0.0709
0.300,57.50,100.0,2.81753e+06,3.77446e-06,3.88799e-07,9.70800e+00,1,0.7638,0.0709
0.300,60.00,100.0,3.20125e+06,3.77446e-06,3.42196e-07,1.10301e+01,1,0.7638,0.0709
0.300,62.50,100.0,3.61831e+06,3.77446e-06,3.02753e-07,1.24671e+01,1,0.7638,0.0709
0.300,65.00,100.0,4.07010e+06,3.77446e-06,2.69146e-07,1.40238e+01,1,0.7638,0.0709
0.300,67.50,100.0,4.55802e+06,3.77446e-06,2.40335e-07,1.57050e+01,1,0.7638,0.0709
0.300,70.00,100.0,5.08346e+06,3.77446e-06,2.15493e-07,1.75154e+01,1,0.7638,0.0709
0.300,72.50,100.0,5.64780e+06,3.77446e-06,1.93961e-07,1.94599e+01,1,0.7638,0.0709
0.300,75.00,100.0,6.25243e+06,3.77446e-06,1.75204e-07,2.15432e+01,1,0.7638,0.0709
0.300,77.50,100.0,6.89875e+06,3.77446e-06,1.58790e-07,2.37701e+01,1,0.7638,0.0709
0.300,80.00,100.0,7.58814e+06,3.77446e-06,1.44364e-07,2.61454e+01,1,0.7638,0.0709
0.350,5.00,100.0,1.47013e+03,2.56736e-06,7.45141e-04,3.44547e-03,0,0.7638,0.0827
0.350,7.50,100.0,4.96168e+03,2.56736e-06,2.20783e-04,1.16285e-02,0,0.7638,0.0827
0.350,10.00,100.0,1.17610e+04,2.56736e-06,9.31426e-05,2.75638e-02,0,0.7638,0.0827
0.350,12.50,100.0,2.29708e+04,2.56736e-06,4.76890e-05,5.38355e-02,0,0.7638,0.0827
0.350,15.00,100.0,3.96935e+04,2.56736e-06,2.75978e-05,9.30278e-02,0,0.7638,0.0827
0.350,17.50,100.0,6.30317e+04,2.56736e-06,1.73794e-05,1.47725e-01,0,0.7638,0.0827
0.350,20.00,100.0,9.40882e+04,2.56736e-06,1.16428e-05,2.20510e-01,0,0.7638,0.0827
0.350,22.50,100.0,1.33965e+05,2.56736e-06,8.17713e-06,3.13969e-01,0,0.7638,0.0827
0.350,25.00,100.0,1.83766e+05,2.56736e-06,5.96113e-06,4.30684e-01,0,0.7638,0.0827
0.350,27.50,100.0,2.44593e+05,2.56736e-06,4.47868e-06,5.73241e-01,0,0.7638,0.0827
0.350,30.00,100.0,3.17548e+05,2.56736e-06,3.44973e-06,7.44222e-01,0,0.7638,0.0827
0.350,32.50,100.0,4.03734e+05,2.56736e-06,2.71330e-06,9.46213e-01,0,0.7638,0.0827
0.350,35.00,100.0,5.04254e+05,2.56736e-06,2.17242e-06,1.18180e+00,1,0.7638,0.0827
0.350,37.50,100.0,6.20210e+05,2.56736e-06,1.76626e-06,1.45356e+00,1,0.7638,0.0827
0.350,40.00,100.0,7.52706e+05,2.56736e-06,1.45535e-06,1.76408e+00,1,0.7638,0.0827
0.350,42.50,100.0,9.02842e+05,2.56736e-06,1.21334e-06,2.11595e+00,1,0.7638,0.0827
0.350,45.00,100.0,1.07172e+06,2.56736e-06,1.02214e-06,2.51175e+00,1,0.7638,0.0827
0.350,47.50,100.0,1.26045e+06,2.56736e-06,8.69096e-07,2.95406e+00,1,0.7638,0.0827
0.350,50.00,100.0,1.47013e+06,2.56736e-06,7.45141e-07,3.44547e+00,1,0.7638,0.0827
0.350,52.50,100.0,1.70186e+06,2.56736e-06,6.43681e-07,3.98857e+00,1,0.7638,0.0827
0.350,55.00,100.0,1.95674e+06,2.56736e-06,5.59835e-07,4.58592e+00,1,0.7638,0.0827
0.350,57.50,100.0,2.23588e+06,2.56736e-06,4.89942e-07,5.24013e+00,1,0.7638,0.0827
0.350,60.00,100.0,2.54038e+06,2.56736e-06,4.31216e-07,5.95378e+00,1,0.7638,0.0827
0.350,62.50,100.0,2.87134e+06,2.56736e-06,3.81512e-07,6.72944e+00,1,0.7638,0.0827
0.350,65.00,100.0,3.22987e+06,2.56736e-06,3.39163e-07,7.56970e+00,1,0.7638,0.0827
0.350,67.50,100.0,3.61707e+06,2.56736e-06,3.02857e-07,8.47716e+00,1,0.7638,0.0827
0.350,70.00,100.0,4.03403e+06,2.56736e-06,2.71553e-07,9.45438e+00,1,0.7638,0.0827
0.350,72.50,100.0,4.48187e+06,2.56736e-06,2.44419e-07,1.05040e+01,1,0.7638,0.0827
0.350,75.00,100.0,4.96168e+06,2.56736e-06,2.20783e-07,1.16285e+01,1,0.7638,0.0827
0.350,77.50,100.0,5.47457e+06,2.56736e-06,2.00098e-07,1.28305e+01,1,0.7638,0.0827
0.350,80.00,100.0,6.02164e+06,2.56736e-06,1.81919e-07,1.41127e+01,1,0.7638,0.0827
0.400,5.00,100.0,1.20328e+03,1.83869e-06,9.10388e-04,2.01967e-03,0,0.7638,0.0945
0.400,7.50,100.0,4.06108e+03,1.83869e-06,2.69745e-04,6.81640e-03,0,0.7638,0.0945
0.400,10.00,100.0,9.62625e+03,1.83869e-06,1.13798e-04,1.61574e-02,0,0.7638,0.0945
0.400,12.50,100.0,1.88013e+04,1.83869e-06,5.82648e-05,3.15574e-02,0,0.7638,0.0945
0.400,15.00,100.0,3.24886e+04,1.83869e-06,3.37181e-05,5.45312e-02,0,0.7638,0.0945
0.400,17.50,100.0,5.15907e+04,1.83869e-06,2.12335e-05,8.65935e-02,0,0.7638,0.0945
0.400,20.00,100.0,7.70100e+04,1.83869e-06,1.42248e-05,1.29259e-01,0,0.7638,0.0945
0.400,22.50,100.0,1.09649e+05,1.83869e-06,9.99054e-06,1.84043e-01,0,0.7638,0.0945
0.400,25.00,100.0,1.50410e+05,1.83869e-06,7.28310e-06,2.52459e-01,0,0.7638,0.0945
0.400,27.50,100.0,2.00196e+05,1.83869e-06,5.47190e-06,3.36023e-01,0,0.7638,0.0945
0.400,30.00,100.0,2.59909e+05,1.83869e-06,4.21476e-06,4.36249e-01,0,0.7638,0.0945
0.400,32.50,100.0,3.30451e+05,1.83869e-06,3.31502e-06,5.54653e-01,0,0.7638,0.0945
0.400,35.00,100.0,4.12726e+05,1.83869e-06,2.65419e-06,6.92748e-01,0,0.7638,0.0945
0.400,37.50,100.0,5.07634e+05,1.83869e-06,2.15796e-06,8.52050e-01,0,0.7638,0.0945
0.400,40.00,100.0,6.16080e+05,1.83869e-06,1.77810e-06,1.03407e+00,1,0.7638,0.0945
0.400,42.50,100.0,7.38965e+05,1.83869e-06,1.48241e-06,1.24033e+00,1,0.7638,0.0945
0.400,45.00,100.0,8.77192e+05,1.83869e-06,1.24882e-06,1.47234e+00,1,0.7638,0.0945
0.400,47.50,100.0,1.03166e+06,1.83869e-06,1.06183e-06,1.73162e+00,1,0.7638,0.0945
0.400,50.00,100.0,1.20328e+06,1.83869e-06,9.10388e-07,2.01967e+00,1,0.7638,0.0945
0.400,52.50,100.0,1.39295e+06,1.83869e-06,7.86427e-07,2.33802e+00,1,0.7638,0.0945
0.400,55.00,100.0,1.60157e+06,1.83869e-06,6.83988e-07,2.68818e+00,1,0.7638,0.0945
0.400,57.50,100.0,1.83004e+06,1.83869e-06,5.98595e-07,3.07167e+00,1,0.7638,0.0945
0.400,60.00,100.0,2.07927e+06,1.83869e-06,5.26845e-07,3.49000e+00,1,0.7638,0.0945
0.400,62.50,100.0,2.35016e+06,1.83869e-06,4.66119e-07,3.94467e+00,1,0.7638,0.0945
0.400,65.00,100.0,2.64361e+06,1.83869e-06,4.14378e-07,4.43722e+00,1,0.7638,0.0945
0.400,67.50,100.0,2.96052e+06,1.83869e-06,3.70020e-07,4.96915e+00,1,0.7638,0.0945
0.400,70.00,100.0,3.30180e+06,1.83869e-06,3.31774e-07,5.54198e+00,1,0.7638,0.0945
0.400,72.50,100.0,3.66835e+06,1.83869e-06,2.98622e-07,6.15723e+00,1,0.7638,0.0945
0.400,75.00,100.0,4.06108e+06,1.83869e-06,2.69745e-07,6.81640e+00,1,0.7638,0.0945
0.400,77.50,100.0,4.48087e+06,1.83869e-06,2.44473e-07,7.52101e+00,1,0.7638,0.0945
0.400,80.00,100.0,4.92864e+06,1.83869e-06,2.22263e-07,8.27258e+00,1,0.7638,0.0945
0.450,5.00,100.0,1.00841e+03,1.36970e-06,1.08631e-03,1.26087e-03,0,0.7638,0.1063
0.450,7.50,100.0,3.40339e+03,1.36970e-06,3.21871e-04,4.25544e-03,0,0.7638,0.1063
0.450,10.00,100.0,8.06730e+03,1.36970e-06,1.35789e-04,1.00870e-02,0,0.7638,0.1063
0.450,12.50,100.0,1.57565e+04,1.36970e-06,6.95241e-05,1.97011e-02,0,0.7638,0.1063
0.450,15.00,100.0,2.72272e+04,1.36970e-06,4.02338e-05,3.40435e-02,0,0.7638,0.1063
0.450,17.50,100.0,4.32357e+04,1.36970e-06,2.53368e-05,5.40599e-02,0,0.7638,0.1063
0.450,20.00,100.0,6.45384e+04,1.36970e-06,1.69736e-05,8.06958e-02,0,0.7638,0.1063
0.450,22.50,100.0,9.18916e+04,1.36970e-06,1.19211e-05,1.14897e-01,0,0.7638,0.1063
0.450,25.00,100.0,1.26052e+05,1.36970e-06,8.69051e-06,1.57609e-01,0,0.7638,0.1063
0.450,27.50,100.0,1.67775e+05,1.36970e-06,6.52931e-06,2.09778e-01,0,0.7638,0.1063
0.450,30.00,100.0,2.17817e+05,1.36970e-06,5.02923e-06,2.72348e-01,0,0.7638,0.1063
0.450,32.50,100.0,2.76935e+05,1.36970e-06,3.95562e-06,3.46267e-01,0,0.7638,0.1063
0.450,35.00,100.0,3.45886e+05,1.36970e-06,3.16709e-06,4.32479e-01,0,0.7638,0.1063
0.450,37.50,100.0,4.25424e+05,1.36970e-06,2.57497e-06,5.31930e-01,0,0.7638,0.1063
0.450,40.00,100.0,5.16307e+05,1.36970e-06,2.12171e-06,6.45566e-01,0,0.7638,0.1063
0.450,42.50,100.0,6.19292e+05,1.36970e-06,1.76888e-06,7.74333e-01,0,0.7638,0.1063
0.450,45.00,100.0,7.35133e+05,1.36970e-06,1.49014e-06,9.19176e-01,0,0.7638,0.1063
0.450,47.50,100.0,8.64588e+05,1.36970e-06,1.26702e-06,1.08104e+00,1,0.7638,0.1063
0.450,50.00,100.0,1.00841e+06,1.36970e-06,1.08631e-06,1.26087e+00,1,0.7638,0.1063
0.450,52.50,100.0,1.16736e+06,1.36970e-06,9.38398e-07,1.45962e+00,1,0.7638,0.1063
0.450,55.00,100.0,1.34220e+06,1.36970e-06,8.16163e-07,1.67822e+00,1,0.7638,0.1063
0.450,57.50,100.0,1.53367e+06,1.36970e-06,7.14269e-07,1.91763e+00,1,0.7638,0.1063
0.450,60.00,100.0,1.74254e+06,1.36970e-06,6.28654e-07,2.17879e+00,1,0.7638,0.1063
0.450,62.50,100.0,1.96956e+06,1.36970e-06,5.56192e-07,2.46264e+00,1,0.7638,0.1063
0.450,65.00,100.0,2.21548e+06,1.36970e-06,4.94453e-07,2.77014e+00,1,0.7638,0.1063
0.450,67.50,100.0,2.48107e+06,1.36970e-06,4.41524e-07,3.10222e+00,1,0.7638,0.1063
0.450,70.00,100.0,2.76709e+06,1.36970e-06,3.95887e-07,3.45983e+00,1,0.7638,0.1063
0.450,72.50,100.0,3.07427e+06,1.36970e-06,3.56329e-07,3.84393e+00,1,0.7638,0.1063
0.450,75.00,100.0,3.40339e+06,1.36970e-06,3.21871e-07,4.25544e+00,1,0.7638,0.1063
0.450,77.50,100.0,3.75520e+06,1.36970e-06,2.91716e-07,4.69533e+00,1,0.7638,0.1063
0.450,80.00,100.0,4.13046e+06,1.36970e-06,2.65213e-07,5.16453e+00,1,0.7638,0.1063
0.500,5.00,100.0,8.60998e+02,1.05253e-06,1.27231e-03,8.27258e-04,0,0.7638,0.1181
0.500,7.50,100.0,2.90587e+03,1.05253e-06,3.76979e-04,2.79200e-03,0,0.7638,0.1181
0.500,10.00,100.0,6.88799e+03,1.05253e-06,1.59038e-04,6.61806e-03,0,0.7638,0.1181
0.500,12.50,100.0,1.34531e+04,1.05253e-06,8.14276e-05,1.29259e-02,0,0.7638,0.1181
0.500,15.00,100.0,2.32470e+04,1.05253e-06,4.71224e-05,2.23360e-02,0,0.7638,0.1181
0.500,17.50,100.0,3.69153e+04,1.05253e-06,2.96748e-05,3.54687e-02,0,0.7638,0.1181
0.500,20.00,100.0,5.51039e+04,1.05253e-06,1.98798e-05,5.29445e-02,0,0.7638,0.1181
0.500,22.50,100.0,7.84585e+04,1.05253e-06,1.39622e-05,7.53839e-02,0,0.7638,0.1181
0.500,25.00,100.0,1.07625e+05,1.05253e-06,1.01784e-05,1.03407e-01,0,0.7638,0.1181
0.500,27.50,100.0,1.43249e+05,1.05253e-06,7.64722e-06,1.37635e-01,0,0.7638,0.1181
0.500,30.00,100.0,1.85976e+05,1.05253e-06,5.89030e-06,1.78688e-01,0,0.7638,0.1181
0.500,32.50,100.0,2.36452e+05,1.05253e-06,4.63288e-06,2.27186e-01,0,0.7638,0.1181
0.500,35.00,100.0,2.95322e+05,1.05253e-06,3.70935e-06,2.83750e-01,0,0.7638,0.1181
0.500,37.50,100.0,3.63234e+05,1.05253e-06,3.01584e-06,3.49000e-01,0,0.7638,0.1181
0.500,40.00,100.0,4.40831e+05,1.05253e-06,2.48497e-06,4.23556e-01,0,0.7638,0.1181
0.500,42.50,100.0,5.28760e+05,1.05253e-06,2.07174e-06,5.08040e-01,0,0.7638,0.1181
0.500,45.00,100.0,6.27668e+05,1.05253e-06,1.74528e-06,6.03071e-01,0,0.7638,0.1181
0.500,47.50,100.0,7.38198e+05,1.05253e-06,1.48395e-06,7.09270e-01,0,0.7638,0.1181
0.500,50.00,100.0,8.60998e+05,1.05253e-06,1.27231e-06,8.27258e-01,0,0.7638,0.1181
0.500,52.50,100.0,9.96713e+05,1.05253e-06,1.09907e-06,9.57655e-01,0,0.7638,0.1181
0.500,55.00,100.0,1.14599e+06,1.05253e-06,9.55902e-07,1.10108e+00,1,0.7638,0.1181
0.500,57.50,100.0,1.30947e+06,1.05253e-06,8.36562e-07,1.25816e+00,1,0.7638,0.1181
0.500,60.00,100.0,1.48780e+06,1.05253e-06,7.36288e-07,1.42950e+00,1,0.7638,0.1181
0.500,62.50,100.0,1.68164e+06,1.05253e-06,6.51420e-07,1.61574e+00,1,0.7638,0.1181
0.500,65.00,100.0,1.89161e+06,1.05253e-06,5.79110e-07,1.81749e+00,1,0.7638,0.1181
0.500,67.50,100.0,2.11838e+06,1.05253e-06,5.17119e-07,2.03537e+00,1,0.7638,0.1181
0.500,70.00,100.0,2.36258e+06,1.05253e-06,4.63668e-07,2.27000e+00,1,0.7638,0.1181
0.500,72.50,100.0,2.62486e+06,1.05253e-06,4.17337e-07,2.52200e+00,1,0.7638,0.1181
0.500,75.00,100.0,2.90587e+06,1.05253e-06,3.76979e-07,2.79200e+00,1,0.7638,0.1181
0.500,77.50,100.0,3.20625e+06,1.05253e-06,3.41662e-07,3.08061e+00,1,0.7638,0.1181
0.500,80.00,100.0,3.52665e+06,1.05253e-06,3.10621e-07,3.38845e+00,1,0.7638,0.1181
0.550,5.00,100.0,7.46300e+02,8.29375e-07,1.46785e-03,5.65028e-04,0,0.7638,0.1299
0.550,7.50,100.0,2.51876e+03,8.29375e-07,4.34917e-04,1.90697e-03,0,0.7638,0.1299
0.550,10.00,100.0,5.97040e+03,8.29375e-07,1.83481e-04,4.52023e-03,0,0.7638,0.1299
0.550,12.50,100.0,1.16609e+04,8.29375e-07,9.39421e-05,8.82857e-03,0,0.7638,0.1299
0.550,15.00,100.0,2.01501e+04,8.29375e-07,5.43647e-05,1.52558e-02,0,0.7638,0.1299
0.550,17.50,100.0,3.19976e+04,8.29375e-07,3.42355e-05,2.42256e-02,0,0.7638,0.1299
0.550,20.00,100.0,4.77632e+04,8.29375e-07,2.29351e-05,3.61618e-02,0,0.7638,0.1299
0.550,22.50,100.0,6.80065e+04,8.29375e-07,1.61080e-05,5.14882e-02,0,0.7638,0.1299
0.550,25.00,100.0,9.32874e+04,8.29375e-07,1.17428e-05,7.06286e-02,0,0.7638,0.1299
0.550,27.50,100.0,1.24166e+05,8.29375e-07,8.82251e-06,9.40066e-02,0,0.7638,0.1299
0.550,30.00,100.0,1.61201e+05,8.29375e-07,6.79558e-06,1.22046e-01,0,0.7638,0.1299
0.550,32.50,100.0,2.04953e+05,8.29375e-07,5.34491e-06,1.55171e-01,0,0.7638,0.1299
0.550,35.00,100.0,2.55981e+05,8.29375e-07,4.27943e-06,1.93805e-01,0,0.7638,0.1299
0.550,37.50,100.0,3.14845e+05,8.29375e-07,3.47934e-06,2.38371e-01,0,0.7638,0.1299
0.550,40.00,100.0,3.82105e+05,8.29375e-07,2.86689e-06,2.89295e-01,0,0.7638,0.1299
0.550,42.50,100.0,4.58321e+05,8.29375e-07,2.39014e-06,3.46998e-01,0,0.7638,0.1299
0.550,45.00,100.0,5.44052e+05,8.29375e-07,2.01351e-06,4.11906e-01,0,0.7638,0.1299
0.550,47.50,100.0,6.39859e+05,8.29375e-07,1.71202e-06,4.84441e-01,0,0.7638,0.1299
0.550,50.00,100.0,7.46300e+05,8.29375e-07,1.46785e-06,5.65028e-01,0,0.7638,0.1299
0.550,52.50,100.0,8.63935e+05,8.29375e-07,1.26798e-06,6.54091e-01,0,0.7638,0.1299
0.550,55.00,100.0,9.93325e+05,8.29375e-07,1.10281e-06,7.52053e-01,0,0.7638,0.1299
0.550,57.50,100.0,1.13503e+06,8.29375e-07,9.65132e-07,8.59338e-01,0,0.7638,0.1299
0.550,60.00,100.0,1.28961e+06,8.29375e-07,8.49448e-07,9.76369e-01,0,0.7638,0.1299
0.550,62.50,100.0,1.45762e+06,8.29375e-07,7.51537e-07,1.10357e+00,1,0.7638,0.1299
0.550,65.00,100.0,1.63962e+06,8.29375e-07,6.68114e-07,1.24137e+00,1,0.7638,0.1299
0.550,67.50,100.0,1.83618e+06,8.29375e-07,5.96594e-07,1.39018e+00,1,0.7638,0.1299
0.550,70.00,100.0,2.04785e+06,8.29375e-07,5.34929e-07,1.55044e+00,1,0.7638,0.1299
0.550,72.50,100.0,2.27519e+06,8.29375e-07,4.81478e-07,1.72256e+00,1,0.7638,0.1299
0.550,75.00,100.0,2.51876e+06,8.29375e-07,4.34917e-07,1.90697e+00,1,0.7638,0.1299
0.550,77.50,100.0,2.77913e+06,8.29375e-07,3.94172e-07,2.10410e+00,1,0.7638,0.1299
0.550,80.00,100.0,3.05684e+06,8.29375e-07,3.58361e-07,2.31436e+00,1,0.7638,0.1299
0.600,5.00,100.0,6.54983e+02,6.67236e-07,1.67249e-03,3.98948e-04,0,0.7638,0.1417
0.600,7.50,100.0,2.21057e+03,6.67236e-07,4.95552e-04,1.34645e-03,0,0.7638,0.1417
0.600,10.00,100.0,5.23987e+03,6.67236e-07,2.09061e-04,3.19158e-03,0,0.7638,0.1417
0.600,12.50,100.0,1.02341e+04,6.67236e-07,1.07039e-04,6.23356e-03,0,0.7638,0.1417
0.600,15.00,100.0,1.76846e+04,6.67236e-07,6.19440e-05,1.07716e-02,0,0.7638,0.1417
0.600,17.50,100.0,2.80824e+04,6.67236e-07,3.90085e-05,1.71049e-02,0,0.7638,0.1417
0.600,20.00,100.0,4.19189e+04,6.67236e-07,2.61326e-05,2.55327e-02,0,0.7638,0.1417
0.600,22.50,100.0,5.96854e+04,6.67236e-07,1.83538e-05,3.63541e-02,0,0.7638,0.1417
0.600,25.00,100.0,8.18729e+04,6.67236e-07,1.33799e-05,4.98685e-02,0,0.7638,0.1417
0.600,27.50,100.0,1.08973e+05,6.67236e-07,1.00525e-05,6.63749e-02,0,0.7638,0.1417
0.600,30.00,100.0,1.41476e+05,6.67236e-07,7.74300e-06,8.61727e-02,0,0.7638,0.1417
0.600,32.50,100.0,1.79875e+05,6.67236e-07,6.09008e-06,1.09561e-01,0,0.7638,0.1417
0.600,35.00,100.0,2.24659e+05,6.67236e-07,4.87606e-06,1.36839e-01,0,0.7638,0.1417
0.600,37.50,100.0,2.76321e+05,6.67236e-07,3.96442e-06,1.68306e-01,0,0.7638,0.1417
0.600,40.00,100.0,3.35352e+05,6.67236e-07,3.26658e-06,2.04261e-01,0,0.7638,0.1417
0.600,42.50,100.0,4.02242e+05,6.67236e-07,2.72337e-06,2.45004e-01,0,0.7638,0.1417
0.600,45.00,100.0,4.77483e+05,6.67236e-07,2.29422e-06,2.90833e-01,0,0.7638,0.1417
0.600,47.50,100.0,5.61566e+05,6.67236e-07,1.95071e-06,3.42048e-01,0,0.7638,0.1417
0.600,50.00,100.0,6.54983e+05,6.67236e-07,1.67249e-06,3.98948e-01,0,0.7638,0.1417
0.600,52.50,100.0,7.58225e+05,6.67236e-07,1.44476e-06,4.61832e-01,0,0.7638,0.1417
0.600,55.00,100.0,8.71783e+05,6.67236e-07,1.25657e-06,5.30999e-01,0,0.7638,0.1417
0.600,57.50,100.0,9.96148e+05,6.67236e-07,1.09969e-06,6.06750e-01,0,0.7638,0.1417
0.600,60.00,100.0,1.13181e+06,6.67236e-07,9.67876e-07,6.89382e-01,0,0.7638,0.1417
0.600,62.50,100.0,1.27926e+06,6.67236e-07,8.56314e-07,7.79195e-01,0,0.7638,0.1417
0.600,65.00,100.0,1.43900e+06,6.67236e-07,7.61260e-07,8.76488e-01,0,0.7638,0.1417
0.600,67.50,100.0,1.61151e+06,6.67236e-07,6.79770e-07,9.81561e-01,0,0.7638,0.1417
0.600,70.00,100.0,1.79727e+06,6.67236e-07,6.09508e-07,1.09471e+00,1,0.7638,0.1417
0.600,72.50,100.0,1.99680e+06,6.67236e-07,5.48604e-07,1.21624e+00,1,0.7638,0.1417
0.600,75.00,100.0,2.21057e+06,6.67236e-07,4.95552e-07,1.34645e+00,1,0.7638,0.1417
0.600,77.50,100.0,2.43908e+06,6.67236e-07,4.49126e-07,1.48563e+00,1,0.7638,0.1417
0.600,80.00,100.0,2.68281e+06,6.67236e-07,4.08323e-07,1.63409e+00,1,0.7638,0.1417
0.650,5.00,100.0,5.80881e+02,5.46228e-07,1.88585e-03,2.89646e-04,0,0.7638,0.1536
0.650,7.50,100.0,1.96047e+03,5.46228e-07,5.58769e-04,9.77555e-04,0,0.7638,0.1536
0.650,10.00,100.0,4.64705e+03,5.46228e-07,2.35731e-04,2.31717e-03,0,0.7638,0.1536
0.650,12.50,100.0,9.07627e+03,5.46228e-07,1.20694e-04,4.52572e-03,0,0.7638,0.1536
0.650,15.00,100.0,1.56838e+04,5.46228e-07,6.98462e-05,7.82044e-03,0,0.7638,0.1536
0.650,17.50,100.0,2.49053e+04,5.46228e-07,4.39848e-05,1.24186e-02,0,0.7638,0.1536
0.650,20.00,100.0,3.71764e+04,5.46228e-07,2.94664e-05,1.85373e-02,0,0.7638,0.1536
0.650,22.50,100.0,5.29328e+04,5.46228e-07,2.06952e-05,2.63940e-02,0,0.7638,0.1536
0.650,25.00,100.0,7.26101e+04,5.46228e-07,1.50868e-05,3.62058e-02,0,0.7638,0.1536
0.650,27.50,100.0,9.66441e+04,5.46228e-07,1.13349e-05,4.81899e-02,0,0.7638,0.1536
0.650,30.00,100.0,1.25470e+05,5.46228e-07,8.73077e-06,6.25635e-02,0,0.7638,0.1536
0.650,32.50,100.0,1.59524e+05,5.46228e-07,6.86699e-06,7.95440e-02,0,0.7638,0.1536
0.650,35.00,100.0,1.99242e+05,5.46228e-07,5.49810e-06,9.93486e-02,0,0.7638,0.1536
0.650,37.50,100.0,2.45059e+05,5.46228e-07,4.47016e-06,1.22194e-01,0,0.7638,0.1536
0.650,40.00,100.0,2.97411e+05,5.46228e-07,3.68329e-06,1.48299e-01,0,0.7638,0.1536
0.650,42.50,100.0,3.56734e+05,5.46228e-07,3.07079e-06,1.77879e-01,0,0.7638,0.1536
0.650,45.00,100.0,4.23462e+05,5.46228e-07,2.58690e-06,2.11152e-01,0,0.7638,0.1536
0.650,47.50,100.0,4.98033e+05,5.46228e-07,2.19956e-06,2.48335e-01,0,0.7638,0.1536
0.650,50.00,100.0,5.80881e+05,5.46228e-07,1.88585e-06,2.89646e-01,0,0.7638,0.1536
0.650,52.50,100.0,6.72442e+05,5.46228e-07,1.62907e-06,3.35302e-01,0,0.7638,0.1536
0.650,55.00,100.0,7.73153e+05,5.46228e-07,1.41686e-06,3.85519e-01,0,0.7638,0.1536
0.650,57.50,100.0,8.83447e+05,5.46228e-07,1.23997e-06,4.40515e-01,0,0.7638,0.1536
0.650,60.00,100.0,1.00376e+06,5.46228e-07,1.09135e-06,5.00508e-01,0,0.7638,0.1536
0.650,62.50,100.0,1.13453e+06,5.46228e-07,9.65554e-07,5.65715e-01,0,0.7638,0.1536
0.650,65.00,100.0,1.27620e+06,5.46228e-07,8.58374e-07,6.36352e-01,0,0.7638,0.1536
0.650,67.50,100.0,1.42919e+06,5.46228e-07,7.66488e-07,7.12638e-01,0,0.7638,0.1536
0.650,70.00,100.0,1.59394e+06,5.46228e-07,6.87262e-07,7.94789e-01,0,0.7638,0.1536
0.650,72.50,100.0,1.77089e+06,5.46228e-07,6.18589e-07,8.83022e-01,0,0.7638,0.1536
0.650,75.00,100.0,1.96047e+06,5.46228e-07,5.58769e-07,9.77555e-01,0,0.7638,0.1536
0.650,77.50,100.0,2.16313e+06,5.46228e-07,5.06421e-07,1.07861e+00,1,0.7638,0.1536
0.650,80.00,100.0,2.37929e+06,5.46228e-07,4.60412e-07,1.18639e+00,1,0.7638,0.1536
0.700,5.00,100.0,5.19769e+02,4.53850e-07,2.10758e-03,2.15342e-04,0,0.7638,0.1654
0.700,7.50,100.0,1.75422e+03,4.53850e-07,6.24467e-04,7.26779e-04,0,0.7638,0.1654
0.700,10.00,100.0,4.15815e+03,4.53850e-07,2.63447e-04,1.72274e-03,0,0.7638,0.1654
0.700,12.50,100.0,8.12139e+03,4.53850e-07,1.34885e-04,3.36472e-03,0,0.7638,0.1654
0.700,15.00,100.0,1.40338e+04,4.53850e-07,7.80584e-05,5.81424e-03,0,0.7638,0.1654
0.700,17.50,100.0,2.22851e+04,4.53850e-07,4.91563e-05,9.23279e-03,0,0.7638,0.1654
0.700,20.00,100.0,3.32652e+04,4.53850e-07,3.29309e-05,1.37819e-02,0,0.7638,0.1654
0.700,22.50,100.0,4.73639e+04,4.53850e-07,2.31284e-05,1.96230e-02,0,0.7638,0.1654
0.700,25.00,100.0,6.49711e+04,4.53850e-07,1.68606e-05,2.69178e-02,0,0.7638,0.1654
0.700,27.50,100.0,8.64765e+04,4.53850e-07,1.26676e-05,3.58275e-02,0,0.7638,0.1654
0.700,30.00,100.0,1.12270e+05,4.53850e-07,9.75730e-06,4.65139e-02,0,0.7638,0.1654
0.700,32.50,100.0,1.42741e+05,4.53850e-07,7.67438e-06,5.91383e-02,0,0.7638,0.1654
0.700,35.00,100.0,1.78281e+05,4.53850e-07,6.14454e-06,7.38623e-02,0,0.7638,0.1654
0.700,37.50,100.0,2.19277e+05,4.53850e-07,4.99574e-06,9.08474e-02,0,0.7638,0.1654
0.700,40.00,100.0,2.66122e+05,4.53850e-07,4.11636e-06,1.10255e-01,0,0.7638,0.1654
0.700,42.50,100.0,3.19203e+05,4.53850e-07,3.43184e-06,1.32247e-01,0,0.7638,0.1654
0.700,45.00,100.0,3.78911e+05,4.53850e-07,2.89105e-06,1.56984e-01,0,0.7638,0.1654
0.700,47.50,100.0,4.45637e+05,4.53850e-07,2.45817e-06,1.84629e-01,0,0.7638,0.1654
0.700,50.00,100.0,5.19769e+05,4.53850e-07,2.10758e-06,2.15342e-01,0,0.7638,0.1654
0.700,52.50,100.0,6.01697e+05,4.53850e-07,1.82060e-06,2.49285e-01,0,0.7638,0.1654
0.700,55.00,100.0,6.91812e+05,4.53850e-07,1.58345e-06,2.86620e-01,0,0.7638,0.1654
0.700,57.50,100.0,7.90503e+05,4.53850e-07,1.38577e-06,3.27508e-01,0,0.7638,0.1654
0.700,60.00,100.0,8.98160e+05,4.53850e-07,1.21966e-06,3.72111e-01,0,0.7638,0.1654
0.700,62.50,100.0,1.01517e+06,4.53850e-07,1.07908e-06,4.20590e-01,0,0.7638,0.1654
0.700,65.00,100.0,1.14193e+06,4.53850e-07,9.59298e-07,4.73107e-01,0,0.7638,0.1654
0.700,67.50,100.0,1.27883e+06,4.53850e-07,8.56608e-07,5.29822e-01,0,0.7638,0.1654
0.700,70.00,100.0,1.42625e+06,4.53850e-07,7.68067e-07,5.90899e-01,0,0.7638,0.1654
0.700,72.50,100.0,1.58458e+06,4.53850e-07,6.91321e-07,6.56497e-01,0,0.7638,0.1654
0.700,75.00,100.0,1.75422e+06,4.53850e-07,6.24467e-07,7.26779e-01,0,0.7638,0.1654
0.700,77.50,100.0,1.93555e+06,4.53850e-07,5.65963e-07,8.01907e-01,0,0.7638,0.1654
0.700,80.00,100.0,2.12897e+06,4.53850e-07,5.14545e-07,8.82041e-01,0,0.7638,0.1654
0.750,5.00,100.0,4.68668e+02,3.81948e-07,2.33737e-03,1.63409e-04,0,0.7638,0.1772
0.750,7.50,100.0,1.58175e+03,3.81948e-07,6.92555e-04,5.51505e-04,0,0.7638,0.1772
0.750,10.00,100.0,3.74934e+03,3.81948e-07,2.92172e-04,1.30727e-03,0,0.7638,0.1772
0.750,12.50,100.0,7.32294e+03,3.81948e-07,1.49592e-04,2.55327e-03,0,0.7638,0.1772
0.750,15.00,100.0,1.26540e+04,3.81948e-07,8.65694e-05,4.41204e-03,0,0.7638,0.1772
0.750,17.50,100.0,2.00941e+04,3.81948e-07,5.45160e-05,7.00616e-03,0,0.7638,0.1772
0.750,20.00,100.0,2.99948e+04,3.81948e-07,3.65215e-05,1.04582e-02,0,0.7638,0.1772
0.750,22.50,100.0,4.27074e+04,3.81948e-07,2.56502e-05,1.48906e-02,0,0.7638,0.1772
0.750,25.00,100.0,5.85835e+04,3.81948e-07,1.86990e-05,2.04261e-02,0,0.7638,0.1772
0.750,27.50,100.0,7.79746e+04,3.81948e-07,1.40488e-05,2.71872e-02,0,0.7638,0.1772
0.750,30.00,100.0,1.01232e+05,3.81948e-07,1.08212e-05,3.52963e-02,0,0.7638,0.1772
0.750,32.50,100.0,1.28708e+05,3.81948e-07,8.51115e-06,4.48762e-02,0,0.7638,0.1772
0.750,35.00,100.0,1.60753e+05,3.81948e-07,6.81450e-06,5.60493e-02,0,0.7638,0.1772
0.750,37.50,100.0,1.97719e+05,3.81948e-07,5.54044e-06,6.89382e-02,0,0.7638,0.1772
0.750,40.00,100.0,2.39958e+05,3.81948e-07,4.56518e-06,8.36654e-02,0,0.7638,0.1772
0.750,42.50,100.0,2.87821e+05,3.81948e-07,3.80602e-06,1.00354e-01,0,0.7638,0.1772
0.750,45.00,100.0,3.41659e+05,3.81948e-07,3.20627e-06,1.19125e-01,0,0.7638,0.1772
0.750,47.50,100.0,4.01824e+05,3.81948e-07,2.72620e-06,1.40103e-01,0,0.7638,0.1772
0.750,50.00,100.0,4.68668e+05,3.81948e-07,2.33737e-06,1.63409e-01,0,0.7638,0.1772
0.750,52.50,100.0,5.42542e+05,3.81948e-07,2.01911e-06,1.89166e-01,0,0.7638,0.1772
0.750,55.00,100.0,6.23797e+05,3.81948e-07,1.75610e-06,2.17497e-01,0,0.7638,0.1772
0.750,57.50,100.0,7.12785e+05,3.81948e-07,1.53686e-06,2.48525e-01,0,0.7638,0.1772
0.750,60.00,100.0,8.09858e+05,3.81948e-07,1.35265e-06,2.82371e-01,0,0.7638,0.1772
0.750,62.50,100.0,9.15367e+05,3.81948e-07,1.19674e-06,3.19158e-01,0,0.7638,0.1772
0.750,65.00,100.0,1.02966e+06,3.81948e-07,1.06389e-06,3.59010e-01,0,0.7638,0.1772
0.750,67.50,100.0,1.15310e+06,3.81948e-07,9.50007e-07,4.02047e-01,0,0.7638,0.1772
0.750,70.00,100.0,1.28603e+06,3.81948e-07,8.51813e-07,4.48394e-01,0,0.7638,0.1772
0.750,72.50,100.0,1.42879e+06,3.81948e-07,7.66698e-07,4.98173e-01,0,0.7638,0.1772
0.750,75.00,100.0,1.58175e+06,3.81948e-07,6.92555e-07,5.51505e-01,0,0.7638,0.1772
0.750,77.50,100.0,1.74526e+06,3.81948e-07,6.27673e-07,6.08515e-01,0,0.7638,0.1772
0.750,80.00,100.0,1.91966e+06,3.81948e-07,5.70648e-07,6.69323e-01,0,0.7638,0.1772
0.800,5.00,100.0,4.25424e+02,3.25037e-07,2.57497e-03,1.26230e-04,0,0.7638,0.1890
0.800,7.50,100.0,1.43581e+03,3.25037e-07,7.62953e-04,4.26025e-04,0,0.7638,0.1890
0.800,10.00,100.0,3.40339e+03,3.25037e-07,3.21871e-04,1.00984e-03,0,0.7638,0.1890
0.800,12.50,100.0,6.64725e+03,3.25037e-07,1.64798e-04,1.97234e-03,0,0.7638,0.1890
0.800,15.00,100.0,1.14865e+04,3.25037e-07,9.53691e-05,3.40820e-03,0,0.7638,0.1890
0.800,17.50,100.0,1.82401e+04,3.25037e-07,6.00575e-05,5.41209e-03,0,0.7638,0.1890
0.800,20.00,100.0,2.72272e+04,3.25037e-07,4.02338e-05,8.07869e-03,0,0.7638,0.1890
0.800,22.50,100.0,3.87668e+04,3.25037e-07,2.82575e-05,1.15027e-02,0,0.7638,0.1890
0.800,25.00,100.0,5.31780e+04,3.25037e-07,2.05997e-05,1.57787e-02,0,0.7638,0.1890
0.800,27.50,100.0,7.07800e+04,3.25037e-07,1.54769e-05,2.10014e-02,0,0.7638,0.1890
0.800,30.00,100.0,9.18916e+04,3.25037e-07,1.19211e-05,2.72656e-02,0,0.7638,0.1890
0.800,32.50,100.0,1.16832e+05,3.25037e-07,9.37630e-06,3.46658e-02,0,0.7638,0.1890
0.800,35.00,100.0,1.45921e+05,3.25037e-07,7.50719e-06,4.32967e-02,0,0.7638,0.1890
0.800,37.50,100.0,1.79476e+05,3.25037e-07,6.10362e-06,5.32531e-02,0,0.7638,0.1890
0.800,40.00,100.0,2.17817e+05,3.25037e-07,5.02923e-06,6.46295e-02,0,0.7638,0.1890
0.800,42.50,100.0,2.61264e+05,3.25037e-07,4.19290e-06,7.75207e-02,0,0.7638,0.1890
0.800,45.00,100.0,3.10134e+05,3.25037e-07,3.53219e-06,9.20214e-02,0,0.7638,0.1890
0.800,47.50,100.0,3.64748e+05,3.25037e-07,3.00331e-06,1.08226e-01,0,0.7638,0.1890
0.800,50.00,100.0,4.25424e+05,3.25037e-07,2.57497e-06,1.26230e-01,0,0.7638,0.1890
0.800,52.50,100.0,4.92482e+05,3.25037e-07,2.22435e-06,1.46127e-01,0,0.7638,0.1890
0.800,55.00,100.0,5.66240e+05,3.25037e-07,1.93461e-06,1.68012e-01,0,0.7638,0.1890
0.800,57.50,100.0,6.47017e+05,3.25037e-07,1.69308e-06,1.91979e-01,0,0.7638,0.1890
0.800,60.00,100.0,7.35133e+05,3.25037e-07,1.49014e-06,2.18125e-01,0,0.7638,0.1890
0.800,62.50,100.0,8.30907e+05,3.25037e-07,1.31838e-06,2.46542e-01,0,0.7638,0.1890
0.800,65.00,100.0,9.34657e+05,3.25037e-07,1.17204e-06,2.77326e-01,0,0.7638,0.1890
0.800,67.50,100.0,1.04670e+06,3.25037e-07,1.04657e-06,3.10572e-01,0,0.7638,0.1890
0.800,70.00,100.0,1.16736e+06,3.25037e-07,9.38398e-07,3.46374e-01,0,0.7638,0.1890
0.800,72.50,100.0,1.29696e+06,3.25037e-07,8.44632e-07,3.84827e-01,0,0.7638,0.1890
0.800,75.00,100.0,1.43581e+06,3.25037e-07,7.62953e-07,4.26025e-01,0,0.7638,0.1890
0.800,77.50,100.0,1.58423e+06,3.25037e-07,6.91475e-07,4.70063e-01,0,0.7638,0.1890
0.800,80.00,100.0,1.74254e+06,3.25037e-07,6.28654e-07,5.17036e-01,0,0.7638,0.1890
0.850,5.00,100.0,3.88444e+02,2.79325e-07,2.82010e-03,9.90479e-05,0,0.7638,0.2008
0.850,7.50,100.0,1.31100e+03,2.79325e-07,8.35586e-04,3.34287e-04,0,0.7638,0.2008
0.850,10.00,100.0,3.10756e+03,2.79325e-07,3.52513e-04,7.92383e-04,0,0.7638,0.2008
0.850,12.50,100.0,6.06944e+03,2.79325e-07,1.80487e-04,1.54762e-03,0,0.7638,0.2008
0.850,15.00,100.0,1.04880e+04,2.79325e-07,1.04448e-04,2.67429e-03,0,0.7638,0.2008
0.850,17.50,100.0,1.66546e+04,2.79325e-07,6.57750e-05,4.24668e-03,0,0.7638,0.2008
0.850,20.00,100.0,2.48604e+04,2.79325e-07,4.40641e-05,6.33907e-03,0,0.7638,0.2008
0.850,22.50,100.0,3.53970e+04,2.79325e-07,3.09476e-05,9.02574e-03,0,0.7638,0.2008
0.850,25.00,100.0,4.85555e+04,2.79325e-07,2.25608e-05,1.23810e-02,0,0.7638,0.2008
0.850,27.50,100.0,6.46274e+04,2.79325e-07,1.69503e-05,1.64791e-02,0,0.7638,0.2008
0.850,30.00,100.0,8.39040e+04,2.79325e-07,1.30560e-05,2.13943e-02,0,0.7638,0.2008
0.850,32.50,100.0,1.06677e+05,2.79325e-07,1.02689e-05,2.72010e-02,0,0.7638,0.2008
0.850,35.00,100.0,1.33236e+05,2.79325e-07,8.22187e-06,3.39734e-02,0,0.7638,0.2008
0.850,37.50,100.0,1.63875e+05,2.79325e-07,6.68469e-06,4.17858e-02,0,0.7638,0.2008
0.850,40.00,100.0,1.98884e+05,2.79325e-07,5.50801e-06,5.07125e-02,0,0.7638,0.2008
0.850,42.50,100.0,2.38553e+05,2.79325e-07,4.59206e-06,6.08278e-02,0,0.7638,0.2008
0.850,45.00,100.0,2.83176e+05,2.79325e-07,3.86845e-06,7.22059e-02,0,0.7638,0.2008
0.850,47.50,100.0,3.33042e+05,2.79325e-07,3.28923e-06,8.49212e-02,0,0.7638,0.2008
0.850,50.00,100.0,3.88444e+05,2.79325e-07,2.82010e-06,9.90479e-02,0,0.7638,0.2008
0.850,52.50,100.0,4.49673e+05,2.79325e-07,2.43611e-06,1.14660e-01,0,0.7638,0.2008
0.850,55.00,100.0,5.17019e+05,2.79325e-07,2.11878e-06,1.31833e-01,0,0.7638,0.2008
0.850,57.50,100.0,5.90775e+05,2.79325e-07,1.85426e-06,1.50639e-01,0,0.7638,0.2008
0.850,60.00,100.0,6.71232e+05,2.79325e-07,1.63200e-06,1.71155e-01,0,0.7638,0.2008
0.850,62.50,100.0,7.58680e+05,2.79325e-07,1.44389e-06,1.93453e-01,0,0.7638,0.2008
0.850,65.00,100.0,8.53412e+05,2.79325e-07,1.28361e-06,2.17608e-01,0,0.7638,0.2008
0.850,67.50,100.0,9.55719e+05,2.79325e-07,1.14621e-06,2.43695e-01,0,0.7638,0.2008
0.850,70.00,100.0,1.06589e+06,2.79325e-07,1.02773e-06,2.71787e-01,0,0.7638,0.2008
0.850,72.50,100.0,1.18422e+06,2.79325e-07,9.25041e-07,3.01960e-01,0,0.7638,0.2008
0.850,75.00,100.0,1.31100e+06,2.79325e-07,8.35586e-07,3.34287e-01,0,0.7638,0.2008
0.850,77.50,100.0,1.44652e+06,2.79325e-07,7.57303e-07,3.68842e-01,0,0.7638,0.2008
0.850,80.00,100.0,1.59107e+06,2.79325e-07,6.88501e-07,4.05700e-01,0,0.7638,0.2008
0.900,5.00,100.0,3.56528e+02,2.42131e-07,3.07256e-03,7.88045e-05,0,0.7638,0.2126
0.900,7.50,100.0,1.20328e+03,2.42131e-07,9.10388e-04,2.65965e-04,0,0.7638,0.2126
0.900,10.00,100.0,2.85222e+03,2.42131e-07,3.84070e-04,6.30436e-04,0,0.7638,0.2126
0.900,12.50,100.0,5.57075e+03,2.42131e-07,1.96644e-04,1.23132e-03,0,0.7638,0.2126
0.900,15.00,100.0,9.62625e+03,2.42131e-07,1.13798e-04,2.12772e-03,0,0.7638,0.2126
0.900,17.50,100.0,1.52861e+04,2.42131e-07,7.16632e-05,3.37874e-03,0,0.7638,0.2126
0.900,20.00,100.0,2.28178e+04,2.42131e-07,4.80087e-05,5.04349e-03,0,0.7638,0.2126
0.900,22.50,100.0,3.24886e+04,2.42131e-07,3.37181e-05,7.18106e-03,0,0.7638,0.2126
0.900,25.00,100.0,4.45660e+04,2.42131e-07,2.45805e-05,9.85056e-03,0,0.7638,0.2126
0.900,27.50,100.0,5.93173e+04,2.42131e-07,1.84677e-05,1.31111e-02,0,0.7638,0.2126
0.900,30.00,100.0,7.70100e+04,2.42131e-07,1.42248e-05,1.70218e-02,0,0.7638,0.2126
0.900,32.50,100.0,9.79115e+04,2.42131e-07,1.11882e-05,2.16417e-02,0,0.7638,0.2126
0.900,35.00,100.0,1.22289e+05,2.42131e-07,8.95790e-06,2.70299e-02,0,0.7638,0.2126
0.900,37.50,100.0,1.50410e+05,2.42131e-07,7.28310e-06,3.32456e-02,0,0.7638,0.2126
0.900,40.00,100.0,1.82542e+05,2.42131e-07,6.00109e-06,4.03479e-02,0,0.7638,0.2126
0.900,42.50,100.0,2.18953e+05,2.42131e-07,5.00315e-06,4.83958e-02,0,0.7638,0.2126
0.900,45.00,100.0,2.59909e+05,2.42131e-07,4.21476e-06,5.74485e-02,0,0.7638,0.2126
0.900,47.50,100.0,3.05678e+05,2.42131e-07,3.58368e-06,6.75650e-02,0,0.7638,0.2126
0.900,50.00,100.0,3.56528e+05,2.42131e-07,3.07256e-06,7.88045e-02,0,0.7638,0.2126
0.900,52.50,100.0,4.12726e+05,2.42131e-07,2.65419e-06,9.12261e-02,0,0.7638,0.2126
0.900,55.00,100.0,4.74539e+05,2.42131e-07,2.30846e-06,1.04889e-01,0,0.7638,0.2126
0.900,57.50,100.0,5.42234e+05,2.42131e-07,2.02026e-06,1.19852e-01,0,0.7638,0.2126
0.900,60.00,100.0,6.16080e+05,2.42131e-07,1.77810e-06,1.36174e-01,0,0.7638,0.2126
0.900,62.50,100.0,6.96343e+05,2.42131e-07,1.57315e-06,1.53915e-01,0,0.7638,0.2126
0.900,65.00,100.0,7.83292e+05,2.42131e-07,1.39852e-06,1.73133e-01,0,0.7638,0.2126
0.900,67.50,100.0,8.77192e+05,2.42131e-07,1.24882e-06,1.93889e-01,0,0.7638,0.2126
0.900,70.00,100.0,9.78312e+05,2.42131e-07,1.11974e-06,2.16240e-01,0,0.7638,0.2126
0.900,72.50,100.0,1.08692e+06,2.42131e-07,1.00785e-06,2.40245e-01,0,0.7638,0.2126
0.900,75.00,100.0,1.20328e+06,2.42131e-07,9.10388e-07,2.65965e-01,0,0.7638,0.2126
0.900,77.50,100.0,1.32767e+06,2.42131e-07,8.25097e-07,2.93458e-01,0,0.7638,0.2126
0.900,80.00,100.0,1.46034e+06,2.42131e-07,7.50136e-07,3.22783e-01,0,0.7638,0.2126
0.950,5.00,100.0,3.28755e+02,2.11519e-07,3.33213e-03,6.34785e-05,0,0.7638,0.2244
0.950,7.50,100.0,1.10955e+03,2.11519e-07,9.87297e-04,2.14240e-04,0,0.7638,0.2244
0.950,10.00,100.0,2.63004e+03,2.11519e-07,4.16516e-04,5.07828e-04,0,0.7638,0.2244
0.950,12.50,100.0,5.13679e+03,2.11519e-07,2.13256e-04,9.91851e-04,0,0.7638,0.2244
0.950,15.00,100.0,8.87637e+03,2.11519e-07,1.23412e-04,1.71392e-03,0,0.7638,0.2244
0.950,17.50,100.0,1.40954e+04,2.11519e-07,7.77173e-05,2.72164e-03,0,0.7638,0.2244
0.950,20.00,100.0,2.10403e+04,2.11519e-07,5.20645e-05,4.06262e-03,0,0.7638,0.2244
0.950,22.50,100.0,2.99578e+04,2.11519e-07,3.65666e-05,5.78448e-03,0,0.7638,0.2244
0.950,25.00,100.0,4.10943e+04,2.11519e-07,2.66570e-05,7.93481e-03,0,0.7638,0.2244
0.950,27.50,100.0,5.46965e+04,2.11519e-07,2.00278e-05,1.05612e-02,0,0.7638,0.2244
0.950,30.00,100.0,7.10110e+04,2.11519e-07,1.54265e-05,1.37114e-02,0,0.7638,0.2244
0.950,32.50,100.0,9.02842e+04,2.11519e-07,1.21334e-05,1.74328e-02,0,0.7638,0.2244
0.950,35.00,100.0,1.12763e+05,2.11519e-07,9.71466e-06,2.17731e-02,0,0.7638,0.2244
0.950,37.50,100.0,1.38693e+05,2.11519e-07,7.89838e-06,2.67800e-02,0,0.7638,0.2244
0.950,40.00,100.0,1.68322e+05,2.11519e-07,6.50806e-06,3.25010e-02,0,0.7638,0.2244
0.950,42.50,100.0,2.01896e+05,2.11519e-07,5.42582e-06,3.89837e-02,0,0.7638,0.2244
0.950,45.00,100.0,2.39662e+05,2.11519e-07,4.57082e-06,4.62758e-02,0,0.7638,0.2244
0.950,47.50,100.0,2.81866e+05,2.11519e-07,3.88643e-06,5.44249e-02,0,0.7638,0.2244
0.950,50.00,100.0,3.28755e+05,2.11519e-07,3.33213e-06,6.34785e-02,0,0.7638,0.2244
0.950,52.50,100.0,3.80575e+05,2.11519e-07,2.87842e-06,7.34843e-02,0,0.7638,0.2244
0.950,55.00,100.0,4.37572e+05,2.11519e-07,2.50348e-06,8.44899e-02,0,0.7638,0.2244
0.950,57.50,100.0,4.99995e+05,2.11519e-07,2.19093e-06,9.65429e-02,0,0.7638,0.2244
0.950,60.00,100.0,5.68088e+05,2.11519e-07,1.92832e-06,1.09691e-01,0,0.7638,0.2244
0.950,62.50,100.0,6.42099e+05,2.11519e-07,1.70605e-06,1.23981e-01,0,0.7638,0.2244
0.950,65.00,100.0,7.22274e+05,2.11519e-07,1.51667e-06,1.39462e-01,0,0.7638,0.2244
0.950,67.50,100.0,8.08860e+05,2.11519e-07,1.35432e-06,1.56181e-01,0,0.7638,0.2244
0.950,70.00,100.0,9.02103e+05,2.11519e-07,1.21433e-06,1.74185e-01,0,0.7638,0.2244
0.950,72.50,100.0,1.00225e+06,2.11519e-07,1.09299e-06,1.93522e-01,0,0.7638,0.2244
0.950,75.00,100.0,1.10955e+06,2.11519e-07,9.87297e-07,2.14240e-01,0,0.7638,0.2244
0.950,77.50,100.0,1.22424e+06,2.11519e-07,8.94802e-07,2.36386e-01,0,0.7638,0.2244
0.950,80.00,100.0,1.34658e+06,2.11519e-07,8.13508e-07,2.60008e-01,0,0.7638,0.2244
1.000,5.00,100.0,3.04409e+02,1.86062e-07,3.59862e-03,5.17036e-05,0,0.7638,0.2362
1.000,7.50,100.0,1.02738e+03,1.86062e-07,1.06626e-03,1.74500e-04,0,0.7638,0.2362
1.000,10.00,100.0,2.43527e+03,1.86062e-07,4.49828e-04,4.13629e-04,0,0.7638,0.2362
1.000,12.50,100.0,4.75639e+03,1.86062e-07,2.30312e-04,8.07869e-04,0,0.7638,0.2362
1.000,15.00,100.0,8.21904e+03,1.86062e-07,1.33282e-04,1.39600e-03,0,0.7638,0.2362
1.000,17.50,100.0,1.30515e+04,1.86062e-07,8.39329e-05,2.21679e-03,0,0.7638,0.2362
1.000,20.00,100.0,1.94822e+04,1.86062e-07,5.62285e-05,3.30903e-03,0,0.7638,0.2362
1.000,22.50,100.0,2.77393e+04,1.86062e-07,3.94911e-05,4.71149e-03,0,0.7638,0.2362
1.000,25.00,100.0,3.80511e+04,1.86062e-07,2.87890e-05,6.46295e-03,0,0.7638,0.2362
1.000,27.50,100.0,5.06460e+04,1.86062e-07,2.16296e-05,8.60219e-03,0,0.7638,0.2362
1.000,30.00,100.0,6.57523e+04,1.86062e-07,1.66603e-05,1.11680e-02,0,0.7638,0.2362
1.000,32.50,100.0,8.35983e+04,1.86062e-07,1.31038e-05,1.41991e-02,0,0.7638,0.2362
1.000,35.00,100.0,1.04412e+05,1.86062e-07,1.04916e-05,1.77343e-02,0,0.7638,0.2362
1.000,37.50,100.0,1.28422e+05,1.86062e-07,8.53007e-06,2.18125e-02,0,0.7638,0.2362
1.000,40.00,100.0,1.55857e+05,1.86062e-07,7.02856e-06,2.64723e-02,0,0.7638,0.2362
1.000,42.50,100.0,1.86945e+05,1.86062e-07,5.85976e-06,3.17525e-02,0,0.7638,0.2362
1.000,45.00,100.0,2.21914e+05,1.86062e-07,4.93638e-06,3.76919e-02,0,0.7638,0.2362
1.000,47.50,100.0,2.60993e+05,1.86062e-07,4.19726e-06,4.43294e-02,0,0.7638,0.2362
1.000,50.00,100.0,3.04409e+05,1.86062e-07,3.59862e-06,5.17036e-02,0,0.7638,0.2362
1.000,52.50,100.0,3.52391e+05,1.86062e-07,3.10863e-06,5.98534e-02,0,0.7638,0.2362
1.000,55.00,100.0,4.05168e+05,1.86062e-07,2.70370e-06,6.88175e-02,0,0.7638,0.2362
1.000,57.50,100.0,4.62968e+05,1.86062e-07,2.36615e-06,7.86348e-02,0,0.7638,0.2362
1.000,60.00,100.0,5.26018e+05,1.86062e-07,2.08254e-06,8.93439e-02,0,0.7638,0.2362
1.000,62.50,100.0,5.94548e+05,1.86062e-07,1.84250e-06,1.00984e-01,0,0.7638,0.2362
1.000,65.00,100.0,6.68786e+05,1.86062e-07,1.63797e-06,1.13593e-01,0,0.7638,0.2362
1.000,67.50,100.0,7.48960e+05,1.86062e-07,1.46263e-06,1.27210e-01,0,0.7638,0.2362
1.000,70.00,100.0,8.35298e+05,1.86062e-07,1.31145e-06,1.41875e-01,0,0.7638,0.2362
1.000,72.50,100.0,9.28028e+05,1.86062e-07,1.18041e-06,1.57625e-01,0,0.7638,0.2362
1.000,75.00,100.0,1.02738e+06,1.86062e-07,1.06626e-06,1.74500e-01,0,0.7638,0.2362
1.000,77.50,100.0,1.13358e+06,1.86062e-07,9.66365e-07,1.92538e-01,0,0.7638,0.2362
1.000,80.00,100.0,1.24686e+06,1.86062e-07,8.78570e-07,2.11778e-01,0,0.7638,0.2362
1.050,5.00,100.0,2.82926e+02,1.64696e-07,3.87187e-03,4.25367e-05,0,0.7638,0.2480
1.050,7.50,100.0,9.54876e+02,1.64696e-07,1.14722e-03,1.43561e-04,0,0.7638,0.2480
1.050,10.00,100.0,2.26341e+03,1.64696e-07,4.83983e-04,3.40294e-04,0,0.7638,0.2480
1.050,12.50,100.0,4.42072e+03,1.64696e-07,2.47799e-04,6.64636e-04,0,0.7638,0.2480
1.050,15.00,100.0,7.63901e+03,1.64696e-07,1.43402e-04,1.14849e-03,0,0.7638,0.2480
1.050,17.50,100.0,1.21305e+04,1.64696e-07,9.03059e-05,1.82376e-03,0,0.7638,0.2480
1.050,20.00,100.0,1.81073e+04,1.64696e-07,6.04979e-05,2.72235e-03,0,0.7638,0.2480
1.050,22.50,100.0,2.57817e+04,1.64696e-07,4.24896e-05,3.87616e-03,0,0.7638,0.2480
1.050,25.00,100.0,3.53658e+04,1.64696e-07,3.09749e-05,5.31709e-03,0,0.7638,0.2480
1.050,27.50,100.0,4.70719e+04,1.64696e-07,2.32719e-05,7.07704e-03,0,0.7638,0.2480
1.050,30.00,100.0,6.11121e+04,1.64696e-07,1.79253e-05,9.18793e-03,0,0.7638,0.2480
1.050,32.50,100.0,7.76986e+04,1.64696e-07,1.40987e-05,1.16816e-02,0,0.7638,0.2480
1.050,35.00,100.0,9.70437e+04,1.64696e-07,1.12882e-05,1.45901e-02,0,0.7638,0.2480
1.050,37.50,100.0,1.19360e+05,1.64696e-07,9.17776e-06,1.79452e-02,0,0.7638,0.2480
1.050,40.00,100.0,1.44858e+05,1.64696e-07,7.56224e-06,2.17788e-02,0,0.7638,0.2480
1.050,42.50,100.0,1.73752e+05,1.64696e-07,6.30469e-06,2.61229e-02,0,0.7638,0.2480
1.050,45.00,100.0,2.06253e+05,1.64696e-07,5.31120e-06,3.10093e-02,0,0.7638,0.2480
1.050,47.50,100.0,2.42574e+05,1.64696e-07,4.51595e-06,3.64699e-02,0,0.7638,0.2480
1.050,50.00,100.0,2.82926e+05,1.64696e-07,3.87187e-06,4.25367e-02,0,0.7638,0.2480
1.050,52.50,100.0,3.27523e+05,1.64696e-07,3.34466e-06,4.92416e-02,0,0.7638,0.2480
1.050,55.00,100.0,3.76575e+05,1.64696e-07,2.90899e-06,5.66164e-02,0,0.7638,0.2480
1.050,57.50,100.0,4.30295e+05,1.64696e-07,2.54581e-06,6.46930e-02,0,0.7638,0.2480
1.050,60.00,100.0,4.88897e+05,1.64696e-07,2.24066e-06,7.35034e-02,0,0.7638,0.2480
1.050,62.50,100.0,5.52590e+05,1.64696e-07,1.98240e-06,8.30795e-02,0,0.7638,0.2480
1.050,65.00,100.0,6.21589e+05,1.64696e-07,1.76234e-06,9.34531e-02,0,0.7638,0.2480
1.050,67.50,100.0,6.96105e+05,1.64696e-07,1.57369e-06,1.04656e-01,0,0.7638,0.2480
1.050,70.00,100.0,7.76350e+05,1.64696e-07,1.41103e-06,1.16721e-01,0,0.7638,0.2480
1.050,72.50,100.0,8.62536e+05,1.64696e-07,1.27004e-06,1.29678e-01,0,0.7638,0.2480
1.050,75.00,100.0,9.54876e+05,1.64696e-07,1.14722e-06,1.43561e-01,0,0.7638,0.2480
1.050,77.50,100.0,1.05358e+06,1.64696e-07,1.03974e-06,1.58401e-01,0,0.7638,0.2480
1.050,80.00,100.0,1.15887e+06,1.64696e-07,9.45280e-07,1.74230e-01,0,0.7638,0.2480
1.100,5.00,100.0,2.63857e+02,1.46614e-07,4.15169e-03,3.53143e-05,0,0.7638,0.2599
1.100,7.50,100.0,8.90517e+02,1.46614e-07,1.23013e-03,1.19186e-04,0,0.7638,0.2599
1.100,10.00,100.0,2.11085e+03,1.46614e-07,5.18962e-04,2.82514e-04,0,0.7638,0.2599
1.100,12.50,100.0,4.12276e+03,1.46614e-07,2.65708e-04,5.51786e-04,0,0.7638,0.2599
1.100,15.00,100.0,7.12413e+03,1.46614e-07,1.53766e-04,9.53485e-04,0,0.7638,0.2599
1.100,17.50,100.0,1.13129e+04,1.46614e-07,9.68325e-05,1.51410e-03,0,0.7638,0.2599
1.100,20.00,100.0,1.68868e+04,1.46614e-07,6.48702e-05,2.26011e-03,0,0.7638,0.2599
1.100,22.50,100.0,2.40439e+04,1.46614e-07,4.55604e-05,3.21801e-03,0,0.7638,0.2599
1.100,25.00,100.0,3.29821e+04,1.46614e-07,3.32136e-05,4.41428e-03,0,0.7638,0.2599
1.100,27.50,100.0,4.38992e+04,1.46614e-07,2.49538e-05,5.87541e-03,0,0.7638,0.2599
1.100,30.00,100.0,5.69931e+04,1.46614e-07,1.92208e-05,7.62788e-03,0,0.7638,0.2599
1.100,32.50,100.0,7.24617e+04,1.46614e-07,1.51177e-05,9.69818e-03,0,0.7638,0.2599
1.100,35.00,100.0,9.05029e+04,1.46614e-07,1.21041e-05,1.21128e-02,0,0.7638,0.2599
1.100,37.50,100.0,1.11315e+05,1.46614e-07,9.84105e-06,1.48982e-02,0,0.7638,0.2599
1.100,40.00,100.0,1.35095e+05,1.46614e-07,8.10878e-06,1.80809e-02,0,0.7638,0.2599
1.100,42.50,100.0,1.62041e+05,1.46614e-07,6.76034e-06,2.16874e-02,0,0.7638,0.2599
1.100,45.00,100.0,1.92352e+05,1.46614e-07,5.69505e-06,2.57441e-02,0,0.7638,0.2599
1.100,47.50,100.0,2.26224e+05,1.46614e-07,4.84233e-06,3.02776e-02,0,0.7638,0.2599
1.100,50.00,100.0,2.63857e+05,1.46614e-07,4.15169e-06,3.53143e-02,0,0.7638,0.2599
1.100,52.50,100.0,3.05447e+05,1.46614e-07,3.58639e-06,4.08807e-02,0,0.7638,0.2599
1.100,55.00,100.0,3.51193e+05,1.46614e-07,3.11923e-06,4.70033e-02,0,0.7638,0.2599
1.100,57.50,100.0,4.01293e+05,1.46614e-07,2.72981e-06,5.37086e-02,0,0.7638,0.2599
1.100,60.00,100.0,4.55944e+05,1.46614e-07,2.40260e-06,6.10231e-02,0,0.7638,0.2599
1.100,62.50,100.0,5.15345e+05,1.46614e-07,2.12567e-06,6.89732e-02,0,0.7638,0.2599
1.100,65.00,100.0,5.79693e+05,1.46614e-07,1.88971e-06,7.75855e-02,0,0.7638,0.2599
1.100,67.50,100.0,6.49187e+05,1.46614e-07,1.68742e-06,8.68864e-02,0,0.7638,0.2599
1.100,70.00,100.0,7.24023e+05,1.46614e-07,1.51301e-06,9.69024e-02,0,0.7638,0.2599
1.100,72.50,100.0,8.04400e+05,1.46614e-07,1.36183e-06,1.07660e-01,0,0.7638,0.2599
1.100,75.00,100.0,8.90517e+05,1.46614e-07,1.23013e-06,1.19186e-01,0,0.7638,0.2599
1.100,77.50,100.0,9.82570e+05,1.46614e-07,1.11489e-06,1.31506e-01,0,0.7638,0.2599
1.100,80.00,100.0,1.08076e+06,1.46614e-07,1.01360e-06,1.44647e-01,0,0.7638,0.2599
1.150,5.00,100.0,2.46837e+02,1.31194e-07,4.43796e-03,2.95617e-05,0,0.7638,0.2717
1.150,7.50,100.0,8.33075e+02,1.31194e-07,1.31495e-03,9.97708e-05,0,0.7638,0.2717
1.150,10.00,100.0,1.97470e+03,1.31194e-07,5.54745e-04,2.36494e-04,0,0.7638,0.2717
1.150,12.50,100.0,3.85683e+03,1.31194e-07,2.84029e-04,4.61902e-04,0,0.7638,0.2717
1.150,15.00,100.0,6.66460e+03,1.31194e-07,1.64369e-04,7.98166e-04,0,0.7638,0.2717
1.150,17.50,100.0,1.05831e+04,1.31194e-07,1.03509e-04,1.26746e-03,0,0.7638,0.2717
1.150,20.00,100.0,1.57976e+04,1.31194e-07,6.93431e-05,1.89195e-03,0,0.7638,0.2717
1.150,22.50,100.0,2.24930e+04,1.31194e-07,4.87019e-05,2.69381e-03,0,0.7638,0.2717
1.150,25.00,100.0,3.08546e+04,1.31194e-07,3.55037e-05,3.69521e-03,0,0.7638,0.2717
1.150,27.50,100.0,4.10675e+04,1.31194e-07,2.66744e-05,4.91833e-03,0,0.7638,0.2717
1.150,30.00,100.0,5.33168e+04,1.31194e-07,2.05461e-05,6.38533e-03,0,0.7638,0.2717
1.150,32.50,100.0,6.77876e+04,1.31194e-07,1.61601e-05,8.11839e-03,0,0.7638,0.2717
1.150,35.00,100.0,8.46651e+04,1.31194e-07,1.29387e-05,1.01397e-02,0,0.7638,0.2717
1.150,37.50,100.0,1.04134e+05,1.31194e-07,1.05196e-05,1.24714e-02,0,0.7638,0.2717
1.150,40.00,100.0,1.26381e+05,1.31194e-07,8.66789e-06,1.51356e-02,0,0.7638,0.2717
1.150,42.50,100.0,1.51589e+05,1.31194e-07,7.22647e-06,1.81546e-02,0,0.7638,0.2717
1.150,45.00,100.0,1.79944e+05,1.31194e-07,6.08773e-06,2.15505e-02,0,0.7638,0.2717
1.150,47.50,100.0,2.11632e+05,1.31194e-07,5.17622e-06,2.53455e-02,0,0.7638,0.2717
1.150,50.00,100.0,2.46837e+05,1.31194e-07,4.43796e-06,2.95617e-02,0,0.7638,0.2717
1.150,52.50,100.0,2.85745e+05,1.31194e-07,3.83367e-06,3.42214e-02,0,0.7638,0.2717
1.150,55.00,100.0,3.28540e+05,1.31194e-07,3.33430e-06,3.93466e-02,0,0.7638,0.2717
1.150,57.50,100.0,3.75408e+05,1.31194e-07,2.91803e-06,4.49597e-02,0,0.7638,0.2717
1.150,60.00,100.0,4.26535e+05,1.31194e-07,2.56826e-06,5.10827e-02,0,0.7638,0.2717
1.150,62.50,100.0,4.82104e+05,1.31194e-07,2.27223e-06,5.77377e-02,0,0.7638,0.2717
1.150,65.00,100.0,5.42301e+05,1.31194e-07,2.02001e-06,6.49471e-02,0,0.7638,0.2717
1.150,67.50,100.0,6.07312e+05,1.31194e-07,1.80377e-06,7.27329e-02,0,0.7638,0.2717
1.150,70.00,100.0,6.77321e+05,1.31194e-07,1.61733e-06,8.11174e-02,0,0.7638,0.2717
1.150,72.50,100.0,7.52514e+05,1.31194e-07,1.45572e-06,9.01226e-02,0,0.7638,0.2717
1.150,75.00,100.0,8.33075e+05,1.31194e-07,1.31495e-06,9.97708e-02,0,0.7638,0.2717
1.150,77.50,100.0,9.19191e+05,1.31194e-07,1.19176e-06,1.10084e-01,0,0.7638,0.2717
1.150,80.00,100.0,1.01104e+06,1.31194e-07,1.08349e-06,1.21085e-01,0,0.7638,0.2717
1.200,5.00,100.0,2.31572e+02,1.17952e-07,4.73051e-03,2.49342e-05,0,0.7638,0.2835
1.200,7.50,100.0,7.81554e+02,1.17952e-07,1.40163e-03,8.41530e-05,0,0.7638,0.2835
1.200,10.00,100.0,1.85257e+03,1.17952e-07,5.91314e-04,1.99474e-04,0,0.7638,0.2835
1.200,12.50,100.0,3.61831e+03,1.17952e-07,3.02753e-04,3.89597e-04,0,0.7638,0.2835
1.200,15.00,100.0,6.25243e+03,1.17952e-07,1.75204e-04,6.73224e-04,0,0.7638,0.2835
1.200,17.50,100.0,9.92863e+03,1.17952e-07,1.10333e-04,1.06906e-03,0,0.7638,0.2835
1.200,20.00,100.0,1.48206e+04,1.17952e-07,7.39143e-05,1.59579e-03,0,0.7638,0.2835
1.200,22.50,100.0,2.11020e+04,1.17952e-07,5.19124e-05,2.27213e-03,0,0.7638,0.2835
1.200,25.00,100.0,2.89465e+04,1.17952e-07,3.78441e-05,3.11678e-03,0,0.7638,0.2835
1.200,27.50,100.0,3.85277e+04,1.17952e-07,2.84328e-05,4.14843e-03,0,0.7638,0.2835
1.200,30.00,100.0,5.00195e+04,1.17952e-07,2.19005e-05,5.38579e-03,0,0.7638,0.2835
1.200,32.50,100.0,6.35954e+04,1.17952e-07,1.72254e-05,6.84756e-03,0,0.7638,0.2835
1.200,35.00,100.0,7.94291e+04,1.17952e-07,1.37916e-05,8.55244e-03,0,0.7638,0.2835
1.200,37.50,100.0,9.76943e+04,1.17952e-07,1.12131e-05,1.05191e-02,0,0.7638,0.2835
1.200,40.00,100.0,1.18565e+05,1.17952e-07,9.23928e-06,1.27663e-02,0,0.7638,0.2835
1.200,42.50,100.0,1.42214e+05,1.17952e-07,7.70285e-06,1.53127e-02,0,0.7638,0.2835
1.200,45.00,100.0,1.68816e+05,1.17952e-07,6.48904e-06,1.81771e-02,0,0.7638,0.2835
1.200,47.50,100.0,1.98544e+05,1.17952e-07,5.51744e-06,2.13780e-02,0,0.7638,0.2835
1.200,50.00,100.0,2.31572e+05,1.17952e-07,4.73051e-06,2.49342e-02,0,0.7638,0.2835
1.200,52.50,100.0,2.68073e+05,1.17952e-07,4.08640e-06,2.88645e-02,0,0.7638,0.2835
1.200,55.00,100.0,3.08222e+05,1.17952e-07,3.55410e-06,3.31875e-02,0,0.7638,0.2835
1.200,57.50,100.0,3.52192e+05,1.17952e-07,3.11039e-06,3.79219e-02,0,0.7638,0.2835
1.200,60.00,100.0,4.00156e+05,1.17952e-07,2.73757e-06,4.30864e-02,0,0.7638,0.2835
1.200,62.50,100.0,4.52288e+05,1.17952e-07,2.42202e-06,4.86997e-02,0,0.7638,0.2835
1.200,65.00,100.0,5.08763e+05,1.17952e-07,2.15317e-06,5.47805e-02,0,0.7638,0.2835
1.200,67.50,100.0,5.69753e+05,1.17952e-07,1.92268e-06,6.13476e-02,0,0.7638,0.2835
1.200,70.00,100.0,6.35433e+05,1.17952e-07,1.72395e-06,6.84195e-02,0,0.7638,0.2835
1.200,72.50,100.0,7.05975e+05,1.17952e-07,1.55169e-06,7.60151e-02,0,0.7638,0.2835
1.200,75.00,100.0,7.81554e+05,1.17952e-07,1.40163e-06,8.41530e-02,0,0.7638,0.2835
1.200,77.50,100.0,8.62344e+05,1.17952e-07,1.27032e-06,9.28520e-02,0,0.7638,0.2835
1.200,80.00,100.0,9.48517e+05,1.17952e-07,1.15491e-06,1.02131e-01,0,0.7638,0.2835
1.250,5.00,100.0,2.17817e+02,1.06508e-07,5.02923e-03,2.11778e-05,0,0.7638,0.2953
1.250,7.50,100.0,7.35133e+02,1.06508e-07,1.49014e-03,7.14751e-05,0,0.7638,0.2953
1.250,10.00,100.0,1.74254e+03,1.06508e-07,6.28654e-04,1.69422e-04,0,0.7638,0.2953
1.250,12.50,100.0,3.40339e+03,1.06508e-07,3.21871e-04,3.30903e-04,0,0.7638,0.2953
1.250,15.00,100.0,5.88106e+03,1.06508e-07,1.86268e-04,5.71801e-04,0,0.7638,0.2953
1.250,17.50,100.0,9.33891e+03,1.06508e-07,1.17300e-04,9.07998e-04,0,0.7638,0.2953
1.250,20.00,100.0,1.39403e+04,1.06508e-07,7.85817e-05,1.35538e-03,0,0.7638,0.2953
1.250,22.50,100.0,1.98486e+04,1.06508e-07,5.51904e-05,1.92983e-03,0,0.7638,0.2953
1.250,25.00,100.0,2.72272e+04,1.06508e-07,4.02338e-05,2.64723e-03,0,0.7638,0.2953
1.250,27.50,100.0,3.62393e+04,1.06508e-07,3.02283e-05,3.52346e-03,0,0.7638,0.2953
1.250,30.00,100.0,4.70485e+04,1.06508e-07,2.32835e-05,4.57441e-03,0,0.7638,0.2953
1.250,32.50,100.0,5.98181e+04,1.06508e-07,1.83131e-05,5.81596e-03,0,0.7638,0.2953
1.250,35.00,100.0,7.47113e+04,1.06508e-07,1.46625e-05,7.26399e-03,0,0.7638,0.2953
1.250,37.50,100.0,9.18916e+04,1.06508e-07,1.19211e-05,8.93439e-03,0,0.7638,0.2953
1.250,40.00,100.0,1.11522e+05,1.06508e-07,9.82271e-06,1.08430e-02,0,0.7638,0.2953
1.250,42.50,100.0,1.33767e+05,1.06508e-07,8.18926e-06,1.30058e-02,0,0.7638,0.2953
1.250,45.00,100.0,1.58789e+05,1.06508e-07,6.89881e-06,1.54386e-02,0,0.7638,0.2953
1.250,47.50,100.0,1.86751e+05,1.06508e-07,5.86585e-06,1.81573e-02,0,0.7638,0.2953
1.250,50.00,100.0,2.17817e+05,1.06508e-07,5.02923e-06,2.11778e-02,0,0.7638,0.2953
1.250,52.50,100.0,2.52151e+05,1.06508e-07,4.34444e-06,2.45160e-02,0,0.7638,0.2953
1.250,55.00,100.0,2.89915e+05,1.06508e-07,3.77853e-06,2.81877e-02,0,0.7638,0.2953
1.250,57.50,100.0,3.31273e+05,1.06508e-07,3.30680e-06,3.22088e-02,0,0.7638,0.2953
1.250,60.00,100.0,3.76388e+05,1.06508e-07,2.91043e-06,3.65953e-02,0,0.7638,0.2953
1.250,62.50,100.0,4.25424e+05,1.06508e-07,2.57497e-06,4.13629e-02,0,0.7638,0.2953
1.250,65.00,100.0,4.78544e+05,1.06508e-07,2.28913e-06,4.65276e-02,0,0.7638,0.2953
1.250,67.50,100.0,5.35912e+05,1.06508e-07,2.04409e-06,5.21053e-02,0,0.7638,0.2953
1.250,70.00,100.0,5.97690e+05,1.06508e-07,1.83281e-06,5.81119e-02,0,0.7638,0.2953
1.250,72.50,100.0,6.64043e+05,1.06508e-07,1.64967e-06,6.45632e-02,0,0.7638,0.2953
1.250,75.00,100.0,7.35133e+05,1.06508e-07,1.49014e-06,7.14751e-02,0,0.7638,0.2953
1.250,77.50,100.0,8.11124e+05,1.06508e-07,1.35054e-06,7.88635e-02,0,0.7638,0.2953
1.250,80.00,100.0,8.92179e+05,1.06508e-07,1.22784e-06,8.67443e-02,0,0.7638,0.2953
1.300,5.00,100.0,2.05372e+02,9.65604e-08,5.33398e-03,1.81029e-05,0,0.7638,0.3071
1.300,7.50,100.0,6.93132e+02,9.65604e-08,1.58044e-03,6.10972e-05,0,0.7638,0.3071
1.300,10.00,100.0,1.64298e+03,9.65604e-08,6.66748e-04,1.44823e-04,0,0.7638,0.3071
1.300,12.50,100.0,3.20894e+03,9.65604e-08,3.41375e-04,2.82857e-04,0,0.7638,0.3071
1.300,15.00,100.0,5.54506e+03,9.65604e-08,1.97555e-04,4.88778e-04,0,0.7638,0.3071
1.300,17.50,100.0,8.80534e+03,9.65604e-08,1.24408e-04,7.76161e-04,0,0.7638,0.3071
1.300,20.00,100.0,1.31438e+04,9.65604e-08,8.33434e-05,1.15858e-03,0,0.7638,0.3071
1.300,22.50,100.0,1.87146e+04,9.65604e-08,5.85348e-05,1.64962e-03,0,0.7638,0.3071
1.300,25.00,100.0,2.56716e+04,9.65604e-08,4.26718e-05,2.26286e-03,0,0.7638,0.3071
1.300,27.50,100.0,3.41688e+04,9.65604e-08,3.20600e-05,3.01187e-03,0,0.7638,0.3071
1.300,30.00,100.0,4.43605e+04,9.65604e-08,2.46944e-05,3.91022e-03,0,0.7638,0.3071
1.300,32.50,100.0,5.64004e+04,9.65604e-08,1.94228e-05,4.97150e-03,0,0.7638,0.3071
1.300,35.00,100.0,7.04428e+04,9.65604e-08,1.55510e-05,6.20929e-03,0,0.7638,0.3071
1.300,37.50,100.0,8.66415e+04,9.65604e-08,1.26435e-05,7.63715e-03,0,0.7638,0.3071
1.300,40.00,100.0,1.05151e+05,9.65604e-08,1.04179e-05,9.26867e-03,0,0.7638,0.3071
1.300,42.50,100.0,1.26124e+05,9.65604e-08,8.68550e-06,1.11174e-02,0,0.7638,0.3071
1.300,45.00,100.0,1.49717e+05,9.65604e-08,7.31685e-06,1.31970e-02,0,0.7638,0.3071
1.300,47.50,100.0,1.76081e+05,9.65604e-08,6.22129e-06,1.55210e-02,0,0.7638,0.3071
1.300,50.00,100.0,2.05372e+05,9.65604e-08,5.33398e-06,1.81029e-02,0,0.7638,0.3071
1.300,52.50,100.0,2.37744e+05,9.65604e-08,4.60769e-06,2.09563e-02,0,0.7638,0.3071
1.300,55.00,100.0,2.73351e+05,9.65604e-08,4.00750e-06,2.40949e-02,0,0.7638,0.3071
1.300,57.50,100.0,3.12346e+05,9.65604e-08,3.50718e-06,2.75322e-02,0,0.7638,0.3071
1.300,60.00,100.0,3.54884e+05,9.65604e-08,3.08679e-06,3.12818e-02,0,0.7638,0.3071
1.300,62.50,100.0,4.01118e+05,9.65604e-08,2.73100e-06,3.53572e-02,0,0.7638,0.3071
1.300,65.00,100.0,4.51203e+05,9.65604e-08,2.42785e-06,3.97720e-02,0,0.7638,0.3071
1.300,67.50,100.0,5.05293e+05,9.65604e-08,2.16795e-06,4.45399e-02,0,0.7638,0.3071
1.300,70.00,100.0,5.63542e+05,9.65604e-08,1.94387e-06,4.96743e-02,0,0.7638,0.3071
1.300,72.50,100.0,6.26104e+05,9.65604e-08,1.74963e-06,5.51889e-02,0,0.7638,0.3071
1.300,75.00,100.0,6.93132e+05,9.65604e-08,1.58044e-06,6.10972e-02,0,0.7638,0.3071
1.300,77.50,100.0,7.64781e+05,9.65604e-08,1.43237e-06,6.74129e-02,0,0.7638,0.3071
1.300,80.00,100.0,8.41206e+05,9.65604e-08,1.30224e-06,7.41494e-02,0,0.7638,0.3071
1.350,5.00,100.0,1.94069e+02,8.78664e-08,5.64465e-03,1.55663e-05,0,0.7638,0.3189
1.350,7.50,100.0,6.54983e+02,8.78664e-08,1.67249e-03,5.25363e-05,0,0.7638,0.3189
1.350,10.00,100.0,1.55255e+03,8.78664e-08,7.05581e-04,1.24531e-04,0,0.7638,0.3189
1.350,12.50,100.0,3.03233e+03,8.78664e-08,3.61258e-04,2.43224e-04,0,0.7638,0.3189
1.350,15.00,100.0,5.23987e+03,8.78664e-08,2.09061e-04,4.20291e-04,0,0.7638,0.3189
1.350,17.50,100.0,8.32072e+03,8.78664e-08,1.31654e-04,6.67406e-04,0,0.7638,0.3189
1.350,20.00,100.0,1.24204e+04,8.78664e-08,8.81977e-05,9.96245e-04,0,0.7638,0.3189
1.350,22.50,100.0,1.76846e+04,8.78664e-08,6.19440e-05,1.41848e-03,0,0.7638,0.3189
1.350,25.00,100.0,2.42586e+04,8.78664e-08,4.51572e-05,1.94579e-03,0,0.7638,0.3189
1.350,27.50,100.0,3.22883e+04,8.78664e-08,3.39273e-05,2.58985e-03,0,0.7638,0.3189
1.350,30.00,100.0,4.19189e+04,8.78664e-08,2.61326e-05,3.36233e-03,0,0.7638,0.3189
1.350,32.50,100.0,5.32962e+04,8.78664e-08,2.05540e-05,4.27490e-03,0,0.7638,0.3189
1.350,35.00,100.0,6.65657e+04,8.78664e-08,1.64567e-05,5.33925e-03,0,0.7638,0.3189
1.350,37.50,100.0,8.18729e+04,8.78664e-08,1.33799e-05,6.56704e-03,0,0.7638,0.3189
1.350,40.00,100.0,9.93634e+04,8.78664e-08,1.10247e-05,7.96996e-03,0,0.7638,0.3189
1.350,42.50,100.0,1.19183e+05,8.78664e-08,9.19137e-06,9.55967e-03,0,0.7638,0.3189
1.350,45.00,100.0,1.41476e+05,8.78664e-08,7.74300e-06,1.13478e-02,0,0.7638,0.3189
1.350,47.50,100.0,1.66390e+05,8.78664e-08,6.58364e-06,1.33462e-02,0,0.7638,0.3189
1.350,50.00,100.0,1.94069e+05,8.78664e-08,5.64465e-06,1.55663e-02,0,0.7638,0.3189
1.350,52.50,100.0,2.24659e+05,8.78664e-08,4.87606e-06,1.80200e-02,0,0.7638,0.3189
1.350,55.00,100.0,2.58306e+05,8.78664e-08,4.24091e-06,2.07188e-02,0,0.7638,0.3189
1.350,57.50,100.0,2.95155e+05,8.78664e-08,3.71145e-06,2.36744e-02,0,0.7638,0.3189
1.350,60.00,100.0,3.35352e+05,8.78664e-08,3.26658e-06,2.68986e-02,0,0.7638,0.3189
1.350,62.50,100.0,3.79041e+05,8.78664e-08,2.89006e-06,3.04030e-02,0,0.7638,0.3189
1.350,65.00,100.0,4.26370e+05,8.78664e-08,2.56925e-06,3.41992e-02,0,0.7638,0.3189
1.350,67.50,100.0,4.77483e+05,8.78664e-08,2.29422e-06,3.82990e-02,0,0.7638,0.3189
1.350,70.00,100.0,5.32526e+05,8.78664e-08,2.05709e-06,4.27140e-02,0,0.7638,0.3189
1.350,72.50,100.0,5.91644e+05,8.78664e-08,1.85154e-06,4.74559e-02,0,0.7638,0.3189
1.350,75.00,100.0,6.54983e+05,8.78664e-08,1.67249e-06,5.25363e-02,0,0.7638,0.3189
1.350,77.50,100.0,7.22689e+05,8.78664e-08,1.51580e-06,5.79670e-02,0,0.7638,0.3189
1.350,80.00,100.0,7.94907e+05,8.78664e-08,1.37809e-06,6.37596e-02,0,0.7638,0.3189
1.400,5.00,100.0,1.83766e+02,8.02301e-08,5.96113e-03,1.34589e-05,0,0.7638,0.3307
1.400,7.50,100.0,6.20210e+02,8.02301e-08,1.76626e-03,4.54237e-05,0,0.7638,0.3307
1.400,10.00,100.0,1.47013e+03,8.02301e-08,7.45141e-04,1.07671e-04,0,0.7638,0.3307
1.400,12.50,100.0,2.87134e+03,8.02301e-08,3.81512e-04,2.10295e-04,0,0.7638,0.3307
1.400,15.00,100.0,4.96168e+03,8.02301e-08,2.20783e-04,3.63390e-04,0,0.7638,0.3307
1.400,17.50,100.0,7.87897e+03,8.02301e-08,1.39035e-04,5.77049e-04,0,0.7638,0.3307
1.400,20.00,100.0,1.17610e+04,8.02301e-08,9.31426e-05,8.61368e-04,0,0.7638,0.3307
1.400,22.50,100.0,1.67457e+04,8.02301e-08,6.54170e-05,1.22644e-03,0,0.7638,0.3307
1.400,25.00,100.0,2.29708e+04,8.02301e-08,4.76890e-05,1.68236e-03,0,0.7638,0.3307
1.400,27.50,100.0,3.05741e+04,8.02301e-08,3.58295e-05,2.23922e-03,0,0.7638,0.3307
1.400,30.00,100.0,3.96935e+04,8.02301e-08,2.75978e-05,2.90712e-03,0,0.7638,0.3307
1.400,32.50,100.0,5.04667e+04,8.02301e-08,2.17064e-05,3.69614e-03,0,0.7638,0.3307
1.400,35.00,100.0,6.30317e+04,8.02301e-08,1.73794e-05,4.61640e-03,0,0.7638,0.3307
1.400,37.50,100.0,7.75263e+04,8.02301e-08,1.41301e-05,5.67796e-03,0,0.7638,0.3307
1.400,40.00,100.0,9.40882e+04,8.02301e-08,1.16428e-05,6.89095e-03,0,0.7638,0.3307
1.400,42.50,100.0,1.12855e+05,8.02301e-08,9.70670e-06,8.26543e-03,0,0.7638,0.3307
1.400,45.00,100.0,1.33965e+05,8.02301e-08,8.17713e-06,9.81152e-03,0,0.7638,0.3307
1.400,47.50,100.0,1.57556e+05,8.02301e-08,6.95277e-06,1.15393e-02,0,0.7638,0.3307
1.400,50.00,100.0,1.83766e+05,8.02301e-08,5.96113e-06,1.34589e-02,0,0.7638,0.3307
1.400,52.50,100.0,2.12732e+05,8.02301e-08,5.14945e-06,1.55803e-02,0,0.7638,0.3307
1.400,55.00,100.0,2.44593e+05,8.02301e-08,4.47868e-06,1.79138e-02,0,0.7638,0.3307
1.400,57.50,100.0,2.79485e+05,8.02301e-08,3.91954e-06,2.04693e-02,0,0.7638,0.3307
1.400,60.00,100.0,3.17548e+05,8.02301e-08,3.44973e-06,2.32569e-02,0,0.7638,0.3307
1.400,62.50,100.0,3.58918e+05,8.02301e-08,3.05210e-06,2.62869e-02,0,0.7638,0.3307
1.400,65.00,100.0,4.03734e+05,8.02301e-08,2.71330e-06,2.95692e-02,0,0.7638,0.3307
1.400,67.50,100.0,4.52133e+05,8.02301e-08,2.42285e-06,3.31139e-02,0,0.7638,0.3307
1.400,70.00,100.0,5.04254e+05,8.02301e-08,2.17242e-06,3.69312e-02,0,0.7638,0.3307
1.400,72.50,100.0,5.60234e+05,8.02301e-08,1.95535e-06,4.10311e-02,0,0.7638,0.3307
1.400,75.00,100.0,6.20210e+05,8.02301e-08,1.76626e-06,4.54237e-02,0,0.7638,0.3307
1.400,77.50,100.0,6.84322e+05,8.02301e-08,1.60079e-06,5.01192e-02,0,0.7638,0.3307
1.400,80.00,100.0,7.52706e+05,8.02301e-08,1.45535e-06,5.51276e-02,0,0.7638,0.3307
1.450,5.00,100.0,1.74343e+02,7.34916e-08,6.28331e-03,1.16963e-05,0,0.7638,0.3425
1.450,7.50,100.0,5.88409e+02,7.34916e-08,1.86172e-03,3.94751e-05,0,0.7638,0.3425
1.450,10.00,100.0,1.39475e+03,7.34916e-08,7.85414e-04,9.35705e-05,0,0.7638,0.3425
1.450,12.50,100.0,2.72411e+03,7.34916e-08,4.02132e-04,1.82755e-04,0,0.7638,0.3425
1.450,15.00,100.0,4.70727e+03,7.34916e-08,2.32715e-04,3.15800e-04,0,0.7638,0.3425
1.450,17.50,100.0,7.47497e+03,7.34916e-08,1.46549e-04,5.01479e-04,0,0.7638,0.3425
1.450,20.00,100.0,1.11580e+04,7.34916e-08,9.81767e-05,7.48564e-04,0,0.7638,0.3425
1.450,22.50,100.0,1.58870e+04,7.34916e-08,6.89526e-05,1.06583e-03,0,0.7638,0.3425
1.450,25.00,100.0,2.17929e+04,7.34916e-08,5.02665e-05,1.46204e-03,0,0.7638,0.3425
1.450,27.50,100.0,2.90064e+04,7.34916e-08,3.77659e-05,1.94597e-03,0,0.7638,0.3425
1.450,30.00,100.0,3.76581e+04,7.34916e-08,2.90894e-05,2.52640e-03,0,0.7638,0.3425
1.450,32.50,100.0,4.78790e+04,7.34916e-08,2.28796e-05,3.21210e-03,0,0.7638,0.3425
1.450,35.00,100.0,5.97997e+04,7.34916e-08,1.83187e-05,4.01184e-03,0,0.7638,0.3425
1.450,37.50,100.0,7.35511e+04,7.34916e-08,1.48938e-05,4.93438e-03,0,0.7638,0.3425
1.450,40.00,100.0,8.92638e+04,7.34916e-08,1.22721e-05,5.98851e-03,0,0.7638,0.3425
1.450,42.50,100.0,1.07069e+05,7.34916e-08,1.02313e-05,7.18300e-03,0,0.7638,0.3425
1.450,45.00,100.0,1.27096e+05,7.34916e-08,8.61908e-06,8.52661e-03,0,0.7638,0.3425
1.450,47.50,100.0,1.49478e+05,7.34916e-08,7.32854e-06,1.00281e-02,0,0.7638,0.3425
1.450,50.00,100.0,1.74343e+05,7.34916e-08,6.28331e-06,1.16963e-02,0,0.7638,0.3425
1.450,52.50,100.0,2.01824e+05,7.34916e-08,5.42776e-06,1.35399e-02,0,0.7638,0.3425
1.450,55.00,100.0,2.32051e+05,7.34916e-08,4.72074e-06,1.55678e-02,0,0.7638,0.3425
1.450,57.50,100.0,2.65154e+05,7.34916e-08,4.13138e-06,1.77886e-02,0,0.7638,0.3425
1.450,60.00,100.0,3.01265e+05,7.34916e-08,3.63617e-06,2.02112e-02,0,0.7638,0.3425
1.450,62.50,100.0,3.40514e+05,7.34916e-08,3.21705e-06,2.28444e-02,0,0.7638,0.3425
1.450,65.00,100.0,3.83032e+05,7.34916e-08,2.85995e-06,2.56968e-02,0,0.7638,0.3425
1.450,67.50,100.0,4.28950e+05,7.34916e-08,2.55380e-06,2.87773e-02,0,0.7638,0.3425
1.450,70.00,100.0,4.78398e+05,7.34916e-08,2.28984e-06,3.20947e-02,0,0.7638,0.3425
1.450,72.50,100.0,5.31507e+05,7.34916e-08,2.06103e-06,3.56577e-02,0,0.7638,0.3425
1.450,75.00,100.0,5.88409e+05,7.34916e-08,1.86172e-06,3.94751e-02,0,0.7638,0.3425
1.450,77.50,100.0,6.49233e+05,7.34916e-08,1.68730e-06,4.35556e-02,0,0.7638,0.3425
1.450,80.00,100.0,7.14110e+05,7.34916e-08,1.53401e-06,4.79081e-02,0,0.7638,0.3425
1.500,5.00,100.0,1.65699e+02,6.75195e-08,6.61109e-03,1.02131e-05,0,0.7638,0.3544
1.500,7.50,100.0,5.59235e+02,6.75195e-08,1.95884e-03,3.44691e-05,0,0.7638,0.3544
1.500,10.00,100.0,1.32559e+03,6.75195e-08,8.26387e-04,8.17045e-05,0,0.7638,0.3544
1.500,12.50,100.0,2.58905e+03,6.75195e-08,4.23110e-04,1.59579e-04,0,0.7638,0.3544
1.500,15.00,100.0,4.47388e+03,6.75195e-08,2.44855e-04,2.75753e-04,0,0.7638,0.3544
1.500,17.50,100.0,7.10435e+03,6.75195e-08,1.54195e-04,4.37885e-04,0,0.7638,0.3544
1.500,20.00,100.0,1.06047e+04,6.75195e-08,1.03298e-04,6.53636e-04,0,0.7638,0.3544
1.500,22.50,100.0,1.50993e+04,6.75195e-08,7.25497e-05,9.30665e-04,0,0.7638,0.3544
1.500,25.00,100.0,2.07124e+04,6.75195e-08,5.28887e-05,1.27663e-03,0,0.7638,0.3544
1.500,27.50,100.0,2.75682e+04,6.75195e-08,3.97361e-05,1.69920e-03,0,0.7638,0.3544
1.500,30.00,100.0,3.57910e+04,6.75195e-08,3.06069e-05,2.20602e-03,0,0.7638,0.3544
1.500,32.50,100.0,4.55051e+04,6.75195e-08,2.40732e-05,2.80476e-03,0,0.7638,0.3544
1.500,35.00,100.0,5.68348e+04,6.75195e-08,1.92743e-05,3.50308e-03,0,0.7638,0.3544
1.500,37.50,100.0,6.99043e+04,6.75195e-08,1.56707e-05,4.30864e-03,0,0.7638,0.3544
1.500,40.00,100.0,8.48380e+04,6.75195e-08,1.29123e-05,5.22909e-03,0,0.7638,0.3544
1.500,42.50,100.0,1.01760e+05,6.75195e-08,1.07651e-05,6.27210e-03,0,0.7638,0.3544
1.500,45.00,100.0,1.20795e+05,6.75195e-08,9.06871e-06,7.44532e-03,0,0.7638,0.3544
1.500,47.50,100.0,1.42066e+05,6.75195e-08,7.71085e-06,8.75642e-03,0,0.7638,0.3544
1.500,50.00,100.0,1.65699e+05,6.75195e-08,6.61109e-06,1.02131e-02,0,0.7638,0.3544
1.500,52.50,100.0,1.91818e+05,6.75195e-08,5.71091e-06,1.18229e-02,0,0.7638,0.3544
1.500,55.00,100.0,2.20546e+05,6.75195e-08,4.96701e-06,1.35936e-02,0,0.7638,0.3544
1.500,57.50,100.0,2.52008e+05,6.75195e-08,4.34690e-06,1.55328e-02,0,0.7638,0.3544
1.500,60.00,100.0,2.86328e+05,6.75195e-08,3.82586e-06,1.76482e-02,0,0.7638,0.3544
1.500,62.50,100.0,3.23631e+05,6.75195e-08,3.38488e-06,1.99474e-02,0,0.7638,0.3544
1.500,65.00,100.0,3.64041e+05,6.75195e-08,3.00915e-06,2.24381e-02,0,0.7638,0.3544
1.500,67.50,100.0,4.07682e+05,6.75195e-08,2.68703e-06,2.51280e-02,0,0.7638,0.3544
1.500,70.00,100.0,4.54679e+05,6.75195e-08,2.40929e-06,2.80246e-02,0,0.7638,0.3544
1.500,72.50,100.0,5.05155e+05,6.75195e-08,2.16855e-06,3.11358e-02,0,0.7638,0.3544
1.500,75.00,100.0,5.59235e+05,6.75195e-08,1.95884e-06,3.44691e-02,0,0.7638,0.3544
1.500,77.50,100.0,6.17043e+05,6.75195e-08,1.77533e-06,3.80322e-02,0,0.7638,0.3544
1.500,80.00,100.0,6.78704e+05,6.75195e-08,1.61404e-06,4.18327e-02,0,0.7638,0.3544
1.550,5.00,100.0,1.57746e+02,6.22054e-08,6.94439e-03,8.95765e-06,0,0.7638,0.3662
1.550,7.50,100.0,5.32394e+02,6.22054e-08,2.05760e-03,3.02321e-05,0,0.7638,0.3662
1.550,10.00,100.0,1.26197e+03,6.22054e-08,8.68048e-04,7.16612e-05,0,0.7638,0.3662
1.550,12.50,100.0,2.46479e+03,6.22054e-08,4.44441e-04,1.39963e-04,0,0.7638,0.3662
1.550,15.00,100.0,4.25916e+03,6.22054e-08,2.57200e-04,2.41857e-04,0,0.7638,0.3662
1.550,17.50,100.0,6.76338e+03,6.22054e-08,1.61968e-04,3.84059e-04,0,0.7638,0.3662
1.550,20.00,100.0,1.00958e+04,6.22054e-08,1.08506e-04,5.73290e-04,0,0.7638,0.3662
1.550,22.50,100.0,1.43746e+04,6.22054e-08,7.62073e-05,8.16266e-04,0,0.7638,0.3662
1.550,25.00,100.0,1.97183e+04,6.22054e-08,5.55551e-05,1.11971e-03,0,0.7638,0.3662
1.550,27.50,100.0,2.62451e+04,6.22054e-08,4.17394e-05,1.49033e-03,0,0.7638,0.3662
1.550,30.00,100.0,3.40732e+04,6.22054e-08,3.21499e-05,1.93485e-03,0,0.7638,0.3662
1.550,32.50,100.0,4.33211e+04,6.22054e-08,2.52868e-05,2.46000e-03,0,0.7638,0.3662
1.550,35.00,100.0,5.41070e+04,6.22054e-08,2.02460e-05,3.07248e-03,0,0.7638,0.3662
1.550,37.50,100.0,6.65493e+04,6.22054e-08,1.64608e-05,3.77901e-03,0,0.7638,0.3662
1.550,40.00,100.0,8.07662e+04,6.22054e-08,1.35633e-05,4.58632e-03,0,0.7638,0.3662
1.550,42.50,100.0,9.68761e+04,6.22054e-08,1.13078e-05,5.50112e-03,0,0.7638,0.3662
1.550,45.00,100.0,1.14997e+05,6.22054e-08,9.52591e-06,6.53013e-03,0,0.7638,0.3662
1.550,47.50,100.0,1.35248e+05,6.22054e-08,8.09959e-06,7.68007e-03,0,0.7638,0.3662
1.550,50.00,100.0,1.57746e+05,6.22054e-08,6.94439e-06,8.95765e-03,0,0.7638,0.3662
1.550,52.50,100.0,1.82611e+05,6.22054e-08,5.99882e-06,1.03696e-02,0,0.7638,0.3662
1.550,55.00,100.0,2.09961e+05,6.22054e-08,5.21742e-06,1.19226e-02,0,0.7638,0.3662
1.550,57.50,100.0,2.39913e+05,6.22054e-08,4.56605e-06,1.36235e-02,0,0.7638,0.3662
1.550,60.00,100.0,2.72586e+05,6.22054e-08,4.01874e-06,1.54788e-02,0,0.7638,0.3662
1.550,62.50,100.0,3.08099e+05,6.22054e-08,3.55553e-06,1.74954e-02,0,0.7638,0.3662
1.550,65.00,100.0,3.46569e+05,6.22054e-08,3.16085e-06,1.96800e-02,0,0.7638,0.3662
1.550,67.50,100.0,3.88116e+05,6.22054e-08,2.82249e-06,2.20392e-02,0,0.7638,0.3662
1.550,70.00,100.0,4.32856e+05,6.22054e-08,2.53075e-06,2.45798e-02,0,0.7638,0.3662
1.550,72.50,100.0,4.80910e+05,6.22054e-08,2.27788e-06,2.73085e-02,0,0.7638,0.3662
1.550,75.00,100.0,5.32394e+05,6.22054e-08,2.05760e-06,3.02321e-02,0,0.7638,0.3662
1.550,77.50,100.0,5.87428e+05,6.22054e-08,1.86483e-06,3.33572e-02,0,0.7638,0.3662
1.550,80.00,100.0,6.46130e+05,6.22054e-08,1.69541e-06,3.66905e-02,0,0.7638,0.3662
1.600,5.00,100.0,1.50410e+02,5.74589e-08,7.28310e-03,7.88935e-06,0,0.7638,0.3780
1.600,7.50,100.0,5.07634e+02,5.74589e-08,2.15796e-03,2.66265e-05,0,0.7638,0.3780
1.600,10.00,100.0,1.20328e+03,5.74589e-08,9.10388e-04,6.31148e-05,0,0.7638,0.3780
1.600,12.50,100.0,2.35016e+03,5.74589e-08,4.66119e-04,1.23271e-04,0,0.7638,0.3780
1.600,15.00,100.0,4.06108e+03,5.74589e-08,2.69745e-04,2.13012e-04,0,0.7638,0.3780
1.600,17.50,100.0,6.44884e+03,5.74589e-08,1.69868e-04,3.38256e-04,0,0.7638,0.3780
1.600,20.00,100.0,9.62625e+03,5.74589e-08,1.13798e-04,5.04918e-04,0,0.7638,0.3780
1.600,22.50,100.0,1.37061e+04,5.74589e-08,7.99243e-05,7.18917e-04,0,0.7638,0.3780
1.600,25.00,100.0,1.88013e+04,5.74589e-08,5.82648e-05,9.86168e-04,0,0.7638,0.3780
1.600,27.50,100.0,2.50245e+04,5.74589e-08,4.37752e-05,1.31259e-03,0,0.7638,0.3780
1.600,30.00,100.0,3.24886e+04,5.74589e-08,3.37181e-05,1.70410e-03,0,0.7638,0.3780
1.600,32.50,100.0,4.13064e+04,5.74589e-08,2.65202e-05,2.16661e-03,0,0.7638,0.3780
1.600,35.00,100.0,5.15907e+04,5.74589e-08,2.12335e-05,2.70605e-03,0,0.7638,0.3780
1.600,37.50,100.0,6.34543e+04,5.74589e-08,1.72636e-05,3.32832e-03,0,0.7638,0.3780
1.600,40.00,100.0,7.70100e+04,5.74589e-08,1.42248e-05,4.03935e-03,0,0.7638,0.3780
1.600,42.50,100.0,9.23707e+04,5.74589e-08,1.18593e-05,4.84505e-03,0,0.7638,0.3780
1.600,45.00,100.0,1.09649e+05,5.74589e-08,9.99054e-06,5.75133e-03,0,0.7638,0.3780
1.600,47.50,100.0,1.28958e+05,5.74589e-08,8.49465e-06,6.76413e-03,0,0.7638,0.3780
1.600,50.00,100.0,1.50410e+05,5.74589e-08,7.28310e-06,7.88935e-03,0,0.7638,0.3780
1.600,52.50,100.0,1.74119e+05,5.74589e-08,6.29142e-06,9.13291e-03,0,0.7638,0.3780
1.600,55.00,100.0,2.00196e+05,5.74589e-08,5.47190e-06,1.05007e-02,0,0.7638,0.3780
1.600,57.50,100.0,2.28755e+05,5.74589e-08,4.78876e-06,1.19987e-02,0,0.7638,0.3780
1.600,60.00,100.0,2.59909e+05,5.74589e-08,4.21476e-06,1.36328e-02,0,0.7638,0.3780
1.600,62.50,100.0,2.93770e+05,5.74589e-08,3.72895e-06,1.54089e-02,0,0.7638,0.3780
1.600,65.00,100.0,3.30451e+05,5.74589e-08,3.31502e-06,1.73329e-02,0,0.7638,0.3780
1.600,67.50,100.0,3.70065e+05,5.74589e-08,2.96016e-06,1.94108e-02,0,0.7638,0.3780
1.600,70.00,100.0,4.12726e+05,5.74589e-08,2.65419e-06,2.16484e-02,0,0.7638,0.3780
1.600,72.50,100.0,4.58544e+05,5.74589e-08,2.38898e-06,2.40517e-02,0,0.7638,0.3780
1.600,75.00,100.0,5.07634e+05,5.74589e-08,2.15796e-06,2.66265e-02,0,0.7638,0.3780
1.600,77.50,100.0,5.60109e+05,5.74589e-08,1.95579e-06,2.93789e-02,0,0.7638,0.3780
1.600,80.00,100.0,6.16080e+05,5.74589e-08,1.77810e-06,3.23148e-02,0,0.7638,0.3780
1.650,5.00,100.0,1.43625e+02,5.32044e-08,7.62715e-03,6.97566e-06,0,0.7638,0.3898
1.650,7.50,100.0,4.84736e+02,5.32044e-08,2.25990e-03,2.35429e-05,0,0.7638,0.3898
1.650,10.00,100.0,1.14900e+03,5.32044e-08,9.53394e-04,5.58053e-05,0,0.7638,0.3898
1.650,12.50,100.0,2.24415e+03,5.32044e-08,4.88138e-04,1.08995e-04,0,0.7638,0.3898
1.650,15.00,100.0,3.87789e+03,5.32044e-08,2.82487e-04,1.88343e-04,0,0.7638,0.3898
1.650,17.50,100.0,6.15794e+03,5.32044e-08,1.77893e-04,2.99081e-04,0,0.7638,0.3898
1.650,20.00,100.0,9.19203e+03,5.32044e-08,1.19174e-04,4.46442e-04,0,0.7638,0.3898
1.650,22.50,100.0,1.30879e+04,5.32044e-08,8.36999e-05,6.35657e-04,0,0.7638,0.3898
1.650,25.00,100.0,1.79532e+04,5.32044e-08,6.10172e-05,8.71957e-04,0,0.7638,0.3898
1.650,27.50,100.0,2.38957e+04,5.32044e-08,4.58431e-05,1.16058e-03,0,0.7638,0.3898
1.650,30.00,100.0,3.10231e+04,5.32044e-08,3.53109e-05,1.50674e-03,0,0.7638,0.3898
1.650,32.50,100.0,3.94431e+04,5.32044e-08,2.77730e-05,1.91569e-03,0,0.7638,0.3898
1.650,35.00,100.0,4.92635e+04,5.32044e-08,2.22366e-05,2.39265e-03,0,0.7638,0.3898
1.650,37.50,100.0,6.05920e+04,5.32044e-08,1.80792e-05,2.94286e-03,0,0.7638,0.3898
1.650,40.00,100.0,7.35362e+04,5.32044e-08,1.48968e-05,3.57154e-03,0,0.7638,0.3898
1.650,42.50,100.0,8.82040e+04,5.32044e-08,1.24195e-05,4.28393e-03,0,0.7638,0.3898
1.650,45.00,100.0,1.04703e+05,5.32044e-08,1.04625e-05,5.08526e-03,0,0.7638,0.3898
1.650,47.50,100.0,1.23141e+05,5.32044e-08,8.89593e-06,5.98076e-03,0,0.7638,0.3898
1.650,50.00,100.0,1.43625e+05,5.32044e-08,7.62715e-06,6.97566e-03,0,0.7638,0.3898
1.650,52.50,100.0,1.66264e+05,5.32044e-08,6.58862e-06,8.07520e-03,0,0.7638,0.3898
1.650,55.00,100.0,1.91165e+05,5.32044e-08,5.73039e-06,9.28460e-03,0,0.7638,0.3898
1.650,57.50,100.0,2.18436e+05,5.32044e-08,5.01498e-06,1.06091e-02,0,0.7638,0.3898
1.650,60.00,100.0,2.48185e+05,5.32044e-08,4.41386e-06,1.20539e-02,0,0.7638,0.3898
1.650,62.50,100.0,2.80518e+05,5.32044e-08,3.90510e-06,1.36243e-02,0,0.7638,0.3898
1.650,65.00,100.0,3.15545e+05,5.32044e-08,3.47162e-06,1.53255e-02,0,0.7638,0.3898
1.650,67.50,100.0,3.53372e+05,5.32044e-08,3.10000e-06,1.71627e-02,0,0.7638,0.3898
1.650,70.00,100.0,3.94108e+05,5.32044e-08,2.77957e-06,1.91412e-02,0,0.7638,0.3898
1.650,72.50,100.0,4.37860e+05,5.32044e-08,2.50183e-06,2.12662e-02,0,0.7638,0.3898
1.650,75.00,100.0,4.84736e+05,5.32044e-08,2.25990e-06,2.35429e-02,0,0.7638,0.3898
1.650,77.50,100.0,5.34843e+05,5.32044e-08,2.04818e-06,2.59765e-02,0,0.7638,0.3898
1.650,80.00,100.0,5.88290e+05,5.32044e-08,1.86210e-06,2.85723e-02,0,0.7638,0.3898
1.700,5.00,100.0,1.37336e+02,4.93782e-08,7.97645e-03,6.19049e-06,0,0.7638,0.4016
1.700,7.50,100.0,4.63508e+02,4.93782e-08,2.36339e-03,2.08929e-05,0,0.7638,0.4016
1.700,10.00,100.0,1.09869e+03,4.93782e-08,9.97057e-04,4.95240e-05,0,0.7638,0.4016
1.700,12.50,100.0,2.14587e+03,4.93782e-08,5.10493e-04,9.67265e-05,0,0.7638,0.4016
1.700,15.00,100.0,3.70807e+03,4.93782e-08,2.95424e-04,1.67143e-04,0,0.7638,0.4016
1.700,17.50,100.0,5.88827e+03,4.93782e-08,1.86040e-04,2.65417e-04,0,0.7638,0.4016
1.700,20.00,100.0,8.78949e+03,4.93782e-08,1.24632e-04,3.96192e-04,0,0.7638,0.4016
1.700,22.50,100.0,1.25147e+04,4.93782e-08,8.75331e-05,5.64109e-04,0,0.7638,0.4016
1.700,25.00,100.0,1.71670e+04,4.93782e-08,6.38116e-05,7.73812e-04,0,0.7638,0.4016
1.700,27.50,100.0,2.28492e+04,4.93782e-08,4.79426e-05,1.02994e-03,0,0.7638,0.4016
1.700,30.00,100.0,2.96645e+04,4.93782e-08,3.69280e-05,1.33715e-03,0,0.7638,0.4016
1.700,32.50,100.0,3.77159e+04,4.93782e-08,2.90449e-05,1.70006e-03,0,0.7638,0.4016
1.700,35.00,100.0,4.71062e+04,4.93782e-08,2.32550e-05,2.12334e-03,0,0.7638,0.4016
1.700,37.50,100.0,5.79386e+04,4.93782e-08,1.89071e-05,2.61161e-03,0,0.7638,0.4016
1.700,40.00,100.0,7.03159e+04,4.93782e-08,1.55790e-05,3.16953e-03,0,0.7638,0.4016
1.700,42.50,100.0,8.43414e+04,4.93782e-08,1.29883e-05,3.80174e-03,0,0.7638,0.4016
1.700,45.00,100.0,1.00118e+05,4.93782e-08,1.09416e-05,4.51287e-03,0,0.7638,0.4016
1.700,47.50,100.0,1.17748e+05,4.93782e-08,9.30334e-06,5.30758e-03,0,0.7638,0.4016
1.700,50.00,100.0,1.37336e+05,4.93782e-08,7.97645e-06,6.19049e-03,0,0.7638,0.4016
1.700,52.50,100.0,1.58983e+05,4.93782e-08,6.89036e-06,7.16627e-03,0,0.7638,0.4016
1.700,55.00,100.0,1.82794e+05,4.93782e-08,5.99283e-06,8.23955e-03,0,0.7638,0.4016
1.700,57.50,100.0,2.08871e+05,4.93782e-08,5.24465e-06,9.41497e-03,0,0.7638,0.4016
1.700,60.00,100.0,2.37316e+05,4.93782e-08,4.61600e-06,1.06972e-02,0,0.7638,0.4016
1.700,62.50,100.0,2.68234e+05,4.93782e-08,4.08394e-06,1.20908e-02,0,0.7638,0.4016
1.700,65.00,100.0,3.01727e+05,4.93782e-08,3.63061e-06,1.36005e-02,0,0.7638,0.4016
1.700,67.50,100.0,3.37898e+05,4.93782e-08,3.24197e-06,1.52309e-02,0,0.7638,0.4016
1.700,70.00,100.0,3.76850e+05,4.93782e-08,2.90687e-06,1.69867e-02,0,0.7638,0.4016
1.700,72.50,100.0,4.18685e+05,4.93782e-08,2.61641e-06,1.88725e-02,0,0.7638,0.4016
1.700,75.00,100.0,4.63508e+05,4.93782e-08,2.36339e-06,2.08929e-02,0,0.7638,0.4016
1.700,77.50,100.0,5.11421e+05,4.93782e-08,2.14198e-06,2.30526e-02,0,0.7638,0.4016
1.700,80.00,100.0,5.62528e+05,4.93782e-08,1.94738e-06,2.53563e-02,0,0.7638,0.4016
1.750,5.00,100.0,1.31492e+02,4.59264e-08,8.33093e-03,5.51276e-06,0,0.7638,0.4134
1.750,7.50,100.0,4.43786e+02,4.59264e-08,2.46842e-03,1.86056e-05,0,0.7638,0.4134
1.750,10.00,100.0,1.05194e+03,4.59264e-08,1.04137e-03,4.41021e-05,0,0.7638,0.4134
1.750,12.50,100.0,2.05457e+03,4.59264e-08,5.33179e-04,8.61368e-05,0,0.7638,0.4134
1.750,15.00,100.0,3.55029e+03,4.59264e-08,3.08553e-04,1.48844e-04,0,0.7638,0.4134
1.750,17.50,100.0,5.63773e+03,4.59264e-08,1.94307e-04,2.36359e-04,0,0.7638,0.4134
1.750,20.00,100.0,8.41550e+03,4.59264e-08,1.30171e-04,3.52816e-04,0,0.7638,0.4134
1.750,22.50,100.0,1.19822e+04,4.59264e-08,9.14231e-05,5.02350e-04,0,0.7638,0.4134
1.750,25.00,100.0,1.64365e+04,4.59264e-08,6.66474e-05,6.89095e-04,0,0.7638,0.4134
1.750,27.50,100.0,2.18770e+04,4.59264e-08,5.00732e-05,9.17185e-04,0,0.7638,0.4134
1.750,30.00,100.0,2.84023e+04,4.59264e-08,3.85691e-05,1.19076e-03,0,0.7638,0.4134
1.750,32.50,100.0,3.61111e+04,4.59264e-08,3.03357e-05,1.51394e-03,0,0.7638,0.4134
1.750,35.00,100.0,4.51018e+04,4.59264e-08,2.42884e-05,1.89088e-03,0,0.7638,0.4134
1.750,37.50,100.0,5.54733e+04,4.59264e-08,1.97474e-05,2.32569e-03,0,0.7638,0.4134
1.750,40.00,100.0,6.73240e+04,4.59264e-08,1.62713e-05,2.82253e-03,0,0.7638,0.4134
1.750,42.50,100.0,8.07527e+04,4.59264e-08,1.35655e-05,3.38552e-03,0,0.7638,0.4134
1.750,45.00,100.0,9.58579e+04,4.59264e-08,1.14279e-05,4.01880e-03,0,0.7638,0.4134
1.750,47.50,100.0,1.12738e+05,4.59264e-08,9.71679e-06,4.72650e-03,0,0.7638,0.4134
1.750,50.00,100.0,1.31492e+05,4.59264e-08,8.33093e-06,5.51276e-03,0,0.7638,0.4134
1.750,52.50,100.0,1.52219e+05,4.59264e-08,7.19657e-06,6.38171e-03,0,0.7638,0.4134
1.750,55.00,100.0,1.75016e+05,4.59264e-08,6.25915e-06,7.33748e-03,0,0.7638,0.4134
1.750,57.50,100.0,1.99983e+05,4.59264e-08,5.47772e-06,8.38421e-03,0,0.7638,0.4134
1.750,60.00,100.0,2.27219e+05,4.59264e-08,4.82114e-06,9.52604e-03,0,0.7638,0.4134
1.750,62.50,100.0,2.56821e+05,4.59264e-08,4.26544e-06,1.07671e-02,0,0.7638,0.4134
1.750,65.00,100.0,2.88888e+05,4.59264e-08,3.79196e-06,1.21115e-02,0,0.7638,0.4134
1.750,67.50,100.0,3.23520e+05,4.59264e-08,3.38604e-06,1.35634e-02,0,0.7638,0.4134
1.750,70.00,100.0,3.60815e+05,4.59264e-08,3.03605e-06,1.51270e-02,0,0.7638,0.4134
1.750,72.50,100.0,4.00871e+05,4.59264e-08,2.73268e-06,1.68063e-02,0,0.7638,0.4134
1.750,75.00,100.0,4.43786e+05,4.59264e-08,2.46842e-06,1.86056e-02,0,0.7638,0.4134
1.750,77.50,100.0,4.89661e+05,4.59264e-08,2.23717e-06,2.05288e-02,0,0.7638,0.4134
1.750,80.00,100.0,5.38592e+05,4.59264e-08,2.03392e-06,2.25803e-02,0,0.7638,0.4134
1.800,5.00,100.0,1.26052e+02,4.28032e-08,8.69051e-03,4.92528e-06,0,0.7638,0.4252
1.800,7.50,100.0,4.25424e+02,4.28032e-08,2.57497e-03,1.66228e-05,0,0.7638,0.4252
1.800,10.00,100.0,1.00841e+03,4.28032e-08,1.08631e-03,3.94022e-05,0,0.7638,0.4252
1.800,12.50,100.0,1.96956e+03,4.28032e-08,5.56192e-04,7.69575e-05,0,0.7638,0.4252
1.800,15.00,100.0,3.40339e+03,4.28032e-08,3.21871e-04,1.32983e-04,0,0.7638,0.4252
1.800,17.50,100.0,5.40446e+03,4.28032e-08,2.02694e-04,2.11171e-04,0,0.7638,0.4252
1.800,20.00,100.0,8.06730e+03,4.28032e-08,1.35789e-04,3.15218e-04,0,0.7638,0.4252
1.800,22.50,100.0,1.14865e+04,4.28032e-08,9.53691e-05,4.48816e-04,0,0.7638,0.4252
1.800,25.00,100.0,1.57565e+04,4.28032e-08,6.95241e-05,6.15660e-04,0,0.7638,0.4252
1.800,27.50,100.0,2.09718e+04,4.28032e-08,5.22345e-05,8.19444e-04,0,0.7638,0.4252
1.800,30.00,100.0,2.72272e+04,4.28032e-08,4.02338e-05,1.06386e-03,0,0.7638,0.4252
1.800,32.50,100.0,3.46169e+04,4.28032e-08,3.16450e-05,1.35261e-03,0,0.7638,0.4252
1.800,35.00,100.0,4.32357e+04,4.28032e-08,2.53368e-05,1.68937e-03,0,0.7638,0.4252
1.800,37.50,100.0,5.31780e+04,4.28032e-08,2.05997e-05,2.07785e-03,0,0.7638,0.4252
1.800,40.00,100.0,6.45384e+04,4.28032e-08,1.69736e-05,2.52174e-03,0,0.7638,0.4252
1.800,42.50,100.0,7.74115e+04,4.28032e-08,1.41510e-05,3.02474e-03,0,0.7638,0.4252
1.800,45.00,100.0,9.18916e+04,4.28032e-08,1.19211e-05,3.59053e-03,0,0.7638,0.4252
1.800,47.50,100.0,1.08074e+05,4.28032e-08,1.01362e-05,4.22281e-03,0,0.7638,0.4252
1.800,50.00,100.0,1.26052e+05,4.28032e-08,8.69051e-06,4.92528e-03,0,0.7638,0.4252
1.800,52.50,100.0,1.45921e+05,4.28032e-08,7.50719e-06,5.70163e-03,0,0.7638,0.4252
1.800,55.00,100.0,1.67775e+05,4.28032e-08,6.52931e-06,6.55555e-03,0,0.7638,0.4252
1.800,57.50,100.0,1.91709e+05,4.28032e-08,5.71415e-06,7.49074e-03,0,0.7638,0.4252
1.800,60.00,100.0,2.17817e+05,4.28032e-08,5.02923e-06,8.51089e-03,0,0.7638,0.4252
1.800,62.50,100.0,2.46195e+05,4.28032e-08,4.44954e-06,9.61969e-03,0,0.7638,0.4252
1.800,65.00,100.0,2.76935e+05,4.28032e-08,3.95562e-06,1.08208e-02,0,0.7638,0.4252
1.800,67.50,100.0,3.10134e+05,4.28032e-08,3.53219e-06,1.21180e-02,0,0.7638,0.4252
1.800,70.00,100.0,3.45886e+05,4.28032e-08,3.16709e-06,1.35150e-02,0,0.7638,0.4252
1.800,72.50,100.0,3.84284e+05,4.28032e-08,2.85063e-06,1.50153e-02,0,0.7638,0.4252
1.800,75.00,100.0,4.25424e+05,4.28032e-08,2.57497e-06,1.66228e-02,0,0.7638,0.4252
1.800,77.50,100.0,4.69401e+05,4.28032e-08,2.33373e-06,1.83411e-02,0,0.7638,0.4252
1.800,80.00,100.0,5.16307e+05,4.28032e-08,2.12171e-06,2.01740e-02,0,0.7638,0.4252
1.850,5.00,100.0,1.20976e+02,3.99694e-08,9.05512e-03,4.41402e-06,0,0.7638,0.4370
1.850,7.50,100.0,4.08294e+02,3.99694e-08,2.68300e-03,1.48973e-05,0,0.7638,0.4370
1.850,10.00,100.0,9.67809e+02,3.99694e-08,1.13189e-03,3.53121e-05,0,0.7638,0.4370
1.850,12.50,100.0,1.89025e+03,3.99694e-08,5.79527e-04,6.89690e-05,0,0.7638,0.4370
1.850,15.00,100.0,3.26636e+03,3.99694e-08,3.35375e-04,1.19178e-04,0,0.7638,0.4370
1.850,17.50,100.0,5.18685e+03,3.99694e-08,2.11198e-04,1.89251e-04,0,0.7638,0.4370
1.850,20.00,100.0,7.74247e+03,3.99694e-08,1.41486e-04,2.82497e-04,0,0.7638,0.4370
1.850,22.50,100.0,1.10239e+04,3.99694e-08,9.93703e-05,4.02227e-04,0,0.7638,0.4370
1.850,25.00,100.0,1.51220e+04,3.99694e-08,7.24409e-05,5.51752e-04,0,0.7638,0.4370
1.850,27.50,100.0,2.01274e+04,3.99694e-08,5.44259e-05,7.34382e-04,0,0.7638,0.4370
1.850,30.00,100.0,2.61308e+04,3.99694e-08,4.19218e-05,9.53428e-04,0,0.7638,0.4370
1.850,32.50,100.0,3.32231e+04,3.99694e-08,3.29727e-05,1.21220e-03,0,0.7638,0.4370
1.850,35.00,100.0,4.14948e+04,3.99694e-08,2.63998e-05,1.51401e-03,0,0.7638,0.4370
1.850,37.50,100.0,5.10368e+04,3.99694e-08,2.14640e-05,1.86216e-03,0,0.7638,0.4370
1.850,40.00,100.0,6.19398e+04,3.99694e-08,1.76858e-05,2.25998e-03,0,0.7638,0.4370
1.850,42.50,100.0,7.42945e+04,3.99694e-08,1.47447e-05,2.71076e-03,0,0.7638,0.4370
1.850,45.00,100.0,8.81916e+04,3.99694e-08,1.24213e-05,3.21782e-03,0,0.7638,0.4370
1.850,47.50,100.0,1.03722e+05,3.99694e-08,1.05614e-05,3.78447e-03,0,0.7638,0.4370
1.850,50.00,100.0,1.20976e+05,3.99694e-08,9.05512e-06,4.41402e-03,0,0.7638,0.4370
1.850,52.50,100.0,1.40045e+05,3.99694e-08,7.82215e-06,5.10978e-03,0,0.7638,0.4370
1.850,55.00,100.0,1.61019e+05,3.99694e-08,6.80324e-06,5.87506e-03,0,0.7638,0.4370
1.850,57.50,100.0,1.83990e+05,3.99694e-08,5.95389e-06,6.71317e-03,0,0.7638,0.4370
1.850,60.00,100.0,2.09047e+05,3.99694e-08,5.24023e-06,7.62742e-03,0,0.7638,0.4370
1.850,62.50,100.0,2.36281e+05,3.99694e-08,4.63622e-06,8.62113e-03,0,0.7638,0.4370
1.850,65.00,100.0,2.65785e+05,3.99694e-08,4.12158e-06,9.69760e-03,0,0.7638,0.4370
1.850,67.50,100.0,2.97647e+05,3.99694e-08,3.68038e-06,1.08601e-02,0,0.7638,0.4370
1.850,70.00,100.0,3.31958e+05,3.99694e-08,3.29997e-06,1.21121e-02,0,0.7638,0.4370
1.850,72.50,100.0,3.68811e+05,3.99694e-08,2.97023e-06,1.34567e-02,0,0.7638,0.4370
1.850,75.00,100.0,4.08294e+05,3.99694e-08,2.68300e-06,1.48973e-02,0,0.7638,0.4370
1.850,77.50,100.0,4.50500e+05,3.99694e-08,2.43164e-06,1.64373e-02,0,0.7638,0.4370
1.850,80.00,100.0,4.95518e+05,3.99694e-08,2.21072e-06,1.80798e-02,0,0.7638,0.4370
1.900,5.00,100.0,1.16232e+02,3.73915e-08,9.42468e-03,3.96741e-06,0,0.7638,0.4489
1.900,7.50,100.0,3.92284e+02,3.73915e-08,2.79250e-03,1.33900e-05,0,0.7638,0.4489
1.900,10.00,100.0,9.29858e+02,3.73915e-08,1.17809e-03,3.17392e-05,0,0.7638,0.4489
1.900,12.50,100.0,1.81613e+03,3.73915e-08,6.03180e-04,6.19907e-05,0,0.7638,0.4489
1.900,15.00,100.0,3.13827e+03,3.73915e-08,3.49062e-04,1.07120e-04,0,0.7638,0.4489
1.900,17.50,100.0,4.98346e+03,3.73915e-08,2.19818e-04,1.70103e-04,0,0.7638,0.4489
1.900,20.00,100.0,7.43887e+03,3.73915e-08,1.47261e-04,2.53914e-04,0,0.7638,0.4489
1.900,22.50,100.0,1.05917e+04,3.73915e-08,1.03426e-04,3.61530e-04,0,0.7638,0.4489
1.900,25.00,100.0,1.45290e+04,3.73915e-08,7.53975e-05,4.95926e-04,0,0.7638,0.4489
1.900,27.50,100.0,1.93381e+04,3.73915e-08,5.66472e-05,6.60077e-04,0,0.7638,0.4489
1.900,30.00,100.0,2.51062e+04,3.73915e-08,4.36328e-05,8.56960e-04,0,0.7638,0.4489
1.900,32.50,100.0,3.19203e+04,3.73915e-08,3.43184e-05,1.08955e-03,0,0.7638,0.4489
1.900,35.00,100.0,3.98677e+04,3.73915e-08,2.74772e-05,1.36082e-03,0,0.7638,0.4489
1.900,37.50,100.0,4.90355e+04,3.73915e-08,2.23400e-05,1.67375e-03,0,0.7638,0.4489
1.900,40.00,100.0,5.95109e+04,3.73915e-08,1.84076e-05,2.03131e-03,0,0.7638,0.4489
1.900,42.50,100.0,7.13812e+04,3.73915e-08,1.53465e-05,2.43648e-03,0,0.7638,0.4489
1.900,45.00,100.0,8.47333e+04,3.73915e-08,1.29282e-05,2.89224e-03,0,0.7638,0.4489
1.900,47.50,100.0,9.96547e+04,3.73915e-08,1.09925e-05,3.40155e-03,0,0.7638,0.4489
1.900,50.00,100.0,1.16232e+05,3.73915e-08,9.42468e-06,3.96741e-03,0,0.7638,0.4489
1.900,52.50,100.0,1.34553e+05,3.73915e-08,8.14140e-06,4.59277e-03,0,0.7638,0.4489
1.900,55.00,100.0,1.54705e+05,3.73915e-08,7.08090e-06,5.28062e-03,0,0.7638,0.4489
1.900,57.50,100.0,1.76775e+05,3.73915e-08,6.19688e-06,6.03393e-03,0,0.7638,0.4489
1.900,60.00,100.0,2.00849e+05,3.73915e-08,5.45410e-06,6.85568e-03,0,0.7638,0.4489
1.900,62.50,100.0,2.27016e+05,3.73915e-08,4.82544e-06,7.74884e-03,0,0.7638,0.4489
1.900,65.00,100.0,2.55362e+05,3.73915e-08,4.28980e-06,8.71639e-03,0,0.7638,0.4489
1.900,67.50,100.0,2.85975e+05,3.73915e-08,3.83059e-06,9.76131e-03,0,0.7638,0.4489
1.900,70.00,100.0,3.18941e+05,3.73915e-08,3.43465e-06,1.08866e-02,0,0.7638,0.4489
1.900,72.50,100.0,3.54349e+05,3.73915e-08,3.09145e-06,1.20951e-02,0,0.7638,0.4489
1.900,75.00,100.0,3.92284e+05,3.73915e-08,2.79250e-06,1.33900e-02,0,0.7638,0.4489
1.900,77.50,100.0,4.32835e+05,3.73915e-08,2.53088e-06,1.47741e-02,0,0.7638,0.4489
1.900,80.00,100.0,4.76087e+05,3.73915e-08,2.30095e-06,1.62505e-02,0,0.7638,0.4489
1.950,5.00,100.0,1.11791e+02,3.50405e-08,9.79915e-03,3.57588e-06,0,0.7638,0.4607
1.950,7.50,100.0,3.77293e+02,3.50405e-08,2.90345e-03,1.20686e-05,0,0.7638,0.4607
1.950,10.00,100.0,8.94325e+02,3.50405e-08,1.22489e-03,2.86070e-05,0,0.7638,0.4607
1.950,12.50,100.0,1.74673e+03,3.50405e-08,6.27145e-04,5.58731e-05,0,0.7638,0.4607
1.950,15.00,100.0,3.01835e+03,3.50405e-08,3.62931e-04,9.65487e-05,0,0.7638,0.4607
1.950,17.50,100.0,4.79302e+03,3.50405e-08,2.28552e-04,1.53316e-04,0,0.7638,0.4607
1.950,20.00,100.0,7.15460e+03,3.50405e-08,1.53112e-04,2.28856e-04,0,0.7638,0.4607
1.950,22.50,100.0,1.01869e+04,3.50405e-08,1.07535e-04,3.25852e-04,0,0.7638,0.4607
1.950,25.00,100.0,1.39738e+04,3.50405e-08,7.83932e-05,4.46985e-04,0,0.7638,0.4607
1.950,27.50,100.0,1.85992e+04,3.50405e-08,5.88980e-05,5.94937e-04,0,0.7638,0.4607
1.950,30.00,100.0,2.41468e+04,3.50405e-08,4.53664e-05,7.72389e-04,0,0.7638,0.4607
1.950,32.50,100.0,3.07005e+04,3.50405e-08,3.56819e-05,9.82025e-04,0,0.7638,0.4607
1.950,35.00,100.0,3.83442e+04,3.50405e-08,2.85689e-05,1.22653e-03,0,0.7638,0.4607
1.950,37.50,100.0,4.71617e+04,3.50405e-08,2.32276e-05,1.50857e-03,0,0.7638,0.4607
1.950,40.00,100.0,5.72368e+04,3.50405e-08,1.91390e-05,1.83085e-03,0,0.7638,0.4607
1.950,42.50,100.0,6.86534e+04,3.50405e-08,1.59563e-05,2.19604e-03,0,0.7638,0.4607
1.950,45.00,100.0,8.14954e+04,3.50405e-08,1.34419e-05,2.60681e-03,0,0.7638,0.4607
1.950,47.50,100.0,9.58465e+04,3.50405e-08,1.14292e-05,3.06587e-03,0,0.7638,0.4607
1.950,50.00,100.0,1.11791e+05,3.50405e-08,9.79915e-06,3.57588e-03,0,0.7638,0.4607
1.950,52.50,100.0,1.29412e+05,3.50405e-08,8.46487e-06,4.13952e-03,0,0.7638,0.4607
1.950,55.00,100.0,1.48793e+05,3.50405e-08,7.36224e-06,4.75949e-03,0,0.7638,0.4607
1.950,57.50,100.0,1.70020e+05,3.50405e-08,6.44310e-06,5.43846e-03,0,0.7638,0.4607
1.950,60.00,100.0,1.93174e+05,3.50405e-08,5.67080e-06,6.17912e-03,0,0.7638,0.4607
1.950,62.50,100.0,2.18341e+05,3.50405e-08,5.01716e-06,6.98414e-03,0,0.7638,0.4607
1.950,65.00,100.0,2.45604e+05,3.50405e-08,4.46024e-06,7.85620e-03,0,0.7638,0.4607
1.950,67.50,100.0,2.75047e+05,3.50405e-08,3.98279e-06,8.79800e-03,0,0.7638,0.4607
1.950,70.00,100.0,3.06753e+05,3.50405e-08,3.57112e-06,9.81221e-03,0,0.7638,0.4607
1.950,72.50,100.0,3.40808e+05,3.50405e-08,3.21428e-06,1.09015e-02,0,0.7638,0.4607
1.950,75.00,100.0,3.77293e+05,3.50405e-08,2.90345e-06,1.20686e-02,0,0.7638,0.4607
1.950,77.50,100.0,4.16294e+05,3.50405e-08,2.63144e-06,1.33161e-02,0,0.7638,0.4607
1.950,80.00,100.0,4.57894e+05,3.50405e-08,2.39237e-06,1.46468e-02,0,0.7638,0.4607
2.000,5.00,100.0,1.07625e+02,3.28914e-08,1.01784e-02,3.23148e-06,0,0.7638,0.4725
2.000,7.50,100.0,3.63234e+02,3.28914e-08,3.01584e-03,1.09062e-05,0,0.7638,0.4725
2.000,10.00,100.0,8.60998e+02,3.28914e-08,1.27231e-03,2.58518e-05,0,0.7638,0.4725
2.000,12.50,100.0,1.68164e+03,3.28914e-08,6.51420e-04,5.04918e-05,0,0.7638,0.4725
2.000,15.00,100.0,2.90587e+03,3.28914e-08,3.76979e-04,8.72499e-05,0,0.7638,0.4725
2.000,17.50,100.0,4.61441e+03,3.28914e-08,2.37398e-04,1.38550e-04,0,0.7638,0.4725
2.000,20.00,100.0,6.88799e+03,3.28914e-08,1.59038e-04,2.06815e-04,0,0.7638,0.4725
2.000,22.50,100.0,9.80731e+03,3.28914e-08,1.11698e-04,2.94468e-04,0,0.7638,0.4725
2.000,25.00,100.0,1.34531e+04,3.28914e-08,8.14276e-05,4.03935e-04,0,0.7638,0.4725
2.000,27.50,100.0,1.79061e+04,3.28914e-08,6.11777e-05,5.37637e-04,0,0.7638,0.4725
2.000,30.00,100.0,2.32470e+04,3.28914e-08,4.71224e-05,6.97999e-04,0,0.7638,0.4725
2.000,32.50,100.0,2.95565e+04,3.28914e-08,3.70631e-05,8.87444e-04,0,0.7638,0.4725
2.000,35.00,100.0,3.69153e+04,3.28914e-08,2.96748e-05,1.10840e-03,0,0.7638,0.4725
2.000,37.50,100.0,4.54042e+04,3.28914e-08,2.41267e-05,1.36328e-03,0,0.7638,0.4725
2.000,40.00,100.0,5.51039e+04,3.28914e-08,1.98798e-05,1.65452e-03,0,0.7638,0.4725
2.000,42.50,100.0,6.60951e+04,3.28914e-08,1.65739e-05,1.98453e-03,0,0.7638,0.4725
2.000,45.00,100.0,7.84585e+04,3.28914e-08,1.39622e-05,2.35575e-03,0,0.7638,0.4725
2.000,47.50,100.0,9.22748e+04,3.28914e-08,1.18716e-05,2.77059e-03,0,0.7638,0.4725
2.000,50.00,100.0,1.07625e+05,3.28914e-08,1.01784e-05,3.23148e-03,0,0.7638,0.4725
2.000,52.50,100.0,1.24589e+05,3.28914e-08,8.79252e-06,3.74084e-03,0,0.7638,0.4725
2.000,55.00,100.0,1.43249e+05,3.28914e-08,7.64722e-06,4.30110e-03,0,0.7638,0.4725
2.000,57.50,100.0,1.63684e+05,3.28914e-08,6.69249e-06,4.91467e-03,0,0.7638,0.4725
2.000,60.00,100.0,1.85976e+05,3.28914e-08,5.89030e-06,5.58399e-03,0,0.7638,0.4725
2.000,62.50,100.0,2.10205e+05,3.28914e-08,5.21136e-06,6.31148e-03,0,0.7638,0.4725
2.000,65.00,100.0,2.36452e+05,3.28914e-08,4.63288e-06,7.09955e-03,0,0.7638,0.4725
2.000,67.50,100.0,2.64797e+05,3.28914e-08,4.13695e-06,7.95065e-03,0,0.7638,0.4725
2.000,70.00,100.0,2.95322e+05,3.28914e-08,3.70935e-06,8.86717e-03,0,0.7638,0.4725
2.000,72.50,100.0,3.28108e+05,3.28914e-08,3.33870e-06,9.85156e-03,0,0.7638,0.4725
2.000,75.00,100.0,3.63234e+05,3.28914e-08,3.01584e-06,1.09062e-02,0,0.7638,0.4725
2.000,77.50,100.0,4.00781e+05,3.28914e-08,2.73329e-06,1.20336e-02,0,0.7638,0.4725
2.000,80.00,100.0,4.40831e+05,3.28914e-08,2.48497e-06,1.32361e-02,0,0.7638,0.4725
2.050,5.00,100.0,1.03711e+02,3.09224e-08,1.05625e-02,2.92756e-06,0,0.7638,0.4843
2.050,7.50,100.0,3.50026e+02,3.09224e-08,3.12963e-03,9.88051e-06,0,0.7638,0.4843
2.050,10.00,100.0,8.29691e+02,3.09224e-08,1.32031e-03,2.34205e-05,0,0.7638,0.4843
2.050,12.50,100.0,1.62049e+03,3.09224e-08,6.76001e-04,4.57431e-05,0,0.7638,0.4843
2.050,15.00,100.0,2.80021e+03,3.09224e-08,3.91204e-04,7.90441e-05,0,0.7638,0.4843
2.050,17.50,100.0,4.44663e+03,3.09224e-08,2.46356e-04,1.25519e-04,0,0.7638,0.4843
2.050,20.00,100.0,6.63753e+03,3.09224e-08,1.65039e-04,1.87364e-04,0,0.7638,0.4843
2.050,22.50,100.0,9.45070e+03,3.09224e-08,1.15912e-04,2.66774e-04,0,0.7638,0.4843
2.050,25.00,100.0,1.29639e+04,3.09224e-08,8.45001e-05,3.65945e-04,0,0.7638,0.4843
2.050,27.50,100.0,1.72550e+04,3.09224e-08,6.34862e-05,4.87073e-04,0,0.7638,0.4843
2.050,30.00,100.0,2.24017e+04,3.09224e-08,4.89005e-05,6.32353e-04,0,0.7638,0.4843
2.050,32.50,100.0,2.84817e+04,3.09224e-08,3.84616e-05,8.03981e-04,0,0.7638,0.4843
2.050,35.00,100.0,3.55730e+04,3.09224e-08,3.07945e-05,1.00415e-03,0,0.7638,0.4843
2.050,37.50,100.0,4.37532e+04,3.09224e-08,2.50371e-05,1.23506e-03,0,0.7638,0.4843
2.050,40.00,100.0,5.31002e+04,3.09224e-08,2.06299e-05,1.49891e-03,0,0.7638,0.4843
2.050,42.50,100.0,6.36918e+04,3.09224e-08,1.71993e-05,1.79789e-03,0,0.7638,0.4843
2.050,45.00,100.0,7.56056e+04,3.09224e-08,1.44890e-05,2.13419e-03,0,0.7638,0.4843
2.050,47.50,100.0,8.89195e+04,3.09224e-08,1.23196e-05,2.51002e-03,0,0.7638,0.4843
2.050,50.00,100.0,1.03711e+05,3.09224e-08,1.05625e-05,2.92756e-03,0,0.7638,0.4843
2.050,52.50,100.0,1.20059e+05,3.09224e-08,9.12429e-06,3.38902e-03,0,0.7638,0.4843
2.050,55.00,100.0,1.38040e+05,3.09224e-08,7.93577e-06,3.89658e-03,0,0.7638,0.4843
2.050,57.50,100.0,1.57732e+05,3.09224e-08,6.94502e-06,4.45245e-03,0,0.7638,0.4843
2.050,60.00,100.0,1.79213e+05,3.09224e-08,6.11256e-06,5.05882e-03,0,0.7638,0.4843
2.050,62.50,100.0,2.02561e+05,3.09224e-08,5.40801e-06,5.71789e-03,0,0.7638,0.4843
2.050,65.00,100.0,2.27854e+05,3.09224e-08,4.80770e-06,6.43185e-03,0,0.7638,0.4843
2.050,67.50,100.0,2.55169e+05,3.09224e-08,4.29305e-06,7.20289e-03,0,0.7638,0.4843
2.050,70.00,100.0,2.84584e+05,3.09224e-08,3.84931e-06,8.03322e-03,0,0.7638,0.4843
2.050,72.50,100.0,3.16177e+05,3.09224e-08,3.46468e-06,8.92503e-03,0,0.7638,0.4843
2.050,75.00,100.0,3.50026e+05,3.09224e-08,3.12963e-06,9.88051e-03,0,0.7638,0.4843
2.050,77.50,100.0,3.86208e+05,3.09224e-08,2.83643e-06,1.09019e-02,0,0.7638,0.4843
2.050,80.00,100.0,4.24802e+05,3.09224e-08,2.57874e-06,1.19913e-02,0,0.7638,0.4843
2.100,5.00,100.0,1.00030e+02,2.91145e-08,1.09513e-02,2.65854e-06,0,0.7638,0.4961
2.100,7.50,100.0,3.37600e+02,2.91145e-08,3.24483e-03,8.97259e-06,0,0.7638,0.4961
2.100,10.00,100.0,8.00236e+02,2.91145e-08,1.36891e-03,2.12684e-05,0,0.7638,0.4961
2.100,12.50,100.0,1.56296e+03,2.91145e-08,7.00883e-04,4.15398e-05,0,0.7638,0.4961
2.100,15.00,100.0,2.70080e+03,2.91145e-08,4.05603e-04,7.17807e-05,0,0.7638,0.4961
2.100,17.50,100.0,4.28877e+03,2.91145e-08,2.55424e-04,1.13985e-04,0,0.7638,0.4961
2.100,20.00,100.0,6.40189e+03,2.91145e-08,1.71114e-04,1.70147e-04,0,0.7638,0.4961
2.100,22.50,100.0,9.11519e+03,2.91145e-08,1.20179e-04,2.42260e-04,0,0.7638,0.4961
2.100,25.00,100.0,1.25037e+04,2.91145e-08,8.76103e-05,3.32318e-04,0,0.7638,0.4961
2.100,27.50,100.0,1.66424e+04,2.91145e-08,6.58229e-05,4.42315e-04,0,0.7638,0.4961
2.100,30.00,100.0,2.16064e+04,2.91145e-08,5.07004e-05,5.74246e-04,0,0.7638,0.4961
2.100,32.50,100.0,2.74706e+04,2.91145e-08,3.98773e-05,7.30103e-04,0,0.7638,0.4961
2.100,35.00,100.0,3.43101e+04,2.91145e-08,3.19280e-05,9.11881e-04,0,0.7638,0.4961
2.100,37.50,100.0,4.22000e+04,2.91145e-08,2.59586e-05,1.12157e-03,0,0.7638,0.4961
2.100,40.00,100.0,5.12151e+04,2.91145e-08,2.13892e-05,1.36117e-03,0,0.7638,0.4961
2.100,42.50,100.0,6.14306e+04,2.91145e-08,1.78323e-05,1.63268e-03,0,0.7638,0.4961
2.100,45.00,100.0,7.29215e+04,2.91145e-08,1.50223e-05,1.93808e-03,0,0.7638,0.4961
2.100,47.50,100.0,8.57628e+04,2.91145e-08,1.27730e-05,2.27937e-03,0,0.7638,0.4961
2.100,50.00,100.0,1.00030e+05,2.91145e-08,1.09513e-05,2.65854e-03,0,0.7638,0.4961
2.100,52.50,100.0,1.15797e+05,2.91145e-08,9.46014e-06,3.07760e-03,0,0.7638,0.4961
2.100,55.00,100.0,1.33139e+05,2.91145e-08,8.22787e-06,3.53852e-03,0,0.7638,0.4961
2.100,57.50,100.0,1.52132e+05,2.91145e-08,7.20065e-06,4.04331e-03,0,0.7638,0.4961
2.100,60.00,100.0,1.72851e+05,2.91145e-08,6.33755e-06,4.59396e-03,0,0.7638,0.4961
2.100,62.50,100.0,1.95370e+05,2.91145e-08,5.60706e-06,5.19247e-03,0,0.7638,0.4961
2.100,65.00,100.0,2.19765e+05,2.91145e-08,4.98466e-06,5.84082e-03,0,0.7638,0.4961
2.100,67.50,100.0,2.46110e+05,2.91145e-08,4.45107e-06,6.54102e-03,0,0.7638,0.4961
2.100,70.00,100.0,2.74481e+05,2.91145e-08,3.99100e-06,7.29504e-03,0,0.7638,0.4961
2.100,72.50,100.0,3.04953e+05,2.91145e-08,3.59221e-06,8.10490e-03,0,0.7638,0.4961
2.100,75.00,100.0,3.37600e+05,2.91145e-08,3.24483e-06,8.97259e-03,0,0.7638,0.4961
2.100,77.50,100.0,3.72498e+05,2.91145e-08,2.94083e-06,9.90009e-03,0,0.7638,0.4961
2.100,80.00,100.0,4.09721e+05,2.91145e-08,2.67366e-06,1.08894e-02,0,0.7638,0.4961
2.150,5.00,100.0,9.65605e+01,2.74512e-08,1.13447e-02,2.41973e-06,0,0.7638,0.5079
2.150,7.50,100.0,3.25892e+02,2.74512e-08,3.36140e-03,8.16659e-06,0,0.7638,0.5079
2.150,10.00,100.0,7.72484e+02,2.74512e-08,1.41809e-03,1.93579e-05,0,0.7638,0.5079
2.150,12.50,100.0,1.50876e+03,2.74512e-08,7.26063e-04,3.78083e-05,0,0.7638,0.5079
2.150,15.00,100.0,2.60713e+03,2.74512e-08,4.20175e-04,6.53328e-05,0,0.7638,0.5079
2.150,17.50,100.0,4.14003e+03,2.74512e-08,2.64600e-04,1.03746e-04,0,0.7638,0.5079
2.150,20.00,100.0,6.17987e+03,2.74512e-08,1.77261e-04,1.54863e-04,0,0.7638,0.5079
2.150,22.50,100.0,8.79908e+03,2.74512e-08,1.24496e-04,2.20498e-04,0,0.7638,0.5079
2.150,25.00,100.0,1.20701e+04,2.74512e-08,9.07578e-05,3.02466e-04,0,0.7638,0.5079
2.150,27.50,100.0,1.60653e+04,2.74512e-08,6.81877e-05,4.02583e-04,0,0.7638,0.5079
2.150,30.00,100.0,2.08571e+04,2.74512e-08,5.25219e-05,5.22662e-04,0,0.7638,0.5079
2.150,32.50,100.0,2.65179e+04,2.74512e-08,4.13099e-05,6.64519e-04,0,0.7638,0.5079
2.150,35.00,100.0,3.31203e+04,2.74512e-08,3.30750e-05,8.29968e-04,0,0.7638,0.5079
2.150,37.50,100.0,4.07365e+04,2.74512e-08,2.68912e-05,1.02082e-03,0,0.7638,0.5079
2.150,40.00,100.0,4.94390e+04,2.74512e-08,2.21577e-05,1.23890e-03,0,0.7638,0.5079
2.150,42.50,100.0,5.93002e+04,2.74512e-08,1.84730e-05,1.48602e-03,0,0.7638,0.5079
2.150,45.00,100.0,7.03926e+04,2.74512e-08,1.55620e-05,1.76398e-03,0,0.7638,0.5079
2.150,47.50,100.0,8.27886e+04,2.74512e-08,1.32319e-05,2.07462e-03,0,0.7638,0.5079
2.150,50.00,100.0,9.65605e+04,2.74512e-08,1.13447e-05,2.41973e-03,0,0.7638,0.5079
2.150,52.50,100.0,1.11781e+05,2.74512e-08,9.80000e-06,2.80114e-03,0,0.7638,0.5079
2.150,55.00,100.0,1.28522e+05,2.74512e-08,8.52346e-06,3.22066e-03,0,0.7638,0.5079
2.150,57.50,100.0,1.46856e+05,2.74512e-08,7.45934e-06,3.68011e-03,0,0.7638,0.5079
2.150,60.00,100.0,1.66857e+05,2.74512e-08,6.56524e-06,4.18130e-03,0,0.7638,0.5079
2.150,62.50,100.0,1.88595e+05,2.74512e-08,5.80850e-06,4.72604e-03,0,0.7638,0.5079
2.150,65.00,100.0,2.12143e+05,2.74512e-08,5.16374e-06,5.31615e-03,0,0.7638,0.5079
2.150,67.50,100.0,2.37575e+05,2.74512e-08,4.61098e-06,5.95345e-03,0,0.7638,0.5079
2.150,70.00,100.0,2.64962e+05,2.74512e-08,4.13438e-06,6.63974e-03,0,0.7638,0.5079
2.150,72.50,100.0,2.94377e+05,2.74512e-08,3.72126e-06,7.37685e-03,0,0.7638,0.5079
2.150,75.00,100.0,3.25892e+05,2.74512e-08,3.36140e-06,8.16659e-03,0,0.7638,0.5079
2.150,77.50,100.0,3.59579e+05,2.74512e-08,3.04648e-06,9.01078e-03,0,0.7638,0.5079
2.150,80.00,100.0,3.95512e+05,2.74512e-08,2.76971e-06,9.91122e-03,0,0.7638,0.5079
2.200,5.00,100.0,9.32874e+01,2.59180e-08,1.17428e-02,2.20714e-06,0,0.7638,0.5197
2.200,7.50,100.0,3.14845e+02,2.59180e-08,3.47934e-03,7.44911e-06,0,0.7638,0.5197
2.200,10.00,100.0,7.46300e+02,2.59180e-08,1.46785e-03,1.76571e-05,0,0.7638,0.5197
2.200,12.50,100.0,1.45762e+03,2.59180e-08,7.51537e-04,3.44866e-05,0,0.7638,0.5197
2.200,15.00,100.0,2.51876e+03,2.59180e-08,4.34917e-04,5.95928e-05,0,0.7638,0.5197
2.200,17.50,100.0,3.99970e+03,2.59180e-08,2.73884e-04,9.46312e-05,0,0.7638,0.5197
2.200,20.00,100.0,5.97040e+03,2.59180e-08,1.83481e-04,1.41257e-04,0,0.7638,0.5197
2.200,22.50,100.0,8.50082e+03,2.59180e-08,1.28864e-04,2.01126e-04,0,0.7638,0.5197
2.200,25.00,100.0,1.16609e+04,2.59180e-08,9.39421e-05,2.75893e-04,0,0.7638,0.5197
2.200,27.50,100.0,1.55207e+04,2.59180e-08,7.05801e-05,3.67213e-04,0,0.7638,0.5197
2.200,30.00,100.0,2.01501e+04,2.59180e-08,5.43647e-05,4.76743e-04,0,0.7638,0.5197
2.200,32.50,100.0,2.56191e+04,2.59180e-08,4.27593e-05,6.06136e-04,0,0.7638,0.5197
2.200,35.00,100.0,3.19976e+04,2.59180e-08,3.42355e-05,7.57050e-04,0,0.7638,0.5197
2.200,37.50,100.0,3.93556e+04,2.59180e-08,2.78347e-05,9.31138e-04,0,0.7638,0.5197
2.200,40.00,100.0,4.77632e+04,2.59180e-08,2.29351e-05,1.13006e-03,0,0.7638,0.5197
2.200,42.50,100.0,5.72902e+04,2.59180e-08,1.91211e-05,1.35546e-03,0,0.7638,0.5197
2.200,45.00,100.0,6.80065e+04,2.59180e-08,1.61080e-05,1.60901e-03,0,0.7638,0.5197
2.200,47.50,100.0,7.99823e+04,2.59180e-08,1.36962e-05,1.89235e-03,0,0.7638,0.5197
2.200,50.00,100.0,9.32874e+04,2.59180e-08,1.17428e-05,2.20714e-03,0,0.7638,0.5197
2.200,52.50,100.0,1.07992e+05,2.59180e-08,1.01438e-05,2.55504e-03,0,0.7638,0.5197
2.200,55.00,100.0,1.24166e+05,2.59180e-08,8.82251e-06,2.93771e-03,0,0.7638,0.5197
2.200,57.50,100.0,1.41879e+05,2.59180e-08,7.72106e-06,3.35679e-03,0,0.7638,0.5197
2.200,60.00,100.0,1.61201e+05,2.59180e-08,6.79558e-06,3.81394e-03,0,0.7638,0.5197
2.200,62.50,100.0,1.82202e+05,2.59180e-08,6.01230e-06,4.31082e-03,0,0.7638,0.5197
2.200,65.00,100.0,2.04953e+05,2.59180e-08,5.34491e-06,4.84909e-03,0,0.7638,0.5197
2.200,67.50,100.0,2.29522e+05,2.59180e-08,4.77275e-06,5.43040e-03,0,0.7638,0.5197
2.200,70.00,100.0,2.55981e+05,2.59180e-08,4.27943e-06,6.05640e-03,0,0.7638,0.5197
2.200,72.50,100.0,2.84398e+05,2.59180e-08,3.85182e-06,6.72875e-03,0,0.7638,0.5197
2.200,75.00,100.0,3.14845e+05,2.59180e-08,3.47934e-06,7.44911e-03,0,0.7638,0.5197
2.200,77.50,100.0,3.47391e+05,2.59180e-08,3.15337e-06,8.21912e-03,0,0.7638,0.5197
2.200,80.00,100.0,3.82105e+05,2.59180e-08,2.86689e-06,9.04045e-03,0,0.7638,0.5197
2.250,5.00,100.0,9.01952e+01,2.45020e-08,1.21454e-02,2.01740e-06,0,0.7638,0.5315
2.250,7.50,100.0,3.04409e+02,2.45020e-08,3.59862e-03,6.80871e-06,0,0.7638,0.5315
2.250,10.00,100.0,7.21562e+02,2.45020e-08,1.51817e-03,1.61392e-05,0,0.7638,0.5315
2.250,12.50,100.0,1.40930e+03,2.45020e-08,7.77303e-04,3.15218e-05,0,0.7638,0.5315
2.250,15.00,100.0,2.43527e+03,2.45020e-08,4.49828e-04,5.44697e-05,0,0.7638,0.5315
2.250,17.50,100.0,3.86712e+03,2.45020e-08,2.83274e-04,8.64958e-05,0,0.7638,0.5315
2.250,20.00,100.0,5.77249e+03,2.45020e-08,1.89771e-04,1.29113e-04,0,0.7638,0.5315
2.250,22.50,100.0,8.21904e+03,2.45020e-08,1.33282e-04,1.83835e-04,0,0.7638,0.5315
2.250,25.00,100.0,1.12744e+04,2.45020e-08,9.71628e-05,2.52174e-04,0,0.7638,0.5315
2.250,27.50,100.0,1.50062e+04,2.45020e-08,7.29999e-05,3.35644e-04,0,0.7638,0.5315
2.250,30.00,100.0,1.94822e+04,2.45020e-08,5.62285e-05,4.35757e-04,0,0.7638,0.5315
2.250,32.50,100.0,2.47699e+04,2.45020e-08,4.42252e-05,5.54027e-04,0,0.7638,0.5315
2.250,35.00,100.0,3.09370e+04,2.45020e-08,3.54092e-05,6.91967e-04,0,0.7638,0.5315
2.250,37.50,100.0,3.80511e+04,2.45020e-08,2.87890e-05,8.51089e-04,0,0.7638,0.5315
2.250,40.00,100.0,4.61799e+04,2.45020e-08,2.37214e-05,1.03291e-03,0,0.7638,0.5315
2.250,42.50,100.0,5.53911e+04,2.45020e-08,1.97767e-05,1.23893e-03,0,0.7638,0.5315
2.250,45.00,100.0,6.57523e+04,2.45020e-08,1.66603e-05,1.47068e-03,0,0.7638,0.5315
2.250,47.50,100.0,7.73311e+04,2.45020e-08,1.41657e-05,1.72966e-03,0,0.7638,0.5315
2.250,50.00,100.0,9.01952e+04,2.45020e-08,1.21454e-05,2.01740e-03,0,0.7638,0.5315
2.250,52.50,100.0,1.04412e+05,2.45020e-08,1.04916e-05,2.33539e-03,0,0.7638,0.5315
2.250,55.00,100.0,1.20050e+05,2.45020e-08,9.12498e-06,2.68515e-03,0,0.7638,0.5315
2.250,57.50,100.0,1.37176e+05,2.45020e-08,7.98577e-06,3.06821e-03,0,0.7638,0.5315
2.250,60.00,100.0,1.55857e+05,2.45020e-08,7.02856e-06,3.48606e-03,0,0.7638,0.5315
2.250,62.50,100.0,1.76163e+05,2.45020e-08,6.21842e-06,3.94022e-03,0,0.7638,0.5315
2.250,65.00,100.0,1.98159e+05,2.45020e-08,5.52815e-06,4.43222e-03,0,0.7638,0.5315
2.250,67.50,100.0,2.21914e+05,2.45020e-08,4.93638e-06,4.96355e-03,0,0.7638,0.5315
2.250,70.00,100.0,2.47496e+05,2.45020e-08,4.42615e-06,5.53573e-03,0,0.7638,0.5315
2.250,72.50,100.0,2.74971e+05,2.45020e-08,3.98388e-06,6.15028e-03,0,0.7638,0.5315
2.250,75.00,100.0,3.04409e+05,2.45020e-08,3.59862e-06,6.80871e-03,0,0.7638,0.5315
2.250,77.50,100.0,3.35876e+05,2.45020e-08,3.26148e-06,7.51253e-03,0,0.7638,0.5315
2.250,80.00,100.0,3.69440e+05,2.45020e-08,2.96517e-06,8.26325e-03,0,0.7638,0.5315
2.300,5.00,100.0,8.72701e+01,2.31920e-08,1.25524e-02,1.84761e-06,0,0.7638,0.5433
2.300,7.50,100.0,2.94537e+02,2.31920e-08,3.71924e-03,6.23568e-06,0,0.7638,0.5433
2.300,10.00,100.0,6.98161e+02,2.31920e-08,1.56905e-03,1.47809e-05,0,0.7638,0.5433
2.300,12.50,100.0,1.36360e+03,2.31920e-08,8.03356e-04,2.88689e-05,0,0.7638,0.5433
2.300,15.00,100.0,2.35629e+03,2.31920e-08,4.64905e-04,4.98854e-05,0,0.7638,0.5433
2.300,17.50,100.0,3.74171e+03,2.31920e-08,2.92768e-04,7.92162e-05,0,0.7638,0.5433
2.300,20.00,100.0,5.58529e+03,2.31920e-08,1.96132e-04,1.18247e-04,0,0.7638,0.5433
2.300,22.50,100.0,7.95249e+03,2.31920e-08,1.37750e-04,1.68363e-04,0,0.7638,0.5433
2.300,25.00,100.0,1.09088e+04,2.31920e-08,1.00420e-04,2.30951e-04,0,0.7638,0.5433
2.300,27.50,100.0,1.45196e+04,2.31920e-08,7.54467e-05,3.07396e-04,0,0.7638,0.5433
2.300,30.00,100.0,1.88503e+04,2.31920e-08,5.81131e-05,3.99083e-04,0,0.7638,0.5433
2.300,32.50,100.0,2.39666e+04,2.31920e-08,4.57076e-05,5.07399e-04,0,0.7638,0.5433
2.300,35.00,100.0,2.99336e+04,2.31920e-08,3.65960e-05,6.33729e-04,0,0.7638,0.5433
2.300,37.50,100.0,3.68171e+04,2.31920e-08,2.97539e-05,7.79459e-04,0,0.7638,0.5433
2.300,40.00,100.0,4.46823e+04,2.31920e-08,2.45165e-05,9.45975e-04,0,0.7638,0.5433
2.300,42.50,100.0,5.35948e+04,2.31920e-08,2.04396e-05,1.13466e-03,0,0.7638,0.5433
2.300,45.00,100.0,6.36199e+04,2.31920e-08,1.72187e-05,1.34691e-03,0,0.7638,0.5433
2.300,47.50,100.0,7.48232e+04,2.31920e-08,1.46405e-05,1.58409e-03,0,0.7638,0.5433
2.300,50.00,100.0,8.72701e+04,2.31920e-08,1.25524e-05,1.84761e-03,0,0.7638,0.5433
2.300,52.50,100.0,1.01026e+05,2.31920e-08,1.08433e-05,2.13884e-03,0,0.7638,0.5433
2.300,55.00,100.0,1.16157e+05,2.31920e-08,9.43083e-06,2.45917e-03,0,0.7638,0.5433
2.300,57.50,100.0,1.32727e+05,2.31920e-08,8.25343e-06,2.80998e-03,0,0.7638,0.5433
2.300,60.00,100.0,1.50803e+05,2.31920e-08,7.26414e-06,3.19267e-03,0,0.7638,0.5433
2.300,62.50,100.0,1.70449e+05,2.31920e-08,6.42685e-06,3.60861e-03,0,0.7638,0.5433
2.300,65.00,100.0,1.91732e+05,2.31920e-08,5.71345e-06,4.05919e-03,0,0.7638,0.5433
2.300,67.50,100.0,2.14717e+05,2.31920e-08,5.10184e-06,4.54581e-03,0,0.7638,0.5433
2.300,70.00,100.0,2.39469e+05,2.31920e-08,4.57450e-06,5.06983e-03,0,0.7638,0.5433
2.300,72.50,100.0,2.66054e+05,2.31920e-08,4.11741e-06,5.63266e-03,0,0.7638,0.5433
2.300,75.00,100.0,2.94537e+05,2.31920e-08,3.71924e-06,6.23568e-03,0,0.7638,0.5433
2.300,77.50,100.0,3.24983e+05,2.31920e-08,3.37080e-06,6.88026e-03,0,0.7638,0.5433
2.300,80.00,100.0,3.57458e+05,2.31920e-08,3.06456e-06,7.56780e-03,0,0.7638,0.5433
2.350,5.00,100.0,8.44998e+01,2.19780e-08,1.29640e-02,1.69531e-06,0,0.7638,0.5552
2.350,7.50,100.0,2.85187e+02,2.19780e-08,3.84118e-03,5.72168e-06,0,0.7638,0.5552
2.350,10.00,100.0,6.75998e+02,2.19780e-08,1.62050e-03,1.35625e-05,0,0.7638,0.5552
2.350,12.50,100.0,1.32031e+03,2.19780e-08,8.29694e-04,2.64892e-05,0,0.7638,0.5552
2.350,15.00,100.0,2.28149e+03,2.19780e-08,4.80147e-04,4.57734e-05,0,0.7638,0.5552
2.350,17.50,100.0,3.62293e+03,2.19780e-08,3.02367e-04,7.26865e-05,0,0.7638,0.5552
2.350,20.00,100.0,5.40798e+03,2.19780e-08,2.02562e-04,1.08500e-04,0,0.7638,0.5552
2.350,22.50,100.0,7.70004e+03,2.19780e-08,1.42266e-04,1.54485e-04,0,0.7638,0.5552
2.350,25.00,100.0,1.05625e+04,2.19780e-08,1.03712e-04,2.11914e-04,0,0.7638,0.5552
2.350,27.50,100.0,1.40586e+04,2.19780e-08,7.79202e-05,2.82058e-04,0,0.7638,0.5552
2.350,30.00,100.0,1.82519e+04,2.19780e-08,6.00184e-05,3.66187e-04,0,0.7638,0.5552
2.350,32.50,100.0,2.32057e+04,2.19780e-08,4.72061e-05,4.65575e-04,0,0.7638,0.5552
2.350,35.00,100.0,2.89834e+04,2.19780e-08,3.77958e-05,5.81492e-04,0,0.7638,0.5552
2.350,37.50,100.0,3.56483e+04,2.19780e-08,3.07294e-05,7.15210e-04,0,0.7638,0.5552
2.350,40.00,100.0,4.32639e+04,2.19780e-08,2.53203e-05,8.68000e-04,0,0.7638,0.5552
2.350,42.50,100.0,5.18934e+04,2.19780e-08,2.11097e-05,1.04113e-03,0,0.7638,0.5552
2.350,45.00,100.0,6.16003e+04,2.19780e-08,1.77832e-05,1.23588e-03,0,0.7638,0.5552
2.350,47.50,100.0,7.24480e+04,2.19780e-08,1.51205e-05,1.45352e-03,0,0.7638,0.5552
2.350,50.00,100.0,8.44998e+04,2.19780e-08,1.29640e-05,1.69531e-03,0,0.7638,0.5552
2.350,52.50,100.0,9.78190e+04,2.19780e-08,1.11988e-05,1.96254e-03,0,0.7638,0.5552
2.350,55.00,100.0,1.12469e+05,2.19780e-08,9.74003e-06,2.25646e-03,0,0.7638,0.5552
2.350,57.50,100.0,1.28514e+05,2.19780e-08,8.52402e-06,2.57836e-03,0,0.7638,0.5552
2.350,60.00,100.0,1.46016e+05,2.19780e-08,7.50230e-06,2.92950e-03,0,0.7638,0.5552
2.350,62.50,100.0,1.65039e+05,2.19780e-08,6.63756e-06,3.31116e-03,0,0.7638,0.5552
2.350,65.00,100.0,1.85646e+05,2.19780e-08,5.90076e-06,3.72460e-03,0,0.7638,0.5552
2.350,67.50,100.0,2.07901e+05,2.19780e-08,5.26911e-06,4.17110e-03,0,0.7638,0.5552
2.350,70.00,100.0,2.31867e+05,2.19780e-08,4.72448e-06,4.65194e-03,0,0.7638,0.5552
2.350,72.50,100.0,2.57608e+05,2.19780e-08,4.25240e-06,5.16837e-03,0,0.7638,0.5552
2.350,75.00,100.0,2.85187e+05,2.19780e-08,3.84118e-06,5.72168e-03,0,0.7638,0.5552
2.350,77.50,100.0,3.14667e+05,2.19780e-08,3.48131e-06,6.31313e-03,0,0.7638,0.5552
2.350,80.00,100.0,3.46111e+05,2.19780e-08,3.16503e-06,6.94400e-03,0,0.7638,0.5552
2.400,5.00,100.0,8.18729e+01,2.08511e-08,1.33799e-02,1.55839e-06,0,0.7638,0.5670
2.400,7.50,100.0,2.76321e+02,2.08511e-08,3.96442e-03,5.25957e-06,0,0.7638,0.5670
2.400,10.00,100.0,6.54983e+02,2.08511e-08,1.67249e-03,1.24671e-05,0,0.7638,0.5670
2.400,12.50,100.0,1.27926e+03,2.08511e-08,8.56314e-04,2.43498e-05,0,0.7638,0.5670
2.400,15.00,100.0,2.21057e+03,2.08511e-08,4.95552e-04,4.20765e-05,0,0.7638,0.5670
2.400,17.50,100.0,3.51030e+03,2.08511e-08,3.12068e-04,6.68160e-05,0,0.7638,0.5670
2.400,20.00,100.0,5.23987e+03,2.08511e-08,2.09061e-04,9.97369e-05,0,0.7638,0.5670
2.400,22.50,100.0,7.46067e+03,2.08511e-08,1.46830e-04,1.42008e-04,0,0.7638,0.5670
2.400,25.00,100.0,1.02341e+04,2.08511e-08,1.07039e-04,1.94799e-04,0,0.7638,0.5670
2.400,27.50,100.0,1.36216e+04,2.08511e-08,8.04202e-05,2.59277e-04,0,0.7638,0.5670
2.400,30.00,100.0,1.76846e+04,2.08511e-08,6.19440e-05,3.36612e-04,0,0.7638,0.5670
2.400,32.50,100.0,2.24844e+04,2.08511e-08,4.87207e-05,4.27973e-04,0,0.7638,0.5670
2.400,35.00,100.0,2.80824e+04,2.08511e-08,3.90085e-05,5.34528e-04,0,0.7638,0.5670
2.400,37.50,100.0,3.45401e+04,2.08511e-08,3.17153e-05,6.57446e-04,0,0.7638,0.5670
2.400,40.00,100.0,4.19189e+04,2.08511e-08,2.61326e-05,7.97896e-04,0,0.7638,0.5670
2.400,42.50,100.0,5.02802e+04,2.08511e-08,2.17870e-05,9.57046e-04,0,0.7638,0.5670
2.400,45.00,100.0,5.96854e+04,2.08511e-08,1.83538e-05,1.13607e-03,0,0.7638,0.5670
2.400,47.50,100.0,7.01958e+04,2.08511e-08,1.56057e-05,1.33612e-03,0,0.7638,0.5670
2.400,50.00,100.0,8.18729e+04,2.08511e-08,1.33799e-05,1.55839e-03,0,0.7638,0.5670
2.400,52.50,100.0,9.47782e+04,2.08511e-08,1.15581e-05,1.80403e-03,0,0.7638,0.5670
2.400,55.00,100.0,1.08973e+05,2.08511e-08,1.00525e-05,2.07422e-03,0,0.7638,0.5670
2.400,57.50,100.0,1.24519e+05,2.08511e-08,8.79751e-06,2.37012e-03,0,0.7638,0.5670
2.400,60.00,100.0,1.41476e+05,2.08511e-08,7.74300e-06,2.69290e-03,0,0.7638,0.5670
2.400,62.50,100.0,1.59908e+05,2.08511e-08,6.85051e-06,3.04373e-03,0,0.7638,0.5670
2.400,65.00,100.0,1.79875e+05,2.08511e-08,6.09008e-06,3.42378e-03,0,0.7638,0.5670
2.400,67.50,100.0,2.01438e+05,2.08511e-08,5.43816e-06,3.83422e-03,0,0.7638,0.5670
2.400,70.00,100.0,2.24659e+05,2.08511e-08,4.87606e-06,4.27622e-03,0,0.7638,0.5670
2.400,72.50,100.0,2.49600e+05,2.08511e-08,4.38883e-06,4.75095e-03,0,0.7638,0.5670
2.400,75.00,100.0,2.76321e+05,2.08511e-08,3.96442e-06,5.25957e-03,0,0.7638,0.5670
2.400,77.50,100.0,3.04885e+05,2.08511e-08,3.59301e-06,5.80325e-03,0,0.7638,0.5670
2.400,80.00,100.0,3.35352e+05,2.08511e-08,3.26658e-06,6.38316e-03,0,0.7638,0.5670
2.450,5.00,100.0,7.93795e+01,1.98035e-08,1.38002e-02,1.43502e-06,0,0.7638,0.5788
2.450,7.50,100.0,2.67906e+02,1.98035e-08,4.08895e-03,4.84318e-06,0,0.7638,0.5788
2.450,10.00,100.0,6.35036e+02,1.98035e-08,1.72503e-03,1.14801e-05,0,0.7638,0.5788
2.450,12.50,100.0,1.24030e+03,1.98035e-08,8.83213e-04,2.24221e-05,0,0.7638,0.5788
2.450,15.00,100.0,2.14325e+03,1.98035e-08,5.11119e-04,3.87454e-05,0,0.7638,0.5788
2.450,17.50,100.0,3.40339e+03,1.98035e-08,3.21871e-04,6.15263e-05,0,0.7638,0.5788
2.450,20.00,100.0,5.08029e+03,1.98035e-08,2.15628e-04,9.18410e-05,0,0.7638,0.5788
2.450,22.50,100.0,7.23345e+03,1.98035e-08,1.51443e-04,1.30766e-04,0,0.7638,0.5788
2.450,25.00,100.0,9.92243e+03,1.98035e-08,1.10402e-04,1.79377e-04,0,0.7638,0.5788
2.450,27.50,100.0,1.32068e+04,1.98035e-08,8.29464e-05,2.38751e-04,0,0.7638,0.5788
2.450,30.00,100.0,1.71460e+04,1.98035e-08,6.38898e-05,3.09963e-04,0,0.7638,0.5788
2.450,32.50,100.0,2.17996e+04,1.98035e-08,5.02511e-05,3.94091e-04,0,0.7638,0.5788
2.450,35.00,100.0,2.72272e+04,1.98035e-08,4.02338e-05,4.92210e-04,0,0.7638,0.5788
2.450,37.50,100.0,3.34882e+04,1.98035e-08,3.27116e-05,6.05397e-04,0,0.7638,0.5788
2.450,40.00,100.0,4.06423e+04,1.98035e-08,2.69535e-05,7.34728e-04,0,0.7638,0.5788
2.450,42.50,100.0,4.87489e+04,1.98035e-08,2.24713e-05,8.81279e-04,0,0.7638,0.5788
2.450,45.00,100.0,5.78676e+04,1.98035e-08,1.89303e-05,1.04613e-03,0,0.7638,0.5788
2.450,47.50,100.0,6.80580e+04,1.98035e-08,1.60959e-05,1.23035e-03,0,0.7638,0.5788
2.450,50.00,100.0,7.93795e+04,1.98035e-08,1.38002e-05,1.43502e-03,0,0.7638,0.5788
2.450,52.50,100.0,9.18916e+04,1.98035e-08,1.19211e-05,1.66121e-03,0,0.7638,0.5788
2.450,55.00,100.0,1.05654e+05,1.98035e-08,1.03683e-05,1.91001e-03,0,0.7638,0.5788
2.450,57.50,100.0,1.20726e+05,1.98035e-08,9.07386e-06,2.18248e-03,0,0.7638,0.5788
2.450,60.00,100.0,1.37168e+05,1.98035e-08,7.98623e-06,2.47971e-03,0,0.7638,0.5788
2.450,62.50,100.0,1.55038e+05,1.98035e-08,7.06570e-06,2.80277e-03,0,0.7638,0.5788
2.450,65.00,100.0,1.74397e+05,1.98035e-08,6.28139e-06,3.15273e-03,0,0.7638,0.5788
2.450,67.50,100.0,1.95303e+05,1.98035e-08,5.60898e-06,3.53068e-03,0,0.7638,0.5788
2.450,70.00,100.0,2.17817e+05,1.98035e-08,5.02923e-06,3.93768e-03,0,0.7638,0.5788
2.450,72.50,100.0,2.41998e+05,1.98035e-08,4.52670e-06,4.37483e-03,0,0.7638,0.5788
2.450,75.00,100.0,2.67906e+05,1.98035e-08,4.08895e-06,4.84318e-03,0,0.7638,0.5788
2.450,77.50,100.0,2.95599e+05,1.98035e-08,3.70587e-06,5.34382e-03,0,0.7638,0.5788
2.450,80.00,100.0,3.25138e+05,1.98035e-08,3.36919e-06,5.87783e-03,0,0.7638,0.5788
2.500,5.00,100.0,7.70100e+01,1.88281e-08,1.42248e-02,1.32361e-06,0,0.7638,0.5906
2.500,7.50,100.0,2.59909e+02,1.88281e-08,4.21476e-03,4.46719e-06,0,0.7638,0.5906
2.500,10.00,100.0,6.16080e+02,1.88281e-08,1.77810e-03,1.05889e-05,0,0.7638,0.5906
2.500,12.50,100.0,1.20328e+03,1.88281e-08,9.10388e-04,2.06815e-05,0,0.7638,0.5906
2.500,15.00,100.0,2.07927e+03,1.88281e-08,5.26845e-04,3.57375e-05,0,0.7638,0.5906
2.500,17.50,100.0,3.30180e+03,1.88281e-08,3.31774e-04,5.67499e-05,0,0.7638,0.5906
2.500,20.00,100.0,4.92864e+03,1.88281e-08,2.22263e-04,8.47112e-05,0,0.7638,0.5906
2.500,22.50,100.0,7.01754e+03,1.88281e-08,1.56102e-04,1.20614e-04,0,0.7638,0.5906
2.500,25.00,100.0,9.62625e+03,1.88281e-08,1.13798e-04,1.65452e-04,0,0.7638,0.5906
2.500,27.50,100.0,1.28125e+04,1.88281e-08,8.54985e-05,2.20216e-04,0,0.7638,0.5906
2.500,30.00,100.0,1.66342e+04,1.88281e-08,6.58556e-05,2.85900e-04,0,0.7638,0.5906
2.500,32.50,100.0,2.11489e+04,1.88281e-08,5.17972e-05,3.63497e-04,0,0.7638,0.5906
2.500,35.00,100.0,2.64144e+04,1.88281e-08,4.14717e-05,4.53999e-04,0,0.7638,0.5906
2.500,37.50,100.0,3.24886e+04,1.88281e-08,3.37181e-05,5.58399e-04,0,0.7638,0.5906
2.500,40.00,100.0,3.94291e+04,1.88281e-08,2.77828e-05,6.77690e-04,0,0.7638,0.5906
2.500,42.50,100.0,4.72938e+04,1.88281e-08,2.31627e-05,8.12864e-04,0,0.7638,0.5906
2.500,45.00,100.0,5.61403e+04,1.88281e-08,1.95128e-05,9.64914e-04,0,0.7638,0.5906
2.500,47.50,100.0,6.60265e+04,1.88281e-08,1.65911e-05,1.13483e-03,0,0.7638,0.5906
2.500,50.00,100.0,7.70100e+04,1.88281e-08,1.42248e-05,1.32361e-03,0,0.7638,0.5906
2.500,52.50,100.0,8.91487e+04,1.88281e-08,1.22879e-05,1.53225e-03,0,0.7638,0.5906
2.500,55.00,100.0,1.02500e+05,1.88281e-08,1.06873e-05,1.76173e-03,0,0.7638,0.5906
2.500,57.50,100.0,1.17123e+05,1.88281e-08,9.35304e-06,2.01305e-03,0,0.7638,0.5906
2.500,60.00,100.0,1.33073e+05,1.88281e-08,8.23195e-06,2.28720e-03,0,0.7638,0.5906
2.500,62.50,100.0,1.50410e+05,1.88281e-08,7.28310e-06,2.58518e-03,0,0.7638,0.5906
2.500,65.00,100.0,1.69191e+05,1.88281e-08,6.47465e-06,2.90798e-03,0,0.7638,0.5906
2.500,67.50,100.0,1.89474e+05,1.88281e-08,5.78156e-06,3.25658e-03,0,0.7638,0.5906
2.500,70.00,100.0,2.11315e+05,1.88281e-08,5.18397e-06,3.63199e-03,0,0.7638,0.5906
2.500,72.50,100.0,2.34775e+05,1.88281e-08,4.66597e-06,4.03520e-03,0,0.7638,0.5906
2.500,75.00,100.0,2.59909e+05,1.88281e-08,4.21476e-06,4.46719e-03,0,0.7638,0.5906
2.500,77.50,100.0,2.86776e+05,1.88281e-08,3.81989e-06,4.92897e-03,0,0.7638,0.5906
2.500,80.00,100.0,3.15433e+05,1.88281e-08,3.47285e-06,5.42152e-03,0,0.7638,0.5906
2.550,5.00,100.0,7.47562e+01,1.79187e-08,1.46537e-02,1.22281e-06,0,0.7638,0.6024
2.550,7.50,100.0,2.52302e+02,1.79187e-08,4.34183e-03,4.12700e-06,0,0.7638,0.6024
2.550,10.00,100.0,5.98049e+02,1.79187e-08,1.83171e-03,9.78251e-06,0,0.7638,0.6024
2.550,12.50,100.0,1.16806e+03,1.79187e-08,9.37835e-04,1.91065e-05,0,0.7638,0.6024
2.550,15.00,100.0,2.01842e+03,1.79187e-08,5.42729e-04,3.30160e-05,0,0.7638,0.6024
2.550,17.50,100.0,3.20517e+03,1.79187e-08,3.41777e-04,5.24281e-05,0,0.7638,0.6024
2.550,20.00,100.0,4.78439e+03,1.79187e-08,2.28964e-04,7.82601e-05,0,0.7638,0.6024
2.550,22.50,100.0,6.81215e+03,1.79187e-08,1.60809e-04,1.11429e-04,0,0.7638,0.6024
2.550,25.00,100.0,9.34452e+03,1.79187e-08,1.17229e-04,1.52852e-04,0,0.7638,0.6024
2.550,27.50,100.0,1.24376e+04,1.79187e-08,8.80762e-05,2.03446e-04,0,0.7638,0.6024
2.550,30.00,100.0,1.61473e+04,1.79187e-08,6.78411e-05,2.64128e-04,0,0.7638,0.6024
2.550,32.50,100.0,2.05299e+04,1.79187e-08,5.33589e-05,3.35815e-04,0,0.7638,0.6024
2.550,35.00,100.0,2.56414e+04,1.79187e-08,4.27221e-05,4.19425e-04,0,0.7638,0.6024
2.550,37.50,100.0,3.15378e+04,1.79187e-08,3.47346e-05,5.15875e-04,0,0.7638,0.6024
2.550,40.00,100.0,3.82752e+04,1.79187e-08,2.86205e-05,6.26081e-04,0,0.7638,0.6024
2.550,42.50,100.0,4.59096e+04,1.79187e-08,2.38611e-05,7.50961e-04,0,0.7638,0.6024
2.550,45.00,100.0,5.44972e+04,1.79187e-08,2.01011e-05,8.91431e-04,0,0.7638,0.6024
2.550,47.50,100.0,6.40941e+04,1.79187e-08,1.70913e-05,1.04841e-03,0,0.7638,0.6024
2.550,50.00,100.0,7.47562e+04,1.79187e-08,1.46537e-05,1.22281e-03,0,0.7638,0.6024
2.550,52.50,100.0,8.65396e+04,1.79187e-08,1.26584e-05,1.41556e-03,0,0.7638,0.6024
2.550,55.00,100.0,9.95004e+04,1.79187e-08,1.10095e-05,1.62757e-03,0,0.7638,0.6024
2.550,57.50,100.0,1.13695e+05,1.79187e-08,9.63503e-06,1.85975e-03,0,0.7638,0.6024
2.550,60.00,100.0,1.29179e+05,1.79187e-08,8.48014e-06,2.11302e-03,0,0.7638,0.6024
2.550,62.50,100.0,1.46008e+05,1.79187e-08,7.50268e-06,2.38831e-03,0,0.7638,0.6024
2.550,65.00,100.0,1.64239e+05,1.79187e-08,6.66986e-06,2.68652e-03,0,0.7638,0.6024
2.550,67.50,100.0,1.83928e+05,1.79187e-08,5.95587e-06,3.00858e-03,0,0.7638,0.6024
2.550,70.00,100.0,2.05131e+05,1.79187e-08,5.34026e-06,3.35540e-03,0,0.7638,0.6024
2.550,72.50,100.0,2.27903e+05,1.79187e-08,4.80665e-06,3.72790e-03,0,0.7638,0.6024
2.550,75.00,100.0,2.52302e+05,1.79187e-08,4.34183e-06,4.12700e-03,0,0.7638,0.6024
2.550,77.50,100.0,2.78383e+05,1.79187e-08,3.93506e-06,4.55361e-03,0,0.7638,0.6024
2.550,80.00,100.0,3.06201e+05,1.79187e-08,3.57756e-06,5.00865e-03,0,0.7638,0.6024
2.600,5.00,100.0,7.26101e+01,1.70696e-08,1.50868e-02,1.13143e-06,0,0.7638,0.6142
2.600,7.50,100.0,2.45059e+02,1.70696e-08,4.47016e-03,3.81858e-06,0,0.7638,0.6142
2.600,10.00,100.0,5.80881e+02,1.70696e-08,1.88585e-03,9.05144e-06,0,0.7638,0.6142
2.600,12.50,100.0,1.13453e+03,1.70696e-08,9.65554e-04,1.76786e-05,0,0.7638,0.6142
2.600,15.00,100.0,1.96047e+03,1.70696e-08,5.58769e-04,3.05486e-05,0,0.7638,0.6142
2.600,17.50,100.0,3.11316e+03,1.70696e-08,3.51878e-04,4.85101e-05,0,0.7638,0.6142
2.600,20.00,100.0,4.64705e+03,1.70696e-08,2.35731e-04,7.24115e-05,0,0.7638,0.6142
2.600,22.50,100.0,6.61660e+03,1.70696e-08,1.65561e-04,1.03102e-04,0,0.7638,0.6142
2.600,25.00,100.0,9.07627e+03,1.70696e-08,1.20694e-04,1.41429e-04,0,0.7638,0.6142
2.600,27.50,100.0,1.20805e+04,1.70696e-08,9.06793e-05,1.88242e-04,0,0.7638,0.6142
2.600,30.00,100.0,1.56838e+04,1.70696e-08,6.98462e-05,2.44389e-04,0,0.7638,0.6142
2.600,32.50,100.0,1.99406e+04,1.70696e-08,5.49359e-05,3.10719e-04,0,0.7638,0.6142
2.600,35.00,100.0,2.49053e+04,1.70696e-08,4.39848e-05,3.88080e-04,0,0.7638,0.6142
2.600,37.50,100.0,3.06324e+04,1.70696e-08,3.57612e-05,4.77322e-04,0,0.7638,0.6142
2.600,40.00,100.0,3.71764e+04,1.70696e-08,2.94664e-05,5.79292e-04,0,0.7638,0.6142
2.600,42.50,100.0,4.45917e+04,1.70696e-08,2.45663e-05,6.94839e-04,0,0.7638,0.6142
2.600,45.00,100.0,5.29328e+04,1.70696e-08,2.06952e-05,8.24812e-04,0,0.7638,0.6142
2.600,47.50,100.0,6.22541e+04,1.70696e-08,1.75965e-05,9.70060e-04,0,0.7638,0.6142
2.600,50.00,100.0,7.26101e+04,1.70696e-08,1.50868e-05,1.13143e-03,0,0.7638,0.6142
2.600,52.50,100.0,8.40553e+04,1.70696e-08,1.30325e-05,1.30977e-03,0,0.7638,0.6142
2.600,55.00,100.0,9.66441e+04,1.70696e-08,1.13349e-05,1.50593e-03,0,0.7638,0.6142
2.600,57.50,100.0,1.10431e+05,1.70696e-08,9.91980e-06,1.72076e-03,0,0.7638,0.6142
2.600,60.00,100.0,1.25470e+05,1.70696e-08,8.73077e-06,1.95511e-03,0,0.7638,0.6142
2.600,62.50,100.0,1.41817e+05,1.70696e-08,7.72443e-06,2.20982e-03,0,0.7638,0.6142
2.600,65.00,100.0,1.59524e+05,1.70696e-08,6.86699e-06,2.48575e-03,0,0.7638,0.6142
2.600,67.50,100.0,1.78648e+05,1.70696e-08,6.13190e-06,2.78374e-03,0,0.7638,0.6142
2.600,70.00,100.0,1.99242e+05,1.70696e-08,5.49810e-06,3.10464e-03,0,0.7638,0.6142
2.600,72.50,100.0,2.21361e+05,1.70696e-08,4.94871e-06,3.44931e-03,0,0.7638,0.6142
2.600,75.00,100.0,2.45059e+05,1.70696e-08,4.47016e-06,3.81858e-03,0,0.7638,0.6142
2.600,77.50,100.0,2.70391e+05,1.70696e-08,4.05136e-06,4.21330e-03,0,0.7638,0.6142
2.600,80.00,100.0,2.97411e+05,1.70696e-08,3.68329e-06,4.63434e-03,0,0.7638,0.6142
2.650,5.00,100.0,7.05648e+01,1.62758e-08,1.55241e-02,1.04843e-06,0,0.7638,0.6260
2.650,7.50,100.0,2.38156e+02,1.62758e-08,4.59972e-03,3.53844e-06,0,0.7638,0.6260
2.650,10.00,100.0,5.64519e+02,1.62758e-08,1.94051e-03,8.38740e-06,0,0.7638,0.6260
2.650,12.50,100.0,1.10258e+03,1.62758e-08,9.93540e-04,1.63816e-05,0,0.7638,0.6260
2.650,15.00,100.0,1.90525e+03,1.62758e-08,5.74965e-04,2.83075e-05,0,0.7638,0.6260
2.650,17.50,100.0,3.02547e+03,1.62758e-08,3.62077e-04,4.49512e-05,0,0.7638,0.6260
2.650,20.00,100.0,4.51615e+03,1.62758e-08,2.42563e-04,6.70992e-05,0,0.7638,0.6260
2.650,22.50,100.0,6.43022e+03,1.62758e-08,1.70360e-04,9.55378e-05,0,0.7638,0.6260
2.650,25.00,100.0,8.82061e+03,1.62758e-08,1.24192e-04,1.31053e-04,0,0.7638,0.6260
2.650,27.50,100.0,1.17402e+04,1.62758e-08,9.33076e-05,1.74432e-04,0,0.7638,0.6260
2.650,30.00,100.0,1.52420e+04,1.62758e-08,7.18706e-05,2.26460e-04,0,0.7638,0.6260
2.650,32.50,100.0,1.93789e+04,1.62758e-08,5.65282e-05,2.87924e-04,0,0.7638,0.6260
2.650,35.00,100.0,2.42037e+04,1.62758e-08,4.52596e-05,3.59610e-04,0,0.7638,0.6260
2.650,37.50,100.0,2.97695e+04,1.62758e-08,3.67978e-05,4.42304e-04,0,0.7638,0.6260
2.650,40.00,100.0,3.61292e+04,1.62758e-08,3.03204e-05,5.36794e-04,0,0.7638,0.6260
2.650,42.50,100.0,4.33356e+04,1.62758e-08,2.52783e-05,6.43864e-04,0,0.7638,0.6260
2.650,45.00,100.0,5.14418e+04,1.62758e-08,2.12950e-05,7.64302e-04,0,0.7638,0.6260
2.650,47.50,100.0,6.05005e+04,1.62758e-08,1.81065e-05,8.98894e-04,0,0.7638,0.6260
2.650,50.00,100.0,7.05648e+04,1.62758e-08,1.55241e-05,1.04843e-03,0,0.7638,0.6260
2.650,52.50,100.0,8.16876e+04,1.62758e-08,1.34103e-05,1.21368e-03,0,0.7638,0.6260
2.650,55.00,100.0,9.39218e+04,1.62758e-08,1.16635e-05,1.39545e-03,0,0.7638,0.6260
2.650,57.50,100.0,1.07320e+05,1.62758e-08,1.02073e-05,1.59452e-03,0,0.7638,0.6260
2.650,60.00,100.0,1.21936e+05,1.62758e-08,8.98383e-06,1.81168e-03,0,0.7638,0.6260
2.650,62.50,100.0,1.37822e+05,1.62758e-08,7.94832e-06,2.04771e-03,0,0.7638,0.6260
2.650,65.00,100.0,1.55031e+05,1.62758e-08,7.06602e-06,2.30339e-03,0,0.7638,0.6260
2.650,67.50,100.0,1.73616e+05,1.62758e-08,6.30963e-06,2.57952e-03,0,0.7638,0.6260
2.650,70.00,100.0,1.93630e+05,1.62758e-08,5.65745e-06,2.87688e-03,0,0.7638,0.6260
2.650,72.50,100.0,2.15126e+05,1.62758e-08,5.09215e-06,3.19626e-03,0,0.7638,0.6260
2.650,75.00,100.0,2.38156e+05,1.62758e-08,4.59972e-06,3.53844e-03,0,0.7638,0.6260
2.650,77.50,100.0,2.62775e+05,1.62758e-08,4.16879e-06,3.90421e-03,0,0.7638,0.6260
2.650,80.00,100.0,2.89034e+05,1.62758e-08,3.79005e-06,4.29435e-03,0,0.7638,0.6260
2.700,5.00,100.0,6.86138e+01,1.55327e-08,1.59655e-02,9.72895e-07,0,0.7638,0.6378
2.700,7.50,100.0,2.31572e+02,1.55327e-08,4.73051e-03,3.28352e-06,0,0.7638,0.6378
2.700,10.00,100.0,5.48911e+02,1.55327e-08,1.99569e-03,7.78316e-06,0,0.7638,0.6378
2.700,12.50,100.0,1.07209e+03,1.55327e-08,1.02179e-03,1.52015e-05,0,0.7638,0.6378
2.700,15.00,100.0,1.85257e+03,1.55327e-08,5.91314e-04,2.62682e-05,0,0.7638,0.6378
2.700,17.50,100.0,2.94182e+03,1.55327e-08,3.72373e-04,4.17129e-05,0,0.7638,0.6378
2.700,20.00,100.0,4.39128e+03,1.55327e-08,2.49461e-04,6.22653e-05,0,0.7638,0.6378
2.700,22.50,100.0,6.25243e+03,1.55327e-08,1.75204e-04,8.86551e-05,0,0.7638,0.6378
2.700,25.00,100.0,8.57673e+03,1.55327e-08,1.27724e-04,1.21612e-04,0,0.7638,0.6378
2.700,27.50,100.0,1.14156e+04,1.55327e-08,9.59608e-05,1.61865e-04,0,0.7638,0.6378
2.700,30.00,100.0,1.48206e+04,1.55327e-08,7.39143e-05,2.10145e-04,0,0.7638,0.6378
2.700,32.50,100.0,1.88431e+04,1.55327e-08,5.81356e-05,2.67181e-04,0,0.7638,0.6378
2.700,35.00,100.0,2.35345e+04,1.55327e-08,4.65466e-05,3.33703e-04,0,0.7638,0.6378
2.700,37.50,100.0,2.89465e+04,1.55327e-08,3.78441e-05,4.10440e-04,0,0.7638,0.6378
2.700,40.00,100.0,3.51303e+04,1.55327e-08,3.11826e-05,4.98122e-04,0,0.7638,0.6378
2.700,42.50,100.0,4.21375e+04,1.55327e-08,2.59971e-05,5.97479e-04,0,0.7638,0.6378
2.700,45.00,100.0,5.00195e+04,1.55327e-08,2.19005e-05,7.09240e-04,0,0.7638,0.6378
2.700,47.50,100.0,5.88278e+04,1.55327e-08,1.86214e-05,8.34136e-04,0,0.7638,0.6378
2.700,50.00,100.0,6.86138e+04,1.55327e-08,1.59655e-05,9.72895e-04,0,0.7638,0.6378
2.700,52.50,100.0,7.94291e+04,1.55327e-08,1.37916e-05,1.12625e-03,0,0.7638,0.6378
2.700,55.00,100.0,9.13250e+04,1.55327e-08,1.19951e-05,1.29492e-03,0,0.7638,0.6378
2.700,57.50,100.0,1.04353e+05,1.55327e-08,1.04976e-05,1.47965e-03,0,0.7638,0.6378
2.700,60.00,100.0,1.18565e+05,1.55327e-08,9.23928e-06,1.68116e-03,0,0.7638,0.6378
2.700,62.50,100.0,1.34011e+05,1.55327e-08,8.17433e-06,1.90019e-03,0,0.7638,0.6378
2.700,65.00,100.0,1.50745e+05,1.55327e-08,7.26695e-06,2.13745e-03,0,0.7638,0.6378
2.700,67.50,100.0,1.68816e+05,1.55327e-08,6.48904e-06,2.39369e-03,0,0.7638,0.6378
2.700,70.00,100.0,1.88276e+05,1.55327e-08,5.81832e-06,2.66962e-03,0,0.7638,0.6378
2.700,72.50,100.0,2.09178e+05,1.55327e-08,5.23695e-06,2.96599e-03,0,0.7638,0.6378
2.700,75.00,100.0,2.31572e+05,1.55327e-08,4.73051e-06,3.28352e-03,0,0.7638,0.6378
2.700,77.50,100.0,2.55509e+05,1.55327e-08,4.28733e-06,3.62294e-03,0,0.7638,0.6378
2.700,80.00,100.0,2.81042e+05,1.55327e-08,3.89782e-06,3.98498e-03,0,0.7638,0.6378
2.750,5.00,100.0,6.67511e+01,1.48363e-08,1.64110e-02,9.04045e-07,0,0.7638,0.6497
2.750,7.50,100.0,2.25285e+02,1.48363e-08,4.86252e-03,3.05115e-06,0,0.7638,0.6497
2.750,10.00,100.0,5.34009e+02,1.48363e-08,2.05138e-03,7.23236e-06,0,0.7638,0.6497
2.750,12.50,100.0,1.04299e+03,1.48363e-08,1.05030e-03,1.41257e-05,0,0.7638,0.6497
2.750,15.00,100.0,1.80228e+03,1.48363e-08,6.07815e-04,2.44092e-05,0,0.7638,0.6497
2.750,17.50,100.0,2.86195e+03,1.48363e-08,3.82764e-04,3.87609e-05,0,0.7638,0.6497
2.750,20.00,100.0,4.27207e+03,1.48363e-08,2.56422e-04,5.78589e-05,0,0.7638,0.6497
2.750,22.50,100.0,6.08269e+03,1.48363e-08,1.80093e-04,8.23811e-05,0,0.7638,0.6497
2.750,25.00,100.0,8.34388e+03,1.48363e-08,1.31288e-04,1.13006e-04,0,0.7638,0.6497
2.750,27.50,100.0,1.11057e+04,1.48363e-08,9.86387e-05,1.50411e-04,0,0.7638,0.6497
2.750,30.00,100.0,1.44182e+04,1.48363e-08,7.59769e-05,1.95274e-04,0,0.7638,0.6497
2.750,32.50,100.0,1.83315e+04,1.48363e-08,5.97579e-05,2.48273e-04,0,0.7638,0.6497
2.750,35.00,100.0,2.28956e+04,1.48363e-08,4.78455e-05,3.10088e-04,0,0.7638,0.6497
2.750,37.50,100.0,2.81606e+04,1.48363e-08,3.89002e-05,3.81394e-04,0,0.7638,0.6497
2.750,40.00,100.0,3.41765e+04,1.48363e-08,3.20528e-05,4.62871e-04,0,0.7638,0.6497
2.750,42.50,100.0,4.09935e+04,1.48363e-08,2.67226e-05,5.55197e-04,0,0.7638,0.6497
2.750,45.00,100.0,4.86615e+04,1.48363e-08,2.25117e-05,6.59049e-04,0,0.7638,0.6497
2.750,47.50,100.0,5.72307e+04,1.48363e-08,1.91410e-05,7.75106e-04,0,0.7638,0.6497
2.750,50.00,100.0,6.67511e+04,1.48363e-08,1.64110e-05,9.04045e-04,0,0.7638,0.6497
2.750,52.50,100.0,7.72727e+04,1.48363e-08,1.41765e-05,1.04655e-03,0,0.7638,0.6497
2.750,55.00,100.0,8.88457e+04,1.48363e-08,1.23298e-05,1.20328e-03,0,0.7638,0.6497
2.750,57.50,100.0,1.01520e+05,1.48363e-08,1.07905e-05,1.37494e-03,0,0.7638,0.6497
2.750,60.00,100.0,1.15346e+05,1.48363e-08,9.49711e-06,1.56219e-03,0,0.7638,0.6497
2.750,62.50,100.0,1.30373e+05,1.48363e-08,8.40244e-06,1.76571e-03,0,0.7638,0.6497
2.750,65.00,100.0,1.46652e+05,1.48363e-08,7.46974e-06,1.98619e-03,0,0.7638,0.6497
2.750,67.50,100.0,1.64233e+05,1.48363e-08,6.67013e-06,2.22429e-03,0,0.7638,0.6497
2.750,70.00,100.0,1.83165e+05,1.48363e-08,5.98069e-06,2.48070e-03,0,0.7638,0.6497
2.750,72.50,100.0,2.03499e+05,1.48363e-08,5.38309e-06,2.75610e-03,0,0.7638,0.6497
2.750,75.00,100.0,2.25285e+05,1.48363e-08,4.86252e-06,3.05115e-03,0,0.7638,0.6497
2.750,77.50,100.0,2.48573e+05,1.48363e-08,4.40697e-06,3.36655e-03,0,0.7638,0.6497
2.750,80.00,100.0,2.73412e+05,1.48363e-08,4.00660e-06,3.70297e-03,0,0.7638,0.6497
2.800,5.00,100.0,6.49711e+01,1.41828e-08,1.68606e-02,8.41180e-07,0,0.7638,0.6615
2.800,7.50,100.0,2.19277e+02,1.41828e-08,4.99574e-03,2.83898e-06,0,0.7638,0.6615
2.800,10.00,100.0,5.19769e+02,1.41828e-08,2.10758e-03,6.72944e-06,0,0.7638,0.6615
2.800,12.50,100.0,1.01517e+03,1.41828e-08,1.07908e-03,1.31434e-05,0,0.7638,0.6615
2.800,15.00,100.0,1.75422e+03,1.41828e-08,6.24467e-04,2.27119e-05,0,0.7638,0.6615
2.800,17.50,100.0,2.78564e+03,1.41828e-08,3.93251e-04,3.60656e-05,0,0.7638,0.6615
2.800,20.00,100.0,4.15815e+03,1.41828e-08,2.63447e-04,5.38355e-05,0,0.7638,0.6615
2.800,22.50,100.0,5.92049e+03,1.41828e-08,1.85027e-04,7.66525e-05,0,0.7638,0.6615
2.800,25.00,100.0,8.12139e+03,1.41828e-08,1.34885e-04,1.05147e-04,0,0.7638,0.6615
2.800,27.50,100.0,1.08096e+04,1.41828e-08,1.01341e-04,1.39951e-04,0,0.7638,0.6615
2.800,30.00,100.0,1.40338e+04,1.41828e-08,7.80584e-05,1.81695e-04,0,0.7638,0.6615
2.800,32.50,100.0,1.78427e+04,1.41828e-08,6.13951e-05,2.31009e-04,0,0.7638,0.6615
2.800,35.00,100.0,2.22851e+04,1.41828e-08,4.91563e-05,2.88525e-04,0,0.7638,0.6615
2.800,37.50,100.0,2.74097e+04,1.41828e-08,3.99659e-05,3.54873e-04,0,0.7638,0.6615
2.800,40.00,100.0,3.32652e+04,1.41828e-08,3.29309e-05,4.30684e-04,0,0.7638,0.6615
2.800,42.50,100.0,3.99004e+04,1.41828e-08,2.74547e-05,5.16590e-04,0,0.7638,0.6615
2.800,45.00,100.0,4.73639e+04,1.41828e-08,2.31284e-05,6.13220e-04,0,0.7638,0.6615
2.800,47.50,100.0,5.57046e+04,1.41828e-08,1.96654e-05,7.21207e-04,0,0.7638,0.6615
2.800,50.00,100.0,6.49711e+04,1.41828e-08,1.68606e-05,8.41180e-04,0,0.7638,0.6615
2.800,52.50,100.0,7.52122e+04,1.41828e-08,1.45648e-05,9.73771e-04,0,0.7638,0.6615
2.800,55.00,100.0,8.64765e+04,1.41828e-08,1.26676e-05,1.11961e-03,0,0.7638,0.6615
2.800,57.50,100.0,9.88129e+04,1.41828e-08,1.10861e-05,1.27933e-03,0,0.7638,0.6615
2.800,60.00,100.0,1.12270e+05,1.41828e-08,9.75730e-06,1.45356e-03,0,0.7638,0.6615
2.800,62.50,100.0,1.26897e+05,1.41828e-08,8.63264e-06,1.64293e-03,0,0.7638,0.6615
2.800,65.00,100.0,1.42741e+05,1.41828e-08,7.67438e-06,1.84807e-03,0,0.7638,0.6615
2.800,67.50,100.0,1.59853e+05,1.41828e-08,6.85286e-06,2.06962e-03,0,0.7638,0.6615
2.800,70.00,100.0,1.78281e+05,1.41828e-08,6.14454e-06,2.30820e-03,0,0.7638,0.6615
2.800,72.50,100.0,1.98073e+05,1.41828e-08,5.53056e-06,2.56444e-03,0,0.7638,0.6615
2.800,75.00,100.0,2.19277e+05,1.41828e-08,4.99574e-06,2.83898e-03,0,0.7638,0.6615
2.800,77.50,100.0,2.41944e+05,1.41828e-08,4.52771e-06,3.13245e-03,0,0.7638,0.6615
2.800,80.00,100.0,2.66122e+05,1.41828e-08,4.11636e-06,3.44547e-03,0,0.7638,0.6615
2.850,5.00,100.0,6.32688e+01,1.35689e-08,1.73142e-02,7.83685e-07,0,0.7638,0.6733
2.850,7.50,100.0,2.13532e+02,1.35689e-08,5.13015e-03,2.64494e-06,0,0.7638,0.6733
2.850,10.00,100.0,5.06151e+02,1.35689e-08,2.16428e-03,6.26948e-06,0,0.7638,0.6733
2.850,12.50,100.0,9.88576e+02,1.35689e-08,1.10811e-03,1.22451e-05,0,0.7638,0.6733
2.850,15.00,100.0,1.70826e+03,1.35689e-08,6.41269e-04,2.11595e-05,0,0.7638,0.6733
2.850,17.50,100.0,2.71265e+03,1.35689e-08,4.03831e-04,3.36005e-05,0,0.7638,0.6733
2.850,20.00,100.0,4.04921e+03,1.35689e-08,2.70535e-04,5.01558e-05,0,0.7638,0.6733
2.850,22.50,100.0,5.76537e+03,1.35689e-08,1.90005e-04,7.14133e-05,0,0.7638,0.6733
2.850,25.00,100.0,7.90861e+03,1.35689e-08,1.38514e-04,9.79606e-05,0,0.7638,0.6733
2.850,27.50,100.0,1.05264e+04,1.35689e-08,1.04068e-04,1.30386e-04,0,0.7638,0.6733
2.850,30.00,100.0,1.36661e+04,1.35689e-08,8.01586e-05,1.69276e-04,0,0.7638,0.6733
2.850,32.50,100.0,1.73752e+04,1.35689e-08,6.30469e-05,2.15220e-04,0,0.7638,0.6733
2.850,35.00,100.0,2.17012e+04,1.35689e-08,5.04789e-05,2.68804e-04,0,0.7638,0.6733
2.850,37.50,100.0,2.66915e+04,1.35689e-08,4.10412e-05,3.30617e-04,0,0.7638,0.6733
2.850,40.00,100.0,3.23937e+04,1.35689e-08,3.38169e-05,4.01247e-04,0,0.7638,0.6733
2.850,42.50,100.0,3.88550e+04,1.35689e-08,2.81934e-05,4.81281e-04,0,0.7638,0.6733
2.850,45.00,100.0,4.61230e+04,1.35689e-08,2.37507e-05,5.71306e-04,0,0.7638,0.6733
2.850,47.50,100.0,5.42451e+04,1.35689e-08,2.01945e-05,6.71912e-04,0,0.7638,0.6733
2.850,50.00,100.0,6.32688e+04,1.35689e-08,1.73142e-05,7.83685e-04,0,0.7638,0.6733
2.850,52.50,100.0,7.32416e+04,1.35689e-08,1.49567e-05,9.07213e-04,0,0.7638,0.6733
2.850,55.00,100.0,8.42108e+04,1.35689e-08,1.30085e-05,1.04308e-03,0,0.7638,0.6733
2.850,57.50,100.0,9.62240e+04,1.35689e-08,1.13844e-05,1.19189e-03,0,0.7638,0.6733
2.850,60.00,100.0,1.09329e+05,1.35689e-08,1.00198e-05,1.35421e-03,0,0.7638,0.6733
2.850,62.50,100.0,1.23572e+05,1.35689e-08,8.86490e-06,1.53064e-03,0,0.7638,0.6733
2.850,65.00,100.0,1.39002e+05,1.35689e-08,7.88086e-06,1.72176e-03,0,0.7638,0.6733
2.850,67.50,100.0,1.55665e+05,1.35689e-08,7.03724e-06,1.92816e-03,0,0.7638,0.6733
2.850,70.00,100.0,1.73610e+05,1.35689e-08,6.30986e-06,2.15043e-03,0,0.7638,0.6733
2.850,72.50,100.0,1.92883e+05,1.35689e-08,5.67936e-06,2.38916e-03,0,0.7638,0.6733
2.850,75.00,100.0,2.13532e+05,1.35689e-08,5.13015e-06,2.64494e-03,0,0.7638,0.6733
2.850,77.50,100.0,2.35605e+05,1.35689e-08,4.64953e-06,2.91835e-03,0,0.7638,0.6733
2.850,80.00,100.0,2.59149e+05,1.35689e-08,4.22711e-06,3.20997e-03,0,0.7638,0.6733
2.900,5.00,100.0,6.16397e+01,1.29916e-08,1.77719e-02,7.31020e-07,0,0.7638,0.6851
2.900,7.50,100.0,2.08034e+02,1.29916e-08,5.26574e-03,2.46719e-06,0,0.7638,0.6851
2.900,10.00,100.0,4.93117e+02,1.29916e-08,2.22149e-03,5.84816e-06,0,0.7638,0.6851
2.900,12.50,100.0,9.63120e+02,1.29916e-08,1.13740e-03,1.14222e-05,0,0.7638,0.6851
2.900,15.00,100.0,1.66427e+03,1.29916e-08,6.58218e-04,1.97375e-05,0,0.7638,0.6851
2.900,17.50,100.0,2.64280e+03,1.29916e-08,4.14505e-04,3.13425e-05,0,0.7638,0.6851
2.900,20.00,100.0,3.94494e+03,1.29916e-08,2.77686e-04,4.67853e-05,0,0.7638,0.6851
2.900,22.50,100.0,5.61691e+03,1.29916e-08,1.95027e-04,6.66142e-05,0,0.7638,0.6851
2.900,25.00,100.0,7.70496e+03,1.29916e-08,1.42175e-04,9.13775e-05,0,0.7638,0.6851
2.900,27.50,100.0,1.02553e+04,1.29916e-08,1.06818e-04,1.21623e-04,0,0.7638,0.6851
2.900,30.00,100.0,1.33142e+04,1.29916e-08,8.22772e-05,1.57900e-04,0,0.7638,0.6851
2.900,32.50,100.0,1.69278e+04,1.29916e-08,6.47133e-05,2.00756e-04,0,0.7638,0.6851
2.900,35.00,100.0,2.11424e+04,1.29916e-08,5.18131e-05,2.50740e-04,0,0.7638,0.6851
2.900,37.50,100.0,2.60042e+04,1.29916e-08,4.21259e-05,3.08399e-04,0,0.7638,0.6851
2.900,40.00,100.0,3.15595e+04,1.29916e-08,3.47107e-05,3.74282e-04,0,0.7638,0.6851
2.900,42.50,100.0,3.78545e+04,1.29916e-08,2.89385e-05,4.48937e-04,0,0.7638,0.6851
2.900,45.00,100.0,4.49353e+04,1.29916e-08,2.43784e-05,5.32913e-04,0,0.7638,0.6851
2.900,47.50,100.0,5.28483e+04,1.29916e-08,2.07282e-05,6.26758e-04,0,0.7638,0.6851
2.900,50.00,100.0,6.16397e+04,1.29916e-08,1.77719e-05,7.31020e-04,0,0.7638,0.6851
2.900,52.50,100.0,7.13556e+04,1.29916e-08,1.53520e-05,8.46247e-04,0,0.7638,0.6851
2.900,55.00,100.0,8.20424e+04,1.29916e-08,1.33523e-05,9.72987e-04,0,0.7638,0.6851
2.900,57.50,100.0,9.37462e+04,1.29916e-08,1.16853e-05,1.11179e-03,0,0.7638,0.6851
2.900,60.00,100.0,1.06513e+05,1.29916e-08,1.02847e-05,1.26320e-03,0,0.7638,0.6851
2.900,62.50,100.0,1.20390e+05,1.29916e-08,9.09920e-06,1.42777e-03,0,0.7638,0.6851
2.900,65.00,100.0,1.35422e+05,1.29916e-08,8.08916e-06,1.60605e-03,0,0.7638,0.6851
2.900,67.50,100.0,1.51657e+05,1.29916e-08,7.22324e-06,1.79858e-03,0,0.7638,0.6851
2.900,70.00,100.0,1.69139e+05,1.29916e-08,6.47663e-06,2.00592e-03,0,0.7638,0.6851
2.900,72.50,100.0,1.87916e+05,1.29916e-08,5.82947e-06,2.22860e-03,0,0.7638,0.6851
2.900,75.00,100.0,2.08034e+05,1.29916e-08,5.26574e-06,2.46719e-03,0,0.7638,0.6851
2.900,77.50,100.0,2.29538e+05,1.29916e-08,4.77242e-06,2.72223e-03,0,0.7638,0.6851
2.900,80.00,100.0,2.52476e+05,1.29916e-08,4.33884e-06,2.99426e-03,0,0.7638,0.6851
2.950,5.00,100.0,6.00792e+01,1.24481e-08,1.82335e-02,6.82705e-07,0,0.7638,0.6969
2.950,7.50,100.0,2.02767e+02,1.24481e-08,5.40251e-03,2.30413e-06,0,0.7638,0.6969
2.950,10.00,100.0,4.80634e+02,1.24481e-08,2.27918e-03,5.46164e-06,0,0.7638,0.6969
2.950,12.50,100.0,9.38738e+02,1.24481e-08,1.16694e-03,1.06673e-05,0,0.7638,0.6969
2.950,15.00,100.0,1.62214e+03,1.24481e-08,6.75314e-04,1.84330e-05,0,0.7638,0.6969
2.950,17.50,100.0,2.57590e+03,1.24481e-08,4.25271e-04,2.92710e-05,0,0.7638,0.6969
2.950,20.00,100.0,3.84507e+03,1.24481e-08,2.84898e-04,4.36931e-05,0,0.7638,0.6969
2.950,22.50,100.0,5.47472e+03,1.24481e-08,2.00093e-04,6.22115e-05,0,0.7638,0.6969
2.950,25.00,100.0,7.50990e+03,1.24481e-08,1.45868e-04,8.53381e-05,0,0.7638,0.6969
2.950,27.50,100.0,9.99568e+03,1.24481e-08,1.09593e-04,1.13585e-04,0,0.7638,0.6969
2.950,30.00,100.0,1.29771e+04,1.24481e-08,8.44142e-05,1.47464e-04,0,0.7638,0.6969
2.950,32.50,100.0,1.64993e+04,1.24481e-08,6.63941e-05,1.87488e-04,0,0.7638,0.6969
2.950,35.00,100.0,2.06072e+04,1.24481e-08,5.31588e-05,2.34168e-04,0,0.7638,0.6969
2.950,37.50,100.0,2.53459e+04,1.24481e-08,4.32201e-05,2.88016e-04,0,0.7638,0.6969
2.950,40.00,100.0,3.07606e+04,1.24481e-08,3.56123e-05,3.49545e-04,0,0.7638,0.6969
2.950,42.50,100.0,3.68961e+04,1.24481e-08,2.96902e-05,4.19266e-04,0,0.7638,0.6969
2.950,45.00,100.0,4.37977e+04,1.24481e-08,2.50116e-05,4.97692e-04,0,0.7638,0.6969
2.950,47.50,100.0,5.15104e+04,1.24481e-08,2.12666e-05,5.85334e-04,0,0.7638,0.6969
2.950,50.00,100.0,6.00792e+04,1.24481e-08,1.82335e-05,6.82705e-04,0,0.7638,0.6969
2.950,52.50,100.0,6.95492e+04,1.24481e-08,1.57508e-05,7.90316e-04,0,0.7638,0.6969
2.950,55.00,100.0,7.99654e+04,1.24481e-08,1.36991e-05,9.08680e-04,0,0.7638,0.6969
2.950,57.50,100.0,9.13730e+04,1.24481e-08,1.19888e-05,1.03831e-03,0,0.7638,0.6969
2.950,60.00,100.0,1.03817e+05,1.24481e-08,1.05518e-05,1.17971e-03,0,0.7638,0.6969
2.950,62.50,100.0,1.17342e+05,1.24481e-08,9.33554e-06,1.33341e-03,0,0.7638,0.6969
2.950,65.00,100.0,1.31994e+05,1.24481e-08,8.29926e-06,1.49990e-03,0,0.7638,0.6969
2.950,67.50,100.0,1.47817e+05,1.24481e-08,7.41085e-06,1.67971e-03,0,0.7638,0.6969
2.950,70.00,100.0,1.64857e+05,1.24481e-08,6.64485e-06,1.87334e-03,0,0.7638,0.6969
2.950,72.50,100.0,1.83159e+05,1.24481e-08,5.98088e-06,2.08131e-03,0,0.7638,0.6969
2.950,75.00,100.0,2.02767e+05,1.24481e-08,5.40251e-06,2.30413e-03,0,0.7638,0.6969
2.950,77.50,100.0,2.23727e+05,1.24481e-08,4.89637e-06,2.54231e-03,0,0.7638,0.6969
2.950,80.00,100.0,2.46084e+05,1.24481e-08,4.45153e-06,2.79636e-03,0,0.7638,0.6969
3.000,5.00,100.0,5.85835e+01,1.19359e-08,1.86990e-02,6.38316e-07,0,0.7638,0.7087
3.000,7.50,100.0,1.97719e+02,1.19359e-08,5.54044e-03,2.15432e-06,0,0.7638,0.7087
3.000,10.00,100.0,4.68668e+02,1.19359e-08,2.33737e-03,5.10653e-06,0,0.7638,0.7087
3.000,12.50,100.0,9.15367e+02,1.19359e-08,1.19674e-03,9.97369e-06,0,0.7638,0.7087
3.000,15.00,100.0,1.58175e+03,1.19359e-08,6.92555e-04,1.72345e-05,0,0.7638,0.7087
3.000,17.50,100.0,2.51177e+03,1.19359e-08,4.36128e-04,2.73678e-05,0,0.7638,0.7087
3.000,20.00,100.0,3.74934e+03,1.19359e-08,2.92172e-04,4.08523e-05,0,0.7638,0.7087
3.000,22.50,100.0,5.33842e+03,1.19359e-08,2.05202e-04,5.81666e-05,0,0.7638,0.7087
3.000,25.00,100.0,7.32294e+03,1.19359e-08,1.49592e-04,7.97896e-05,0,0.7638,0.7087
3.000,27.50,100.0,9.74683e+03,1.19359e-08,1.12391e-04,1.06200e-04,0,0.7638,0.7087
3.000,30.00,100.0,1.26540e+04,1.19359e-08,8.65694e-05,1.37876e-04,0,0.7638,0.7087
3.000,32.50,100.0,1.60885e+04,1.19359e-08,6.80892e-05,1.75298e-04,0,0.7638,0.7087
3.000,35.00,100.0,2.00941e+04,1.19359e-08,5.45160e-05,2.18943e-04,0,0.7638,0.7087
3.000,37.50,100.0,2.47149e+04,1.19359e-08,4.43235e-05,2.69290e-04,0,0.7638,0.7087
3.000,40.00,100.0,2.99948e+04,1.19359e-08,3.65215e-05,3.26818e-04,0,0.7638,0.7087
3.000,42.50,100.0,3.59776e+04,1.19359e-08,3.04482e-05,3.92006e-04,0,0.7638,0.7087
3.000,45.00,100.0,4.27074e+04,1.19359e-08,2.56502e-05,4.65333e-04,0,0.7638,0.7087
3.000,47.50,100.0,5.02280e+04,1.19359e-08,2.18096e-05,5.47277e-04,0,0.7638,0.7087
3.000,50.00,100.0,5.85835e+04,1.19359e-08,1.86990e-05,6.38316e-04,0,0.7638,0.7087
3.000,52.50,100.0,6.78177e+04,1.19359e-08,1.61529e-05,7.38931e-04,0,0.7638,0.7087
3.000,55.00,100.0,7.79746e+04,1.19359e-08,1.40488e-05,8.49599e-04,0,0.7638,0.7087
3.000,57.50,100.0,8.90982e+04,1.19359e-08,1.22949e-05,9.70800e-04,0,0.7638,0.7087
3.000,60.00,100.0,1.01232e+05,1.19359e-08,1.08212e-05,1.10301e-03,0,0.7638,0.7087
3.000,62.50,100.0,1.14421e+05,1.19359e-08,9.57389e-06,1.24671e-03,0,0.7638,0.7087
3.000,65.00,100.0,1.28708e+05,1.19359e-08,8.51115e-06,1.40238e-03,0,0.7638,0.7087
3.000,67.50,100.0,1.44137e+05,1.19359e-08,7.60006e-06,1.57050e-03,0,0.7638,0.7087
3.000,70.00,100.0,1.60753e+05,1.19359e-08,6.81450e-06,1.75154e-03,0,0.7638,0.7087
3.000,72.50,100.0,1.78599e+05,1.19359e-08,6.13358e-06,1.94599e-03,0,0.7638,0.7087
3.000,75.00,100.0,1.97719e+05,1.19359e-08,5.54044e-06,2.15432e-03,0,0.7638,0.7087
3.000,77.50,100.0,2.18158e+05,1.19359e-08,5.02138e-06,2.37701e-03,0,0.7638,0.7087
3.000,80.00,100.0,2.39958e+05,1.19359e-08,4.56518e-06,2.61454e-03,0,0.7638,0.7087
3.050,5.00,100.0,5.71488e+01,1.14527e-08,1.91684e-02,5.97478e-07,0,0.7638,0.7205
3.050,7.50,100.0,1.92877e+02,1.14527e-08,5.67953e-03,2.01649e-06,0,0.7638,0.7205
3.050,10.00,100.0,4.57191e+02,1.14527e-08,2.39605e-03,4.77982e-06,0,0.7638,0.7205
3.050,12.50,100.0,8.92951e+02,1.14527e-08,1.22678e-03,9.33559e-06,0,0.7638,0.7205
3.050,15.00,100.0,1.54302e+03,1.14527e-08,7.09941e-04,1.61319e-05,0,0.7638,0.7205
3.050,17.50,100.0,2.45026e+03,1.14527e-08,4.47077e-04,2.56169e-05,0,0.7638,0.7205
3.050,20.00,100.0,3.65753e+03,1.14527e-08,2.99506e-04,3.82386e-05,0,0.7638,0.7205
3.050,22.50,100.0,5.20769e+03,1.14527e-08,2.10353e-04,5.44452e-05,0,0.7638,0.7205
3.050,25.00,100.0,7.14361e+03,1.14527e-08,1.53347e-04,7.46847e-05,0,0.7638,0.7205
3.050,27.50,100.0,9.50814e+03,1.14527e-08,1.15212e-04,9.94053e-05,0,0.7638,0.7205
3.050,30.00,100.0,1.23442e+04,1.14527e-08,8.87427e-05,1.29055e-04,0,0.7638,0.7205
3.050,32.50,100.0,1.56945e+04,1.14527e-08,6.97985e-05,1.64082e-04,0,0.7638,0.7205
3.050,35.00,100.0,1.96021e+04,1.14527e-08,5.58846e-05,2.04935e-04,0,0.7638,0.7205
3.050,37.50,100.0,2.41097e+04,1.14527e-08,4.54362e-05,2.52061e-04,0,0.7638,0.7205
3.050,40.00,100.0,2.92602e+04,1.14527e-08,3.74383e-05,3.05909e-04,0,0.7638,0.7205
3.050,42.50,100.0,3.50965e+04,1.14527e-08,3.12126e-05,3.66926e-04,0,0.7638,0.7205
3.050,45.00,100.0,4.16615e+04,1.14527e-08,2.62941e-05,4.35561e-04,0,0.7638,0.7205
3.050,47.50,100.0,4.89980e+04,1.14527e-08,2.23571e-05,5.12262e-04,0,0.7638,0.7205
3.050,50.00,100.0,5.71488e+04,1.14527e-08,1.91684e-05,5.97478e-04,0,0.7638,0.7205
3.050,52.50,100.0,6.61569e+04,1.14527e-08,1.65584e-05,6.91655e-04,0,0.7638,0.7205
3.050,55.00,100.0,7.60651e+04,1.14527e-08,1.44015e-05,7.95243e-04,0,0.7638,0.7205
3.050,57.50,100.0,8.69163e+04,1.14527e-08,1.26035e-05,9.08689e-04,0,0.7638,0.7205
3.050,60.00,100.0,9.87532e+04,1.14527e-08,1.10928e-05,1.03244e-03,0,0.7638,0.7205
3.050,62.50,100.0,1.11619e+05,1.14527e-08,9.81423e-06,1.16695e-03,0,0.7638,0.7205
3.050,65.00,100.0,1.25556e+05,1.14527e-08,8.72481e-06,1.31266e-03,0,0.7638,0.7205
3.050,67.50,100.0,1.40608e+05,1.14527e-08,7.79085e-06,1.47002e-03,0,0.7638,0.7205
3.050,70.00,100.0,1.56816e+05,1.14527e-08,6.98557e-06,1.63948e-03,0,0.7638,0.7205
3.050,72.50,100.0,1.74225e+05,1.14527e-08,6.28756e-06,1.82149e-03,0,0.7638,0.7205
3.050,75.00,100.0,1.92877e+05,1.14527e-08,5.67953e-06,2.01649e-03,0,0.7638,0.7205
3.050,77.50,100.0,2.12815e+05,1.14527e-08,5.14744e-06,2.22493e-03,0,0.7638,0.7205
3.050,80.00,100.0,2.34082e+05,1.14527e-08,4.67979e-06,2.44727e-03,0,0.7638,0.7205
3.100,5.00,100.0,5.57718e+01,1.09965e-08,1.96417e-02,5.59853e-07,0,0.7638,0.7323
3.100,7.50,100.0,1.88230e+02,1.09965e-08,5.81976e-03,1.88950e-06,0,0.7638,0.7323
3.100,10.00,100.0,4.46174e+02,1.09965e-08,2.45521e-03,4.47883e-06,0,0.7638,0.7323
3.100,12.50,100.0,8.71434e+02,1.09965e-08,1.25707e-03,8.74771e-06,0,0.7638,0.7323
3.100,15.00,100.0,1.50584e+03,1.09965e-08,7.27470e-04,1.51160e-05,0,0.7638,0.7323
3.100,17.50,100.0,2.39122e+03,1.09965e-08,4.58115e-04,2.40037e-05,0,0.7638,0.7323
3.100,20.00,100.0,3.56940e+03,1.09965e-08,3.06901e-04,3.58306e-05,0,0.7638,0.7323
3.100,22.50,100.0,5.08221e+03,1.09965e-08,2.15547e-04,5.10166e-05,0,0.7638,0.7323
3.100,25.00,100.0,6.97148e+03,1.09965e-08,1.57134e-04,6.99817e-05,0,0.7638,0.7323
3.100,27.50,100.0,9.27903e+03,1.09965e-08,1.18057e-04,9.31456e-05,0,0.7638,0.7323
3.100,30.00,100.0,1.20467e+04,1.09965e-08,9.09338e-05,1.20928e-04,0,0.7638,0.7323
3.100,32.50,100.0,1.53163e+04,1.09965e-08,7.15219e-05,1.53750e-04,0,0.7638,0.7323
3.100,35.00,100.0,1.91297e+04,1.09965e-08,5.72644e-05,1.92030e-04,0,0.7638,0.7323
3.100,37.50,100.0,2.35287e+04,1.09965e-08,4.65581e-05,2.36188e-04,0,0.7638,0.7323
3.100,40.00,100.0,2.85552e+04,1.09965e-08,3.83627e-05,2.86645e-04,0,0.7638,0.7323
3.100,42.50,100.0,3.42509e+04,1.09965e-08,3.19832e-05,3.43820e-04,0,0.7638,0.7323
3.100,45.00,100.0,4.06576e+04,1.09965e-08,2.69433e-05,4.08133e-04,0,0.7638,0.7323
3.100,47.50,100.0,4.78174e+04,1.09965e-08,2.29091e-05,4.80004e-04,0,0.7638,0.7323
3.100,50.00,100.0,5.57718e+04,1.09965e-08,1.96417e-05,5.59853e-04,0,0.7638,0.7323
3.100,52.50,100.0,6.45628e+04,1.09965e-08,1.69672e-05,6.48100e-04,0,0.7638,0.7323
3.100,55.00,100.0,7.42323e+04,1.09965e-08,1.47571e-05,7.45165e-04,0,0.7638,0.7323
3.100,57.50,100.0,8.48219e+04,1.09965e-08,1.29147e-05,8.51467e-04,0,0.7638,0.7323
3.100,60.00,100.0,9.63737e+04,1.09965e-08,1.13667e-05,9.67427e-04,0,0.7638,0.7323
3.100,62.50,100.0,1.08929e+05,1.09965e-08,1.00565e-05,1.09346e-03,0,0.7638,0.7323
3.100,65.00,100.0,1.22531e+05,1.09965e-08,8.94023e-06,1.23000e-03,0,0.7638,0.7323
3.100,67.50,100.0,1.37220e+05,1.09965e-08,7.98321e-06,1.37745e-03,0,0.7638,0.7323
3.100,70.00,100.0,1.53038e+05,1.09965e-08,7.15805e-06,1.53624e-03,0,0.7638,0.7323
3.100,72.50,100.0,1.70027e+05,1.09965e-08,6.44280e-06,1.70678e-03,0,0.7638,0.7323
3.100,75.00,100.0,1.88230e+05,1.09965e-08,5.81976e-06,1.88950e-03,0,0.7638,0.7323
3.100,77.50,100.0,2.07687e+05,1.09965e-08,5.27453e-06,2.08482e-03,0,0.7638,0.7323
3.100,80.00,100.0,2.28441e+05,1.09965e-08,4.79534e-06,2.29316e-03,0,0.7638,0.7323
3.150,5.00,100.0,5.44492e+01,1.05653e-08,2.01188e-02,5.25145e-07,0,0.7638,0.7441
3.150,7.50,100.0,1.83766e+02,1.05653e-08,5.96113e-03,1.77236e-06,0,0.7638,0.7441
3.150,10.00,100.0,4.35593e+02,1.05653e-08,2.51485e-03,4.20116e-06,0,0.7638,0.7441
3.150,12.50,100.0,8.50769e+02,1.05653e-08,1.28760e-03,8.20538e-06,0,0.7638,0.7441
3.150,15.00,100.0,1.47013e+03,1.05653e-08,7.45141e-04,1.41789e-05,0,0.7638,0.7441
3.150,17.50,100.0,2.33451e+03,1.05653e-08,4.69243e-04,2.25156e-05,0,0.7638,0.7441
3.150,20.00,100.0,3.48475e+03,1.05653e-08,3.14356e-04,3.36092e-05,0,0.7638,0.7441
3.150,22.50,100.0,4.96168e+03,1.05653e-08,2.20783e-04,4.78538e-05,0,0.7638,0.7441
3.150,25.00,100.0,6.80615e+03,1.05653e-08,1.60950e-04,6.56431e-05,0,0.7638,0.7441
3.150,27.50,100.0,9.05898e+03,1.05653e-08,1.20924e-04,8.73709e-05,0,0.7638,0.7441
3.150,30.00,100.0,1.17610e+04,1.05653e-08,9.31426e-05,1.13431e-04,0,0.7638,0.7441
3.150,32.50,100.0,1.49531e+04,1.05653e-08,7.32592e-05,1.44218e-04,0,0.7638,0.7441
3.150,35.00,100.0,1.86761e+04,1.05653e-08,5.86554e-05,1.80125e-04,0,0.7638,0.7441
3.150,37.50,100.0,2.29708e+04,1.05653e-08,4.76890e-05,2.21545e-04,0,0.7638,0.7441
3.150,40.00,100.0,2.78780e+04,1.05653e-08,3.92945e-05,2.68874e-04,0,0.7638,0.7441
3.150,42.50,100.0,3.34386e+04,1.05653e-08,3.27601e-05,3.22504e-04,0,0.7638,0.7441
3.150,45.00,100.0,3.96935e+04,1.05653e-08,2.75978e-05,3.82830e-04,0,0.7638,0.7441
3.150,47.50,100.0,4.66834e+04,1.05653e-08,2.34656e-05,4.50246e-04,0,0.7638,0.7441
3.150,50.00,100.0,5.44492e+04,1.05653e-08,2.01188e-05,5.25145e-04,0,0.7638,0.7441
3.150,52.50,100.0,6.30317e+04,1.05653e-08,1.73794e-05,6.07920e-04,0,0.7638,0.7441
3.150,55.00,100.0,7.24719e+04,1.05653e-08,1.51156e-05,6.98967e-04,0,0.7638,0.7441
3.150,57.50,100.0,8.28104e+04,1.05653e-08,1.32284e-05,7.98679e-04,0,0.7638,0.7441
3.150,60.00,100.0,9.40882e+04,1.05653e-08,1.16428e-05,9.07450e-04,0,0.7638,0.7441
3.150,62.50,100.0,1.06346e+05,1.05653e-08,1.03008e-05,1.02567e-03,0,0.7638,0.7441
3.150,65.00,100.0,1.19625e+05,1.05653e-08,9.15740e-06,1.15374e-03,0,0.7638,0.7441
3.150,67.50,100.0,1.33965e+05,1.05653e-08,8.17713e-06,1.29205e-03,0,0.7638,0.7441
3.150,70.00,100.0,1.49409e+05,1.05653e-08,7.33193e-06,1.44100e-03,0,0.7638,0.7441
3.150,72.50,100.0,1.65995e+05,1.05653e-08,6.59931e-06,1.60097e-03,0,0.7638,0.7441
3.150,75.00,100.0,1.83766e+05,1.05653e-08,5.96113e-06,1.77236e-03,0,0.7638,0.7441
3.150,77.50,100.0,2.02762e+05,1.05653e-08,5.40265e-06,1.95557e-03,0,0.7638,0.7441
3.150,80.00,100.0,2.23024e+05,1.05653e-08,4.91182e-06,2.15099e-03,0,0.7638,0.7441
3.200,5.00,100.0,5.31780e+01,1.01574e-08,2.05997e-02,4.93084e-07,0,0.7638,0.7560
3.200,7.50,100.0,1.79476e+02,1.01574e-08,6.10362e-03,1.66416e-06,0,0.7638,0.7560
3.200,10.00,100.0,4.25424e+02,1.01574e-08,2.57497e-03,3.94467e-06,0,0.7638,0.7560
3.200,12.50,100.0,8.30907e+02,1.01574e-08,1.31838e-03,7.70444e-06,0,0.7638,0.7560
3.200,15.00,100.0,1.43581e+03,1.01574e-08,7.62953e-04,1.33133e-05,0,0.7638,0.7560
3.200,17.50,100.0,2.28001e+03,1.01574e-08,4.80460e-04,2.11410e-05,0,0.7638,0.7560
3.200,20.00,100.0,3.40339e+03,1.01574e-08,3.21871e-04,3.15574e-05,0,0.7638,0.7560
3.200,22.50,100.0,4.84585e+03,1.01574e-08,2.26060e-04,4.49323e-05,0,0.7638,0.7560
3.200,25.00,100.0,6.64725e+03,1.01574e-08,1.64798e-04,6.16355e-05,0,0.7638,0.7560
3.200,27.50,100.0,8.84750e+03,1.01574e-08,1.23815e-04,8.20369e-05,0,0.7638,0.7560
3.200,30.00,100.0,1.14865e+04,1.01574e-08,9.53691e-05,1.06506e-04,0,0.7638,0.7560
3.200,32.50,100.0,1.46040e+04,1.01574e-08,7.50104e-05,1.35413e-04,0,0.7638,0.7560
3.200,35.00,100.0,1.82401e+04,1.01574e-08,6.00575e-05,1.69128e-04,0,0.7638,0.7560
3.200,37.50,100.0,2.24345e+04,1.01574e-08,4.88290e-05,2.08020e-04,0,0.7638,0.7560
3.200,40.00,100.0,2.72272e+04,1.01574e-08,4.02338e-05,2.52459e-04,0,0.7638,0.7560
3.200,42.50,100.0,3.26580e+04,1.01574e-08,3.35432e-05,3.02815e-04,0,0.7638,0.7560
3.200,45.00,100.0,3.87668e+04,1.01574e-08,2.82575e-05,3.59458e-04,0,0.7638,0.7560
3.200,47.50,100.0,4.55935e+04,1.01574e-08,2.40265e-05,4.22758e-04,0,0.7638,0.7560
3.200,50.00,100.0,5.31780e+04,1.01574e-08,2.05997e-05,4.93084e-04,0,0.7638,0.7560
3.200,52.50,100.0,6.15602e+04,1.01574e-08,1.77948e-05,5.70807e-04,0,0.7638,0.7560
3.200,55.00,100.0,7.07800e+04,1.01574e-08,1.54769e-05,6.56295e-04,0,0.7638,0.7560
3.200,57.50,100.0,8.08771e+04,1.01574e-08,1.35447e-05,7.49920e-04,0,0.7638,0.7560
3.200,60.00,100.0,9.18916e+04,1.01574e-08,1.19211e-05,8.52050e-04,0,0.7638,0.7560
3.200,62.50,100.0,1.03863e+05,1.01574e-08,1.05471e-05,9.63055e-04,0,0.7638,0.7560
3.200,65.00,100.0,1.16832e+05,1.01574e-08,9.37630e-06,1.08331e-03,0,0.7638,0.7560
3.200,67.50,100.0,1.30838e+05,1.01574e-08,8.37259e-06,1.21317e-03,0,0.7638,0.7560
3.200,70.00,100.0,1.45921e+05,1.01574e-08,7.50719e-06,1.35302e-03,0,0.7638,0.7560
3.200,72.50,100.0,1.62120e+05,1.01574e-08,6.75705e-06,1.50323e-03,0,0.7638,0.7560
3.200,75.00,100.0,1.79476e+05,1.01574e-08,6.10362e-06,1.66416e-03,0,0.7638,0.7560
3.200,77.50,100.0,1.98028e+05,1.01574e-08,5.53180e-06,1.83618e-03,0,0.7638,0.7560
3.200,80.00,100.0,2.17817e+05,1.01574e-08,5.02923e-06,2.01967e-03,0,0.7638,0.7560
3.250,5.00,100.0,5.19556e+01,9.77123e-09,2.10844e-02,4.63434e-07,0,0.7638,0.7678
3.250,7.50,100.0,1.75350e+02,9.77123e-09,6.24723e-03,1.56409e-06,0,0.7638,0.7678
3.250,10.00,100.0,4.15645e+02,9.77123e-09,2.63555e-03,3.70747e-06,0,0.7638,0.7678
3.250,12.50,100.0,8.11806e+02,9.77123e-09,1.34940e-03,7.24115e-06,0,0.7638,0.7678
3.250,15.00,100.0,1.40280e+03,9.77123e-09,7.80904e-04,1.25127e-05,0,0.7638,0.7678
3.250,17.50,100.0,2.22760e+03,9.77123e-09,4.91765e-04,1.98697e-05,0,0.7638,0.7678
3.250,20.00,100.0,3.32516e+03,9.77123e-09,3.29444e-04,2.96598e-05,0,0.7638,0.7678
3.250,22.50,100.0,4.73445e+03,9.77123e-09,2.31379e-04,4.22304e-05,0,0.7638,0.7678
3.250,25.00,100.0,6.49445e+03,9.77123e-09,1.68675e-04,5.79292e-05,0,0.7638,0.7678
3.250,27.50,100.0,8.64411e+03,9.77123e-09,1.26728e-04,7.71038e-05,0,0.7638,0.7678
3.250,30.00,100.0,1.12224e+04,9.77123e-09,9.76130e-05,1.00102e-04,0,0.7638,0.7678
3.250,32.50,100.0,1.42683e+04,9.77123e-09,7.67753e-05,1.27270e-04,0,0.7638,0.7678
3.250,35.00,100.0,1.78208e+04,9.77123e-09,6.14706e-05,1.58958e-04,0,0.7638,0.7678
3.250,37.50,100.0,2.19188e+04,9.77123e-09,4.99779e-05,1.95511e-04,0,0.7638,0.7678
3.250,40.00,100.0,2.66013e+04,9.77123e-09,4.11805e-05,2.37278e-04,0,0.7638,0.7678
3.250,42.50,100.0,3.19072e+04,9.77123e-09,3.43324e-05,2.84606e-04,0,0.7638,0.7678
3.250,45.00,100.0,3.78756e+04,9.77123e-09,2.89224e-05,3.37843e-04,0,0.7638,0.7678
3.250,47.50,100.0,4.45454e+04,9.77123e-09,2.45918e-05,3.97336e-04,0,0.7638,0.7678
3.250,50.00,100.0,5.19556e+04,9.77123e-09,2.10844e-05,4.63434e-04,0,0.7638,0.7678
3.250,52.50,100.0,6.01451e+04,9.77123e-09,1.82135e-05,5.36482e-04,0,0.7638,0.7678
3.250,55.00,100.0,6.91529e+04,9.77123e-09,1.58410e-05,6.16830e-04,0,0.7638,0.7678
3.250,57.50,100.0,7.90179e+04,9.77123e-09,1.38633e-05,7.04825e-04,0,0.7638,0.7678
3.250,60.00,100.0,8.97792e+04,9.77123e-09,1.22016e-05,8.00813e-04,0,0.7638,0.7678
3.250,62.50,100.0,1.01476e+05,9.77123e-09,1.07952e-05,9.05144e-04,0,0.7638,0.7678
3.250,65.00,100.0,1.14146e+05,9.77123e-09,9.59691e-06,1.01816e-03,0,0.7638,0.7678
3.250,67.50,100.0,1.27830e+05,9.77123e-09,8.56959e-06,1.14022e-03,0,0.7638,0.7678
3.250,70.00,100.0,1.42566e+05,9.77123e-09,7.68382e-06,1.27166e-03,0,0.7638,0.7678
3.250,72.50,100.0,1.58393e+05,9.77123e-09,6.91604e-06,1.41284e-03,0,0.7638,0.7678
3.250,75.00,100.0,1.75350e+05,9.77123e-09,6.24723e-06,1.56409e-03,0,0.7638,0.7678
3.250,77.50,100.0,1.93476e+05,9.77123e-09,5.66195e-06,1.72577e-03,0,0.7638,0.7678
3.250,80.00,100.0,2.12810e+05,9.77123e-09,5.14756e-06,1.89822e-03,0,0.7638,0.7678
3.300,5.00,100.0,5.07793e+01,9.40530e-09,2.15728e-02,4.35979e-07,0,0.7638,0.7796
3.300,7.50,100.0,1.71380e+02,9.40530e-09,6.39195e-03,1.47143e-06,0,0.7638,0.7796
3.300,10.00,100.0,4.06234e+02,9.40530e-09,2.69660e-03,3.48783e-06,0,0.7638,0.7796
3.300,12.50,100.0,7.93426e+02,9.40530e-09,1.38066e-03,6.81217e-06,0,0.7638,0.7796
3.300,15.00,100.0,1.37104e+03,9.40530e-09,7.98994e-04,1.17714e-05,0,0.7638,0.7796
3.300,17.50,100.0,2.17716e+03,9.40530e-09,5.03157e-04,1.86926e-05,0,0.7638,0.7796
3.300,20.00,100.0,3.24987e+03,9.40530e-09,3.37076e-04,2.79026e-05,0,0.7638,0.7796
3.300,22.50,100.0,4.62726e+03,9.40530e-09,2.36739e-04,3.97286e-05,0,0.7638,0.7796
3.300,25.00,100.0,6.34741e+03,9.40530e-09,1.72583e-04,5.44973e-05,0,0.7638,0.7796
3.300,27.50,100.0,8.44840e+03,9.40530e-09,1.29664e-04,7.25360e-05,0,0.7638,0.7796
3.300,30.00,100.0,1.09683e+04,9.40530e-09,9.98743e-05,9.41714e-05,0,0.7638,0.7796
3.300,32.50,100.0,1.39453e+04,9.40530e-09,7.85538e-05,1.19731e-04,0,0.7638,0.7796
3.300,35.00,100.0,1.74173e+04,9.40530e-09,6.28946e-05,1.49541e-04,0,0.7638,0.7796
3.300,37.50,100.0,2.14225e+04,9.40530e-09,5.11356e-05,1.83929e-04,0,0.7638,0.7796
3.300,40.00,100.0,2.59990e+04,9.40530e-09,4.21345e-05,2.23221e-04,0,0.7638,0.7796
3.300,42.50,100.0,3.11848e+04,9.40530e-09,3.51278e-05,2.67745e-04,0,0.7638,0.7796
3.300,45.00,100.0,3.70181e+04,9.40530e-09,2.95924e-05,3.17828e-04,0,0.7638,0.7796
3.300,47.50,100.0,4.35369e+04,9.40530e-09,2.51615e-05,3.73797e-04,0,0.7638,0.7796
3.300,50.00,100.0,5.07793e+04,9.40530e-09,2.15728e-05,4.35979e-04,0,0.7638,0.7796
3.300,52.50,100.0,5.87833e+04,9.40530e-09,1.86354e-05,5.04700e-04,0,0.7638,0.7796
3.300,55.00,100.0,6.75872e+04,9.40530e-09,1.62080e-05,5.80288e-04,0,0.7638,0.7796
3.300,57.50,100.0,7.72289e+04,9.40530e-09,1.41845e-05,6.63069e-04,0,0.7638,0.7796
3.300,60.00,100.0,8.77466e+04,9.40530e-09,1.24843e-05,7.53371e-04,0,0.7638,0.7796
3.300,62.50,100.0,9.91782e+04,9.40530e-09,1.10453e-05,8.51521e-04,0,0.7638,0.7796
3.300,65.00,100.0,1.11562e+05,9.40530e-09,9.81923e-06,9.57845e-04,0,0.7638,0.7796
3.300,67.50,100.0,1.24936e+05,9.40530e-09,8.76811e-06,1.07267e-03,0,0.7638,0.7796
3.300,70.00,100.0,1.39338e+05,9.40530e-09,7.86182e-06,1.19633e-03,0,0.7638,0.7796
3.300,72.50,100.0,1.54807e+05,9.40530e-09,7.07625e-06,1.32914e-03,0,0.7638,0.7796
3.300,75.00,100.0,1.71380e+05,9.40530e-09,6.39195e-06,1.47143e-03,0,0.7638,0.7796
3.300,77.50,100.0,1.89096e+05,9.40530e-09,5.79312e-06,1.62353e-03,0,0.7638,0.7796
3.300,80.00,100.0,2.07992e+05,9.40530e-09,5.26681e-06,1.78577e-03,0,0.7638,0.7796
3.350,5.00,100.0,4.96467e+01,9.05827e-09,2.20650e-02,4.10527e-07,0,0.7638,0.7914
3.350,7.50,100.0,1.67557e+02,9.05827e-09,6.53777e-03,1.38553e-06,0,0.7638,0.7914
3.350,10.00,100.0,3.97173e+02,9.05827e-09,2.75812e-03,3.28422e-06,0,0.7638,0.7914
3.350,12.50,100.0,7.75729e+02,9.05827e-09,1.41216e-03,6.41449e-06,0,0.7638,0.7914
3.350,15.00,100.0,1.34046e+03,9.05827e-09,8.17222e-04,1.10842e-05,0,0.7638,0.7914
3.350,17.50,100.0,2.12860e+03,9.05827e-09,5.14635e-04,1.76013e-05,0,0.7638,0.7914
3.350,20.00,100.0,3.17739e+03,9.05827e-09,3.44765e-04,2.62737e-05,0,0.7638,0.7914
3.350,22.50,100.0,4.52405e+03,9.05827e-09,2.42140e-04,3.74093e-05,0,0.7638,0.7914
3.350,25.00,100.0,6.20583e+03,9.05827e-09,1.76520e-04,5.13159e-05,0,0.7638,0.7914
3.350,27.50,100.0,8.25996e+03,9.05827e-09,1.32622e-04,6.83014e-05,0,0.7638,0.7914
3.350,30.00,100.0,1.07237e+04,9.05827e-09,1.02153e-04,8.86739e-05,0,0.7638,0.7914
3.350,32.50,100.0,1.36342e+04,9.05827e-09,8.03459e-05,1.12741e-04,0,0.7638,0.7914
3.350,35.00,100.0,1.70288e+04,9.05827e-09,6.43294e-05,1.40811e-04,0,0.7638,0.7914
3.350,37.50,100.0,2.09447e+04,9.05827e-09,5.23022e-05,1.73191e-04,0,0.7638,0.7914
3.350,40.00,100.0,2.54191e+04,9.05827e-09,4.30957e-05,2.10190e-04,0,0.7638,0.7914
3.350,42.50,100.0,3.04893e+04,9.05827e-09,3.59291e-05,2.52115e-04,0,0.7638,0.7914
3.350,45.00,100.0,3.61924e+04,9.05827e-09,3.02675e-05,2.99274e-04,0,0.7638,0.7914
3.350,47.50,100.0,4.25658e+04,9.05827e-09,2.57355e-05,3.51976e-04,0,0.7638,0.7914
3.350,50.00,100.0,4.96467e+04,9.05827e-09,2.20650e-05,4.10527e-04,0,0.7638,0.7914
3.350,52.50,100.0,5.74722e+04,9.05827e-09,1.90606e-05,4.75236e-04,0,0.7638,0.7914
3.350,55.00,100.0,6.60797e+04,9.05827e-09,1.65777e-05,5.46412e-04,0,0.7638,0.7914
3.350,57.50,100.0,7.55064e+04,9.05827e-09,1.45081e-05,6.24360e-04,0,0.7638,0.7914
3.350,60.00,100.0,8.57894e+04,9.05827e-09,1.27691e-05,7.09391e-04,0,0.7638,0.7914
3.350,62.50,100.0,9.69661e+04,9.05827e-09,1.12973e-05,8.01811e-04,0,0.7638,0.7914
3.350,65.00,100.0,1.09074e+05,9.05827e-09,1.00432e-05,9.01928e-04,0,0.7638,0.7914
3.350,67.50,100.0,1.22149e+05,9.05827e-09,8.96814e-06,1.01005e-03,0,0.7638,0.7914
3.350,70.00,100.0,1.36230e+05,9.05827e-09,8.04117e-06,1.12649e-03,0,0.7638,0.7914
3.350,72.50,100.0,1.51354e+05,9.05827e-09,7.23768e-06,1.25154e-03,0,0.7638,0.7914
3.350,75.00,100.0,1.67557e+05,9.05827e-09,6.53777e-06,1.38553e-03,0,0.7638,0.7914
3.350,77.50,100.0,1.84878e+05,9.05827e-09,5.92527e-06,1.52875e-03,0,0.7638,0.7914
3.350,80.00,100.0,2.03353e+05,9.05827e-09,5.38696e-06,1.68152e-03,0,0.7638,0.7914
3.400,5.00,100.0,4.85555e+01,8.72891e-09,2.25608e-02,3.86906e-07,0,0.7638,0.8032
3.400,7.50,100.0,1.63875e+02,8.72891e-09,6.68469e-03,1.30581e-06,0,0.7638,0.8032
3.400,10.00,100.0,3.88444e+02,8.72891e-09,2.82010e-03,3.09525e-06,0,0.7638,0.8032
3.400,12.50,100.0,7.58680e+02,8.72891e-09,1.44389e-03,6.04541e-06,0,0.7638,0.8032
3.400,15.00,100.0,1.31100e+03,8.72891e-09,8.35586e-04,1.04465e-05,0,0.7638,0.8032
3.400,17.50,100.0,2.08182e+03,8.72891e-09,5.26200e-04,1.65886e-05,0,0.7638,0.8032
3.400,20.00,100.0,3.10756e+03,8.72891e-09,3.52513e-04,2.47620e-05,0,0.7638,0.8032
3.400,22.50,100.0,4.42462e+03,8.72891e-09,2.47581e-04,3.52568e-05,0,0.7638,0.8032
3.400,25.00,100.0,6.06944e+03,8.72891e-09,1.80487e-04,4.83632e-05,0,0.7638,0.8032
3.400,27.50,100.0,8.07843e+03,8.72891e-09,1.35602e-04,6.43715e-05,0,0.7638,0.8032
3.400,30.00,100.0,1.04880e+04,8.72891e-09,1.04448e-04,8.35717e-05,0,0.7638,0.8032
3.400,32.50,100.0,1.33346e+04,8.72891e-09,8.21513e-05,1.06254e-04,0,0.7638,0.8032
3.400,35.00,100.0,1.66546e+04,8.72891e-09,6.57750e-05,1.32709e-04,0,0.7638,0.8032
3.400,37.50,100.0,2.04844e+04,8.72891e-09,5.34775e-05,1.63226e-04,0,0.7638,0.8032
3.400,40.00,100.0,2.48604e+04,8.72891e-09,4.40641e-05,1.98096e-04,0,0.7638,0.8032
3.400,42.50,100.0,2.98192e+04,8.72891e-09,3.67365e-05,2.37609e-04,0,0.7638,0.8032
3.400,45.00,100.0,3.53970e+04,8.72891e-09,3.09476e-05,2.82054e-04,0,0.7638,0.8032
3.400,47.50,100.0,4.16303e+04,8.72891e-09,2.63138e-05,3.31723e-04,0,0.7638,0.8032
3.400,50.00,100.0,4.85555e+04,8.72891e-09,2.25608e-05,3.86906e-04,0,0.7638,0.8032
3.400,52.50,100.0,5.62091e+04,8.72891e-09,1.94889e-05,4.47892e-04,0,0.7638,0.8032
3.400,55.00,100.0,6.46274e+04,8.72891e-09,1.69503e-05,5.14972e-04,0,0.7638,0.8032
3.400,57.50,100.0,7.38469e+04,8.72891e-09,1.48341e-05,5.88436e-04,0,0.7638,0.8032
3.400,60.00,100.0,8.39040e+04,8.72891e-09,1.30560e-05,6.68573e-04,0,0.7638,0.8032
3.400,62.50,100.0,9.48351e+04,8.72891e-09,1.15511e-05,7.55676e-04,0,0.7638,0.8032
3.400,65.00,100.0,1.06677e+05,8.72891e-09,1.02689e-05,8.50032e-04,0,0.7638,0.8032
3.400,67.50,100.0,1.19465e+05,8.72891e-09,9.16966e-06,9.51934e-04,0,0.7638,0.8032
3.400,70.00,100.0,1.33236e+05,8.72891e-09,8.22187e-06,1.06167e-03,0,0.7638,0.8032
3.400,72.50,100.0,1.48028e+05,8.72891e-09,7.40032e-06,1.17953e-03,0,0.7638,0.8032
3.400,75.00,100.0,1.63875e+05,8.72891e-09,6.68469e-06,1.30581e-03,0,0.7638,0.8032
3.400,77.50,100.0,1.80815e+05,8.72891e-09,6.05842e-06,1.44079e-03,0,0.7638,0.8032
3.400,80.00,100.0,1.98884e+05,8.72891e-09,5.50801e-06,1.58477e-03,0,0.7638,0.8032
3.450,5.00,100.0,4.75038e+01,8.41608e-09,2.30603e-02,3.64959e-07,0,0.7638,0.8150
3.450,7.50,100.0,1.60325e+02,8.41608e-09,6.83268e-03,1.23174e-06,0,0.7638,0.8150
3.450,10.00,100.0,3.80031e+02,8.41608e-09,2.88254e-03,2.91968e-06,0,0.7638,0.8150
3.450,12.50,100.0,7.42247e+02,8.41608e-09,1.47586e-03,5.70249e-06,0,0.7638,0.8150
3.450,15.00,100.0,1.28260e+03,8.41608e-09,8.54085e-04,9.85391e-06,0,0.7638,0.8150
3.450,17.50,100.0,2.03673e+03,8.41608e-09,5.37850e-04,1.56476e-05,0,0.7638,0.8150
3.450,20.00,100.0,3.04024e+03,8.41608e-09,3.60317e-04,2.33574e-05,0,0.7638,0.8150
3.450,22.50,100.0,4.32879e+03,8.41608e-09,2.53062e-04,3.32569e-05,0,0.7638,0.8150
3.450,25.00,100.0,5.93798e+03,8.41608e-09,1.84482e-04,4.56199e-05,0,0.7638,0.8150
3.450,27.50,100.0,7.90345e+03,8.41608e-09,1.38604e-04,6.07201e-05,0,0.7638,0.8150
3.450,30.00,100.0,1.02608e+04,8.41608e-09,1.06761e-04,7.88313e-05,0,0.7638,0.8150
3.450,32.50,100.0,1.30457e+04,8.41608e-09,8.39702e-05,1.00227e-04,0,0.7638,0.8150
3.450,35.00,100.0,1.62938e+04,8.41608e-09,6.72312e-05,1.25181e-04,0,0.7638,0.8150
3.450,37.50,100.0,2.00407e+04,8.41608e-09,5.46615e-05,1.53967e-04,0,0.7638,0.8150
3.450,40.00,100.0,2.43220e+04,8.41608e-09,4.50397e-05,1.86859e-04,0,0.7638,0.8150
3.450,42.50,100.0,2.91733e+04,8.41608e-09,3.75499e-05,2.24131e-04,0,0.7638,0.8150
3.450,45.00,100.0,3.46303e+04,8.41608e-09,3.16328e-05,2.66055e-04,0,0.7638,0.8150
3.450,47.50,100.0,4.07286e+04,8.41608e-09,2.68964e-05,3.12907e-04,0,0.7638,0.8150
3.450,50.00,100.0,4.75038e+04,8.41608e-09,2.30603e-05,3.64959e-04,0,0.7638,0.8150
3.450,52.50,100.0,5.49916e+04,8.41608e-09,1.99204e-05,4.22486e-04,0,0.7638,0.8150
3.450,55.00,100.0,6.32276e+04,8.41608e-09,1.73255e-05,4.85761e-04,0,0.7638,0.8150
3.450,57.50,100.0,7.22474e+04,8.41608e-09,1.51625e-05,5.55058e-04,0,0.7638,0.8150
3.450,60.00,100.0,8.20866e+04,8.41608e-09,1.33451e-05,6.30650e-04,0,0.7638,0.8150
3.450,62.50,100.0,9.27809e+04,8.41608e-09,1.18069e-05,7.12812e-04,0,0.7638,0.8150
3.450,65.00,100.0,1.04366e+05,8.41608e-09,1.04963e-05,8.01816e-04,0,0.7638,0.8150
3.450,67.50,100.0,1.16877e+05,8.41608e-09,9.37268e-06,8.97937e-04,0,0.7638,0.8150
3.450,70.00,100.0,1.30350e+05,8.41608e-09,8.40390e-06,1.00145e-03,0,0.7638,0.8150
3.450,72.50,100.0,1.44821e+05,8.41608e-09,7.56417e-06,1.11262e-03,0,0.7638,0.8150
3.450,75.00,100.0,1.60325e+05,8.41608e-09,6.83268e-06,1.23174e-03,0,0.7638,0.8150
3.450,77.50,100.0,1.76898e+05,8.41608e-09,6.19256e-06,1.35906e-03,0,0.7638,0.8150
3.450,80.00,100.0,1.94576e+05,8.41608e-09,5.62996e-06,1.49487e-03,0,0.7638,0.8150
3.500,5.00,100.0,4.64895e+01,8.11872e-09,2.35634e-02,3.44547e-07,0,0.7638,0.8268
3.500,7.50,100.0,1.56902e+02,8.11872e-09,6.98176e-03,1.16285e-06,0,0.7638,0.8268
3.500,10.00,100.0,3.71916e+02,8.11872e-09,2.94543e-03,2.75638e-06,0,0.7638,0.8268
3.500,12.50,100.0,7.26399e+02,8.11872e-09,1.50806e-03,5.38355e-06,0,0.7638,0.8268
3.500,15.00,100.0,1.25522e+03,8.11872e-09,8.72720e-04,9.30278e-06,0,0.7638,0.8268
3.500,17.50,100.0,1.99324e+03,8.11872e-09,5.49584e-04,1.47725e-05,0,0.7638,0.8268
3.500,20.00,100.0,2.97533e+03,8.11872e-09,3.68179e-04,2.20510e-05,0,0.7638,0.8268
3.500,22.50,100.0,4.23636e+03,8.11872e-09,2.58584e-04,3.13969e-05,0,0.7638,0.8268
3.500,25.00,100.0,5.81119e+03,8.11872e-09,1.88507e-04,4.30684e-05,0,0.7638,0.8268
3.500,27.50,100.0,7.73470e+03,8.11872e-09,1.41628e-04,5.73241e-05,0,0.7638,0.8268
3.500,30.00,100.0,1.00417e+04,8.11872e-09,1.09090e-04,7.44222e-05,0,0.7638,0.8268
3.500,32.50,100.0,1.27672e+04,8.11872e-09,8.58022e-05,9.46213e-05,0,0.7638,0.8268
3.500,35.00,100.0,1.59459e+04,8.11872e-09,6.86980e-05,1.18180e-04,0,0.7638,0.8268
3.500,37.50,100.0,1.96128e+04,8.11872e-09,5.58540e-05,1.45356e-04,0,0.7638,0.8268
3.500,40.00,100.0,2.38026e+04,8.11872e-09,4.60223e-05,1.76408e-04,0,0.7638,0.8268
3.500,42.50,100.0,2.85504e+04,8.11872e-09,3.83691e-05,2.11595e-04,0,0.7638,0.8268
3.500,45.00,100.0,3.38909e+04,8.11872e-09,3.23229e-05,2.51175e-04,0,0.7638,0.8268
3.500,47.50,100.0,3.98590e+04,8.11872e-09,2.74832e-05,2.95406e-04,0,0.7638,0.8268
3.500,50.00,100.0,4.64895e+04,8.11872e-09,2.35634e-05,3.44547e-04,0,0.7638,0.8268
3.500,52.50,100.0,5.38174e+04,8.11872e-09,2.03550e-05,3.98857e-04,0,0.7638,0.8268
3.500,55.00,100.0,6.18776e+04,8.11872e-09,1.77036e-05,4.58592e-04,0,0.7638,0.8268
3.500,57.50,100.0,7.07048e+04,8.11872e-09,1.54933e-05,5.24013e-04,0,0.7638,0.8268
3.500,60.00,100.0,8.03339e+04,8.11872e-09,1.36362e-05,5.95378e-04,0,0.7638,0.8268
3.500,62.50,100.0,9.07999e+04,8.11872e-09,1.20645e-05,6.72944e-04,0,0.7638,0.8268
3.500,65.00,100.0,1.02137e+05,8.11872e-09,1.07253e-05,7.56970e-04,0,0.7638,0.8268
3.500,67.50,100.0,1.14382e+05,8.11872e-09,9.57717e-06,8.47716e-04,0,0.7638,0.8268
3.500,70.00,100.0,1.27567e+05,8.11872e-09,8.58725e-06,9.45438e-04,0,0.7638,0.8268
3.500,72.50,100.0,1.41729e+05,8.11872e-09,7.72920e-06,1.05040e-03,0,0.7638,0.8268
3.500,75.00,100.0,1.56902e+05,8.11872e-09,6.98176e-06,1.16285e-03,0,0.7638,0.8268
3.500,77.50,100.0,1.73121e+05,8.11872e-09,6.32766e-06,1.28305e-03,0,0.7638,0.8268
3.500,80.00,100.0,1.90421e+05,8.11872e-09,5.75279e-06,1.41127e-03,0,0.7638,0.8268
3.550,5.00,100.0,4.55108e+01,7.83586e-09,2.40702e-02,3.25542e-07,0,0.7638,0.8386
3.550,7.50,100.0,1.53599e+02,7.83586e-09,7.13190e-03,1.09871e-06,0,0.7638,0.8386
3.550,10.00,100.0,3.64087e+02,7.83586e-09,3.00877e-03,2.60434e-06,0,0.7638,0.8386
3.550,12.50,100.0,7.11107e+02,7.83586e-09,1.54049e-03,5.08660e-06,0,0.7638,0.8386
3.550,15.00,100.0,1.22879e+03,7.83586e-09,8.91487e-04,8.78965e-06,0,0.7638,0.8386
3.550,17.50,100.0,1.95128e+03,7.83586e-09,5.61403e-04,1.39576e-05,0,0.7638,0.8386
3.550,20.00,100.0,2.91269e+03,7.83586e-09,3.76096e-04,2.08347e-05,0,0.7638,0.8386
3.550,22.50,100.0,4.14717e+03,7.83586e-09,2.64144e-04,2.96651e-05,0,0.7638,0.8386
3.550,25.00,100.0,5.68885e+03,7.83586e-09,1.92561e-04,4.06928e-05,0,0.7638,0.8386
3.550,27.50,100.0,7.57186e+03,7.83586e-09,1.44674e-04,5.41621e-05,0,0.7638,0.8386
3.550,30.00,100.0,9.83034e+03,7.83586e-09,1.11436e-04,7.03172e-05,0,0.7638,0.8386
3.550,32.50,100.0,1.24984e+04,7.83586e-09,8.76474e-05,8.94021e-05,0,0.7638,0.8386
3.550,35.00,100.0,1.56102e+04,7.83586e-09,7.01754e-05,1.11661e-04,0,0.7638,0.8386
3.550,37.50,100.0,1.91999e+04,7.83586e-09,5.70552e-05,1.37338e-04,0,0.7638,0.8386
3.550,40.00,100.0,2.33015e+04,7.83586e-09,4.70120e-05,1.66678e-04,0,0.7638,0.8386
3.550,42.50,100.0,2.79493e+04,7.83586e-09,3.91942e-05,1.99924e-04,0,0.7638,0.8386
3.550,45.00,100.0,3.31774e+04,7.83586e-09,3.30180e-05,2.37320e-04,0,0.7638,0.8386
3.550,47.50,100.0,3.90198e+04,7.83586e-09,2.80742e-05,2.79112e-04,0,0.7638,0.8386
3.550,50.00,100.0,4.55108e+04,7.83586e-09,2.40702e-05,3.25542e-04,0,0.7638,0.8386
3.550,52.50,100.0,5.26845e+04,7.83586e-09,2.07927e-05,3.76856e-04,0,0.7638,0.8386
3.550,55.00,100.0,6.05749e+04,7.83586e-09,1.80843e-05,4.33297e-04,0,0.7638,0.8386
3.550,57.50,100.0,6.92163e+04,7.83586e-09,1.58265e-05,4.95109e-04,0,0.7638,0.8386
3.550,60.00,100.0,7.86427e+04,7.83586e-09,1.39295e-05,5.62537e-04,0,0.7638,0.8386
3.550,62.50,100.0,8.88883e+04,7.83586e-09,1.23239e-05,6.35825e-04,0,0.7638,0.8386
3.550,65.00,100.0,9.99873e+04,7.83586e-09,1.09559e-05,7.15217e-04,0,0.7638,0.8386
3.550,67.50,100.0,1.11974e+05,7.83586e-09,9.78313e-06,8.00957e-04,0,0.7638,0.8386
3.550,70.00,100.0,1.24882e+05,7.83586e-09,8.77192e-06,8.93288e-04,0,0.7638,0.8386
3.550,72.50,100.0,1.38745e+05,7.83586e-09,7.89541e-06,9.92457e-04,0,0.7638,0.8386
3.550,75.00,100.0,1.53599e+05,7.83586e-09,7.13190e-06,1.09871e-03,0,0.7638,0.8386
3.550,77.50,100.0,1.69477e+05,7.83586e-09,6.46374e-06,1.21228e-03,0,0.7638,0.8386
3.550,80.00,100.0,1.86412e+05,7.83586e-09,5.87650e-06,1.33342e-03,0,0.7638,0.8386
3.600,5.00,100.0,4.45660e+01,7.56661e-09,2.45805e-02,3.07830e-07,0,0.7638,0.8505
3.600,7.50,100.0,1.50410e+02,7.56661e-09,7.28310e-03,1.03893e-06,0,0.7638,0.8505
3.600,10.00,100.0,3.56528e+02,7.56661e-09,3.07256e-03,2.46264e-06,0,0.7638,0.8505
3.600,12.50,100.0,6.96343e+02,7.56661e-09,1.57315e-03,4.80984e-06,0,0.7638,0.8505
3.600,15.00,100.0,1.20328e+03,7.56661e-09,9.10388e-04,8.31141e-06,0,0.7638,0.8505
3.600,17.50,100.0,1.91077e+03,7.56661e-09,5.73305e-04,1.31982e-05,0,0.7638,0.8505
3.600,20.00,100.0,2.85222e+03,7.56661e-09,3.84070e-04,1.97011e-05,0,0.7638,0.8505
3.600,22.50,100.0,4.06108e+03,7.56661e-09,2.69745e-04,2.80510e-05,0,0.7638,0.8505
3.600,25.00,100.0,5.57075e+03,7.56661e-09,1.96644e-04,3.84788e-05,0,0.7638,0.8505
3.600,27.50,100.0,7.41467e+03,7.56661e-09,1.47741e-04,5.12152e-05,0,0.7638,0.8505
3.600,30.00,100.0,9.62625e+03,7.56661e-09,1.13798e-04,6.64913e-05,0,0.7638,0.8505
3.600,32.50,100.0,1.22389e+04,7.56661e-09,8.95056e-05,8.45378e-05,0,0.7638,0.8505
3.600,35.00,100.0,1.52861e+04,7.56661e-09,7.16632e-05,1.05586e-04,0,0.7638,0.8505
3.600,37.50,100.0,1.88013e+04,7.56661e-09,5.82648e-05,1.29866e-04,0,0.7638,0.8505
3.600,40.00,100.0,2.28178e+04,7.56661e-09,4.80087e-05,1.57609e-04,0,0.7638,0.8505
3.600,42.50,100.0,2.73691e+04,7.56661e-09,4.00252e-05,1.89046e-04,0,0.7638,0.8505
3.600,45.00,100.0,3.24886e+04,7.56661e-09,3.37181e-05,2.24408e-04,0,0.7638,0.8505
3.600,47.50,100.0,3.82098e+04,7.56661e-09,2.86694e-05,2.63926e-04,0,0.7638,0.8505
3.600,50.00,100.0,4.45660e+04,7.56661e-09,2.45805e-05,3.07830e-04,0,0.7638,0.8505
3.600,52.50,100.0,5.15907e+04,7.56661e-09,2.12335e-05,3.56352e-04,0,0.7638,0.8505
3.600,55.00,100.0,5.93173e+04,7.56661e-09,1.84677e-05,4.09722e-04,0,0.7638,0.8505
3.600,57.50,100.0,6.77793e+04,7.56661e-09,1.61621e-05,4.68171e-04,0,0.7638,0.8505
3.600,60.00,100.0,7.70100e+04,7.56661e-09,1.42248e-05,5.31930e-04,0,0.7638,0.8505
3.600,62.50,100.0,8.70429e+04,7.56661e-09,1.25852e-05,6.01231e-04,0,0.7638,0.8505
3.600,65.00,100.0,9.79115e+04,7.56661e-09,1.11882e-05,6.76303e-04,0,0.7638,0.8505
3.600,67.50,100.0,1.09649e+05,7.56661e-09,9.99054e-06,7.57377e-04,0,0.7638,0.8505
3.600,70.00,100.0,1.22289e+05,7.56661e-09,8.95790e-06,8.44686e-04,0,0.7638,0.8505
3.600,72.50,100.0,1.35865e+05,7.56661e-09,8.06280e-06,9.38458e-04,0,0.7638,0.8505
3.600,75.00,100.0,1.50410e+05,7.56661e-09,7.28310e-06,1.03893e-03,0,0.7638,0.8505
3.600,77.50,100.0,1.65958e+05,7.56661e-09,6.60078e-06,1.14632e-03,0,0.7638,0.8505
3.600,80.00,100.0,1.82542e+05,7.56661e-09,6.00109e-06,1.26087e-03,0,0.7638,0.8505
3.650,5.00,100.0,4.36534e+01,7.31013e-09,2.50943e-02,2.91306e-07,0,0.7638,0.8623
3.650,7.50,100.0,1.47330e+02,7.31013e-09,7.43536e-03,9.83158e-07,0,0.7638,0.8623
3.650,10.00,100.0,3.49227e+02,7.31013e-09,3.13679e-03,2.33045e-06,0,0.7638,0.8623
3.650,12.50,100.0,6.82084e+02,7.31013e-09,1.60604e-03,4.55166e-06,0,0.7638,0.8623
3.650,15.00,100.0,1.17864e+03,7.31013e-09,9.29420e-04,7.86526e-06,0,0.7638,0.8623
3.650,17.50,100.0,1.87164e+03,7.31013e-09,5.85291e-04,1.24897e-05,0,0.7638,0.8623
3.650,20.00,100.0,2.79382e+03,7.31013e-09,3.92099e-04,1.86436e-05,0,0.7638,0.8623
3.650,22.50,100.0,3.97791e+03,7.31013e-09,2.75384e-04,2.65453e-05,0,0.7638,0.8623
3.650,25.00,100.0,5.45667e+03,7.31013e-09,2.00755e-04,3.64133e-05,0,0.7638,0.8623
3.650,27.50,100.0,7.26283e+03,7.31013e-09,1.50830e-04,4.84661e-05,0,0.7638,0.8623
3.650,30.00,100.0,9.42913e+03,7.31013e-09,1.16177e-04,6.29221e-05,0,0.7638,0.8623
3.650,32.50,100.0,1.19883e+04,7.31013e-09,9.13767e-05,7.99999e-05,0,0.7638,0.8623
3.650,35.00,100.0,1.49731e+04,7.31013e-09,7.31613e-05,9.99180e-05,0,0.7638,0.8623
3.650,37.50,100.0,1.84163e+04,7.31013e-09,5.94829e-05,1.22895e-04,0,0.7638,0.8623
3.650,40.00,100.0,2.23505e+04,7.31013e-09,4.90124e-05,1.49149e-04,0,0.7638,0.8623
3.650,42.50,100.0,2.68086e+04,7.31013e-09,4.08619e-05,1.78898e-04,0,0.7638,0.8623
3.650,45.00,100.0,3.18233e+04,7.31013e-09,3.44230e-05,2.12362e-04,0,0.7638,0.8623
3.650,47.50,100.0,3.74273e+04,7.31013e-09,2.92688e-05,2.49759e-04,0,0.7638,0.8623
3.650,50.00,100.0,4.36534e+04,7.31013e-09,2.50943e-05,2.91306e-04,0,0.7638,0.8623
3.650,52.50,100.0,5.05343e+04,7.31013e-09,2.16774e-05,3.37223e-04,0,0.7638,0.8623
3.650,55.00,100.0,5.81027e+04,7.31013e-09,1.88537e-05,3.87728e-04,0,0.7638,0.8623
3.650,57.50,100.0,6.63913e+04,7.31013e-09,1.64999e-05,4.43040e-04,0,0.7638,0.8623
3.650,60.00,100.0,7.54331e+04,7.31013e-09,1.45222e-05,5.03377e-04,0,0.7638,0.8623
3.650,62.50,100.0,8.52605e+04,7.31013e-09,1.28483e-05,5.68957e-04,0,0.7638,0.8623
3.650,65.00,100.0,9.59065e+04,7.31013e-09,1.14221e-05,6.40000e-04,0,0.7638,0.8623
3.650,67.50,100.0,1.07404e+05,7.31013e-09,1.01994e-05,7.16722e-04,0,0.7638,0.8623
3.650,70.00,100.0,1.19785e+05,7.31013e-09,9.14517e-06,7.99344e-04,0,0.7638,0.8623
3.650,72.50,100.0,1.33083e+05,7.31013e-09,8.23136e-06,8.88083e-04,0,0.7638,0.8623
3.650,75.00,100.0,1.47330e+05,7.31013e-09,7.43536e-06,9.83158e-04,0,0.7638,0.8623
3.650,77.50,100.0,1.62560e+05,7.31013e-09,6.73877e-06,1.08479e-03,0,0.7638,0.8623
3.650,80.00,100.0,1.78804e+05,7.31013e-09,6.12655e-06,1.19319e-03,0,0.7638,0.8623
3.700,5.00,100.0,4.27715e+01,7.06567e-09,2.56117e-02,2.75876e-07,0,0.7638,0.8741
3.700,7.50,100.0,1.44354e+02,7.06567e-09,7.58866e-03,9.31082e-07,0,0.7638,0.8741
3.700,10.00,100.0,3.42172e+02,7.06567e-09,3.20147e-03,2.20701e-06,0,0.7638,0.8741
3.700,12.50,100.0,6.68305e+02,7.06567e-09,1.63915e-03,4.31056e-06,0,0.7638,0.8741
3.700,15.00,100.0,1.15483e+03,7.06567e-09,9.48583e-04,7.44866e-06,0,0.7638,0.8741
3.700,17.50,100.0,1.83383e+03,7.06567e-09,5.97358e-04,1.18282e-05,0,0.7638,0.8741
3.700,20.00,100.0,2.73738e+03,7.06567e-09,4.00183e-04,1.76561e-05,0,0.7638,0.8741
3.700,22.50,100.0,3.89755e+03,7.06567e-09,2.81062e-04,2.51392e-05,0,0.7638,0.8741
3.700,25.00,100.0,5.34644e+03,7.06567e-09,2.04894e-04,3.44845e-05,0,0.7638,0.8741
3.700,27.50,100.0,7.11611e+03,7.06567e-09,1.53940e-04,4.58989e-05,0,0.7638,0.8741
3.700,30.00,100.0,9.23865e+03,7.06567e-09,1.18573e-04,5.95892e-05,0,0.7638,0.8741
3.700,32.50,100.0,1.17461e+04,7.06567e-09,9.32608e-05,7.57625e-05,0,0.7638,0.8741
3.700,35.00,100.0,1.46706e+04,7.06567e-09,7.46698e-05,9.46255e-05,0,0.7638,0.8741
3.700,37.50,100.0,1.80442e+04,7.06567e-09,6.07093e-05,1.16385e-04,0,0.7638,0.8741
3.700,40.00,100.0,2.18990e+04,7.06567e-09,5.00229e-05,1.41249e-04,0,0.7638,0.8741
3.700,42.50,100.0,2.62671e+04,7.06567e-09,4.17044e-05,1.69422e-04,0,0.7638,0.8741
3.700,45.00,100.0,3.11804e+04,7.06567e-09,3.51327e-05,2.01114e-04,0,0.7638,0.8741
3.700,47.50,100.0,3.66712e+04,7.06567e-09,2.98723e-05,2.36529e-04,0,0.7638,0.8741
3.700,50.00,100.0,4.27715e+04,7.06567e-09,2.56117e-05,2.75876e-04,0,0.7638,0.8741
3.700,52.50,100.0,4.95134e+04,7.06567e-09,2.21244e-05,3.19361e-04,0,0.7638,0.8741
3.700,55.00,100.0,5.69289e+04,7.06567e-09,1.92425e-05,3.67191e-04,0,0.7638,0.8741
3.700,57.50,100.0,6.50501e+04,7.06567e-09,1.68401e-05,4.19573e-04,0,0.7638,0.8741
3.700,60.00,100.0,7.39092e+04,7.06567e-09,1.48216e-05,4.76714e-04,0,0.7638,0.8741
3.700,62.50,100.0,8.35381e+04,7.06567e-09,1.31132e-05,5.38821e-04,0,0.7638,0.8741
3.700,65.00,100.0,9.39690e+04,7.06567e-09,1.16576e-05,6.06100e-04,0,0.7638,0.8741
3.700,67.50,100.0,1.05234e+05,7.06567e-09,1.04097e-05,6.78759e-04,0,0.7638,0.8741
3.700,70.00,100.0,1.17365e+05,7.06567e-09,9.33372e-06,7.57004e-04,0,0.7638,0.8741
3.700,72.50,100.0,1.30394e+05,7.06567e-09,8.40108e-06,8.41043e-04,0,0.7638,0.8741
3.700,75.00,100.0,1.44354e+05,7.06567e-09,7.58866e-06,9.31082e-04,0,0.7638,0.8741
3.700,77.50,100.0,1.59276e+05,7.06567e-09,6.87771e-06,1.02733e-03,0,0.7638,0.8741
3.700,80.00,100.0,1.75192e+05,7.06567e-09,6.25286e-06,1.12999e-03,0,0.7638,0.8741
3.750,5.00,100.0,4.19189e+01,6.83249e-09,2.61326e-02,2.61454e-07,0,0.7638,0.8859
3.750,7.50,100.0,1.41476e+02,6.83249e-09,7.74300e-03,8.82409e-07,0,0.7638,0.8859
3.750,10.00,100.0,3.35352e+02,6.83249e-09,3.26658e-03,2.09164e-06,0,0.7638,0.8859
3.750,12.50,100.0,6.54983e+02,6.83249e-09,1.67249e-03,4.08523e-06,0,0.7638,0.8859
3.750,15.00,100.0,1.13181e+03,6.83249e-09,9.67876e-04,7.05927e-06,0,0.7638,0.8859
3.750,17.50,100.0,1.79727e+03,6.83249e-09,6.09508e-04,1.12099e-05,0,0.7638,0.8859
3.750,20.00,100.0,2.68281e+03,6.83249e-09,4.08323e-04,1.67331e-05,0,0.7638,0.8859
3.750,22.50,100.0,3.81986e+03,6.83249e-09,2.86778e-04,2.38250e-05,0,0.7638,0.8859
3.750,25.00,100.0,5.23987e+03,6.83249e-09,2.09061e-04,3.26818e-05,0,0.7638,0.8859
3.750,27.50,100.0,6.97426e+03,6.83249e-09,1.57071e-04,4.34995e-05,0,0.7638,0.8859
3.750,30.00,100.0,9.05449e+03,6.83249e-09,1.20984e-04,5.64742e-05,0,0.7638,0.8859
3.750,32.50,100.0,1.15120e+04,6.83249e-09,9.51575e-05,7.18019e-05,0,0.7638,0.8859
3.750,35.00,100.0,1.43782e+04,6.83249e-09,7.61885e-05,8.96789e-05,0,0.7638,0.8859
3.750,37.50,100.0,1.76846e+04,6.83249e-09,6.19440e-05,1.10301e-04,0,0.7638,0.8859
3.750,40.00,100.0,2.14625e+04,6.83249e-09,5.10403e-05,1.33865e-04,0,0.7638,0.8859
3.750,42.50,100.0,2.57435e+04,6.83249e-09,4.25526e-05,1.60566e-04,0,0.7638,0.8859
3.750,45.00,100.0,3.05589e+04,6.83249e-09,3.58472e-05,1.90600e-04,0,0.7638,0.8859
3.750,47.50,100.0,3.59403e+04,6.83249e-09,3.04798e-05,2.24164e-04,0,0.7638,0.8859
3.750,50.00,100.0,4.19189e+04,6.83249e-09,2.61326e-05,2.61454e-04,0,0.7638,0.8859
3.750,52.50,100.0,4.85264e+04,6.83249e-09,2.25744e-05,3.02666e-04,0,0.7638,0.8859
3.750,55.00,100.0,5.57941e+04,6.83249e-09,1.96338e-05,3.47996e-04,0,0.7638,0.8859
3.750,57.50,100.0,6.37535e+04,6.83249e-09,1.71826e-05,3.97639e-04,0,0.7638,0.8859
3.750,60.00,100.0,7.24359e+04,6.83249e-09,1.51231e-05,4.51793e-04,0,0.7638,0.8859
3.750,62.50,100.0,8.18729e+04,6.83249e-09,1.33799e-05,5.10653e-04,0,0.7638,0.8859
3.750,65.00,100.0,9.20959e+04,6.83249e-09,1.18947e-05,5.74415e-04,0,0.7638,0.8859
3.750,67.50,100.0,1.03136e+05,6.83249e-09,1.06214e-05,6.43276e-04,0,0.7638,0.8859
3.750,70.00,100.0,1.15026e+05,6.83249e-09,9.52356e-06,7.17431e-04,0,0.7638,0.8859
3.750,72.50,100.0,1.27795e+05,6.83249e-09,8.57194e-06,7.97076e-04,0,0.7638,0.8859
3.750,75.00,100.0,1.41476e+05,6.83249e-09,7.74300e-06,8.82409e-04,0,0.7638,0.8859
3.750,77.50,100.0,1.56101e+05,6.83249e-09,7.01759e-06,9.73624e-04,0,0.7638,0.8859
3.750,80.00,100.0,1.71700e+05,6.83249e-09,6.38004e-06,1.07092e-03,0,0.7638,0.8859
3.800,5.00,100.0,4.10943e+01,6.60995e-09,2.66570e-02,2.47963e-07,0,0.7638,0.8977
3.800,7.50,100.0,1.38693e+02,6.60995e-09,7.89838e-03,8.36875e-07,0,0.7638,0.8977
3.800,10.00,100.0,3.28755e+02,6.60995e-09,3.33213e-03,1.98370e-06,0,0.7638,0.8977
3.800,12.50,100.0,6.42099e+02,6.60995e-09,1.70605e-03,3.87442e-06,0,0.7638,0.8977
3.800,15.00,100.0,1.10955e+03,6.60995e-09,9.87297e-04,6.69500e-06,0,0.7638,0.8977
3.800,17.50,100.0,1.76192e+03,6.60995e-09,6.21738e-04,1.06314e-05,0,0.7638,0.8977
3.800,20.00,100.0,2.63004e+03,6.60995e-09,4.16516e-04,1.58696e-05,0,0.7638,0.8977
3.800,22.50,100.0,3.74472e+03,6.60995e-09,2.92533e-04,2.25956e-05,0,0.7638,0.8977
3.800,25.00,100.0,5.13679e+03,6.60995e-09,2.13256e-04,3.09954e-05,0,0.7638,0.8977
3.800,27.50,100.0,6.83707e+03,6.60995e-09,1.60223e-04,4.12548e-05,0,0.7638,0.8977
3.800,30.00,100.0,8.87637e+03,6.60995e-09,1.23412e-04,5.35600e-05,0,0.7638,0.8977
3.800,32.50,100.0,1.12855e+04,6.60995e-09,9.70670e-05,6.80968e-05,0,0.7638,0.8977
3.800,35.00,100.0,1.40954e+04,6.60995e-09,7.77173e-05,8.50513e-05,0,0.7638,0.8977
3.800,37.50,100.0,1.73367e+04,6.60995e-09,6.31870e-05,1.04609e-04,0,0.7638,0.8977
3.800,40.00,100.0,2.10403e+04,6.60995e-09,5.20645e-05,1.26957e-04,0,0.7638,0.8977
3.800,42.50,100.0,2.52371e+04,6.60995e-09,4.34065e-05,1.52280e-04,0,0.7638,0.8977
3.800,45.00,100.0,2.99578e+04,6.60995e-09,3.65666e-05,1.80765e-04,0,0.7638,0.8977
3.800,47.50,100.0,3.52332e+04,6.60995e-09,3.10914e-05,2.12597e-04,0,0.7638,0.8977
3.800,50.00,100.0,4.10943e+04,6.60995e-09,2.66570e-05,2.47963e-04,0,0.7638,0.8977
3.800,52.50,100.0,4.75718e+04,6.60995e-09,2.30273e-05,2.87048e-04,0,0.7638,0.8977
3.800,55.00,100.0,5.46965e+04,6.60995e-09,2.00278e-05,3.30039e-04,0,0.7638,0.8977
3.800,57.50,100.0,6.24993e+04,6.60995e-09,1.75274e-05,3.77121e-04,0,0.7638,0.8977
3.800,60.00,100.0,7.10110e+04,6.60995e-09,1.54265e-05,4.28480e-04,0,0.7638,0.8977
3.800,62.50,100.0,8.02624e+04,6.60995e-09,1.36484e-05,4.84302e-04,0,0.7638,0.8977
3.800,65.00,100.0,9.02842e+04,6.60995e-09,1.21334e-05,5.44774e-04,0,0.7638,0.8977
3.800,67.50,100.0,1.01107e+05,6.60995e-09,1.08345e-05,6.10082e-04,0,0.7638,0.8977
3.800,70.00,100.0,1.12763e+05,6.60995e-09,9.71466e-06,6.80410e-04,0,0.7638,0.8977
3.800,72.50,100.0,1.25281e+05,6.60995e-09,8.74395e-06,7.55946e-04,0,0.7638,0.8977
3.800,75.00,100.0,1.38693e+05,6.60995e-09,7.89838e-06,8.36875e-04,0,0.7638,0.8977
3.800,77.50,100.0,1.53030e+05,6.60995e-09,7.15841e-06,9.23383e-04,0,0.7638,0.8977
3.800,80.00,100.0,1.68322e+05,6.60995e-09,6.50806e-06,1.01566e-03,0,0.7638,0.8977
3.850,5.00,100.0,4.02964e+01,6.39743e-09,2.71849e-02,2.35330e-07,0,0.7638,0.9095
3.850,7.50,100.0,1.36000e+02,6.39743e-09,8.05478e-03,7.94240e-07,0,0.7638,0.9095
3.850,10.00,100.0,3.22371e+02,6.39743e-09,3.39811e-03,1.88264e-06,0,0.7638,0.9095
3.850,12.50,100.0,6.29631e+02,6.39743e-09,1.73983e-03,3.67704e-06,0,0.7638,0.9095
3.850,15.00,100.0,1.08800e+03,6.39743e-09,1.00685e-03,6.35392e-06,0,0.7638,0.9095
3.850,17.50,100.0,1.72771e+03,6.39743e-09,6.34050e-04,1.00898e-05,0,0.7638,0.9095
3.850,20.00,100.0,2.57897e+03,6.39743e-09,4.24764e-04,1.50611e-05,0,0.7638,0.9095
3.850,22.50,100.0,3.67201e+03,6.39743e-09,2.98325e-04,2.14445e-05,0,0.7638,0.9095
3.850,25.00,100.0,5.03705e+03,6.39743e-09,2.17479e-04,2.94163e-05,0,0.7638,0.9095
3.850,27.50,100.0,6.70431e+03,6.39743e-09,1.63395e-04,3.91531e-05,0,0.7638,0.9095
3.850,30.00,100.0,8.70402e+03,6.39743e-09,1.25856e-04,5.08314e-05,0,0.7638,0.9095
3.850,32.50,100.0,1.10664e+04,6.39743e-09,9.89891e-05,6.46276e-05,0,0.7638,0.9095
3.850,35.00,100.0,1.38217e+04,6.39743e-09,7.92562e-05,8.07183e-05,0,0.7638,0.9095
3.850,37.50,100.0,1.70000e+04,6.39743e-09,6.44382e-05,9.92800e-05,0,0.7638,0.9095
3.850,40.00,100.0,2.06318e+04,6.39743e-09,5.30955e-05,1.20489e-04,0,0.7638,0.9095
3.850,42.50,100.0,2.47470e+04,6.39743e-09,4.42660e-05,1.44522e-04,0,0.7638,0.9095
3.850,45.00,100.0,2.93761e+04,6.39743e-09,3.72907e-05,1.71556e-04,0,0.7638,0.9095
3.850,47.50,100.0,3.45491e+04,6.39743e-09,3.17071e-05,2.01766e-04,0,0.7638,0.9095
3.850,50.00,100.0,4.02964e+04,6.39743e-09,2.71849e-05,2.35330e-04,0,0.7638,0.9095
3.850,52.50,100.0,4.66481e+04,6.39743e-09,2.34833e-05,2.72424e-04,0,0.7638,0.9095
3.850,55.00,100.0,5.36345e+04,6.39743e-09,2.04244e-05,3.13225e-04,0,0.7638,0.9095
3.850,57.50,100.0,6.12858e+04,6.39743e-09,1.78745e-05,3.57908e-04,0,0.7638,0.9095
3.850,60.00,100.0,6.96322e+04,6.39743e-09,1.57320e-05,4.06651e-04,0,0.7638,0.9095
3.850,62.50,100.0,7.87039e+04,6.39743e-09,1.39187e-05,4.59630e-04,0,0.7638,0.9095
3.850,65.00,100.0,8.85312e+04,6.39743e-09,1.23736e-05,5.17021e-04,0,0.7638,0.9095
3.850,67.50,100.0,9.91442e+04,6.39743e-09,1.10491e-05,5.79001e-04,0,0.7638,0.9095
3.850,70.00,100.0,1.10573e+05,6.39743e-09,9.90703e-06,6.45747e-04,0,0.7638,0.9095
3.850,72.50,100.0,1.22849e+05,6.39743e-09,8.91710e-06,7.17434e-04,0,0.7638,0.9095
3.850,75.00,100.0,1.36000e+05,6.39743e-09,8.05478e-06,7.94240e-04,0,0.7638,0.9095
3.850,77.50,100.0,1.50059e+05,6.39743e-09,7.30016e-06,8.76341e-04,0,0.7638,0.9095
3.850,80.00,100.0,1.65054e+05,6.39743e-09,6.63693e-06,9.63914e-04,0,0.7638,0.9095
3.900,5.00,100.0,3.95239e+01,6.19435e-09,2.77162e-02,2.23492e-07,0,0.7638,0.9213
3.900,7.50,100.0,1.33393e+02,6.19435e-09,8.21220e-03,7.54287e-07,0,0.7638,0.9213
3.900,10.00,100.0,3.16192e+02,6.19435e-09,3.46452e-03,1.78794e-06,0,0.7638,0.9213
3.900,12.50,100.0,6.17562e+02,6.19435e-09,1.77384e-03,3.49207e-06,0,0.7638,0.9213
3.900,15.00,100.0,1.06715e+03,6.19435e-09,1.02653e-03,6.03429e-06,0,0.7638,0.9213
3.900,17.50,100.0,1.69459e+03,6.19435e-09,6.46441e-04,9.58223e-06,0,0.7638,0.9213
3.900,20.00,100.0,2.52953e+03,6.19435e-09,4.33065e-04,1.43035e-05,0,0.7638,0.9213
3.900,22.50,100.0,3.60162e+03,6.19435e-09,3.04156e-04,2.03657e-05,0,0.7638,0.9213
3.900,25.00,100.0,4.94049e+03,6.19435e-09,2.21729e-04,2.79365e-05,0,0.7638,0.9213
3.900,27.50,100.0,6.57580e+03,6.19435e-09,1.66589e-04,3.71835e-05,0,0.7638,0.9213
3.900,30.00,100.0,8.53717e+03,6.19435e-09,1.28316e-04,4.82743e-05,0,0.7638,0.9213
3.900,32.50,100.0,1.08543e+04,6.19435e-09,1.00924e-04,6.13766e-05,0,0.7638,0.9213
3.900,35.00,100.0,1.35567e+04,6.19435e-09,8.08052e-05,7.66579e-05,0,0.7638,0.9213
3.900,37.50,100.0,1.66742e+04,6.19435e-09,6.56976e-05,9.42858e-05,0,0.7638,0.9213
3.900,40.00,100.0,2.02363e+04,6.19435e-09,5.41332e-05,1.14428e-04,0,0.7638,0.9213
3.900,42.50,100.0,2.42726e+04,6.19435e-09,4.51312e-05,1.37252e-04,0,0.7638,0.9213
3.900,45.00,100.0,2.88130e+04,6.19435e-09,3.80194e-05,1.62926e-04,0,0.7638,0.9213
3.900,47.50,100.0,3.38868e+04,6.19435e-09,3.23268e-05,1.91617e-04,0,0.7638,0.9213
3.900,50.00,100.0,3.95239e+04,6.19435e-09,2.77162e-05,2.23492e-04,0,0.7638,0.9213
3.900,52.50,100.0,4.57539e+04,6.19435e-09,2.39423e-05,2.58720e-04,0,0.7638,0.9213
3.900,55.00,100.0,5.26064e+04,6.19435e-09,2.08236e-05,2.97468e-04,0,0.7638,0.9213
3.900,57.50,100.0,6.01110e+04,6.19435e-09,1.82238e-05,3.39904e-04,0,0.7638,0.9213
3.900,60.00,100.0,6.82974e+04,6.19435e-09,1.60395e-05,3.86195e-04,0,0.7638,0.9213
3.900,62.50,100.0,7.71952e+04,6.19435e-09,1.41907e-05,4.36508e-04,0,0.7638,0.9213
3.900,65.00,100.0,8.68341e+04,6.19435e-09,1.26155e-05,4.91013e-04,0,0.7638,0.9213
3.900,67.50,100.0,9.72437e+04,6.19435e-09,1.12650e-05,5.49875e-04,0,0.7638,0.9213
3.900,70.00,100.0,1.08454e+05,6.19435e-09,1.01006e-05,6.13263e-04,0,0.7638,0.9213
3.900,72.50,100.0,1.20494e+05,6.19435e-09,9.09137e-06,6.81344e-04,0,0.7638,0.9213
3.900,75.00,100.0,1.33393e+05,6.19435e-09,8.21220e-06,7.54287e-04,0,0.7638,0.9213
3.900,77.50,100.0,1.47182e+05,6.19435e-09,7.44283e-06,8.32257e-04,0,0.7638,0.9213
3.900,80.00,100.0,1.61890e+05,6.19435e-09,6.76664e-06,9.15425e-04,0,0.7638,0.9213
3.950,5.00,100.0,3.87759e+01,6.00019e-09,2.82509e-02,2.12389e-07,0,0.7638,0.9331
3.950,7.50,100.0,1.30869e+02,6.00019e-09,8.37063e-03,7.16814e-07,0,0.7638,0.9331
3.950,10.00,100.0,3.10207e+02,6.00019e-09,3.53136e-03,1.69911e-06,0,0.7638,0.9331
3.950,12.50,100.0,6.05873e+02,6.00019e-09,1.80806e-03,3.31858e-06,0,0.7638,0.9331
3.950,15.00,100.0,1.04695e+03,6.00019e-09,1.04633e-03,5.73451e-06,0,0.7638,0.9331
3.950,17.50,100.0,1.66252e+03,6.00019e-09,6.58913e-04,9.10619e-06,0,0.7638,0.9331
3.950,20.00,100.0,2.48166e+03,6.00019e-09,4.41420e-04,1.35929e-05,0,0.7638,0.9331
3.950,22.50,100.0,3.53345e+03,6.00019e-09,3.10023e-04,1.93540e-05,0,0.7638,0.9331
3.950,25.00,100.0,4.84698e+03,6.00019e-09,2.26007e-04,2.65487e-05,0,0.7638,0.9331
3.950,27.50,100.0,6.45134e+03,6.00019e-09,1.69802e-04,3.53363e-05,0,0.7638,0.9331
3.950,30.00,100.0,8.37559e+03,6.00019e-09,1.30791e-04,4.58761e-05,0,0.7638,0.9331
3.950,32.50,100.0,1.06488e+04,6.00019e-09,1.02871e-04,5.83274e-05,0,0.7638,0.9331
3.950,35.00,100.0,1.33001e+04,6.00019e-09,8.23641e-05,7.28495e-05,0,0.7638,0.9331
3.950,37.50,100.0,1.63586e+04,6.00019e-09,6.69651e-05,8.96017e-05,0,0.7638,0.9331
3.950,40.00,100.0,1.98532e+04,6.00019e-09,5.51775e-05,1.08743e-04,0,0.7638,0.9331
3.950,42.50,100.0,2.38132e+04,6.00019e-09,4.60018e-05,1.30434e-04,0,0.7638,0.9331
3.950,45.00,100.0,2.82676e+04,6.00019e-09,3.87529e-05,1.54832e-04,0,0.7638,0.9331
3.950,47.50,100.0,3.32455e+04,6.00019e-09,3.29504e-05,1.82097e-04,0,0.7638,0.9331
3.950,50.00,100.0,3.87759e+04,6.00019e-09,2.82509e-05,2.12389e-04,0,0.7638,0.9331
3.950,52.50,100.0,4.48879e+04,6.00019e-09,2.44042e-05,2.45867e-04,0,0.7638,0.9331
3.950,55.00,100.0,5.16107e+04,6.00019e-09,2.12253e-05,2.82690e-04,0,0.7638,0.9331
3.950,57.50,100.0,5.89733e+04,6.00019e-09,1.85754e-05,3.23018e-04,0,0.7638,0.9331
3.950,60.00,100.0,6.70047e+04,6.00019e-09,1.63489e-05,3.67009e-04,0,0.7638,0.9331
3.950,62.50,100.0,7.57341e+04,6.00019e-09,1.44645e-05,4.14823e-04,0,0.7638,0.9331
3.950,65.00,100.0,8.51906e+04,6.00019e-09,1.28588e-05,4.66619e-04,0,0.7638,0.9331
3.950,67.50,100.0,9.54032e+04,6.00019e-09,1.14823e-05,5.22557e-04,0,0.7638,0.9331
3.950,70.00,100.0,1.06401e+05,6.00019e-09,1.02955e-05,5.82796e-04,0,0.7638,0.9331
3.950,72.50,100.0,1.18213e+05,6.00019e-09,9.26676e-06,6.47495e-04,0,0.7638,0.9331
3.950,75.00,100.0,1.30869e+05,6.00019e-09,8.37063e-06,7.16814e-04,0,0.7638,0.9331
3.950,77.50,100.0,1.44397e+05,6.00019e-09,7.58642e-06,7.90911e-04,0,0.7638,0.9331
3.950,80.00,100.0,1.58826e+05,6.00019e-09,6.89719e-06,8.69947e-04,0,0.7638,0.9331
4.000,5.00,100.0,3.80511e+01,5.81443e-09,2.87890e-02,2.01967e-07,0,0.7638,0.9449
4.000,7.50,100.0,1.28422e+02,5.81443e-09,8.53007e-03,6.81640e-07,0,0.7638,0.9449
4.000,10.00,100.0,3.04409e+02,5.81443e-09,3.59862e-03,1.61574e-06,0,0.7638,0.9449
4.000,12.50,100.0,5.94548e+02,5.81443e-09,1.84250e-03,3.15574e-06,0,0.7638,0.9449
4.000,15.00,100.0,1.02738e+03,5.81443e-09,1.06626e-03,5.45312e-06,0,0.7638,0.9449
4.000,17.50,100.0,1.63144e+03,5.81443e-09,6.71463e-04,8.65935e-06,0,0.7638,0.9449
4.000,20.00,100.0,2.43527e+03,5.81443e-09,4.49828e-04,1.29259e-05,0,0.7638,0.9449
4.000,22.50,100.0,3.46741e+03,5.81443e-09,3.15929e-04,1.84043e-05,0,0.7638,0.9449
4.000,25.00,100.0,4.75639e+03,5.81443e-09,2.30312e-04,2.52459e-05,0,0.7638,0.9449
4.000,27.50,100.0,6.33075e+03,5.81443e-09,1.73037e-04,3.36023e-05,0,0.7638,0.9449
4.000,30.00,100.0,8.21904e+03,5.81443e-09,1.33282e-04,4.36249e-05,0,0.7638,0.9449
4.000,32.50,100.0,1.04498e+04,5.81443e-09,1.04830e-04,5.54653e-05,0,0.7638,0.9449
4.000,35.00,100.0,1.30515e+04,5.81443e-09,8.39329e-05,6.92748e-05,0,0.7638,0.9449
4.000,37.50,100.0,1.60528e+04,5.81443e-09,6.82406e-05,8.52050e-05,0,0.7638,0.9449
4.000,40.00,100.0,1.94822e+04,5.81443e-09,5.62285e-05,1.03407e-04,0,0.7638,0.9449
4.000,42.50,100.0,2.33681e+04,5.81443e-09,4.68781e-05,1.24033e-04,0,0.7638,0.9449
4.000,45.00,100.0,2.77393e+04,5.81443e-09,3.94911e-05,1.47234e-04,0,0.7638,0.9449
4.000,47.50,100.0,3.26241e+04,5.81443e-09,3.35781e-05,1.73162e-04,0,0.7638,0.9449
4.000,50.00,100.0,3.80511e+04,5.81443e-09,2.87890e-05,2.01967e-04,0,0.7638,0.9449
4.000,52.50,100.0,4.40489e+04,5.81443e-09,2.48690e-05,2.33802e-04,0,0.7638,0.9449
4.000,55.00,100.0,5.06460e+04,5.81443e-09,2.16296e-05,2.68818e-04,0,0.7638,0.9449
4.000,57.50,100.0,5.78710e+04,5.81443e-09,1.89292e-05,3.07167e-04,0,0.7638,0.9449
4.000,60.00,100.0,6.57523e+04,5.81443e-09,1.66603e-05,3.49000e-04,0,0.7638,0.9449
4.000,62.50,100.0,7.43186e+04,5.81443e-09,1.47400e-05,3.94467e-04,0,0.7638,0.9449
4.000,65.00,100.0,8.35983e+04,5.81443e-09,1.31038e-05,4.43722e-04,0,0.7638,0.9449
4.000,67.50,100.0,9.36200e+04,5.81443e-09,1.17011e-05,4.96915e-04,0,0.7638,0.9449
4.000,70.00,100.0,1.04412e+05,5.81443e-09,1.04916e-05,5.54198e-04,0,0.7638,0.9449
4.000,72.50,100.0,1.16004e+05,5.81443e-09,9.44327e-06,6.15723e-04,0,0.7638,0.9449
4.000,75.00,100.0,1.28422e+05,5.81443e-09,8.53007e-06,6.81640e-04,0,0.7638,0.9449
4.000,77.50,100.0,1.41698e+05,5.81443e-09,7.73092e-06,7.52101e-04,0,0.7638,0.9449
4.000,80.00,100.0,1.55857e+05,5.81443e-09,7.02856e-06,8.27258e-04,0,0.7638,0.9449
