particle_id,a_particle_au,time_myr,a_res_au,s6_arcsec_yr,B_arcsec_yr,sin_i,inc_deg,Omega_deg,p_var,q_var,in_res
1,2.20,0.000,0.5000,-52.000,-458.464,0.02618,1.500,0.00,0.00000,0.02618,0
1,2.20,0.010,0.5000,-51.872,-456.569,1.00000,90.000,348.35,-0.20194,0.97940,0
1,2.20,0.020,0.5000,-51.745,-454.684,1.00000,90.000,336.65,-0.39638,0.91809,0
1,2.20,0.030,0.5000,-51.618,-452.808,1.00000,90.000,324.90,-0.57507,0.81810,0
1,2.20,0.040,0.5000,-51.492,-450.941,1.00000,90.000,313.09,-0.73026,0.68316,0
1,2.20,0.050,0.5000,-51.367,-449.084,1.00000,90.000,301.24,-0.85504,0.51856,0
1,2.20,0.060,0.5000,-51.242,-447.236,1.00000,90.000,289.33,-0.94364,0.33098,0
1,2.20,0.070,0.5000,-51.118,-445.397,1.00000,90.000,277.37,-0.99174,0.12825,0
1,2.20,0.080,0.5000,-50.994,-443.568,1.00000,90.000,265.36,-0.99672,-0.08095,0
1,2.20,0.090,0.5000,-50.871,-441.747,1.00000,90.000,253.29,-0.95779,-0.28748,0
1,2.20,0.100,0.5000,-50.749,-439.936,1.00000,90.000,241.18,-0.87611,-0.48212,0
1,2.20,0.110,0.5000,-50.627,-438.134,1.00000,90.000,229.01,-0.75479,-0.65597,0
1,2.20,0.120,0.5000,-50.506,-436.340,1.00000,90.000,216.78,-0.59880,-0.80090,0
1,2.20,0.130,0.5000,-50.385,-434.556,1.00000,90.000,204.51,-0.41483,-0.90990,0
1,2.20,0.140,0.5000,-50.266,-432.781,1.00000,90.000,192.18,-0.21097,-0.97749,0
1,2.20,0.150,0.5000,-50.146,-431.014,1.00000,90.000,179.80,0.00355,-0.99999,0
1,2.20,0.160,0.5000,-50.028,-429.256,1.00000,90.000,167.36,0.21882,-0.97577,0
1,2.20,0.170,0.5000,-49.909,-427.507,1.00000,90.000,154.87,0.42467,-0.90535,0
1,2.20,0.180,0.5000,-49.792,-425.767,1.00000,90.000,142.33,0.61118,-0.79150,0
1,2.20,0.190,0.5000,-49.675,-424.035,1.00000,90.000,129.73,0.76910,-0.63912,0
1,2.20,0.200,0.5000,-49.559,-422.312,1.00000,90.000,117.07,0.89043,-0.45513,0
1,2.20,0.210,0.5000,-49.443,-420.598,1.00000,90.000,104.36,0.96874,-0.24810,0
1,2.20,0.220,0.5000,-49.328,-418.892,1.00000,90.000,91.60,0.99961,-0.02795,0
1,2.20,0.230,0.5000,-49.213,-417.194,1.00000,90.000,78.78,0.98090,0.19452,0
1,2.20,0.240,0.5000,-49.099,-415.505,1.00000,90.000,65.91,0.91290,0.40818,0
1,2.20,0.250,0.5000,-48.985,-413.825,1.00000,90.000,52.98,0.79843,0.60209,0
1,2.20,0.260,0.5000,-48.873,-412.153,1.00000,90.000,40.00,0.64272,0.76610,0
1,2.20,0.270,0.5000,-48.760,-410.489,1.00000,90.000,26.95,0.45328,0.89137,0
1,2.20,0.280,0.5000,-48.648,-408.834,1.00000,90.000,13.86,0.23950,0.97090,0
1,2.20,0.290,0.5000,-48.537,-407.186,1.00000,90.000,0.70,0.01227,0.99992,0
1,2.20,0.300,0.5000,-48.426,-405.547,1.00000,90.000,347.49,-0.21656,0.97627,0
1,2.20,0.310,0.5000,-48.316,-403.917,1.00000,90.000,334.23,-0.43482,0.90052,0
1,2.20,0.320,0.5000,-48.207,-402.294,1.00000,90.000,320.90,-0.63065,0.77607,0
1,2.20,0.330,0.5000,-48.098,-400.679,1.00000,90.000,307.52,-0.79313,0.60905,0
1,2.20,0.340,0.5000,-47.989,-399.073,1.00000,90.000,294.08,-0.91296,0.40804,0
1,2.20,0.350,0.5000,-47.881,-397.474,1.00000,90.000,280.59,-0.98298,0.18371,0
1,2.20,0.360,0.5000,-47.774,-395.884,1.00000,90.000,267.03,-0.99866,-0.05178,0
1,2.20,0.370,0.5000,-47.667,-394.301,1.00000,90.000,253.42,-0.95842,-0.28536,0
1,2.20,0.380,0.5000,-47.561,-392.726,1.00000,90.000,239.75,-0.86383,-0.50378,0
1,2.20,0.390,0.5000,-47.455,-391.159,1.00000,90.000,226.02,-0.71959,-0.69440,0
1,2.20,0.400,0.5000,-47.350,-389.600,1.00000,90.000,212.23,-0.53337,-0.84588,0
1,2.20,0.410,0.5000,-47.245,-388.049,1.00000,90.000,198.39,-0.31543,-0.94895,0
1,2.20,0.420,0.5000,-47.141,-386.506,1.00000,90.000,184.48,-0.07814,-0.99694,0
1,2.20,0.430,0.5000,-47.037,-384.970,1.00000,90.000,170.52,0.16475,-0.98633,0
1,2.20,0.440,0.5000,-46.934,-383.442,1.00000,90.000,156.49,0.39886,-0.91701,0
1,2.20,0.450,0.5000,-46.831,-381.921,1.00000,90.000,142.41,0.61002,-0.79239,0
1,2.20,0.460,0.5000,-46.729,-380.408,1.00000,90.000,128.27,0.78515,-0.61931,0
1,2.20,0.470,0.5000,-46.627,-378.903,1.00000,90.000,114.06,0.91311,-0.40772,0
1,2.20,0.480,0.5000,-46.526,-377.405,1.00000,90.000,99.80,0.98542,-0.17017,0
1,2.20,0.490,0.5000,-46.425,-375.914,1.00000,90.000,85.47,0.99688,0.07893,0
1,2.20,0.500,0.5000,-46.325,-374.431,1.00000,90.000,71.09,0.94601,0.32412,0
1,2.20,0.510,0.5000,-46.225,-372.956,1.00000,90.000,56.64,0.83524,0.54988,0
1,2.20,0.520,0.5000,-46.126,-371.487,1.00000,90.000,42.13,0.67086,0.74158,0
1,2.20,0.530,0.5000,-46.028,-370.026,1.00000,90.000,27.56,0.46275,0.88649,0
1,2.20,0.540,0.5000,-45.930,-368.573,1.00000,90.000,12.93,0.22383,0.97463,0
1,2.20,0.550,0.5000,-45.832,-367.126,1.00000,90.000,358.24,-0.03068,0.99953,0
1,2.20,0.560,0.5000,-45.735,-365.687,1.00000,90.000,343.49,-0.28423,0.95876,0
1,2.20,0.570,0.5000,-45.638,-364.255,1.00000,90.000,328.67,-0.51996,0.85419,0
1,2.20,0.580,0.5000,-45.542,-362.830,1.00000,90.000,313.79,-0.72186,0.69204,0
1,2.20,0.590,0.5000,-45.446,-361.412,1.00000,90.000,298.85,-0.87589,0.48252,0
1,2.20,0.600,0.5000,-45.351,-360.002,1.00000,90.000,283.85,-0.97095,0.23930,0
1,2.20,0.610,0.5000,-45.256,-358.598,1.00000,90.000,268.78,-0.99977,-0.02133,0
1,2.20,0.620,0.5000,-45.162,-357.201,1.00000,90.000,253.65,-0.95954,-0.28156,0
1,2.20,0.630,0.5000,-45.068,-355.812,1.00000,90.000,238.45,-0.85220,-0.52321,0
1,2.20,0.640,0.5000,-44.974,-354.429,1.00000,90.000,223.19,-0.68447,-0.72905,0
1,2.20,0.650,0.5000,-44.881,-353.053,1.00000,90.000,207.87,-0.46749,-0.88400,0
1,2.20,0.660,0.5000,-44.789,-351.684,1.00000,90.000,192.48,-0.21618,-0.97635,0
1,2.20,0.670,0.5000,-44.697,-350.322,1.00000,90.000,177.03,0.05175,-0.99866,0
1,2.20,0.680,0.5000,-44.605,-348.967,1.00000,90.000,161.52,0.31700,-0.94843,0
1,2.20,0.690,0.5000,-44.514,-347.618,1.00000,90.000,145.94,0.56009,-0.82843,0
1,2.20,0.700,0.5000,-44.424,-346.276,1.00000,90.000,130.29,0.76275,-0.64669,0
1,2.20,0.710,0.5000,-44.334,-344.941,1.00000,90.000,114.58,0.90937,-0.41599,0
1,2.20,0.720,0.5000,-44.244,-343.612,1.00000,90.000,98.81,0.98821,-0.15309,0
1,2.20,0.730,0.5000,-44.155,-342.290,1.00000,90.000,82.96,0.99247,0.12249,0
1,2.20,0.740,0.5000,-44.066,-340.975,1.00000,90.000,67.06,0.92089,0.38983,0
1,2.20,0.750,0.5000,-43.977,-339.666,1.00000,90.000,51.08,0.77805,0.62821,0
1,2.20,0.760,0.5000,-43.889,-338.364,1.00000,90.000,35.04,0.57417,0.81873,0
1,2.20,0.770,0.5000,-43.802,-337.068,1.00000,90.000,18.93,0.32449,0.94589,0
1,2.20,0.780,0.5000,-43.715,-335.779,1.00000,90.000,2.76,0.04817,0.99884,0
1,2.20,0.790,0.5000,-43.628,-334.496,1.00000,90.000,346.52,-0.23310,0.97245,0
1,2.20,0.800,0.5000,-43.542,-333.220,1.00000,90.000,330.21,-0.49679,0.86787,0
1,2.20,0.810,0.5000,-43.456,-331.950,1.00000,90.000,313.84,-0.72132,0.69260,0
1,2.20,0.820,0.5000,-43.371,-330.686,1.00000,90.000,297.39,-0.88787,0.46010,0
1,2.20,0.830,0.5000,-43.286,-329.429,1.00000,90.000,280.88,-0.98202,0.18879,0
1,2.20,0.840,0.5000,-43.202,-328.177,1.00000,90.000,264.30,-0.99506,-0.09927,0
1,2.20,0.850,0.5000,-43.117,-326.932,1.00000,90.000,247.66,-0.92491,-0.38018,0
1,2.20,0.860,0.5000,-43.034,-325.694,1.00000,90.000,230.94,-0.77647,-0.63015,0
1,2.20,0.870,0.5000,-42.951,-324.461,1.00000,90.000,214.15,-0.56142,-0.82753,0
1,2.20,0.880,0.5000,-42.868,-323.235,1.00000,90.000,197.30,-0.29737,-0.95476,0
1,2.20,0.890,0.5000,-42.785,-322.015,1.00000,90.000,180.38,-0.00656,-0.99998,0
1,2.20,0.900,0.5000,-42.703,-320.800,1.00000,90.000,135.00,0.70711,-0.70711,0
1,2.20,0.910,0.5000,-42.622,-319.592,1.00000,90.000,-nan,-nan,-nan,0
1,2.20,0.920,0.5000,-42.541,-318.390,1.00000,90.000,-nan,-nan,-nan,0
1,2.20,0.930,0.5000,-42.460,-317.194,1.00000,90.000,-nan,-nan,-nan,0
1,2.20,0.940,0.5000,-42.379,-316.004,1.00000,90.000,-nan,-nan,-nan,0
1,2.20,0.950,0.5000,-42.299,-314.820,1.00000,90.000,-nan,-nan,-nan,0
1,2.20,0.960,0.5000,-42.220,-313.641,1.00000,90.000,-nan,-nan,-nan,0
1,2.20,0.970,0.5000,-42.141,-312.469,1.00000,90.000,-nan,-nan,-nan,0
1,2.20,0.980,0.5000,-42.062,-311.302,1.00000,90.000,-nan,-nan,-nan,0
1,2.20,0.990,0.5000,-41.984,-310.142,1.00000,90.000,-nan,-nan,-nan,0
1,2.20,1.000,0.5000,-41.906,-308.987,1.00000,90.000,-nan,-nan,-nan,0
1,2.20,1.010,0.5000,-41.828,-307.837,1.00000,90.000,-nan,-nan,-nan,0
1,2.20,1.020,0.5000,-41.751,-306.694,1.00000,90.000,-nan,-nan,-nan,0
1,2.20,1.030,0.5000,-41.674,-305.556,1.00000,90.000,-nan,-nan,-nan,0
1,2.20,1.040,0.5000,-41.597,-304.424,1.00000,90.000,-nan,-nan,-nan,0
1,2.20,1.050,0.5000,-41.521,-303.298,1.00000,90.000,-nan,-nan,-nan,0
1,2.20,1.060,0.5000,-41.446,-302.177,1.00000,90.000,-nan,-nan,-nan,0
1,2.20,1.070,0.5000,-41.370,-301.061,1.00000,90.000,-nan,-nan,-nan,0
1,2.20,1.080,0.5000,-41.295,-299.952,1.00000,90.000,-nan,-nan,-nan,0
1,2.20,1.090,0.5000,-41.221,-298.848,1.00000,90.000,-nan,-nan,-nan,0
1,2.20,1.100,0.5000,-41.147,-297.749,1.00000,90.000,-nan,-nan,-nan,0
1,2.20,1.110,0.5000,-41.073,-296.656,1.00000,90.000,-nan,-nan,-nan,0
1,2.20,1.120,0.5000,-40.999,-295.568,1.00000,90.000,-nan,-nan,-nan,0
1,2.20,1.130,0.5000,-40.926,-294.486,1.00000,90.000,-nan,-nan,-nan,0
1,2.20,1.140,0.5000,-40.854,-293.409,1.00000,90.000,-nan,-nan,-nan,0
1,2.20,1.150,0.5000,-40.781,-292.337,1.00000,90.000,-nan,-nan,-nan,0
1,2.20,1.160,0.5000,-40.709,-291.271,1.00000,90.000,-nan,-nan,-nan,0
1,2.20,1.170,0.5000,-40.638,-290.210,1.00000,90.000,-nan,-nan,-nan,0
1,2.20,1.180,0.5000,-40.566,-289.155,1.00000,90.000,-nan,-nan,-nan,0
1,2.20,1.190,0.5000,-40.495,-288.104,1.00000,90.000,-nan,-nan,-nan,0
1,2.20,1.200,0.5000,-40.425,-287.059,1.00000,90.000,-nan,-nan,-nan,0
1,2.20,1.210,0.5000,-40.355,-286.020,1.00000,90.000,-nan,-nan,-nan,0
1,2.20,1.220,0.5000,-40.285,-284.985,1.00000,90.000,-nan,-nan,-nan,0
1,2.20,1.230,0.5000,-40.215,-283.955,1.00000,90.000,-nan,-nan,-nan,0
1,2.20,1.240,0.5000,-40.146,-282.931,1.00000,90.000,-nan,-nan,-nan,0
1,2.20,1.250,0.5000,-40.077,-281.912,1.00000,90.000,-nan,-nan,-nan,0
1,2.20,1.260,0.5000,-40.009,-280.898,1.00000,90.000,-nan,-nan,-nan,0
1,2.20,1.270,0.5000,-39.940,-279.888,1.00000,90.000,-nan,-nan,-nan,0
1,2.20,1.280,0.5000,-39.873,-278.884,1.00000,90.000,-nan,-nan,-nan,0
1,2.20,1.290,0.5000,-39.805,-277.885,1.00000,90.000,-nan,-nan,-nan,0
1,2.20,1.300,0.5000,-39.738,-276.891,1.00000,90.000,-nan,-nan,-nan,0
1,2.20,1.310,0.5000,-39.671,-275.902,1.00000,90.000,-nan,-nan,-nan,0
1,2.20,1.320,0.5000,-39.605,-274.918,1.00000,90.000,-nan,-nan,-nan,0
1,2.20,1.330,0.5000,-39.539,-273.938,1.00000,90.000,-nan,-nan,-nan,0
1,2.20,1.340,0.5000,-39.473,-272.964,1.00000,90.000,-nan,-nan,-nan,0
1,2.20,1.350,0.5000,-39.407,-271.995,1.00000,90.000,-nan,-nan,-nan,0
1,2.20,1.360,0.5000,-39.342,-271.030,1.00000,90.000,-nan,-nan,-nan,0
1,2.20,1.370,0.5000,-39.277,-270.070,1.00000,90.000,-nan,-nan,-nan,0
1,2.20,1.380,0.5000,-39.213,-269.115,1.00000,90.000,-nan,-nan,-nan,0
1,2.20,1.390,0.5000,-39.149,-268.164,1.00000,90.000,-nan,-nan,-nan,0
1,2.20,1.400,0.5000,-39.085,-267.219,1.00000,90.000,-nan,-nan,-nan,0
1,2.20,1.410,0.5000,-39.021,-266.278,1.00000,90.000,-nan,-nan,-nan,0
1,2.20,1.420,0.5000,-38.958,-265.342,1.00000,90.000,-nan,-nan,-nan,0
1,2.20,1.430,0.5000,-38.895,-264.410,1.00000,90.000,-nan,-nan,-nan,0
1,2.20,1.440,0.5000,-38.833,-263.483,1.00000,90.000,-nan,-nan,-nan,0
1,2.20,1.450,0.5000,-38.770,-262.561,1.00000,90.000,-nan,-nan,-nan,0
1,2.20,1.460,0.5000,-38.708,-261.643,1.00000,90.000,-nan,-nan,-nan,0
1,2.20,1.470,0.5000,-38.647,-260.730,1.00000,90.000,-nan,-nan,-nan,0
1,2.20,1.480,0.5000,-38.585,-259.822,1.00000,90.000,-nan,-nan,-nan,0
1,2.20,1.490,0.5000,-38.524,-258.918,1.00000,90.000,-nan,-nan,-nan,0
1,2.20,1.500,0.5000,-38.464,-258.018,1.00000,90.000,-nan,-nan,-nan,0
1,2.20,1.510,0.5000,-38.403,-257.123,1.00000,90.000,-nan,-nan,-nan,0
1,2.20,1.520,0.5000,-38.343,-256.233,1.00000,90.000,-nan,-nan,-nan,0
1,2.20,1.530,0.5000,-38.283,-255.347,1.00000,90.000,-nan,-nan,-nan,0
1,2.20,1.540,0.5000,-38.224,-254.465,1.00000,90.000,-nan,-nan,-nan,0
1,2.20,1.550,0.5000,-38.164,-253.588,1.00000,90.000,-nan,-nan,-nan,0
1,2.20,1.560,0.5000,-38.105,-252.715,1.00000,90.000,-nan,-nan,-nan,0
1,2.20,1.570,0.5000,-38.047,-251.846,1.00000,90.000,-nan,-nan,-nan,0
1,2.20,1.580,0.5000,-37.988,-250.982,1.00000,90.000,-nan,-nan,-nan,0
1,2.20,1.590,0.5000,-37.930,-250.122,1.00000,90.000,-nan,-nan,-nan,0
1,2.20,1.600,0.5000,-37.873,-249.266,1.00000,90.000,-nan,-nan,-nan,0
1,2.20,1.610,0.5000,-37.815,-248.415,1.00000,90.000,-nan,-nan,-nan,0
1,2.20,1.620,0.5000,-37.758,-247.568,1.00000,90.000,-nan,-nan,-nan,0
1,2.20,1.630,0.5000,-37.701,-246.725,1.00000,90.000,-nan,-nan,-nan,0
1,2.20,1.640,0.5000,-37.644,-245.886,1.00000,90.000,-nan,-nan,-nan,0
1,2.20,1.650,0.5000,-37.588,-245.052,1.00000,90.000,-nan,-nan,-nan,0
1,2.20,1.660,0.5000,-37.532,-244.221,1.00000,90.000,-nan,-nan,-nan,0
1,2.20,1.670,0.5000,-37.476,-243.395,1.00000,90.000,-nan,-nan,-nan,0
1,2.20,1.680,0.5000,-37.421,-242.573,1.00000,90.000,-nan,-nan,-nan,0
1,2.20,1.690,0.5000,-37.365,-241.755,1.00000,90.000,-nan,-nan,-nan,0
1,2.20,1.700,0.5000,-37.310,-240.941,1.00000,90.000,-nan,-nan,-nan,0
1,2.20,1.710,0.5000,-37.256,-240.131,1.00000,90.000,-nan,-nan,-nan,0
1,2.20,1.720,0.5000,-37.201,-239.326,1.00000,90.000,-nan,-nan,-nan,0
1,2.20,1.730,0.5000,-37.147,-238.524,1.00000,90.000,-nan,-nan,-nan,0
1,2.20,1.740,0.5000,-37.093,-237.726,1.00000,90.000,-nan,-nan,-nan,0
1,2.20,1.750,0.5000,-37.040,-236.932,1.00000,90.000,-nan,-nan,-nan,0
1,2.20,1.760,0.5000,-36.986,-236.142,1.00000,90.000,-nan,-nan,-nan,0
1,2.20,1.770,0.5000,-36.933,-235.357,1.00000,90.000,-nan,-nan,-nan,0
1,2.20,1.780,0.5000,-36.880,-234.575,1.00000,90.000,-nan,-nan,-nan,0
1,2.20,1.790,0.5000,-36.828,-233.796,1.00000,90.000,-nan,-nan,-nan,0
1,2.20,1.800,0.5000,-36.776,-233.022,1.00000,90.000,-nan,-nan,-nan,0
1,2.20,1.810,0.5000,-36.724,-232.252,1.00000,90.000,-nan,-nan,-nan,0
1,2.20,1.820,0.5000,-36.672,-231.485,1.00000,90.000,-nan,-nan,-nan,0
1,2.20,1.830,0.5000,-36.620,-230.723,1.00000,90.000,-nan,-nan,-nan,0
1,2.20,1.840,0.5000,-36.569,-229.964,1.00000,90.000,-nan,-nan,-nan,0
1,2.20,1.850,0.5000,-36.518,-229.209,1.00000,90.000,-nan,-nan,-nan,0
1,2.20,1.860,0.5000,-36.467,-228.457,1.00000,90.000,-nan,-nan,-nan,0
1,2.20,1.870,0.5000,-36.417,-227.710,1.00000,90.000,-nan,-nan,-nan,0
1,2.20,1.880,0.5000,-36.367,-226.966,1.00000,90.000,-nan,-nan,-nan,0
1,2.20,1.890,0.5000,-36.317,-226.226,1.00000,90.000,-nan,-nan,-nan,0
1,2.20,1.900,0.5000,-36.267,-225.489,1.00000,90.000,-nan,-nan,-nan,0
1,2.20,1.910,0.5000,-36.217,-224.757,1.00000,90.000,-nan,-nan,-nan,0
1,2.20,1.920,0.5000,-36.168,-224.028,1.00000,90.000,-nan,-nan,-nan,0
1,2.20,1.930,0.5000,-36.119,-223.302,1.00000,90.000,-nan,-nan,-nan,0
1,2.20,1.940,0.5000,-36.070,-222.580,1.00000,90.000,-nan,-nan,-nan,0
1,2.20,1.950,0.5000,-36.022,-221.862,1.00000,90.000,-nan,-nan,-nan,0
1,2.20,1.960,0.5000,-35.974,-221.147,1.00000,90.000,-nan,-nan,-nan,0
1,2.20,1.970,0.5000,-35.926,-220.436,1.00000,90.000,-nan,-nan,-nan,0
1,2.20,1.980,0.5000,-35.878,-219.729,1.00000,90.000,-nan,-nan,-nan,0
1,2.20,1.990,0.5000,-35.830,-219.025,1.00000,90.000,-nan,-nan,-nan,0
1,2.20,2.000,0.5000,-35.783,-218.324,1.00000,90.000,-nan,-nan,-nan,0
1,2.20,2.010,0.5000,-35.736,-217.627,1.00000,90.000,-nan,-nan,-nan,0
1,2.20,2.020,0.5000,-35.689,-216.933,1.00000,90.000,-nan,-nan,-nan,0
1,2.20,2.030,0.5000,-35.642,-216.243,1.00000,90.000,-nan,-nan,-nan,0
1,2.20,2.040,0.5000,-35.596,-215.557,1.00000,90.000,-nan,-nan,-nan,0
1,2.20,2.050,0.5000,-35.550,-214.873,1.00000,90.000,-nan,-nan,-nan,0
1,2.20,2.060,0.5000,-35.504,-214.194,1.00000,90.000,-nan,-nan,-nan,0
1,2.20,2.070,0.5000,-35.458,-213.517,1.00000,90.000,-nan,-nan,-nan,0
1,2.20,2.080,0.5000,-35.413,-212.844,1.00000,90.000,-nan,-nan,-nan,0
1,2.20,2.090,0.5000,-35.368,-212.174,1.00000,90.000,-nan,-nan,-nan,0
1,2.20,2.100,0.5000,-35.323,-211.508,1.00000,90.000,-nan,-nan,-nan,0
1,2.20,2.110,0.5000,-35.278,-210.845,1.00000,90.000,-nan,-nan,-nan,0
1,2.20,2.120,0.5000,-35.233,-210.185,1.00000,90.000,-nan,-nan,-nan,0
1,2.20,2.130,0.5000,-35.189,-209.529,1.00000,90.000,-nan,-nan,-nan,0
1,2.20,2.140,0.5000,-35.145,-208.876,1.00000,90.000,-nan,-nan,-nan,0
1,2.20,2.150,0.5000,-35.101,-208.226,1.00000,90.000,-nan,-nan,-nan,0
1,2.20,2.160,0.5000,-35.057,-207.579,1.00000,90.000,-nan,-nan,-nan,0
1,2.20,2.170,0.5000,-35.014,-206.936,1.00000,90.000,-nan,-nan,-nan,0
1,2.20,2.180,0.5000,-34.971,-206.295,1.00000,90.000,-nan,-nan,-nan,0
1,2.20,2.190,0.5000,-34.928,-205.658,1.00000,90.000,-nan,-nan,-nan,0
1,2.20,2.200,0.5000,-34.885,-205.025,1.00000,90.000,-nan,-nan,-nan,0
1,2.20,2.210,0.5000,-34.842,-204.394,1.00000,90.000,-nan,-nan,-nan,0
1,2.20,2.220,0.5000,-34.800,-203.766,1.00000,90.000,-nan,-nan,-nan,0
1,2.20,2.230,0.5000,-34.758,-203.142,1.00000,90.000,-nan,-nan,-nan,0
1,2.20,2.240,0.5000,-34.716,-202.521,1.00000,90.000,-nan,-nan,-nan,0
1,2.20,2.250,0.5000,-34.674,-201.902,1.00000,90.000,-nan,-nan,-nan,0
1,2.20,2.260,0.5000,-34.632,-201.287,1.00000,90.000,-nan,-nan,-nan,0
1,2.20,2.270,0.5000,-34.591,-200.675,1.00000,90.000,-nan,-nan,-nan,0
1,2.20,2.280,0.5000,-34.550,-200.066,1.00000,90.000,-nan,-nan,-nan,0
1,2.20,2.290,0.5000,-34.509,-199.460,1.00000,90.000,-nan,-nan,-nan,0
1,2.20,2.300,0.5000,-34.468,-198.857,1.00000,90.000,-nan,-nan,-nan,0
1,2.20,2.310,0.5000,-34.428,-198.257,1.00000,90.000,-nan,-nan,-nan,0
1,2.20,2.320,0.5000,-34.387,-197.660,1.00000,90.000,-nan,-nan,-nan,0
1,2.20,2.330,0.5000,-34.347,-197.066,1.00000,90.000,-nan,-nan,-nan,0
1,2.20,2.340,0.5000,-34.307,-196.475,1.00000,90.000,-nan,-nan,-nan,0
1,2.20,2.350,0.5000,-34.268,-195.887,1.00000,90.000,-nan,-nan,-nan,0
1,2.20,2.360,0.5000,-34.228,-195.302,1.00000,90.000,-nan,-nan,-nan,0
1,2.20,2.370,0.5000,-34.189,-194.720,1.00000,90.000,-nan,-nan,-nan,0
1,2.20,2.380,0.5000,-34.150,-194.141,1.00000,90.000,-nan,-nan,-nan,0
1,2.20,2.390,0.5000,-34.111,-193.564,1.00000,90.000,-nan,-nan,-nan,0
1,2.20,2.400,0.5000,-34.072,-192.991,1.00000,90.000,-nan,-nan,-nan,0
1,2.20,2.410,0.5000,-34.034,-192.420,1.00000,90.000,-nan,-nan,-nan,0
1,2.20,2.420,0.5000,-33.995,-191.852,1.00000,90.000,-nan,-nan,-nan,0
1,2.20,2.430,0.5000,-33.957,-191.287,1.00000,90.000,-nan,-nan,-nan,0
1,2.20,2.440,0.5000,-33.919,-190.725,1.00000,90.000,-nan,-nan,-nan,0
1,2.20,2.450,0.5000,-33.881,-190.166,1.00000,90.000,-nan,-nan,-nan,0
1,2.20,2.460,0.5000,-33.844,-189.609,1.00000,90.000,-nan,-nan,-nan,0
1,2.20,2.470,0.5000,-33.806,-189.055,1.00000,90.000,-nan,-nan,-nan,0
1,2.20,2.480,0.5000,-33.769,-188.504,1.00000,90.000,-nan,-nan,-nan,0
1,2.20,2.490,0.5000,-33.732,-187.956,1.00000,90.000,-nan,-nan,-nan,0
1,2.20,2.500,0.5000,-33.695,-187.410,1.00000,90.000,-nan,-nan,-nan,0
1,2.20,2.510,0.5000,-33.659,-186.867,1.00000,90.000,-nan,-nan,-nan,0
1,2.20,2.520,0.5000,-33.622,-186.327,1.00000,90.000,-nan,-nan,-nan,0
1,2.20,2.530,0.5000,-33.586,-185.790,1.00000,90.000,-nan,-nan,-nan,0
1,2.20,2.540,0.5000,-33.550,-185.255,1.00000,90.000,-nan,-nan,-nan,0
1,2.20,2.550,0.5000,-33.514,-184.723,1.00000,90.000,-nan,-nan,-nan,0
1,2.20,2.560,0.5000,-33.478,-184.193,1.00000,90.000,-nan,-nan,-nan,0
1,2.20,2.570,0.5000,-33.442,-183.667,1.00000,90.000,-nan,-nan,-nan,0
1,2.20,2.580,0.5000,-33.407,-183.142,1.00000,90.000,-nan,-nan,-nan,0
1,2.20,2.590,0.5000,-33.372,-182.621,1.00000,90.000,-nan,-nan,-nan,0
1,2.20,2.600,0.5000,-33.337,-182.102,1.00000,90.000,-nan,-nan,-nan,0
1,2.20,2.610,0.5000,-33.302,-181.586,1.00000,90.000,-nan,-nan,-nan,0
1,2.20,2.620,0.5000,-33.267,-181.072,1.00000,90.000,-nan,-nan,-nan,0
1,2.20,2.630,0.5000,-33.233,-180.560,1.00000,90.000,-nan,-nan,-nan,0
1,2.20,2.640,0.5000,-33.198,-180.052,1.00000,90.000,-nan,-nan,-nan,0
1,2.20,2.650,0.5000,-33.164,-179.546,1.00000,90.000,-nan,-nan,-nan,0
1,2.20,2.660,0.5000,-33.130,-179.042,1.00000,90.000,-nan,-nan,-nan,0
1,2.20,2.670,0.5000,-33.096,-178.541,1.00000,90.000,-nan,-nan,-nan,0
1,2.20,2.680,0.5000,-33.063,-178.042,1.00000,90.000,-nan,-nan,-nan,0
1,2.20,2.690,0.5000,-33.029,-177.546,1.00000,90.000,-nan,-nan,-nan,0
1,2.20,2.700,0.5000,-32.996,-177.052,1.00000,90.000,-nan,-nan,-nan,0
1,2.20,2.710,0.5000,-32.963,-176.561,1.00000,90.000,-nan,-nan,-nan,0
1,2.20,2.720,0.5000,-32.930,-176.073,1.00000,90.000,-nan,-nan,-nan,0
1,2.20,2.730,0.5000,-32.897,-175.586,1.00000,90.000,-nan,-nan,-nan,0
1,2.20,2.740,0.5000,-32.864,-175.102,1.00000,90.000,-nan,-nan,-nan,0
1,2.20,2.750,0.5000,-32.832,-174.621,1.00000,90.000,-nan,-nan,-nan,0
1,2.20,2.760,0.5000,-32.799,-174.142,1.00000,90.000,-nan,-nan,-nan,0
1,2.20,2.770,0.5000,-32.767,-173.665,1.00000,90.000,-nan,-nan,-nan,0
1,2.20,2.780,0.5000,-32.735,-173.191,1.00000,90.000,-nan,-nan,-nan,0
1,2.20,2.790,0.5000,-32.703,-172.719,1.00000,90.000,-nan,-nan,-nan,0
1,2.20,2.800,0.5000,-32.671,-172.249,1.00000,90.000,-nan,-nan,-nan,0
1,2.20,2.810,0.5000,-32.640,-171.782,1.00000,90.000,-nan,-nan,-nan,0
1,2.20,2.820,0.5000,-32.608,-171.317,1.00000,90.000,-nan,-nan,-nan,0
1,2.20,2.830,0.5000,-32.577,-170.855,1.00000,90.000,-nan,-nan,-nan,0
1,2.20,2.840,0.5000,-32.546,-170.394,1.00000,90.000,-nan,-nan,-nan,0
1,2.20,2.850,0.5000,-32.515,-169.936,1.00000,90.000,-nan,-nan,-nan,0
1,2.20,2.860,0.5000,-32.484,-169.481,1.00000,90.000,-nan,-nan,-nan,0
1,2.20,2.870,0.5000,-32.454,-169.027,1.00000,90.000,-nan,-nan,-nan,0
1,2.20,2.880,0.5000,-32.423,-168.576,1.00000,90.000,-nan,-nan,-nan,0
1,2.20,2.890,0.5000,-32.393,-168.127,1.00000,90.000,-nan,-nan,-nan,0
1,2.20,2.900,0.5000,-32.363,-167.680,1.00000,90.000,-nan,-nan,-nan,0
1,2.20,2.910,0.5000,-32.333,-167.236,1.00000,90.000,-nan,-nan,-nan,0
1,2.20,2.920,0.5000,-32.303,-166.794,1.00000,90.000,-nan,-nan,-nan,0
1,2.20,2.930,0.5000,-32.273,-166.354,1.00000,90.000,-nan,-nan,-nan,0
1,2.20,2.940,0.5000,-32.244,-165.916,1.00000,90.000,-nan,-nan,-nan,0
1,2.20,2.950,0.5000,-32.214,-165.480,1.00000,90.000,-nan,-nan,-nan,0
1,2.20,2.960,0.5000,-32.185,-165.047,1.00000,90.000,-nan,-nan,-nan,0
1,2.20,2.970,0.5000,-32.156,-164.615,1.00000,90.000,-nan,-nan,-nan,0
1,2.20,2.980,0.5000,-32.127,-164.186,1.00000,90.000,-nan,-nan,-nan,0
1,2.20,2.990,0.5000,-32.098,-163.759,1.00000,90.000,-nan,-nan,-nan,0
1,2.20,3.000,0.5000,-32.069,-163.334,1.00000,90.000,-nan,-nan,-nan,0
1,2.20,3.010,0.5000,-32.041,-162.912,1.00000,90.000,-nan,-nan,-nan,0
1,2.20,3.020,0.5000,-32.012,-162.491,1.00000,90.000,-nan,-nan,-nan,0
1,2.20,3.030,0.5000,-31.984,-162.072,1.00000,90.000,-nan,-nan,-nan,0
1,2.20,3.040,0.5000,-31.956,-161.656,1.00000,90.000,-nan,-nan,-nan,0
1,2.20,3.050,0.5000,-31.928,-161.242,1.00000,90.000,-nan,-nan,-nan,0
1,2.20,3.060,0.5000,-31.900,-160.829,1.00000,90.000,-nan,-nan,-nan,0
1,2.20,3.070,0.5000,-31.873,-160.419,1.00000,90.000,-nan,-nan,-nan,0
1,2.20,3.080,0.5000,-31.845,-160.011,1.00000,90.000,-nan,-nan,-nan,0
1,2.20,3.090,0.5000,-31.818,-159.604,1.00000,90.000,-nan,-nan,-nan,0
1,2.20,3.100,0.5000,-31.790,-159.200,1.00000,90.000,-nan,-nan,-nan,0
1,2.20,3.110,0.5000,-31.763,-158.798,1.00000,90.000,-nan,-nan,-nan,0
1,2.20,3.120,0.5000,-31.736,-158.398,1.00000,90.000,-nan,-nan,-nan,0
1,2.20,3.130,0.5000,-31.709,-158.000,1.00000,90.000,-nan,-nan,-nan,0
1,2.20,3.140,0.5000,-31.682,-157.604,1.00000,90.000,-nan,-nan,-nan,0
1,2.20,3.150,0.5000,-31.656,-157.210,1.00000,90.000,-nan,-nan,-nan,0
1,2.20,3.160,0.5000,-31.629,-156.817,1.00000,90.000,-nan,-nan,-nan,0
1,2.20,3.170,0.5000,-31.603,-156.427,1.00000,90.000,-nan,-nan,-nan,0
1,2.20,3.180,0.5000,-31.577,-156.039,1.00000,90.000,-nan,-nan,-nan,0
1,2.20,3.190,0.5000,-31.551,-155.652,1.00000,90.000,-nan,-nan,-nan,0
1,2.20,3.200,0.5000,-31.525,-155.268,1.00000,90.000,-nan,-nan,-nan,0
1,2.20,3.210,0.5000,-31.499,-154.885,1.00000,90.000,-nan,-nan,-nan,0
1,2.20,3.220,0.5000,-31.473,-154.505,1.00000,90.000,-nan,-nan,-nan,0
1,2.20,3.230,0.5000,-31.448,-154.126,1.00000,90.000,-nan,-nan,-nan,0
1,2.20,3.240,0.5000,-31.422,-153.749,1.00000,90.000,-nan,-nan,-nan,0
1,2.20,3.250,0.5000,-31.397,-153.374,1.00000,90.000,-nan,-nan,-nan,0
1,2.20,3.260,0.5000,-31.372,-153.001,1.00000,90.000,-nan,-nan,-nan,0
1,2.20,3.270,0.5000,-31.347,-152.630,1.00000,90.000,-nan,-nan,-nan,0
1,2.20,3.280,0.5000,-31.322,-152.260,1.00000,90.000,-nan,-nan,-nan,0
1,2.20,3.290,0.5000,-31.297,-151.893,1.00000,90.000,-nan,-nan,-nan,0
1,2.20,3.300,0.5000,-31.272,-151.527,1.00000,90.000,-nan,-nan,-nan,0
1,2.20,3.310,0.5000,-31.247,-151.163,1.00000,90.000,-nan,-nan,-nan,0
1,2.20,3.320,0.5000,-31.223,-150.801,1.00000,90.000,-nan,-nan,-nan,0
1,2.20,3.330,0.5000,-31.199,-150.441,1.00000,90.000,-nan,-nan,-nan,0
1,2.20,3.340,0.5000,-31.174,-150.082,1.00000,90.000,-nan,-nan,-nan,0
1,2.20,3.350,0.5000,-31.150,-149.726,1.00000,90.000,-nan,-nan,-nan,0
1,2.20,3.360,0.5000,-31.126,-149.371,1.00000,90.000,-nan,-nan,-nan,0
1,2.20,3.370,0.5000,-31.103,-149.018,1.00000,90.000,-nan,-nan,-nan,0
1,2.20,3.380,0.5000,-31.079,-148.666,1.00000,90.000,-nan,-nan,-nan,0
1,2.20,3.390,0.5000,-31.055,-148.317,1.00000,90.000,-nan,-nan,-nan,0
1,2.20,3.400,0.5000,-31.032,-147.969,1.00000,90.000,-nan,-nan,-nan,0
1,2.20,3.410,0.5000,-31.008,-147.623,1.00000,90.000,-nan,-nan,-nan,0
1,2.20,3.420,0.5000,-30.985,-147.278,1.00000,90.000,-nan,-nan,-nan,0
1,2.20,3.430,0.5000,-30.962,-146.936,1.00000,90.000,-nan,-nan,-nan,0
1,2.20,3.440,0.5000,-30.939,-146.595,1.00000,90.000,-nan,-nan,-nan,0
1,2.20,3.450,0.5000,-30.916,-146.255,1.00000,90.000,-nan,-nan,-nan,0
1,2.20,3.460,0.5000,-30.893,-145.918,1.00000,90.000,-nan,-nan,-nan,0
1,2.20,3.470,0.5000,-30.871,-145.582,1.00000,90.000,-nan,-nan,-nan,0
1,2.20,3.480,0.5000,-30.848,-145.248,1.00000,90.000,-nan,-nan,-nan,0
1,2.20,3.490,0.5000,-30.826,-144.915,1.00000,90.000,-nan,-nan,-nan,0
1,2.20,3.500,0.5000,-30.803,-144.584,1.00000,90.000,-nan,-nan,-nan,0
1,2.20,3.510,0.5000,-30.781,-144.255,1.00000,90.000,-nan,-nan,-nan,0
1,2.20,3.520,0.5000,-30.759,-143.927,1.00000,90.000,-nan,-nan,-nan,0
1,2.20,3.530,0.5000,-30.737,-143.601,1.00000,90.000,-nan,-nan,-nan,0
1,2.20,3.540,0.5000,-30.715,-143.277,1.00000,90.000,-nan,-nan,-nan,0
1,2.20,3.550,0.5000,-30.693,-142.954,1.00000,90.000,-nan,-nan,-nan,0
1,2.20,3.560,0.5000,-30.671,-142.633,1.00000,90.000,-nan,-nan,-nan,0
1,2.20,3.570,0.5000,-30.650,-142.314,1.00000,90.000,-nan,-nan,-nan,0
1,2.20,3.580,0.5000,-30.628,-141.996,1.00000,90.000,-nan,-nan,-nan,0
1,2.20,3.590,0.5000,-30.607,-141.679,1.00000,90.000,-nan,-nan,-nan,0
1,2.20,3.600,0.5000,-30.586,-141.365,1.00000,90.000,-nan,-nan,-nan,0
1,2.20,3.610,0.5000,-30.565,-141.051,1.00000,90.000,-nan,-nan,-nan,0
1,2.20,3.620,0.5000,-30.544,-140.740,1.00000,90.000,-nan,-nan,-nan,0
1,2.20,3.630,0.5000,-30.523,-140.430,1.00000,90.000,-nan,-nan,-nan,0
1,2.20,3.640,0.5000,-30.502,-140.121,1.00000,90.000,-nan,-nan,-nan,0
1,2.20,3.650,0.5000,-30.481,-139.814,1.00000,90.000,-nan,-nan,-nan,0
1,2.20,3.660,0.5000,-30.460,-139.509,1.00000,90.000,-nan,-nan,-nan,0
1,2.20,3.670,0.5000,-30.440,-139.205,1.00000,90.000,-nan,-nan,-nan,0
1,2.20,3.680,0.5000,-30.419,-138.902,1.00000,90.000,-nan,-nan,-nan,0
1,2.20,3.690,0.5000,-30.399,-138.601,1.00000,90.000,-nan,-nan,-nan,0
1,2.20,3.700,0.5000,-30.379,-138.302,1.00000,90.000,-nan,-nan,-nan,0
1,2.20,3.710,0.5000,-30.359,-138.004,1.00000,90.000,-nan,-nan,-nan,0
1,2.20,3.720,0.5000,-30.339,-137.708,1.00000,90.000,-nan,-nan,-nan,0
1,2.20,3.730,0.5000,-30.319,-137.413,1.00000,90.000,-nan,-nan,-nan,0
1,2.20,3.740,0.5000,-30.299,-137.119,1.00000,90.000,-nan,-nan,-nan,0
1,2.20,3.750,0.5000,-30.279,-136.827,1.00000,90.000,-nan,-nan,-nan,0
1,2.20,3.760,0.5000,-30.260,-136.537,1.00000,90.000,-nan,-nan,-nan,0
1,2.20,3.770,0.5000,-30.240,-136.247,1.00000,90.000,-nan,-nan,-nan,0
1,2.20,3.780,0.5000,-30.221,-135.960,1.00000,90.000,-nan,-nan,-nan,0
1,2.20,3.790,0.5000,-30.201,-135.674,1.00000,90.000,-nan,-nan,-nan,0
1,2.20,3.800,0.5000,-30.182,-135.389,1.00000,90.000,-nan,-nan,-nan,0
1,2.20,3.810,0.5000,-30.163,-135.105,1.00000,90.000,-nan,-nan,-nan,0
1,2.20,3.820,0.5000,-30.144,-134.823,1.00000,90.000,-nan,-nan,-nan,0
1,2.20,3.830,0.5000,-30.125,-134.543,1.00000,90.000,-nan,-nan,-nan,0
1,2.20,3.840,0.5000,-30.106,-134.264,1.00000,90.000,-nan,-nan,-nan,0
1,2.20,3.850,0.5000,-30.087,-133.986,1.00000,90.000,-nan,-nan,-nan,0
1,2.20,3.860,0.5000,-30.069,-133.709,1.00000,90.000,-nan,-nan,-nan,0
1,2.20,3.870,0.5000,-30.050,-133.434,1.00000,90.000,-nan,-nan,-nan,0
1,2.20,3.880,0.5000,-30.032,-133.161,1.00000,90.000,-nan,-nan,-nan,0
1,2.20,3.890,0.5000,-30.013,-132.888,1.00000,90.000,-nan,-nan,-nan,0
1,2.20,3.900,0.5000,-29.995,-132.618,1.00000,90.000,-nan,-nan,-nan,0
1,2.20,3.910,0.5000,-29.977,-132.348,1.00000,90.000,-nan,-nan,-nan,0
1,2.20,3.920,0.5000,-29.959,-132.080,1.00000,90.000,-nan,-nan,-nan,0
1,2.20,3.930,0.5000,-29.941,-131.813,1.00000,90.000,-nan,-nan,-nan,0
1,2.20,3.940,0.5000,-29.923,-131.547,1.00000,90.000,-nan,-nan,-nan,0
1,2.20,3.950,0.5000,-29.905,-131.283,1.00000,90.000,-nan,-nan,-nan,0
1,2.20,3.960,0.5000,-29.887,-131.020,1.00000,90.000,-nan,-nan,-nan,0
1,2.20,3.970,0.5000,-29.869,-130.759,1.00000,90.000,-nan,-nan,-nan,0
1,2.20,3.980,0.5000,-29.852,-130.498,1.00000,90.000,-nan,-nan,-nan,0
1,2.20,3.990,0.5000,-29.834,-130.239,1.00000,90.000,-nan,-nan,-nan,0
1,2.20,4.000,0.5000,-29.817,-129.982,1.00000,90.000,-nan,-nan,-nan,0
1,2.20,4.010,0.5000,-29.800,-129.725,1.00000,90.000,-nan,-nan,-nan,0
1,2.20,4.020,0.5000,-29.782,-129.470,1.00000,90.000,-nan,-nan,-nan,0
1,2.20,4.030,0.5000,-29.765,-129.216,1.00000,90.000,-nan,-nan,-nan,0
1,2.20,4.040,0.5000,-29.748,-128.963,1.00000,90.000,-nan,-nan,-nan,0
1,2.20,4.050,0.5000,-29.731,-128.712,1.00000,90.000,-nan,-nan,-nan,0
1,2.20,4.060,0.5000,-29.714,-128.462,1.00000,90.000,-nan,-nan,-nan,0
1,2.20,4.070,0.5000,-29.698,-128.213,1.00000,90.000,-nan,-nan,-nan,0
1,2.20,4.080,0.5000,-29.681,-127.966,1.00000,90.000,-nan,-nan,-nan,0
1,2.20,4.090,0.5000,-29.664,-127.719,1.00000,90.000,-nan,-nan,-nan,0
1,2.20,4.100,0.5000,-29.648,-127.474,1.00000,90.000,-nan,-nan,-nan,0
1,2.20,4.110,0.5000,-29.631,-127.230,1.00000,90.000,-nan,-nan,-nan,0
1,2.20,4.120,0.5000,-29.615,-126.987,1.00000,90.000,-nan,-nan,-nan,0
1,2.20,4.130,0.5000,-29.599,-126.746,1.00000,90.000,-nan,-nan,-nan,0
1,2.20,4.140,0.5000,-29.582,-126.506,1.00000,90.000,-nan,-nan,-nan,0
1,2.20,4.150,0.5000,-29.566,-126.267,1.00000,90.000,-nan,-nan,-nan,0
1,2.20,4.160,0.5000,-29.550,-126.029,1.00000,90.000,-nan,-nan,-nan,0
1,2.20,4.170,0.5000,-29.534,-125.792,1.00000,90.000,-nan,-nan,-nan,0
1,2.20,4.180,0.5000,-29.518,-125.556,1.00000,90.000,-nan,-nan,-nan,0
1,2.20,4.190,0.5000,-29.502,-125.322,1.00000,90.000,-nan,-nan,-nan,0
1,2.20,4.200,0.5000,-29.487,-125.089,1.00000,90.000,-nan,-nan,-nan,0
1,2.20,4.210,0.5000,-29.471,-124.857,1.00000,90.000,-nan,-nan,-nan,0
1,2.20,4.220,0.5000,-29.455,-124.626,1.00000,90.000,-nan,-nan,-nan,0
1,2.20,4.230,0.5000,-29.440,-124.396,1.00000,90.000,-nan,-nan,-nan,0
1,2.20,4.240,0.5000,-29.424,-124.168,1.00000,90.000,-nan,-nan,-nan,0
1,2.20,4.250,0.5000,-29.409,-123.940,1.00000,90.000,-nan,-nan,-nan,0
1,2.20,4.260,0.5000,-29.394,-123.714,1.00000,90.000,-nan,-nan,-nan,0
1,2.20,4.270,0.5000,-29.379,-123.489,1.00000,90.000,-nan,-nan,-nan,0
1,2.20,4.280,0.5000,-29.363,-123.265,1.00000,90.000,-nan,-nan,-nan,0
1,2.20,4.290,0.5000,-29.348,-123.042,1.00000,90.000,-nan,-nan,-nan,0
1,2.20,4.300,0.5000,-29.333,-122.820,1.00000,90.000,-nan,-nan,-nan,0
1,2.20,4.310,0.5000,-29.318,-122.599,1.00000,90.000,-nan,-nan,-nan,0
1,2.20,4.320,0.5000,-29.304,-122.380,1.00000,90.000,-nan,-nan,-nan,0
1,2.20,4.330,0.5000,-29.289,-122.161,1.00000,90.000,-nan,-nan,-nan,0
1,2.20,4.340,0.5000,-29.274,-121.944,1.00000,90.000,-nan,-nan,-nan,0
1,2.20,4.350,0.5000,-29.260,-121.728,1.00000,90.000,-nan,-nan,-nan,0
1,2.20,4.360,0.5000,-29.245,-121.512,1.00000,90.000,-nan,-nan,-nan,0
1,2.20,4.370,0.5000,-29.231,-121.298,1.00000,90.000,-nan,-nan,-nan,0
1,2.20,4.380,0.5000,-29.216,-121.085,1.00000,90.000,-nan,-nan,-nan,0
1,2.20,4.390,0.5000,-29.202,-120.873,1.00000,90.000,-nan,-nan,-nan,0
1,2.20,4.400,0.5000,-29.188,-120.662,1.00000,90.000,-nan,-nan,-nan,0
1,2.20,4.410,0.5000,-29.173,-120.452,1.00000,90.000,-nan,-nan,-nan,0
1,2.20,4.420,0.5000,-29.159,-120.243,1.00000,90.000,-nan,-nan,-nan,0
1,2.20,4.430,0.5000,-29.145,-120.035,1.00000,90.000,-nan,-nan,-nan,0
1,2.20,4.440,0.5000,-29.131,-119.828,1.00000,90.000,-nan,-nan,-nan,0
1,2.20,4.450,0.5000,-29.117,-119.623,1.00000,90.000,-nan,-nan,-nan,0
1,2.20,4.460,0.5000,-29.104,-119.418,1.00000,90.000,-nan,-nan,-nan,0
1,2.20,4.470,0.5000,-29.090,-119.214,1.00000,90.000,-nan,-nan,-nan,0
1,2.20,4.480,0.5000,-29.076,-119.011,1.00000,90.000,-nan,-nan,-nan,0
1,2.20,4.490,0.5000,-29.063,-118.810,1.00000,90.000,-nan,-nan,-nan,0
1,2.20,4.500,0.5000,-29.049,-118.609,1.00000,90.000,-nan,-nan,-nan,0
1,2.20,4.510,0.5000,-29.036,-118.409,1.00000,90.000,-nan,-nan,-nan,0
1,2.20,4.520,0.5000,-29.022,-118.211,1.00000,90.000,-nan,-nan,-nan,0
1,2.20,4.530,0.5000,-29.009,-118.013,1.00000,90.000,-nan,-nan,-nan,0
1,2.20,4.540,0.5000,-28.995,-117.816,1.00000,90.000,-nan,-nan,-nan,0
1,2.20,4.550,0.5000,-28.982,-117.620,1.00000,90.000,-nan,-nan,-nan,0
1,2.20,4.560,0.5000,-28.969,-117.426,1.00000,90.000,-nan,-nan,-nan,0
1,2.20,4.570,0.5000,-28.956,-117.232,1.00000,90.000,-nan,-nan,-nan,0
1,2.20,4.580,0.5000,-28.943,-117.039,1.00000,90.000,-nan,-nan,-nan,0
1,2.20,4.590,0.5000,-28.930,-116.847,1.00000,90.000,-nan,-nan,-nan,0
1,2.20,4.600,0.5000,-28.917,-116.656,1.00000,90.000,-nan,-nan,-nan,0
1,2.20,4.610,0.5000,-28.904,-116.466,1.00000,90.000,-nan,-nan,-nan,0
1,2.20,4.620,0.5000,-28.892,-116.277,1.00000,90.000,-nan,-nan,-nan,0
1,2.20,4.630,0.5000,-28.879,-116.089,1.00000,90.000,-nan,-nan,-nan,0
1,2.20,4.640,0.5000,-28.866,-115.902,1.00000,90.000,-nan,-nan,-nan,0
1,2.20,4.650,0.5000,-28.854,-115.716,1.00000,90.000,-nan,-nan,-nan,0
1,2.20,4.660,0.5000,-28.841,-115.530,1.00000,90.000,-nan,-nan,-nan,0
1,2.20,4.670,0.5000,-28.829,-115.346,1.00000,90.000,-nan,-nan,-nan,0
1,2.20,4.680,0.5000,-28.816,-115.163,1.00000,90.000,-nan,-nan,-nan,0
1,2.20,4.690,0.5000,-28.804,-114.980,1.00000,90.000,-nan,-nan,-nan,0
1,2.20,4.700,0.5000,-28.792,-114.799,1.00000,90.000,-nan,-nan,-nan,0
1,2.20,4.710,0.5000,-28.779,-114.618,1.00000,90.000,-nan,-nan,-nan,0
1,2.20,4.720,0.5000,-28.767,-114.438,1.00000,90.000,-nan,-nan,-nan,0
1,2.20,4.730,0.5000,-28.755,-114.259,1.00000,90.000,-nan,-nan,-nan,0
1,2.20,4.740,0.5000,-28.743,-114.081,1.00000,90.000,-nan,-nan,-nan,0
1,2.20,4.750,0.5000,-28.731,-113.904,1.00000,90.000,-nan,-nan,-nan,0
1,2.20,4.760,0.5000,-28.719,-113.728,1.00000,90.000,-nan,-nan,-nan,0
1,2.20,4.770,0.5000,-28.708,-113.552,1.00000,90.000,-nan,-nan,-nan,0
1,2.20,4.780,0.5000,-28.696,-113.378,1.00000,90.000,-nan,-nan,-nan,0
1,2.20,4.790,0.5000,-28.684,-113.204,1.00000,90.000,-nan,-nan,-nan,0
1,2.20,4.800,0.5000,-28.672,-113.032,1.00000,90.000,-nan,-nan,-nan,0
1,2.20,4.810,0.5000,-28.661,-112.860,1.00000,90.000,-nan,-nan,-nan,0
1,2.20,4.820,0.5000,-28.649,-112.689,1.00000,90.000,-nan,-nan,-nan,0
1,2.20,4.830,0.5000,-28.638,-112.519,1.00000,90.000,-nan,-nan,-nan,0
1,2.20,4.840,0.5000,-28.626,-112.349,1.00000,90.000,-nan,-nan,-nan,0
1,2.20,4.850,0.5000,-28.615,-112.181,1.00000,90.000,-nan,-nan,-nan,0
1,2.20,4.860,0.5000,-28.604,-112.013,1.00000,90.000,-nan,-nan,-nan,0
1,2.20,4.870,0.5000,-28.592,-111.846,1.00000,90.000,-nan,-nan,-nan,0
1,2.20,4.880,0.5000,-28.581,-111.680,1.00000,90.000,-nan,-nan,-nan,0
1,2.20,4.890,0.5000,-28.570,-111.515,1.00000,90.000,-nan,-nan,-nan,0
1,2.20,4.900,0.5000,-28.559,-111.351,1.00000,90.000,-nan,-nan,-nan,0
1,2.20,4.910,0.5000,-28.548,-111.187,1.00000,90.000,-nan,-nan,-nan,0
1,2.20,4.920,0.5000,-28.537,-111.025,1.00000,90.000,-nan,-nan,-nan,0
1,2.20,4.930,0.5000,-28.526,-110.863,1.00000,90.000,-nan,-nan,-nan,0
1,2.20,4.940,0.5000,-28.515,-110.702,1.00000,90.000,-nan,-nan,-nan,0
1,2.20,4.950,0.5000,-28.504,-110.541,1.00000,90.000,-nan,-nan,-nan,0
1,2.20,4.960,0.5000,-28.493,-110.382,1.00000,90.000,-nan,-nan,-nan,0
1,2.20,4.970,0.5000,-28.483,-110.223,1.00000,90.000,-nan,-nan,-nan,0
1,2.20,4.980,0.5000,-28.472,-110.065,1.00000,90.000,-nan,-nan,-nan,0
1,2.20,4.990,0.5000,-28.461,-109.908,1.00000,90.000,-nan,-nan,-nan,0
1,2.20,5.000,0.5000,-28.451,-109.752,1.00000,90.000,-nan,-nan,-nan,0
1,2.20,5.010,0.5000,-28.440,-109.596,1.00000,90.000,-nan,-nan,-nan,0
1,2.20,5.020,0.5000,-28.430,-109.442,1.00000,90.000,-nan,-nan,-nan,0
1,2.20,5.030,0.5000,-28.420,-109.288,1.00000,90.000,-nan,-nan,-nan,0
1,2.20,5.040,0.5000,-28.409,-109.135,1.00000,90.000,-nan,-nan,-nan,0
1,2.20,5.050,0.5000,-28.399,-108.982,1.00000,90.000,-nan,-nan,-nan,0
1,2.20,5.060,0.5000,-28.389,-108.830,1.00000,90.000,-nan,-nan,-nan,0
1,2.20,5.070,0.5000,-28.378,-108.679,1.00000,90.000,-nan,-nan,-nan,0
1,2.20,5.080,0.5000,-28.368,-108.529,1.00000,90.000,-nan,-nan,-nan,0
1,2.20,5.090,0.5000,-28.358,-108.380,1.00000,90.000,-nan,-nan,-nan,0
1,2.20,5.100,0.5000,-28.348,-108.231,1.00000,90.000,-nan,-nan,-nan,0
1,2.20,5.110,0.5000,-28.338,-108.083,1.00000,90.000,-nan,-nan,-nan,0
1,2.20,5.120,0.5000,-28.328,-107.936,1.00000,90.000,-nan,-nan,-nan,0
1,2.20,5.130,0.5000,-28.318,-107.790,1.00000,90.000,-nan,-nan,-nan,0
1,2.20,5.140,0.5000,-28.309,-107.644,1.00000,90.000,-nan,-nan,-nan,0
1,2.20,5.150,0.5000,-28.299,-107.499,1.00000,90.000,-nan,-nan,-nan,0
1,2.20,5.160,0.5000,-28.289,-107.354,1.00000,90.000,-nan,-nan,-nan,0
1,2.20,5.170,0.5000,-28.279,-107.211,1.00000,90.000,-nan,-nan,-nan,0
1,2.20,5.180,0.5000,-28.270,-107.068,1.00000,90.000,-nan,-nan,-nan,0
1,2.20,5.190,0.5000,-28.260,-106.926,1.00000,90.000,-nan,-nan,-nan,0
1,2.20,5.200,0.5000,-28.250,-106.784,1.00000,90.000,-nan,-nan,-nan,0
1,2.20,5.210,0.5000,-28.241,-106.644,1.00000,90.000,-nan,-nan,-nan,0
1,2.20,5.220,0.5000,-28.232,-106.504,1.00000,90.000,-nan,-nan,-nan,0
1,2.20,5.230,0.5000,-28.222,-106.364,1.00000,90.000,-nan,-nan,-nan,0
1,2.20,5.240,0.5000,-28.213,-106.226,1.00000,90.000,-nan,-nan,-nan,0
1,2.20,5.250,0.5000,-28.203,-106.088,1.00000,90.000,-nan,-nan,-nan,0
1,2.20,5.260,0.5000,-28.194,-105.951,1.00000,90.000,-nan,-nan,-nan,0
1,2.20,5.270,0.5000,-28.185,-105.814,1.00000,90.000,-nan,-nan,-nan,0
1,2.20,5.280,0.5000,-28.176,-105.678,1.00000,90.000,-nan,-nan,-nan,0
1,2.20,5.290,0.5000,-28.167,-105.543,1.00000,90.000,-nan,-nan,-nan,0
1,2.20,5.300,0.5000,-28.158,-105.408,1.00000,90.000,-nan,-nan,-nan,0
1,2.20,5.310,0.5000,-28.149,-105.274,1.00000,90.000,-nan,-nan,-nan,0
1,2.20,5.320,0.5000,-28.140,-105.141,1.00000,90.000,-nan,-nan,-nan,0
1,2.20,5.330,0.5000,-28.131,-105.009,1.00000,90.000,-nan,-nan,-nan,0
1,2.20,5.340,0.5000,-28.122,-104.877,1.00000,90.000,-nan,-nan,-nan,0
1,2.20,5.350,0.5000,-28.113,-104.746,1.00000,90.000,-nan,-nan,-nan,0
1,2.20,5.360,0.5000,-28.104,-104.615,1.00000,90.000,-nan,-nan,-nan,0
1,2.20,5.370,0.5000,-28.095,-104.485,1.00000,90.000,-nan,-nan,-nan,0
1,2.20,5.380,0.5000,-28.086,-104.356,1.00000,90.000,-nan,-nan,-nan,0
1,2.20,5.390,0.5000,-28.078,-104.227,1.00000,90.000,-nan,-nan,-nan,0
1,2.20,5.400,0.5000,-28.069,-104.099,1.00000,90.000,-nan,-nan,-nan,0
1,2.20,5.410,0.5000,-28.061,-103.972,1.00000,90.000,-nan,-nan,-nan,0
1,2.20,5.420,0.5000,-28.052,-103.845,1.00000,90.000,-nan,-nan,-nan,0
1,2.20,5.430,0.5000,-28.043,-103.719,1.00000,90.000,-nan,-nan,-nan,0
1,2.20,5.440,0.5000,-28.035,-103.594,1.00000,90.000,-nan,-nan,-nan,0
1,2.20,5.450,0.5000,-28.027,-103.469,1.00000,90.000,-nan,-nan,-nan,0
1,2.20,5.460,0.5000,-28.018,-103.345,1.00000,90.000,-nan,-nan,-nan,0
1,2.20,5.470,0.5000,-28.010,-103.221,1.00000,90.000,-nan,-nan,-nan,0
1,2.20,5.480,0.5000,-28.002,-103.098,1.00000,90.000,-nan,-nan,-nan,0
1,2.20,5.490,0.5000,-27.993,-102.976,1.00000,90.000,-nan,-nan,-nan,0
1,2.20,5.500,0.5000,-27.985,-102.854,1.00000,90.000,-nan,-nan,-nan,0
1,2.20,5.510,0.5000,-27.977,-102.733,1.00000,90.000,-nan,-nan,-nan,0
1,2.20,5.520,0.5000,-27.969,-102.613,1.00000,90.000,-nan,-nan,-nan,0
1,2.20,5.530,0.5000,-27.961,-102.493,1.00000,90.000,-nan,-nan,-nan,0
1,2.20,5.540,0.5000,-27.953,-102.373,1.00000,90.000,-nan,-nan,-nan,0
1,2.20,5.550,0.5000,-27.945,-102.255,1.00000,90.000,-nan,-nan,-nan,0
1,2.20,5.560,0.5000,-27.937,-102.136,1.00000,90.000,-nan,-nan,-nan,0
1,2.20,5.570,0.5000,-27.929,-102.019,1.00000,90.000,-nan,-nan,-nan,0
1,2.20,5.580,0.5000,-27.921,-101.902,1.00000,90.000,-nan,-nan,-nan,0
1,2.20,5.590,0.5000,-27.913,-101.786,1.00000,90.000,-nan,-nan,-nan,0
1,2.20,5.600,0.5000,-27.905,-101.670,1.00000,90.000,-nan,-nan,-nan,0
1,2.20,5.610,0.5000,-27.897,-101.555,1.00000,90.000,-nan,-nan,-nan,0
1,2.20,5.620,0.5000,-27.890,-101.440,1.00000,90.000,-nan,-nan,-nan,0
1,2.20,5.630,0.5000,-27.882,-101.326,1.00000,90.000,-nan,-nan,-nan,0
1,2.20,5.640,0.5000,-27.874,-101.212,1.00000,90.000,-nan,-nan,-nan,0
1,2.20,5.650,0.5000,-27.867,-101.099,1.00000,90.000,-nan,-nan,-nan,0
1,2.20,5.660,0.5000,-27.859,-100.987,1.00000,90.000,-nan,-nan,-nan,0
1,2.20,5.670,0.5000,-27.851,-100.875,1.00000,90.000,-nan,-nan,-nan,0
1,2.20,5.680,0.5000,-27.844,-100.764,1.00000,90.000,-nan,-nan,-nan,0
1,2.20,5.690,0.5000,-27.836,-100.653,1.00000,90.000,-nan,-nan,-nan,0
1,2.20,5.700,0.5000,-27.829,-100.543,1.00000,90.000,-nan,-nan,-nan,0
1,2.20,5.710,0.5000,-27.822,-100.433,1.00000,90.000,-nan,-nan,-nan,0
1,2.20,5.720,0.5000,-27.814,-100.324,1.00000,90.000,-nan,-nan,-nan,0
1,2.20,5.730,0.5000,-27.807,-100.216,1.00000,90.000,-nan,-nan,-nan,0
1,2.20,5.740,0.5000,-27.800,-100.108,1.00000,90.000,-nan,-nan,-nan,0
1,2.20,5.750,0.5000,-27.792,-100.001,1.00000,90.000,-nan,-nan,-nan,0
1,2.20,5.760,0.5000,-27.785,-99.894,1.00000,90.000,-nan,-nan,-nan,0
1,2.20,5.770,0.5000,-27.778,-99.787,1.00000,90.000,-nan,-nan,-nan,0
1,2.20,5.780,0.5000,-27.771,-99.681,1.00000,90.000,-nan,-nan,-nan,0
1,2.20,5.790,0.5000,-27.764,-99.576,1.00000,90.000,-nan,-nan,-nan,0
1,2.20,5.800,0.5000,-27.757,-99.471,1.00000,90.000,-nan,-nan,-nan,0
1,2.20,5.810,0.5000,-27.750,-99.367,1.00000,90.000,-nan,-nan,-nan,0
1,2.20,5.820,0.5000,-27.743,-99.263,1.00000,90.000,-nan,-nan,-nan,0
1,2.20,5.830,0.5000,-27.736,-99.160,1.00000,90.000,-nan,-nan,-nan,0
1,2.20,5.840,0.5000,-27.729,-99.057,1.00000,90.000,-nan,-nan,-nan,0
1,2.20,5.850,0.5000,-27.722,-98.955,1.00000,90.000,-nan,-nan,-nan,0
1,2.20,5.860,0.5000,-27.715,-98.854,1.00000,90.000,-nan,-nan,-nan,0
1,2.20,5.870,0.5000,-27.708,-98.752,1.00000,90.000,-nan,-nan,-nan,0
1,2.20,5.880,0.5000,-27.701,-98.652,1.00000,90.000,-nan,-nan,-nan,0
1,2.20,5.890,0.5000,-27.695,-98.552,1.00000,90.000,-nan,-nan,-nan,0
1,2.20,5.900,0.5000,-27.688,-98.452,1.00000,90.000,-nan,-nan,-nan,0
1,2.20,5.910,0.5000,-27.681,-98.353,1.00000,90.000,-nan,-nan,-nan,0
1,2.20,5.920,0.5000,-27.674,-98.254,1.00000,90.000,-nan,-nan,-nan,0
1,2.20,5.930,0.5000,-27.668,-98.156,1.00000,90.000,-nan,-nan,-nan,0
1,2.20,5.940,0.5000,-27.661,-98.058,1.00000,90.000,-nan,-nan,-nan,0
1,2.20,5.950,0.5000,-27.655,-97.961,1.00000,90.000,-nan,-nan,-nan,0
1,2.20,5.960,0.5000,-27.648,-97.864,1.00000,90.000,-nan,-nan,-nan,0
1,2.20,5.970,0.5000,-27.642,-97.768,1.00000,90.000,-nan,-nan,-nan,0
1,2.20,5.980,0.5000,-27.635,-97.672,1.00000,90.000,-nan,-nan,-nan,0
1,2.20,5.990,0.5000,-27.629,-97.577,1.00000,90.000,-nan,-nan,-nan,0
1,2.20,6.000,0.5000,-27.622,-97.482,1.00000,90.000,-nan,-nan,-nan,0
1,2.20,6.010,0.5000,-27.616,-97.388,1.00000,90.000,-nan,-nan,-nan,0
1,2.20,6.020,0.5000,-27.610,-97.294,1.00000,90.000,-nan,-nan,-nan,0
1,2.20,6.030,0.5000,-27.603,-97.201,1.00000,90.000,-nan,-nan,-nan,0
1,2.20,6.040,0.5000,-27.597,-97.108,1.00000,90.000,-nan,-nan,-nan,0
1,2.20,6.050,0.5000,-27.591,-97.015,1.00000,90.000,-nan,-nan,-nan,0
1,2.20,6.060,0.5000,-27.585,-96.923,1.00000,90.000,-nan,-nan,-nan,0
1,2.20,6.070,0.5000,-27.578,-96.832,1.00000,90.000,-nan,-nan,-nan,0
1,2.20,6.080,0.5000,-27.572,-96.741,1.00000,90.000,-nan,-nan,-nan,0
1,2.20,6.090,0.5000,-27.566,-96.650,1.00000,90.000,-nan,-nan,-nan,0
1,2.20,6.100,0.5000,-27.560,-96.560,1.00000,90.000,-nan,-nan,-nan,0
1,2.20,6.110,0.5000,-27.554,-96.470,1.00000,90.000,-nan,-nan,-nan,0
1,2.20,6.120,0.5000,-27.548,-96.381,1.00000,90.000,-nan,-nan,-nan,0
1,2.20,6.130,0.5000,-27.542,-96.292,1.00000,90.000,-nan,-nan,-nan,0
1,2.20,6.140,0.5000,-27.536,-96.203,1.00000,90.000,-nan,-nan,-nan,0
1,2.20,6.150,0.5000,-27.530,-96.116,1.00000,90.000,-nan,-nan,-nan,0
1,2.20,6.160,0.5000,-27.524,-96.028,1.00000,90.000,-nan,-nan,-nan,0
1,2.20,6.170,0.5000,-27.518,-95.941,1.00000,90.000,-nan,-nan,-nan,0
1,2.20,6.180,0.5000,-27.512,-95.854,1.00000,90.000,-nan,-nan,-nan,0
1,2.20,6.190,0.5000,-27.507,-95.768,1.00000,90.000,-nan,-nan,-nan,0
1,2.20,6.200,0.5000,-27.501,-95.682,1.00000,90.000,-nan,-nan,-nan,0
1,2.20,6.210,0.5000,-27.495,-95.597,1.00000,90.000,-nan,-nan,-nan,0
1,2.20,6.220,0.5000,-27.489,-95.512,1.00000,90.000,-nan,-nan,-nan,0
1,2.20,6.230,0.5000,-27.484,-95.427,1.00000,90.000,-nan,-nan,-nan,0
1,2.20,6.240,0.5000,-27.478,-95.343,1.00000,90.000,-nan,-nan,-nan,0
1,2.20,6.250,0.5000,-27.472,-95.260,1.00000,90.000,-nan,-nan,-nan,0
1,2.20,6.260,0.5000,-27.467,-95.176,1.00000,90.000,-nan,-nan,-nan,0
1,2.20,6.270,0.5000,-27.461,-95.094,1.00000,90.000,-nan,-nan,-nan,0
1,2.20,6.280,0.5000,-27.455,-95.011,1.00000,90.000,-nan,-nan,-nan,0
1,2.20,6.290,0.5000,-27.450,-94.929,1.00000,90.000,-nan,-nan,-nan,0
1,2.20,6.300,0.5000,-27.444,-94.848,1.00000,90.000,-nan,-nan,-nan,0
1,2.20,6.310,0.5000,-27.439,-94.766,1.00000,90.000,-nan,-nan,-nan,0
1,2.20,6.320,0.5000,-27.433,-94.686,1.00000,90.000,-nan,-nan,-nan,0
1,2.20,6.330,0.5000,-27.428,-94.605,1.00000,90.000,-nan,-nan,-nan,0
1,2.20,6.340,0.5000,-27.423,-94.525,1.00000,90.000,-nan,-nan,-nan,0
1,2.20,6.350,0.5000,-27.417,-94.446,1.00000,90.000,-nan,-nan,-nan,0
1,2.20,6.360,0.5000,-27.412,-94.366,1.00000,90.000,-nan,-nan,-nan,0
1,2.20,6.370,0.5000,-27.407,-94.288,1.00000,90.000,-nan,-nan,-nan,0
1,2.20,6.380,0.5000,-27.401,-94.209,1.00000,90.000,-nan,-nan,-nan,0
1,2.20,6.390,0.5000,-27.396,-94.131,1.00000,90.000,-nan,-nan,-nan,0
1,2.20,6.400,0.5000,-27.391,-94.054,1.00000,90.000,-nan,-nan,-nan,0
1,2.20,6.410,0.5000,-27.386,-93.976,1.00000,90.000,-nan,-nan,-nan,0
1,2.20,6.420,0.5000,-27.380,-93.900,1.00000,90.000,-nan,-nan,-nan,0
1,2.20,6.430,0.5000,-27.375,-93.823,1.00000,90.000,-nan,-nan,-nan,0
1,2.20,6.440,0.5000,-27.370,-93.747,1.00000,90.000,-nan,-nan,-nan,0
1,2.20,6.450,0.5000,-27.365,-93.671,1.00000,90.000,-nan,-nan,-nan,0
1,2.20,6.460,0.5000,-27.360,-93.596,1.00000,90.000,-nan,-nan,-nan,0
1,2.20,6.470,0.5000,-27.355,-93.521,1.00000,90.000,-nan,-nan,-nan,0
1,2.20,6.480,0.5000,-27.350,-93.446,1.00000,90.000,-nan,-nan,-nan,0
1,2.20,6.490,0.5000,-27.345,-93.372,1.00000,90.000,-nan,-nan,-nan,0
1,2.20,6.500,0.5000,-27.340,-93.298,1.00000,90.000,-nan,-nan,-nan,0
1,2.20,6.510,0.5000,-27.335,-93.225,1.00000,90.000,-nan,-nan,-nan,0
1,2.20,6.520,0.5000,-27.330,-93.152,1.00000,90.000,-nan,-nan,-nan,0
1,2.20,6.530,0.5000,-27.325,-93.079,1.00000,90.000,-nan,-nan,-nan,0
1,2.20,6.540,0.5000,-27.320,-93.007,1.00000,90.000,-nan,-nan,-nan,0
1,2.20,6.550,0.5000,-27.315,-92.935,1.00000,90.000,-nan,-nan,-nan,0
1,2.20,6.560,0.5000,-27.310,-92.863,1.00000,90.000,-nan,-nan,-nan,0
1,2.20,6.570,0.5000,-27.306,-92.792,1.00000,90.000,-nan,-nan,-nan,0
1,2.20,6.580,0.5000,-27.301,-92.721,1.00000,90.000,-nan,-nan,-nan,0
1,2.20,6.590,0.5000,-27.296,-92.650,1.00000,90.000,-nan,-nan,-nan,0
1,2.20,6.600,0.5000,-27.291,-92.580,1.00000,90.000,-nan,-nan,-nan,0
1,2.20,6.610,0.5000,-27.287,-92.510,1.00000,90.000,-nan,-nan,-nan,0
1,2.20,6.620,0.5000,-27.282,-92.441,1.00000,90.000,-nan,-nan,-nan,0
1,2.20,6.630,0.5000,-27.277,-92.371,1.00000,90.000,-nan,-nan,-nan,0
1,2.20,6.640,0.5000,-27.273,-92.303,1.00000,90.000,-nan,-nan,-nan,0
1,2.20,6.650,0.5000,-27.268,-92.234,1.00000,90.000,-nan,-nan,-nan,0
1,2.20,6.660,0.5000,-27.263,-92.166,1.00000,90.000,-nan,-nan,-nan,0
1,2.20,6.670,0.5000,-27.259,-92.098,1.00000,90.000,-nan,-nan,-nan,0
1,2.20,6.680,0.5000,-27.254,-92.031,1.00000,90.000,-nan,-nan,-nan,0
1,2.20,6.690,0.5000,-27.250,-91.963,1.00000,90.000,-nan,-nan,-nan,0
1,2.20,6.700,0.5000,-27.245,-91.897,1.00000,90.000,-nan,-nan,-nan,0
1,2.20,6.710,0.5000,-27.241,-91.830,1.00000,90.000,-nan,-nan,-nan,0
1,2.20,6.720,0.5000,-27.236,-91.764,1.00000,90.000,-nan,-nan,-nan,0
1,2.20,6.730,0.5000,-27.232,-91.698,1.00000,90.000,-nan,-nan,-nan,0
1,2.20,6.740,0.5000,-27.227,-91.633,1.00000,90.000,-nan,-nan,-nan,0
1,2.20,6.750,0.5000,-27.223,-91.568,1.00000,90.000,-nan,-nan,-nan,0
1,2.20,6.760,0.5000,-27.218,-91.503,1.00000,90.000,-nan,-nan,-nan,0
1,2.20,6.770,0.5000,-27.214,-91.438,1.00000,90.000,-nan,-nan,-nan,0
1,2.20,6.780,0.5000,-27.210,-91.374,1.00000,90.000,-nan,-nan,-nan,0
1,2.20,6.790,0.5000,-27.205,-91.310,1.00000,90.000,-nan,-nan,-nan,0
1,2.20,6.800,0.5000,-27.201,-91.247,1.00000,90.000,-nan,-nan,-nan,0
1,2.20,6.810,0.5000,-27.197,-91.183,1.00000,90.000,-nan,-nan,-nan,0
1,2.20,6.820,0.5000,-27.193,-91.120,1.00000,90.000,-nan,-nan,-nan,0
1,2.20,6.830,0.5000,-27.188,-91.058,1.00000,90.000,-nan,-nan,-nan,0
1,2.20,6.840,0.5000,-27.184,-90.996,1.00000,90.000,-nan,-nan,-nan,0
1,2.20,6.850,0.5000,-27.180,-90.934,1.00000,90.000,-nan,-nan,-nan,0
1,2.20,6.860,0.5000,-27.176,-90.872,1.00000,90.000,-nan,-nan,-nan,0
1,2.20,6.870,0.5000,-27.172,-90.811,1.00000,90.000,-nan,-nan,-nan,0
1,2.20,6.880,0.5000,-27.168,-90.750,1.00000,90.000,-nan,-nan,-nan,0
1,2.20,6.890,0.5000,-27.164,-90.689,1.00000,90.000,-nan,-nan,-nan,0
1,2.20,6.900,0.5000,-27.159,-90.628,1.00000,90.000,-nan,-nan,-nan,0
1,2.20,6.910,0.5000,-27.155,-90.568,1.00000,90.000,-nan,-nan,-nan,0
1,2.20,6.920,0.5000,-27.151,-90.508,1.00000,90.000,-nan,-nan,-nan,0
1,2.20,6.930,0.5000,-27.147,-90.449,1.00000,90.000,-nan,-nan,-nan,0
1,2.20,6.940,0.5000,-27.143,-90.389,1.00000,90.000,-nan,-nan,-nan,0
1,2.20,6.950,0.5000,-27.139,-90.331,1.00000,90.000,-nan,-nan,-nan,0
1,2.20,6.960,0.5000,-27.135,-90.272,1.00000,90.000,-nan,-nan,-nan,0
1,2.20,6.970,0.5000,-27.131,-90.213,1.00000,90.000,-nan,-nan,-nan,0
1,2.20,6.980,0.5000,-27.127,-90.155,1.00000,90.000,-nan,-nan,-nan,0
1,2.20,6.990,0.5000,-27.124,-90.098,1.00000,90.000,-nan,-nan,-nan,0
1,2.20,7.000,0.5000,-27.120,-90.040,1.00000,90.000,-nan,-nan,-nan,0
1,2.20,7.010,0.5000,-27.116,-89.983,1.00000,90.000,-nan,-nan,-nan,0
1,2.20,7.020,0.5000,-27.112,-89.926,1.00000,90.000,-nan,-nan,-nan,0
1,2.20,7.030,0.5000,-27.108,-89.869,1.00000,90.000,-nan,-nan,-nan,0
1,2.20,7.040,0.5000,-27.104,-89.813,1.00000,90.000,-nan,-nan,-nan,0
1,2.20,7.050,0.5000,-27.101,-89.757,1.00000,90.000,-nan,-nan,-nan,0
1,2.20,7.060,0.5000,-27.097,-89.701,1.00000,90.000,-nan,-nan,-nan,0
1,2.20,7.070,0.5000,-27.093,-89.646,1.00000,90.000,-nan,-nan,-nan,0
1,2.20,7.080,0.5000,-27.089,-89.590,1.00000,90.000,-nan,-nan,-nan,0
1,2.20,7.090,0.5000,-27.086,-89.535,1.00000,90.000,-nan,-nan,-nan,0
1,2.20,7.100,0.5000,-27.082,-89.481,1.00000,90.000,-nan,-nan,-nan,0
1,2.20,7.110,0.5000,-27.078,-89.426,1.00000,90.000,-nan,-nan,-nan,0
1,2.20,7.120,0.5000,-27.075,-89.372,1.00000,90.000,-nan,-nan,-nan,0
1,2.20,7.130,0.5000,-27.071,-89.318,1.00000,90.000,-nan,-nan,-nan,0
1,2.20,7.140,0.5000,-27.067,-89.265,1.00000,90.000,-nan,-nan,-nan,0
1,2.20,7.150,0.5000,-27.064,-89.211,1.00000,90.000,-nan,-nan,-nan,0
1,2.20,7.160,0.5000,-27.060,-89.158,1.00000,90.000,-nan,-nan,-nan,0
1,2.20,7.170,0.5000,-27.057,-89.105,1.00000,90.000,-nan,-nan,-nan,0
1,2.20,7.180,0.5000,-27.053,-89.053,1.00000,90.000,-nan,-nan,-nan,0
1,2.20,7.190,0.5000,-27.050,-89.000,1.00000,90.000,-nan,-nan,-nan,0
1,2.20,7.200,0.5000,-27.046,-88.948,1.00000,90.000,-nan,-nan,-nan,0
1,2.20,7.210,0.5000,-27.042,-88.897,1.00000,90.000,-nan,-nan,-nan,0
1,2.20,7.220,0.5000,-27.039,-88.845,1.00000,90.000,-nan,-nan,-nan,0
1,2.20,7.230,0.5000,-27.036,-88.794,1.00000,90.000,-nan,-nan,-nan,0
1,2.20,7.240,0.5000,-27.032,-88.743,1.00000,90.000,-nan,-nan,-nan,0
1,2.20,7.250,0.5000,-27.029,-88.692,1.00000,90.000,-nan,-nan,-nan,0
1,2.20,7.260,0.5000,-27.025,-88.642,1.00000,90.000,-nan,-nan,-nan,0
1,2.20,7.270,0.5000,-27.022,-88.591,1.00000,90.000,-nan,-nan,-nan,0
1,2.20,7.280,0.5000,-27.019,-88.541,1.00000,90.000,-nan,-nan,-nan,0
1,2.20,7.290,0.5000,-27.015,-88.492,1.00000,90.000,-nan,-nan,-nan,0
1,2.20,7.300,0.5000,-27.012,-88.442,1.00000,90.000,-nan,-nan,-nan,0
1,2.20,7.310,0.5000,-27.008,-88.393,1.00000,90.000,-nan,-nan,-nan,0
1,2.20,7.320,0.5000,-27.005,-88.344,1.00000,90.000,-nan,-nan,-nan,0
1,2.20,7.330,0.5000,-27.002,-88.295,1.00000,90.000,-nan,-nan,-nan,0
1,2.20,7.340,0.5000,-26.999,-88.247,1.00000,90.000,-nan,-nan,-nan,0
1,2.20,7.350,0.5000,-26.995,-88.198,1.00000,90.000,-nan,-nan,-nan,0
1,2.20,7.360,0.5000,-26.992,-88.150,1.00000,90.000,-nan,-nan,-nan,0
1,2.20,7.370,0.5000,-26.989,-88.103,1.00000,90.000,-nan,-nan,-nan,0
1,2.20,7.380,0.5000,-26.986,-88.055,1.00000,90.000,-nan,-nan,-nan,0
1,2.20,7.390,0.5000,-26.982,-88.008,1.00000,90.000,-nan,-nan,-nan,0
1,2.20,7.400,0.5000,-26.979,-87.961,1.00000,90.000,-nan,-nan,-nan,0
1,2.20,7.410,0.5000,-26.976,-87.914,1.00000,90.000,-nan,-nan,-nan,0
1,2.20,7.420,0.5000,-26.973,-87.867,1.00000,90.000,-nan,-nan,-nan,0
1,2.20,7.430,0.5000,-26.970,-87.821,1.00000,90.000,-nan,-nan,-nan,0
1,2.20,7.440,0.5000,-26.967,-87.775,1.00000,90.000,-nan,-nan,-nan,0
1,2.20,7.450,0.5000,-26.964,-87.729,1.00000,90.000,-nan,-nan,-nan,0
1,2.20,7.460,0.5000,-26.961,-87.683,1.00000,90.000,-nan,-nan,-nan,0
1,2.20,7.470,0.5000,-26.957,-87.638,1.00000,90.000,-nan,-nan,-nan,0
1,2.20,7.480,0.5000,-26.954,-87.592,1.00000,90.000,-nan,-nan,-nan,0
1,2.20,7.490,0.5000,-26.951,-87.547,1.00000,90.000,-nan,-nan,-nan,0
1,2.20,7.500,0.5000,-26.948,-87.503,1.00000,90.000,-nan,-nan,-nan,0
1,2.20,7.510,0.5000,-26.945,-87.458,1.00000,90.000,-nan,-nan,-nan,0
1,2.20,7.520,0.5000,-26.942,-87.414,1.00000,90.000,-nan,-nan,-nan,0
1,2.20,7.530,0.5000,-26.939,-87.370,1.00000,90.000,-nan,-nan,-nan,0
1,2.20,7.540,0.5000,-26.936,-87.326,1.00000,90.000,-nan,-nan,-nan,0
1,2.20,7.550,0.5000,-26.933,-87.282,1.00000,90.000,-nan,-nan,-nan,0
1,2.20,7.560,0.5000,-26.931,-87.239,1.00000,90.000,-nan,-nan,-nan,0
1,2.20,7.570,0.5000,-26.928,-87.195,1.00000,90.000,-nan,-nan,-nan,0
1,2.20,7.580,0.5000,-26.925,-87.152,1.00000,90.000,-nan,-nan,-nan,0
1,2.20,7.590,0.5000,-26.922,-87.109,1.00000,90.000,-nan,-nan,-nan,0
1,2.20,7.600,0.5000,-26.919,-87.067,1.00000,90.000,-nan,-nan,-nan,0
1,2.20,7.610,0.5000,-26.916,-87.024,1.00000,90.000,-nan,-nan,-nan,0
1,2.20,7.620,0.5000,-26.913,-86.982,1.00000,90.000,-nan,-nan,-nan,0
1,2.20,7.630,0.5000,-26.910,-86.940,1.00000,90.000,-nan,-nan,-nan,0
1,2.20,7.640,0.5000,-26.908,-86.899,1.00000,90.000,-nan,-nan,-nan,0
1,2.20,7.650,0.5000,-26.905,-86.857,1.00000,90.000,-nan,-nan,-nan,0
1,2.20,7.660,0.5000,-26.902,-86.816,1.00000,90.000,-nan,-nan,-nan,0
1,2.20,7.670,0.5000,-26.899,-86.775,1.00000,90.000,-nan,-nan,-nan,0
1,2.20,7.680,0.5000,-26.896,-86.734,1.00000,90.000,-nan,-nan,-nan,0
1,2.20,7.690,0.5000,-26.894,-86.693,1.00000,90.000,-nan,-nan,-nan,0
1,2.20,7.700,0.5000,-26.891,-86.652,1.00000,90.000,-nan,-nan,-nan,0
1,2.20,7.710,0.5000,-26.888,-86.612,1.00000,90.000,-nan,-nan,-nan,0
1,2.20,7.720,0.5000,-26.885,-86.572,1.00000,90.000,-nan,-nan,-nan,0
1,2.20,7.730,0.5000,-26.883,-86.532,1.00000,90.000,-nan,-nan,-nan,0
1,2.20,7.740,0.5000,-26.880,-86.492,1.00000,90.000,-nan,-nan,-nan,0
1,2.20,7.750,0.5000,-26.877,-86.453,1.00000,90.000,-nan,-nan,-nan,0
1,2.20,7.760,0.5000,-26.875,-86.413,1.00000,90.000,-nan,-nan,-nan,0
1,2.20,7.770,0.5000,-26.872,-86.374,1.00000,90.000,-nan,-nan,-nan,0
1,2.20,7.780,0.5000,-26.870,-86.335,1.00000,90.000,-nan,-nan,-nan,0
1,2.20,7.790,0.5000,-26.867,-86.297,1.00000,90.000,-nan,-nan,-nan,0
1,2.20,7.800,0.5000,-26.864,-86.258,1.00000,90.000,-nan,-nan,-nan,0
1,2.20,7.810,0.5000,-26.862,-86.220,1.00000,90.000,-nan,-nan,-nan,0
1,2.20,7.820,0.5000,-26.859,-86.182,1.00000,90.000,-nan,-nan,-nan,0
1,2.20,7.830,0.5000,-26.857,-86.144,1.00000,90.000,-nan,-nan,-nan,0
1,2.20,7.840,0.5000,-26.854,-86.106,1.00000,90.000,-nan,-nan,-nan,0
1,2.20,7.850,0.5000,-26.851,-86.068,1.00000,90.000,-nan,-nan,-nan,0
1,2.20,7.860,0.5000,-26.849,-86.031,1.00000,90.000,-nan,-nan,-nan,0
1,2.20,7.870,0.5000,-26.846,-85.994,1.00000,90.000,-nan,-nan,-nan,0
1,2.20,7.880,0.5000,-26.844,-85.957,1.00000,90.000,-nan,-nan,-nan,0
1,2.20,7.890,0.5000,-26.841,-85.920,1.00000,90.000,-nan,-nan,-nan,0
1,2.20,7.900,0.5000,-26.839,-85.883,1.00000,90.000,-nan,-nan,-nan,0
1,2.20,7.910,0.5000,-26.837,-85.847,1.00000,90.000,-nan,-nan,-nan,0
1,2.20,7.920,0.5000,-26.834,-85.810,1.00000,90.000,-nan,-nan,-nan,0
1,2.20,7.930,0.5000,-26.832,-85.774,1.00000,90.000,-nan,-nan,-nan,0
1,2.20,7.940,0.5000,-26.829,-85.738,1.00000,90.000,-nan,-nan,-nan,0
1,2.20,7.950,0.5000,-26.827,-85.702,1.00000,90.000,-nan,-nan,-nan,0
1,2.20,7.960,0.5000,-26.824,-85.667,1.00000,90.000,-nan,-nan,-nan,0
1,2.20,7.970,0.5000,-26.822,-85.631,1.00000,90.000,-nan,-nan,-nan,0
1,2.20,7.980,0.5000,-26.820,-85.596,1.00000,90.000,-nan,-nan,-nan,0
1,2.20,7.990,0.5000,-26.817,-85.561,1.00000,90.000,-nan,-nan,-nan,0
1,2.20,8.000,0.5000,-26.815,-85.526,1.00000,90.000,-nan,-nan,-nan,0
1,2.20,8.010,0.5000,-26.813,-85.492,1.00000,90.000,-nan,-nan,-nan,0
1,2.20,8.020,0.5000,-26.810,-85.457,1.00000,90.000,-nan,-nan,-nan,0
1,2.20,8.030,0.5000,-26.808,-85.423,1.00000,90.000,-nan,-nan,-nan,0
1,2.20,8.040,0.5000,-26.806,-85.389,1.00000,90.000,-nan,-nan,-nan,0
1,2.20,8.050,0.5000,-26.803,-85.355,1.00000,90.000,-nan,-nan,-nan,0
1,2.20,8.060,0.5000,-26.801,-85.321,1.00000,90.000,-nan,-nan,-nan,0
1,2.20,8.070,0.5000,-26.799,-85.287,1.00000,90.000,-nan,-nan,-nan,0
1,2.20,8.080,0.5000,-26.796,-85.253,1.00000,90.000,-nan,-nan,-nan,0
1,2.20,8.090,0.5000,-26.794,-85.220,1.00000,90.000,-nan,-nan,-nan,0
1,2.20,8.100,0.5000,-26.792,-85.187,1.00000,90.000,-nan,-nan,-nan,0
1,2.20,8.110,0.5000,-26.790,-85.154,1.00000,90.000,-nan,-nan,-nan,0
1,2.20,8.120,0.5000,-26.788,-85.121,1.00000,90.000,-nan,-nan,-nan,0
1,2.20,8.130,0.5000,-26.785,-85.088,1.00000,90.000,-nan,-nan,-nan,0
1,2.20,8.140,0.5000,-26.783,-85.056,1.00000,90.000,-nan,-nan,-nan,0
1,2.20,8.150,0.5000,-26.781,-85.024,1.00000,90.000,-nan,-nan,-nan,0
1,2.20,8.160,0.5000,-26.779,-84.991,1.00000,90.000,-nan,-nan,-nan,0
1,2.20,8.170,0.5000,-26.777,-84.959,1.00000,90.000,-nan,-nan,-nan,0
1,2.20,8.180,0.5000,-26.774,-84.927,1.00000,90.000,-nan,-nan,-nan,0
1,2.20,8.190,0.5000,-26.772,-84.896,1.00000,90.000,-nan,-nan,-nan,0
1,2.20,8.200,0.5000,-26.770,-84.864,1.00000,90.000,-nan,-nan,-nan,0
1,2.20,8.210,0.5000,-26.768,-84.833,1.00000,90.000,-nan,-nan,-nan,0
1,2.20,8.220,0.5000,-26.766,-84.802,1.00000,90.000,-nan,-nan,-nan,0
1,2.20,8.230,0.5000,-26.764,-84.770,1.00000,90.000,-nan,-nan,-nan,0
1,2.20,8.240,0.5000,-26.762,-84.739,1.00000,90.000,-nan,-nan,-nan,0
1,2.20,8.250,0.5000,-26.760,-84.709,1.00000,90.000,-nan,-nan,-nan,0
1,2.20,8.260,0.5000,-26.758,-84.678,1.00000,90.000,-nan,-nan,-nan,0
1,2.20,8.270,0.5000,-26.756,-84.648,1.00000,90.000,-nan,-nan,-nan,0
1,2.20,8.280,0.5000,-26.754,-84.617,1.00000,90.000,-nan,-nan,-nan,0
1,2.20,8.290,0.5000,-26.751,-84.587,1.00000,90.000,-nan,-nan,-nan,0
1,2.20,8.300,0.5000,-26.749,-84.557,1.00000,90.000,-nan,-nan,-nan,0
1,2.20,8.310,0.5000,-26.747,-84.527,1.00000,90.000,-nan,-nan,-nan,0
1,2.20,8.320,0.5000,-26.745,-84.498,1.00000,90.000,-nan,-nan,-nan,0
1,2.20,8.330,0.5000,-26.743,-84.468,1.00000,90.000,-nan,-nan,-nan,0
1,2.20,8.340,0.5000,-26.741,-84.439,1.00000,90.000,-nan,-nan,-nan,0
1,2.20,8.350,0.5000,-26.739,-84.409,1.00000,90.000,-nan,-nan,-nan,0
1,2.20,8.360,0.5000,-26.737,-84.380,1.00000,90.000,-nan,-nan,-nan,0
1,2.20,8.370,0.5000,-26.736,-84.351,1.00000,90.000,-nan,-nan,-nan,0
1,2.20,8.380,0.5000,-26.734,-84.322,1.00000,90.000,-nan,-nan,-nan,0
1,2.20,8.390,0.5000,-26.732,-84.294,1.00000,90.000,-nan,-nan,-nan,0
1,2.20,8.400,0.5000,-26.730,-84.265,1.00000,90.000,-nan,-nan,-nan,0
1,2.20,8.410,0.5000,-26.728,-84.237,1.00000,90.000,-nan,-nan,-nan,0
1,2.20,8.420,0.5000,-26.726,-84.208,1.00000,90.000,-nan,-nan,-nan,0
1,2.20,8.430,0.5000,-26.724,-84.180,1.00000,90.000,-nan,-nan,-nan,0
1,2.20,8.440,0.5000,-26.722,-84.152,1.00000,90.000,-nan,-nan,-nan,0
1,2.20,8.450,0.5000,-26.720,-84.124,1.00000,90.000,-nan,-nan,-nan,0
1,2.20,8.460,0.5000,-26.718,-84.097,1.00000,90.000,-nan,-nan,-nan,0
1,2.20,8.470,0.5000,-26.716,-84.069,1.00000,90.000,-nan,-nan,-nan,0
1,2.20,8.480,0.5000,-26.715,-84.042,1.00000,90.000,-nan,-nan,-nan,0
1,2.20,8.490,0.5000,-26.713,-84.014,1.00000,90.000,-nan,-nan,-nan,0
1,2.20,8.500,0.5000,-26.711,-83.987,1.00000,90.000,-nan,-nan,-nan,0
1,2.20,8.510,0.5000,-26.709,-83.960,1.00000,90.000,-nan,-nan,-nan,0
1,2.20,8.520,0.5000,-26.707,-83.933,1.00000,90.000,-nan,-nan,-nan,0
1,2.20,8.530,0.5000,-26.706,-83.907,1.00000,90.000,-nan,-nan,-nan,0
1,2.20,8.540,0.5000,-26.704,-83.880,1.00000,90.000,-nan,-nan,-nan,0
1,2.20,8.550,0.5000,-26.702,-83.853,1.00000,90.000,-nan,-nan,-nan,0
1,2.20,8.560,0.5000,-26.700,-83.827,1.00000,90.000,-nan,-nan,-nan,0
1,2.20,8.570,0.5000,-26.698,-83.801,1.00000,90.000,-nan,-nan,-nan,0
1,2.20,8.580,0.5000,-26.697,-83.775,1.00000,90.000,-nan,-nan,-nan,0
1,2.20,8.590,0.5000,-26.695,-83.749,1.00000,90.000,-nan,-nan,-nan,0
1,2.20,8.600,0.5000,-26.693,-83.723,1.00000,90.000,-nan,-nan,-nan,0
1,2.20,8.610,0.5000,-26.691,-83.697,1.00000,90.000,-nan,-nan,-nan,0
1,2.20,8.620,0.5000,-26.690,-83.672,1.00000,90.000,-nan,-nan,-nan,0
1,2.20,8.630,0.5000,-26.688,-83.646,1.00000,90.000,-nan,-nan,-nan,0
1,2.20,8.640,0.5000,-26.686,-83.621,1.00000,90.000,-nan,-nan,-nan,0
1,2.20,8.650,0.5000,-26.685,-83.596,1.00000,90.000,-nan,-nan,-nan,0
1,2.20,8.660,0.5000,-26.683,-83.571,1.00000,90.000,-nan,-nan,-nan,0
1,2.20,8.670,0.5000,-26.681,-83.546,1.00000,90.000,-nan,-nan,-nan,0
1,2.20,8.680,0.5000,-26.679,-83.521,1.00000,90.000,-nan,-nan,-nan,0
1,2.20,8.690,0.5000,-26.678,-83.496,1.00000,90.000,-nan,-nan,-nan,0
1,2.20,8.700,0.5000,-26.676,-83.472,1.00000,90.000,-nan,-nan,-nan,0
1,2.20,8.710,0.5000,-26.674,-83.447,1.00000,90.000,-nan,-nan,-nan,0
1,2.20,8.720,0.5000,-26.673,-83.423,1.00000,90.000,-nan,-nan,-nan,0
1,2.20,8.730,0.5000,-26.671,-83.399,1.00000,90.000,-nan,-nan,-nan,0
1,2.20,8.740,0.5000,-26.670,-83.374,1.00000,90.000,-nan,-nan,-nan,0
1,2.20,8.750,0.5000,-26.668,-83.350,1.00000,90.000,-nan,-nan,-nan,0
1,2.20,8.760,0.5000,-26.666,-83.327,1.00000,90.000,-nan,-nan,-nan,0
1,2.20,8.770,0.5000,-26.665,-83.303,1.00000,90.000,-nan,-nan,-nan,0
1,2.20,8.780,0.5000,-26.663,-83.279,1.00000,90.000,-nan,-nan,-nan,0
1,2.20,8.790,0.5000,-26.662,-83.256,1.00000,90.000,-nan,-nan,-nan,0
1,2.20,8.800,0.5000,-26.660,-83.232,1.00000,90.000,-nan,-nan,-nan,0
1,2.20,8.810,0.5000,-26.658,-83.209,1.00000,90.000,-nan,-nan,-nan,0
1,2.20,8.820,0.5000,-26.657,-83.186,1.00000,90.000,-nan,-nan,-nan,0
1,2.20,8.830,0.5000,-26.655,-83.163,1.00000,90.000,-nan,-nan,-nan,0
1,2.20,8.840,0.5000,-26.654,-83.140,1.00000,90.000,-nan,-nan,-nan,0
1,2.20,8.850,0.5000,-26.652,-83.117,1.00000,90.000,-nan,-nan,-nan,0
1,2.20,8.860,0.5000,-26.651,-83.095,1.00000,90.000,-nan,-nan,-nan,0
1,2.20,8.870,0.5000,-26.649,-83.072,1.00000,90.000,-nan,-nan,-nan,0
1,2.20,8.880,0.5000,-26.648,-83.049,1.00000,90.000,-nan,-nan,-nan,0
1,2.20,8.890,0.5000,-26.646,-83.027,1.00000,90.000,-nan,-nan,-nan,0
1,2.20,8.900,0.5000,-26.645,-83.005,1.00000,90.000,-nan,-nan,-nan,0
1,2.20,8.910,0.5000,-26.643,-82.983,1.00000,90.000,-nan,-nan,-nan,0
1,2.20,8.920,0.5000,-26.642,-82.961,1.00000,90.000,-nan,-nan,-nan,0
1,2.20,8.930,0.5000,-26.640,-82.939,1.00000,90.000,-nan,-nan,-nan,0
1,2.20,8.940,0.5000,-26.639,-82.917,1.00000,90.000,-nan,-nan,-nan,0
1,2.20,8.950,0.5000,-26.637,-82.895,1.00000,90.000,-nan,-nan,-nan,0
1,2.20,8.960,0.5000,-26.636,-82.874,1.00000,90.000,-nan,-nan,-nan,0
1,2.20,8.970,0.5000,-26.634,-82.852,1.00000,90.000,-nan,-nan,-nan,0
1,2.20,8.980,0.5000,-26.633,-82.831,1.00000,90.000,-nan,-nan,-nan,0
1,2.20,8.990,0.5000,-26.631,-82.810,1.00000,90.000,-nan,-nan,-nan,0
1,2.20,9.000,0.5000,-26.630,-82.789,1.00000,90.000,-nan,-nan,-nan,0
1,2.20,9.010,0.5000,-26.629,-82.767,1.00000,90.000,-nan,-nan,-nan,0
1,2.20,9.020,0.5000,-26.627,-82.747,1.00000,90.000,-nan,-nan,-nan,0
1,2.20,9.030,0.5000,-26.626,-82.726,1.00000,90.000,-nan,-nan,-nan,0
1,2.20,9.040,0.5000,-26.624,-82.705,1.00000,90.000,-nan,-nan,-nan,0
1,2.20,9.050,0.5000,-26.623,-82.684,1.00000,90.000,-nan,-nan,-nan,0
1,2.20,9.060,0.5000,-26.622,-82.664,1.00000,90.000,-nan,-nan,-nan,0
1,2.20,9.070,0.5000,-26.620,-82.643,1.00000,90.000,-nan,-nan,-nan,0
1,2.20,9.080,0.5000,-26.619,-82.623,1.00000,90.000,-nan,-nan,-nan,0
1,2.20,9.090,0.5000,-26.617,-82.603,1.00000,90.000,-nan,-nan,-nan,0
1,2.20,9.100,0.5000,-26.616,-82.583,1.00000,90.000,-nan,-nan,-nan,0
1,2.20,9.110,0.5000,-26.615,-82.563,1.00000,90.000,-nan,-nan,-nan,0
1,2.20,9.120,0.5000,-26.613,-82.543,1.00000,90.000,-nan,-nan,-nan,0
1,2.20,9.130,0.5000,-26.612,-82.523,1.00000,90.000,-nan,-nan,-nan,0
1,2.20,9.140,0.5000,-26.611,-82.503,1.00000,90.000,-nan,-nan,-nan,0
1,2.20,9.150,0.5000,-26.609,-82.484,1.00000,90.000,-nan,-nan,-nan,0
1,2.20,9.160,0.5000,-26.608,-82.464,1.00000,90.000,-nan,-nan,-nan,0
1,2.20,9.170,0.5000,-26.607,-82.445,1.00000,90.000,-nan,-nan,-nan,0
1,2.20,9.180,0.5000,-26.605,-82.425,1.00000,90.000,-nan,-nan,-nan,0
1,2.20,9.190,0.5000,-26.604,-82.406,1.00000,90.000,-nan,-nan,-nan,0
1,2.20,9.200,0.5000,-26.603,-82.387,1.00000,90.000,-nan,-nan,-nan,0
1,2.20,9.210,0.5000,-26.602,-82.368,1.00000,90.000,-nan,-nan,-nan,0
1,2.20,9.220,0.5000,-26.600,-82.349,1.00000,90.000,-nan,-nan,-nan,0
1,2.20,9.230,0.5000,-26.599,-82.330,1.00000,90.000,-nan,-nan,-nan,0
1,2.20,9.240,0.5000,-26.598,-82.311,1.00000,90.000,-nan,-nan,-nan,0
1,2.20,9.250,0.5000,-26.597,-82.293,1.00000,90.000,-nan,-nan,-nan,0
1,2.20,9.260,0.5000,-26.595,-82.274,1.00000,90.000,-nan,-nan,-nan,0
1,2.20,9.270,0.5000,-26.594,-82.256,1.00000,90.000,-nan,-nan,-nan,0
1,2.20,9.280,0.5000,-26.593,-82.237,1.00000,90.000,-nan,-nan,-nan,0
1,2.20,9.290,0.5000,-26.592,-82.219,1.00000,90.000,-nan,-nan,-nan,0
1,2.20,9.300,0.5000,-26.590,-82.201,1.00000,90.000,-nan,-nan,-nan,0
1,2.20,9.310,0.5000,-26.589,-82.183,1.00000,90.000,-nan,-nan,-nan,0
1,2.20,9.320,0.5000,-26.588,-82.165,1.00000,90.000,-nan,-nan,-nan,0
1,2.20,9.330,0.5000,-26.587,-82.147,1.00000,90.000,-nan,-nan,-nan,0
1,2.20,9.340,0.5000,-26.585,-82.129,1.00000,90.000,-nan,-nan,-nan,0
1,2.20,9.350,0.5000,-26.584,-82.111,1.00000,90.000,-nan,-nan,-nan,0
1,2.20,9.360,0.5000,-26.583,-82.093,1.00000,90.000,-nan,-nan,-nan,0
1,2.20,9.370,0.5000,-26.582,-82.076,1.00000,90.000,-nan,-nan,-nan,0
1,2.20,9.380,0.5000,-26.581,-82.058,1.00000,90.000,-nan,-nan,-nan,0
1,2.20,9.390,0.5000,-26.580,-82.041,1.00000,90.000,-nan,-nan,-nan,0
1,2.20,9.400,0.5000,-26.578,-82.024,1.00000,90.000,-nan,-nan,-nan,0
1,2.20,9.410,0.5000,-26.577,-82.006,1.00000,90.000,-nan,-nan,-nan,0
1,2.20,9.420,0.5000,-26.576,-81.989,1.00000,90.000,-nan,-nan,-nan,0
1,2.20,9.430,0.5000,-26.575,-81.972,1.00000,90.000,-nan,-nan,-nan,0
1,2.20,9.440,0.5000,-26.574,-81.955,1.00000,90.000,-nan,-nan,-nan,0
1,2.20,9.450,0.5000,-26.573,-81.938,1.00000,90.000,-nan,-nan,-nan,0
1,2.20,9.460,0.5000,-26.571,-81.921,1.00000,90.000,-nan,-nan,-nan,0
1,2.20,9.470,0.5000,-26.570,-81.905,1.00000,90.000,-nan,-nan,-nan,0
1,2.20,9.480,0.5000,-26.569,-81.888,1.00000,90.000,-nan,-nan,-nan,0
1,2.20,9.490,0.5000,-26.568,-81.871,1.00000,90.000,-nan,-nan,-nan,0
1,2.20,9.500,0.5000,-26.567,-81.855,1.00000,90.000,-nan,-nan,-nan,0
1,2.20,9.510,0.5000,-26.566,-81.839,1.00000,90.000,-nan,-nan,-nan,0
1,2.20,9.520,0.5000,-26.565,-81.822,1.00000,90.000,-nan,-nan,-nan,0
1,2.20,9.530,0.5000,-26.564,-81.806,1.00000,90.000,-nan,-nan,-nan,0
1,2.20,9.540,0.5000,-26.563,-81.790,1.00000,90.000,-nan,-nan,-nan,0
1,2.20,9.550,0.5000,-26.561,-81.774,1.00000,90.000,-nan,-nan,-nan,0
1,2.20,9.560,0.5000,-26.560,-81.758,1.00000,90.000,-nan,-nan,-nan,0
1,2.20,9.570,0.5000,-26.559,-81.742,1.00000,90.000,-nan,-nan,-nan,0
1,2.20,9.580,0.5000,-26.558,-81.726,1.00000,90.000,-nan,-nan,-nan,0
1,2.20,9.590,0.5000,-26.557,-81.710,1.00000,90.000,-nan,-nan,-nan,0
1,2.20,9.600,0.5000,-26.556,-81.695,1.00000,90.000,-nan,-nan,-nan,0
1,2.20,9.610,0.5000,-26.555,-81.679,1.00000,90.000,-nan,-nan,-nan,0
1,2.20,9.620,0.5000,-26.554,-81.664,1.00000,90.000,-nan,-nan,-nan,0
1,2.20,9.630,0.5000,-26.553,-81.648,1.00000,90.000,-nan,-nan,-nan,0
1,2.20,9.640,0.5000,-26.552,-81.633,1.00000,90.000,-nan,-nan,-nan,0
1,2.20,9.650,0.5000,-26.551,-81.618,1.00000,90.000,-nan,-nan,-nan,0
1,2.20,9.660,0.5000,-26.550,-81.602,1.00000,90.000,-nan,-nan,-nan,0
1,2.20,9.670,0.5000,-26.549,-81.587,1.00000,90.000,-nan,-nan,-nan,0
1,2.20,9.680,0.5000,-26.548,-81.572,1.00000,90.000,-nan,-nan,-nan,0
1,2.20,9.690,0.5000,-26.547,-81.557,1.00000,90.000,-nan,-nan,-nan,0
1,2.20,9.700,0.5000,-26.546,-81.542,1.00000,90.000,-nan,-nan,-nan,0
1,2.20,9.710,0.5000,-26.545,-81.527,1.00000,90.000,-nan,-nan,-nan,0
1,2.20,9.720,0.5000,-26.544,-81.513,1.00000,90.000,-nan,-nan,-nan,0
1,2.20,9.730,0.5000,-26.543,-81.498,1.00000,90.000,-nan,-nan,-nan,0
1,2.20,9.740,0.5000,-26.542,-81.483,1.00000,90.000,-nan,-nan,-nan,0
1,2.20,9.750,0.5000,-26.541,-81.469,1.00000,90.000,-nan,-nan,-nan,0
1,2.20,9.760,0.5000,-26.540,-81.454,1.00000,90.000,-nan,-nan,-nan,0
1,2.20,9.770,0.5000,-26.539,-81.440,1.00000,90.000,-nan,-nan,-nan,0
1,2.20,9.780,0.5000,-26.538,-81.426,1.00000,90.000,-nan,-nan,-nan,0
1,2.20,9.790,0.5000,-26.537,-81.411,1.00000,90.000,-nan,-nan,-nan,0
1,2.20,9.800,0.5000,-26.536,-81.397,1.00000,90.000,-nan,-nan,-nan,0
1,2.20,9.810,0.5000,-26.535,-81.383,1.00000,90.000,-nan,-nan,-nan,0
1,2.20,9.820,0.5000,-26.534,-81.369,1.00000,90.000,-nan,-nan,-nan,0
1,2.20,9.830,0.5000,-26.533,-81.355,1.00000,90.000,-nan,-nan,-nan,0
1,2.20,9.840,0.5000,-26.532,-81.341,1.00000,90.000,-nan,-nan,-nan,0
1,2.20,9.850,0.5000,-26.531,-81.327,1.00000,90.000,-nan,-nan,-nan,0
1,2.20,9.860,0.5000,-26.530,-81.314,1.00000,90.000,-nan,-nan,-nan,0
1,2.20,9.870,0.5000,-26.529,-81.300,1.00000,90.000,-nan,-nan,-nan,0
1,2.20,9.880,0.5000,-26.529,-81.286,1.00000,90.000,-nan,-nan,-nan,0
1,2.20,9.890,0.5000,-26.528,-81.273,1.00000,90.000,-nan,-nan,-nan,0
1,2.20,9.900,0.5000,-26.527,-81.259,1.00000,90.000,-nan,-nan,-nan,0
1,2.20,9.910,0.5000,-26.526,-81.246,1.00000,90.000,-nan,-nan,-nan,0
1,2.20,9.920,0.5000,-26.525,-81.232,1.00000,90.000,-nan,-nan,-nan,0
1,2.20,9.930,0.5000,-26.524,-81.219,1.00000,90.000,-nan,-nan,-nan,0
1,2.20,9.940,0.5000,-26.523,-81.206,1.00000,90.000,-nan,-nan,-nan,0
1,2.20,9.950,0.5000,-26.522,-81.193,1.00000,90.000,-nan,-nan,-nan,0
1,2.20,9.960,0.5000,-26.521,-81.180,1.00000,90.000,-nan,-nan,-nan,0
1,2.20,9.970,0.5000,-26.520,-81.167,1.00000,90.000,-nan,-nan,-nan,0
1,2.20,9.980,0.5000,-26.520,-81.154,1.00000,90.000,-nan,-nan,-nan,0
1,2.20,9.990,0.5000,-26.519,-81.141,1.00000,90.000,-nan,-nan,-nan,0
1,2.20,10.000,0.5000,-26.518,-81.128,1.00000,90.000,-nan,-nan,-nan,0
2,2.20,0.000,0.5000,-52.000,-458.464,0.02618,1.500,90.00,0.02618,0.00000,0
2,2.20,0.010,0.5000,-51.872,-456.569,1.00000,90.000,78.77,0.98085,0.19476,0
2,2.20,0.020,0.5000,-51.745,-454.684,1.00000,90.000,67.07,0.92097,0.38964,0
2,2.20,0.030,0.5000,-51.618,-452.808,1.00000,90.000,55.32,0.82230,0.56906,0
2,2.20,0.040,0.5000,-51.492,-450.941,1.00000,90.000,43.51,0.68850,0.72524,0
2,2.20,0.050,0.5000,-51.367,-449.084,1.00000,90.000,31.66,0.52481,0.85122,0
2,2.20,0.060,0.5000,-51.242,-447.236,1.00000,90.000,19.75,0.33789,0.94119,0
2,2.20,0.070,0.5000,-51.118,-445.397,1.00000,90.000,7.79,0.13552,0.99077,0
2,2.20,0.080,0.5000,-50.994,-443.568,1.00000,90.000,355.78,-0.07364,0.99728,0
2,2.20,0.090,0.5000,-50.871,-441.747,1.00000,90.000,343.71,-0.28045,0.95987,0
2,2.20,0.100,0.5000,-50.749,-439.936,1.00000,90.000,331.60,-0.47569,0.87962,0
2,2.20,0.110,0.5000,-50.627,-438.134,1.00000,90.000,319.43,-0.65042,0.75957,0
2,2.20,0.120,0.5000,-50.506,-436.340,1.00000,90.000,307.20,-0.79649,0.60466,0
2,2.20,0.130,0.5000,-50.385,-434.556,1.00000,90.000,294.93,-0.90684,0.42148,0
2,2.20,0.140,0.5000,-50.266,-432.781,1.00000,90.000,282.60,-0.97592,0.21813,0
2,2.20,0.150,0.5000,-50.146,-431.014,1.00000,90.000,270.22,-0.99999,0.00378,0
2,2.20,0.160,0.5000,-50.028,-429.256,1.00000,90.000,257.78,-0.97734,-0.21166,0
2,2.20,0.170,0.5000,-49.909,-427.507,1.00000,90.000,245.29,-0.90843,-0.41803,0
2,2.20,0.180,0.5000,-49.792,-425.767,1.00000,90.000,232.75,-0.79595,-0.60536,0
2,2.20,0.190,0.5000,-49.675,-424.035,1.00000,90.000,220.15,-0.64474,-0.76440,0
2,2.20,0.200,0.5000,-49.559,-422.312,1.00000,90.000,207.49,-0.46164,-0.88707,0
2,2.20,0.210,0.5000,-49.443,-420.598,1.00000,90.000,194.78,-0.25519,-0.96689,0
2,2.20,0.220,0.5000,-49.328,-418.892,1.00000,90.000,182.02,-0.03528,-0.99938,0
2,2.20,0.230,0.5000,-49.213,-417.194,1.00000,90.000,169.20,0.18733,-0.98230,0
2,2.20,0.240,0.5000,-49.099,-415.505,1.00000,90.000,156.33,0.40148,-0.91587,0
2,2.20,0.250,0.5000,-48.985,-413.825,1.00000,90.000,143.40,0.59622,-0.80282,0
2,2.20,0.260,0.5000,-48.873,-412.153,1.00000,90.000,130.42,0.76137,-0.64832,0
2,2.20,0.270,0.5000,-48.760,-410.489,1.00000,90.000,117.37,0.88802,-0.45980,0
2,2.20,0.280,0.5000,-48.648,-408.834,1.00000,90.000,104.28,0.96912,-0.24661,0
2,2.20,0.290,0.5000,-48.537,-407.186,1.00000,90.000,91.12,0.99981,-0.01960,0
2,2.20,0.300,0.5000,-48.426,-405.547,1.00000,90.000,77.91,0.97783,0.20940,0
2,2.20,0.310,0.5000,-48.316,-403.917,1.00000,90.000,64.65,0.90368,0.42821,0
2,2.20,0.320,0.5000,-48.207,-402.294,1.00000,90.000,51.32,0.78067,0.62495,0
2,2.20,0.330,0.5000,-48.098,-400.679,1.00000,90.000,37.94,0.61484,0.78865,0
2,2.20,0.340,0.5000,-47.989,-399.073,1.00000,90.000,24.50,0.41473,0.90995,0
2,2.20,0.350,0.5000,-47.881,-397.474,1.00000,90.000,11.01,0.19091,0.98161,0
2,2.20,0.360,0.5000,-47.774,-395.884,1.00000,90.000,357.45,-0.04446,0.99901,0
2,2.20,0.370,0.5000,-47.667,-394.301,1.00000,90.000,343.84,-0.27833,0.96049,0
2,2.20,0.380,0.5000,-47.561,-392.726,1.00000,90.000,330.17,-0.49744,0.86750,0
2,2.20,0.390,0.5000,-47.455,-391.159,1.00000,90.000,316.44,-0.68911,0.72466,0
2,2.20,0.400,0.5000,-47.350,-389.600,1.00000,90.000,302.65,-0.84195,0.53955,0
2,2.20,0.410,0.5000,-47.245,-388.049,1.00000,90.000,288.81,-0.94661,0.32238,0
2,2.20,0.420,0.5000,-47.141,-386.506,1.00000,90.000,274.90,-0.99634,0.08544,0
2,2.20,0.430,0.5000,-47.037,-384.970,1.00000,90.000,260.94,-0.98752,-0.15752,0
2,2.20,0.440,0.5000,-46.934,-383.442,1.00000,90.000,246.91,-0.91991,-0.39213,0
2,2.20,0.450,0.5000,-46.831,-381.921,1.00000,90.000,232.83,-0.79684,-0.60419,0
2,2.20,0.460,0.5000,-46.729,-380.408,1.00000,90.000,218.69,-0.62504,-0.78059,0
2,2.20,0.470,0.5000,-46.627,-378.903,1.00000,90.000,204.48,-0.41440,-0.91009,0
2,2.20,0.480,0.5000,-46.526,-377.405,1.00000,90.000,190.22,-0.17738,-0.98414,0
2,2.20,0.490,0.5000,-46.425,-375.914,1.00000,90.000,175.89,0.07162,-0.99743,0
2,2.20,0.500,0.5000,-46.325,-374.431,1.00000,90.000,161.51,0.31718,-0.94836,0
2,2.20,0.510,0.5000,-46.225,-372.956,1.00000,90.000,147.06,0.54375,-0.83925,0
2,2.20,0.520,0.5000,-46.126,-371.487,1.00000,90.000,132.55,0.73665,-0.67628,0
2,2.20,0.530,0.5000,-46.028,-370.026,1.00000,90.000,117.98,0.88307,-0.46923,0
2,2.20,0.540,0.5000,-45.930,-368.573,1.00000,90.000,103.35,0.97296,-0.23097,0
2,2.20,0.550,0.5000,-45.832,-367.126,1.00000,90.000,88.66,0.99973,0.02336,0
2,2.20,0.560,0.5000,-45.735,-365.687,1.00000,90.000,73.91,0.96081,0.27719,0
2,2.20,0.570,0.5000,-45.638,-364.255,1.00000,90.000,59.09,0.85798,0.51368,0
2,2.20,0.580,0.5000,-45.542,-362.830,1.00000,90.000,44.21,0.69731,0.71677,0
2,2.20,0.590,0.5000,-45.446,-361.412,1.00000,90.000,29.27,0.48892,0.87233,0
2,2.20,0.600,0.5000,-45.351,-360.002,1.00000,90.000,14.27,0.24641,0.96917,0
2,2.20,0.610,0.5000,-45.256,-358.598,1.00000,90.000,359.20,-0.01401,0.99990,0
2,2.20,0.620,0.5000,-45.162,-357.201,1.00000,90.000,344.07,-0.27452,0.96158,0
2,2.20,0.630,0.5000,-45.068,-355.812,1.00000,90.000,328.87,-0.51695,0.85601,0
2,2.20,0.640,0.5000,-44.974,-354.429,1.00000,90.000,313.61,-0.72401,0.68979,0
2,2.20,0.650,0.5000,-44.881,-353.053,1.00000,90.000,298.29,-0.88055,0.47395,0
2,2.20,0.660,0.5000,-44.789,-351.684,1.00000,90.000,282.90,-0.97474,0.22333,0
2,2.20,0.670,0.5000,-44.697,-350.322,1.00000,90.000,267.45,-0.99901,-0.04442,0
2,2.20,0.680,0.5000,-44.605,-348.967,1.00000,90.000,251.94,-0.95072,-0.31004,0
2,2.20,0.690,0.5000,-44.514,-347.618,1.00000,90.000,236.36,-0.83252,-0.55400,0
2,2.20,0.700,0.5000,-44.424,-346.276,1.00000,90.000,220.71,-0.65226,-0.75799,0
2,2.20,0.710,0.5000,-44.334,-344.941,1.00000,90.000,205.00,-0.42265,-0.90629,0
2,2.20,0.720,0.5000,-44.244,-343.612,1.00000,90.000,189.23,-0.16032,-0.98706,0
2,2.20,0.730,0.5000,-44.155,-342.290,1.00000,90.000,173.38,0.11522,-0.99334,0
2,2.20,0.740,0.5000,-44.066,-340.975,1.00000,90.000,157.48,0.38307,-0.92372,0
2,2.20,0.750,0.5000,-43.977,-339.666,1.00000,90.000,141.50,0.62249,-0.78263,0
2,2.20,0.760,0.5000,-43.889,-338.364,1.00000,90.000,125.46,0.81450,-0.58016,0
2,2.20,0.770,0.5000,-43.802,-337.068,1.00000,90.000,109.35,0.94348,-0.33142,0
2,2.20,0.780,0.5000,-43.715,-335.779,1.00000,90.000,93.18,0.99846,-0.05549,0
2,2.20,0.790,0.5000,-43.628,-334.496,1.00000,90.000,76.94,0.97413,0.22597,0
2,2.20,0.800,0.5000,-43.542,-333.220,1.00000,90.000,60.63,0.87149,0.49042,0
2,2.20,0.810,0.5000,-43.456,-331.950,1.00000,90.000,44.26,0.69787,0.71622,0
2,2.20,0.820,0.5000,-43.371,-330.686,1.00000,90.000,27.81,0.46659,0.88447,0
2,2.20,0.830,0.5000,-43.286,-329.429,1.00000,90.000,11.30,0.19598,0.98061,0
2,2.20,0.840,0.5000,-43.202,-328.177,1.00000,90.000,354.72,-0.09197,0.99576,0
2,2.20,0.850,0.5000,-43.117,-326.932,1.00000,90.000,338.08,-0.37339,0.92767,0
2,2.20,0.860,0.5000,-43.034,-325.694,1.00000,90.000,321.36,-0.62444,0.78107,0
2,2.20,0.870,0.5000,-42.951,-324.461,1.00000,90.000,304.57,-0.82340,0.56747,0
2,2.20,0.880,0.5000,-42.868,-323.235,1.00000,90.000,287.72,-0.95256,0.30436,0
2,2.20,0.890,0.5000,-42.785,-322.015,1.00000,90.000,270.80,-0.99990,0.01389,0
2,2.20,0.900,0.5000,-42.703,-320.800,1.00000,90.000,225.00,-0.70711,-0.70711,0
2,2.20,0.910,0.5000,-42.622,-319.592,1.00000,90.000,-nan,-nan,-nan,0
2,2.20,0.920,0.5000,-42.541,-318.390,1.00000,90.000,-nan,-nan,-nan,0
2,2.20,0.930,0.5000,-42.460,-317.194,1.00000,90.000,-nan,-nan,-nan,0
2,2.20,0.940,0.5000,-42.379,-316.004,1.00000,90.000,-nan,-nan,-nan,0
2,2.20,0.950,0.5000,-42.299,-314.820,1.00000,90.000,-nan,-nan,-nan,0
2,2.20,0.960,0.5000,-42.220,-313.641,1.00000,90.000,-nan,-nan,-nan,0
2,2.20,0.970,0.5000,-42.141,-312.469,1.00000,90.000,-nan,-nan,-nan,0
2,2.20,0.980,0.5000,-42.062,-311.302,1.00000,90.000,-nan,-nan,-nan,0
2,2.20,0.990,0.5000,-41.984,-310.142,1.00000,90.000,-nan,-nan,-nan,0
2,2.20,1.000,0.5000,-41.906,-308.987,1.00000,90.000,-nan,-nan,-nan,0
2,2.20,1.010,0.5000,-41.828,-307.837,1.00000,90.000,-nan,-nan,-nan,0
2,2.20,1.020,0.5000,-41.751,-306.694,1.00000,90.000,-nan,-nan,-nan,0
2,2.20,1.030,0.5000,-41.674,-305.556,1.00000,90.000,-nan,-nan,-nan,0
2,2.20,1.040,0.5000,-41.597,-304.424,1.00000,90.000,-nan,-nan,-nan,0
2,2.20,1.050,0.5000,-41.521,-303.298,1.00000,90.000,-nan,-nan,-nan,0
2,2.20,1.060,0.5000,-41.446,-302.177,1.00000,90.000,-nan,-nan,-nan,0
2,2.20,1.070,0.5000,-41.370,-301.061,1.00000,90.000,-nan,-nan,-nan,0
2,2.20,1.080,0.5000,-41.295,-299.952,1.00000,90.000,-nan,-nan,-nan,0
2,2.20,1.090,0.5000,-41.221,-298.848,1.00000,90.000,-nan,-nan,-nan,0
2,2.20,1.100,0.5000,-41.147,-297.749,1.00000,90.000,-nan,-nan,-nan,0
2,2.20,1.110,0.5000,-41.073,-296.656,1.00000,90.000,-nan,-nan,-nan,0
2,2.20,1.120,0.5000,-40.999,-295.568,1.00000,90.000,-nan,-nan,-nan,0
2,2.20,1.130,0.5000,-40.926,-294.486,1.00000,90.000,-nan,-nan,-nan,0
2,2.20,1.140,0.5000,-40.854,-293.409,1.00000,90.000,-nan,-nan,-nan,0
2,2.20,1.150,0.5000,-40.781,-292.337,1.00000,90.000,-nan,-nan,-nan,0
2,2.20,1.160,0.5000,-40.709,-291.271,1.00000,90.000,-nan,-nan,-nan,0
2,2.20,1.170,0.5000,-40.638,-290.210,1.00000,90.000,-nan,-nan,-nan,0
2,2.20,1.180,0.5000,-40.566,-289.155,1.00000,90.000,-nan,-nan,-nan,0
2,2.20,1.190,0.5000,-40.495,-288.104,1.00000,90.000,-nan,-nan,-nan,0
2,2.20,1.200,0.5000,-40.425,-287.059,1.00000,90.000,-nan,-nan,-nan,0
2,2.20,1.210,0.5000,-40.355,-286.020,1.00000,90.000,-nan,-nan,-nan,0
2,2.20,1.220,0.5000,-40.285,-284.985,1.00000,90.000,-nan,-nan,-nan,0
2,2.20,1.230,0.5000,-40.215,-283.955,1.00000,90.000,-nan,-nan,-nan,0
2,2.20,1.240,0.5000,-40.146,-282.931,1.00000,90.000,-nan,-nan,-nan,0
2,2.20,1.250,0.5000,-40.077,-281.912,1.00000,90.000,-nan,-nan,-nan,0
2,2.20,1.260,0.5000,-40.009,-280.898,1.00000,90.000,-nan,-nan,-nan,0
2,2.20,1.270,0.5000,-39.940,-279.888,1.00000,90.000,-nan,-nan,-nan,0
2,2.20,1.280,0.5000,-39.873,-278.884,1.00000,90.000,-nan,-nan,-nan,0
2,2.20,1.290,0.5000,-39.805,-277.885,1.00000,90.000,-nan,-nan,-nan,0
2,2.20,1.300,0.5000,-39.738,-276.891,1.00000,90.000,-nan,-nan,-nan,0
2,2.20,1.310,0.5000,-39.671,-275.902,1.00000,90.000,-nan,-nan,-nan,0
2,2.20,1.320,0.5000,-39.605,-274.918,1.00000,90.000,-nan,-nan,-nan,0
2,2.20,1.330,0.5000,-39.539,-273.938,1.00000,90.000,-nan,-nan,-nan,0
2,2.20,1.340,0.5000,-39.473,-272.964,1.00000,90.000,-nan,-nan,-nan,0
2,2.20,1.350,0.5000,-39.407,-271.995,1.00000,90.000,-nan,-nan,-nan,0
2,2.20,1.360,0.5000,-39.342,-271.030,1.00000,90.000,-nan,-nan,-nan,0
2,2.20,1.370,0.5000,-39.277,-270.070,1.00000,90.000,-nan,-nan,-nan,0
2,2.20,1.380,0.5000,-39.213,-269.115,1.00000,90.000,-nan,-nan,-nan,0
2,2.20,1.390,0.5000,-39.149,-268.164,1.00000,90.000,-nan,-nan,-nan,0
2,2.20,1.400,0.5000,-39.085,-267.219,1.00000,90.000,-nan,-nan,-nan,0
2,2.20,1.410,0.5000,-39.021,-266.278,1.00000,90.000,-nan,-nan,-nan,0
2,2.20,1.420,0.5000,-38.958,-265.342,1.00000,90.000,-nan,-nan,-nan,0
2,2.20,1.430,0.5000,-38.895,-264.410,1.00000,90.000,-nan,-nan,-nan,0
2,2.20,1.440,0.5000,-38.833,-263.483,1.00000,90.000,-nan,-nan,-nan,0
2,2.20,1.450,0.5000,-38.770,-262.561,1.00000,90.000,-nan,-nan,-nan,0
2,2.20,1.460,0.5000,-38.708,-261.643,1.00000,90.000,-nan,-nan,-nan,0
2,2.20,1.470,0.5000,-38.647,-260.730,1.00000,90.000,-nan,-nan,-nan,0
2,2.20,1.480,0.5000,-38.585,-259.822,1.00000,90.000,-nan,-nan,-nan,0
2,2.20,1.490,0.5000,-38.524,-258.918,1.00000,90.000,-nan,-nan,-nan,0
2,2.20,1.500,0.5000,-38.464,-258.018,1.00000,90.000,-nan,-nan,-nan,0
2,2.20,1.510,0.5000,-38.403,-257.123,1.00000,90.000,-nan,-nan,-nan,0
2,2.20,1.520,0.5000,-38.343,-256.233,1.00000,90.000,-nan,-nan,-nan,0
2,2.20,1.530,0.5000,-38.283,-255.347,1.00000,90.000,-nan,-nan,-nan,0
2,2.20,1.540,0.5000,-38.224,-254.465,1.00000,90.000,-nan,-nan,-nan,0
2,2.20,1.550,0.5000,-38.164,-253.588,1.00000,90.000,-nan,-nan,-nan,0
2,2.20,1.560,0.5000,-38.105,-252.715,1.00000,90.000,-nan,-nan,-nan,0
2,2.20,1.570,0.5000,-38.047,-251.846,1.00000,90.000,-nan,-nan,-nan,0
2,2.20,1.580,0.5000,-37.988,-250.982,1.00000,90.000,-nan,-nan,-nan,0
2,2.20,1.590,0.5000,-37.930,-250.122,1.00000,90.000,-nan,-nan,-nan,0
2,2.20,1.600,0.5000,-37.873,-249.266,1.00000,90.000,-nan,-nan,-nan,0
2,2.20,1.610,0.5000,-37.815,-248.415,1.00000,90.000,-nan,-nan,-nan,0
2,2.20,1.620,0.5000,-37.758,-247.568,1.00000,90.000,-nan,-nan,-nan,0
2,2.20,1.630,0.5000,-37.701,-246.725,1.00000,90.000,-nan,-nan,-nan,0
2,2.20,1.640,0.5000,-37.644,-245.886,1.00000,90.000,-nan,-nan,-nan,0
2,2.20,1.650,0.5000,-37.588,-245.052,1.00000,90.000,-nan,-nan,-nan,0
2,2.20,1.660,0.5000,-37.532,-244.221,1.00000,90.000,-nan,-nan,-nan,0
2,2.20,1.670,0.5000,-37.476,-243.395,1.00000,90.000,-nan,-nan,-nan,0
2,2.20,1.680,0.5000,-37.421,-242.573,1.00000,90.000,-nan,-nan,-nan,0
2,2.20,1.690,0.5000,-37.365,-241.755,1.00000,90.000,-nan,-nan,-nan,0
2,2.20,1.700,0.5000,-37.310,-240.941,1.00000,90.000,-nan,-nan,-nan,0
2,2.20,1.710,0.5000,-37.256,-240.131,1.00000,90.000,-nan,-nan,-nan,0
2,2.20,1.720,0.5000,-37.201,-239.326,1.00000,90.000,-nan,-nan,-nan,0
2,2.20,1.730,0.5000,-37.147,-238.524,1.00000,90.000,-nan,-nan,-nan,0
2,2.20,1.740,0.5000,-37.093,-237.726,1.00000,90.000,-nan,-nan,-nan,0
2,2.20,1.750,0.5000,-37.040,-236.932,1.00000,90.000,-nan,-nan,-nan,0
2,2.20,1.760,0.5000,-36.986,-236.142,1.00000,90.000,-nan,-nan,-nan,0
2,2.20,1.770,0.5000,-36.933,-235.357,1.00000,90.000,-nan,-nan,-nan,0
2,2.20,1.780,0.5000,-36.880,-234.575,1.00000,90.000,-nan,-nan,-nan,0
2,2.20,1.790,0.5000,-36.828,-233.796,1.00000,90.000,-nan,-nan,-nan,0
2,2.20,1.800,0.5000,-36.776,-233.022,1.00000,90.000,-nan,-nan,-nan,0
2,2.20,1.810,0.5000,-36.724,-232.252,1.00000,90.000,-nan,-nan,-nan,0
2,2.20,1.820,0.5000,-36.672,-231.485,1.00000,90.000,-nan,-nan,-nan,0
2,2.20,1.830,0.5000,-36.620,-230.723,1.00000,90.000,-nan,-nan,-nan,0
2,2.20,1.840,0.5000,-36.569,-229.964,1.00000,90.000,-nan,-nan,-nan,0
2,2.20,1.850,0.5000,-36.518,-229.209,1.00000,90.000,-nan,-nan,-nan,0
2,2.20,1.860,0.5000,-36.467,-228.457,1.00000,90.000,-nan,-nan,-nan,0
2,2.20,1.870,0.5000,-36.417,-227.710,1.00000,90.000,-nan,-nan,-nan,0
2,2.20,1.880,0.5000,-36.367,-226.966,1.00000,90.000,-nan,-nan,-nan,0
2,2.20,1.890,0.5000,-36.317,-226.226,1.00000,90.000,-nan,-nan,-nan,0
2,2.20,1.900,0.5000,-36.267,-225.489,1.00000,90.000,-nan,-nan,-nan,0
2,2.20,1.910,0.5000,-36.217,-224.757,1.00000,90.000,-nan,-nan,-nan,0
2,2.20,1.920,0.5000,-36.168,-224.028,1.00000,90.000,-nan,-nan,-nan,0
2,2.20,1.930,0.5000,-36.119,-223.302,1.00000,90.000,-nan,-nan,-nan,0
2,2.20,1.940,0.5000,-36.070,-222.580,1.00000,90.000,-nan,-nan,-nan,0
2,2.20,1.950,0.5000,-36.022,-221.862,1.00000,90.000,-nan,-nan,-nan,0
2,2.20,1.960,0.5000,-35.974,-221.147,1.00000,90.000,-nan,-nan,-nan,0
2,2.20,1.970,0.5000,-35.926,-220.436,1.00000,90.000,-nan,-nan,-nan,0
2,2.20,1.980,0.5000,-35.878,-219.729,1.00000,90.000,-nan,-nan,-nan,0
2,2.20,1.990,0.5000,-35.830,-219.025,1.00000,90.000,-nan,-nan,-nan,0
2,2.20,2.000,0.5000,-35.783,-218.324,1.00000,90.000,-nan,-nan,-nan,0
2,2.20,2.010,0.5000,-35.736,-217.627,1.00000,90.000,-nan,-nan,-nan,0
2,2.20,2.020,0.5000,-35.689,-216.933,1.00000,90.000,-nan,-nan,-nan,0
2,2.20,2.030,0.5000,-35.642,-216.243,1.00000,90.000,-nan,-nan,-nan,0
2,2.20,2.040,0.5000,-35.596,-215.557,1.00000,90.000,-nan,-nan,-nan,0
2,2.20,2.050,0.5000,-35.550,-214.873,1.00000,90.000,-nan,-nan,-nan,0
2,2.20,2.060,0.5000,-35.504,-214.194,1.00000,90.000,-nan,-nan,-nan,0
2,2.20,2.070,0.5000,-35.458,-213.517,1.00000,90.000,-nan,-nan,-nan,0
2,2.20,2.080,0.5000,-35.413,-212.844,1.00000,90.000,-nan,-nan,-nan,0
2,2.20,2.090,0.5000,-35.368,-212.174,1.00000,90.000,-nan,-nan,-nan,0
2,2.20,2.100,0.5000,-35.323,-211.508,1.00000,90.000,-nan,-nan,-nan,0
2,2.20,2.110,0.5000,-35.278,-210.845,1.00000,90.000,-nan,-nan,-nan,0
2,2.20,2.120,0.5000,-35.233,-210.185,1.00000,90.000,-nan,-nan,-nan,0
2,2.20,2.130,0.5000,-35.189,-209.529,1.00000,90.000,-nan,-nan,-nan,0
2,2.20,2.140,0.5000,-35.145,-208.876,1.00000,90.000,-nan,-nan,-nan,0
2,2.20,2.150,0.5000,-35.101,-208.226,1.00000,90.000,-nan,-nan,-nan,0
2,2.20,2.160,0.5000,-35.057,-207.579,1.00000,90.000,-nan,-nan,-nan,0
2,2.20,2.170,0.5000,-35.014,-206.936,1.00000,90.000,-nan,-nan,-nan,0
2,2.20,2.180,0.5000,-34.971,-206.295,1.00000,90.000,-nan,-nan,-nan,0
2,2.20,2.190,0.5000,-34.928,-205.658,1.00000,90.000,-nan,-nan,-nan,0
2,2.20,2.200,0.5000,-34.885,-205.025,1.00000,90.000,-nan,-nan,-nan,0
2,2.20,2.210,0.5000,-34.842,-204.394,1.00000,90.000,-nan,-nan,-nan,0
2,2.20,2.220,0.5000,-34.800,-203.766,1.00000,90.000,-nan,-nan,-nan,0
2,2.20,2.230,0.5000,-34.758,-203.142,1.00000,90.000,-nan,-nan,-nan,0
2,2.20,2.240,0.5000,-34.716,-202.521,1.00000,90.000,-nan,-nan,-nan,0
2,2.20,2.250,0.5000,-34.674,-201.902,1.00000,90.000,-nan,-nan,-nan,0
2,2.20,2.260,0.5000,-34.632,-201.287,1.00000,90.000,-nan,-nan,-nan,0
2,2.20,2.270,0.5000,-34.591,-200.675,1.00000,90.000,-nan,-nan,-nan,0
2,2.20,2.280,0.5000,-34.550,-200.066,1.00000,90.000,-nan,-nan,-nan,0
2,2.20,2.290,0.5000,-34.509,-199.460,1.00000,90.000,-nan,-nan,-nan,0
2,2.20,2.300,0.5000,-34.468,-198.857,1.00000,90.000,-nan,-nan,-nan,0
2,2.20,2.310,0.5000,-34.428,-198.257,1.00000,90.000,-nan,-nan,-nan,0
2,2.20,2.320,0.5000,-34.387,-197.660,1.00000,90.000,-nan,-nan,-nan,0
2,2.20,2.330,0.5000,-34.347,-197.066,1.00000,90.000,-nan,-nan,-nan,0
2,2.20,2.340,0.5000,-34.307,-196.475,1.00000,90.000,-nan,-nan,-nan,0
2,2.20,2.350,0.5000,-34.268,-195.887,1.00000,90.000,-nan,-nan,-nan,0
2,2.20,2.360,0.5000,-34.228,-195.302,1.00000,90.000,-nan,-nan,-nan,0
2,2.20,2.370,0.5000,-34.189,-194.720,1.00000,90.000,-nan,-nan,-nan,0
2,2.20,2.380,0.5000,-34.150,-194.141,1.00000,90.000,-nan,-nan,-nan,0
2,2.20,2.390,0.5000,-34.111,-193.564,1.00000,90.000,-nan,-nan,-nan,0
2,2.20,2.400,0.5000,-34.072,-192.991,1.00000,90.000,-nan,-nan,-nan,0
2,2.20,2.410,0.5000,-34.034,-192.420,1.00000,90.000,-nan,-nan,-nan,0
2,2.20,2.420,0.5000,-33.995,-191.852,1.00000,90.000,-nan,-nan,-nan,0
2,2.20,2.430,0.5000,-33.957,-191.287,1.00000,90.000,-nan,-nan,-nan,0
2,2.20,2.440,0.5000,-33.919,-190.725,1.00000,90.000,-nan,-nan,-nan,0
2,2.20,2.450,0.5000,-33.881,-190.166,1.00000,90.000,-nan,-nan,-nan,0
2,2.20,2.460,0.5000,-33.844,-189.609,1.00000,90.000,-nan,-nan,-nan,0
2,2.20,2.470,0.5000,-33.806,-189.055,1.00000,90.000,-nan,-nan,-nan,0
2,2.20,2.480,0.5000,-33.769,-188.504,1.00000,90.000,-nan,-nan,-nan,0
2,2.20,2.490,0.5000,-33.732,-187.956,1.00000,90.000,-nan,-nan,-nan,0
2,2.20,2.500,0.5000,-33.695,-187.410,1.00000,90.000,-nan,-nan,-nan,0
2,2.20,2.510,0.5000,-33.659,-186.867,1.00000,90.000,-nan,-nan,-nan,0
2,2.20,2.520,0.5000,-33.622,-186.327,1.00000,90.000,-nan,-nan,-nan,0
2,2.20,2.530,0.5000,-33.586,-185.790,1.00000,90.000,-nan,-nan,-nan,0
2,2.20,2.540,0.5000,-33.550,-185.255,1.00000,90.000,-nan,-nan,-nan,0
2,2.20,2.550,0.5000,-33.514,-184.723,1.00000,90.000,-nan,-nan,-nan,0
2,2.20,2.560,0.5000,-33.478,-184.193,1.00000,90.000,-nan,-nan,-nan,0
2,2.20,2.570,0.5000,-33.442,-183.667,1.00000,90.000,-nan,-nan,-nan,0
2,2.20,2.580,0.5000,-33.407,-183.142,1.00000,90.000,-nan,-nan,-nan,0
2,2.20,2.590,0.5000,-33.372,-182.621,1.00000,90.000,-nan,-nan,-nan,0
2,2.20,2.600,0.5000,-33.337,-182.102,1.00000,90.000,-nan,-nan,-nan,0
2,2.20,2.610,0.5000,-33.302,-181.586,1.00000,90.000,-nan,-nan,-nan,0
2,2.20,2.620,0.5000,-33.267,-181.072,1.00000,90.000,-nan,-nan,-nan,0
2,2.20,2.630,0.5000,-33.233,-180.560,1.00000,90.000,-nan,-nan,-nan,0
2,2.20,2.640,0.5000,-33.198,-180.052,1.00000,90.000,-nan,-nan,-nan,0
2,2.20,2.650,0.5000,-33.164,-179.546,1.00000,90.000,-nan,-nan,-nan,0
2,2.20,2.660,0.5000,-33.130,-179.042,1.00000,90.000,-nan,-nan,-nan,0
2,2.20,2.670,0.5000,-33.096,-178.541,1.00000,90.000,-nan,-nan,-nan,0
2,2.20,2.680,0.5000,-33.063,-178.042,1.00000,90.000,-nan,-nan,-nan,0
2,2.20,2.690,0.5000,-33.029,-177.546,1.00000,90.000,-nan,-nan,-nan,0
2,2.20,2.700,0.5000,-32.996,-177.052,1.00000,90.000,-nan,-nan,-nan,0
2,2.20,2.710,0.5000,-32.963,-176.561,1.00000,90.000,-nan,-nan,-nan,0
2,2.20,2.720,0.5000,-32.930,-176.073,1.00000,90.000,-nan,-nan,-nan,0
2,2.20,2.730,0.5000,-32.897,-175.586,1.00000,90.000,-nan,-nan,-nan,0
2,2.20,2.740,0.5000,-32.864,-175.102,1.00000,90.000,-nan,-nan,-nan,0
2,2.20,2.750,0.5000,-32.832,-174.621,1.00000,90.000,-nan,-nan,-nan,0
2,2.20,2.760,0.5000,-32.799,-174.142,1.00000,90.000,-nan,-nan,-nan,0
2,2.20,2.770,0.5000,-32.767,-173.665,1.00000,90.000,-nan,-nan,-nan,0
2,2.20,2.780,0.5000,-32.735,-173.191,1.00000,90.000,-nan,-nan,-nan,0
2,2.20,2.790,0.5000,-32.703,-172.719,1.00000,90.000,-nan,-nan,-nan,0
2,2.20,2.800,0.5000,-32.671,-172.249,1.00000,90.000,-nan,-nan,-nan,0
2,2.20,2.810,0.5000,-32.640,-171.782,1.00000,90.000,-nan,-nan,-nan,0
2,2.20,2.820,0.5000,-32.608,-171.317,1.00000,90.000,-nan,-nan,-nan,0
2,2.20,2.830,0.5000,-32.577,-170.855,1.00000,90.000,-nan,-nan,-nan,0
2,2.20,2.840,0.5000,-32.546,-170.394,1.00000,90.000,-nan,-nan,-nan,0
2,2.20,2.850,0.5000,-32.515,-169.936,1.00000,90.000,-nan,-nan,-nan,0
2,2.20,2.860,0.5000,-32.484,-169.481,1.00000,90.000,-nan,-nan,-nan,0
2,2.20,2.870,0.5000,-32.454,-169.027,1.00000,90.000,-nan,-nan,-nan,0
2,2.20,2.880,0.5000,-32.423,-168.576,1.00000,90.000,-nan,-nan,-nan,0
2,2.20,2.890,0.5000,-32.393,-168.127,1.00000,90.000,-nan,-nan,-nan,0
2,2.20,2.900,0.5000,-32.363,-167.680,1.00000,90.000,-nan,-nan,-nan,0
2,2.20,2.910,0.5000,-32.333,-167.236,1.00000,90.000,-nan,-nan,-nan,0
2,2.20,2.920,0.5000,-32.303,-166.794,1.00000,90.000,-nan,-nan,-nan,0
2,2.20,2.930,0.5000,-32.273,-166.354,1.00000,90.000,-nan,-nan,-nan,0
2,2.20,2.940,0.5000,-32.244,-165.916,1.00000,90.000,-nan,-nan,-nan,0
2,2.20,2.950,0.5000,-32.214,-165.480,1.00000,90.000,-nan,-nan,-nan,0
2,2.20,2.960,0.5000,-32.185,-165.047,1.00000,90.000,-nan,-nan,-nan,0
2,2.20,2.970,0.5000,-32.156,-164.615,1.00000,90.000,-nan,-nan,-nan,0
2,2.20,2.980,0.5000,-32.127,-164.186,1.00000,90.000,-nan,-nan,-nan,0
2,2.20,2.990,0.5000,-32.098,-163.759,1.00000,90.000,-nan,-nan,-nan,0
2,2.20,3.000,0.5000,-32.069,-163.334,1.00000,90.000,-nan,-nan,-nan,0
2,2.20,3.010,0.5000,-32.041,-162.912,1.00000,90.000,-nan,-nan,-nan,0
2,2.20,3.020,0.5000,-32.012,-162.491,1.00000,90.000,-nan,-nan,-nan,0
2,2.20,3.030,0.5000,-31.984,-162.072,1.00000,90.000,-nan,-nan,-nan,0
2,2.20,3.040,0.5000,-31.956,-161.656,1.00000,90.000,-nan,-nan,-nan,0
2,2.20,3.050,0.5000,-31.928,-161.242,1.00000,90.000,-nan,-nan,-nan,0
2,2.20,3.060,0.5000,-31.900,-160.829,1.00000,90.000,-nan,-nan,-nan,0
2,2.20,3.070,0.5000,-31.873,-160.419,1.00000,90.000,-nan,-nan,-nan,0
2,2.20,3.080,0.5000,-31.845,-160.011,1.00000,90.000,-nan,-nan,-nan,0
2,2.20,3.090,0.5000,-31.818,-159.604,1.00000,90.000,-nan,-nan,-nan,0
2,2.20,3.100,0.5000,-31.790,-159.200,1.00000,90.000,-nan,-nan,-nan,0
2,2.20,3.110,0.5000,-31.763,-158.798,1.00000,90.000,-nan,-nan,-nan,0
2,2.20,3.120,0.5000,-31.736,-158.398,1.00000,90.000,-nan,-nan,-nan,0
2,2.20,3.130,0.5000,-31.709,-158.000,1.00000,90.000,-nan,-nan,-nan,0
2,2.20,3.140,0.5000,-31.682,-157.604,1.00000,90.000,-nan,-nan,-nan,0
2,2.20,3.150,0.5000,-31.656,-157.210,1.00000,90.000,-nan,-nan,-nan,0
2,2.20,3.160,0.5000,-31.629,-156.817,1.00000,90.000,-nan,-nan,-nan,0
2,2.20,3.170,0.5000,-31.603,-156.427,1.00000,90.000,-nan,-nan,-nan,0
2,2.20,3.180,0.5000,-31.577,-156.039,1.00000,90.000,-nan,-nan,-nan,0
2,2.20,3.190,0.5000,-31.551,-155.652,1.00000,90.000,-nan,-nan,-nan,0
2,2.20,3.200,0.5000,-31.525,-155.268,1.00000,90.000,-nan,-nan,-nan,0
2,2.20,3.210,0.5000,-31.499,-154.885,1.00000,90.000,-nan,-nan,-nan,0
2,2.20,3.220,0.5000,-31.473,-154.505,1.00000,90.000,-nan,-nan,-nan,0
2,2.20,3.230,0.5000,-31.448,-154.126,1.00000,90.000,-nan,-nan,-nan,0
2,2.20,3.240,0.5000,-31.422,-153.749,1.00000,90.000,-nan,-nan,-nan,0
2,2.20,3.250,0.5000,-31.397,-153.374,1.00000,90.000,-nan,-nan,-nan,0
2,2.20,3.260,0.5000,-31.372,-153.001,1.00000,90.000,-nan,-nan,-nan,0
2,2.20,3.270,0.5000,-31.347,-152.630,1.00000,90.000,-nan,-nan,-nan,0
2,2.20,3.280,0.5000,-31.322,-152.260,1.00000,90.000,-nan,-nan,-nan,0
2,2.20,3.290,0.5000,-31.297,-151.893,1.00000,90.000,-nan,-nan,-nan,0
2,2.20,3.300,0.5000,-31.272,-151.527,1.00000,90.000,-nan,-nan,-nan,0
2,2.20,3.310,0.5000,-31.247,-151.163,1.00000,90.000,-nan,-nan,-nan,0
2,2.20,3.320,0.5000,-31.223,-150.801,1.00000,90.000,-nan,-nan,-nan,0
2,2.20,3.330,0.5000,-31.199,-150.441,1.00000,90.000,-nan,-nan,-nan,0
2,2.20,3.340,0.5000,-31.174,-150.082,1.00000,90.000,-nan,-nan,-nan,0
2,2.20,3.350,0.5000,-31.150,-149.726,1.00000,90.000,-nan,-nan,-nan,0
2,2.20,3.360,0.5000,-31.126,-149.371,1.00000,90.000,-nan,-nan,-nan,0
2,2.20,3.370,0.5000,-31.103,-149.018,1.00000,90.000,-nan,-nan,-nan,0
2,2.20,3.380,0.5000,-31.079,-148.666,1.00000,90.000,-nan,-nan,-nan,0
2,2.20,3.390,0.5000,-31.055,-148.317,1.00000,90.000,-nan,-nan,-nan,0
2,2.20,3.400,0.5000,-31.032,-147.969,1.00000,90.000,-nan,-nan,-nan,0
2,2.20,3.410,0.5000,-31.008,-147.623,1.00000,90.000,-nan,-nan,-nan,0
2,2.20,3.420,0.5000,-30.985,-147.278,1.00000,90.000,-nan,-nan,-nan,0
2,2.20,3.430,0.5000,-30.962,-146.936,1.00000,90.000,-nan,-nan,-nan,0
2,2.20,3.440,0.5000,-30.939,-146.595,1.00000,90.000,-nan,-nan,-nan,0
2,2.20,3.450,0.5000,-30.916,-146.255,1.00000,90.000,-nan,-nan,-nan,0
2,2.20,3.460,0.5000,-30.893,-145.918,1.00000,90.000,-nan,-nan,-nan,0
2,2.20,3.470,0.5000,-30.871,-145.582,1.00000,90.000,-nan,-nan,-nan,0
2,2.20,3.480,0.5000,-30.848,-145.248,1.00000,90.000,-nan,-nan,-nan,0
2,2.20,3.490,0.5000,-30.826,-144.915,1.00000,90.000,-nan,-nan,-nan,0
2,2.20,3.500,0.5000,-30.803,-144.584,1.00000,90.000,-nan,-nan,-nan,0
2,2.20,3.510,0.5000,-30.781,-144.255,1.00000,90.000,-nan,-nan,-nan,0
2,2.20,3.520,0.5000,-30.759,-143.927,1.00000,90.000,-nan,-nan,-nan,0
2,2.20,3.530,0.5000,-30.737,-143.601,1.00000,90.000,-nan,-nan,-nan,0
2,2.20,3.540,0.5000,-30.715,-143.277,1.00000,90.000,-nan,-nan,-nan,0
2,2.20,3.550,0.5000,-30.693,-142.954,1.00000,90.000,-nan,-nan,-nan,0
2,2.20,3.560,0.5000,-30.671,-142.633,1.00000,90.000,-nan,-nan,-nan,0
2,2.20,3.570,0.5000,-30.650,-142.314,1.00000,90.000,-nan,-nan,-nan,0
2,2.20,3.580,0.5000,-30.628,-141.996,1.00000,90.000,-nan,-nan,-nan,0
2,2.20,3.590,0.5000,-30.607,-141.679,1.00000,90.000,-nan,-nan,-nan,0
2,2.20,3.600,0.5000,-30.586,-141.365,1.00000,90.000,-nan,-nan,-nan,0
2,2.20,3.610,0.5000,-30.565,-141.051,1.00000,90.000,-nan,-nan,-nan,0
2,2.20,3.620,0.5000,-30.544,-140.740,1.00000,90.000,-nan,-nan,-nan,0
2,2.20,3.630,0.5000,-30.523,-140.430,1.00000,90.000,-nan,-nan,-nan,0
2,2.20,3.640,0.5000,-30.502,-140.121,1.00000,90.000,-nan,-nan,-nan,0
2,2.20,3.650,0.5000,-30.481,-139.814,1.00000,90.000,-nan,-nan,-nan,0
2,2.20,3.660,0.5000,-30.460,-139.509,1.00000,90.000,-nan,-nan,-nan,0
2,2.20,3.670,0.5000,-30.440,-139.205,1.00000,90.000,-nan,-nan,-nan,0
2,2.20,3.680,0.5000,-30.419,-138.902,1.00000,90.000,-nan,-nan,-nan,0
2,2.20,3.690,0.5000,-30.399,-138.601,1.00000,90.000,-nan,-nan,-nan,0
2,2.20,3.700,0.5000,-30.379,-138.302,1.00000,90.000,-nan,-nan,-nan,0
2,2.20,3.710,0.5000,-30.359,-138.004,1.00000,90.000,-nan,-nan,-nan,0
2,2.20,3.720,0.5000,-30.339,-137.708,1.00000,90.000,-nan,-nan,-nan,0
2,2.20,3.730,0.5000,-30.319,-137.413,1.00000,90.000,-nan,-nan,-nan,0
2,2.20,3.740,0.5000,-30.299,-137.119,1.00000,90.000,-nan,-nan,-nan,0
2,2.20,3.750,0.5000,-30.279,-136.827,1.00000,90.000,-nan,-nan,-nan,0
2,2.20,3.760,0.5000,-30.260,-136.537,1.00000,90.000,-nan,-nan,-nan,0
2,2.20,3.770,0.5000,-30.240,-136.247,1.00000,90.000,-nan,-nan,-nan,0
2,2.20,3.780,0.5000,-30.221,-135.960,1.00000,90.000,-nan,-nan,-nan,0
2,2.20,3.790,0.5000,-30.201,-135.674,1.00000,90.000,-nan,-nan,-nan,0
2,2.20,3.800,0.5000,-30.182,-135.389,1.00000,90.000,-nan,-nan,-nan,0
2,2.20,3.810,0.5000,-30.163,-135.105,1.00000,90.000,-nan,-nan,-nan,0
2,2.20,3.820,0.5000,-30.144,-134.823,1.00000,90.000,-nan,-nan,-nan,0
2,2.20,3.830,0.5000,-30.125,-134.543,1.00000,90.000,-nan,-nan,-nan,0
2,2.20,3.840,0.5000,-30.106,-134.264,1.00000,90.000,-nan,-nan,-nan,0
2,2.20,3.850,0.5000,-30.087,-133.986,1.00000,90.000,-nan,-nan,-nan,0
2,2.20,3.860,0.5000,-30.069,-133.709,1.00000,90.000,-nan,-nan,-nan,0
2,2.20,3.870,0.5000,-30.050,-133.434,1.00000,90.000,-nan,-nan,-nan,0
2,2.20,3.880,0.5000,-30.032,-133.161,1.00000,90.000,-nan,-nan,-nan,0
2,2.20,3.890,0.5000,-30.013,-132.888,1.00000,90.000,-nan,-nan,-nan,0
2,2.20,3.900,0.5000,-29.995,-132.618,1.00000,90.000,-nan,-nan,-nan,0
2,2.20,3.910,0.5000,-29.977,-132.348,1.00000,90.000,-nan,-nan,-nan,0
2,2.20,3.920,0.5000,-29.959,-132.080,1.00000,90.000,-nan,-nan,-nan,0
2,2.20,3.930,0.5000,-29.941,-131.813,1.00000,90.000,-nan,-nan,-nan,0
2,2.20,3.940,0.5000,-29.923,-131.547,1.00000,90.000,-nan,-nan,-nan,0
2,2.20,3.950,0.5000,-29.905,-131.283,1.00000,90.000,-nan,-nan,-nan,0
2,2.20,3.960,0.5000,-29.887,-131.020,1.00000,90.000,-nan,-nan,-nan,0
2,2.20,3.970,0.5000,-29.869,-130.759,1.00000,90.000,-nan,-nan,-nan,0
2,2.20,3.980,0.5000,-29.852,-130.498,1.00000,90.000,-nan,-nan,-nan,0
2,2.20,3.990,0.5000,-29.834,-130.239,1.00000,90.000,-nan,-nan,-nan,0
2,2.20,4.000,0.5000,-29.817,-129.982,1.00000,90.000,-nan,-nan,-nan,0
2,2.20,4.010,0.5000,-29.800,-129.725,1.00000,90.000,-nan,-nan,-nan,0
2,2.20,4.020,0.5000,-29.782,-129.470,1.00000,90.000,-nan,-nan,-nan,0
2,2.20,4.030,0.5000,-29.765,-129.216,1.00000,90.000,-nan,-nan,-nan,0
2,2.20,4.040,0.5000,-29.748,-128.963,1.00000,90.000,-nan,-nan,-nan,0
2,2.20,4.050,0.5000,-29.731,-128.712,1.00000,90.000,-nan,-nan,-nan,0
2,2.20,4.060,0.5000,-29.714,-128.462,1.00000,90.000,-nan,-nan,-nan,0
2,2.20,4.070,0.5000,-29.698,-128.213,1.00000,90.000,-nan,-nan,-nan,0
2,2.20,4.080,0.5000,-29.681,-127.966,1.00000,90.000,-nan,-nan,-nan,0
2,2.20,4.090,0.5000,-29.664,-127.719,1.00000,90.000,-nan,-nan,-nan,0
2,2.20,4.100,0.5000,-29.648,-127.474,1.00000,90.000,-nan,-nan,-nan,0
2,2.20,4.110,0.5000,-29.631,-127.230,1.00000,90.000,-nan,-nan,-nan,0
2,2.20,4.120,0.5000,-29.615,-126.987,1.00000,90.000,-nan,-nan,-nan,0
2,2.20,4.130,0.5000,-29.599,-126.746,1.00000,90.000,-nan,-nan,-nan,0
2,2.20,4.140,0.5000,-29.582,-126.506,1.00000,90.000,-nan,-nan,-nan,0
2,2.20,4.150,0.5000,-29.566,-126.267,1.00000,90.000,-nan,-nan,-nan,0
2,2.20,4.160,0.5000,-29.550,-126.029,1.00000,90.000,-nan,-nan,-nan,0
2,2.20,4.170,0.5000,-29.534,-125.792,1.00000,90.000,-nan,-nan,-nan,0
2,2.20,4.180,0.5000,-29.518,-125.556,1.00000,90.000,-nan,-nan,-nan,0
2,2.20,4.190,0.5000,-29.502,-125.322,1.00000,90.000,-nan,-nan,-nan,0
2,2.20,4.200,0.5000,-29.487,-125.089,1.00000,90.000,-nan,-nan,-nan,0
2,2.20,4.210,0.5000,-29.471,-124.857,1.00000,90.000,-nan,-nan,-nan,0
2,2.20,4.220,0.5000,-29.455,-124.626,1.00000,90.000,-nan,-nan,-nan,0
2,2.20,4.230,0.5000,-29.440,-124.396,1.00000,90.000,-nan,-nan,-nan,0
2,2.20,4.240,0.5000,-29.424,-124.168,1.00000,90.000,-nan,-nan,-nan,0
2,2.20,4.250,0.5000,-29.409,-123.940,1.00000,90.000,-nan,-nan,-nan,0
2,2.20,4.260,0.5000,-29.394,-123.714,1.00000,90.000,-nan,-nan,-nan,0
2,2.20,4.270,0.5000,-29.379,-123.489,1.00000,90.000,-nan,-nan,-nan,0
2,2.20,4.280,0.5000,-29.363,-123.265,1.00000,90.000,-nan,-nan,-nan,0
2,2.20,4.290,0.5000,-29.348,-123.042,1.00000,90.000,-nan,-nan,-nan,0
2,2.20,4.300,0.5000,-29.333,-122.820,1.00000,90.000,-nan,-nan,-nan,0
2,2.20,4.310,0.5000,-29.318,-122.599,1.00000,90.000,-nan,-nan,-nan,0
2,2.20,4.320,0.5000,-29.304,-122.380,1.00000,90.000,-nan,-nan,-nan,0
2,2.20,4.330,0.5000,-29.289,-122.161,1.00000,90.000,-nan,-nan,-nan,0
2,2.20,4.340,0.5000,-29.274,-121.944,1.00000,90.000,-nan,-nan,-nan,0
2,2.20,4.350,0.5000,-29.260,-121.728,1.00000,90.000,-nan,-nan,-nan,0
2,2.20,4.360,0.5000,-29.245,-121.512,1.00000,90.000,-nan,-nan,-nan,0
2,2.20,4.370,0.5000,-29.231,-121.298,1.00000,90.000,-nan,-nan,-nan,0
2,2.20,4.380,0.5000,-29.216,-121.085,1.00000,90.000,-nan,-nan,-nan,0
2,2.20,4.390,0.5000,-29.202,-120.873,1.00000,90.000,-nan,-nan,-nan,0
2,2.20,4.400,0.5000,-29.188,-120.662,1.00000,90.000,-nan,-nan,-nan,0
2,2.20,4.410,0.5000,-29.173,-120.452,1.00000,90.000,-nan,-nan,-nan,0
2,2.20,4.420,0.5000,-29.159,-120.243,1.00000,90.000,-nan,-nan,-nan,0
2,2.20,4.430,0.5000,-29.145,-120.035,1.00000,90.000,-nan,-nan,-nan,0
2,2.20,4.440,0.5000,-29.131,-119.828,1.00000,90.000,-nan,-nan,-nan,0
2,2.20,4.450,0.5000,-29.117,-119.623,1.00000,90.000,-nan,-nan,-nan,0
2,2.20,4.460,0.5000,-29.104,-119.418,1.00000,90.000,-nan,-nan,-nan,0
2,2.20,4.470,0.5000,-29.090,-119.214,1.00000,90.000,-nan,-nan,-nan,0
2,2.20,4.480,0.5000,-29.076,-119.011,1.00000,90.000,-nan,-nan,-nan,0
2,2.20,4.490,0.5000,-29.063,-118.810,1.00000,90.000,-nan,-nan,-nan,0
2,2.20,4.500,0.5000,-29.049,-118.609,1.00000,90.000,-nan,-nan,-nan,0
2,2.20,4.510,0.5000,-29.036,-118.409,1.00000,90.000,-nan,-nan,-nan,0
2,2.20,4.520,0.5000,-29.022,-118.211,1.00000,90.000,-nan,-nan,-nan,0
2,2.20,4.530,0.5000,-29.009,-118.013,1.00000,90.000,-nan,-nan,-nan,0
2,2.20,4.540,0.5000,-28.995,-117.816,1.00000,90.000,-nan,-nan,-nan,0
2,2.20,4.550,0.5000,-28.982,-117.620,1.00000,90.000,-nan,-nan,-nan,0
2,2.20,4.560,0.5000,-28.969,-117.426,1.00000,90.000,-nan,-nan,-nan,0
2,2.20,4.570,0.5000,-28.956,-117.232,1.00000,90.000,-nan,-nan,-nan,0
2,2.20,4.580,0.5000,-28.943,-117.039,1.00000,90.000,-nan,-nan,-nan,0
2,2.20,4.590,0.5000,-28.930,-116.847,1.00000,90.000,-nan,-nan,-nan,0
2,2.20,4.600,0.5000,-28.917,-116.656,1.00000,90.000,-nan,-nan,-nan,0
2,2.20,4.610,0.5000,-28.904,-116.466,1.00000,90.000,-nan,-nan,-nan,0
2,2.20,4.620,0.5000,-28.892,-116.277,1.00000,90.000,-nan,-nan,-nan,0
2,2.20,4.630,0.5000,-28.879,-116.089,1.00000,90.000,-nan,-nan,-nan,0
2,2.20,4.640,0.5000,-28.866,-115.902,1.00000,90.000,-nan,-nan,-nan,0
2,2.20,4.650,0.5000,-28.854,-115.716,1.00000,90.000,-nan,-nan,-nan,0
2,2.20,4.660,0.5000,-28.841,-115.530,1.00000,90.000,-nan,-nan,-nan,0
2,2.20,4.670,0.5000,-28.829,-115.346,1.00000,90.000,-nan,-nan,-nan,0
2,2.20,4.680,0.5000,-28.816,-115.163,1.00000,90.000,-nan,-nan,-nan,0
2,2.20,4.690,0.5000,-28.804,-114.980,1.00000,90.000,-nan,-nan,-nan,0
2,2.20,4.700,0.5000,-28.792,-114.799,1.00000,90.000,-nan,-nan,-nan,0
2,2.20,4.710,0.5000,-28.779,-114.618,1.00000,90.000,-nan,-nan,-nan,0
2,2.20,4.720,0.5000,-28.767,-114.438,1.00000,90.000,-nan,-nan,-nan,0
2,2.20,4.730,0.5000,-28.755,-114.259,1.00000,90.000,-nan,-nan,-nan,0
2,2.20,4.740,0.5000,-28.743,-114.081,1.00000,90.000,-nan,-nan,-nan,0
2,2.20,4.750,0.5000,-28.731,-113.904,1.00000,90.000,-nan,-nan,-nan,0
2,2.20,4.760,0.5000,-28.719,-113.728,1.00000,90.000,-nan,-nan,-nan,0
2,2.20,4.770,0.5000,-28.708,-113.552,1.00000,90.000,-nan,-nan,-nan,0
2,2.20,4.780,0.5000,-28.696,-113.378,1.00000,90.000,-nan,-nan,-nan,0
2,2.20,4.790,0.5000,-28.684,-113.204,1.00000,90.000,-nan,-nan,-nan,0
2,2.20,4.800,0.5000,-28.672,-113.032,1.00000,90.000,-nan,-nan,-nan,0
2,2.20,4.810,0.5000,-28.661,-112.860,1.00000,90.000,-nan,-nan,-nan,0
2,2.20,4.820,0.5000,-28.649,-112.689,1.00000,90.000,-nan,-nan,-nan,0
2,2.20,4.830,0.5000,-28.638,-112.519,1.00000,90.000,-nan,-nan,-nan,0
2,2.20,4.840,0.5000,-28.626,-112.349,1.00000,90.000,-nan,-nan,-nan,0
2,2.20,4.850,0.5000,-28.615,-112.181,1.00000,90.000,-nan,-nan,-nan,0
2,2.20,4.860,0.5000,-28.604,-112.013,1.00000,90.000,-nan,-nan,-nan,0
2,2.20,4.870,0.5000,-28.592,-111.846,1.00000,90.000,-nan,-nan,-nan,0
2,2.20,4.880,0.5000,-28.581,-111.680,1.00000,90.000,-nan,-nan,-nan,0
2,2.20,4.890,0.5000,-28.570,-111.515,1.00000,90.000,-nan,-nan,-nan,0
2,2.20,4.900,0.5000,-28.559,-111.351,1.00000,90.000,-nan,-nan,-nan,0
2,2.20,4.910,0.5000,-28.548,-111.187,1.00000,90.000,-nan,-nan,-nan,0
2,2.20,4.920,0.5000,-28.537,-111.025,1.00000,90.000,-nan,-nan,-nan,0
2,2.20,4.930,0.5000,-28.526,-110.863,1.00000,90.000,-nan,-nan,-nan,0
2,2.20,4.940,0.5000,-28.515,-110.702,1.00000,90.000,-nan,-nan,-nan,0
2,2.20,4.950,0.5000,-28.504,-110.541,1.00000,90.000,-nan,-nan,-nan,0
2,2.20,4.960,0.5000,-28.493,-110.382,1.00000,90.000,-nan,-nan,-nan,0
2,2.20,4.970,0.5000,-28.483,-110.223,1.00000,90.000,-nan,-nan,-nan,0
2,2.20,4.980,0.5000,-28.472,-110.065,1.00000,90.000,-nan,-nan,-nan,0
2,2.20,4.990,0.5000,-28.461,-109.908,1.00000,90.000,-nan,-nan,-nan,0
2,2.20,5.000,0.5000,-28.451,-109.752,1.00000,90.000,-nan,-nan,-nan,0
2,2.20,5.010,0.5000,-28.440,-109.596,1.00000,90.000,-nan,-nan,-nan,0
2,2.20,5.020,0.5000,-28.430,-109.442,1.00000,90.000,-nan,-nan,-nan,0
2,2.20,5.030,0.5000,-28.420,-109.288,1.00000,90.000,-nan,-nan,-nan,0
2,2.20,5.040,0.5000,-28.409,-109.135,1.00000,90.000,-nan,-nan,-nan,0
2,2.20,5.050,0.5000,-28.399,-108.982,1.00000,90.000,-nan,-nan,-nan,0
2,2.20,5.060,0.5000,-28.389,-108.830,1.00000,90.000,-nan,-nan,-nan,0
2,2.20,5.070,0.5000,-28.378,-108.679,1.00000,90.000,-nan,-nan,-nan,0
2,2.20,5.080,0.5000,-28.368,-108.529,1.00000,90.000,-nan,-nan,-nan,0
2,2.20,5.090,0.5000,-28.358,-108.380,1.00000,90.000,-nan,-nan,-nan,0
2,2.20,5.100,0.5000,-28.348,-108.231,1.00000,90.000,-nan,-nan,-nan,0
2,2.20,5.110,0.5000,-28.338,-108.083,1.00000,90.000,-nan,-nan,-nan,0
2,2.20,5.120,0.5000,-28.328,-107.936,1.00000,90.000,-nan,-nan,-nan,0
2,2.20,5.130,0.5000,-28.318,-107.790,1.00000,90.000,-nan,-nan,-nan,0
2,2.20,5.140,0.5000,-28.309,-107.644,1.00000,90.000,-nan,-nan,-nan,0
2,2.20,5.150,0.5000,-28.299,-107.499,1.00000,90.000,-nan,-nan,-nan,0
2,2.20,5.160,0.5000,-28.289,-107.354,1.00000,90.000,-nan,-nan,-nan,0
2,2.20,5.170,0.5000,-28.279,-107.211,1.00000,90.000,-nan,-nan,-nan,0
2,2.20,5.180,0.5000,-28.270,-107.068,1.00000,90.000,-nan,-nan,-nan,0
2,2.20,5.190,0.5000,-28.260,-106.926,1.00000,90.000,-nan,-nan,-nan,0
2,2.20,5.200,0.5000,-28.250,-106.784,1.00000,90.000,-nan,-nan,-nan,0
2,2.20,5.210,0.5000,-28.241,-106.644,1.00000,90.000,-nan,-nan,-nan,0
2,2.20,5.220,0.5000,-28.232,-106.504,1.00000,90.000,-nan,-nan,-nan,0
2,2.20,5.230,0.5000,-28.222,-106.364,1.00000,90.000,-nan,-nan,-nan,0
2,2.20,5.240,0.5000,-28.213,-106.226,1.00000,90.000,-nan,-nan,-nan,0
2,2.20,5.250,0.5000,-28.203,-106.088,1.00000,90.000,-nan,-nan,-nan,0
2,2.20,5.260,0.5000,-28.194,-105.951,1.00000,90.000,-nan,-nan,-nan,0
2,2.20,5.270,0.5000,-28.185,-105.814,1.00000,90.000,-nan,-nan,-nan,0
2,2.20,5.280,0.5000,-28.176,-105.678,1.00000,90.000,-nan,-nan,-nan,0
2,2.20,5.290,0.5000,-28.167,-105.543,1.00000,90.000,-nan,-nan,-nan,0
2,2.20,5.300,0.5000,-28.158,-105.408,1.00000,90.000,-nan,-nan,-nan,0
2,2.20,5.310,0.5000,-28.149,-105.274,1.00000,90.000,-nan,-nan,-nan,0
2,2.20,5.320,0.5000,-28.140,-105.141,1.00000,90.000,-nan,-nan,-nan,0
2,2.20,5.330,0.5000,-28.131,-105.009,1.00000,90.000,-nan,-nan,-nan,0
2,2.20,5.340,0.5000,-28.122,-104.877,1.00000,90.000,-nan,-nan,-nan,0
2,2.20,5.350,0.5000,-28.113,-104.746,1.00000,90.000,-nan,-nan,-nan,0
2,2.20,5.360,0.5000,-28.104,-104.615,1.00000,90.000,-nan,-nan,-nan,0
2,2.20,5.370,0.5000,-28.095,-104.485,1.00000,90.000,-nan,-nan,-nan,0
2,2.20,5.380,0.5000,-28.086,-104.356,1.00000,90.000,-nan,-nan,-nan,0
2,2.20,5.390,0.5000,-28.078,-104.227,1.00000,90.000,-nan,-nan,-nan,0
2,2.20,5.400,0.5000,-28.069,-104.099,1.00000,90.000,-nan,-nan,-nan,0
2,2.20,5.410,0.5000,-28.061,-103.972,1.00000,90.000,-nan,-nan,-nan,0
2,2.20,5.420,0.5000,-28.052,-103.845,1.00000,90.000,-nan,-nan,-nan,0
2,2.20,5.430,0.5000,-28.043,-103.719,1.00000,90.000,-nan,-nan,-nan,0
2,2.20,5.440,0.5000,-28.035,-103.594,1.00000,90.000,-nan,-nan,-nan,0
2,2.20,5.450,0.5000,-28.027,-103.469,1.00000,90.000,-nan,-nan,-nan,0
2,2.20,5.460,0.5000,-28.018,-103.345,1.00000,90.000,-nan,-nan,-nan,0
2,2.20,5.470,0.5000,-28.010,-103.221,1.00000,90.000,-nan,-nan,-nan,0
2,2.20,5.480,0.5000,-28.002,-103.098,1.00000,90.000,-nan,-nan,-nan,0
2,2.20,5.490,0.5000,-27.993,-102.976,1.00000,90.000,-nan,-nan,-nan,0
2,2.20,5.500,0.5000,-27.985,-102.854,1.00000,90.000,-nan,-nan,-nan,0
2,2.20,5.510,0.5000,-27.977,-102.733,1.00000,90.000,-nan,-nan,-nan,0
2,2.20,5.520,0.5000,-27.969,-102.613,1.00000,90.000,-nan,-nan,-nan,0
2,2.20,5.530,0.5000,-27.961,-102.493,1.00000,90.000,-nan,-nan,-nan,0
2,2.20,5.540,0.5000,-27.953,-102.373,1.00000,90.000,-nan,-nan,-nan,0
2,2.20,5.550,0.5000,-27.945,-102.255,1.00000,90.000,-nan,-nan,-nan,0
2,2.20,5.560,0.5000,-27.937,-102.136,1.00000,90.000,-nan,-nan,-nan,0
2,2.20,5.570,0.5000,-27.929,-102.019,1.00000,90.000,-nan,-nan,-nan,0
2,2.20,5.580,0.5000,-27.921,-101.902,1.00000,90.000,-nan,-nan,-nan,0
2,2.20,5.590,0.5000,-27.913,-101.786,1.00000,90.000,-nan,-nan,-nan,0
2,2.20,5.600,0.5000,-27.905,-101.670,1.00000,90.000,-nan,-nan,-nan,0
2,2.20,5.610,0.5000,-27.897,-101.555,1.00000,90.000,-nan,-nan,-nan,0
2,2.20,5.620,0.5000,-27.890,-101.440,1.00000,90.000,-nan,-nan,-nan,0
2,2.20,5.630,0.5000,-27.882,-101.326,1.00000,90.000,-nan,-nan,-nan,0
2,2.20,5.640,0.5000,-27.874,-101.212,1.00000,90.000,-nan,-nan,-nan,0
2,2.20,5.650,0.5000,-27.867,-101.099,1.00000,90.000,-nan,-nan,-nan,0
2,2.20,5.660,0.5000,-27.859,-100.987,1.00000,90.000,-nan,-nan,-nan,0
2,2.20,5.670,0.5000,-27.851,-100.875,1.00000,90.000,-nan,-nan,-nan,0
2,2.20,5.680,0.5000,-27.844,-100.764,1.00000,90.000,-nan,-nan,-nan,0
2,2.20,5.690,0.5000,-27.836,-100.653,1.00000,90.000,-nan,-nan,-nan,0
2,2.20,5.700,0.5000,-27.829,-100.543,1.00000,90.000,-nan,-nan,-nan,0
2,2.20,5.710,0.5000,-27.822,-100.433,1.00000,90.000,-nan,-nan,-nan,0
2,2.20,5.720,0.5000,-27.814,-100.324,1.00000,90.000,-nan,-nan,-nan,0
2,2.20,5.730,0.5000,-27.807,-100.216,1.00000,90.000,-nan,-nan,-nan,0
2,2.20,5.740,0.5000,-27.800,-100.108,1.00000,90.000,-nan,-nan,-nan,0
2,2.20,5.750,0.5000,-27.792,-100.001,1.00000,90.000,-nan,-nan,-nan,0
2,2.20,5.760,0.5000,-27.785,-99.894,1.00000,90.000,-nan,-nan,-nan,0
2,2.20,5.770,0.5000,-27.778,-99.787,1.00000,90.000,-nan,-nan,-nan,0
2,2.20,5.780,0.5000,-27.771,-99.681,1.00000,90.000,-nan,-nan,-nan,0
2,2.20,5.790,0.5000,-27.764,-99.576,1.00000,90.000,-nan,-nan,-nan,0
2,2.20,5.800,0.5000,-27.757,-99.471,1.00000,90.000,-nan,-nan,-nan,0
2,2.20,5.810,0.5000,-27.750,-99.367,1.00000,90.000,-nan,-nan,-nan,0
2,2.20,5.820,0.5000,-27.743,-99.263,1.00000,90.000,-nan,-nan,-nan,0
2,2.20,5.830,0.5000,-27.736,-99.160,1.00000,90.000,-nan,-nan,-nan,0
2,2.20,5.840,0.5000,-27.729,-99.057,1.00000,90.000,-nan,-nan,-nan,0
2,2.20,5.850,0.5000,-27.722,-98.955,1.00000,90.000,-nan,-nan,-nan,0
2,2.20,5.860,0.5000,-27.715,-98.854,1.00000,90.000,-nan,-nan,-nan,0
2,2.20,5.870,0.5000,-27.708,-98.752,1.00000,90.000,-nan,-nan,-nan,0
2,2.20,5.880,0.5000,-27.701,-98.652,1.00000,90.000,-nan,-nan,-nan,0
2,2.20,5.890,0.5000,-27.695,-98.552,1.00000,90.000,-nan,-nan,-nan,0
2,2.20,5.900,0.5000,-27.688,-98.452,1.00000,90.000,-nan,-nan,-nan,0
2,2.20,5.910,0.5000,-27.681,-98.353,1.00000,90.000,-nan,-nan,-nan,0
2,2.20,5.920,0.5000,-27.674,-98.254,1.00000,90.000,-nan,-nan,-nan,0
2,2.20,5.930,0.5000,-27.668,-98.156,1.00000,90.000,-nan,-nan,-nan,0
2,2.20,5.940,0.5000,-27.661,-98.058,1.00000,90.000,-nan,-nan,-nan,0
2,2.20,5.950,0.5000,-27.655,-97.961,1.00000,90.000,-nan,-nan,-nan,0
2,2.20,5.960,0.5000,-27.648,-97.864,1.00000,90.000,-nan,-nan,-nan,0
2,2.20,5.970,0.5000,-27.642,-97.768,1.00000,90.000,-nan,-nan,-nan,0
2,2.20,5.980,0.5000,-27.635,-97.672,1.00000,90.000,-nan,-nan,-nan,0
2,2.20,5.990,0.5000,-27.629,-97.577,1.00000,90.000,-nan,-nan,-nan,0
2,2.20,6.000,0.5000,-27.622,-97.482,1.00000,90.000,-nan,-nan,-nan,0
2,2.20,6.010,0.5000,-27.616,-97.388,1.00000,90.000,-nan,-nan,-nan,0
2,2.20,6.020,0.5000,-27.610,-97.294,1.00000,90.000,-nan,-nan,-nan,0
2,2.20,6.030,0.5000,-27.603,-97.201,1.00000,90.000,-nan,-nan,-nan,0
2,2.20,6.040,0.5000,-27.597,-97.108,1.00000,90.000,-nan,-nan,-nan,0
2,2.20,6.050,0.5000,-27.591,-97.015,1.00000,90.000,-nan,-nan,-nan,0
2,2.20,6.060,0.5000,-27.585,-96.923,1.00000,90.000,-nan,-nan,-nan,0
2,2.20,6.070,0.5000,-27.578,-96.832,1.00000,90.000,-nan,-nan,-nan,0
2,2.20,6.080,0.5000,-27.572,-96.741,1.00000,90.000,-nan,-nan,-nan,0
2,2.20,6.090,0.5000,-27.566,-96.650,1.00000,90.000,-nan,-nan,-nan,0
2,2.20,6.100,0.5000,-27.560,-96.560,1.00000,90.000,-nan,-nan,-nan,0
2,2.20,6.110,0.5000,-27.554,-96.470,1.00000,90.000,-nan,-nan,-nan,0
2,2.20,6.120,0.5000,-27.548,-96.381,1.00000,90.000,-nan,-nan,-nan,0
2,2.20,6.130,0.5000,-27.542,-96.292,1.00000,90.000,-nan,-nan,-nan,0
2,2.20,6.140,0.5000,-27.536,-96.203,1.00000,90.000,-nan,-nan,-nan,0
2,2.20,6.150,0.5000,-27.530,-96.116,1.00000,90.000,-nan,-nan,-nan,0
2,2.20,6.160,0.5000,-27.524,-96.028,1.00000,90.000,-nan,-nan,-nan,0
2,2.20,6.170,0.5000,-27.518,-95.941,1.00000,90.000,-nan,-nan,-nan,0
2,2.20,6.180,0.5000,-27.512,-95.854,1.00000,90.000,-nan,-nan,-nan,0
2,2.20,6.190,0.5000,-27.507,-95.768,1.00000,90.000,-nan,-nan,-nan,0
2,2.20,6.200,0.5000,-27.501,-95.682,1.00000,90.000,-nan,-nan,-nan,0
2,2.20,6.210,0.5000,-27.495,-95.597,1.00000,90.000,-nan,-nan,-nan,0
2,2.20,6.220,0.5000,-27.489,-95.512,1.00000,90.000,-nan,-nan,-nan,0
2,2.20,6.230,0.5000,-27.484,-95.427,1.00000,90.000,-nan,-nan,-nan,0
2,2.20,6.240,0.5000,-27.478,-95.343,1.00000,90.000,-nan,-nan,-nan,0
2,2.20,6.250,0.5000,-27.472,-95.260,1.00000,90.000,-nan,-nan,-nan,0
2,2.20,6.260,0.5000,-27.467,-95.176,1.00000,90.000,-nan,-nan,-nan,0
2,2.20,6.270,0.5000,-27.461,-95.094,1.00000,90.000,-nan,-nan,-nan,0
2,2.20,6.280,0.5000,-27.455,-95.011,1.00000,90.000,-nan,-nan,-nan,0
2,2.20,6.290,0.5000,-27.450,-94.929,1.00000,90.000,-nan,-nan,-nan,0
2,2.20,6.300,0.5000,-27.444,-94.848,1.00000,90.000,-nan,-nan,-nan,0
2,2.20,6.310,0.5000,-27.439,-94.766,1.00000,90.000,-nan,-nan,-nan,0
2,2.20,6.320,0.5000,-27.433,-94.686,1.00000,90.000,-nan,-nan,-nan,0
2,2.20,6.330,0.5000,-27.428,-94.605,1.00000,90.000,-nan,-nan,-nan,0
2,2.20,6.340,0.5000,-27.423,-94.525,1.00000,90.000,-nan,-nan,-nan,0
2,2.20,6.350,0.5000,-27.417,-94.446,1.00000,90.000,-nan,-nan,-nan,0
2,2.20,6.360,0.5000,-27.412,-94.366,1.00000,90.000,-nan,-nan,-nan,0
2,2.20,6.370,0.5000,-27.407,-94.288,1.00000,90.000,-nan,-nan,-nan,0
2,2.20,6.380,0.5000,-27.401,-94.209,1.00000,90.000,-nan,-nan,-nan,0
2,2.20,6.390,0.5000,-27.396,-94.131,1.00000,90.000,-nan,-nan,-nan,0
2,2.20,6.400,0.5000,-27.391,-94.054,1.00000,90.000,-nan,-nan,-nan,0
2,2.20,6.410,0.5000,-27.386,-93.976,1.00000,90.000,-nan,-nan,-nan,0
2,2.20,6.420,0.5000,-27.380,-93.900,1.00000,90.000,-nan,-nan,-nan,0
2,2.20,6.430,0.5000,-27.375,-93.823,1.00000,90.000,-nan,-nan,-nan,0
2,2.20,6.440,0.5000,-27.370,-93.747,1.00000,90.000,-nan,-nan,-nan,0
2,2.20,6.450,0.5000,-27.365,-93.671,1.00000,90.000,-nan,-nan,-nan,0
2,2.20,6.460,0.5000,-27.360,-93.596,1.00000,90.000,-nan,-nan,-nan,0
2,2.20,6.470,0.5000,-27.355,-93.521,1.00000,90.000,-nan,-nan,-nan,0
2,2.20,6.480,0.5000,-27.350,-93.446,1.00000,90.000,-nan,-nan,-nan,0
2,2.20,6.490,0.5000,-27.345,-93.372,1.00000,90.000,-nan,-nan,-nan,0
2,2.20,6.500,0.5000,-27.340,-93.298,1.00000,90.000,-nan,-nan,-nan,0
2,2.20,6.510,0.5000,-27.335,-93.225,1.00000,90.000,-nan,-nan,-nan,0
2,2.20,6.520,0.5000,-27.330,-93.152,1.00000,90.000,-nan,-nan,-nan,0
2,2.20,6.530,0.5000,-27.325,-93.079,1.00000,90.000,-nan,-nan,-nan,0
2,2.20,6.540,0.5000,-27.320,-93.007,1.00000,90.000,-nan,-nan,-nan,0
2,2.20,6.550,0.5000,-27.315,-92.935,1.00000,90.000,-nan,-nan,-nan,0
2,2.20,6.560,0.5000,-27.310,-92.863,1.00000,90.000,-nan,-nan,-nan,0
2,2.20,6.570,0.5000,-27.306,-92.792,1.00000,90.000,-nan,-nan,-nan,0
2,2.20,6.580,0.5000,-27.301,-92.721,1.00000,90.000,-nan,-nan,-nan,0
2,2.20,6.590,0.5000,-27.296,-92.650,1.00000,90.000,-nan,-nan,-nan,0
2,2.20,6.600,0.5000,-27.291,-92.580,1.00000,90.000,-nan,-nan,-nan,0
2,2.20,6.610,0.5000,-27.287,-92.510,1.00000,90.000,-nan,-nan,-nan,0
2,2.20,6.620,0.5000,-27.282,-92.441,1.00000,90.000,-nan,-nan,-nan,0
2,2.20,6.630,0.5000,-27.277,-92.371,1.00000,90.000,-nan,-nan,-nan,0
2,2.20,6.640,0.5000,-27.273,-92.303,1.00000,90.000,-nan,-nan,-nan,0
2,2.20,6.650,0.5000,-27.268,-92.234,1.00000,90.000,-nan,-nan,-nan,0
2,2.20,6.660,0.5000,-27.263,-92.166,1.00000,90.000,-nan,-nan,-nan,0
2,2.20,6.670,0.5000,-27.259,-92.098,1.00000,90.000,-nan,-nan,-nan,0
2,2.20,6.680,0.5000,-27.254,-92.031,1.00000,90.000,-nan,-nan,-nan,0
2,2.20,6.690,0.5000,-27.250,-91.963,1.00000,90.000,-nan,-nan,-nan,0
2,2.20,6.700,0.5000,-27.245,-91.897,1.00000,90.000,-nan,-nan,-nan,0
2,2.20,6.710,0.5000,-27.241,-91.830,1.00000,90.000,-nan,-nan,-nan,0
2,2.20,6.720,0.5000,-27.236,-91.764,1.00000,90.000,-nan,-nan,-nan,0
2,2.20,6.730,0.5000,-27.232,-91.698,1.00000,90.000,-nan,-nan,-nan,0
2,2.20,6.740,0.5000,-27.227,-91.633,1.00000,90.000,-nan,-nan,-nan,0
2,2.20,6.750,0.5000,-27.223,-91.568,1.00000,90.000,-nan,-nan,-nan,0
2,2.20,6.760,0.5000,-27.218,-91.503,1.00000,90.000,-nan,-nan,-nan,0
2,2.20,6.770,0.5000,-27.214,-91.438,1.00000,90.000,-nan,-nan,-nan,0
2,2.20,6.780,0.5000,-27.210,-91.374,1.00000,90.000,-nan,-nan,-nan,0
2,2.20,6.790,0.5000,-27.205,-91.310,1.00000,90.000,-nan,-nan,-nan,0
2,2.20,6.800,0.5000,-27.201,-91.247,1.00000,90.000,-nan,-nan,-nan,0
2,2.20,6.810,0.5000,-27.197,-91.183,1.00000,90.000,-nan,-nan,-nan,0
2,2.20,6.820,0.5000,-27.193,-91.120,1.00000,90.000,-nan,-nan,-nan,0
2,2.20,6.830,0.5000,-27.188,-91.058,1.00000,90.000,-nan,-nan,-nan,0
2,2.20,6.840,0.5000,-27.184,-90.996,1.00000,90.000,-nan,-nan,-nan,0
2,2.20,6.850,0.5000,-27.180,-90.934,1.00000,90.000,-nan,-nan,-nan,0
2,2.20,6.860,0.5000,-27.176,-90.872,1.00000,90.000,-nan,-nan,-nan,0
2,2.20,6.870,0.5000,-27.172,-90.811,1.00000,90.000,-nan,-nan,-nan,0
2,2.20,6.880,0.5000,-27.168,-90.750,1.00000,90.000,-nan,-nan,-nan,0
2,2.20,6.890,0.5000,-27.164,-90.689,1.00000,90.000,-nan,-nan,-nan,0
2,2.20,6.900,0.5000,-27.159,-90.628,1.00000,90.000,-nan,-nan,-nan,0
2,2.20,6.910,0.5000,-27.155,-90.568,1.00000,90.000,-nan,-nan,-nan,0
2,2.20,6.920,0.5000,-27.151,-90.508,1.00000,90.000,-nan,-nan,-nan,0
2,2.20,6.930,0.5000,-27.147,-90.449,1.00000,90.000,-nan,-nan,-nan,0
2,2.20,6.940,0.5000,-27.143,-90.389,1.00000,90.000,-nan,-nan,-nan,0
2,2.20,6.950,0.5000,-27.139,-90.331,1.00000,90.000,-nan,-nan,-nan,0
2,2.20,6.960,0.5000,-27.135,-90.272,1.00000,90.000,-nan,-nan,-nan,0
2,2.20,6.970,0.5000,-27.131,-90.213,1.00000,90.000,-nan,-nan,-nan,0
2,2.20,6.980,0.5000,-27.127,-90.155,1.00000,90.000,-nan,-nan,-nan,0
2,2.20,6.990,0.5000,-27.124,-90.098,1.00000,90.000,-nan,-nan,-nan,0
2,2.20,7.000,0.5000,-27.120,-90.040,1.00000,90.000,-nan,-nan,-nan,0
2,2.20,7.010,0.5000,-27.116,-89.983,1.00000,90.000,-nan,-nan,-nan,0
2,2.20,7.020,0.5000,-27.112,-89.926,1.00000,90.000,-nan,-nan,-nan,0
2,2.20,7.030,0.5000,-27.108,-89.869,1.00000,90.000,-nan,-nan,-nan,0
2,2.20,7.040,0.5000,-27.104,-89.813,1.00000,90.000,-nan,-nan,-nan,0
2,2.20,7.050,0.5000,-27.101,-89.757,1.00000,90.000,-nan,-nan,-nan,0
2,2.20,7.060,0.5000,-27.097,-89.701,1.00000,90.000,-nan,-nan,-nan,0
2,2.20,7.070,0.5000,-27.093,-89.646,1.00000,90.000,-nan,-nan,-nan,0
2,2.20,7.080,0.5000,-27.089,-89.590,1.00000,90.000,-nan,-nan,-nan,0
2,2.20,7.090,0.5000,-27.086,-89.535,1.00000,90.000,-nan,-nan,-nan,0
2,2.20,7.100,0.5000,-27.082,-89.481,1.00000,90.000,-nan,-nan,-nan,0
2,2.20,7.110,0.5000,-27.078,-89.426,1.00000,90.000,-nan,-nan,-nan,0
2,2.20,7.120,0.5000,-27.075,-89.372,1.00000,90.000,-nan,-nan,-nan,0
2,2.20,7.130,0.5000,-27.071,-89.318,1.00000,90.000,-nan,-nan,-nan,0
2,2.20,7.140,0.5000,-27.067,-89.265,1.00000,90.000,-nan,-nan,-nan,0
2,2.20,7.150,0.5000,-27.064,-89.211,1.00000,90.000,-nan,-nan,-nan,0
2,2.20,7.160,0.5000,-27.060,-89.158,1.00000,90.000,-nan,-nan,-nan,0
2,2.20,7.170,0.5000,-27.057,-89.105,1.00000,90.000,-nan,-nan,-nan,0
2,2.20,7.180,0.5000,-27.053,-89.053,1.00000,90.000,-nan,-nan,-nan,0
2,2.20,7.190,0.5000,-27.050,-89.000,1.00000,90.000,-nan,-nan,-nan,0
2,2.20,7.200,0.5000,-27.046,-88.948,1.00000,90.000,-nan,-nan,-nan,0
2,2.20,7.210,0.5000,-27.042,-88.897,1.00000,90.000,-nan,-nan,-nan,0
2,2.20,7.220,0.5000,-27.039,-88.845,1.00000,90.000,-nan,-nan,-nan,0
2,2.20,7.230,0.5000,-27.036,-88.794,1.00000,90.000,-nan,-nan,-nan,0
2,2.20,7.240,0.5000,-27.032,-88.743,1.00000,90.000,-nan,-nan,-nan,0
2,2.20,7.250,0.5000,-27.029,-88.692,1.00000,90.000,-nan,-nan,-nan,0
2,2.20,7.260,0.5000,-27.025,-88.642,1.00000,90.000,-nan,-nan,-nan,0
2,2.20,7.270,0.5000,-27.022,-88.591,1.00000,90.000,-nan,-nan,-nan,0
2,2.20,7.280,0.5000,-27.019,-88.541,1.00000,90.000,-nan,-nan,-nan,0
2,2.20,7.290,0.5000,-27.015,-88.492,1.00000,90.000,-nan,-nan,-nan,0
2,2.20,7.300,0.5000,-27.012,-88.442,1.00000,90.000,-nan,-nan,-nan,0
2,2.20,7.310,0.5000,-27.008,-88.393,1.00000,90.000,-nan,-nan,-nan,0
2,2.20,7.320,0.5000,-27.005,-88.344,1.00000,90.000,-nan,-nan,-nan,0
2,2.20,7.330,0.5000,-27.002,-88.295,1.00000,90.000,-nan,-nan,-nan,0
2,2.20,7.340,0.5000,-26.999,-88.247,1.00000,90.000,-nan,-nan,-nan,0
2,2.20,7.350,0.5000,-26.995,-88.198,1.00000,90.000,-nan,-nan,-nan,0
2,2.20,7.360,0.5000,-26.992,-88.150,1.00000,90.000,-nan,-nan,-nan,0
2,2.20,7.370,0.5000,-26.989,-88.103,1.00000,90.000,-nan,-nan,-nan,0
2,2.20,7.380,0.5000,-26.986,-88.055,1.00000,90.000,-nan,-nan,-nan,0
2,2.20,7.390,0.5000,-26.982,-88.008,1.00000,90.000,-nan,-nan,-nan,0
2,2.20,7.400,0.5000,-26.979,-87.961,1.00000,90.000,-nan,-nan,-nan,0
2,2.20,7.410,0.5000,-26.976,-87.914,1.00000,90.000,-nan,-nan,-nan,0
2,2.20,7.420,0.5000,-26.973,-87.867,1.00000,90.000,-nan,-nan,-nan,0
2,2.20,7.430,0.5000,-26.970,-87.821,1.00000,90.000,-nan,-nan,-nan,0
2,2.20,7.440,0.5000,-26.967,-87.775,1.00000,90.000,-nan,-nan,-nan,0
2,2.20,7.450,0.5000,-26.964,-87.729,1.00000,90.000,-nan,-nan,-nan,0
2,2.20,7.460,0.5000,-26.961,-87.683,1.00000,90.000,-nan,-nan,-nan,0
2,2.20,7.470,0.5000,-26.957,-87.638,1.00000,90.000,-nan,-nan,-nan,0
2,2.20,7.480,0.5000,-26.954,-87.592,1.00000,90.000,-nan,-nan,-nan,0
2,2.20,7.490,0.5000,-26.951,-87.547,1.00000,90.000,-nan,-nan,-nan,0
2,2.20,7.500,0.5000,-26.948,-87.503,1.00000,90.000,-nan,-nan,-nan,0
2,2.20,7.510,0.5000,-26.945,-87.458,1.00000,90.000,-nan,-nan,-nan,0
2,2.20,7.520,0.5000,-26.942,-87.414,1.00000,90.000,-nan,-nan,-nan,0
2,2.20,7.530,0.5000,-26.939,-87.370,1.00000,90.000,-nan,-nan,-nan,0
2,2.20,7.540,0.5000,-26.936,-87.326,1.00000,90.000,-nan,-nan,-nan,0
2,2.20,7.550,0.5000,-26.933,-87.282,1.00000,90.000,-nan,-nan,-nan,0
2,2.20,7.560,0.5000,-26.931,-87.239,1.00000,90.000,-nan,-nan,-nan,0
2,2.20,7.570,0.5000,-26.928,-87.195,1.00000,90.000,-nan,-nan,-nan,0
2,2.20,7.580,0.5000,-26.925,-87.152,1.00000,90.000,-nan,-nan,-nan,0
2,2.20,7.590,0.5000,-26.922,-87.109,1.00000,90.000,-nan,-nan,-nan,0
2,2.20,7.600,0.5000,-26.919,-87.067,1.00000,90.000,-nan,-nan,-nan,0
2,2.20,7.610,0.5000,-26.916,-87.024,1.00000,90.000,-nan,-nan,-nan,0
2,2.20,7.620,0.5000,-26.913,-86.982,1.00000,90.000,-nan,-nan,-nan,0
2,2.20,7.630,0.5000,-26.910,-86.940,1.00000,90.000,-nan,-nan,-nan,0
2,2.20,7.640,0.5000,-26.908,-86.899,1.00000,90.000,-nan,-nan,-nan,0
2,2.20,7.650,0.5000,-26.905,-86.857,1.00000,90.000,-nan,-nan,-nan,0
2,2.20,7.660,0.5000,-26.902,-86.816,1.00000,90.000,-nan,-nan,-nan,0
2,2.20,7.670,0.5000,-26.899,-86.775,1.00000,90.000,-nan,-nan,-nan,0
2,2.20,7.680,0.5000,-26.896,-86.734,1.00000,90.000,-nan,-nan,-nan,0
2,2.20,7.690,0.5000,-26.894,-86.693,1.00000,90.000,-nan,-nan,-nan,0
2,2.20,7.700,0.5000,-26.891,-86.652,1.00000,90.000,-nan,-nan,-nan,0
2,2.20,7.710,0.5000,-26.888,-86.612,1.00000,90.000,-nan,-nan,-nan,0
2,2.20,7.720,0.5000,-26.885,-86.572,1.00000,90.000,-nan,-nan,-nan,0
2,2.20,7.730,0.5000,-26.883,-86.532,1.00000,90.000,-nan,-nan,-nan,0
2,2.20,7.740,0.5000,-26.880,-86.492,1.00000,90.000,-nan,-nan,-nan,0
2,2.20,7.750,0.5000,-26.877,-86.453,1.00000,90.000,-nan,-nan,-nan,0
2,2.20,7.760,0.5000,-26.875,-86.413,1.00000,90.000,-nan,-nan,-nan,0
2,2.20,7.770,0.5000,-26.872,-86.374,1.00000,90.000,-nan,-nan,-nan,0
2,2.20,7.780,0.5000,-26.870,-86.335,1.00000,90.000,-nan,-nan,-nan,0
2,2.20,7.790,0.5000,-26.867,-86.297,1.00000,90.000,-nan,-nan,-nan,0
2,2.20,7.800,0.5000,-26.864,-86.258,1.00000,90.000,-nan,-nan,-nan,0
2,2.20,7.810,0.5000,-26.862,-86.220,1.00000,90.000,-nan,-nan,-nan,0
2,2.20,7.820,0.5000,-26.859,-86.182,1.00000,90.000,-nan,-nan,-nan,0
2,2.20,7.830,0.5000,-26.857,-86.144,1.00000,90.000,-nan,-nan,-nan,0
2,2.20,7.840,0.5000,-26.854,-86.106,1.00000,90.000,-nan,-nan,-nan,0
2,2.20,7.850,0.5000,-26.851,-86.068,1.00000,90.000,-nan,-nan,-nan,0
2,2.20,7.860,0.5000,-26.849,-86.031,1.00000,90.000,-nan,-nan,-nan,0
2,2.20,7.870,0.5000,-26.846,-85.994,1.00000,90.000,-nan,-nan,-nan,0
2,2.20,7.880,0.5000,-26.844,-85.957,1.00000,90.000,-nan,-nan,-nan,0
2,2.20,7.890,0.5000,-26.841,-85.920,1.00000,90.000,-nan,-nan,-nan,0
2,2.20,7.900,0.5000,-26.839,-85.883,1.00000,90.000,-nan,-nan,-nan,0
2,2.20,7.910,0.5000,-26.837,-85.847,1.00000,90.000,-nan,-nan,-nan,0
2,2.20,7.920,0.5000,-26.834,-85.810,1.00000,90.000,-nan,-nan,-nan,0
2,2.20,7.930,0.5000,-26.832,-85.774,1.00000,90.000,-nan,-nan,-nan,0
2,2.20,7.940,0.5000,-26.829,-85.738,1.00000,90.000,-nan,-nan,-nan,0
2,2.20,7.950,0.5000,-26.827,-85.702,1.00000,90.000,-nan,-nan,-nan,0
2,2.20,7.960,0.5000,-26.824,-85.667,1.00000,90.000,-nan,-nan,-nan,0
2,2.20,7.970,0.5000,-26.822,-85.631,1.00000,90.000,-nan,-nan,-nan,0
2,2.20,7.980,0.5000,-26.820,-85.596,1.00000,90.000,-nan,-nan,-nan,0
2,2.20,7.990,0.5000,-26.817,-85.561,1.00000,90.000,-nan,-nan,-nan,0
2,2.20,8.000,0.5000,-26.815,-85.526,1.00000,90.000,-nan,-nan,-nan,0
2,2.20,8.010,0.5000,-26.813,-85.492,1.00000,90.000,-nan,-nan,-nan,0
2,2.20,8.020,0.5000,-26.810,-85.457,1.00000,90.000,-nan,-nan,-nan,0
2,2.20,8.030,0.5000,-26.808,-85.423,1.00000,90.000,-nan,-nan,-nan,0
2,2.20,8.040,0.5000,-26.806,-85.389,1.00000,90.000,-nan,-nan,-nan,0
2,2.20,8.050,0.5000,-26.803,-85.355,1.00000,90.000,-nan,-nan,-nan,0
2,2.20,8.060,0.5000,-26.801,-85.321,1.00000,90.000,-nan,-nan,-nan,0
2,2.20,8.070,0.5000,-26.799,-85.287,1.00000,90.000,-nan,-nan,-nan,0
2,2.20,8.080,0.5000,-26.796,-85.253,1.00000,90.000,-nan,-nan,-nan,0
2,2.20,8.090,0.5000,-26.794,-85.220,1.00000,90.000,-nan,-nan,-nan,0
2,2.20,8.100,0.5000,-26.792,-85.187,1.00000,90.000,-nan,-nan,-nan,0
2,2.20,8.110,0.5000,-26.790,-85.154,1.00000,90.000,-nan,-nan,-nan,0
2,2.20,8.120,0.5000,-26.788,-85.121,1.00000,90.000,-nan,-nan,-nan,0
2,2.20,8.130,0.5000,-26.785,-85.088,1.00000,90.000,-nan,-nan,-nan,0
2,2.20,8.140,0.5000,-26.783,-85.056,1.00000,90.000,-nan,-nan,-nan,0
2,2.20,8.150,0.5000,-26.781,-85.024,1.00000,90.000,-nan,-nan,-nan,0
2,2.20,8.160,0.5000,-26.779,-84.991,1.00000,90.000,-nan,-nan,-nan,0
2,2.20,8.170,0.5000,-26.777,-84.959,1.00000,90.000,-nan,-nan,-nan,0
2,2.20,8.180,0.5000,-26.774,-84.927,1.00000,90.000,-nan,-nan,-nan,0
2,2.20,8.190,0.5000,-26.772,-84.896,1.00000,90.000,-nan,-nan,-nan,0
2,2.20,8.200,0.5000,-26.770,-84.864,1.00000,90.000,-nan,-nan,-nan,0
2,2.20,8.210,0.5000,-26.768,-84.833,1.00000,90.000,-nan,-nan,-nan,0
2,2.20,8.220,0.5000,-26.766,-84.802,1.00000,90.000,-nan,-nan,-nan,0
2,2.20,8.230,0.5000,-26.764,-84.770,1.00000,90.000,-nan,-nan,-nan,0
2,2.20,8.240,0.5000,-26.762,-84.739,1.00000,90.000,-nan,-nan,-nan,0
2,2.20,8.250,0.5000,-26.760,-84.709,1.00000,90.000,-nan,-nan,-nan,0
2,2.20,8.260,0.5000,-26.758,-84.678,1.00000,90.000,-nan,-nan,-nan,0
2,2.20,8.270,0.5000,-26.756,-84.648,1.00000,90.000,-nan,-nan,-nan,0
2,2.20,8.280,0.5000,-26.754,-84.617,1.00000,90.000,-nan,-nan,-nan,0
2,2.20,8.290,0.5000,-26.751,-84.587,1.00000,90.000,-nan,-nan,-nan,0
2,2.20,8.300,0.5000,-26.749,-84.557,1.00000,90.000,-nan,-nan,-nan,0
2,2.20,8.310,0.5000,-26.747,-84.527,1.00000,90.000,-nan,-nan,-nan,0
2,2.20,8.320,0.5000,-26.745,-84.498,1.00000,90.000,-nan,-nan,-nan,0
2,2.20,8.330,0.5000,-26.743,-84.468,1.00000,90.000,-nan,-nan,-nan,0
2,2.20,8.340,0.5000,-26.741,-84.439,1.00000,90.000,-nan,-nan,-nan,0
2,2.20,8.350,0.5000,-26.739,-84.409,1.00000,90.000,-nan,-nan,-nan,0
2,2.20,8.360,0.5000,-26.737,-84.380,1.00000,90.000,-nan,-nan,-nan,0
2,2.20,8.370,0.5000,-26.736,-84.351,1.00000,90.000,-nan,-nan,-nan,0
2,2.20,8.380,0.5000,-26.734,-84.322,1.00000,90.000,-nan,-nan,-nan,0
2,2.20,8.390,0.5000,-26.732,-84.294,1.00000,90.000,-nan,-nan,-nan,0
2,2.20,8.400,0.5000,-26.730,-84.265,1.00000,90.000,-nan,-nan,-nan,0
2,2.20,8.410,0.5000,-26.728,-84.237,1.00000,90.000,-nan,-nan,-nan,0
2,2.20,8.420,0.5000,-26.726,-84.208,1.00000,90.000,-nan,-nan,-nan,0
2,2.20,8.430,0.5000,-26.724,-84.180,1.00000,90.000,-nan,-nan,-nan,0
2,2.20,8.440,0.5000,-26.722,-84.152,1.00000,90.000,-nan,-nan,-nan,0
2,2.20,8.450,0.5000,-26.720,-84.124,1.00000,90.000,-nan,-nan,-nan,0
2,2.20,8.460,0.5000,-26.718,-84.097,1.00000,90.000,-nan,-nan,-nan,0
2,2.20,8.470,0.5000,-26.716,-84.069,1.00000,90.000,-nan,-nan,-nan,0
2,2.20,8.480,0.5000,-26.715,-84.042,1.00000,90.000,-nan,-nan,-nan,0
2,2.20,8.490,0.5000,-26.713,-84.014,1.00000,90.000,-nan,-nan,-nan,0
2,2.20,8.500,0.5000,-26.711,-83.987,1.00000,90.000,-nan,-nan,-nan,0
2,2.20,8.510,0.5000,-26.709,-83.960,1.00000,90.000,-nan,-nan,-nan,0
2,2.20,8.520,0.5000,-26.707,-83.933,1.00000,90.000,-nan,-nan,-nan,0
2,2.20,8.530,0.5000,-26.706,-83.907,1.00000,90.000,-nan,-nan,-nan,0
2,2.20,8.540,0.5000,-26.704,-83.880,1.00000,90.000,-nan,-nan,-nan,0
2,2.20,8.550,0.5000,-26.702,-83.853,1.00000,90.000,-nan,-nan,-nan,0
2,2.20,8.560,0.5000,-26.700,-83.827,1.00000,90.000,-nan,-nan,-nan,0
2,2.20,8.570,0.5000,-26.698,-83.801,1.00000,90.000,-nan,-nan,-nan,0
2,2.20,8.580,0.5000,-26.697,-83.775,1.00000,90.000,-nan,-nan,-nan,0
2,2.20,8.590,0.5000,-26.695,-83.749,1.00000,90.000,-nan,-nan,-nan,0
2,2.20,8.600,0.5000,-26.693,-83.723,1.00000,90.000,-nan,-nan,-nan,0
2,2.20,8.610,0.5000,-26.691,-83.697,1.00000,90.000,-nan,-nan,-nan,0
2,2.20,8.620,0.5000,-26.690,-83.672,1.00000,90.000,-nan,-nan,-nan,0
2,2.20,8.630,0.5000,-26.688,-83.646,1.00000,90.000,-nan,-nan,-nan,0
2,2.20,8.640,0.5000,-26.686,-83.621,1.00000,90.000,-nan,-nan,-nan,0
2,2.20,8.650,0.5000,-26.685,-83.596,1.00000,90.000,-nan,-nan,-nan,0
2,2.20,8.660,0.5000,-26.683,-83.571,1.00000,90.000,-nan,-nan,-nan,0
2,2.20,8.670,0.5000,-26.681,-83.546,1.00000,90.000,-nan,-nan,-nan,0
2,2.20,8.680,0.5000,-26.679,-83.521,1.00000,90.000,-nan,-nan,-nan,0
2,2.20,8.690,0.5000,-26.678,-83.496,1.00000,90.000,-nan,-nan,-nan,0
2,2.20,8.700,0.5000,-26.676,-83.472,1.00000,90.000,-nan,-nan,-nan,0
2,2.20,8.710,0.5000,-26.674,-83.447,1.00000,90.000,-nan,-nan,-nan,0
2,2.20,8.720,0.5000,-26.673,-83.423,1.00000,90.000,-nan,-nan,-nan,0
2,2.20,8.730,0.5000,-26.671,-83.399,1.00000,90.000,-nan,-nan,-nan,0
2,2.20,8.740,0.5000,-26.670,-83.374,1.00000,90.000,-nan,-nan,-nan,0
2,2.20,8.750,0.5000,-26.668,-83.350,1.00000,90.000,-nan,-nan,-nan,0
2,2.20,8.760,0.5000,-26.666,-83.327,1.00000,90.000,-nan,-nan,-nan,0
2,2.20,8.770,0.5000,-26.665,-83.303,1.00000,90.000,-nan,-nan,-nan,0
2,2.20,8.780,0.5000,-26.663,-83.279,1.00000,90.000,-nan,-nan,-nan,0
2,2.20,8.790,0.5000,-26.662,-83.256,1.00000,90.000,-nan,-nan,-nan,0
2,2.20,8.800,0.5000,-26.660,-83.232,1.00000,90.000,-nan,-nan,-nan,0
2,2.20,8.810,0.5000,-26.658,-83.209,1.00000,90.000,-nan,-nan,-nan,0
2,2.20,8.820,0.5000,-26.657,-83.186,1.00000,90.000,-nan,-nan,-nan,0
2,2.20,8.830,0.5000,-26.655,-83.163,1.00000,90.000,-nan,-nan,-nan,0
2,2.20,8.840,0.5000,-26.654,-83.140,1.00000,90.000,-nan,-nan,-nan,0
2,2.20,8.850,0.5000,-26.652,-83.117,1.00000,90.000,-nan,-nan,-nan,0
2,2.20,8.860,0.5000,-26.651,-83.095,1.00000,90.000,-nan,-nan,-nan,0
2,2.20,8.870,0.5000,-26.649,-83.072,1.00000,90.000,-nan,-nan,-nan,0
2,2.20,8.880,0.5000,-26.648,-83.049,1.00000,90.000,-nan,-nan,-nan,0
2,2.20,8.890,0.5000,-26.646,-83.027,1.00000,90.000,-nan,-nan,-nan,0
2,2.20,8.900,0.5000,-26.645,-83.005,1.00000,90.000,-nan,-nan,-nan,0
2,2.20,8.910,0.5000,-26.643,-82.983,1.00000,90.000,-nan,-nan,-nan,0
2,2.20,8.920,0.5000,-26.642,-82.961,1.00000,90.000,-nan,-nan,-nan,0
2,2.20,8.930,0.5000,-26.640,-82.939,1.00000,90.000,-nan,-nan,-nan,0
2,2.20,8.940,0.5000,-26.639,-82.917,1.00000,90.000,-nan,-nan,-nan,0
2,2.20,8.950,0.5000,-26.637,-82.895,1.00000,90.000,-nan,-nan,-nan,0
2,2.20,8.960,0.5000,-26.636,-82.874,1.00000,90.000,-nan,-nan,-nan,0
2,2.20,8.970,0.5000,-26.634,-82.852,1.00000,90.000,-nan,-nan,-nan,0
2,2.20,8.980,0.5000,-26.633,-82.831,1.00000,90.000,-nan,-nan,-nan,0
2,2.20,8.990,0.5000,-26.631,-82.810,1.00000,90.000,-nan,-nan,-nan,0
2,2.20,9.000,0.5000,-26.630,-82.789,1.00000,90.000,-nan,-nan,-nan,0
2,2.20,9.010,0.5000,-26.629,-82.767,1.00000,90.000,-nan,-nan,-nan,0
2,2.20,9.020,0.5000,-26.627,-82.747,1.00000,90.000,-nan,-nan,-nan,0
2,2.20,9.030,0.5000,-26.626,-82.726,1.00000,90.000,-nan,-nan,-nan,0
2,2.20,9.040,0.5000,-26.624,-82.705,1.00000,90.000,-nan,-nan,-nan,0
2,2.20,9.050,0.5000,-26.623,-82.684,1.00000,90.000,-nan,-nan,-nan,0
2,2.20,9.060,0.5000,-26.622,-82.664,1.00000,90.000,-nan,-nan,-nan,0
2,2.20,9.070,0.5000,-26.620,-82.643,1.00000,90.000,-nan,-nan,-nan,0
2,2.20,9.080,0.5000,-26.619,-82.623,1.00000,90.000,-nan,-nan,-nan,0
2,2.20,9.090,0.5000,-26.617,-82.603,1.00000,90.000,-nan,-nan,-nan,0
2,2.20,9.100,0.5000,-26.616,-82.583,1.00000,90.000,-nan,-nan,-nan,0
2,2.20,9.110,0.5000,-26.615,-82.563,1.00000,90.000,-nan,-nan,-nan,0
2,2.20,9.120,0.5000,-26.613,-82.543,1.00000,90.000,-nan,-nan,-nan,0
2,2.20,9.130,0.5000,-26.612,-82.523,1.00000,90.000,-nan,-nan,-nan,0
2,2.20,9.140,0.5000,-26.611,-82.503,1.00000,90.000,-nan,-nan,-nan,0
2,2.20,9.150,0.5000,-26.609,-82.484,1.00000,90.000,-nan,-nan,-nan,0
2,2.20,9.160,0.5000,-26.608,-82.464,1.00000,90.000,-nan,-nan,-nan,0
2,2.20,9.170,0.5000,-26.607,-82.445,1.00000,90.000,-nan,-nan,-nan,0
2,2.20,9.180,0.5000,-26.605,-82.425,1.00000,90.000,-nan,-nan,-nan,0
2,2.20,9.190,0.5000,-26.604,-82.406,1.00000,90.000,-nan,-nan,-nan,0
2,2.20,9.200,0.5000,-26.603,-82.387,1.00000,90.000,-nan,-nan,-nan,0
2,2.20,9.210,0.5000,-26.602,-82.368,1.00000,90.000,-nan,-nan,-nan,0
2,2.20,9.220,0.5000,-26.600,-82.349,1.00000,90.000,-nan,-nan,-nan,0
2,2.20,9.230,0.5000,-26.599,-82.330,1.00000,90.000,-nan,-nan,-nan,0
2,2.20,9.240,0.5000,-26.598,-82.311,1.00000,90.000,-nan,-nan,-nan,0
2,2.20,9.250,0.5000,-26.597,-82.293,1.00000,90.000,-nan,-nan,-nan,0
2,2.20,9.260,0.5000,-26.595,-82.274,1.00000,90.000,-nan,-nan,-nan,0
2,2.20,9.270,0.5000,-26.594,-82.256,1.00000,90.000,-nan,-nan,-nan,0
2,2.20,9.280,0.5000,-26.593,-82.237,1.00000,90.000,-nan,-nan,-nan,0
2,2.20,9.290,0.5000,-26.592,-82.219,1.00000,90.000,-nan,-nan,-nan,0
2,2.20,9.300,0.5000,-26.590,-82.201,1.00000,90.000,-nan,-nan,-nan,0
2,2.20,9.310,0.5000,-26.589,-82.183,1.00000,90.000,-nan,-nan,-nan,0
2,2.20,9.320,0.5000,-26.588,-82.165,1.00000,90.000,-nan,-nan,-nan,0
2,2.20,9.330,0.5000,-26.587,-82.147,1.00000,90.000,-nan,-nan,-nan,0
2,2.20,9.340,0.5000,-26.585,-82.129,1.00000,90.000,-nan,-nan,-nan,0
2,2.20,9.350,0.5000,-26.584,-82.111,1.00000,90.000,-nan,-nan,-nan,0
2,2.20,9.360,0.5000,-26.583,-82.093,1.00000,90.000,-nan,-nan,-nan,0
2,2.20,9.370,0.5000,-26.582,-82.076,1.00000,90.000,-nan,-nan,-nan,0
2,2.20,9.380,0.5000,-26.581,-82.058,1.00000,90.000,-nan,-nan,-nan,0
2,2.20,9.390,0.5000,-26.580,-82.041,1.00000,90.000,-nan,-nan,-nan,0
2,2.20,9.400,0.5000,-26.578,-82.024,1.00000,90.000,-nan,-nan,-nan,0
2,2.20,9.410,0.5000,-26.577,-82.006,1.00000,90.000,-nan,-nan,-nan,0
2,2.20,9.420,0.5000,-26.576,-81.989,1.00000,90.000,-nan,-nan,-nan,0
2,2.20,9.430,0.5000,-26.575,-81.972,1.00000,90.000,-nan,-nan,-nan,0
2,2.20,9.440,0.5000,-26.574,-81.955,1.00000,90.000,-nan,-nan,-nan,0
2,2.20,9.450,0.5000,-26.573,-81.938,1.00000,90.000,-nan,-nan,-nan,0
2,2.20,9.460,0.5000,-26.571,-81.921,1.00000,90.000,-nan,-nan,-nan,0
2,2.20,9.470,0.5000,-26.570,-81.905,1.00000,90.000,-nan,-nan,-nan,0
2,2.20,9.480,0.5000,-26.569,-81.888,1.00000,90.000,-nan,-nan,-nan,0
2,2.20,9.490,0.5000,-26.568,-81.871,1.00000,90.000,-nan,-nan,-nan,0
2,2.20,9.500,0.5000,-26.567,-81.855,1.00000,90.000,-nan,-nan,-nan,0
2,2.20,9.510,0.5000,-26.566,-81.839,1.00000,90.000,-nan,-nan,-nan,0
2,2.20,9.520,0.5000,-26.565,-81.822,1.00000,90.000,-nan,-nan,-nan,0
2,2.20,9.530,0.5000,-26.564,-81.806,1.00000,90.000,-nan,-nan,-nan,0
2,2.20,9.540,0.5000,-26.563,-81.790,1.00000,90.000,-nan,-nan,-nan,0
2,2.20,9.550,0.5000,-26.561,-81.774,1.00000,90.000,-nan,-nan,-nan,0
2,2.20,9.560,0.5000,-26.560,-81.758,1.00000,90.000,-nan,-nan,-nan,0
2,2.20,9.570,0.5000,-26.559,-81.742,1.00000,90.000,-nan,-nan,-nan,0
2,2.20,9.580,0.5000,-26.558,-81.726,1.00000,90.000,-nan,-nan,-nan,0
2,2.20,9.590,0.5000,-26.557,-81.710,1.00000,90.000,-nan,-nan,-nan,0
2,2.20,9.600,0.5000,-26.556,-81.695,1.00000,90.000,-nan,-nan,-nan,0
2,2.20,9.610,0.5000,-26.555,-81.679,1.00000,90.000,-nan,-nan,-nan,0
2,2.20,9.620,0.5000,-26.554,-81.664,1.00000,90.000,-nan,-nan,-nan,0
2,2.20,9.630,0.5000,-26.553,-81.648,1.00000,90.000,-nan,-nan,-nan,0
2,2.20,9.640,0.5000,-26.552,-81.633,1.00000,90.000,-nan,-nan,-nan,0
2,2.20,9.650,0.5000,-26.551,-81.618,1.00000,90.000,-nan,-nan,-nan,0
2,2.20,9.660,0.5000,-26.550,-81.602,1.00000,90.000,-nan,-nan,-nan,0
2,2.20,9.670,0.5000,-26.549,-81.587,1.00000,90.000,-nan,-nan,-nan,0
2,2.20,9.680,0.5000,-26.548,-81.572,1.00000,90.000,-nan,-nan,-nan,0
2,2.20,9.690,0.5000,-26.547,-81.557,1.00000,90.000,-nan,-nan,-nan,0
2,2.20,9.700,0.5000,-26.546,-81.542,1.00000,90.000,-nan,-nan,-nan,0
2,2.20,9.710,0.5000,-26.545,-81.527,1.00000,90.000,-nan,-nan,-nan,0
2,2.20,9.720,0.5000,-26.544,-81.513,1.00000,90.000,-nan,-nan,-nan,0
2,2.20,9.730,0.5000,-26.543,-81.498,1.00000,90.000,-nan,-nan,-nan,0
2,2.20,9.740,0.5000,-26.542,-81.483,1.00000,90.000,-nan,-nan,-nan,0
2,2.20,9.750,0.5000,-26.541,-81.469,1.00000,90.000,-nan,-nan,-nan,0
2,2.20,9.760,0.5000,-26.540,-81.454,1.00000,90.000,-nan,-nan,-nan,0
2,2.20,9.770,0.5000,-26.539,-81.440,1.00000,90.000,-nan,-nan,-nan,0
2,2.20,9.780,0.5000,-26.538,-81.426,1.00000,90.000,-nan,-nan,-nan,0
2,2.20,9.790,0.5000,-26.537,-81.411,1.00000,90.000,-nan,-nan,-nan,0
2,2.20,9.800,0.5000,-26.536,-81.397,1.00000,90.000,-nan,-nan,-nan,0
2,2.20,9.810,0.5000,-26.535,-81.383,1.00000,90.000,-nan,-nan,-nan,0
2,2.20,9.820,0.5000,-26.534,-81.369,1.00000,90.000,-nan,-nan,-nan,0
2,2.20,9.830,0.5000,-26.533,-81.355,1.00000,90.000,-nan,-nan,-nan,0
2,2.20,9.840,0.5000,-26.532,-81.341,1.00000,90.000,-nan,-nan,-nan,0
2,2.20,9.850,0.5000,-26.531,-81.327,1.00000,90.000,-nan,-nan,-nan,0
2,2.20,9.860,0.5000,-26.530,-81.314,1.00000,90.000,-nan,-nan,-nan,0
2,2.20,9.870,0.5000,-26.529,-81.300,1.00000,90.000,-nan,-nan,-nan,0
2,2.20,9.880,0.5000,-26.529,-81.286,1.00000,90.000,-nan,-nan,-nan,0
2,2.20,9.890,0.5000,-26.528,-81.273,1.00000,90.000,-nan,-nan,-nan,0
2,2.20,9.900,0.5000,-26.527,-81.259,1.00000,90.000,-nan,-nan,-nan,0
2,2.20,9.910,0.5000,-26.526,-81.246,1.00000,90.000,-nan,-nan,-nan,0
2,2.20,9.920,0.5000,-26.525,-81.232,1.00000,90.000,-nan,-nan,-nan,0
2,2.20,9.930,0.5000,-26.524,-81.219,1.00000,90.000,-nan,-nan,-nan,0
2,2.20,9.940,0.5000,-26.523,-81.206,1.00000,90.000,-nan,-nan,-nan,0
2,2.20,9.950,0.5000,-26.522,-81.193,1.00000,90.000,-nan,-nan,-nan,0
2,2.20,9.960,0.5000,-26.521,-81.180,1.00000,90.000,-nan,-nan,-nan,0
2,2.20,9.970,0.5000,-26.520,-81.167,1.00000,90.000,-nan,-nan,-nan,0
2,2.20,9.980,0.5000,-26.520,-81.154,1.00000,90.000,-nan,-nan,-nan,0
2,2.20,9.990,0.5000,-26.519,-81.141,1.00000,90.000,-nan,-nan,-nan,0
2,2.20,10.000,0.5000,-26.518,-81.128,1.00000,90.000,-nan,-nan,-nan,0
3,2.20,0.000,0.5000,-52.000,-458.464,0.02618,1.500,180.00,0.00000,-0.02618,0
3,2.20,0.010,0.5000,-51.872,-456.569,1.00000,90.000,168.35,0.20194,-0.97940,0
3,2.20,0.020,0.5000,-51.745,-454.684,1.00000,90.000,156.65,0.39638,-0.91809,0
3,2.20,0.030,0.5000,-51.618,-452.808,1.00000,90.000,144.90,0.57507,-0.81810,0
3,2.20,0.040,0.5000,-51.492,-450.941,1.00000,90.000,133.09,0.73026,-0.68316,0
3,2.20,0.050,0.5000,-51.367,-449.084,1.00000,90.000,121.24,0.85504,-0.51856,0
3,2.20,0.060,0.5000,-51.242,-447.236,1.00000,90.000,109.33,0.94364,-0.33098,0
3,2.20,0.070,0.5000,-51.118,-445.397,1.00000,90.000,97.37,0.99174,-0.12825,0
3,2.20,0.080,0.5000,-50.994,-443.568,1.00000,90.000,85.36,0.99672,0.08095,0
3,2.20,0.090,0.5000,-50.871,-441.747,1.00000,90.000,73.29,0.95779,0.28748,0
3,2.20,0.100,0.5000,-50.749,-439.936,1.00000,90.000,61.18,0.87611,0.48212,0
3,2.20,0.110,0.5000,-50.627,-438.134,1.00000,90.000,49.01,0.75479,0.65597,0
3,2.20,0.120,0.5000,-50.506,-436.340,1.00000,90.000,36.78,0.59880,0.80090,0
3,2.20,0.130,0.5000,-50.385,-434.556,1.00000,90.000,24.51,0.41483,0.90990,0
3,2.20,0.140,0.5000,-50.266,-432.781,1.00000,90.000,12.18,0.21097,0.97749,0
3,2.20,0.150,0.5000,-50.146,-431.014,1.00000,90.000,359.80,-0.00355,0.99999,0
3,2.20,0.160,0.5000,-50.028,-429.256,1.00000,90.000,347.36,-0.21882,0.97577,0
3,2.20,0.170,0.5000,-49.909,-427.507,1.00000,90.000,334.87,-0.42467,0.90535,0
3,2.20,0.180,0.5000,-49.792,-425.767,1.00000,90.000,322.33,-0.61118,0.79150,0
3,2.20,0.190,0.5000,-49.675,-424.035,1.00000,90.000,309.73,-0.76910,0.63912,0
3,2.20,0.200,0.5000,-49.559,-422.312,1.00000,90.000,297.07,-0.89043,0.45513,0
3,2.20,0.210,0.5000,-49.443,-420.598,1.00000,90.000,284.36,-0.96874,0.24810,0
3,2.20,0.220,0.5000,-49.328,-418.892,1.00000,90.000,271.60,-0.99961,0.02795,0
3,2.20,0.230,0.5000,-49.213,-417.194,1.00000,90.000,258.78,-0.98090,-0.19452,0
3,2.20,0.240,0.5000,-49.099,-415.505,1.00000,90.000,245.91,-0.91290,-0.40818,0
3,2.20,0.250,0.5000,-48.985,-413.825,1.00000,90.000,232.98,-0.79843,-0.60209,0
3,2.20,0.260,0.5000,-48.873,-412.153,1.00000,90.000,220.00,-0.64272,-0.76610,0
3,2.20,0.270,0.5000,-48.760,-410.489,1.00000,90.000,206.95,-0.45328,-0.89137,0
3,2.20,0.280,0.5000,-48.648,-408.834,1.00000,90.000,193.86,-0.23950,-0.97090,0
3,2.20,0.290,0.5000,-48.537,-407.186,1.00000,90.000,180.70,-0.01227,-0.99992,0
3,2.20,0.300,0.5000,-48.426,-405.547,1.00000,90.000,167.49,0.21656,-0.97627,0
3,2.20,0.310,0.5000,-48.316,-403.917,1.00000,90.000,154.23,0.43482,-0.90052,0
3,2.20,0.320,0.5000,-48.207,-402.294,1.00000,90.000,140.90,0.63065,-0.77607,0
3,2.20,0.330,0.5000,-48.098,-400.679,1.00000,90.000,127.52,0.79313,-0.60905,0
3,2.20,0.340,0.5000,-47.989,-399.073,1.00000,90.000,114.08,0.91296,-0.40804,0
3,2.20,0.350,0.5000,-47.881,-397.474,1.00000,90.000,100.59,0.98298,-0.18371,0
3,2.20,0.360,0.5000,-47.774,-395.884,1.00000,90.000,87.03,0.99866,0.05178,0
3,2.20,0.370,0.5000,-47.667,-394.301,1.00000,90.000,73.42,0.95842,0.28536,0
3,2.20,0.380,0.5000,-47.561,-392.726,1.00000,90.000,59.75,0.86383,0.50378,0
3,2.20,0.390,0.5000,-47.455,-391.159,1.00000,90.000,46.02,0.71959,0.69440,0
3,2.20,0.400,0.5000,-47.350,-389.600,1.00000,90.000,32.23,0.53337,0.84588,0
3,2.20,0.410,0.5000,-47.245,-388.049,1.00000,90.000,18.39,0.31543,0.94895,0
3,2.20,0.420,0.5000,-47.141,-386.506,1.00000,90.000,4.48,0.07814,0.99694,0
3,2.20,0.430,0.5000,-47.037,-384.970,1.00000,90.000,350.52,-0.16475,0.98633,0
3,2.20,0.440,0.5000,-46.934,-383.442,1.00000,90.000,336.49,-0.39886,0.91701,0
3,2.20,0.450,0.5000,-46.831,-381.921,1.00000,90.000,322.41,-0.61002,0.79239,0
3,2.20,0.460,0.5000,-46.729,-380.408,1.00000,90.000,308.27,-0.78515,0.61931,0
3,2.20,0.470,0.5000,-46.627,-378.903,1.00000,90.000,294.06,-0.91311,0.40772,0
3,2.20,0.480,0.5000,-46.526,-377.405,1.00000,90.000,279.80,-0.98542,0.17017,0
3,2.20,0.490,0.5000,-46.425,-375.914,1.00000,90.000,265.47,-0.99688,-0.07893,0
3,2.20,0.500,0.5000,-46.325,-374.431,1.00000,90.000,251.09,-0.94601,-0.32412,0
3,2.20,0.510,0.5000,-46.225,-372.956,1.00000,90.000,236.64,-0.83524,-0.54988,0
3,2.20,0.520,0.5000,-46.126,-371.487,1.00000,90.000,222.13,-0.67086,-0.74158,0
3,2.20,0.530,0.5000,-46.028,-370.026,1.00000,90.000,207.56,-0.46275,-0.88649,0
3,2.20,0.540,0.5000,-45.930,-368.573,1.00000,90.000,192.93,-0.22383,-0.97463,0
3,2.20,0.550,0.5000,-45.832,-367.126,1.00000,90.000,178.24,0.03068,-0.99953,0
3,2.20,0.560,0.5000,-45.735,-365.687,1.00000,90.000,163.49,0.28423,-0.95876,0
3,2.20,0.570,0.5000,-45.638,-364.255,1.00000,90.000,148.67,0.51996,-0.85419,0
3,2.20,0.580,0.5000,-45.542,-362.830,1.00000,90.000,133.79,0.72186,-0.69204,0
3,2.20,0.590,0.5000,-45.446,-361.412,1.00000,90.000,118.85,0.87589,-0.48252,0
3,2.20,0.600,0.5000,-45.351,-360.002,1.00000,90.000,103.85,0.97095,-0.23930,0
3,2.20,0.610,0.5000,-45.256,-358.598,1.00000,90.000,88.78,0.99977,0.02133,0
3,2.20,0.620,0.5000,-45.162,-357.201,1.00000,90.000,73.65,0.95954,0.28156,0
3,2.20,0.630,0.5000,-45.068,-355.812,1.00000,90.000,58.45,0.85220,0.52321,0
3,2.20,0.640,0.5000,-44.974,-354.429,1.00000,90.000,43.19,0.68447,0.72905,0
3,2.20,0.650,0.5000,-44.881,-353.053,1.00000,90.000,27.87,0.46749,0.88400,0
3,2.20,0.660,0.5000,-44.789,-351.684,1.00000,90.000,12.48,0.21618,0.97635,0
3,2.20,0.670,0.5000,-44.697,-350.322,1.00000,90.000,357.03,-0.05175,0.99866,0
3,2.20,0.680,0.5000,-44.605,-348.967,1.00000,90.000,341.52,-0.31700,0.94843,0
3,2.20,0.690,0.5000,-44.514,-347.618,1.00000,90.000,325.94,-0.56009,0.82843,0
3,2.20,0.700,0.5000,-44.424,-346.276,1.00000,90.000,310.29,-0.76275,0.64669,0
3,2.20,0.710,0.5000,-44.334,-344.941,1.00000,90.000,294.58,-0.90937,0.41599,0
3,2.20,0.720,0.5000,-44.244,-343.612,1.00000,90.000,278.81,-0.98821,0.15309,0
3,2.20,0.730,0.5000,-44.155,-342.290,1.00000,90.000,262.96,-0.99247,-0.12249,0
3,2.20,0.740,0.5000,-44.066,-340.975,1.00000,90.000,247.06,-0.92089,-0.38983,0
3,2.20,0.750,0.5000,-43.977,-339.666,1.00000,90.000,231.08,-0.77805,-0.62821,0
3,2.20,0.760,0.5000,-43.889,-338.364,1.00000,90.000,215.04,-0.57417,-0.81873,0
3,2.20,0.770,0.5000,-43.802,-337.068,1.00000,90.000,198.93,-0.32449,-0.94589,0
3,2.20,0.780,0.5000,-43.715,-335.779,1.00000,90.000,182.76,-0.04817,-0.99884,0
3,2.20,0.790,0.5000,-43.628,-334.496,1.00000,90.000,166.52,0.23310,-0.97245,0
3,2.20,0.800,0.5000,-43.542,-333.220,1.00000,90.000,150.21,0.49679,-0.86787,0
3,2.20,0.810,0.5000,-43.456,-331.950,1.00000,90.000,133.84,0.72132,-0.69260,0
3,2.20,0.820,0.5000,-43.371,-330.686,1.00000,90.000,117.39,0.88787,-0.46010,0
3,2.20,0.830,0.5000,-43.286,-329.429,1.00000,90.000,100.88,0.98202,-0.18879,0
3,2.20,0.840,0.5000,-43.202,-328.177,1.00000,90.000,84.30,0.99506,0.09927,0
3,2.20,0.850,0.5000,-43.117,-326.932,1.00000,90.000,67.66,0.92491,0.38018,0
3,2.20,0.860,0.5000,-43.034,-325.694,1.00000,90.000,50.94,0.77647,0.63015,0
3,2.20,0.870,0.5000,-42.951,-324.461,1.00000,90.000,34.15,0.56142,0.82753,0
3,2.20,0.880,0.5000,-42.868,-323.235,1.00000,90.000,17.30,0.29737,0.95476,0
3,2.20,0.890,0.5000,-42.785,-322.015,1.00000,90.000,0.38,0.00656,0.99998,0
3,2.20,0.900,0.5000,-42.703,-320.800,1.00000,90.000,315.00,-0.70711,0.70711,0
3,2.20,0.910,0.5000,-42.622,-319.592,1.00000,90.000,-nan,-nan,-nan,0
3,2.20,0.920,0.5000,-42.541,-318.390,1.00000,90.000,-nan,-nan,-nan,0
3,2.20,0.930,0.5000,-42.460,-317.194,1.00000,90.000,-nan,-nan,-nan,0
3,2.20,0.940,0.5000,-42.379,-316.004,1.00000,90.000,-nan,-nan,-nan,0
3,2.20,0.950,0.5000,-42.299,-314.820,1.00000,90.000,-nan,-nan,-nan,0
3,2.20,0.960,0.5000,-42.220,-313.641,1.00000,90.000,-nan,-nan,-nan,0
3,2.20,0.970,0.5000,-42.141,-312.469,1.00000,90.000,-nan,-nan,-nan,0
3,2.20,0.980,0.5000,-42.062,-311.302,1.00000,90.000,-nan,-nan,-nan,0
3,2.20,0.990,0.5000,-41.984,-310.142,1.00000,90.000,-nan,-nan,-nan,0
3,2.20,1.000,0.5000,-41.906,-308.987,1.00000,90.000,-nan,-nan,-nan,0
3,2.20,1.010,0.5000,-41.828,-307.837,1.00000,90.000,-nan,-nan,-nan,0
3,2.20,1.020,0.5000,-41.751,-306.694,1.00000,90.000,-nan,-nan,-nan,0
3,2.20,1.030,0.5000,-41.674,-305.556,1.00000,90.000,-nan,-nan,-nan,0
3,2.20,1.040,0.5000,-41.597,-304.424,1.00000,90.000,-nan,-nan,-nan,0
3,2.20,1.050,0.5000,-41.521,-303.298,1.00000,90.000,-nan,-nan,-nan,0
3,2.20,1.060,0.5000,-41.446,-302.177,1.00000,90.000,-nan,-nan,-nan,0
3,2.20,1.070,0.5000,-41.370,-301.061,1.00000,90.000,-nan,-nan,-nan,0
3,2.20,1.080,0.5000,-41.295,-299.952,1.00000,90.000,-nan,-nan,-nan,0
3,2.20,1.090,0.5000,-41.221,-298.848,1.00000,90.000,-nan,-nan,-nan,0
3,2.20,1.100,0.5000,-41.147,-297.749,1.00000,90.000,-nan,-nan,-nan,0
3,2.20,1.110,0.5000,-41.073,-296.656,1.00000,90.000,-nan,-nan,-nan,0
3,2.20,1.120,0.5000,-40.999,-295.568,1.00000,90.000,-nan,-nan,-nan,0
3,2.20,1.130,0.5000,-40.926,-294.486,1.00000,90.000,-nan,-nan,-nan,0
3,2.20,1.140,0.5000,-40.854,-293.409,1.00000,90.000,-nan,-nan,-nan,0
3,2.20,1.150,0.5000,-40.781,-292.337,1.00000,90.000,-nan,-nan,-nan,0
3,2.20,1.160,0.5000,-40.709,-291.271,1.00000,90.000,-nan,-nan,-nan,0
3,2.20,1.170,0.5000,-40.638,-290.210,1.00000,90.000,-nan,-nan,-nan,0
3,2.20,1.180,0.5000,-40.566,-289.155,1.00000,90.000,-nan,-nan,-nan,0
3,2.20,1.190,0.5000,-40.495,-288.104,1.00000,90.000,-nan,-nan,-nan,0
3,2.20,1.200,0.5000,-40.425,-287.059,1.00000,90.000,-nan,-nan,-nan,0
3,2.20,1.210,0.5000,-40.355,-286.020,1.00000,90.000,-nan,-nan,-nan,0
3,2.20,1.220,0.5000,-40.285,-284.985,1.00000,90.000,-nan,-nan,-nan,0
3,2.20,1.230,0.5000,-40.215,-283.955,1.00000,90.000,-nan,-nan,-nan,0
3,2.20,1.240,0.5000,-40.146,-282.931,1.00000,90.000,-nan,-nan,-nan,0
3,2.20,1.250,0.5000,-40.077,-281.912,1.00000,90.000,-nan,-nan,-nan,0
3,2.20,1.260,0.5000,-40.009,-280.898,1.00000,90.000,-nan,-nan,-nan,0
3,2.20,1.270,0.5000,-39.940,-279.888,1.00000,90.000,-nan,-nan,-nan,0
3,2.20,1.280,0.5000,-39.873,-278.884,1.00000,90.000,-nan,-nan,-nan,0
3,2.20,1.290,0.5000,-39.805,-277.885,1.00000,90.000,-nan,-nan,-nan,0
3,2.20,1.300,0.5000,-39.738,-276.891,1.00000,90.000,-nan,-nan,-nan,0
3,2.20,1.310,0.5000,-39.671,-275.902,1.00000,90.000,-nan,-nan,-nan,0
3,2.20,1.320,0.5000,-39.605,-274.918,1.00000,90.000,-nan,-nan,-nan,0
3,2.20,1.330,0.5000,-39.539,-273.938,1.00000,90.000,-nan,-nan,-nan,0
3,2.20,1.340,0.5000,-39.473,-272.964,1.00000,90.000,-nan,-nan,-nan,0
3,2.20,1.350,0.5000,-39.407,-271.995,1.00000,90.000,-nan,-nan,-nan,0
3,2.20,1.360,0.5000,-39.342,-271.030,1.00000,90.000,-nan,-nan,-nan,0
3,2.20,1.370,0.5000,-39.277,-270.070,1.00000,90.000,-nan,-nan,-nan,0
3,2.20,1.380,0.5000,-39.213,-269.115,1.00000,90.000,-nan,-nan,-nan,0
3,2.20,1.390,0.5000,-39.149,-268.164,1.00000,90.000,-nan,-nan,-nan,0
3,2.20,1.400,0.5000,-39.085,-267.219,1.00000,90.000,-nan,-nan,-nan,0
3,2.20,1.410,0.5000,-39.021,-266.278,1.00000,90.000,-nan,-nan,-nan,0
3,2.20,1.420,0.5000,-38.958,-265.342,1.00000,90.000,-nan,-nan,-nan,0
3,2.20,1.430,0.5000,-38.895,-264.410,1.00000,90.000,-nan,-nan,-nan,0
3,2.20,1.440,0.5000,-38.833,-263.483,1.00000,90.000,-nan,-nan,-nan,0
3,2.20,1.450,0.5000,-38.770,-262.561,1.00000,90.000,-nan,-nan,-nan,0
3,2.20,1.460,0.5000,-38.708,-261.643,1.00000,90.000,-nan,-nan,-nan,0
3,2.20,1.470,0.5000,-38.647,-260.730,1.00000,90.000,-nan,-nan,-nan,0
3,2.20,1.480,0.5000,-38.585,-259.822,1.00000,90.000,-nan,-nan,-nan,0
3,2.20,1.490,0.5000,-38.524,-258.918,1.00000,90.000,-nan,-nan,-nan,0
3,2.20,1.500,0.5000,-38.464,-258.018,1.00000,90.000,-nan,-nan,-nan,0
3,2.20,1.510,0.5000,-38.403,-257.123,1.00000,90.000,-nan,-nan,-nan,0
3,2.20,1.520,0.5000,-38.343,-256.233,1.00000,90.000,-nan,-nan,-nan,0
3,2.20,1.530,0.5000,-38.283,-255.347,1.00000,90.000,-nan,-nan,-nan,0
3,2.20,1.540,0.5000,-38.224,-254.465,1.00000,90.000,-nan,-nan,-nan,0
3,2.20,1.550,0.5000,-38.164,-253.588,1.00000,90.000,-nan,-nan,-nan,0
3,2.20,1.560,0.5000,-38.105,-252.715,1.00000,90.000,-nan,-nan,-nan,0
3,2.20,1.570,0.5000,-38.047,-251.846,1.00000,90.000,-nan,-nan,-nan,0
3,2.20,1.580,0.5000,-37.988,-250.982,1.00000,90.000,-nan,-nan,-nan,0
3,2.20,1.590,0.5000,-37.930,-250.122,1.00000,90.000,-nan,-nan,-nan,0
3,2.20,1.600,0.5000,-37.873,-249.266,1.00000,90.000,-nan,-nan,-nan,0
3,2.20,1.610,0.5000,-37.815,-248.415,1.00000,90.000,-nan,-nan,-nan,0
3,2.20,1.620,0.5000,-37.758,-247.568,1.00000,90.000,-nan,-nan,-nan,0
3,2.20,1.630,0.5000,-37.701,-246.725,1.00000,90.000,-nan,-nan,-nan,0
3,2.20,1.640,0.5000,-37.644,-245.886,1.00000,90.000,-nan,-nan,-nan,0
3,2.20,1.650,0.5000,-37.588,-245.052,1.00000,90.000,-nan,-nan,-nan,0
3,2.20,1.660,0.5000,-37.532,-244.221,1.00000,90.000,-nan,-nan,-nan,0
3,2.20,1.670,0.5000,-37.476,-243.395,1.00000,90.000,-nan,-nan,-nan,0
3,2.20,1.680,0.5000,-37.421,-242.573,1.00000,90.000,-nan,-nan,-nan,0
3,2.20,1.690,0.5000,-37.365,-241.755,1.00000,90.000,-nan,-nan,-nan,0
3,2.20,1.700,0.5000,-37.310,-240.941,1.00000,90.000,-nan,-nan,-nan,0
3,2.20,1.710,0.5000,-37.256,-240.131,1.00000,90.000,-nan,-nan,-nan,0
3,2.20,1.720,0.5000,-37.201,-239.326,1.00000,90.000,-nan,-nan,-nan,0
3,2.20,1.730,0.5000,-37.147,-238.524,1.00000,90.000,-nan,-nan,-nan,0
3,2.20,1.740,0.5000,-37.093,-237.726,1.00000,90.000,-nan,-nan,-nan,0
3,2.20,1.750,0.5000,-37.040,-236.932,1.00000,90.000,-nan,-nan,-nan,0
3,2.20,1.760,0.5000,-36.986,-236.142,1.00000,90.000,-nan,-nan,-nan,0
3,2.20,1.770,0.5000,-36.933,-235.357,1.00000,90.000,-nan,-nan,-nan,0
3,2.20,1.780,0.5000,-36.880,-234.575,1.00000,90.000,-nan,-nan,-nan,0
3,2.20,1.790,0.5000,-36.828,-233.796,1.00000,90.000,-nan,-nan,-nan,0
3,2.20,1.800,0.5000,-36.776,-233.022,1.00000,90.000,-nan,-nan,-nan,0
3,2.20,1.810,0.5000,-36.724,-232.252,1.00000,90.000,-nan,-nan,-nan,0
3,2.20,1.820,0.5000,-36.672,-231.485,1.00000,90.000,-nan,-nan,-nan,0
3,2.20,1.830,0.5000,-36.620,-230.723,1.00000,90.000,-nan,-nan,-nan,0
3,2.20,1.840,0.5000,-36.569,-229.964,1.00000,90.000,-nan,-nan,-nan,0
3,2.20,1.850,0.5000,-36.518,-229.209,1.00000,90.000,-nan,-nan,-nan,0
3,2.20,1.860,0.5000,-36.467,-228.457,1.00000,90.000,-nan,-nan,-nan,0
3,2.20,1.870,0.5000,-36.417,-227.710,1.00000,90.000,-nan,-nan,-nan,0
3,2.20,1.880,0.5000,-36.367,-226.966,1.00000,90.000,-nan,-nan,-nan,0
3,2.20,1.890,0.5000,-36.317,-226.226,1.00000,90.000,-nan,-nan,-nan,0
3,2.20,1.900,0.5000,-36.267,-225.489,1.00000,90.000,-nan,-nan,-nan,0
3,2.20,1.910,0.5000,-36.217,-224.757,1.00000,90.000,-nan,-nan,-nan,0
3,2.20,1.920,0.5000,-36.168,-224.028,1.00000,90.000,-nan,-nan,-nan,0
3,2.20,1.930,0.5000,-36.119,-223.302,1.00000,90.000,-nan,-nan,-nan,0
3,2.20,1.940,0.5000,-36.070,-222.580,1.00000,90.000,-nan,-nan,-nan,0
3,2.20,1.950,0.5000,-36.022,-221.862,1.00000,90.000,-nan,-nan,-nan,0
3,2.20,1.960,0.5000,-35.974,-221.147,1.00000,90.000,-nan,-nan,-nan,0
3,2.20,1.970,0.5000,-35.926,-220.436,1.00000,90.000,-nan,-nan,-nan,0
3,2.20,1.980,0.5000,-35.878,-219.729,1.00000,90.000,-nan,-nan,-nan,0
3,2.20,1.990,0.5000,-35.830,-219.025,1.00000,90.000,-nan,-nan,-nan,0
3,2.20,2.000,0.5000,-35.783,-218.324,1.00000,90.000,-nan,-nan,-nan,0
3,2.20,2.010,0.5000,-35.736,-217.627,1.00000,90.000,-nan,-nan,-nan,0
3,2.20,2.020,0.5000,-35.689,-216.933,1.00000,90.000,-nan,-nan,-nan,0
3,2.20,2.030,0.5000,-35.642,-216.243,1.00000,90.000,-nan,-nan,-nan,0
3,2.20,2.040,0.5000,-35.596,-215.557,1.00000,90.000,-nan,-nan,-nan,0
3,2.20,2.050,0.5000,-35.550,-214.873,1.00000,90.000,-nan,-nan,-nan,0
3,2.20,2.060,0.5000,-35.504,-214.194,1.00000,90.000,-nan,-nan,-nan,0
3,2.20,2.070,0.5000,-35.458,-213.517,1.00000,90.000,-nan,-nan,-nan,0
3,2.20,2.080,0.5000,-35.413,-212.844,1.00000,90.000,-nan,-nan,-nan,0
3,2.20,2.090,0.5000,-35.368,-212.174,1.00000,90.000,-nan,-nan,-nan,0
3,2.20,2.100,0.5000,-35.323,-211.508,1.00000,90.000,-nan,-nan,-nan,0
3,2.20,2.110,0.5000,-35.278,-210.845,1.00000,90.000,-nan,-nan,-nan,0
3,2.20,2.120,0.5000,-35.233,-210.185,1.00000,90.000,-nan,-nan,-nan,0
3,2.20,2.130,0.5000,-35.189,-209.529,1.00000,90.000,-nan,-nan,-nan,0
3,2.20,2.140,0.5000,-35.145,-208.876,1.00000,90.000,-nan,-nan,-nan,0
3,2.20,2.150,0.5000,-35.101,-208.226,1.00000,90.000,-nan,-nan,-nan,0
3,2.20,2.160,0.5000,-35.057,-207.579,1.00000,90.000,-nan,-nan,-nan,0
3,2.20,2.170,0.5000,-35.014,-206.936,1.00000,90.000,-nan,-nan,-nan,0
3,2.20,2.180,0.5000,-34.971,-206.295,1.00000,90.000,-nan,-nan,-nan,0
3,2.20,2.190,0.5000,-34.928,-205.658,1.00000,90.000,-nan,-nan,-nan,0
3,2.20,2.200,0.5000,-34.885,-205.025,1.00000,90.000,-nan,-nan,-nan,0
3,2.20,2.210,0.5000,-34.842,-204.394,1.00000,90.000,-nan,-nan,-nan,0
3,2.20,2.220,0.5000,-34.800,-203.766,1.00000,90.000,-nan,-nan,-nan,0
3,2.20,2.230,0.5000,-34.758,-203.142,1.00000,90.000,-nan,-nan,-nan,0
3,2.20,2.240,0.5000,-34.716,-202.521,1.00000,90.000,-nan,-nan,-nan,0
3,2.20,2.250,0.5000,-34.674,-201.902,1.00000,90.000,-nan,-nan,-nan,0
3,2.20,2.260,0.5000,-34.632,-201.287,1.00000,90.000,-nan,-nan,-nan,0
3,2.20,2.270,0.5000,-34.591,-200.675,1.00000,90.000,-nan,-nan,-nan,0
3,2.20,2.280,0.5000,-34.550,-200.066,1.00000,90.000,-nan,-nan,-nan,0
3,2.20,2.290,0.5000,-34.509,-199.460,1.00000,90.000,-nan,-nan,-nan,0
3,2.20,2.300,0.5000,-34.468,-198.857,1.00000,90.000,-nan,-nan,-nan,0
3,2.20,2.310,0.5000,-34.428,-198.257,1.00000,90.000,-nan,-nan,-nan,0
3,2.20,2.320,0.5000,-34.387,-197.660,1.00000,90.000,-nan,-nan,-nan,0
3,2.20,2.330,0.5000,-34.347,-197.066,1.00000,90.000,-nan,-nan,-nan,0
3,2.20,2.340,0.5000,-34.307,-196.475,1.00000,90.000,-nan,-nan,-nan,0
3,2.20,2.350,0.5000,-34.268,-195.887,1.00000,90.000,-nan,-nan,-nan,0
3,2.20,2.360,0.5000,-34.228,-195.302,1.00000,90.000,-nan,-nan,-nan,0
3,2.20,2.370,0.5000,-34.189,-194.720,1.00000,90.000,-nan,-nan,-nan,0
3,2.20,2.380,0.5000,-34.150,-194.141,1.00000,90.000,-nan,-nan,-nan,0
3,2.20,2.390,0.5000,-34.111,-193.564,1.00000,90.000,-nan,-nan,-nan,0
3,2.20,2.400,0.5000,-34.072,-192.991,1.00000,90.000,-nan,-nan,-nan,0
3,2.20,2.410,0.5000,-34.034,-192.420,1.00000,90.000,-nan,-nan,-nan,0
3,2.20,2.420,0.5000,-33.995,-191.852,1.00000,90.000,-nan,-nan,-nan,0
3,2.20,2.430,0.5000,-33.957,-191.287,1.00000,90.000,-nan,-nan,-nan,0
3,2.20,2.440,0.5000,-33.919,-190.725,1.00000,90.000,-nan,-nan,-nan,0
3,2.20,2.450,0.5000,-33.881,-190.166,1.00000,90.000,-nan,-nan,-nan,0
3,2.20,2.460,0.5000,-33.844,-189.609,1.00000,90.000,-nan,-nan,-nan,0
3,2.20,2.470,0.5000,-33.806,-189.055,1.00000,90.000,-nan,-nan,-nan,0
3,2.20,2.480,0.5000,-33.769,-188.504,1.00000,90.000,-nan,-nan,-nan,0
3,2.20,2.490,0.5000,-33.732,-187.956,1.00000,90.000,-nan,-nan,-nan,0
3,2.20,2.500,0.5000,-33.695,-187.410,1.00000,90.000,-nan,-nan,-nan,0
3,2.20,2.510,0.5000,-33.659,-186.867,1.00000,90.000,-nan,-nan,-nan,0
3,2.20,2.520,0.5000,-33.622,-186.327,1.00000,90.000,-nan,-nan,-nan,0
3,2.20,2.530,0.5000,-33.586,-185.790,1.00000,90.000,-nan,-nan,-nan,0
3,2.20,2.540,0.5000,-33.550,-185.255,1.00000,90.000,-nan,-nan,-nan,0
3,2.20,2.550,0.5000,-33.514,-184.723,1.00000,90.000,-nan,-nan,-nan,0
3,2.20,2.560,0.5000,-33.478,-184.193,1.00000,90.000,-nan,-nan,-nan,0
3,2.20,2.570,0.5000,-33.442,-183.667,1.00000,90.000,-nan,-nan,-nan,0
3,2.20,2.580,0.5000,-33.407,-183.142,1.00000,90.000,-nan,-nan,-nan,0
3,2.20,2.590,0.5000,-33.372,-182.621,1.00000,90.000,-nan,-nan,-nan,0
3,2.20,2.600,0.5000,-33.337,-182.102,1.00000,90.000,-nan,-nan,-nan,0
3,2.20,2.610,0.5000,-33.302,-181.586,1.00000,90.000,-nan,-nan,-nan,0
3,2.20,2.620,0.5000,-33.267,-181.072,1.00000,90.000,-nan,-nan,-nan,0
3,2.20,2.630,0.5000,-33.233,-180.560,1.00000,90.000,-nan,-nan,-nan,0
3,2.20,2.640,0.5000,-33.198,-180.052,1.00000,90.000,-nan,-nan,-nan,0
3,2.20,2.650,0.5000,-33.164,-179.546,1.00000,90.000,-nan,-nan,-nan,0
3,2.20,2.660,0.5000,-33.130,-179.042,1.00000,90.000,-nan,-nan,-nan,0
3,2.20,2.670,0.5000,-33.096,-178.541,1.00000,90.000,-nan,-nan,-nan,0
3,2.20,2.680,0.5000,-33.063,-178.042,1.00000,90.000,-nan,-nan,-nan,0
3,2.20,2.690,0.5000,-33.029,-177.546,1.00000,90.000,-nan,-nan,-nan,0
3,2.20,2.700,0.5000,-32.996,-177.052,1.00000,90.000,-nan,-nan,-nan,0
3,2.20,2.710,0.5000,-32.963,-176.561,1.00000,90.000,-nan,-nan,-nan,0
3,2.20,2.720,0.5000,-32.930,-176.073,1.00000,90.000,-nan,-nan,-nan,0
3,2.20,2.730,0.5000,-32.897,-175.586,1.00000,90.000,-nan,-nan,-nan,0
3,2.20,2.740,0.5000,-32.864,-175.102,1.00000,90.000,-nan,-nan,-nan,0
3,2.20,2.750,0.5000,-32.832,-174.621,1.00000,90.000,-nan,-nan,-nan,0
3,2.20,2.760,0.5000,-32.799,-174.142,1.00000,90.000,-nan,-nan,-nan,0
3,2.20,2.770,0.5000,-32.767,-173.665,1.00000,90.000,-nan,-nan,-nan,0
3,2.20,2.780,0.5000,-32.735,-173.191,1.00000,90.000,-nan,-nan,-nan,0
3,2.20,2.790,0.5000,-32.703,-172.719,1.00000,90.000,-nan,-nan,-nan,0
3,2.20,2.800,0.5000,-32.671,-172.249,1.00000,90.000,-nan,-nan,-nan,0
3,2.20,2.810,0.5000,-32.640,-171.782,1.00000,90.000,-nan,-nan,-nan,0
3,2.20,2.820,0.5000,-32.608,-171.317,1.00000,90.000,-nan,-nan,-nan,0
3,2.20,2.830,0.5000,-32.577,-170.855,1.00000,90.000,-nan,-nan,-nan,0
3,2.20,2.840,0.5000,-32.546,-170.394,1.00000,90.000,-nan,-nan,-nan,0
3,2.20,2.850,0.5000,-32.515,-169.936,1.00000,90.000,-nan,-nan,-nan,0
3,2.20,2.860,0.5000,-32.484,-169.481,1.00000,90.000,-nan,-nan,-nan,0
3,2.20,2.870,0.5000,-32.454,-169.027,1.00000,90.000,-nan,-nan,-nan,0
3,2.20,2.880,0.5000,-32.423,-168.576,1.00000,90.000,-nan,-nan,-nan,0
3,2.20,2.890,0.5000,-32.393,-168.127,1.00000,90.000,-nan,-nan,-nan,0
3,2.20,2.900,0.5000,-32.363,-167.680,1.00000,90.000,-nan,-nan,-nan,0
3,2.20,2.910,0.5000,-32.333,-167.236,1.00000,90.000,-nan,-nan,-nan,0
3,2.20,2.920,0.5000,-32.303,-166.794,1.00000,90.000,-nan,-nan,-nan,0
3,2.20,2.930,0.5000,-32.273,-166.354,1.00000,90.000,-nan,-nan,-nan,0
3,2.20,2.940,0.5000,-32.244,-165.916,1.00000,90.000,-nan,-nan,-nan,0
3,2.20,2.950,0.5000,-32.214,-165.480,1.00000,90.000,-nan,-nan,-nan,0
3,2.20,2.960,0.5000,-32.185,-165.047,1.00000,90.000,-nan,-nan,-nan,0
3,2.20,2.970,0.5000,-32.156,-164.615,1.00000,90.000,-nan,-nan,-nan,0
3,2.20,2.980,0.5000,-32.127,-164.186,1.00000,90.000,-nan,-nan,-nan,0
3,2.20,2.990,0.5000,-32.098,-163.759,1.00000,90.000,-nan,-nan,-nan,0
3,2.20,3.000,0.5000,-32.069,-163.334,1.00000,90.000,-nan,-nan,-nan,0
3,2.20,3.010,0.5000,-32.041,-162.912,1.00000,90.000,-nan,-nan,-nan,0
3,2.20,3.020,0.5000,-32.012,-162.491,1.00000,90.000,-nan,-nan,-nan,0
3,2.20,3.030,0.5000,-31.984,-162.072,1.00000,90.000,-nan,-nan,-nan,0
3,2.20,3.040,0.5000,-31.956,-161.656,1.00000,90.000,-nan,-nan,-nan,0
3,2.20,3.050,0.5000,-31.928,-161.242,1.00000,90.000,-nan,-nan,-nan,0
3,2.20,3.060,0.5000,-31.900,-160.829,1.00000,90.000,-nan,-nan,-nan,0
3,2.20,3.070,0.5000,-31.873,-160.419,1.00000,90.000,-nan,-nan,-nan,0
3,2.20,3.080,0.5000,-31.845,-160.011,1.00000,90.000,-nan,-nan,-nan,0
3,2.20,3.090,0.5000,-31.818,-159.604,1.00000,90.000,-nan,-nan,-nan,0
3,2.20,3.100,0.5000,-31.790,-159.200,1.00000,90.000,-nan,-nan,-nan,0
3,2.20,3.110,0.5000,-31.763,-158.798,1.00000,90.000,-nan,-nan,-nan,0
3,2.20,3.120,0.5000,-31.736,-158.398,1.00000,90.000,-nan,-nan,-nan,0
3,2.20,3.130,0.5000,-31.709,-158.000,1.00000,90.000,-nan,-nan,-nan,0
3,2.20,3.140,0.5000,-31.682,-157.604,1.00000,90.000,-nan,-nan,-nan,0
3,2.20,3.150,0.5000,-31.656,-157.210,1.00000,90.000,-nan,-nan,-nan,0
3,2.20,3.160,0.5000,-31.629,-156.817,1.00000,90.000,-nan,-nan,-nan,0
3,2.20,3.170,0.5000,-31.603,-156.427,1.00000,90.000,-nan,-nan,-nan,0
3,2.20,3.180,0.5000,-31.577,-156.039,1.00000,90.000,-nan,-nan,-nan,0
3,2.20,3.190,0.5000,-31.551,-155.652,1.00000,90.000,-nan,-nan,-nan,0
3,2.20,3.200,0.5000,-31.525,-155.268,1.00000,90.000,-nan,-nan,-nan,0
3,2.20,3.210,0.5000,-31.499,-154.885,1.00000,90.000,-nan,-nan,-nan,0
3,2.20,3.220,0.5000,-31.473,-154.505,1.00000,90.000,-nan,-nan,-nan,0
3,2.20,3.230,0.5000,-31.448,-154.126,1.00000,90.000,-nan,-nan,-nan,0
3,2.20,3.240,0.5000,-31.422,-153.749,1.00000,90.000,-nan,-nan,-nan,0
3,2.20,3.250,0.5000,-31.397,-153.374,1.00000,90.000,-nan,-nan,-nan,0
3,2.20,3.260,0.5000,-31.372,-153.001,1.00000,90.000,-nan,-nan,-nan,0
3,2.20,3.270,0.5000,-31.347,-152.630,1.00000,90.000,-nan,-nan,-nan,0
3,2.20,3.280,0.5000,-31.322,-152.260,1.00000,90.000,-nan,-nan,-nan,0
3,2.20,3.290,0.5000,-31.297,-151.893,1.00000,90.000,-nan,-nan,-nan,0
3,2.20,3.300,0.5000,-31.272,-151.527,1.00000,90.000,-nan,-nan,-nan,0
3,2.20,3.310,0.5000,-31.247,-151.163,1.00000,90.000,-nan,-nan,-nan,0
3,2.20,3.320,0.5000,-31.223,-150.801,1.00000,90.000,-nan,-nan,-nan,0
3,2.20,3.330,0.5000,-31.199,-150.441,1.00000,90.000,-nan,-nan,-nan,0
3,2.20,3.340,0.5000,-31.174,-150.082,1.00000,90.000,-nan,-nan,-nan,0
3,2.20,3.350,0.5000,-31.150,-149.726,1.00000,90.000,-nan,-nan,-nan,0
3,2.20,3.360,0.5000,-31.126,-149.371,1.00000,90.000,-nan,-nan,-nan,0
3,2.20,3.370,0.5000,-31.103,-149.018,1.00000,90.000,-nan,-nan,-nan,0
3,2.20,3.380,0.5000,-31.079,-148.666,1.00000,90.000,-nan,-nan,-nan,0
3,2.20,3.390,0.5000,-31.055,-148.317,1.00000,90.000,-nan,-nan,-nan,0
3,2.20,3.400,0.5000,-31.032,-147.969,1.00000,90.000,-nan,-nan,-nan,0
3,2.20,3.410,0.5000,-31.008,-147.623,1.00000,90.000,-nan,-nan,-nan,0
3,2.20,3.420,0.5000,-30.985,-147.278,1.00000,90.000,-nan,-nan,-nan,0
3,2.20,3.430,0.5000,-30.962,-146.936,1.00000,90.000,-nan,-nan,-nan,0
3,2.20,3.440,0.5000,-30.939,-146.595,1.00000,90.000,-nan,-nan,-nan,0
3,2.20,3.450,0.5000,-30.916,-146.255,1.00000,90.000,-nan,-nan,-nan,0
3,2.20,3.460,0.5000,-30.893,-145.918,1.00000,90.000,-nan,-nan,-nan,0
3,2.20,3.470,0.5000,-30.871,-145.582,1.00000,90.000,-nan,-nan,-nan,0
3,2.20,3.480,0.5000,-30.848,-145.248,1.00000,90.000,-nan,-nan,-nan,0
3,2.20,3.490,0.5000,-30.826,-144.915,1.00000,90.000,-nan,-nan,-nan,0
3,2.20,3.500,0.5000,-30.803,-144.584,1.00000,90.000,-nan,-nan,-nan,0
3,2.20,3.510,0.5000,-30.781,-144.255,1.00000,90.000,-nan,-nan,-nan,0
3,2.20,3.520,0.5000,-30.759,-143.927,1.00000,90.000,-nan,-nan,-nan,0
3,2.20,3.530,0.5000,-30.737,-143.601,1.00000,90.000,-nan,-nan,-nan,0
3,2.20,3.540,0.5000,-30.715,-143.277,1.00000,90.000,-nan,-nan,-nan,0
3,2.20,3.550,0.5000,-30.693,-142.954,1.00000,90.000,-nan,-nan,-nan,0
3,2.20,3.560,0.5000,-30.671,-142.633,1.00000,90.000,-nan,-nan,-nan,0
3,2.20,3.570,0.5000,-30.650,-142.314,1.00000,90.000,-nan,-nan,-nan,0
3,2.20,3.580,0.5000,-30.628,-141.996,1.00000,90.000,-nan,-nan,-nan,0
3,2.20,3.590,0.5000,-30.607,-141.679,1.00000,90.000,-nan,-nan,-nan,0
3,2.20,3.600,0.5000,-30.586,-141.365,1.00000,90.000,-nan,-nan,-nan,0
3,2.20,3.610,0.5000,-30.565,-141.051,1.00000,90.000,-nan,-nan,-nan,0
3,2.20,3.620,0.5000,-30.544,-140.740,1.00000,90.000,-nan,-nan,-nan,0
3,2.20,3.630,0.5000,-30.523,-140.430,1.00000,90.000,-nan,-nan,-nan,0
3,2.20,3.640,0.5000,-30.502,-140.121,1.00000,90.000,-nan,-nan,-nan,0
3,2.20,3.650,0.5000,-30.481,-139.814,1.00000,90.000,-nan,-nan,-nan,0
3,2.20,3.660,0.5000,-30.460,-139.509,1.00000,90.000,-nan,-nan,-nan,0
3,2.20,3.670,0.5000,-30.440,-139.205,1.00000,90.000,-nan,-nan,-nan,0
3,2.20,3.680,0.5000,-30.419,-138.902,1.00000,90.000,-nan,-nan,-nan,0
3,2.20,3.690,0.5000,-30.399,-138.601,1.00000,90.000,-nan,-nan,-nan,0
3,2.20,3.700,0.5000,-30.379,-138.302,1.00000,90.000,-nan,-nan,-nan,0
3,2.20,3.710,0.5000,-30.359,-138.004,1.00000,90.000,-nan,-nan,-nan,0
3,2.20,3.720,0.5000,-30.339,-137.708,1.00000,90.000,-nan,-nan,-nan,0
3,2.20,3.730,0.5000,-30.319,-137.413,1.00000,90.000,-nan,-nan,-nan,0
3,2.20,3.740,0.5000,-30.299,-137.119,1.00000,90.000,-nan,-nan,-nan,0
3,2.20,3.750,0.5000,-30.279,-136.827,1.00000,90.000,-nan,-nan,-nan,0
3,2.20,3.760,0.5000,-30.260,-136.537,1.00000,90.000,-nan,-nan,-nan,0
3,2.20,3.770,0.5000,-30.240,-136.247,1.00000,90.000,-nan,-nan,-nan,0
3,2.20,3.780,0.5000,-30.221,-135.960,1.00000,90.000,-nan,-nan,-nan,0
3,2.20,3.790,0.5000,-30.201,-135.674,1.00000,90.000,-nan,-nan,-nan,0
3,2.20,3.800,0.5000,-30.182,-135.389,1.00000,90.000,-nan,-nan,-nan,0
3,2.20,3.810,0.5000,-30.163,-135.105,1.00000,90.000,-nan,-nan,-nan,0
3,2.20,3.820,0.5000,-30.144,-134.823,1.00000,90.000,-nan,-nan,-nan,0
3,2.20,3.830,0.5000,-30.125,-134.543,1.00000,90.000,-nan,-nan,-nan,0
3,2.20,3.840,0.5000,-30.106,-134.264,1.00000,90.000,-nan,-nan,-nan,0
3,2.20,3.850,0.5000,-30.087,-133.986,1.00000,90.000,-nan,-nan,-nan,0
3,2.20,3.860,0.5000,-30.069,-133.709,1.00000,90.000,-nan,-nan,-nan,0
3,2.20,3.870,0.5000,-30.050,-133.434,1.00000,90.000,-nan,-nan,-nan,0
3,2.20,3.880,0.5000,-30.032,-133.161,1.00000,90.000,-nan,-nan,-nan,0
3,2.20,3.890,0.5000,-30.013,-132.888,1.00000,90.000,-nan,-nan,-nan,0
3,2.20,3.900,0.5000,-29.995,-132.618,1.00000,90.000,-nan,-nan,-nan,0
3,2.20,3.910,0.5000,-29.977,-132.348,1.00000,90.000,-nan,-nan,-nan,0
3,2.20,3.920,0.5000,-29.959,-132.080,1.00000,90.000,-nan,-nan,-nan,0
3,2.20,3.930,0.5000,-29.941,-131.813,1.00000,90.000,-nan,-nan,-nan,0
3,2.20,3.940,0.5000,-29.923,-131.547,1.00000,90.000,-nan,-nan,-nan,0
3,2.20,3.950,0.5000,-29.905,-131.283,1.00000,90.000,-nan,-nan,-nan,0
3,2.20,3.960,0.5000,-29.887,-131.020,1.00000,90.000,-nan,-nan,-nan,0
3,2.20,3.970,0.5000,-29.869,-130.759,1.00000,90.000,-nan,-nan,-nan,0
3,2.20,3.980,0.5000,-29.852,-130.498,1.00000,90.000,-nan,-nan,-nan,0
3,2.20,3.990,0.5000,-29.834,-130.239,1.00000,90.000,-nan,-nan,-nan,0
3,2.20,4.000,0.5000,-29.817,-129.982,1.00000,90.000,-nan,-nan,-nan,0
3,2.20,4.010,0.5000,-29.800,-129.725,1.00000,90.000,-nan,-nan,-nan,0
3,2.20,4.020,0.5000,-29.782,-129.470,1.00000,90.000,-nan,-nan,-nan,0
3,2.20,4.030,0.5000,-29.765,-129.216,1.00000,90.000,-nan,-nan,-nan,0
3,2.20,4.040,0.5000,-29.748,-128.963,1.00000,90.000,-nan,-nan,-nan,0
3,2.20,4.050,0.5000,-29.731,-128.712,1.00000,90.000,-nan,-nan,-nan,0
3,2.20,4.060,0.5000,-29.714,-128.462,1.00000,90.000,-nan,-nan,-nan,0
3,2.20,4.070,0.5000,-29.698,-128.213,1.00000,90.000,-nan,-nan,-nan,0
3,2.20,4.080,0.5000,-29.681,-127.966,1.00000,90.000,-nan,-nan,-nan,0
3,2.20,4.090,0.5000,-29.664,-127.719,1.00000,90.000,-nan,-nan,-nan,0
3,2.20,4.100,0.5000,-29.648,-127.474,1.00000,90.000,-nan,-nan,-nan,0
3,2.20,4.110,0.5000,-29.631,-127.230,1.00000,90.000,-nan,-nan,-nan,0
3,2.20,4.120,0.5000,-29.615,-126.987,1.00000,90.000,-nan,-nan,-nan,0
3,2.20,4.130,0.5000,-29.599,-126.746,1.00000,90.000,-nan,-nan,-nan,0
3,2.20,4.140,0.5000,-29.582,-126.506,1.00000,90.000,-nan,-nan,-nan,0
3,2.20,4.150,0.5000,-29.566,-126.267,1.00000,90.000,-nan,-nan,-nan,0
3,2.20,4.160,0.5000,-29.550,-126.029,1.00000,90.000,-nan,-nan,-nan,0
3,2.20,4.170,0.5000,-29.534,-125.792,1.00000,90.000,-nan,-nan,-nan,0
3,2.20,4.180,0.5000,-29.518,-125.556,1.00000,90.000,-nan,-nan,-nan,0
3,2.20,4.190,0.5000,-29.502,-125.322,1.00000,90.000,-nan,-nan,-nan,0
3,2.20,4.200,0.5000,-29.487,-125.089,1.00000,90.000,-nan,-nan,-nan,0
3,2.20,4.210,0.5000,-29.471,-124.857,1.00000,90.000,-nan,-nan,-nan,0
3,2.20,4.220,0.5000,-29.455,-124.626,1.00000,90.000,-nan,-nan,-nan,0
3,2.20,4.230,0.5000,-29.440,-124.396,1.00000,90.000,-nan,-nan,-nan,0
3,2.20,4.240,0.5000,-29.424,-124.168,1.00000,90.000,-nan,-nan,-nan,0
3,2.20,4.250,0.5000,-29.409,-123.940,1.00000,90.000,-nan,-nan,-nan,0
3,2.20,4.260,0.5000,-29.394,-123.714,1.00000,90.000,-nan,-nan,-nan,0
3,2.20,4.270,0.5000,-29.379,-123.489,1.00000,90.000,-nan,-nan,-nan,0
3,2.20,4.280,0.5000,-29.363,-123.265,1.00000,90.000,-nan,-nan,-nan,0
3,2.20,4.290,0.5000,-29.348,-123.042,1.00000,90.000,-nan,-nan,-nan,0
3,2.20,4.300,0.5000,-29.333,-122.820,1.00000,90.000,-nan,-nan,-nan,0
3,2.20,4.310,0.5000,-29.318,-122.599,1.00000,90.000,-nan,-nan,-nan,0
3,2.20,4.320,0.5000,-29.304,-122.380,1.00000,90.000,-nan,-nan,-nan,0
3,2.20,4.330,0.5000,-29.289,-122.161,1.00000,90.000,-nan,-nan,-nan,0
3,2.20,4.340,0.5000,-29.274,-121.944,1.00000,90.000,-nan,-nan,-nan,0
3,2.20,4.350,0.5000,-29.260,-121.728,1.00000,90.000,-nan,-nan,-nan,0
3,2.20,4.360,0.5000,-29.245,-121.512,1.00000,90.000,-nan,-nan,-nan,0
3,2.20,4.370,0.5000,-29.231,-121.298,1.00000,90.000,-nan,-nan,-nan,0
3,2.20,4.380,0.5000,-29.216,-121.085,1.00000,90.000,-nan,-nan,-nan,0
3,2.20,4.390,0.5000,-29.202,-120.873,1.00000,90.000,-nan,-nan,-nan,0
3,2.20,4.400,0.5000,-29.188,-120.662,1.00000,90.000,-nan,-nan,-nan,0
3,2.20,4.410,0.5000,-29.173,-120.452,1.00000,90.000,-nan,-nan,-nan,0
3,2.20,4.420,0.5000,-29.159,-120.243,1.00000,90.000,-nan,-nan,-nan,0
3,2.20,4.430,0.5000,-29.145,-120.035,1.00000,90.000,-nan,-nan,-nan,0
3,2.20,4.440,0.5000,-29.131,-119.828,1.00000,90.000,-nan,-nan,-nan,0
3,2.20,4.450,0.5000,-29.117,-119.623,1.00000,90.000,-nan,-nan,-nan,0
3,2.20,4.460,0.5000,-29.104,-119.418,1.00000,90.000,-nan,-nan,-nan,0
3,2.20,4.470,0.5000,-29.090,-119.214,1.00000,90.000,-nan,-nan,-nan,0
3,2.20,4.480,0.5000,-29.076,-119.011,1.00000,90.000,-nan,-nan,-nan,0
3,2.20,4.490,0.5000,-29.063,-118.810,1.00000,90.000,-nan,-nan,-nan,0
3,2.20,4.500,0.5000,-29.049,-118.609,1.00000,90.000,-nan,-nan,-nan,0
3,2.20,4.510,0.5000,-29.036,-118.409,1.00000,90.000,-nan,-nan,-nan,0
3,2.20,4.520,0.5000,-29.022,-118.211,1.00000,90.000,-nan,-nan,-nan,0
3,2.20,4.530,0.5000,-29.009,-118.013,1.00000,90.000,-nan,-nan,-nan,0
3,2.20,4.540,0.5000,-28.995,-117.816,1.00000,90.000,-nan,-nan,-nan,0
3,2.20,4.550,0.5000,-28.982,-117.620,1.00000,90.000,-nan,-nan,-nan,0
3,2.20,4.560,0.5000,-28.969,-117.426,1.00000,90.000,-nan,-nan,-nan,0
3,2.20,4.570,0.5000,-28.956,-117.232,1.00000,90.000,-nan,-nan,-nan,0
3,2.20,4.580,0.5000,-28.943,-117.039,1.00000,90.000,-nan,-nan,-nan,0
3,2.20,4.590,0.5000,-28.930,-116.847,1.00000,90.000,-nan,-nan,-nan,0
3,2.20,4.600,0.5000,-28.917,-116.656,1.00000,90.000,-nan,-nan,-nan,0
3,2.20,4.610,0.5000,-28.904,-116.466,1.00000,90.000,-nan,-nan,-nan,0
3,2.20,4.620,0.5000,-28.892,-116.277,1.00000,90.000,-nan,-nan,-nan,0
3,2.20,4.630,0.5000,-28.879,-116.089,1.00000,90.000,-nan,-nan,-nan,0
3,2.20,4.640,0.5000,-28.866,-115.902,1.00000,90.000,-nan,-nan,-nan,0
3,2.20,4.650,0.5000,-28.854,-115.716,1.00000,90.000,-nan,-nan,-nan,0
3,2.20,4.660,0.5000,-28.841,-115.530,1.00000,90.000,-nan,-nan,-nan,0
3,2.20,4.670,0.5000,-28.829,-115.346,1.00000,90.000,-nan,-nan,-nan,0
3,2.20,4.680,0.5000,-28.816,-115.163,1.00000,90.000,-nan,-nan,-nan,0
3,2.20,4.690,0.5000,-28.804,-114.980,1.00000,90.000,-nan,-nan,-nan,0
3,2.20,4.700,0.5000,-28.792,-114.799,1.00000,90.000,-nan,-nan,-nan,0
3,2.20,4.710,0.5000,-28.779,-114.618,1.00000,90.000,-nan,-nan,-nan,0
3,2.20,4.720,0.5000,-28.767,-114.438,1.00000,90.000,-nan,-nan,-nan,0
3,2.20,4.730,0.5000,-28.755,-114.259,1.00000,90.000,-nan,-nan,-nan,0
3,2.20,4.740,0.5000,-28.743,-114.081,1.00000,90.000,-nan,-nan,-nan,0
3,2.20,4.750,0.5000,-28.731,-113.904,1.00000,90.000,-nan,-nan,-nan,0
3,2.20,4.760,0.5000,-28.719,-113.728,1.00000,90.000,-nan,-nan,-nan,0
3,2.20,4.770,0.5000,-28.708,-113.552,1.00000,90.000,-nan,-nan,-nan,0
3,2.20,4.780,0.5000,-28.696,-113.378,1.00000,90.000,-nan,-nan,-nan,0
3,2.20,4.790,0.5000,-28.684,-113.204,1.00000,90.000,-nan,-nan,-nan,0
3,2.20,4.800,0.5000,-28.672,-113.032,1.00000,90.000,-nan,-nan,-nan,0
3,2.20,4.810,0.5000,-28.661,-112.860,1.00000,90.000,-nan,-nan,-nan,0
3,2.20,4.820,0.5000,-28.649,-112.689,1.00000,90.000,-nan,-nan,-nan,0
3,2.20,4.830,0.5000,-28.638,-112.519,1.00000,90.000,-nan,-nan,-nan,0
3,2.20,4.840,0.5000,-28.626,-112.349,1.00000,90.000,-nan,-nan,-nan,0
3,2.20,4.850,0.5000,-28.615,-112.181,1.00000,90.000,-nan,-nan,-nan,0
3,2.20,4.860,0.5000,-28.604,-112.013,1.00000,90.000,-nan,-nan,-nan,0
3,2.20,4.870,0.5000,-28.592,-111.846,1.00000,90.000,-nan,-nan,-nan,0
3,2.20,4.880,0.5000,-28.581,-111.680,1.00000,90.000,-nan,-nan,-nan,0
3,2.20,4.890,0.5000,-28.570,-111.515,1.00000,90.000,-nan,-nan,-nan,0
3,2.20,4.900,0.5000,-28.559,-111.351,1.00000,90.000,-nan,-nan,-nan,0
3,2.20,4.910,0.5000,-28.548,-111.187,1.00000,90.000,-nan,-nan,-nan,0
3,2.20,4.920,0.5000,-28.537,-111.025,1.00000,90.000,-nan,-nan,-nan,0
3,2.20,4.930,0.5000,-28.526,-110.863,1.00000,90.000,-nan,-nan,-nan,0
3,2.20,4.940,0.5000,-28.515,-110.702,1.00000,90.000,-nan,-nan,-nan,0
3,2.20,4.950,0.5000,-28.504,-110.541,1.00000,90.000,-nan,-nan,-nan,0
3,2.20,4.960,0.5000,-28.493,-110.382,1.00000,90.000,-nan,-nan,-nan,0
3,2.20,4.970,0.5000,-28.483,-110.223,1.00000,90.000,-nan,-nan,-nan,0
3,2.20,4.980,0.5000,-28.472,-110.065,1.00000,90.000,-nan,-nan,-nan,0
3,2.20,4.990,0.5000,-28.461,-109.908,1.00000,90.000,-nan,-nan,-nan,0
3,2.20,5.000,0.5000,-28.451,-109.752,1.00000,90.000,-nan,-nan,-nan,0
3,2.20,5.010,0.5000,-28.440,-109.596,1.00000,90.000,-nan,-nan,-nan,0
3,2.20,5.020,0.5000,-28.430,-109.442,1.00000,90.000,-nan,-nan,-nan,0
3,2.20,5.030,0.5000,-28.420,-109.288,1.00000,90.000,-nan,-nan,-nan,0
3,2.20,5.040,0.5000,-28.409,-109.135,1.00000,90.000,-nan,-nan,-nan,0
3,2.20,5.050,0.5000,-28.399,-108.982,1.00000,90.000,-nan,-nan,-nan,0
3,2.20,5.060,0.5000,-28.389,-108.830,1.00000,90.000,-nan,-nan,-nan,0
3,2.20,5.070,0.5000,-28.378,-108.679,1.00000,90.000,-nan,-nan,-nan,0
3,2.20,5.080,0.5000,-28.368,-108.529,1.00000,90.000,-nan,-nan,-nan,0
3,2.20,5.090,0.5000,-28.358,-108.380,1.00000,90.000,-nan,-nan,-nan,0
3,2.20,5.100,0.5000,-28.348,-108.231,1.00000,90.000,-nan,-nan,-nan,0
3,2.20,5.110,0.5000,-28.338,-108.083,1.00000,90.000,-nan,-nan,-nan,0
3,2.20,5.120,0.5000,-28.328,-107.936,1.00000,90.000,-nan,-nan,-nan,0
3,2.20,5.130,0.5000,-28.318,-107.790,1.00000,90.000,-nan,-nan,-nan,0
3,2.20,5.140,0.5000,-28.309,-107.644,1.00000,90.000,-nan,-nan,-nan,0
3,2.20,5.150,0.5000,-28.299,-107.499,1.00000,90.000,-nan,-nan,-nan,0
3,2.20,5.160,0.5000,-28.289,-107.354,1.00000,90.000,-nan,-nan,-nan,0
3,2.20,5.170,0.5000,-28.279,-107.211,1.00000,90.000,-nan,-nan,-nan,0
3,2.20,5.180,0.5000,-28.270,-107.068,1.00000,90.000,-nan,-nan,-nan,0
3,2.20,5.190,0.5000,-28.260,-106.926,1.00000,90.000,-nan,-nan,-nan,0
3,2.20,5.200,0.5000,-28.250,-106.784,1.00000,90.000,-nan,-nan,-nan,0
3,2.20,5.210,0.5000,-28.241,-106.644,1.00000,90.000,-nan,-nan,-nan,0
3,2.20,5.220,0.5000,-28.232,-106.504,1.00000,90.000,-nan,-nan,-nan,0
3,2.20,5.230,0.5000,-28.222,-106.364,1.00000,90.000,-nan,-nan,-nan,0
3,2.20,5.240,0.5000,-28.213,-106.226,1.00000,90.000,-nan,-nan,-nan,0
3,2.20,5.250,0.5000,-28.203,-106.088,1.00000,90.000,-nan,-nan,-nan,0
3,2.20,5.260,0.5000,-28.194,-105.951,1.00000,90.000,-nan,-nan,-nan,0
3,2.20,5.270,0.5000,-28.185,-105.814,1.00000,90.000,-nan,-nan,-nan,0
3,2.20,5.280,0.5000,-28.176,-105.678,1.00000,90.000,-nan,-nan,-nan,0
3,2.20,5.290,0.5000,-28.167,-105.543,1.00000,90.000,-nan,-nan,-nan,0
3,2.20,5.300,0.5000,-28.158,-105.408,1.00000,90.000,-nan,-nan,-nan,0
3,2.20,5.310,0.5000,-28.149,-105.274,1.00000,90.000,-nan,-nan,-nan,0
3,2.20,5.320,0.5000,-28.140,-105.141,1.00000,90.000,-nan,-nan,-nan,0
3,2.20,5.330,0.5000,-28.131,-105.009,1.00000,90.000,-nan,-nan,-nan,0
3,2.20,5.340,0.5000,-28.122,-104.877,1.00000,90.000,-nan,-nan,-nan,0
3,2.20,5.350,0.5000,-28.113,-104.746,1.00000,90.000,-nan,-nan,-nan,0
3,2.20,5.360,0.5000,-28.104,-104.615,1.00000,90.000,-nan,-nan,-nan,0
3,2.20,5.370,0.5000,-28.095,-104.485,1.00000,90.000,-nan,-nan,-nan,0
3,2.20,5.380,0.5000,-28.086,-104.356,1.00000,90.000,-nan,-nan,-nan,0
3,2.20,5.390,0.5000,-28.078,-104.227,1.00000,90.000,-nan,-nan,-nan,0
3,2.20,5.400,0.5000,-28.069,-104.099,1.00000,90.000,-nan,-nan,-nan,0
3,2.20,5.410,0.5000,-28.061,-103.972,1.00000,90.000,-nan,-nan,-nan,0
3,2.20,5.420,0.5000,-28.052,-103.845,1.00000,90.000,-nan,-nan,-nan,0
3,2.20,5.430,0.5000,-28.043,-103.719,1.00000,90.000,-nan,-nan,-nan,0
3,2.20,5.440,0.5000,-28.035,-103.594,1.00000,90.000,-nan,-nan,-nan,0
3,2.20,5.450,0.5000,-28.027,-103.469,1.00000,90.000,-nan,-nan,-nan,0
3,2.20,5.460,0.5000,-28.018,-103.345,1.00000,90.000,-nan,-nan,-nan,0
3,2.20,5.470,0.5000,-28.010,-103.221,1.00000,90.000,-nan,-nan,-nan,0
3,2.20,5.480,0.5000,-28.002,-103.098,1.00000,90.000,-nan,-nan,-nan,0
3,2.20,5.490,0.5000,-27.993,-102.976,1.00000,90.000,-nan,-nan,-nan,0
3,2.20,5.500,0.5000,-27.985,-102.854,1.00000,90.000,-nan,-nan,-nan,0
3,2.20,5.510,0.5000,-27.977,-102.733,1.00000,90.000,-nan,-nan,-nan,0
3,2.20,5.520,0.5000,-27.969,-102.613,1.00000,90.000,-nan,-nan,-nan,0
3,2.20,5.530,0.5000,-27.961,-102.493,1.00000,90.000,-nan,-nan,-nan,0
3,2.20,5.540,0.5000,-27.953,-102.373,1.00000,90.000,-nan,-nan,-nan,0
3,2.20,5.550,0.5000,-27.945,-102.255,1.00000,90.000,-nan,-nan,-nan,0
3,2.20,5.560,0.5000,-27.937,-102.136,1.00000,90.000,-nan,-nan,-nan,0
3,2.20,5.570,0.5000,-27.929,-102.019,1.00000,90.000,-nan,-nan,-nan,0
3,2.20,5.580,0.5000,-27.921,-101.902,1.00000,90.000,-nan,-nan,-nan,0
3,2.20,5.590,0.5000,-27.913,-101.786,1.00000,90.000,-nan,-nan,-nan,0
3,2.20,5.600,0.5000,-27.905,-101.670,1.00000,90.000,-nan,-nan,-nan,0
3,2.20,5.610,0.5000,-27.897,-101.555,1.00000,90.000,-nan,-nan,-nan,0
3,2.20,5.620,0.5000,-27.890,-101.440,1.00000,90.000,-nan,-nan,-nan,0
3,2.20,5.630,0.5000,-27.882,-101.326,1.00000,90.000,-nan,-nan,-nan,0
3,2.20,5.640,0.5000,-27.874,-101.212,1.00000,90.000,-nan,-nan,-nan,0
3,2.20,5.650,0.5000,-27.867,-101.099,1.00000,90.000,-nan,-nan,-nan,0
3,2.20,5.660,0.5000,-27.859,-100.987,1.00000,90.000,-nan,-nan,-nan,0
3,2.20,5.670,0.5000,-27.851,-100.875,1.00000,90.000,-nan,-nan,-nan,0
3,2.20,5.680,0.5000,-27.844,-100.764,1.00000,90.000,-nan,-nan,-nan,0
3,2.20,5.690,0.5000,-27.836,-100.653,1.00000,90.000,-nan,-nan,-nan,0
3,2.20,5.700,0.5000,-27.829,-100.543,1.00000,90.000,-nan,-nan,-nan,0
3,2.20,5.710,0.5000,-27.822,-100.433,1.00000,90.000,-nan,-nan,-nan,0
3,2.20,5.720,0.5000,-27.814,-100.324,1.00000,90.000,-nan,-nan,-nan,0
3,2.20,5.730,0.5000,-27.807,-100.216,1.00000,90.000,-nan,-nan,-nan,0
3,2.20,5.740,0.5000,-27.800,-100.108,1.00000,90.000,-nan,-nan,-nan,0
3,2.20,5.750,0.5000,-27.792,-100.001,1.00000,90.000,-nan,-nan,-nan,0
3,2.20,5.760,0.5000,-27.785,-99.894,1.00000,90.000,-nan,-nan,-nan,0
3,2.20,5.770,0.5000,-27.778,-99.787,1.00000,90.000,-nan,-nan,-nan,0
3,2.20,5.780,0.5000,-27.771,-99.681,1.00000,90.000,-nan,-nan,-nan,0
3,2.20,5.790,0.5000,-27.764,-99.576,1.00000,90.000,-nan,-nan,-nan,0
3,2.20,5.800,0.5000,-27.757,-99.471,1.00000,90.000,-nan,-nan,-nan,0
3,2.20,5.810,0.5000,-27.750,-99.367,1.00000,90.000,-nan,-nan,-nan,0
3,2.20,5.820,0.5000,-27.743,-99.263,1.00000,90.000,-nan,-nan,-nan,0
3,2.20,5.830,0.5000,-27.736,-99.160,1.00000,90.000,-nan,-nan,-nan,0
3,2.20,5.840,0.5000,-27.729,-99.057,1.00000,90.000,-nan,-nan,-nan,0
3,2.20,5.850,0.5000,-27.722,-98.955,1.00000,90.000,-nan,-nan,-nan,0
3,2.20,5.860,0.5000,-27.715,-98.854,1.00000,90.000,-nan,-nan,-nan,0
3,2.20,5.870,0.5000,-27.708,-98.752,1.00000,90.000,-nan,-nan,-nan,0
3,2.20,5.880,0.5000,-27.701,-98.652,1.00000,90.000,-nan,-nan,-nan,0
3,2.20,5.890,0.5000,-27.695,-98.552,1.00000,90.000,-nan,-nan,-nan,0
3,2.20,5.900,0.5000,-27.688,-98.452,1.00000,90.000,-nan,-nan,-nan,0
3,2.20,5.910,0.5000,-27.681,-98.353,1.00000,90.000,-nan,-nan,-nan,0
3,2.20,5.920,0.5000,-27.674,-98.254,1.00000,90.000,-nan,-nan,-nan,0
3,2.20,5.930,0.5000,-27.668,-98.156,1.00000,90.000,-nan,-nan,-nan,0
3,2.20,5.940,0.5000,-27.661,-98.058,1.00000,90.000,-nan,-nan,-nan,0
3,2.20,5.950,0.5000,-27.655,-97.961,1.00000,90.000,-nan,-nan,-nan,0
3,2.20,5.960,0.5000,-27.648,-97.864,1.00000,90.000,-nan,-nan,-nan,0
3,2.20,5.970,0.5000,-27.642,-97.768,1.00000,90.000,-nan,-nan,-nan,0
3,2.20,5.980,0.5000,-27.635,-97.672,1.00000,90.000,-nan,-nan,-nan,0
3,2.20,5.990,0.5000,-27.629,-97.577,1.00000,90.000,-nan,-nan,-nan,0
3,2.20,6.000,0.5000,-27.622,-97.482,1.00000,90.000,-nan,-nan,-nan,0
3,2.20,6.010,0.5000,-27.616,-97.388,1.00000,90.000,-nan,-nan,-nan,0
3,2.20,6.020,0.5000,-27.610,-97.294,1.00000,90.000,-nan,-nan,-nan,0
3,2.20,6.030,0.5000,-27.603,-97.201,1.00000,90.000,-nan,-nan,-nan,0
3,2.20,6.040,0.5000,-27.597,-97.108,1.00000,90.000,-nan,-nan,-nan,0
3,2.20,6.050,0.5000,-27.591,-97.015,1.00000,90.000,-nan,-nan,-nan,0
3,2.20,6.060,0.5000,-27.585,-96.923,1.00000,90.000,-nan,-nan,-nan,0
3,2.20,6.070,0.5000,-27.578,-96.832,1.00000,90.000,-nan,-nan,-nan,0
3,2.20,6.080,0.5000,-27.572,-96.741,1.00000,90.000,-nan,-nan,-nan,0
3,2.20,6.090,0.5000,-27.566,-96.650,1.00000,90.000,-nan,-nan,-nan,0
3,2.20,6.100,0.5000,-27.560,-96.560,1.00000,90.000,-nan,-nan,-nan,0
3,2.20,6.110,0.5000,-27.554,-96.470,1.00000,90.000,-nan,-nan,-nan,0
3,2.20,6.120,0.5000,-27.548,-96.381,1.00000,90.000,-nan,-nan,-nan,0
3,2.20,6.130,0.5000,-27.542,-96.292,1.00000,90.000,-nan,-nan,-nan,0
3,2.20,6.140,0.5000,-27.536,-96.203,1.00000,90.000,-nan,-nan,-nan,0
3,2.20,6.150,0.5000,-27.530,-96.116,1.00000,90.000,-nan,-nan,-nan,0
3,2.20,6.160,0.5000,-27.524,-96.028,1.00000,90.000,-nan,-nan,-nan,0
3,2.20,6.170,0.5000,-27.518,-95.941,1.00000,90.000,-nan,-nan,-nan,0
3,2.20,6.180,0.5000,-27.512,-95.854,1.00000,90.000,-nan,-nan,-nan,0
3,2.20,6.190,0.5000,-27.507,-95.768,1.00000,90.000,-nan,-nan,-nan,0
3,2.20,6.200,0.5000,-27.501,-95.682,1.00000,90.000,-nan,-nan,-nan,0
3,2.20,6.210,0.5000,-27.495,-95.597,1.00000,90.000,-nan,-nan,-nan,0
3,2.20,6.220,0.5000,-27.489,-95.512,1.00000,90.000,-nan,-nan,-nan,0
3,2.20,6.230,0.5000,-27.484,-95.427,1.00000,90.000,-nan,-nan,-nan,0
3,2.20,6.240,0.5000,-27.478,-95.343,1.00000,90.000,-nan,-nan,-nan,0
3,2.20,6.250,0.5000,-27.472,-95.260,1.00000,90.000,-nan,-nan,-nan,0
3,2.20,6.260,0.5000,-27.467,-95.176,1.00000,90.000,-nan,-nan,-nan,0
3,2.20,6.270,0.5000,-27.461,-95.094,1.00000,90.000,-nan,-nan,-nan,0
3,2.20,6.280,0.5000,-27.455,-95.011,1.00000,90.000,-nan,-nan,-nan,0
3,2.20,6.290,0.5000,-27.450,-94.929,1.00000,90.000,-nan,-nan,-nan,0
3,2.20,6.300,0.5000,-27.444,-94.848,1.00000,90.000,-nan,-nan,-nan,0
3,2.20,6.310,0.5000,-27.439,-94.766,1.00000,90.000,-nan,-nan,-nan,0
3,2.20,6.320,0.5000,-27.433,-94.686,1.00000,90.000,-nan,-nan,-nan,0
3,2.20,6.330,0.5000,-27.428,-94.605,1.00000,90.000,-nan,-nan,-nan,0
3,2.20,6.340,0.5000,-27.423,-94.525,1.00000,90.000,-nan,-nan,-nan,0
3,2.20,6.350,0.5000,-27.417,-94.446,1.00000,90.000,-nan,-nan,-nan,0
3,2.20,6.360,0.5000,-27.412,-94.366,1.00000,90.000,-nan,-nan,-nan,0
3,2.20,6.370,0.5000,-27.407,-94.288,1.00000,90.000,-nan,-nan,-nan,0
3,2.20,6.380,0.5000,-27.401,-94.209,1.00000,90.000,-nan,-nan,-nan,0
3,2.20,6.390,0.5000,-27.396,-94.131,1.00000,90.000,-nan,-nan,-nan,0
3,2.20,6.400,0.5000,-27.391,-94.054,1.00000,90.000,-nan,-nan,-nan,0
3,2.20,6.410,0.5000,-27.386,-93.976,1.00000,90.000,-nan,-nan,-nan,0
3,2.20,6.420,0.5000,-27.380,-93.900,1.00000,90.000,-nan,-nan,-nan,0
3,2.20,6.430,0.5000,-27.375,-93.823,1.00000,90.000,-nan,-nan,-nan,0
3,2.20,6.440,0.5000,-27.370,-93.747,1.00000,90.000,-nan,-nan,-nan,0
3,2.20,6.450,0.5000,-27.365,-93.671,1.00000,90.000,-nan,-nan,-nan,0
3,2.20,6.460,0.5000,-27.360,-93.596,1.00000,90.000,-nan,-nan,-nan,0
3,2.20,6.470,0.5000,-27.355,-93.521,1.00000,90.000,-nan,-nan,-nan,0
3,2.20,6.480,0.5000,-27.350,-93.446,1.00000,90.000,-nan,-nan,-nan,0
3,2.20,6.490,0.5000,-27.345,-93.372,1.00000,90.000,-nan,-nan,-nan,0
3,2.20,6.500,0.5000,-27.340,-93.298,1.00000,90.000,-nan,-nan,-nan,0
3,2.20,6.510,0.5000,-27.335,-93.225,1.00000,90.000,-nan,-nan,-nan,0
3,2.20,6.520,0.5000,-27.330,-93.152,1.00000,90.000,-nan,-nan,-nan,0
3,2.20,6.530,0.5000,-27.325,-93.079,1.00000,90.000,-nan,-nan,-nan,0
3,2.20,6.540,0.5000,-27.320,-93.007,1.00000,90.000,-nan,-nan,-nan,0
3,2.20,6.550,0.5000,-27.315,-92.935,1.00000,90.000,-nan,-nan,-nan,0
3,2.20,6.560,0.5000,-27.310,-92.863,1.00000,90.000,-nan,-nan,-nan,0
3,2.20,6.570,0.5000,-27.306,-92.792,1.00000,90.000,-nan,-nan,-nan,0
3,2.20,6.580,0.5000,-27.301,-92.721,1.00000,90.000,-nan,-nan,-nan,0
3,2.20,6.590,0.5000,-27.296,-92.650,1.00000,90.000,-nan,-nan,-nan,0
3,2.20,6.600,0.5000,-27.291,-92.580,1.00000,90.000,-nan,-nan,-nan,0
3,2.20,6.610,0.5000,-27.287,-92.510,1.00000,90.000,-nan,-nan,-nan,0
3,2.20,6.620,0.5000,-27.282,-92.441,1.00000,90.000,-nan,-nan,-nan,0
3,2.20,6.630,0.5000,-27.277,-92.371,1.00000,90.000,-nan,-nan,-nan,0
3,2.20,6.640,0.5000,-27.273,-92.303,1.00000,90.000,-nan,-nan,-nan,0
3,2.20,6.650,0.5000,-27.268,-92.234,1.00000,90.000,-nan,-nan,-nan,0
3,2.20,6.660,0.5000,-27.263,-92.166,1.00000,90.000,-nan,-nan,-nan,0
3,2.20,6.670,0.5000,-27.259,-92.098,1.00000,90.000,-nan,-nan,-nan,0
3,2.20,6.680,0.5000,-27.254,-92.031,1.00000,90.000,-nan,-nan,-nan,0
3,2.20,6.690,0.5000,-27.250,-91.963,1.00000,90.000,-nan,-nan,-nan,0
3,2.20,6.700,0.5000,-27.245,-91.897,1.00000,90.000,-nan,-nan,-nan,0
3,2.20,6.710,0.5000,-27.241,-91.830,1.00000,90.000,-nan,-nan,-nan,0
3,2.20,6.720,0.5000,-27.236,-91.764,1.00000,90.000,-nan,-nan,-nan,0
3,2.20,6.730,0.5000,-27.232,-91.698,1.00000,90.000,-nan,-nan,-nan,0
3,2.20,6.740,0.5000,-27.227,-91.633,1.00000,90.000,-nan,-nan,-nan,0
3,2.20,6.750,0.5000,-27.223,-91.568,1.00000,90.000,-nan,-nan,-nan,0
3,2.20,6.760,0.5000,-27.218,-91.503,1.00000,90.000,-nan,-nan,-nan,0
3,2.20,6.770,0.5000,-27.214,-91.438,1.00000,90.000,-nan,-nan,-nan,0
3,2.20,6.780,0.5000,-27.210,-91.374,1.00000,90.000,-nan,-nan,-nan,0
3,2.20,6.790,0.5000,-27.205,-91.310,1.00000,90.000,-nan,-nan,-nan,0
3,2.20,6.800,0.5000,-27.201,-91.247,1.00000,90.000,-nan,-nan,-nan,0
3,2.20,6.810,0.5000,-27.197,-91.183,1.00000,90.000,-nan,-nan,-nan,0
3,2.20,6.820,0.5000,-27.193,-91.120,1.00000,90.000,-nan,-nan,-nan,0
3,2.20,6.830,0.5000,-27.188,-91.058,1.00000,90.000,-nan,-nan,-nan,0
3,2.20,6.840,0.5000,-27.184,-90.996,1.00000,90.000,-nan,-nan,-nan,0
3,2.20,6.850,0.5000,-27.180,-90.934,1.00000,90.000,-nan,-nan,-nan,0
3,2.20,6.860,0.5000,-27.176,-90.872,1.00000,90.000,-nan,-nan,-nan,0
3,2.20,6.870,0.5000,-27.172,-90.811,1.00000,90.000,-nan,-nan,-nan,0
3,2.20,6.880,0.5000,-27.168,-90.750,1.00000,90.000,-nan,-nan,-nan,0
3,2.20,6.890,0.5000,-27.164,-90.689,1.00000,90.000,-nan,-nan,-nan,0
3,2.20,6.900,0.5000,-27.159,-90.628,1.00000,90.000,-nan,-nan,-nan,0
3,2.20,6.910,0.5000,-27.155,-90.568,1.00000,90.000,-nan,-nan,-nan,0
3,2.20,6.920,0.5000,-27.151,-90.508,1.00000,90.000,-nan,-nan,-nan,0
3,2.20,6.930,0.5000,-27.147,-90.449,1.00000,90.000,-nan,-nan,-nan,0
3,2.20,6.940,0.5000,-27.143,-90.389,1.00000,90.000,-nan,-nan,-nan,0
3,2.20,6.950,0.5000,-27.139,-90.331,1.00000,90.000,-nan,-nan,-nan,0
3,2.20,6.960,0.5000,-27.135,-90.272,1.00000,90.000,-nan,-nan,-nan,0
3,2.20,6.970,0.5000,-27.131,-90.213,1.00000,90.000,-nan,-nan,-nan,0
3,2.20,6.980,0.5000,-27.127,-90.155,1.00000,90.000,-nan,-nan,-nan,0
3,2.20,6.990,0.5000,-27.124,-90.098,1.00000,90.000,-nan,-nan,-nan,0
3,2.20,7.000,0.5000,-27.120,-90.040,1.00000,90.000,-nan,-nan,-nan,0
3,2.20,7.010,0.5000,-27.116,-89.983,1.00000,90.000,-nan,-nan,-nan,0
3,2.20,7.020,0.5000,-27.112,-89.926,1.00000,90.000,-nan,-nan,-nan,0
3,2.20,7.030,0.5000,-27.108,-89.869,1.00000,90.000,-nan,-nan,-nan,0
3,2.20,7.040,0.5000,-27.104,-89.813,1.00000,90.000,-nan,-nan,-nan,0
3,2.20,7.050,0.5000,-27.101,-89.757,1.00000,90.000,-nan,-nan,-nan,0
3,2.20,7.060,0.5000,-27.097,-89.701,1.00000,90.000,-nan,-nan,-nan,0
3,2.20,7.070,0.5000,-27.093,-89.646,1.00000,90.000,-nan,-nan,-nan,0
3,2.20,7.080,0.5000,-27.089,-89.590,1.00000,90.000,-nan,-nan,-nan,0
3,2.20,7.090,0.5000,-27.086,-89.535,1.00000,90.000,-nan,-nan,-nan,0
3,2.20,7.100,0.5000,-27.082,-89.481,1.00000,90.000,-nan,-nan,-nan,0
3,2.20,7.110,0.5000,-27.078,-89.426,1.00000,90.000,-nan,-nan,-nan,0
3,2.20,7.120,0.5000,-27.075,-89.372,1.00000,90.000,-nan,-nan,-nan,0
3,2.20,7.130,0.5000,-27.071,-89.318,1.00000,90.000,-nan,-nan,-nan,0
3,2.20,7.140,0.5000,-27.067,-89.265,1.00000,90.000,-nan,-nan,-nan,0
3,2.20,7.150,0.5000,-27.064,-89.211,1.00000,90.000,-nan,-nan,-nan,0
3,2.20,7.160,0.5000,-27.060,-89.158,1.00000,90.000,-nan,-nan,-nan,0
3,2.20,7.170,0.5000,-27.057,-89.105,1.00000,90.000,-nan,-nan,-nan,0
3,2.20,7.180,0.5000,-27.053,-89.053,1.00000,90.000,-nan,-nan,-nan,0
3,2.20,7.190,0.5000,-27.050,-89.000,1.00000,90.000,-nan,-nan,-nan,0
3,2.20,7.200,0.5000,-27.046,-88.948,1.00000,90.000,-nan,-nan,-nan,0
3,2.20,7.210,0.5000,-27.042,-88.897,1.00000,90.000,-nan,-nan,-nan,0
3,2.20,7.220,0.5000,-27.039,-88.845,1.00000,90.000,-nan,-nan,-nan,0
3,2.20,7.230,0.5000,-27.036,-88.794,1.00000,90.000,-nan,-nan,-nan,0
3,2.20,7.240,0.5000,-27.032,-88.743,1.00000,90.000,-nan,-nan,-nan,0
3,2.20,7.250,0.5000,-27.029,-88.692,1.00000,90.000,-nan,-nan,-nan,0
3,2.20,7.260,0.5000,-27.025,-88.642,1.00000,90.000,-nan,-nan,-nan,0
3,2.20,7.270,0.5000,-27.022,-88.591,1.00000,90.000,-nan,-nan,-nan,0
3,2.20,7.280,0.5000,-27.019,-88.541,1.00000,90.000,-nan,-nan,-nan,0
3,2.20,7.290,0.5000,-27.015,-88.492,1.00000,90.000,-nan,-nan,-nan,0
3,2.20,7.300,0.5000,-27.012,-88.442,1.00000,90.000,-nan,-nan,-nan,0
3,2.20,7.310,0.5000,-27.008,-88.393,1.00000,90.000,-nan,-nan,-nan,0
3,2.20,7.320,0.5000,-27.005,-88.344,1.00000,90.000,-nan,-nan,-nan,0
3,2.20,7.330,0.5000,-27.002,-88.295,1.00000,90.000,-nan,-nan,-nan,0
3,2.20,7.340,0.5000,-26.999,-88.247,1.00000,90.000,-nan,-nan,-nan,0
3,2.20,7.350,0.5000,-26.995,-88.198,1.00000,90.000,-nan,-nan,-nan,0
3,2.20,7.360,0.5000,-26.992,-88.150,1.00000,90.000,-nan,-nan,-nan,0
3,2.20,7.370,0.5000,-26.989,-88.103,1.00000,90.000,-nan,-nan,-nan,0
3,2.20,7.380,0.5000,-26.986,-88.055,1.00000,90.000,-nan,-nan,-nan,0
3,2.20,7.390,0.5000,-26.982,-88.008,1.00000,90.000,-nan,-nan,-nan,0
3,2.20,7.400,0.5000,-26.979,-87.961,1.00000,90.000,-nan,-nan,-nan,0
3,2.20,7.410,0.5000,-26.976,-87.914,1.00000,90.000,-nan,-nan,-nan,0
3,2.20,7.420,0.5000,-26.973,-87.867,1.00000,90.000,-nan,-nan,-nan,0
3,2.20,7.430,0.5000,-26.970,-87.821,1.00000,90.000,-nan,-nan,-nan,0
3,2.20,7.440,0.5000,-26.967,-87.775,1.00000,90.000,-nan,-nan,-nan,0
3,2.20,7.450,0.5000,-26.964,-87.729,1.00000,90.000,-nan,-nan,-nan,0
3,2.20,7.460,0.5000,-26.961,-87.683,1.00000,90.000,-nan,-nan,-nan,0
3,2.20,7.470,0.5000,-26.957,-87.638,1.00000,90.000,-nan,-nan,-nan,0
3,2.20,7.480,0.5000,-26.954,-87.592,1.00000,90.000,-nan,-nan,-nan,0
3,2.20,7.490,0.5000,-26.951,-87.547,1.00000,90.000,-nan,-nan,-nan,0
3,2.20,7.500,0.5000,-26.948,-87.503,1.00000,90.000,-nan,-nan,-nan,0
3,2.20,7.510,0.5000,-26.945,-87.458,1.00000,90.000,-nan,-nan,-nan,0
3,2.20,7.520,0.5000,-26.942,-87.414,1.00000,90.000,-nan,-nan,-nan,0
3,2.20,7.530,0.5000,-26.939,-87.370,1.00000,90.000,-nan,-nan,-nan,0
3,2.20,7.540,0.5000,-26.936,-87.326,1.00000,90.000,-nan,-nan,-nan,0
3,2.20,7.550,0.5000,-26.933,-87.282,1.00000,90.000,-nan,-nan,-nan,0
3,2.20,7.560,0.5000,-26.931,-87.239,1.00000,90.000,-nan,-nan,-nan,0
3,2.20,7.570,0.5000,-26.928,-87.195,1.00000,90.000,-nan,-nan,-nan,0
3,2.20,7.580,0.5000,-26.925,-87.152,1.00000,90.000,-nan,-nan,-nan,0
3,2.20,7.590,0.5000,-26.922,-87.109,1.00000,90.000,-nan,-nan,-nan,0
3,2.20,7.600,0.5000,-26.919,-87.067,1.00000,90.000,-nan,-nan,-nan,0
3,2.20,7.610,0.5000,-26.916,-87.024,1.00000,90.000,-nan,-nan,-nan,0
3,2.20,7.620,0.5000,-26.913,-86.982,1.00000,90.000,-nan,-nan,-nan,0
3,2.20,7.630,0.5000,-26.910,-86.940,1.00000,90.000,-nan,-nan,-nan,0
3,2.20,7.640,0.5000,-26.908,-86.899,1.00000,90.000,-nan,-nan,-nan,0
3,2.20,7.650,0.5000,-26.905,-86.857,1.00000,90.000,-nan,-nan,-nan,0
3,2.20,7.660,0.5000,-26.902,-86.816,1.00000,90.000,-nan,-nan,-nan,0
3,2.20,7.670,0.5000,-26.899,-86.775,1.00000,90.000,-nan,-nan,-nan,0
3,2.20,7.680,0.5000,-26.896,-86.734,1.00000,90.000,-nan,-nan,-nan,0
3,2.20,7.690,0.5000,-26.894,-86.693,1.00000,90.000,-nan,-nan,-nan,0
3,2.20,7.700,0.5000,-26.891,-86.652,1.00000,90.000,-nan,-nan,-nan,0
3,2.20,7.710,0.5000,-26.888,-86.612,1.00000,90.000,-nan,-nan,-nan,0
3,2.20,7.720,0.5000,-26.885,-86.572,1.00000,90.000,-nan,-nan,-nan,0
3,2.20,7.730,0.5000,-26.883,-86.532,1.00000,90.000,-nan,-nan,-nan,0
3,2.20,7.740,0.5000,-26.880,-86.492,1.00000,90.000,-nan,-nan,-nan,0
3,2.20,7.750,0.5000,-26.877,-86.453,1.00000,90.000,-nan,-nan,-nan,0
3,2.20,7.760,0.5000,-26.875,-86.413,1.00000,90.000,-nan,-nan,-nan,0
3,2.20,7.770,0.5000,-26.872,-86.374,1.00000,90.000,-nan,-nan,-nan,0
3,2.20,7.780,0.5000,-26.870,-86.335,1.00000,90.000,-nan,-nan,-nan,0
3,2.20,7.790,0.5000,-26.867,-86.297,1.00000,90.000,-nan,-nan,-nan,0
3,2.20,7.800,0.5000,-26.864,-86.258,1.00000,90.000,-nan,-nan,-nan,0
3,2.20,7.810,0.5000,-26.862,-86.220,1.00000,90.000,-nan,-nan,-nan,0
3,2.20,7.820,0.5000,-26.859,-86.182,1.00000,90.000,-nan,-nan,-nan,0
3,2.20,7.830,0.5000,-26.857,-86.144,1.00000,90.000,-nan,-nan,-nan,0
3,2.20,7.840,0.5000,-26.854,-86.106,1.00000,90.000,-nan,-nan,-nan,0
3,2.20,7.850,0.5000,-26.851,-86.068,1.00000,90.000,-nan,-nan,-nan,0
3,2.20,7.860,0.5000,-26.849,-86.031,1.00000,90.000,-nan,-nan,-nan,0
3,2.20,7.870,0.5000,-26.846,-85.994,1.00000,90.000,-nan,-nan,-nan,0
3,2.20,7.880,0.5000,-26.844,-85.957,1.00000,90.000,-nan,-nan,-nan,0
3,2.20,7.890,0.5000,-26.841,-85.920,1.00000,90.000,-nan,-nan,-nan,0
3,2.20,7.900,0.5000,-26.839,-85.883,1.00000,90.000,-nan,-nan,-nan,0
3,2.20,7.910,0.5000,-26.837,-85.847,1.00000,90.000,-nan,-nan,-nan,0
3,2.20,7.920,0.5000,-26.834,-85.810,1.00000,90.000,-nan,-nan,-nan,0
3,2.20,7.930,0.5000,-26.832,-85.774,1.00000,90.000,-nan,-nan,-nan,0
3,2.20,7.940,0.5000,-26.829,-85.738,1.00000,90.000,-nan,-nan,-nan,0
3,2.20,7.950,0.5000,-26.827,-85.702,1.00000,90.000,-nan,-nan,-nan,0
3,2.20,7.960,0.5000,-26.824,-85.667,1.00000,90.000,-nan,-nan,-nan,0
3,2.20,7.970,0.5000,-26.822,-85.631,1.00000,90.000,-nan,-nan,-nan,0
3,2.20,7.980,0.5000,-26.820,-85.596,1.00000,90.000,-nan,-nan,-nan,0
3,2.20,7.990,0.5000,-26.817,-85.561,1.00000,90.000,-nan,-nan,-nan,0
3,2.20,8.000,0.5000,-26.815,-85.526,1.00000,90.000,-nan,-nan,-nan,0
3,2.20,8.010,0.5000,-26.813,-85.492,1.00000,90.000,-nan,-nan,-nan,0
3,2.20,8.020,0.5000,-26.810,-85.457,1.00000,90.000,-nan,-nan,-nan,0
3,2.20,8.030,0.5000,-26.808,-85.423,1.00000,90.000,-nan,-nan,-nan,0
3,2.20,8.040,0.5000,-26.806,-85.389,1.00000,90.000,-nan,-nan,-nan,0
3,2.20,8.050,0.5000,-26.803,-85.355,1.00000,90.000,-nan,-nan,-nan,0
3,2.20,8.060,0.5000,-26.801,-85.321,1.00000,90.000,-nan,-nan,-nan,0
3,2.20,8.070,0.5000,-26.799,-85.287,1.00000,90.000,-nan,-nan,-nan,0
3,2.20,8.080,0.5000,-26.796,-85.253,1.00000,90.000,-nan,-nan,-nan,0
3,2.20,8.090,0.5000,-26.794,-85.220,1.00000,90.000,-nan,-nan,-nan,0
3,2.20,8.100,0.5000,-26.792,-85.187,1.00000,90.000,-nan,-nan,-nan,0
3,2.20,8.110,0.5000,-26.790,-85.154,1.00000,90.000,-nan,-nan,-nan,0
3,2.20,8.120,0.5000,-26.788,-85.121,1.00000,90.000,-nan,-nan,-nan,0
3,2.20,8.130,0.5000,-26.785,-85.088,1.00000,90.000,-nan,-nan,-nan,0
3,2.20,8.140,0.5000,-26.783,-85.056,1.00000,90.000,-nan,-nan,-nan,0
3,2.20,8.150,0.5000,-26.781,-85.024,1.00000,90.000,-nan,-nan,-nan,0
3,2.20,8.160,0.5000,-26.779,-84.991,1.00000,90.000,-nan,-nan,-nan,0
3,2.20,8.170,0.5000,-26.777,-84.959,1.00000,90.000,-nan,-nan,-nan,0
3,2.20,8.180,0.5000,-26.774,-84.927,1.00000,90.000,-nan,-nan,-nan,0
3,2.20,8.190,0.5000,-26.772,-84.896,1.00000,90.000,-nan,-nan,-nan,0
3,2.20,8.200,0.5000,-26.770,-84.864,1.00000,90.000,-nan,-nan,-nan,0
3,2.20,8.210,0.5000,-26.768,-84.833,1.00000,90.000,-nan,-nan,-nan,0
3,2.20,8.220,0.5000,-26.766,-84.802,1.00000,90.000,-nan,-nan,-nan,0
3,2.20,8.230,0.5000,-26.764,-84.770,1.00000,90.000,-nan,-nan,-nan,0
3,2.20,8.240,0.5000,-26.762,-84.739,1.00000,90.000,-nan,-nan,-nan,0
3,2.20,8.250,0.5000,-26.760,-84.709,1.00000,90.000,-nan,-nan,-nan,0
3,2.20,8.260,0.5000,-26.758,-84.678,1.00000,90.000,-nan,-nan,-nan,0
3,2.20,8.270,0.5000,-26.756,-84.648,1.00000,90.000,-nan,-nan,-nan,0
3,2.20,8.280,0.5000,-26.754,-84.617,1.00000,90.000,-nan,-nan,-nan,0
3,2.20,8.290,0.5000,-26.751,-84.587,1.00000,90.000,-nan,-nan,-nan,0
3,2.20,8.300,0.5000,-26.749,-84.557,1.00000,90.000,-nan,-nan,-nan,0
3,2.20,8.310,0.5000,-26.747,-84.527,1.00000,90.000,-nan,-nan,-nan,0
3,2.20,8.320,0.5000,-26.745,-84.498,1.00000,90.000,-nan,-nan,-nan,0
3,2.20,8.330,0.5000,-26.743,-84.468,1.00000,90.000,-nan,-nan,-nan,0
3,2.20,8.340,0.5000,-26.741,-84.439,1.00000,90.000,-nan,-nan,-nan,0
3,2.20,8.350,0.5000,-26.739,-84.409,1.00000,90.000,-nan,-nan,-nan,0
3,2.20,8.360,0.5000,-26.737,-84.380,1.00000,90.000,-nan,-nan,-nan,0
3,2.20,8.370,0.5000,-26.736,-84.351,1.00000,90.000,-nan,-nan,-nan,0
3,2.20,8.380,0.5000,-26.734,-84.322,1.00000,90.000,-nan,-nan,-nan,0
3,2.20,8.390,0.5000,-26.732,-84.294,1.00000,90.000,-nan,-nan,-nan,0
3,2.20,8.400,0.5000,-26.730,-84.265,1.00000,90.000,-nan,-nan,-nan,0
3,2.20,8.410,0.5000,-26.728,-84.237,1.00000,90.000,-nan,-nan,-nan,0
3,2.20,8.420,0.5000,-26.726,-84.208,1.00000,90.000,-nan,-nan,-nan,0
3,2.20,8.430,0.5000,-26.724,-84.180,1.00000,90.000,-nan,-nan,-nan,0
3,2.20,8.440,0.5000,-26.722,-84.152,1.00000,90.000,-nan,-nan,-nan,0
3,2.20,8.450,0.5000,-26.720,-84.124,1.00000,90.000,-nan,-nan,-nan,0
3,2.20,8.460,0.5000,-26.718,-84.097,1.00000,90.000,-nan,-nan,-nan,0
3,2.20,8.470,0.5000,-26.716,-84.069,1.00000,90.000,-nan,-nan,-nan,0
3,2.20,8.480,0.5000,-26.715,-84.042,1.00000,90.000,-nan,-nan,-nan,0
3,2.20,8.490,0.5000,-26.713,-84.014,1.00000,90.000,-nan,-nan,-nan,0
3,2.20,8.500,0.5000,-26.711,-83.987,1.00000,90.000,-nan,-nan,-nan,0
3,2.20,8.510,0.5000,-26.709,-83.960,1.00000,90.000,-nan,-nan,-nan,0
3,2.20,8.520,0.5000,-26.707,-83.933,1.00000,90.000,-nan,-nan,-nan,0
3,2.20,8.530,0.5000,-26.706,-83.907,1.00000,90.000,-nan,-nan,-nan,0
3,2.20,8.540,0.5000,-26.704,-83.880,1.00000,90.000,-nan,-nan,-nan,0
3,2.20,8.550,0.5000,-26.702,-83.853,1.00000,90.000,-nan,-nan,-nan,0
3,2.20,8.560,0.5000,-26.700,-83.827,1.00000,90.000,-nan,-nan,-nan,0
3,2.20,8.570,0.5000,-26.698,-83.801,1.00000,90.000,-nan,-nan,-nan,0
3,2.20,8.580,0.5000,-26.697,-83.775,1.00000,90.000,-nan,-nan,-nan,0
3,2.20,8.590,0.5000,-26.695,-83.749,1.00000,90.000,-nan,-nan,-nan,0
3,2.20,8.600,0.5000,-26.693,-83.723,1.00000,90.000,-nan,-nan,-nan,0
3,2.20,8.610,0.5000,-26.691,-83.697,1.00000,90.000,-nan,-nan,-nan,0
3,2.20,8.620,0.5000,-26.690,-83.672,1.00000,90.000,-nan,-nan,-nan,0
3,2.20,8.630,0.5000,-26.688,-83.646,1.00000,90.000,-nan,-nan,-nan,0
3,2.20,8.640,0.5000,-26.686,-83.621,1.00000,90.000,-nan,-nan,-nan,0
3,2.20,8.650,0.5000,-26.685,-83.596,1.00000,90.000,-nan,-nan,-nan,0
3,2.20,8.660,0.5000,-26.683,-83.571,1.00000,90.000,-nan,-nan,-nan,0
3,2.20,8.670,0.5000,-26.681,-83.546,1.00000,90.000,-nan,-nan,-nan,0
3,2.20,8.680,0.5000,-26.679,-83.521,1.00000,90.000,-nan,-nan,-nan,0
3,2.20,8.690,0.5000,-26.678,-83.496,1.00000,90.000,-nan,-nan,-nan,0
3,2.20,8.700,0.5000,-26.676,-83.472,1.00000,90.000,-nan,-nan,-nan,0
3,2.20,8.710,0.5000,-26.674,-83.447,1.00000,90.000,-nan,-nan,-nan,0
3,2.20,8.720,0.5000,-26.673,-83.423,1.00000,90.000,-nan,-nan,-nan,0
3,2.20,8.730,0.5000,-26.671,-83.399,1.00000,90.000,-nan,-nan,-nan,0
3,2.20,8.740,0.5000,-26.670,-83.374,1.00000,90.000,-nan,-nan,-nan,0
3,2.20,8.750,0.5000,-26.668,-83.350,1.00000,90.000,-nan,-nan,-nan,0
3,2.20,8.760,0.5000,-26.666,-83.327,1.00000,90.000,-nan,-nan,-nan,0
3,2.20,8.770,0.5000,-26.665,-83.303,1.00000,90.000,-nan,-nan,-nan,0
3,2.20,8.780,0.5000,-26.663,-83.279,1.00000,90.000,-nan,-nan,-nan,0
3,2.20,8.790,0.5000,-26.662,-83.256,1.00000,90.000,-nan,-nan,-nan,0
3,2.20,8.800,0.5000,-26.660,-83.232,1.00000,90.000,-nan,-nan,-nan,0
3,2.20,8.810,0.5000,-26.658,-83.209,1.00000,90.000,-nan,-nan,-nan,0
3,2.20,8.820,0.5000,-26.657,-83.186,1.00000,90.000,-nan,-nan,-nan,0
3,2.20,8.830,0.5000,-26.655,-83.163,1.00000,90.000,-nan,-nan,-nan,0
3,2.20,8.840,0.5000,-26.654,-83.140,1.00000,90.000,-nan,-nan,-nan,0
3,2.20,8.850,0.5000,-26.652,-83.117,1.00000,90.000,-nan,-nan,-nan,0
3,2.20,8.860,0.5000,-26.651,-83.095,1.00000,90.000,-nan,-nan,-nan,0
3,2.20,8.870,0.5000,-26.649,-83.072,1.00000,90.000,-nan,-nan,-nan,0
3,2.20,8.880,0.5000,-26.648,-83.049,1.00000,90.000,-nan,-nan,-nan,0
3,2.20,8.890,0.5000,-26.646,-83.027,1.00000,90.000,-nan,-nan,-nan,0
3,2.20,8.900,0.5000,-26.645,-83.005,1.00000,90.000,-nan,-nan,-nan,0
3,2.20,8.910,0.5000,-26.643,-82.983,1.00000,90.000,-nan,-nan,-nan,0
3,2.20,8.920,0.5000,-26.642,-82.961,1.00000,90.000,-nan,-nan,-nan,0
3,2.20,8.930,0.5000,-26.640,-82.939,1.00000,90.000,-nan,-nan,-nan,0
3,2.20,8.940,0.5000,-26.639,-82.917,1.00000,90.000,-nan,-nan,-nan,0
3,2.20,8.950,0.5000,-26.637,-82.895,1.00000,90.000,-nan,-nan,-nan,0
3,2.20,8.960,0.5000,-26.636,-82.874,1.00000,90.000,-nan,-nan,-nan,0
3,2.20,8.970,0.5000,-26.634,-82.852,1.00000,90.000,-nan,-nan,-nan,0
3,2.20,8.980,0.5000,-26.633,-82.831,1.00000,90.000,-nan,-nan,-nan,0
3,2.20,8.990,0.5000,-26.631,-82.810,1.00000,90.000,-nan,-nan,-nan,0
3,2.20,9.000,0.5000,-26.630,-82.789,1.00000,90.000,-nan,-nan,-nan,0
3,2.20,9.010,0.5000,-26.629,-82.767,1.00000,90.000,-nan,-nan,-nan,0
3,2.20,9.020,0.5000,-26.627,-82.747,1.00000,90.000,-nan,-nan,-nan,0
3,2.20,9.030,0.5000,-26.626,-82.726,1.00000,90.000,-nan,-nan,-nan,0
3,2.20,9.040,0.5000,-26.624,-82.705,1.00000,90.000,-nan,-nan,-nan,0
3,2.20,9.050,0.5000,-26.623,-82.684,1.00000,90.000,-nan,-nan,-nan,0
3,2.20,9.060,0.5000,-26.622,-82.664,1.00000,90.000,-nan,-nan,-nan,0
3,2.20,9.070,0.5000,-26.620,-82.643,1.00000,90.000,-nan,-nan,-nan,0
3,2.20,9.080,0.5000,-26.619,-82.623,1.00000,90.000,-nan,-nan,-nan,0
3,2.20,9.090,0.5000,-26.617,-82.603,1.00000,90.000,-nan,-nan,-nan,0
3,2.20,9.100,0.5000,-26.616,-82.583,1.00000,90.000,-nan,-nan,-nan,0
3,2.20,9.110,0.5000,-26.615,-82.563,1.00000,90.000,-nan,-nan,-nan,0
3,2.20,9.120,0.5000,-26.613,-82.543,1.00000,90.000,-nan,-nan,-nan,0
3,2.20,9.130,0.5000,-26.612,-82.523,1.00000,90.000,-nan,-nan,-nan,0
3,2.20,9.140,0.5000,-26.611,-82.503,1.00000,90.000,-nan,-nan,-nan,0
3,2.20,9.150,0.5000,-26.609,-82.484,1.00000,90.000,-nan,-nan,-nan,0
3,2.20,9.160,0.5000,-26.608,-82.464,1.00000,90.000,-nan,-nan,-nan,0
3,2.20,9.170,0.5000,-26.607,-82.445,1.00000,90.000,-nan,-nan,-nan,0
3,2.20,9.180,0.5000,-26.605,-82.425,1.00000,90.000,-nan,-nan,-nan,0
3,2.20,9.190,0.5000,-26.604,-82.406,1.00000,90.000,-nan,-nan,-nan,0
3,2.20,9.200,0.5000,-26.603,-82.387,1.00000,90.000,-nan,-nan,-nan,0
3,2.20,9.210,0.5000,-26.602,-82.368,1.00000,90.000,-nan,-nan,-nan,0
3,2.20,9.220,0.5000,-26.600,-82.349,1.00000,90.000,-nan,-nan,-nan,0
3,2.20,9.230,0.5000,-26.599,-82.330,1.00000,90.000,-nan,-nan,-nan,0
3,2.20,9.240,0.5000,-26.598,-82.311,1.00000,90.000,-nan,-nan,-nan,0
3,2.20,9.250,0.5000,-26.597,-82.293,1.00000,90.000,-nan,-nan,-nan,0
3,2.20,9.260,0.5000,-26.595,-82.274,1.00000,90.000,-nan,-nan,-nan,0
3,2.20,9.270,0.5000,-26.594,-82.256,1.00000,90.000,-nan,-nan,-nan,0
3,2.20,9.280,0.5000,-26.593,-82.237,1.00000,90.000,-nan,-nan,-nan,0
3,2.20,9.290,0.5000,-26.592,-82.219,1.00000,90.000,-nan,-nan,-nan,0
3,2.20,9.300,0.5000,-26.590,-82.201,1.00000,90.000,-nan,-nan,-nan,0
3,2.20,9.310,0.5000,-26.589,-82.183,1.00000,90.000,-nan,-nan,-nan,0
3,2.20,9.320,0.5000,-26.588,-82.165,1.00000,90.000,-nan,-nan,-nan,0
3,2.20,9.330,0.5000,-26.587,-82.147,1.00000,90.000,-nan,-nan,-nan,0
3,2.20,9.340,0.5000,-26.585,-82.129,1.00000,90.000,-nan,-nan,-nan,0
3,2.20,9.350,0.5000,-26.584,-82.111,1.00000,90.000,-nan,-nan,-nan,0
3,2.20,9.360,0.5000,-26.583,-82.093,1.00000,90.000,-nan,-nan,-nan,0
3,2.20,9.370,0.5000,-26.582,-82.076,1.00000,90.000,-nan,-nan,-nan,0
3,2.20,9.380,0.5000,-26.581,-82.058,1.00000,90.000,-nan,-nan,-nan,0
3,2.20,9.390,0.5000,-26.580,-82.041,1.00000,90.000,-nan,-nan,-nan,0
3,2.20,9.400,0.5000,-26.578,-82.024,1.00000,90.000,-nan,-nan,-nan,0
3,2.20,9.410,0.5000,-26.577,-82.006,1.00000,90.000,-nan,-nan,-nan,0
3,2.20,9.420,0.5000,-26.576,-81.989,1.00000,90.000,-nan,-nan,-nan,0
3,2.20,9.430,0.5000,-26.575,-81.972,1.00000,90.000,-nan,-nan,-nan,0
3,2.20,9.440,0.5000,-26.574,-81.955,1.00000,90.000,-nan,-nan,-nan,0
3,2.20,9.450,0.5000,-26.573,-81.938,1.00000,90.000,-nan,-nan,-nan,0
3,2.20,9.460,0.5000,-26.571,-81.921,1.00000,90.000,-nan,-nan,-nan,0
3,2.20,9.470,0.5000,-26.570,-81.905,1.00000,90.000,-nan,-nan,-nan,0
3,2.20,9.480,0.5000,-26.569,-81.888,1.00000,90.000,-nan,-nan,-nan,0
3,2.20,9.490,0.5000,-26.568,-81.871,1.00000,90.000,-nan,-nan,-nan,0
3,2.20,9.500,0.5000,-26.567,-81.855,1.00000,90.000,-nan,-nan,-nan,0
3,2.20,9.510,0.5000,-26.566,-81.839,1.00000,90.000,-nan,-nan,-nan,0
3,2.20,9.520,0.5000,-26.565,-81.822,1.00000,90.000,-nan,-nan,-nan,0
3,2.20,9.530,0.5000,-26.564,-81.806,1.00000,90.000,-nan,-nan,-nan,0
3,2.20,9.540,0.5000,-26.563,-81.790,1.00000,90.000,-nan,-nan,-nan,0
3,2.20,9.550,0.5000,-26.561,-81.774,1.00000,90.000,-nan,-nan,-nan,0
3,2.20,9.560,0.5000,-26.560,-81.758,1.00000,90.000,-nan,-nan,-nan,0
3,2.20,9.570,0.5000,-26.559,-81.742,1.00000,90.000,-nan,-nan,-nan,0
3,2.20,9.580,0.5000,-26.558,-81.726,1.00000,90.000,-nan,-nan,-nan,0
3,2.20,9.590,0.5000,-26.557,-81.710,1.00000,90.000,-nan,-nan,-nan,0
3,2.20,9.600,0.5000,-26.556,-81.695,1.00000,90.000,-nan,-nan,-nan,0
3,2.20,9.610,0.5000,-26.555,-81.679,1.00000,90.000,-nan,-nan,-nan,0
3,2.20,9.620,0.5000,-26.554,-81.664,1.00000,90.000,-nan,-nan,-nan,0
3,2.20,9.630,0.5000,-26.553,-81.648,1.00000,90.000,-nan,-nan,-nan,0
3,2.20,9.640,0.5000,-26.552,-81.633,1.00000,90.000,-nan,-nan,-nan,0
3,2.20,9.650,0.5000,-26.551,-81.618,1.00000,90.000,-nan,-nan,-nan,0
3,2.20,9.660,0.5000,-26.550,-81.602,1.00000,90.000,-nan,-nan,-nan,0
3,2.20,9.670,0.5000,-26.549,-81.587,1.00000,90.000,-nan,-nan,-nan,0
3,2.20,9.680,0.5000,-26.548,-81.572,1.00000,90.000,-nan,-nan,-nan,0
3,2.20,9.690,0.5000,-26.547,-81.557,1.00000,90.000,-nan,-nan,-nan,0
3,2.20,9.700,0.5000,-26.546,-81.542,1.00000,90.000,-nan,-nan,-nan,0
3,2.20,9.710,0.5000,-26.545,-81.527,1.00000,90.000,-nan,-nan,-nan,0
3,2.20,9.720,0.5000,-26.544,-81.513,1.00000,90.000,-nan,-nan,-nan,0
3,2.20,9.730,0.5000,-26.543,-81.498,1.00000,90.000,-nan,-nan,-nan,0
3,2.20,9.740,0.5000,-26.542,-81.483,1.00000,90.000,-nan,-nan,-nan,0
3,2.20,9.750,0.5000,-26.541,-81.469,1.00000,90.000,-nan,-nan,-nan,0
3,2.20,9.760,0.5000,-26.540,-81.454,1.00000,90.000,-nan,-nan,-nan,0
3,2.20,9.770,0.5000,-26.539,-81.440,1.00000,90.000,-nan,-nan,-nan,0
3,2.20,9.780,0.5000,-26.538,-81.426,1.00000,90.000,-nan,-nan,-nan,0
3,2.20,9.790,0.5000,-26.537,-81.411,1.00000,90.000,-nan,-nan,-nan,0
3,2.20,9.800,0.5000,-26.536,-81.397,1.00000,90.000,-nan,-nan,-nan,0
3,2.20,9.810,0.5000,-26.535,-81.383,1.00000,90.000,-nan,-nan,-nan,0
3,2.20,9.820,0.5000,-26.534,-81.369,1.00000,90.000,-nan,-nan,-nan,0
3,2.20,9.830,0.5000,-26.533,-81.355,1.00000,90.000,-nan,-nan,-nan,0
3,2.20,9.840,0.5000,-26.532,-81.341,1.00000,90.000,-nan,-nan,-nan,0
3,2.20,9.850,0.5000,-26.531,-81.327,1.00000,90.000,-nan,-nan,-nan,0
3,2.20,9.860,0.5000,-26.530,-81.314,1.00000,90.000,-nan,-nan,-nan,0
3,2.20,9.870,0.5000,-26.529,-81.300,1.00000,90.000,-nan,-nan,-nan,0
3,2.20,9.880,0.5000,-26.529,-81.286,1.00000,90.000,-nan,-nan,-nan,0
3,2.20,9.890,0.5000,-26.528,-81.273,1.00000,90.000,-nan,-nan,-nan,0
3,2.20,9.900,0.5000,-26.527,-81.259,1.00000,90.000,-nan,-nan,-nan,0
3,2.20,9.910,0.5000,-26.526,-81.246,1.00000,90.000,-nan,-nan,-nan,0
3,2.20,9.920,0.5000,-26.525,-81.232,1.00000,90.000,-nan,-nan,-nan,0
3,2.20,9.930,0.5000,-26.524,-81.219,1.00000,90.000,-nan,-nan,-nan,0
3,2.20,9.940,0.5000,-26.523,-81.206,1.00000,90.000,-nan,-nan,-nan,0
3,2.20,9.950,0.5000,-26.522,-81.193,1.00000,90.000,-nan,-nan,-nan,0
3,2.20,9.960,0.5000,-26.521,-81.180,1.00000,90.000,-nan,-nan,-nan,0
3,2.20,9.970,0.5000,-26.520,-81.167,1.00000,90.000,-nan,-nan,-nan,0
3,2.20,9.980,0.5000,-26.520,-81.154,1.00000,90.000,-nan,-nan,-nan,0
3,2.20,9.990,0.5000,-26.519,-81.141,1.00000,90.000,-nan,-nan,-nan,0
3,2.20,10.000,0.5000,-26.518,-81.128,1.00000,90.000,-nan,-nan,-nan,0
4,2.20,0.000,0.5000,-52.000,-458.464,0.02618,1.500,270.00,-0.02618,-0.00000,0
4,2.20,0.010,0.5000,-51.872,-456.569,1.00000,90.000,257.93,-0.97789,-0.20911,0
4,2.20,0.020,0.5000,-51.745,-454.684,1.00000,90.000,246.23,-0.91516,-0.40309,0
4,2.20,0.030,0.5000,-51.618,-452.808,1.00000,90.000,234.48,-0.81387,-0.58105,0
4,2.20,0.040,0.5000,-51.492,-450.941,1.00000,90.000,222.67,-0.67779,-0.73525,0
4,2.20,0.050,0.5000,-51.367,-449.084,1.00000,90.000,210.82,-0.51228,-0.85882,0
4,2.20,0.060,0.5000,-51.242,-447.236,1.00000,90.000,198.91,-0.32405,-0.94604,0
4,2.20,0.070,0.5000,-51.118,-445.397,1.00000,90.000,186.95,-0.12098,-0.99265,0
4,2.20,0.080,0.5000,-50.994,-443.568,1.00000,90.000,174.94,0.08825,-0.99610,0
4,2.20,0.090,0.5000,-50.871,-441.747,1.00000,90.000,162.87,0.29449,-0.95565,0
4,2.20,0.100,0.5000,-50.749,-439.936,1.00000,90.000,150.76,0.48853,-0.87255,0
4,2.20,0.110,0.5000,-50.627,-438.134,1.00000,90.000,138.59,0.66149,-0.74996,0
4,2.20,0.120,0.5000,-50.506,-436.340,1.00000,90.000,126.36,0.80526,-0.59292,0
4,2.20,0.130,0.5000,-50.385,-434.556,1.00000,90.000,114.09,0.91292,-0.40815,0
4,2.20,0.140,0.5000,-50.266,-432.781,1.00000,90.000,101.76,0.97901,-0.20380,0
4,2.20,0.150,0.5000,-50.146,-431.014,1.00000,90.000,89.38,0.99994,0.01088,0
4,2.20,0.160,0.5000,-50.028,-429.256,1.00000,90.000,76.94,0.97414,0.22596,0
4,2.20,0.170,0.5000,-49.909,-427.507,1.00000,90.000,64.45,0.90221,0.43130,0
4,2.20,0.180,0.5000,-49.792,-425.767,1.00000,90.000,51.91,0.78699,0.61696,0
4,2.20,0.190,0.5000,-49.675,-424.035,1.00000,90.000,39.31,0.63347,0.77377,0
4,2.20,0.200,0.5000,-49.559,-422.312,1.00000,90.000,26.65,0.44859,0.89374,0
4,2.20,0.210,0.5000,-49.443,-420.598,1.00000,90.000,13.94,0.24099,0.97053,0
4,2.20,0.220,0.5000,-49.328,-418.892,1.00000,90.000,1.18,0.02062,0.99979,0
4,2.20,0.230,0.5000,-49.213,-417.194,1.00000,90.000,348.36,-0.20170,0.97945,0
4,2.20,0.240,0.5000,-49.099,-415.505,1.00000,90.000,335.49,-0.41486,0.90989,0
4,2.20,0.250,0.5000,-48.985,-413.825,1.00000,90.000,322.56,-0.60793,0.79399,0
4,2.20,0.260,0.5000,-48.873,-412.153,1.00000,90.000,309.58,-0.77079,0.63709,0
4,2.20,0.270,0.5000,-48.760,-410.489,1.00000,90.000,296.53,-0.89467,0.44673,0
4,2.20,0.280,0.5000,-48.648,-408.834,1.00000,90.000,283.44,-0.97263,0.23237,0
4,2.20,0.290,0.5000,-48.537,-407.186,1.00000,90.000,270.28,-0.99999,0.00494,0
4,2.20,0.300,0.5000,-48.426,-405.547,1.00000,90.000,257.07,-0.97466,-0.22371,0
4,2.20,0.310,0.5000,-48.316,-403.917,1.00000,90.000,243.81,-0.89730,-0.44141,0
4,2.20,0.320,0.5000,-48.207,-402.294,1.00000,90.000,230.48,-0.77142,-0.63632,0
4,2.20,0.330,0.5000,-48.098,-400.679,1.00000,90.000,217.10,-0.60322,-0.79758,0
4,2.20,0.340,0.5000,-47.989,-399.073,1.00000,90.000,203.66,-0.40134,-0.91593,0
4,2.20,0.350,0.5000,-47.881,-397.474,1.00000,90.000,190.17,-0.17650,-0.98430,0
4,2.20,0.360,0.5000,-47.774,-395.884,1.00000,90.000,176.61,0.05910,-0.99825,0
4,2.20,0.370,0.5000,-47.667,-394.301,1.00000,90.000,163.00,0.29238,-0.95630,0
4,2.20,0.380,0.5000,-47.561,-392.726,1.00000,90.000,149.33,0.51010,-0.86011,0
4,2.20,0.390,0.5000,-47.455,-391.159,1.00000,90.000,135.60,0.69965,-0.71448,0
4,2.20,0.400,0.5000,-47.350,-389.600,1.00000,90.000,121.81,0.84977,-0.52715,0
4,2.20,0.410,0.5000,-47.245,-388.049,1.00000,90.000,107.97,0.95123,-0.30847,0
4,2.20,0.420,0.5000,-47.141,-386.506,1.00000,90.000,94.06,0.99749,-0.07083,0
4,2.20,0.430,0.5000,-47.037,-384.970,1.00000,90.000,80.10,0.98510,0.17198,0
4,2.20,0.440,0.5000,-46.934,-383.442,1.00000,90.000,66.07,0.91406,0.40557,0
4,2.20,0.450,0.5000,-46.831,-381.921,1.00000,90.000,51.99,0.78789,0.61581,0
4,2.20,0.460,0.5000,-46.729,-380.408,1.00000,90.000,37.85,0.61353,0.78967,0
4,2.20,0.470,0.5000,-46.627,-378.903,1.00000,90.000,23.64,0.40102,0.91607,0
4,2.20,0.480,0.5000,-46.526,-377.405,1.00000,90.000,9.38,0.16294,0.98664,0
4,2.20,0.490,0.5000,-46.425,-375.914,1.00000,90.000,355.05,-0.08624,0.99627,0
4,2.20,0.500,0.5000,-46.325,-374.431,1.00000,90.000,340.67,-0.33105,0.94361,0
4,2.20,0.510,0.5000,-46.225,-372.956,1.00000,90.000,326.22,-0.55599,0.83119,0
4,2.20,0.520,0.5000,-46.126,-371.487,1.00000,90.000,311.71,-0.74648,0.66541,0
4,2.20,0.530,0.5000,-46.028,-370.026,1.00000,90.000,297.14,-0.88986,0.45624,0
4,2.20,0.540,0.5000,-45.930,-368.573,1.00000,90.000,282.51,-0.97624,0.21668,0
4,2.20,0.550,0.5000,-45.832,-367.126,1.00000,90.000,267.82,-0.99928,-0.03801,0
4,2.20,0.560,0.5000,-45.735,-365.687,1.00000,90.000,253.07,-0.95665,-0.29125,0
4,2.20,0.570,0.5000,-45.638,-364.255,1.00000,90.000,238.25,-0.85036,-0.52620,0
4,2.20,0.580,0.5000,-45.542,-362.830,1.00000,90.000,223.37,-0.68673,-0.72691,0
4,2.20,0.590,0.5000,-45.446,-361.412,1.00000,90.000,208.43,-0.47608,-0.87940,0
4,2.20,0.600,0.5000,-45.351,-360.002,1.00000,90.000,193.43,-0.23218,-0.97267,0
4,2.20,0.610,0.5000,-45.256,-358.598,1.00000,90.000,178.36,0.02866,-0.99959,0
4,2.20,0.620,0.5000,-45.162,-357.201,1.00000,90.000,163.23,0.28859,-0.95745,0
4,2.20,0.630,0.5000,-45.068,-355.812,1.00000,90.000,148.03,0.52945,-0.84834,0
4,2.20,0.640,0.5000,-44.974,-354.429,1.00000,90.000,132.77,0.73404,-0.67910,0
4,2.20,0.650,0.5000,-44.881,-353.053,1.00000,90.000,117.45,0.88740,-0.46100,0
4,2.20,0.660,0.5000,-44.789,-351.684,1.00000,90.000,102.06,0.97791,-0.20902,0
4,2.20,0.670,0.5000,-44.697,-350.322,1.00000,90.000,86.61,0.99825,0.05906,0
4,2.20,0.680,0.5000,-44.605,-348.967,1.00000,90.000,71.10,0.94608,0.32394,0
4,2.20,0.690,0.5000,-44.514,-347.618,1.00000,90.000,55.52,0.82431,0.56615,0
4,2.20,0.700,0.5000,-44.424,-346.276,1.00000,90.000,39.87,0.64108,0.76747,0
4,2.20,0.710,0.5000,-44.334,-344.941,1.00000,90.000,24.16,0.40932,0.91239,0
4,2.20,0.720,0.5000,-44.244,-343.612,1.00000,90.000,8.39,0.14584,0.98931,0
4,2.20,0.730,0.5000,-44.155,-342.290,1.00000,90.000,352.54,-0.12977,0.99154,0
4,2.20,0.740,0.5000,-44.066,-340.975,1.00000,90.000,336.64,-0.39657,0.91800,0
4,2.20,0.750,0.5000,-43.977,-339.666,1.00000,90.000,320.66,-0.63389,0.77342,0
4,2.20,0.760,0.5000,-43.889,-338.364,1.00000,90.000,304.62,-0.82292,0.56816,0
4,2.20,0.770,0.5000,-43.802,-337.068,1.00000,90.000,288.51,-0.94824,0.31755,0
4,2.20,0.780,0.5000,-43.715,-335.779,1.00000,90.000,272.34,-0.99917,0.04085,0
4,2.20,0.790,0.5000,-43.628,-334.496,1.00000,90.000,256.10,-0.97072,-0.24022,0
4,2.20,0.800,0.5000,-43.542,-333.220,1.00000,90.000,239.79,-0.86421,-0.50314,0
4,2.20,0.810,0.5000,-43.456,-331.950,1.00000,90.000,223.42,-0.68730,-0.72637,0
4,2.20,0.820,0.5000,-43.371,-330.686,1.00000,90.000,206.97,-0.45358,-0.89122,0
4,2.20,0.830,0.5000,-43.286,-329.429,1.00000,90.000,190.46,-0.18159,-0.98337,0
4,2.20,0.840,0.5000,-43.202,-328.177,1.00000,90.000,173.88,0.10656,-0.99431,0
4,2.20,0.850,0.5000,-43.117,-326.932,1.00000,90.000,157.24,0.38695,-0.92210,0
4,2.20,0.860,0.5000,-43.034,-325.694,1.00000,90.000,140.52,0.63582,-0.77183,0
4,2.20,0.870,0.5000,-42.951,-324.461,1.00000,90.000,123.73,0.83163,-0.55533,0
4,2.20,0.880,0.5000,-42.868,-323.235,1.00000,90.000,106.88,0.95692,-0.29036,0
4,2.20,0.890,0.5000,-42.785,-322.015,1.00000,90.000,89.96,1.00000,0.00076,0
4,2.20,0.900,0.5000,-42.703,-320.800,1.00000,90.000,45.00,0.70711,0.70711,0
4,2.20,0.910,0.5000,-42.622,-319.592,1.00000,90.000,-nan,-nan,-nan,0
4,2.20,0.920,0.5000,-42.541,-318.390,1.00000,90.000,-nan,-nan,-nan,0
4,2.20,0.930,0.5000,-42.460,-317.194,1.00000,90.000,-nan,-nan,-nan,0
4,2.20,0.940,0.5000,-42.379,-316.004,1.00000,90.000,-nan,-nan,-nan,0
4,2.20,0.950,0.5000,-42.299,-314.820,1.00000,90.000,-nan,-nan,-nan,0
4,2.20,0.960,0.5000,-42.220,-313.641,1.00000,90.000,-nan,-nan,-nan,0
4,2.20,0.970,0.5000,-42.141,-312.469,1.00000,90.000,-nan,-nan,-nan,0
4,2.20,0.980,0.5000,-42.062,-311.302,1.00000,90.000,-nan,-nan,-nan,0
4,2.20,0.990,0.5000,-41.984,-310.142,1.00000,90.000,-nan,-nan,-nan,0
4,2.20,1.000,0.5000,-41.906,-308.987,1.00000,90.000,-nan,-nan,-nan,0
4,2.20,1.010,0.5000,-41.828,-307.837,1.00000,90.000,-nan,-nan,-nan,0
4,2.20,1.020,0.5000,-41.751,-306.694,1.00000,90.000,-nan,-nan,-nan,0
4,2.20,1.030,0.5000,-41.674,-305.556,1.00000,90.000,-nan,-nan,-nan,0
4,2.20,1.040,0.5000,-41.597,-304.424,1.00000,90.000,-nan,-nan,-nan,0
4,2.20,1.050,0.5000,-41.521,-303.298,1.00000,90.000,-nan,-nan,-nan,0
4,2.20,1.060,0.5000,-41.446,-302.177,1.00000,90.000,-nan,-nan,-nan,0
4,2.20,1.070,0.5000,-41.370,-301.061,1.00000,90.000,-nan,-nan,-nan,0
4,2.20,1.080,0.5000,-41.295,-299.952,1.00000,90.000,-nan,-nan,-nan,0
4,2.20,1.090,0.5000,-41.221,-298.848,1.00000,90.000,-nan,-nan,-nan,0
4,2.20,1.100,0.5000,-41.147,-297.749,1.00000,90.000,-nan,-nan,-nan,0
4,2.20,1.110,0.5000,-41.073,-296.656,1.00000,90.000,-nan,-nan,-nan,0
4,2.20,1.120,0.5000,-40.999,-295.568,1.00000,90.000,-nan,-nan,-nan,0
4,2.20,1.130,0.5000,-40.926,-294.486,1.00000,90.000,-nan,-nan,-nan,0
4,2.20,1.140,0.5000,-40.854,-293.409,1.00000,90.000,-nan,-nan,-nan,0
4,2.20,1.150,0.5000,-40.781,-292.337,1.00000,90.000,-nan,-nan,-nan,0
4,2.20,1.160,0.5000,-40.709,-291.271,1.00000,90.000,-nan,-nan,-nan,0
4,2.20,1.170,0.5000,-40.638,-290.210,1.00000,90.000,-nan,-nan,-nan,0
4,2.20,1.180,0.5000,-40.566,-289.155,1.00000,90.000,-nan,-nan,-nan,0
4,2.20,1.190,0.5000,-40.495,-288.104,1.00000,90.000,-nan,-nan,-nan,0
4,2.20,1.200,0.5000,-40.425,-287.059,1.00000,90.000,-nan,-nan,-nan,0
4,2.20,1.210,0.5000,-40.355,-286.020,1.00000,90.000,-nan,-nan,-nan,0
4,2.20,1.220,0.5000,-40.285,-284.985,1.00000,90.000,-nan,-nan,-nan,0
4,2.20,1.230,0.5000,-40.215,-283.955,1.00000,90.000,-nan,-nan,-nan,0
4,2.20,1.240,0.5000,-40.146,-282.931,1.00000,90.000,-nan,-nan,-nan,0
4,2.20,1.250,0.5000,-40.077,-281.912,1.00000,90.000,-nan,-nan,-nan,0
4,2.20,1.260,0.5000,-40.009,-280.898,1.00000,90.000,-nan,-nan,-nan,0
4,2.20,1.270,0.5000,-39.940,-279.888,1.00000,90.000,-nan,-nan,-nan,0
4,2.20,1.280,0.5000,-39.873,-278.884,1.00000,90.000,-nan,-nan,-nan,0
4,2.20,1.290,0.5000,-39.805,-277.885,1.00000,90.000,-nan,-nan,-nan,0
4,2.20,1.300,0.5000,-39.738,-276.891,1.00000,90.000,-nan,-nan,-nan,0
4,2.20,1.310,0.5000,-39.671,-275.902,1.00000,90.000,-nan,-nan,-nan,0
4,2.20,1.320,0.5000,-39.605,-274.918,1.00000,90.000,-nan,-nan,-nan,0
4,2.20,1.330,0.5000,-39.539,-273.938,1.00000,90.000,-nan,-nan,-nan,0
4,2.20,1.340,0.5000,-39.473,-272.964,1.00000,90.000,-nan,-nan,-nan,0
4,2.20,1.350,0.5000,-39.407,-271.995,1.00000,90.000,-nan,-nan,-nan,0
4,2.20,1.360,0.5000,-39.342,-271.030,1.00000,90.000,-nan,-nan,-nan,0
4,2.20,1.370,0.5000,-39.277,-270.070,1.00000,90.000,-nan,-nan,-nan,0
4,2.20,1.380,0.5000,-39.213,-269.115,1.00000,90.000,-nan,-nan,-nan,0
4,2.20,1.390,0.5000,-39.149,-268.164,1.00000,90.000,-nan,-nan,-nan,0
4,2.20,1.400,0.5000,-39.085,-267.219,1.00000,90.000,-nan,-nan,-nan,0
4,2.20,1.410,0.5000,-39.021,-266.278,1.00000,90.000,-nan,-nan,-nan,0
4,2.20,1.420,0.5000,-38.958,-265.342,1.00000,90.000,-nan,-nan,-nan,0
4,2.20,1.430,0.5000,-38.895,-264.410,1.00000,90.000,-nan,-nan,-nan,0
4,2.20,1.440,0.5000,-38.833,-263.483,1.00000,90.000,-nan,-nan,-nan,0
4,2.20,1.450,0.5000,-38.770,-262.561,1.00000,90.000,-nan,-nan,-nan,0
4,2.20,1.460,0.5000,-38.708,-261.643,1.00000,90.000,-nan,-nan,-nan,0
4,2.20,1.470,0.5000,-38.647,-260.730,1.00000,90.000,-nan,-nan,-nan,0
4,2.20,1.480,0.5000,-38.585,-259.822,1.00000,90.000,-nan,-nan,-nan,0
4,2.20,1.490,0.5000,-38.524,-258.918,1.00000,90.000,-nan,-nan,-nan,0
4,2.20,1.500,0.5000,-38.464,-258.018,1.00000,90.000,-nan,-nan,-nan,0
4,2.20,1.510,0.5000,-38.403,-257.123,1.00000,90.000,-nan,-nan,-nan,0
4,2.20,1.520,0.5000,-38.343,-256.233,1.00000,90.000,-nan,-nan,-nan,0
4,2.20,1.530,0.5000,-38.283,-255.347,1.00000,90.000,-nan,-nan,-nan,0
4,2.20,1.540,0.5000,-38.224,-254.465,1.00000,90.000,-nan,-nan,-nan,0
4,2.20,1.550,0.5000,-38.164,-253.588,1.00000,90.000,-nan,-nan,-nan,0
4,2.20,1.560,0.5000,-38.105,-252.715,1.00000,90.000,-nan,-nan,-nan,0
4,2.20,1.570,0.5000,-38.047,-251.846,1.00000,90.000,-nan,-nan,-nan,0
4,2.20,1.580,0.5000,-37.988,-250.982,1.00000,90.000,-nan,-nan,-nan,0
4,2.20,1.590,0.5000,-37.930,-250.122,1.00000,90.000,-nan,-nan,-nan,0
4,2.20,1.600,0.5000,-37.873,-249.266,1.00000,90.000,-nan,-nan,-nan,0
4,2.20,1.610,0.5000,-37.815,-248.415,1.00000,90.000,-nan,-nan,-nan,0
4,2.20,1.620,0.5000,-37.758,-247.568,1.00000,90.000,-nan,-nan,-nan,0
4,2.20,1.630,0.5000,-37.701,-246.725,1.00000,90.000,-nan,-nan,-nan,0
4,2.20,1.640,0.5000,-37.644,-245.886,1.00000,90.000,-nan,-nan,-nan,0
4,2.20,1.650,0.5000,-37.588,-245.052,1.00000,90.000,-nan,-nan,-nan,0
4,2.20,1.660,0.5000,-37.532,-244.221,1.00000,90.000,-nan,-nan,-nan,0
4,2.20,1.670,0.5000,-37.476,-243.395,1.00000,90.000,-nan,-nan,-nan,0
4,2.20,1.680,0.5000,-37.421,-242.573,1.00000,90.000,-nan,-nan,-nan,0
4,2.20,1.690,0.5000,-37.365,-241.755,1.00000,90.000,-nan,-nan,-nan,0
4,2.20,1.700,0.5000,-37.310,-240.941,1.00000,90.000,-nan,-nan,-nan,0
4,2.20,1.710,0.5000,-37.256,-240.131,1.00000,90.000,-nan,-nan,-nan,0
4,2.20,1.720,0.5000,-37.201,-239.326,1.00000,90.000,-nan,-nan,-nan,0
4,2.20,1.730,0.5000,-37.147,-238.524,1.00000,90.000,-nan,-nan,-nan,0
4,2.20,1.740,0.5000,-37.093,-237.726,1.00000,90.000,-nan,-nan,-nan,0
4,2.20,1.750,0.5000,-37.040,-236.932,1.00000,90.000,-nan,-nan,-nan,0
4,2.20,1.760,0.5000,-36.986,-236.142,1.00000,90.000,-nan,-nan,-nan,0
4,2.20,1.770,0.5000,-36.933,-235.357,1.00000,90.000,-nan,-nan,-nan,0
4,2.20,1.780,0.5000,-36.880,-234.575,1.00000,90.000,-nan,-nan,-nan,0
4,2.20,1.790,0.5000,-36.828,-233.796,1.00000,90.000,-nan,-nan,-nan,0
4,2.20,1.800,0.5000,-36.776,-233.022,1.00000,90.000,-nan,-nan,-nan,0
4,2.20,1.810,0.5000,-36.724,-232.252,1.00000,90.000,-nan,-nan,-nan,0
4,2.20,1.820,0.5000,-36.672,-231.485,1.00000,90.000,-nan,-nan,-nan,0
4,2.20,1.830,0.5000,-36.620,-230.723,1.00000,90.000,-nan,-nan,-nan,0
4,2.20,1.840,0.5000,-36.569,-229.964,1.00000,90.000,-nan,-nan,-nan,0
4,2.20,1.850,0.5000,-36.518,-229.209,1.00000,90.000,-nan,-nan,-nan,0
4,2.20,1.860,0.5000,-36.467,-228.457,1.00000,90.000,-nan,-nan,-nan,0
4,2.20,1.870,0.5000,-36.417,-227.710,1.00000,90.000,-nan,-nan,-nan,0
4,2.20,1.880,0.5000,-36.367,-226.966,1.00000,90.000,-nan,-nan,-nan,0
4,2.20,1.890,0.5000,-36.317,-226.226,1.00000,90.000,-nan,-nan,-nan,0
4,2.20,1.900,0.5000,-36.267,-225.489,1.00000,90.000,-nan,-nan,-nan,0
4,2.20,1.910,0.5000,-36.217,-224.757,1.00000,90.000,-nan,-nan,-nan,0
4,2.20,1.920,0.5000,-36.168,-224.028,1.00000,90.000,-nan,-nan,-nan,0
4,2.20,1.930,0.5000,-36.119,-223.302,1.00000,90.000,-nan,-nan,-nan,0
4,2.20,1.940,0.5000,-36.070,-222.580,1.00000,90.000,-nan,-nan,-nan,0
4,2.20,1.950,0.5000,-36.022,-221.862,1.00000,90.000,-nan,-nan,-nan,0
4,2.20,1.960,0.5000,-35.974,-221.147,1.00000,90.000,-nan,-nan,-nan,0
4,2.20,1.970,0.5000,-35.926,-220.436,1.00000,90.000,-nan,-nan,-nan,0
4,2.20,1.980,0.5000,-35.878,-219.729,1.00000,90.000,-nan,-nan,-nan,0
4,2.20,1.990,0.5000,-35.830,-219.025,1.00000,90.000,-nan,-nan,-nan,0
4,2.20,2.000,0.5000,-35.783,-218.324,1.00000,90.000,-nan,-nan,-nan,0
4,2.20,2.010,0.5000,-35.736,-217.627,1.00000,90.000,-nan,-nan,-nan,0
4,2.20,2.020,0.5000,-35.689,-216.933,1.00000,90.000,-nan,-nan,-nan,0
4,2.20,2.030,0.5000,-35.642,-216.243,1.00000,90.000,-nan,-nan,-nan,0
4,2.20,2.040,0.5000,-35.596,-215.557,1.00000,90.000,-nan,-nan,-nan,0
4,2.20,2.050,0.5000,-35.550,-214.873,1.00000,90.000,-nan,-nan,-nan,0
4,2.20,2.060,0.5000,-35.504,-214.194,1.00000,90.000,-nan,-nan,-nan,0
4,2.20,2.070,0.5000,-35.458,-213.517,1.00000,90.000,-nan,-nan,-nan,0
4,2.20,2.080,0.5000,-35.413,-212.844,1.00000,90.000,-nan,-nan,-nan,0
4,2.20,2.090,0.5000,-35.368,-212.174,1.00000,90.000,-nan,-nan,-nan,0
4,2.20,2.100,0.5000,-35.323,-211.508,1.00000,90.000,-nan,-nan,-nan,0
4,2.20,2.110,0.5000,-35.278,-210.845,1.00000,90.000,-nan,-nan,-nan,0
4,2.20,2.120,0.5000,-35.233,-210.185,1.00000,90.000,-nan,-nan,-nan,0
4,2.20,2.130,0.5000,-35.189,-209.529,1.00000,90.000,-nan,-nan,-nan,0
4,2.20,2.140,0.5000,-35.145,-208.876,1.00000,90.000,-nan,-nan,-nan,0
4,2.20,2.150,0.5000,-35.101,-208.226,1.00000,90.000,-nan,-nan,-nan,0
4,2.20,2.160,0.5000,-35.057,-207.579,1.00000,90.000,-nan,-nan,-nan,0
4,2.20,2.170,0.5000,-35.014,-206.936,1.00000,90.000,-nan,-nan,-nan,0
4,2.20,2.180,0.5000,-34.971,-206.295,1.00000,90.000,-nan,-nan,-nan,0
4,2.20,2.190,0.5000,-34.928,-205.658,1.00000,90.000,-nan,-nan,-nan,0
4,2.20,2.200,0.5000,-34.885,-205.025,1.00000,90.000,-nan,-nan,-nan,0
4,2.20,2.210,0.5000,-34.842,-204.394,1.00000,90.000,-nan,-nan,-nan,0
4,2.20,2.220,0.5000,-34.800,-203.766,1.00000,90.000,-nan,-nan,-nan,0
4,2.20,2.230,0.5000,-34.758,-203.142,1.00000,90.000,-nan,-nan,-nan,0
4,2.20,2.240,0.5000,-34.716,-202.521,1.00000,90.000,-nan,-nan,-nan,0
4,2.20,2.250,0.5000,-34.674,-201.902,1.00000,90.000,-nan,-nan,-nan,0
4,2.20,2.260,0.5000,-34.632,-201.287,1.00000,90.000,-nan,-nan,-nan,0
4,2.20,2.270,0.5000,-34.591,-200.675,1.00000,90.000,-nan,-nan,-nan,0
4,2.20,2.280,0.5000,-34.550,-200.066,1.00000,90.000,-nan,-nan,-nan,0
4,2.20,2.290,0.5000,-34.509,-199.460,1.00000,90.000,-nan,-nan,-nan,0
4,2.20,2.300,0.5000,-34.468,-198.857,1.00000,90.000,-nan,-nan,-nan,0
4,2.20,2.310,0.5000,-34.428,-198.257,1.00000,90.000,-nan,-nan,-nan,0
4,2.20,2.320,0.5000,-34.387,-197.660,1.00000,90.000,-nan,-nan,-nan,0
4,2.20,2.330,0.5000,-34.347,-197.066,1.00000,90.000,-nan,-nan,-nan,0
4,2.20,2.340,0.5000,-34.307,-196.475,1.00000,90.000,-nan,-nan,-nan,0
4,2.20,2.350,0.5000,-34.268,-195.887,1.00000,90.000,-nan,-nan,-nan,0
4,2.20,2.360,0.5000,-34.228,-195.302,1.00000,90.000,-nan,-nan,-nan,0
4,2.20,2.370,0.5000,-34.189,-194.720,1.00000,90.000,-nan,-nan,-nan,0
4,2.20,2.380,0.5000,-34.150,-194.141,1.00000,90.000,-nan,-nan,-nan,0
4,2.20,2.390,0.5000,-34.111,-193.564,1.00000,90.000,-nan,-nan,-nan,0
4,2.20,2.400,0.5000,-34.072,-192.991,1.00000,90.000,-nan,-nan,-nan,0
4,2.20,2.410,0.5000,-34.034,-192.420,1.00000,90.000,-nan,-nan,-nan,0
4,2.20,2.420,0.5000,-33.995,-191.852,1.00000,90.000,-nan,-nan,-nan,0
4,2.20,2.430,0.5000,-33.957,-191.287,1.00000,90.000,-nan,-nan,-nan,0
4,2.20,2.440,0.5000,-33.919,-190.725,1.00000,90.000,-nan,-nan,-nan,0
4,2.20,2.450,0.5000,-33.881,-190.166,1.00000,90.000,-nan,-nan,-nan,0
4,2.20,2.460,0.5000,-33.844,-189.609,1.00000,90.000,-nan,-nan,-nan,0
4,2.20,2.470,0.5000,-33.806,-189.055,1.00000,90.000,-nan,-nan,-nan,0
4,2.20,2.480,0.5000,-33.769,-188.504,1.00000,90.000,-nan,-nan,-nan,0
4,2.20,2.490,0.5000,-33.732,-187.956,1.00000,90.000,-nan,-nan,-nan,0
4,2.20,2.500,0.5000,-33.695,-187.410,1.00000,90.000,-nan,-nan,-nan,0
4,2.20,2.510,0.5000,-33.659,-186.867,1.00000,90.000,-nan,-nan,-nan,0
4,2.20,2.520,0.5000,-33.622,-186.327,1.00000,90.000,-nan,-nan,-nan,0
4,2.20,2.530,0.5000,-33.586,-185.790,1.00000,90.000,-nan,-nan,-nan,0
4,2.20,2.540,0.5000,-33.550,-185.255,1.00000,90.000,-nan,-nan,-nan,0
4,2.20,2.550,0.5000,-33.514,-184.723,1.00000,90.000,-nan,-nan,-nan,0
4,2.20,2.560,0.5000,-33.478,-184.193,1.00000,90.000,-nan,-nan,-nan,0
4,2.20,2.570,0.5000,-33.442,-183.667,1.00000,90.000,-nan,-nan,-nan,0
4,2.20,2.580,0.5000,-33.407,-183.142,1.00000,90.000,-nan,-nan,-nan,0
4,2.20,2.590,0.5000,-33.372,-182.621,1.00000,90.000,-nan,-nan,-nan,0
4,2.20,2.600,0.5000,-33.337,-182.102,1.00000,90.000,-nan,-nan,-nan,0
4,2.20,2.610,0.5000,-33.302,-181.586,1.00000,90.000,-nan,-nan,-nan,0
4,2.20,2.620,0.5000,-33.267,-181.072,1.00000,90.000,-nan,-nan,-nan,0
4,2.20,2.630,0.5000,-33.233,-180.560,1.00000,90.000,-nan,-nan,-nan,0
4,2.20,2.640,0.5000,-33.198,-180.052,1.00000,90.000,-nan,-nan,-nan,0
4,2.20,2.650,0.5000,-33.164,-179.546,1.00000,90.000,-nan,-nan,-nan,0
4,2.20,2.660,0.5000,-33.130,-179.042,1.00000,90.000,-nan,-nan,-nan,0
4,2.20,2.670,0.5000,-33.096,-178.541,1.00000,90.000,-nan,-nan,-nan,0
4,2.20,2.680,0.5000,-33.063,-178.042,1.00000,90.000,-nan,-nan,-nan,0
4,2.20,2.690,0.5000,-33.029,-177.546,1.00000,90.000,-nan,-nan,-nan,0
4,2.20,2.700,0.5000,-32.996,-177.052,1.00000,90.000,-nan,-nan,-nan,0
4,2.20,2.710,0.5000,-32.963,-176.561,1.00000,90.000,-nan,-nan,-nan,0
4,2.20,2.720,0.5000,-32.930,-176.073,1.00000,90.000,-nan,-nan,-nan,0
4,2.20,2.730,0.5000,-32.897,-175.586,1.00000,90.000,-nan,-nan,-nan,0
4,2.20,2.740,0.5000,-32.864,-175.102,1.00000,90.000,-nan,-nan,-nan,0
4,2.20,2.750,0.5000,-32.832,-174.621,1.00000,90.000,-nan,-nan,-nan,0
4,2.20,2.760,0.5000,-32.799,-174.142,1.00000,90.000,-nan,-nan,-nan,0
4,2.20,2.770,0.5000,-32.767,-173.665,1.00000,90.000,-nan,-nan,-nan,0
4,2.20,2.780,0.5000,-32.735,-173.191,1.00000,90.000,-nan,-nan,-nan,0
4,2.20,2.790,0.5000,-32.703,-172.719,1.00000,90.000,-nan,-nan,-nan,0
4,2.20,2.800,0.5000,-32.671,-172.249,1.00000,90.000,-nan,-nan,-nan,0
4,2.20,2.810,0.5000,-32.640,-171.782,1.00000,90.000,-nan,-nan,-nan,0
4,2.20,2.820,0.5000,-32.608,-171.317,1.00000,90.000,-nan,-nan,-nan,0
4,2.20,2.830,0.5000,-32.577,-170.855,1.00000,90.000,-nan,-nan,-nan,0
4,2.20,2.840,0.5000,-32.546,-170.394,1.00000,90.000,-nan,-nan,-nan,0
4,2.20,2.850,0.5000,-32.515,-169.936,1.00000,90.000,-nan,-nan,-nan,0
4,2.20,2.860,0.5000,-32.484,-169.481,1.00000,90.000,-nan,-nan,-nan,0
4,2.20,2.870,0.5000,-32.454,-169.027,1.00000,90.000,-nan,-nan,-nan,0
4,2.20,2.880,0.5000,-32.423,-168.576,1.00000,90.000,-nan,-nan,-nan,0
4,2.20,2.890,0.5000,-32.393,-168.127,1.00000,90.000,-nan,-nan,-nan,0
4,2.20,2.900,0.5000,-32.363,-167.680,1.00000,90.000,-nan,-nan,-nan,0
4,2.20,2.910,0.5000,-32.333,-167.236,1.00000,90.000,-nan,-nan,-nan,0
4,2.20,2.920,0.5000,-32.303,-166.794,1.00000,90.000,-nan,-nan,-nan,0
4,2.20,2.930,0.5000,-32.273,-166.354,1.00000,90.000,-nan,-nan,-nan,0
4,2.20,2.940,0.5000,-32.244,-165.916,1.00000,90.000,-nan,-nan,-nan,0
4,2.20,2.950,0.5000,-32.214,-165.480,1.00000,90.000,-nan,-nan,-nan,0
4,2.20,2.960,0.5000,-32.185,-165.047,1.00000,90.000,-nan,-nan,-nan,0
4,2.20,2.970,0.5000,-32.156,-164.615,1.00000,90.000,-nan,-nan,-nan,0
4,2.20,2.980,0.5000,-32.127,-164.186,1.00000,90.000,-nan,-nan,-nan,0
4,2.20,2.990,0.5000,-32.098,-163.759,1.00000,90.000,-nan,-nan,-nan,0
4,2.20,3.000,0.5000,-32.069,-163.334,1.00000,90.000,-nan,-nan,-nan,0
4,2.20,3.010,0.5000,-32.041,-162.912,1.00000,90.000,-nan,-nan,-nan,0
4,2.20,3.020,0.5000,-32.012,-162.491,1.00000,90.000,-nan,-nan,-nan,0
4,2.20,3.030,0.5000,-31.984,-162.072,1.00000,90.000,-nan,-nan,-nan,0
4,2.20,3.040,0.5000,-31.956,-161.656,1.00000,90.000,-nan,-nan,-nan,0
4,2.20,3.050,0.5000,-31.928,-161.242,1.00000,90.000,-nan,-nan,-nan,0
4,2.20,3.060,0.5000,-31.900,-160.829,1.00000,90.000,-nan,-nan,-nan,0
4,2.20,3.070,0.5000,-31.873,-160.419,1.00000,90.000,-nan,-nan,-nan,0
4,2.20,3.080,0.5000,-31.845,-160.011,1.00000,90.000,-nan,-nan,-nan,0
4,2.20,3.090,0.5000,-31.818,-159.604,1.00000,90.000,-nan,-nan,-nan,0
4,2.20,3.100,0.5000,-31.790,-159.200,1.00000,90.000,-nan,-nan,-nan,0
4,2.20,3.110,0.5000,-31.763,-158.798,1.00000,90.000,-nan,-nan,-nan,0
4,2.20,3.120,0.5000,-31.736,-158.398,1.00000,90.000,-nan,-nan,-nan,0
4,2.20,3.130,0.5000,-31.709,-158.000,1.00000,90.000,-nan,-nan,-nan,0
4,2.20,3.140,0.5000,-31.682,-157.604,1.00000,90.000,-nan,-nan,-nan,0
4,2.20,3.150,0.5000,-31.656,-157.210,1.00000,90.000,-nan,-nan,-nan,0
4,2.20,3.160,0.5000,-31.629,-156.817,1.00000,90.000,-nan,-nan,-nan,0
4,2.20,3.170,0.5000,-31.603,-156.427,1.00000,90.000,-nan,-nan,-nan,0
4,2.20,3.180,0.5000,-31.577,-156.039,1.00000,90.000,-nan,-nan,-nan,0
4,2.20,3.190,0.5000,-31.551,-155.652,1.00000,90.000,-nan,-nan,-nan,0
4,2.20,3.200,0.5000,-31.525,-155.268,1.00000,90.000,-nan,-nan,-nan,0
4,2.20,3.210,0.5000,-31.499,-154.885,1.00000,90.000,-nan,-nan,-nan,0
4,2.20,3.220,0.5000,-31.473,-154.505,1.00000,90.000,-nan,-nan,-nan,0
4,2.20,3.230,0.5000,-31.448,-154.126,1.00000,90.000,-nan,-nan,-nan,0
4,2.20,3.240,0.5000,-31.422,-153.749,1.00000,90.000,-nan,-nan,-nan,0
4,2.20,3.250,0.5000,-31.397,-153.374,1.00000,90.000,-nan,-nan,-nan,0
4,2.20,3.260,0.5000,-31.372,-153.001,1.00000,90.000,-nan,-nan,-nan,0
4,2.20,3.270,0.5000,-31.347,-152.630,1.00000,90.000,-nan,-nan,-nan,0
4,2.20,3.280,0.5000,-31.322,-152.260,1.00000,90.000,-nan,-nan,-nan,0
4,2.20,3.290,0.5000,-31.297,-151.893,1.00000,90.000,-nan,-nan,-nan,0
4,2.20,3.300,0.5000,-31.272,-151.527,1.00000,90.000,-nan,-nan,-nan,0
4,2.20,3.310,0.5000,-31.247,-151.163,1.00000,90.000,-nan,-nan,-nan,0
4,2.20,3.320,0.5000,-31.223,-150.801,1.00000,90.000,-nan,-nan,-nan,0
4,2.20,3.330,0.5000,-31.199,-150.441,1.00000,90.000,-nan,-nan,-nan,0
4,2.20,3.340,0.5000,-31.174,-150.082,1.00000,90.000,-nan,-nan,-nan,0
4,2.20,3.350,0.5000,-31.150,-149.726,1.00000,90.000,-nan,-nan,-nan,0
4,2.20,3.360,0.5000,-31.126,-149.371,1.00000,90.000,-nan,-nan,-nan,0
4,2.20,3.370,0.5000,-31.103,-149.018,1.00000,90.000,-nan,-nan,-nan,0
4,2.20,3.380,0.5000,-31.079,-148.666,1.00000,90.000,-nan,-nan,-nan,0
4,2.20,3.390,0.5000,-31.055,-148.317,1.00000,90.000,-nan,-nan,-nan,0
4,2.20,3.400,0.5000,-31.032,-147.969,1.00000,90.000,-nan,-nan,-nan,0
4,2.20,3.410,0.5000,-31.008,-147.623,1.00000,90.000,-nan,-nan,-nan,0
4,2.20,3.420,0.5000,-30.985,-147.278,1.00000,90.000,-nan,-nan,-nan,0
4,2.20,3.430,0.5000,-30.962,-146.936,1.00000,90.000,-nan,-nan,-nan,0
4,2.20,3.440,0.5000,-30.939,-146.595,1.00000,90.000,-nan,-nan,-nan,0
4,2.20,3.450,0.5000,-30.916,-146.255,1.00000,90.000,-nan,-nan,-nan,0
4,2.20,3.460,0.5000,-30.893,-145.918,1.00000,90.000,-nan,-nan,-nan,0
4,2.20,3.470,0.5000,-30.871,-145.582,1.00000,90.000,-nan,-nan,-nan,0
4,2.20,3.480,0.5000,-30.848,-145.248,1.00000,90.000,-nan,-nan,-nan,0
4,2.20,3.490,0.5000,-30.826,-144.915,1.00000,90.000,-nan,-nan,-nan,0
4,2.20,3.500,0.5000,-30.803,-144.584,1.00000,90.000,-nan,-nan,-nan,0
4,2.20,3.510,0.5000,-30.781,-144.255,1.00000,90.000,-nan,-nan,-nan,0
4,2.20,3.520,0.5000,-30.759,-143.927,1.00000,90.000,-nan,-nan,-nan,0
4,2.20,3.530,0.5000,-30.737,-143.601,1.00000,90.000,-nan,-nan,-nan,0
4,2.20,3.540,0.5000,-30.715,-143.277,1.00000,90.000,-nan,-nan,-nan,0
4,2.20,3.550,0.5000,-30.693,-142.954,1.00000,90.000,-nan,-nan,-nan,0
4,2.20,3.560,0.5000,-30.671,-142.633,1.00000,90.000,-nan,-nan,-nan,0
4,2.20,3.570,0.5000,-30.650,-142.314,1.00000,90.000,-nan,-nan,-nan,0
4,2.20,3.580,0.5000,-30.628,-141.996,1.00000,90.000,-nan,-nan,-nan,0
4,2.20,3.590,0.5000,-30.607,-141.679,1.00000,90.000,-nan,-nan,-nan,0
4,2.20,3.600,0.5000,-30.586,-141.365,1.00000,90.000,-nan,-nan,-nan,0
4,2.20,3.610,0.5000,-30.565,-141.051,1.00000,90.000,-nan,-nan,-nan,0
4,2.20,3.620,0.5000,-30.544,-140.740,1.00000,90.000,-nan,-nan,-nan,0
4,2.20,3.630,0.5000,-30.523,-140.430,1.00000,90.000,-nan,-nan,-nan,0
4,2.20,3.640,0.5000,-30.502,-140.121,1.00000,90.000,-nan,-nan,-nan,0
4,2.20,3.650,0.5000,-30.481,-139.814,1.00000,90.000,-nan,-nan,-nan,0
4,2.20,3.660,0.5000,-30.460,-139.509,1.00000,90.000,-nan,-nan,-nan,0
4,2.20,3.670,0.5000,-30.440,-139.205,1.00000,90.000,-nan,-nan,-nan,0
4,2.20,3.680,0.5000,-30.419,-138.902,1.00000,90.000,-nan,-nan,-nan,0
4,2.20,3.690,0.5000,-30.399,-138.601,1.00000,90.000,-nan,-nan,-nan,0
4,2.20,3.700,0.5000,-30.379,-138.302,1.00000,90.000,-nan,-nan,-nan,0
4,2.20,3.710,0.5000,-30.359,-138.004,1.00000,90.000,-nan,-nan,-nan,0
4,2.20,3.720,0.5000,-30.339,-137.708,1.00000,90.000,-nan,-nan,-nan,0
4,2.20,3.730,0.5000,-30.319,-137.413,1.00000,90.000,-nan,-nan,-nan,0
4,2.20,3.740,0.5000,-30.299,-137.119,1.00000,90.000,-nan,-nan,-nan,0
4,2.20,3.750,0.5000,-30.279,-136.827,1.00000,90.000,-nan,-nan,-nan,0
4,2.20,3.760,0.5000,-30.260,-136.537,1.00000,90.000,-nan,-nan,-nan,0
4,2.20,3.770,0.5000,-30.240,-136.247,1.00000,90.000,-nan,-nan,-nan,0
4,2.20,3.780,0.5000,-30.221,-135.960,1.00000,90.000,-nan,-nan,-nan,0
4,2.20,3.790,0.5000,-30.201,-135.674,1.00000,90.000,-nan,-nan,-nan,0
4,2.20,3.800,0.5000,-30.182,-135.389,1.00000,90.000,-nan,-nan,-nan,0
4,2.20,3.810,0.5000,-30.163,-135.105,1.00000,90.000,-nan,-nan,-nan,0
4,2.20,3.820,0.5000,-30.144,-134.823,1.00000,90.000,-nan,-nan,-nan,0
4,2.20,3.830,0.5000,-30.125,-134.543,1.00000,90.000,-nan,-nan,-nan,0
4,2.20,3.840,0.5000,-30.106,-134.264,1.00000,90.000,-nan,-nan,-nan,0
4,2.20,3.850,0.5000,-30.087,-133.986,1.00000,90.000,-nan,-nan,-nan,0
4,2.20,3.860,0.5000,-30.069,-133.709,1.00000,90.000,-nan,-nan,-nan,0
4,2.20,3.870,0.5000,-30.050,-133.434,1.00000,90.000,-nan,-nan,-nan,0
4,2.20,3.880,0.5000,-30.032,-133.161,1.00000,90.000,-nan,-nan,-nan,0
4,2.20,3.890,0.5000,-30.013,-132.888,1.00000,90.000,-nan,-nan,-nan,0
4,2.20,3.900,0.5000,-29.995,-132.618,1.00000,90.000,-nan,-nan,-nan,0
4,2.20,3.910,0.5000,-29.977,-132.348,1.00000,90.000,-nan,-nan,-nan,0
4,2.20,3.920,0.5000,-29.959,-132.080,1.00000,90.000,-nan,-nan,-nan,0
4,2.20,3.930,0.5000,-29.941,-131.813,1.00000,90.000,-nan,-nan,-nan,0
4,2.20,3.940,0.5000,-29.923,-131.547,1.00000,90.000,-nan,-nan,-nan,0
4,2.20,3.950,0.5000,-29.905,-131.283,1.00000,90.000,-nan,-nan,-nan,0
4,2.20,3.960,0.5000,-29.887,-131.020,1.00000,90.000,-nan,-nan,-nan,0
4,2.20,3.970,0.5000,-29.869,-130.759,1.00000,90.000,-nan,-nan,-nan,0
4,2.20,3.980,0.5000,-29.852,-130.498,1.00000,90.000,-nan,-nan,-nan,0
4,2.20,3.990,0.5000,-29.834,-130.239,1.00000,90.000,-nan,-nan,-nan,0
4,2.20,4.000,0.5000,-29.817,-129.982,1.00000,90.000,-nan,-nan,-nan,0
4,2.20,4.010,0.5000,-29.800,-129.725,1.00000,90.000,-nan,-nan,-nan,0
4,2.20,4.020,0.5000,-29.782,-129.470,1.00000,90.000,-nan,-nan,-nan,0
4,2.20,4.030,0.5000,-29.765,-129.216,1.00000,90.000,-nan,-nan,-nan,0
4,2.20,4.040,0.5000,-29.748,-128.963,1.00000,90.000,-nan,-nan,-nan,0
4,2.20,4.050,0.5000,-29.731,-128.712,1.00000,90.000,-nan,-nan,-nan,0
4,2.20,4.060,0.5000,-29.714,-128.462,1.00000,90.000,-nan,-nan,-nan,0
4,2.20,4.070,0.5000,-29.698,-128.213,1.00000,90.000,-nan,-nan,-nan,0
4,2.20,4.080,0.5000,-29.681,-127.966,1.00000,90.000,-nan,-nan,-nan,0
4,2.20,4.090,0.5000,-29.664,-127.719,1.00000,90.000,-nan,-nan,-nan,0
4,2.20,4.100,0.5000,-29.648,-127.474,1.00000,90.000,-nan,-nan,-nan,0
4,2.20,4.110,0.5000,-29.631,-127.230,1.00000,90.000,-nan,-nan,-nan,0
4,2.20,4.120,0.5000,-29.615,-126.987,1.00000,90.000,-nan,-nan,-nan,0
4,2.20,4.130,0.5000,-29.599,-126.746,1.00000,90.000,-nan,-nan,-nan,0
4,2.20,4.140,0.5000,-29.582,-126.506,1.00000,90.000,-nan,-nan,-nan,0
4,2.20,4.150,0.5000,-29.566,-126.267,1.00000,90.000,-nan,-nan,-nan,0
4,2.20,4.160,0.5000,-29.550,-126.029,1.00000,90.000,-nan,-nan,-nan,0
4,2.20,4.170,0.5000,-29.534,-125.792,1.00000,90.000,-nan,-nan,-nan,0
4,2.20,4.180,0.5000,-29.518,-125.556,1.00000,90.000,-nan,-nan,-nan,0
4,2.20,4.190,0.5000,-29.502,-125.322,1.00000,90.000,-nan,-nan,-nan,0
4,2.20,4.200,0.5000,-29.487,-125.089,1.00000,90.000,-nan,-nan,-nan,0
4,2.20,4.210,0.5000,-29.471,-124.857,1.00000,90.000,-nan,-nan,-nan,0
4,2.20,4.220,0.5000,-29.455,-124.626,1.00000,90.000,-nan,-nan,-nan,0
4,2.20,4.230,0.5000,-29.440,-124.396,1.00000,90.000,-nan,-nan,-nan,0
4,2.20,4.240,0.5000,-29.424,-124.168,1.00000,90.000,-nan,-nan,-nan,0
4,2.20,4.250,0.5000,-29.409,-123.940,1.00000,90.000,-nan,-nan,-nan,0
4,2.20,4.260,0.5000,-29.394,-123.714,1.00000,90.000,-nan,-nan,-nan,0
4,2.20,4.270,0.5000,-29.379,-123.489,1.00000,90.000,-nan,-nan,-nan,0
4,2.20,4.280,0.5000,-29.363,-123.265,1.00000,90.000,-nan,-nan,-nan,0
4,2.20,4.290,0.5000,-29.348,-123.042,1.00000,90.000,-nan,-nan,-nan,0
4,2.20,4.300,0.5000,-29.333,-122.820,1.00000,90.000,-nan,-nan,-nan,0
4,2.20,4.310,0.5000,-29.318,-122.599,1.00000,90.000,-nan,-nan,-nan,0
4,2.20,4.320,0.5000,-29.304,-122.380,1.00000,90.000,-nan,-nan,-nan,0
4,2.20,4.330,0.5000,-29.289,-122.161,1.00000,90.000,-nan,-nan,-nan,0
4,2.20,4.340,0.5000,-29.274,-121.944,1.00000,90.000,-nan,-nan,-nan,0
4,2.20,4.350,0.5000,-29.260,-121.728,1.00000,90.000,-nan,-nan,-nan,0
4,2.20,4.360,0.5000,-29.245,-121.512,1.00000,90.000,-nan,-nan,-nan,0
4,2.20,4.370,0.5000,-29.231,-121.298,1.00000,90.000,-nan,-nan,-nan,0
4,2.20,4.380,0.5000,-29.216,-121.085,1.00000,90.000,-nan,-nan,-nan,0
4,2.20,4.390,0.5000,-29.202,-120.873,1.00000,90.000,-nan,-nan,-nan,0
4,2.20,4.400,0.5000,-29.188,-120.662,1.00000,90.000,-nan,-nan,-nan,0
4,2.20,4.410,0.5000,-29.173,-120.452,1.00000,90.000,-nan,-nan,-nan,0
4,2.20,4.420,0.5000,-29.159,-120.243,1.00000,90.000,-nan,-nan,-nan,0
4,2.20,4.430,0.5000,-29.145,-120.035,1.00000,90.000,-nan,-nan,-nan,0
4,2.20,4.440,0.5000,-29.131,-119.828,1.00000,90.000,-nan,-nan,-nan,0
4,2.20,4.450,0.5000,-29.117,-119.623,1.00000,90.000,-nan,-nan,-nan,0
4,2.20,4.460,0.5000,-29.104,-119.418,1.00000,90.000,-nan,-nan,-nan,0
4,2.20,4.470,0.5000,-29.090,-119.214,1.00000,90.000,-nan,-nan,-nan,0
4,2.20,4.480,0.5000,-29.076,-119.011,1.00000,90.000,-nan,-nan,-nan,0
4,2.20,4.490,0.5000,-29.063,-118.810,1.00000,90.000,-nan,-nan,-nan,0
4,2.20,4.500,0.5000,-29.049,-118.609,1.00000,90.000,-nan,-nan,-nan,0
4,2.20,4.510,0.5000,-29.036,-118.409,1.00000,90.000,-nan,-nan,-nan,0
4,2.20,4.520,0.5000,-29.022,-118.211,1.00000,90.000,-nan,-nan,-nan,0
4,2.20,4.530,0.5000,-29.009,-118.013,1.00000,90.000,-nan,-nan,-nan,0
4,2.20,4.540,0.5000,-28.995,-117.816,1.00000,90.000,-nan,-nan,-nan,0
4,2.20,4.550,0.5000,-28.982,-117.620,1.00000,90.000,-nan,-nan,-nan,0
4,2.20,4.560,0.5000,-28.969,-117.426,1.00000,90.000,-nan,-nan,-nan,0
4,2.20,4.570,0.5000,-28.956,-117.232,1.00000,90.000,-nan,-nan,-nan,0
4,2.20,4.580,0.5000,-28.943,-117.039,1.00000,90.000,-nan,-nan,-nan,0
4,2.20,4.590,0.5000,-28.930,-116.847,1.00000,90.000,-nan,-nan,-nan,0
4,2.20,4.600,0.5000,-28.917,-116.656,1.00000,90.000,-nan,-nan,-nan,0
4,2.20,4.610,0.5000,-28.904,-116.466,1.00000,90.000,-nan,-nan,-nan,0
4,2.20,4.620,0.5000,-28.892,-116.277,1.00000,90.000,-nan,-nan,-nan,0
4,2.20,4.630,0.5000,-28.879,-116.089,1.00000,90.000,-nan,-nan,-nan,0
4,2.20,4.640,0.5000,-28.866,-115.902,1.00000,90.000,-nan,-nan,-nan,0
4,2.20,4.650,0.5000,-28.854,-115.716,1.00000,90.000,-nan,-nan,-nan,0
4,2.20,4.660,0.5000,-28.841,-115.530,1.00000,90.000,-nan,-nan,-nan,0
4,2.20,4.670,0.5000,-28.829,-115.346,1.00000,90.000,-nan,-nan,-nan,0
4,2.20,4.680,0.5000,-28.816,-115.163,1.00000,90.000,-nan,-nan,-nan,0
4,2.20,4.690,0.5000,-28.804,-114.980,1.00000,90.000,-nan,-nan,-nan,0
4,2.20,4.700,0.5000,-28.792,-114.799,1.00000,90.000,-nan,-nan,-nan,0
4,2.20,4.710,0.5000,-28.779,-114.618,1.00000,90.000,-nan,-nan,-nan,0
4,2.20,4.720,0.5000,-28.767,-114.438,1.00000,90.000,-nan,-nan,-nan,0
4,2.20,4.730,0.5000,-28.755,-114.259,1.00000,90.000,-nan,-nan,-nan,0
4,2.20,4.740,0.5000,-28.743,-114.081,1.00000,90.000,-nan,-nan,-nan,0
4,2.20,4.750,0.5000,-28.731,-113.904,1.00000,90.000,-nan,-nan,-nan,0
4,2.20,4.760,0.5000,-28.719,-113.728,1.00000,90.000,-nan,-nan,-nan,0
4,2.20,4.770,0.5000,-28.708,-113.552,1.00000,90.000,-nan,-nan,-nan,0
4,2.20,4.780,0.5000,-28.696,-113.378,1.00000,90.000,-nan,-nan,-nan,0
4,2.20,4.790,0.5000,-28.684,-113.204,1.00000,90.000,-nan,-nan,-nan,0
4,2.20,4.800,0.5000,-28.672,-113.032,1.00000,90.000,-nan,-nan,-nan,0
4,2.20,4.810,0.5000,-28.661,-112.860,1.00000,90.000,-nan,-nan,-nan,0
4,2.20,4.820,0.5000,-28.649,-112.689,1.00000,90.000,-nan,-nan,-nan,0
4,2.20,4.830,0.5000,-28.638,-112.519,1.00000,90.000,-nan,-nan,-nan,0
4,2.20,4.840,0.5000,-28.626,-112.349,1.00000,90.000,-nan,-nan,-nan,0
4,2.20,4.850,0.5000,-28.615,-112.181,1.00000,90.000,-nan,-nan,-nan,0
4,2.20,4.860,0.5000,-28.604,-112.013,1.00000,90.000,-nan,-nan,-nan,0
4,2.20,4.870,0.5000,-28.592,-111.846,1.00000,90.000,-nan,-nan,-nan,0
4,2.20,4.880,0.5000,-28.581,-111.680,1.00000,90.000,-nan,-nan,-nan,0
4,2.20,4.890,0.5000,-28.570,-111.515,1.00000,90.000,-nan,-nan,-nan,0
4,2.20,4.900,0.5000,-28.559,-111.351,1.00000,90.000,-nan,-nan,-nan,0
4,2.20,4.910,0.5000,-28.548,-111.187,1.00000,90.000,-nan,-nan,-nan,0
4,2.20,4.920,0.5000,-28.537,-111.025,1.00000,90.000,-nan,-nan,-nan,0
4,2.20,4.930,0.5000,-28.526,-110.863,1.00000,90.000,-nan,-nan,-nan,0
4,2.20,4.940,0.5000,-28.515,-110.702,1.00000,90.000,-nan,-nan,-nan,0
4,2.20,4.950,0.5000,-28.504,-110.541,1.00000,90.000,-nan,-nan,-nan,0
4,2.20,4.960,0.5000,-28.493,-110.382,1.00000,90.000,-nan,-nan,-nan,0
4,2.20,4.970,0.5000,-28.483,-110.223,1.00000,90.000,-nan,-nan,-nan,0
4,2.20,4.980,0.5000,-28.472,-110.065,1.00000,90.000,-nan,-nan,-nan,0
4,2.20,4.990,0.5000,-28.461,-109.908,1.00000,90.000,-nan,-nan,-nan,0
4,2.20,5.000,0.5000,-28.451,-109.752,1.00000,90.000,-nan,-nan,-nan,0
4,2.20,5.010,0.5000,-28.440,-109.596,1.00000,90.000,-nan,-nan,-nan,0
4,2.20,5.020,0.5000,-28.430,-109.442,1.00000,90.000,-nan,-nan,-nan,0
4,2.20,5.030,0.5000,-28.420,-109.288,1.00000,90.000,-nan,-nan,-nan,0
4,2.20,5.040,0.5000,-28.409,-109.135,1.00000,90.000,-nan,-nan,-nan,0
4,2.20,5.050,0.5000,-28.399,-108.982,1.00000,90.000,-nan,-nan,-nan,0
4,2.20,5.060,0.5000,-28.389,-108.830,1.00000,90.000,-nan,-nan,-nan,0
4,2.20,5.070,0.5000,-28.378,-108.679,1.00000,90.000,-nan,-nan,-nan,0
4,2.20,5.080,0.5000,-28.368,-108.529,1.00000,90.000,-nan,-nan,-nan,0
4,2.20,5.090,0.5000,-28.358,-108.380,1.00000,90.000,-nan,-nan,-nan,0
4,2.20,5.100,0.5000,-28.348,-108.231,1.00000,90.000,-nan,-nan,-nan,0
4,2.20,5.110,0.5000,-28.338,-108.083,1.00000,90.000,-nan,-nan,-nan,0
4,2.20,5.120,0.5000,-28.328,-107.936,1.00000,90.000,-nan,-nan,-nan,0
4,2.20,5.130,0.5000,-28.318,-107.790,1.00000,90.000,-nan,-nan,-nan,0
4,2.20,5.140,0.5000,-28.309,-107.644,1.00000,90.000,-nan,-nan,-nan,0
4,2.20,5.150,0.5000,-28.299,-107.499,1.00000,90.000,-nan,-nan,-nan,0
4,2.20,5.160,0.5000,-28.289,-107.354,1.00000,90.000,-nan,-nan,-nan,0
4,2.20,5.170,0.5000,-28.279,-107.211,1.00000,90.000,-nan,-nan,-nan,0
4,2.20,5.180,0.5000,-28.270,-107.068,1.00000,90.000,-nan,-nan,-nan,0
4,2.20,5.190,0.5000,-28.260,-106.926,1.00000,90.000,-nan,-nan,-nan,0
4,2.20,5.200,0.5000,-28.250,-106.784,1.00000,90.000,-nan,-nan,-nan,0
4,2.20,5.210,0.5000,-28.241,-106.644,1.00000,90.000,-nan,-nan,-nan,0
4,2.20,5.220,0.5000,-28.232,-106.504,1.00000,90.000,-nan,-nan,-nan,0
4,2.20,5.230,0.5000,-28.222,-106.364,1.00000,90.000,-nan,-nan,-nan,0
4,2.20,5.240,0.5000,-28.213,-106.226,1.00000,90.000,-nan,-nan,-nan,0
4,2.20,5.250,0.5000,-28.203,-106.088,1.00000,90.000,-nan,-nan,-nan,0
4,2.20,5.260,0.5000,-28.194,-105.951,1.00000,90.000,-nan,-nan,-nan,0
4,2.20,5.270,0.5000,-28.185,-105.814,1.00000,90.000,-nan,-nan,-nan,0
4,2.20,5.280,0.5000,-28.176,-105.678,1.00000,90.000,-nan,-nan,-nan,0
4,2.20,5.290,0.5000,-28.167,-105.543,1.00000,90.000,-nan,-nan,-nan,0
4,2.20,5.300,0.5000,-28.158,-105.408,1.00000,90.000,-nan,-nan,-nan,0
4,2.20,5.310,0.5000,-28.149,-105.274,1.00000,90.000,-nan,-nan,-nan,0
4,2.20,5.320,0.5000,-28.140,-105.141,1.00000,90.000,-nan,-nan,-nan,0
4,2.20,5.330,0.5000,-28.131,-105.009,1.00000,90.000,-nan,-nan,-nan,0
4,2.20,5.340,0.5000,-28.122,-104.877,1.00000,90.000,-nan,-nan,-nan,0
4,2.20,5.350,0.5000,-28.113,-104.746,1.00000,90.000,-nan,-nan,-nan,0
4,2.20,5.360,0.5000,-28.104,-104.615,1.00000,90.000,-nan,-nan,-nan,0
4,2.20,5.370,0.5000,-28.095,-104.485,1.00000,90.000,-nan,-nan,-nan,0
4,2.20,5.380,0.5000,-28.086,-104.356,1.00000,90.000,-nan,-nan,-nan,0
4,2.20,5.390,0.5000,-28.078,-104.227,1.00000,90.000,-nan,-nan,-nan,0
4,2.20,5.400,0.5000,-28.069,-104.099,1.00000,90.000,-nan,-nan,-nan,0
4,2.20,5.410,0.5000,-28.061,-103.972,1.00000,90.000,-nan,-nan,-nan,0
4,2.20,5.420,0.5000,-28.052,-103.845,1.00000,90.000,-nan,-nan,-nan,0
4,2.20,5.430,0.5000,-28.043,-103.719,1.00000,90.000,-nan,-nan,-nan,0
4,2.20,5.440,0.5000,-28.035,-103.594,1.00000,90.000,-nan,-nan,-nan,0
4,2.20,5.450,0.5000,-28.027,-103.469,1.00000,90.000,-nan,-nan,-nan,0
4,2.20,5.460,0.5000,-28.018,-103.345,1.00000,90.000,-nan,-nan,-nan,0
4,2.20,5.470,0.5000,-28.010,-103.221,1.00000,90.000,-nan,-nan,-nan,0
4,2.20,5.480,0.5000,-28.002,-103.098,1.00000,90.000,-nan,-nan,-nan,0
4,2.20,5.490,0.5000,-27.993,-102.976,1.00000,90.000,-nan,-nan,-nan,0
4,2.20,5.500,0.5000,-27.985,-102.854,1.00000,90.000,-nan,-nan,-nan,0
4,2.20,5.510,0.5000,-27.977,-102.733,1.00000,90.000,-nan,-nan,-nan,0
4,2.20,5.520,0.5000,-27.969,-102.613,1.00000,90.000,-nan,-nan,-nan,0
4,2.20,5.530,0.5000,-27.961,-102.493,1.00000,90.000,-nan,-nan,-nan,0
4,2.20,5.540,0.5000,-27.953,-102.373,1.00000,90.000,-nan,-nan,-nan,0
4,2.20,5.550,0.5000,-27.945,-102.255,1.00000,90.000,-nan,-nan,-nan,0
4,2.20,5.560,0.5000,-27.937,-102.136,1.00000,90.000,-nan,-nan,-nan,0
4,2.20,5.570,0.5000,-27.929,-102.019,1.00000,90.000,-nan,-nan,-nan,0
4,2.20,5.580,0.5000,-27.921,-101.902,1.00000,90.000,-nan,-nan,-nan,0
4,2.20,5.590,0.5000,-27.913,-101.786,1.00000,90.000,-nan,-nan,-nan,0
4,2.20,5.600,0.5000,-27.905,-101.670,1.00000,90.000,-nan,-nan,-nan,0
4,2.20,5.610,0.5000,-27.897,-101.555,1.00000,90.000,-nan,-nan,-nan,0
4,2.20,5.620,0.5000,-27.890,-101.440,1.00000,90.000,-nan,-nan,-nan,0
4,2.20,5.630,0.5000,-27.882,-101.326,1.00000,90.000,-nan,-nan,-nan,0
4,2.20,5.640,0.5000,-27.874,-101.212,1.00000,90.000,-nan,-nan,-nan,0
4,2.20,5.650,0.5000,-27.867,-101.099,1.00000,90.000,-nan,-nan,-nan,0
4,2.20,5.660,0.5000,-27.859,-100.987,1.00000,90.000,-nan,-nan,-nan,0
4,2.20,5.670,0.5000,-27.851,-100.875,1.00000,90.000,-nan,-nan,-nan,0
4,2.20,5.680,0.5000,-27.844,-100.764,1.00000,90.000,-nan,-nan,-nan,0
4,2.20,5.690,0.5000,-27.836,-100.653,1.00000,90.000,-nan,-nan,-nan,0
4,2.20,5.700,0.5000,-27.829,-100.543,1.00000,90.000,-nan,-nan,-nan,0
4,2.20,5.710,0.5000,-27.822,-100.433,1.00000,90.000,-nan,-nan,-nan,0
4,2.20,5.720,0.5000,-27.814,-100.324,1.00000,90.000,-nan,-nan,-nan,0
4,2.20,5.730,0.5000,-27.807,-100.216,1.00000,90.000,-nan,-nan,-nan,0
4,2.20,5.740,0.5000,-27.800,-100.108,1.00000,90.000,-nan,-nan,-nan,0
4,2.20,5.750,0.5000,-27.792,-100.001,1.00000,90.000,-nan,-nan,-nan,0
4,2.20,5.760,0.5000,-27.785,-99.894,1.00000,90.000,-nan,-nan,-nan,0
4,2.20,5.770,0.5000,-27.778,-99.787,1.00000,90.000,-nan,-nan,-nan,0
4,2.20,5.780,0.5000,-27.771,-99.681,1.00000,90.000,-nan,-nan,-nan,0
4,2.20,5.790,0.5000,-27.764,-99.576,1.00000,90.000,-nan,-nan,-nan,0
4,2.20,5.800,0.5000,-27.757,-99.471,1.00000,90.000,-nan,-nan,-nan,0
4,2.20,5.810,0.5000,-27.750,-99.367,1.00000,90.000,-nan,-nan,-nan,0
4,2.20,5.820,0.5000,-27.743,-99.263,1.00000,90.000,-nan,-nan,-nan,0
4,2.20,5.830,0.5000,-27.736,-99.160,1.00000,90.000,-nan,-nan,-nan,0
4,2.20,5.840,0.5000,-27.729,-99.057,1.00000,90.000,-nan,-nan,-nan,0
4,2.20,5.850,0.5000,-27.722,-98.955,1.00000,90.000,-nan,-nan,-nan,0
4,2.20,5.860,0.5000,-27.715,-98.854,1.00000,90.000,-nan,-nan,-nan,0
4,2.20,5.870,0.5000,-27.708,-98.752,1.00000,90.000,-nan,-nan,-nan,0
4,2.20,5.880,0.5000,-27.701,-98.652,1.00000,90.000,-nan,-nan,-nan,0
4,2.20,5.890,0.5000,-27.695,-98.552,1.00000,90.000,-nan,-nan,-nan,0
4,2.20,5.900,0.5000,-27.688,-98.452,1.00000,90.000,-nan,-nan,-nan,0
4,2.20,5.910,0.5000,-27.681,-98.353,1.00000,90.000,-nan,-nan,-nan,0
4,2.20,5.920,0.5000,-27.674,-98.254,1.00000,90.000,-nan,-nan,-nan,0
4,2.20,5.930,0.5000,-27.668,-98.156,1.00000,90.000,-nan,-nan,-nan,0
4,2.20,5.940,0.5000,-27.661,-98.058,1.00000,90.000,-nan,-nan,-nan,0
4,2.20,5.950,0.5000,-27.655,-97.961,1.00000,90.000,-nan,-nan,-nan,0
4,2.20,5.960,0.5000,-27.648,-97.864,1.00000,90.000,-nan,-nan,-nan,0
4,2.20,5.970,0.5000,-27.642,-97.768,1.00000,90.000,-nan,-nan,-nan,0
4,2.20,5.980,0.5000,-27.635,-97.672,1.00000,90.000,-nan,-nan,-nan,0
4,2.20,5.990,0.5000,-27.629,-97.577,1.00000,90.000,-nan,-nan,-nan,0
4,2.20,6.000,0.5000,-27.622,-97.482,1.00000,90.000,-nan,-nan,-nan,0
4,2.20,6.010,0.5000,-27.616,-97.388,1.00000,90.000,-nan,-nan,-nan,0
4,2.20,6.020,0.5000,-27.610,-97.294,1.00000,90.000,-nan,-nan,-nan,0
4,2.20,6.030,0.5000,-27.603,-97.201,1.00000,90.000,-nan,-nan,-nan,0
4,2.20,6.040,0.5000,-27.597,-97.108,1.00000,90.000,-nan,-nan,-nan,0
4,2.20,6.050,0.5000,-27.591,-97.015,1.00000,90.000,-nan,-nan,-nan,0
4,2.20,6.060,0.5000,-27.585,-96.923,1.00000,90.000,-nan,-nan,-nan,0
4,2.20,6.070,0.5000,-27.578,-96.832,1.00000,90.000,-nan,-nan,-nan,0
4,2.20,6.080,0.5000,-27.572,-96.741,1.00000,90.000,-nan,-nan,-nan,0
4,2.20,6.090,0.5000,-27.566,-96.650,1.00000,90.000,-nan,-nan,-nan,0
4,2.20,6.100,0.5000,-27.560,-96.560,1.00000,90.000,-nan,-nan,-nan,0
4,2.20,6.110,0.5000,-27.554,-96.470,1.00000,90.000,-nan,-nan,-nan,0
4,2.20,6.120,0.5000,-27.548,-96.381,1.00000,90.000,-nan,-nan,-nan,0
4,2.20,6.130,0.5000,-27.542,-96.292,1.00000,90.000,-nan,-nan,-nan,0
4,2.20,6.140,0.5000,-27.536,-96.203,1.00000,90.000,-nan,-nan,-nan,0
4,2.20,6.150,0.5000,-27.530,-96.116,1.00000,90.000,-nan,-nan,-nan,0
4,2.20,6.160,0.5000,-27.524,-96.028,1.00000,90.000,-nan,-nan,-nan,0
4,2.20,6.170,0.5000,-27.518,-95.941,1.00000,90.000,-nan,-nan,-nan,0
4,2.20,6.180,0.5000,-27.512,-95.854,1.00000,90.000,-nan,-nan,-nan,0
4,2.20,6.190,0.5000,-27.507,-95.768,1.00000,90.000,-nan,-nan,-nan,0
4,2.20,6.200,0.5000,-27.501,-95.682,1.00000,90.000,-nan,-nan,-nan,0
4,2.20,6.210,0.5000,-27.495,-95.597,1.00000,90.000,-nan,-nan,-nan,0
4,2.20,6.220,0.5000,-27.489,-95.512,1.00000,90.000,-nan,-nan,-nan,0
4,2.20,6.230,0.5000,-27.484,-95.427,1.00000,90.000,-nan,-nan,-nan,0
4,2.20,6.240,0.5000,-27.478,-95.343,1.00000,90.000,-nan,-nan,-nan,0
4,2.20,6.250,0.5000,-27.472,-95.260,1.00000,90.000,-nan,-nan,-nan,0
4,2.20,6.260,0.5000,-27.467,-95.176,1.00000,90.000,-nan,-nan,-nan,0
4,2.20,6.270,0.5000,-27.461,-95.094,1.00000,90.000,-nan,-nan,-nan,0
4,2.20,6.280,0.5000,-27.455,-95.011,1.00000,90.000,-nan,-nan,-nan,0
4,2.20,6.290,0.5000,-27.450,-94.929,1.00000,90.000,-nan,-nan,-nan,0
4,2.20,6.300,0.5000,-27.444,-94.848,1.00000,90.000,-nan,-nan,-nan,0
4,2.20,6.310,0.5000,-27.439,-94.766,1.00000,90.000,-nan,-nan,-nan,0
4,2.20,6.320,0.5000,-27.433,-94.686,1.00000,90.000,-nan,-nan,-nan,0
4,2.20,6.330,0.5000,-27.428,-94.605,1.00000,90.000,-nan,-nan,-nan,0
4,2.20,6.340,0.5000,-27.423,-94.525,1.00000,90.000,-nan,-nan,-nan,0
4,2.20,6.350,0.5000,-27.417,-94.446,1.00000,90.000,-nan,-nan,-nan,0
4,2.20,6.360,0.5000,-27.412,-94.366,1.00000,90.000,-nan,-nan,-nan,0
4,2.20,6.370,0.5000,-27.407,-94.288,1.00000,90.000,-nan,-nan,-nan,0
4,2.20,6.380,0.5000,-27.401,-94.209,1.00000,90.000,-nan,-nan,-nan,0
4,2.20,6.390,0.5000,-27.396,-94.131,1.00000,90.000,-nan,-nan,-nan,0
4,2.20,6.400,0.5000,-27.391,-94.054,1.00000,90.000,-nan,-nan,-nan,0
4,2.20,6.410,0.5000,-27.386,-93.976,1.00000,90.000,-nan,-nan,-nan,0
4,2.20,6.420,0.5000,-27.380,-93.900,1.00000,90.000,-nan,-nan,-nan,0
4,2.20,6.430,0.5000,-27.375,-93.823,1.00000,90.000,-nan,-nan,-nan,0
4,2.20,6.440,0.5000,-27.370,-93.747,1.00000,90.000,-nan,-nan,-nan,0
4,2.20,6.450,0.5000,-27.365,-93.671,1.00000,90.000,-nan,-nan,-nan,0
4,2.20,6.460,0.5000,-27.360,-93.596,1.00000,90.000,-nan,-nan,-nan,0
4,2.20,6.470,0.5000,-27.355,-93.521,1.00000,90.000,-nan,-nan,-nan,0
4,2.20,6.480,0.5000,-27.350,-93.446,1.00000,90.000,-nan,-nan,-nan,0
4,2.20,6.490,0.5000,-27.345,-93.372,1.00000,90.000,-nan,-nan,-nan,0
4,2.20,6.500,0.5000,-27.340,-93.298,1.00000,90.000,-nan,-nan,-nan,0
4,2.20,6.510,0.5000,-27.335,-93.225,1.00000,90.000,-nan,-nan,-nan,0
4,2.20,6.520,0.5000,-27.330,-93.152,1.00000,90.000,-nan,-nan,-nan,0
4,2.20,6.530,0.5000,-27.325,-93.079,1.00000,90.000,-nan,-nan,-nan,0
4,2.20,6.540,0.5000,-27.320,-93.007,1.00000,90.000,-nan,-nan,-nan,0
4,2.20,6.550,0.5000,-27.315,-92.935,1.00000,90.000,-nan,-nan,-nan,0
4,2.20,6.560,0.5000,-27.310,-92.863,1.00000,90.000,-nan,-nan,-nan,0
4,2.20,6.570,0.5000,-27.306,-92.792,1.00000,90.000,-nan,-nan,-nan,0
4,2.20,6.580,0.5000,-27.301,-92.721,1.00000,90.000,-nan,-nan,-nan,0
4,2.20,6.590,0.5000,-27.296,-92.650,1.00000,90.000,-nan,-nan,-nan,0
4,2.20,6.600,0.5000,-27.291,-92.580,1.00000,90.000,-nan,-nan,-nan,0
4,2.20,6.610,0.5000,-27.287,-92.510,1.00000,90.000,-nan,-nan,-nan,0
4,2.20,6.620,0.5000,-27.282,-92.441,1.00000,90.000,-nan,-nan,-nan,0
4,2.20,6.630,0.5000,-27.277,-92.371,1.00000,90.000,-nan,-nan,-nan,0
4,2.20,6.640,0.5000,-27.273,-92.303,1.00000,90.000,-nan,-nan,-nan,0
4,2.20,6.650,0.5000,-27.268,-92.234,1.00000,90.000,-nan,-nan,-nan,0
4,2.20,6.660,0.5000,-27.263,-92.166,1.00000,90.000,-nan,-nan,-nan,0
4,2.20,6.670,0.5000,-27.259,-92.098,1.00000,90.000,-nan,-nan,-nan,0
4,2.20,6.680,0.5000,-27.254,-92.031,1.00000,90.000,-nan,-nan,-nan,0
4,2.20,6.690,0.5000,-27.250,-91.963,1.00000,90.000,-nan,-nan,-nan,0
4,2.20,6.700,0.5000,-27.245,-91.897,1.00000,90.000,-nan,-nan,-nan,0
4,2.20,6.710,0.5000,-27.241,-91.830,1.00000,90.000,-nan,-nan,-nan,0
4,2.20,6.720,0.5000,-27.236,-91.764,1.00000,90.000,-nan,-nan,-nan,0
4,2.20,6.730,0.5000,-27.232,-91.698,1.00000,90.000,-nan,-nan,-nan,0
4,2.20,6.740,0.5000,-27.227,-91.633,1.00000,90.000,-nan,-nan,-nan,0
4,2.20,6.750,0.5000,-27.223,-91.568,1.00000,90.000,-nan,-nan,-nan,0
4,2.20,6.760,0.5000,-27.218,-91.503,1.00000,90.000,-nan,-nan,-nan,0
4,2.20,6.770,0.5000,-27.214,-91.438,1.00000,90.000,-nan,-nan,-nan,0
4,2.20,6.780,0.5000,-27.210,-91.374,1.00000,90.000,-nan,-nan,-nan,0
4,2.20,6.790,0.5000,-27.205,-91.310,1.00000,90.000,-nan,-nan,-nan,0
4,2.20,6.800,0.5000,-27.201,-91.247,1.00000,90.000,-nan,-nan,-nan,0
4,2.20,6.810,0.5000,-27.197,-91.183,1.00000,90.000,-nan,-nan,-nan,0
4,2.20,6.820,0.5000,-27.193,-91.120,1.00000,90.000,-nan,-nan,-nan,0
4,2.20,6.830,0.5000,-27.188,-91.058,1.00000,90.000,-nan,-nan,-nan,0
4,2.20,6.840,0.5000,-27.184,-90.996,1.00000,90.000,-nan,-nan,-nan,0
4,2.20,6.850,0.5000,-27.180,-90.934,1.00000,90.000,-nan,-nan,-nan,0
4,2.20,6.860,0.5000,-27.176,-90.872,1.00000,90.000,-nan,-nan,-nan,0
4,2.20,6.870,0.5000,-27.172,-90.811,1.00000,90.000,-nan,-nan,-nan,0
4,2.20,6.880,0.5000,-27.168,-90.750,1.00000,90.000,-nan,-nan,-nan,0
4,2.20,6.890,0.5000,-27.164,-90.689,1.00000,90.000,-nan,-nan,-nan,0
4,2.20,6.900,0.5000,-27.159,-90.628,1.00000,90.000,-nan,-nan,-nan,0
4,2.20,6.910,0.5000,-27.155,-90.568,1.00000,90.000,-nan,-nan,-nan,0
4,2.20,6.920,0.5000,-27.151,-90.508,1.00000,90.000,-nan,-nan,-nan,0
4,2.20,6.930,0.5000,-27.147,-90.449,1.00000,90.000,-nan,-nan,-nan,0
4,2.20,6.940,0.5000,-27.143,-90.389,1.00000,90.000,-nan,-nan,-nan,0
4,2.20,6.950,0.5000,-27.139,-90.331,1.00000,90.000,-nan,-nan,-nan,0
4,2.20,6.960,0.5000,-27.135,-90.272,1.00000,90.000,-nan,-nan,-nan,0
4,2.20,6.970,0.5000,-27.131,-90.213,1.00000,90.000,-nan,-nan,-nan,0
4,2.20,6.980,0.5000,-27.127,-90.155,1.00000,90.000,-nan,-nan,-nan,0
4,2.20,6.990,0.5000,-27.124,-90.098,1.00000,90.000,-nan,-nan,-nan,0
4,2.20,7.000,0.5000,-27.120,-90.040,1.00000,90.000,-nan,-nan,-nan,0
4,2.20,7.010,0.5000,-27.116,-89.983,1.00000,90.000,-nan,-nan,-nan,0
4,2.20,7.020,0.5000,-27.112,-89.926,1.00000,90.000,-nan,-nan,-nan,0
4,2.20,7.030,0.5000,-27.108,-89.869,1.00000,90.000,-nan,-nan,-nan,0
4,2.20,7.040,0.5000,-27.104,-89.813,1.00000,90.000,-nan,-nan,-nan,0
4,2.20,7.050,0.5000,-27.101,-89.757,1.00000,90.000,-nan,-nan,-nan,0
4,2.20,7.060,0.5000,-27.097,-89.701,1.00000,90.000,-nan,-nan,-nan,0
4,2.20,7.070,0.5000,-27.093,-89.646,1.00000,90.000,-nan,-nan,-nan,0
4,2.20,7.080,0.5000,-27.089,-89.590,1.00000,90.000,-nan,-nan,-nan,0
4,2.20,7.090,0.5000,-27.086,-89.535,1.00000,90.000,-nan,-nan,-nan,0
4,2.20,7.100,0.5000,-27.082,-89.481,1.00000,90.000,-nan,-nan,-nan,0
4,2.20,7.110,0.5000,-27.078,-89.426,1.00000,90.000,-nan,-nan,-nan,0
4,2.20,7.120,0.5000,-27.075,-89.372,1.00000,90.000,-nan,-nan,-nan,0
4,2.20,7.130,0.5000,-27.071,-89.318,1.00000,90.000,-nan,-nan,-nan,0
4,2.20,7.140,0.5000,-27.067,-89.265,1.00000,90.000,-nan,-nan,-nan,0
4,2.20,7.150,0.5000,-27.064,-89.211,1.00000,90.000,-nan,-nan,-nan,0
4,2.20,7.160,0.5000,-27.060,-89.158,1.00000,90.000,-nan,-nan,-nan,0
4,2.20,7.170,0.5000,-27.057,-89.105,1.00000,90.000,-nan,-nan,-nan,0
4,2.20,7.180,0.5000,-27.053,-89.053,1.00000,90.000,-nan,-nan,-nan,0
4,2.20,7.190,0.5000,-27.050,-89.000,1.00000,90.000,-nan,-nan,-nan,0
4,2.20,7.200,0.5000,-27.046,-88.948,1.00000,90.000,-nan,-nan,-nan,0
4,2.20,7.210,0.5000,-27.042,-88.897,1.00000,90.000,-nan,-nan,-nan,0
4,2.20,7.220,0.5000,-27.039,-88.845,1.00000,90.000,-nan,-nan,-nan,0
4,2.20,7.230,0.5000,-27.036,-88.794,1.00000,90.000,-nan,-nan,-nan,0
4,2.20,7.240,0.5000,-27.032,-88.743,1.00000,90.000,-nan,-nan,-nan,0
4,2.20,7.250,0.5000,-27.029,-88.692,1.00000,90.000,-nan,-nan,-nan,0
4,2.20,7.260,0.5000,-27.025,-88.642,1.00000,90.000,-nan,-nan,-nan,0
4,2.20,7.270,0.5000,-27.022,-88.591,1.00000,90.000,-nan,-nan,-nan,0
4,2.20,7.280,0.5000,-27.019,-88.541,1.00000,90.000,-nan,-nan,-nan,0
4,2.20,7.290,0.5000,-27.015,-88.492,1.00000,90.000,-nan,-nan,-nan,0
4,2.20,7.300,0.5000,-27.012,-88.442,1.00000,90.000,-nan,-nan,-nan,0
4,2.20,7.310,0.5000,-27.008,-88.393,1.00000,90.000,-nan,-nan,-nan,0
4,2.20,7.320,0.5000,-27.005,-88.344,1.00000,90.000,-nan,-nan,-nan,0
4,2.20,7.330,0.5000,-27.002,-88.295,1.00000,90.000,-nan,-nan,-nan,0
4,2.20,7.340,0.5000,-26.999,-88.247,1.00000,90.000,-nan,-nan,-nan,0
4,2.20,7.350,0.5000,-26.995,-88.198,1.00000,90.000,-nan,-nan,-nan,0
4,2.20,7.360,0.5000,-26.992,-88.150,1.00000,90.000,-nan,-nan,-nan,0
4,2.20,7.370,0.5000,-26.989,-88.103,1.00000,90.000,-nan,-nan,-nan,0
4,2.20,7.380,0.5000,-26.986,-88.055,1.00000,90.000,-nan,-nan,-nan,0
4,2.20,7.390,0.5000,-26.982,-88.008,1.00000,90.000,-nan,-nan,-nan,0
4,2.20,7.400,0.5000,-26.979,-87.961,1.00000,90.000,-nan,-nan,-nan,0
4,2.20,7.410,0.5000,-26.976,-87.914,1.00000,90.000,-nan,-nan,-nan,0
4,2.20,7.420,0.5000,-26.973,-87.867,1.00000,90.000,-nan,-nan,-nan,0
4,2.20,7.430,0.5000,-26.970,-87.821,1.00000,90.000,-nan,-nan,-nan,0
4,2.20,7.440,0.5000,-26.967,-87.775,1.00000,90.000,-nan,-nan,-nan,0
4,2.20,7.450,0.5000,-26.964,-87.729,1.00000,90.000,-nan,-nan,-nan,0
4,2.20,7.460,0.5000,-26.961,-87.683,1.00000,90.000,-nan,-nan,-nan,0
4,2.20,7.470,0.5000,-26.957,-87.638,1.00000,90.000,-nan,-nan,-nan,0
4,2.20,7.480,0.5000,-26.954,-87.592,1.00000,90.000,-nan,-nan,-nan,0
4,2.20,7.490,0.5000,-26.951,-87.547,1.00000,90.000,-nan,-nan,-nan,0
4,2.20,7.500,0.5000,-26.948,-87.503,1.00000,90.000,-nan,-nan,-nan,0
4,2.20,7.510,0.5000,-26.945,-87.458,1.00000,90.000,-nan,-nan,-nan,0
4,2.20,7.520,0.5000,-26.942,-87.414,1.00000,90.000,-nan,-nan,-nan,0
4,2.20,7.530,0.5000,-26.939,-87.370,1.00000,90.000,-nan,-nan,-nan,0
4,2.20,7.540,0.5000,-26.936,-87.326,1.00000,90.000,-nan,-nan,-nan,0
4,2.20,7.550,0.5000,-26.933,-87.282,1.00000,90.000,-nan,-nan,-nan,0
4,2.20,7.560,0.5000,-26.931,-87.239,1.00000,90.000,-nan,-nan,-nan,0
4,2.20,7.570,0.5000,-26.928,-87.195,1.00000,90.000,-nan,-nan,-nan,0
4,2.20,7.580,0.5000,-26.925,-87.152,1.00000,90.000,-nan,-nan,-nan,0
4,2.20,7.590,0.5000,-26.922,-87.109,1.00000,90.000,-nan,-nan,-nan,0
4,2.20,7.600,0.5000,-26.919,-87.067,1.00000,90.000,-nan,-nan,-nan,0
4,2.20,7.610,0.5000,-26.916,-87.024,1.00000,90.000,-nan,-nan,-nan,0
4,2.20,7.620,0.5000,-26.913,-86.982,1.00000,90.000,-nan,-nan,-nan,0
4,2.20,7.630,0.5000,-26.910,-86.940,1.00000,90.000,-nan,-nan,-nan,0
4,2.20,7.640,0.5000,-26.908,-86.899,1.00000,90.000,-nan,-nan,-nan,0
4,2.20,7.650,0.5000,-26.905,-86.857,1.00000,90.000,-nan,-nan,-nan,0
4,2.20,7.660,0.5000,-26.902,-86.816,1.00000,90.000,-nan,-nan,-nan,0
4,2.20,7.670,0.5000,-26.899,-86.775,1.00000,90.000,-nan,-nan,-nan,0
4,2.20,7.680,0.5000,-26.896,-86.734,1.00000,90.000,-nan,-nan,-nan,0
4,2.20,7.690,0.5000,-26.894,-86.693,1.00000,90.000,-nan,-nan,-nan,0
4,2.20,7.700,0.5000,-26.891,-86.652,1.00000,90.000,-nan,-nan,-nan,0
4,2.20,7.710,0.5000,-26.888,-86.612,1.00000,90.000,-nan,-nan,-nan,0
4,2.20,7.720,0.5000,-26.885,-86.572,1.00000,90.000,-nan,-nan,-nan,0
4,2.20,7.730,0.5000,-26.883,-86.532,1.00000,90.000,-nan,-nan,-nan,0
4,2.20,7.740,0.5000,-26.880,-86.492,1.00000,90.000,-nan,-nan,-nan,0
4,2.20,7.750,0.5000,-26.877,-86.453,1.00000,90.000,-nan,-nan,-nan,0
4,2.20,7.760,0.5000,-26.875,-86.413,1.00000,90.000,-nan,-nan,-nan,0
4,2.20,7.770,0.5000,-26.872,-86.374,1.00000,90.000,-nan,-nan,-nan,0
4,2.20,7.780,0.5000,-26.870,-86.335,1.00000,90.000,-nan,-nan,-nan,0
4,2.20,7.790,0.5000,-26.867,-86.297,1.00000,90.000,-nan,-nan,-nan,0
4,2.20,7.800,0.5000,-26.864,-86.258,1.00000,90.000,-nan,-nan,-nan,0
4,2.20,7.810,0.5000,-26.862,-86.220,1.00000,90.000,-nan,-nan,-nan,0
4,2.20,7.820,0.5000,-26.859,-86.182,1.00000,90.000,-nan,-nan,-nan,0
4,2.20,7.830,0.5000,-26.857,-86.144,1.00000,90.000,-nan,-nan,-nan,0
4,2.20,7.840,0.5000,-26.854,-86.106,1.00000,90.000,-nan,-nan,-nan,0
4,2.20,7.850,0.5000,-26.851,-86.068,1.00000,90.000,-nan,-nan,-nan,0
4,2.20,7.860,0.5000,-26.849,-86.031,1.00000,90.000,-nan,-nan,-nan,0
4,2.20,7.870,0.5000,-26.846,-85.994,1.00000,90.000,-nan,-nan,-nan,0
4,2.20,7.880,0.5000,-26.844,-85.957,1.00000,90.000,-nan,-nan,-nan,0
4,2.20,7.890,0.5000,-26.841,-85.920,1.00000,90.000,-nan,-nan,-nan,0
4,2.20,7.900,0.5000,-26.839,-85.883,1.00000,90.000,-nan,-nan,-nan,0
4,2.20,7.910,0.5000,-26.837,-85.847,1.00000,90.000,-nan,-nan,-nan,0
4,2.20,7.920,0.5000,-26.834,-85.810,1.00000,90.000,-nan,-nan,-nan,0
4,2.20,7.930,0.5000,-26.832,-85.774,1.00000,90.000,-nan,-nan,-nan,0
4,2.20,7.940,0.5000,-26.829,-85.738,1.00000,90.000,-nan,-nan,-nan,0
4,2.20,7.950,0.5000,-26.827,-85.702,1.00000,90.000,-nan,-nan,-nan,0
4,2.20,7.960,0.5000,-26.824,-85.667,1.00000,90.000,-nan,-nan,-nan,0
4,2.20,7.970,0.5000,-26.822,-85.631,1.00000,90.000,-nan,-nan,-nan,0
4,2.20,7.980,0.5000,-26.820,-85.596,1.00000,90.000,-nan,-nan,-nan,0
4,2.20,7.990,0.5000,-26.817,-85.561,1.00000,90.000,-nan,-nan,-nan,0
4,2.20,8.000,0.5000,-26.815,-85.526,1.00000,90.000,-nan,-nan,-nan,0
4,2.20,8.010,0.5000,-26.813,-85.492,1.00000,90.000,-nan,-nan,-nan,0
4,2.20,8.020,0.5000,-26.810,-85.457,1.00000,90.000,-nan,-nan,-nan,0
4,2.20,8.030,0.5000,-26.808,-85.423,1.00000,90.000,-nan,-nan,-nan,0
4,2.20,8.040,0.5000,-26.806,-85.389,1.00000,90.000,-nan,-nan,-nan,0
4,2.20,8.050,0.5000,-26.803,-85.355,1.00000,90.000,-nan,-nan,-nan,0
4,2.20,8.060,0.5000,-26.801,-85.321,1.00000,90.000,-nan,-nan,-nan,0
4,2.20,8.070,0.5000,-26.799,-85.287,1.00000,90.000,-nan,-nan,-nan,0
4,2.20,8.080,0.5000,-26.796,-85.253,1.00000,90.000,-nan,-nan,-nan,0
4,2.20,8.090,0.5000,-26.794,-85.220,1.00000,90.000,-nan,-nan,-nan,0
4,2.20,8.100,0.5000,-26.792,-85.187,1.00000,90.000,-nan,-nan,-nan,0
4,2.20,8.110,0.5000,-26.790,-85.154,1.00000,90.000,-nan,-nan,-nan,0
4,2.20,8.120,0.5000,-26.788,-85.121,1.00000,90.000,-nan,-nan,-nan,0
4,2.20,8.130,0.5000,-26.785,-85.088,1.00000,90.000,-nan,-nan,-nan,0
4,2.20,8.140,0.5000,-26.783,-85.056,1.00000,90.000,-nan,-nan,-nan,0
4,2.20,8.150,0.5000,-26.781,-85.024,1.00000,90.000,-nan,-nan,-nan,0
4,2.20,8.160,0.5000,-26.779,-84.991,1.00000,90.000,-nan,-nan,-nan,0
4,2.20,8.170,0.5000,-26.777,-84.959,1.00000,90.000,-nan,-nan,-nan,0
4,2.20,8.180,0.5000,-26.774,-84.927,1.00000,90.000,-nan,-nan,-nan,0
4,2.20,8.190,0.5000,-26.772,-84.896,1.00000,90.000,-nan,-nan,-nan,0
4,2.20,8.200,0.5000,-26.770,-84.864,1.00000,90.000,-nan,-nan,-nan,0
4,2.20,8.210,0.5000,-26.768,-84.833,1.00000,90.000,-nan,-nan,-nan,0
4,2.20,8.220,0.5000,-26.766,-84.802,1.00000,90.000,-nan,-nan,-nan,0
4,2.20,8.230,0.5000,-26.764,-84.770,1.00000,90.000,-nan,-nan,-nan,0
4,2.20,8.240,0.5000,-26.762,-84.739,1.00000,90.000,-nan,-nan,-nan,0
4,2.20,8.250,0.5000,-26.760,-84.709,1.00000,90.000,-nan,-nan,-nan,0
4,2.20,8.260,0.5000,-26.758,-84.678,1.00000,90.000,-nan,-nan,-nan,0
4,2.20,8.270,0.5000,-26.756,-84.648,1.00000,90.000,-nan,-nan,-nan,0
4,2.20,8.280,0.5000,-26.754,-84.617,1.00000,90.000,-nan,-nan,-nan,0
4,2.20,8.290,0.5000,-26.751,-84.587,1.00000,90.000,-nan,-nan,-nan,0
4,2.20,8.300,0.5000,-26.749,-84.557,1.00000,90.000,-nan,-nan,-nan,0
4,2.20,8.310,0.5000,-26.747,-84.527,1.00000,90.000,-nan,-nan,-nan,0
4,2.20,8.320,0.5000,-26.745,-84.498,1.00000,90.000,-nan,-nan,-nan,0
4,2.20,8.330,0.5000,-26.743,-84.468,1.00000,90.000,-nan,-nan,-nan,0
4,2.20,8.340,0.5000,-26.741,-84.439,1.00000,90.000,-nan,-nan,-nan,0
4,2.20,8.350,0.5000,-26.739,-84.409,1.00000,90.000,-nan,-nan,-nan,0
4,2.20,8.360,0.5000,-26.737,-84.380,1.00000,90.000,-nan,-nan,-nan,0
4,2.20,8.370,0.5000,-26.736,-84.351,1.00000,90.000,-nan,-nan,-nan,0
4,2.20,8.380,0.5000,-26.734,-84.322,1.00000,90.000,-nan,-nan,-nan,0
4,2.20,8.390,0.5000,-26.732,-84.294,1.00000,90.000,-nan,-nan,-nan,0
4,2.20,8.400,0.5000,-26.730,-84.265,1.00000,90.000,-nan,-nan,-nan,0
4,2.20,8.410,0.5000,-26.728,-84.237,1.00000,90.000,-nan,-nan,-nan,0
4,2.20,8.420,0.5000,-26.726,-84.208,1.00000,90.000,-nan,-nan,-nan,0
4,2.20,8.430,0.5000,-26.724,-84.180,1.00000,90.000,-nan,-nan,-nan,0
4,2.20,8.440,0.5000,-26.722,-84.152,1.00000,90.000,-nan,-nan,-nan,0
4,2.20,8.450,0.5000,-26.720,-84.124,1.00000,90.000,-nan,-nan,-nan,0
4,2.20,8.460,0.5000,-26.718,-84.097,1.00000,90.000,-nan,-nan,-nan,0
4,2.20,8.470,0.5000,-26.716,-84.069,1.00000,90.000,-nan,-nan,-nan,0
4,2.20,8.480,0.5000,-26.715,-84.042,1.00000,90.000,-nan,-nan,-nan,0
4,2.20,8.490,0.5000,-26.713,-84.014,1.00000,90.000,-nan,-nan,-nan,0
4,2.20,8.500,0.5000,-26.711,-83.987,1.00000,90.000,-nan,-nan,-nan,0
4,2.20,8.510,0.5000,-26.709,-83.960,1.00000,90.000,-nan,-nan,-nan,0
4,2.20,8.520,0.5000,-26.707,-83.933,1.00000,90.000,-nan,-nan,-nan,0
4,2.20,8.530,0.5000,-26.706,-83.907,1.00000,90.000,-nan,-nan,-nan,0
4,2.20,8.540,0.5000,-26.704,-83.880,1.00000,90.000,-nan,-nan,-nan,0
4,2.20,8.550,0.5000,-26.702,-83.853,1.00000,90.000,-nan,-nan,-nan,0
4,2.20,8.560,0.5000,-26.700,-83.827,1.00000,90.000,-nan,-nan,-nan,0
4,2.20,8.570,0.5000,-26.698,-83.801,1.00000,90.000,-nan,-nan,-nan,0
4,2.20,8.580,0.5000,-26.697,-83.775,1.00000,90.000,-nan,-nan,-nan,0
4,2.20,8.590,0.5000,-26.695,-83.749,1.00000,90.000,-nan,-nan,-nan,0
4,2.20,8.600,0.5000,-26.693,-83.723,1.00000,90.000,-nan,-nan,-nan,0
4,2.20,8.610,0.5000,-26.691,-83.697,1.00000,90.000,-nan,-nan,-nan,0
4,2.20,8.620,0.5000,-26.690,-83.672,1.00000,90.000,-nan,-nan,-nan,0
4,2.20,8.630,0.5000,-26.688,-83.646,1.00000,90.000,-nan,-nan,-nan,0
4,2.20,8.640,0.5000,-26.686,-83.621,1.00000,90.000,-nan,-nan,-nan,0
4,2.20,8.650,0.5000,-26.685,-83.596,1.00000,90.000,-nan,-nan,-nan,0
4,2.20,8.660,0.5000,-26.683,-83.571,1.00000,90.000,-nan,-nan,-nan,0
4,2.20,8.670,0.5000,-26.681,-83.546,1.00000,90.000,-nan,-nan,-nan,0
4,2.20,8.680,0.5000,-26.679,-83.521,1.00000,90.000,-nan,-nan,-nan,0
4,2.20,8.690,0.5000,-26.678,-83.496,1.00000,90.000,-nan,-nan,-nan,0
4,2.20,8.700,0.5000,-26.676,-83.472,1.00000,90.000,-nan,-nan,-nan,0
4,2.20,8.710,0.5000,-26.674,-83.447,1.00000,90.000,-nan,-nan,-nan,0
4,2.20,8.720,0.5000,-26.673,-83.423,1.00000,90.000,-nan,-nan,-nan,0
4,2.20,8.730,0.5000,-26.671,-83.399,1.00000,90.000,-nan,-nan,-nan,0
4,2.20,8.740,0.5000,-26.670,-83.374,1.00000,90.000,-nan,-nan,-nan,0
4,2.20,8.750,0.5000,-26.668,-83.350,1.00000,90.000,-nan,-nan,-nan,0
4,2.20,8.760,0.5000,-26.666,-83.327,1.00000,90.000,-nan,-nan,-nan,0
4,2.20,8.770,0.5000,-26.665,-83.303,1.00000,90.000,-nan,-nan,-nan,0
4,2.20,8.780,0.5000,-26.663,-83.279,1.00000,90.000,-nan,-nan,-nan,0
4,2.20,8.790,0.5000,-26.662,-83.256,1.00000,90.000,-nan,-nan,-nan,0
4,2.20,8.800,0.5000,-26.660,-83.232,1.00000,90.000,-nan,-nan,-nan,0
4,2.20,8.810,0.5000,-26.658,-83.209,1.00000,90.000,-nan,-nan,-nan,0
4,2.20,8.820,0.5000,-26.657,-83.186,1.00000,90.000,-nan,-nan,-nan,0
4,2.20,8.830,0.5000,-26.655,-83.163,1.00000,90.000,-nan,-nan,-nan,0
4,2.20,8.840,0.5000,-26.654,-83.140,1.00000,90.000,-nan,-nan,-nan,0
4,2.20,8.850,0.5000,-26.652,-83.117,1.00000,90.000,-nan,-nan,-nan,0
4,2.20,8.860,0.5000,-26.651,-83.095,1.00000,90.000,-nan,-nan,-nan,0
4,2.20,8.870,0.5000,-26.649,-83.072,1.00000,90.000,-nan,-nan,-nan,0
4,2.20,8.880,0.5000,-26.648,-83.049,1.00000,90.000,-nan,-nan,-nan,0
4,2.20,8.890,0.5000,-26.646,-83.027,1.00000,90.000,-nan,-nan,-nan,0
4,2.20,8.900,0.5000,-26.645,-83.005,1.00000,90.000,-nan,-nan,-nan,0
4,2.20,8.910,0.5000,-26.643,-82.983,1.00000,90.000,-nan,-nan,-nan,0
4,2.20,8.920,0.5000,-26.642,-82.961,1.00000,90.000,-nan,-nan,-nan,0
4,2.20,8.930,0.5000,-26.640,-82.939,1.00000,90.000,-nan,-nan,-nan,0
4,2.20,8.940,0.5000,-26.639,-82.917,1.00000,90.000,-nan,-nan,-nan,0
4,2.20,8.950,0.5000,-26.637,-82.895,1.00000,90.000,-nan,-nan,-nan,0
4,2.20,8.960,0.5000,-26.636,-82.874,1.00000,90.000,-nan,-nan,-nan,0
4,2.20,8.970,0.5000,-26.634,-82.852,1.00000,90.000,-nan,-nan,-nan,0
4,2.20,8.980,0.5000,-26.633,-82.831,1.00000,90.000,-nan,-nan,-nan,0
4,2.20,8.990,0.5000,-26.631,-82.810,1.00000,90.000,-nan,-nan,-nan,0
4,2.20,9.000,0.5000,-26.630,-82.789,1.00000,90.000,-nan,-nan,-nan,0
4,2.20,9.010,0.5000,-26.629,-82.767,1.00000,90.000,-nan,-nan,-nan,0
4,2.20,9.020,0.5000,-26.627,-82.747,1.00000,90.000,-nan,-nan,-nan,0
4,2.20,9.030,0.5000,-26.626,-82.726,1.00000,90.000,-nan,-nan,-nan,0
4,2.20,9.040,0.5000,-26.624,-82.705,1.00000,90.000,-nan,-nan,-nan,0
4,2.20,9.050,0.5000,-26.623,-82.684,1.00000,90.000,-nan,-nan,-nan,0
4,2.20,9.060,0.5000,-26.622,-82.664,1.00000,90.000,-nan,-nan,-nan,0
4,2.20,9.070,0.5000,-26.620,-82.643,1.00000,90.000,-nan,-nan,-nan,0
4,2.20,9.080,0.5000,-26.619,-82.623,1.00000,90.000,-nan,-nan,-nan,0
4,2.20,9.090,0.5000,-26.617,-82.603,1.00000,90.000,-nan,-nan,-nan,0
4,2.20,9.100,0.5000,-26.616,-82.583,1.00000,90.000,-nan,-nan,-nan,0
4,2.20,9.110,0.5000,-26.615,-82.563,1.00000,90.000,-nan,-nan,-nan,0
4,2.20,9.120,0.5000,-26.613,-82.543,1.00000,90.000,-nan,-nan,-nan,0
4,2.20,9.130,0.5000,-26.612,-82.523,1.00000,90.000,-nan,-nan,-nan,0
4,2.20,9.140,0.5000,-26.611,-82.503,1.00000,90.000,-nan,-nan,-nan,0
4,2.20,9.150,0.5000,-26.609,-82.484,1.00000,90.000,-nan,-nan,-nan,0
4,2.20,9.160,0.5000,-26.608,-82.464,1.00000,90.000,-nan,-nan,-nan,0
4,2.20,9.170,0.5000,-26.607,-82.445,1.00000,90.000,-nan,-nan,-nan,0
4,2.20,9.180,0.5000,-26.605,-82.425,1.00000,90.000,-nan,-nan,-nan,0
4,2.20,9.190,0.5000,-26.604,-82.406,1.00000,90.000,-nan,-nan,-nan,0
4,2.20,9.200,0.5000,-26.603,-82.387,1.00000,90.000,-nan,-nan,-nan,0
4,2.20,9.210,0.5000,-26.602,-82.368,1.00000,90.000,-nan,-nan,-nan,0
4,2.20,9.220,0.5000,-26.600,-82.349,1.00000,90.000,-nan,-nan,-nan,0
4,2.20,9.230,0.5000,-26.599,-82.330,1.00000,90.000,-nan,-nan,-nan,0
4,2.20,9.240,0.5000,-26.598,-82.311,1.00000,90.000,-nan,-nan,-nan,0
4,2.20,9.250,0.5000,-26.597,-82.293,1.00000,90.000,-nan,-nan,-nan,0
4,2.20,9.260,0.5000,-26.595,-82.274,1.00000,90.000,-nan,-nan,-nan,0
4,2.20,9.270,0.5000,-26.594,-82.256,1.00000,90.000,-nan,-nan,-nan,0
4,2.20,9.280,0.5000,-26.593,-82.237,1.00000,90.000,-nan,-nan,-nan,0
4,2.20,9.290,0.5000,-26.592,-82.219,1.00000,90.000,-nan,-nan,-nan,0
4,2.20,9.300,0.5000,-26.590,-82.201,1.00000,90.000,-nan,-nan,-nan,0
4,2.20,9.310,0.5000,-26.589,-82.183,1.00000,90.000,-nan,-nan,-nan,0
4,2.20,9.320,0.5000,-26.588,-82.165,1.00000,90.000,-nan,-nan,-nan,0
4,2.20,9.330,0.5000,-26.587,-82.147,1.00000,90.000,-nan,-nan,-nan,0
4,2.20,9.340,0.5000,-26.585,-82.129,1.00000,90.000,-nan,-nan,-nan,0
4,2.20,9.350,0.5000,-26.584,-82.111,1.00000,90.000,-nan,-nan,-nan,0
4,2.20,9.360,0.5000,-26.583,-82.093,1.00000,90.000,-nan,-nan,-nan,0
4,2.20,9.370,0.5000,-26.582,-82.076,1.00000,90.000,-nan,-nan,-nan,0
4,2.20,9.380,0.5000,-26.581,-82.058,1.00000,90.000,-nan,-nan,-nan,0
4,2.20,9.390,0.5000,-26.580,-82.041,1.00000,90.000,-nan,-nan,-nan,0
4,2.20,9.400,0.5000,-26.578,-82.024,1.00000,90.000,-nan,-nan,-nan,0
4,2.20,9.410,0.5000,-26.577,-82.006,1.00000,90.000,-nan,-nan,-nan,0
4,2.20,9.420,0.5000,-26.576,-81.989,1.00000,90.000,-nan,-nan,-nan,0
4,2.20,9.430,0.5000,-26.575,-81.972,1.00000,90.000,-nan,-nan,-nan,0
4,2.20,9.440,0.5000,-26.574,-81.955,1.00000,90.000,-nan,-nan,-nan,0
4,2.20,9.450,0.5000,-26.573,-81.938,1.00000,90.000,-nan,-nan,-nan,0
4,2.20,9.460,0.5000,-26.571,-81.921,1.00000,90.000,-nan,-nan,-nan,0
4,2.20,9.470,0.5000,-26.570,-81.905,1.00000,90.000,-nan,-nan,-nan,0
4,2.20,9.480,0.5000,-26.569,-81.888,1.00000,90.000,-nan,-nan,-nan,0
4,2.20,9.490,0.5000,-26.568,-81.871,1.00000,90.000,-nan,-nan,-nan,0
4,2.20,9.500,0.5000,-26.567,-81.855,1.00000,90.000,-nan,-nan,-nan,0
4,2.20,9.510,0.5000,-26.566,-81.839,1.00000,90.000,-nan,-nan,-nan,0
4,2.20,9.520,0.5000,-26.565,-81.822,1.00000,90.000,-nan,-nan,-nan,0
4,2.20,9.530,0.5000,-26.564,-81.806,1.00000,90.000,-nan,-nan,-nan,0
4,2.20,9.540,0.5000,-26.563,-81.790,1.00000,90.000,-nan,-nan,-nan,0
4,2.20,9.550,0.5000,-26.561,-81.774,1.00000,90.000,-nan,-nan,-nan,0
4,2.20,9.560,0.5000,-26.560,-81.758,1.00000,90.000,-nan,-nan,-nan,0
4,2.20,9.570,0.5000,-26.559,-81.742,1.00000,90.000,-nan,-nan,-nan,0
4,2.20,9.580,0.5000,-26.558,-81.726,1.00000,90.000,-nan,-nan,-nan,0
4,2.20,9.590,0.5000,-26.557,-81.710,1.00000,90.000,-nan,-nan,-nan,0
4,2.20,9.600,0.5000,-26.556,-81.695,1.00000,90.000,-nan,-nan,-nan,0
4,2.20,9.610,0.5000,-26.555,-81.679,1.00000,90.000,-nan,-nan,-nan,0
4,2.20,9.620,0.5000,-26.554,-81.664,1.00000,90.000,-nan,-nan,-nan,0
4,2.20,9.630,0.5000,-26.553,-81.648,1.00000,90.000,-nan,-nan,-nan,0
4,2.20,9.640,0.5000,-26.552,-81.633,1.00000,90.000,-nan,-nan,-nan,0
4,2.20,9.650,0.5000,-26.551,-81.618,1.00000,90.000,-nan,-nan,-nan,0
4,2.20,9.660,0.5000,-26.550,-81.602,1.00000,90.000,-nan,-nan,-nan,0
4,2.20,9.670,0.5000,-26.549,-81.587,1.00000,90.000,-nan,-nan,-nan,0
4,2.20,9.680,0.5000,-26.548,-81.572,1.00000,90.000,-nan,-nan,-nan,0
4,2.20,9.690,0.5000,-26.547,-81.557,1.00000,90.000,-nan,-nan,-nan,0
4,2.20,9.700,0.5000,-26.546,-81.542,1.00000,90.000,-nan,-nan,-nan,0
4,2.20,9.710,0.5000,-26.545,-81.527,1.00000,90.000,-nan,-nan,-nan,0
4,2.20,9.720,0.5000,-26.544,-81.513,1.00000,90.000,-nan,-nan,-nan,0
4,2.20,9.730,0.5000,-26.543,-81.498,1.00000,90.000,-nan,-nan,-nan,0
4,2.20,9.740,0.5000,-26.542,-81.483,1.00000,90.000,-nan,-nan,-nan,0
4,2.20,9.750,0.5000,-26.541,-81.469,1.00000,90.000,-nan,-nan,-nan,0
4,2.20,9.760,0.5000,-26.540,-81.454,1.00000,90.000,-nan,-nan,-nan,0
4,2.20,9.770,0.5000,-26.539,-81.440,1.00000,90.000,-nan,-nan,-nan,0
4,2.20,9.780,0.5000,-26.538,-81.426,1.00000,90.000,-nan,-nan,-nan,0
4,2.20,9.790,0.5000,-26.537,-81.411,1.00000,90.000,-nan,-nan,-nan,0
4,2.20,9.800,0.5000,-26.536,-81.397,1.00000,90.000,-nan,-nan,-nan,0
4,2.20,9.810,0.5000,-26.535,-81.383,1.00000,90.000,-nan,-nan,-nan,0
4,2.20,9.820,0.5000,-26.534,-81.369,1.00000,90.000,-nan,-nan,-nan,0
4,2.20,9.830,0.5000,-26.533,-81.355,1.00000,90.000,-nan,-nan,-nan,0
4,2.20,9.840,0.5000,-26.532,-81.341,1.00000,90.000,-nan,-nan,-nan,0
4,2.20,9.850,0.5000,-26.531,-81.327,1.00000,90.000,-nan,-nan,-nan,0
4,2.20,9.860,0.5000,-26.530,-81.314,1.00000,90.000,-nan,-nan,-nan,0
4,2.20,9.870,0.5000,-26.529,-81.300,1.00000,90.000,-nan,-nan,-nan,0
4,2.20,9.880,0.5000,-26.529,-81.286,1.00000,90.000,-nan,-nan,-nan,0
4,2.20,9.890,0.5000,-26.528,-81.273,1.00000,90.000,-nan,-nan,-nan,0
4,2.20,9.900,0.5000,-26.527,-81.259,1.00000,90.000,-nan,-nan,-nan,0
4,2.20,9.910,0.5000,-26.526,-81.246,1.00000,90.000,-nan,-nan,-nan,0
4,2.20,9.920,0.5000,-26.525,-81.232,1.00000,90.000,-nan,-nan,-nan,0
4,2.20,9.930,0.5000,-26.524,-81.219,1.00000,90.000,-nan,-nan,-nan,0
4,2.20,9.940,0.5000,-26.523,-81.206,1.00000,90.000,-nan,-nan,-nan,0
4,2.20,9.950,0.5000,-26.522,-81.193,1.00000,90.000,-nan,-nan,-nan,0
4,2.20,9.960,0.5000,-26.521,-81.180,1.00000,90.000,-nan,-nan,-nan,0
4,2.20,9.970,0.5000,-26.520,-81.167,1.00000,90.000,-nan,-nan,-nan,0
4,2.20,9.980,0.5000,-26.520,-81.154,1.00000,90.000,-nan,-nan,-nan,0
4,2.20,9.990,0.5000,-26.519,-81.141,1.00000,90.000,-nan,-nan,-nan,0
4,2.20,10.000,0.5000,-26.518,-81.128,1.00000,90.000,-nan,-nan,-nan,0
5,2.60,0.000,0.5000,-52.000,-450.006,0.03490,2.000,0.00,0.00000,0.03490,0
5,2.60,0.010,0.5000,-51.872,-448.263,1.00000,90.000,348.10,-0.20618,0.97851,0
5,2.60,0.020,0.5000,-51.745,-446.529,1.00000,90.000,336.15,-0.40429,0.91463,0
5,2.60,0.030,0.5000,-51.618,-444.804,1.00000,90.000,324.16,-0.58556,0.81063,0
5,2.60,0.040,0.5000,-51.492,-443.087,1.00000,90.000,312.11,-0.74184,0.67058,0
5,2.60,0.050,0.5000,-51.367,-441.378,1.00000,90.000,300.02,-0.86587,0.50027,0
5,2.60,0.060,0.5000,-51.242,-439.678,1.00000,90.000,287.87,-0.95173,0.30692,0
5,2.60,0.070,0.5000,-51.118,-437.987,1.00000,90.000,275.68,-0.99509,0.09899,0
5,2.60,0.080,0.5000,-50.994,-436.304,1.00000,90.000,263.44,-0.99345,-0.11428,0
5,2.60,0.090,0.5000,-50.871,-434.629,1.00000,90.000,251.15,-0.94634,-0.32316,0
5,2.60,0.100,0.5000,-50.749,-432.963,1.00000,90.000,238.80,-0.85539,-0.51798,0
5,2.60,0.110,0.5000,-50.627,-431.305,1.00000,90.000,226.41,-0.72430,-0.68948,0
5,2.60,0.120,0.5000,-50.506,-429.656,1.00000,90.000,213.97,-0.55873,-0.82935,0
5,2.60,0.130,0.5000,-50.385,-428.014,1.00000,90.000,201.48,-0.36610,-0.93057,0
5,2.60,0.140,0.5000,-50.266,-426.381,1.00000,90.000,188.93,-0.15526,-0.98787,0
5,2.60,0.150,0.5000,-50.146,-424.756,1.00000,90.000,176.34,0.06388,-0.99796,0
5,2.60,0.160,0.5000,-50.028,-423.139,1.00000,90.000,163.69,0.28079,-0.95977,0
5,2.60,0.170,0.5000,-49.909,-421.530,1.00000,90.000,151.00,0.48486,-0.87459,0
5,2.60,0.180,0.5000,-49.792,-419.929,1.00000,90.000,138.25,0.66589,-0.74605,0
5,2.60,0.190,0.5000,-49.675,-418.336,1.00000,90.000,125.45,0.81461,-0.58001,0
5,2.60,0.200,0.5000,-49.559,-416.751,1.00000,90.000,112.60,0.92320,-0.38432,0
5,2.60,0.210,0.5000,-49.443,-415.174,1.00000,90.000,99.70,0.98570,-0.16849,0
5,2.60,0.220,0.5000,-49.328,-413.605,1.00000,90.000,86.75,0.99839,0.05675,0
5,2.60,0.230,0.5000,-49.213,-412.044,1.00000,90.000,73.74,0.96001,0.27998,0
5,2.60,0.240,0.5000,-49.099,-410.490,1.00000,90.000,60.68,0.87193,0.48963,0
5,2.60,0.250,0.5000,-48.985,-408.944,1.00000,90.000,47.57,0.73815,0.67463,0
5,2.60,0.260,0.5000,-48.873,-407.406,1.00000,90.000,34.41,0.56515,0.82499,0
5,2.60,0.270,0.5000,-48.760,-405.876,1.00000,90.000,21.20,0.36159,0.93234,0
5,2.60,0.280,0.5000,-48.648,-404.353,1.00000,90.000,7.93,0.13798,0.99044,0
5,2.60,0.290,0.5000,-48.537,-402.838,1.00000,90.000,354.61,-0.09392,0.99558,0
5,2.60,0.300,0.5000,-48.426,-401.330,1.00000,90.000,341.24,-0.32164,0.94686,0
5,2.60,0.310,0.5000,-48.316,-399.830,1.00000,90.000,327.81,-0.53271,0.84630,0
5,2.60,0.320,0.5000,-48.207,-398.337,1.00000,90.000,314.33,-0.71531,0.69881,0
5,2.60,0.330,0.5000,-48.098,-396.852,1.00000,90.000,300.80,-0.85897,0.51202,0
5,2.60,0.340,0.5000,-47.989,-395.374,1.00000,90.000,287.21,-0.95522,0.29590,0
5,2.60,0.350,0.5000,-47.881,-393.904,1.00000,90.000,273.57,-0.99806,0.06229,0
5,2.60,0.360,0.5000,-47.774,-392.441,1.00000,90.000,259.88,-0.98443,-0.17577,0
5,2.60,0.370,0.5000,-47.667,-390.985,1.00000,90.000,246.13,-0.91445,-0.40470,0
5,2.60,0.380,0.5000,-47.561,-389.537,1.00000,90.000,232.32,-0.79149,-0.61118,0
5,2.60,0.390,0.5000,-47.455,-388.095,1.00000,90.000,218.47,-0.62207,-0.78296,0
5,2.60,0.400,0.5000,-47.350,-386.661,1.00000,90.000,204.56,-0.41557,-0.90956,0
5,2.60,0.410,0.5000,-47.245,-385.234,1.00000,90.000,190.59,-0.18375,-0.98297,0
5,2.60,0.420,0.5000,-47.141,-383.814,1.00000,90.000,176.57,0.05989,-0.99821,0
5,2.60,0.430,0.5000,-47.037,-382.402,1.00000,90.000,162.49,0.30087,-0.95366,0
5,2.60,0.440,0.5000,-46.934,-380.996,1.00000,90.000,148.36,0.52461,-0.85134,0
5,2.60,0.450,0.5000,-46.831,-379.597,1.00000,90.000,134.17,0.71727,-0.69680,0
5,2.60,0.460,0.5000,-46.729,-378.205,1.00000,90.000,119.93,0.86666,-0.49890,0
5,2.60,0.470,0.5000,-46.627,-376.821,1.00000,90.000,105.63,0.96303,-0.26940,0
5,2.60,0.480,0.5000,-46.526,-375.443,1.00000,90.000,91.27,0.99975,-0.02224,0
5,2.60,0.490,0.5000,-46.425,-374.072,1.00000,90.000,76.86,0.97383,0.22727,0
5,2.60,0.500,0.5000,-46.325,-372.708,1.00000,90.000,62.40,0.88618,0.46334,0
5,2.60,0.510,0.5000,-46.225,-371.350,1.00000,90.000,47.87,0.74167,0.67077,0
5,2.60,0.520,0.5000,-46.126,-370.000,1.00000,90.000,33.29,0.54894,0.83586,0
5,2.60,0.530,0.5000,-46.028,-368.656,1.00000,90.000,18.66,0.31992,0.94744,0
5,2.60,0.540,0.5000,-45.930,-367.319,1.00000,90.000,3.96,0.06915,0.99761,0
5,2.60,0.550,0.5000,-45.832,-365.988,1.00000,90.000,349.21,-0.18712,0.98234,0
5,2.60,0.560,0.5000,-45.735,-364.664,1.00000,90.000,334.41,-0.43196,0.90189,0
5,2.60,0.570,0.5000,-45.638,-363.347,1.00000,90.000,319.54,-0.64887,0.76090,0
5,2.60,0.580,0.5000,-45.542,-362.036,1.00000,90.000,304.62,-0.82292,0.56815,0
5,2.60,0.590,0.5000,-45.446,-360.732,1.00000,90.000,289.64,-0.94181,0.33614,0
5,2.60,0.600,0.5000,-45.351,-359.434,1.00000,90.000,274.60,-0.99677,0.08028,0
5,2.60,0.610,0.5000,-45.256,-358.143,1.00000,90.000,259.51,-0.98329,-0.18207,0
5,2.60,0.620,0.5000,-45.162,-356.859,1.00000,90.000,244.36,-0.90151,-0.43277,0
5,2.60,0.630,0.5000,-45.068,-355.580,1.00000,90.000,229.15,-0.75637,-0.65414,0
5,2.60,0.640,0.5000,-44.974,-354.308,1.00000,90.000,213.88,-0.55739,-0.83025,0
5,2.60,0.650,0.5000,-44.881,-353.043,1.00000,90.000,198.55,-0.31808,-0.94806,0
5,2.60,0.660,0.5000,-44.789,-351.783,1.00000,90.000,183.16,-0.05513,-0.99848,0
5,2.60,0.670,0.5000,-44.697,-350.530,1.00000,90.000,167.71,0.21279,-0.97710,0
5,2.60,0.680,0.5000,-44.605,-349.284,1.00000,90.000,152.21,0.46624,-0.88466,0
5,2.60,0.690,0.5000,-44.514,-348.043,1.00000,90.000,136.65,0.68651,-0.72712,0
5,2.60,0.700,0.5000,-44.424,-346.809,1.00000,90.000,121.02,0.85697,-0.51537,0
5,2.60,0.710,0.5000,-44.334,-345.580,1.00000,90.000,105.34,0.96438,-0.26453,0
5,2.60,0.720,0.5000,-44.244,-344.358,1.00000,90.000,89.60,0.99998,0.00704,0
5,2.60,0.730,0.5000,-44.155,-343.142,1.00000,90.000,73.79,0.96027,0.27908,0
5,2.60,0.740,0.5000,-44.066,-341.932,1.00000,90.000,57.93,0.84742,0.53092,0
5,2.60,0.750,0.5000,-43.977,-340.729,1.00000,90.000,42.01,0.66926,0.74303,0
5,2.60,0.760,0.5000,-43.889,-339.531,1.00000,90.000,26.03,0.43880,0.89858,0
5,2.60,0.770,0.5000,-43.802,-338.339,1.00000,90.000,9.98,0.17338,0.98486,0
5,2.60,0.780,0.5000,-43.715,-337.153,1.00000,90.000,353.88,-0.10660,0.99430,0
5,2.60,0.790,0.5000,-43.628,-335.973,1.00000,90.000,337.72,-0.37919,0.92532,0
5,2.60,0.800,0.5000,-43.542,-334.799,1.00000,90.000,321.49,-0.62263,0.78252,0
5,2.60,0.810,0.5000,-43.456,-333.630,1.00000,90.000,305.21,-0.81709,0.57651,0
5,2.60,0.820,0.5000,-43.371,-332.468,1.00000,90.000,288.86,-0.94632,0.32322,0
5,2.60,0.830,0.5000,-43.286,-331.311,1.00000,90.000,272.45,-0.99909,0.04274,0
5,2.60,0.840,0.5000,-43.202,-330.160,1.00000,90.000,255.98,-0.97021,-0.24228,0
5,2.60,0.850,0.5000,-43.117,-329.015,1.00000,90.000,239.45,-0.86116,-0.50833,0
5,2.60,0.860,0.5000,-43.034,-327.876,1.00000,90.000,222.85,-0.68013,-0.73309,0
5,2.60,0.870,0.5000,-42.951,-326.742,1.00000,90.000,206.20,-0.44148,-0.89727,0
5,2.60,0.880,0.5000,-42.868,-325.614,1.00000,90.000,189.48,-0.16471,-0.98634,0
5,2.60,0.890,0.5000,-42.785,-324.491,1.00000,90.000,172.70,0.12706,-0.99190,0
5,2.60,0.900,0.5000,-42.703,-323.374,1.00000,90.000,135.00,0.70711,-0.70711,0
5,2.60,0.910,0.5000,-42.622,-322.263,1.00000,90.000,-nan,-nan,-nan,0
5,2.60,0.920,0.5000,-42.541,-321.157,1.00000,90.000,-nan,-nan,-nan,0
5,2.60,0.930,0.5000,-42.460,-320.057,1.00000,90.000,-nan,-nan,-nan,0
5,2.60,0.940,0.5000,-42.379,-318.962,1.00000,90.000,-nan,-nan,-nan,0
5,2.60,0.950,0.5000,-42.299,-317.873,1.00000,90.000,-nan,-nan,-nan,0
5,2.60,0.960,0.5000,-42.220,-316.789,1.00000,90.000,-nan,-nan,-nan,0
5,2.60,0.970,0.5000,-42.141,-315.711,1.00000,90.000,-nan,-nan,-nan,0
5,2.60,0.980,0.5000,-42.062,-314.637,1.00000,90.000,-nan,-nan,-nan,0
5,2.60,0.990,0.5000,-41.984,-313.570,1.00000,90.000,-nan,-nan,-nan,0
5,2.60,1.000,0.5000,-41.906,-312.507,1.00000,90.000,-nan,-nan,-nan,0
5,2.60,1.010,0.5000,-41.828,-311.450,1.00000,90.000,-nan,-nan,-nan,0
5,2.60,1.020,0.5000,-41.751,-310.398,1.00000,90.000,-nan,-nan,-nan,0
5,2.60,1.030,0.5000,-41.674,-309.352,1.00000,90.000,-nan,-nan,-nan,0
5,2.60,1.040,0.5000,-41.597,-308.310,1.00000,90.000,-nan,-nan,-nan,0
5,2.60,1.050,0.5000,-41.521,-307.274,1.00000,90.000,-nan,-nan,-nan,0
5,2.60,1.060,0.5000,-41.446,-306.243,1.00000,90.000,-nan,-nan,-nan,0
5,2.60,1.070,0.5000,-41.370,-305.217,1.00000,90.000,-nan,-nan,-nan,0
5,2.60,1.080,0.5000,-41.295,-304.196,1.00000,90.000,-nan,-nan,-nan,0
5,2.60,1.090,0.5000,-41.221,-303.181,1.00000,90.000,-nan,-nan,-nan,0
5,2.60,1.100,0.5000,-41.147,-302.170,1.00000,90.000,-nan,-nan,-nan,0
5,2.60,1.110,0.5000,-41.073,-301.165,1.00000,90.000,-nan,-nan,-nan,0
5,2.60,1.120,0.5000,-40.999,-300.164,1.00000,90.000,-nan,-nan,-nan,0
5,2.60,1.130,0.5000,-40.926,-299.168,1.00000,90.000,-nan,-nan,-nan,0
5,2.60,1.140,0.5000,-40.854,-298.178,1.00000,90.000,-nan,-nan,-nan,0
5,2.60,1.150,0.5000,-40.781,-297.192,1.00000,90.000,-nan,-nan,-nan,0
5,2.60,1.160,0.5000,-40.709,-296.211,1.00000,90.000,-nan,-nan,-nan,0
5,2.60,1.170,0.5000,-40.638,-295.236,1.00000,90.000,-nan,-nan,-nan,0
5,2.60,1.180,0.5000,-40.566,-294.265,1.00000,90.000,-nan,-nan,-nan,0
5,2.60,1.190,0.5000,-40.495,-293.298,1.00000,90.000,-nan,-nan,-nan,0
5,2.60,1.200,0.5000,-40.425,-292.337,1.00000,90.000,-nan,-nan,-nan,0
5,2.60,1.210,0.5000,-40.355,-291.381,1.00000,90.000,-nan,-nan,-nan,0
5,2.60,1.220,0.5000,-40.285,-290.429,1.00000,90.000,-nan,-nan,-nan,0
5,2.60,1.230,0.5000,-40.215,-289.482,1.00000,90.000,-nan,-nan,-nan,0
5,2.60,1.240,0.5000,-40.146,-288.540,1.00000,90.000,-nan,-nan,-nan,0
5,2.60,1.250,0.5000,-40.077,-287.602,1.00000,90.000,-nan,-nan,-nan,0
5,2.60,1.260,0.5000,-40.009,-286.669,1.00000,90.000,-nan,-nan,-nan,0
5,2.60,1.270,0.5000,-39.940,-285.741,1.00000,90.000,-nan,-nan,-nan,0
5,2.60,1.280,0.5000,-39.873,-284.817,1.00000,90.000,-nan,-nan,-nan,0
5,2.60,1.290,0.5000,-39.805,-283.898,1.00000,90.000,-nan,-nan,-nan,0
5,2.60,1.300,0.5000,-39.738,-282.984,1.00000,90.000,-nan,-nan,-nan,0
5,2.60,1.310,0.5000,-39.671,-282.074,1.00000,90.000,-nan,-nan,-nan,0
5,2.60,1.320,0.5000,-39.605,-281.169,1.00000,90.000,-nan,-nan,-nan,0
5,2.60,1.330,0.5000,-39.539,-280.268,1.00000,90.000,-nan,-nan,-nan,0
5,2.60,1.340,0.5000,-39.473,-279.371,1.00000,90.000,-nan,-nan,-nan,0
5,2.60,1.350,0.5000,-39.407,-278.480,1.00000,90.000,-nan,-nan,-nan,0
5,2.60,1.360,0.5000,-39.342,-277.592,1.00000,90.000,-nan,-nan,-nan,0
5,2.60,1.370,0.5000,-39.277,-276.709,1.00000,90.000,-nan,-nan,-nan,0
5,2.60,1.380,0.5000,-39.213,-275.831,1.00000,90.000,-nan,-nan,-nan,0
5,2.60,1.390,0.5000,-39.149,-274.956,1.00000,90.000,-nan,-nan,-nan,0
5,2.60,1.400,0.5000,-39.085,-274.086,1.00000,90.000,-nan,-nan,-nan,0
5,2.60,1.410,0.5000,-39.021,-273.221,1.00000,90.000,-nan,-nan,-nan,0
5,2.60,1.420,0.5000,-38.958,-272.360,1.00000,90.000,-nan,-nan,-nan,0
5,2.60,1.430,0.5000,-38.895,-271.503,1.00000,90.000,-nan,-nan,-nan,0
5,2.60,1.440,0.5000,-38.833,-270.650,1.00000,90.000,-nan,-nan,-nan,0
5,2.60,1.450,0.5000,-38.770,-269.802,1.00000,90.000,-nan,-nan,-nan,0
5,2.60,1.460,0.5000,-38.708,-268.958,1.00000,90.000,-nan,-nan,-nan,0
5,2.60,1.470,0.5000,-38.647,-268.118,1.00000,90.000,-nan,-nan,-nan,0
5,2.60,1.480,0.5000,-38.585,-267.282,1.00000,90.000,-nan,-nan,-nan,0
5,2.60,1.490,0.5000,-38.524,-266.451,1.00000,90.000,-nan,-nan,-nan,0
5,2.60,1.500,0.5000,-38.464,-265.623,1.00000,90.000,-nan,-nan,-nan,0
5,2.60,1.510,0.5000,-38.403,-264.800,1.00000,90.000,-nan,-nan,-nan,0
5,2.60,1.520,0.5000,-38.343,-263.981,1.00000,90.000,-nan,-nan,-nan,0
5,2.60,1.530,0.5000,-38.283,-263.166,1.00000,90.000,-nan,-nan,-nan,0
5,2.60,1.540,0.5000,-38.224,-262.355,1.00000,90.000,-nan,-nan,-nan,0
5,2.60,1.550,0.5000,-38.164,-261.548,1.00000,90.000,-nan,-nan,-nan,0
5,2.60,1.560,0.5000,-38.105,-260.745,1.00000,90.000,-nan,-nan,-nan,0
5,2.60,1.570,0.5000,-38.047,-259.946,1.00000,90.000,-nan,-nan,-nan,0
5,2.60,1.580,0.5000,-37.988,-259.151,1.00000,90.000,-nan,-nan,-nan,0
5,2.60,1.590,0.5000,-37.930,-258.360,1.00000,90.000,-nan,-nan,-nan,0
5,2.60,1.600,0.5000,-37.873,-257.573,1.00000,90.000,-nan,-nan,-nan,0
5,2.60,1.610,0.5000,-37.815,-256.789,1.00000,90.000,-nan,-nan,-nan,0
5,2.60,1.620,0.5000,-37.758,-256.010,1.00000,90.000,-nan,-nan,-nan,0
5,2.60,1.630,0.5000,-37.701,-255.235,1.00000,90.000,-nan,-nan,-nan,0
5,2.60,1.640,0.5000,-37.644,-254.463,1.00000,90.000,-nan,-nan,-nan,0
5,2.60,1.650,0.5000,-37.588,-253.696,1.00000,90.000,-nan,-nan,-nan,0
5,2.60,1.660,0.5000,-37.532,-252.932,1.00000,90.000,-nan,-nan,-nan,0
5,2.60,1.670,0.5000,-37.476,-252.172,1.00000,90.000,-nan,-nan,-nan,0
5,2.60,1.680,0.5000,-37.421,-251.416,1.00000,90.000,-nan,-nan,-nan,0
5,2.60,1.690,0.5000,-37.365,-250.663,1.00000,90.000,-nan,-nan,-nan,0
5,2.60,1.700,0.5000,-37.310,-249.915,1.00000,90.000,-nan,-nan,-nan,0
5,2.60,1.710,0.5000,-37.256,-249.170,1.00000,90.000,-nan,-nan,-nan,0
5,2.60,1.720,0.5000,-37.201,-248.429,1.00000,90.000,-nan,-nan,-nan,0
5,2.60,1.730,0.5000,-37.147,-247.691,1.00000,90.000,-nan,-nan,-nan,0
5,2.60,1.740,0.5000,-37.093,-246.957,1.00000,90.000,-nan,-nan,-nan,0
5,2.60,1.750,0.5000,-37.040,-246.227,1.00000,90.000,-nan,-nan,-nan,0
5,2.60,1.760,0.5000,-36.986,-245.500,1.00000,90.000,-nan,-nan,-nan,0
5,2.60,1.770,0.5000,-36.933,-244.777,1.00000,90.000,-nan,-nan,-nan,0
5,2.60,1.780,0.5000,-36.880,-244.058,1.00000,90.000,-nan,-nan,-nan,0
5,2.60,1.790,0.5000,-36.828,-243.342,1.00000,90.000,-nan,-nan,-nan,0
5,2.60,1.800,0.5000,-36.776,-242.630,1.00000,90.000,-nan,-nan,-nan,0
5,2.60,1.810,0.5000,-36.724,-241.922,1.00000,90.000,-nan,-nan,-nan,0
5,2.60,1.820,0.5000,-36.672,-241.217,1.00000,90.000,-nan,-nan,-nan,0
5,2.60,1.830,0.5000,-36.620,-240.515,1.00000,90.000,-nan,-nan,-nan,0
5,2.60,1.840,0.5000,-36.569,-239.817,1.00000,90.000,-nan,-nan,-nan,0
5,2.60,1.850,0.5000,-36.518,-239.122,1.00000,90.000,-nan,-nan,-nan,0
5,2.60,1.860,0.5000,-36.467,-238.431,1.00000,90.000,-nan,-nan,-nan,0
5,2.60,1.870,0.5000,-36.417,-237.744,1.00000,90.000,-nan,-nan,-nan,0
5,2.60,1.880,0.5000,-36.367,-237.059,1.00000,90.000,-nan,-nan,-nan,0
5,2.60,1.890,0.5000,-36.317,-236.378,1.00000,90.000,-nan,-nan,-nan,0
5,2.60,1.900,0.5000,-36.267,-235.701,1.00000,90.000,-nan,-nan,-nan,0
5,2.60,1.910,0.5000,-36.217,-235.027,1.00000,90.000,-nan,-nan,-nan,0
5,2.60,1.920,0.5000,-36.168,-234.356,1.00000,90.000,-nan,-nan,-nan,0
5,2.60,1.930,0.5000,-36.119,-233.689,1.00000,90.000,-nan,-nan,-nan,0
5,2.60,1.940,0.5000,-36.070,-233.025,1.00000,90.000,-nan,-nan,-nan,0
5,2.60,1.950,0.5000,-36.022,-232.364,1.00000,90.000,-nan,-nan,-nan,0
5,2.60,1.960,0.5000,-35.974,-231.707,1.00000,90.000,-nan,-nan,-nan,0
5,2.60,1.970,0.5000,-35.926,-231.053,1.00000,90.000,-nan,-nan,-nan,0
5,2.60,1.980,0.5000,-35.878,-230.402,1.00000,90.000,-nan,-nan,-nan,0
5,2.60,1.990,0.5000,-35.830,-229.754,1.00000,90.000,-nan,-nan,-nan,0
5,2.60,2.000,0.5000,-35.783,-229.110,1.00000,90.000,-nan,-nan,-nan,0
5,2.60,2.010,0.5000,-35.736,-228.469,1.00000,90.000,-nan,-nan,-nan,0
5,2.60,2.020,0.5000,-35.689,-227.831,1.00000,90.000,-nan,-nan,-nan,0
5,2.60,2.030,0.5000,-35.642,-227.196,1.00000,90.000,-nan,-nan,-nan,0
5,2.60,2.040,0.5000,-35.596,-226.564,1.00000,90.000,-nan,-nan,-nan,0
5,2.60,2.050,0.5000,-35.550,-225.936,1.00000,90.000,-nan,-nan,-nan,0
5,2.60,2.060,0.5000,-35.504,-225.310,1.00000,90.000,-nan,-nan,-nan,0
5,2.60,2.070,0.5000,-35.458,-224.688,1.00000,90.000,-nan,-nan,-nan,0
5,2.60,2.080,0.5000,-35.413,-224.069,1.00000,90.000,-nan,-nan,-nan,0
5,2.60,2.090,0.5000,-35.368,-223.453,1.00000,90.000,-nan,-nan,-nan,0
5,2.60,2.100,0.5000,-35.323,-222.840,1.00000,90.000,-nan,-nan,-nan,0
5,2.60,2.110,0.5000,-35.278,-222.230,1.00000,90.000,-nan,-nan,-nan,0
5,2.60,2.120,0.5000,-35.233,-221.623,1.00000,90.000,-nan,-nan,-nan,0
5,2.60,2.130,0.5000,-35.189,-221.019,1.00000,90.000,-nan,-nan,-nan,0
5,2.60,2.140,0.5000,-35.145,-220.419,1.00000,90.000,-nan,-nan,-nan,0
5,2.60,2.150,0.5000,-35.101,-219.821,1.00000,90.000,-nan,-nan,-nan,0
5,2.60,2.160,0.5000,-35.057,-219.226,1.00000,90.000,-nan,-nan,-nan,0
5,2.60,2.170,0.5000,-35.014,-218.634,1.00000,90.000,-nan,-nan,-nan,0
5,2.60,2.180,0.5000,-34.971,-218.045,1.00000,90.000,-nan,-nan,-nan,0
5,2.60,2.190,0.5000,-34.928,-217.459,1.00000,90.000,-nan,-nan,-nan,0
5,2.60,2.200,0.5000,-34.885,-216.876,1.00000,90.000,-nan,-nan,-nan,0
5,2.60,2.210,0.5000,-34.842,-216.296,1.00000,90.000,-nan,-nan,-nan,0
5,2.60,2.220,0.5000,-34.800,-215.719,1.00000,90.000,-nan,-nan,-nan,0
5,2.60,2.230,0.5000,-34.758,-215.144,1.00000,90.000,-nan,-nan,-nan,0
5,2.60,2.240,0.5000,-34.716,-214.573,1.00000,90.000,-nan,-nan,-nan,0
5,2.60,2.250,0.5000,-34.674,-214.004,1.00000,90.000,-nan,-nan,-nan,0
5,2.60,2.260,0.5000,-34.632,-213.438,1.00000,90.000,-nan,-nan,-nan,0
5,2.60,2.270,0.5000,-34.591,-212.875,1.00000,90.000,-nan,-nan,-nan,0
5,2.60,2.280,0.5000,-34.550,-212.315,1.00000,90.000,-nan,-nan,-nan,0
5,2.60,2.290,0.5000,-34.509,-211.758,1.00000,90.000,-nan,-nan,-nan,0
5,2.60,2.300,0.5000,-34.468,-211.203,1.00000,90.000,-nan,-nan,-nan,0
5,2.60,2.310,0.5000,-34.428,-210.651,1.00000,90.000,-nan,-nan,-nan,0
5,2.60,2.320,0.5000,-34.387,-210.102,1.00000,90.000,-nan,-nan,-nan,0
5,2.60,2.330,0.5000,-34.347,-209.556,1.00000,90.000,-nan,-nan,-nan,0
5,2.60,2.340,0.5000,-34.307,-209.012,1.00000,90.000,-nan,-nan,-nan,0
5,2.60,2.350,0.5000,-34.268,-208.471,1.00000,90.000,-nan,-nan,-nan,0
5,2.60,2.360,0.5000,-34.228,-207.933,1.00000,90.000,-nan,-nan,-nan,0
5,2.60,2.370,0.5000,-34.189,-207.397,1.00000,90.000,-nan,-nan,-nan,0
5,2.60,2.380,0.5000,-34.150,-206.864,1.00000,90.000,-nan,-nan,-nan,0
5,2.60,2.390,0.5000,-34.111,-206.334,1.00000,90.000,-nan,-nan,-nan,0
5,2.60,2.400,0.5000,-34.072,-205.806,1.00000,90.000,-nan,-nan,-nan,0
5,2.60,2.410,0.5000,-34.034,-205.282,1.00000,90.000,-nan,-nan,-nan,0
5,2.60,2.420,0.5000,-33.995,-204.759,1.00000,90.000,-nan,-nan,-nan,0
5,2.60,2.430,0.5000,-33.957,-204.239,1.00000,90.000,-nan,-nan,-nan,0
5,2.60,2.440,0.5000,-33.919,-203.722,1.00000,90.000,-nan,-nan,-nan,0
5,2.60,2.450,0.5000,-33.881,-203.208,1.00000,90.000,-nan,-nan,-nan,0
5,2.60,2.460,0.5000,-33.844,-202.696,1.00000,90.000,-nan,-nan,-nan,0
5,2.60,2.470,0.5000,-33.806,-202.186,1.00000,90.000,-nan,-nan,-nan,0
5,2.60,2.480,0.5000,-33.769,-201.679,1.00000,90.000,-nan,-nan,-nan,0
5,2.60,2.490,0.5000,-33.732,-201.175,1.00000,90.000,-nan,-nan,-nan,0
5,2.60,2.500,0.5000,-33.695,-200.673,1.00000,90.000,-nan,-nan,-nan,0
5,2.60,2.510,0.5000,-33.659,-200.174,1.00000,90.000,-nan,-nan,-nan,0
5,2.60,2.520,0.5000,-33.622,-199.677,1.00000,90.000,-nan,-nan,-nan,0
5,2.60,2.530,0.5000,-33.586,-199.183,1.00000,90.000,-nan,-nan,-nan,0
5,2.60,2.540,0.5000,-33.550,-198.691,1.00000,90.000,-nan,-nan,-nan,0
5,2.60,2.550,0.5000,-33.514,-198.201,1.00000,90.000,-nan,-nan,-nan,0
5,2.60,2.560,0.5000,-33.478,-197.714,1.00000,90.000,-nan,-nan,-nan,0
5,2.60,2.570,0.5000,-33.442,-197.230,1.00000,90.000,-nan,-nan,-nan,0
5,2.60,2.580,0.5000,-33.407,-196.747,1.00000,90.000,-nan,-nan,-nan,0
5,2.60,2.590,0.5000,-33.372,-196.268,1.00000,90.000,-nan,-nan,-nan,0
5,2.60,2.600,0.5000,-33.337,-195.790,1.00000,90.000,-nan,-nan,-nan,0
5,2.60,2.610,0.5000,-33.302,-195.315,1.00000,90.000,-nan,-nan,-nan,0
5,2.60,2.620,0.5000,-33.267,-194.843,1.00000,90.000,-nan,-nan,-nan,0
5,2.60,2.630,0.5000,-33.233,-194.372,1.00000,90.000,-nan,-nan,-nan,0
5,2.60,2.640,0.5000,-33.198,-193.904,1.00000,90.000,-nan,-nan,-nan,0
5,2.60,2.650,0.5000,-33.164,-193.439,1.00000,90.000,-nan,-nan,-nan,0
5,2.60,2.660,0.5000,-33.130,-192.976,1.00000,90.000,-nan,-nan,-nan,0
5,2.60,2.670,0.5000,-33.096,-192.515,1.00000,90.000,-nan,-nan,-nan,0
5,2.60,2.680,0.5000,-33.063,-192.056,1.00000,90.000,-nan,-nan,-nan,0
5,2.60,2.690,0.5000,-33.029,-191.600,1.00000,90.000,-nan,-nan,-nan,0
5,2.60,2.700,0.5000,-32.996,-191.146,1.00000,90.000,-nan,-nan,-nan,0
5,2.60,2.710,0.5000,-32.963,-190.694,1.00000,90.000,-nan,-nan,-nan,0
5,2.60,2.720,0.5000,-32.930,-190.244,1.00000,90.000,-nan,-nan,-nan,0
5,2.60,2.730,0.5000,-32.897,-189.797,1.00000,90.000,-nan,-nan,-nan,0
5,2.60,2.740,0.5000,-32.864,-189.352,1.00000,90.000,-nan,-nan,-nan,0
5,2.60,2.750,0.5000,-32.832,-188.909,1.00000,90.000,-nan,-nan,-nan,0
5,2.60,2.760,0.5000,-32.799,-188.468,1.00000,90.000,-nan,-nan,-nan,0
5,2.60,2.770,0.5000,-32.767,-188.030,1.00000,90.000,-nan,-nan,-nan,0
5,2.60,2.780,0.5000,-32.735,-187.593,1.00000,90.000,-nan,-nan,-nan,0
5,2.60,2.790,0.5000,-32.703,-187.159,1.00000,90.000,-nan,-nan,-nan,0
5,2.60,2.800,0.5000,-32.671,-186.727,1.00000,90.000,-nan,-nan,-nan,0
5,2.60,2.810,0.5000,-32.640,-186.298,1.00000,90.000,-nan,-nan,-nan,0
5,2.60,2.820,0.5000,-32.608,-185.870,1.00000,90.000,-nan,-nan,-nan,0
5,2.60,2.830,0.5000,-32.577,-185.444,1.00000,90.000,-nan,-nan,-nan,0
5,2.60,2.840,0.5000,-32.546,-185.021,1.00000,90.000,-nan,-nan,-nan,0
5,2.60,2.850,0.5000,-32.515,-184.600,1.00000,90.000,-nan,-nan,-nan,0
5,2.60,2.860,0.5000,-32.484,-184.180,1.00000,90.000,-nan,-nan,-nan,0
5,2.60,2.870,0.5000,-32.454,-183.763,1.00000,90.000,-nan,-nan,-nan,0
5,2.60,2.880,0.5000,-32.423,-183.348,1.00000,90.000,-nan,-nan,-nan,0
5,2.60,2.890,0.5000,-32.393,-182.935,1.00000,90.000,-nan,-nan,-nan,0
5,2.60,2.900,0.5000,-32.363,-182.525,1.00000,90.000,-nan,-nan,-nan,0
5,2.60,2.910,0.5000,-32.333,-182.116,1.00000,90.000,-nan,-nan,-nan,0
5,2.60,2.920,0.5000,-32.303,-181.709,1.00000,90.000,-nan,-nan,-nan,0
5,2.60,2.930,0.5000,-32.273,-181.304,1.00000,90.000,-nan,-nan,-nan,0
5,2.60,2.940,0.5000,-32.244,-180.901,1.00000,90.000,-nan,-nan,-nan,0
5,2.60,2.950,0.5000,-32.214,-180.501,1.00000,90.000,-nan,-nan,-nan,0
5,2.60,2.960,0.5000,-32.185,-180.102,1.00000,90.000,-nan,-nan,-nan,0
5,2.60,2.970,0.5000,-32.156,-179.705,1.00000,90.000,-nan,-nan,-nan,0
5,2.60,2.980,0.5000,-32.127,-179.310,1.00000,90.000,-nan,-nan,-nan,0
5,2.60,2.990,0.5000,-32.098,-178.918,1.00000,90.000,-nan,-nan,-nan,0
5,2.60,3.000,0.5000,-32.069,-178.527,1.00000,90.000,-nan,-nan,-nan,0
5,2.60,3.010,0.5000,-32.041,-178.138,1.00000,90.000,-nan,-nan,-nan,0
5,2.60,3.020,0.5000,-32.012,-177.751,1.00000,90.000,-nan,-nan,-nan,0
5,2.60,3.030,0.5000,-31.984,-177.366,1.00000,90.000,-nan,-nan,-nan,0
5,2.60,3.040,0.5000,-31.956,-176.983,1.00000,90.000,-nan,-nan,-nan,0
5,2.60,3.050,0.5000,-31.928,-176.602,1.00000,90.000,-nan,-nan,-nan,0
5,2.60,3.060,0.5000,-31.900,-176.222,1.00000,90.000,-nan,-nan,-nan,0
5,2.60,3.070,0.5000,-31.873,-175.845,1.00000,90.000,-nan,-nan,-nan,0
5,2.60,3.080,0.5000,-31.845,-175.469,1.00000,90.000,-nan,-nan,-nan,0
5,2.60,3.090,0.5000,-31.818,-175.096,1.00000,90.000,-nan,-nan,-nan,0
5,2.60,3.100,0.5000,-31.790,-174.724,1.00000,90.000,-nan,-nan,-nan,0
5,2.60,3.110,0.5000,-31.763,-174.354,1.00000,90.000,-nan,-nan,-nan,0
5,2.60,3.120,0.5000,-31.736,-173.986,1.00000,90.000,-nan,-nan,-nan,0
5,2.60,3.130,0.5000,-31.709,-173.620,1.00000,90.000,-nan,-nan,-nan,0
5,2.60,3.140,0.5000,-31.682,-173.255,1.00000,90.000,-nan,-nan,-nan,0
5,2.60,3.150,0.5000,-31.656,-172.893,1.00000,90.000,-nan,-nan,-nan,0
5,2.60,3.160,0.5000,-31.629,-172.532,1.00000,90.000,-nan,-nan,-nan,0
5,2.60,3.170,0.5000,-31.603,-172.173,1.00000,90.000,-nan,-nan,-nan,0
5,2.60,3.180,0.5000,-31.577,-171.816,1.00000,90.000,-nan,-nan,-nan,0
5,2.60,3.190,0.5000,-31.551,-171.460,1.00000,90.000,-nan,-nan,-nan,0
5,2.60,3.200,0.5000,-31.525,-171.107,1.00000,90.000,-nan,-nan,-nan,0
5,2.60,3.210,0.5000,-31.499,-170.755,1.00000,90.000,-nan,-nan,-nan,0
5,2.60,3.220,0.5000,-31.473,-170.405,1.00000,90.000,-nan,-nan,-nan,0
5,2.60,3.230,0.5000,-31.448,-170.056,1.00000,90.000,-nan,-nan,-nan,0
5,2.60,3.240,0.5000,-31.422,-169.710,1.00000,90.000,-nan,-nan,-nan,0
5,2.60,3.250,0.5000,-31.397,-169.365,1.00000,90.000,-nan,-nan,-nan,0
5,2.60,3.260,0.5000,-31.372,-169.021,1.00000,90.000,-nan,-nan,-nan,0
5,2.60,3.270,0.5000,-31.347,-168.680,1.00000,90.000,-nan,-nan,-nan,0
5,2.60,3.280,0.5000,-31.322,-168.340,1.00000,90.000,-nan,-nan,-nan,0
5,2.60,3.290,0.5000,-31.297,-168.002,1.00000,90.000,-nan,-nan,-nan,0
5,2.60,3.300,0.5000,-31.272,-167.666,1.00000,90.000,-nan,-nan,-nan,0
5,2.60,3.310,0.5000,-31.247,-167.331,1.00000,90.000,-nan,-nan,-nan,0
5,2.60,3.320,0.5000,-31.223,-166.998,1.00000,90.000,-nan,-nan,-nan,0
5,2.60,3.330,0.5000,-31.199,-166.666,1.00000,90.000,-nan,-nan,-nan,0
5,2.60,3.340,0.5000,-31.174,-166.337,1.00000,90.000,-nan,-nan,-nan,0
5,2.60,3.350,0.5000,-31.150,-166.009,1.00000,90.000,-nan,-nan,-nan,0
5,2.60,3.360,0.5000,-31.126,-165.682,1.00000,90.000,-nan,-nan,-nan,0
5,2.60,3.370,0.5000,-31.103,-165.357,1.00000,90.000,-nan,-nan,-nan,0
5,2.60,3.380,0.5000,-31.079,-165.034,1.00000,90.000,-nan,-nan,-nan,0
5,2.60,3.390,0.5000,-31.055,-164.713,1.00000,90.000,-nan,-nan,-nan,0
5,2.60,3.400,0.5000,-31.032,-164.393,1.00000,90.000,-nan,-nan,-nan,0
5,2.60,3.410,0.5000,-31.008,-164.074,1.00000,90.000,-nan,-nan,-nan,0
5,2.60,3.420,0.5000,-30.985,-163.757,1.00000,90.000,-nan,-nan,-nan,0
5,2.60,3.430,0.5000,-30.962,-163.442,1.00000,90.000,-nan,-nan,-nan,0
5,2.60,3.440,0.5000,-30.939,-163.128,1.00000,90.000,-nan,-nan,-nan,0
5,2.60,3.450,0.5000,-30.916,-162.816,1.00000,90.000,-nan,-nan,-nan,0
5,2.60,3.460,0.5000,-30.893,-162.506,1.00000,90.000,-nan,-nan,-nan,0
5,2.60,3.470,0.5000,-30.871,-162.197,1.00000,90.000,-nan,-nan,-nan,0
5,2.60,3.480,0.5000,-30.848,-161.889,1.00000,90.000,-nan,-nan,-nan,0
5,2.60,3.490,0.5000,-30.826,-161.583,1.00000,90.000,-nan,-nan,-nan,0
5,2.60,3.500,0.5000,-30.803,-161.279,1.00000,90.000,-nan,-nan,-nan,0
5,2.60,3.510,0.5000,-30.781,-160.976,1.00000,90.000,-nan,-nan,-nan,0
5,2.60,3.520,0.5000,-30.759,-160.675,1.00000,90.000,-nan,-nan,-nan,0
5,2.60,3.530,0.5000,-30.737,-160.375,1.00000,90.000,-nan,-nan,-nan,0
5,2.60,3.540,0.5000,-30.715,-160.077,1.00000,90.000,-nan,-nan,-nan,0
5,2.60,3.550,0.5000,-30.693,-159.780,1.00000,90.000,-nan,-nan,-nan,0
5,2.60,3.560,0.5000,-30.671,-159.484,1.00000,90.000,-nan,-nan,-nan,0
5,2.60,3.570,0.5000,-30.650,-159.190,1.00000,90.000,-nan,-nan,-nan,0
5,2.60,3.580,0.5000,-30.628,-158.898,1.00000,90.000,-nan,-nan,-nan,0
5,2.60,3.590,0.5000,-30.607,-158.607,1.00000,90.000,-nan,-nan,-nan,0
5,2.60,3.600,0.5000,-30.586,-158.317,1.00000,90.000,-nan,-nan,-nan,0
5,2.60,3.610,0.5000,-30.565,-158.029,1.00000,90.000,-nan,-nan,-nan,0
5,2.60,3.620,0.5000,-30.544,-157.743,1.00000,90.000,-nan,-nan,-nan,0
5,2.60,3.630,0.5000,-30.523,-157.457,1.00000,90.000,-nan,-nan,-nan,0
5,2.60,3.640,0.5000,-30.502,-157.174,1.00000,90.000,-nan,-nan,-nan,0
5,2.60,3.650,0.5000,-30.481,-156.891,1.00000,90.000,-nan,-nan,-nan,0
5,2.60,3.660,0.5000,-30.460,-156.610,1.00000,90.000,-nan,-nan,-nan,0
5,2.60,3.670,0.5000,-30.440,-156.331,1.00000,90.000,-nan,-nan,-nan,0
5,2.60,3.680,0.5000,-30.419,-156.052,1.00000,90.000,-nan,-nan,-nan,0
5,2.60,3.690,0.5000,-30.399,-155.776,1.00000,90.000,-nan,-nan,-nan,0
5,2.60,3.700,0.5000,-30.379,-155.500,1.00000,90.000,-nan,-nan,-nan,0
5,2.60,3.710,0.5000,-30.359,-155.226,1.00000,90.000,-nan,-nan,-nan,0
5,2.60,3.720,0.5000,-30.339,-154.954,1.00000,90.000,-nan,-nan,-nan,0
5,2.60,3.730,0.5000,-30.319,-154.682,1.00000,90.000,-nan,-nan,-nan,0
5,2.60,3.740,0.5000,-30.299,-154.412,1.00000,90.000,-nan,-nan,-nan,0
5,2.60,3.750,0.5000,-30.279,-154.144,1.00000,90.000,-nan,-nan,-nan,0
5,2.60,3.760,0.5000,-30.260,-153.876,1.00000,90.000,-nan,-nan,-nan,0
5,2.60,3.770,0.5000,-30.240,-153.610,1.00000,90.000,-nan,-nan,-nan,0
5,2.60,3.780,0.5000,-30.221,-153.346,1.00000,90.000,-nan,-nan,-nan,0
5,2.60,3.790,0.5000,-30.201,-153.082,1.00000,90.000,-nan,-nan,-nan,0
5,2.60,3.800,0.5000,-30.182,-152.820,1.00000,90.000,-nan,-nan,-nan,0
5,2.60,3.810,0.5000,-30.163,-152.560,1.00000,90.000,-nan,-nan,-nan,0
5,2.60,3.820,0.5000,-30.144,-152.300,1.00000,90.000,-nan,-nan,-nan,0
5,2.60,3.830,0.5000,-30.125,-152.042,1.00000,90.000,-nan,-nan,-nan,0
5,2.60,3.840,0.5000,-30.106,-151.785,1.00000,90.000,-nan,-nan,-nan,0
5,2.60,3.850,0.5000,-30.087,-151.530,1.00000,90.000,-nan,-nan,-nan,0
5,2.60,3.860,0.5000,-30.069,-151.276,1.00000,90.000,-nan,-nan,-nan,0
5,2.60,3.870,0.5000,-30.050,-151.023,1.00000,90.000,-nan,-nan,-nan,0
5,2.60,3.880,0.5000,-30.032,-150.771,1.00000,90.000,-nan,-nan,-nan,0
5,2.60,3.890,0.5000,-30.013,-150.521,1.00000,90.000,-nan,-nan,-nan,0
5,2.60,3.900,0.5000,-29.995,-150.271,1.00000,90.000,-nan,-nan,-nan,0
5,2.60,3.910,0.5000,-29.977,-150.023,1.00000,90.000,-nan,-nan,-nan,0
5,2.60,3.920,0.5000,-29.959,-149.777,1.00000,90.000,-nan,-nan,-nan,0
5,2.60,3.930,0.5000,-29.941,-149.531,1.00000,90.000,-nan,-nan,-nan,0
5,2.60,3.940,0.5000,-29.923,-149.287,1.00000,90.000,-nan,-nan,-nan,0
5,2.60,3.950,0.5000,-29.905,-149.044,1.00000,90.000,-nan,-nan,-nan,0
5,2.60,3.960,0.5000,-29.887,-148.802,1.00000,90.000,-nan,-nan,-nan,0
5,2.60,3.970,0.5000,-29.869,-148.561,1.00000,90.000,-nan,-nan,-nan,0
5,2.60,3.980,0.5000,-29.852,-148.322,1.00000,90.000,-nan,-nan,-nan,0
5,2.60,3.990,0.5000,-29.834,-148.084,1.00000,90.000,-nan,-nan,-nan,0
5,2.60,4.000,0.5000,-29.817,-147.847,1.00000,90.000,-nan,-nan,-nan,0
5,2.60,4.010,0.5000,-29.800,-147.611,1.00000,90.000,-nan,-nan,-nan,0
5,2.60,4.020,0.5000,-29.782,-147.376,1.00000,90.000,-nan,-nan,-nan,0
5,2.60,4.030,0.5000,-29.765,-147.142,1.00000,90.000,-nan,-nan,-nan,0
5,2.60,4.040,0.5000,-29.748,-146.910,1.00000,90.000,-nan,-nan,-nan,0
5,2.60,4.050,0.5000,-29.731,-146.679,1.00000,90.000,-nan,-nan,-nan,0
5,2.60,4.060,0.5000,-29.714,-146.449,1.00000,90.000,-nan,-nan,-nan,0
5,2.60,4.070,0.5000,-29.698,-146.220,1.00000,90.000,-nan,-nan,-nan,0
5,2.60,4.080,0.5000,-29.681,-145.992,1.00000,90.000,-nan,-nan,-nan,0
5,2.60,4.090,0.5000,-29.664,-145.766,1.00000,90.000,-nan,-nan,-nan,0
5,2.60,4.100,0.5000,-29.648,-145.540,1.00000,90.000,-nan,-nan,-nan,0
5,2.60,4.110,0.5000,-29.631,-145.316,1.00000,90.000,-nan,-nan,-nan,0
5,2.60,4.120,0.5000,-29.615,-145.092,1.00000,90.000,-nan,-nan,-nan,0
5,2.60,4.130,0.5000,-29.599,-144.870,1.00000,90.000,-nan,-nan,-nan,0
5,2.60,4.140,0.5000,-29.582,-144.649,1.00000,90.000,-nan,-nan,-nan,0
5,2.60,4.150,0.5000,-29.566,-144.429,1.00000,90.000,-nan,-nan,-nan,0
5,2.60,4.160,0.5000,-29.550,-144.210,1.00000,90.000,-nan,-nan,-nan,0
5,2.60,4.170,0.5000,-29.534,-143.993,1.00000,90.000,-nan,-nan,-nan,0
5,2.60,4.180,0.5000,-29.518,-143.776,1.00000,90.000,-nan,-nan,-nan,0
5,2.60,4.190,0.5000,-29.502,-143.561,1.00000,90.000,-nan,-nan,-nan,0
5,2.60,4.200,0.5000,-29.487,-143.346,1.00000,90.000,-nan,-nan,-nan,0
5,2.60,4.210,0.5000,-29.471,-143.133,1.00000,90.000,-nan,-nan,-nan,0
5,2.60,4.220,0.5000,-29.455,-142.920,1.00000,90.000,-nan,-nan,-nan,0
5,2.60,4.230,0.5000,-29.440,-142.709,1.00000,90.000,-nan,-nan,-nan,0
5,2.60,4.240,0.5000,-29.424,-142.499,1.00000,90.000,-nan,-nan,-nan,0
5,2.60,4.250,0.5000,-29.409,-142.289,1.00000,90.000,-nan,-nan,-nan,0
5,2.60,4.260,0.5000,-29.394,-142.081,1.00000,90.000,-nan,-nan,-nan,0
5,2.60,4.270,0.5000,-29.379,-141.874,1.00000,90.000,-nan,-nan,-nan,0
5,2.60,4.280,0.5000,-29.363,-141.668,1.00000,90.000,-nan,-nan,-nan,0
5,2.60,4.290,0.5000,-29.348,-141.463,1.00000,90.000,-nan,-nan,-nan,0
5,2.60,4.300,0.5000,-29.333,-141.259,1.00000,90.000,-nan,-nan,-nan,0
5,2.60,4.310,0.5000,-29.318,-141.056,1.00000,90.000,-nan,-nan,-nan,0
5,2.60,4.320,0.5000,-29.304,-140.854,1.00000,90.000,-nan,-nan,-nan,0
5,2.60,4.330,0.5000,-29.289,-140.653,1.00000,90.000,-nan,-nan,-nan,0
5,2.60,4.340,0.5000,-29.274,-140.453,1.00000,90.000,-nan,-nan,-nan,0
5,2.60,4.350,0.5000,-29.260,-140.254,1.00000,90.000,-nan,-nan,-nan,0
5,2.60,4.360,0.5000,-29.245,-140.056,1.00000,90.000,-nan,-nan,-nan,0
5,2.60,4.370,0.5000,-29.231,-139.859,1.00000,90.000,-nan,-nan,-nan,0
5,2.60,4.380,0.5000,-29.216,-139.663,1.00000,90.000,-nan,-nan,-nan,0
5,2.60,4.390,0.5000,-29.202,-139.468,1.00000,90.000,-nan,-nan,-nan,0
5,2.60,4.400,0.5000,-29.188,-139.274,1.00000,90.000,-nan,-nan,-nan,0
5,2.60,4.410,0.5000,-29.173,-139.081,1.00000,90.000,-nan,-nan,-nan,0
5,2.60,4.420,0.5000,-29.159,-138.888,1.00000,90.000,-nan,-nan,-nan,0
5,2.60,4.430,0.5000,-29.145,-138.697,1.00000,90.000,-nan,-nan,-nan,0
5,2.60,4.440,0.5000,-29.131,-138.507,1.00000,90.000,-nan,-nan,-nan,0
5,2.60,4.450,0.5000,-29.117,-138.318,1.00000,90.000,-nan,-nan,-nan,0
5,2.60,4.460,0.5000,-29.104,-138.129,1.00000,90.000,-nan,-nan,-nan,0
5,2.60,4.470,0.5000,-29.090,-137.942,1.00000,90.000,-nan,-nan,-nan,0
5,2.60,4.480,0.5000,-29.076,-137.755,1.00000,90.000,-nan,-nan,-nan,0
5,2.60,4.490,0.5000,-29.063,-137.570,1.00000,90.000,-nan,-nan,-nan,0
5,2.60,4.500,0.5000,-29.049,-137.385,1.00000,90.000,-nan,-nan,-nan,0
5,2.60,4.510,0.5000,-29.036,-137.202,1.00000,90.000,-nan,-nan,-nan,0
5,2.60,4.520,0.5000,-29.022,-137.019,1.00000,90.000,-nan,-nan,-nan,0
5,2.60,4.530,0.5000,-29.009,-136.837,1.00000,90.000,-nan,-nan,-nan,0
5,2.60,4.540,0.5000,-28.995,-136.656,1.00000,90.000,-nan,-nan,-nan,0
5,2.60,4.550,0.5000,-28.982,-136.476,1.00000,90.000,-nan,-nan,-nan,0
5,2.60,4.560,0.5000,-28.969,-136.297,1.00000,90.000,-nan,-nan,-nan,0
5,2.60,4.570,0.5000,-28.956,-136.118,1.00000,90.000,-nan,-nan,-nan,0
5,2.60,4.580,0.5000,-28.943,-135.941,1.00000,90.000,-nan,-nan,-nan,0
5,2.60,4.590,0.5000,-28.930,-135.765,1.00000,90.000,-nan,-nan,-nan,0
5,2.60,4.600,0.5000,-28.917,-135.589,1.00000,90.000,-nan,-nan,-nan,0
5,2.60,4.610,0.5000,-28.904,-135.414,1.00000,90.000,-nan,-nan,-nan,0
5,2.60,4.620,0.5000,-28.892,-135.240,1.00000,90.000,-nan,-nan,-nan,0
5,2.60,4.630,0.5000,-28.879,-135.067,1.00000,90.000,-nan,-nan,-nan,0
5,2.60,4.640,0.5000,-28.866,-134.895,1.00000,90.000,-nan,-nan,-nan,0
5,2.60,4.650,0.5000,-28.854,-134.724,1.00000,90.000,-nan,-nan,-nan,0
5,2.60,4.660,0.5000,-28.841,-134.554,1.00000,90.000,-nan,-nan,-nan,0
5,2.60,4.670,0.5000,-28.829,-134.384,1.00000,90.000,-nan,-nan,-nan,0
5,2.60,4.680,0.5000,-28.816,-134.215,1.00000,90.000,-nan,-nan,-nan,0
5,2.60,4.690,0.5000,-28.804,-134.047,1.00000,90.000,-nan,-nan,-nan,0
5,2.60,4.700,0.5000,-28.792,-133.880,1.00000,90.000,-nan,-nan,-nan,0
5,2.60,4.710,0.5000,-28.779,-133.714,1.00000,90.000,-nan,-nan,-nan,0
5,2.60,4.720,0.5000,-28.767,-133.549,1.00000,90.000,-nan,-nan,-nan,0
5,2.60,4.730,0.5000,-28.755,-133.384,1.00000,90.000,-nan,-nan,-nan,0
5,2.60,4.740,0.5000,-28.743,-133.220,1.00000,90.000,-nan,-nan,-nan,0
5,2.60,4.750,0.5000,-28.731,-133.057,1.00000,90.000,-nan,-nan,-nan,0
5,2.60,4.760,0.5000,-28.719,-132.895,1.00000,90.000,-nan,-nan,-nan,0
5,2.60,4.770,0.5000,-28.708,-132.734,1.00000,90.000,-nan,-nan,-nan,0
5,2.60,4.780,0.5000,-28.696,-132.574,1.00000,90.000,-nan,-nan,-nan,0
5,2.60,4.790,0.5000,-28.684,-132.414,1.00000,90.000,-nan,-nan,-nan,0
5,2.60,4.800,0.5000,-28.672,-132.255,1.00000,90.000,-nan,-nan,-nan,0
5,2.60,4.810,0.5000,-28.661,-132.097,1.00000,90.000,-nan,-nan,-nan,0
5,2.60,4.820,0.5000,-28.649,-131.939,1.00000,90.000,-nan,-nan,-nan,0
5,2.60,4.830,0.5000,-28.638,-131.783,1.00000,90.000,-nan,-nan,-nan,0
5,2.60,4.840,0.5000,-28.626,-131.627,1.00000,90.000,-nan,-nan,-nan,0
5,2.60,4.850,0.5000,-28.615,-131.472,1.00000,90.000,-nan,-nan,-nan,0
5,2.60,4.860,0.5000,-28.604,-131.318,1.00000,90.000,-nan,-nan,-nan,0
5,2.60,4.870,0.5000,-28.592,-131.165,1.00000,90.000,-nan,-nan,-nan,0
5,2.60,4.880,0.5000,-28.581,-131.012,1.00000,90.000,-nan,-nan,-nan,0
5,2.60,4.890,0.5000,-28.570,-130.860,1.00000,90.000,-nan,-nan,-nan,0
5,2.60,4.900,0.5000,-28.559,-130.709,1.00000,90.000,-nan,-nan,-nan,0
5,2.60,4.910,0.5000,-28.548,-130.558,1.00000,90.000,-nan,-nan,-nan,0
5,2.60,4.920,0.5000,-28.537,-130.409,1.00000,90.000,-nan,-nan,-nan,0
5,2.60,4.930,0.5000,-28.526,-130.260,1.00000,90.000,-nan,-nan,-nan,0
5,2.60,4.940,0.5000,-28.515,-130.112,1.00000,90.000,-nan,-nan,-nan,0
5,2.60,4.950,0.5000,-28.504,-129.964,1.00000,90.000,-nan,-nan,-nan,0
5,2.60,4.960,0.5000,-28.493,-129.818,1.00000,90.000,-nan,-nan,-nan,0
5,2.60,4.970,0.5000,-28.483,-129.672,1.00000,90.000,-nan,-nan,-nan,0
5,2.60,4.980,0.5000,-28.472,-129.526,1.00000,90.000,-nan,-nan,-nan,0
5,2.60,4.990,0.5000,-28.461,-129.382,1.00000,90.000,-nan,-nan,-nan,0
5,2.60,5.000,0.5000,-28.451,-129.238,1.00000,90.000,-nan,-nan,-nan,0
5,2.60,5.010,0.5000,-28.440,-129.095,1.00000,90.000,-nan,-nan,-nan,0
5,2.60,5.020,0.5000,-28.430,-128.953,1.00000,90.000,-nan,-nan,-nan,0
5,2.60,5.030,0.5000,-28.420,-128.811,1.00000,90.000,-nan,-nan,-nan,0
5,2.60,5.040,0.5000,-28.409,-128.670,1.00000,90.000,-nan,-nan,-nan,0
5,2.60,5.050,0.5000,-28.399,-128.530,1.00000,90.000,-nan,-nan,-nan,0
5,2.60,5.060,0.5000,-28.389,-128.390,1.00000,90.000,-nan,-nan,-nan,0
5,2.60,5.070,0.5000,-28.378,-128.251,1.00000,90.000,-nan,-nan,-nan,0
5,2.60,5.080,0.5000,-28.368,-128.113,1.00000,90.000,-nan,-nan,-nan,0
5,2.60,5.090,0.5000,-28.358,-127.976,1.00000,90.000,-nan,-nan,-nan,0
5,2.60,5.100,0.5000,-28.348,-127.839,1.00000,90.000,-nan,-nan,-nan,0
5,2.60,5.110,0.5000,-28.338,-127.703,1.00000,90.000,-nan,-nan,-nan,0
5,2.60,5.120,0.5000,-28.328,-127.568,1.00000,90.000,-nan,-nan,-nan,0
5,2.60,5.130,0.5000,-28.318,-127.433,1.00000,90.000,-nan,-nan,-nan,0
5,2.60,5.140,0.5000,-28.309,-127.299,1.00000,90.000,-nan,-nan,-nan,0
5,2.60,5.150,0.5000,-28.299,-127.165,1.00000,90.000,-nan,-nan,-nan,0
5,2.60,5.160,0.5000,-28.289,-127.033,1.00000,90.000,-nan,-nan,-nan,0
5,2.60,5.170,0.5000,-28.279,-126.901,1.00000,90.000,-nan,-nan,-nan,0
5,2.60,5.180,0.5000,-28.270,-126.769,1.00000,90.000,-nan,-nan,-nan,0
5,2.60,5.190,0.5000,-28.260,-126.638,1.00000,90.000,-nan,-nan,-nan,0
5,2.60,5.200,0.5000,-28.250,-126.508,1.00000,90.000,-nan,-nan,-nan,0
5,2.60,5.210,0.5000,-28.241,-126.379,1.00000,90.000,-nan,-nan,-nan,0
5,2.60,5.220,0.5000,-28.232,-126.250,1.00000,90.000,-nan,-nan,-nan,0
5,2.60,5.230,0.5000,-28.222,-126.122,1.00000,90.000,-nan,-nan,-nan,0
5,2.60,5.240,0.5000,-28.213,-125.994,1.00000,90.000,-nan,-nan,-nan,0
5,2.60,5.250,0.5000,-28.203,-125.868,1.00000,90.000,-nan,-nan,-nan,0
5,2.60,5.260,0.5000,-28.194,-125.741,1.00000,90.000,-nan,-nan,-nan,0
5,2.60,5.270,0.5000,-28.185,-125.616,1.00000,90.000,-nan,-nan,-nan,0
5,2.60,5.280,0.5000,-28.176,-125.491,1.00000,90.000,-nan,-nan,-nan,0
5,2.60,5.290,0.5000,-28.167,-125.366,1.00000,90.000,-nan,-nan,-nan,0
5,2.60,5.300,0.5000,-28.158,-125.243,1.00000,90.000,-nan,-nan,-nan,0
5,2.60,5.310,0.5000,-28.149,-125.119,1.00000,90.000,-nan,-nan,-nan,0
5,2.60,5.320,0.5000,-28.140,-124.997,1.00000,90.000,-nan,-nan,-nan,0
5,2.60,5.330,0.5000,-28.131,-124.875,1.00000,90.000,-nan,-nan,-nan,0
5,2.60,5.340,0.5000,-28.122,-124.754,1.00000,90.000,-nan,-nan,-nan,0
5,2.60,5.350,0.5000,-28.113,-124.633,1.00000,90.000,-nan,-nan,-nan,0
5,2.60,5.360,0.5000,-28.104,-124.513,1.00000,90.000,-nan,-nan,-nan,0
5,2.60,5.370,0.5000,-28.095,-124.393,1.00000,90.000,-nan,-nan,-nan,0
5,2.60,5.380,0.5000,-28.086,-124.274,1.00000,90.000,-nan,-nan,-nan,0
5,2.60,5.390,0.5000,-28.078,-124.156,1.00000,90.000,-nan,-nan,-nan,0
5,2.60,5.400,0.5000,-28.069,-124.038,1.00000,90.000,-nan,-nan,-nan,0
5,2.60,5.410,0.5000,-28.061,-123.921,1.00000,90.000,-nan,-nan,-nan,0
5,2.60,5.420,0.5000,-28.052,-123.805,1.00000,90.000,-nan,-nan,-nan,0
5,2.60,5.430,0.5000,-28.043,-123.689,1.00000,90.000,-nan,-nan,-nan,0
5,2.60,5.440,0.5000,-28.035,-123.573,1.00000,90.000,-nan,-nan,-nan,0
5,2.60,5.450,0.5000,-28.027,-123.459,1.00000,90.000,-nan,-nan,-nan,0
5,2.60,5.460,0.5000,-28.018,-123.344,1.00000,90.000,-nan,-nan,-nan,0
5,2.60,5.470,0.5000,-28.010,-123.231,1.00000,90.000,-nan,-nan,-nan,0
5,2.60,5.480,0.5000,-28.002,-123.118,1.00000,90.000,-nan,-nan,-nan,0
5,2.60,5.490,0.5000,-27.993,-123.005,1.00000,90.000,-nan,-nan,-nan,0
5,2.60,5.500,0.5000,-27.985,-122.893,1.00000,90.000,-nan,-nan,-nan,0
5,2.60,5.510,0.5000,-27.977,-122.782,1.00000,90.000,-nan,-nan,-nan,0
5,2.60,5.520,0.5000,-27.969,-122.671,1.00000,90.000,-nan,-nan,-nan,0
5,2.60,5.530,0.5000,-27.961,-122.560,1.00000,90.000,-nan,-nan,-nan,0
5,2.60,5.540,0.5000,-27.953,-122.451,1.00000,90.000,-nan,-nan,-nan,0
5,2.60,5.550,0.5000,-27.945,-122.341,1.00000,90.000,-nan,-nan,-nan,0
5,2.60,5.560,0.5000,-27.937,-122.233,1.00000,90.000,-nan,-nan,-nan,0
5,2.60,5.570,0.5000,-27.929,-122.125,1.00000,90.000,-nan,-nan,-nan,0
5,2.60,5.580,0.5000,-27.921,-122.017,1.00000,90.000,-nan,-nan,-nan,0
5,2.60,5.590,0.5000,-27.913,-121.910,1.00000,90.000,-nan,-nan,-nan,0
5,2.60,5.600,0.5000,-27.905,-121.803,1.00000,90.000,-nan,-nan,-nan,0
5,2.60,5.610,0.5000,-27.897,-121.698,1.00000,90.000,-nan,-nan,-nan,0
5,2.60,5.620,0.5000,-27.890,-121.592,1.00000,90.000,-nan,-nan,-nan,0
5,2.60,5.630,0.5000,-27.882,-121.487,1.00000,90.000,-nan,-nan,-nan,0
5,2.60,5.640,0.5000,-27.874,-121.383,1.00000,90.000,-nan,-nan,-nan,0
5,2.60,5.650,0.5000,-27.867,-121.279,1.00000,90.000,-nan,-nan,-nan,0
5,2.60,5.660,0.5000,-27.859,-121.175,1.00000,90.000,-nan,-nan,-nan,0
5,2.60,5.670,0.5000,-27.851,-121.073,1.00000,90.000,-nan,-nan,-nan,0
5,2.60,5.680,0.5000,-27.844,-120.970,1.00000,90.000,-nan,-nan,-nan,0
5,2.60,5.690,0.5000,-27.836,-120.868,1.00000,90.000,-nan,-nan,-nan,0
5,2.60,5.700,0.5000,-27.829,-120.767,1.00000,90.000,-nan,-nan,-nan,0
5,2.60,5.710,0.5000,-27.822,-120.666,1.00000,90.000,-nan,-nan,-nan,0
5,2.60,5.720,0.5000,-27.814,-120.566,1.00000,90.000,-nan,-nan,-nan,0
5,2.60,5.730,0.5000,-27.807,-120.466,1.00000,90.000,-nan,-nan,-nan,0
5,2.60,5.740,0.5000,-27.800,-120.367,1.00000,90.000,-nan,-nan,-nan,0
5,2.60,5.750,0.5000,-27.792,-120.268,1.00000,90.000,-nan,-nan,-nan,0
5,2.60,5.760,0.5000,-27.785,-120.170,1.00000,90.000,-nan,-nan,-nan,0
5,2.60,5.770,0.5000,-27.778,-120.072,1.00000,90.000,-nan,-nan,-nan,0
5,2.60,5.780,0.5000,-27.771,-119.975,1.00000,90.000,-nan,-nan,-nan,0
5,2.60,5.790,0.5000,-27.764,-119.878,1.00000,90.000,-nan,-nan,-nan,0
5,2.60,5.800,0.5000,-27.757,-119.781,1.00000,90.000,-nan,-nan,-nan,0
5,2.60,5.810,0.5000,-27.750,-119.685,1.00000,90.000,-nan,-nan,-nan,0
5,2.60,5.820,0.5000,-27.743,-119.590,1.00000,90.000,-nan,-nan,-nan,0
5,2.60,5.830,0.5000,-27.736,-119.495,1.00000,90.000,-nan,-nan,-nan,0
5,2.60,5.840,0.5000,-27.729,-119.401,1.00000,90.000,-nan,-nan,-nan,0
5,2.60,5.850,0.5000,-27.722,-119.307,1.00000,90.000,-nan,-nan,-nan,0
5,2.60,5.860,0.5000,-27.715,-119.213,1.00000,90.000,-nan,-nan,-nan,0
5,2.60,5.870,0.5000,-27.708,-119.120,1.00000,90.000,-nan,-nan,-nan,0
5,2.60,5.880,0.5000,-27.701,-119.027,1.00000,90.000,-nan,-nan,-nan,0
5,2.60,5.890,0.5000,-27.695,-118.935,1.00000,90.000,-nan,-nan,-nan,0
5,2.60,5.900,0.5000,-27.688,-118.844,1.00000,90.000,-nan,-nan,-nan,0
5,2.60,5.910,0.5000,-27.681,-118.752,1.00000,90.000,-nan,-nan,-nan,0
5,2.60,5.920,0.5000,-27.674,-118.662,1.00000,90.000,-nan,-nan,-nan,0
5,2.60,5.930,0.5000,-27.668,-118.571,1.00000,90.000,-nan,-nan,-nan,0
5,2.60,5.940,0.5000,-27.661,-118.481,1.00000,90.000,-nan,-nan,-nan,0
5,2.60,5.950,0.5000,-27.655,-118.392,1.00000,90.000,-nan,-nan,-nan,0
5,2.60,5.960,0.5000,-27.648,-118.303,1.00000,90.000,-nan,-nan,-nan,0
5,2.60,5.970,0.5000,-27.642,-118.214,1.00000,90.000,-nan,-nan,-nan,0
5,2.60,5.980,0.5000,-27.635,-118.126,1.00000,90.000,-nan,-nan,-nan,0
5,2.60,5.990,0.5000,-27.629,-118.039,1.00000,90.000,-nan,-nan,-nan,0
5,2.60,6.000,0.5000,-27.622,-117.951,1.00000,90.000,-nan,-nan,-nan,0
5,2.60,6.010,0.5000,-27.616,-117.865,1.00000,90.000,-nan,-nan,-nan,0
5,2.60,6.020,0.5000,-27.610,-117.778,1.00000,90.000,-nan,-nan,-nan,0
5,2.60,6.030,0.5000,-27.603,-117.692,1.00000,90.000,-nan,-nan,-nan,0
5,2.60,6.040,0.5000,-27.597,-117.607,1.00000,90.000,-nan,-nan,-nan,0
5,2.60,6.050,0.5000,-27.591,-117.522,1.00000,90.000,-nan,-nan,-nan,0
5,2.60,6.060,0.5000,-27.585,-117.437,1.00000,90.000,-nan,-nan,-nan,0
5,2.60,6.070,0.5000,-27.578,-117.353,1.00000,90.000,-nan,-nan,-nan,0
5,2.60,6.080,0.5000,-27.572,-117.269,1.00000,90.000,-nan,-nan,-nan,0
5,2.60,6.090,0.5000,-27.566,-117.186,1.00000,90.000,-nan,-nan,-nan,0
5,2.60,6.100,0.5000,-27.560,-117.103,1.00000,90.000,-nan,-nan,-nan,0
5,2.60,6.110,0.5000,-27.554,-117.020,1.00000,90.000,-nan,-nan,-nan,0
5,2.60,6.120,0.5000,-27.548,-116.938,1.00000,90.000,-nan,-nan,-nan,0
5,2.60,6.130,0.5000,-27.542,-116.857,1.00000,90.000,-nan,-nan,-nan,0
5,2.60,6.140,0.5000,-27.536,-116.775,1.00000,90.000,-nan,-nan,-nan,0
5,2.60,6.150,0.5000,-27.530,-116.694,1.00000,90.000,-nan,-nan,-nan,0
5,2.60,6.160,0.5000,-27.524,-116.614,1.00000,90.000,-nan,-nan,-nan,0
5,2.60,6.170,0.5000,-27.518,-116.534,1.00000,90.000,-nan,-nan,-nan,0
5,2.60,6.180,0.5000,-27.512,-116.454,1.00000,90.000,-nan,-nan,-nan,0
5,2.60,6.190,0.5000,-27.507,-116.375,1.00000,90.000,-nan,-nan,-nan,0
5,2.60,6.200,0.5000,-27.501,-116.296,1.00000,90.000,-nan,-nan,-nan,0
5,2.60,6.210,0.5000,-27.495,-116.217,1.00000,90.000,-nan,-nan,-nan,0
5,2.60,6.220,0.5000,-27.489,-116.139,1.00000,90.000,-nan,-nan,-nan,0
5,2.60,6.230,0.5000,-27.484,-116.061,1.00000,90.000,-nan,-nan,-nan,0
5,2.60,6.240,0.5000,-27.478,-115.984,1.00000,90.000,-nan,-nan,-nan,0
5,2.60,6.250,0.5000,-27.472,-115.907,1.00000,90.000,-nan,-nan,-nan,0
5,2.60,6.260,0.5000,-27.467,-115.831,1.00000,90.000,-nan,-nan,-nan,0
5,2.60,6.270,0.5000,-27.461,-115.754,1.00000,90.000,-nan,-nan,-nan,0
5,2.60,6.280,0.5000,-27.455,-115.679,1.00000,90.000,-nan,-nan,-nan,0
5,2.60,6.290,0.5000,-27.450,-115.603,1.00000,90.000,-nan,-nan,-nan,0
5,2.60,6.300,0.5000,-27.444,-115.528,1.00000,90.000,-nan,-nan,-nan,0
5,2.60,6.310,0.5000,-27.439,-115.453,1.00000,90.000,-nan,-nan,-nan,0
5,2.60,6.320,0.5000,-27.433,-115.379,1.00000,90.000,-nan,-nan,-nan,0
5,2.60,6.330,0.5000,-27.428,-115.305,1.00000,90.000,-nan,-nan,-nan,0
5,2.60,6.340,0.5000,-27.423,-115.232,1.00000,90.000,-nan,-nan,-nan,0
5,2.60,6.350,0.5000,-27.417,-115.158,1.00000,90.000,-nan,-nan,-nan,0
5,2.60,6.360,0.5000,-27.412,-115.085,1.00000,90.000,-nan,-nan,-nan,0
5,2.60,6.370,0.5000,-27.407,-115.013,1.00000,90.000,-nan,-nan,-nan,0
5,2.60,6.380,0.5000,-27.401,-114.941,1.00000,90.000,-nan,-nan,-nan,0
5,2.60,6.390,0.5000,-27.396,-114.869,1.00000,90.000,-nan,-nan,-nan,0
5,2.60,6.400,0.5000,-27.391,-114.798,1.00000,90.000,-nan,-nan,-nan,0
5,2.60,6.410,0.5000,-27.386,-114.727,1.00000,90.000,-nan,-nan,-nan,0
5,2.60,6.420,0.5000,-27.380,-114.656,1.00000,90.000,-nan,-nan,-nan,0
5,2.60,6.430,0.5000,-27.375,-114.586,1.00000,90.000,-nan,-nan,-nan,0
5,2.60,6.440,0.5000,-27.370,-114.516,1.00000,90.000,-nan,-nan,-nan,0
5,2.60,6.450,0.5000,-27.365,-114.446,1.00000,90.000,-nan,-nan,-nan,0
5,2.60,6.460,0.5000,-27.360,-114.377,1.00000,90.000,-nan,-nan,-nan,0
5,2.60,6.470,0.5000,-27.355,-114.308,1.00000,90.000,-nan,-nan,-nan,0
5,2.60,6.480,0.5000,-27.350,-114.239,1.00000,90.000,-nan,-nan,-nan,0
5,2.60,6.490,0.5000,-27.345,-114.171,1.00000,90.000,-nan,-nan,-nan,0
5,2.60,6.500,0.5000,-27.340,-114.103,1.00000,90.000,-nan,-nan,-nan,0
5,2.60,6.510,0.5000,-27.335,-114.035,1.00000,90.000,-nan,-nan,-nan,0
5,2.60,6.520,0.5000,-27.330,-113.968,1.00000,90.000,-nan,-nan,-nan,0
5,2.60,6.530,0.5000,-27.325,-113.901,1.00000,90.000,-nan,-nan,-nan,0
5,2.60,6.540,0.5000,-27.320,-113.835,1.00000,90.000,-nan,-nan,-nan,0
5,2.60,6.550,0.5000,-27.315,-113.768,1.00000,90.000,-nan,-nan,-nan,0
5,2.60,6.560,0.5000,-27.310,-113.703,1.00000,90.000,-nan,-nan,-nan,0
5,2.60,6.570,0.5000,-27.306,-113.637,1.00000,90.000,-nan,-nan,-nan,0
5,2.60,6.580,0.5000,-27.301,-113.572,1.00000,90.000,-nan,-nan,-nan,0
5,2.60,6.590,0.5000,-27.296,-113.507,1.00000,90.000,-nan,-nan,-nan,0
5,2.60,6.600,0.5000,-27.291,-113.442,1.00000,90.000,-nan,-nan,-nan,0
5,2.60,6.610,0.5000,-27.287,-113.378,1.00000,90.000,-nan,-nan,-nan,0
5,2.60,6.620,0.5000,-27.282,-113.314,1.00000,90.000,-nan,-nan,-nan,0
5,2.60,6.630,0.5000,-27.277,-113.250,1.00000,90.000,-nan,-nan,-nan,0
5,2.60,6.640,0.5000,-27.273,-113.187,1.00000,90.000,-nan,-nan,-nan,0
5,2.60,6.650,0.5000,-27.268,-113.124,1.00000,90.000,-nan,-nan,-nan,0
5,2.60,6.660,0.5000,-27.263,-113.061,1.00000,90.000,-nan,-nan,-nan,0
5,2.60,6.670,0.5000,-27.259,-112.999,1.00000,90.000,-nan,-nan,-nan,0
5,2.60,6.680,0.5000,-27.254,-112.937,1.00000,90.000,-nan,-nan,-nan,0
5,2.60,6.690,0.5000,-27.250,-112.875,1.00000,90.000,-nan,-nan,-nan,0
5,2.60,6.700,0.5000,-27.245,-112.814,1.00000,90.000,-nan,-nan,-nan,0
5,2.60,6.710,0.5000,-27.241,-112.752,1.00000,90.000,-nan,-nan,-nan,0
5,2.60,6.720,0.5000,-27.236,-112.692,1.00000,90.000,-nan,-nan,-nan,0
5,2.60,6.730,0.5000,-27.232,-112.631,1.00000,90.000,-nan,-nan,-nan,0
5,2.60,6.740,0.5000,-27.227,-112.571,1.00000,90.000,-nan,-nan,-nan,0
5,2.60,6.750,0.5000,-27.223,-112.511,1.00000,90.000,-nan,-nan,-nan,0
5,2.60,6.760,0.5000,-27.218,-112.451,1.00000,90.000,-nan,-nan,-nan,0
5,2.60,6.770,0.5000,-27.214,-112.392,1.00000,90.000,-nan,-nan,-nan,0
5,2.60,6.780,0.5000,-27.210,-112.333,1.00000,90.000,-nan,-nan,-nan,0
5,2.60,6.790,0.5000,-27.205,-112.274,1.00000,90.000,-nan,-nan,-nan,0
5,2.60,6.800,0.5000,-27.201,-112.216,1.00000,90.000,-nan,-nan,-nan,0
5,2.60,6.810,0.5000,-27.197,-112.157,1.00000,90.000,-nan,-nan,-nan,0
5,2.60,6.820,0.5000,-27.193,-112.100,1.00000,90.000,-nan,-nan,-nan,0
5,2.60,6.830,0.5000,-27.188,-112.042,1.00000,90.000,-nan,-nan,-nan,0
5,2.60,6.840,0.5000,-27.184,-111.985,1.00000,90.000,-nan,-nan,-nan,0
5,2.60,6.850,0.5000,-27.180,-111.928,1.00000,90.000,-nan,-nan,-nan,0
5,2.60,6.860,0.5000,-27.176,-111.871,1.00000,90.000,-nan,-nan,-nan,0
5,2.60,6.870,0.5000,-27.172,-111.814,1.00000,90.000,-nan,-nan,-nan,0
5,2.60,6.880,0.5000,-27.168,-111.758,1.00000,90.000,-nan,-nan,-nan,0
5,2.60,6.890,0.5000,-27.164,-111.702,1.00000,90.000,-nan,-nan,-nan,0
5,2.60,6.900,0.5000,-27.159,-111.647,1.00000,90.000,-nan,-nan,-nan,0
5,2.60,6.910,0.5000,-27.155,-111.592,1.00000,90.000,-nan,-nan,-nan,0
5,2.60,6.920,0.5000,-27.151,-111.536,1.00000,90.000,-nan,-nan,-nan,0
5,2.60,6.930,0.5000,-27.147,-111.482,1.00000,90.000,-nan,-nan,-nan,0
5,2.60,6.940,0.5000,-27.143,-111.427,1.00000,90.000,-nan,-nan,-nan,0
5,2.60,6.950,0.5000,-27.139,-111.373,1.00000,90.000,-nan,-nan,-nan,0
5,2.60,6.960,0.5000,-27.135,-111.319,1.00000,90.000,-nan,-nan,-nan,0
5,2.60,6.970,0.5000,-27.131,-111.265,1.00000,90.000,-nan,-nan,-nan,0
5,2.60,6.980,0.5000,-27.127,-111.212,1.00000,90.000,-nan,-nan,-nan,0
5,2.60,6.990,0.5000,-27.124,-111.159,1.00000,90.000,-nan,-nan,-nan,0
5,2.60,7.000,0.5000,-27.120,-111.106,1.00000,90.000,-nan,-nan,-nan,0
5,2.60,7.010,0.5000,-27.116,-111.053,1.00000,90.000,-nan,-nan,-nan,0
5,2.60,7.020,0.5000,-27.112,-111.001,1.00000,90.000,-nan,-nan,-nan,0
5,2.60,7.030,0.5000,-27.108,-110.949,1.00000,90.000,-nan,-nan,-nan,0
5,2.60,7.040,0.5000,-27.104,-110.897,1.00000,90.000,-nan,-nan,-nan,0
5,2.60,7.050,0.5000,-27.101,-110.845,1.00000,90.000,-nan,-nan,-nan,0
5,2.60,7.060,0.5000,-27.097,-110.794,1.00000,90.000,-nan,-nan,-nan,0
5,2.60,7.070,0.5000,-27.093,-110.743,1.00000,90.000,-nan,-nan,-nan,0
5,2.60,7.080,0.5000,-27.089,-110.692,1.00000,90.000,-nan,-nan,-nan,0
5,2.60,7.090,0.5000,-27.086,-110.641,1.00000,90.000,-nan,-nan,-nan,0
5,2.60,7.100,0.5000,-27.082,-110.591,1.00000,90.000,-nan,-nan,-nan,0
5,2.60,7.110,0.5000,-27.078,-110.541,1.00000,90.000,-nan,-nan,-nan,0
5,2.60,7.120,0.5000,-27.075,-110.491,1.00000,90.000,-nan,-nan,-nan,0
5,2.60,7.130,0.5000,-27.071,-110.442,1.00000,90.000,-nan,-nan,-nan,0
5,2.60,7.140,0.5000,-27.067,-110.392,1.00000,90.000,-nan,-nan,-nan,0
5,2.60,7.150,0.5000,-27.064,-110.343,1.00000,90.000,-nan,-nan,-nan,0
5,2.60,7.160,0.5000,-27.060,-110.294,1.00000,90.000,-nan,-nan,-nan,0
5,2.60,7.170,0.5000,-27.057,-110.246,1.00000,90.000,-nan,-nan,-nan,0
5,2.60,7.180,0.5000,-27.053,-110.198,1.00000,90.000,-nan,-nan,-nan,0
5,2.60,7.190,0.5000,-27.050,-110.149,1.00000,90.000,-nan,-nan,-nan,0
5,2.60,7.200,0.5000,-27.046,-110.102,1.00000,90.000,-nan,-nan,-nan,0
5,2.60,7.210,0.5000,-27.042,-110.054,1.00000,90.000,-nan,-nan,-nan,0
5,2.60,7.220,0.5000,-27.039,-110.007,1.00000,90.000,-nan,-nan,-nan,0
5,2.60,7.230,0.5000,-27.036,-109.959,1.00000,90.000,-nan,-nan,-nan,0
5,2.60,7.240,0.5000,-27.032,-109.913,1.00000,90.000,-nan,-nan,-nan,0
5,2.60,7.250,0.5000,-27.029,-109.866,1.00000,90.000,-nan,-nan,-nan,0
5,2.60,7.260,0.5000,-27.025,-109.819,1.00000,90.000,-nan,-nan,-nan,0
5,2.60,7.270,0.5000,-27.022,-109.773,1.00000,90.000,-nan,-nan,-nan,0
5,2.60,7.280,0.5000,-27.019,-109.727,1.00000,90.000,-nan,-nan,-nan,0
5,2.60,7.290,0.5000,-27.015,-109.681,1.00000,90.000,-nan,-nan,-nan,0
5,2.60,7.300,0.5000,-27.012,-109.636,1.00000,90.000,-nan,-nan,-nan,0
5,2.60,7.310,0.5000,-27.008,-109.591,1.00000,90.000,-nan,-nan,-nan,0
5,2.60,7.320,0.5000,-27.005,-109.546,1.00000,90.000,-nan,-nan,-nan,0
5,2.60,7.330,0.5000,-27.002,-109.501,1.00000,90.000,-nan,-nan,-nan,0
5,2.60,7.340,0.5000,-26.999,-109.456,1.00000,90.000,-nan,-nan,-nan,0
5,2.60,7.350,0.5000,-26.995,-109.412,1.00000,90.000,-nan,-nan,-nan,0
5,2.60,7.360,0.5000,-26.992,-109.367,1.00000,90.000,-nan,-nan,-nan,0
5,2.60,7.370,0.5000,-26.989,-109.324,1.00000,90.000,-nan,-nan,-nan,0
5,2.60,7.380,0.5000,-26.986,-109.280,1.00000,90.000,-nan,-nan,-nan,0
5,2.60,7.390,0.5000,-26.982,-109.236,1.00000,90.000,-nan,-nan,-nan,0
5,2.60,7.400,0.5000,-26.979,-109.193,1.00000,90.000,-nan,-nan,-nan,0
5,2.60,7.410,0.5000,-26.976,-109.150,1.00000,90.000,-nan,-nan,-nan,0
5,2.60,7.420,0.5000,-26.973,-109.107,1.00000,90.000,-nan,-nan,-nan,0
5,2.60,7.430,0.5000,-26.970,-109.064,1.00000,90.000,-nan,-nan,-nan,0
5,2.60,7.440,0.5000,-26.967,-109.022,1.00000,90.000,-nan,-nan,-nan,0
5,2.60,7.450,0.5000,-26.964,-108.980,1.00000,90.000,-nan,-nan,-nan,0
5,2.60,7.460,0.5000,-26.961,-108.938,1.00000,90.000,-nan,-nan,-nan,0
5,2.60,7.470,0.5000,-26.957,-108.896,1.00000,90.000,-nan,-nan,-nan,0
5,2.60,7.480,0.5000,-26.954,-108.854,1.00000,90.000,-nan,-nan,-nan,0
5,2.60,7.490,0.5000,-26.951,-108.813,1.00000,90.000,-nan,-nan,-nan,0
5,2.60,7.500,0.5000,-26.948,-108.772,1.00000,90.000,-nan,-nan,-nan,0
5,2.60,7.510,0.5000,-26.945,-108.731,1.00000,90.000,-nan,-nan,-nan,0
5,2.60,7.520,0.5000,-26.942,-108.690,1.00000,90.000,-nan,-nan,-nan,0
5,2.60,7.530,0.5000,-26.939,-108.649,1.00000,90.000,-nan,-nan,-nan,0
5,2.60,7.540,0.5000,-26.936,-108.609,1.00000,90.000,-nan,-nan,-nan,0
5,2.60,7.550,0.5000,-26.933,-108.569,1.00000,90.000,-nan,-nan,-nan,0
5,2.60,7.560,0.5000,-26.931,-108.529,1.00000,90.000,-nan,-nan,-nan,0
5,2.60,7.570,0.5000,-26.928,-108.489,1.00000,90.000,-nan,-nan,-nan,0
5,2.60,7.580,0.5000,-26.925,-108.449,1.00000,90.000,-nan,-nan,-nan,0
5,2.60,7.590,0.5000,-26.922,-108.410,1.00000,90.000,-nan,-nan,-nan,0
5,2.60,7.600,0.5000,-26.919,-108.371,1.00000,90.000,-nan,-nan,-nan,0
5,2.60,7.610,0.5000,-26.916,-108.332,1.00000,90.000,-nan,-nan,-nan,0
5,2.60,7.620,0.5000,-26.913,-108.293,1.00000,90.000,-nan,-nan,-nan,0
5,2.60,7.630,0.5000,-26.910,-108.254,1.00000,90.000,-nan,-nan,-nan,0
5,2.60,7.640,0.5000,-26.908,-108.216,1.00000,90.000,-nan,-nan,-nan,0
5,2.60,7.650,0.5000,-26.905,-108.178,1.00000,90.000,-nan,-nan,-nan,0
5,2.60,7.660,0.5000,-26.902,-108.140,1.00000,90.000,-nan,-nan,-nan,0
5,2.60,7.670,0.5000,-26.899,-108.102,1.00000,90.000,-nan,-nan,-nan,0
5,2.60,7.680,0.5000,-26.896,-108.064,1.00000,90.000,-nan,-nan,-nan,0
5,2.60,7.690,0.5000,-26.894,-108.027,1.00000,90.000,-nan,-nan,-nan,0
5,2.60,7.700,0.5000,-26.891,-107.989,1.00000,90.000,-nan,-nan,-nan,0
5,2.60,7.710,0.5000,-26.888,-107.952,1.00000,90.000,-nan,-nan,-nan,0
5,2.60,7.720,0.5000,-26.885,-107.916,1.00000,90.000,-nan,-nan,-nan,0
5,2.60,7.730,0.5000,-26.883,-107.879,1.00000,90.000,-nan,-nan,-nan,0
5,2.60,7.740,0.5000,-26.880,-107.842,1.00000,90.000,-nan,-nan,-nan,0
5,2.60,7.750,0.5000,-26.877,-107.806,1.00000,90.000,-nan,-nan,-nan,0
5,2.60,7.760,0.5000,-26.875,-107.770,1.00000,90.000,-nan,-nan,-nan,0
5,2.60,7.770,0.5000,-26.872,-107.734,1.00000,90.000,-nan,-nan,-nan,0
5,2.60,7.780,0.5000,-26.870,-107.698,1.00000,90.000,-nan,-nan,-nan,0
5,2.60,7.790,0.5000,-26.867,-107.662,1.00000,90.000,-nan,-nan,-nan,0
5,2.60,7.800,0.5000,-26.864,-107.627,1.00000,90.000,-nan,-nan,-nan,0
5,2.60,7.810,0.5000,-26.862,-107.592,1.00000,90.000,-nan,-nan,-nan,0
5,2.60,7.820,0.5000,-26.859,-107.556,1.00000,90.000,-nan,-nan,-nan,0
5,2.60,7.830,0.5000,-26.857,-107.522,1.00000,90.000,-nan,-nan,-nan,0
5,2.60,7.840,0.5000,-26.854,-107.487,1.00000,90.000,-nan,-nan,-nan,0
5,2.60,7.850,0.5000,-26.851,-107.452,1.00000,90.000,-nan,-nan,-nan,0
5,2.60,7.860,0.5000,-26.849,-107.418,1.00000,90.000,-nan,-nan,-nan,0
5,2.60,7.870,0.5000,-26.846,-107.384,1.00000,90.000,-nan,-nan,-nan,0
5,2.60,7.880,0.5000,-26.844,-107.349,1.00000,90.000,-nan,-nan,-nan,0
5,2.60,7.890,0.5000,-26.841,-107.316,1.00000,90.000,-nan,-nan,-nan,0
5,2.60,7.900,0.5000,-26.839,-107.282,1.00000,90.000,-nan,-nan,-nan,0
5,2.60,7.910,0.5000,-26.837,-107.248,1.00000,90.000,-nan,-nan,-nan,0
5,2.60,7.920,0.5000,-26.834,-107.215,1.00000,90.000,-nan,-nan,-nan,0
5,2.60,7.930,0.5000,-26.832,-107.182,1.00000,90.000,-nan,-nan,-nan,0
5,2.60,7.940,0.5000,-26.829,-107.149,1.00000,90.000,-nan,-nan,-nan,0
5,2.60,7.950,0.5000,-26.827,-107.116,1.00000,90.000,-nan,-nan,-nan,0
5,2.60,7.960,0.5000,-26.824,-107.083,1.00000,90.000,-nan,-nan,-nan,0
5,2.60,7.970,0.5000,-26.822,-107.050,1.00000,90.000,-nan,-nan,-nan,0
5,2.60,7.980,0.5000,-26.820,-107.018,1.00000,90.000,-nan,-nan,-nan,0
5,2.60,7.990,0.5000,-26.817,-106.986,1.00000,90.000,-nan,-nan,-nan,0
5,2.60,8.000,0.5000,-26.815,-106.954,1.00000,90.000,-nan,-nan,-nan,0
5,2.60,8.010,0.5000,-26.813,-106.922,1.00000,90.000,-nan,-nan,-nan,0
5,2.60,8.020,0.5000,-26.810,-106.890,1.00000,90.000,-nan,-nan,-nan,0
5,2.60,8.030,0.5000,-26.808,-106.858,1.00000,90.000,-nan,-nan,-nan,0
5,2.60,8.040,0.5000,-26.806,-106.827,1.00000,90.000,-nan,-nan,-nan,0
5,2.60,8.050,0.5000,-26.803,-106.796,1.00000,90.000,-nan,-nan,-nan,0
5,2.60,8.060,0.5000,-26.801,-106.765,1.00000,90.000,-nan,-nan,-nan,0
5,2.60,8.070,0.5000,-26.799,-106.734,1.00000,90.000,-nan,-nan,-nan,0
5,2.60,8.080,0.5000,-26.796,-106.703,1.00000,90.000,-nan,-nan,-nan,0
5,2.60,8.090,0.5000,-26.794,-106.672,1.00000,90.000,-nan,-nan,-nan,0
5,2.60,8.100,0.5000,-26.792,-106.642,1.00000,90.000,-nan,-nan,-nan,0
5,2.60,8.110,0.5000,-26.790,-106.611,1.00000,90.000,-nan,-nan,-nan,0
5,2.60,8.120,0.5000,-26.788,-106.581,1.00000,90.000,-nan,-nan,-nan,0
5,2.60,8.130,0.5000,-26.785,-106.551,1.00000,90.000,-nan,-nan,-nan,0
5,2.60,8.140,0.5000,-26.783,-106.521,1.00000,90.000,-nan,-nan,-nan,0
5,2.60,8.150,0.5000,-26.781,-106.491,1.00000,90.000,-nan,-nan,-nan,0
5,2.60,8.160,0.5000,-26.779,-106.462,1.00000,90.000,-nan,-nan,-nan,0
5,2.60,8.170,0.5000,-26.777,-106.432,1.00000,90.000,-nan,-nan,-nan,0
5,2.60,8.180,0.5000,-26.774,-106.403,1.00000,90.000,-nan,-nan,-nan,0
5,2.60,8.190,0.5000,-26.772,-106.374,1.00000,90.000,-nan,-nan,-nan,0
5,2.60,8.200,0.5000,-26.770,-106.345,1.00000,90.000,-nan,-nan,-nan,0
5,2.60,8.210,0.5000,-26.768,-106.316,1.00000,90.000,-nan,-nan,-nan,0
5,2.60,8.220,0.5000,-26.766,-106.287,1.00000,90.000,-nan,-nan,-nan,0
5,2.60,8.230,0.5000,-26.764,-106.258,1.00000,90.000,-nan,-nan,-nan,0
5,2.60,8.240,0.5000,-26.762,-106.230,1.00000,90.000,-nan,-nan,-nan,0
5,2.60,8.250,0.5000,-26.760,-106.202,1.00000,90.000,-nan,-nan,-nan,0
5,2.60,8.260,0.5000,-26.758,-106.173,1.00000,90.000,-nan,-nan,-nan,0
5,2.60,8.270,0.5000,-26.756,-106.145,1.00000,90.000,-nan,-nan,-nan,0
5,2.60,8.280,0.5000,-26.754,-106.118,1.00000,90.000,-nan,-nan,-nan,0
5,2.60,8.290,0.5000,-26.751,-106.090,1.00000,90.000,-nan,-nan,-nan,0
5,2.60,8.300,0.5000,-26.749,-106.062,1.00000,90.000,-nan,-nan,-nan,0
5,2.60,8.310,0.5000,-26.747,-106.035,1.00000,90.000,-nan,-nan,-nan,0
5,2.60,8.320,0.5000,-26.745,-106.007,1.00000,90.000,-nan,-nan,-nan,0
5,2.60,8.330,0.5000,-26.743,-105.980,1.00000,90.000,-nan,-nan,-nan,0
5,2.60,8.340,0.5000,-26.741,-105.953,1.00000,90.000,-nan,-nan,-nan,0
5,2.60,8.350,0.5000,-26.739,-105.926,1.00000,90.000,-nan,-nan,-nan,0
5,2.60,8.360,0.5000,-26.737,-105.899,1.00000,90.000,-nan,-nan,-nan,0
5,2.60,8.370,0.5000,-26.736,-105.873,1.00000,90.000,-nan,-nan,-nan,0
5,2.60,8.380,0.5000,-26.734,-105.846,1.00000,90.000,-nan,-nan,-nan,0
5,2.60,8.390,0.5000,-26.732,-105.820,1.00000,90.000,-nan,-nan,-nan,0
5,2.60,8.400,0.5000,-26.730,-105.793,1.00000,90.000,-nan,-nan,-nan,0
5,2.60,8.410,0.5000,-26.728,-105.767,1.00000,90.000,-nan,-nan,-nan,0
5,2.60,8.420,0.5000,-26.726,-105.741,1.00000,90.000,-nan,-nan,-nan,0
5,2.60,8.430,0.5000,-26.724,-105.715,1.00000,90.000,-nan,-nan,-nan,0
5,2.60,8.440,0.5000,-26.722,-105.690,1.00000,90.000,-nan,-nan,-nan,0
5,2.60,8.450,0.5000,-26.720,-105.664,1.00000,90.000,-nan,-nan,-nan,0
5,2.60,8.460,0.5000,-26.718,-105.639,1.00000,90.000,-nan,-nan,-nan,0
5,2.60,8.470,0.5000,-26.716,-105.613,1.00000,90.000,-nan,-nan,-nan,0
5,2.60,8.480,0.5000,-26.715,-105.588,1.00000,90.000,-nan,-nan,-nan,0
5,2.60,8.490,0.5000,-26.713,-105.563,1.00000,90.000,-nan,-nan,-nan,0
5,2.60,8.500,0.5000,-26.711,-105.538,1.00000,90.000,-nan,-nan,-nan,0
5,2.60,8.510,0.5000,-26.709,-105.513,1.00000,90.000,-nan,-nan,-nan,0
5,2.60,8.520,0.5000,-26.707,-105.488,1.00000,90.000,-nan,-nan,-nan,0
5,2.60,8.530,0.5000,-26.706,-105.464,1.00000,90.000,-nan,-nan,-nan,0
5,2.60,8.540,0.5000,-26.704,-105.439,1.00000,90.000,-nan,-nan,-nan,0
5,2.60,8.550,0.5000,-26.702,-105.415,1.00000,90.000,-nan,-nan,-nan,0
5,2.60,8.560,0.5000,-26.700,-105.391,1.00000,90.000,-nan,-nan,-nan,0
5,2.60,8.570,0.5000,-26.698,-105.366,1.00000,90.000,-nan,-nan,-nan,0
5,2.60,8.580,0.5000,-26.697,-105.342,1.00000,90.000,-nan,-nan,-nan,0
5,2.60,8.590,0.5000,-26.695,-105.319,1.00000,90.000,-nan,-nan,-nan,0
5,2.60,8.600,0.5000,-26.693,-105.295,1.00000,90.000,-nan,-nan,-nan,0
5,2.60,8.610,0.5000,-26.691,-105.271,1.00000,90.000,-nan,-nan,-nan,0
5,2.60,8.620,0.5000,-26.690,-105.248,1.00000,90.000,-nan,-nan,-nan,0
5,2.60,8.630,0.5000,-26.688,-105.224,1.00000,90.000,-nan,-nan,-nan,0
5,2.60,8.640,0.5000,-26.686,-105.201,1.00000,90.000,-nan,-nan,-nan,0
5,2.60,8.650,0.5000,-26.685,-105.178,1.00000,90.000,-nan,-nan,-nan,0
5,2.60,8.660,0.5000,-26.683,-105.155,1.00000,90.000,-nan,-nan,-nan,0
5,2.60,8.670,0.5000,-26.681,-105.132,1.00000,90.000,-nan,-nan,-nan,0
5,2.60,8.680,0.5000,-26.679,-105.109,1.00000,90.000,-nan,-nan,-nan,0
5,2.60,8.690,0.5000,-26.678,-105.086,1.00000,90.000,-nan,-nan,-nan,0
5,2.60,8.700,0.5000,-26.676,-105.064,1.00000,90.000,-nan,-nan,-nan,0
5,2.60,8.710,0.5000,-26.674,-105.041,1.00000,90.000,-nan,-nan,-nan,0
5,2.60,8.720,0.5000,-26.673,-105.019,1.00000,90.000,-nan,-nan,-nan,0
5,2.60,8.730,0.5000,-26.671,-104.996,1.00000,90.000,-nan,-nan,-nan,0
5,2.60,8.740,0.5000,-26.670,-104.974,1.00000,90.000,-nan,-nan,-nan,0
5,2.60,8.750,0.5000,-26.668,-104.952,1.00000,90.000,-nan,-nan,-nan,0
5,2.60,8.760,0.5000,-26.666,-104.930,1.00000,90.000,-nan,-nan,-nan,0
5,2.60,8.770,0.5000,-26.665,-104.908,1.00000,90.000,-nan,-nan,-nan,0
5,2.60,8.780,0.5000,-26.663,-104.887,1.00000,90.000,-nan,-nan,-nan,0
5,2.60,8.790,0.5000,-26.662,-104.865,1.00000,90.000,-nan,-nan,-nan,0
5,2.60,8.800,0.5000,-26.660,-104.844,1.00000,90.000,-nan,-nan,-nan,0
5,2.60,8.810,0.5000,-26.658,-104.822,1.00000,90.000,-nan,-nan,-nan,0
5,2.60,8.820,0.5000,-26.657,-104.801,1.00000,90.000,-nan,-nan,-nan,0
5,2.60,8.830,0.5000,-26.655,-104.780,1.00000,90.000,-nan,-nan,-nan,0
5,2.60,8.840,0.5000,-26.654,-104.759,1.00000,90.000,-nan,-nan,-nan,0
5,2.60,8.850,0.5000,-26.652,-104.738,1.00000,90.000,-nan,-nan,-nan,0
5,2.60,8.860,0.5000,-26.651,-104.717,1.00000,90.000,-nan,-nan,-nan,0
5,2.60,8.870,0.5000,-26.649,-104.696,1.00000,90.000,-nan,-nan,-nan,0
5,2.60,8.880,0.5000,-26.648,-104.675,1.00000,90.000,-nan,-nan,-nan,0
5,2.60,8.890,0.5000,-26.646,-104.655,1.00000,90.000,-nan,-nan,-nan,0
5,2.60,8.900,0.5000,-26.645,-104.634,1.00000,90.000,-nan,-nan,-nan,0
5,2.60,8.910,0.5000,-26.643,-104.614,1.00000,90.000,-nan,-nan,-nan,0
5,2.60,8.920,0.5000,-26.642,-104.594,1.00000,90.000,-nan,-nan,-nan,0
5,2.60,8.930,0.5000,-26.640,-104.574,1.00000,90.000,-nan,-nan,-nan,0
5,2.60,8.940,0.5000,-26.639,-104.554,1.00000,90.000,-nan,-nan,-nan,0
5,2.60,8.950,0.5000,-26.637,-104.534,1.00000,90.000,-nan,-nan,-nan,0
5,2.60,8.960,0.5000,-26.636,-104.514,1.00000,90.000,-nan,-nan,-nan,0
5,2.60,8.970,0.5000,-26.634,-104.494,1.00000,90.000,-nan,-nan,-nan,0
5,2.60,8.980,0.5000,-26.633,-104.474,1.00000,90.000,-nan,-nan,-nan,0
5,2.60,8.990,0.5000,-26.631,-104.455,1.00000,90.000,-nan,-nan,-nan,0
5,2.60,9.000,0.5000,-26.630,-104.435,1.00000,90.000,-nan,-nan,-nan,0
5,2.60,9.010,0.5000,-26.629,-104.416,1.00000,90.000,-nan,-nan,-nan,0
5,2.60,9.020,0.5000,-26.627,-104.397,1.00000,90.000,-nan,-nan,-nan,0
5,2.60,9.030,0.5000,-26.626,-104.378,1.00000,90.000,-nan,-nan,-nan,0
5,2.60,9.040,0.5000,-26.624,-104.358,1.00000,90.000,-nan,-nan,-nan,0
5,2.60,9.050,0.5000,-26.623,-104.339,1.00000,90.000,-nan,-nan,-nan,0
5,2.60,9.060,0.5000,-26.622,-104.321,1.00000,90.000,-nan,-nan,-nan,0
5,2.60,9.070,0.5000,-26.620,-104.302,1.00000,90.000,-nan,-nan,-nan,0
5,2.60,9.080,0.5000,-26.619,-104.283,1.00000,90.000,-nan,-nan,-nan,0
5,2.60,9.090,0.5000,-26.617,-104.264,1.00000,90.000,-nan,-nan,-nan,0
5,2.60,9.100,0.5000,-26.616,-104.246,1.00000,90.000,-nan,-nan,-nan,0
5,2.60,9.110,0.5000,-26.615,-104.228,1.00000,90.000,-nan,-nan,-nan,0
5,2.60,9.120,0.5000,-26.613,-104.209,1.00000,90.000,-nan,-nan,-nan,0
5,2.60,9.130,0.5000,-26.612,-104.191,1.00000,90.000,-nan,-nan,-nan,0
5,2.60,9.140,0.5000,-26.611,-104.173,1.00000,90.000,-nan,-nan,-nan,0
5,2.60,9.150,0.5000,-26.609,-104.155,1.00000,90.000,-nan,-nan,-nan,0
5,2.60,9.160,0.5000,-26.608,-104.137,1.00000,90.000,-nan,-nan,-nan,0
5,2.60,9.170,0.5000,-26.607,-104.119,1.00000,90.000,-nan,-nan,-nan,0
5,2.60,9.180,0.5000,-26.605,-104.101,1.00000,90.000,-nan,-nan,-nan,0
5,2.60,9.190,0.5000,-26.604,-104.083,1.00000,90.000,-nan,-nan,-nan,0
5,2.60,9.200,0.5000,-26.603,-104.066,1.00000,90.000,-nan,-nan,-nan,0
5,2.60,9.210,0.5000,-26.602,-104.048,1.00000,90.000,-nan,-nan,-nan,0
5,2.60,9.220,0.5000,-26.600,-104.031,1.00000,90.000,-nan,-nan,-nan,0
5,2.60,9.230,0.5000,-26.599,-104.014,1.00000,90.000,-nan,-nan,-nan,0
5,2.60,9.240,0.5000,-26.598,-103.996,1.00000,90.000,-nan,-nan,-nan,0
5,2.60,9.250,0.5000,-26.597,-103.979,1.00000,90.000,-nan,-nan,-nan,0
5,2.60,9.260,0.5000,-26.595,-103.962,1.00000,90.000,-nan,-nan,-nan,0
5,2.60,9.270,0.5000,-26.594,-103.945,1.00000,90.000,-nan,-nan,-nan,0
5,2.60,9.280,0.5000,-26.593,-103.928,1.00000,90.000,-nan,-nan,-nan,0
5,2.60,9.290,0.5000,-26.592,-103.911,1.00000,90.000,-nan,-nan,-nan,0
5,2.60,9.300,0.5000,-26.590,-103.895,1.00000,90.000,-nan,-nan,-nan,0
5,2.60,9.310,0.5000,-26.589,-103.878,1.00000,90.000,-nan,-nan,-nan,0
5,2.60,9.320,0.5000,-26.588,-103.861,1.00000,90.000,-nan,-nan,-nan,0
5,2.60,9.330,0.5000,-26.587,-103.845,1.00000,90.000,-nan,-nan,-nan,0
5,2.60,9.340,0.5000,-26.585,-103.828,1.00000,90.000,-nan,-nan,-nan,0
5,2.60,9.350,0.5000,-26.584,-103.812,1.00000,90.000,-nan,-nan,-nan,0
5,2.60,9.360,0.5000,-26.583,-103.796,1.00000,90.000,-nan,-nan,-nan,0
5,2.60,9.370,0.5000,-26.582,-103.780,1.00000,90.000,-nan,-nan,-nan,0
5,2.60,9.380,0.5000,-26.581,-103.764,1.00000,90.000,-nan,-nan,-nan,0
5,2.60,9.390,0.5000,-26.580,-103.748,1.00000,90.000,-nan,-nan,-nan,0
5,2.60,9.400,0.5000,-26.578,-103.732,1.00000,90.000,-nan,-nan,-nan,0
5,2.60,9.410,0.5000,-26.577,-103.716,1.00000,90.000,-nan,-nan,-nan,0
5,2.60,9.420,0.5000,-26.576,-103.700,1.00000,90.000,-nan,-nan,-nan,0
5,2.60,9.430,0.5000,-26.575,-103.684,1.00000,90.000,-nan,-nan,-nan,0
5,2.60,9.440,0.5000,-26.574,-103.669,1.00000,90.000,-nan,-nan,-nan,0
5,2.60,9.450,0.5000,-26.573,-103.653,1.00000,90.000,-nan,-nan,-nan,0
5,2.60,9.460,0.5000,-26.571,-103.638,1.00000,90.000,-nan,-nan,-nan,0
5,2.60,9.470,0.5000,-26.570,-103.622,1.00000,90.000,-nan,-nan,-nan,0
5,2.60,9.480,0.5000,-26.569,-103.607,1.00000,90.000,-nan,-nan,-nan,0
5,2.60,9.490,0.5000,-26.568,-103.592,1.00000,90.000,-nan,-nan,-nan,0
5,2.60,9.500,0.5000,-26.567,-103.577,1.00000,90.000,-nan,-nan,-nan,0
5,2.60,9.510,0.5000,-26.566,-103.562,1.00000,90.000,-nan,-nan,-nan,0
5,2.60,9.520,0.5000,-26.565,-103.547,1.00000,90.000,-nan,-nan,-nan,0
5,2.60,9.530,0.5000,-26.564,-103.532,1.00000,90.000,-nan,-nan,-nan,0
5,2.60,9.540,0.5000,-26.563,-103.517,1.00000,90.000,-nan,-nan,-nan,0
5,2.60,9.550,0.5000,-26.561,-103.502,1.00000,90.000,-nan,-nan,-nan,0
5,2.60,9.560,0.5000,-26.560,-103.487,1.00000,90.000,-nan,-nan,-nan,0
5,2.60,9.570,0.5000,-26.559,-103.473,1.00000,90.000,-nan,-nan,-nan,0
5,2.60,9.580,0.5000,-26.558,-103.458,1.00000,90.000,-nan,-nan,-nan,0
5,2.60,9.590,0.5000,-26.557,-103.444,1.00000,90.000,-nan,-nan,-nan,0
5,2.60,9.600,0.5000,-26.556,-103.429,1.00000,90.000,-nan,-nan,-nan,0
5,2.60,9.610,0.5000,-26.555,-103.415,1.00000,90.000,-nan,-nan,-nan,0
5,2.60,9.620,0.5000,-26.554,-103.401,1.00000,90.000,-nan,-nan,-nan,0
5,2.60,9.630,0.5000,-26.553,-103.386,1.00000,90.000,-nan,-nan,-nan,0
5,2.60,9.640,0.5000,-26.552,-103.372,1.00000,90.000,-nan,-nan,-nan,0
5,2.60,9.650,0.5000,-26.551,-103.358,1.00000,90.000,-nan,-nan,-nan,0
5,2.60,9.660,0.5000,-26.550,-103.344,1.00000,90.000,-nan,-nan,-nan,0
5,2.60,9.670,0.5000,-26.549,-103.330,1.00000,90.000,-nan,-nan,-nan,0
5,2.60,9.680,0.5000,-26.548,-103.316,1.00000,90.000,-nan,-nan,-nan,0
5,2.60,9.690,0.5000,-26.547,-103.303,1.00000,90.000,-nan,-nan,-nan,0
5,2.60,9.700,0.5000,-26.546,-103.289,1.00000,90.000,-nan,-nan,-nan,0
5,2.60,9.710,0.5000,-26.545,-103.275,1.00000,90.000,-nan,-nan,-nan,0
5,2.60,9.720,0.5000,-26.544,-103.262,1.00000,90.000,-nan,-nan,-nan,0
5,2.60,9.730,0.5000,-26.543,-103.248,1.00000,90.000,-nan,-nan,-nan,0
5,2.60,9.740,0.5000,-26.542,-103.235,1.00000,90.000,-nan,-nan,-nan,0
5,2.60,9.750,0.5000,-26.541,-103.221,1.00000,90.000,-nan,-nan,-nan,0
5,2.60,9.760,0.5000,-26.540,-103.208,1.00000,90.000,-nan,-nan,-nan,0
5,2.60,9.770,0.5000,-26.539,-103.195,1.00000,90.000,-nan,-nan,-nan,0
5,2.60,9.780,0.5000,-26.538,-103.182,1.00000,90.000,-nan,-nan,-nan,0
5,2.60,9.790,0.5000,-26.537,-103.169,1.00000,90.000,-nan,-nan,-nan,0
5,2.60,9.800,0.5000,-26.536,-103.155,1.00000,90.000,-nan,-nan,-nan,0
5,2.60,9.810,0.5000,-26.535,-103.142,1.00000,90.000,-nan,-nan,-nan,0
5,2.60,9.820,0.5000,-26.534,-103.130,1.00000,90.000,-nan,-nan,-nan,0
5,2.60,9.830,0.5000,-26.533,-103.117,1.00000,90.000,-nan,-nan,-nan,0
5,2.60,9.840,0.5000,-26.532,-103.104,1.00000,90.000,-nan,-nan,-nan,0
5,2.60,9.850,0.5000,-26.531,-103.091,1.00000,90.000,-nan,-nan,-nan,0
5,2.60,9.860,0.5000,-26.530,-103.079,1.00000,90.000,-nan,-nan,-nan,0
5,2.60,9.870,0.5000,-26.529,-103.066,1.00000,90.000,-nan,-nan,-nan,0
5,2.60,9.880,0.5000,-26.529,-103.053,1.00000,90.000,-nan,-nan,-nan,0
5,2.60,9.890,0.5000,-26.528,-103.041,1.00000,90.000,-nan,-nan,-nan,0
5,2.60,9.900,0.5000,-26.527,-103.029,1.00000,90.000,-nan,-nan,-nan,0
5,2.60,9.910,0.5000,-26.526,-103.016,1.00000,90.000,-nan,-nan,-nan,0
5,2.60,9.920,0.5000,-26.525,-103.004,1.00000,90.000,-nan,-nan,-nan,0
5,2.60,9.930,0.5000,-26.524,-102.992,1.00000,90.000,-nan,-nan,-nan,0
5,2.60,9.940,0.5000,-26.523,-102.980,1.00000,90.000,-nan,-nan,-nan,0
5,2.60,9.950,0.5000,-26.522,-102.967,1.00000,90.000,-nan,-nan,-nan,0
5,2.60,9.960,0.5000,-26.521,-102.955,1.00000,90.000,-nan,-nan,-nan,0
5,2.60,9.970,0.5000,-26.520,-102.943,1.00000,90.000,-nan,-nan,-nan,0
5,2.60,9.980,0.5000,-26.520,-102.931,1.00000,90.000,-nan,-nan,-nan,0
5,2.60,9.990,0.5000,-26.519,-102.920,1.00000,90.000,-nan,-nan,-nan,0
5,2.60,10.000,0.5000,-26.518,-102.908,1.00000,90.000,-nan,-nan,-nan,0
6,2.60,0.000,0.5000,-52.000,-450.006,0.03490,2.000,90.00,0.03490,0.00000,0
6,2.60,0.010,0.5000,-51.872,-448.263,1.00000,90.000,78.47,0.97981,0.19995,0
6,2.60,0.020,0.5000,-51.745,-446.529,1.00000,90.000,66.52,0.91719,0.39846,0
6,2.60,0.030,0.5000,-51.618,-444.804,1.00000,90.000,54.52,0.81434,0.58039,0
6,2.60,0.040,0.5000,-51.492,-443.087,1.00000,90.000,42.48,0.67529,0.73755,0
6,2.60,0.050,0.5000,-51.367,-441.378,1.00000,90.000,30.38,0.50577,0.86267,0
6,2.60,0.060,0.5000,-51.242,-439.678,1.00000,90.000,18.24,0.31298,0.94976,0
6,2.60,0.070,0.5000,-51.118,-437.987,1.00000,90.000,6.05,0.10532,0.99444,0
6,2.60,0.080,0.5000,-50.994,-436.304,1.00000,90.000,353.80,-0.10795,0.99416,0
6,2.60,0.090,0.5000,-50.871,-434.629,1.00000,90.000,341.51,-0.31713,0.94838,0
6,2.60,0.100,0.5000,-50.749,-432.963,1.00000,90.000,329.17,-0.51252,0.85867,0
6,2.60,0.110,0.5000,-50.627,-431.305,1.00000,90.000,316.78,-0.68486,0.72868,0
6,2.60,0.120,0.5000,-50.506,-429.656,1.00000,90.000,304.33,-0.82577,0.56400,0
6,2.60,0.130,0.5000,-50.385,-428.014,1.00000,90.000,291.84,-0.92823,0.37202,0
6,2.60,0.140,0.5000,-50.266,-426.381,1.00000,90.000,279.30,-0.98687,0.16154,0
6,2.60,0.150,0.5000,-50.146,-424.756,1.00000,90.000,266.70,-0.99834,-0.05752,0
6,2.60,0.160,0.5000,-50.028,-423.139,1.00000,90.000,254.06,-0.96154,-0.27467,0
6,2.60,0.170,0.5000,-49.909,-421.530,1.00000,90.000,241.36,-0.87766,-0.47928,0
6,2.60,0.180,0.5000,-49.792,-419.929,1.00000,90.000,228.61,-0.75028,-0.66112,0
6,2.60,0.190,0.5000,-49.675,-418.336,1.00000,90.000,215.82,-0.58518,-0.81090,0
6,2.60,0.200,0.5000,-49.559,-416.751,1.00000,90.000,202.97,-0.39018,-0.92074,0
6,2.60,0.210,0.5000,-49.443,-415.174,1.00000,90.000,190.06,-0.17476,-0.98461,0
6,2.60,0.220,0.5000,-49.328,-413.605,1.00000,90.000,177.11,0.05040,-0.99873,0
6,2.60,0.230,0.5000,-49.213,-412.044,1.00000,90.000,164.11,0.27386,-0.96177,0
6,2.60,0.240,0.5000,-49.099,-410.490,1.00000,90.000,151.05,0.48407,-0.87503,0
6,2.60,0.250,0.5000,-48.985,-408.944,1.00000,90.000,137.94,0.66992,-0.74243,0
6,2.60,0.260,0.5000,-48.873,-407.406,1.00000,90.000,124.78,0.82138,-0.57039,0
6,2.60,0.270,0.5000,-48.760,-405.876,1.00000,90.000,111.56,0.93002,-0.36752,0
6,2.60,0.280,0.5000,-48.648,-404.353,1.00000,90.000,98.30,0.98954,-0.14428,0
6,2.60,0.290,0.5000,-48.537,-402.838,1.00000,90.000,84.98,0.99616,0.08758,0
6,2.60,0.300,0.5000,-48.426,-401.330,1.00000,90.000,71.60,0.94889,0.31561,0
6,2.60,0.310,0.5000,-48.316,-399.830,1.00000,90.000,58.18,0.84967,0.52731,0
6,2.60,0.320,0.5000,-48.207,-398.337,1.00000,90.000,44.70,0.70335,0.71084,0
6,2.60,0.330,0.5000,-48.098,-396.852,1.00000,90.000,31.16,0.51748,0.85570,0
6,2.60,0.340,0.5000,-47.989,-395.374,1.00000,90.000,17.58,0.30198,0.95332,0
6,2.60,0.350,0.5000,-47.881,-393.904,1.00000,90.000,3.94,0.06864,0.99764,0
6,2.60,0.360,0.5000,-47.774,-392.441,1.00000,90.000,350.24,-0.16950,0.98553,0
6,2.60,0.370,0.5000,-47.667,-390.985,1.00000,90.000,336.49,-0.39887,0.91701,0
6,2.60,0.380,0.5000,-47.561,-389.537,1.00000,90.000,322.69,-0.60613,0.79536,0
6,2.60,0.390,0.5000,-47.455,-388.095,1.00000,90.000,308.83,-0.77899,0.62704,0
6,2.60,0.400,0.5000,-47.350,-386.661,1.00000,90.000,294.92,-0.90690,0.42135,0
6,2.60,0.410,0.5000,-47.245,-385.234,1.00000,90.000,280.95,-0.98178,0.19001,0
6,2.60,0.420,0.5000,-47.141,-383.814,1.00000,90.000,266.93,-0.99857,-0.05353,0
6,2.60,0.430,0.5000,-47.037,-382.402,1.00000,90.000,252.85,-0.95556,-0.29480,0
6,2.60,0.440,0.5000,-46.934,-380.996,1.00000,90.000,238.72,-0.85466,-0.51918,0
6,2.60,0.450,0.5000,-46.831,-379.597,1.00000,90.000,224.54,-0.70135,-0.71282,0
6,2.60,0.460,0.5000,-46.729,-378.205,1.00000,90.000,210.29,-0.50441,-0.86346,0
6,2.60,0.470,0.5000,-46.627,-376.821,1.00000,90.000,195.99,-0.27553,-0.96129,0
6,2.60,0.480,0.5000,-46.526,-375.443,1.00000,90.000,181.64,-0.02860,-0.99959,0
6,2.60,0.490,0.5000,-46.425,-374.072,1.00000,90.000,167.23,0.22107,-0.97526,0
6,2.60,0.500,0.5000,-46.325,-372.708,1.00000,90.000,152.76,0.45769,-0.88911,0
6,2.60,0.510,0.5000,-46.225,-371.350,1.00000,90.000,138.24,0.66603,-0.74592,0
6,2.60,0.520,0.5000,-46.126,-370.000,1.00000,90.000,123.66,0.83235,-0.55425,0
6,2.60,0.530,0.5000,-46.028,-368.656,1.00000,90.000,109.02,0.94539,-0.32594,0
6,2.60,0.540,0.5000,-45.930,-367.319,1.00000,90.000,94.33,0.99715,-0.07549,0
6,2.60,0.550,0.5000,-45.832,-365.988,1.00000,90.000,79.58,0.98351,0.18087,0
6,2.60,0.560,0.5000,-45.735,-364.664,1.00000,90.000,64.77,0.90462,0.42621,0
6,2.60,0.570,0.5000,-45.638,-363.347,1.00000,90.000,49.91,0.76501,0.64402,0
6,2.60,0.580,0.5000,-45.542,-362.036,1.00000,90.000,34.99,0.57338,0.81929,0
6,2.60,0.590,0.5000,-45.446,-360.732,1.00000,90.000,20.01,0.34213,0.93965,0
6,2.60,0.600,0.5000,-45.351,-359.434,1.00000,90.000,4.97,0.08663,0.99624,0
6,2.60,0.610,0.5000,-45.256,-358.143,1.00000,90.000,349.87,-0.17581,0.98442,0
6,2.60,0.620,0.5000,-45.162,-356.859,1.00000,90.000,334.72,-0.42702,0.90424,0
6,2.60,0.630,0.5000,-45.068,-355.580,1.00000,90.000,319.51,-0.64932,0.76052,0
6,2.60,0.640,0.5000,-44.974,-354.308,1.00000,90.000,304.24,-0.82669,0.56266,0
6,2.60,0.650,0.5000,-44.881,-353.043,1.00000,90.000,288.91,-0.94602,0.32411,0
6,2.60,0.660,0.5000,-44.789,-351.783,1.00000,90.000,273.52,-0.99811,0.06148,0
6,2.60,0.670,0.5000,-44.697,-350.530,1.00000,90.000,258.08,-0.97843,-0.20656,0
6,2.60,0.680,0.5000,-44.605,-349.284,1.00000,90.000,242.57,-0.88761,-0.46060,0
6,2.60,0.690,0.5000,-44.514,-348.043,1.00000,90.000,227.01,-0.73147,-0.68187,0
6,2.60,0.700,0.5000,-44.424,-346.809,1.00000,90.000,211.39,-0.52081,-0.85367,0
6,2.60,0.710,0.5000,-44.334,-345.580,1.00000,90.000,195.70,-0.27066,-0.96267,0
6,2.60,0.720,0.5000,-44.244,-344.358,1.00000,90.000,179.96,0.00067,-1.00000,0
6,2.60,0.730,0.5000,-44.155,-343.142,1.00000,90.000,164.16,0.27297,-0.96202,0
6,2.60,0.740,0.5000,-44.066,-341.932,1.00000,90.000,148.30,0.52552,-0.85078,0
6,2.60,0.750,0.5000,-43.977,-340.729,1.00000,90.000,132.37,0.73875,-0.67397,0
6,2.60,0.760,0.5000,-43.889,-339.531,1.00000,90.000,116.39,0.89577,-0.44451,0
6,2.60,0.770,0.5000,-43.802,-338.339,1.00000,90.000,100.35,0.98373,-0.17964,0
6,2.60,0.780,0.5000,-43.715,-337.153,1.00000,90.000,84.25,0.99496,0.10027,0
6,2.60,0.790,0.5000,-43.628,-335.973,1.00000,90.000,68.08,0.92771,0.37329,0
6,2.60,0.800,0.5000,-43.542,-334.799,1.00000,90.000,51.86,0.78646,0.61764,0
6,2.60,0.810,0.5000,-43.456,-333.630,1.00000,90.000,35.57,0.58170,0.81341,0
6,2.60,0.820,0.5000,-43.371,-332.468,1.00000,90.000,19.22,0.32924,0.94425,0
6,2.60,0.830,0.5000,-43.286,-331.311,1.00000,90.000,2.81,0.04909,0.99879,0
6,2.60,0.840,0.5000,-43.202,-330.160,1.00000,90.000,346.34,-0.23610,0.97173,0
6,2.60,0.850,0.5000,-43.117,-329.015,1.00000,90.000,329.81,-0.50284,0.86438,0
6,2.60,0.860,0.5000,-43.034,-327.876,1.00000,90.000,313.22,-0.72875,0.68478,0
6,2.60,0.870,0.5000,-42.951,-326.742,1.00000,90.000,296.56,-0.89445,0.44718,0
6,2.60,0.880,0.5000,-42.868,-325.614,1.00000,90.000,279.85,-0.98527,0.17098,0
6,2.60,0.890,0.5000,-42.785,-324.491,1.00000,90.000,263.07,-0.99268,-0.12074,0
6,2.60,0.900,0.5000,-42.703,-323.374,1.00000,90.000,225.00,-0.70711,-0.70711,0
6,2.60,0.910,0.5000,-42.622,-322.263,1.00000,90.000,-nan,-nan,-nan,0
6,2.60,0.920,0.5000,-42.541,-321.157,1.00000,90.000,-nan,-nan,-nan,0
6,2.60,0.930,0.5000,-42.460,-320.057,1.00000,90.000,-nan,-nan,-nan,0
6,2.60,0.940,0.5000,-42.379,-318.962,1.00000,90.000,-nan,-nan,-nan,0
6,2.60,0.950,0.5000,-42.299,-317.873,1.00000,90.000,-nan,-nan,-nan,0
6,2.60,0.960,0.5000,-42.220,-316.789,1.00000,90.000,-nan,-nan,-nan,0
6,2.60,0.970,0.5000,-42.141,-315.711,1.00000,90.000,-nan,-nan,-nan,0
6,2.60,0.980,0.5000,-42.062,-314.637,1.00000,90.000,-nan,-nan,-nan,0
6,2.60,0.990,0.5000,-41.984,-313.570,1.00000,90.000,-nan,-nan,-nan,0
6,2.60,1.000,0.5000,-41.906,-312.507,1.00000,90.000,-nan,-nan,-nan,0
6,2.60,1.010,0.5000,-41.828,-311.450,1.00000,90.000,-nan,-nan,-nan,0
6,2.60,1.020,0.5000,-41.751,-310.398,1.00000,90.000,-nan,-nan,-nan,0
6,2.60,1.030,0.5000,-41.674,-309.352,1.00000,90.000,-nan,-nan,-nan,0
6,2.60,1.040,0.5000,-41.597,-308.310,1.00000,90.000,-nan,-nan,-nan,0
6,2.60,1.050,0.5000,-41.521,-307.274,1.00000,90.000,-nan,-nan,-nan,0
6,2.60,1.060,0.5000,-41.446,-306.243,1.00000,90.000,-nan,-nan,-nan,0
6,2.60,1.070,0.5000,-41.370,-305.217,1.00000,90.000,-nan,-nan,-nan,0
6,2.60,1.080,0.5000,-41.295,-304.196,1.00000,90.000,-nan,-nan,-nan,0
6,2.60,1.090,0.5000,-41.221,-303.181,1.00000,90.000,-nan,-nan,-nan,0
6,2.60,1.100,0.5000,-41.147,-302.170,1.00000,90.000,-nan,-nan,-nan,0
6,2.60,1.110,0.5000,-41.073,-301.165,1.00000,90.000,-nan,-nan,-nan,0
6,2.60,1.120,0.5000,-40.999,-300.164,1.00000,90.000,-nan,-nan,-nan,0
6,2.60,1.130,0.5000,-40.926,-299.168,1.00000,90.000,-nan,-nan,-nan,0
6,2.60,1.140,0.5000,-40.854,-298.178,1.00000,90.000,-nan,-nan,-nan,0
6,2.60,1.150,0.5000,-40.781,-297.192,1.00000,90.000,-nan,-nan,-nan,0
6,2.60,1.160,0.5000,-40.709,-296.211,1.00000,90.000,-nan,-nan,-nan,0
6,2.60,1.170,0.5000,-40.638,-295.236,1.00000,90.000,-nan,-nan,-nan,0
6,2.60,1.180,0.5000,-40.566,-294.265,1.00000,90.000,-nan,-nan,-nan,0
6,2.60,1.190,0.5000,-40.495,-293.298,1.00000,90.000,-nan,-nan,-nan,0
6,2.60,1.200,0.5000,-40.425,-292.337,1.00000,90.000,-nan,-nan,-nan,0
6,2.60,1.210,0.5000,-40.355,-291.381,1.00000,90.000,-nan,-nan,-nan,0
6,2.60,1.220,0.5000,-40.285,-290.429,1.00000,90.000,-nan,-nan,-nan,0
6,2.60,1.230,0.5000,-40.215,-289.482,1.00000,90.000,-nan,-nan,-nan,0
6,2.60,1.240,0.5000,-40.146,-288.540,1.00000,90.000,-nan,-nan,-nan,0
6,2.60,1.250,0.5000,-40.077,-287.602,1.00000,90.000,-nan,-nan,-nan,0
6,2.60,1.260,0.5000,-40.009,-286.669,1.00000,90.000,-nan,-nan,-nan,0
6,2.60,1.270,0.5000,-39.940,-285.741,1.00000,90.000,-nan,-nan,-nan,0
6,2.60,1.280,0.5000,-39.873,-284.817,1.00000,90.000,-nan,-nan,-nan,0
6,2.60,1.290,0.5000,-39.805,-283.898,1.00000,90.000,-nan,-nan,-nan,0
6,2.60,1.300,0.5000,-39.738,-282.984,1.00000,90.000,-nan,-nan,-nan,0
6,2.60,1.310,0.5000,-39.671,-282.074,1.00000,90.000,-nan,-nan,-nan,0
6,2.60,1.320,0.5000,-39.605,-281.169,1.00000,90.000,-nan,-nan,-nan,0
6,2.60,1.330,0.5000,-39.539,-280.268,1.00000,90.000,-nan,-nan,-nan,0
6,2.60,1.340,0.5000,-39.473,-279.371,1.00000,90.000,-nan,-nan,-nan,0
6,2.60,1.350,0.5000,-39.407,-278.480,1.00000,90.000,-nan,-nan,-nan,0
6,2.60,1.360,0.5000,-39.342,-277.592,1.00000,90.000,-nan,-nan,-nan,0
6,2.60,1.370,0.5000,-39.277,-276.709,1.00000,90.000,-nan,-nan,-nan,0
6,2.60,1.380,0.5000,-39.213,-275.831,1.00000,90.000,-nan,-nan,-nan,0
6,2.60,1.390,0.5000,-39.149,-274.956,1.00000,90.000,-nan,-nan,-nan,0
6,2.60,1.400,0.5000,-39.085,-274.086,1.00000,90.000,-nan,-nan,-nan,0
6,2.60,1.410,0.5000,-39.021,-273.221,1.00000,90.000,-nan,-nan,-nan,0
6,2.60,1.420,0.5000,-38.958,-272.360,1.00000,90.000,-nan,-nan,-nan,0
6,2.60,1.430,0.5000,-38.895,-271.503,1.00000,90.000,-nan,-nan,-nan,0
6,2.60,1.440,0.5000,-38.833,-270.650,1.00000,90.000,-nan,-nan,-nan,0
6,2.60,1.450,0.5000,-38.770,-269.802,1.00000,90.000,-nan,-nan,-nan,0
6,2.60,1.460,0.5000,-38.708,-268.958,1.00000,90.000,-nan,-nan,-nan,0
6,2.60,1.470,0.5000,-38.647,-268.118,1.00000,90.000,-nan,-nan,-nan,0
6,2.60,1.480,0.5000,-38.585,-267.282,1.00000,90.000,-nan,-nan,-nan,0
6,2.60,1.490,0.5000,-38.524,-266.451,1.00000,90.000,-nan,-nan,-nan,0
6,2.60,1.500,0.5000,-38.464,-265.623,1.00000,90.000,-nan,-nan,-nan,0
6,2.60,1.510,0.5000,-38.403,-264.800,1.00000,90.000,-nan,-nan,-nan,0
6,2.60,1.520,0.5000,-38.343,-263.981,1.00000,90.000,-nan,-nan,-nan,0
6,2.60,1.530,0.5000,-38.283,-263.166,1.00000,90.000,-nan,-nan,-nan,0
6,2.60,1.540,0.5000,-38.224,-262.355,1.00000,90.000,-nan,-nan,-nan,0
6,2.60,1.550,0.5000,-38.164,-261.548,1.00000,90.000,-nan,-nan,-nan,0
6,2.60,1.560,0.5000,-38.105,-260.745,1.00000,90.000,-nan,-nan,-nan,0
6,2.60,1.570,0.5000,-38.047,-259.946,1.00000,90.000,-nan,-nan,-nan,0
6,2.60,1.580,0.5000,-37.988,-259.151,1.00000,90.000,-nan,-nan,-nan,0
6,2.60,1.590,0.5000,-37.930,-258.360,1.00000,90.000,-nan,-nan,-nan,0
6,2.60,1.600,0.5000,-37.873,-257.573,1.00000,90.000,-nan,-nan,-nan,0
6,2.60,1.610,0.5000,-37.815,-256.789,1.00000,90.000,-nan,-nan,-nan,0
6,2.60,1.620,0.5000,-37.758,-256.010,1.00000,90.000,-nan,-nan,-nan,0
6,2.60,1.630,0.5000,-37.701,-255.235,1.00000,90.000,-nan,-nan,-nan,0
6,2.60,1.640,0.5000,-37.644,-254.463,1.00000,90.000,-nan,-nan,-nan,0
6,2.60,1.650,0.5000,-37.588,-253.696,1.00000,90.000,-nan,-nan,-nan,0
6,2.60,1.660,0.5000,-37.532,-252.932,1.00000,90.000,-nan,-nan,-nan,0
6,2.60,1.670,0.5000,-37.476,-252.172,1.00000,90.000,-nan,-nan,-nan,0
6,2.60,1.680,0.5000,-37.421,-251.416,1.00000,90.000,-nan,-nan,-nan,0
6,2.60,1.690,0.5000,-37.365,-250.663,1.00000,90.000,-nan,-nan,-nan,0
6,2.60,1.700,0.5000,-37.310,-249.915,1.00000,90.000,-nan,-nan,-nan,0
6,2.60,1.710,0.5000,-37.256,-249.170,1.00000,90.000,-nan,-nan,-nan,0
6,2.60,1.720,0.5000,-37.201,-248.429,1.00000,90.000,-nan,-nan,-nan,0
6,2.60,1.730,0.5000,-37.147,-247.691,1.00000,90.000,-nan,-nan,-nan,0
6,2.60,1.740,0.5000,-37.093,-246.957,1.00000,90.000,-nan,-nan,-nan,0
6,2.60,1.750,0.5000,-37.040,-246.227,1.00000,90.000,-nan,-nan,-nan,0
6,2.60,1.760,0.5000,-36.986,-245.500,1.00000,90.000,-nan,-nan,-nan,0
6,2.60,1.770,0.5000,-36.933,-244.777,1.00000,90.000,-nan,-nan,-nan,0
6,2.60,1.780,0.5000,-36.880,-244.058,1.00000,90.000,-nan,-nan,-nan,0
6,2.60,1.790,0.5000,-36.828,-243.342,1.00000,90.000,-nan,-nan,-nan,0
6,2.60,1.800,0.5000,-36.776,-242.630,1.00000,90.000,-nan,-nan,-nan,0
6,2.60,1.810,0.5000,-36.724,-241.922,1.00000,90.000,-nan,-nan,-nan,0
6,2.60,1.820,0.5000,-36.672,-241.217,1.00000,90.000,-nan,-nan,-nan,0
6,2.60,1.830,0.5000,-36.620,-240.515,1.00000,90.000,-nan,-nan,-nan,0
6,2.60,1.840,0.5000,-36.569,-239.817,1.00000,90.000,-nan,-nan,-nan,0
6,2.60,1.850,0.5000,-36.518,-239.122,1.00000,90.000,-nan,-nan,-nan,0
6,2.60,1.860,0.5000,-36.467,-238.431,1.00000,90.000,-nan,-nan,-nan,0
6,2.60,1.870,0.5000,-36.417,-237.744,1.00000,90.000,-nan,-nan,-nan,0
6,2.60,1.880,0.5000,-36.367,-237.059,1.00000,90.000,-nan,-nan,-nan,0
6,2.60,1.890,0.5000,-36.317,-236.378,1.00000,90.000,-nan,-nan,-nan,0
6,2.60,1.900,0.5000,-36.267,-235.701,1.00000,90.000,-nan,-nan,-nan,0
6,2.60,1.910,0.5000,-36.217,-235.027,1.00000,90.000,-nan,-nan,-nan,0
6,2.60,1.920,0.5000,-36.168,-234.356,1.00000,90.000,-nan,-nan,-nan,0
6,2.60,1.930,0.5000,-36.119,-233.689,1.00000,90.000,-nan,-nan,-nan,0
6,2.60,1.940,0.5000,-36.070,-233.025,1.00000,90.000,-nan,-nan,-nan,0
6,2.60,1.950,0.5000,-36.022,-232.364,1.00000,90.000,-nan,-nan,-nan,0
6,2.60,1.960,0.5000,-35.974,-231.707,1.00000,90.000,-nan,-nan,-nan,0
6,2.60,1.970,0.5000,-35.926,-231.053,1.00000,90.000,-nan,-nan,-nan,0
6,2.60,1.980,0.5000,-35.878,-230.402,1.00000,90.000,-nan,-nan,-nan,0
6,2.60,1.990,0.5000,-35.830,-229.754,1.00000,90.000,-nan,-nan,-nan,0
6,2.60,2.000,0.5000,-35.783,-229.110,1.00000,90.000,-nan,-nan,-nan,0
6,2.60,2.010,0.5000,-35.736,-228.469,1.00000,90.000,-nan,-nan,-nan,0
6,2.60,2.020,0.5000,-35.689,-227.831,1.00000,90.000,-nan,-nan,-nan,0
6,2.60,2.030,0.5000,-35.642,-227.196,1.00000,90.000,-nan,-nan,-nan,0
6,2.60,2.040,0.5000,-35.596,-226.564,1.00000,90.000,-nan,-nan,-nan,0
6,2.60,2.050,0.5000,-35.550,-225.936,1.00000,90.000,-nan,-nan,-nan,0
6,2.60,2.060,0.5000,-35.504,-225.310,1.00000,90.000,-nan,-nan,-nan,0
6,2.60,2.070,0.5000,-35.458,-224.688,1.00000,90.000,-nan,-nan,-nan,0
6,2.60,2.080,0.5000,-35.413,-224.069,1.00000,90.000,-nan,-nan,-nan,0
6,2.60,2.090,0.5000,-35.368,-223.453,1.00000,90.000,-nan,-nan,-nan,0
6,2.60,2.100,0.5000,-35.323,-222.840,1.00000,90.000,-nan,-nan,-nan,0
6,2.60,2.110,0.5000,-35.278,-222.230,1.00000,90.000,-nan,-nan,-nan,0
6,2.60,2.120,0.5000,-35.233,-221.623,1.00000,90.000,-nan,-nan,-nan,0
6,2.60,2.130,0.5000,-35.189,-221.019,1.00000,90.000,-nan,-nan,-nan,0
6,2.60,2.140,0.5000,-35.145,-220.419,1.00000,90.000,-nan,-nan,-nan,0
6,2.60,2.150,0.5000,-35.101,-219.821,1.00000,90.000,-nan,-nan,-nan,0
6,2.60,2.160,0.5000,-35.057,-219.226,1.00000,90.000,-nan,-nan,-nan,0
6,2.60,2.170,0.5000,-35.014,-218.634,1.00000,90.000,-nan,-nan,-nan,0
6,2.60,2.180,0.5000,-34.971,-218.045,1.00000,90.000,-nan,-nan,-nan,0
6,2.60,2.190,0.5000,-34.928,-217.459,1.00000,90.000,-nan,-nan,-nan,0
6,2.60,2.200,0.5000,-34.885,-216.876,1.00000,90.000,-nan,-nan,-nan,0
6,2.60,2.210,0.5000,-34.842,-216.296,1.00000,90.000,-nan,-nan,-nan,0
6,2.60,2.220,0.5000,-34.800,-215.719,1.00000,90.000,-nan,-nan,-nan,0
6,2.60,2.230,0.5000,-34.758,-215.144,1.00000,90.000,-nan,-nan,-nan,0
6,2.60,2.240,0.5000,-34.716,-214.573,1.00000,90.000,-nan,-nan,-nan,0
6,2.60,2.250,0.5000,-34.674,-214.004,1.00000,90.000,-nan,-nan,-nan,0
6,2.60,2.260,0.5000,-34.632,-213.438,1.00000,90.000,-nan,-nan,-nan,0
6,2.60,2.270,0.5000,-34.591,-212.875,1.00000,90.000,-nan,-nan,-nan,0
6,2.60,2.280,0.5000,-34.550,-212.315,1.00000,90.000,-nan,-nan,-nan,0
6,2.60,2.290,0.5000,-34.509,-211.758,1.00000,90.000,-nan,-nan,-nan,0
6,2.60,2.300,0.5000,-34.468,-211.203,1.00000,90.000,-nan,-nan,-nan,0
6,2.60,2.310,0.5000,-34.428,-210.651,1.00000,90.000,-nan,-nan,-nan,0
6,2.60,2.320,0.5000,-34.387,-210.102,1.00000,90.000,-nan,-nan,-nan,0
6,2.60,2.330,0.5000,-34.347,-209.556,1.00000,90.000,-nan,-nan,-nan,0
6,2.60,2.340,0.5000,-34.307,-209.012,1.00000,90.000,-nan,-nan,-nan,0
6,2.60,2.350,0.5000,-34.268,-208.471,1.00000,90.000,-nan,-nan,-nan,0
6,2.60,2.360,0.5000,-34.228,-207.933,1.00000,90.000,-nan,-nan,-nan,0
6,2.60,2.370,0.5000,-34.189,-207.397,1.00000,90.000,-nan,-nan,-nan,0
6,2.60,2.380,0.5000,-34.150,-206.864,1.00000,90.000,-nan,-nan,-nan,0
6,2.60,2.390,0.5000,-34.111,-206.334,1.00000,90.000,-nan,-nan,-nan,0
6,2.60,2.400,0.5000,-34.072,-205.806,1.00000,90.000,-nan,-nan,-nan,0
6,2.60,2.410,0.5000,-34.034,-205.282,1.00000,90.000,-nan,-nan,-nan,0
6,2.60,2.420,0.5000,-33.995,-204.759,1.00000,90.000,-nan,-nan,-nan,0
6,2.60,2.430,0.5000,-33.957,-204.239,1.00000,90.000,-nan,-nan,-nan,0
6,2.60,2.440,0.5000,-33.919,-203.722,1.00000,90.000,-nan,-nan,-nan,0
6,2.60,2.450,0.5000,-33.881,-203.208,1.00000,90.000,-nan,-nan,-nan,0
6,2.60,2.460,0.5000,-33.844,-202.696,1.00000,90.000,-nan,-nan,-nan,0
6,2.60,2.470,0.5000,-33.806,-202.186,1.00000,90.000,-nan,-nan,-nan,0
6,2.60,2.480,0.5000,-33.769,-201.679,1.00000,90.000,-nan,-nan,-nan,0
6,2.60,2.490,0.5000,-33.732,-201.175,1.00000,90.000,-nan,-nan,-nan,0
6,2.60,2.500,0.5000,-33.695,-200.673,1.00000,90.000,-nan,-nan,-nan,0
6,2.60,2.510,0.5000,-33.659,-200.174,1.00000,90.000,-nan,-nan,-nan,0
6,2.60,2.520,0.5000,-33.622,-199.677,1.00000,90.000,-nan,-nan,-nan,0
6,2.60,2.530,0.5000,-33.586,-199.183,1.00000,90.000,-nan,-nan,-nan,0
6,2.60,2.540,0.5000,-33.550,-198.691,1.00000,90.000,-nan,-nan,-nan,0
6,2.60,2.550,0.5000,-33.514,-198.201,1.00000,90.000,-nan,-nan,-nan,0
6,2.60,2.560,0.5000,-33.478,-197.714,1.00000,90.000,-nan,-nan,-nan,0
6,2.60,2.570,0.5000,-33.442,-197.230,1.00000,90.000,-nan,-nan,-nan,0
6,2.60,2.580,0.5000,-33.407,-196.747,1.00000,90.000,-nan,-nan,-nan,0
6,2.60,2.590,0.5000,-33.372,-196.268,1.00000,90.000,-nan,-nan,-nan,0
6,2.60,2.600,0.5000,-33.337,-195.790,1.00000,90.000,-nan,-nan,-nan,0
6,2.60,2.610,0.5000,-33.302,-195.315,1.00000,90.000,-nan,-nan,-nan,0
6,2.60,2.620,0.5000,-33.267,-194.843,1.00000,90.000,-nan,-nan,-nan,0
6,2.60,2.630,0.5000,-33.233,-194.372,1.00000,90.000,-nan,-nan,-nan,0
6,2.60,2.640,0.5000,-33.198,-193.904,1.00000,90.000,-nan,-nan,-nan,0
6,2.60,2.650,0.5000,-33.164,-193.439,1.00000,90.000,-nan,-nan,-nan,0
6,2.60,2.660,0.5000,-33.130,-192.976,1.00000,90.000,-nan,-nan,-nan,0
6,2.60,2.670,0.5000,-33.096,-192.515,1.00000,90.000,-nan,-nan,-nan,0
6,2.60,2.680,0.5000,-33.063,-192.056,1.00000,90.000,-nan,-nan,-nan,0
6,2.60,2.690,0.5000,-33.029,-191.600,1.00000,90.000,-nan,-nan,-nan,0
6,2.60,2.700,0.5000,-32.996,-191.146,1.00000,90.000,-nan,-nan,-nan,0
6,2.60,2.710,0.5000,-32.963,-190.694,1.00000,90.000,-nan,-nan,-nan,0
6,2.60,2.720,0.5000,-32.930,-190.244,1.00000,90.000,-nan,-nan,-nan,0
6,2.60,2.730,0.5000,-32.897,-189.797,1.00000,90.000,-nan,-nan,-nan,0
6,2.60,2.740,0.5000,-32.864,-189.352,1.00000,90.000,-nan,-nan,-nan,0
6,2.60,2.750,0.5000,-32.832,-188.909,1.00000,90.000,-nan,-nan,-nan,0
6,2.60,2.760,0.5000,-32.799,-188.468,1.00000,90.000,-nan,-nan,-nan,0
6,2.60,2.770,0.5000,-32.767,-188.030,1.00000,90.000,-nan,-nan,-nan,0
6,2.60,2.780,0.5000,-32.735,-187.593,1.00000,90.000,-nan,-nan,-nan,0
6,2.60,2.790,0.5000,-32.703,-187.159,1.00000,90.000,-nan,-nan,-nan,0
6,2.60,2.800,0.5000,-32.671,-186.727,1.00000,90.000,-nan,-nan,-nan,0
6,2.60,2.810,0.5000,-32.640,-186.298,1.00000,90.000,-nan,-nan,-nan,0
6,2.60,2.820,0.5000,-32.608,-185.870,1.00000,90.000,-nan,-nan,-nan,0
6,2.60,2.830,0.5000,-32.577,-185.444,1.00000,90.000,-nan,-nan,-nan,0
6,2.60,2.840,0.5000,-32.546,-185.021,1.00000,90.000,-nan,-nan,-nan,0
6,2.60,2.850,0.5000,-32.515,-184.600,1.00000,90.000,-nan,-nan,-nan,0
6,2.60,2.860,0.5000,-32.484,-184.180,1.00000,90.000,-nan,-nan,-nan,0
6,2.60,2.870,0.5000,-32.454,-183.763,1.00000,90.000,-nan,-nan,-nan,0
6,2.60,2.880,0.5000,-32.423,-183.348,1.00000,90.000,-nan,-nan,-nan,0
6,2.60,2.890,0.5000,-32.393,-182.935,1.00000,90.000,-nan,-nan,-nan,0
6,2.60,2.900,0.5000,-32.363,-182.525,1.00000,90.000,-nan,-nan,-nan,0
6,2.60,2.910,0.5000,-32.333,-182.116,1.00000,90.000,-nan,-nan,-nan,0
6,2.60,2.920,0.5000,-32.303,-181.709,1.00000,90.000,-nan,-nan,-nan,0
6,2.60,2.930,0.5000,-32.273,-181.304,1.00000,90.000,-nan,-nan,-nan,0
6,2.60,2.940,0.5000,-32.244,-180.901,1.00000,90.000,-nan,-nan,-nan,0
6,2.60,2.950,0.5000,-32.214,-180.501,1.00000,90.000,-nan,-nan,-nan,0
6,2.60,2.960,0.5000,-32.185,-180.102,1.00000,90.000,-nan,-nan,-nan,0
6,2.60,2.970,0.5000,-32.156,-179.705,1.00000,90.000,-nan,-nan,-nan,0
6,2.60,2.980,0.5000,-32.127,-179.310,1.00000,90.000,-nan,-nan,-nan,0
6,2.60,2.990,0.5000,-32.098,-178.918,1.00000,90.000,-nan,-nan,-nan,0
6,2.60,3.000,0.5000,-32.069,-178.527,1.00000,90.000,-nan,-nan,-nan,0
6,2.60,3.010,0.5000,-32.041,-178.138,1.00000,90.000,-nan,-nan,-nan,0
6,2.60,3.020,0.5000,-32.012,-177.751,1.00000,90.000,-nan,-nan,-nan,0
6,2.60,3.030,0.5000,-31.984,-177.366,1.00000,90.000,-nan,-nan,-nan,0
6,2.60,3.040,0.5000,-31.956,-176.983,1.00000,90.000,-nan,-nan,-nan,0
6,2.60,3.050,0.5000,-31.928,-176.602,1.00000,90.000,-nan,-nan,-nan,0
6,2.60,3.060,0.5000,-31.900,-176.222,1.00000,90.000,-nan,-nan,-nan,0
6,2.60,3.070,0.5000,-31.873,-175.845,1.00000,90.000,-nan,-nan,-nan,0
6,2.60,3.080,0.5000,-31.845,-175.469,1.00000,90.000,-nan,-nan,-nan,0
6,2.60,3.090,0.5000,-31.818,-175.096,1.00000,90.000,-nan,-nan,-nan,0
6,2.60,3.100,0.5000,-31.790,-174.724,1.00000,90.000,-nan,-nan,-nan,0
6,2.60,3.110,0.5000,-31.763,-174.354,1.00000,90.000,-nan,-nan,-nan,0
6,2.60,3.120,0.5000,-31.736,-173.986,1.00000,90.000,-nan,-nan,-nan,0
6,2.60,3.130,0.5000,-31.709,-173.620,1.00000,90.000,-nan,-nan,-nan,0
6,2.60,3.140,0.5000,-31.682,-173.255,1.00000,90.000,-nan,-nan,-nan,0
6,2.60,3.150,0.5000,-31.656,-172.893,1.00000,90.000,-nan,-nan,-nan,0
6,2.60,3.160,0.5000,-31.629,-172.532,1.00000,90.000,-nan,-nan,-nan,0
6,2.60,3.170,0.5000,-31.603,-172.173,1.00000,90.000,-nan,-nan,-nan,0
6,2.60,3.180,0.5000,-31.577,-171.816,1.00000,90.000,-nan,-nan,-nan,0
6,2.60,3.190,0.5000,-31.551,-171.460,1.00000,90.000,-nan,-nan,-nan,0
6,2.60,3.200,0.5000,-31.525,-171.107,1.00000,90.000,-nan,-nan,-nan,0
6,2.60,3.210,0.5000,-31.499,-170.755,1.00000,90.000,-nan,-nan,-nan,0
6,2.60,3.220,0.5000,-31.473,-170.405,1.00000,90.000,-nan,-nan,-nan,0
6,2.60,3.230,0.5000,-31.448,-170.056,1.00000,90.000,-nan,-nan,-nan,0
6,2.60,3.240,0.5000,-31.422,-169.710,1.00000,90.000,-nan,-nan,-nan,0
6,2.60,3.250,0.5000,-31.397,-169.365,1.00000,90.000,-nan,-nan,-nan,0
6,2.60,3.260,0.5000,-31.372,-169.021,1.00000,90.000,-nan,-nan,-nan,0
6,2.60,3.270,0.5000,-31.347,-168.680,1.00000,90.000,-nan,-nan,-nan,0
6,2.60,3.280,0.5000,-31.322,-168.340,1.00000,90.000,-nan,-nan,-nan,0
6,2.60,3.290,0.5000,-31.297,-168.002,1.00000,90.000,-nan,-nan,-nan,0
6,2.60,3.300,0.5000,-31.272,-167.666,1.00000,90.000,-nan,-nan,-nan,0
6,2.60,3.310,0.5000,-31.247,-167.331,1.00000,90.000,-nan,-nan,-nan,0
6,2.60,3.320,0.5000,-31.223,-166.998,1.00000,90.000,-nan,-nan,-nan,0
6,2.60,3.330,0.5000,-31.199,-166.666,1.00000,90.000,-nan,-nan,-nan,0
6,2.60,3.340,0.5000,-31.174,-166.337,1.00000,90.000,-nan,-nan,-nan,0
6,2.60,3.350,0.5000,-31.150,-166.009,1.00000,90.000,-nan,-nan,-nan,0
6,2.60,3.360,0.5000,-31.126,-165.682,1.00000,90.000,-nan,-nan,-nan,0
6,2.60,3.370,0.5000,-31.103,-165.357,1.00000,90.000,-nan,-nan,-nan,0
6,2.60,3.380,0.5000,-31.079,-165.034,1.00000,90.000,-nan,-nan,-nan,0
6,2.60,3.390,0.5000,-31.055,-164.713,1.00000,90.000,-nan,-nan,-nan,0
6,2.60,3.400,0.5000,-31.032,-164.393,1.00000,90.000,-nan,-nan,-nan,0
6,2.60,3.410,0.5000,-31.008,-164.074,1.00000,90.000,-nan,-nan,-nan,0
6,2.60,3.420,0.5000,-30.985,-163.757,1.00000,90.000,-nan,-nan,-nan,0
6,2.60,3.430,0.5000,-30.962,-163.442,1.00000,90.000,-nan,-nan,-nan,0
6,2.60,3.440,0.5000,-30.939,-163.128,1.00000,90.000,-nan,-nan,-nan,0
6,2.60,3.450,0.5000,-30.916,-162.816,1.00000,90.000,-nan,-nan,-nan,0
6,2.60,3.460,0.5000,-30.893,-162.506,1.00000,90.000,-nan,-nan,-nan,0
6,2.60,3.470,0.5000,-30.871,-162.197,1.00000,90.000,-nan,-nan,-nan,0
6,2.60,3.480,0.5000,-30.848,-161.889,1.00000,90.000,-nan,-nan,-nan,0
6,2.60,3.490,0.5000,-30.826,-161.583,1.00000,90.000,-nan,-nan,-nan,0
6,2.60,3.500,0.5000,-30.803,-161.279,1.00000,90.000,-nan,-nan,-nan,0
6,2.60,3.510,0.5000,-30.781,-160.976,1.00000,90.000,-nan,-nan,-nan,0
6,2.60,3.520,0.5000,-30.759,-160.675,1.00000,90.000,-nan,-nan,-nan,0
6,2.60,3.530,0.5000,-30.737,-160.375,1.00000,90.000,-nan,-nan,-nan,0
6,2.60,3.540,0.5000,-30.715,-160.077,1.00000,90.000,-nan,-nan,-nan,0
6,2.60,3.550,0.5000,-30.693,-159.780,1.00000,90.000,-nan,-nan,-nan,0
6,2.60,3.560,0.5000,-30.671,-159.484,1.00000,90.000,-nan,-nan,-nan,0
6,2.60,3.570,0.5000,-30.650,-159.190,1.00000,90.000,-nan,-nan,-nan,0
6,2.60,3.580,0.5000,-30.628,-158.898,1.00000,90.000,-nan,-nan,-nan,0
6,2.60,3.590,0.5000,-30.607,-158.607,1.00000,90.000,-nan,-nan,-nan,0
6,2.60,3.600,0.5000,-30.586,-158.317,1.00000,90.000,-nan,-nan,-nan,0
6,2.60,3.610,0.5000,-30.565,-158.029,1.00000,90.000,-nan,-nan,-nan,0
6,2.60,3.620,0.5000,-30.544,-157.743,1.00000,90.000,-nan,-nan,-nan,0
6,2.60,3.630,0.5000,-30.523,-157.457,1.00000,90.000,-nan,-nan,-nan,0
6,2.60,3.640,0.5000,-30.502,-157.174,1.00000,90.000,-nan,-nan,-nan,0
6,2.60,3.650,0.5000,-30.481,-156.891,1.00000,90.000,-nan,-nan,-nan,0
6,2.60,3.660,0.5000,-30.460,-156.610,1.00000,90.000,-nan,-nan,-nan,0
6,2.60,3.670,0.5000,-30.440,-156.331,1.00000,90.000,-nan,-nan,-nan,0
6,2.60,3.680,0.5000,-30.419,-156.052,1.00000,90.000,-nan,-nan,-nan,0
6,2.60,3.690,0.5000,-30.399,-155.776,1.00000,90.000,-nan,-nan,-nan,0
6,2.60,3.700,0.5000,-30.379,-155.500,1.00000,90.000,-nan,-nan,-nan,0
6,2.60,3.710,0.5000,-30.359,-155.226,1.00000,90.000,-nan,-nan,-nan,0
6,2.60,3.720,0.5000,-30.339,-154.954,1.00000,90.000,-nan,-nan,-nan,0
6,2.60,3.730,0.5000,-30.319,-154.682,1.00000,90.000,-nan,-nan,-nan,0
6,2.60,3.740,0.5000,-30.299,-154.412,1.00000,90.000,-nan,-nan,-nan,0
6,2.60,3.750,0.5000,-30.279,-154.144,1.00000,90.000,-nan,-nan,-nan,0
6,2.60,3.760,0.5000,-30.260,-153.876,1.00000,90.000,-nan,-nan,-nan,0
6,2.60,3.770,0.5000,-30.240,-153.610,1.00000,90.000,-nan,-nan,-nan,0
6,2.60,3.780,0.5000,-30.221,-153.346,1.00000,90.000,-nan,-nan,-nan,0
6,2.60,3.790,0.5000,-30.201,-153.082,1.00000,90.000,-nan,-nan,-nan,0
6,2.60,3.800,0.5000,-30.182,-152.820,1.00000,90.000,-nan,-nan,-nan,0
6,2.60,3.810,0.5000,-30.163,-152.560,1.00000,90.000,-nan,-nan,-nan,0
6,2.60,3.820,0.5000,-30.144,-152.300,1.00000,90.000,-nan,-nan,-nan,0
6,2.60,3.830,0.5000,-30.125,-152.042,1.00000,90.000,-nan,-nan,-nan,0
6,2.60,3.840,0.5000,-30.106,-151.785,1.00000,90.000,-nan,-nan,-nan,0
6,2.60,3.850,0.5000,-30.087,-151.530,1.00000,90.000,-nan,-nan,-nan,0
6,2.60,3.860,0.5000,-30.069,-151.276,1.00000,90.000,-nan,-nan,-nan,0
6,2.60,3.870,0.5000,-30.050,-151.023,1.00000,90.000,-nan,-nan,-nan,0
6,2.60,3.880,0.5000,-30.032,-150.771,1.00000,90.000,-nan,-nan,-nan,0
6,2.60,3.890,0.5000,-30.013,-150.521,1.00000,90.000,-nan,-nan,-nan,0
6,2.60,3.900,0.5000,-29.995,-150.271,1.00000,90.000,-nan,-nan,-nan,0
6,2.60,3.910,0.5000,-29.977,-150.023,1.00000,90.000,-nan,-nan,-nan,0
6,2.60,3.920,0.5000,-29.959,-149.777,1.00000,90.000,-nan,-nan,-nan,0
6,2.60,3.930,0.5000,-29.941,-149.531,1.00000,90.000,-nan,-nan,-nan,0
6,2.60,3.940,0.5000,-29.923,-149.287,1.00000,90.000,-nan,-nan,-nan,0
6,2.60,3.950,0.5000,-29.905,-149.044,1.00000,90.000,-nan,-nan,-nan,0
6,2.60,3.960,0.5000,-29.887,-148.802,1.00000,90.000,-nan,-nan,-nan,0
6,2.60,3.970,0.5000,-29.869,-148.561,1.00000,90.000,-nan,-nan,-nan,0
6,2.60,3.980,0.5000,-29.852,-148.322,1.00000,90.000,-nan,-nan,-nan,0
6,2.60,3.990,0.5000,-29.834,-148.084,1.00000,90.000,-nan,-nan,-nan,0
6,2.60,4.000,0.5000,-29.817,-147.847,1.00000,90.000,-nan,-nan,-nan,0
6,2.60,4.010,0.5000,-29.800,-147.611,1.00000,90.000,-nan,-nan,-nan,0
6,2.60,4.020,0.5000,-29.782,-147.376,1.00000,90.000,-nan,-nan,-nan,0
6,2.60,4.030,0.5000,-29.765,-147.142,1.00000,90.000,-nan,-nan,-nan,0
6,2.60,4.040,0.5000,-29.748,-146.910,1.00000,90.000,-nan,-nan,-nan,0
6,2.60,4.050,0.5000,-29.731,-146.679,1.00000,90.000,-nan,-nan,-nan,0
6,2.60,4.060,0.5000,-29.714,-146.449,1.00000,90.000,-nan,-nan,-nan,0
6,2.60,4.070,0.5000,-29.698,-146.220,1.00000,90.000,-nan,-nan,-nan,0
6,2.60,4.080,0.5000,-29.681,-145.992,1.00000,90.000,-nan,-nan,-nan,0
6,2.60,4.090,0.5000,-29.664,-145.766,1.00000,90.000,-nan,-nan,-nan,0
6,2.60,4.100,0.5000,-29.648,-145.540,1.00000,90.000,-nan,-nan,-nan,0
6,2.60,4.110,0.5000,-29.631,-145.316,1.00000,90.000,-nan,-nan,-nan,0
6,2.60,4.120,0.5000,-29.615,-145.092,1.00000,90.000,-nan,-nan,-nan,0
6,2.60,4.130,0.5000,-29.599,-144.870,1.00000,90.000,-nan,-nan,-nan,0
6,2.60,4.140,0.5000,-29.582,-144.649,1.00000,90.000,-nan,-nan,-nan,0
6,2.60,4.150,0.5000,-29.566,-144.429,1.00000,90.000,-nan,-nan,-nan,0
6,2.60,4.160,0.5000,-29.550,-144.210,1.00000,90.000,-nan,-nan,-nan,0
6,2.60,4.170,0.5000,-29.534,-143.993,1.00000,90.000,-nan,-nan,-nan,0
6,2.60,4.180,0.5000,-29.518,-143.776,1.00000,90.000,-nan,-nan,-nan,0
6,2.60,4.190,0.5000,-29.502,-143.561,1.00000,90.000,-nan,-nan,-nan,0
6,2.60,4.200,0.5000,-29.487,-143.346,1.00000,90.000,-nan,-nan,-nan,0
6,2.60,4.210,0.5000,-29.471,-143.133,1.00000,90.000,-nan,-nan,-nan,0
6,2.60,4.220,0.5000,-29.455,-142.920,1.00000,90.000,-nan,-nan,-nan,0
6,2.60,4.230,0.5000,-29.440,-142.709,1.00000,90.000,-nan,-nan,-nan,0
6,2.60,4.240,0.5000,-29.424,-142.499,1.00000,90.000,-nan,-nan,-nan,0
6,2.60,4.250,0.5000,-29.409,-142.289,1.00000,90.000,-nan,-nan,-nan,0
6,2.60,4.260,0.5000,-29.394,-142.081,1.00000,90.000,-nan,-nan,-nan,0
6,2.60,4.270,0.5000,-29.379,-141.874,1.00000,90.000,-nan,-nan,-nan,0
6,2.60,4.280,0.5000,-29.363,-141.668,1.00000,90.000,-nan,-nan,-nan,0
6,2.60,4.290,0.5000,-29.348,-141.463,1.00000,90.000,-nan,-nan,-nan,0
6,2.60,4.300,0.5000,-29.333,-141.259,1.00000,90.000,-nan,-nan,-nan,0
6,2.60,4.310,0.5000,-29.318,-141.056,1.00000,90.000,-nan,-nan,-nan,0
6,2.60,4.320,0.5000,-29.304,-140.854,1.00000,90.000,-nan,-nan,-nan,0
6,2.60,4.330,0.5000,-29.289,-140.653,1.00000,90.000,-nan,-nan,-nan,0
6,2.60,4.340,0.5000,-29.274,-140.453,1.00000,90.000,-nan,-nan,-nan,0
6,2.60,4.350,0.5000,-29.260,-140.254,1.00000,90.000,-nan,-nan,-nan,0
6,2.60,4.360,0.5000,-29.245,-140.056,1.00000,90.000,-nan,-nan,-nan,0
6,2.60,4.370,0.5000,-29.231,-139.859,1.00000,90.000,-nan,-nan,-nan,0
6,2.60,4.380,0.5000,-29.216,-139.663,1.00000,90.000,-nan,-nan,-nan,0
6,2.60,4.390,0.5000,-29.202,-139.468,1.00000,90.000,-nan,-nan,-nan,0
6,2.60,4.400,0.5000,-29.188,-139.274,1.00000,90.000,-nan,-nan,-nan,0
6,2.60,4.410,0.5000,-29.173,-139.081,1.00000,90.000,-nan,-nan,-nan,0
6,2.60,4.420,0.5000,-29.159,-138.888,1.00000,90.000,-nan,-nan,-nan,0
6,2.60,4.430,0.5000,-29.145,-138.697,1.00000,90.000,-nan,-nan,-nan,0
6,2.60,4.440,0.5000,-29.131,-138.507,1.00000,90.000,-nan,-nan,-nan,0
6,2.60,4.450,0.5000,-29.117,-138.318,1.00000,90.000,-nan,-nan,-nan,0
6,2.60,4.460,0.5000,-29.104,-138.129,1.00000,90.000,-nan,-nan,-nan,0
6,2.60,4.470,0.5000,-29.090,-137.942,1.00000,90.000,-nan,-nan,-nan,0
6,2.60,4.480,0.5000,-29.076,-137.755,1.00000,90.000,-nan,-nan,-nan,0
6,2.60,4.490,0.5000,-29.063,-137.570,1.00000,90.000,-nan,-nan,-nan,0
6,2.60,4.500,0.5000,-29.049,-137.385,1.00000,90.000,-nan,-nan,-nan,0
6,2.60,4.510,0.5000,-29.036,-137.202,1.00000,90.000,-nan,-nan,-nan,0
6,2.60,4.520,0.5000,-29.022,-137.019,1.00000,90.000,-nan,-nan,-nan,0
6,2.60,4.530,0.5000,-29.009,-136.837,1.00000,90.000,-nan,-nan,-nan,0
6,2.60,4.540,0.5000,-28.995,-136.656,1.00000,90.000,-nan,-nan,-nan,0
6,2.60,4.550,0.5000,-28.982,-136.476,1.00000,90.000,-nan,-nan,-nan,0
6,2.60,4.560,0.5000,-28.969,-136.297,1.00000,90.000,-nan,-nan,-nan,0
6,2.60,4.570,0.5000,-28.956,-136.118,1.00000,90.000,-nan,-nan,-nan,0
6,2.60,4.580,0.5000,-28.943,-135.941,1.00000,90.000,-nan,-nan,-nan,0
6,2.60,4.590,0.5000,-28.930,-135.765,1.00000,90.000,-nan,-nan,-nan,0
6,2.60,4.600,0.5000,-28.917,-135.589,1.00000,90.000,-nan,-nan,-nan,0
6,2.60,4.610,0.5000,-28.904,-135.414,1.00000,90.000,-nan,-nan,-nan,0
6,2.60,4.620,0.5000,-28.892,-135.240,1.00000,90.000,-nan,-nan,-nan,0
6,2.60,4.630,0.5000,-28.879,-135.067,1.00000,90.000,-nan,-nan,-nan,0
6,2.60,4.640,0.5000,-28.866,-134.895,1.00000,90.000,-nan,-nan,-nan,0
6,2.60,4.650,0.5000,-28.854,-134.724,1.00000,90.000,-nan,-nan,-nan,0
6,2.60,4.660,0.5000,-28.841,-134.554,1.00000,90.000,-nan,-nan,-nan,0
6,2.60,4.670,0.5000,-28.829,-134.384,1.00000,90.000,-nan,-nan,-nan,0
6,2.60,4.680,0.5000,-28.816,-134.215,1.00000,90.000,-nan,-nan,-nan,0
6,2.60,4.690,0.5000,-28.804,-134.047,1.00000,90.000,-nan,-nan,-nan,0
6,2.60,4.700,0.5000,-28.792,-133.880,1.00000,90.000,-nan,-nan,-nan,0
6,2.60,4.710,0.5000,-28.779,-133.714,1.00000,90.000,-nan,-nan,-nan,0
6,2.60,4.720,0.5000,-28.767,-133.549,1.00000,90.000,-nan,-nan,-nan,0
6,2.60,4.730,0.5000,-28.755,-133.384,1.00000,90.000,-nan,-nan,-nan,0
6,2.60,4.740,0.5000,-28.743,-133.220,1.00000,90.000,-nan,-nan,-nan,0
6,2.60,4.750,0.5000,-28.731,-133.057,1.00000,90.000,-nan,-nan,-nan,0
6,2.60,4.760,0.5000,-28.719,-132.895,1.00000,90.000,-nan,-nan,-nan,0
6,2.60,4.770,0.5000,-28.708,-132.734,1.00000,90.000,-nan,-nan,-nan,0
6,2.60,4.780,0.5000,-28.696,-132.574,1.00000,90.000,-nan,-nan,-nan,0
6,2.60,4.790,0.5000,-28.684,-132.414,1.00000,90.000,-nan,-nan,-nan,0
6,2.60,4.800,0.5000,-28.672,-132.255,1.00000,90.000,-nan,-nan,-nan,0
6,2.60,4.810,0.5000,-28.661,-132.097,1.00000,90.000,-nan,-nan,-nan,0
6,2.60,4.820,0.5000,-28.649,-131.939,1.00000,90.000,-nan,-nan,-nan,0
6,2.60,4.830,0.5000,-28.638,-131.783,1.00000,90.000,-nan,-nan,-nan,0
6,2.60,4.840,0.5000,-28.626,-131.627,1.00000,90.000,-nan,-nan,-nan,0
6,2.60,4.850,0.5000,-28.615,-131.472,1.00000,90.000,-nan,-nan,-nan,0
6,2.60,4.860,0.5000,-28.604,-131.318,1.00000,90.000,-nan,-nan,-nan,0
6,2.60,4.870,0.5000,-28.592,-131.165,1.00000,90.000,-nan,-nan,-nan,0
6,2.60,4.880,0.5000,-28.581,-131.012,1.00000,90.000,-nan,-nan,-nan,0
6,2.60,4.890,0.5000,-28.570,-130.860,1.00000,90.000,-nan,-nan,-nan,0
6,2.60,4.900,0.5000,-28.559,-130.709,1.00000,90.000,-nan,-nan,-nan,0
6,2.60,4.910,0.5000,-28.548,-130.558,1.00000,90.000,-nan,-nan,-nan,0
6,2.60,4.920,0.5000,-28.537,-130.409,1.00000,90.000,-nan,-nan,-nan,0
6,2.60,4.930,0.5000,-28.526,-130.260,1.00000,90.000,-nan,-nan,-nan,0
6,2.60,4.940,0.5000,-28.515,-130.112,1.00000,90.000,-nan,-nan,-nan,0
6,2.60,4.950,0.5000,-28.504,-129.964,1.00000,90.000,-nan,-nan,-nan,0
6,2.60,4.960,0.5000,-28.493,-129.818,1.00000,90.000,-nan,-nan,-nan,0
6,2.60,4.970,0.5000,-28.483,-129.672,1.00000,90.000,-nan,-nan,-nan,0
6,2.60,4.980,0.5000,-28.472,-129.526,1.00000,90.000,-nan,-nan,-nan,0
6,2.60,4.990,0.5000,-28.461,-129.382,1.00000,90.000,-nan,-nan,-nan,0
6,2.60,5.000,0.5000,-28.451,-129.238,1.00000,90.000,-nan,-nan,-nan,0
6,2.60,5.010,0.5000,-28.440,-129.095,1.00000,90.000,-nan,-nan,-nan,0
6,2.60,5.020,0.5000,-28.430,-128.953,1.00000,90.000,-nan,-nan,-nan,0
6,2.60,5.030,0.5000,-28.420,-128.811,1.00000,90.000,-nan,-nan,-nan,0
6,2.60,5.040,0.5000,-28.409,-128.670,1.00000,90.000,-nan,-nan,-nan,0
6,2.60,5.050,0.5000,-28.399,-128.530,1.00000,90.000,-nan,-nan,-nan,0
6,2.60,5.060,0.5000,-28.389,-128.390,1.00000,90.000,-nan,-nan,-nan,0
6,2.60,5.070,0.5000,-28.378,-128.251,1.00000,90.000,-nan,-nan,-nan,0
6,2.60,5.080,0.5000,-28.368,-128.113,1.00000,90.000,-nan,-nan,-nan,0
6,2.60,5.090,0.5000,-28.358,-127.976,1.00000,90.000,-nan,-nan,-nan,0
6,2.60,5.100,0.5000,-28.348,-127.839,1.00000,90.000,-nan,-nan,-nan,0
6,2.60,5.110,0.5000,-28.338,-127.703,1.00000,90.000,-nan,-nan,-nan,0
6,2.60,5.120,0.5000,-28.328,-127.568,1.00000,90.000,-nan,-nan,-nan,0
6,2.60,5.130,0.5000,-28.318,-127.433,1.00000,90.000,-nan,-nan,-nan,0
6,2.60,5.140,0.5000,-28.309,-127.299,1.00000,90.000,-nan,-nan,-nan,0
6,2.60,5.150,0.5000,-28.299,-127.165,1.00000,90.000,-nan,-nan,-nan,0
6,2.60,5.160,0.5000,-28.289,-127.033,1.00000,90.000,-nan,-nan,-nan,0
6,2.60,5.170,0.5000,-28.279,-126.901,1.00000,90.000,-nan,-nan,-nan,0
6,2.60,5.180,0.5000,-28.270,-126.769,1.00000,90.000,-nan,-nan,-nan,0
6,2.60,5.190,0.5000,-28.260,-126.638,1.00000,90.000,-nan,-nan,-nan,0
6,2.60,5.200,0.5000,-28.250,-126.508,1.00000,90.000,-nan,-nan,-nan,0
6,2.60,5.210,0.5000,-28.241,-126.379,1.00000,90.000,-nan,-nan,-nan,0
6,2.60,5.220,0.5000,-28.232,-126.250,1.00000,90.000,-nan,-nan,-nan,0
6,2.60,5.230,0.5000,-28.222,-126.122,1.00000,90.000,-nan,-nan,-nan,0
6,2.60,5.240,0.5000,-28.213,-125.994,1.00000,90.000,-nan,-nan,-nan,0
6,2.60,5.250,0.5000,-28.203,-125.868,1.00000,90.000,-nan,-nan,-nan,0
6,2.60,5.260,0.5000,-28.194,-125.741,1.00000,90.000,-nan,-nan,-nan,0
6,2.60,5.270,0.5000,-28.185,-125.616,1.00000,90.000,-nan,-nan,-nan,0
6,2.60,5.280,0.5000,-28.176,-125.491,1.00000,90.000,-nan,-nan,-nan,0
6,2.60,5.290,0.5000,-28.167,-125.366,1.00000,90.000,-nan,-nan,-nan,0
6,2.60,5.300,0.5000,-28.158,-125.243,1.00000,90.000,-nan,-nan,-nan,0
6,2.60,5.310,0.5000,-28.149,-125.119,1.00000,90.000,-nan,-nan,-nan,0
6,2.60,5.320,0.5000,-28.140,-124.997,1.00000,90.000,-nan,-nan,-nan,0
6,2.60,5.330,0.5000,-28.131,-124.875,1.00000,90.000,-nan,-nan,-nan,0
6,2.60,5.340,0.5000,-28.122,-124.754,1.00000,90.000,-nan,-nan,-nan,0
6,2.60,5.350,0.5000,-28.113,-124.633,1.00000,90.000,-nan,-nan,-nan,0
6,2.60,5.360,0.5000,-28.104,-124.513,1.00000,90.000,-nan,-nan,-nan,0
6,2.60,5.370,0.5000,-28.095,-124.393,1.00000,90.000,-nan,-nan,-nan,0
6,2.60,5.380,0.5000,-28.086,-124.274,1.00000,90.000,-nan,-nan,-nan,0
6,2.60,5.390,0.5000,-28.078,-124.156,1.00000,90.000,-nan,-nan,-nan,0
6,2.60,5.400,0.5000,-28.069,-124.038,1.00000,90.000,-nan,-nan,-nan,0
6,2.60,5.410,0.5000,-28.061,-123.921,1.00000,90.000,-nan,-nan,-nan,0
6,2.60,5.420,0.5000,-28.052,-123.805,1.00000,90.000,-nan,-nan,-nan,0
6,2.60,5.430,0.5000,-28.043,-123.689,1.00000,90.000,-nan,-nan,-nan,0
6,2.60,5.440,0.5000,-28.035,-123.573,1.00000,90.000,-nan,-nan,-nan,0
6,2.60,5.450,0.5000,-28.027,-123.459,1.00000,90.000,-nan,-nan,-nan,0
6,2.60,5.460,0.5000,-28.018,-123.344,1.00000,90.000,-nan,-nan,-nan,0
6,2.60,5.470,0.5000,-28.010,-123.231,1.00000,90.000,-nan,-nan,-nan,0
6,2.60,5.480,0.5000,-28.002,-123.118,1.00000,90.000,-nan,-nan,-nan,0
6,2.60,5.490,0.5000,-27.993,-123.005,1.00000,90.000,-nan,-nan,-nan,0
6,2.60,5.500,0.5000,-27.985,-122.893,1.00000,90.000,-nan,-nan,-nan,0
6,2.60,5.510,0.5000,-27.977,-122.782,1.00000,90.000,-nan,-nan,-nan,0
6,2.60,5.520,0.5000,-27.969,-122.671,1.00000,90.000,-nan,-nan,-nan,0
6,2.60,5.530,0.5000,-27.961,-122.560,1.00000,90.000,-nan,-nan,-nan,0
6,2.60,5.540,0.5000,-27.953,-122.451,1.00000,90.000,-nan,-nan,-nan,0
6,2.60,5.550,0.5000,-27.945,-122.341,1.00000,90.000,-nan,-nan,-nan,0
6,2.60,5.560,0.5000,-27.937,-122.233,1.00000,90.000,-nan,-nan,-nan,0
6,2.60,5.570,0.5000,-27.929,-122.125,1.00000,90.000,-nan,-nan,-nan,0
6,2.60,5.580,0.5000,-27.921,-122.017,1.00000,90.000,-nan,-nan,-nan,0
6,2.60,5.590,0.5000,-27.913,-121.910,1.00000,90.000,-nan,-nan,-nan,0
6,2.60,5.600,0.5000,-27.905,-121.803,1.00000,90.000,-nan,-nan,-nan,0
6,2.60,5.610,0.5000,-27.897,-121.698,1.00000,90.000,-nan,-nan,-nan,0
6,2.60,5.620,0.5000,-27.890,-121.592,1.00000,90.000,-nan,-nan,-nan,0
6,2.60,5.630,0.5000,-27.882,-121.487,1.00000,90.000,-nan,-nan,-nan,0
6,2.60,5.640,0.5000,-27.874,-121.383,1.00000,90.000,-nan,-nan,-nan,0
6,2.60,5.650,0.5000,-27.867,-121.279,1.00000,90.000,-nan,-nan,-nan,0
6,2.60,5.660,0.5000,-27.859,-121.175,1.00000,90.000,-nan,-nan,-nan,0
6,2.60,5.670,0.5000,-27.851,-121.073,1.00000,90.000,-nan,-nan,-nan,0
6,2.60,5.680,0.5000,-27.844,-120.970,1.00000,90.000,-nan,-nan,-nan,0
6,2.60,5.690,0.5000,-27.836,-120.868,1.00000,90.000,-nan,-nan,-nan,0
6,2.60,5.700,0.5000,-27.829,-120.767,1.00000,90.000,-nan,-nan,-nan,0
6,2.60,5.710,0.5000,-27.822,-120.666,1.00000,90.000,-nan,-nan,-nan,0
6,2.60,5.720,0.5000,-27.814,-120.566,1.00000,90.000,-nan,-nan,-nan,0
6,2.60,5.730,0.5000,-27.807,-120.466,1.00000,90.000,-nan,-nan,-nan,0
6,2.60,5.740,0.5000,-27.800,-120.367,1.00000,90.000,-nan,-nan,-nan,0
6,2.60,5.750,0.5000,-27.792,-120.268,1.00000,90.000,-nan,-nan,-nan,0
6,2.60,5.760,0.5000,-27.785,-120.170,1.00000,90.000,-nan,-nan,-nan,0
6,2.60,5.770,0.5000,-27.778,-120.072,1.00000,90.000,-nan,-nan,-nan,0
6,2.60,5.780,0.5000,-27.771,-119.975,1.00000,90.000,-nan,-nan,-nan,0
6,2.60,5.790,0.5000,-27.764,-119.878,1.00000,90.000,-nan,-nan,-nan,0
6,2.60,5.800,0.5000,-27.757,-119.781,1.00000,90.000,-nan,-nan,-nan,0
6,2.60,5.810,0.5000,-27.750,-119.685,1.00000,90.000,-nan,-nan,-nan,0
6,2.60,5.820,0.5000,-27.743,-119.590,1.00000,90.000,-nan,-nan,-nan,0
6,2.60,5.830,0.5000,-27.736,-119.495,1.00000,90.000,-nan,-nan,-nan,0
6,2.60,5.840,0.5000,-27.729,-119.401,1.00000,90.000,-nan,-nan,-nan,0
6,2.60,5.850,0.5000,-27.722,-119.307,1.00000,90.000,-nan,-nan,-nan,0
6,2.60,5.860,0.5000,-27.715,-119.213,1.00000,90.000,-nan,-nan,-nan,0
6,2.60,5.870,0.5000,-27.708,-119.120,1.00000,90.000,-nan,-nan,-nan,0
6,2.60,5.880,0.5000,-27.701,-119.027,1.00000,90.000,-nan,-nan,-nan,0
6,2.60,5.890,0.5000,-27.695,-118.935,1.00000,90.000,-nan,-nan,-nan,0
6,2.60,5.900,0.5000,-27.688,-118.844,1.00000,90.000,-nan,-nan,-nan,0
6,2.60,5.910,0.5000,-27.681,-118.752,1.00000,90.000,-nan,-nan,-nan,0
6,2.60,5.920,0.5000,-27.674,-118.662,1.00000,90.000,-nan,-nan,-nan,0
6,2.60,5.930,0.5000,-27.668,-118.571,1.00000,90.000,-nan,-nan,-nan,0
6,2.60,5.940,0.5000,-27.661,-118.481,1.00000,90.000,-nan,-nan,-nan,0
6,2.60,5.950,0.5000,-27.655,-118.392,1.00000,90.000,-nan,-nan,-nan,0
6,2.60,5.960,0.5000,-27.648,-118.303,1.00000,90.000,-nan,-nan,-nan,0
6,2.60,5.970,0.5000,-27.642,-118.214,1.00000,90.000,-nan,-nan,-nan,0
6,2.60,5.980,0.5000,-27.635,-118.126,1.00000,90.000,-nan,-nan,-nan,0
6,2.60,5.990,0.5000,-27.629,-118.039,1.00000,90.000,-nan,-nan,-nan,0
6,2.60,6.000,0.5000,-27.622,-117.951,1.00000,90.000,-nan,-nan,-nan,0
6,2.60,6.010,0.5000,-27.616,-117.865,1.00000,90.000,-nan,-nan,-nan,0
6,2.60,6.020,0.5000,-27.610,-117.778,1.00000,90.000,-nan,-nan,-nan,0
6,2.60,6.030,0.5000,-27.603,-117.692,1.00000,90.000,-nan,-nan,-nan,0
6,2.60,6.040,0.5000,-27.597,-117.607,1.00000,90.000,-nan,-nan,-nan,0
6,2.60,6.050,0.5000,-27.591,-117.522,1.00000,90.000,-nan,-nan,-nan,0
6,2.60,6.060,0.5000,-27.585,-117.437,1.00000,90.000,-nan,-nan,-nan,0
6,2.60,6.070,0.5000,-27.578,-117.353,1.00000,90.000,-nan,-nan,-nan,0
6,2.60,6.080,0.5000,-27.572,-117.269,1.00000,90.000,-nan,-nan,-nan,0
6,2.60,6.090,0.5000,-27.566,-117.186,1.00000,90.000,-nan,-nan,-nan,0
6,2.60,6.100,0.5000,-27.560,-117.103,1.00000,90.000,-nan,-nan,-nan,0
6,2.60,6.110,0.5000,-27.554,-117.020,1.00000,90.000,-nan,-nan,-nan,0
6,2.60,6.120,0.5000,-27.548,-116.938,1.00000,90.000,-nan,-nan,-nan,0
6,2.60,6.130,0.5000,-27.542,-116.857,1.00000,90.000,-nan,-nan,-nan,0
6,2.60,6.140,0.5000,-27.536,-116.775,1.00000,90.000,-nan,-nan,-nan,0
6,2.60,6.150,0.5000,-27.530,-116.694,1.00000,90.000,-nan,-nan,-nan,0
6,2.60,6.160,0.5000,-27.524,-116.614,1.00000,90.000,-nan,-nan,-nan,0
6,2.60,6.170,0.5000,-27.518,-116.534,1.00000,90.000,-nan,-nan,-nan,0
6,2.60,6.180,0.5000,-27.512,-116.454,1.00000,90.000,-nan,-nan,-nan,0
6,2.60,6.190,0.5000,-27.507,-116.375,1.00000,90.000,-nan,-nan,-nan,0
6,2.60,6.200,0.5000,-27.501,-116.296,1.00000,90.000,-nan,-nan,-nan,0
6,2.60,6.210,0.5000,-27.495,-116.217,1.00000,90.000,-nan,-nan,-nan,0
6,2.60,6.220,0.5000,-27.489,-116.139,1.00000,90.000,-nan,-nan,-nan,0
6,2.60,6.230,0.5000,-27.484,-116.061,1.00000,90.000,-nan,-nan,-nan,0
6,2.60,6.240,0.5000,-27.478,-115.984,1.00000,90.000,-nan,-nan,-nan,0
6,2.60,6.250,0.5000,-27.472,-115.907,1.00000,90.000,-nan,-nan,-nan,0
6,2.60,6.260,0.5000,-27.467,-115.831,1.00000,90.000,-nan,-nan,-nan,0
6,2.60,6.270,0.5000,-27.461,-115.754,1.00000,90.000,-nan,-nan,-nan,0
6,2.60,6.280,0.5000,-27.455,-115.679,1.00000,90.000,-nan,-nan,-nan,0
6,2.60,6.290,0.5000,-27.450,-115.603,1.00000,90.000,-nan,-nan,-nan,0
6,2.60,6.300,0.5000,-27.444,-115.528,1.00000,90.000,-nan,-nan,-nan,0
6,2.60,6.310,0.5000,-27.439,-115.453,1.00000,90.000,-nan,-nan,-nan,0
6,2.60,6.320,0.5000,-27.433,-115.379,1.00000,90.000,-nan,-nan,-nan,0
6,2.60,6.330,0.5000,-27.428,-115.305,1.00000,90.000,-nan,-nan,-nan,0
6,2.60,6.340,0.5000,-27.423,-115.232,1.00000,90.000,-nan,-nan,-nan,0
6,2.60,6.350,0.5000,-27.417,-115.158,1.00000,90.000,-nan,-nan,-nan,0
6,2.60,6.360,0.5000,-27.412,-115.085,1.00000,90.000,-nan,-nan,-nan,0
6,2.60,6.370,0.5000,-27.407,-115.013,1.00000,90.000,-nan,-nan,-nan,0
6,2.60,6.380,0.5000,-27.401,-114.941,1.00000,90.000,-nan,-nan,-nan,0
6,2.60,6.390,0.5000,-27.396,-114.869,1.00000,90.000,-nan,-nan,-nan,0
6,2.60,6.400,0.5000,-27.391,-114.798,1.00000,90.000,-nan,-nan,-nan,0
6,2.60,6.410,0.5000,-27.386,-114.727,1.00000,90.000,-nan,-nan,-nan,0
6,2.60,6.420,0.5000,-27.380,-114.656,1.00000,90.000,-nan,-nan,-nan,0
6,2.60,6.430,0.5000,-27.375,-114.586,1.00000,90.000,-nan,-nan,-nan,0
6,2.60,6.440,0.5000,-27.370,-114.516,1.00000,90.000,-nan,-nan,-nan,0
6,2.60,6.450,0.5000,-27.365,-114.446,1.00000,90.000,-nan,-nan,-nan,0
6,2.60,6.460,0.5000,-27.360,-114.377,1.00000,90.000,-nan,-nan,-nan,0
6,2.60,6.470,0.5000,-27.355,-114.308,1.00000,90.000,-nan,-nan,-nan,0
6,2.60,6.480,0.5000,-27.350,-114.239,1.00000,90.000,-nan,-nan,-nan,0
6,2.60,6.490,0.5000,-27.345,-114.171,1.00000,90.000,-nan,-nan,-nan,0
6,2.60,6.500,0.5000,-27.340,-114.103,1.00000,90.000,-nan,-nan,-nan,0
6,2.60,6.510,0.5000,-27.335,-114.035,1.00000,90.000,-nan,-nan,-nan,0
6,2.60,6.520,0.5000,-27.330,-113.968,1.00000,90.000,-nan,-nan,-nan,0
6,2.60,6.530,0.5000,-27.325,-113.901,1.00000,90.000,-nan,-nan,-nan,0
6,2.60,6.540,0.5000,-27.320,-113.835,1.00000,90.000,-nan,-nan,-nan,0
6,2.60,6.550,0.5000,-27.315,-113.768,1.00000,90.000,-nan,-nan,-nan,0
6,2.60,6.560,0.5000,-27.310,-113.703,1.00000,90.000,-nan,-nan,-nan,0
6,2.60,6.570,0.5000,-27.306,-113.637,1.00000,90.000,-nan,-nan,-nan,0
6,2.60,6.580,0.5000,-27.301,-113.572,1.00000,90.000,-nan,-nan,-nan,0
6,2.60,6.590,0.5000,-27.296,-113.507,1.00000,90.000,-nan,-nan,-nan,0
6,2.60,6.600,0.5000,-27.291,-113.442,1.00000,90.000,-nan,-nan,-nan,0
6,2.60,6.610,0.5000,-27.287,-113.378,1.00000,90.000,-nan,-nan,-nan,0
6,2.60,6.620,0.5000,-27.282,-113.314,1.00000,90.000,-nan,-nan,-nan,0
6,2.60,6.630,0.5000,-27.277,-113.250,1.00000,90.000,-nan,-nan,-nan,0
6,2.60,6.640,0.5000,-27.273,-113.187,1.00000,90.000,-nan,-nan,-nan,0
6,2.60,6.650,0.5000,-27.268,-113.124,1.00000,90.000,-nan,-nan,-nan,0
6,2.60,6.660,0.5000,-27.263,-113.061,1.00000,90.000,-nan,-nan,-nan,0
6,2.60,6.670,0.5000,-27.259,-112.999,1.00000,90.000,-nan,-nan,-nan,0
6,2.60,6.680,0.5000,-27.254,-112.937,1.00000,90.000,-nan,-nan,-nan,0
6,2.60,6.690,0.5000,-27.250,-112.875,1.00000,90.000,-nan,-nan,-nan,0
6,2.60,6.700,0.5000,-27.245,-112.814,1.00000,90.000,-nan,-nan,-nan,0
6,2.60,6.710,0.5000,-27.241,-112.752,1.00000,90.000,-nan,-nan,-nan,0
6,2.60,6.720,0.5000,-27.236,-112.692,1.00000,90.000,-nan,-nan,-nan,0
6,2.60,6.730,0.5000,-27.232,-112.631,1.00000,90.000,-nan,-nan,-nan,0
6,2.60,6.740,0.5000,-27.227,-112.571,1.00000,90.000,-nan,-nan,-nan,0
6,2.60,6.750,0.5000,-27.223,-112.511,1.00000,90.000,-nan,-nan,-nan,0
6,2.60,6.760,0.5000,-27.218,-112.451,1.00000,90.000,-nan,-nan,-nan,0
6,2.60,6.770,0.5000,-27.214,-112.392,1.00000,90.000,-nan,-nan,-nan,0
6,2.60,6.780,0.5000,-27.210,-112.333,1.00000,90.000,-nan,-nan,-nan,0
6,2.60,6.790,0.5000,-27.205,-112.274,1.00000,90.000,-nan,-nan,-nan,0
6,2.60,6.800,0.5000,-27.201,-112.216,1.00000,90.000,-nan,-nan,-nan,0
6,2.60,6.810,0.5000,-27.197,-112.157,1.00000,90.000,-nan,-nan,-nan,0
6,2.60,6.820,0.5000,-27.193,-112.100,1.00000,90.000,-nan,-nan,-nan,0
6,2.60,6.830,0.5000,-27.188,-112.042,1.00000,90.000,-nan,-nan,-nan,0
6,2.60,6.840,0.5000,-27.184,-111.985,1.00000,90.000,-nan,-nan,-nan,0
6,2.60,6.850,0.5000,-27.180,-111.928,1.00000,90.000,-nan,-nan,-nan,0
6,2.60,6.860,0.5000,-27.176,-111.871,1.00000,90.000,-nan,-nan,-nan,0
6,2.60,6.870,0.5000,-27.172,-111.814,1.00000,90.000,-nan,-nan,-nan,0
6,2.60,6.880,0.5000,-27.168,-111.758,1.00000,90.000,-nan,-nan,-nan,0
6,2.60,6.890,0.5000,-27.164,-111.702,1.00000,90.000,-nan,-nan,-nan,0
6,2.60,6.900,0.5000,-27.159,-111.647,1.00000,90.000,-nan,-nan,-nan,0
6,2.60,6.910,0.5000,-27.155,-111.592,1.00000,90.000,-nan,-nan,-nan,0
6,2.60,6.920,0.5000,-27.151,-111.536,1.00000,90.000,-nan,-nan,-nan,0
6,2.60,6.930,0.5000,-27.147,-111.482,1.00000,90.000,-nan,-nan,-nan,0
6,2.60,6.940,0.5000,-27.143,-111.427,1.00000,90.000,-nan,-nan,-nan,0
6,2.60,6.950,0.5000,-27.139,-111.373,1.00000,90.000,-nan,-nan,-nan,0
6,2.60,6.960,0.5000,-27.135,-111.319,1.00000,90.000,-nan,-nan,-nan,0
6,2.60,6.970,0.5000,-27.131,-111.265,1.00000,90.000,-nan,-nan,-nan,0
6,2.60,6.980,0.5000,-27.127,-111.212,1.00000,90.000,-nan,-nan,-nan,0
6,2.60,6.990,0.5000,-27.124,-111.159,1.00000,90.000,-nan,-nan,-nan,0
6,2.60,7.000,0.5000,-27.120,-111.106,1.00000,90.000,-nan,-nan,-nan,0
6,2.60,7.010,0.5000,-27.116,-111.053,1.00000,90.000,-nan,-nan,-nan,0
6,2.60,7.020,0.5000,-27.112,-111.001,1.00000,90.000,-nan,-nan,-nan,0
6,2.60,7.030,0.5000,-27.108,-110.949,1.00000,90.000,-nan,-nan,-nan,0
6,2.60,7.040,0.5000,-27.104,-110.897,1.00000,90.000,-nan,-nan,-nan,0
6,2.60,7.050,0.5000,-27.101,-110.845,1.00000,90.000,-nan,-nan,-nan,0
6,2.60,7.060,0.5000,-27.097,-110.794,1.00000,90.000,-nan,-nan,-nan,0
6,2.60,7.070,0.5000,-27.093,-110.743,1.00000,90.000,-nan,-nan,-nan,0
6,2.60,7.080,0.5000,-27.089,-110.692,1.00000,90.000,-nan,-nan,-nan,0
6,2.60,7.090,0.5000,-27.086,-110.641,1.00000,90.000,-nan,-nan,-nan,0
6,2.60,7.100,0.5000,-27.082,-110.591,1.00000,90.000,-nan,-nan,-nan,0
6,2.60,7.110,0.5000,-27.078,-110.541,1.00000,90.000,-nan,-nan,-nan,0
6,2.60,7.120,0.5000,-27.075,-110.491,1.00000,90.000,-nan,-nan,-nan,0
6,2.60,7.130,0.5000,-27.071,-110.442,1.00000,90.000,-nan,-nan,-nan,0
6,2.60,7.140,0.5000,-27.067,-110.392,1.00000,90.000,-nan,-nan,-nan,0
6,2.60,7.150,0.5000,-27.064,-110.343,1.00000,90.000,-nan,-nan,-nan,0
6,2.60,7.160,0.5000,-27.060,-110.294,1.00000,90.000,-nan,-nan,-nan,0
6,2.60,7.170,0.5000,-27.057,-110.246,1.00000,90.000,-nan,-nan,-nan,0
6,2.60,7.180,0.5000,-27.053,-110.198,1.00000,90.000,-nan,-nan,-nan,0
6,2.60,7.190,0.5000,-27.050,-110.149,1.00000,90.000,-nan,-nan,-nan,0
6,2.60,7.200,0.5000,-27.046,-110.102,1.00000,90.000,-nan,-nan,-nan,0
6,2.60,7.210,0.5000,-27.042,-110.054,1.00000,90.000,-nan,-nan,-nan,0
6,2.60,7.220,0.5000,-27.039,-110.007,1.00000,90.000,-nan,-nan,-nan,0
6,2.60,7.230,0.5000,-27.036,-109.959,1.00000,90.000,-nan,-nan,-nan,0
6,2.60,7.240,0.5000,-27.032,-109.913,1.00000,90.000,-nan,-nan,-nan,0
6,2.60,7.250,0.5000,-27.029,-109.866,1.00000,90.000,-nan,-nan,-nan,0
6,2.60,7.260,0.5000,-27.025,-109.819,1.00000,90.000,-nan,-nan,-nan,0
6,2.60,7.270,0.5000,-27.022,-109.773,1.00000,90.000,-nan,-nan,-nan,0
6,2.60,7.280,0.5000,-27.019,-109.727,1.00000,90.000,-nan,-nan,-nan,0
6,2.60,7.290,0.5000,-27.015,-109.681,1.00000,90.000,-nan,-nan,-nan,0
6,2.60,7.300,0.5000,-27.012,-109.636,1.00000,90.000,-nan,-nan,-nan,0
6,2.60,7.310,0.5000,-27.008,-109.591,1.00000,90.000,-nan,-nan,-nan,0
6,2.60,7.320,0.5000,-27.005,-109.546,1.00000,90.000,-nan,-nan,-nan,0
6,2.60,7.330,0.5000,-27.002,-109.501,1.00000,90.000,-nan,-nan,-nan,0
6,2.60,7.340,0.5000,-26.999,-109.456,1.00000,90.000,-nan,-nan,-nan,0
6,2.60,7.350,0.5000,-26.995,-109.412,1.00000,90.000,-nan,-nan,-nan,0
6,2.60,7.360,0.5000,-26.992,-109.367,1.00000,90.000,-nan,-nan,-nan,0
6,2.60,7.370,0.5000,-26.989,-109.324,1.00000,90.000,-nan,-nan,-nan,0
6,2.60,7.380,0.5000,-26.986,-109.280,1.00000,90.000,-nan,-nan,-nan,0
6,2.60,7.390,0.5000,-26.982,-109.236,1.00000,90.000,-nan,-nan,-nan,0
6,2.60,7.400,0.5000,-26.979,-109.193,1.00000,90.000,-nan,-nan,-nan,0
6,2.60,7.410,0.5000,-26.976,-109.150,1.00000,90.000,-nan,-nan,-nan,0
6,2.60,7.420,0.5000,-26.973,-109.107,1.00000,90.000,-nan,-nan,-nan,0
6,2.60,7.430,0.5000,-26.970,-109.064,1.00000,90.000,-nan,-nan,-nan,0
6,2.60,7.440,0.5000,-26.967,-109.022,1.00000,90.000,-nan,-nan,-nan,0
6,2.60,7.450,0.5000,-26.964,-108.980,1.00000,90.000,-nan,-nan,-nan,0
6,2.60,7.460,0.5000,-26.961,-108.938,1.00000,90.000,-nan,-nan,-nan,0
6,2.60,7.470,0.5000,-26.957,-108.896,1.00000,90.000,-nan,-nan,-nan,0
6,2.60,7.480,0.5000,-26.954,-108.854,1.00000,90.000,-nan,-nan,-nan,0
6,2.60,7.490,0.5000,-26.951,-108.813,1.00000,90.000,-nan,-nan,-nan,0
6,2.60,7.500,0.5000,-26.948,-108.772,1.00000,90.000,-nan,-nan,-nan,0
6,2.60,7.510,0.5000,-26.945,-108.731,1.00000,90.000,-nan,-nan,-nan,0
6,2.60,7.520,0.5000,-26.942,-108.690,1.00000,90.000,-nan,-nan,-nan,0
6,2.60,7.530,0.5000,-26.939,-108.649,1.00000,90.000,-nan,-nan,-nan,0
6,2.60,7.540,0.5000,-26.936,-108.609,1.00000,90.000,-nan,-nan,-nan,0
6,2.60,7.550,0.5000,-26.933,-108.569,1.00000,90.000,-nan,-nan,-nan,0
6,2.60,7.560,0.5000,-26.931,-108.529,1.00000,90.000,-nan,-nan,-nan,0
6,2.60,7.570,0.5000,-26.928,-108.489,1.00000,90.000,-nan,-nan,-nan,0
6,2.60,7.580,0.5000,-26.925,-108.449,1.00000,90.000,-nan,-nan,-nan,0
6,2.60,7.590,0.5000,-26.922,-108.410,1.00000,90.000,-nan,-nan,-nan,0
6,2.60,7.600,0.5000,-26.919,-108.371,1.00000,90.000,-nan,-nan,-nan,0
6,2.60,7.610,0.5000,-26.916,-108.332,1.00000,90.000,-nan,-nan,-nan,0
6,2.60,7.620,0.5000,-26.913,-108.293,1.00000,90.000,-nan,-nan,-nan,0
6,2.60,7.630,0.5000,-26.910,-108.254,1.00000,90.000,-nan,-nan,-nan,0
6,2.60,7.640,0.5000,-26.908,-108.216,1.00000,90.000,-nan,-nan,-nan,0
6,2.60,7.650,0.5000,-26.905,-108.178,1.00000,90.000,-nan,-nan,-nan,0
6,2.60,7.660,0.5000,-26.902,-108.140,1.00000,90.000,-nan,-nan,-nan,0
6,2.60,7.670,0.5000,-26.899,-108.102,1.00000,90.000,-nan,-nan,-nan,0
6,2.60,7.680,0.5000,-26.896,-108.064,1.00000,90.000,-nan,-nan,-nan,0
6,2.60,7.690,0.5000,-26.894,-108.027,1.00000,90.000,-nan,-nan,-nan,0
6,2.60,7.700,0.5000,-26.891,-107.989,1.00000,90.000,-nan,-nan,-nan,0
6,2.60,7.710,0.5000,-26.888,-107.952,1.00000,90.000,-nan,-nan,-nan,0
6,2.60,7.720,0.5000,-26.885,-107.916,1.00000,90.000,-nan,-nan,-nan,0
6,2.60,7.730,0.5000,-26.883,-107.879,1.00000,90.000,-nan,-nan,-nan,0
6,2.60,7.740,0.5000,-26.880,-107.842,1.00000,90.000,-nan,-nan,-nan,0
6,2.60,7.750,0.5000,-26.877,-107.806,1.00000,90.000,-nan,-nan,-nan,0
6,2.60,7.760,0.5000,-26.875,-107.770,1.00000,90.000,-nan,-nan,-nan,0
6,2.60,7.770,0.5000,-26.872,-107.734,1.00000,90.000,-nan,-nan,-nan,0
6,2.60,7.780,0.5000,-26.870,-107.698,1.00000,90.000,-nan,-nan,-nan,0
6,2.60,7.790,0.5000,-26.867,-107.662,1.00000,90.000,-nan,-nan,-nan,0
6,2.60,7.800,0.5000,-26.864,-107.627,1.00000,90.000,-nan,-nan,-nan,0
6,2.60,7.810,0.5000,-26.862,-107.592,1.00000,90.000,-nan,-nan,-nan,0
6,2.60,7.820,0.5000,-26.859,-107.556,1.00000,90.000,-nan,-nan,-nan,0
6,2.60,7.830,0.5000,-26.857,-107.522,1.00000,90.000,-nan,-nan,-nan,0
6,2.60,7.840,0.5000,-26.854,-107.487,1.00000,90.000,-nan,-nan,-nan,0
6,2.60,7.850,0.5000,-26.851,-107.452,1.00000,90.000,-nan,-nan,-nan,0
6,2.60,7.860,0.5000,-26.849,-107.418,1.00000,90.000,-nan,-nan,-nan,0
6,2.60,7.870,0.5000,-26.846,-107.384,1.00000,90.000,-nan,-nan,-nan,0
6,2.60,7.880,0.5000,-26.844,-107.349,1.00000,90.000,-nan,-nan,-nan,0
6,2.60,7.890,0.5000,-26.841,-107.316,1.00000,90.000,-nan,-nan,-nan,0
6,2.60,7.900,0.5000,-26.839,-107.282,1.00000,90.000,-nan,-nan,-nan,0
6,2.60,7.910,0.5000,-26.837,-107.248,1.00000,90.000,-nan,-nan,-nan,0
6,2.60,7.920,0.5000,-26.834,-107.215,1.00000,90.000,-nan,-nan,-nan,0
6,2.60,7.930,0.5000,-26.832,-107.182,1.00000,90.000,-nan,-nan,-nan,0
6,2.60,7.940,0.5000,-26.829,-107.149,1.00000,90.000,-nan,-nan,-nan,0
6,2.60,7.950,0.5000,-26.827,-107.116,1.00000,90.000,-nan,-nan,-nan,0
6,2.60,7.960,0.5000,-26.824,-107.083,1.00000,90.000,-nan,-nan,-nan,0
6,2.60,7.970,0.5000,-26.822,-107.050,1.00000,90.000,-nan,-nan,-nan,0
6,2.60,7.980,0.5000,-26.820,-107.018,1.00000,90.000,-nan,-nan,-nan,0
6,2.60,7.990,0.5000,-26.817,-106.986,1.00000,90.000,-nan,-nan,-nan,0
6,2.60,8.000,0.5000,-26.815,-106.954,1.00000,90.000,-nan,-nan,-nan,0
6,2.60,8.010,0.5000,-26.813,-106.922,1.00000,90.000,-nan,-nan,-nan,0
6,2.60,8.020,0.5000,-26.810,-106.890,1.00000,90.000,-nan,-nan,-nan,0
6,2.60,8.030,0.5000,-26.808,-106.858,1.00000,90.000,-nan,-nan,-nan,0
6,2.60,8.040,0.5000,-26.806,-106.827,1.00000,90.000,-nan,-nan,-nan,0
6,2.60,8.050,0.5000,-26.803,-106.796,1.00000,90.000,-nan,-nan,-nan,0
6,2.60,8.060,0.5000,-26.801,-106.765,1.00000,90.000,-nan,-nan,-nan,0
6,2.60,8.070,0.5000,-26.799,-106.734,1.00000,90.000,-nan,-nan,-nan,0
6,2.60,8.080,0.5000,-26.796,-106.703,1.00000,90.000,-nan,-nan,-nan,0
6,2.60,8.090,0.5000,-26.794,-106.672,1.00000,90.000,-nan,-nan,-nan,0
6,2.60,8.100,0.5000,-26.792,-106.642,1.00000,90.000,-nan,-nan,-nan,0
6,2.60,8.110,0.5000,-26.790,-106.611,1.00000,90.000,-nan,-nan,-nan,0
6,2.60,8.120,0.5000,-26.788,-106.581,1.00000,90.000,-nan,-nan,-nan,0
6,2.60,8.130,0.5000,-26.785,-106.551,1.00000,90.000,-nan,-nan,-nan,0
6,2.60,8.140,0.5000,-26.783,-106.521,1.00000,90.000,-nan,-nan,-nan,0
6,2.60,8.150,0.5000,-26.781,-106.491,1.00000,90.000,-nan,-nan,-nan,0
6,2.60,8.160,0.5000,-26.779,-106.462,1.00000,90.000,-nan,-nan,-nan,0
6,2.60,8.170,0.5000,-26.777,-106.432,1.00000,90.000,-nan,-nan,-nan,0
6,2.60,8.180,0.5000,-26.774,-106.403,1.00000,90.000,-nan,-nan,-nan,0
6,2.60,8.190,0.5000,-26.772,-106.374,1.00000,90.000,-nan,-nan,-nan,0
6,2.60,8.200,0.5000,-26.770,-106.345,1.00000,90.000,-nan,-nan,-nan,0
6,2.60,8.210,0.5000,-26.768,-106.316,1.00000,90.000,-nan,-nan,-nan,0
6,2.60,8.220,0.5000,-26.766,-106.287,1.00000,90.000,-nan,-nan,-nan,0
6,2.60,8.230,0.5000,-26.764,-106.258,1.00000,90.000,-nan,-nan,-nan,0
6,2.60,8.240,0.5000,-26.762,-106.230,1.00000,90.000,-nan,-nan,-nan,0
6,2.60,8.250,0.5000,-26.760,-106.202,1.00000,90.000,-nan,-nan,-nan,0
6,2.60,8.260,0.5000,-26.758,-106.173,1.00000,90.000,-nan,-nan,-nan,0
6,2.60,8.270,0.5000,-26.756,-106.145,1.00000,90.000,-nan,-nan,-nan,0
6,2.60,8.280,0.5000,-26.754,-106.118,1.00000,90.000,-nan,-nan,-nan,0
6,2.60,8.290,0.5000,-26.751,-106.090,1.00000,90.000,-nan,-nan,-nan,0
6,2.60,8.300,0.5000,-26.749,-106.062,1.00000,90.000,-nan,-nan,-nan,0
6,2.60,8.310,0.5000,-26.747,-106.035,1.00000,90.000,-nan,-nan,-nan,0
6,2.60,8.320,0.5000,-26.745,-106.007,1.00000,90.000,-nan,-nan,-nan,0
6,2.60,8.330,0.5000,-26.743,-105.980,1.00000,90.000,-nan,-nan,-nan,0
6,2.60,8.340,0.5000,-26.741,-105.953,1.00000,90.000,-nan,-nan,-nan,0
6,2.60,8.350,0.5000,-26.739,-105.926,1.00000,90.000,-nan,-nan,-nan,0
6,2.60,8.360,0.5000,-26.737,-105.899,1.00000,90.000,-nan,-nan,-nan,0
6,2.60,8.370,0.5000,-26.736,-105.873,1.00000,90.000,-nan,-nan,-nan,0
6,2.60,8.380,0.5000,-26.734,-105.846,1.00000,90.000,-nan,-nan,-nan,0
6,2.60,8.390,0.5000,-26.732,-105.820,1.00000,90.000,-nan,-nan,-nan,0
6,2.60,8.400,0.5000,-26.730,-105.793,1.00000,90.000,-nan,-nan,-nan,0
6,2.60,8.410,0.5000,-26.728,-105.767,1.00000,90.000,-nan,-nan,-nan,0
6,2.60,8.420,0.5000,-26.726,-105.741,1.00000,90.000,-nan,-nan,-nan,0
6,2.60,8.430,0.5000,-26.724,-105.715,1.00000,90.000,-nan,-nan,-nan,0
6,2.60,8.440,0.5000,-26.722,-105.690,1.00000,90.000,-nan,-nan,-nan,0
6,2.60,8.450,0.5000,-26.720,-105.664,1.00000,90.000,-nan,-nan,-nan,0
6,2.60,8.460,0.5000,-26.718,-105.639,1.00000,90.000,-nan,-nan,-nan,0
6,2.60,8.470,0.5000,-26.716,-105.613,1.00000,90.000,-nan,-nan,-nan,0
6,2.60,8.480,0.5000,-26.715,-105.588,1.00000,90.000,-nan,-nan,-nan,0
6,2.60,8.490,0.5000,-26.713,-105.563,1.00000,90.000,-nan,-nan,-nan,0
6,2.60,8.500,0.5000,-26.711,-105.538,1.00000,90.000,-nan,-nan,-nan,0
6,2.60,8.510,0.5000,-26.709,-105.513,1.00000,90.000,-nan,-nan,-nan,0
6,2.60,8.520,0.5000,-26.707,-105.488,1.00000,90.000,-nan,-nan,-nan,0
6,2.60,8.530,0.5000,-26.706,-105.464,1.00000,90.000,-nan,-nan,-nan,0
6,2.60,8.540,0.5000,-26.704,-105.439,1.00000,90.000,-nan,-nan,-nan,0
6,2.60,8.550,0.5000,-26.702,-105.415,1.00000,90.000,-nan,-nan,-nan,0
6,2.60,8.560,0.5000,-26.700,-105.391,1.00000,90.000,-nan,-nan,-nan,0
6,2.60,8.570,0.5000,-26.698,-105.366,1.00000,90.000,-nan,-nan,-nan,0
6,2.60,8.580,0.5000,-26.697,-105.342,1.00000,90.000,-nan,-nan,-nan,0
6,2.60,8.590,0.5000,-26.695,-105.319,1.00000,90.000,-nan,-nan,-nan,0
6,2.60,8.600,0.5000,-26.693,-105.295,1.00000,90.000,-nan,-nan,-nan,0
6,2.60,8.610,0.5000,-26.691,-105.271,1.00000,90.000,-nan,-nan,-nan,0
6,2.60,8.620,0.5000,-26.690,-105.248,1.00000,90.000,-nan,-nan,-nan,0
6,2.60,8.630,0.5000,-26.688,-105.224,1.00000,90.000,-nan,-nan,-nan,0
6,2.60,8.640,0.5000,-26.686,-105.201,1.00000,90.000,-nan,-nan,-nan,0
6,2.60,8.650,0.5000,-26.685,-105.178,1.00000,90.000,-nan,-nan,-nan,0
6,2.60,8.660,0.5000,-26.683,-105.155,1.00000,90.000,-nan,-nan,-nan,0
6,2.60,8.670,0.5000,-26.681,-105.132,1.00000,90.000,-nan,-nan,-nan,0
6,2.60,8.680,0.5000,-26.679,-105.109,1.00000,90.000,-nan,-nan,-nan,0
6,2.60,8.690,0.5000,-26.678,-105.086,1.00000,90.000,-nan,-nan,-nan,0
6,2.60,8.700,0.5000,-26.676,-105.064,1.00000,90.000,-nan,-nan,-nan,0
6,2.60,8.710,0.5000,-26.674,-105.041,1.00000,90.000,-nan,-nan,-nan,0
6,2.60,8.720,0.5000,-26.673,-105.019,1.00000,90.000,-nan,-nan,-nan,0
6,2.60,8.730,0.5000,-26.671,-104.996,1.00000,90.000,-nan,-nan,-nan,0
6,2.60,8.740,0.5000,-26.670,-104.974,1.00000,90.000,-nan,-nan,-nan,0
6,2.60,8.750,0.5000,-26.668,-104.952,1.00000,90.000,-nan,-nan,-nan,0
6,2.60,8.760,0.5000,-26.666,-104.930,1.00000,90.000,-nan,-nan,-nan,0
6,2.60,8.770,0.5000,-26.665,-104.908,1.00000,90.000,-nan,-nan,-nan,0
6,2.60,8.780,0.5000,-26.663,-104.887,1.00000,90.000,-nan,-nan,-nan,0
6,2.60,8.790,0.5000,-26.662,-104.865,1.00000,90.000,-nan,-nan,-nan,0
6,2.60,8.800,0.5000,-26.660,-104.844,1.00000,90.000,-nan,-nan,-nan,0
6,2.60,8.810,0.5000,-26.658,-104.822,1.00000,90.000,-nan,-nan,-nan,0
6,2.60,8.820,0.5000,-26.657,-104.801,1.00000,90.000,-nan,-nan,-nan,0
6,2.60,8.830,0.5000,-26.655,-104.780,1.00000,90.000,-nan,-nan,-nan,0
6,2.60,8.840,0.5000,-26.654,-104.759,1.00000,90.000,-nan,-nan,-nan,0
6,2.60,8.850,0.5000,-26.652,-104.738,1.00000,90.000,-nan,-nan,-nan,0
6,2.60,8.860,0.5000,-26.651,-104.717,1.00000,90.000,-nan,-nan,-nan,0
6,2.60,8.870,0.5000,-26.649,-104.696,1.00000,90.000,-nan,-nan,-nan,0
6,2.60,8.880,0.5000,-26.648,-104.675,1.00000,90.000,-nan,-nan,-nan,0
6,2.60,8.890,0.5000,-26.646,-104.655,1.00000,90.000,-nan,-nan,-nan,0
6,2.60,8.900,0.5000,-26.645,-104.634,1.00000,90.000,-nan,-nan,-nan,0
6,2.60,8.910,0.5000,-26.643,-104.614,1.00000,90.000,-nan,-nan,-nan,0
6,2.60,8.920,0.5000,-26.642,-104.594,1.00000,90.000,-nan,-nan,-nan,0
6,2.60,8.930,0.5000,-26.640,-104.574,1.00000,90.000,-nan,-nan,-nan,0
6,2.60,8.940,0.5000,-26.639,-104.554,1.00000,90.000,-nan,-nan,-nan,0
6,2.60,8.950,0.5000,-26.637,-104.534,1.00000,90.000,-nan,-nan,-nan,0
6,2.60,8.960,0.5000,-26.636,-104.514,1.00000,90.000,-nan,-nan,-nan,0
6,2.60,8.970,0.5000,-26.634,-104.494,1.00000,90.000,-nan,-nan,-nan,0
6,2.60,8.980,0.5000,-26.633,-104.474,1.00000,90.000,-nan,-nan,-nan,0
6,2.60,8.990,0.5000,-26.631,-104.455,1.00000,90.000,-nan,-nan,-nan,0
6,2.60,9.000,0.5000,-26.630,-104.435,1.00000,90.000,-nan,-nan,-nan,0
6,2.60,9.010,0.5000,-26.629,-104.416,1.00000,90.000,-nan,-nan,-nan,0
6,2.60,9.020,0.5000,-26.627,-104.397,1.00000,90.000,-nan,-nan,-nan,0
6,2.60,9.030,0.5000,-26.626,-104.378,1.00000,90.000,-nan,-nan,-nan,0
6,2.60,9.040,0.5000,-26.624,-104.358,1.00000,90.000,-nan,-nan,-nan,0
6,2.60,9.050,0.5000,-26.623,-104.339,1.00000,90.000,-nan,-nan,-nan,0
6,2.60,9.060,0.5000,-26.622,-104.321,1.00000,90.000,-nan,-nan,-nan,0
6,2.60,9.070,0.5000,-26.620,-104.302,1.00000,90.000,-nan,-nan,-nan,0
6,2.60,9.080,0.5000,-26.619,-104.283,1.00000,90.000,-nan,-nan,-nan,0
6,2.60,9.090,0.5000,-26.617,-104.264,1.00000,90.000,-nan,-nan,-nan,0
6,2.60,9.100,0.5000,-26.616,-104.246,1.00000,90.000,-nan,-nan,-nan,0
6,2.60,9.110,0.5000,-26.615,-104.228,1.00000,90.000,-nan,-nan,-nan,0
6,2.60,9.120,0.5000,-26.613,-104.209,1.00000,90.000,-nan,-nan,-nan,0
6,2.60,9.130,0.5000,-26.612,-104.191,1.00000,90.000,-nan,-nan,-nan,0
6,2.60,9.140,0.5000,-26.611,-104.173,1.00000,90.000,-nan,-nan,-nan,0
6,2.60,9.150,0.5000,-26.609,-104.155,1.00000,90.000,-nan,-nan,-nan,0
6,2.60,9.160,0.5000,-26.608,-104.137,1.00000,90.000,-nan,-nan,-nan,0
6,2.60,9.170,0.5000,-26.607,-104.119,1.00000,90.000,-nan,-nan,-nan,0
6,2.60,9.180,0.5000,-26.605,-104.101,1.00000,90.000,-nan,-nan,-nan,0
6,2.60,9.190,0.5000,-26.604,-104.083,1.00000,90.000,-nan,-nan,-nan,0
6,2.60,9.200,0.5000,-26.603,-104.066,1.00000,90.000,-nan,-nan,-nan,0
6,2.60,9.210,0.5000,-26.602,-104.048,1.00000,90.000,-nan,-nan,-nan,0
6,2.60,9.220,0.5000,-26.600,-104.031,1.00000,90.000,-nan,-nan,-nan,0
6,2.60,9.230,0.5000,-26.599,-104.014,1.00000,90.000,-nan,-nan,-nan,0
6,2.60,9.240,0.5000,-26.598,-103.996,1.00000,90.000,-nan,-nan,-nan,0
6,2.60,9.250,0.5000,-26.597,-103.979,1.00000,90.000,-nan,-nan,-nan,0
6,2.60,9.260,0.5000,-26.595,-103.962,1.00000,90.000,-nan,-nan,-nan,0
6,2.60,9.270,0.5000,-26.594,-103.945,1.00000,90.000,-nan,-nan,-nan,0
6,2.60,9.280,0.5000,-26.593,-103.928,1.00000,90.000,-nan,-nan,-nan,0
6,2.60,9.290,0.5000,-26.592,-103.911,1.00000,90.000,-nan,-nan,-nan,0
6,2.60,9.300,0.5000,-26.590,-103.895,1.00000,90.000,-nan,-nan,-nan,0
6,2.60,9.310,0.5000,-26.589,-103.878,1.00000,90.000,-nan,-nan,-nan,0
6,2.60,9.320,0.5000,-26.588,-103.861,1.00000,90.000,-nan,-nan,-nan,0
6,2.60,9.330,0.5000,-26.587,-103.845,1.00000,90.000,-nan,-nan,-nan,0
6,2.60,9.340,0.5000,-26.585,-103.828,1.00000,90.000,-nan,-nan,-nan,0
6,2.60,9.350,0.5000,-26.584,-103.812,1.00000,90.000,-nan,-nan,-nan,0
6,2.60,9.360,0.5000,-26.583,-103.796,1.00000,90.000,-nan,-nan,-nan,0
6,2.60,9.370,0.5000,-26.582,-103.780,1.00000,90.000,-nan,-nan,-nan,0
6,2.60,9.380,0.5000,-26.581,-103.764,1.00000,90.000,-nan,-nan,-nan,0
6,2.60,9.390,0.5000,-26.580,-103.748,1.00000,90.000,-nan,-nan,-nan,0
6,2.60,9.400,0.5000,-26.578,-103.732,1.00000,90.000,-nan,-nan,-nan,0
6,2.60,9.410,0.5000,-26.577,-103.716,1.00000,90.000,-nan,-nan,-nan,0
6,2.60,9.420,0.5000,-26.576,-103.700,1.00000,90.000,-nan,-nan,-nan,0
6,2.60,9.430,0.5000,-26.575,-103.684,1.00000,90.000,-nan,-nan,-nan,0
6,2.60,9.440,0.5000,-26.574,-103.669,1.00000,90.000,-nan,-nan,-nan,0
6,2.60,9.450,0.5000,-26.573,-103.653,1.00000,90.000,-nan,-nan,-nan,0
6,2.60,9.460,0.5000,-26.571,-103.638,1.00000,90.000,-nan,-nan,-nan,0
6,2.60,9.470,0.5000,-26.570,-103.622,1.00000,90.000,-nan,-nan,-nan,0
6,2.60,9.480,0.5000,-26.569,-103.607,1.00000,90.000,-nan,-nan,-nan,0
6,2.60,9.490,0.5000,-26.568,-103.592,1.00000,90.000,-nan,-nan,-nan,0
6,2.60,9.500,0.5000,-26.567,-103.577,1.00000,90.000,-nan,-nan,-nan,0
6,2.60,9.510,0.5000,-26.566,-103.562,1.00000,90.000,-nan,-nan,-nan,0
6,2.60,9.520,0.5000,-26.565,-103.547,1.00000,90.000,-nan,-nan,-nan,0
6,2.60,9.530,0.5000,-26.564,-103.532,1.00000,90.000,-nan,-nan,-nan,0
6,2.60,9.540,0.5000,-26.563,-103.517,1.00000,90.000,-nan,-nan,-nan,0
6,2.60,9.550,0.5000,-26.561,-103.502,1.00000,90.000,-nan,-nan,-nan,0
6,2.60,9.560,0.5000,-26.560,-103.487,1.00000,90.000,-nan,-nan,-nan,0
6,2.60,9.570,0.5000,-26.559,-103.473,1.00000,90.000,-nan,-nan,-nan,0
6,2.60,9.580,0.5000,-26.558,-103.458,1.00000,90.000,-nan,-nan,-nan,0
6,2.60,9.590,0.5000,-26.557,-103.444,1.00000,90.000,-nan,-nan,-nan,0
6,2.60,9.600,0.5000,-26.556,-103.429,1.00000,90.000,-nan,-nan,-nan,0
6,2.60,9.610,0.5000,-26.555,-103.415,1.00000,90.000,-nan,-nan,-nan,0
6,2.60,9.620,0.5000,-26.554,-103.401,1.00000,90.000,-nan,-nan,-nan,0
6,2.60,9.630,0.5000,-26.553,-103.386,1.00000,90.000,-nan,-nan,-nan,0
6,2.60,9.640,0.5000,-26.552,-103.372,1.00000,90.000,-nan,-nan,-nan,0
6,2.60,9.650,0.5000,-26.551,-103.358,1.00000,90.000,-nan,-nan,-nan,0
6,2.60,9.660,0.5000,-26.550,-103.344,1.00000,90.000,-nan,-nan,-nan,0
6,2.60,9.670,0.5000,-26.549,-103.330,1.00000,90.000,-nan,-nan,-nan,0
6,2.60,9.680,0.5000,-26.548,-103.316,1.00000,90.000,-nan,-nan,-nan,0
6,2.60,9.690,0.5000,-26.547,-103.303,1.00000,90.000,-nan,-nan,-nan,0
6,2.60,9.700,0.5000,-26.546,-103.289,1.00000,90.000,-nan,-nan,-nan,0
6,2.60,9.710,0.5000,-26.545,-103.275,1.00000,90.000,-nan,-nan,-nan,0
6,2.60,9.720,0.5000,-26.544,-103.262,1.00000,90.000,-nan,-nan,-nan,0
6,2.60,9.730,0.5000,-26.543,-103.248,1.00000,90.000,-nan,-nan,-nan,0
6,2.60,9.740,0.5000,-26.542,-103.235,1.00000,90.000,-nan,-nan,-nan,0
6,2.60,9.750,0.5000,-26.541,-103.221,1.00000,90.000,-nan,-nan,-nan,0
6,2.60,9.760,0.5000,-26.540,-103.208,1.00000,90.000,-nan,-nan,-nan,0
6,2.60,9.770,0.5000,-26.539,-103.195,1.00000,90.000,-nan,-nan,-nan,0
6,2.60,9.780,0.5000,-26.538,-103.182,1.00000,90.000,-nan,-nan,-nan,0
6,2.60,9.790,0.5000,-26.537,-103.169,1.00000,90.000,-nan,-nan,-nan,0
6,2.60,9.800,0.5000,-26.536,-103.155,1.00000,90.000,-nan,-nan,-nan,0
6,2.60,9.810,0.5000,-26.535,-103.142,1.00000,90.000,-nan,-nan,-nan,0
6,2.60,9.820,0.5000,-26.534,-103.130,1.00000,90.000,-nan,-nan,-nan,0
6,2.60,9.830,0.5000,-26.533,-103.117,1.00000,90.000,-nan,-nan,-nan,0
6,2.60,9.840,0.5000,-26.532,-103.104,1.00000,90.000,-nan,-nan,-nan,0
6,2.60,9.850,0.5000,-26.531,-103.091,1.00000,90.000,-nan,-nan,-nan,0
6,2.60,9.860,0.5000,-26.530,-103.079,1.00000,90.000,-nan,-nan,-nan,0
6,2.60,9.870,0.5000,-26.529,-103.066,1.00000,90.000,-nan,-nan,-nan,0
6,2.60,9.880,0.5000,-26.529,-103.053,1.00000,90.000,-nan,-nan,-nan,0
6,2.60,9.890,0.5000,-26.528,-103.041,1.00000,90.000,-nan,-nan,-nan,0
6,2.60,9.900,0.5000,-26.527,-103.029,1.00000,90.000,-nan,-nan,-nan,0
6,2.60,9.910,0.5000,-26.526,-103.016,1.00000,90.000,-nan,-nan,-nan,0
6,2.60,9.920,0.5000,-26.525,-103.004,1.00000,90.000,-nan,-nan,-nan,0
6,2.60,9.930,0.5000,-26.524,-102.992,1.00000,90.000,-nan,-nan,-nan,0
6,2.60,9.940,0.5000,-26.523,-102.980,1.00000,90.000,-nan,-nan,-nan,0
6,2.60,9.950,0.5000,-26.522,-102.967,1.00000,90.000,-nan,-nan,-nan,0
6,2.60,9.960,0.5000,-26.521,-102.955,1.00000,90.000,-nan,-nan,-nan,0
6,2.60,9.970,0.5000,-26.520,-102.943,1.00000,90.000,-nan,-nan,-nan,0
6,2.60,9.980,0.5000,-26.520,-102.931,1.00000,90.000,-nan,-nan,-nan,0
6,2.60,9.990,0.5000,-26.519,-102.920,1.00000,90.000,-nan,-nan,-nan,0
6,2.60,10.000,0.5000,-26.518,-102.908,1.00000,90.000,-nan,-nan,-nan,0
7,2.60,0.000,0.5000,-52.000,-450.006,0.03490,2.000,180.00,0.00000,-0.03490,0
7,2.60,0.010,0.5000,-51.872,-448.263,1.00000,90.000,168.10,0.20618,-0.97851,0
7,2.60,0.020,0.5000,-51.745,-446.529,1.00000,90.000,156.15,0.40429,-0.91463,0
7,2.60,0.030,0.5000,-51.618,-444.804,1.00000,90.000,144.16,0.58556,-0.81063,0
7,2.60,0.040,0.5000,-51.492,-443.087,1.00000,90.000,132.11,0.74184,-0.67058,0
7,2.60,0.050,0.5000,-51.367,-441.378,1.00000,90.000,120.02,0.86587,-0.50027,0
7,2.60,0.060,0.5000,-51.242,-439.678,1.00000,90.000,107.87,0.95173,-0.30692,0
7,2.60,0.070,0.5000,-51.118,-437.987,1.00000,90.000,95.68,0.99509,-0.09899,0
7,2.60,0.080,0.5000,-50.994,-436.304,1.00000,90.000,83.44,0.99345,0.11428,0
7,2.60,0.090,0.5000,-50.871,-434.629,1.00000,90.000,71.15,0.94634,0.32316,0
7,2.60,0.100,0.5000,-50.749,-432.963,1.00000,90.000,58.80,0.85539,0.51798,0
7,2.60,0.110,0.5000,-50.627,-431.305,1.00000,90.000,46.41,0.72430,0.68948,0
7,2.60,0.120,0.5000,-50.506,-429.656,1.00000,90.000,33.97,0.55873,0.82935,0
7,2.60,0.130,0.5000,-50.385,-428.014,1.00000,90.000,21.48,0.36610,0.93057,0
7,2.60,0.140,0.5000,-50.266,-426.381,1.00000,90.000,8.93,0.15526,0.98787,0
7,2.60,0.150,0.5000,-50.146,-424.756,1.00000,90.000,356.34,-0.06388,0.99796,0
7,2.60,0.160,0.5000,-50.028,-423.139,1.00000,90.000,343.69,-0.28079,0.95977,0
7,2.60,0.170,0.5000,-49.909,-421.530,1.00000,90.000,331.00,-0.48486,0.87459,0
7,2.60,0.180,0.5000,-49.792,-419.929,1.00000,90.000,318.25,-0.66589,0.74605,0
7,2.60,0.190,0.5000,-49.675,-418.336,1.00000,90.000,305.45,-0.81461,0.58001,0
7,2.60,0.200,0.5000,-49.559,-416.751,1.00000,90.000,292.60,-0.92320,0.38432,0
7,2.60,0.210,0.5000,-49.443,-415.174,1.00000,90.000,279.70,-0.98570,0.16849,0
7,2.60,0.220,0.5000,-49.328,-413.605,1.00000,90.000,266.75,-0.99839,-0.05675,0
7,2.60,0.230,0.5000,-49.213,-412.044,1.00000,90.000,253.74,-0.96001,-0.27998,0
7,2.60,0.240,0.5000,-49.099,-410.490,1.00000,90.000,240.68,-0.87193,-0.48963,0
7,2.60,0.250,0.5000,-48.985,-408.944,1.00000,90.000,227.57,-0.73815,-0.67463,0
7,2.60,0.260,0.5000,-48.873,-407.406,1.00000,90.000,214.41,-0.56515,-0.82499,0
7,2.60,0.270,0.5000,-48.760,-405.876,1.00000,90.000,201.20,-0.36159,-0.93234,0
7,2.60,0.280,0.5000,-48.648,-404.353,1.00000,90.000,187.93,-0.13798,-0.99044,0
7,2.60,0.290,0.5000,-48.537,-402.838,1.00000,90.000,174.61,0.09392,-0.99558,0
7,2.60,0.300,0.5000,-48.426,-401.330,1.00000,90.000,161.24,0.32164,-0.94686,0
7,2.60,0.310,0.5000,-48.316,-399.830,1.00000,90.000,147.81,0.53271,-0.84630,0
7,2.60,0.320,0.5000,-48.207,-398.337,1.00000,90.000,134.33,0.71531,-0.69881,0
7,2.60,0.330,0.5000,-48.098,-396.852,1.00000,90.000,120.80,0.85897,-0.51202,0
7,2.60,0.340,0.5000,-47.989,-395.374,1.00000,90.000,107.21,0.95522,-0.29590,0
7,2.60,0.350,0.5000,-47.881,-393.904,1.00000,90.000,93.57,0.99806,-0.06229,0
7,2.60,0.360,0.5000,-47.774,-392.441,1.00000,90.000,79.88,0.98443,0.17577,0
7,2.60,0.370,0.5000,-47.667,-390.985,1.00000,90.000,66.13,0.91445,0.40470,0
7,2.60,0.380,0.5000,-47.561,-389.537,1.00000,90.000,52.32,0.79149,0.61118,0
7,2.60,0.390,0.5000,-47.455,-388.095,1.00000,90.000,38.47,0.62207,0.78296,0
7,2.60,0.400,0.5000,-47.350,-386.661,1.00000,90.000,24.56,0.41557,0.90956,0
7,2.60,0.410,0.5000,-47.245,-385.234,1.00000,90.000,10.59,0.18375,0.98297,0
7,2.60,0.420,0.5000,-47.141,-383.814,1.00000,90.000,356.57,-0.05989,0.99821,0
7,2.60,0.430,0.5000,-47.037,-382.402,1.00000,90.000,342.49,-0.30087,0.95366,0
7,2.60,0.440,0.5000,-46.934,-380.996,1.00000,90.000,328.36,-0.52461,0.85134,0
7,2.60,0.450,0.5000,-46.831,-379.597,1.00000,90.000,314.17,-0.71727,0.69680,0
7,2.60,0.460,0.5000,-46.729,-378.205,1.00000,90.000,299.93,-0.86666,0.49890,0
7,2.60,0.470,0.5000,-46.627,-376.821,1.00000,90.000,285.63,-0.96303,0.26940,0
7,2.60,0.480,0.5000,-46.526,-375.443,1.00000,90.000,271.27,-0.99975,0.02224,0
7,2.60,0.490,0.5000,-46.425,-374.072,1.00000,90.000,256.86,-0.97383,-0.22727,0
7,2.60,0.500,0.5000,-46.325,-372.708,1.00000,90.000,242.40,-0.88618,-0.46334,0
7,2.60,0.510,0.5000,-46.225,-371.350,1.00000,90.000,227.87,-0.74167,-0.67077,0
7,2.60,0.520,0.5000,-46.126,-370.000,1.00000,90.000,213.29,-0.54894,-0.83586,0
7,2.60,0.530,0.5000,-46.028,-368.656,1.00000,90.000,198.66,-0.31992,-0.94744,0
7,2.60,0.540,0.5000,-45.930,-367.319,1.00000,90.000,183.96,-0.06915,-0.99761,0
7,2.60,0.550,0.5000,-45.832,-365.988,1.00000,90.000,169.21,0.18712,-0.98234,0
7,2.60,0.560,0.5000,-45.735,-364.664,1.00000,90.000,154.41,0.43196,-0.90189,0
7,2.60,0.570,0.5000,-45.638,-363.347,1.00000,90.000,139.54,0.64887,-0.76090,0
7,2.60,0.580,0.5000,-45.542,-362.036,1.00000,90.000,124.62,0.82292,-0.56815,0
7,2.60,0.590,0.5000,-45.446,-360.732,1.00000,90.000,109.64,0.94181,-0.33614,0
7,2.60,0.600,0.5000,-45.351,-359.434,1.00000,90.000,94.60,0.99677,-0.08028,0
7,2.60,0.610,0.5000,-45.256,-358.143,1.00000,90.000,79.51,0.98329,0.18207,0
7,2.60,0.620,0.5000,-45.162,-356.859,1.00000,90.000,64.36,0.90151,0.43277,0
7,2.60,0.630,0.5000,-45.068,-355.580,1.00000,90.000,49.15,0.75637,0.65414,0
7,2.60,0.640,0.5000,-44.974,-354.308,1.00000,90.000,33.88,0.55739,0.83025,0
7,2.60,0.650,0.5000,-44.881,-353.043,1.00000,90.000,18.55,0.31808,0.94806,0
7,2.60,0.660,0.5000,-44.789,-351.783,1.00000,90.000,3.16,0.05513,0.99848,0
7,2.60,0.670,0.5000,-44.697,-350.530,1.00000,90.000,347.71,-0.21279,0.97710,0
7,2.60,0.680,0.5000,-44.605,-349.284,1.00000,90.000,332.21,-0.46624,0.88466,0
7,2.60,0.690,0.5000,-44.514,-348.043,1.00000,90.000,316.65,-0.68651,0.72712,0
7,2.60,0.700,0.5000,-44.424,-346.809,1.00000,90.000,301.02,-0.85697,0.51537,0
7,2.60,0.710,0.5000,-44.334,-345.580,1.00000,90.000,285.34,-0.96438,0.26453,0
7,2.60,0.720,0.5000,-44.244,-344.358,1.00000,90.000,269.60,-0.99998,-0.00704,0
7,2.60,0.730,0.5000,-44.155,-343.142,1.00000,90.000,253.79,-0.96027,-0.27908,0
7,2.60,0.740,0.5000,-44.066,-341.932,1.00000,90.000,237.93,-0.84742,-0.53092,0
7,2.60,0.750,0.5000,-43.977,-340.729,1.00000,90.000,222.01,-0.66926,-0.74303,0
7,2.60,0.760,0.5000,-43.889,-339.531,1.00000,90.000,206.03,-0.43880,-0.89858,0
7,2.60,0.770,0.5000,-43.802,-338.339,1.00000,90.000,189.98,-0.17338,-0.98486,0
7,2.60,0.780,0.5000,-43.715,-337.153,1.00000,90.000,173.88,0.10660,-0.99430,0
7,2.60,0.790,0.5000,-43.628,-335.973,1.00000,90.000,157.72,0.37919,-0.92532,0
7,2.60,0.800,0.5000,-43.542,-334.799,1.00000,90.000,141.49,0.62263,-0.78252,0
7,2.60,0.810,0.5000,-43.456,-333.630,1.00000,90.000,125.21,0.81709,-0.57651,0
7,2.60,0.820,0.5000,-43.371,-332.468,1.00000,90.000,108.86,0.94632,-0.32322,0
7,2.60,0.830,0.5000,-43.286,-331.311,1.00000,90.000,92.45,0.99909,-0.04274,0
7,2.60,0.840,0.5000,-43.202,-330.160,1.00000,90.000,75.98,0.97021,0.24228,0
7,2.60,0.850,0.5000,-43.117,-329.015,1.00000,90.000,59.45,0.86116,0.50833,0
7,2.60,0.860,0.5000,-43.034,-327.876,1.00000,90.000,42.85,0.68013,0.73309,0
7,2.60,0.870,0.5000,-42.951,-326.742,1.00000,90.000,26.20,0.44148,0.89727,0
7,2.60,0.880,0.5000,-42.868,-325.614,1.00000,90.000,9.48,0.16471,0.98634,0
7,2.60,0.890,0.5000,-42.785,-324.491,1.00000,90.000,352.70,-0.12706,0.99190,0
7,2.60,0.900,0.5000,-42.703,-323.374,1.00000,90.000,315.00,-0.70711,0.70711,0
7,2.60,0.910,0.5000,-42.622,-322.263,1.00000,90.000,-nan,-nan,-nan,0
7,2.60,0.920,0.5000,-42.541,-321.157,1.00000,90.000,-nan,-nan,-nan,0
7,2.60,0.930,0.5000,-42.460,-320.057,1.00000,90.000,-nan,-nan,-nan,0
7,2.60,0.940,0.5000,-42.379,-318.962,1.00000,90.000,-nan,-nan,-nan,0
7,2.60,0.950,0.5000,-42.299,-317.873,1.00000,90.000,-nan,-nan,-nan,0
7,2.60,0.960,0.5000,-42.220,-316.789,1.00000,90.000,-nan,-nan,-nan,0
7,2.60,0.970,0.5000,-42.141,-315.711,1.00000,90.000,-nan,-nan,-nan,0
7,2.60,0.980,0.5000,-42.062,-314.637,1.00000,90.000,-nan,-nan,-nan,0
7,2.60,0.990,0.5000,-41.984,-313.570,1.00000,90.000,-nan,-nan,-nan,0
7,2.60,1.000,0.5000,-41.906,-312.507,1.00000,90.000,-nan,-nan,-nan,0
7,2.60,1.010,0.5000,-41.828,-311.450,1.00000,90.000,-nan,-nan,-nan,0
7,2.60,1.020,0.5000,-41.751,-310.398,1.00000,90.000,-nan,-nan,-nan,0
7,2.60,1.030,0.5000,-41.674,-309.352,1.00000,90.000,-nan,-nan,-nan,0
7,2.60,1.040,0.5000,-41.597,-308.310,1.00000,90.000,-nan,-nan,-nan,0
7,2.60,1.050,0.5000,-41.521,-307.274,1.00000,90.000,-nan,-nan,-nan,0
7,2.60,1.060,0.5000,-41.446,-306.243,1.00000,90.000,-nan,-nan,-nan,0
7,2.60,1.070,0.5000,-41.370,-305.217,1.00000,90.000,-nan,-nan,-nan,0
7,2.60,1.080,0.5000,-41.295,-304.196,1.00000,90.000,-nan,-nan,-nan,0
7,2.60,1.090,0.5000,-41.221,-303.181,1.00000,90.000,-nan,-nan,-nan,0
7,2.60,1.100,0.5000,-41.147,-302.170,1.00000,90.000,-nan,-nan,-nan,0
7,2.60,1.110,0.5000,-41.073,-301.165,1.00000,90.000,-nan,-nan,-nan,0
7,2.60,1.120,0.5000,-40.999,-300.164,1.00000,90.000,-nan,-nan,-nan,0
7,2.60,1.130,0.5000,-40.926,-299.168,1.00000,90.000,-nan,-nan,-nan,0
7,2.60,1.140,0.5000,-40.854,-298.178,1.00000,90.000,-nan,-nan,-nan,0
7,2.60,1.150,0.5000,-40.781,-297.192,1.00000,90.000,-nan,-nan,-nan,0
7,2.60,1.160,0.5000,-40.709,-296.211,1.00000,90.000,-nan,-nan,-nan,0
7,2.60,1.170,0.5000,-40.638,-295.236,1.00000,90.000,-nan,-nan,-nan,0
7,2.60,1.180,0.5000,-40.566,-294.265,1.00000,90.000,-nan,-nan,-nan,0
7,2.60,1.190,0.5000,-40.495,-293.298,1.00000,90.000,-nan,-nan,-nan,0
7,2.60,1.200,0.5000,-40.425,-292.337,1.00000,90.000,-nan,-nan,-nan,0
7,2.60,1.210,0.5000,-40.355,-291.381,1.00000,90.000,-nan,-nan,-nan,0
7,2.60,1.220,0.5000,-40.285,-290.429,1.00000,90.000,-nan,-nan,-nan,0
7,2.60,1.230,0.5000,-40.215,-289.482,1.00000,90.000,-nan,-nan,-nan,0
7,2.60,1.240,0.5000,-40.146,-288.540,1.00000,90.000,-nan,-nan,-nan,0
7,2.60,1.250,0.5000,-40.077,-287.602,1.00000,90.000,-nan,-nan,-nan,0
7,2.60,1.260,0.5000,-40.009,-286.669,1.00000,90.000,-nan,-nan,-nan,0
7,2.60,1.270,0.5000,-39.940,-285.741,1.00000,90.000,-nan,-nan,-nan,0
7,2.60,1.280,0.5000,-39.873,-284.817,1.00000,90.000,-nan,-nan,-nan,0
7,2.60,1.290,0.5000,-39.805,-283.898,1.00000,90.000,-nan,-nan,-nan,0
7,2.60,1.300,0.5000,-39.738,-282.984,1.00000,90.000,-nan,-nan,-nan,0
7,2.60,1.310,0.5000,-39.671,-282.074,1.00000,90.000,-nan,-nan,-nan,0
7,2.60,1.320,0.5000,-39.605,-281.169,1.00000,90.000,-nan,-nan,-nan,0
7,2.60,1.330,0.5000,-39.539,-280.268,1.00000,90.000,-nan,-nan,-nan,0
7,2.60,1.340,0.5000,-39.473,-279.371,1.00000,90.000,-nan,-nan,-nan,0
7,2.60,1.350,0.5000,-39.407,-278.480,1.00000,90.000,-nan,-nan,-nan,0
7,2.60,1.360,0.5000,-39.342,-277.592,1.00000,90.000,-nan,-nan,-nan,0
7,2.60,1.370,0.5000,-39.277,-276.709,1.00000,90.000,-nan,-nan,-nan,0
7,2.60,1.380,0.5000,-39.213,-275.831,1.00000,90.000,-nan,-nan,-nan,0
7,2.60,1.390,0.5000,-39.149,-274.956,1.00000,90.000,-nan,-nan,-nan,0
7,2.60,1.400,0.5000,-39.085,-274.086,1.00000,90.000,-nan,-nan,-nan,0
7,2.60,1.410,0.5000,-39.021,-273.221,1.00000,90.000,-nan,-nan,-nan,0
7,2.60,1.420,0.5000,-38.958,-272.360,1.00000,90.000,-nan,-nan,-nan,0
7,2.60,1.430,0.5000,-38.895,-271.503,1.00000,90.000,-nan,-nan,-nan,0
7,2.60,1.440,0.5000,-38.833,-270.650,1.00000,90.000,-nan,-nan,-nan,0
7,2.60,1.450,0.5000,-38.770,-269.802,1.00000,90.000,-nan,-nan,-nan,0
7,2.60,1.460,0.5000,-38.708,-268.958,1.00000,90.000,-nan,-nan,-nan,0
7,2.60,1.470,0.5000,-38.647,-268.118,1.00000,90.000,-nan,-nan,-nan,0
7,2.60,1.480,0.5000,-38.585,-267.282,1.00000,90.000,-nan,-nan,-nan,0
7,2.60,1.490,0.5000,-38.524,-266.451,1.00000,90.000,-nan,-nan,-nan,0
7,2.60,1.500,0.5000,-38.464,-265.623,1.00000,90.000,-nan,-nan,-nan,0
7,2.60,1.510,0.5000,-38.403,-264.800,1.00000,90.000,-nan,-nan,-nan,0
7,2.60,1.520,0.5000,-38.343,-263.981,1.00000,90.000,-nan,-nan,-nan,0
7,2.60,1.530,0.5000,-38.283,-263.166,1.00000,90.000,-nan,-nan,-nan,0
7,2.60,1.540,0.5000,-38.224,-262.355,1.00000,90.000,-nan,-nan,-nan,0
7,2.60,1.550,0.5000,-38.164,-261.548,1.00000,90.000,-nan,-nan,-nan,0
7,2.60,1.560,0.5000,-38.105,-260.745,1.00000,90.000,-nan,-nan,-nan,0
7,2.60,1.570,0.5000,-38.047,-259.946,1.00000,90.000,-nan,-nan,-nan,0
7,2.60,1.580,0.5000,-37.988,-259.151,1.00000,90.000,-nan,-nan,-nan,0
7,2.60,1.590,0.5000,-37.930,-258.360,1.00000,90.000,-nan,-nan,-nan,0
7,2.60,1.600,0.5000,-37.873,-257.573,1.00000,90.000,-nan,-nan,-nan,0
7,2.60,1.610,0.5000,-37.815,-256.789,1.00000,90.000,-nan,-nan,-nan,0
7,2.60,1.620,0.5000,-37.758,-256.010,1.00000,90.000,-nan,-nan,-nan,0
7,2.60,1.630,0.5000,-37.701,-255.235,1.00000,90.000,-nan,-nan,-nan,0
7,2.60,1.640,0.5000,-37.644,-254.463,1.00000,90.000,-nan,-nan,-nan,0
7,2.60,1.650,0.5000,-37.588,-253.696,1.00000,90.000,-nan,-nan,-nan,0
7,2.60,1.660,0.5000,-37.532,-252.932,1.00000,90.000,-nan,-nan,-nan,0
7,2.60,1.670,0.5000,-37.476,-252.172,1.00000,90.000,-nan,-nan,-nan,0
7,2.60,1.680,0.5000,-37.421,-251.416,1.00000,90.000,-nan,-nan,-nan,0
7,2.60,1.690,0.5000,-37.365,-250.663,1.00000,90.000,-nan,-nan,-nan,0
7,2.60,1.700,0.5000,-37.310,-249.915,1.00000,90.000,-nan,-nan,-nan,0
7,2.60,1.710,0.5000,-37.256,-249.170,1.00000,90.000,-nan,-nan,-nan,0
7,2.60,1.720,0.5000,-37.201,-248.429,1.00000,90.000,-nan,-nan,-nan,0
7,2.60,1.730,0.5000,-37.147,-247.691,1.00000,90.000,-nan,-nan,-nan,0
7,2.60,1.740,0.5000,-37.093,-246.957,1.00000,90.000,-nan,-nan,-nan,0
7,2.60,1.750,0.5000,-37.040,-246.227,1.00000,90.000,-nan,-nan,-nan,0
7,2.60,1.760,0.5000,-36.986,-245.500,1.00000,90.000,-nan,-nan,-nan,0
7,2.60,1.770,0.5000,-36.933,-244.777,1.00000,90.000,-nan,-nan,-nan,0
7,2.60,1.780,0.5000,-36.880,-244.058,1.00000,90.000,-nan,-nan,-nan,0
7,2.60,1.790,0.5000,-36.828,-243.342,1.00000,90.000,-nan,-nan,-nan,0
7,2.60,1.800,0.5000,-36.776,-242.630,1.00000,90.000,-nan,-nan,-nan,0
7,2.60,1.810,0.5000,-36.724,-241.922,1.00000,90.000,-nan,-nan,-nan,0
7,2.60,1.820,0.5000,-36.672,-241.217,1.00000,90.000,-nan,-nan,-nan,0
7,2.60,1.830,0.5000,-36.620,-240.515,1.00000,90.000,-nan,-nan,-nan,0
7,2.60,1.840,0.5000,-36.569,-239.817,1.00000,90.000,-nan,-nan,-nan,0
7,2.60,1.850,0.5000,-36.518,-239.122,1.00000,90.000,-nan,-nan,-nan,0
7,2.60,1.860,0.5000,-36.467,-238.431,1.00000,90.000,-nan,-nan,-nan,0
7,2.60,1.870,0.5000,-36.417,-237.744,1.00000,90.000,-nan,-nan,-nan,0
7,2.60,1.880,0.5000,-36.367,-237.059,1.00000,90.000,-nan,-nan,-nan,0
7,2.60,1.890,0.5000,-36.317,-236.378,1.00000,90.000,-nan,-nan,-nan,0
7,2.60,1.900,0.5000,-36.267,-235.701,1.00000,90.000,-nan,-nan,-nan,0
7,2.60,1.910,0.5000,-36.217,-235.027,1.00000,90.000,-nan,-nan,-nan,0
7,2.60,1.920,0.5000,-36.168,-234.356,1.00000,90.000,-nan,-nan,-nan,0
7,2.60,1.930,0.5000,-36.119,-233.689,1.00000,90.000,-nan,-nan,-nan,0
7,2.60,1.940,0.5000,-36.070,-233.025,1.00000,90.000,-nan,-nan,-nan,0
7,2.60,1.950,0.5000,-36.022,-232.364,1.00000,90.000,-nan,-nan,-nan,0
7,2.60,1.960,0.5000,-35.974,-231.707,1.00000,90.000,-nan,-nan,-nan,0
7,2.60,1.970,0.5000,-35.926,-231.053,1.00000,90.000,-nan,-nan,-nan,0
7,2.60,1.980,0.5000,-35.878,-230.402,1.00000,90.000,-nan,-nan,-nan,0
7,2.60,1.990,0.5000,-35.830,-229.754,1.00000,90.000,-nan,-nan,-nan,0
7,2.60,2.000,0.5000,-35.783,-229.110,1.00000,90.000,-nan,-nan,-nan,0
7,2.60,2.010,0.5000,-35.736,-228.469,1.00000,90.000,-nan,-nan,-nan,0
7,2.60,2.020,0.5000,-35.689,-227.831,1.00000,90.000,-nan,-nan,-nan,0
7,2.60,2.030,0.5000,-35.642,-227.196,1.00000,90.000,-nan,-nan,-nan,0
7,2.60,2.040,0.5000,-35.596,-226.564,1.00000,90.000,-nan,-nan,-nan,0
7,2.60,2.050,0.5000,-35.550,-225.936,1.00000,90.000,-nan,-nan,-nan,0
7,2.60,2.060,0.5000,-35.504,-225.310,1.00000,90.000,-nan,-nan,-nan,0
7,2.60,2.070,0.5000,-35.458,-224.688,1.00000,90.000,-nan,-nan,-nan,0
7,2.60,2.080,0.5000,-35.413,-224.069,1.00000,90.000,-nan,-nan,-nan,0
7,2.60,2.090,0.5000,-35.368,-223.453,1.00000,90.000,-nan,-nan,-nan,0
7,2.60,2.100,0.5000,-35.323,-222.840,1.00000,90.000,-nan,-nan,-nan,0
7,2.60,2.110,0.5000,-35.278,-222.230,1.00000,90.000,-nan,-nan,-nan,0
7,2.60,2.120,0.5000,-35.233,-221.623,1.00000,90.000,-nan,-nan,-nan,0
7,2.60,2.130,0.5000,-35.189,-221.019,1.00000,90.000,-nan,-nan,-nan,0
7,2.60,2.140,0.5000,-35.145,-220.419,1.00000,90.000,-nan,-nan,-nan,0
7,2.60,2.150,0.5000,-35.101,-219.821,1.00000,90.000,-nan,-nan,-nan,0
7,2.60,2.160,0.5000,-35.057,-219.226,1.00000,90.000,-nan,-nan,-nan,0
7,2.60,2.170,0.5000,-35.014,-218.634,1.00000,90.000,-nan,-nan,-nan,0
7,2.60,2.180,0.5000,-34.971,-218.045,1.00000,90.000,-nan,-nan,-nan,0
7,2.60,2.190,0.5000,-34.928,-217.459,1.00000,90.000,-nan,-nan,-nan,0
7,2.60,2.200,0.5000,-34.885,-216.876,1.00000,90.000,-nan,-nan,-nan,0
7,2.60,2.210,0.5000,-34.842,-216.296,1.00000,90.000,-nan,-nan,-nan,0
7,2.60,2.220,0.5000,-34.800,-215.719,1.00000,90.000,-nan,-nan,-nan,0
7,2.60,2.230,0.5000,-34.758,-215.144,1.00000,90.000,-nan,-nan,-nan,0
7,2.60,2.240,0.5000,-34.716,-214.573,1.00000,90.000,-nan,-nan,-nan,0
7,2.60,2.250,0.5000,-34.674,-214.004,1.00000,90.000,-nan,-nan,-nan,0
7,2.60,2.260,0.5000,-34.632,-213.438,1.00000,90.000,-nan,-nan,-nan,0
7,2.60,2.270,0.5000,-34.591,-212.875,1.00000,90.000,-nan,-nan,-nan,0
7,2.60,2.280,0.5000,-34.550,-212.315,1.00000,90.000,-nan,-nan,-nan,0
7,2.60,2.290,0.5000,-34.509,-211.758,1.00000,90.000,-nan,-nan,-nan,0
7,2.60,2.300,0.5000,-34.468,-211.203,1.00000,90.000,-nan,-nan,-nan,0
7,2.60,2.310,0.5000,-34.428,-210.651,1.00000,90.000,-nan,-nan,-nan,0
7,2.60,2.320,0.5000,-34.387,-210.102,1.00000,90.000,-nan,-nan,-nan,0
7,2.60,2.330,0.5000,-34.347,-209.556,1.00000,90.000,-nan,-nan,-nan,0
7,2.60,2.340,0.5000,-34.307,-209.012,1.00000,90.000,-nan,-nan,-nan,0
7,2.60,2.350,0.5000,-34.268,-208.471,1.00000,90.000,-nan,-nan,-nan,0
7,2.60,2.360,0.5000,-34.228,-207.933,1.00000,90.000,-nan,-nan,-nan,0
7,2.60,2.370,0.5000,-34.189,-207.397,1.00000,90.000,-nan,-nan,-nan,0
7,2.60,2.380,0.5000,-34.150,-206.864,1.00000,90.000,-nan,-nan,-nan,0
7,2.60,2.390,0.5000,-34.111,-206.334,1.00000,90.000,-nan,-nan,-nan,0
7,2.60,2.400,0.5000,-34.072,-205.806,1.00000,90.000,-nan,-nan,-nan,0
7,2.60,2.410,0.5000,-34.034,-205.282,1.00000,90.000,-nan,-nan,-nan,0
7,2.60,2.420,0.5000,-33.995,-204.759,1.00000,90.000,-nan,-nan,-nan,0
7,2.60,2.430,0.5000,-33.957,-204.239,1.00000,90.000,-nan,-nan,-nan,0
7,2.60,2.440,0.5000,-33.919,-203.722,1.00000,90.000,-nan,-nan,-nan,0
7,2.60,2.450,0.5000,-33.881,-203.208,1.00000,90.000,-nan,-nan,-nan,0
7,2.60,2.460,0.5000,-33.844,-202.696,1.00000,90.000,-nan,-nan,-nan,0
7,2.60,2.470,0.5000,-33.806,-202.186,1.00000,90.000,-nan,-nan,-nan,0
7,2.60,2.480,0.5000,-33.769,-201.679,1.00000,90.000,-nan,-nan,-nan,0
7,2.60,2.490,0.5000,-33.732,-201.175,1.00000,90.000,-nan,-nan,-nan,0
7,2.60,2.500,0.5000,-33.695,-200.673,1.00000,90.000,-nan,-nan,-nan,0
7,2.60,2.510,0.5000,-33.659,-200.174,1.00000,90.000,-nan,-nan,-nan,0
7,2.60,2.520,0.5000,-33.622,-199.677,1.00000,90.000,-nan,-nan,-nan,0
7,2.60,2.530,0.5000,-33.586,-199.183,1.00000,90.000,-nan,-nan,-nan,0
7,2.60,2.540,0.5000,-33.550,-198.691,1.00000,90.000,-nan,-nan,-nan,0
7,2.60,2.550,0.5000,-33.514,-198.201,1.00000,90.000,-nan,-nan,-nan,0
7,2.60,2.560,0.5000,-33.478,-197.714,1.00000,90.000,-nan,-nan,-nan,0
7,2.60,2.570,0.5000,-33.442,-197.230,1.00000,90.000,-nan,-nan,-nan,0
7,2.60,2.580,0.5000,-33.407,-196.747,1.00000,90.000,-nan,-nan,-nan,0
7,2.60,2.590,0.5000,-33.372,-196.268,1.00000,90.000,-nan,-nan,-nan,0
7,2.60,2.600,0.5000,-33.337,-195.790,1.00000,90.000,-nan,-nan,-nan,0
7,2.60,2.610,0.5000,-33.302,-195.315,1.00000,90.000,-nan,-nan,-nan,0
7,2.60,2.620,0.5000,-33.267,-194.843,1.00000,90.000,-nan,-nan,-nan,0
7,2.60,2.630,0.5000,-33.233,-194.372,1.00000,90.000,-nan,-nan,-nan,0
7,2.60,2.640,0.5000,-33.198,-193.904,1.00000,90.000,-nan,-nan,-nan,0
7,2.60,2.650,0.5000,-33.164,-193.439,1.00000,90.000,-nan,-nan,-nan,0
7,2.60,2.660,0.5000,-33.130,-192.976,1.00000,90.000,-nan,-nan,-nan,0
7,2.60,2.670,0.5000,-33.096,-192.515,1.00000,90.000,-nan,-nan,-nan,0
7,2.60,2.680,0.5000,-33.063,-192.056,1.00000,90.000,-nan,-nan,-nan,0
7,2.60,2.690,0.5000,-33.029,-191.600,1.00000,90.000,-nan,-nan,-nan,0
7,2.60,2.700,0.5000,-32.996,-191.146,1.00000,90.000,-nan,-nan,-nan,0
7,2.60,2.710,0.5000,-32.963,-190.694,1.00000,90.000,-nan,-nan,-nan,0
7,2.60,2.720,0.5000,-32.930,-190.244,1.00000,90.000,-nan,-nan,-nan,0
7,2.60,2.730,0.5000,-32.897,-189.797,1.00000,90.000,-nan,-nan,-nan,0
7,2.60,2.740,0.5000,-32.864,-189.352,1.00000,90.000,-nan,-nan,-nan,0
7,2.60,2.750,0.5000,-32.832,-188.909,1.00000,90.000,-nan,-nan,-nan,0
7,2.60,2.760,0.5000,-32.799,-188.468,1.00000,90.000,-nan,-nan,-nan,0
7,2.60,2.770,0.5000,-32.767,-188.030,1.00000,90.000,-nan,-nan,-nan,0
7,2.60,2.780,0.5000,-32.735,-187.593,1.00000,90.000,-nan,-nan,-nan,0
7,2.60,2.790,0.5000,-32.703,-187.159,1.00000,90.000,-nan,-nan,-nan,0
7,2.60,2.800,0.5000,-32.671,-186.727,1.00000,90.000,-nan,-nan,-nan,0
7,2.60,2.810,0.5000,-32.640,-186.298,1.00000,90.000,-nan,-nan,-nan,0
7,2.60,2.820,0.5000,-32.608,-185.870,1.00000,90.000,-nan,-nan,-nan,0
7,2.60,2.830,0.5000,-32.577,-185.444,1.00000,90.000,-nan,-nan,-nan,0
7,2.60,2.840,0.5000,-32.546,-185.021,1.00000,90.000,-nan,-nan,-nan,0
7,2.60,2.850,0.5000,-32.515,-184.600,1.00000,90.000,-nan,-nan,-nan,0
7,2.60,2.860,0.5000,-32.484,-184.180,1.00000,90.000,-nan,-nan,-nan,0
7,2.60,2.870,0.5000,-32.454,-183.763,1.00000,90.000,-nan,-nan,-nan,0
7,2.60,2.880,0.5000,-32.423,-183.348,1.00000,90.000,-nan,-nan,-nan,0
7,2.60,2.890,0.5000,-32.393,-182.935,1.00000,90.000,-nan,-nan,-nan,0
7,2.60,2.900,0.5000,-32.363,-182.525,1.00000,90.000,-nan,-nan,-nan,0
7,2.60,2.910,0.5000,-32.333,-182.116,1.00000,90.000,-nan,-nan,-nan,0
7,2.60,2.920,0.5000,-32.303,-181.709,1.00000,90.000,-nan,-nan,-nan,0
7,2.60,2.930,0.5000,-32.273,-181.304,1.00000,90.000,-nan,-nan,-nan,0
7,2.60,2.940,0.5000,-32.244,-180.901,1.00000,90.000,-nan,-nan,-nan,0
7,2.60,2.950,0.5000,-32.214,-180.501,1.00000,90.000,-nan,-nan,-nan,0
7,2.60,2.960,0.5000,-32.185,-180.102,1.00000,90.000,-nan,-nan,-nan,0
7,2.60,2.970,0.5000,-32.156,-179.705,1.00000,90.000,-nan,-nan,-nan,0
7,2.60,2.980,0.5000,-32.127,-179.310,1.00000,90.000,-nan,-nan,-nan,0
7,2.60,2.990,0.5000,-32.098,-178.918,1.00000,90.000,-nan,-nan,-nan,0
7,2.60,3.000,0.5000,-32.069,-178.527,1.00000,90.000,-nan,-nan,-nan,0
7,2.60,3.010,0.5000,-32.041,-178.138,1.00000,90.000,-nan,-nan,-nan,0
7,2.60,3.020,0.5000,-32.012,-177.751,1.00000,90.000,-nan,-nan,-nan,0
7,2.60,3.030,0.5000,-31.984,-177.366,1.00000,90.000,-nan,-nan,-nan,0
7,2.60,3.040,0.5000,-31.956,-176.983,1.00000,90.000,-nan,-nan,-nan,0
7,2.60,3.050,0.5000,-31.928,-176.602,1.00000,90.000,-nan,-nan,-nan,0
7,2.60,3.060,0.5000,-31.900,-176.222,1.00000,90.000,-nan,-nan,-nan,0
7,2.60,3.070,0.5000,-31.873,-175.845,1.00000,90.000,-nan,-nan,-nan,0
7,2.60,3.080,0.5000,-31.845,-175.469,1.00000,90.000,-nan,-nan,-nan,0
7,2.60,3.090,0.5000,-31.818,-175.096,1.00000,90.000,-nan,-nan,-nan,0
7,2.60,3.100,0.5000,-31.790,-174.724,1.00000,90.000,-nan,-nan,-nan,0
7,2.60,3.110,0.5000,-31.763,-174.354,1.00000,90.000,-nan,-nan,-nan,0
7,2.60,3.120,0.5000,-31.736,-173.986,1.00000,90.000,-nan,-nan,-nan,0
7,2.60,3.130,0.5000,-31.709,-173.620,1.00000,90.000,-nan,-nan,-nan,0
7,2.60,3.140,0.5000,-31.682,-173.255,1.00000,90.000,-nan,-nan,-nan,0
7,2.60,3.150,0.5000,-31.656,-172.893,1.00000,90.000,-nan,-nan,-nan,0
7,2.60,3.160,0.5000,-31.629,-172.532,1.00000,90.000,-nan,-nan,-nan,0
7,2.60,3.170,0.5000,-31.603,-172.173,1.00000,90.000,-nan,-nan,-nan,0
7,2.60,3.180,0.5000,-31.577,-171.816,1.00000,90.000,-nan,-nan,-nan,0
7,2.60,3.190,0.5000,-31.551,-171.460,1.00000,90.000,-nan,-nan,-nan,0
7,2.60,3.200,0.5000,-31.525,-171.107,1.00000,90.000,-nan,-nan,-nan,0
7,2.60,3.210,0.5000,-31.499,-170.755,1.00000,90.000,-nan,-nan,-nan,0
7,2.60,3.220,0.5000,-31.473,-170.405,1.00000,90.000,-nan,-nan,-nan,0
7,2.60,3.230,0.5000,-31.448,-170.056,1.00000,90.000,-nan,-nan,-nan,0
7,2.60,3.240,0.5000,-31.422,-169.710,1.00000,90.000,-nan,-nan,-nan,0
7,2.60,3.250,0.5000,-31.397,-169.365,1.00000,90.000,-nan,-nan,-nan,0
7,2.60,3.260,0.5000,-31.372,-169.021,1.00000,90.000,-nan,-nan,-nan,0
7,2.60,3.270,0.5000,-31.347,-168.680,1.00000,90.000,-nan,-nan,-nan,0
7,2.60,3.280,0.5000,-31.322,-168.340,1.00000,90.000,-nan,-nan,-nan,0
7,2.60,3.290,0.5000,-31.297,-168.002,1.00000,90.000,-nan,-nan,-nan,0
7,2.60,3.300,0.5000,-31.272,-167.666,1.00000,90.000,-nan,-nan,-nan,0
7,2.60,3.310,0.5000,-31.247,-167.331,1.00000,90.000,-nan,-nan,-nan,0
7,2.60,3.320,0.5000,-31.223,-166.998,1.00000,90.000,-nan,-nan,-nan,0
7,2.60,3.330,0.5000,-31.199,-166.666,1.00000,90.000,-nan,-nan,-nan,0
7,2.60,3.340,0.5000,-31.174,-166.337,1.00000,90.000,-nan,-nan,-nan,0
7,2.60,3.350,0.5000,-31.150,-166.009,1.00000,90.000,-nan,-nan,-nan,0
7,2.60,3.360,0.5000,-31.126,-165.682,1.00000,90.000,-nan,-nan,-nan,0
7,2.60,3.370,0.5000,-31.103,-165.357,1.00000,90.000,-nan,-nan,-nan,0
7,2.60,3.380,0.5000,-31.079,-165.034,1.00000,90.000,-nan,-nan,-nan,0
7,2.60,3.390,0.5000,-31.055,-164.713,1.00000,90.000,-nan,-nan,-nan,0
7,2.60,3.400,0.5000,-31.032,-164.393,1.00000,90.000,-nan,-nan,-nan,0
7,2.60,3.410,0.5000,-31.008,-164.074,1.00000,90.000,-nan,-nan,-nan,0
7,2.60,3.420,0.5000,-30.985,-163.757,1.00000,90.000,-nan,-nan,-nan,0
7,2.60,3.430,0.5000,-30.962,-163.442,1.00000,90.000,-nan,-nan,-nan,0
7,2.60,3.440,0.5000,-30.939,-163.128,1.00000,90.000,-nan,-nan,-nan,0
7,2.60,3.450,0.5000,-30.916,-162.816,1.00000,90.000,-nan,-nan,-nan,0
7,2.60,3.460,0.5000,-30.893,-162.506,1.00000,90.000,-nan,-nan,-nan,0
7,2.60,3.470,0.5000,-30.871,-162.197,1.00000,90.000,-nan,-nan,-nan,0
7,2.60,3.480,0.5000,-30.848,-161.889,1.00000,90.000,-nan,-nan,-nan,0
7,2.60,3.490,0.5000,-30.826,-161.583,1.00000,90.000,-nan,-nan,-nan,0
7,2.60,3.500,0.5000,-30.803,-161.279,1.00000,90.000,-nan,-nan,-nan,0
7,2.60,3.510,0.5000,-30.781,-160.976,1.00000,90.000,-nan,-nan,-nan,0
7,2.60,3.520,0.5000,-30.759,-160.675,1.00000,90.000,-nan,-nan,-nan,0
7,2.60,3.530,0.5000,-30.737,-160.375,1.00000,90.000,-nan,-nan,-nan,0
7,2.60,3.540,0.5000,-30.715,-160.077,1.00000,90.000,-nan,-nan,-nan,0
7,2.60,3.550,0.5000,-30.693,-159.780,1.00000,90.000,-nan,-nan,-nan,0
7,2.60,3.560,0.5000,-30.671,-159.484,1.00000,90.000,-nan,-nan,-nan,0
7,2.60,3.570,0.5000,-30.650,-159.190,1.00000,90.000,-nan,-nan,-nan,0
7,2.60,3.580,0.5000,-30.628,-158.898,1.00000,90.000,-nan,-nan,-nan,0
7,2.60,3.590,0.5000,-30.607,-158.607,1.00000,90.000,-nan,-nan,-nan,0
7,2.60,3.600,0.5000,-30.586,-158.317,1.00000,90.000,-nan,-nan,-nan,0
7,2.60,3.610,0.5000,-30.565,-158.029,1.00000,90.000,-nan,-nan,-nan,0
7,2.60,3.620,0.5000,-30.544,-157.743,1.00000,90.000,-nan,-nan,-nan,0
7,2.60,3.630,0.5000,-30.523,-157.457,1.00000,90.000,-nan,-nan,-nan,0
7,2.60,3.640,0.5000,-30.502,-157.174,1.00000,90.000,-nan,-nan,-nan,0
7,2.60,3.650,0.5000,-30.481,-156.891,1.00000,90.000,-nan,-nan,-nan,0
7,2.60,3.660,0.5000,-30.460,-156.610,1.00000,90.000,-nan,-nan,-nan,0
7,2.60,3.670,0.5000,-30.440,-156.331,1.00000,90.000,-nan,-nan,-nan,0
7,2.60,3.680,0.5000,-30.419,-156.052,1.00000,90.000,-nan,-nan,-nan,0
7,2.60,3.690,0.5000,-30.399,-155.776,1.00000,90.000,-nan,-nan,-nan,0
7,2.60,3.700,0.5000,-30.379,-155.500,1.00000,90.000,-nan,-nan,-nan,0
7,2.60,3.710,0.5000,-30.359,-155.226,1.00000,90.000,-nan,-nan,-nan,0
7,2.60,3.720,0.5000,-30.339,-154.954,1.00000,90.000,-nan,-nan,-nan,0
7,2.60,3.730,0.5000,-30.319,-154.682,1.00000,90.000,-nan,-nan,-nan,0
7,2.60,3.740,0.5000,-30.299,-154.412,1.00000,90.000,-nan,-nan,-nan,0
7,2.60,3.750,0.5000,-30.279,-154.144,1.00000,90.000,-nan,-nan,-nan,0
7,2.60,3.760,0.5000,-30.260,-153.876,1.00000,90.000,-nan,-nan,-nan,0
7,2.60,3.770,0.5000,-30.240,-153.610,1.00000,90.000,-nan,-nan,-nan,0
7,2.60,3.780,0.5000,-30.221,-153.346,1.00000,90.000,-nan,-nan,-nan,0
7,2.60,3.790,0.5000,-30.201,-153.082,1.00000,90.000,-nan,-nan,-nan,0
7,2.60,3.800,0.5000,-30.182,-152.820,1.00000,90.000,-nan,-nan,-nan,0
7,2.60,3.810,0.5000,-30.163,-152.560,1.00000,90.000,-nan,-nan,-nan,0
7,2.60,3.820,0.5000,-30.144,-152.300,1.00000,90.000,-nan,-nan,-nan,0
7,2.60,3.830,0.5000,-30.125,-152.042,1.00000,90.000,-nan,-nan,-nan,0
7,2.60,3.840,0.5000,-30.106,-151.785,1.00000,90.000,-nan,-nan,-nan,0
7,2.60,3.850,0.5000,-30.087,-151.530,1.00000,90.000,-nan,-nan,-nan,0
7,2.60,3.860,0.5000,-30.069,-151.276,1.00000,90.000,-nan,-nan,-nan,0
7,2.60,3.870,0.5000,-30.050,-151.023,1.00000,90.000,-nan,-nan,-nan,0
7,2.60,3.880,0.5000,-30.032,-150.771,1.00000,90.000,-nan,-nan,-nan,0
7,2.60,3.890,0.5000,-30.013,-150.521,1.00000,90.000,-nan,-nan,-nan,0
7,2.60,3.900,0.5000,-29.995,-150.271,1.00000,90.000,-nan,-nan,-nan,0
7,2.60,3.910,0.5000,-29.977,-150.023,1.00000,90.000,-nan,-nan,-nan,0
7,2.60,3.920,0.5000,-29.959,-149.777,1.00000,90.000,-nan,-nan,-nan,0
7,2.60,3.930,0.5000,-29.941,-149.531,1.00000,90.000,-nan,-nan,-nan,0
7,2.60,3.940,0.5000,-29.923,-149.287,1.00000,90.000,-nan,-nan,-nan,0
7,2.60,3.950,0.5000,-29.905,-149.044,1.00000,90.000,-nan,-nan,-nan,0
7,2.60,3.960,0.5000,-29.887,-148.802,1.00000,90.000,-nan,-nan,-nan,0
7,2.60,3.970,0.5000,-29.869,-148.561,1.00000,90.000,-nan,-nan,-nan,0
7,2.60,3.980,0.5000,-29.852,-148.322,1.00000,90.000,-nan,-nan,-nan,0
7,2.60,3.990,0.5000,-29.834,-148.084,1.00000,90.000,-nan,-nan,-nan,0
7,2.60,4.000,0.5000,-29.817,-147.847,1.00000,90.000,-nan,-nan,-nan,0
7,2.60,4.010,0.5000,-29.800,-147.611,1.00000,90.000,-nan,-nan,-nan,0
7,2.60,4.020,0.5000,-29.782,-147.376,1.00000,90.000,-nan,-nan,-nan,0
7,2.60,4.030,0.5000,-29.765,-147.142,1.00000,90.000,-nan,-nan,-nan,0
7,2.60,4.040,0.5000,-29.748,-146.910,1.00000,90.000,-nan,-nan,-nan,0
7,2.60,4.050,0.5000,-29.731,-146.679,1.00000,90.000,-nan,-nan,-nan,0
7,2.60,4.060,0.5000,-29.714,-146.449,1.00000,90.000,-nan,-nan,-nan,0
7,2.60,4.070,0.5000,-29.698,-146.220,1.00000,90.000,-nan,-nan,-nan,0
7,2.60,4.080,0.5000,-29.681,-145.992,1.00000,90.000,-nan,-nan,-nan,0
7,2.60,4.090,0.5000,-29.664,-145.766,1.00000,90.000,-nan,-nan,-nan,0
7,2.60,4.100,0.5000,-29.648,-145.540,1.00000,90.000,-nan,-nan,-nan,0
7,2.60,4.110,0.5000,-29.631,-145.316,1.00000,90.000,-nan,-nan,-nan,0
7,2.60,4.120,0.5000,-29.615,-145.092,1.00000,90.000,-nan,-nan,-nan,0
7,2.60,4.130,0.5000,-29.599,-144.870,1.00000,90.000,-nan,-nan,-nan,0
7,2.60,4.140,0.5000,-29.582,-144.649,1.00000,90.000,-nan,-nan,-nan,0
7,2.60,4.150,0.5000,-29.566,-144.429,1.00000,90.000,-nan,-nan,-nan,0
7,2.60,4.160,0.5000,-29.550,-144.210,1.00000,90.000,-nan,-nan,-nan,0
7,2.60,4.170,0.5000,-29.534,-143.993,1.00000,90.000,-nan,-nan,-nan,0
7,2.60,4.180,0.5000,-29.518,-143.776,1.00000,90.000,-nan,-nan,-nan,0
7,2.60,4.190,0.5000,-29.502,-143.561,1.00000,90.000,-nan,-nan,-nan,0
7,2.60,4.200,0.5000,-29.487,-143.346,1.00000,90.000,-nan,-nan,-nan,0
7,2.60,4.210,0.5000,-29.471,-143.133,1.00000,90.000,-nan,-nan,-nan,0
7,2.60,4.220,0.5000,-29.455,-142.920,1.00000,90.000,-nan,-nan,-nan,0
7,2.60,4.230,0.5000,-29.440,-142.709,1.00000,90.000,-nan,-nan,-nan,0
7,2.60,4.240,0.5000,-29.424,-142.499,1.00000,90.000,-nan,-nan,-nan,0
7,2.60,4.250,0.5000,-29.409,-142.289,1.00000,90.000,-nan,-nan,-nan,0
7,2.60,4.260,0.5000,-29.394,-142.081,1.00000,90.000,-nan,-nan,-nan,0
7,2.60,4.270,0.5000,-29.379,-141.874,1.00000,90.000,-nan,-nan,-nan,0
7,2.60,4.280,0.5000,-29.363,-141.668,1.00000,90.000,-nan,-nan,-nan,0
7,2.60,4.290,0.5000,-29.348,-141.463,1.00000,90.000,-nan,-nan,-nan,0
7,2.60,4.300,0.5000,-29.333,-141.259,1.00000,90.000,-nan,-nan,-nan,0
7,2.60,4.310,0.5000,-29.318,-141.056,1.00000,90.000,-nan,-nan,-nan,0
7,2.60,4.320,0.5000,-29.304,-140.854,1.00000,90.000,-nan,-nan,-nan,0
7,2.60,4.330,0.5000,-29.289,-140.653,1.00000,90.000,-nan,-nan,-nan,0
7,2.60,4.340,0.5000,-29.274,-140.453,1.00000,90.000,-nan,-nan,-nan,0
7,2.60,4.350,0.5000,-29.260,-140.254,1.00000,90.000,-nan,-nan,-nan,0
7,2.60,4.360,0.5000,-29.245,-140.056,1.00000,90.000,-nan,-nan,-nan,0
7,2.60,4.370,0.5000,-29.231,-139.859,1.00000,90.000,-nan,-nan,-nan,0
7,2.60,4.380,0.5000,-29.216,-139.663,1.00000,90.000,-nan,-nan,-nan,0
7,2.60,4.390,0.5000,-29.202,-139.468,1.00000,90.000,-nan,-nan,-nan,0
7,2.60,4.400,0.5000,-29.188,-139.274,1.00000,90.000,-nan,-nan,-nan,0
7,2.60,4.410,0.5000,-29.173,-139.081,1.00000,90.000,-nan,-nan,-nan,0
7,2.60,4.420,0.5000,-29.159,-138.888,1.00000,90.000,-nan,-nan,-nan,0
7,2.60,4.430,0.5000,-29.145,-138.697,1.00000,90.000,-nan,-nan,-nan,0
7,2.60,4.440,0.5000,-29.131,-138.507,1.00000,90.000,-nan,-nan,-nan,0
7,2.60,4.450,0.5000,-29.117,-138.318,1.00000,90.000,-nan,-nan,-nan,0
7,2.60,4.460,0.5000,-29.104,-138.129,1.00000,90.000,-nan,-nan,-nan,0
7,2.60,4.470,0.5000,-29.090,-137.942,1.00000,90.000,-nan,-nan,-nan,0
7,2.60,4.480,0.5000,-29.076,-137.755,1.00000,90.000,-nan,-nan,-nan,0
7,2.60,4.490,0.5000,-29.063,-137.570,1.00000,90.000,-nan,-nan,-nan,0
7,2.60,4.500,0.5000,-29.049,-137.385,1.00000,90.000,-nan,-nan,-nan,0
7,2.60,4.510,0.5000,-29.036,-137.202,1.00000,90.000,-nan,-nan,-nan,0
7,2.60,4.520,0.5000,-29.022,-137.019,1.00000,90.000,-nan,-nan,-nan,0
7,2.60,4.530,0.5000,-29.009,-136.837,1.00000,90.000,-nan,-nan,-nan,0
7,2.60,4.540,0.5000,-28.995,-136.656,1.00000,90.000,-nan,-nan,-nan,0
7,2.60,4.550,0.5000,-28.982,-136.476,1.00000,90.000,-nan,-nan,-nan,0
7,2.60,4.560,0.5000,-28.969,-136.297,1.00000,90.000,-nan,-nan,-nan,0
7,2.60,4.570,0.5000,-28.956,-136.118,1.00000,90.000,-nan,-nan,-nan,0
7,2.60,4.580,0.5000,-28.943,-135.941,1.00000,90.000,-nan,-nan,-nan,0
7,2.60,4.590,0.5000,-28.930,-135.765,1.00000,90.000,-nan,-nan,-nan,0
7,2.60,4.600,0.5000,-28.917,-135.589,1.00000,90.000,-nan,-nan,-nan,0
7,2.60,4.610,0.5000,-28.904,-135.414,1.00000,90.000,-nan,-nan,-nan,0
7,2.60,4.620,0.5000,-28.892,-135.240,1.00000,90.000,-nan,-nan,-nan,0
7,2.60,4.630,0.5000,-28.879,-135.067,1.00000,90.000,-nan,-nan,-nan,0
7,2.60,4.640,0.5000,-28.866,-134.895,1.00000,90.000,-nan,-nan,-nan,0
7,2.60,4.650,0.5000,-28.854,-134.724,1.00000,90.000,-nan,-nan,-nan,0
7,2.60,4.660,0.5000,-28.841,-134.554,1.00000,90.000,-nan,-nan,-nan,0
7,2.60,4.670,0.5000,-28.829,-134.384,1.00000,90.000,-nan,-nan,-nan,0
7,2.60,4.680,0.5000,-28.816,-134.215,1.00000,90.000,-nan,-nan,-nan,0
7,2.60,4.690,0.5000,-28.804,-134.047,1.00000,90.000,-nan,-nan,-nan,0
7,2.60,4.700,0.5000,-28.792,-133.880,1.00000,90.000,-nan,-nan,-nan,0
7,2.60,4.710,0.5000,-28.779,-133.714,1.00000,90.000,-nan,-nan,-nan,0
7,2.60,4.720,0.5000,-28.767,-133.549,1.00000,90.000,-nan,-nan,-nan,0
7,2.60,4.730,0.5000,-28.755,-133.384,1.00000,90.000,-nan,-nan,-nan,0
7,2.60,4.740,0.5000,-28.743,-133.220,1.00000,90.000,-nan,-nan,-nan,0
7,2.60,4.750,0.5000,-28.731,-133.057,1.00000,90.000,-nan,-nan,-nan,0
7,2.60,4.760,0.5000,-28.719,-132.895,1.00000,90.000,-nan,-nan,-nan,0
7,2.60,4.770,0.5000,-28.708,-132.734,1.00000,90.000,-nan,-nan,-nan,0
7,2.60,4.780,0.5000,-28.696,-132.574,1.00000,90.000,-nan,-nan,-nan,0
7,2.60,4.790,0.5000,-28.684,-132.414,1.00000,90.000,-nan,-nan,-nan,0
7,2.60,4.800,0.5000,-28.672,-132.255,1.00000,90.000,-nan,-nan,-nan,0
7,2.60,4.810,0.5000,-28.661,-132.097,1.00000,90.000,-nan,-nan,-nan,0
7,2.60,4.820,0.5000,-28.649,-131.939,1.00000,90.000,-nan,-nan,-nan,0
7,2.60,4.830,0.5000,-28.638,-131.783,1.00000,90.000,-nan,-nan,-nan,0
7,2.60,4.840,0.5000,-28.626,-131.627,1.00000,90.000,-nan,-nan,-nan,0
7,2.60,4.850,0.5000,-28.615,-131.472,1.00000,90.000,-nan,-nan,-nan,0
7,2.60,4.860,0.5000,-28.604,-131.318,1.00000,90.000,-nan,-nan,-nan,0
7,2.60,4.870,0.5000,-28.592,-131.165,1.00000,90.000,-nan,-nan,-nan,0
7,2.60,4.880,0.5000,-28.581,-131.012,1.00000,90.000,-nan,-nan,-nan,0
7,2.60,4.890,0.5000,-28.570,-130.860,1.00000,90.000,-nan,-nan,-nan,0
7,2.60,4.900,0.5000,-28.559,-130.709,1.00000,90.000,-nan,-nan,-nan,0
7,2.60,4.910,0.5000,-28.548,-130.558,1.00000,90.000,-nan,-nan,-nan,0
7,2.60,4.920,0.5000,-28.537,-130.409,1.00000,90.000,-nan,-nan,-nan,0
7,2.60,4.930,0.5000,-28.526,-130.260,1.00000,90.000,-nan,-nan,-nan,0
7,2.60,4.940,0.5000,-28.515,-130.112,1.00000,90.000,-nan,-nan,-nan,0
7,2.60,4.950,0.5000,-28.504,-129.964,1.00000,90.000,-nan,-nan,-nan,0
7,2.60,4.960,0.5000,-28.493,-129.818,1.00000,90.000,-nan,-nan,-nan,0
7,2.60,4.970,0.5000,-28.483,-129.672,1.00000,90.000,-nan,-nan,-nan,0
7,2.60,4.980,0.5000,-28.472,-129.526,1.00000,90.000,-nan,-nan,-nan,0
7,2.60,4.990,0.5000,-28.461,-129.382,1.00000,90.000,-nan,-nan,-nan,0
7,2.60,5.000,0.5000,-28.451,-129.238,1.00000,90.000,-nan,-nan,-nan,0
7,2.60,5.010,0.5000,-28.440,-129.095,1.00000,90.000,-nan,-nan,-nan,0
7,2.60,5.020,0.5000,-28.430,-128.953,1.00000,90.000,-nan,-nan,-nan,0
7,2.60,5.030,0.5000,-28.420,-128.811,1.00000,90.000,-nan,-nan,-nan,0
7,2.60,5.040,0.5000,-28.409,-128.670,1.00000,90.000,-nan,-nan,-nan,0
7,2.60,5.050,0.5000,-28.399,-128.530,1.00000,90.000,-nan,-nan,-nan,0
7,2.60,5.060,0.5000,-28.389,-128.390,1.00000,90.000,-nan,-nan,-nan,0
7,2.60,5.070,0.5000,-28.378,-128.251,1.00000,90.000,-nan,-nan,-nan,0
7,2.60,5.080,0.5000,-28.368,-128.113,1.00000,90.000,-nan,-nan,-nan,0
7,2.60,5.090,0.5000,-28.358,-127.976,1.00000,90.000,-nan,-nan,-nan,0
7,2.60,5.100,0.5000,-28.348,-127.839,1.00000,90.000,-nan,-nan,-nan,0
7,2.60,5.110,0.5000,-28.338,-127.703,1.00000,90.000,-nan,-nan,-nan,0
7,2.60,5.120,0.5000,-28.328,-127.568,1.00000,90.000,-nan,-nan,-nan,0
7,2.60,5.130,0.5000,-28.318,-127.433,1.00000,90.000,-nan,-nan,-nan,0
7,2.60,5.140,0.5000,-28.309,-127.299,1.00000,90.000,-nan,-nan,-nan,0
7,2.60,5.150,0.5000,-28.299,-127.165,1.00000,90.000,-nan,-nan,-nan,0
7,2.60,5.160,0.5000,-28.289,-127.033,1.00000,90.000,-nan,-nan,-nan,0
7,2.60,5.170,0.5000,-28.279,-126.901,1.00000,90.000,-nan,-nan,-nan,0
7,2.60,5.180,0.5000,-28.270,-126.769,1.00000,90.000,-nan,-nan,-nan,0
7,2.60,5.190,0.5000,-28.260,-126.638,1.00000,90.000,-nan,-nan,-nan,0
7,2.60,5.200,0.5000,-28.250,-126.508,1.00000,90.000,-nan,-nan,-nan,0
7,2.60,5.210,0.5000,-28.241,-126.379,1.00000,90.000,-nan,-nan,-nan,0
7,2.60,5.220,0.5000,-28.232,-126.250,1.00000,90.000,-nan,-nan,-nan,0
7,2.60,5.230,0.5000,-28.222,-126.122,1.00000,90.000,-nan,-nan,-nan,0
7,2.60,5.240,0.5000,-28.213,-125.994,1.00000,90.000,-nan,-nan,-nan,0
7,2.60,5.250,0.5000,-28.203,-125.868,1.00000,90.000,-nan,-nan,-nan,0
7,2.60,5.260,0.5000,-28.194,-125.741,1.00000,90.000,-nan,-nan,-nan,0
7,2.60,5.270,0.5000,-28.185,-125.616,1.00000,90.000,-nan,-nan,-nan,0
7,2.60,5.280,0.5000,-28.176,-125.491,1.00000,90.000,-nan,-nan,-nan,0
7,2.60,5.290,0.5000,-28.167,-125.366,1.00000,90.000,-nan,-nan,-nan,0
7,2.60,5.300,0.5000,-28.158,-125.243,1.00000,90.000,-nan,-nan,-nan,0
7,2.60,5.310,0.5000,-28.149,-125.119,1.00000,90.000,-nan,-nan,-nan,0
7,2.60,5.320,0.5000,-28.140,-124.997,1.00000,90.000,-nan,-nan,-nan,0
7,2.60,5.330,0.5000,-28.131,-124.875,1.00000,90.000,-nan,-nan,-nan,0
7,2.60,5.340,0.5000,-28.122,-124.754,1.00000,90.000,-nan,-nan,-nan,0
7,2.60,5.350,0.5000,-28.113,-124.633,1.00000,90.000,-nan,-nan,-nan,0
7,2.60,5.360,0.5000,-28.104,-124.513,1.00000,90.000,-nan,-nan,-nan,0
7,2.60,5.370,0.5000,-28.095,-124.393,1.00000,90.000,-nan,-nan,-nan,0
7,2.60,5.380,0.5000,-28.086,-124.274,1.00000,90.000,-nan,-nan,-nan,0
7,2.60,5.390,0.5000,-28.078,-124.156,1.00000,90.000,-nan,-nan,-nan,0
7,2.60,5.400,0.5000,-28.069,-124.038,1.00000,90.000,-nan,-nan,-nan,0
7,2.60,5.410,0.5000,-28.061,-123.921,1.00000,90.000,-nan,-nan,-nan,0
7,2.60,5.420,0.5000,-28.052,-123.805,1.00000,90.000,-nan,-nan,-nan,0
7,2.60,5.430,0.5000,-28.043,-123.689,1.00000,90.000,-nan,-nan,-nan,0
7,2.60,5.440,0.5000,-28.035,-123.573,1.00000,90.000,-nan,-nan,-nan,0
7,2.60,5.450,0.5000,-28.027,-123.459,1.00000,90.000,-nan,-nan,-nan,0
7,2.60,5.460,0.5000,-28.018,-123.344,1.00000,90.000,-nan,-nan,-nan,0
7,2.60,5.470,0.5000,-28.010,-123.231,1.00000,90.000,-nan,-nan,-nan,0
7,2.60,5.480,0.5000,-28.002,-123.118,1.00000,90.000,-nan,-nan,-nan,0
7,2.60,5.490,0.5000,-27.993,-123.005,1.00000,90.000,-nan,-nan,-nan,0
7,2.60,5.500,0.5000,-27.985,-122.893,1.00000,90.000,-nan,-nan,-nan,0
7,2.60,5.510,0.5000,-27.977,-122.782,1.00000,90.000,-nan,-nan,-nan,0
7,2.60,5.520,0.5000,-27.969,-122.671,1.00000,90.000,-nan,-nan,-nan,0
7,2.60,5.530,0.5000,-27.961,-122.560,1.00000,90.000,-nan,-nan,-nan,0
7,2.60,5.540,0.5000,-27.953,-122.451,1.00000,90.000,-nan,-nan,-nan,0
7,2.60,5.550,0.5000,-27.945,-122.341,1.00000,90.000,-nan,-nan,-nan,0
7,2.60,5.560,0.5000,-27.937,-122.233,1.00000,90.000,-nan,-nan,-nan,0
7,2.60,5.570,0.5000,-27.929,-122.125,1.00000,90.000,-nan,-nan,-nan,0
7,2.60,5.580,0.5000,-27.921,-122.017,1.00000,90.000,-nan,-nan,-nan,0
7,2.60,5.590,0.5000,-27.913,-121.910,1.00000,90.000,-nan,-nan,-nan,0
7,2.60,5.600,0.5000,-27.905,-121.803,1.00000,90.000,-nan,-nan,-nan,0
7,2.60,5.610,0.5000,-27.897,-121.698,1.00000,90.000,-nan,-nan,-nan,0
7,2.60,5.620,0.5000,-27.890,-121.592,1.00000,90.000,-nan,-nan,-nan,0
7,2.60,5.630,0.5000,-27.882,-121.487,1.00000,90.000,-nan,-nan,-nan,0
7,2.60,5.640,0.5000,-27.874,-121.383,1.00000,90.000,-nan,-nan,-nan,0
7,2.60,5.650,0.5000,-27.867,-121.279,1.00000,90.000,-nan,-nan,-nan,0
7,2.60,5.660,0.5000,-27.859,-121.175,1.00000,90.000,-nan,-nan,-nan,0
7,2.60,5.670,0.5000,-27.851,-121.073,1.00000,90.000,-nan,-nan,-nan,0
7,2.60,5.680,0.5000,-27.844,-120.970,1.00000,90.000,-nan,-nan,-nan,0
7,2.60,5.690,0.5000,-27.836,-120.868,1.00000,90.000,-nan,-nan,-nan,0
7,2.60,5.700,0.5000,-27.829,-120.767,1.00000,90.000,-nan,-nan,-nan,0
7,2.60,5.710,0.5000,-27.822,-120.666,1.00000,90.000,-nan,-nan,-nan,0
7,2.60,5.720,0.5000,-27.814,-120.566,1.00000,90.000,-nan,-nan,-nan,0
7,2.60,5.730,0.5000,-27.807,-120.466,1.00000,90.000,-nan,-nan,-nan,0
7,2.60,5.740,0.5000,-27.800,-120.367,1.00000,90.000,-nan,-nan,-nan,0
7,2.60,5.750,0.5000,-27.792,-120.268,1.00000,90.000,-nan,-nan,-nan,0
7,2.60,5.760,0.5000,-27.785,-120.170,1.00000,90.000,-nan,-nan,-nan,0
7,2.60,5.770,0.5000,-27.778,-120.072,1.00000,90.000,-nan,-nan,-nan,0
7,2.60,5.780,0.5000,-27.771,-119.975,1.00000,90.000,-nan,-nan,-nan,0
7,2.60,5.790,0.5000,-27.764,-119.878,1.00000,90.000,-nan,-nan,-nan,0
7,2.60,5.800,0.5000,-27.757,-119.781,1.00000,90.000,-nan,-nan,-nan,0
7,2.60,5.810,0.5000,-27.750,-119.685,1.00000,90.000,-nan,-nan,-nan,0
7,2.60,5.820,0.5000,-27.743,-119.590,1.00000,90.000,-nan,-nan,-nan,0
7,2.60,5.830,0.5000,-27.736,-119.495,1.00000,90.000,-nan,-nan,-nan,0
7,2.60,5.840,0.5000,-27.729,-119.401,1.00000,90.000,-nan,-nan,-nan,0
7,2.60,5.850,0.5000,-27.722,-119.307,1.00000,90.000,-nan,-nan,-nan,0
7,2.60,5.860,0.5000,-27.715,-119.213,1.00000,90.000,-nan,-nan,-nan,0
7,2.60,5.870,0.5000,-27.708,-119.120,1.00000,90.000,-nan,-nan,-nan,0
7,2.60,5.880,0.5000,-27.701,-119.027,1.00000,90.000,-nan,-nan,-nan,0
7,2.60,5.890,0.5000,-27.695,-118.935,1.00000,90.000,-nan,-nan,-nan,0
7,2.60,5.900,0.5000,-27.688,-118.844,1.00000,90.000,-nan,-nan,-nan,0
7,2.60,5.910,0.5000,-27.681,-118.752,1.00000,90.000,-nan,-nan,-nan,0
7,2.60,5.920,0.5000,-27.674,-118.662,1.00000,90.000,-nan,-nan,-nan,0
7,2.60,5.930,0.5000,-27.668,-118.571,1.00000,90.000,-nan,-nan,-nan,0
7,2.60,5.940,0.5000,-27.661,-118.481,1.00000,90.000,-nan,-nan,-nan,0
7,2.60,5.950,0.5000,-27.655,-118.392,1.00000,90.000,-nan,-nan,-nan,0
7,2.60,5.960,0.5000,-27.648,-118.303,1.00000,90.000,-nan,-nan,-nan,0
7,2.60,5.970,0.5000,-27.642,-118.214,1.00000,90.000,-nan,-nan,-nan,0
7,2.60,5.980,0.5000,-27.635,-118.126,1.00000,90.000,-nan,-nan,-nan,0
7,2.60,5.990,0.5000,-27.629,-118.039,1.00000,90.000,-nan,-nan,-nan,0
7,2.60,6.000,0.5000,-27.622,-117.951,1.00000,90.000,-nan,-nan,-nan,0
7,2.60,6.010,0.5000,-27.616,-117.865,1.00000,90.000,-nan,-nan,-nan,0
7,2.60,6.020,0.5000,-27.610,-117.778,1.00000,90.000,-nan,-nan,-nan,0
7,2.60,6.030,0.5000,-27.603,-117.692,1.00000,90.000,-nan,-nan,-nan,0
7,2.60,6.040,0.5000,-27.597,-117.607,1.00000,90.000,-nan,-nan,-nan,0
7,2.60,6.050,0.5000,-27.591,-117.522,1.00000,90.000,-nan,-nan,-nan,0
7,2.60,6.060,0.5000,-27.585,-117.437,1.00000,90.000,-nan,-nan,-nan,0
7,2.60,6.070,0.5000,-27.578,-117.353,1.00000,90.000,-nan,-nan,-nan,0
7,2.60,6.080,0.5000,-27.572,-117.269,1.00000,90.000,-nan,-nan,-nan,0
7,2.60,6.090,0.5000,-27.566,-117.186,1.00000,90.000,-nan,-nan,-nan,0
7,2.60,6.100,0.5000,-27.560,-117.103,1.00000,90.000,-nan,-nan,-nan,0
7,2.60,6.110,0.5000,-27.554,-117.020,1.00000,90.000,-nan,-nan,-nan,0
7,2.60,6.120,0.5000,-27.548,-116.938,1.00000,90.000,-nan,-nan,-nan,0
7,2.60,6.130,0.5000,-27.542,-116.857,1.00000,90.000,-nan,-nan,-nan,0
7,2.60,6.140,0.5000,-27.536,-116.775,1.00000,90.000,-nan,-nan,-nan,0
7,2.60,6.150,0.5000,-27.530,-116.694,1.00000,90.000,-nan,-nan,-nan,0
7,2.60,6.160,0.5000,-27.524,-116.614,1.00000,90.000,-nan,-nan,-nan,0
7,2.60,6.170,0.5000,-27.518,-116.534,1.00000,90.000,-nan,-nan,-nan,0
7,2.60,6.180,0.5000,-27.512,-116.454,1.00000,90.000,-nan,-nan,-nan,0
7,2.60,6.190,0.5000,-27.507,-116.375,1.00000,90.000,-nan,-nan,-nan,0
7,2.60,6.200,0.5000,-27.501,-116.296,1.00000,90.000,-nan,-nan,-nan,0
7,2.60,6.210,0.5000,-27.495,-116.217,1.00000,90.000,-nan,-nan,-nan,0
7,2.60,6.220,0.5000,-27.489,-116.139,1.00000,90.000,-nan,-nan,-nan,0
7,2.60,6.230,0.5000,-27.484,-116.061,1.00000,90.000,-nan,-nan,-nan,0
7,2.60,6.240,0.5000,-27.478,-115.984,1.00000,90.000,-nan,-nan,-nan,0
7,2.60,6.250,0.5000,-27.472,-115.907,1.00000,90.000,-nan,-nan,-nan,0
7,2.60,6.260,0.5000,-27.467,-115.831,1.00000,90.000,-nan,-nan,-nan,0
7,2.60,6.270,0.5000,-27.461,-115.754,1.00000,90.000,-nan,-nan,-nan,0
7,2.60,6.280,0.5000,-27.455,-115.679,1.00000,90.000,-nan,-nan,-nan,0
7,2.60,6.290,0.5000,-27.450,-115.603,1.00000,90.000,-nan,-nan,-nan,0
7,2.60,6.300,0.5000,-27.444,-115.528,1.00000,90.000,-nan,-nan,-nan,0
7,2.60,6.310,0.5000,-27.439,-115.453,1.00000,90.000,-nan,-nan,-nan,0
7,2.60,6.320,0.5000,-27.433,-115.379,1.00000,90.000,-nan,-nan,-nan,0
7,2.60,6.330,0.5000,-27.428,-115.305,1.00000,90.000,-nan,-nan,-nan,0
7,2.60,6.340,0.5000,-27.423,-115.232,1.00000,90.000,-nan,-nan,-nan,0
7,2.60,6.350,0.5000,-27.417,-115.158,1.00000,90.000,-nan,-nan,-nan,0
7,2.60,6.360,0.5000,-27.412,-115.085,1.00000,90.000,-nan,-nan,-nan,0
7,2.60,6.370,0.5000,-27.407,-115.013,1.00000,90.000,-nan,-nan,-nan,0
7,2.60,6.380,0.5000,-27.401,-114.941,1.00000,90.000,-nan,-nan,-nan,0
7,2.60,6.390,0.5000,-27.396,-114.869,1.00000,90.000,-nan,-nan,-nan,0
7,2.60,6.400,0.5000,-27.391,-114.798,1.00000,90.000,-nan,-nan,-nan,0
7,2.60,6.410,0.5000,-27.386,-114.727,1.00000,90.000,-nan,-nan,-nan,0
7,2.60,6.420,0.5000,-27.380,-114.656,1.00000,90.000,-nan,-nan,-nan,0
7,2.60,6.430,0.5000,-27.375,-114.586,1.00000,90.000,-nan,-nan,-nan,0
7,2.60,6.440,0.5000,-27.370,-114.516,1.00000,90.000,-nan,-nan,-nan,0
7,2.60,6.450,0.5000,-27.365,-114.446,1.00000,90.000,-nan,-nan,-nan,0
7,2.60,6.460,0.5000,-27.360,-114.377,1.00000,90.000,-nan,-nan,-nan,0
7,2.60,6.470,0.5000,-27.355,-114.308,1.00000,90.000,-nan,-nan,-nan,0
7,2.60,6.480,0.5000,-27.350,-114.239,1.00000,90.000,-nan,-nan,-nan,0
7,2.60,6.490,0.5000,-27.345,-114.171,1.00000,90.000,-nan,-nan,-nan,0
7,2.60,6.500,0.5000,-27.340,-114.103,1.00000,90.000,-nan,-nan,-nan,0
7,2.60,6.510,0.5000,-27.335,-114.035,1.00000,90.000,-nan,-nan,-nan,0
7,2.60,6.520,0.5000,-27.330,-113.968,1.00000,90.000,-nan,-nan,-nan,0
7,2.60,6.530,0.5000,-27.325,-113.901,1.00000,90.000,-nan,-nan,-nan,0
7,2.60,6.540,0.5000,-27.320,-113.835,1.00000,90.000,-nan,-nan,-nan,0
7,2.60,6.550,0.5000,-27.315,-113.768,1.00000,90.000,-nan,-nan,-nan,0
7,2.60,6.560,0.5000,-27.310,-113.703,1.00000,90.000,-nan,-nan,-nan,0
7,2.60,6.570,0.5000,-27.306,-113.637,1.00000,90.000,-nan,-nan,-nan,0
7,2.60,6.580,0.5000,-27.301,-113.572,1.00000,90.000,-nan,-nan,-nan,0
7,2.60,6.590,0.5000,-27.296,-113.507,1.00000,90.000,-nan,-nan,-nan,0
7,2.60,6.600,0.5000,-27.291,-113.442,1.00000,90.000,-nan,-nan,-nan,0
7,2.60,6.610,0.5000,-27.287,-113.378,1.00000,90.000,-nan,-nan,-nan,0
7,2.60,6.620,0.5000,-27.282,-113.314,1.00000,90.000,-nan,-nan,-nan,0
7,2.60,6.630,0.5000,-27.277,-113.250,1.00000,90.000,-nan,-nan,-nan,0
7,2.60,6.640,0.5000,-27.273,-113.187,1.00000,90.000,-nan,-nan,-nan,0
7,2.60,6.650,0.5000,-27.268,-113.124,1.00000,90.000,-nan,-nan,-nan,0
7,2.60,6.660,0.5000,-27.263,-113.061,1.00000,90.000,-nan,-nan,-nan,0
7,2.60,6.670,0.5000,-27.259,-112.999,1.00000,90.000,-nan,-nan,-nan,0
7,2.60,6.680,0.5000,-27.254,-112.937,1.00000,90.000,-nan,-nan,-nan,0
7,2.60,6.690,0.5000,-27.250,-112.875,1.00000,90.000,-nan,-nan,-nan,0
7,2.60,6.700,0.5000,-27.245,-112.814,1.00000,90.000,-nan,-nan,-nan,0
7,2.60,6.710,0.5000,-27.241,-112.752,1.00000,90.000,-nan,-nan,-nan,0
7,2.60,6.720,0.5000,-27.236,-112.692,1.00000,90.000,-nan,-nan,-nan,0
7,2.60,6.730,0.5000,-27.232,-112.631,1.00000,90.000,-nan,-nan,-nan,0
7,2.60,6.740,0.5000,-27.227,-112.571,1.00000,90.000,-nan,-nan,-nan,0
7,2.60,6.750,0.5000,-27.223,-112.511,1.00000,90.000,-nan,-nan,-nan,0
7,2.60,6.760,0.5000,-27.218,-112.451,1.00000,90.000,-nan,-nan,-nan,0
7,2.60,6.770,0.5000,-27.214,-112.392,1.00000,90.000,-nan,-nan,-nan,0
7,2.60,6.780,0.5000,-27.210,-112.333,1.00000,90.000,-nan,-nan,-nan,0
7,2.60,6.790,0.5000,-27.205,-112.274,1.00000,90.000,-nan,-nan,-nan,0
7,2.60,6.800,0.5000,-27.201,-112.216,1.00000,90.000,-nan,-nan,-nan,0
7,2.60,6.810,0.5000,-27.197,-112.157,1.00000,90.000,-nan,-nan,-nan,0
7,2.60,6.820,0.5000,-27.193,-112.100,1.00000,90.000,-nan,-nan,-nan,0
7,2.60,6.830,0.5000,-27.188,-112.042,1.00000,90.000,-nan,-nan,-nan,0
7,2.60,6.840,0.5000,-27.184,-111.985,1.00000,90.000,-nan,-nan,-nan,0
7,2.60,6.850,0.5000,-27.180,-111.928,1.00000,90.000,-nan,-nan,-nan,0
7,2.60,6.860,0.5000,-27.176,-111.871,1.00000,90.000,-nan,-nan,-nan,0
7,2.60,6.870,0.5000,-27.172,-111.814,1.00000,90.000,-nan,-nan,-nan,0
7,2.60,6.880,0.5000,-27.168,-111.758,1.00000,90.000,-nan,-nan,-nan,0
7,2.60,6.890,0.5000,-27.164,-111.702,1.00000,90.000,-nan,-nan,-nan,0
7,2.60,6.900,0.5000,-27.159,-111.647,1.00000,90.000,-nan,-nan,-nan,0
7,2.60,6.910,0.5000,-27.155,-111.592,1.00000,90.000,-nan,-nan,-nan,0
7,2.60,6.920,0.5000,-27.151,-111.536,1.00000,90.000,-nan,-nan,-nan,0
7,2.60,6.930,0.5000,-27.147,-111.482,1.00000,90.000,-nan,-nan,-nan,0
7,2.60,6.940,0.5000,-27.143,-111.427,1.00000,90.000,-nan,-nan,-nan,0
7,2.60,6.950,0.5000,-27.139,-111.373,1.00000,90.000,-nan,-nan,-nan,0
7,2.60,6.960,0.5000,-27.135,-111.319,1.00000,90.000,-nan,-nan,-nan,0
7,2.60,6.970,0.5000,-27.131,-111.265,1.00000,90.000,-nan,-nan,-nan,0
7,2.60,6.980,0.5000,-27.127,-111.212,1.00000,90.000,-nan,-nan,-nan,0
7,2.60,6.990,0.5000,-27.124,-111.159,1.00000,90.000,-nan,-nan,-nan,0
7,2.60,7.000,0.5000,-27.120,-111.106,1.00000,90.000,-nan,-nan,-nan,0
7,2.60,7.010,0.5000,-27.116,-111.053,1.00000,90.000,-nan,-nan,-nan,0
7,2.60,7.020,0.5000,-27.112,-111.001,1.00000,90.000,-nan,-nan,-nan,0
7,2.60,7.030,0.5000,-27.108,-110.949,1.00000,90.000,-nan,-nan,-nan,0
7,2.60,7.040,0.5000,-27.104,-110.897,1.00000,90.000,-nan,-nan,-nan,0
7,2.60,7.050,0.5000,-27.101,-110.845,1.00000,90.000,-nan,-nan,-nan,0
7,2.60,7.060,0.5000,-27.097,-110.794,1.00000,90.000,-nan,-nan,-nan,0
7,2.60,7.070,0.5000,-27.093,-110.743,1.00000,90.000,-nan,-nan,-nan,0
7,2.60,7.080,0.5000,-27.089,-110.692,1.00000,90.000,-nan,-nan,-nan,0
7,2.60,7.090,0.5000,-27.086,-110.641,1.00000,90.000,-nan,-nan,-nan,0
7,2.60,7.100,0.5000,-27.082,-110.591,1.00000,90.000,-nan,-nan,-nan,0
7,2.60,7.110,0.5000,-27.078,-110.541,1.00000,90.000,-nan,-nan,-nan,0
7,2.60,7.120,0.5000,-27.075,-110.491,1.00000,90.000,-nan,-nan,-nan,0
7,2.60,7.130,0.5000,-27.071,-110.442,1.00000,90.000,-nan,-nan,-nan,0
7,2.60,7.140,0.5000,-27.067,-110.392,1.00000,90.000,-nan,-nan,-nan,0
7,2.60,7.150,0.5000,-27.064,-110.343,1.00000,90.000,-nan,-nan,-nan,0
7,2.60,7.160,0.5000,-27.060,-110.294,1.00000,90.000,-nan,-nan,-nan,0
7,2.60,7.170,0.5000,-27.057,-110.246,1.00000,90.000,-nan,-nan,-nan,0
7,2.60,7.180,0.5000,-27.053,-110.198,1.00000,90.000,-nan,-nan,-nan,0
7,2.60,7.190,0.5000,-27.050,-110.149,1.00000,90.000,-nan,-nan,-nan,0
7,2.60,7.200,0.5000,-27.046,-110.102,1.00000,90.000,-nan,-nan,-nan,0
7,2.60,7.210,0.5000,-27.042,-110.054,1.00000,90.000,-nan,-nan,-nan,0
7,2.60,7.220,0.5000,-27.039,-110.007,1.00000,90.000,-nan,-nan,-nan,0
7,2.60,7.230,0.5000,-27.036,-109.959,1.00000,90.000,-nan,-nan,-nan,0
7,2.60,7.240,0.5000,-27.032,-109.913,1.00000,90.000,-nan,-nan,-nan,0
7,2.60,7.250,0.5000,-27.029,-109.866,1.00000,90.000,-nan,-nan,-nan,0
7,2.60,7.260,0.5000,-27.025,-109.819,1.00000,90.000,-nan,-nan,-nan,0
7,2.60,7.270,0.5000,-27.022,-109.773,1.00000,90.000,-nan,-nan,-nan,0
7,2.60,7.280,0.5000,-27.019,-109.727,1.00000,90.000,-nan,-nan,-nan,0
7,2.60,7.290,0.5000,-27.015,-109.681,1.00000,90.000,-nan,-nan,-nan,0
7,2.60,7.300,0.5000,-27.012,-109.636,1.00000,90.000,-nan,-nan,-nan,0
7,2.60,7.310,0.5000,-27.008,-109.591,1.00000,90.000,-nan,-nan,-nan,0
7,2.60,7.320,0.5000,-27.005,-109.546,1.00000,90.000,-nan,-nan,-nan,0
7,2.60,7.330,0.5000,-27.002,-109.501,1.00000,90.000,-nan,-nan,-nan,0
7,2.60,7.340,0.5000,-26.999,-109.456,1.00000,90.000,-nan,-nan,-nan,0
7,2.60,7.350,0.5000,-26.995,-109.412,1.00000,90.000,-nan,-nan,-nan,0
7,2.60,7.360,0.5000,-26.992,-109.367,1.00000,90.000,-nan,-nan,-nan,0
7,2.60,7.370,0.5000,-26.989,-109.324,1.00000,90.000,-nan,-nan,-nan,0
7,2.60,7.380,0.5000,-26.986,-109.280,1.00000,90.000,-nan,-nan,-nan,0
7,2.60,7.390,0.5000,-26.982,-109.236,1.00000,90.000,-nan,-nan,-nan,0
7,2.60,7.400,0.5000,-26.979,-109.193,1.00000,90.000,-nan,-nan,-nan,0
7,2.60,7.410,0.5000,-26.976,-109.150,1.00000,90.000,-nan,-nan,-nan,0
7,2.60,7.420,0.5000,-26.973,-109.107,1.00000,90.000,-nan,-nan,-nan,0
7,2.60,7.430,0.5000,-26.970,-109.064,1.00000,90.000,-nan,-nan,-nan,0
7,2.60,7.440,0.5000,-26.967,-109.022,1.00000,90.000,-nan,-nan,-nan,0
7,2.60,7.450,0.5000,-26.964,-108.980,1.00000,90.000,-nan,-nan,-nan,0
7,2.60,7.460,0.5000,-26.961,-108.938,1.00000,90.000,-nan,-nan,-nan,0
7,2.60,7.470,0.5000,-26.957,-108.896,1.00000,90.000,-nan,-nan,-nan,0
7,2.60,7.480,0.5000,-26.954,-108.854,1.00000,90.000,-nan,-nan,-nan,0
7,2.60,7.490,0.5000,-26.951,-108.813,1.00000,90.000,-nan,-nan,-nan,0
7,2.60,7.500,0.5000,-26.948,-108.772,1.00000,90.000,-nan,-nan,-nan,0
7,2.60,7.510,0.5000,-26.945,-108.731,1.00000,90.000,-nan,-nan,-nan,0
7,2.60,7.520,0.5000,-26.942,-108.690,1.00000,90.000,-nan,-nan,-nan,0
7,2.60,7.530,0.5000,-26.939,-108.649,1.00000,90.000,-nan,-nan,-nan,0
7,2.60,7.540,0.5000,-26.936,-108.609,1.00000,90.000,-nan,-nan,-nan,0
7,2.60,7.550,0.5000,-26.933,-108.569,1.00000,90.000,-nan,-nan,-nan,0
7,2.60,7.560,0.5000,-26.931,-108.529,1.00000,90.000,-nan,-nan,-nan,0
7,2.60,7.570,0.5000,-26.928,-108.489,1.00000,90.000,-nan,-nan,-nan,0
7,2.60,7.580,0.5000,-26.925,-108.449,1.00000,90.000,-nan,-nan,-nan,0
7,2.60,7.590,0.5000,-26.922,-108.410,1.00000,90.000,-nan,-nan,-nan,0
7,2.60,7.600,0.5000,-26.919,-108.371,1.00000,90.000,-nan,-nan,-nan,0
7,2.60,7.610,0.5000,-26.916,-108.332,1.00000,90.000,-nan,-nan,-nan,0
7,2.60,7.620,0.5000,-26.913,-108.293,1.00000,90.000,-nan,-nan,-nan,0
7,2.60,7.630,0.5000,-26.910,-108.254,1.00000,90.000,-nan,-nan,-nan,0
7,2.60,7.640,0.5000,-26.908,-108.216,1.00000,90.000,-nan,-nan,-nan,0
7,2.60,7.650,0.5000,-26.905,-108.178,1.00000,90.000,-nan,-nan,-nan,0
7,2.60,7.660,0.5000,-26.902,-108.140,1.00000,90.000,-nan,-nan,-nan,0
7,2.60,7.670,0.5000,-26.899,-108.102,1.00000,90.000,-nan,-nan,-nan,0
7,2.60,7.680,0.5000,-26.896,-108.064,1.00000,90.000,-nan,-nan,-nan,0
7,2.60,7.690,0.5000,-26.894,-108.027,1.00000,90.000,-nan,-nan,-nan,0
7,2.60,7.700,0.5000,-26.891,-107.989,1.00000,90.000,-nan,-nan,-nan,0
7,2.60,7.710,0.5000,-26.888,-107.952,1.00000,90.000,-nan,-nan,-nan,0
7,2.60,7.720,0.5000,-26.885,-107.916,1.00000,90.000,-nan,-nan,-nan,0
7,2.60,7.730,0.5000,-26.883,-107.879,1.00000,90.000,-nan,-nan,-nan,0
7,2.60,7.740,0.5000,-26.880,-107.842,1.00000,90.000,-nan,-nan,-nan,0
7,2.60,7.750,0.5000,-26.877,-107.806,1.00000,90.000,-nan,-nan,-nan,0
7,2.60,7.760,0.5000,-26.875,-107.770,1.00000,90.000,-nan,-nan,-nan,0
7,2.60,7.770,0.5000,-26.872,-107.734,1.00000,90.000,-nan,-nan,-nan,0
7,2.60,7.780,0.5000,-26.870,-107.698,1.00000,90.000,-nan,-nan,-nan,0
7,2.60,7.790,0.5000,-26.867,-107.662,1.00000,90.000,-nan,-nan,-nan,0
7,2.60,7.800,0.5000,-26.864,-107.627,1.00000,90.000,-nan,-nan,-nan,0
7,2.60,7.810,0.5000,-26.862,-107.592,1.00000,90.000,-nan,-nan,-nan,0
7,2.60,7.820,0.5000,-26.859,-107.556,1.00000,90.000,-nan,-nan,-nan,0
7,2.60,7.830,0.5000,-26.857,-107.522,1.00000,90.000,-nan,-nan,-nan,0
7,2.60,7.840,0.5000,-26.854,-107.487,1.00000,90.000,-nan,-nan,-nan,0
7,2.60,7.850,0.5000,-26.851,-107.452,1.00000,90.000,-nan,-nan,-nan,0
7,2.60,7.860,0.5000,-26.849,-107.418,1.00000,90.000,-nan,-nan,-nan,0
7,2.60,7.870,0.5000,-26.846,-107.384,1.00000,90.000,-nan,-nan,-nan,0
7,2.60,7.880,0.5000,-26.844,-107.349,1.00000,90.000,-nan,-nan,-nan,0
7,2.60,7.890,0.5000,-26.841,-107.316,1.00000,90.000,-nan,-nan,-nan,0
7,2.60,7.900,0.5000,-26.839,-107.282,1.00000,90.000,-nan,-nan,-nan,0
7,2.60,7.910,0.5000,-26.837,-107.248,1.00000,90.000,-nan,-nan,-nan,0
7,2.60,7.920,0.5000,-26.834,-107.215,1.00000,90.000,-nan,-nan,-nan,0
7,2.60,7.930,0.5000,-26.832,-107.182,1.00000,90.000,-nan,-nan,-nan,0
7,2.60,7.940,0.5000,-26.829,-107.149,1.00000,90.000,-nan,-nan,-nan,0
7,2.60,7.950,0.5000,-26.827,-107.116,1.00000,90.000,-nan,-nan,-nan,0
7,2.60,7.960,0.5000,-26.824,-107.083,1.00000,90.000,-nan,-nan,-nan,0
7,2.60,7.970,0.5000,-26.822,-107.050,1.00000,90.000,-nan,-nan,-nan,0
7,2.60,7.980,0.5000,-26.820,-107.018,1.00000,90.000,-nan,-nan,-nan,0
7,2.60,7.990,0.5000,-26.817,-106.986,1.00000,90.000,-nan,-nan,-nan,0
7,2.60,8.000,0.5000,-26.815,-106.954,1.00000,90.000,-nan,-nan,-nan,0
7,2.60,8.010,0.5000,-26.813,-106.922,1.00000,90.000,-nan,-nan,-nan,0
7,2.60,8.020,0.5000,-26.810,-106.890,1.00000,90.000,-nan,-nan,-nan,0
7,2.60,8.030,0.5000,-26.808,-106.858,1.00000,90.000,-nan,-nan,-nan,0
7,2.60,8.040,0.5000,-26.806,-106.827,1.00000,90.000,-nan,-nan,-nan,0
7,2.60,8.050,0.5000,-26.803,-106.796,1.00000,90.000,-nan,-nan,-nan,0
7,2.60,8.060,0.5000,-26.801,-106.765,1.00000,90.000,-nan,-nan,-nan,0
7,2.60,8.070,0.5000,-26.799,-106.734,1.00000,90.000,-nan,-nan,-nan,0
7,2.60,8.080,0.5000,-26.796,-106.703,1.00000,90.000,-nan,-nan,-nan,0
7,2.60,8.090,0.5000,-26.794,-106.672,1.00000,90.000,-nan,-nan,-nan,0
7,2.60,8.100,0.5000,-26.792,-106.642,1.00000,90.000,-nan,-nan,-nan,0
7,2.60,8.110,0.5000,-26.790,-106.611,1.00000,90.000,-nan,-nan,-nan,0
7,2.60,8.120,0.5000,-26.788,-106.581,1.00000,90.000,-nan,-nan,-nan,0
7,2.60,8.130,0.5000,-26.785,-106.551,1.00000,90.000,-nan,-nan,-nan,0
7,2.60,8.140,0.5000,-26.783,-106.521,1.00000,90.000,-nan,-nan,-nan,0
7,2.60,8.150,0.5000,-26.781,-106.491,1.00000,90.000,-nan,-nan,-nan,0
7,2.60,8.160,0.5000,-26.779,-106.462,1.00000,90.000,-nan,-nan,-nan,0
7,2.60,8.170,0.5000,-26.777,-106.432,1.00000,90.000,-nan,-nan,-nan,0
7,2.60,8.180,0.5000,-26.774,-106.403,1.00000,90.000,-nan,-nan,-nan,0
7,2.60,8.190,0.5000,-26.772,-106.374,1.00000,90.000,-nan,-nan,-nan,0
7,2.60,8.200,0.5000,-26.770,-106.345,1.00000,90.000,-nan,-nan,-nan,0
7,2.60,8.210,0.5000,-26.768,-106.316,1.00000,90.000,-nan,-nan,-nan,0
7,2.60,8.220,0.5000,-26.766,-106.287,1.00000,90.000,-nan,-nan,-nan,0
7,2.60,8.230,0.5000,-26.764,-106.258,1.00000,90.000,-nan,-nan,-nan,0
7,2.60,8.240,0.5000,-26.762,-106.230,1.00000,90.000,-nan,-nan,-nan,0
7,2.60,8.250,0.5000,-26.760,-106.202,1.00000,90.000,-nan,-nan,-nan,0
7,2.60,8.260,0.5000,-26.758,-106.173,1.00000,90.000,-nan,-nan,-nan,0
7,2.60,8.270,0.5000,-26.756,-106.145,1.00000,90.000,-nan,-nan,-nan,0
7,2.60,8.280,0.5000,-26.754,-106.118,1.00000,90.000,-nan,-nan,-nan,0
7,2.60,8.290,0.5000,-26.751,-106.090,1.00000,90.000,-nan,-nan,-nan,0
7,2.60,8.300,0.5000,-26.749,-106.062,1.00000,90.000,-nan,-nan,-nan,0
7,2.60,8.310,0.5000,-26.747,-106.035,1.00000,90.000,-nan,-nan,-nan,0
7,2.60,8.320,0.5000,-26.745,-106.007,1.00000,90.000,-nan,-nan,-nan,0
7,2.60,8.330,0.5000,-26.743,-105.980,1.00000,90.000,-nan,-nan,-nan,0
7,2.60,8.340,0.5000,-26.741,-105.953,1.00000,90.000,-nan,-nan,-nan,0
7,2.60,8.350,0.5000,-26.739,-105.926,1.00000,90.000,-nan,-nan,-nan,0
7,2.60,8.360,0.5000,-26.737,-105.899,1.00000,90.000,-nan,-nan,-nan,0
7,2.60,8.370,0.5000,-26.736,-105.873,1.00000,90.000,-nan,-nan,-nan,0
7,2.60,8.380,0.5000,-26.734,-105.846,1.00000,90.000,-nan,-nan,-nan,0
7,2.60,8.390,0.5000,-26.732,-105.820,1.00000,90.000,-nan,-nan,-nan,0
7,2.60,8.400,0.5000,-26.730,-105.793,1.00000,90.000,-nan,-nan,-nan,0
7,2.60,8.410,0.5000,-26.728,-105.767,1.00000,90.000,-nan,-nan,-nan,0
7,2.60,8.420,0.5000,-26.726,-105.741,1.00000,90.000,-nan,-nan,-nan,0
7,2.60,8.430,0.5000,-26.724,-105.715,1.00000,90.000,-nan,-nan,-nan,0
7,2.60,8.440,0.5000,-26.722,-105.690,1.00000,90.000,-nan,-nan,-nan,0
7,2.60,8.450,0.5000,-26.720,-105.664,1.00000,90.000,-nan,-nan,-nan,0
7,2.60,8.460,0.5000,-26.718,-105.639,1.00000,90.000,-nan,-nan,-nan,0
7,2.60,8.470,0.5000,-26.716,-105.613,1.00000,90.000,-nan,-nan,-nan,0
7,2.60,8.480,0.5000,-26.715,-105.588,1.00000,90.000,-nan,-nan,-nan,0
7,2.60,8.490,0.5000,-26.713,-105.563,1.00000,90.000,-nan,-nan,-nan,0
7,2.60,8.500,0.5000,-26.711,-105.538,1.00000,90.000,-nan,-nan,-nan,0
7,2.60,8.510,0.5000,-26.709,-105.513,1.00000,90.000,-nan,-nan,-nan,0
7,2.60,8.520,0.5000,-26.707,-105.488,1.00000,90.000,-nan,-nan,-nan,0
7,2.60,8.530,0.5000,-26.706,-105.464,1.00000,90.000,-nan,-nan,-nan,0
7,2.60,8.540,0.5000,-26.704,-105.439,1.00000,90.000,-nan,-nan,-nan,0
7,2.60,8.550,0.5000,-26.702,-105.415,1.00000,90.000,-nan,-nan,-nan,0
7,2.60,8.560,0.5000,-26.700,-105.391,1.00000,90.000,-nan,-nan,-nan,0
7,2.60,8.570,0.5000,-26.698,-105.366,1.00000,90.000,-nan,-nan,-nan,0
7,2.60,8.580,0.5000,-26.697,-105.342,1.00000,90.000,-nan,-nan,-nan,0
7,2.60,8.590,0.5000,-26.695,-105.319,1.00000,90.000,-nan,-nan,-nan,0
7,2.60,8.600,0.5000,-26.693,-105.295,1.00000,90.000,-nan,-nan,-nan,0
7,2.60,8.610,0.5000,-26.691,-105.271,1.00000,90.000,-nan,-nan,-nan,0
7,2.60,8.620,0.5000,-26.690,-105.248,1.00000,90.000,-nan,-nan,-nan,0
7,2.60,8.630,0.5000,-26.688,-105.224,1.00000,90.000,-nan,-nan,-nan,0
7,2.60,8.640,0.5000,-26.686,-105.201,1.00000,90.000,-nan,-nan,-nan,0
7,2.60,8.650,0.5000,-26.685,-105.178,1.00000,90.000,-nan,-nan,-nan,0
7,2.60,8.660,0.5000,-26.683,-105.155,1.00000,90.000,-nan,-nan,-nan,0
7,2.60,8.670,0.5000,-26.681,-105.132,1.00000,90.000,-nan,-nan,-nan,0
7,2.60,8.680,0.5000,-26.679,-105.109,1.00000,90.000,-nan,-nan,-nan,0
7,2.60,8.690,0.5000,-26.678,-105.086,1.00000,90.000,-nan,-nan,-nan,0
7,2.60,8.700,0.5000,-26.676,-105.064,1.00000,90.000,-nan,-nan,-nan,0
7,2.60,8.710,0.5000,-26.674,-105.041,1.00000,90.000,-nan,-nan,-nan,0
7,2.60,8.720,0.5000,-26.673,-105.019,1.00000,90.000,-nan,-nan,-nan,0
7,2.60,8.730,0.5000,-26.671,-104.996,1.00000,90.000,-nan,-nan,-nan,0
7,2.60,8.740,0.5000,-26.670,-104.974,1.00000,90.000,-nan,-nan,-nan,0
7,2.60,8.750,0.5000,-26.668,-104.952,1.00000,90.000,-nan,-nan,-nan,0
7,2.60,8.760,0.5000,-26.666,-104.930,1.00000,90.000,-nan,-nan,-nan,0
7,2.60,8.770,0.5000,-26.665,-104.908,1.00000,90.000,-nan,-nan,-nan,0
7,2.60,8.780,0.5000,-26.663,-104.887,1.00000,90.000,-nan,-nan,-nan,0
7,2.60,8.790,0.5000,-26.662,-104.865,1.00000,90.000,-nan,-nan,-nan,0
7,2.60,8.800,0.5000,-26.660,-104.844,1.00000,90.000,-nan,-nan,-nan,0
7,2.60,8.810,0.5000,-26.658,-104.822,1.00000,90.000,-nan,-nan,-nan,0
7,2.60,8.820,0.5000,-26.657,-104.801,1.00000,90.000,-nan,-nan,-nan,0
7,2.60,8.830,0.5000,-26.655,-104.780,1.00000,90.000,-nan,-nan,-nan,0
7,2.60,8.840,0.5000,-26.654,-104.759,1.00000,90.000,-nan,-nan,-nan,0
7,2.60,8.850,0.5000,-26.652,-104.738,1.00000,90.000,-nan,-nan,-nan,0
7,2.60,8.860,0.5000,-26.651,-104.717,1.00000,90.000,-nan,-nan,-nan,0
7,2.60,8.870,0.5000,-26.649,-104.696,1.00000,90.000,-nan,-nan,-nan,0
7,2.60,8.880,0.5000,-26.648,-104.675,1.00000,90.000,-nan,-nan,-nan,0
7,2.60,8.890,0.5000,-26.646,-104.655,1.00000,90.000,-nan,-nan,-nan,0
7,2.60,8.900,0.5000,-26.645,-104.634,1.00000,90.000,-nan,-nan,-nan,0
7,2.60,8.910,0.5000,-26.643,-104.614,1.00000,90.000,-nan,-nan,-nan,0
7,2.60,8.920,0.5000,-26.642,-104.594,1.00000,90.000,-nan,-nan,-nan,0
7,2.60,8.930,0.5000,-26.640,-104.574,1.00000,90.000,-nan,-nan,-nan,0
7,2.60,8.940,0.5000,-26.639,-104.554,1.00000,90.000,-nan,-nan,-nan,0
7,2.60,8.950,0.5000,-26.637,-104.534,1.00000,90.000,-nan,-nan,-nan,0
7,2.60,8.960,0.5000,-26.636,-104.514,1.00000,90.000,-nan,-nan,-nan,0
7,2.60,8.970,0.5000,-26.634,-104.494,1.00000,90.000,-nan,-nan,-nan,0
7,2.60,8.980,0.5000,-26.633,-104.474,1.00000,90.000,-nan,-nan,-nan,0
7,2.60,8.990,0.5000,-26.631,-104.455,1.00000,90.000,-nan,-nan,-nan,0
7,2.60,9.000,0.5000,-26.630,-104.435,1.00000,90.000,-nan,-nan,-nan,0
7,2.60,9.010,0.5000,-26.629,-104.416,1.00000,90.000,-nan,-nan,-nan,0
7,2.60,9.020,0.5000,-26.627,-104.397,1.00000,90.000,-nan,-nan,-nan,0
7,2.60,9.030,0.5000,-26.626,-104.378,1.00000,90.000,-nan,-nan,-nan,0
7,2.60,9.040,0.5000,-26.624,-104.358,1.00000,90.000,-nan,-nan,-nan,0
7,2.60,9.050,0.5000,-26.623,-104.339,1.00000,90.000,-nan,-nan,-nan,0
7,2.60,9.060,0.5000,-26.622,-104.321,1.00000,90.000,-nan,-nan,-nan,0
7,2.60,9.070,0.5000,-26.620,-104.302,1.00000,90.000,-nan,-nan,-nan,0
7,2.60,9.080,0.5000,-26.619,-104.283,1.00000,90.000,-nan,-nan,-nan,0
7,2.60,9.090,0.5000,-26.617,-104.264,1.00000,90.000,-nan,-nan,-nan,0
7,2.60,9.100,0.5000,-26.616,-104.246,1.00000,90.000,-nan,-nan,-nan,0
7,2.60,9.110,0.5000,-26.615,-104.228,1.00000,90.000,-nan,-nan,-nan,0
7,2.60,9.120,0.5000,-26.613,-104.209,1.00000,90.000,-nan,-nan,-nan,0
7,2.60,9.130,0.5000,-26.612,-104.191,1.00000,90.000,-nan,-nan,-nan,0
7,2.60,9.140,0.5000,-26.611,-104.173,1.00000,90.000,-nan,-nan,-nan,0
7,2.60,9.150,0.5000,-26.609,-104.155,1.00000,90.000,-nan,-nan,-nan,0
7,2.60,9.160,0.5000,-26.608,-104.137,1.00000,90.000,-nan,-nan,-nan,0
7,2.60,9.170,0.5000,-26.607,-104.119,1.00000,90.000,-nan,-nan,-nan,0
7,2.60,9.180,0.5000,-26.605,-104.101,1.00000,90.000,-nan,-nan,-nan,0
7,2.60,9.190,0.5000,-26.604,-104.083,1.00000,90.000,-nan,-nan,-nan,0
7,2.60,9.200,0.5000,-26.603,-104.066,1.00000,90.000,-nan,-nan,-nan,0
7,2.60,9.210,0.5000,-26.602,-104.048,1.00000,90.000,-nan,-nan,-nan,0
7,2.60,9.220,0.5000,-26.600,-104.031,1.00000,90.000,-nan,-nan,-nan,0
7,2.60,9.230,0.5000,-26.599,-104.014,1.00000,90.000,-nan,-nan,-nan,0
7,2.60,9.240,0.5000,-26.598,-103.996,1.00000,90.000,-nan,-nan,-nan,0
7,2.60,9.250,0.5000,-26.597,-103.979,1.00000,90.000,-nan,-nan,-nan,0
7,2.60,9.260,0.5000,-26.595,-103.962,1.00000,90.000,-nan,-nan,-nan,0
7,2.60,9.270,0.5000,-26.594,-103.945,1.00000,90.000,-nan,-nan,-nan,0
7,2.60,9.280,0.5000,-26.593,-103.928,1.00000,90.000,-nan,-nan,-nan,0
7,2.60,9.290,0.5000,-26.592,-103.911,1.00000,90.000,-nan,-nan,-nan,0
7,2.60,9.300,0.5000,-26.590,-103.895,1.00000,90.000,-nan,-nan,-nan,0
7,2.60,9.310,0.5000,-26.589,-103.878,1.00000,90.000,-nan,-nan,-nan,0
7,2.60,9.320,0.5000,-26.588,-103.861,1.00000,90.000,-nan,-nan,-nan,0
7,2.60,9.330,0.5000,-26.587,-103.845,1.00000,90.000,-nan,-nan,-nan,0
7,2.60,9.340,0.5000,-26.585,-103.828,1.00000,90.000,-nan,-nan,-nan,0
7,2.60,9.350,0.5000,-26.584,-103.812,1.00000,90.000,-nan,-nan,-nan,0
7,2.60,9.360,0.5000,-26.583,-103.796,1.00000,90.000,-nan,-nan,-nan,0
7,2.60,9.370,0.5000,-26.582,-103.780,1.00000,90.000,-nan,-nan,-nan,0
7,2.60,9.380,0.5000,-26.581,-103.764,1.00000,90.000,-nan,-nan,-nan,0
7,2.60,9.390,0.5000,-26.580,-103.748,1.00000,90.000,-nan,-nan,-nan,0
7,2.60,9.400,0.5000,-26.578,-103.732,1.00000,90.000,-nan,-nan,-nan,0
7,2.60,9.410,0.5000,-26.577,-103.716,1.00000,90.000,-nan,-nan,-nan,0
7,2.60,9.420,0.5000,-26.576,-103.700,1.00000,90.000,-nan,-nan,-nan,0
7,2.60,9.430,0.5000,-26.575,-103.684,1.00000,90.000,-nan,-nan,-nan,0
7,2.60,9.440,0.5000,-26.574,-103.669,1.00000,90.000,-nan,-nan,-nan,0
7,2.60,9.450,0.5000,-26.573,-103.653,1.00000,90.000,-nan,-nan,-nan,0
7,2.60,9.460,0.5000,-26.571,-103.638,1.00000,90.000,-nan,-nan,-nan,0
7,2.60,9.470,0.5000,-26.570,-103.622,1.00000,90.000,-nan,-nan,-nan,0
7,2.60,9.480,0.5000,-26.569,-103.607,1.00000,90.000,-nan,-nan,-nan,0
7,2.60,9.490,0.5000,-26.568,-103.592,1.00000,90.000,-nan,-nan,-nan,0
7,2.60,9.500,0.5000,-26.567,-103.577,1.00000,90.000,-nan,-nan,-nan,0
7,2.60,9.510,0.5000,-26.566,-103.562,1.00000,90.000,-nan,-nan,-nan,0
7,2.60,9.520,0.5000,-26.565,-103.547,1.00000,90.000,-nan,-nan,-nan,0
7,2.60,9.530,0.5000,-26.564,-103.532,1.00000,90.000,-nan,-nan,-nan,0
7,2.60,9.540,0.5000,-26.563,-103.517,1.00000,90.000,-nan,-nan,-nan,0
7,2.60,9.550,0.5000,-26.561,-103.502,1.00000,90.000,-nan,-nan,-nan,0
7,2.60,9.560,0.5000,-26.560,-103.487,1.00000,90.000,-nan,-nan,-nan,0
7,2.60,9.570,0.5000,-26.559,-103.473,1.00000,90.000,-nan,-nan,-nan,0
7,2.60,9.580,0.5000,-26.558,-103.458,1.00000,90.000,-nan,-nan,-nan,0
7,2.60,9.590,0.5000,-26.557,-103.444,1.00000,90.000,-nan,-nan,-nan,0
7,2.60,9.600,0.5000,-26.556,-103.429,1.00000,90.000,-nan,-nan,-nan,0
7,2.60,9.610,0.5000,-26.555,-103.415,1.00000,90.000,-nan,-nan,-nan,0
7,2.60,9.620,0.5000,-26.554,-103.401,1.00000,90.000,-nan,-nan,-nan,0
7,2.60,9.630,0.5000,-26.553,-103.386,1.00000,90.000,-nan,-nan,-nan,0
7,2.60,9.640,0.5000,-26.552,-103.372,1.00000,90.000,-nan,-nan,-nan,0
7,2.60,9.650,0.5000,-26.551,-103.358,1.00000,90.000,-nan,-nan,-nan,0
7,2.60,9.660,0.5000,-26.550,-103.344,1.00000,90.000,-nan,-nan,-nan,0
7,2.60,9.670,0.5000,-26.549,-103.330,1.00000,90.000,-nan,-nan,-nan,0
7,2.60,9.680,0.5000,-26.548,-103.316,1.00000,90.000,-nan,-nan,-nan,0
7,2.60,9.690,0.5000,-26.547,-103.303,1.00000,90.000,-nan,-nan,-nan,0
7,2.60,9.700,0.5000,-26.546,-103.289,1.00000,90.000,-nan,-nan,-nan,0
7,2.60,9.710,0.5000,-26.545,-103.275,1.00000,90.000,-nan,-nan,-nan,0
7,2.60,9.720,0.5000,-26.544,-103.262,1.00000,90.000,-nan,-nan,-nan,0
7,2.60,9.730,0.5000,-26.543,-103.248,1.00000,90.000,-nan,-nan,-nan,0
7,2.60,9.740,0.5000,-26.542,-103.235,1.00000,90.000,-nan,-nan,-nan,0
7,2.60,9.750,0.5000,-26.541,-103.221,1.00000,90.000,-nan,-nan,-nan,0
7,2.60,9.760,0.5000,-26.540,-103.208,1.00000,90.000,-nan,-nan,-nan,0
7,2.60,9.770,0.5000,-26.539,-103.195,1.00000,90.000,-nan,-nan,-nan,0
7,2.60,9.780,0.5000,-26.538,-103.182,1.00000,90.000,-nan,-nan,-nan,0
7,2.60,9.790,0.5000,-26.537,-103.169,1.00000,90.000,-nan,-nan,-nan,0
7,2.60,9.800,0.5000,-26.536,-103.155,1.00000,90.000,-nan,-nan,-nan,0
7,2.60,9.810,0.5000,-26.535,-103.142,1.00000,90.000,-nan,-nan,-nan,0
7,2.60,9.820,0.5000,-26.534,-103.130,1.00000,90.000,-nan,-nan,-nan,0
7,2.60,9.830,0.5000,-26.533,-103.117,1.00000,90.000,-nan,-nan,-nan,0
7,2.60,9.840,0.5000,-26.532,-103.104,1.00000,90.000,-nan,-nan,-nan,0
7,2.60,9.850,0.5000,-26.531,-103.091,1.00000,90.000,-nan,-nan,-nan,0
7,2.60,9.860,0.5000,-26.530,-103.079,1.00000,90.000,-nan,-nan,-nan,0
7,2.60,9.870,0.5000,-26.529,-103.066,1.00000,90.000,-nan,-nan,-nan,0
7,2.60,9.880,0.5000,-26.529,-103.053,1.00000,90.000,-nan,-nan,-nan,0
7,2.60,9.890,0.5000,-26.528,-103.041,1.00000,90.000,-nan,-nan,-nan,0
7,2.60,9.900,0.5000,-26.527,-103.029,1.00000,90.000,-nan,-nan,-nan,0
7,2.60,9.910,0.5000,-26.526,-103.016,1.00000,90.000,-nan,-nan,-nan,0
7,2.60,9.920,0.5000,-26.525,-103.004,1.00000,90.000,-nan,-nan,-nan,0
7,2.60,9.930,0.5000,-26.524,-102.992,1.00000,90.000,-nan,-nan,-nan,0
7,2.60,9.940,0.5000,-26.523,-102.980,1.00000,90.000,-nan,-nan,-nan,0
7,2.60,9.950,0.5000,-26.522,-102.967,1.00000,90.000,-nan,-nan,-nan,0
7,2.60,9.960,0.5000,-26.521,-102.955,1.00000,90.000,-nan,-nan,-nan,0
7,2.60,9.970,0.5000,-26.520,-102.943,1.00000,90.000,-nan,-nan,-nan,0
7,2.60,9.980,0.5000,-26.520,-102.931,1.00000,90.000,-nan,-nan,-nan,0
7,2.60,9.990,0.5000,-26.519,-102.920,1.00000,90.000,-nan,-nan,-nan,0
7,2.60,10.000,0.5000,-26.518,-102.908,1.00000,90.000,-nan,-nan,-nan,0
8,2.60,0.000,0.5000,-52.000,-450.006,0.03490,2.000,270.00,-0.03490,-0.00000,0
8,2.60,0.010,0.5000,-51.872,-448.263,1.00000,90.000,257.74,-0.97718,-0.21241,0
8,2.60,0.020,0.5000,-51.745,-446.529,1.00000,90.000,245.79,-0.91204,-0.41010,0
8,2.60,0.030,0.5000,-51.618,-444.804,1.00000,90.000,233.79,-0.80688,-0.59071,0
8,2.60,0.040,0.5000,-51.492,-443.087,1.00000,90.000,221.75,-0.66585,-0.74609,0
8,2.60,0.050,0.5000,-51.367,-441.378,1.00000,90.000,209.65,-0.49475,-0.86904,0
8,2.60,0.060,0.5000,-51.242,-439.678,1.00000,90.000,197.51,-0.30086,-0.95367,0
8,2.60,0.070,0.5000,-51.118,-437.987,1.00000,90.000,185.32,-0.09265,-0.99570,0
8,2.60,0.080,0.5000,-50.994,-436.304,1.00000,90.000,173.07,0.12060,-0.99270,0
8,2.60,0.090,0.5000,-50.871,-434.629,1.00000,90.000,160.78,0.32918,-0.94427,0
8,2.60,0.100,0.5000,-50.749,-432.963,1.00000,90.000,148.44,0.52341,-0.85208,0
8,2.60,0.110,0.5000,-50.627,-431.305,1.00000,90.000,136.05,0.69408,-0.71990,0
8,2.60,0.120,0.5000,-50.506,-429.656,1.00000,90.000,123.60,0.83289,-0.55344,0
8,2.60,0.130,0.5000,-50.385,-428.014,1.00000,90.000,111.11,0.93289,-0.36017,0
8,2.60,0.140,0.5000,-50.266,-426.381,1.00000,90.000,98.57,0.98884,-0.14897,0
8,2.60,0.150,0.5000,-50.146,-424.756,1.00000,90.000,85.97,0.99753,0.07023,0
8,2.60,0.160,0.5000,-50.028,-423.139,1.00000,90.000,73.33,0.95796,0.28689,0
8,2.60,0.170,0.5000,-49.909,-421.530,1.00000,90.000,60.63,0.87149,0.49042,0
8,2.60,0.180,0.5000,-49.792,-419.929,1.00000,90.000,47.88,0.74180,0.67062,0
8,2.60,0.190,0.5000,-49.675,-418.336,1.00000,90.000,35.09,0.57481,0.81829,0
8,2.60,0.200,0.5000,-49.559,-416.751,1.00000,90.000,22.24,0.37843,0.92563,0
8,2.60,0.210,0.5000,-49.443,-415.174,1.00000,90.000,9.34,0.16221,0.98676,0
8,2.60,0.220,0.5000,-49.328,-413.605,1.00000,90.000,356.38,-0.06311,0.99801,0
8,2.60,0.230,0.5000,-49.213,-412.044,1.00000,90.000,343.38,-0.28608,0.95821,0
8,2.60,0.240,0.5000,-49.099,-410.490,1.00000,90.000,330.32,-0.49517,0.86880,0
8,2.60,0.250,0.5000,-48.985,-408.944,1.00000,90.000,317.21,-0.67932,0.73385,0
8,2.60,0.260,0.5000,-48.873,-407.406,1.00000,90.000,304.05,-0.82857,0.55988,0
8,2.60,0.270,0.5000,-48.760,-405.876,1.00000,90.000,290.83,-0.93462,0.35565,0
8,2.60,0.280,0.5000,-48.648,-404.353,1.00000,90.000,277.57,-0.99129,0.13167,0
8,2.60,0.290,0.5000,-48.537,-402.838,1.00000,90.000,264.25,-0.99496,-0.10026,0
8,2.60,0.300,0.5000,-48.426,-401.330,1.00000,90.000,250.87,-0.94479,-0.32766,0
8,2.60,0.310,0.5000,-48.316,-399.830,1.00000,90.000,237.45,-0.84289,-0.53809,0
8,2.60,0.320,0.5000,-48.207,-398.337,1.00000,90.000,223.97,-0.69424,-0.71974,0
8,2.60,0.330,0.5000,-48.098,-396.852,1.00000,90.000,210.43,-0.50654,-0.86221,0
8,2.60,0.340,0.5000,-47.989,-395.374,1.00000,90.000,196.85,-0.28982,-0.95708,0
8,2.60,0.350,0.5000,-47.881,-393.904,1.00000,90.000,183.21,-0.05593,-0.99843,0
8,2.60,0.360,0.5000,-47.774,-392.441,1.00000,90.000,169.51,0.18203,-0.98329,0
8,2.60,0.370,0.5000,-47.667,-390.985,1.00000,90.000,155.76,0.41051,-0.91186,0
8,2.60,0.380,0.5000,-47.561,-389.537,1.00000,90.000,141.96,0.61621,-0.78758,0
8,2.60,0.390,0.5000,-47.455,-388.095,1.00000,90.000,128.10,0.78691,-0.61707,0
8,2.60,0.400,0.5000,-47.350,-386.661,1.00000,90.000,114.19,0.91219,-0.40977,0
8,2.60,0.410,0.5000,-47.245,-385.234,1.00000,90.000,100.22,0.98412,-0.17749,0
8,2.60,0.420,0.5000,-47.141,-383.814,1.00000,90.000,86.20,0.99780,0.06624,0
8,2.60,0.430,0.5000,-47.037,-382.402,1.00000,90.000,72.13,0.95173,0.30694,0
8,2.60,0.440,0.5000,-46.934,-380.996,1.00000,90.000,57.99,0.84799,0.53002,0
8,2.60,0.450,0.5000,-46.831,-379.597,1.00000,90.000,43.81,0.69222,0.72169,0
8,2.60,0.460,0.5000,-46.729,-378.205,1.00000,90.000,29.56,0.49338,0.86982,0
8,2.60,0.470,0.5000,-46.627,-376.821,1.00000,90.000,15.26,0.26327,0.96472,0
8,2.60,0.480,0.5000,-46.526,-375.443,1.00000,90.000,0.91,0.01587,0.99987,0
8,2.60,0.490,0.5000,-46.425,-374.072,1.00000,90.000,346.50,-0.23346,0.97237,0
8,2.60,0.500,0.5000,-46.325,-372.708,1.00000,90.000,332.03,-0.46897,0.88321,0
8,2.60,0.510,0.5000,-46.225,-371.350,1.00000,90.000,317.51,-0.67547,0.73739,0
8,2.60,0.520,0.5000,-46.126,-370.000,1.00000,90.000,302.93,-0.83934,0.54361,0
8,2.60,0.530,0.5000,-46.028,-368.656,1.00000,90.000,288.29,-0.94946,0.31388,0
8,2.60,0.540,0.5000,-45.930,-367.319,1.00000,90.000,273.60,-0.99803,0.06280,0
8,2.60,0.550,0.5000,-45.832,-365.988,1.00000,90.000,258.85,-0.98113,-0.19337,0
8,2.60,0.560,0.5000,-45.735,-364.664,1.00000,90.000,244.04,-0.89912,-0.43769,0
8,2.60,0.570,0.5000,-45.638,-363.347,1.00000,90.000,229.18,-0.75675,-0.65370,0
8,2.60,0.580,0.5000,-45.542,-362.036,1.00000,90.000,214.26,-0.56290,-0.82652,0
8,2.60,0.590,0.5000,-45.446,-360.732,1.00000,90.000,199.28,-0.33014,-0.94393,0
8,2.60,0.600,0.5000,-45.351,-359.434,1.00000,90.000,184.24,-0.07394,-0.99726,0
8,2.60,0.610,0.5000,-45.256,-358.143,1.00000,90.000,169.15,0.18832,-0.98211,0
8,2.60,0.620,0.5000,-45.162,-356.859,1.00000,90.000,153.99,0.43850,-0.89873,0
8,2.60,0.630,0.5000,-45.068,-355.580,1.00000,90.000,138.78,0.65895,-0.75219,0
8,2.60,0.640,0.5000,-44.974,-354.308,1.00000,90.000,123.51,0.83378,-0.55209,0
8,2.60,0.650,0.5000,-44.881,-353.043,1.00000,90.000,108.18,0.95007,-0.31204,0
8,2.60,0.660,0.5000,-44.789,-351.783,1.00000,90.000,92.80,0.99881,-0.04877,0
8,2.60,0.670,0.5000,-44.697,-350.530,1.00000,90.000,77.35,0.97572,0.21900,0
8,2.60,0.680,0.5000,-44.605,-349.284,1.00000,90.000,61.84,0.88167,0.47186,0
8,2.60,0.690,0.5000,-44.514,-348.043,1.00000,90.000,46.28,0.72273,0.69113,0
8,2.60,0.700,0.5000,-44.424,-346.809,1.00000,90.000,30.66,0.50990,0.86023,0
8,2.60,0.710,0.5000,-44.334,-345.580,1.00000,90.000,14.97,0.25839,0.96604,0
8,2.60,0.720,0.5000,-44.244,-344.358,1.00000,90.000,359.23,-0.01340,0.99991,0
8,2.60,0.730,0.5000,-44.155,-343.142,1.00000,90.000,343.43,-0.28519,0.95847,0
8,2.60,0.740,0.5000,-44.066,-341.932,1.00000,90.000,327.57,-0.53631,0.84402,0
8,2.60,0.750,0.5000,-43.977,-340.729,1.00000,90.000,311.65,-0.74727,0.66452,0
8,2.60,0.760,0.5000,-43.889,-339.531,1.00000,90.000,295.66,-0.90136,0.43307,0
8,2.60,0.770,0.5000,-43.802,-338.339,1.00000,90.000,279.62,-0.98594,0.16711,0
8,2.60,0.780,0.5000,-43.715,-337.153,1.00000,90.000,263.52,-0.99360,-0.11292,0
8,2.60,0.790,0.5000,-43.628,-335.973,1.00000,90.000,247.35,-0.92289,-0.38507,0
8,2.60,0.800,0.5000,-43.542,-334.799,1.00000,90.000,231.13,-0.77854,-0.62760,0
8,2.60,0.810,0.5000,-43.456,-333.630,1.00000,90.000,214.84,-0.57130,-0.82074,0
8,2.60,0.820,0.5000,-43.371,-332.468,1.00000,90.000,198.49,-0.31719,-0.94836,0
8,2.60,0.830,0.5000,-43.286,-331.311,1.00000,90.000,182.08,-0.03638,-0.99934,0
8,2.60,0.840,0.5000,-43.202,-330.160,1.00000,90.000,165.61,0.24845,-0.96865,0
8,2.60,0.850,0.5000,-43.117,-329.015,1.00000,90.000,149.08,0.51380,-0.85791,0
8,2.60,0.860,0.5000,-43.034,-327.876,1.00000,90.000,132.49,0.73741,-0.67545,0
8,2.60,0.870,0.5000,-42.951,-326.742,1.00000,90.000,115.83,0.90007,-0.43576,0
8,2.60,0.880,0.5000,-42.868,-325.614,1.00000,90.000,99.12,0.98737,-0.15843,0
8,2.60,0.890,0.5000,-42.785,-324.491,1.00000,90.000,82.34,0.99107,0.13337,0
8,2.60,0.900,0.5000,-42.703,-323.374,1.00000,90.000,45.00,0.70711,0.70711,0
8,2.60,0.910,0.5000,-42.622,-322.263,1.00000,90.000,-nan,-nan,-nan,0
8,2.60,0.920,0.5000,-42.541,-321.157,1.00000,90.000,-nan,-nan,-nan,0
8,2.60,0.930,0.5000,-42.460,-320.057,1.00000,90.000,-nan,-nan,-nan,0
8,2.60,0.940,0.5000,-42.379,-318.962,1.00000,90.000,-nan,-nan,-nan,0
8,2.60,0.950,0.5000,-42.299,-317.873,1.00000,90.000,-nan,-nan,-nan,0
8,2.60,0.960,0.5000,-42.220,-316.789,1.00000,90.000,-nan,-nan,-nan,0
8,2.60,0.970,0.5000,-42.141,-315.711,1.00000,90.000,-nan,-nan,-nan,0
8,2.60,0.980,0.5000,-42.062,-314.637,1.00000,90.000,-nan,-nan,-nan,0
8,2.60,0.990,0.5000,-41.984,-313.570,1.00000,90.000,-nan,-nan,-nan,0
8,2.60,1.000,0.5000,-41.906,-312.507,1.00000,90.000,-nan,-nan,-nan,0
8,2.60,1.010,0.5000,-41.828,-311.450,1.00000,90.000,-nan,-nan,-nan,0
8,2.60,1.020,0.5000,-41.751,-310.398,1.00000,90.000,-nan,-nan,-nan,0
8,2.60,1.030,0.5000,-41.674,-309.352,1.00000,90.000,-nan,-nan,-nan,0
8,2.60,1.040,0.5000,-41.597,-308.310,1.00000,90.000,-nan,-nan,-nan,0
8,2.60,1.050,0.5000,-41.521,-307.274,1.00000,90.000,-nan,-nan,-nan,0
8,2.60,1.060,0.5000,-41.446,-306.243,1.00000,90.000,-nan,-nan,-nan,0
8,2.60,1.070,0.5000,-41.370,-305.217,1.00000,90.000,-nan,-nan,-nan,0
8,2.60,1.080,0.5000,-41.295,-304.196,1.00000,90.000,-nan,-nan,-nan,0
8,2.60,1.090,0.5000,-41.221,-303.181,1.00000,90.000,-nan,-nan,-nan,0
8,2.60,1.100,0.5000,-41.147,-302.170,1.00000,90.000,-nan,-nan,-nan,0
8,2.60,1.110,0.5000,-41.073,-301.165,1.00000,90.000,-nan,-nan,-nan,0
8,2.60,1.120,0.5000,-40.999,-300.164,1.00000,90.000,-nan,-nan,-nan,0
8,2.60,1.130,0.5000,-40.926,-299.168,1.00000,90.000,-nan,-nan,-nan,0
8,2.60,1.140,0.5000,-40.854,-298.178,1.00000,90.000,-nan,-nan,-nan,0
8,2.60,1.150,0.5000,-40.781,-297.192,1.00000,90.000,-nan,-nan,-nan,0
8,2.60,1.160,0.5000,-40.709,-296.211,1.00000,90.000,-nan,-nan,-nan,0
8,2.60,1.170,0.5000,-40.638,-295.236,1.00000,90.000,-nan,-nan,-nan,0
8,2.60,1.180,0.5000,-40.566,-294.265,1.00000,90.000,-nan,-nan,-nan,0
8,2.60,1.190,0.5000,-40.495,-293.298,1.00000,90.000,-nan,-nan,-nan,0
8,2.60,1.200,0.5000,-40.425,-292.337,1.00000,90.000,-nan,-nan,-nan,0
8,2.60,1.210,0.5000,-40.355,-291.381,1.00000,90.000,-nan,-nan,-nan,0
8,2.60,1.220,0.5000,-40.285,-290.429,1.00000,90.000,-nan,-nan,-nan,0
8,2.60,1.230,0.5000,-40.215,-289.482,1.00000,90.000,-nan,-nan,-nan,0
8,2.60,1.240,0.5000,-40.146,-288.540,1.00000,90.000,-nan,-nan,-nan,0
8,2.60,1.250,0.5000,-40.077,-287.602,1.00000,90.000,-nan,-nan,-nan,0
8,2.60,1.260,0.5000,-40.009,-286.669,1.00000,90.000,-nan,-nan,-nan,0
8,2.60,1.270,0.5000,-39.940,-285.741,1.00000,90.000,-nan,-nan,-nan,0
8,2.60,1.280,0.5000,-39.873,-284.817,1.00000,90.000,-nan,-nan,-nan,0
8,2.60,1.290,0.5000,-39.805,-283.898,1.00000,90.000,-nan,-nan,-nan,0
8,2.60,1.300,0.5000,-39.738,-282.984,1.00000,90.000,-nan,-nan,-nan,0
8,2.60,1.310,0.5000,-39.671,-282.074,1.00000,90.000,-nan,-nan,-nan,0
8,2.60,1.320,0.5000,-39.605,-281.169,1.00000,90.000,-nan,-nan,-nan,0
8,2.60,1.330,0.5000,-39.539,-280.268,1.00000,90.000,-nan,-nan,-nan,0
8,2.60,1.340,0.5000,-39.473,-279.371,1.00000,90.000,-nan,-nan,-nan,0
8,2.60,1.350,0.5000,-39.407,-278.480,1.00000,90.000,-nan,-nan,-nan,0
8,2.60,1.360,0.5000,-39.342,-277.592,1.00000,90.000,-nan,-nan,-nan,0
8,2.60,1.370,0.5000,-39.277,-276.709,1.00000,90.000,-nan,-nan,-nan,0
8,2.60,1.380,0.5000,-39.213,-275.831,1.00000,90.000,-nan,-nan,-nan,0
8,2.60,1.390,0.5000,-39.149,-274.956,1.00000,90.000,-nan,-nan,-nan,0
8,2.60,1.400,0.5000,-39.085,-274.086,1.00000,90.000,-nan,-nan,-nan,0
8,2.60,1.410,0.5000,-39.021,-273.221,1.00000,90.000,-nan,-nan,-nan,0
8,2.60,1.420,0.5000,-38.958,-272.360,1.00000,90.000,-nan,-nan,-nan,0
8,2.60,1.430,0.5000,-38.895,-271.503,1.00000,90.000,-nan,-nan,-nan,0
8,2.60,1.440,0.5000,-38.833,-270.650,1.00000,90.000,-nan,-nan,-nan,0
8,2.60,1.450,0.5000,-38.770,-269.802,1.00000,90.000,-nan,-nan,-nan,0
8,2.60,1.460,0.5000,-38.708,-268.958,1.00000,90.000,-nan,-nan,-nan,0
8,2.60,1.470,0.5000,-38.647,-268.118,1.00000,90.000,-nan,-nan,-nan,0
8,2.60,1.480,0.5000,-38.585,-267.282,1.00000,90.000,-nan,-nan,-nan,0
8,2.60,1.490,0.5000,-38.524,-266.451,1.00000,90.000,-nan,-nan,-nan,0
8,2.60,1.500,0.5000,-38.464,-265.623,1.00000,90.000,-nan,-nan,-nan,0
8,2.60,1.510,0.5000,-38.403,-264.800,1.00000,90.000,-nan,-nan,-nan,0
8,2.60,1.520,0.5000,-38.343,-263.981,1.00000,90.000,-nan,-nan,-nan,0
8,2.60,1.530,0.5000,-38.283,-263.166,1.00000,90.000,-nan,-nan,-nan,0
8,2.60,1.540,0.5000,-38.224,-262.355,1.00000,90.000,-nan,-nan,-nan,0
8,2.60,1.550,0.5000,-38.164,-261.548,1.00000,90.000,-nan,-nan,-nan,0
8,2.60,1.560,0.5000,-38.105,-260.745,1.00000,90.000,-nan,-nan,-nan,0
8,2.60,1.570,0.5000,-38.047,-259.946,1.00000,90.000,-nan,-nan,-nan,0
8,2.60,1.580,0.5000,-37.988,-259.151,1.00000,90.000,-nan,-nan,-nan,0
8,2.60,1.590,0.5000,-37.930,-258.360,1.00000,90.000,-nan,-nan,-nan,0
8,2.60,1.600,0.5000,-37.873,-257.573,1.00000,90.000,-nan,-nan,-nan,0
8,2.60,1.610,0.5000,-37.815,-256.789,1.00000,90.000,-nan,-nan,-nan,0
8,2.60,1.620,0.5000,-37.758,-256.010,1.00000,90.000,-nan,-nan,-nan,0
8,2.60,1.630,0.5000,-37.701,-255.235,1.00000,90.000,-nan,-nan,-nan,0
8,2.60,1.640,0.5000,-37.644,-254.463,1.00000,90.000,-nan,-nan,-nan,0
8,2.60,1.650,0.5000,-37.588,-253.696,1.00000,90.000,-nan,-nan,-nan,0
8,2.60,1.660,0.5000,-37.532,-252.932,1.00000,90.000,-nan,-nan,-nan,0
8,2.60,1.670,0.5000,-37.476,-252.172,1.00000,90.000,-nan,-nan,-nan,0
8,2.60,1.680,0.5000,-37.421,-251.416,1.00000,90.000,-nan,-nan,-nan,0
8,2.60,1.690,0.5000,-37.365,-250.663,1.00000,90.000,-nan,-nan,-nan,0
8,2.60,1.700,0.5000,-37.310,-249.915,1.00000,90.000,-nan,-nan,-nan,0
8,2.60,1.710,0.5000,-37.256,-249.170,1.00000,90.000,-nan,-nan,-nan,0
8,2.60,1.720,0.5000,-37.201,-248.429,1.00000,90.000,-nan,-nan,-nan,0
8,2.60,1.730,0.5000,-37.147,-247.691,1.00000,90.000,-nan,-nan,-nan,0
8,2.60,1.740,0.5000,-37.093,-246.957,1.00000,90.000,-nan,-nan,-nan,0
8,2.60,1.750,0.5000,-37.040,-246.227,1.00000,90.000,-nan,-nan,-nan,0
8,2.60,1.760,0.5000,-36.986,-245.500,1.00000,90.000,-nan,-nan,-nan,0
8,2.60,1.770,0.5000,-36.933,-244.777,1.00000,90.000,-nan,-nan,-nan,0
8,2.60,1.780,0.5000,-36.880,-244.058,1.00000,90.000,-nan,-nan,-nan,0
8,2.60,1.790,0.5000,-36.828,-243.342,1.00000,90.000,-nan,-nan,-nan,0
8,2.60,1.800,0.5000,-36.776,-242.630,1.00000,90.000,-nan,-nan,-nan,0
8,2.60,1.810,0.5000,-36.724,-241.922,1.00000,90.000,-nan,-nan,-nan,0
8,2.60,1.820,0.5000,-36.672,-241.217,1.00000,90.000,-nan,-nan,-nan,0
8,2.60,1.830,0.5000,-36.620,-240.515,1.00000,90.000,-nan,-nan,-nan,0
8,2.60,1.840,0.5000,-36.569,-239.817,1.00000,90.000,-nan,-nan,-nan,0
8,2.60,1.850,0.5000,-36.518,-239.122,1.00000,90.000,-nan,-nan,-nan,0
8,2.60,1.860,0.5000,-36.467,-238.431,1.00000,90.000,-nan,-nan,-nan,0
8,2.60,1.870,0.5000,-36.417,-237.744,1.00000,90.000,-nan,-nan,-nan,0
8,2.60,1.880,0.5000,-36.367,-237.059,1.00000,90.000,-nan,-nan,-nan,0
8,2.60,1.890,0.5000,-36.317,-236.378,1.00000,90.000,-nan,-nan,-nan,0
8,2.60,1.900,0.5000,-36.267,-235.701,1.00000,90.000,-nan,-nan,-nan,0
8,2.60,1.910,0.5000,-36.217,-235.027,1.00000,90.000,-nan,-nan,-nan,0
8,2.60,1.920,0.5000,-36.168,-234.356,1.00000,90.000,-nan,-nan,-nan,0
8,2.60,1.930,0.5000,-36.119,-233.689,1.00000,90.000,-nan,-nan,-nan,0
8,2.60,1.940,0.5000,-36.070,-233.025,1.00000,90.000,-nan,-nan,-nan,0
8,2.60,1.950,0.5000,-36.022,-232.364,1.00000,90.000,-nan,-nan,-nan,0
8,2.60,1.960,0.5000,-35.974,-231.707,1.00000,90.000,-nan,-nan,-nan,0
8,2.60,1.970,0.5000,-35.926,-231.053,1.00000,90.000,-nan,-nan,-nan,0
8,2.60,1.980,0.5000,-35.878,-230.402,1.00000,90.000,-nan,-nan,-nan,0
8,2.60,1.990,0.5000,-35.830,-229.754,1.00000,90.000,-nan,-nan,-nan,0
8,2.60,2.000,0.5000,-35.783,-229.110,1.00000,90.000,-nan,-nan,-nan,0
8,2.60,2.010,0.5000,-35.736,-228.469,1.00000,90.000,-nan,-nan,-nan,0
8,2.60,2.020,0.5000,-35.689,-227.831,1.00000,90.000,-nan,-nan,-nan,0
8,2.60,2.030,0.5000,-35.642,-227.196,1.00000,90.000,-nan,-nan,-nan,0
8,2.60,2.040,0.5000,-35.596,-226.564,1.00000,90.000,-nan,-nan,-nan,0
8,2.60,2.050,0.5000,-35.550,-225.936,1.00000,90.000,-nan,-nan,-nan,0
8,2.60,2.060,0.5000,-35.504,-225.310,1.00000,90.000,-nan,-nan,-nan,0
8,2.60,2.070,0.5000,-35.458,-224.688,1.00000,90.000,-nan,-nan,-nan,0
8,2.60,2.080,0.5000,-35.413,-224.069,1.00000,90.000,-nan,-nan,-nan,0
8,2.60,2.090,0.5000,-35.368,-223.453,1.00000,90.000,-nan,-nan,-nan,0
8,2.60,2.100,0.5000,-35.323,-222.840,1.00000,90.000,-nan,-nan,-nan,0
8,2.60,2.110,0.5000,-35.278,-222.230,1.00000,90.000,-nan,-nan,-nan,0
8,2.60,2.120,0.5000,-35.233,-221.623,1.00000,90.000,-nan,-nan,-nan,0
8,2.60,2.130,0.5000,-35.189,-221.019,1.00000,90.000,-nan,-nan,-nan,0
8,2.60,2.140,0.5000,-35.145,-220.419,1.00000,90.000,-nan,-nan,-nan,0
8,2.60,2.150,0.5000,-35.101,-219.821,1.00000,90.000,-nan,-nan,-nan,0
8,2.60,2.160,0.5000,-35.057,-219.226,1.00000,90.000,-nan,-nan,-nan,0
8,2.60,2.170,0.5000,-35.014,-218.634,1.00000,90.000,-nan,-nan,-nan,0
8,2.60,2.180,0.5000,-34.971,-218.045,1.00000,90.000,-nan,-nan,-nan,0
8,2.60,2.190,0.5000,-34.928,-217.459,1.00000,90.000,-nan,-nan,-nan,0
8,2.60,2.200,0.5000,-34.885,-216.876,1.00000,90.000,-nan,-nan,-nan,0
8,2.60,2.210,0.5000,-34.842,-216.296,1.00000,90.000,-nan,-nan,-nan,0
8,2.60,2.220,0.5000,-34.800,-215.719,1.00000,90.000,-nan,-nan,-nan,0
8,2.60,2.230,0.5000,-34.758,-215.144,1.00000,90.000,-nan,-nan,-nan,0
8,2.60,2.240,0.5000,-34.716,-214.573,1.00000,90.000,-nan,-nan,-nan,0
8,2.60,2.250,0.5000,-34.674,-214.004,1.00000,90.000,-nan,-nan,-nan,0
8,2.60,2.260,0.5000,-34.632,-213.438,1.00000,90.000,-nan,-nan,-nan,0
8,2.60,2.270,0.5000,-34.591,-212.875,1.00000,90.000,-nan,-nan,-nan,0
8,2.60,2.280,0.5000,-34.550,-212.315,1.00000,90.000,-nan,-nan,-nan,0
8,2.60,2.290,0.5000,-34.509,-211.758,1.00000,90.000,-nan,-nan,-nan,0
8,2.60,2.300,0.5000,-34.468,-211.203,1.00000,90.000,-nan,-nan,-nan,0
8,2.60,2.310,0.5000,-34.428,-210.651,1.00000,90.000,-nan,-nan,-nan,0
8,2.60,2.320,0.5000,-34.387,-210.102,1.00000,90.000,-nan,-nan,-nan,0
8,2.60,2.330,0.5000,-34.347,-209.556,1.00000,90.000,-nan,-nan,-nan,0
8,2.60,2.340,0.5000,-34.307,-209.012,1.00000,90.000,-nan,-nan,-nan,0
8,2.60,2.350,0.5000,-34.268,-208.471,1.00000,90.000,-nan,-nan,-nan,0
8,2.60,2.360,0.5000,-34.228,-207.933,1.00000,90.000,-nan,-nan,-nan,0
8,2.60,2.370,0.5000,-34.189,-207.397,1.00000,90.000,-nan,-nan,-nan,0
8,2.60,2.380,0.5000,-34.150,-206.864,1.00000,90.000,-nan,-nan,-nan,0
8,2.60,2.390,0.5000,-34.111,-206.334,1.00000,90.000,-nan,-nan,-nan,0
8,2.60,2.400,0.5000,-34.072,-205.806,1.00000,90.000,-nan,-nan,-nan,0
8,2.60,2.410,0.5000,-34.034,-205.282,1.00000,90.000,-nan,-nan,-nan,0
8,2.60,2.420,0.5000,-33.995,-204.759,1.00000,90.000,-nan,-nan,-nan,0
8,2.60,2.430,0.5000,-33.957,-204.239,1.00000,90.000,-nan,-nan,-nan,0
8,2.60,2.440,0.5000,-33.919,-203.722,1.00000,90.000,-nan,-nan,-nan,0
8,2.60,2.450,0.5000,-33.881,-203.208,1.00000,90.000,-nan,-nan,-nan,0
8,2.60,2.460,0.5000,-33.844,-202.696,1.00000,90.000,-nan,-nan,-nan,0
8,2.60,2.470,0.5000,-33.806,-202.186,1.00000,90.000,-nan,-nan,-nan,0
8,2.60,2.480,0.5000,-33.769,-201.679,1.00000,90.000,-nan,-nan,-nan,0
8,2.60,2.490,0.5000,-33.732,-201.175,1.00000,90.000,-nan,-nan,-nan,0
8,2.60,2.500,0.5000,-33.695,-200.673,1.00000,90.000,-nan,-nan,-nan,0
8,2.60,2.510,0.5000,-33.659,-200.174,1.00000,90.000,-nan,-nan,-nan,0
8,2.60,2.520,0.5000,-33.622,-199.677,1.00000,90.000,-nan,-nan,-nan,0
8,2.60,2.530,0.5000,-33.586,-199.183,1.00000,90.000,-nan,-nan,-nan,0
8,2.60,2.540,0.5000,-33.550,-198.691,1.00000,90.000,-nan,-nan,-nan,0
8,2.60,2.550,0.5000,-33.514,-198.201,1.00000,90.000,-nan,-nan,-nan,0
8,2.60,2.560,0.5000,-33.478,-197.714,1.00000,90.000,-nan,-nan,-nan,0
8,2.60,2.570,0.5000,-33.442,-197.230,1.00000,90.000,-nan,-nan,-nan,0
8,2.60,2.580,0.5000,-33.407,-196.747,1.00000,90.000,-nan,-nan,-nan,0
8,2.60,2.590,0.5000,-33.372,-196.268,1.00000,90.000,-nan,-nan,-nan,0
8,2.60,2.600,0.5000,-33.337,-195.790,1.00000,90.000,-nan,-nan,-nan,0
8,2.60,2.610,0.5000,-33.302,-195.315,1.00000,90.000,-nan,-nan,-nan,0
8,2.60,2.620,0.5000,-33.267,-194.843,1.00000,90.000,-nan,-nan,-nan,0
8,2.60,2.630,0.5000,-33.233,-194.372,1.00000,90.000,-nan,-nan,-nan,0
8,2.60,2.640,0.5000,-33.198,-193.904,1.00000,90.000,-nan,-nan,-nan,0
8,2.60,2.650,0.5000,-33.164,-193.439,1.00000,90.000,-nan,-nan,-nan,0
8,2.60,2.660,0.5000,-33.130,-192.976,1.00000,90.000,-nan,-nan,-nan,0
8,2.60,2.670,0.5000,-33.096,-192.515,1.00000,90.000,-nan,-nan,-nan,0
8,2.60,2.680,0.5000,-33.063,-192.056,1.00000,90.000,-nan,-nan,-nan,0
8,2.60,2.690,0.5000,-33.029,-191.600,1.00000,90.000,-nan,-nan,-nan,0
8,2.60,2.700,0.5000,-32.996,-191.146,1.00000,90.000,-nan,-nan,-nan,0
8,2.60,2.710,0.5000,-32.963,-190.694,1.00000,90.000,-nan,-nan,-nan,0
8,2.60,2.720,0.5000,-32.930,-190.244,1.00000,90.000,-nan,-nan,-nan,0
8,2.60,2.730,0.5000,-32.897,-189.797,1.00000,90.000,-nan,-nan,-nan,0
8,2.60,2.740,0.5000,-32.864,-189.352,1.00000,90.000,-nan,-nan,-nan,0
8,2.60,2.750,0.5000,-32.832,-188.909,1.00000,90.000,-nan,-nan,-nan,0
8,2.60,2.760,0.5000,-32.799,-188.468,1.00000,90.000,-nan,-nan,-nan,0
8,2.60,2.770,0.5000,-32.767,-188.030,1.00000,90.000,-nan,-nan,-nan,0
8,2.60,2.780,0.5000,-32.735,-187.593,1.00000,90.000,-nan,-nan,-nan,0
8,2.60,2.790,0.5000,-32.703,-187.159,1.00000,90.000,-nan,-nan,-nan,0
8,2.60,2.800,0.5000,-32.671,-186.727,1.00000,90.000,-nan,-nan,-nan,0
8,2.60,2.810,0.5000,-32.640,-186.298,1.00000,90.000,-nan,-nan,-nan,0
8,2.60,2.820,0.5000,-32.608,-185.870,1.00000,90.000,-nan,-nan,-nan,0
8,2.60,2.830,0.5000,-32.577,-185.444,1.00000,90.000,-nan,-nan,-nan,0
8,2.60,2.840,0.5000,-32.546,-185.021,1.00000,90.000,-nan,-nan,-nan,0
8,2.60,2.850,0.5000,-32.515,-184.600,1.00000,90.000,-nan,-nan,-nan,0
8,2.60,2.860,0.5000,-32.484,-184.180,1.00000,90.000,-nan,-nan,-nan,0
8,2.60,2.870,0.5000,-32.454,-183.763,1.00000,90.000,-nan,-nan,-nan,0
8,2.60,2.880,0.5000,-32.423,-183.348,1.00000,90.000,-nan,-nan,-nan,0
8,2.60,2.890,0.5000,-32.393,-182.935,1.00000,90.000,-nan,-nan,-nan,0
8,2.60,2.900,0.5000,-32.363,-182.525,1.00000,90.000,-nan,-nan,-nan,0
8,2.60,2.910,0.5000,-32.333,-182.116,1.00000,90.000,-nan,-nan,-nan,0
8,2.60,2.920,0.5000,-32.303,-181.709,1.00000,90.000,-nan,-nan,-nan,0
8,2.60,2.930,0.5000,-32.273,-181.304,1.00000,90.000,-nan,-nan,-nan,0
8,2.60,2.940,0.5000,-32.244,-180.901,1.00000,90.000,-nan,-nan,-nan,0
8,2.60,2.950,0.5000,-32.214,-180.501,1.00000,90.000,-nan,-nan,-nan,0
8,2.60,2.960,0.5000,-32.185,-180.102,1.00000,90.000,-nan,-nan,-nan,0
8,2.60,2.970,0.5000,-32.156,-179.705,1.00000,90.000,-nan,-nan,-nan,0
8,2.60,2.980,0.5000,-32.127,-179.310,1.00000,90.000,-nan,-nan,-nan,0
8,2.60,2.990,0.5000,-32.098,-178.918,1.00000,90.000,-nan,-nan,-nan,0
8,2.60,3.000,0.5000,-32.069,-178.527,1.00000,90.000,-nan,-nan,-nan,0
8,2.60,3.010,0.5000,-32.041,-178.138,1.00000,90.000,-nan,-nan,-nan,0
8,2.60,3.020,0.5000,-32.012,-177.751,1.00000,90.000,-nan,-nan,-nan,0
8,2.60,3.030,0.5000,-31.984,-177.366,1.00000,90.000,-nan,-nan,-nan,0
8,2.60,3.040,0.5000,-31.956,-176.983,1.00000,90.000,-nan,-nan,-nan,0
8,2.60,3.050,0.5000,-31.928,-176.602,1.00000,90.000,-nan,-nan,-nan,0
8,2.60,3.060,0.5000,-31.900,-176.222,1.00000,90.000,-nan,-nan,-nan,0
8,2.60,3.070,0.5000,-31.873,-175.845,1.00000,90.000,-nan,-nan,-nan,0
8,2.60,3.080,0.5000,-31.845,-175.469,1.00000,90.000,-nan,-nan,-nan,0
8,2.60,3.090,0.5000,-31.818,-175.096,1.00000,90.000,-nan,-nan,-nan,0
8,2.60,3.100,0.5000,-31.790,-174.724,1.00000,90.000,-nan,-nan,-nan,0
8,2.60,3.110,0.5000,-31.763,-174.354,1.00000,90.000,-nan,-nan,-nan,0
8,2.60,3.120,0.5000,-31.736,-173.986,1.00000,90.000,-nan,-nan,-nan,0
8,2.60,3.130,0.5000,-31.709,-173.620,1.00000,90.000,-nan,-nan,-nan,0
8,2.60,3.140,0.5000,-31.682,-173.255,1.00000,90.000,-nan,-nan,-nan,0
8,2.60,3.150,0.5000,-31.656,-172.893,1.00000,90.000,-nan,-nan,-nan,0
8,2.60,3.160,0.5000,-31.629,-172.532,1.00000,90.000,-nan,-nan,-nan,0
8,2.60,3.170,0.5000,-31.603,-172.173,1.00000,90.000,-nan,-nan,-nan,0
8,2.60,3.180,0.5000,-31.577,-171.816,1.00000,90.000,-nan,-nan,-nan,0
8,2.60,3.190,0.5000,-31.551,-171.460,1.00000,90.000,-nan,-nan,-nan,0
8,2.60,3.200,0.5000,-31.525,-171.107,1.00000,90.000,-nan,-nan,-nan,0
8,2.60,3.210,0.5000,-31.499,-170.755,1.00000,90.000,-nan,-nan,-nan,0
8,2.60,3.220,0.5000,-31.473,-170.405,1.00000,90.000,-nan,-nan,-nan,0
8,2.60,3.230,0.5000,-31.448,-170.056,1.00000,90.000,-nan,-nan,-nan,0
8,2.60,3.240,0.5000,-31.422,-169.710,1.00000,90.000,-nan,-nan,-nan,0
8,2.60,3.250,0.5000,-31.397,-169.365,1.00000,90.000,-nan,-nan,-nan,0
8,2.60,3.260,0.5000,-31.372,-169.021,1.00000,90.000,-nan,-nan,-nan,0
8,2.60,3.270,0.5000,-31.347,-168.680,1.00000,90.000,-nan,-nan,-nan,0
8,2.60,3.280,0.5000,-31.322,-168.340,1.00000,90.000,-nan,-nan,-nan,0
8,2.60,3.290,0.5000,-31.297,-168.002,1.00000,90.000,-nan,-nan,-nan,0
8,2.60,3.300,0.5000,-31.272,-167.666,1.00000,90.000,-nan,-nan,-nan,0
8,2.60,3.310,0.5000,-31.247,-167.331,1.00000,90.000,-nan,-nan,-nan,0
8,2.60,3.320,0.5000,-31.223,-166.998,1.00000,90.000,-nan,-nan,-nan,0
8,2.60,3.330,0.5000,-31.199,-166.666,1.00000,90.000,-nan,-nan,-nan,0
8,2.60,3.340,0.5000,-31.174,-166.337,1.00000,90.000,-nan,-nan,-nan,0
8,2.60,3.350,0.5000,-31.150,-166.009,1.00000,90.000,-nan,-nan,-nan,0
8,2.60,3.360,0.5000,-31.126,-165.682,1.00000,90.000,-nan,-nan,-nan,0
8,2.60,3.370,0.5000,-31.103,-165.357,1.00000,90.000,-nan,-nan,-nan,0
8,2.60,3.380,0.5000,-31.079,-165.034,1.00000,90.000,-nan,-nan,-nan,0
8,2.60,3.390,0.5000,-31.055,-164.713,1.00000,90.000,-nan,-nan,-nan,0
8,2.60,3.400,0.5000,-31.032,-164.393,1.00000,90.000,-nan,-nan,-nan,0
8,2.60,3.410,0.5000,-31.008,-164.074,1.00000,90.000,-nan,-nan,-nan,0
8,2.60,3.420,0.5000,-30.985,-163.757,1.00000,90.000,-nan,-nan,-nan,0
8,2.60,3.430,0.5000,-30.962,-163.442,1.00000,90.000,-nan,-nan,-nan,0
8,2.60,3.440,0.5000,-30.939,-163.128,1.00000,90.000,-nan,-nan,-nan,0
8,2.60,3.450,0.5000,-30.916,-162.816,1.00000,90.000,-nan,-nan,-nan,0
8,2.60,3.460,0.5000,-30.893,-162.506,1.00000,90.000,-nan,-nan,-nan,0
8,2.60,3.470,0.5000,-30.871,-162.197,1.00000,90.000,-nan,-nan,-nan,0
8,2.60,3.480,0.5000,-30.848,-161.889,1.00000,90.000,-nan,-nan,-nan,0
8,2.60,3.490,0.5000,-30.826,-161.583,1.00000,90.000,-nan,-nan,-nan,0
8,2.60,3.500,0.5000,-30.803,-161.279,1.00000,90.000,-nan,-nan,-nan,0
8,2.60,3.510,0.5000,-30.781,-160.976,1.00000,90.000,-nan,-nan,-nan,0
8,2.60,3.520,0.5000,-30.759,-160.675,1.00000,90.000,-nan,-nan,-nan,0
8,2.60,3.530,0.5000,-30.737,-160.375,1.00000,90.000,-nan,-nan,-nan,0
8,2.60,3.540,0.5000,-30.715,-160.077,1.00000,90.000,-nan,-nan,-nan,0
8,2.60,3.550,0.5000,-30.693,-159.780,1.00000,90.000,-nan,-nan,-nan,0
8,2.60,3.560,0.5000,-30.671,-159.484,1.00000,90.000,-nan,-nan,-nan,0
8,2.60,3.570,0.5000,-30.650,-159.190,1.00000,90.000,-nan,-nan,-nan,0
8,2.60,3.580,0.5000,-30.628,-158.898,1.00000,90.000,-nan,-nan,-nan,0
8,2.60,3.590,0.5000,-30.607,-158.607,1.00000,90.000,-nan,-nan,-nan,0
8,2.60,3.600,0.5000,-30.586,-158.317,1.00000,90.000,-nan,-nan,-nan,0
8,2.60,3.610,0.5000,-30.565,-158.029,1.00000,90.000,-nan,-nan,-nan,0
8,2.60,3.620,0.5000,-30.544,-157.743,1.00000,90.000,-nan,-nan,-nan,0
8,2.60,3.630,0.5000,-30.523,-157.457,1.00000,90.000,-nan,-nan,-nan,0
8,2.60,3.640,0.5000,-30.502,-157.174,1.00000,90.000,-nan,-nan,-nan,0
8,2.60,3.650,0.5000,-30.481,-156.891,1.00000,90.000,-nan,-nan,-nan,0
8,2.60,3.660,0.5000,-30.460,-156.610,1.00000,90.000,-nan,-nan,-nan,0
8,2.60,3.670,0.5000,-30.440,-156.331,1.00000,90.000,-nan,-nan,-nan,0
8,2.60,3.680,0.5000,-30.419,-156.052,1.00000,90.000,-nan,-nan,-nan,0
8,2.60,3.690,0.5000,-30.399,-155.776,1.00000,90.000,-nan,-nan,-nan,0
8,2.60,3.700,0.5000,-30.379,-155.500,1.00000,90.000,-nan,-nan,-nan,0
8,2.60,3.710,0.5000,-30.359,-155.226,1.00000,90.000,-nan,-nan,-nan,0
8,2.60,3.720,0.5000,-30.339,-154.954,1.00000,90.000,-nan,-nan,-nan,0
8,2.60,3.730,0.5000,-30.319,-154.682,1.00000,90.000,-nan,-nan,-nan,0
8,2.60,3.740,0.5000,-30.299,-154.412,1.00000,90.000,-nan,-nan,-nan,0
8,2.60,3.750,0.5000,-30.279,-154.144,1.00000,90.000,-nan,-nan,-nan,0
8,2.60,3.760,0.5000,-30.260,-153.876,1.00000,90.000,-nan,-nan,-nan,0
8,2.60,3.770,0.5000,-30.240,-153.610,1.00000,90.000,-nan,-nan,-nan,0
8,2.60,3.780,0.5000,-30.221,-153.346,1.00000,90.000,-nan,-nan,-nan,0
8,2.60,3.790,0.5000,-30.201,-153.082,1.00000,90.000,-nan,-nan,-nan,0
8,2.60,3.800,0.5000,-30.182,-152.820,1.00000,90.000,-nan,-nan,-nan,0
8,2.60,3.810,0.5000,-30.163,-152.560,1.00000,90.000,-nan,-nan,-nan,0
8,2.60,3.820,0.5000,-30.144,-152.300,1.00000,90.000,-nan,-nan,-nan,0
8,2.60,3.830,0.5000,-30.125,-152.042,1.00000,90.000,-nan,-nan,-nan,0
8,2.60,3.840,0.5000,-30.106,-151.785,1.00000,90.000,-nan,-nan,-nan,0
8,2.60,3.850,0.5000,-30.087,-151.530,1.00000,90.000,-nan,-nan,-nan,0
8,2.60,3.860,0.5000,-30.069,-151.276,1.00000,90.000,-nan,-nan,-nan,0
8,2.60,3.870,0.5000,-30.050,-151.023,1.00000,90.000,-nan,-nan,-nan,0
8,2.60,3.880,0.5000,-30.032,-150.771,1.00000,90.000,-nan,-nan,-nan,0
8,2.60,3.890,0.5000,-30.013,-150.521,1.00000,90.000,-nan,-nan,-nan,0
8,2.60,3.900,0.5000,-29.995,-150.271,1.00000,90.000,-nan,-nan,-nan,0
8,2.60,3.910,0.5000,-29.977,-150.023,1.00000,90.000,-nan,-nan,-nan,0
8,2.60,3.920,0.5000,-29.959,-149.777,1.00000,90.000,-nan,-nan,-nan,0
8,2.60,3.930,0.5000,-29.941,-149.531,1.00000,90.000,-nan,-nan,-nan,0
8,2.60,3.940,0.5000,-29.923,-149.287,1.00000,90.000,-nan,-nan,-nan,0
8,2.60,3.950,0.5000,-29.905,-149.044,1.00000,90.000,-nan,-nan,-nan,0
8,2.60,3.960,0.5000,-29.887,-148.802,1.00000,90.000,-nan,-nan,-nan,0
8,2.60,3.970,0.5000,-29.869,-148.561,1.00000,90.000,-nan,-nan,-nan,0
8,2.60,3.980,0.5000,-29.852,-148.322,1.00000,90.000,-nan,-nan,-nan,0
8,2.60,3.990,0.5000,-29.834,-148.084,1.00000,90.000,-nan,-nan,-nan,0
8,2.60,4.000,0.5000,-29.817,-147.847,1.00000,90.000,-nan,-nan,-nan,0
8,2.60,4.010,0.5000,-29.800,-147.611,1.00000,90.000,-nan,-nan,-nan,0
8,2.60,4.020,0.5000,-29.782,-147.376,1.00000,90.000,-nan,-nan,-nan,0
8,2.60,4.030,0.5000,-29.765,-147.142,1.00000,90.000,-nan,-nan,-nan,0
8,2.60,4.040,0.5000,-29.748,-146.910,1.00000,90.000,-nan,-nan,-nan,0
8,2.60,4.050,0.5000,-29.731,-146.679,1.00000,90.000,-nan,-nan,-nan,0
8,2.60,4.060,0.5000,-29.714,-146.449,1.00000,90.000,-nan,-nan,-nan,0
8,2.60,4.070,0.5000,-29.698,-146.220,1.00000,90.000,-nan,-nan,-nan,0
8,2.60,4.080,0.5000,-29.681,-145.992,1.00000,90.000,-nan,-nan,-nan,0
8,2.60,4.090,0.5000,-29.664,-145.766,1.00000,90.000,-nan,-nan,-nan,0
8,2.60,4.100,0.5000,-29.648,-145.540,1.00000,90.000,-nan,-nan,-nan,0
8,2.60,4.110,0.5000,-29.631,-145.316,1.00000,90.000,-nan,-nan,-nan,0
8,2.60,4.120,0.5000,-29.615,-145.092,1.00000,90.000,-nan,-nan,-nan,0
8,2.60,4.130,0.5000,-29.599,-144.870,1.00000,90.000,-nan,-nan,-nan,0
8,2.60,4.140,0.5000,-29.582,-144.649,1.00000,90.000,-nan,-nan,-nan,0
8,2.60,4.150,0.5000,-29.566,-144.429,1.00000,90.000,-nan,-nan,-nan,0
8,2.60,4.160,0.5000,-29.550,-144.210,1.00000,90.000,-nan,-nan,-nan,0
8,2.60,4.170,0.5000,-29.534,-143.993,1.00000,90.000,-nan,-nan,-nan,0
8,2.60,4.180,0.5000,-29.518,-143.776,1.00000,90.000,-nan,-nan,-nan,0
8,2.60,4.190,0.5000,-29.502,-143.561,1.00000,90.000,-nan,-nan,-nan,0
8,2.60,4.200,0.5000,-29.487,-143.346,1.00000,90.000,-nan,-nan,-nan,0
8,2.60,4.210,0.5000,-29.471,-143.133,1.00000,90.000,-nan,-nan,-nan,0
8,2.60,4.220,0.5000,-29.455,-142.920,1.00000,90.000,-nan,-nan,-nan,0
8,2.60,4.230,0.5000,-29.440,-142.709,1.00000,90.000,-nan,-nan,-nan,0
8,2.60,4.240,0.5000,-29.424,-142.499,1.00000,90.000,-nan,-nan,-nan,0
8,2.60,4.250,0.5000,-29.409,-142.289,1.00000,90.000,-nan,-nan,-nan,0
8,2.60,4.260,0.5000,-29.394,-142.081,1.00000,90.000,-nan,-nan,-nan,0
8,2.60,4.270,0.5000,-29.379,-141.874,1.00000,90.000,-nan,-nan,-nan,0
8,2.60,4.280,0.5000,-29.363,-141.668,1.00000,90.000,-nan,-nan,-nan,0
8,2.60,4.290,0.5000,-29.348,-141.463,1.00000,90.000,-nan,-nan,-nan,0
8,2.60,4.300,0.5000,-29.333,-141.259,1.00000,90.000,-nan,-nan,-nan,0
8,2.60,4.310,0.5000,-29.318,-141.056,1.00000,90.000,-nan,-nan,-nan,0
8,2.60,4.320,0.5000,-29.304,-140.854,1.00000,90.000,-nan,-nan,-nan,0
8,2.60,4.330,0.5000,-29.289,-140.653,1.00000,90.000,-nan,-nan,-nan,0
8,2.60,4.340,0.5000,-29.274,-140.453,1.00000,90.000,-nan,-nan,-nan,0
8,2.60,4.350,0.5000,-29.260,-140.254,1.00000,90.000,-nan,-nan,-nan,0
8,2.60,4.360,0.5000,-29.245,-140.056,1.00000,90.000,-nan,-nan,-nan,0
8,2.60,4.370,0.5000,-29.231,-139.859,1.00000,90.000,-nan,-nan,-nan,0
8,2.60,4.380,0.5000,-29.216,-139.663,1.00000,90.000,-nan,-nan,-nan,0
8,2.60,4.390,0.5000,-29.202,-139.468,1.00000,90.000,-nan,-nan,-nan,0
8,2.60,4.400,0.5000,-29.188,-139.274,1.00000,90.000,-nan,-nan,-nan,0
8,2.60,4.410,0.5000,-29.173,-139.081,1.00000,90.000,-nan,-nan,-nan,0
8,2.60,4.420,0.5000,-29.159,-138.888,1.00000,90.000,-nan,-nan,-nan,0
8,2.60,4.430,0.5000,-29.145,-138.697,1.00000,90.000,-nan,-nan,-nan,0
8,2.60,4.440,0.5000,-29.131,-138.507,1.00000,90.000,-nan,-nan,-nan,0
8,2.60,4.450,0.5000,-29.117,-138.318,1.00000,90.000,-nan,-nan,-nan,0
8,2.60,4.460,0.5000,-29.104,-138.129,1.00000,90.000,-nan,-nan,-nan,0
8,2.60,4.470,0.5000,-29.090,-137.942,1.00000,90.000,-nan,-nan,-nan,0
8,2.60,4.480,0.5000,-29.076,-137.755,1.00000,90.000,-nan,-nan,-nan,0
8,2.60,4.490,0.5000,-29.063,-137.570,1.00000,90.000,-nan,-nan,-nan,0
8,2.60,4.500,0.5000,-29.049,-137.385,1.00000,90.000,-nan,-nan,-nan,0
8,2.60,4.510,0.5000,-29.036,-137.202,1.00000,90.000,-nan,-nan,-nan,0
8,2.60,4.520,0.5000,-29.022,-137.019,1.00000,90.000,-nan,-nan,-nan,0
8,2.60,4.530,0.5000,-29.009,-136.837,1.00000,90.000,-nan,-nan,-nan,0
8,2.60,4.540,0.5000,-28.995,-136.656,1.00000,90.000,-nan,-nan,-nan,0
8,2.60,4.550,0.5000,-28.982,-136.476,1.00000,90.000,-nan,-nan,-nan,0
8,2.60,4.560,0.5000,-28.969,-136.297,1.00000,90.000,-nan,-nan,-nan,0
8,2.60,4.570,0.5000,-28.956,-136.118,1.00000,90.000,-nan,-nan,-nan,0
8,2.60,4.580,0.5000,-28.943,-135.941,1.00000,90.000,-nan,-nan,-nan,0
8,2.60,4.590,0.5000,-28.930,-135.765,1.00000,90.000,-nan,-nan,-nan,0
8,2.60,4.600,0.5000,-28.917,-135.589,1.00000,90.000,-nan,-nan,-nan,0
8,2.60,4.610,0.5000,-28.904,-135.414,1.00000,90.000,-nan,-nan,-nan,0
8,2.60,4.620,0.5000,-28.892,-135.240,1.00000,90.000,-nan,-nan,-nan,0
8,2.60,4.630,0.5000,-28.879,-135.067,1.00000,90.000,-nan,-nan,-nan,0
8,2.60,4.640,0.5000,-28.866,-134.895,1.00000,90.000,-nan,-nan,-nan,0
8,2.60,4.650,0.5000,-28.854,-134.724,1.00000,90.000,-nan,-nan,-nan,0
8,2.60,4.660,0.5000,-28.841,-134.554,1.00000,90.000,-nan,-nan,-nan,0
8,2.60,4.670,0.5000,-28.829,-134.384,1.00000,90.000,-nan,-nan,-nan,0
8,2.60,4.680,0.5000,-28.816,-134.215,1.00000,90.000,-nan,-nan,-nan,0
8,2.60,4.690,0.5000,-28.804,-134.047,1.00000,90.000,-nan,-nan,-nan,0
8,2.60,4.700,0.5000,-28.792,-133.880,1.00000,90.000,-nan,-nan,-nan,0
8,2.60,4.710,0.5000,-28.779,-133.714,1.00000,90.000,-nan,-nan,-nan,0
8,2.60,4.720,0.5000,-28.767,-133.549,1.00000,90.000,-nan,-nan,-nan,0
8,2.60,4.730,0.5000,-28.755,-133.384,1.00000,90.000,-nan,-nan,-nan,0
8,2.60,4.740,0.5000,-28.743,-133.220,1.00000,90.000,-nan,-nan,-nan,0
8,2.60,4.750,0.5000,-28.731,-133.057,1.00000,90.000,-nan,-nan,-nan,0
8,2.60,4.760,0.5000,-28.719,-132.895,1.00000,90.000,-nan,-nan,-nan,0
8,2.60,4.770,0.5000,-28.708,-132.734,1.00000,90.000,-nan,-nan,-nan,0
8,2.60,4.780,0.5000,-28.696,-132.574,1.00000,90.000,-nan,-nan,-nan,0
8,2.60,4.790,0.5000,-28.684,-132.414,1.00000,90.000,-nan,-nan,-nan,0
8,2.60,4.800,0.5000,-28.672,-132.255,1.00000,90.000,-nan,-nan,-nan,0
8,2.60,4.810,0.5000,-28.661,-132.097,1.00000,90.000,-nan,-nan,-nan,0
8,2.60,4.820,0.5000,-28.649,-131.939,1.00000,90.000,-nan,-nan,-nan,0
8,2.60,4.830,0.5000,-28.638,-131.783,1.00000,90.000,-nan,-nan,-nan,0
8,2.60,4.840,0.5000,-28.626,-131.627,1.00000,90.000,-nan,-nan,-nan,0
8,2.60,4.850,0.5000,-28.615,-131.472,1.00000,90.000,-nan,-nan,-nan,0
8,2.60,4.860,0.5000,-28.604,-131.318,1.00000,90.000,-nan,-nan,-nan,0
8,2.60,4.870,0.5000,-28.592,-131.165,1.00000,90.000,-nan,-nan,-nan,0
8,2.60,4.880,0.5000,-28.581,-131.012,1.00000,90.000,-nan,-nan,-nan,0
8,2.60,4.890,0.5000,-28.570,-130.860,1.00000,90.000,-nan,-nan,-nan,0
8,2.60,4.900,0.5000,-28.559,-130.709,1.00000,90.000,-nan,-nan,-nan,0
8,2.60,4.910,0.5000,-28.548,-130.558,1.00000,90.000,-nan,-nan,-nan,0
8,2.60,4.920,0.5000,-28.537,-130.409,1.00000,90.000,-nan,-nan,-nan,0
8,2.60,4.930,0.5000,-28.526,-130.260,1.00000,90.000,-nan,-nan,-nan,0
8,2.60,4.940,0.5000,-28.515,-130.112,1.00000,90.000,-nan,-nan,-nan,0
8,2.60,4.950,0.5000,-28.504,-129.964,1.00000,90.000,-nan,-nan,-nan,0
8,2.60,4.960,0.5000,-28.493,-129.818,1.00000,90.000,-nan,-nan,-nan,0
8,2.60,4.970,0.5000,-28.483,-129.672,1.00000,90.000,-nan,-nan,-nan,0
8,2.60,4.980,0.5000,-28.472,-129.526,1.00000,90.000,-nan,-nan,-nan,0
8,2.60,4.990,0.5000,-28.461,-129.382,1.00000,90.000,-nan,-nan,-nan,0
8,2.60,5.000,0.5000,-28.451,-129.238,1.00000,90.000,-nan,-nan,-nan,0
8,2.60,5.010,0.5000,-28.440,-129.095,1.00000,90.000,-nan,-nan,-nan,0
8,2.60,5.020,0.5000,-28.430,-128.953,1.00000,90.000,-nan,-nan,-nan,0
8,2.60,5.030,0.5000,-28.420,-128.811,1.00000,90.000,-nan,-nan,-nan,0
8,2.60,5.040,0.5000,-28.409,-128.670,1.00000,90.000,-nan,-nan,-nan,0
8,2.60,5.050,0.5000,-28.399,-128.530,1.00000,90.000,-nan,-nan,-nan,0
8,2.60,5.060,0.5000,-28.389,-128.390,1.00000,90.000,-nan,-nan,-nan,0
8,2.60,5.070,0.5000,-28.378,-128.251,1.00000,90.000,-nan,-nan,-nan,0
8,2.60,5.080,0.5000,-28.368,-128.113,1.00000,90.000,-nan,-nan,-nan,0
8,2.60,5.090,0.5000,-28.358,-127.976,1.00000,90.000,-nan,-nan,-nan,0
8,2.60,5.100,0.5000,-28.348,-127.839,1.00000,90.000,-nan,-nan,-nan,0
8,2.60,5.110,0.5000,-28.338,-127.703,1.00000,90.000,-nan,-nan,-nan,0
8,2.60,5.120,0.5000,-28.328,-127.568,1.00000,90.000,-nan,-nan,-nan,0
8,2.60,5.130,0.5000,-28.318,-127.433,1.00000,90.000,-nan,-nan,-nan,0
8,2.60,5.140,0.5000,-28.309,-127.299,1.00000,90.000,-nan,-nan,-nan,0
8,2.60,5.150,0.5000,-28.299,-127.165,1.00000,90.000,-nan,-nan,-nan,0
8,2.60,5.160,0.5000,-28.289,-127.033,1.00000,90.000,-nan,-nan,-nan,0
8,2.60,5.170,0.5000,-28.279,-126.901,1.00000,90.000,-nan,-nan,-nan,0
8,2.60,5.180,0.5000,-28.270,-126.769,1.00000,90.000,-nan,-nan,-nan,0
8,2.60,5.190,0.5000,-28.260,-126.638,1.00000,90.000,-nan,-nan,-nan,0
8,2.60,5.200,0.5000,-28.250,-126.508,1.00000,90.000,-nan,-nan,-nan,0
8,2.60,5.210,0.5000,-28.241,-126.379,1.00000,90.000,-nan,-nan,-nan,0
8,2.60,5.220,0.5000,-28.232,-126.250,1.00000,90.000,-nan,-nan,-nan,0
8,2.60,5.230,0.5000,-28.222,-126.122,1.00000,90.000,-nan,-nan,-nan,0
8,2.60,5.240,0.5000,-28.213,-125.994,1.00000,90.000,-nan,-nan,-nan,0
8,2.60,5.250,0.5000,-28.203,-125.868,1.00000,90.000,-nan,-nan,-nan,0
8,2.60,5.260,0.5000,-28.194,-125.741,1.00000,90.000,-nan,-nan,-nan,0
8,2.60,5.270,0.5000,-28.185,-125.616,1.00000,90.000,-nan,-nan,-nan,0
8,2.60,5.280,0.5000,-28.176,-125.491,1.00000,90.000,-nan,-nan,-nan,0
8,2.60,5.290,0.5000,-28.167,-125.366,1.00000,90.000,-nan,-nan,-nan,0
8,2.60,5.300,0.5000,-28.158,-125.243,1.00000,90.000,-nan,-nan,-nan,0
8,2.60,5.310,0.5000,-28.149,-125.119,1.00000,90.000,-nan,-nan,-nan,0
8,2.60,5.320,0.5000,-28.140,-124.997,1.00000,90.000,-nan,-nan,-nan,0
8,2.60,5.330,0.5000,-28.131,-124.875,1.00000,90.000,-nan,-nan,-nan,0
8,2.60,5.340,0.5000,-28.122,-124.754,1.00000,90.000,-nan,-nan,-nan,0
8,2.60,5.350,0.5000,-28.113,-124.633,1.00000,90.000,-nan,-nan,-nan,0
8,2.60,5.360,0.5000,-28.104,-124.513,1.00000,90.000,-nan,-nan,-nan,0
8,2.60,5.370,0.5000,-28.095,-124.393,1.00000,90.000,-nan,-nan,-nan,0
8,2.60,5.380,0.5000,-28.086,-124.274,1.00000,90.000,-nan,-nan,-nan,0
8,2.60,5.390,0.5000,-28.078,-124.156,1.00000,90.000,-nan,-nan,-nan,0
8,2.60,5.400,0.5000,-28.069,-124.038,1.00000,90.000,-nan,-nan,-nan,0
8,2.60,5.410,0.5000,-28.061,-123.921,1.00000,90.000,-nan,-nan,-nan,0
8,2.60,5.420,0.5000,-28.052,-123.805,1.00000,90.000,-nan,-nan,-nan,0
8,2.60,5.430,0.5000,-28.043,-123.689,1.00000,90.000,-nan,-nan,-nan,0
8,2.60,5.440,0.5000,-28.035,-123.573,1.00000,90.000,-nan,-nan,-nan,0
8,2.60,5.450,0.5000,-28.027,-123.459,1.00000,90.000,-nan,-nan,-nan,0
8,2.60,5.460,0.5000,-28.018,-123.344,1.00000,90.000,-nan,-nan,-nan,0
8,2.60,5.470,0.5000,-28.010,-123.231,1.00000,90.000,-nan,-nan,-nan,0
8,2.60,5.480,0.5000,-28.002,-123.118,1.00000,90.000,-nan,-nan,-nan,0
8,2.60,5.490,0.5000,-27.993,-123.005,1.00000,90.000,-nan,-nan,-nan,0
8,2.60,5.500,0.5000,-27.985,-122.893,1.00000,90.000,-nan,-nan,-nan,0
8,2.60,5.510,0.5000,-27.977,-122.782,1.00000,90.000,-nan,-nan,-nan,0
8,2.60,5.520,0.5000,-27.969,-122.671,1.00000,90.000,-nan,-nan,-nan,0
8,2.60,5.530,0.5000,-27.961,-122.560,1.00000,90.000,-nan,-nan,-nan,0
8,2.60,5.540,0.5000,-27.953,-122.451,1.00000,90.000,-nan,-nan,-nan,0
8,2.60,5.550,0.5000,-27.945,-122.341,1.00000,90.000,-nan,-nan,-nan,0
8,2.60,5.560,0.5000,-27.937,-122.233,1.00000,90.000,-nan,-nan,-nan,0
8,2.60,5.570,0.5000,-27.929,-122.125,1.00000,90.000,-nan,-nan,-nan,0
8,2.60,5.580,0.5000,-27.921,-122.017,1.00000,90.000,-nan,-nan,-nan,0
8,2.60,5.590,0.5000,-27.913,-121.910,1.00000,90.000,-nan,-nan,-nan,0
8,2.60,5.600,0.5000,-27.905,-121.803,1.00000,90.000,-nan,-nan,-nan,0
8,2.60,5.610,0.5000,-27.897,-121.698,1.00000,90.000,-nan,-nan,-nan,0
8,2.60,5.620,0.5000,-27.890,-121.592,1.00000,90.000,-nan,-nan,-nan,0
8,2.60,5.630,0.5000,-27.882,-121.487,1.00000,90.000,-nan,-nan,-nan,0
8,2.60,5.640,0.5000,-27.874,-121.383,1.00000,90.000,-nan,-nan,-nan,0
8,2.60,5.650,0.5000,-27.867,-121.279,1.00000,90.000,-nan,-nan,-nan,0
8,2.60,5.660,0.5000,-27.859,-121.175,1.00000,90.000,-nan,-nan,-nan,0
8,2.60,5.670,0.5000,-27.851,-121.073,1.00000,90.000,-nan,-nan,-nan,0
8,2.60,5.680,0.5000,-27.844,-120.970,1.00000,90.000,-nan,-nan,-nan,0
8,2.60,5.690,0.5000,-27.836,-120.868,1.00000,90.000,-nan,-nan,-nan,0
8,2.60,5.700,0.5000,-27.829,-120.767,1.00000,90.000,-nan,-nan,-nan,0
8,2.60,5.710,0.5000,-27.822,-120.666,1.00000,90.000,-nan,-nan,-nan,0
8,2.60,5.720,0.5000,-27.814,-120.566,1.00000,90.000,-nan,-nan,-nan,0
8,2.60,5.730,0.5000,-27.807,-120.466,1.00000,90.000,-nan,-nan,-nan,0
8,2.60,5.740,0.5000,-27.800,-120.367,1.00000,90.000,-nan,-nan,-nan,0
8,2.60,5.750,0.5000,-27.792,-120.268,1.00000,90.000,-nan,-nan,-nan,0
8,2.60,5.760,0.5000,-27.785,-120.170,1.00000,90.000,-nan,-nan,-nan,0
8,2.60,5.770,0.5000,-27.778,-120.072,1.00000,90.000,-nan,-nan,-nan,0
8,2.60,5.780,0.5000,-27.771,-119.975,1.00000,90.000,-nan,-nan,-nan,0
8,2.60,5.790,0.5000,-27.764,-119.878,1.00000,90.000,-nan,-nan,-nan,0
8,2.60,5.800,0.5000,-27.757,-119.781,1.00000,90.000,-nan,-nan,-nan,0
8,2.60,5.810,0.5000,-27.750,-119.685,1.00000,90.000,-nan,-nan,-nan,0
8,2.60,5.820,0.5000,-27.743,-119.590,1.00000,90.000,-nan,-nan,-nan,0
8,2.60,5.830,0.5000,-27.736,-119.495,1.00000,90.000,-nan,-nan,-nan,0
8,2.60,5.840,0.5000,-27.729,-119.401,1.00000,90.000,-nan,-nan,-nan,0
8,2.60,5.850,0.5000,-27.722,-119.307,1.00000,90.000,-nan,-nan,-nan,0
8,2.60,5.860,0.5000,-27.715,-119.213,1.00000,90.000,-nan,-nan,-nan,0
8,2.60,5.870,0.5000,-27.708,-119.120,1.00000,90.000,-nan,-nan,-nan,0
8,2.60,5.880,0.5000,-27.701,-119.027,1.00000,90.000,-nan,-nan,-nan,0
8,2.60,5.890,0.5000,-27.695,-118.935,1.00000,90.000,-nan,-nan,-nan,0
8,2.60,5.900,0.5000,-27.688,-118.844,1.00000,90.000,-nan,-nan,-nan,0
8,2.60,5.910,0.5000,-27.681,-118.752,1.00000,90.000,-nan,-nan,-nan,0
8,2.60,5.920,0.5000,-27.674,-118.662,1.00000,90.000,-nan,-nan,-nan,0
8,2.60,5.930,0.5000,-27.668,-118.571,1.00000,90.000,-nan,-nan,-nan,0
8,2.60,5.940,0.5000,-27.661,-118.481,1.00000,90.000,-nan,-nan,-nan,0
8,2.60,5.950,0.5000,-27.655,-118.392,1.00000,90.000,-nan,-nan,-nan,0
8,2.60,5.960,0.5000,-27.648,-118.303,1.00000,90.000,-nan,-nan,-nan,0
8,2.60,5.970,0.5000,-27.642,-118.214,1.00000,90.000,-nan,-nan,-nan,0
8,2.60,5.980,0.5000,-27.635,-118.126,1.00000,90.000,-nan,-nan,-nan,0
8,2.60,5.990,0.5000,-27.629,-118.039,1.00000,90.000,-nan,-nan,-nan,0
8,2.60,6.000,0.5000,-27.622,-117.951,1.00000,90.000,-nan,-nan,-nan,0
8,2.60,6.010,0.5000,-27.616,-117.865,1.00000,90.000,-nan,-nan,-nan,0
8,2.60,6.020,0.5000,-27.610,-117.778,1.00000,90.000,-nan,-nan,-nan,0
8,2.60,6.030,0.5000,-27.603,-117.692,1.00000,90.000,-nan,-nan,-nan,0
8,2.60,6.040,0.5000,-27.597,-117.607,1.00000,90.000,-nan,-nan,-nan,0
8,2.60,6.050,0.5000,-27.591,-117.522,1.00000,90.000,-nan,-nan,-nan,0
8,2.60,6.060,0.5000,-27.585,-117.437,1.00000,90.000,-nan,-nan,-nan,0
8,2.60,6.070,0.5000,-27.578,-117.353,1.00000,90.000,-nan,-nan,-nan,0
8,2.60,6.080,0.5000,-27.572,-117.269,1.00000,90.000,-nan,-nan,-nan,0
8,2.60,6.090,0.5000,-27.566,-117.186,1.00000,90.000,-nan,-nan,-nan,0
8,2.60,6.100,0.5000,-27.560,-117.103,1.00000,90.000,-nan,-nan,-nan,0
8,2.60,6.110,0.5000,-27.554,-117.020,1.00000,90.000,-nan,-nan,-nan,0
8,2.60,6.120,0.5000,-27.548,-116.938,1.00000,90.000,-nan,-nan,-nan,0
8,2.60,6.130,0.5000,-27.542,-116.857,1.00000,90.000,-nan,-nan,-nan,0
8,2.60,6.140,0.5000,-27.536,-116.775,1.00000,90.000,-nan,-nan,-nan,0
8,2.60,6.150,0.5000,-27.530,-116.694,1.00000,90.000,-nan,-nan,-nan,0
8,2.60,6.160,0.5000,-27.524,-116.614,1.00000,90.000,-nan,-nan,-nan,0
8,2.60,6.170,0.5000,-27.518,-116.534,1.00000,90.000,-nan,-nan,-nan,0
8,2.60,6.180,0.5000,-27.512,-116.454,1.00000,90.000,-nan,-nan,-nan,0
8,2.60,6.190,0.5000,-27.507,-116.375,1.00000,90.000,-nan,-nan,-nan,0
8,2.60,6.200,0.5000,-27.501,-116.296,1.00000,90.000,-nan,-nan,-nan,0
8,2.60,6.210,0.5000,-27.495,-116.217,1.00000,90.000,-nan,-nan,-nan,0
8,2.60,6.220,0.5000,-27.489,-116.139,1.00000,90.000,-nan,-nan,-nan,0
8,2.60,6.230,0.5000,-27.484,-116.061,1.00000,90.000,-nan,-nan,-nan,0
8,2.60,6.240,0.5000,-27.478,-115.984,1.00000,90.000,-nan,-nan,-nan,0
8,2.60,6.250,0.5000,-27.472,-115.907,1.00000,90.000,-nan,-nan,-nan,0
8,2.60,6.260,0.5000,-27.467,-115.831,1.00000,90.000,-nan,-nan,-nan,0
8,2.60,6.270,0.5000,-27.461,-115.754,1.00000,90.000,-nan,-nan,-nan,0
8,2.60,6.280,0.5000,-27.455,-115.679,1.00000,90.000,-nan,-nan,-nan,0
8,2.60,6.290,0.5000,-27.450,-115.603,1.00000,90.000,-nan,-nan,-nan,0
8,2.60,6.300,0.5000,-27.444,-115.528,1.00000,90.000,-nan,-nan,-nan,0
8,2.60,6.310,0.5000,-27.439,-115.453,1.00000,90.000,-nan,-nan,-nan,0
8,2.60,6.320,0.5000,-27.433,-115.379,1.00000,90.000,-nan,-nan,-nan,0
8,2.60,6.330,0.5000,-27.428,-115.305,1.00000,90.000,-nan,-nan,-nan,0
8,2.60,6.340,0.5000,-27.423,-115.232,1.00000,90.000,-nan,-nan,-nan,0
8,2.60,6.350,0.5000,-27.417,-115.158,1.00000,90.000,-nan,-nan,-nan,0
8,2.60,6.360,0.5000,-27.412,-115.085,1.00000,90.000,-nan,-nan,-nan,0
8,2.60,6.370,0.5000,-27.407,-115.013,1.00000,90.000,-nan,-nan,-nan,0
8,2.60,6.380,0.5000,-27.401,-114.941,1.00000,90.000,-nan,-nan,-nan,0
8,2.60,6.390,0.5000,-27.396,-114.869,1.00000,90.000,-nan,-nan,-nan,0
8,2.60,6.400,0.5000,-27.391,-114.798,1.00000,90.000,-nan,-nan,-nan,0
8,2.60,6.410,0.5000,-27.386,-114.727,1.00000,90.000,-nan,-nan,-nan,0
8,2.60,6.420,0.5000,-27.380,-114.656,1.00000,90.000,-nan,-nan,-nan,0
8,2.60,6.430,0.5000,-27.375,-114.586,1.00000,90.000,-nan,-nan,-nan,0
8,2.60,6.440,0.5000,-27.370,-114.516,1.00000,90.000,-nan,-nan,-nan,0
8,2.60,6.450,0.5000,-27.365,-114.446,1.00000,90.000,-nan,-nan,-nan,0
8,2.60,6.460,0.5000,-27.360,-114.377,1.00000,90.000,-nan,-nan,-nan,0
8,2.60,6.470,0.5000,-27.355,-114.308,1.00000,90.000,-nan,-nan,-nan,0
8,2.60,6.480,0.5000,-27.350,-114.239,1.00000,90.000,-nan,-nan,-nan,0
8,2.60,6.490,0.5000,-27.345,-114.171,1.00000,90.000,-nan,-nan,-nan,0
8,2.60,6.500,0.5000,-27.340,-114.103,1.00000,90.000,-nan,-nan,-nan,0
8,2.60,6.510,0.5000,-27.335,-114.035,1.00000,90.000,-nan,-nan,-nan,0
8,2.60,6.520,0.5000,-27.330,-113.968,1.00000,90.000,-nan,-nan,-nan,0
8,2.60,6.530,0.5000,-27.325,-113.901,1.00000,90.000,-nan,-nan,-nan,0
8,2.60,6.540,0.5000,-27.320,-113.835,1.00000,90.000,-nan,-nan,-nan,0
8,2.60,6.550,0.5000,-27.315,-113.768,1.00000,90.000,-nan,-nan,-nan,0
8,2.60,6.560,0.5000,-27.310,-113.703,1.00000,90.000,-nan,-nan,-nan,0
8,2.60,6.570,0.5000,-27.306,-113.637,1.00000,90.000,-nan,-nan,-nan,0
8,2.60,6.580,0.5000,-27.301,-113.572,1.00000,90.000,-nan,-nan,-nan,0
8,2.60,6.590,0.5000,-27.296,-113.507,1.00000,90.000,-nan,-nan,-nan,0
8,2.60,6.600,0.5000,-27.291,-113.442,1.00000,90.000,-nan,-nan,-nan,0
8,2.60,6.610,0.5000,-27.287,-113.378,1.00000,90.000,-nan,-nan,-nan,0
8,2.60,6.620,0.5000,-27.282,-113.314,1.00000,90.000,-nan,-nan,-nan,0
8,2.60,6.630,0.5000,-27.277,-113.250,1.00000,90.000,-nan,-nan,-nan,0
8,2.60,6.640,0.5000,-27.273,-113.187,1.00000,90.000,-nan,-nan,-nan,0
8,2.60,6.650,0.5000,-27.268,-113.124,1.00000,90.000,-nan,-nan,-nan,0
8,2.60,6.660,0.5000,-27.263,-113.061,1.00000,90.000,-nan,-nan,-nan,0
8,2.60,6.670,0.5000,-27.259,-112.999,1.00000,90.000,-nan,-nan,-nan,0
8,2.60,6.680,0.5000,-27.254,-112.937,1.00000,90.000,-nan,-nan,-nan,0
8,2.60,6.690,0.5000,-27.250,-112.875,1.00000,90.000,-nan,-nan,-nan,0
8,2.60,6.700,0.5000,-27.245,-112.814,1.00000,90.000,-nan,-nan,-nan,0
8,2.60,6.710,0.5000,-27.241,-112.752,1.00000,90.000,-nan,-nan,-nan,0
8,2.60,6.720,0.5000,-27.236,-112.692,1.00000,90.000,-nan,-nan,-nan,0
8,2.60,6.730,0.5000,-27.232,-112.631,1.00000,90.000,-nan,-nan,-nan,0
8,2.60,6.740,0.5000,-27.227,-112.571,1.00000,90.000,-nan,-nan,-nan,0
8,2.60,6.750,0.5000,-27.223,-112.511,1.00000,90.000,-nan,-nan,-nan,0
8,2.60,6.760,0.5000,-27.218,-112.451,1.00000,90.000,-nan,-nan,-nan,0
8,2.60,6.770,0.5000,-27.214,-112.392,1.00000,90.000,-nan,-nan,-nan,0
8,2.60,6.780,0.5000,-27.210,-112.333,1.00000,90.000,-nan,-nan,-nan,0
8,2.60,6.790,0.5000,-27.205,-112.274,1.00000,90.000,-nan,-nan,-nan,0
8,2.60,6.800,0.5000,-27.201,-112.216,1.00000,90.000,-nan,-nan,-nan,0
8,2.60,6.810,0.5000,-27.197,-112.157,1.00000,90.000,-nan,-nan,-nan,0
8,2.60,6.820,0.5000,-27.193,-112.100,1.00000,90.000,-nan,-nan,-nan,0
8,2.60,6.830,0.5000,-27.188,-112.042,1.00000,90.000,-nan,-nan,-nan,0
8,2.60,6.840,0.5000,-27.184,-111.985,1.00000,90.000,-nan,-nan,-nan,0
8,2.60,6.850,0.5000,-27.180,-111.928,1.00000,90.000,-nan,-nan,-nan,0
8,2.60,6.860,0.5000,-27.176,-111.871,1.00000,90.000,-nan,-nan,-nan,0
8,2.60,6.870,0.5000,-27.172,-111.814,1.00000,90.000,-nan,-nan,-nan,0
8,2.60,6.880,0.5000,-27.168,-111.758,1.00000,90.000,-nan,-nan,-nan,0
8,2.60,6.890,0.5000,-27.164,-111.702,1.00000,90.000,-nan,-nan,-nan,0
8,2.60,6.900,0.5000,-27.159,-111.647,1.00000,90.000,-nan,-nan,-nan,0
8,2.60,6.910,0.5000,-27.155,-111.592,1.00000,90.000,-nan,-nan,-nan,0
8,2.60,6.920,0.5000,-27.151,-111.536,1.00000,90.000,-nan,-nan,-nan,0
8,2.60,6.930,0.5000,-27.147,-111.482,1.00000,90.000,-nan,-nan,-nan,0
8,2.60,6.940,0.5000,-27.143,-111.427,1.00000,90.000,-nan,-nan,-nan,0
8,2.60,6.950,0.5000,-27.139,-111.373,1.00000,90.000,-nan,-nan,-nan,0
8,2.60,6.960,0.5000,-27.135,-111.319,1.00000,90.000,-nan,-nan,-nan,0
8,2.60,6.970,0.5000,-27.131,-111.265,1.00000,90.000,-nan,-nan,-nan,0
8,2.60,6.980,0.5000,-27.127,-111.212,1.00000,90.000,-nan,-nan,-nan,0
8,2.60,6.990,0.5000,-27.124,-111.159,1.00000,90.000,-nan,-nan,-nan,0
8,2.60,7.000,0.5000,-27.120,-111.106,1.00000,90.000,-nan,-nan,-nan,0
8,2.60,7.010,0.5000,-27.116,-111.053,1.00000,90.000,-nan,-nan,-nan,0
8,2.60,7.020,0.5000,-27.112,-111.001,1.00000,90.000,-nan,-nan,-nan,0
8,2.60,7.030,0.5000,-27.108,-110.949,1.00000,90.000,-nan,-nan,-nan,0
8,2.60,7.040,0.5000,-27.104,-110.897,1.00000,90.000,-nan,-nan,-nan,0
8,2.60,7.050,0.5000,-27.101,-110.845,1.00000,90.000,-nan,-nan,-nan,0
8,2.60,7.060,0.5000,-27.097,-110.794,1.00000,90.000,-nan,-nan,-nan,0
8,2.60,7.070,0.5000,-27.093,-110.743,1.00000,90.000,-nan,-nan,-nan,0
8,2.60,7.080,0.5000,-27.089,-110.692,1.00000,90.000,-nan,-nan,-nan,0
8,2.60,7.090,0.5000,-27.086,-110.641,1.00000,90.000,-nan,-nan,-nan,0
8,2.60,7.100,0.5000,-27.082,-110.591,1.00000,90.000,-nan,-nan,-nan,0
8,2.60,7.110,0.5000,-27.078,-110.541,1.00000,90.000,-nan,-nan,-nan,0
8,2.60,7.120,0.5000,-27.075,-110.491,1.00000,90.000,-nan,-nan,-nan,0
8,2.60,7.130,0.5000,-27.071,-110.442,1.00000,90.000,-nan,-nan,-nan,0
8,2.60,7.140,0.5000,-27.067,-110.392,1.00000,90.000,-nan,-nan,-nan,0
8,2.60,7.150,0.5000,-27.064,-110.343,1.00000,90.000,-nan,-nan,-nan,0
8,2.60,7.160,0.5000,-27.060,-110.294,1.00000,90.000,-nan,-nan,-nan,0
8,2.60,7.170,0.5000,-27.057,-110.246,1.00000,90.000,-nan,-nan,-nan,0
8,2.60,7.180,0.5000,-27.053,-110.198,1.00000,90.000,-nan,-nan,-nan,0
8,2.60,7.190,0.5000,-27.050,-110.149,1.00000,90.000,-nan,-nan,-nan,0
8,2.60,7.200,0.5000,-27.046,-110.102,1.00000,90.000,-nan,-nan,-nan,0
8,2.60,7.210,0.5000,-27.042,-110.054,1.00000,90.000,-nan,-nan,-nan,0
8,2.60,7.220,0.5000,-27.039,-110.007,1.00000,90.000,-nan,-nan,-nan,0
8,2.60,7.230,0.5000,-27.036,-109.959,1.00000,90.000,-nan,-nan,-nan,0
8,2.60,7.240,0.5000,-27.032,-109.913,1.00000,90.000,-nan,-nan,-nan,0
8,2.60,7.250,0.5000,-27.029,-109.866,1.00000,90.000,-nan,-nan,-nan,0
8,2.60,7.260,0.5000,-27.025,-109.819,1.00000,90.000,-nan,-nan,-nan,0
8,2.60,7.270,0.5000,-27.022,-109.773,1.00000,90.000,-nan,-nan,-nan,0
8,2.60,7.280,0.5000,-27.019,-109.727,1.00000,90.000,-nan,-nan,-nan,0
8,2.60,7.290,0.5000,-27.015,-109.681,1.00000,90.000,-nan,-nan,-nan,0
8,2.60,7.300,0.5000,-27.012,-109.636,1.00000,90.000,-nan,-nan,-nan,0
8,2.60,7.310,0.5000,-27.008,-109.591,1.00000,90.000,-nan,-nan,-nan,0
8,2.60,7.320,0.5000,-27.005,-109.546,1.00000,90.000,-nan,-nan,-nan,0
8,2.60,7.330,0.5000,-27.002,-109.501,1.00000,90.000,-nan,-nan,-nan,0
8,2.60,7.340,0.5000,-26.999,-109.456,1.00000,90.000,-nan,-nan,-nan,0
8,2.60,7.350,0.5000,-26.995,-109.412,1.00000,90.000,-nan,-nan,-nan,0
8,2.60,7.360,0.5000,-26.992,-109.367,1.00000,90.000,-nan,-nan,-nan,0
8,2.60,7.370,0.5000,-26.989,-109.324,1.00000,90.000,-nan,-nan,-nan,0
8,2.60,7.380,0.5000,-26.986,-109.280,1.00000,90.000,-nan,-nan,-nan,0
8,2.60,7.390,0.5000,-26.982,-109.236,1.00000,90.000,-nan,-nan,-nan,0
8,2.60,7.400,0.5000,-26.979,-109.193,1.00000,90.000,-nan,-nan,-nan,0
8,2.60,7.410,0.5000,-26.976,-109.150,1.00000,90.000,-nan,-nan,-nan,0
8,2.60,7.420,0.5000,-26.973,-109.107,1.00000,90.000,-nan,-nan,-nan,0
8,2.60,7.430,0.5000,-26.970,-109.064,1.00000,90.000,-nan,-nan,-nan,0
8,2.60,7.440,0.5000,-26.967,-109.022,1.00000,90.000,-nan,-nan,-nan,0
8,2.60,7.450,0.5000,-26.964,-108.980,1.00000,90.000,-nan,-nan,-nan,0
8,2.60,7.460,0.5000,-26.961,-108.938,1.00000,90.000,-nan,-nan,-nan,0
8,2.60,7.470,0.5000,-26.957,-108.896,1.00000,90.000,-nan,-nan,-nan,0
8,2.60,7.480,0.5000,-26.954,-108.854,1.00000,90.000,-nan,-nan,-nan,0
8,2.60,7.490,0.5000,-26.951,-108.813,1.00000,90.000,-nan,-nan,-nan,0
8,2.60,7.500,0.5000,-26.948,-108.772,1.00000,90.000,-nan,-nan,-nan,0
8,2.60,7.510,0.5000,-26.945,-108.731,1.00000,90.000,-nan,-nan,-nan,0
8,2.60,7.520,0.5000,-26.942,-108.690,1.00000,90.000,-nan,-nan,-nan,0
8,2.60,7.530,0.5000,-26.939,-108.649,1.00000,90.000,-nan,-nan,-nan,0
8,2.60,7.540,0.5000,-26.936,-108.609,1.00000,90.000,-nan,-nan,-nan,0
8,2.60,7.550,0.5000,-26.933,-108.569,1.00000,90.000,-nan,-nan,-nan,0
8,2.60,7.560,0.5000,-26.931,-108.529,1.00000,90.000,-nan,-nan,-nan,0
8,2.60,7.570,0.5000,-26.928,-108.489,1.00000,90.000,-nan,-nan,-nan,0
8,2.60,7.580,0.5000,-26.925,-108.449,1.00000,90.000,-nan,-nan,-nan,0
8,2.60,7.590,0.5000,-26.922,-108.410,1.00000,90.000,-nan,-nan,-nan,0
8,2.60,7.600,0.5000,-26.919,-108.371,1.00000,90.000,-nan,-nan,-nan,0
8,2.60,7.610,0.5000,-26.916,-108.332,1.00000,90.000,-nan,-nan,-nan,0
8,2.60,7.620,0.5000,-26.913,-108.293,1.00000,90.000,-nan,-nan,-nan,0
8,2.60,7.630,0.5000,-26.910,-108.254,1.00000,90.000,-nan,-nan,-nan,0
8,2.60,7.640,0.5000,-26.908,-108.216,1.00000,90.000,-nan,-nan,-nan,0
8,2.60,7.650,0.5000,-26.905,-108.178,1.00000,90.000,-nan,-nan,-nan,0
8,2.60,7.660,0.5000,-26.902,-108.140,1.00000,90.000,-nan,-nan,-nan,0
8,2.60,7.670,0.5000,-26.899,-108.102,1.00000,90.000,-nan,-nan,-nan,0
8,2.60,7.680,0.5000,-26.896,-108.064,1.00000,90.000,-nan,-nan,-nan,0
8,2.60,7.690,0.5000,-26.894,-108.027,1.00000,90.000,-nan,-nan,-nan,0
8,2.60,7.700,0.5000,-26.891,-107.989,1.00000,90.000,-nan,-nan,-nan,0
8,2.60,7.710,0.5000,-26.888,-107.952,1.00000,90.000,-nan,-nan,-nan,0
8,2.60,7.720,0.5000,-26.885,-107.916,1.00000,90.000,-nan,-nan,-nan,0
8,2.60,7.730,0.5000,-26.883,-107.879,1.00000,90.000,-nan,-nan,-nan,0
8,2.60,7.740,0.5000,-26.880,-107.842,1.00000,90.000,-nan,-nan,-nan,0
8,2.60,7.750,0.5000,-26.877,-107.806,1.00000,90.000,-nan,-nan,-nan,0
8,2.60,7.760,0.5000,-26.875,-107.770,1.00000,90.000,-nan,-nan,-nan,0
8,2.60,7.770,0.5000,-26.872,-107.734,1.00000,90.000,-nan,-nan,-nan,0
8,2.60,7.780,0.5000,-26.870,-107.698,1.00000,90.000,-nan,-nan,-nan,0
8,2.60,7.790,0.5000,-26.867,-107.662,1.00000,90.000,-nan,-nan,-nan,0
8,2.60,7.800,0.5000,-26.864,-107.627,1.00000,90.000,-nan,-nan,-nan,0
8,2.60,7.810,0.5000,-26.862,-107.592,1.00000,90.000,-nan,-nan,-nan,0
8,2.60,7.820,0.5000,-26.859,-107.556,1.00000,90.000,-nan,-nan,-nan,0
8,2.60,7.830,0.5000,-26.857,-107.522,1.00000,90.000,-nan,-nan,-nan,0
8,2.60,7.840,0.5000,-26.854,-107.487,1.00000,90.000,-nan,-nan,-nan,0
8,2.60,7.850,0.5000,-26.851,-107.452,1.00000,90.000,-nan,-nan,-nan,0
8,2.60,7.860,0.5000,-26.849,-107.418,1.00000,90.000,-nan,-nan,-nan,0
8,2.60,7.870,0.5000,-26.846,-107.384,1.00000,90.000,-nan,-nan,-nan,0
8,2.60,7.880,0.5000,-26.844,-107.349,1.00000,90.000,-nan,-nan,-nan,0
8,2.60,7.890,0.5000,-26.841,-107.316,1.00000,90.000,-nan,-nan,-nan,0
8,2.60,7.900,0.5000,-26.839,-107.282,1.00000,90.000,-nan,-nan,-nan,0
8,2.60,7.910,0.5000,-26.837,-107.248,1.00000,90.000,-nan,-nan,-nan,0
8,2.60,7.920,0.5000,-26.834,-107.215,1.00000,90.000,-nan,-nan,-nan,0
8,2.60,7.930,0.5000,-26.832,-107.182,1.00000,90.000,-nan,-nan,-nan,0
8,2.60,7.940,0.5000,-26.829,-107.149,1.00000,90.000,-nan,-nan,-nan,0
8,2.60,7.950,0.5000,-26.827,-107.116,1.00000,90.000,-nan,-nan,-nan,0
8,2.60,7.960,0.5000,-26.824,-107.083,1.00000,90.000,-nan,-nan,-nan,0
8,2.60,7.970,0.5000,-26.822,-107.050,1.00000,90.000,-nan,-nan,-nan,0
8,2.60,7.980,0.5000,-26.820,-107.018,1.00000,90.000,-nan,-nan,-nan,0
8,2.60,7.990,0.5000,-26.817,-106.986,1.00000,90.000,-nan,-nan,-nan,0
8,2.60,8.000,0.5000,-26.815,-106.954,1.00000,90.000,-nan,-nan,-nan,0
8,2.60,8.010,0.5000,-26.813,-106.922,1.00000,90.000,-nan,-nan,-nan,0
8,2.60,8.020,0.5000,-26.810,-106.890,1.00000,90.000,-nan,-nan,-nan,0
8,2.60,8.030,0.5000,-26.808,-106.858,1.00000,90.000,-nan,-nan,-nan,0
8,2.60,8.040,0.5000,-26.806,-106.827,1.00000,90.000,-nan,-nan,-nan,0
8,2.60,8.050,0.5000,-26.803,-106.796,1.00000,90.000,-nan,-nan,-nan,0
8,2.60,8.060,0.5000,-26.801,-106.765,1.00000,90.000,-nan,-nan,-nan,0
8,2.60,8.070,0.5000,-26.799,-106.734,1.00000,90.000,-nan,-nan,-nan,0
8,2.60,8.080,0.5000,-26.796,-106.703,1.00000,90.000,-nan,-nan,-nan,0
8,2.60,8.090,0.5000,-26.794,-106.672,1.00000,90.000,-nan,-nan,-nan,0
8,2.60,8.100,0.5000,-26.792,-106.642,1.00000,90.000,-nan,-nan,-nan,0
8,2.60,8.110,0.5000,-26.790,-106.611,1.00000,90.000,-nan,-nan,-nan,0
8,2.60,8.120,0.5000,-26.788,-106.581,1.00000,90.000,-nan,-nan,-nan,0
8,2.60,8.130,0.5000,-26.785,-106.551,1.00000,90.000,-nan,-nan,-nan,0
8,2.60,8.140,0.5000,-26.783,-106.521,1.00000,90.000,-nan,-nan,-nan,0
8,2.60,8.150,0.5000,-26.781,-106.491,1.00000,90.000,-nan,-nan,-nan,0
8,2.60,8.160,0.5000,-26.779,-106.462,1.00000,90.000,-nan,-nan,-nan,0
8,2.60,8.170,0.5000,-26.777,-106.432,1.00000,90.000,-nan,-nan,-nan,0
8,2.60,8.180,0.5000,-26.774,-106.403,1.00000,90.000,-nan,-nan,-nan,0
8,2.60,8.190,0.5000,-26.772,-106.374,1.00000,90.000,-nan,-nan,-nan,0
8,2.60,8.200,0.5000,-26.770,-106.345,1.00000,90.000,-nan,-nan,-nan,0
8,2.60,8.210,0.5000,-26.768,-106.316,1.00000,90.000,-nan,-nan,-nan,0
8,2.60,8.220,0.5000,-26.766,-106.287,1.00000,90.000,-nan,-nan,-nan,0
8,2.60,8.230,0.5000,-26.764,-106.258,1.00000,90.000,-nan,-nan,-nan,0
8,2.60,8.240,0.5000,-26.762,-106.230,1.00000,90.000,-nan,-nan,-nan,0
8,2.60,8.250,0.5000,-26.760,-106.202,1.00000,90.000,-nan,-nan,-nan,0
8,2.60,8.260,0.5000,-26.758,-106.173,1.00000,90.000,-nan,-nan,-nan,0
8,2.60,8.270,0.5000,-26.756,-106.145,1.00000,90.000,-nan,-nan,-nan,0
8,2.60,8.280,0.5000,-26.754,-106.118,1.00000,90.000,-nan,-nan,-nan,0
8,2.60,8.290,0.5000,-26.751,-106.090,1.00000,90.000,-nan,-nan,-nan,0
8,2.60,8.300,0.5000,-26.749,-106.062,1.00000,90.000,-nan,-nan,-nan,0
8,2.60,8.310,0.5000,-26.747,-106.035,1.00000,90.000,-nan,-nan,-nan,0
8,2.60,8.320,0.5000,-26.745,-106.007,1.00000,90.000,-nan,-nan,-nan,0
8,2.60,8.330,0.5000,-26.743,-105.980,1.00000,90.000,-nan,-nan,-nan,0
8,2.60,8.340,0.5000,-26.741,-105.953,1.00000,90.000,-nan,-nan,-nan,0
8,2.60,8.350,0.5000,-26.739,-105.926,1.00000,90.000,-nan,-nan,-nan,0
8,2.60,8.360,0.5000,-26.737,-105.899,1.00000,90.000,-nan,-nan,-nan,0
8,2.60,8.370,0.5000,-26.736,-105.873,1.00000,90.000,-nan,-nan,-nan,0
8,2.60,8.380,0.5000,-26.734,-105.846,1.00000,90.000,-nan,-nan,-nan,0
8,2.60,8.390,0.5000,-26.732,-105.820,1.00000,90.000,-nan,-nan,-nan,0
8,2.60,8.400,0.5000,-26.730,-105.793,1.00000,90.000,-nan,-nan,-nan,0
8,2.60,8.410,0.5000,-26.728,-105.767,1.00000,90.000,-nan,-nan,-nan,0
8,2.60,8.420,0.5000,-26.726,-105.741,1.00000,90.000,-nan,-nan,-nan,0
8,2.60,8.430,0.5000,-26.724,-105.715,1.00000,90.000,-nan,-nan,-nan,0
8,2.60,8.440,0.5000,-26.722,-105.690,1.00000,90.000,-nan,-nan,-nan,0
8,2.60,8.450,0.5000,-26.720,-105.664,1.00000,90.000,-nan,-nan,-nan,0
8,2.60,8.460,0.5000,-26.718,-105.639,1.00000,90.000,-nan,-nan,-nan,0
8,2.60,8.470,0.5000,-26.716,-105.613,1.00000,90.000,-nan,-nan,-nan,0
8,2.60,8.480,0.5000,-26.715,-105.588,1.00000,90.000,-nan,-nan,-nan,0
8,2.60,8.490,0.5000,-26.713,-105.563,1.00000,90.000,-nan,-nan,-nan,0
8,2.60,8.500,0.5000,-26.711,-105.538,1.00000,90.000,-nan,-nan,-nan,0
8,2.60,8.510,0.5000,-26.709,-105.513,1.00000,90.000,-nan,-nan,-nan,0
8,2.60,8.520,0.5000,-26.707,-105.488,1.00000,90.000,-nan,-nan,-nan,0
8,2.60,8.530,0.5000,-26.706,-105.464,1.00000,90.000,-nan,-nan,-nan,0
8,2.60,8.540,0.5000,-26.704,-105.439,1.00000,90.000,-nan,-nan,-nan,0
8,2.60,8.550,0.5000,-26.702,-105.415,1.00000,90.000,-nan,-nan,-nan,0
8,2.60,8.560,0.5000,-26.700,-105.391,1.00000,90.000,-nan,-nan,-nan,0
8,2.60,8.570,0.5000,-26.698,-105.366,1.00000,90.000,-nan,-nan,-nan,0
8,2.60,8.580,0.5000,-26.697,-105.342,1.00000,90.000,-nan,-nan,-nan,0
8,2.60,8.590,0.5000,-26.695,-105.319,1.00000,90.000,-nan,-nan,-nan,0
8,2.60,8.600,0.5000,-26.693,-105.295,1.00000,90.000,-nan,-nan,-nan,0
8,2.60,8.610,0.5000,-26.691,-105.271,1.00000,90.000,-nan,-nan,-nan,0
8,2.60,8.620,0.5000,-26.690,-105.248,1.00000,90.000,-nan,-nan,-nan,0
8,2.60,8.630,0.5000,-26.688,-105.224,1.00000,90.000,-nan,-nan,-nan,0
8,2.60,8.640,0.5000,-26.686,-105.201,1.00000,90.000,-nan,-nan,-nan,0
8,2.60,8.650,0.5000,-26.685,-105.178,1.00000,90.000,-nan,-nan,-nan,0
8,2.60,8.660,0.5000,-26.683,-105.155,1.00000,90.000,-nan,-nan,-nan,0
8,2.60,8.670,0.5000,-26.681,-105.132,1.00000,90.000,-nan,-nan,-nan,0
8,2.60,8.680,0.5000,-26.679,-105.109,1.00000,90.000,-nan,-nan,-nan,0
8,2.60,8.690,0.5000,-26.678,-105.086,1.00000,90.000,-nan,-nan,-nan,0
8,2.60,8.700,0.5000,-26.676,-105.064,1.00000,90.000,-nan,-nan,-nan,0
8,2.60,8.710,0.5000,-26.674,-105.041,1.00000,90.000,-nan,-nan,-nan,0
8,2.60,8.720,0.5000,-26.673,-105.019,1.00000,90.000,-nan,-nan,-nan,0
8,2.60,8.730,0.5000,-26.671,-104.996,1.00000,90.000,-nan,-nan,-nan,0
8,2.60,8.740,0.5000,-26.670,-104.974,1.00000,90.000,-nan,-nan,-nan,0
8,2.60,8.750,0.5000,-26.668,-104.952,1.00000,90.000,-nan,-nan,-nan,0
8,2.60,8.760,0.5000,-26.666,-104.930,1.00000,90.000,-nan,-nan,-nan,0
8,2.60,8.770,0.5000,-26.665,-104.908,1.00000,90.000,-nan,-nan,-nan,0
8,2.60,8.780,0.5000,-26.663,-104.887,1.00000,90.000,-nan,-nan,-nan,0
8,2.60,8.790,0.5000,-26.662,-104.865,1.00000,90.000,-nan,-nan,-nan,0
8,2.60,8.800,0.5000,-26.660,-104.844,1.00000,90.000,-nan,-nan,-nan,0
8,2.60,8.810,0.5000,-26.658,-104.822,1.00000,90.000,-nan,-nan,-nan,0
8,2.60,8.820,0.5000,-26.657,-104.801,1.00000,90.000,-nan,-nan,-nan,0
8,2.60,8.830,0.5000,-26.655,-104.780,1.00000,90.000,-nan,-nan,-nan,0
8,2.60,8.840,0.5000,-26.654,-104.759,1.00000,90.000,-nan,-nan,-nan,0
8,2.60,8.850,0.5000,-26.652,-104.738,1.00000,90.000,-nan,-nan,-nan,0
8,2.60,8.860,0.5000,-26.651,-104.717,1.00000,90.000,-nan,-nan,-nan,0
8,2.60,8.870,0.5000,-26.649,-104.696,1.00000,90.000,-nan,-nan,-nan,0
8,2.60,8.880,0.5000,-26.648,-104.675,1.00000,90.000,-nan,-nan,-nan,0
8,2.60,8.890,0.5000,-26.646,-104.655,1.00000,90.000,-nan,-nan,-nan,0
8,2.60,8.900,0.5000,-26.645,-104.634,1.00000,90.000,-nan,-nan,-nan,0
8,2.60,8.910,0.5000,-26.643,-104.614,1.00000,90.000,-nan,-nan,-nan,0
8,2.60,8.920,0.5000,-26.642,-104.594,1.00000,90.000,-nan,-nan,-nan,0
8,2.60,8.930,0.5000,-26.640,-104.574,1.00000,90.000,-nan,-nan,-nan,0
8,2.60,8.940,0.5000,-26.639,-104.554,1.00000,90.000,-nan,-nan,-nan,0
8,2.60,8.950,0.5000,-26.637,-104.534,1.00000,90.000,-nan,-nan,-nan,0
8,2.60,8.960,0.5000,-26.636,-104.514,1.00000,90.000,-nan,-nan,-nan,0
8,2.60,8.970,0.5000,-26.634,-104.494,1.00000,90.000,-nan,-nan,-nan,0
8,2.60,8.980,0.5000,-26.633,-104.474,1.00000,90.000,-nan,-nan,-nan,0
8,2.60,8.990,0.5000,-26.631,-104.455,1.00000,90.000,-nan,-nan,-nan,0
8,2.60,9.000,0.5000,-26.630,-104.435,1.00000,90.000,-nan,-nan,-nan,0
8,2.60,9.010,0.5000,-26.629,-104.416,1.00000,90.000,-nan,-nan,-nan,0
8,2.60,9.020,0.5000,-26.627,-104.397,1.00000,90.000,-nan,-nan,-nan,0
8,2.60,9.030,0.5000,-26.626,-104.378,1.00000,90.000,-nan,-nan,-nan,0
8,2.60,9.040,0.5000,-26.624,-104.358,1.00000,90.000,-nan,-nan,-nan,0
8,2.60,9.050,0.5000,-26.623,-104.339,1.00000,90.000,-nan,-nan,-nan,0
8,2.60,9.060,0.5000,-26.622,-104.321,1.00000,90.000,-nan,-nan,-nan,0
8,2.60,9.070,0.5000,-26.620,-104.302,1.00000,90.000,-nan,-nan,-nan,0
8,2.60,9.080,0.5000,-26.619,-104.283,1.00000,90.000,-nan,-nan,-nan,0
8,2.60,9.090,0.5000,-26.617,-104.264,1.00000,90.000,-nan,-nan,-nan,0
8,2.60,9.100,0.5000,-26.616,-104.246,1.00000,90.000,-nan,-nan,-nan,0
8,2.60,9.110,0.5000,-26.615,-104.228,1.00000,90.000,-nan,-nan,-nan,0
8,2.60,9.120,0.5000,-26.613,-104.209,1.00000,90.000,-nan,-nan,-nan,0
8,2.60,9.130,0.5000,-26.612,-104.191,1.00000,90.000,-nan,-nan,-nan,0
8,2.60,9.140,0.5000,-26.611,-104.173,1.00000,90.000,-nan,-nan,-nan,0
8,2.60,9.150,0.5000,-26.609,-104.155,1.00000,90.000,-nan,-nan,-nan,0
8,2.60,9.160,0.5000,-26.608,-104.137,1.00000,90.000,-nan,-nan,-nan,0
8,2.60,9.170,0.5000,-26.607,-104.119,1.00000,90.000,-nan,-nan,-nan,0
8,2.60,9.180,0.5000,-26.605,-104.101,1.00000,90.000,-nan,-nan,-nan,0
8,2.60,9.190,0.5000,-26.604,-104.083,1.00000,90.000,-nan,-nan,-nan,0
8,2.60,9.200,0.5000,-26.603,-104.066,1.00000,90.000,-nan,-nan,-nan,0
8,2.60,9.210,0.5000,-26.602,-104.048,1.00000,90.000,-nan,-nan,-nan,0
8,2.60,9.220,0.5000,-26.600,-104.031,1.00000,90.000,-nan,-nan,-nan,0
8,2.60,9.230,0.5000,-26.599,-104.014,1.00000,90.000,-nan,-nan,-nan,0
8,2.60,9.240,0.5000,-26.598,-103.996,1.00000,90.000,-nan,-nan,-nan,0
8,2.60,9.250,0.5000,-26.597,-103.979,1.00000,90.000,-nan,-nan,-nan,0
8,2.60,9.260,0.5000,-26.595,-103.962,1.00000,90.000,-nan,-nan,-nan,0
8,2.60,9.270,0.5000,-26.594,-103.945,1.00000,90.000,-nan,-nan,-nan,0
8,2.60,9.280,0.5000,-26.593,-103.928,1.00000,90.000,-nan,-nan,-nan,0
8,2.60,9.290,0.5000,-26.592,-103.911,1.00000,90.000,-nan,-nan,-nan,0
8,2.60,9.300,0.5000,-26.590,-103.895,1.00000,90.000,-nan,-nan,-nan,0
8,2.60,9.310,0.5000,-26.589,-103.878,1.00000,90.000,-nan,-nan,-nan,0
8,2.60,9.320,0.5000,-26.588,-103.861,1.00000,90.000,-nan,-nan,-nan,0
8,2.60,9.330,0.5000,-26.587,-103.845,1.00000,90.000,-nan,-nan,-nan,0
8,2.60,9.340,0.5000,-26.585,-103.828,1.00000,90.000,-nan,-nan,-nan,0
8,2.60,9.350,0.5000,-26.584,-103.812,1.00000,90.000,-nan,-nan,-nan,0
8,2.60,9.360,0.5000,-26.583,-103.796,1.00000,90.000,-nan,-nan,-nan,0
8,2.60,9.370,0.5000,-26.582,-103.780,1.00000,90.000,-nan,-nan,-nan,0
8,2.60,9.380,0.5000,-26.581,-103.764,1.00000,90.000,-nan,-nan,-nan,0
8,2.60,9.390,0.5000,-26.580,-103.748,1.00000,90.000,-nan,-nan,-nan,0
8,2.60,9.400,0.5000,-26.578,-103.732,1.00000,90.000,-nan,-nan,-nan,0
8,2.60,9.410,0.5000,-26.577,-103.716,1.00000,90.000,-nan,-nan,-nan,0
8,2.60,9.420,0.5000,-26.576,-103.700,1.00000,90.000,-nan,-nan,-nan,0
8,2.60,9.430,0.5000,-26.575,-103.684,1.00000,90.000,-nan,-nan,-nan,0
8,2.60,9.440,0.5000,-26.574,-103.669,1.00000,90.000,-nan,-nan,-nan,0
8,2.60,9.450,0.5000,-26.573,-103.653,1.00000,90.000,-nan,-nan,-nan,0
8,2.60,9.460,0.5000,-26.571,-103.638,1.00000,90.000,-nan,-nan,-nan,0
8,2.60,9.470,0.5000,-26.570,-103.622,1.00000,90.000,-nan,-nan,-nan,0
8,2.60,9.480,0.5000,-26.569,-103.607,1.00000,90.000,-nan,-nan,-nan,0
8,2.60,9.490,0.5000,-26.568,-103.592,1.00000,90.000,-nan,-nan,-nan,0
8,2.60,9.500,0.5000,-26.567,-103.577,1.00000,90.000,-nan,-nan,-nan,0
8,2.60,9.510,0.5000,-26.566,-103.562,1.00000,90.000,-nan,-nan,-nan,0
8,2.60,9.520,0.5000,-26.565,-103.547,1.00000,90.000,-nan,-nan,-nan,0
8,2.60,9.530,0.5000,-26.564,-103.532,1.00000,90.000,-nan,-nan,-nan,0
8,2.60,9.540,0.5000,-26.563,-103.517,1.00000,90.000,-nan,-nan,-nan,0
8,2.60,9.550,0.5000,-26.561,-103.502,1.00000,90.000,-nan,-nan,-nan,0
8,2.60,9.560,0.5000,-26.560,-103.487,1.00000,90.000,-nan,-nan,-nan,0
8,2.60,9.570,0.5000,-26.559,-103.473,1.00000,90.000,-nan,-nan,-nan,0
8,2.60,9.580,0.5000,-26.558,-103.458,1.00000,90.000,-nan,-nan,-nan,0
8,2.60,9.590,0.5000,-26.557,-103.444,1.00000,90.000,-nan,-nan,-nan,0
8,2.60,9.600,0.5000,-26.556,-103.429,1.00000,90.000,-nan,-nan,-nan,0
8,2.60,9.610,0.5000,-26.555,-103.415,1.00000,90.000,-nan,-nan,-nan,0
8,2.60,9.620,0.5000,-26.554,-103.401,1.00000,90.000,-nan,-nan,-nan,0
8,2.60,9.630,0.5000,-26.553,-103.386,1.00000,90.000,-nan,-nan,-nan,0
8,2.60,9.640,0.5000,-26.552,-103.372,1.00000,90.000,-nan,-nan,-nan,0
8,2.60,9.650,0.5000,-26.551,-103.358,1.00000,90.000,-nan,-nan,-nan,0
8,2.60,9.660,0.5000,-26.550,-103.344,1.00000,90.000,-nan,-nan,-nan,0
8,2.60,9.670,0.5000,-26.549,-103.330,1.00000,90.000,-nan,-nan,-nan,0
8,2.60,9.680,0.5000,-26.548,-103.316,1.00000,90.000,-nan,-nan,-nan,0
8,2.60,9.690,0.5000,-26.547,-103.303,1.00000,90.000,-nan,-nan,-nan,0
8,2.60,9.700,0.5000,-26.546,-103.289,1.00000,90.000,-nan,-nan,-nan,0
8,2.60,9.710,0.5000,-26.545,-103.275,1.00000,90.000,-nan,-nan,-nan,0
8,2.60,9.720,0.5000,-26.544,-103.262,1.00000,90.000,-nan,-nan,-nan,0
8,2.60,9.730,0.5000,-26.543,-103.248,1.00000,90.000,-nan,-nan,-nan,0
8,2.60,9.740,0.5000,-26.542,-103.235,1.00000,90.000,-nan,-nan,-nan,0
8,2.60,9.750,0.5000,-26.541,-103.221,1.00000,90.000,-nan,-nan,-nan,0
8,2.60,9.760,0.5000,-26.540,-103.208,1.00000,90.000,-nan,-nan,-nan,0
8,2.60,9.770,0.5000,-26.539,-103.195,1.00000,90.000,-nan,-nan,-nan,0
8,2.60,9.780,0.5000,-26.538,-103.182,1.00000,90.000,-nan,-nan,-nan,0
8,2.60,9.790,0.5000,-26.537,-103.169,1.00000,90.000,-nan,-nan,-nan,0
8,2.60,9.800,0.5000,-26.536,-103.155,1.00000,90.000,-nan,-nan,-nan,0
8,2.60,9.810,0.5000,-26.535,-103.142,1.00000,90.000,-nan,-nan,-nan,0
8,2.60,9.820,0.5000,-26.534,-103.130,1.00000,90.000,-nan,-nan,-nan,0
8,2.60,9.830,0.5000,-26.533,-103.117,1.00000,90.000,-nan,-nan,-nan,0
8,2.60,9.840,0.5000,-26.532,-103.104,1.00000,90.000,-nan,-nan,-nan,0
8,2.60,9.850,0.5000,-26.531,-103.091,1.00000,90.000,-nan,-nan,-nan,0
8,2.60,9.860,0.5000,-26.530,-103.079,1.00000,90.000,-nan,-nan,-nan,0
8,2.60,9.870,0.5000,-26.529,-103.066,1.00000,90.000,-nan,-nan,-nan,0
8,2.60,9.880,0.5000,-26.529,-103.053,1.00000,90.000,-nan,-nan,-nan,0
8,2.60,9.890,0.5000,-26.528,-103.041,1.00000,90.000,-nan,-nan,-nan,0
8,2.60,9.900,0.5000,-26.527,-103.029,1.00000,90.000,-nan,-nan,-nan,0
8,2.60,9.910,0.5000,-26.526,-103.016,1.00000,90.000,-nan,-nan,-nan,0
8,2.60,9.920,0.5000,-26.525,-103.004,1.00000,90.000,-nan,-nan,-nan,0
8,2.60,9.930,0.5000,-26.524,-102.992,1.00000,90.000,-nan,-nan,-nan,0
8,2.60,9.940,0.5000,-26.523,-102.980,1.00000,90.000,-nan,-nan,-nan,0
8,2.60,9.950,0.5000,-26.522,-102.967,1.00000,90.000,-nan,-nan,-nan,0
8,2.60,9.960,0.5000,-26.521,-102.955,1.00000,90.000,-nan,-nan,-nan,0
8,2.60,9.970,0.5000,-26.520,-102.943,1.00000,90.000,-nan,-nan,-nan,0
8,2.60,9.980,0.5000,-26.520,-102.931,1.00000,90.000,-nan,-nan,-nan,0
8,2.60,9.990,0.5000,-26.519,-102.920,1.00000,90.000,-nan,-nan,-nan,0
8,2.60,10.000,0.5000,-26.518,-102.908,1.00000,90.000,-nan,-nan,-nan,0
9,3.00,0.000,0.5000,-52.000,-458.975,0.04362,2.500,0.00,0.00000,0.04362,0
9,3.00,0.010,0.5000,-51.872,-457.352,1.00000,90.000,348.36,-0.20169,0.97945,0
9,3.00,0.020,0.5000,-51.745,-455.738,1.00000,90.000,336.69,-0.39578,0.91835,0
9,3.00,0.030,0.5000,-51.618,-454.131,1.00000,90.000,324.96,-0.57410,0.81879,0
9,3.00,0.040,0.5000,-51.492,-452.533,1.00000,90.000,313.20,-0.72899,0.68453,0
9,3.00,0.050,0.5000,-51.367,-450.942,1.00000,90.000,301.39,-0.85364,0.52086,0
9,3.00,0.060,0.5000,-51.242,-449.360,1.00000,90.000,289.54,-0.94242,0.33443,0
9,3.00,0.070,0.5000,-51.118,-447.785,1.00000,90.000,277.64,-0.99112,0.13299,0
9,3.00,0.080,0.5000,-50.994,-446.219,1.00000,90.000,265.70,-0.99719,-0.07492,0
9,3.00,0.090,0.5000,-50.871,-444.660,1.00000,90.000,253.72,-0.95991,-0.28032,0
9,3.00,0.100,0.5000,-50.749,-443.109,1.00000,90.000,241.69,-0.88043,-0.47418,0
9,3.00,0.110,0.5000,-50.627,-441.565,1.00000,90.000,229.62,-0.76180,-0.64781,0
9,3.00,0.120,0.5000,-50.506,-440.029,1.00000,90.000,217.51,-0.60888,-0.79327,0
9,3.00,0.130,0.5000,-50.385,-438.501,1.00000,90.000,205.35,-0.42813,-0.90371,0
9,3.00,0.140,0.5000,-50.266,-436.981,1.00000,90.000,193.15,-0.22743,-0.97379,0
9,3.00,0.150,0.5000,-50.146,-435.468,1.00000,90.000,180.90,-0.01568,-0.99988,0
9,3.00,0.160,0.5000,-50.028,-433.963,1.00000,90.000,168.61,0.19755,-0.98029,0
9,3.00,0.170,0.5000,-49.909,-432.465,1.00000,90.000,156.27,0.40243,-0.91545,0
9,3.00,0.180,0.5000,-49.792,-430.975,1.00000,90.000,143.89,0.58936,-0.80787,0
9,3.00,0.190,0.5000,-49.675,-429.492,1.00000,90.000,131.46,0.74939,-0.66213,0
9,3.00,0.200,0.5000,-49.559,-428.016,1.00000,90.000,118.99,0.87469,-0.48468,0
9,3.00,0.210,0.5000,-49.443,-426.548,1.00000,90.000,106.48,0.95894,-0.28361,0
9,3.00,0.220,0.5000,-49.328,-425.087,1.00000,90.000,93.91,0.99767,-0.06827,0
9,3.00,0.230,0.5000,-49.213,-423.634,1.00000,90.000,81.31,0.98852,0.15112,0
9,3.00,0.240,0.5000,-49.099,-422.187,1.00000,90.000,68.66,0.93142,0.36395,0
9,3.00,0.250,0.5000,-48.985,-420.748,1.00000,90.000,55.96,0.82865,0.55977,0
9,3.00,0.260,0.5000,-48.873,-419.316,1.00000,90.000,43.22,0.68478,0.72875,0
9,3.00,0.270,0.5000,-48.760,-417.892,1.00000,90.000,30.43,0.50649,0.86225,0
9,3.00,0.280,0.5000,-48.648,-416.474,1.00000,90.000,17.60,0.30231,0.95321,0
9,3.00,0.290,0.5000,-48.537,-415.063,1.00000,90.000,4.72,0.08224,0.99661,0
9,3.00,0.300,0.5000,-48.426,-413.660,1.00000,90.000,351.79,-0.14276,0.98976,0
9,3.00,0.310,0.5000,-48.316,-412.263,1.00000,90.000,338.82,-0.36128,0.93246,0
9,3.00,0.320,0.5000,-48.207,-410.874,1.00000,90.000,325.80,-0.56202,0.82712,0
9,3.00,0.330,0.5000,-48.098,-409.491,1.00000,90.000,312.74,-0.73443,0.67869,0
9,3.00,0.340,0.5000,-47.989,-408.115,1.00000,90.000,299.63,-0.86922,0.49442,0
9,3.00,0.350,0.5000,-47.881,-406.746,1.00000,90.000,286.48,-0.95894,0.28361,0
9,3.00,0.360,0.5000,-47.774,-405.384,1.00000,90.000,273.27,-0.99837,0.05710,0
9,3.00,0.370,0.5000,-47.667,-404.029,1.00000,90.000,260.02,-0.98488,-0.17322,0
9,3.00,0.380,0.5000,-47.561,-402.681,1.00000,90.000,246.73,-0.91865,-0.39507,0
9,3.00,0.390,0.5000,-47.455,-401.339,1.00000,90.000,233.39,-0.80268,-0.59640,0
9,3.00,0.400,0.5000,-47.350,-400.004,1.00000,90.000,220.00,-0.64276,-0.76606,0
9,3.00,0.410,0.5000,-47.245,-398.675,1.00000,90.000,206.56,-0.44717,-0.89445,0
9,3.00,0.420,0.5000,-47.141,-397.353,1.00000,90.000,193.08,-0.22630,-0.97406,0
9,3.00,0.430,0.5000,-47.037,-396.038,1.00000,90.000,179.55,0.00786,-0.99997,0
9,3.00,0.440,0.5000,-46.934,-394.730,1.00000,90.000,165.97,0.24239,-0.97018,0
9,3.00,0.450,0.5000,-46.831,-393.427,1.00000,90.000,152.35,0.46410,-0.88578,0
9,3.00,0.460,0.5000,-46.729,-392.132,1.00000,90.000,138.68,0.66031,-0.75099,0
9,3.00,0.470,0.5000,-46.627,-390.843,1.00000,90.000,124.96,0.81958,-0.57296,0
9,3.00,0.480,0.5000,-46.526,-389.560,1.00000,90.000,111.19,0.93239,-0.36146,0
9,3.00,0.490,0.5000,-46.425,-388.283,1.00000,90.000,97.38,0.99173,-0.12837,0
9,3.00,0.500,0.5000,-46.325,-387.014,1.00000,90.000,83.51,0.99360,0.11297,0
9,3.00,0.510,0.5000,-46.225,-385.750,1.00000,90.000,69.60,0.93730,0.34852,0
9,3.00,0.520,0.5000,-46.126,-384.493,1.00000,90.000,55.65,0.82556,0.56431,0
9,3.00,0.530,0.5000,-46.028,-383.241,1.00000,90.000,41.64,0.66444,0.74734,0
9,3.00,0.540,0.5000,-45.930,-381.997,1.00000,90.000,27.59,0.46307,0.88632,0
9,3.00,0.550,0.5000,-45.832,-380.758,1.00000,90.000,13.48,0.23315,0.97244,0
9,3.00,0.560,0.5000,-45.735,-379.526,1.00000,90.000,359.33,-0.01166,0.99993,0
9,3.00,0.570,0.5000,-45.638,-378.299,1.00000,90.000,345.13,-0.25658,0.96652,0
9,3.00,0.580,0.5000,-45.542,-377.079,1.00000,90.000,330.89,-0.48656,0.87365,0
9,3.00,0.590,0.5000,-45.446,-375.865,1.00000,90.000,316.59,-0.68722,0.72645,0
9,3.00,0.600,0.5000,-45.351,-374.657,1.00000,90.000,302.24,-0.84578,0.53354,0
9,3.00,0.610,0.5000,-45.256,-373.455,1.00000,90.000,287.85,-0.95185,0.30655,0
9,3.00,0.620,0.5000,-45.162,-372.259,1.00000,90.000,273.41,-0.99823,0.05946,0
9,3.00,0.630,0.5000,-45.068,-371.069,1.00000,90.000,258.92,-0.98135,-0.19221,0
9,3.00,0.640,0.5000,-44.974,-369.885,1.00000,90.000,244.38,-0.90166,-0.43244,0
9,3.00,0.650,0.5000,-44.881,-368.706,1.00000,90.000,229.79,-0.76367,-0.64561,0
9,3.00,0.660,0.5000,-44.789,-367.534,1.00000,90.000,215.15,-0.57572,-0.81765,0
9,3.00,0.670,0.5000,-44.697,-366.368,1.00000,90.000,200.46,-0.34959,-0.93690,0
9,3.00,0.680,0.5000,-44.605,-365.207,1.00000,90.000,185.73,-0.09976,-0.99501,0
9,3.00,0.690,0.5000,-44.514,-364.052,1.00000,90.000,170.94,0.15749,-0.98752,0
9,3.00,0.700,0.5000,-44.424,-362.903,1.00000,90.000,156.10,0.40509,-0.91427,0
9,3.00,0.710,0.5000,-44.334,-361.760,1.00000,90.000,141.22,0.62637,-0.77953,0
9,3.00,0.720,0.5000,-44.244,-360.622,1.00000,90.000,126.28,0.80611,-0.59176,0
9,3.00,0.730,0.5000,-44.155,-359.490,1.00000,90.000,111.30,0.93171,-0.36320,0
9,3.00,0.740,0.5000,-44.066,-358.363,1.00000,90.000,96.26,0.99403,-0.10908,0
9,3.00,0.750,0.5000,-43.977,-357.243,1.00000,90.000,81.18,0.98817,0.15337,0
9,3.00,0.760,0.5000,-43.889,-356.128,1.00000,90.000,66.04,0.91385,0.40606,0
9,3.00,0.770,0.5000,-43.802,-355.018,1.00000,90.000,50.86,0.77558,0.63125,0
9,3.00,0.780,0.5000,-43.715,-353.914,1.00000,90.000,35.62,0.58245,0.81287,0
9,3.00,0.790,0.5000,-43.628,-352.815,1.00000,90.000,20.34,0.34755,0.93766,0
9,3.00,0.800,0.5000,-43.542,-351.722,1.00000,90.000,5.00,0.08719,0.99619,0
9,3.00,0.810,0.5000,-43.456,-350.635,1.00000,90.000,349.62,-0.18025,0.98362,0
9,3.00,0.820,0.5000,-43.371,-349.552,1.00000,90.000,334.18,-0.43556,0.90016,0
9,3.00,0.830,0.5000,-43.286,-348.476,1.00000,90.000,318.69,-0.66011,0.75117,0
9,3.00,0.840,0.5000,-43.202,-347.404,1.00000,90.000,303.15,-0.83720,0.54690,0
9,3.00,0.850,0.5000,-43.117,-346.338,1.00000,90.000,287.57,-0.95337,0.30180,0
9,3.00,0.860,0.5000,-43.034,-345.277,1.00000,90.000,271.93,-0.99943,0.03362,0
9,3.00,0.870,0.5000,-42.951,-344.222,1.00000,90.000,256.24,-0.97128,-0.23792,0
9,3.00,0.880,0.5000,-42.868,-343.172,1.00000,90.000,225.00,-0.70711,-0.70711,0
9,3.00,0.890,0.5000,-42.785,-342.127,1.00000,90.000,-nan,-nan,-nan,0
9,3.00,0.900,0.5000,-42.703,-341.087,1.00000,90.000,-nan,-nan,-nan,0
9,3.00,0.910,0.5000,-42.622,-340.052,1.00000,90.000,-nan,-nan,-nan,0
9,3.00,0.920,0.5000,-42.541,-339.023,1.00000,90.000,-nan,-nan,-nan,0
9,3.00,0.930,0.5000,-42.460,-337.998,1.00000,90.000,-nan,-nan,-nan,0
9,3.00,0.940,0.5000,-42.379,-336.979,1.00000,90.000,-nan,-nan,-nan,0
9,3.00,0.950,0.5000,-42.299,-335.965,1.00000,90.000,-nan,-nan,-nan,0
9,3.00,0.960,0.5000,-42.220,-334.956,1.00000,90.000,-nan,-nan,-nan,0
9,3.00,0.970,0.5000,-42.141,-333.952,1.00000,90.000,-nan,-nan,-nan,0
9,3.00,0.980,0.5000,-42.062,-332.953,1.00000,90.000,-nan,-nan,-nan,0
9,3.00,0.990,0.5000,-41.984,-331.959,1.00000,90.000,-nan,-nan,-nan,0
9,3.00,1.000,0.5000,-41.906,-330.970,1.00000,90.000,-nan,-nan,-nan,0
9,3.00,1.010,0.5000,-41.828,-329.986,1.00000,90.000,-nan,-nan,-nan,0
9,3.00,1.020,0.5000,-41.751,-329.007,1.00000,90.000,-nan,-nan,-nan,0
9,3.00,1.030,0.5000,-41.674,-328.032,1.00000,90.000,-nan,-nan,-nan,0
9,3.00,1.040,0.5000,-41.597,-327.063,1.00000,90.000,-nan,-nan,-nan,0
9,3.00,1.050,0.5000,-41.521,-326.098,1.00000,90.000,-nan,-nan,-nan,0
9,3.00,1.060,0.5000,-41.446,-325.138,1.00000,90.000,-nan,-nan,-nan,0
9,3.00,1.070,0.5000,-41.370,-324.183,1.00000,90.000,-nan,-nan,-nan,0
9,3.00,1.080,0.5000,-41.295,-323.233,1.00000,90.000,-nan,-nan,-nan,0
9,3.00,1.090,0.5000,-41.221,-322.288,1.00000,90.000,-nan,-nan,-nan,0
9,3.00,1.100,0.5000,-41.147,-321.347,1.00000,90.000,-nan,-nan,-nan,0
9,3.00,1.110,0.5000,-41.073,-320.411,1.00000,90.000,-nan,-nan,-nan,0
9,3.00,1.120,0.5000,-40.999,-319.479,1.00000,90.000,-nan,-nan,-nan,0
9,3.00,1.130,0.5000,-40.926,-318.552,1.00000,90.000,-nan,-nan,-nan,0
9,3.00,1.140,0.5000,-40.854,-317.630,1.00000,90.000,-nan,-nan,-nan,0
9,3.00,1.150,0.5000,-40.781,-316.713,1.00000,90.000,-nan,-nan,-nan,0
9,3.00,1.160,0.5000,-40.709,-315.800,1.00000,90.000,-nan,-nan,-nan,0
9,3.00,1.170,0.5000,-40.638,-314.891,1.00000,90.000,-nan,-nan,-nan,0
9,3.00,1.180,0.5000,-40.566,-313.987,1.00000,90.000,-nan,-nan,-nan,0
9,3.00,1.190,0.5000,-40.495,-313.088,1.00000,90.000,-nan,-nan,-nan,0
9,3.00,1.200,0.5000,-40.425,-312.193,1.00000,90.000,-nan,-nan,-nan,0
9,3.00,1.210,0.5000,-40.355,-311.302,1.00000,90.000,-nan,-nan,-nan,0
9,3.00,1.220,0.5000,-40.285,-310.416,1.00000,90.000,-nan,-nan,-nan,0
9,3.00,1.230,0.5000,-40.215,-309.535,1.00000,90.000,-nan,-nan,-nan,0
9,3.00,1.240,0.5000,-40.146,-308.657,1.00000,90.000,-nan,-nan,-nan,0
9,3.00,1.250,0.5000,-40.077,-307.785,1.00000,90.000,-nan,-nan,-nan,0
9,3.00,1.260,0.5000,-40.009,-306.916,1.00000,90.000,-nan,-nan,-nan,0
9,3.00,1.270,0.5000,-39.940,-306.052,1.00000,90.000,-nan,-nan,-nan,0
9,3.00,1.280,0.5000,-39.873,-305.192,1.00000,90.000,-nan,-nan,-nan,0
9,3.00,1.290,0.5000,-39.805,-304.336,1.00000,90.000,-nan,-nan,-nan,0
9,3.00,1.300,0.5000,-39.738,-303.485,1.00000,90.000,-nan,-nan,-nan,0
9,3.00,1.310,0.5000,-39.671,-302.638,1.00000,90.000,-nan,-nan,-nan,0
9,3.00,1.320,0.5000,-39.605,-301.795,1.00000,90.000,-nan,-nan,-nan,0
9,3.00,1.330,0.5000,-39.539,-300.957,1.00000,90.000,-nan,-nan,-nan,0
9,3.00,1.340,0.5000,-39.473,-300.122,1.00000,90.000,-nan,-nan,-nan,0
9,3.00,1.350,0.5000,-39.407,-299.292,1.00000,90.000,-nan,-nan,-nan,0
9,3.00,1.360,0.5000,-39.342,-298.466,1.00000,90.000,-nan,-nan,-nan,0
9,3.00,1.370,0.5000,-39.277,-297.644,1.00000,90.000,-nan,-nan,-nan,0
9,3.00,1.380,0.5000,-39.213,-296.826,1.00000,90.000,-nan,-nan,-nan,0
9,3.00,1.390,0.5000,-39.149,-296.012,1.00000,90.000,-nan,-nan,-nan,0
9,3.00,1.400,0.5000,-39.085,-295.202,1.00000,90.000,-nan,-nan,-nan,0
9,3.00,1.410,0.5000,-39.021,-294.397,1.00000,90.000,-nan,-nan,-nan,0
9,3.00,1.420,0.5000,-38.958,-293.595,1.00000,90.000,-nan,-nan,-nan,0
9,3.00,1.430,0.5000,-38.895,-292.797,1.00000,90.000,-nan,-nan,-nan,0
9,3.00,1.440,0.5000,-38.833,-292.003,1.00000,90.000,-nan,-nan,-nan,0
9,3.00,1.450,0.5000,-38.770,-291.214,1.00000,90.000,-nan,-nan,-nan,0
9,3.00,1.460,0.5000,-38.708,-290.428,1.00000,90.000,-nan,-nan,-nan,0
9,3.00,1.470,0.5000,-38.647,-289.646,1.00000,90.000,-nan,-nan,-nan,0
9,3.00,1.480,0.5000,-38.585,-288.868,1.00000,90.000,-nan,-nan,-nan,0
9,3.00,1.490,0.5000,-38.524,-288.094,1.00000,90.000,-nan,-nan,-nan,0
9,3.00,1.500,0.5000,-38.464,-287.323,1.00000,90.000,-nan,-nan,-nan,0
9,3.00,1.510,0.5000,-38.403,-286.557,1.00000,90.000,-nan,-nan,-nan,0
9,3.00,1.520,0.5000,-38.343,-285.794,1.00000,90.000,-nan,-nan,-nan,0
9,3.00,1.530,0.5000,-38.283,-285.036,1.00000,90.000,-nan,-nan,-nan,0
9,3.00,1.540,0.5000,-38.224,-284.280,1.00000,90.000,-nan,-nan,-nan,0
9,3.00,1.550,0.5000,-38.164,-283.529,1.00000,90.000,-nan,-nan,-nan,0
9,3.00,1.560,0.5000,-38.105,-282.782,1.00000,90.000,-nan,-nan,-nan,0
9,3.00,1.570,0.5000,-38.047,-282.038,1.00000,90.000,-nan,-nan,-nan,0
9,3.00,1.580,0.5000,-37.988,-281.298,1.00000,90.000,-nan,-nan,-nan,0
9,3.00,1.590,0.5000,-37.930,-280.561,1.00000,90.000,-nan,-nan,-nan,0
9,3.00,1.600,0.5000,-37.873,-279.829,1.00000,90.000,-nan,-nan,-nan,0
9,3.00,1.610,0.5000,-37.815,-279.100,1.00000,90.000,-nan,-nan,-nan,0
9,3.00,1.620,0.5000,-37.758,-278.374,1.00000,90.000,-nan,-nan,-nan,0
9,3.00,1.630,0.5000,-37.701,-277.652,1.00000,90.000,-nan,-nan,-nan,0
9,3.00,1.640,0.5000,-37.644,-276.934,1.00000,90.000,-nan,-nan,-nan,0
9,3.00,1.650,0.5000,-37.588,-276.220,1.00000,90.000,-nan,-nan,-nan,0
9,3.00,1.660,0.5000,-37.532,-275.509,1.00000,90.000,-nan,-nan,-nan,0
9,3.00,1.670,0.5000,-37.476,-274.801,1.00000,90.000,-nan,-nan,-nan,0
9,3.00,1.680,0.5000,-37.421,-274.097,1.00000,90.000,-nan,-nan,-nan,0
9,3.00,1.690,0.5000,-37.365,-273.397,1.00000,90.000,-nan,-nan,-nan,0
9,3.00,1.700,0.5000,-37.310,-272.700,1.00000,90.000,-nan,-nan,-nan,0
9,3.00,1.710,0.5000,-37.256,-272.006,1.00000,90.000,-nan,-nan,-nan,0
9,3.00,1.720,0.5000,-37.201,-271.316,1.00000,90.000,-nan,-nan,-nan,0
9,3.00,1.730,0.5000,-37.147,-270.629,1.00000,90.000,-nan,-nan,-nan,0
9,3.00,1.740,0.5000,-37.093,-269.946,1.00000,90.000,-nan,-nan,-nan,0
9,3.00,1.750,0.5000,-37.040,-269.266,1.00000,90.000,-nan,-nan,-nan,0
9,3.00,1.760,0.5000,-36.986,-268.590,1.00000,90.000,-nan,-nan,-nan,0
9,3.00,1.770,0.5000,-36.933,-267.917,1.00000,90.000,-nan,-nan,-nan,0
9,3.00,1.780,0.5000,-36.880,-267.247,1.00000,90.000,-nan,-nan,-nan,0
9,3.00,1.790,0.5000,-36.828,-266.581,1.00000,90.000,-nan,-nan,-nan,0
9,3.00,1.800,0.5000,-36.776,-265.918,1.00000,90.000,-nan,-nan,-nan,0
9,3.00,1.810,0.5000,-36.724,-265.258,1.00000,90.000,-nan,-nan,-nan,0
9,3.00,1.820,0.5000,-36.672,-264.602,1.00000,90.000,-nan,-nan,-nan,0
9,3.00,1.830,0.5000,-36.620,-263.949,1.00000,90.000,-nan,-nan,-nan,0
9,3.00,1.840,0.5000,-36.569,-263.299,1.00000,90.000,-nan,-nan,-nan,0
9,3.00,1.850,0.5000,-36.518,-262.652,1.00000,90.000,-nan,-nan,-nan,0
9,3.00,1.860,0.5000,-36.467,-262.009,1.00000,90.000,-nan,-nan,-nan,0
9,3.00,1.870,0.5000,-36.417,-261.369,1.00000,90.000,-nan,-nan,-nan,0
9,3.00,1.880,0.5000,-36.367,-260.732,1.00000,90.000,-nan,-nan,-nan,0
9,3.00,1.890,0.5000,-36.317,-260.098,1.00000,90.000,-nan,-nan,-nan,0
9,3.00,1.900,0.5000,-36.267,-259.467,1.00000,90.000,-nan,-nan,-nan,0
9,3.00,1.910,0.5000,-36.217,-258.840,1.00000,90.000,-nan,-nan,-nan,0
9,3.00,1.920,0.5000,-36.168,-258.216,1.00000,90.000,-nan,-nan,-nan,0
9,3.00,1.930,0.5000,-36.119,-257.594,1.00000,90.000,-nan,-nan,-nan,0
9,3.00,1.940,0.5000,-36.070,-256.976,1.00000,90.000,-nan,-nan,-nan,0
9,3.00,1.950,0.5000,-36.022,-256.361,1.00000,90.000,-nan,-nan,-nan,0
9,3.00,1.960,0.5000,-35.974,-255.749,1.00000,90.000,-nan,-nan,-nan,0
9,3.00,1.970,0.5000,-35.926,-255.140,1.00000,90.000,-nan,-nan,-nan,0
9,3.00,1.980,0.5000,-35.878,-254.534,1.00000,90.000,-nan,-nan,-nan,0
9,3.00,1.990,0.5000,-35.830,-253.931,1.00000,90.000,-nan,-nan,-nan,0
9,3.00,2.000,0.5000,-35.783,-253.331,1.00000,90.000,-nan,-nan,-nan,0
9,3.00,2.010,0.5000,-35.736,-252.734,1.00000,90.000,-nan,-nan,-nan,0
9,3.00,2.020,0.5000,-35.689,-252.140,1.00000,90.000,-nan,-nan,-nan,0
9,3.00,2.030,0.5000,-35.642,-251.550,1.00000,90.000,-nan,-nan,-nan,0
9,3.00,2.040,0.5000,-35.596,-250.961,1.00000,90.000,-nan,-nan,-nan,0
9,3.00,2.050,0.5000,-35.550,-250.376,1.00000,90.000,-nan,-nan,-nan,0
9,3.00,2.060,0.5000,-35.504,-249.794,1.00000,90.000,-nan,-nan,-nan,0
9,3.00,2.070,0.5000,-35.458,-249.215,1.00000,90.000,-nan,-nan,-nan,0
9,3.00,2.080,0.5000,-35.413,-248.639,1.00000,90.000,-nan,-nan,-nan,0
9,3.00,2.090,0.5000,-35.368,-248.065,1.00000,90.000,-nan,-nan,-nan,0
9,3.00,2.100,0.5000,-35.323,-247.494,1.00000,90.000,-nan,-nan,-nan,0
9,3.00,2.110,0.5000,-35.278,-246.927,1.00000,90.000,-nan,-nan,-nan,0
9,3.00,2.120,0.5000,-35.233,-246.362,1.00000,90.000,-nan,-nan,-nan,0
9,3.00,2.130,0.5000,-35.189,-245.800,1.00000,90.000,-nan,-nan,-nan,0
9,3.00,2.140,0.5000,-35.145,-245.240,1.00000,90.000,-nan,-nan,-nan,0
9,3.00,2.150,0.5000,-35.101,-244.684,1.00000,90.000,-nan,-nan,-nan,0
9,3.00,2.160,0.5000,-35.057,-244.130,1.00000,90.000,-nan,-nan,-nan,0
9,3.00,2.170,0.5000,-35.014,-243.579,1.00000,90.000,-nan,-nan,-nan,0
9,3.00,2.180,0.5000,-34.971,-243.031,1.00000,90.000,-nan,-nan,-nan,0
9,3.00,2.190,0.5000,-34.928,-242.485,1.00000,90.000,-nan,-nan,-nan,0
9,3.00,2.200,0.5000,-34.885,-241.942,1.00000,90.000,-nan,-nan,-nan,0
9,3.00,2.210,0.5000,-34.842,-241.402,1.00000,90.000,-nan,-nan,-nan,0
9,3.00,2.220,0.5000,-34.800,-240.865,1.00000,90.000,-nan,-nan,-nan,0
9,3.00,2.230,0.5000,-34.758,-240.330,1.00000,90.000,-nan,-nan,-nan,0
9,3.00,2.240,0.5000,-34.716,-239.798,1.00000,90.000,-nan,-nan,-nan,0
9,3.00,2.250,0.5000,-34.674,-239.269,1.00000,90.000,-nan,-nan,-nan,0
9,3.00,2.260,0.5000,-34.632,-238.742,1.00000,90.000,-nan,-nan,-nan,0
9,3.00,2.270,0.5000,-34.591,-238.218,1.00000,90.000,-nan,-nan,-nan,0
9,3.00,2.280,0.5000,-34.550,-237.696,1.00000,90.000,-nan,-nan,-nan,0
9,3.00,2.290,0.5000,-34.509,-237.177,1.00000,90.000,-nan,-nan,-nan,0
9,3.00,2.300,0.5000,-34.468,-236.661,1.00000,90.000,-nan,-nan,-nan,0
9,3.00,2.310,0.5000,-34.428,-236.147,1.00000,90.000,-nan,-nan,-nan,0
9,3.00,2.320,0.5000,-34.387,-235.636,1.00000,90.000,-nan,-nan,-nan,0
9,3.00,2.330,0.5000,-34.347,-235.127,1.00000,90.000,-nan,-nan,-nan,0
9,3.00,2.340,0.5000,-34.307,-234.621,1.00000,90.000,-nan,-nan,-nan,0
9,3.00,2.350,0.5000,-34.268,-234.118,1.00000,90.000,-nan,-nan,-nan,0
9,3.00,2.360,0.5000,-34.228,-233.617,1.00000,90.000,-nan,-nan,-nan,0
9,3.00,2.370,0.5000,-34.189,-233.118,1.00000,90.000,-nan,-nan,-nan,0
9,3.00,2.380,0.5000,-34.150,-232.622,1.00000,90.000,-nan,-nan,-nan,0
9,3.00,2.390,0.5000,-34.111,-232.128,1.00000,90.000,-nan,-nan,-nan,0
9,3.00,2.400,0.5000,-34.072,-231.637,1.00000,90.000,-nan,-nan,-nan,0
9,3.00,2.410,0.5000,-34.034,-231.148,1.00000,90.000,-nan,-nan,-nan,0
9,3.00,2.420,0.5000,-33.995,-230.662,1.00000,90.000,-nan,-nan,-nan,0
9,3.00,2.430,0.5000,-33.957,-230.178,1.00000,90.000,-nan,-nan,-nan,0
9,3.00,2.440,0.5000,-33.919,-229.697,1.00000,90.000,-nan,-nan,-nan,0
9,3.00,2.450,0.5000,-33.881,-229.218,1.00000,90.000,-nan,-nan,-nan,0
9,3.00,2.460,0.5000,-33.844,-228.741,1.00000,90.000,-nan,-nan,-nan,0
9,3.00,2.470,0.5000,-33.806,-228.267,1.00000,90.000,-nan,-nan,-nan,0
9,3.00,2.480,0.5000,-33.769,-227.795,1.00000,90.000,-nan,-nan,-nan,0
9,3.00,2.490,0.5000,-33.732,-227.325,1.00000,90.000,-nan,-nan,-nan,0
9,3.00,2.500,0.5000,-33.695,-226.858,1.00000,90.000,-nan,-nan,-nan,0
9,3.00,2.510,0.5000,-33.659,-226.393,1.00000,90.000,-nan,-nan,-nan,0
9,3.00,2.520,0.5000,-33.622,-225.931,1.00000,90.000,-nan,-nan,-nan,0
9,3.00,2.530,0.5000,-33.586,-225.471,1.00000,90.000,-nan,-nan,-nan,0
9,3.00,2.540,0.5000,-33.550,-225.013,1.00000,90.000,-nan,-nan,-nan,0
9,3.00,2.550,0.5000,-33.514,-224.557,1.00000,90.000,-nan,-nan,-nan,0
9,3.00,2.560,0.5000,-33.478,-224.104,1.00000,90.000,-nan,-nan,-nan,0
9,3.00,2.570,0.5000,-33.442,-223.652,1.00000,90.000,-nan,-nan,-nan,0
9,3.00,2.580,0.5000,-33.407,-223.204,1.00000,90.000,-nan,-nan,-nan,0
9,3.00,2.590,0.5000,-33.372,-222.757,1.00000,90.000,-nan,-nan,-nan,0
9,3.00,2.600,0.5000,-33.337,-222.313,1.00000,90.000,-nan,-nan,-nan,0
9,3.00,2.610,0.5000,-33.302,-221.870,1.00000,90.000,-nan,-nan,-nan,0
9,3.00,2.620,0.5000,-33.267,-221.430,1.00000,90.000,-nan,-nan,-nan,0
9,3.00,2.630,0.5000,-33.233,-220.993,1.00000,90.000,-nan,-nan,-nan,0
9,3.00,2.640,0.5000,-33.198,-220.557,1.00000,90.000,-nan,-nan,-nan,0
9,3.00,2.650,0.5000,-33.164,-220.123,1.00000,90.000,-nan,-nan,-nan,0
9,3.00,2.660,0.5000,-33.130,-219.692,1.00000,90.000,-nan,-nan,-nan,0
9,3.00,2.670,0.5000,-33.096,-219.263,1.00000,90.000,-nan,-nan,-nan,0
9,3.00,2.680,0.5000,-33.063,-218.836,1.00000,90.000,-nan,-nan,-nan,0
9,3.00,2.690,0.5000,-33.029,-218.411,1.00000,90.000,-nan,-nan,-nan,0
9,3.00,2.700,0.5000,-32.996,-217.988,1.00000,90.000,-nan,-nan,-nan,0
9,3.00,2.710,0.5000,-32.963,-217.568,1.00000,90.000,-nan,-nan,-nan,0
9,3.00,2.720,0.5000,-32.930,-217.149,1.00000,90.000,-nan,-nan,-nan,0
9,3.00,2.730,0.5000,-32.897,-216.733,1.00000,90.000,-nan,-nan,-nan,0
9,3.00,2.740,0.5000,-32.864,-216.318,1.00000,90.000,-nan,-nan,-nan,0
9,3.00,2.750,0.5000,-32.832,-215.906,1.00000,90.000,-nan,-nan,-nan,0
9,3.00,2.760,0.5000,-32.799,-215.496,1.00000,90.000,-nan,-nan,-nan,0
9,3.00,2.770,0.5000,-32.767,-215.088,1.00000,90.000,-nan,-nan,-nan,0
9,3.00,2.780,0.5000,-32.735,-214.682,1.00000,90.000,-nan,-nan,-nan,0
9,3.00,2.790,0.5000,-32.703,-214.277,1.00000,90.000,-nan,-nan,-nan,0
9,3.00,2.800,0.5000,-32.671,-213.875,1.00000,90.000,-nan,-nan,-nan,0
9,3.00,2.810,0.5000,-32.640,-213.475,1.00000,90.000,-nan,-nan,-nan,0
9,3.00,2.820,0.5000,-32.608,-213.077,1.00000,90.000,-nan,-nan,-nan,0
9,3.00,2.830,0.5000,-32.577,-212.681,1.00000,90.000,-nan,-nan,-nan,0
9,3.00,2.840,0.5000,-32.546,-212.287,1.00000,90.000,-nan,-nan,-nan,0
9,3.00,2.850,0.5000,-32.515,-211.895,1.00000,90.000,-nan,-nan,-nan,0
9,3.00,2.860,0.5000,-32.484,-211.504,1.00000,90.000,-nan,-nan,-nan,0
9,3.00,2.870,0.5000,-32.454,-211.116,1.00000,90.000,-nan,-nan,-nan,0
9,3.00,2.880,0.5000,-32.423,-210.730,1.00000,90.000,-nan,-nan,-nan,0
9,3.00,2.890,0.5000,-32.393,-210.345,1.00000,90.000,-nan,-nan,-nan,0
9,3.00,2.900,0.5000,-32.363,-209.963,1.00000,90.000,-nan,-nan,-nan,0
9,3.00,2.910,0.5000,-32.333,-209.582,1.00000,90.000,-nan,-nan,-nan,0
9,3.00,2.920,0.5000,-32.303,-209.203,1.00000,90.000,-nan,-nan,-nan,0
9,3.00,2.930,0.5000,-32.273,-208.827,1.00000,90.000,-nan,-nan,-nan,0
9,3.00,2.940,0.5000,-32.244,-208.452,1.00000,90.000,-nan,-nan,-nan,0
9,3.00,2.950,0.5000,-32.214,-208.079,1.00000,90.000,-nan,-nan,-nan,0
9,3.00,2.960,0.5000,-32.185,-207.707,1.00000,90.000,-nan,-nan,-nan,0
9,3.00,2.970,0.5000,-32.156,-207.338,1.00000,90.000,-nan,-nan,-nan,0
9,3.00,2.980,0.5000,-32.127,-206.971,1.00000,90.000,-nan,-nan,-nan,0
9,3.00,2.990,0.5000,-32.098,-206.605,1.00000,90.000,-nan,-nan,-nan,0
9,3.00,3.000,0.5000,-32.069,-206.241,1.00000,90.000,-nan,-nan,-nan,0
9,3.00,3.010,0.5000,-32.041,-205.879,1.00000,90.000,-nan,-nan,-nan,0
9,3.00,3.020,0.5000,-32.012,-205.519,1.00000,90.000,-nan,-nan,-nan,0
9,3.00,3.030,0.5000,-31.984,-205.160,1.00000,90.000,-nan,-nan,-nan,0
9,3.00,3.040,0.5000,-31.956,-204.804,1.00000,90.000,-nan,-nan,-nan,0
9,3.00,3.050,0.5000,-31.928,-204.449,1.00000,90.000,-nan,-nan,-nan,0
9,3.00,3.060,0.5000,-31.900,-204.096,1.00000,90.000,-nan,-nan,-nan,0
9,3.00,3.070,0.5000,-31.873,-203.744,1.00000,90.000,-nan,-nan,-nan,0
9,3.00,3.080,0.5000,-31.845,-203.395,1.00000,90.000,-nan,-nan,-nan,0
9,3.00,3.090,0.5000,-31.818,-203.047,1.00000,90.000,-nan,-nan,-nan,0
9,3.00,3.100,0.5000,-31.790,-202.701,1.00000,90.000,-nan,-nan,-nan,0
9,3.00,3.110,0.5000,-31.763,-202.356,1.00000,90.000,-nan,-nan,-nan,0
9,3.00,3.120,0.5000,-31.736,-202.014,1.00000,90.000,-nan,-nan,-nan,0
9,3.00,3.130,0.5000,-31.709,-201.673,1.00000,90.000,-nan,-nan,-nan,0
9,3.00,3.140,0.5000,-31.682,-201.334,1.00000,90.000,-nan,-nan,-nan,0
9,3.00,3.150,0.5000,-31.656,-200.996,1.00000,90.000,-nan,-nan,-nan,0
9,3.00,3.160,0.5000,-31.629,-200.660,1.00000,90.000,-nan,-nan,-nan,0
9,3.00,3.170,0.5000,-31.603,-200.326,1.00000,90.000,-nan,-nan,-nan,0
9,3.00,3.180,0.5000,-31.577,-199.993,1.00000,90.000,-nan,-nan,-nan,0
9,3.00,3.190,0.5000,-31.551,-199.662,1.00000,90.000,-nan,-nan,-nan,0
9,3.00,3.200,0.5000,-31.525,-199.333,1.00000,90.000,-nan,-nan,-nan,0
9,3.00,3.210,0.5000,-31.499,-199.006,1.00000,90.000,-nan,-nan,-nan,0
9,3.00,3.220,0.5000,-31.473,-198.680,1.00000,90.000,-nan,-nan,-nan,0
9,3.00,3.230,0.5000,-31.448,-198.355,1.00000,90.000,-nan,-nan,-nan,0
9,3.00,3.240,0.5000,-31.422,-198.033,1.00000,90.000,-nan,-nan,-nan,0
9,3.00,3.250,0.5000,-31.397,-197.712,1.00000,90.000,-nan,-nan,-nan,0
9,3.00,3.260,0.5000,-31.372,-197.392,1.00000,90.000,-nan,-nan,-nan,0
9,3.00,3.270,0.5000,-31.347,-197.074,1.00000,90.000,-nan,-nan,-nan,0
9,3.00,3.280,0.5000,-31.322,-196.758,1.00000,90.000,-nan,-nan,-nan,0
9,3.00,3.290,0.5000,-31.297,-196.443,1.00000,90.000,-nan,-nan,-nan,0
9,3.00,3.300,0.5000,-31.272,-196.130,1.00000,90.000,-nan,-nan,-nan,0
9,3.00,3.310,0.5000,-31.247,-195.818,1.00000,90.000,-nan,-nan,-nan,0
9,3.00,3.320,0.5000,-31.223,-195.508,1.00000,90.000,-nan,-nan,-nan,0
9,3.00,3.330,0.5000,-31.199,-195.200,1.00000,90.000,-nan,-nan,-nan,0
9,3.00,3.340,0.5000,-31.174,-194.893,1.00000,90.000,-nan,-nan,-nan,0
9,3.00,3.350,0.5000,-31.150,-194.587,1.00000,90.000,-nan,-nan,-nan,0
9,3.00,3.360,0.5000,-31.126,-194.283,1.00000,90.000,-nan,-nan,-nan,0
9,3.00,3.370,0.5000,-31.103,-193.981,1.00000,90.000,-nan,-nan,-nan,0
9,3.00,3.380,0.5000,-31.079,-193.680,1.00000,90.000,-nan,-nan,-nan,0
9,3.00,3.390,0.5000,-31.055,-193.381,1.00000,90.000,-nan,-nan,-nan,0
9,3.00,3.400,0.5000,-31.032,-193.083,1.00000,90.000,-nan,-nan,-nan,0
9,3.00,3.410,0.5000,-31.008,-192.786,1.00000,90.000,-nan,-nan,-nan,0
9,3.00,3.420,0.5000,-30.985,-192.491,1.00000,90.000,-nan,-nan,-nan,0
9,3.00,3.430,0.5000,-30.962,-192.198,1.00000,90.000,-nan,-nan,-nan,0
9,3.00,3.440,0.5000,-30.939,-191.906,1.00000,90.000,-nan,-nan,-nan,0
9,3.00,3.450,0.5000,-30.916,-191.615,1.00000,90.000,-nan,-nan,-nan,0
9,3.00,3.460,0.5000,-30.893,-191.326,1.00000,90.000,-nan,-nan,-nan,0
9,3.00,3.470,0.5000,-30.871,-191.039,1.00000,90.000,-nan,-nan,-nan,0
9,3.00,3.480,0.5000,-30.848,-190.752,1.00000,90.000,-nan,-nan,-nan,0
9,3.00,3.490,0.5000,-30.826,-190.468,1.00000,90.000,-nan,-nan,-nan,0
9,3.00,3.500,0.5000,-30.803,-190.184,1.00000,90.000,-nan,-nan,-nan,0
9,3.00,3.510,0.5000,-30.781,-189.902,1.00000,90.000,-nan,-nan,-nan,0
9,3.00,3.520,0.5000,-30.759,-189.622,1.00000,90.000,-nan,-nan,-nan,0
9,3.00,3.530,0.5000,-30.737,-189.343,1.00000,90.000,-nan,-nan,-nan,0
9,3.00,3.540,0.5000,-30.715,-189.065,1.00000,90.000,-nan,-nan,-nan,0
9,3.00,3.550,0.5000,-30.693,-188.789,1.00000,90.000,-nan,-nan,-nan,0
9,3.00,3.560,0.5000,-30.671,-188.514,1.00000,90.000,-nan,-nan,-nan,0
9,3.00,3.570,0.5000,-30.650,-188.240,1.00000,90.000,-nan,-nan,-nan,0
9,3.00,3.580,0.5000,-30.628,-187.968,1.00000,90.000,-nan,-nan,-nan,0
9,3.00,3.590,0.5000,-30.607,-187.697,1.00000,90.000,-nan,-nan,-nan,0
9,3.00,3.600,0.5000,-30.586,-187.427,1.00000,90.000,-nan,-nan,-nan,0
9,3.00,3.610,0.5000,-30.565,-187.159,1.00000,90.000,-nan,-nan,-nan,0
9,3.00,3.620,0.5000,-30.544,-186.892,1.00000,90.000,-nan,-nan,-nan,0
9,3.00,3.630,0.5000,-30.523,-186.627,1.00000,90.000,-nan,-nan,-nan,0
9,3.00,3.640,0.5000,-30.502,-186.362,1.00000,90.000,-nan,-nan,-nan,0
9,3.00,3.650,0.5000,-30.481,-186.099,1.00000,90.000,-nan,-nan,-nan,0
9,3.00,3.660,0.5000,-30.460,-185.838,1.00000,90.000,-nan,-nan,-nan,0
9,3.00,3.670,0.5000,-30.440,-185.578,1.00000,90.000,-nan,-nan,-nan,0
9,3.00,3.680,0.5000,-30.419,-185.319,1.00000,90.000,-nan,-nan,-nan,0
9,3.00,3.690,0.5000,-30.399,-185.061,1.00000,90.000,-nan,-nan,-nan,0
9,3.00,3.700,0.5000,-30.379,-184.805,1.00000,90.000,-nan,-nan,-nan,0
9,3.00,3.710,0.5000,-30.359,-184.549,1.00000,90.000,-nan,-nan,-nan,0
9,3.00,3.720,0.5000,-30.339,-184.296,1.00000,90.000,-nan,-nan,-nan,0
9,3.00,3.730,0.5000,-30.319,-184.043,1.00000,90.000,-nan,-nan,-nan,0
9,3.00,3.740,0.5000,-30.299,-183.792,1.00000,90.000,-nan,-nan,-nan,0
9,3.00,3.750,0.5000,-30.279,-183.542,1.00000,90.000,-nan,-nan,-nan,0
9,3.00,3.760,0.5000,-30.260,-183.293,1.00000,90.000,-nan,-nan,-nan,0
9,3.00,3.770,0.5000,-30.240,-183.045,1.00000,90.000,-nan,-nan,-nan,0
9,3.00,3.780,0.5000,-30.221,-182.799,1.00000,90.000,-nan,-nan,-nan,0
9,3.00,3.790,0.5000,-30.201,-182.554,1.00000,90.000,-nan,-nan,-nan,0
9,3.00,3.800,0.5000,-30.182,-182.310,1.00000,90.000,-nan,-nan,-nan,0
9,3.00,3.810,0.5000,-30.163,-182.067,1.00000,90.000,-nan,-nan,-nan,0
9,3.00,3.820,0.5000,-30.144,-181.826,1.00000,90.000,-nan,-nan,-nan,0
9,3.00,3.830,0.5000,-30.125,-181.585,1.00000,90.000,-nan,-nan,-nan,0
9,3.00,3.840,0.5000,-30.106,-181.346,1.00000,90.000,-nan,-nan,-nan,0
9,3.00,3.850,0.5000,-30.087,-181.108,1.00000,90.000,-nan,-nan,-nan,0
9,3.00,3.860,0.5000,-30.069,-180.872,1.00000,90.000,-nan,-nan,-nan,0
9,3.00,3.870,0.5000,-30.050,-180.636,1.00000,90.000,-nan,-nan,-nan,0
9,3.00,3.880,0.5000,-30.032,-180.402,1.00000,90.000,-nan,-nan,-nan,0
9,3.00,3.890,0.5000,-30.013,-180.169,1.00000,90.000,-nan,-nan,-nan,0
9,3.00,3.900,0.5000,-29.995,-179.937,1.00000,90.000,-nan,-nan,-nan,0
9,3.00,3.910,0.5000,-29.977,-179.706,1.00000,90.000,-nan,-nan,-nan,0
9,3.00,3.920,0.5000,-29.959,-179.476,1.00000,90.000,-nan,-nan,-nan,0
9,3.00,3.930,0.5000,-29.941,-179.248,1.00000,90.000,-nan,-nan,-nan,0
9,3.00,3.940,0.5000,-29.923,-179.020,1.00000,90.000,-nan,-nan,-nan,0
9,3.00,3.950,0.5000,-29.905,-178.794,1.00000,90.000,-nan,-nan,-nan,0
9,3.00,3.960,0.5000,-29.887,-178.569,1.00000,90.000,-nan,-nan,-nan,0
9,3.00,3.970,0.5000,-29.869,-178.345,1.00000,90.000,-nan,-nan,-nan,0
9,3.00,3.980,0.5000,-29.852,-178.122,1.00000,90.000,-nan,-nan,-nan,0
9,3.00,3.990,0.5000,-29.834,-177.900,1.00000,90.000,-nan,-nan,-nan,0
9,3.00,4.000,0.5000,-29.817,-177.679,1.00000,90.000,-nan,-nan,-nan,0
9,3.00,4.010,0.5000,-29.800,-177.460,1.00000,90.000,-nan,-nan,-nan,0
9,3.00,4.020,0.5000,-29.782,-177.241,1.00000,90.000,-nan,-nan,-nan,0
9,3.00,4.030,0.5000,-29.765,-177.024,1.00000,90.000,-nan,-nan,-nan,0
9,3.00,4.040,0.5000,-29.748,-176.808,1.00000,90.000,-nan,-nan,-nan,0
9,3.00,4.050,0.5000,-29.731,-176.592,1.00000,90.000,-nan,-nan,-nan,0
9,3.00,4.060,0.5000,-29.714,-176.378,1.00000,90.000,-nan,-nan,-nan,0
9,3.00,4.070,0.5000,-29.698,-176.165,1.00000,90.000,-nan,-nan,-nan,0
9,3.00,4.080,0.5000,-29.681,-175.953,1.00000,90.000,-nan,-nan,-nan,0
9,3.00,4.090,0.5000,-29.664,-175.742,1.00000,90.000,-nan,-nan,-nan,0
9,3.00,4.100,0.5000,-29.648,-175.532,1.00000,90.000,-nan,-nan,-nan,0
9,3.00,4.110,0.5000,-29.631,-175.323,1.00000,90.000,-nan,-nan,-nan,0
9,3.00,4.120,0.5000,-29.615,-175.115,1.00000,90.000,-nan,-nan,-nan,0
9,3.00,4.130,0.5000,-29.599,-174.909,1.00000,90.000,-nan,-nan,-nan,0
9,3.00,4.140,0.5000,-29.582,-174.703,1.00000,90.000,-nan,-nan,-nan,0
9,3.00,4.150,0.5000,-29.566,-174.498,1.00000,90.000,-nan,-nan,-nan,0
9,3.00,4.160,0.5000,-29.550,-174.294,1.00000,90.000,-nan,-nan,-nan,0
9,3.00,4.170,0.5000,-29.534,-174.092,1.00000,90.000,-nan,-nan,-nan,0
9,3.00,4.180,0.5000,-29.518,-173.890,1.00000,90.000,-nan,-nan,-nan,0
9,3.00,4.190,0.5000,-29.502,-173.689,1.00000,90.000,-nan,-nan,-nan,0
9,3.00,4.200,0.5000,-29.487,-173.490,1.00000,90.000,-nan,-nan,-nan,0
9,3.00,4.210,0.5000,-29.471,-173.291,1.00000,90.000,-nan,-nan,-nan,0
9,3.00,4.220,0.5000,-29.455,-173.093,1.00000,90.000,-nan,-nan,-nan,0
9,3.00,4.230,0.5000,-29.440,-172.896,1.00000,90.000,-nan,-nan,-nan,0
9,3.00,4.240,0.5000,-29.424,-172.701,1.00000,90.000,-nan,-nan,-nan,0
9,3.00,4.250,0.5000,-29.409,-172.506,1.00000,90.000,-nan,-nan,-nan,0
9,3.00,4.260,0.5000,-29.394,-172.312,1.00000,90.000,-nan,-nan,-nan,0
9,3.00,4.270,0.5000,-29.379,-172.119,1.00000,90.000,-nan,-nan,-nan,0
9,3.00,4.280,0.5000,-29.363,-171.927,1.00000,90.000,-nan,-nan,-nan,0
9,3.00,4.290,0.5000,-29.348,-171.737,1.00000,90.000,-nan,-nan,-nan,0
9,3.00,4.300,0.5000,-29.333,-171.547,1.00000,90.000,-nan,-nan,-nan,0
9,3.00,4.310,0.5000,-29.318,-171.358,1.00000,90.000,-nan,-nan,-nan,0
9,3.00,4.320,0.5000,-29.304,-171.170,1.00000,90.000,-nan,-nan,-nan,0
9,3.00,4.330,0.5000,-29.289,-170.982,1.00000,90.000,-nan,-nan,-nan,0
9,3.00,4.340,0.5000,-29.274,-170.796,1.00000,90.000,-nan,-nan,-nan,0
9,3.00,4.350,0.5000,-29.260,-170.611,1.00000,90.000,-nan,-nan,-nan,0
9,3.00,4.360,0.5000,-29.245,-170.427,1.00000,90.000,-nan,-nan,-nan,0
9,3.00,4.370,0.5000,-29.231,-170.243,1.00000,90.000,-nan,-nan,-nan,0
9,3.00,4.380,0.5000,-29.216,-170.061,1.00000,90.000,-nan,-nan,-nan,0
9,3.00,4.390,0.5000,-29.202,-169.879,1.00000,90.000,-nan,-nan,-nan,0
9,3.00,4.400,0.5000,-29.188,-169.698,1.00000,90.000,-nan,-nan,-nan,0
9,3.00,4.410,0.5000,-29.173,-169.519,1.00000,90.000,-nan,-nan,-nan,0
9,3.00,4.420,0.5000,-29.159,-169.340,1.00000,90.000,-nan,-nan,-nan,0
9,3.00,4.430,0.5000,-29.145,-169.162,1.00000,90.000,-nan,-nan,-nan,0
9,3.00,4.440,0.5000,-29.131,-168.985,1.00000,90.000,-nan,-nan,-nan,0
9,3.00,4.450,0.5000,-29.117,-168.808,1.00000,90.000,-nan,-nan,-nan,0
9,3.00,4.460,0.5000,-29.104,-168.633,1.00000,90.000,-nan,-nan,-nan,0
9,3.00,4.470,0.5000,-29.090,-168.459,1.00000,90.000,-nan,-nan,-nan,0
9,3.00,4.480,0.5000,-29.076,-168.285,1.00000,90.000,-nan,-nan,-nan,0
9,3.00,4.490,0.5000,-29.063,-168.112,1.00000,90.000,-nan,-nan,-nan,0
9,3.00,4.500,0.5000,-29.049,-167.940,1.00000,90.000,-nan,-nan,-nan,0
9,3.00,4.510,0.5000,-29.036,-167.769,1.00000,90.000,-nan,-nan,-nan,0
9,3.00,4.520,0.5000,-29.022,-167.599,1.00000,90.000,-nan,-nan,-nan,0
9,3.00,4.530,0.5000,-29.009,-167.430,1.00000,90.000,-nan,-nan,-nan,0
9,3.00,4.540,0.5000,-28.995,-167.261,1.00000,90.000,-nan,-nan,-nan,0
9,3.00,4.550,0.5000,-28.982,-167.094,1.00000,90.000,-nan,-nan,-nan,0
9,3.00,4.560,0.5000,-28.969,-166.927,1.00000,90.000,-nan,-nan,-nan,0
9,3.00,4.570,0.5000,-28.956,-166.761,1.00000,90.000,-nan,-nan,-nan,0
9,3.00,4.580,0.5000,-28.943,-166.596,1.00000,90.000,-nan,-nan,-nan,0
9,3.00,4.590,0.5000,-28.930,-166.432,1.00000,90.000,-nan,-nan,-nan,0
9,3.00,4.600,0.5000,-28.917,-166.268,1.00000,90.000,-nan,-nan,-nan,0
9,3.00,4.610,0.5000,-28.904,-166.105,1.00000,90.000,-nan,-nan,-nan,0
9,3.00,4.620,0.5000,-28.892,-165.944,1.00000,90.000,-nan,-nan,-nan,0
9,3.00,4.630,0.5000,-28.879,-165.783,1.00000,90.000,-nan,-nan,-nan,0
9,3.00,4.640,0.5000,-28.866,-165.622,1.00000,90.000,-nan,-nan,-nan,0
9,3.00,4.650,0.5000,-28.854,-165.463,1.00000,90.000,-nan,-nan,-nan,0
9,3.00,4.660,0.5000,-28.841,-165.304,1.00000,90.000,-nan,-nan,-nan,0
9,3.00,4.670,0.5000,-28.829,-165.146,1.00000,90.000,-nan,-nan,-nan,0
9,3.00,4.680,0.5000,-28.816,-164.989,1.00000,90.000,-nan,-nan,-nan,0
9,3.00,4.690,0.5000,-28.804,-164.833,1.00000,90.000,-nan,-nan,-nan,0
9,3.00,4.700,0.5000,-28.792,-164.677,1.00000,90.000,-nan,-nan,-nan,0
9,3.00,4.710,0.5000,-28.779,-164.523,1.00000,90.000,-nan,-nan,-nan,0
9,3.00,4.720,0.5000,-28.767,-164.369,1.00000,90.000,-nan,-nan,-nan,0
9,3.00,4.730,0.5000,-28.755,-164.216,1.00000,90.000,-nan,-nan,-nan,0
9,3.00,4.740,0.5000,-28.743,-164.063,1.00000,90.000,-nan,-nan,-nan,0
9,3.00,4.750,0.5000,-28.731,-163.911,1.00000,90.000,-nan,-nan,-nan,0
9,3.00,4.760,0.5000,-28.719,-163.760,1.00000,90.000,-nan,-nan,-nan,0
9,3.00,4.770,0.5000,-28.708,-163.610,1.00000,90.000,-nan,-nan,-nan,0
9,3.00,4.780,0.5000,-28.696,-163.461,1.00000,90.000,-nan,-nan,-nan,0
9,3.00,4.790,0.5000,-28.684,-163.312,1.00000,90.000,-nan,-nan,-nan,0
9,3.00,4.800,0.5000,-28.672,-163.164,1.00000,90.000,-nan,-nan,-nan,0
9,3.00,4.810,0.5000,-28.661,-163.017,1.00000,90.000,-nan,-nan,-nan,0
9,3.00,4.820,0.5000,-28.649,-162.871,1.00000,90.000,-nan,-nan,-nan,0
9,3.00,4.830,0.5000,-28.638,-162.725,1.00000,90.000,-nan,-nan,-nan,0
9,3.00,4.840,0.5000,-28.626,-162.580,1.00000,90.000,-nan,-nan,-nan,0
9,3.00,4.850,0.5000,-28.615,-162.436,1.00000,90.000,-nan,-nan,-nan,0
9,3.00,4.860,0.5000,-28.604,-162.292,1.00000,90.000,-nan,-nan,-nan,0
9,3.00,4.870,0.5000,-28.592,-162.149,1.00000,90.000,-nan,-nan,-nan,0
9,3.00,4.880,0.5000,-28.581,-162.007,1.00000,90.000,-nan,-nan,-nan,0
9,3.00,4.890,0.5000,-28.570,-161.866,1.00000,90.000,-nan,-nan,-nan,0
9,3.00,4.900,0.5000,-28.559,-161.725,1.00000,90.000,-nan,-nan,-nan,0
9,3.00,4.910,0.5000,-28.548,-161.585,1.00000,90.000,-nan,-nan,-nan,0
9,3.00,4.920,0.5000,-28.537,-161.446,1.00000,90.000,-nan,-nan,-nan,0
9,3.00,4.930,0.5000,-28.526,-161.307,1.00000,90.000,-nan,-nan,-nan,0
9,3.00,4.940,0.5000,-28.515,-161.169,1.00000,90.000,-nan,-nan,-nan,0
9,3.00,4.950,0.5000,-28.504,-161.032,1.00000,90.000,-nan,-nan,-nan,0
9,3.00,4.960,0.5000,-28.493,-160.895,1.00000,90.000,-nan,-nan,-nan,0
9,3.00,4.970,0.5000,-28.483,-160.759,1.00000,90.000,-nan,-nan,-nan,0
9,3.00,4.980,0.5000,-28.472,-160.624,1.00000,90.000,-nan,-nan,-nan,0
9,3.00,4.990,0.5000,-28.461,-160.490,1.00000,90.000,-nan,-nan,-nan,0
9,3.00,5.000,0.5000,-28.451,-160.356,1.00000,90.000,-nan,-nan,-nan,0
9,3.00,5.010,0.5000,-28.440,-160.223,1.00000,90.000,-nan,-nan,-nan,0
9,3.00,5.020,0.5000,-28.430,-160.090,1.00000,90.000,-nan,-nan,-nan,0
9,3.00,5.030,0.5000,-28.420,-159.958,1.00000,90.000,-nan,-nan,-nan,0
9,3.00,5.040,0.5000,-28.409,-159.827,1.00000,90.000,-nan,-nan,-nan,0
9,3.00,5.050,0.5000,-28.399,-159.696,1.00000,90.000,-nan,-nan,-nan,0
9,3.00,5.060,0.5000,-28.389,-159.567,1.00000,90.000,-nan,-nan,-nan,0
9,3.00,5.070,0.5000,-28.378,-159.437,1.00000,90.000,-nan,-nan,-nan,0
9,3.00,5.080,0.5000,-28.368,-159.309,1.00000,90.000,-nan,-nan,-nan,0
9,3.00,5.090,0.5000,-28.358,-159.181,1.00000,90.000,-nan,-nan,-nan,0
9,3.00,5.100,0.5000,-28.348,-159.053,1.00000,90.000,-nan,-nan,-nan,0
9,3.00,5.110,0.5000,-28.338,-158.927,1.00000,90.000,-nan,-nan,-nan,0
9,3.00,5.120,0.5000,-28.328,-158.801,1.00000,90.000,-nan,-nan,-nan,0
9,3.00,5.130,0.5000,-28.318,-158.675,1.00000,90.000,-nan,-nan,-nan,0
9,3.00,5.140,0.5000,-28.309,-158.550,1.00000,90.000,-nan,-nan,-nan,0
9,3.00,5.150,0.5000,-28.299,-158.426,1.00000,90.000,-nan,-nan,-nan,0
9,3.00,5.160,0.5000,-28.289,-158.303,1.00000,90.000,-nan,-nan,-nan,0
9,3.00,5.170,0.5000,-28.279,-158.180,1.00000,90.000,-nan,-nan,-nan,0
9,3.00,5.180,0.5000,-28.270,-158.057,1.00000,90.000,-nan,-nan,-nan,0
9,3.00,5.190,0.5000,-28.260,-157.936,1.00000,90.000,-nan,-nan,-nan,0
9,3.00,5.200,0.5000,-28.250,-157.815,1.00000,90.000,-nan,-nan,-nan,0
9,3.00,5.210,0.5000,-28.241,-157.694,1.00000,90.000,-nan,-nan,-nan,0
9,3.00,5.220,0.5000,-28.232,-157.574,1.00000,90.000,-nan,-nan,-nan,0
9,3.00,5.230,0.5000,-28.222,-157.455,1.00000,90.000,-nan,-nan,-nan,0
9,3.00,5.240,0.5000,-28.213,-157.336,1.00000,90.000,-nan,-nan,-nan,0
9,3.00,5.250,0.5000,-28.203,-157.218,1.00000,90.000,-nan,-nan,-nan,0
9,3.00,5.260,0.5000,-28.194,-157.100,1.00000,90.000,-nan,-nan,-nan,0
9,3.00,5.270,0.5000,-28.185,-156.983,1.00000,90.000,-nan,-nan,-nan,0
9,3.00,5.280,0.5000,-28.176,-156.867,1.00000,90.000,-nan,-nan,-nan,0
9,3.00,5.290,0.5000,-28.167,-156.751,1.00000,90.000,-nan,-nan,-nan,0
9,3.00,5.300,0.5000,-28.158,-156.636,1.00000,90.000,-nan,-nan,-nan,0
9,3.00,5.310,0.5000,-28.149,-156.521,1.00000,90.000,-nan,-nan,-nan,0
9,3.00,5.320,0.5000,-28.140,-156.407,1.00000,90.000,-nan,-nan,-nan,0
9,3.00,5.330,0.5000,-28.131,-156.294,1.00000,90.000,-nan,-nan,-nan,0
9,3.00,5.340,0.5000,-28.122,-156.181,1.00000,90.000,-nan,-nan,-nan,0
9,3.00,5.350,0.5000,-28.113,-156.069,1.00000,90.000,-nan,-nan,-nan,0
9,3.00,5.360,0.5000,-28.104,-155.957,1.00000,90.000,-nan,-nan,-nan,0
9,3.00,5.370,0.5000,-28.095,-155.846,1.00000,90.000,-nan,-nan,-nan,0
9,3.00,5.380,0.5000,-28.086,-155.735,1.00000,90.000,-nan,-nan,-nan,0
9,3.00,5.390,0.5000,-28.078,-155.625,1.00000,90.000,-nan,-nan,-nan,0
9,3.00,5.400,0.5000,-28.069,-155.515,1.00000,90.000,-nan,-nan,-nan,0
9,3.00,5.410,0.5000,-28.061,-155.406,1.00000,90.000,-nan,-nan,-nan,0
9,3.00,5.420,0.5000,-28.052,-155.298,1.00000,90.000,-nan,-nan,-nan,0
9,3.00,5.430,0.5000,-28.043,-155.190,1.00000,90.000,-nan,-nan,-nan,0
9,3.00,5.440,0.5000,-28.035,-155.082,1.00000,90.000,-nan,-nan,-nan,0
9,3.00,5.450,0.5000,-28.027,-154.975,1.00000,90.000,-nan,-nan,-nan,0
9,3.00,5.460,0.5000,-28.018,-154.869,1.00000,90.000,-nan,-nan,-nan,0
9,3.00,5.470,0.5000,-28.010,-154.763,1.00000,90.000,-nan,-nan,-nan,0
9,3.00,5.480,0.5000,-28.002,-154.658,1.00000,90.000,-nan,-nan,-nan,0
9,3.00,5.490,0.5000,-27.993,-154.553,1.00000,90.000,-nan,-nan,-nan,0
9,3.00,5.500,0.5000,-27.985,-154.449,1.00000,90.000,-nan,-nan,-nan,0
9,3.00,5.510,0.5000,-27.977,-154.345,1.00000,90.000,-nan,-nan,-nan,0
9,3.00,5.520,0.5000,-27.969,-154.242,1.00000,90.000,-nan,-nan,-nan,0
9,3.00,5.530,0.5000,-27.961,-154.139,1.00000,90.000,-nan,-nan,-nan,0
9,3.00,5.540,0.5000,-27.953,-154.037,1.00000,90.000,-nan,-nan,-nan,0
9,3.00,5.550,0.5000,-27.945,-153.935,1.00000,90.000,-nan,-nan,-nan,0
9,3.00,5.560,0.5000,-27.937,-153.834,1.00000,90.000,-nan,-nan,-nan,0
9,3.00,5.570,0.5000,-27.929,-153.734,1.00000,90.000,-nan,-nan,-nan,0
9,3.00,5.580,0.5000,-27.921,-153.633,1.00000,90.000,-nan,-nan,-nan,0
9,3.00,5.590,0.5000,-27.913,-153.534,1.00000,90.000,-nan,-nan,-nan,0
9,3.00,5.600,0.5000,-27.905,-153.435,1.00000,90.000,-nan,-nan,-nan,0
9,3.00,5.610,0.5000,-27.897,-153.336,1.00000,90.000,-nan,-nan,-nan,0
9,3.00,5.620,0.5000,-27.890,-153.238,1.00000,90.000,-nan,-nan,-nan,0
9,3.00,5.630,0.5000,-27.882,-153.140,1.00000,90.000,-nan,-nan,-nan,0
9,3.00,5.640,0.5000,-27.874,-153.043,1.00000,90.000,-nan,-nan,-nan,0
9,3.00,5.650,0.5000,-27.867,-152.946,1.00000,90.000,-nan,-nan,-nan,0
9,3.00,5.660,0.5000,-27.859,-152.850,1.00000,90.000,-nan,-nan,-nan,0
9,3.00,5.670,0.5000,-27.851,-152.754,1.00000,90.000,-nan,-nan,-nan,0
9,3.00,5.680,0.5000,-27.844,-152.659,1.00000,90.000,-nan,-nan,-nan,0
9,3.00,5.690,0.5000,-27.836,-152.564,1.00000,90.000,-nan,-nan,-nan,0
9,3.00,5.700,0.5000,-27.829,-152.470,1.00000,90.000,-nan,-nan,-nan,0
9,3.00,5.710,0.5000,-27.822,-152.376,1.00000,90.000,-nan,-nan,-nan,0
9,3.00,5.720,0.5000,-27.814,-152.282,1.00000,90.000,-nan,-nan,-nan,0
9,3.00,5.730,0.5000,-27.807,-152.190,1.00000,90.000,-nan,-nan,-nan,0
9,3.00,5.740,0.5000,-27.800,-152.097,1.00000,90.000,-nan,-nan,-nan,0
9,3.00,5.750,0.5000,-27.792,-152.005,1.00000,90.000,-nan,-nan,-nan,0
9,3.00,5.760,0.5000,-27.785,-151.914,1.00000,90.000,-nan,-nan,-nan,0
9,3.00,5.770,0.5000,-27.778,-151.822,1.00000,90.000,-nan,-nan,-nan,0
9,3.00,5.780,0.5000,-27.771,-151.732,1.00000,90.000,-nan,-nan,-nan,0
9,3.00,5.790,0.5000,-27.764,-151.642,1.00000,90.000,-nan,-nan,-nan,0
9,3.00,5.800,0.5000,-27.757,-151.552,1.00000,90.000,-nan,-nan,-nan,0
9,3.00,5.810,0.5000,-27.750,-151.463,1.00000,90.000,-nan,-nan,-nan,0
9,3.00,5.820,0.5000,-27.743,-151.374,1.00000,90.000,-nan,-nan,-nan,0
9,3.00,5.830,0.5000,-27.736,-151.285,1.00000,90.000,-nan,-nan,-nan,0
9,3.00,5.840,0.5000,-27.729,-151.198,1.00000,90.000,-nan,-nan,-nan,0
9,3.00,5.850,0.5000,-27.722,-151.110,1.00000,90.000,-nan,-nan,-nan,0
9,3.00,5.860,0.5000,-27.715,-151.023,1.00000,90.000,-nan,-nan,-nan,0
9,3.00,5.870,0.5000,-27.708,-150.936,1.00000,90.000,-nan,-nan,-nan,0
9,3.00,5.880,0.5000,-27.701,-150.850,1.00000,90.000,-nan,-nan,-nan,0
9,3.00,5.890,0.5000,-27.695,-150.764,1.00000,90.000,-nan,-nan,-nan,0
9,3.00,5.900,0.5000,-27.688,-150.679,1.00000,90.000,-nan,-nan,-nan,0
9,3.00,5.910,0.5000,-27.681,-150.594,1.00000,90.000,-nan,-nan,-nan,0
9,3.00,5.920,0.5000,-27.674,-150.510,1.00000,90.000,-nan,-nan,-nan,0
9,3.00,5.930,0.5000,-27.668,-150.425,1.00000,90.000,-nan,-nan,-nan,0
9,3.00,5.940,0.5000,-27.661,-150.342,1.00000,90.000,-nan,-nan,-nan,0
9,3.00,5.950,0.5000,-27.655,-150.259,1.00000,90.000,-nan,-nan,-nan,0
9,3.00,5.960,0.5000,-27.648,-150.176,1.00000,90.000,-nan,-nan,-nan,0
9,3.00,5.970,0.5000,-27.642,-150.093,1.00000,90.000,-nan,-nan,-nan,0
9,3.00,5.980,0.5000,-27.635,-150.011,1.00000,90.000,-nan,-nan,-nan,0
9,3.00,5.990,0.5000,-27.629,-149.930,1.00000,90.000,-nan,-nan,-nan,0
9,3.00,6.000,0.5000,-27.622,-149.849,1.00000,90.000,-nan,-nan,-nan,0
9,3.00,6.010,0.5000,-27.616,-149.768,1.00000,90.000,-nan,-nan,-nan,0
9,3.00,6.020,0.5000,-27.610,-149.687,1.00000,90.000,-nan,-nan,-nan,0
9,3.00,6.030,0.5000,-27.603,-149.607,1.00000,90.000,-nan,-nan,-nan,0
9,3.00,6.040,0.5000,-27.597,-149.528,1.00000,90.000,-nan,-nan,-nan,0
9,3.00,6.050,0.5000,-27.591,-149.449,1.00000,90.000,-nan,-nan,-nan,0
9,3.00,6.060,0.5000,-27.585,-149.370,1.00000,90.000,-nan,-nan,-nan,0
9,3.00,6.070,0.5000,-27.578,-149.291,1.00000,90.000,-nan,-nan,-nan,0
9,3.00,6.080,0.5000,-27.572,-149.213,1.00000,90.000,-nan,-nan,-nan,0
9,3.00,6.090,0.5000,-27.566,-149.136,1.00000,90.000,-nan,-nan,-nan,0
9,3.00,6.100,0.5000,-27.560,-149.059,1.00000,90.000,-nan,-nan,-nan,0
9,3.00,6.110,0.5000,-27.554,-148.982,1.00000,90.000,-nan,-nan,-nan,0
9,3.00,6.120,0.5000,-27.548,-148.905,1.00000,90.000,-nan,-nan,-nan,0
9,3.00,6.130,0.5000,-27.542,-148.829,1.00000,90.000,-nan,-nan,-nan,0
9,3.00,6.140,0.5000,-27.536,-148.754,1.00000,90.000,-nan,-nan,-nan,0
9,3.00,6.150,0.5000,-27.530,-148.678,1.00000,90.000,-nan,-nan,-nan,0
9,3.00,6.160,0.5000,-27.524,-148.603,1.00000,90.000,-nan,-nan,-nan,0
9,3.00,6.170,0.5000,-27.518,-148.529,1.00000,90.000,-nan,-nan,-nan,0
9,3.00,6.180,0.5000,-27.512,-148.454,1.00000,90.000,-nan,-nan,-nan,0
9,3.00,6.190,0.5000,-27.507,-148.381,1.00000,90.000,-nan,-nan,-nan,0
9,3.00,6.200,0.5000,-27.501,-148.307,1.00000,90.000,-nan,-nan,-nan,0
9,3.00,6.210,0.5000,-27.495,-148.234,1.00000,90.000,-nan,-nan,-nan,0
9,3.00,6.220,0.5000,-27.489,-148.161,1.00000,90.000,-nan,-nan,-nan,0
9,3.00,6.230,0.5000,-27.484,-148.089,1.00000,90.000,-nan,-nan,-nan,0
9,3.00,6.240,0.5000,-27.478,-148.017,1.00000,90.000,-nan,-nan,-nan,0
9,3.00,6.250,0.5000,-27.472,-147.945,1.00000,90.000,-nan,-nan,-nan,0
9,3.00,6.260,0.5000,-27.467,-147.874,1.00000,90.000,-nan,-nan,-nan,0
9,3.00,6.270,0.5000,-27.461,-147.803,1.00000,90.000,-nan,-nan,-nan,0
9,3.00,6.280,0.5000,-27.455,-147.733,1.00000,90.000,-nan,-nan,-nan,0
9,3.00,6.290,0.5000,-27.450,-147.662,1.00000,90.000,-nan,-nan,-nan,0
9,3.00,6.300,0.5000,-27.444,-147.592,1.00000,90.000,-nan,-nan,-nan,0
9,3.00,6.310,0.5000,-27.439,-147.523,1.00000,90.000,-nan,-nan,-nan,0
9,3.00,6.320,0.5000,-27.433,-147.454,1.00000,90.000,-nan,-nan,-nan,0
9,3.00,6.330,0.5000,-27.428,-147.385,1.00000,90.000,-nan,-nan,-nan,0
9,3.00,6.340,0.5000,-27.423,-147.316,1.00000,90.000,-nan,-nan,-nan,0
9,3.00,6.350,0.5000,-27.417,-147.248,1.00000,90.000,-nan,-nan,-nan,0
9,3.00,6.360,0.5000,-27.412,-147.180,1.00000,90.000,-nan,-nan,-nan,0
9,3.00,6.370,0.5000,-27.407,-147.113,1.00000,90.000,-nan,-nan,-nan,0
9,3.00,6.380,0.5000,-27.401,-147.046,1.00000,90.000,-nan,-nan,-nan,0
9,3.00,6.390,0.5000,-27.396,-146.979,1.00000,90.000,-nan,-nan,-nan,0
9,3.00,6.400,0.5000,-27.391,-146.913,1.00000,90.000,-nan,-nan,-nan,0
9,3.00,6.410,0.5000,-27.386,-146.846,1.00000,90.000,-nan,-nan,-nan,0
9,3.00,6.420,0.5000,-27.380,-146.781,1.00000,90.000,-nan,-nan,-nan,0
9,3.00,6.430,0.5000,-27.375,-146.715,1.00000,90.000,-nan,-nan,-nan,0
9,3.00,6.440,0.5000,-27.370,-146.650,1.00000,90.000,-nan,-nan,-nan,0
9,3.00,6.450,0.5000,-27.365,-146.585,1.00000,90.000,-nan,-nan,-nan,0
9,3.00,6.460,0.5000,-27.360,-146.521,1.00000,90.000,-nan,-nan,-nan,0
9,3.00,6.470,0.5000,-27.355,-146.456,1.00000,90.000,-nan,-nan,-nan,0
9,3.00,6.480,0.5000,-27.350,-146.393,1.00000,90.000,-nan,-nan,-nan,0
9,3.00,6.490,0.5000,-27.345,-146.329,1.00000,90.000,-nan,-nan,-nan,0
9,3.00,6.500,0.5000,-27.340,-146.266,1.00000,90.000,-nan,-nan,-nan,0
9,3.00,6.510,0.5000,-27.335,-146.203,1.00000,90.000,-nan,-nan,-nan,0
9,3.00,6.520,0.5000,-27.330,-146.140,1.00000,90.000,-nan,-nan,-nan,0
9,3.00,6.530,0.5000,-27.325,-146.078,1.00000,90.000,-nan,-nan,-nan,0
9,3.00,6.540,0.5000,-27.320,-146.016,1.00000,90.000,-nan,-nan,-nan,0
9,3.00,6.550,0.5000,-27.315,-145.954,1.00000,90.000,-nan,-nan,-nan,0
9,3.00,6.560,0.5000,-27.310,-145.893,1.00000,90.000,-nan,-nan,-nan,0
9,3.00,6.570,0.5000,-27.306,-145.832,1.00000,90.000,-nan,-nan,-nan,0
9,3.00,6.580,0.5000,-27.301,-145.771,1.00000,90.000,-nan,-nan,-nan,0
9,3.00,6.590,0.5000,-27.296,-145.711,1.00000,90.000,-nan,-nan,-nan,0
9,3.00,6.600,0.5000,-27.291,-145.651,1.00000,90.000,-nan,-nan,-nan,0
9,3.00,6.610,0.5000,-27.287,-145.591,1.00000,90.000,-nan,-nan,-nan,0
9,3.00,6.620,0.5000,-27.282,-145.531,1.00000,90.000,-nan,-nan,-nan,0
9,3.00,6.630,0.5000,-27.277,-145.472,1.00000,90.000,-nan,-nan,-nan,0
9,3.00,6.640,0.5000,-27.273,-145.413,1.00000,90.000,-nan,-nan,-nan,0
9,3.00,6.650,0.5000,-27.268,-145.354,1.00000,90.000,-nan,-nan,-nan,0
9,3.00,6.660,0.5000,-27.263,-145.296,1.00000,90.000,-nan,-nan,-nan,0
9,3.00,6.670,0.5000,-27.259,-145.238,1.00000,90.000,-nan,-nan,-nan,0
9,3.00,6.680,0.5000,-27.254,-145.180,1.00000,90.000,-nan,-nan,-nan,0
9,3.00,6.690,0.5000,-27.250,-145.123,1.00000,90.000,-nan,-nan,-nan,0
9,3.00,6.700,0.5000,-27.245,-145.065,1.00000,90.000,-nan,-nan,-nan,0
9,3.00,6.710,0.5000,-27.241,-145.008,1.00000,90.000,-nan,-nan,-nan,0
9,3.00,6.720,0.5000,-27.236,-144.952,1.00000,90.000,-nan,-nan,-nan,0
9,3.00,6.730,0.5000,-27.232,-144.895,1.00000,90.000,-nan,-nan,-nan,0
9,3.00,6.740,0.5000,-27.227,-144.839,1.00000,90.000,-nan,-nan,-nan,0
9,3.00,6.750,0.5000,-27.223,-144.784,1.00000,90.000,-nan,-nan,-nan,0
9,3.00,6.760,0.5000,-27.218,-144.728,1.00000,90.000,-nan,-nan,-nan,0
9,3.00,6.770,0.5000,-27.214,-144.673,1.00000,90.000,-nan,-nan,-nan,0
9,3.00,6.780,0.5000,-27.210,-144.618,1.00000,90.000,-nan,-nan,-nan,0
9,3.00,6.790,0.5000,-27.205,-144.563,1.00000,90.000,-nan,-nan,-nan,0
9,3.00,6.800,0.5000,-27.201,-144.509,1.00000,90.000,-nan,-nan,-nan,0
9,3.00,6.810,0.5000,-27.197,-144.455,1.00000,90.000,-nan,-nan,-nan,0
9,3.00,6.820,0.5000,-27.193,-144.401,1.00000,90.000,-nan,-nan,-nan,0
9,3.00,6.830,0.5000,-27.188,-144.347,1.00000,90.000,-nan,-nan,-nan,0
9,3.00,6.840,0.5000,-27.184,-144.294,1.00000,90.000,-nan,-nan,-nan,0
9,3.00,6.850,0.5000,-27.180,-144.241,1.00000,90.000,-nan,-nan,-nan,0
9,3.00,6.860,0.5000,-27.176,-144.188,1.00000,90.000,-nan,-nan,-nan,0
9,3.00,6.870,0.5000,-27.172,-144.135,1.00000,90.000,-nan,-nan,-nan,0
9,3.00,6.880,0.5000,-27.168,-144.083,1.00000,90.000,-nan,-nan,-nan,0
9,3.00,6.890,0.5000,-27.164,-144.031,1.00000,90.000,-nan,-nan,-nan,0
9,3.00,6.900,0.5000,-27.159,-143.979,1.00000,90.000,-nan,-nan,-nan,0
9,3.00,6.910,0.5000,-27.155,-143.928,1.00000,90.000,-nan,-nan,-nan,0
9,3.00,6.920,0.5000,-27.151,-143.876,1.00000,90.000,-nan,-nan,-nan,0
9,3.00,6.930,0.5000,-27.147,-143.825,1.00000,90.000,-nan,-nan,-nan,0
9,3.00,6.940,0.5000,-27.143,-143.775,1.00000,90.000,-nan,-nan,-nan,0
9,3.00,6.950,0.5000,-27.139,-143.724,1.00000,90.000,-nan,-nan,-nan,0
9,3.00,6.960,0.5000,-27.135,-143.674,1.00000,90.000,-nan,-nan,-nan,0
9,3.00,6.970,0.5000,-27.131,-143.624,1.00000,90.000,-nan,-nan,-nan,0
9,3.00,6.980,0.5000,-27.127,-143.574,1.00000,90.000,-nan,-nan,-nan,0
9,3.00,6.990,0.5000,-27.124,-143.525,1.00000,90.000,-nan,-nan,-nan,0
9,3.00,7.000,0.5000,-27.120,-143.476,1.00000,90.000,-nan,-nan,-nan,0
9,3.00,7.010,0.5000,-27.116,-143.427,1.00000,90.000,-nan,-nan,-nan,0
9,3.00,7.020,0.5000,-27.112,-143.378,1.00000,90.000,-nan,-nan,-nan,0
9,3.00,7.030,0.5000,-27.108,-143.329,1.00000,90.000,-nan,-nan,-nan,0
9,3.00,7.040,0.5000,-27.104,-143.281,1.00000,90.000,-nan,-nan,-nan,0
9,3.00,7.050,0.5000,-27.101,-143.233,1.00000,90.000,-nan,-nan,-nan,0
9,3.00,7.060,0.5000,-27.097,-143.185,1.00000,90.000,-nan,-nan,-nan,0
9,3.00,7.070,0.5000,-27.093,-143.138,1.00000,90.000,-nan,-nan,-nan,0
9,3.00,7.080,0.5000,-27.089,-143.090,1.00000,90.000,-nan,-nan,-nan,0
9,3.00,7.090,0.5000,-27.086,-143.043,1.00000,90.000,-nan,-nan,-nan,0
9,3.00,7.100,0.5000,-27.082,-142.996,1.00000,90.000,-nan,-nan,-nan,0
9,3.00,7.110,0.5000,-27.078,-142.950,1.00000,90.000,-nan,-nan,-nan,0
9,3.00,7.120,0.5000,-27.075,-142.903,1.00000,90.000,-nan,-nan,-nan,0
9,3.00,7.130,0.5000,-27.071,-142.857,1.00000,90.000,-nan,-nan,-nan,0
9,3.00,7.140,0.5000,-27.067,-142.811,1.00000,90.000,-nan,-nan,-nan,0
9,3.00,7.150,0.5000,-27.064,-142.766,1.00000,90.000,-nan,-nan,-nan,0
9,3.00,7.160,0.5000,-27.060,-142.720,1.00000,90.000,-nan,-nan,-nan,0
9,3.00,7.170,0.5000,-27.057,-142.675,1.00000,90.000,-nan,-nan,-nan,0
9,3.00,7.180,0.5000,-27.053,-142.630,1.00000,90.000,-nan,-nan,-nan,0
9,3.00,7.190,0.5000,-27.050,-142.585,1.00000,90.000,-nan,-nan,-nan,0
9,3.00,7.200,0.5000,-27.046,-142.541,1.00000,90.000,-nan,-nan,-nan,0
9,3.00,7.210,0.5000,-27.042,-142.496,1.00000,90.000,-nan,-nan,-nan,0
9,3.00,7.220,0.5000,-27.039,-142.452,1.00000,90.000,-nan,-nan,-nan,0
9,3.00,7.230,0.5000,-27.036,-142.408,1.00000,90.000,-nan,-nan,-nan,0
9,3.00,7.240,0.5000,-27.032,-142.365,1.00000,90.000,-nan,-nan,-nan,0
9,3.00,7.250,0.5000,-27.029,-142.321,1.00000,90.000,-nan,-nan,-nan,0
9,3.00,7.260,0.5000,-27.025,-142.278,1.00000,90.000,-nan,-nan,-nan,0
9,3.00,7.270,0.5000,-27.022,-142.235,1.00000,90.000,-nan,-nan,-nan,0
9,3.00,7.280,0.5000,-27.019,-142.192,1.00000,90.000,-nan,-nan,-nan,0
9,3.00,7.290,0.5000,-27.015,-142.150,1.00000,90.000,-nan,-nan,-nan,0
9,3.00,7.300,0.5000,-27.012,-142.107,1.00000,90.000,-nan,-nan,-nan,0
9,3.00,7.310,0.5000,-27.008,-142.065,1.00000,90.000,-nan,-nan,-nan,0
9,3.00,7.320,0.5000,-27.005,-142.023,1.00000,90.000,-nan,-nan,-nan,0
9,3.00,7.330,0.5000,-27.002,-141.981,1.00000,90.000,-nan,-nan,-nan,0
9,3.00,7.340,0.5000,-26.999,-141.940,1.00000,90.000,-nan,-nan,-nan,0
9,3.00,7.350,0.5000,-26.995,-141.898,1.00000,90.000,-nan,-nan,-nan,0
9,3.00,7.360,0.5000,-26.992,-141.857,1.00000,90.000,-nan,-nan,-nan,0
9,3.00,7.370,0.5000,-26.989,-141.816,1.00000,90.000,-nan,-nan,-nan,0
9,3.00,7.380,0.5000,-26.986,-141.776,1.00000,90.000,-nan,-nan,-nan,0
9,3.00,7.390,0.5000,-26.982,-141.735,1.00000,90.000,-nan,-nan,-nan,0
9,3.00,7.400,0.5000,-26.979,-141.695,1.00000,90.000,-nan,-nan,-nan,0
9,3.00,7.410,0.5000,-26.976,-141.655,1.00000,90.000,-nan,-nan,-nan,0
9,3.00,7.420,0.5000,-26.973,-141.615,1.00000,90.000,-nan,-nan,-nan,0
9,3.00,7.430,0.5000,-26.970,-141.575,1.00000,90.000,-nan,-nan,-nan,0
9,3.00,7.440,0.5000,-26.967,-141.536,1.00000,90.000,-nan,-nan,-nan,0
9,3.00,7.450,0.5000,-26.964,-141.496,1.00000,90.000,-nan,-nan,-nan,0
9,3.00,7.460,0.5000,-26.961,-141.457,1.00000,90.000,-nan,-nan,-nan,0
9,3.00,7.470,0.5000,-26.957,-141.418,1.00000,90.000,-nan,-nan,-nan,0
9,3.00,7.480,0.5000,-26.954,-141.379,1.00000,90.000,-nan,-nan,-nan,0
9,3.00,7.490,0.5000,-26.951,-141.341,1.00000,90.000,-nan,-nan,-nan,0
9,3.00,7.500,0.5000,-26.948,-141.302,1.00000,90.000,-nan,-nan,-nan,0
9,3.00,7.510,0.5000,-26.945,-141.264,1.00000,90.000,-nan,-nan,-nan,0
9,3.00,7.520,0.5000,-26.942,-141.226,1.00000,90.000,-nan,-nan,-nan,0
9,3.00,7.530,0.5000,-26.939,-141.189,1.00000,90.000,-nan,-nan,-nan,0
9,3.00,7.540,0.5000,-26.936,-141.151,1.00000,90.000,-nan,-nan,-nan,0
9,3.00,7.550,0.5000,-26.933,-141.114,1.00000,90.000,-nan,-nan,-nan,0
9,3.00,7.560,0.5000,-26.931,-141.076,1.00000,90.000,-nan,-nan,-nan,0
9,3.00,7.570,0.5000,-26.928,-141.039,1.00000,90.000,-nan,-nan,-nan,0
9,3.00,7.580,0.5000,-26.925,-141.003,1.00000,90.000,-nan,-nan,-nan,0
9,3.00,7.590,0.5000,-26.922,-140.966,1.00000,90.000,-nan,-nan,-nan,0
9,3.00,7.600,0.5000,-26.919,-140.929,1.00000,90.000,-nan,-nan,-nan,0
9,3.00,7.610,0.5000,-26.916,-140.893,1.00000,90.000,-nan,-nan,-nan,0
9,3.00,7.620,0.5000,-26.913,-140.857,1.00000,90.000,-nan,-nan,-nan,0
9,3.00,7.630,0.5000,-26.910,-140.821,1.00000,90.000,-nan,-nan,-nan,0
9,3.00,7.640,0.5000,-26.908,-140.785,1.00000,90.000,-nan,-nan,-nan,0
9,3.00,7.650,0.5000,-26.905,-140.750,1.00000,90.000,-nan,-nan,-nan,0
9,3.00,7.660,0.5000,-26.902,-140.714,1.00000,90.000,-nan,-nan,-nan,0
9,3.00,7.670,0.5000,-26.899,-140.679,1.00000,90.000,-nan,-nan,-nan,0
9,3.00,7.680,0.5000,-26.896,-140.644,1.00000,90.000,-nan,-nan,-nan,0
9,3.00,7.690,0.5000,-26.894,-140.609,1.00000,90.000,-nan,-nan,-nan,0
9,3.00,7.700,0.5000,-26.891,-140.574,1.00000,90.000,-nan,-nan,-nan,0
9,3.00,7.710,0.5000,-26.888,-140.540,1.00000,90.000,-nan,-nan,-nan,0
9,3.00,7.720,0.5000,-26.885,-140.506,1.00000,90.000,-nan,-nan,-nan,0
9,3.00,7.730,0.5000,-26.883,-140.471,1.00000,90.000,-nan,-nan,-nan,0
9,3.00,7.740,0.5000,-26.880,-140.437,1.00000,90.000,-nan,-nan,-nan,0
9,3.00,7.750,0.5000,-26.877,-140.403,1.00000,90.000,-nan,-nan,-nan,0
9,3.00,7.760,0.5000,-26.875,-140.370,1.00000,90.000,-nan,-nan,-nan,0
9,3.00,7.770,0.5000,-26.872,-140.336,1.00000,90.000,-nan,-nan,-nan,0
9,3.00,7.780,0.5000,-26.870,-140.303,1.00000,90.000,-nan,-nan,-nan,0
9,3.00,7.790,0.5000,-26.867,-140.270,1.00000,90.000,-nan,-nan,-nan,0
9,3.00,7.800,0.5000,-26.864,-140.237,1.00000,90.000,-nan,-nan,-nan,0
9,3.00,7.810,0.5000,-26.862,-140.204,1.00000,90.000,-nan,-nan,-nan,0
9,3.00,7.820,0.5000,-26.859,-140.171,1.00000,90.000,-nan,-nan,-nan,0
9,3.00,7.830,0.5000,-26.857,-140.139,1.00000,90.000,-nan,-nan,-nan,0
9,3.00,7.840,0.5000,-26.854,-140.106,1.00000,90.000,-nan,-nan,-nan,0
9,3.00,7.850,0.5000,-26.851,-140.074,1.00000,90.000,-nan,-nan,-nan,0
9,3.00,7.860,0.5000,-26.849,-140.042,1.00000,90.000,-nan,-nan,-nan,0
9,3.00,7.870,0.5000,-26.846,-140.010,1.00000,90.000,-nan,-nan,-nan,0
9,3.00,7.880,0.5000,-26.844,-139.979,1.00000,90.000,-nan,-nan,-nan,0
9,3.00,7.890,0.5000,-26.841,-139.947,1.00000,90.000,-nan,-nan,-nan,0
9,3.00,7.900,0.5000,-26.839,-139.916,1.00000,90.000,-nan,-nan,-nan,0
9,3.00,7.910,0.5000,-26.837,-139.884,1.00000,90.000,-nan,-nan,-nan,0
9,3.00,7.920,0.5000,-26.834,-139.853,1.00000,90.000,-nan,-nan,-nan,0
9,3.00,7.930,0.5000,-26.832,-139.822,1.00000,90.000,-nan,-nan,-nan,0
9,3.00,7.940,0.5000,-26.829,-139.792,1.00000,90.000,-nan,-nan,-nan,0
9,3.00,7.950,0.5000,-26.827,-139.761,1.00000,90.000,-nan,-nan,-nan,0
9,3.00,7.960,0.5000,-26.824,-139.731,1.00000,90.000,-nan,-nan,-nan,0
9,3.00,7.970,0.5000,-26.822,-139.700,1.00000,90.000,-nan,-nan,-nan,0
9,3.00,7.980,0.5000,-26.820,-139.670,1.00000,90.000,-nan,-nan,-nan,0
9,3.00,7.990,0.5000,-26.817,-139.640,1.00000,90.000,-nan,-nan,-nan,0
9,3.00,8.000,0.5000,-26.815,-139.610,1.00000,90.000,-nan,-nan,-nan,0
9,3.00,8.010,0.5000,-26.813,-139.580,1.00000,90.000,-nan,-nan,-nan,0
9,3.00,8.020,0.5000,-26.810,-139.551,1.00000,90.000,-nan,-nan,-nan,0
9,3.00,8.030,0.5000,-26.808,-139.521,1.00000,90.000,-nan,-nan,-nan,0
9,3.00,8.040,0.5000,-26.806,-139.492,1.00000,90.000,-nan,-nan,-nan,0
9,3.00,8.050,0.5000,-26.803,-139.463,1.00000,90.000,-nan,-nan,-nan,0
9,3.00,8.060,0.5000,-26.801,-139.434,1.00000,90.000,-nan,-nan,-nan,0
9,3.00,8.070,0.5000,-26.799,-139.405,1.00000,90.000,-nan,-nan,-nan,0
9,3.00,8.080,0.5000,-26.796,-139.376,1.00000,90.000,-nan,-nan,-nan,0
9,3.00,8.090,0.5000,-26.794,-139.348,1.00000,90.000,-nan,-nan,-nan,0
9,3.00,8.100,0.5000,-26.792,-139.320,1.00000,90.000,-nan,-nan,-nan,0
9,3.00,8.110,0.5000,-26.790,-139.291,1.00000,90.000,-nan,-nan,-nan,0
9,3.00,8.120,0.5000,-26.788,-139.263,1.00000,90.000,-nan,-nan,-nan,0
9,3.00,8.130,0.5000,-26.785,-139.235,1.00000,90.000,-nan,-nan,-nan,0
9,3.00,8.140,0.5000,-26.783,-139.207,1.00000,90.000,-nan,-nan,-nan,0
9,3.00,8.150,0.5000,-26.781,-139.180,1.00000,90.000,-nan,-nan,-nan,0
9,3.00,8.160,0.5000,-26.779,-139.152,1.00000,90.000,-nan,-nan,-nan,0
9,3.00,8.170,0.5000,-26.777,-139.125,1.00000,90.000,-nan,-nan,-nan,0
9,3.00,8.180,0.5000,-26.774,-139.097,1.00000,90.000,-nan,-nan,-nan,0
9,3.00,8.190,0.5000,-26.772,-139.070,1.00000,90.000,-nan,-nan,-nan,0
9,3.00,8.200,0.5000,-26.770,-139.043,1.00000,90.000,-nan,-nan,-nan,0
9,3.00,8.210,0.5000,-26.768,-139.016,1.00000,90.000,-nan,-nan,-nan,0
9,3.00,8.220,0.5000,-26.766,-138.989,1.00000,90.000,-nan,-nan,-nan,0
9,3.00,8.230,0.5000,-26.764,-138.963,1.00000,90.000,-nan,-nan,-nan,0
9,3.00,8.240,0.5000,-26.762,-138.936,1.00000,90.000,-nan,-nan,-nan,0
9,3.00,8.250,0.5000,-26.760,-138.910,1.00000,90.000,-nan,-nan,-nan,0
9,3.00,8.260,0.5000,-26.758,-138.884,1.00000,90.000,-nan,-nan,-nan,0
9,3.00,8.270,0.5000,-26.756,-138.858,1.00000,90.000,-nan,-nan,-nan,0
9,3.00,8.280,0.5000,-26.754,-138.832,1.00000,90.000,-nan,-nan,-nan,0
9,3.00,8.290,0.5000,-26.751,-138.806,1.00000,90.000,-nan,-nan,-nan,0
9,3.00,8.300,0.5000,-26.749,-138.780,1.00000,90.000,-nan,-nan,-nan,0
9,3.00,8.310,0.5000,-26.747,-138.755,1.00000,90.000,-nan,-nan,-nan,0
9,3.00,8.320,0.5000,-26.745,-138.729,1.00000,90.000,-nan,-nan,-nan,0
9,3.00,8.330,0.5000,-26.743,-138.704,1.00000,90.000,-nan,-nan,-nan,0
9,3.00,8.340,0.5000,-26.741,-138.679,1.00000,90.000,-nan,-nan,-nan,0
9,3.00,8.350,0.5000,-26.739,-138.654,1.00000,90.000,-nan,-nan,-nan,0
9,3.00,8.360,0.5000,-26.737,-138.629,1.00000,90.000,-nan,-nan,-nan,0
9,3.00,8.370,0.5000,-26.736,-138.604,1.00000,90.000,-nan,-nan,-nan,0
9,3.00,8.380,0.5000,-26.734,-138.579,1.00000,90.000,-nan,-nan,-nan,0
9,3.00,8.390,0.5000,-26.732,-138.554,1.00000,90.000,-nan,-nan,-nan,0
9,3.00,8.400,0.5000,-26.730,-138.530,1.00000,90.000,-nan,-nan,-nan,0
9,3.00,8.410,0.5000,-26.728,-138.506,1.00000,90.000,-nan,-nan,-nan,0
9,3.00,8.420,0.5000,-26.726,-138.481,1.00000,90.000,-nan,-nan,-nan,0
9,3.00,8.430,0.5000,-26.724,-138.457,1.00000,90.000,-nan,-nan,-nan,0
9,3.00,8.440,0.5000,-26.722,-138.433,1.00000,90.000,-nan,-nan,-nan,0
9,3.00,8.450,0.5000,-26.720,-138.410,1.00000,90.000,-nan,-nan,-nan,0
9,3.00,8.460,0.5000,-26.718,-138.386,1.00000,90.000,-nan,-nan,-nan,0
9,3.00,8.470,0.5000,-26.716,-138.362,1.00000,90.000,-nan,-nan,-nan,0
9,3.00,8.480,0.5000,-26.715,-138.339,1.00000,90.000,-nan,-nan,-nan,0
9,3.00,8.490,0.5000,-26.713,-138.315,1.00000,90.000,-nan,-nan,-nan,0
9,3.00,8.500,0.5000,-26.711,-138.292,1.00000,90.000,-nan,-nan,-nan,0
9,3.00,8.510,0.5000,-26.709,-138.269,1.00000,90.000,-nan,-nan,-nan,0
9,3.00,8.520,0.5000,-26.707,-138.246,1.00000,90.000,-nan,-nan,-nan,0
9,3.00,8.530,0.5000,-26.706,-138.223,1.00000,90.000,-nan,-nan,-nan,0
9,3.00,8.540,0.5000,-26.704,-138.200,1.00000,90.000,-nan,-nan,-nan,0
9,3.00,8.550,0.5000,-26.702,-138.178,1.00000,90.000,-nan,-nan,-nan,0
9,3.00,8.560,0.5000,-26.700,-138.155,1.00000,90.000,-nan,-nan,-nan,0
9,3.00,8.570,0.5000,-26.698,-138.133,1.00000,90.000,-nan,-nan,-nan,0
9,3.00,8.580,0.5000,-26.697,-138.110,1.00000,90.000,-nan,-nan,-nan,0
9,3.00,8.590,0.5000,-26.695,-138.088,1.00000,90.000,-nan,-nan,-nan,0
9,3.00,8.600,0.5000,-26.693,-138.066,1.00000,90.000,-nan,-nan,-nan,0
9,3.00,8.610,0.5000,-26.691,-138.044,1.00000,90.000,-nan,-nan,-nan,0
9,3.00,8.620,0.5000,-26.690,-138.022,1.00000,90.000,-nan,-nan,-nan,0
9,3.00,8.630,0.5000,-26.688,-138.000,1.00000,90.000,-nan,-nan,-nan,0
9,3.00,8.640,0.5000,-26.686,-137.978,1.00000,90.000,-nan,-nan,-nan,0
9,3.00,8.650,0.5000,-26.685,-137.957,1.00000,90.000,-nan,-nan,-nan,0
9,3.00,8.660,0.5000,-26.683,-137.935,1.00000,90.000,-nan,-nan,-nan,0
9,3.00,8.670,0.5000,-26.681,-137.914,1.00000,90.000,-nan,-nan,-nan,0
9,3.00,8.680,0.5000,-26.679,-137.893,1.00000,90.000,-nan,-nan,-nan,0
9,3.00,8.690,0.5000,-26.678,-137.872,1.00000,90.000,-nan,-nan,-nan,0
9,3.00,8.700,0.5000,-26.676,-137.851,1.00000,90.000,-nan,-nan,-nan,0
9,3.00,8.710,0.5000,-26.674,-137.830,1.00000,90.000,-nan,-nan,-nan,0
9,3.00,8.720,0.5000,-26.673,-137.809,1.00000,90.000,-nan,-nan,-nan,0
9,3.00,8.730,0.5000,-26.671,-137.788,1.00000,90.000,-nan,-nan,-nan,0
9,3.00,8.740,0.5000,-26.670,-137.767,1.00000,90.000,-nan,-nan,-nan,0
9,3.00,8.750,0.5000,-26.668,-137.747,1.00000,90.000,-nan,-nan,-nan,0
9,3.00,8.760,0.5000,-26.666,-137.726,1.00000,90.000,-nan,-nan,-nan,0
9,3.00,8.770,0.5000,-26.665,-137.706,1.00000,90.000,-nan,-nan,-nan,0
9,3.00,8.780,0.5000,-26.663,-137.686,1.00000,90.000,-nan,-nan,-nan,0
9,3.00,8.790,0.5000,-26.662,-137.666,1.00000,90.000,-nan,-nan,-nan,0
9,3.00,8.800,0.5000,-26.660,-137.646,1.00000,90.000,-nan,-nan,-nan,0
9,3.00,8.810,0.5000,-26.658,-137.626,1.00000,90.000,-nan,-nan,-nan,0
9,3.00,8.820,0.5000,-26.657,-137.606,1.00000,90.000,-nan,-nan,-nan,0
9,3.00,8.830,0.5000,-26.655,-137.586,1.00000,90.000,-nan,-nan,-nan,0
9,3.00,8.840,0.5000,-26.654,-137.567,1.00000,90.000,-nan,-nan,-nan,0
9,3.00,8.850,0.5000,-26.652,-137.547,1.00000,90.000,-nan,-nan,-nan,0
9,3.00,8.860,0.5000,-26.651,-137.528,1.00000,90.000,-nan,-nan,-nan,0
9,3.00,8.870,0.5000,-26.649,-137.508,1.00000,90.000,-nan,-nan,-nan,0
9,3.00,8.880,0.5000,-26.648,-137.489,1.00000,90.000,-nan,-nan,-nan,0
9,3.00,8.890,0.5000,-26.646,-137.470,1.00000,90.000,-nan,-nan,-nan,0
9,3.00,8.900,0.5000,-26.645,-137.451,1.00000,90.000,-nan,-nan,-nan,0
9,3.00,8.910,0.5000,-26.643,-137.432,1.00000,90.000,-nan,-nan,-nan,0
9,3.00,8.920,0.5000,-26.642,-137.413,1.00000,90.000,-nan,-nan,-nan,0
9,3.00,8.930,0.5000,-26.640,-137.394,1.00000,90.000,-nan,-nan,-nan,0
9,3.00,8.940,0.5000,-26.639,-137.376,1.00000,90.000,-nan,-nan,-nan,0
9,3.00,8.950,0.5000,-26.637,-137.357,1.00000,90.000,-nan,-nan,-nan,0
9,3.00,8.960,0.5000,-26.636,-137.339,1.00000,90.000,-nan,-nan,-nan,0
9,3.00,8.970,0.5000,-26.634,-137.320,1.00000,90.000,-nan,-nan,-nan,0
9,3.00,8.980,0.5000,-26.633,-137.302,1.00000,90.000,-nan,-nan,-nan,0
9,3.00,8.990,0.5000,-26.631,-137.284,1.00000,90.000,-nan,-nan,-nan,0
9,3.00,9.000,0.5000,-26.630,-137.266,1.00000,90.000,-nan,-nan,-nan,0
9,3.00,9.010,0.5000,-26.629,-137.248,1.00000,90.000,-nan,-nan,-nan,0
9,3.00,9.020,0.5000,-26.627,-137.230,1.00000,90.000,-nan,-nan,-nan,0
9,3.00,9.030,0.5000,-26.626,-137.212,1.00000,90.000,-nan,-nan,-nan,0
9,3.00,9.040,0.5000,-26.624,-137.194,1.00000,90.000,-nan,-nan,-nan,0
9,3.00,9.050,0.5000,-26.623,-137.176,1.00000,90.000,-nan,-nan,-nan,0
9,3.00,9.060,0.5000,-26.622,-137.159,1.00000,90.000,-nan,-nan,-nan,0
9,3.00,9.070,0.5000,-26.620,-137.141,1.00000,90.000,-nan,-nan,-nan,0
9,3.00,9.080,0.5000,-26.619,-137.124,1.00000,90.000,-nan,-nan,-nan,0
9,3.00,9.090,0.5000,-26.617,-137.107,1.00000,90.000,-nan,-nan,-nan,0
9,3.00,9.100,0.5000,-26.616,-137.089,1.00000,90.000,-nan,-nan,-nan,0
9,3.00,9.110,0.5000,-26.615,-137.072,1.00000,90.000,-nan,-nan,-nan,0
9,3.00,9.120,0.5000,-26.613,-137.055,1.00000,90.000,-nan,-nan,-nan,0
9,3.00,9.130,0.5000,-26.612,-137.038,1.00000,90.000,-nan,-nan,-nan,0
9,3.00,9.140,0.5000,-26.611,-137.021,1.00000,90.000,-nan,-nan,-nan,0
9,3.00,9.150,0.5000,-26.609,-137.005,1.00000,90.000,-nan,-nan,-nan,0
9,3.00,9.160,0.5000,-26.608,-136.988,1.00000,90.000,-nan,-nan,-nan,0
9,3.00,9.170,0.5000,-26.607,-136.971,1.00000,90.000,-nan,-nan,-nan,0
9,3.00,9.180,0.5000,-26.605,-136.955,1.00000,90.000,-nan,-nan,-nan,0
9,3.00,9.190,0.5000,-26.604,-136.938,1.00000,90.000,-nan,-nan,-nan,0
9,3.00,9.200,0.5000,-26.603,-136.922,1.00000,90.000,-nan,-nan,-nan,0
9,3.00,9.210,0.5000,-26.602,-136.905,1.00000,90.000,-nan,-nan,-nan,0
9,3.00,9.220,0.5000,-26.600,-136.889,1.00000,90.000,-nan,-nan,-nan,0
9,3.00,9.230,0.5000,-26.599,-136.873,1.00000,90.000,-nan,-nan,-nan,0
9,3.00,9.240,0.5000,-26.598,-136.857,1.00000,90.000,-nan,-nan,-nan,0
9,3.00,9.250,0.5000,-26.597,-136.841,1.00000,90.000,-nan,-nan,-nan,0
9,3.00,9.260,0.5000,-26.595,-136.825,1.00000,90.000,-nan,-nan,-nan,0
9,3.00,9.270,0.5000,-26.594,-136.809,1.00000,90.000,-nan,-nan,-nan,0
9,3.00,9.280,0.5000,-26.593,-136.794,1.00000,90.000,-nan,-nan,-nan,0
9,3.00,9.290,0.5000,-26.592,-136.778,1.00000,90.000,-nan,-nan,-nan,0
9,3.00,9.300,0.5000,-26.590,-136.762,1.00000,90.000,-nan,-nan,-nan,0
9,3.00,9.310,0.5000,-26.589,-136.747,1.00000,90.000,-nan,-nan,-nan,0
9,3.00,9.320,0.5000,-26.588,-136.731,1.00000,90.000,-nan,-nan,-nan,0
9,3.00,9.330,0.5000,-26.587,-136.716,1.00000,90.000,-nan,-nan,-nan,0
9,3.00,9.340,0.5000,-26.585,-136.701,1.00000,90.000,-nan,-nan,-nan,0
9,3.00,9.350,0.5000,-26.584,-136.685,1.00000,90.000,-nan,-nan,-nan,0
9,3.00,9.360,0.5000,-26.583,-136.670,1.00000,90.000,-nan,-nan,-nan,0
9,3.00,9.370,0.5000,-26.582,-136.655,1.00000,90.000,-nan,-nan,-nan,0
9,3.00,9.380,0.5000,-26.581,-136.640,1.00000,90.000,-nan,-nan,-nan,0
9,3.00,9.390,0.5000,-26.580,-136.625,1.00000,90.000,-nan,-nan,-nan,0
9,3.00,9.400,0.5000,-26.578,-136.611,1.00000,90.000,-nan,-nan,-nan,0
9,3.00,9.410,0.5000,-26.577,-136.596,1.00000,90.000,-nan,-nan,-nan,0
9,3.00,9.420,0.5000,-26.576,-136.581,1.00000,90.000,-nan,-nan,-nan,0
9,3.00,9.430,0.5000,-26.575,-136.566,1.00000,90.000,-nan,-nan,-nan,0
9,3.00,9.440,0.5000,-26.574,-136.552,1.00000,90.000,-nan,-nan,-nan,0
9,3.00,9.450,0.5000,-26.573,-136.537,1.00000,90.000,-nan,-nan,-nan,0
9,3.00,9.460,0.5000,-26.571,-136.523,1.00000,90.000,-nan,-nan,-nan,0
9,3.00,9.470,0.5000,-26.570,-136.509,1.00000,90.000,-nan,-nan,-nan,0
9,3.00,9.480,0.5000,-26.569,-136.495,1.00000,90.000,-nan,-nan,-nan,0
9,3.00,9.490,0.5000,-26.568,-136.480,1.00000,90.000,-nan,-nan,-nan,0
9,3.00,9.500,0.5000,-26.567,-136.466,1.00000,90.000,-nan,-nan,-nan,0
9,3.00,9.510,0.5000,-26.566,-136.452,1.00000,90.000,-nan,-nan,-nan,0
9,3.00,9.520,0.5000,-26.565,-136.438,1.00000,90.000,-nan,-nan,-nan,0
9,3.00,9.530,0.5000,-26.564,-136.424,1.00000,90.000,-nan,-nan,-nan,0
9,3.00,9.540,0.5000,-26.563,-136.410,1.00000,90.000,-nan,-nan,-nan,0
9,3.00,9.550,0.5000,-26.561,-136.397,1.00000,90.000,-nan,-nan,-nan,0
9,3.00,9.560,0.5000,-26.560,-136.383,1.00000,90.000,-nan,-nan,-nan,0
9,3.00,9.570,0.5000,-26.559,-136.369,1.00000,90.000,-nan,-nan,-nan,0
9,3.00,9.580,0.5000,-26.558,-136.356,1.00000,90.000,-nan,-nan,-nan,0
9,3.00,9.590,0.5000,-26.557,-136.342,1.00000,90.000,-nan,-nan,-nan,0
9,3.00,9.600,0.5000,-26.556,-136.329,1.00000,90.000,-nan,-nan,-nan,0
9,3.00,9.610,0.5000,-26.555,-136.316,1.00000,90.000,-nan,-nan,-nan,0
9,3.00,9.620,0.5000,-26.554,-136.302,1.00000,90.000,-nan,-nan,-nan,0
9,3.00,9.630,0.5000,-26.553,-136.289,1.00000,90.000,-nan,-nan,-nan,0
9,3.00,9.640,0.5000,-26.552,-136.276,1.00000,90.000,-nan,-nan,-nan,0
9,3.00,9.650,0.5000,-26.551,-136.263,1.00000,90.000,-nan,-nan,-nan,0
9,3.00,9.660,0.5000,-26.550,-136.250,1.00000,90.000,-nan,-nan,-nan,0
9,3.00,9.670,0.5000,-26.549,-136.237,1.00000,90.000,-nan,-nan,-nan,0
9,3.00,9.680,0.5000,-26.548,-136.224,1.00000,90.000,-nan,-nan,-nan,0
9,3.00,9.690,0.5000,-26.547,-136.211,1.00000,90.000,-nan,-nan,-nan,0
9,3.00,9.700,0.5000,-26.546,-136.198,1.00000,90.000,-nan,-nan,-nan,0
9,3.00,9.710,0.5000,-26.545,-136.186,1.00000,90.000,-nan,-nan,-nan,0
9,3.00,9.720,0.5000,-26.544,-136.173,1.00000,90.000,-nan,-nan,-nan,0
9,3.00,9.730,0.5000,-26.543,-136.160,1.00000,90.000,-nan,-nan,-nan,0
9,3.00,9.740,0.5000,-26.542,-136.148,1.00000,90.000,-nan,-nan,-nan,0
9,3.00,9.750,0.5000,-26.541,-136.136,1.00000,90.000,-nan,-nan,-nan,0
9,3.00,9.760,0.5000,-26.540,-136.123,1.00000,90.000,-nan,-nan,-nan,0
9,3.00,9.770,0.5000,-26.539,-136.111,1.00000,90.000,-nan,-nan,-nan,0
9,3.00,9.780,0.5000,-26.538,-136.099,1.00000,90.000,-nan,-nan,-nan,0
9,3.00,9.790,0.5000,-26.537,-136.086,1.00000,90.000,-nan,-nan,-nan,0
9,3.00,9.800,0.5000,-26.536,-136.074,1.00000,90.000,-nan,-nan,-nan,0
9,3.00,9.810,0.5000,-26.535,-136.062,1.00000,90.000,-nan,-nan,-nan,0
9,3.00,9.820,0.5000,-26.534,-136.050,1.00000,90.000,-nan,-nan,-nan,0
9,3.00,9.830,0.5000,-26.533,-136.038,1.00000,90.000,-nan,-nan,-nan,0
9,3.00,9.840,0.5000,-26.532,-136.026,1.00000,90.000,-nan,-nan,-nan,0
9,3.00,9.850,0.5000,-26.531,-136.014,1.00000,90.000,-nan,-nan,-nan,0
9,3.00,9.860,0.5000,-26.530,-136.003,1.00000,90.000,-nan,-nan,-nan,0
9,3.00,9.870,0.5000,-26.529,-135.991,1.00000,90.000,-nan,-nan,-nan,0
9,3.00,9.880,0.5000,-26.529,-135.979,1.00000,90.000,-nan,-nan,-nan,0
9,3.00,9.890,0.5000,-26.528,-135.968,1.00000,90.000,-nan,-nan,-nan,0
9,3.00,9.900,0.5000,-26.527,-135.956,1.00000,90.000,-nan,-nan,-nan,0
9,3.00,9.910,0.5000,-26.526,-135.945,1.00000,90.000,-nan,-nan,-nan,0
9,3.00,9.920,0.5000,-26.525,-135.933,1.00000,90.000,-nan,-nan,-nan,0
9,3.00,9.930,0.5000,-26.524,-135.922,1.00000,90.000,-nan,-nan,-nan,0
9,3.00,9.940,0.5000,-26.523,-135.910,1.00000,90.000,-nan,-nan,-nan,0
9,3.00,9.950,0.5000,-26.522,-135.899,1.00000,90.000,-nan,-nan,-nan,0
9,3.00,9.960,0.5000,-26.521,-135.888,1.00000,90.000,-nan,-nan,-nan,0
9,3.00,9.970,0.5000,-26.520,-135.877,1.00000,90.000,-nan,-nan,-nan,0
9,3.00,9.980,0.5000,-26.520,-135.866,1.00000,90.000,-nan,-nan,-nan,0
9,3.00,9.990,0.5000,-26.519,-135.855,1.00000,90.000,-nan,-nan,-nan,0
9,3.00,10.000,0.5000,-26.518,-135.844,1.00000,90.000,-nan,-nan,-nan,0
10,3.00,0.000,0.5000,-52.000,-458.975,0.04362,2.500,90.00,0.04362,0.00000,0
10,3.00,0.010,0.5000,-51.872,-457.352,1.00000,90.000,78.69,0.98057,0.19618,0
10,3.00,0.020,0.5000,-51.745,-455.738,1.00000,90.000,67.01,0.92056,0.39061,0
10,3.00,0.030,0.5000,-51.618,-454.131,1.00000,90.000,55.29,0.82200,0.56948,0
10,3.00,0.040,0.5000,-51.492,-452.533,1.00000,90.000,43.52,0.68862,0.72512,0
10,3.00,0.050,0.5000,-51.367,-450.942,1.00000,90.000,31.71,0.52565,0.85070,0
10,3.00,0.060,0.5000,-51.242,-449.360,1.00000,90.000,19.86,0.33973,0.94052,0
10,3.00,0.070,0.5000,-51.118,-447.785,1.00000,90.000,7.96,0.13857,0.99035,0
10,3.00,0.080,0.5000,-50.994,-446.219,1.00000,90.000,356.03,-0.06931,0.99760,0
10,3.00,0.090,0.5000,-50.871,-444.660,1.00000,90.000,344.04,-0.27492,0.96147,0
10,3.00,0.100,0.5000,-50.749,-443.109,1.00000,90.000,332.02,-0.46922,0.88308,0
10,3.00,0.110,0.5000,-50.627,-441.565,1.00000,90.000,319.95,-0.64352,0.76543,0
10,3.00,0.120,0.5000,-50.506,-440.029,1.00000,90.000,307.83,-0.78983,0.61333,0
10,3.00,0.130,0.5000,-50.385,-438.501,1.00000,90.000,295.67,-0.90129,0.43321,0
10,3.00,0.140,0.5000,-50.266,-436.981,1.00000,90.000,283.47,-0.97250,0.23291,0
10,3.00,0.150,0.5000,-50.146,-435.468,1.00000,90.000,271.22,-0.99977,0.02130,0
10,3.00,0.160,0.5000,-50.028,-433.963,1.00000,90.000,258.93,-0.98139,-0.19203,0
10,3.00,0.170,0.5000,-49.909,-432.465,1.00000,90.000,246.59,-0.91770,-0.39728,0
10,3.00,0.180,0.5000,-49.792,-430.975,1.00000,90.000,234.21,-0.81117,-0.58481,0
10,3.00,0.190,0.5000,-49.675,-429.492,1.00000,90.000,221.78,-0.66633,-0.74565,0
10,3.00,0.200,0.5000,-49.559,-428.016,1.00000,90.000,209.31,-0.48959,-0.87195,0
10,3.00,0.210,0.5000,-49.443,-426.548,1.00000,90.000,196.80,-0.28900,-0.95733,0
10,3.00,0.220,0.5000,-49.328,-425.087,1.00000,90.000,184.24,-0.07388,-0.99727,0
10,3.00,0.230,0.5000,-49.213,-423.634,1.00000,90.000,171.63,0.14555,-0.98935,0
10,3.00,0.240,0.5000,-49.099,-422.187,1.00000,90.000,158.98,0.35871,-0.93345,0
10,3.00,0.250,0.5000,-48.985,-420.748,1.00000,90.000,146.28,0.55510,-0.83178,0
10,3.00,0.260,0.5000,-48.873,-419.316,1.00000,90.000,133.54,0.72489,-0.68886,0
10,3.00,0.270,0.5000,-48.760,-417.892,1.00000,90.000,120.75,0.85938,-0.51133,0
10,3.00,0.280,0.5000,-48.648,-416.474,1.00000,90.000,107.92,0.95149,-0.30767,0
10,3.00,0.290,0.5000,-48.537,-415.063,1.00000,90.000,95.04,0.99613,-0.08785,0
10,3.00,0.300,0.5000,-48.426,-413.660,1.00000,90.000,82.11,0.99054,0.13719,0
10,3.00,0.310,0.5000,-48.316,-412.263,1.00000,90.000,69.14,0.93448,0.35603,0
10,3.00,0.320,0.5000,-48.207,-410.874,1.00000,90.000,56.13,0.83027,0.55736,0
10,3.00,0.330,0.5000,-48.098,-409.491,1.00000,90.000,43.06,0.68281,0.73060,0
10,3.00,0.340,0.5000,-47.989,-408.115,1.00000,90.000,29.95,0.49930,0.86643,0
10,3.00,0.350,0.5000,-47.881,-406.746,1.00000,90.000,16.80,0.28900,0.95733,0
10,3.00,0.360,0.5000,-47.774,-405.384,1.00000,90.000,3.60,0.06272,0.99803,0
10,3.00,0.370,0.5000,-47.667,-404.029,1.00000,90.000,350.35,-0.16768,0.98584,0
10,3.00,0.380,0.5000,-47.561,-402.681,1.00000,90.000,337.05,-0.38990,0.92086,0
10,3.00,0.390,0.5000,-47.455,-401.339,1.00000,90.000,323.71,-0.59188,0.80603,0
10,3.00,0.400,0.5000,-47.350,-400.004,1.00000,90.000,310.32,-0.76244,0.64706,0
10,3.00,0.410,0.5000,-47.245,-398.675,1.00000,90.000,296.88,-0.89192,0.45220,0
10,3.00,0.420,0.5000,-47.141,-397.353,1.00000,90.000,283.40,-0.97277,0.23178,0
10,3.00,0.430,0.5000,-47.037,-396.038,1.00000,90.000,269.87,-1.00000,-0.00223,0
10,3.00,0.440,0.5000,-46.934,-394.730,1.00000,90.000,256.29,-0.97153,-0.23693,0
10,3.00,0.450,0.5000,-46.831,-393.427,1.00000,90.000,242.67,-0.88838,-0.45911,0
10,3.00,0.460,0.5000,-46.729,-392.132,1.00000,90.000,229.00,-0.75469,-0.65608,0
10,3.00,0.470,0.5000,-46.627,-390.843,1.00000,90.000,215.28,-0.57756,-0.81635,0
10,3.00,0.480,0.5000,-46.526,-389.560,1.00000,90.000,201.51,-0.36670,-0.93034,0
10,3.00,0.490,0.5000,-46.425,-388.283,1.00000,90.000,187.70,-0.13395,-0.99099,0
10,3.00,0.500,0.5000,-46.325,-387.014,1.00000,90.000,173.84,0.10738,-0.99422,0
10,3.00,0.510,0.5000,-46.225,-385.750,1.00000,90.000,159.93,0.34324,-0.93925,0
10,3.00,0.520,0.5000,-46.126,-384.493,1.00000,90.000,145.97,0.55966,-0.82872,0
10,3.00,0.530,0.5000,-46.028,-383.241,1.00000,90.000,131.96,0.74359,-0.66863,0
10,3.00,0.540,0.5000,-45.930,-381.997,1.00000,90.000,117.91,0.88371,-0.46804,0
10,3.00,0.550,0.5000,-45.832,-380.758,1.00000,90.000,103.81,0.97111,-0.23862,0
10,3.00,0.560,0.5000,-45.735,-379.526,1.00000,90.000,89.65,0.99998,0.00603,0
10,3.00,0.570,0.5000,-45.638,-378.299,1.00000,90.000,75.46,0.96795,0.25113,0
10,3.00,0.580,0.5000,-45.542,-377.079,1.00000,90.000,61.21,0.87637,0.48163,0
10,3.00,0.590,0.5000,-45.446,-375.865,1.00000,90.000,46.91,0.73030,0.68312,0
10,3.00,0.600,0.5000,-45.351,-374.657,1.00000,90.000,32.57,0.53829,0.84276,0
10,3.00,0.610,0.5000,-45.256,-373.455,1.00000,90.000,18.17,0.31190,0.95012,0
10,3.00,0.620,0.5000,-45.162,-372.259,1.00000,90.000,3.73,0.06508,0.99788,0
10,3.00,0.630,0.5000,-45.068,-371.069,1.00000,90.000,349.24,-0.18669,0.98242,0
10,3.00,0.640,0.5000,-44.974,-369.885,1.00000,90.000,334.70,-0.42736,0.90408,0
10,3.00,0.650,0.5000,-44.881,-368.706,1.00000,90.000,320.11,-0.64131,0.76729,0
10,3.00,0.660,0.5000,-44.789,-367.534,1.00000,90.000,305.47,-0.81440,0.58031,0
10,3.00,0.670,0.5000,-44.697,-366.368,1.00000,90.000,290.78,-0.93492,0.35486,0
10,3.00,0.680,0.5000,-44.605,-365.207,1.00000,90.000,276.05,-0.99443,0.10536,0
10,3.00,0.690,0.5000,-44.514,-364.052,1.00000,90.000,261.26,-0.98839,-0.15193,0
10,3.00,0.700,0.5000,-44.424,-362.903,1.00000,90.000,246.43,-0.91654,-0.39995,0
10,3.00,0.710,0.5000,-44.334,-361.760,1.00000,90.000,231.54,-0.78304,-0.62197,0
10,3.00,0.720,0.5000,-44.244,-360.622,1.00000,90.000,216.60,-0.59629,-0.80277,0
10,3.00,0.730,0.5000,-44.155,-359.490,1.00000,90.000,201.62,-0.36844,-0.92965,0
10,3.00,0.740,0.5000,-44.066,-358.363,1.00000,90.000,186.58,-0.11467,-0.99340,0
10,3.00,0.750,0.5000,-43.977,-357.243,1.00000,90.000,171.50,0.14781,-0.98902,0
10,3.00,0.760,0.5000,-43.889,-356.128,1.00000,90.000,156.37,0.40091,-0.91612,0
10,3.00,0.770,0.5000,-43.802,-355.018,1.00000,90.000,141.18,0.62687,-0.77912,0
10,3.00,0.780,0.5000,-43.715,-353.914,1.00000,90.000,125.95,0.80958,-0.58701,0
10,3.00,0.790,0.5000,-43.628,-352.815,1.00000,90.000,110.66,0.93569,-0.35282,0
10,3.00,0.800,0.5000,-43.542,-351.722,1.00000,90.000,95.32,0.99569,-0.09279,0
10,3.00,0.810,0.5000,-43.456,-350.635,1.00000,90.000,79.94,0.98462,0.17471,0
10,3.00,0.820,0.5000,-43.371,-349.552,1.00000,90.000,64.50,0.90260,0.43049,0
10,3.00,0.830,0.5000,-43.286,-348.476,1.00000,90.000,49.01,0.75487,0.65587,0
10,3.00,0.840,0.5000,-43.202,-347.404,1.00000,90.000,33.48,0.55160,0.83411,0
10,3.00,0.850,0.5000,-43.117,-346.338,1.00000,90.000,17.89,0.30716,0.95166,0
10,3.00,0.860,0.5000,-43.034,-345.277,1.00000,90.000,2.25,0.03924,0.99923,0
10,3.00,0.870,0.5000,-42.951,-344.222,1.00000,90.000,346.56,-0.23245,0.97261,0
10,3.00,0.880,0.5000,-42.868,-343.172,1.00000,90.000,315.00,-0.70711,0.70711,0
10,3.00,0.890,0.5000,-42.785,-342.127,1.00000,90.000,-nan,-nan,-nan,0
10,3.00,0.900,0.5000,-42.703,-341.087,1.00000,90.000,-nan,-nan,-nan,0
10,3.00,0.910,0.5000,-42.622,-340.052,1.00000,90.000,-nan,-nan,-nan,0
10,3.00,0.920,0.5000,-42.541,-339.023,1.00000,90.000,-nan,-nan,-nan,0
10,3.00,0.930,0.5000,-42.460,-337.998,1.00000,90.000,-nan,-nan,-nan,0
10,3.00,0.940,0.5000,-42.379,-336.979,1.00000,90.000,-nan,-nan,-nan,0
10,3.00,0.950,0.5000,-42.299,-335.965,1.00000,90.000,-nan,-nan,-nan,0
10,3.00,0.960,0.5000,-42.220,-334.956,1.00000,90.000,-nan,-nan,-nan,0
10,3.00,0.970,0.5000,-42.141,-333.952,1.00000,90.000,-nan,-nan,-nan,0
10,3.00,0.980,0.5000,-42.062,-332.953,1.00000,90.000,-nan,-nan,-nan,0
10,3.00,0.990,0.5000,-41.984,-331.959,1.00000,90.000,-nan,-nan,-nan,0
10,3.00,1.000,0.5000,-41.906,-330.970,1.00000,90.000,-nan,-nan,-nan,0
10,3.00,1.010,0.5000,-41.828,-329.986,1.00000,90.000,-nan,-nan,-nan,0
10,3.00,1.020,0.5000,-41.751,-329.007,1.00000,90.000,-nan,-nan,-nan,0
10,3.00,1.030,0.5000,-41.674,-328.032,1.00000,90.000,-nan,-nan,-nan,0
10,3.00,1.040,0.5000,-41.597,-327.063,1.00000,90.000,-nan,-nan,-nan,0
10,3.00,1.050,0.5000,-41.521,-326.098,1.00000,90.000,-nan,-nan,-nan,0
10,3.00,1.060,0.5000,-41.446,-325.138,1.00000,90.000,-nan,-nan,-nan,0
10,3.00,1.070,0.5000,-41.370,-324.183,1.00000,90.000,-nan,-nan,-nan,0
10,3.00,1.080,0.5000,-41.295,-323.233,1.00000,90.000,-nan,-nan,-nan,0
10,3.00,1.090,0.5000,-41.221,-322.288,1.00000,90.000,-nan,-nan,-nan,0
10,3.00,1.100,0.5000,-41.147,-321.347,1.00000,90.000,-nan,-nan,-nan,0
10,3.00,1.110,0.5000,-41.073,-320.411,1.00000,90.000,-nan,-nan,-nan,0
10,3.00,1.120,0.5000,-40.999,-319.479,1.00000,90.000,-nan,-nan,-nan,0
10,3.00,1.130,0.5000,-40.926,-318.552,1.00000,90.000,-nan,-nan,-nan,0
10,3.00,1.140,0.5000,-40.854,-317.630,1.00000,90.000,-nan,-nan,-nan,0
10,3.00,1.150,0.5000,-40.781,-316.713,1.00000,90.000,-nan,-nan,-nan,0
10,3.00,1.160,0.5000,-40.709,-315.800,1.00000,90.000,-nan,-nan,-nan,0
10,3.00,1.170,0.5000,-40.638,-314.891,1.00000,90.000,-nan,-nan,-nan,0
10,3.00,1.180,0.5000,-40.566,-313.987,1.00000,90.000,-nan,-nan,-nan,0
10,3.00,1.190,0.5000,-40.495,-313.088,1.00000,90.000,-nan,-nan,-nan,0
10,3.00,1.200,0.5000,-40.425,-312.193,1.00000,90.000,-nan,-nan,-nan,0
10,3.00,1.210,0.5000,-40.355,-311.302,1.00000,90.000,-nan,-nan,-nan,0
10,3.00,1.220,0.5000,-40.285,-310.416,1.00000,90.000,-nan,-nan,-nan,0
10,3.00,1.230,0.5000,-40.215,-309.535,1.00000,90.000,-nan,-nan,-nan,0
10,3.00,1.240,0.5000,-40.146,-308.657,1.00000,90.000,-nan,-nan,-nan,0
10,3.00,1.250,0.5000,-40.077,-307.785,1.00000,90.000,-nan,-nan,-nan,0
10,3.00,1.260,0.5000,-40.009,-306.916,1.00000,90.000,-nan,-nan,-nan,0
10,3.00,1.270,0.5000,-39.940,-306.052,1.00000,90.000,-nan,-nan,-nan,0
10,3.00,1.280,0.5000,-39.873,-305.192,1.00000,90.000,-nan,-nan,-nan,0
10,3.00,1.290,0.5000,-39.805,-304.336,1.00000,90.000,-nan,-nan,-nan,0
10,3.00,1.300,0.5000,-39.738,-303.485,1.00000,90.000,-nan,-nan,-nan,0
10,3.00,1.310,0.5000,-39.671,-302.638,1.00000,90.000,-nan,-nan,-nan,0
10,3.00,1.320,0.5000,-39.605,-301.795,1.00000,90.000,-nan,-nan,-nan,0
10,3.00,1.330,0.5000,-39.539,-300.957,1.00000,90.000,-nan,-nan,-nan,0
10,3.00,1.340,0.5000,-39.473,-300.122,1.00000,90.000,-nan,-nan,-nan,0
10,3.00,1.350,0.5000,-39.407,-299.292,1.00000,90.000,-nan,-nan,-nan,0
10,3.00,1.360,0.5000,-39.342,-298.466,1.00000,90.000,-nan,-nan,-nan,0
10,3.00,1.370,0.5000,-39.277,-297.644,1.00000,90.000,-nan,-nan,-nan,0
10,3.00,1.380,0.5000,-39.213,-296.826,1.00000,90.000,-nan,-nan,-nan,0
10,3.00,1.390,0.5000,-39.149,-296.012,1.00000,90.000,-nan,-nan,-nan,0
10,3.00,1.400,0.5000,-39.085,-295.202,1.00000,90.000,-nan,-nan,-nan,0
10,3.00,1.410,0.5000,-39.021,-294.397,1.00000,90.000,-nan,-nan,-nan,0
10,3.00,1.420,0.5000,-38.958,-293.595,1.00000,90.000,-nan,-nan,-nan,0
10,3.00,1.430,0.5000,-38.895,-292.797,1.00000,90.000,-nan,-nan,-nan,0
10,3.00,1.440,0.5000,-38.833,-292.003,1.00000,90.000,-nan,-nan,-nan,0
10,3.00,1.450,0.5000,-38.770,-291.214,1.00000,90.000,-nan,-nan,-nan,0
10,3.00,1.460,0.5000,-38.708,-290.428,1.00000,90.000,-nan,-nan,-nan,0
10,3.00,1.470,0.5000,-38.647,-289.646,1.00000,90.000,-nan,-nan,-nan,0
10,3.00,1.480,0.5000,-38.585,-288.868,1.00000,90.000,-nan,-nan,-nan,0
10,3.00,1.490,0.5000,-38.524,-288.094,1.00000,90.000,-nan,-nan,-nan,0
10,3.00,1.500,0.5000,-38.464,-287.323,1.00000,90.000,-nan,-nan,-nan,0
10,3.00,1.510,0.5000,-38.403,-286.557,1.00000,90.000,-nan,-nan,-nan,0
10,3.00,1.520,0.5000,-38.343,-285.794,1.00000,90.000,-nan,-nan,-nan,0
10,3.00,1.530,0.5000,-38.283,-285.036,1.00000,90.000,-nan,-nan,-nan,0
10,3.00,1.540,0.5000,-38.224,-284.280,1.00000,90.000,-nan,-nan,-nan,0
10,3.00,1.550,0.5000,-38.164,-283.529,1.00000,90.000,-nan,-nan,-nan,0
10,3.00,1.560,0.5000,-38.105,-282.782,1.00000,90.000,-nan,-nan,-nan,0
10,3.00,1.570,0.5000,-38.047,-282.038,1.00000,90.000,-nan,-nan,-nan,0
10,3.00,1.580,0.5000,-37.988,-281.298,1.00000,90.000,-nan,-nan,-nan,0
10,3.00,1.590,0.5000,-37.930,-280.561,1.00000,90.000,-nan,-nan,-nan,0
10,3.00,1.600,0.5000,-37.873,-279.829,1.00000,90.000,-nan,-nan,-nan,0
10,3.00,1.610,0.5000,-37.815,-279.100,1.00000,90.000,-nan,-nan,-nan,0
10,3.00,1.620,0.5000,-37.758,-278.374,1.00000,90.000,-nan,-nan,-nan,0
10,3.00,1.630,0.5000,-37.701,-277.652,1.00000,90.000,-nan,-nan,-nan,0
10,3.00,1.640,0.5000,-37.644,-276.934,1.00000,90.000,-nan,-nan,-nan,0
10,3.00,1.650,0.5000,-37.588,-276.220,1.00000,90.000,-nan,-nan,-nan,0
10,3.00,1.660,0.5000,-37.532,-275.509,1.00000,90.000,-nan,-nan,-nan,0
10,3.00,1.670,0.5000,-37.476,-274.801,1.00000,90.000,-nan,-nan,-nan,0
10,3.00,1.680,0.5000,-37.421,-274.097,1.00000,90.000,-nan,-nan,-nan,0
10,3.00,1.690,0.5000,-37.365,-273.397,1.00000,90.000,-nan,-nan,-nan,0
10,3.00,1.700,0.5000,-37.310,-272.700,1.00000,90.000,-nan,-nan,-nan,0
10,3.00,1.710,0.5000,-37.256,-272.006,1.00000,90.000,-nan,-nan,-nan,0
10,3.00,1.720,0.5000,-37.201,-271.316,1.00000,90.000,-nan,-nan,-nan,0
10,3.00,1.730,0.5000,-37.147,-270.629,1.00000,90.000,-nan,-nan,-nan,0
10,3.00,1.740,0.5000,-37.093,-269.946,1.00000,90.000,-nan,-nan,-nan,0
10,3.00,1.750,0.5000,-37.040,-269.266,1.00000,90.000,-nan,-nan,-nan,0
10,3.00,1.760,0.5000,-36.986,-268.590,1.00000,90.000,-nan,-nan,-nan,0
10,3.00,1.770,0.5000,-36.933,-267.917,1.00000,90.000,-nan,-nan,-nan,0
10,3.00,1.780,0.5000,-36.880,-267.247,1.00000,90.000,-nan,-nan,-nan,0
10,3.00,1.790,0.5000,-36.828,-266.581,1.00000,90.000,-nan,-nan,-nan,0
10,3.00,1.800,0.5000,-36.776,-265.918,1.00000,90.000,-nan,-nan,-nan,0
10,3.00,1.810,0.5000,-36.724,-265.258,1.00000,90.000,-nan,-nan,-nan,0
10,3.00,1.820,0.5000,-36.672,-264.602,1.00000,90.000,-nan,-nan,-nan,0
10,3.00,1.830,0.5000,-36.620,-263.949,1.00000,90.000,-nan,-nan,-nan,0
10,3.00,1.840,0.5000,-36.569,-263.299,1.00000,90.000,-nan,-nan,-nan,0
10,3.00,1.850,0.5000,-36.518,-262.652,1.00000,90.000,-nan,-nan,-nan,0
10,3.00,1.860,0.5000,-36.467,-262.009,1.00000,90.000,-nan,-nan,-nan,0
10,3.00,1.870,0.5000,-36.417,-261.369,1.00000,90.000,-nan,-nan,-nan,0
10,3.00,1.880,0.5000,-36.367,-260.732,1.00000,90.000,-nan,-nan,-nan,0
10,3.00,1.890,0.5000,-36.317,-260.098,1.00000,90.000,-nan,-nan,-nan,0
10,3.00,1.900,0.5000,-36.267,-259.467,1.00000,90.000,-nan,-nan,-nan,0
10,3.00,1.910,0.5000,-36.217,-258.840,1.00000,90.000,-nan,-nan,-nan,0
10,3.00,1.920,0.5000,-36.168,-258.216,1.00000,90.000,-nan,-nan,-nan,0
10,3.00,1.930,0.5000,-36.119,-257.594,1.00000,90.000,-nan,-nan,-nan,0
10,3.00,1.940,0.5000,-36.070,-256.976,1.00000,90.000,-nan,-nan,-nan,0
10,3.00,1.950,0.5000,-36.022,-256.361,1.00000,90.000,-nan,-nan,-nan,0
10,3.00,1.960,0.5000,-35.974,-255.749,1.00000,90.000,-nan,-nan,-nan,0
10,3.00,1.970,0.5000,-35.926,-255.140,1.00000,90.000,-nan,-nan,-nan,0
10,3.00,1.980,0.5000,-35.878,-254.534,1.00000,90.000,-nan,-nan,-nan,0
10,3.00,1.990,0.5000,-35.830,-253.931,1.00000,90.000,-nan,-nan,-nan,0
10,3.00,2.000,0.5000,-35.783,-253.331,1.00000,90.000,-nan,-nan,-nan,0
10,3.00,2.010,0.5000,-35.736,-252.734,1.00000,90.000,-nan,-nan,-nan,0
10,3.00,2.020,0.5000,-35.689,-252.140,1.00000,90.000,-nan,-nan,-nan,0
10,3.00,2.030,0.5000,-35.642,-251.550,1.00000,90.000,-nan,-nan,-nan,0
10,3.00,2.040,0.5000,-35.596,-250.961,1.00000,90.000,-nan,-nan,-nan,0
10,3.00,2.050,0.5000,-35.550,-250.376,1.00000,90.000,-nan,-nan,-nan,0
10,3.00,2.060,0.5000,-35.504,-249.794,1.00000,90.000,-nan,-nan,-nan,0
10,3.00,2.070,0.5000,-35.458,-249.215,1.00000,90.000,-nan,-nan,-nan,0
10,3.00,2.080,0.5000,-35.413,-248.639,1.00000,90.000,-nan,-nan,-nan,0
10,3.00,2.090,0.5000,-35.368,-248.065,1.00000,90.000,-nan,-nan,-nan,0
10,3.00,2.100,0.5000,-35.323,-247.494,1.00000,90.000,-nan,-nan,-nan,0
10,3.00,2.110,0.5000,-35.278,-246.927,1.00000,90.000,-nan,-nan,-nan,0
10,3.00,2.120,0.5000,-35.233,-246.362,1.00000,90.000,-nan,-nan,-nan,0
10,3.00,2.130,0.5000,-35.189,-245.800,1.00000,90.000,-nan,-nan,-nan,0
10,3.00,2.140,0.5000,-35.145,-245.240,1.00000,90.000,-nan,-nan,-nan,0
10,3.00,2.150,0.5000,-35.101,-244.684,1.00000,90.000,-nan,-nan,-nan,0
10,3.00,2.160,0.5000,-35.057,-244.130,1.00000,90.000,-nan,-nan,-nan,0
10,3.00,2.170,0.5000,-35.014,-243.579,1.00000,90.000,-nan,-nan,-nan,0
10,3.00,2.180,0.5000,-34.971,-243.031,1.00000,90.000,-nan,-nan,-nan,0
10,3.00,2.190,0.5000,-34.928,-242.485,1.00000,90.000,-nan,-nan,-nan,0
10,3.00,2.200,0.5000,-34.885,-241.942,1.00000,90.000,-nan,-nan,-nan,0
10,3.00,2.210,0.5000,-34.842,-241.402,1.00000,90.000,-nan,-nan,-nan,0
10,3.00,2.220,0.5000,-34.800,-240.865,1.00000,90.000,-nan,-nan,-nan,0
10,3.00,2.230,0.5000,-34.758,-240.330,1.00000,90.000,-nan,-nan,-nan,0
10,3.00,2.240,0.5000,-34.716,-239.798,1.00000,90.000,-nan,-nan,-nan,0
10,3.00,2.250,0.5000,-34.674,-239.269,1.00000,90.000,-nan,-nan,-nan,0
10,3.00,2.260,0.5000,-34.632,-238.742,1.00000,90.000,-nan,-nan,-nan,0
10,3.00,2.270,0.5000,-34.591,-238.218,1.00000,90.000,-nan,-nan,-nan,0
10,3.00,2.280,0.5000,-34.550,-237.696,1.00000,90.000,-nan,-nan,-nan,0
10,3.00,2.290,0.5000,-34.509,-237.177,1.00000,90.000,-nan,-nan,-nan,0
10,3.00,2.300,0.5000,-34.468,-236.661,1.00000,90.000,-nan,-nan,-nan,0
10,3.00,2.310,0.5000,-34.428,-236.147,1.00000,90.000,-nan,-nan,-nan,0
10,3.00,2.320,0.5000,-34.387,-235.636,1.00000,90.000,-nan,-nan,-nan,0
10,3.00,2.330,0.5000,-34.347,-235.127,1.00000,90.000,-nan,-nan,-nan,0
10,3.00,2.340,0.5000,-34.307,-234.621,1.00000,90.000,-nan,-nan,-nan,0
10,3.00,2.350,0.5000,-34.268,-234.118,1.00000,90.000,-nan,-nan,-nan,0
10,3.00,2.360,0.5000,-34.228,-233.617,1.00000,90.000,-nan,-nan,-nan,0
10,3.00,2.370,0.5000,-34.189,-233.118,1.00000,90.000,-nan,-nan,-nan,0
10,3.00,2.380,0.5000,-34.150,-232.622,1.00000,90.000,-nan,-nan,-nan,0
10,3.00,2.390,0.5000,-34.111,-232.128,1.00000,90.000,-nan,-nan,-nan,0
10,3.00,2.400,0.5000,-34.072,-231.637,1.00000,90.000,-nan,-nan,-nan,0
10,3.00,2.410,0.5000,-34.034,-231.148,1.00000,90.000,-nan,-nan,-nan,0
10,3.00,2.420,0.5000,-33.995,-230.662,1.00000,90.000,-nan,-nan,-nan,0
10,3.00,2.430,0.5000,-33.957,-230.178,1.00000,90.000,-nan,-nan,-nan,0
10,3.00,2.440,0.5000,-33.919,-229.697,1.00000,90.000,-nan,-nan,-nan,0
10,3.00,2.450,0.5000,-33.881,-229.218,1.00000,90.000,-nan,-nan,-nan,0
10,3.00,2.460,0.5000,-33.844,-228.741,1.00000,90.000,-nan,-nan,-nan,0
10,3.00,2.470,0.5000,-33.806,-228.267,1.00000,90.000,-nan,-nan,-nan,0
10,3.00,2.480,0.5000,-33.769,-227.795,1.00000,90.000,-nan,-nan,-nan,0
10,3.00,2.490,0.5000,-33.732,-227.325,1.00000,90.000,-nan,-nan,-nan,0
10,3.00,2.500,0.5000,-33.695,-226.858,1.00000,90.000,-nan,-nan,-nan,0
10,3.00,2.510,0.5000,-33.659,-226.393,1.00000,90.000,-nan,-nan,-nan,0
10,3.00,2.520,0.5000,-33.622,-225.931,1.00000,90.000,-nan,-nan,-nan,0
10,3.00,2.530,0.5000,-33.586,-225.471,1.00000,90.000,-nan,-nan,-nan,0
10,3.00,2.540,0.5000,-33.550,-225.013,1.00000,90.000,-nan,-nan,-nan,0
10,3.00,2.550,0.5000,-33.514,-224.557,1.00000,90.000,-nan,-nan,-nan,0
10,3.00,2.560,0.5000,-33.478,-224.104,1.00000,90.000,-nan,-nan,-nan,0
10,3.00,2.570,0.5000,-33.442,-223.652,1.00000,90.000,-nan,-nan,-nan,0
10,3.00,2.580,0.5000,-33.407,-223.204,1.00000,90.000,-nan,-nan,-nan,0
10,3.00,2.590,0.5000,-33.372,-222.757,1.00000,90.000,-nan,-nan,-nan,0
10,3.00,2.600,0.5000,-33.337,-222.313,1.00000,90.000,-nan,-nan,-nan,0
10,3.00,2.610,0.5000,-33.302,-221.870,1.00000,90.000,-nan,-nan,-nan,0
10,3.00,2.620,0.5000,-33.267,-221.430,1.00000,90.000,-nan,-nan,-nan,0
10,3.00,2.630,0.5000,-33.233,-220.993,1.00000,90.000,-nan,-nan,-nan,0
10,3.00,2.640,0.5000,-33.198,-220.557,1.00000,90.000,-nan,-nan,-nan,0
10,3.00,2.650,0.5000,-33.164,-220.123,1.00000,90.000,-nan,-nan,-nan,0
10,3.00,2.660,0.5000,-33.130,-219.692,1.00000,90.000,-nan,-nan,-nan,0
10,3.00,2.670,0.5000,-33.096,-219.263,1.00000,90.000,-nan,-nan,-nan,0
10,3.00,2.680,0.5000,-33.063,-218.836,1.00000,90.000,-nan,-nan,-nan,0
10,3.00,2.690,0.5000,-33.029,-218.411,1.00000,90.000,-nan,-nan,-nan,0
10,3.00,2.700,0.5000,-32.996,-217.988,1.00000,90.000,-nan,-nan,-nan,0
10,3.00,2.710,0.5000,-32.963,-217.568,1.00000,90.000,-nan,-nan,-nan,0
10,3.00,2.720,0.5000,-32.930,-217.149,1.00000,90.000,-nan,-nan,-nan,0
10,3.00,2.730,0.5000,-32.897,-216.733,1.00000,90.000,-nan,-nan,-nan,0
10,3.00,2.740,0.5000,-32.864,-216.318,1.00000,90.000,-nan,-nan,-nan,0
10,3.00,2.750,0.5000,-32.832,-215.906,1.00000,90.000,-nan,-nan,-nan,0
10,3.00,2.760,0.5000,-32.799,-215.496,1.00000,90.000,-nan,-nan,-nan,0
10,3.00,2.770,0.5000,-32.767,-215.088,1.00000,90.000,-nan,-nan,-nan,0
10,3.00,2.780,0.5000,-32.735,-214.682,1.00000,90.000,-nan,-nan,-nan,0
10,3.00,2.790,0.5000,-32.703,-214.277,1.00000,90.000,-nan,-nan,-nan,0
10,3.00,2.800,0.5000,-32.671,-213.875,1.00000,90.000,-nan,-nan,-nan,0
10,3.00,2.810,0.5000,-32.640,-213.475,1.00000,90.000,-nan,-nan,-nan,0
10,3.00,2.820,0.5000,-32.608,-213.077,1.00000,90.000,-nan,-nan,-nan,0
10,3.00,2.830,0.5000,-32.577,-212.681,1.00000,90.000,-nan,-nan,-nan,0
10,3.00,2.840,0.5000,-32.546,-212.287,1.00000,90.000,-nan,-nan,-nan,0
10,3.00,2.850,0.5000,-32.515,-211.895,1.00000,90.000,-nan,-nan,-nan,0
10,3.00,2.860,0.5000,-32.484,-211.504,1.00000,90.000,-nan,-nan,-nan,0
10,3.00,2.870,0.5000,-32.454,-211.116,1.00000,90.000,-nan,-nan,-nan,0
10,3.00,2.880,0.5000,-32.423,-210.730,1.00000,90.000,-nan,-nan,-nan,0
10,3.00,2.890,0.5000,-32.393,-210.345,1.00000,90.000,-nan,-nan,-nan,0
10,3.00,2.900,0.5000,-32.363,-209.963,1.00000,90.000,-nan,-nan,-nan,0
10,3.00,2.910,0.5000,-32.333,-209.582,1.00000,90.000,-nan,-nan,-nan,0
10,3.00,2.920,0.5000,-32.303,-209.203,1.00000,90.000,-nan,-nan,-nan,0
10,3.00,2.930,0.5000,-32.273,-208.827,1.00000,90.000,-nan,-nan,-nan,0
10,3.00,2.940,0.5000,-32.244,-208.452,1.00000,90.000,-nan,-nan,-nan,0
10,3.00,2.950,0.5000,-32.214,-208.079,1.00000,90.000,-nan,-nan,-nan,0
10,3.00,2.960,0.5000,-32.185,-207.707,1.00000,90.000,-nan,-nan,-nan,0
10,3.00,2.970,0.5000,-32.156,-207.338,1.00000,90.000,-nan,-nan,-nan,0
10,3.00,2.980,0.5000,-32.127,-206.971,1.00000,90.000,-nan,-nan,-nan,0
10,3.00,2.990,0.5000,-32.098,-206.605,1.00000,90.000,-nan,-nan,-nan,0
10,3.00,3.000,0.5000,-32.069,-206.241,1.00000,90.000,-nan,-nan,-nan,0
10,3.00,3.010,0.5000,-32.041,-205.879,1.00000,90.000,-nan,-nan,-nan,0
10,3.00,3.020,0.5000,-32.012,-205.519,1.00000,90.000,-nan,-nan,-nan,0
10,3.00,3.030,0.5000,-31.984,-205.160,1.00000,90.000,-nan,-nan,-nan,0
10,3.00,3.040,0.5000,-31.956,-204.804,1.00000,90.000,-nan,-nan,-nan,0
10,3.00,3.050,0.5000,-31.928,-204.449,1.00000,90.000,-nan,-nan,-nan,0
10,3.00,3.060,0.5000,-31.900,-204.096,1.00000,90.000,-nan,-nan,-nan,0
10,3.00,3.070,0.5000,-31.873,-203.744,1.00000,90.000,-nan,-nan,-nan,0
10,3.00,3.080,0.5000,-31.845,-203.395,1.00000,90.000,-nan,-nan,-nan,0
10,3.00,3.090,0.5000,-31.818,-203.047,1.00000,90.000,-nan,-nan,-nan,0
10,3.00,3.100,0.5000,-31.790,-202.701,1.00000,90.000,-nan,-nan,-nan,0
10,3.00,3.110,0.5000,-31.763,-202.356,1.00000,90.000,-nan,-nan,-nan,0
10,3.00,3.120,0.5000,-31.736,-202.014,1.00000,90.000,-nan,-nan,-nan,0
10,3.00,3.130,0.5000,-31.709,-201.673,1.00000,90.000,-nan,-nan,-nan,0
10,3.00,3.140,0.5000,-31.682,-201.334,1.00000,90.000,-nan,-nan,-nan,0
10,3.00,3.150,0.5000,-31.656,-200.996,1.00000,90.000,-nan,-nan,-nan,0
10,3.00,3.160,0.5000,-31.629,-200.660,1.00000,90.000,-nan,-nan,-nan,0
10,3.00,3.170,0.5000,-31.603,-200.326,1.00000,90.000,-nan,-nan,-nan,0
10,3.00,3.180,0.5000,-31.577,-199.993,1.00000,90.000,-nan,-nan,-nan,0
10,3.00,3.190,0.5000,-31.551,-199.662,1.00000,90.000,-nan,-nan,-nan,0
10,3.00,3.200,0.5000,-31.525,-199.333,1.00000,90.000,-nan,-nan,-nan,0
10,3.00,3.210,0.5000,-31.499,-199.006,1.00000,90.000,-nan,-nan,-nan,0
10,3.00,3.220,0.5000,-31.473,-198.680,1.00000,90.000,-nan,-nan,-nan,0
10,3.00,3.230,0.5000,-31.448,-198.355,1.00000,90.000,-nan,-nan,-nan,0
10,3.00,3.240,0.5000,-31.422,-198.033,1.00000,90.000,-nan,-nan,-nan,0
10,3.00,3.250,0.5000,-31.397,-197.712,1.00000,90.000,-nan,-nan,-nan,0
10,3.00,3.260,0.5000,-31.372,-197.392,1.00000,90.000,-nan,-nan,-nan,0
10,3.00,3.270,0.5000,-31.347,-197.074,1.00000,90.000,-nan,-nan,-nan,0
10,3.00,3.280,0.5000,-31.322,-196.758,1.00000,90.000,-nan,-nan,-nan,0
10,3.00,3.290,0.5000,-31.297,-196.443,1.00000,90.000,-nan,-nan,-nan,0
10,3.00,3.300,0.5000,-31.272,-196.130,1.00000,90.000,-nan,-nan,-nan,0
10,3.00,3.310,0.5000,-31.247,-195.818,1.00000,90.000,-nan,-nan,-nan,0
10,3.00,3.320,0.5000,-31.223,-195.508,1.00000,90.000,-nan,-nan,-nan,0
10,3.00,3.330,0.5000,-31.199,-195.200,1.00000,90.000,-nan,-nan,-nan,0
10,3.00,3.340,0.5000,-31.174,-194.893,1.00000,90.000,-nan,-nan,-nan,0
10,3.00,3.350,0.5000,-31.150,-194.587,1.00000,90.000,-nan,-nan,-nan,0
10,3.00,3.360,0.5000,-31.126,-194.283,1.00000,90.000,-nan,-nan,-nan,0
10,3.00,3.370,0.5000,-31.103,-193.981,1.00000,90.000,-nan,-nan,-nan,0
10,3.00,3.380,0.5000,-31.079,-193.680,1.00000,90.000,-nan,-nan,-nan,0
10,3.00,3.390,0.5000,-31.055,-193.381,1.00000,90.000,-nan,-nan,-nan,0
10,3.00,3.400,0.5000,-31.032,-193.083,1.00000,90.000,-nan,-nan,-nan,0
10,3.00,3.410,0.5000,-31.008,-192.786,1.00000,90.000,-nan,-nan,-nan,0
10,3.00,3.420,0.5000,-30.985,-192.491,1.00000,90.000,-nan,-nan,-nan,0
10,3.00,3.430,0.5000,-30.962,-192.198,1.00000,90.000,-nan,-nan,-nan,0
10,3.00,3.440,0.5000,-30.939,-191.906,1.00000,90.000,-nan,-nan,-nan,0
10,3.00,3.450,0.5000,-30.916,-191.615,1.00000,90.000,-nan,-nan,-nan,0
10,3.00,3.460,0.5000,-30.893,-191.326,1.00000,90.000,-nan,-nan,-nan,0
10,3.00,3.470,0.5000,-30.871,-191.039,1.00000,90.000,-nan,-nan,-nan,0
10,3.00,3.480,0.5000,-30.848,-190.752,1.00000,90.000,-nan,-nan,-nan,0
10,3.00,3.490,0.5000,-30.826,-190.468,1.00000,90.000,-nan,-nan,-nan,0
10,3.00,3.500,0.5000,-30.803,-190.184,1.00000,90.000,-nan,-nan,-nan,0
10,3.00,3.510,0.5000,-30.781,-189.902,1.00000,90.000,-nan,-nan,-nan,0
10,3.00,3.520,0.5000,-30.759,-189.622,1.00000,90.000,-nan,-nan,-nan,0
10,3.00,3.530,0.5000,-30.737,-189.343,1.00000,90.000,-nan,-nan,-nan,0
10,3.00,3.540,0.5000,-30.715,-189.065,1.00000,90.000,-nan,-nan,-nan,0
10,3.00,3.550,0.5000,-30.693,-188.789,1.00000,90.000,-nan,-nan,-nan,0
10,3.00,3.560,0.5000,-30.671,-188.514,1.00000,90.000,-nan,-nan,-nan,0
10,3.00,3.570,0.5000,-30.650,-188.240,1.00000,90.000,-nan,-nan,-nan,0
10,3.00,3.580,0.5000,-30.628,-187.968,1.00000,90.000,-nan,-nan,-nan,0
10,3.00,3.590,0.5000,-30.607,-187.697,1.00000,90.000,-nan,-nan,-nan,0
10,3.00,3.600,0.5000,-30.586,-187.427,1.00000,90.000,-nan,-nan,-nan,0
10,3.00,3.610,0.5000,-30.565,-187.159,1.00000,90.000,-nan,-nan,-nan,0
10,3.00,3.620,0.5000,-30.544,-186.892,1.00000,90.000,-nan,-nan,-nan,0
10,3.00,3.630,0.5000,-30.523,-186.627,1.00000,90.000,-nan,-nan,-nan,0
10,3.00,3.640,0.5000,-30.502,-186.362,1.00000,90.000,-nan,-nan,-nan,0
10,3.00,3.650,0.5000,-30.481,-186.099,1.00000,90.000,-nan,-nan,-nan,0
10,3.00,3.660,0.5000,-30.460,-185.838,1.00000,90.000,-nan,-nan,-nan,0
10,3.00,3.670,0.5000,-30.440,-185.578,1.00000,90.000,-nan,-nan,-nan,0
10,3.00,3.680,0.5000,-30.419,-185.319,1.00000,90.000,-nan,-nan,-nan,0
10,3.00,3.690,0.5000,-30.399,-185.061,1.00000,90.000,-nan,-nan,-nan,0
10,3.00,3.700,0.5000,-30.379,-184.805,1.00000,90.000,-nan,-nan,-nan,0
10,3.00,3.710,0.5000,-30.359,-184.549,1.00000,90.000,-nan,-nan,-nan,0
10,3.00,3.720,0.5000,-30.339,-184.296,1.00000,90.000,-nan,-nan,-nan,0
10,3.00,3.730,0.5000,-30.319,-184.043,1.00000,90.000,-nan,-nan,-nan,0
10,3.00,3.740,0.5000,-30.299,-183.792,1.00000,90.000,-nan,-nan,-nan,0
10,3.00,3.750,0.5000,-30.279,-183.542,1.00000,90.000,-nan,-nan,-nan,0
10,3.00,3.760,0.5000,-30.260,-183.293,1.00000,90.000,-nan,-nan,-nan,0
10,3.00,3.770,0.5000,-30.240,-183.045,1.00000,90.000,-nan,-nan,-nan,0
10,3.00,3.780,0.5000,-30.221,-182.799,1.00000,90.000,-nan,-nan,-nan,0
10,3.00,3.790,0.5000,-30.201,-182.554,1.00000,90.000,-nan,-nan,-nan,0
10,3.00,3.800,0.5000,-30.182,-182.310,1.00000,90.000,-nan,-nan,-nan,0
10,3.00,3.810,0.5000,-30.163,-182.067,1.00000,90.000,-nan,-nan,-nan,0
10,3.00,3.820,0.5000,-30.144,-181.826,1.00000,90.000,-nan,-nan,-nan,0
10,3.00,3.830,0.5000,-30.125,-181.585,1.00000,90.000,-nan,-nan,-nan,0
10,3.00,3.840,0.5000,-30.106,-181.346,1.00000,90.000,-nan,-nan,-nan,0
10,3.00,3.850,0.5000,-30.087,-181.108,1.00000,90.000,-nan,-nan,-nan,0
10,3.00,3.860,0.5000,-30.069,-180.872,1.00000,90.000,-nan,-nan,-nan,0
10,3.00,3.870,0.5000,-30.050,-180.636,1.00000,90.000,-nan,-nan,-nan,0
10,3.00,3.880,0.5000,-30.032,-180.402,1.00000,90.000,-nan,-nan,-nan,0
10,3.00,3.890,0.5000,-30.013,-180.169,1.00000,90.000,-nan,-nan,-nan,0
10,3.00,3.900,0.5000,-29.995,-179.937,1.00000,90.000,-nan,-nan,-nan,0
10,3.00,3.910,0.5000,-29.977,-179.706,1.00000,90.000,-nan,-nan,-nan,0
10,3.00,3.920,0.5000,-29.959,-179.476,1.00000,90.000,-nan,-nan,-nan,0
10,3.00,3.930,0.5000,-29.941,-179.248,1.00000,90.000,-nan,-nan,-nan,0
10,3.00,3.940,0.5000,-29.923,-179.020,1.00000,90.000,-nan,-nan,-nan,0
10,3.00,3.950,0.5000,-29.905,-178.794,1.00000,90.000,-nan,-nan,-nan,0
10,3.00,3.960,0.5000,-29.887,-178.569,1.00000,90.000,-nan,-nan,-nan,0
10,3.00,3.970,0.5000,-29.869,-178.345,1.00000,90.000,-nan,-nan,-nan,0
10,3.00,3.980,0.5000,-29.852,-178.122,1.00000,90.000,-nan,-nan,-nan,0
10,3.00,3.990,0.5000,-29.834,-177.900,1.00000,90.000,-nan,-nan,-nan,0
10,3.00,4.000,0.5000,-29.817,-177.679,1.00000,90.000,-nan,-nan,-nan,0
10,3.00,4.010,0.5000,-29.800,-177.460,1.00000,90.000,-nan,-nan,-nan,0
10,3.00,4.020,0.5000,-29.782,-177.241,1.00000,90.000,-nan,-nan,-nan,0
10,3.00,4.030,0.5000,-29.765,-177.024,1.00000,90.000,-nan,-nan,-nan,0
10,3.00,4.040,0.5000,-29.748,-176.808,1.00000,90.000,-nan,-nan,-nan,0
10,3.00,4.050,0.5000,-29.731,-176.592,1.00000,90.000,-nan,-nan,-nan,0
10,3.00,4.060,0.5000,-29.714,-176.378,1.00000,90.000,-nan,-nan,-nan,0
10,3.00,4.070,0.5000,-29.698,-176.165,1.00000,90.000,-nan,-nan,-nan,0
10,3.00,4.080,0.5000,-29.681,-175.953,1.00000,90.000,-nan,-nan,-nan,0
10,3.00,4.090,0.5000,-29.664,-175.742,1.00000,90.000,-nan,-nan,-nan,0
10,3.00,4.100,0.5000,-29.648,-175.532,1.00000,90.000,-nan,-nan,-nan,0
10,3.00,4.110,0.5000,-29.631,-175.323,1.00000,90.000,-nan,-nan,-nan,0
10,3.00,4.120,0.5000,-29.615,-175.115,1.00000,90.000,-nan,-nan,-nan,0
10,3.00,4.130,0.5000,-29.599,-174.909,1.00000,90.000,-nan,-nan,-nan,0
10,3.00,4.140,0.5000,-29.582,-174.703,1.00000,90.000,-nan,-nan,-nan,0
10,3.00,4.150,0.5000,-29.566,-174.498,1.00000,90.000,-nan,-nan,-nan,0
10,3.00,4.160,0.5000,-29.550,-174.294,1.00000,90.000,-nan,-nan,-nan,0
10,3.00,4.170,0.5000,-29.534,-174.092,1.00000,90.000,-nan,-nan,-nan,0
10,3.00,4.180,0.5000,-29.518,-173.890,1.00000,90.000,-nan,-nan,-nan,0
10,3.00,4.190,0.5000,-29.502,-173.689,1.00000,90.000,-nan,-nan,-nan,0
10,3.00,4.200,0.5000,-29.487,-173.490,1.00000,90.000,-nan,-nan,-nan,0
10,3.00,4.210,0.5000,-29.471,-173.291,1.00000,90.000,-nan,-nan,-nan,0
10,3.00,4.220,0.5000,-29.455,-173.093,1.00000,90.000,-nan,-nan,-nan,0
10,3.00,4.230,0.5000,-29.440,-172.896,1.00000,90.000,-nan,-nan,-nan,0
10,3.00,4.240,0.5000,-29.424,-172.701,1.00000,90.000,-nan,-nan,-nan,0
10,3.00,4.250,0.5000,-29.409,-172.506,1.00000,90.000,-nan,-nan,-nan,0
10,3.00,4.260,0.5000,-29.394,-172.312,1.00000,90.000,-nan,-nan,-nan,0
10,3.00,4.270,0.5000,-29.379,-172.119,1.00000,90.000,-nan,-nan,-nan,0
10,3.00,4.280,0.5000,-29.363,-171.927,1.00000,90.000,-nan,-nan,-nan,0
10,3.00,4.290,0.5000,-29.348,-171.737,1.00000,90.000,-nan,-nan,-nan,0
10,3.00,4.300,0.5000,-29.333,-171.547,1.00000,90.000,-nan,-nan,-nan,0
10,3.00,4.310,0.5000,-29.318,-171.358,1.00000,90.000,-nan,-nan,-nan,0
10,3.00,4.320,0.5000,-29.304,-171.170,1.00000,90.000,-nan,-nan,-nan,0
10,3.00,4.330,0.5000,-29.289,-170.982,1.00000,90.000,-nan,-nan,-nan,0
10,3.00,4.340,0.5000,-29.274,-170.796,1.00000,90.000,-nan,-nan,-nan,0
10,3.00,4.350,0.5000,-29.260,-170.611,1.00000,90.000,-nan,-nan,-nan,0
10,3.00,4.360,0.5000,-29.245,-170.427,1.00000,90.000,-nan,-nan,-nan,0
10,3.00,4.370,0.5000,-29.231,-170.243,1.00000,90.000,-nan,-nan,-nan,0
10,3.00,4.380,0.5000,-29.216,-170.061,1.00000,90.000,-nan,-nan,-nan,0
10,3.00,4.390,0.5000,-29.202,-169.879,1.00000,90.000,-nan,-nan,-nan,0
10,3.00,4.400,0.5000,-29.188,-169.698,1.00000,90.000,-nan,-nan,-nan,0
10,3.00,4.410,0.5000,-29.173,-169.519,1.00000,90.000,-nan,-nan,-nan,0
10,3.00,4.420,0.5000,-29.159,-169.340,1.00000,90.000,-nan,-nan,-nan,0
10,3.00,4.430,0.5000,-29.145,-169.162,1.00000,90.000,-nan,-nan,-nan,0
10,3.00,4.440,0.5000,-29.131,-168.985,1.00000,90.000,-nan,-nan,-nan,0
10,3.00,4.450,0.5000,-29.117,-168.808,1.00000,90.000,-nan,-nan,-nan,0
10,3.00,4.460,0.5000,-29.104,-168.633,1.00000,90.000,-nan,-nan,-nan,0
10,3.00,4.470,0.5000,-29.090,-168.459,1.00000,90.000,-nan,-nan,-nan,0
10,3.00,4.480,0.5000,-29.076,-168.285,1.00000,90.000,-nan,-nan,-nan,0
10,3.00,4.490,0.5000,-29.063,-168.112,1.00000,90.000,-nan,-nan,-nan,0
10,3.00,4.500,0.5000,-29.049,-167.940,1.00000,90.000,-nan,-nan,-nan,0
10,3.00,4.510,0.5000,-29.036,-167.769,1.00000,90.000,-nan,-nan,-nan,0
10,3.00,4.520,0.5000,-29.022,-167.599,1.00000,90.000,-nan,-nan,-nan,0
10,3.00,4.530,0.5000,-29.009,-167.430,1.00000,90.000,-nan,-nan,-nan,0
10,3.00,4.540,0.5000,-28.995,-167.261,1.00000,90.000,-nan,-nan,-nan,0
10,3.00,4.550,0.5000,-28.982,-167.094,1.00000,90.000,-nan,-nan,-nan,0
10,3.00,4.560,0.5000,-28.969,-166.927,1.00000,90.000,-nan,-nan,-nan,0
10,3.00,4.570,0.5000,-28.956,-166.761,1.00000,90.000,-nan,-nan,-nan,0
10,3.00,4.580,0.5000,-28.943,-166.596,1.00000,90.000,-nan,-nan,-nan,0
10,3.00,4.590,0.5000,-28.930,-166.432,1.00000,90.000,-nan,-nan,-nan,0
10,3.00,4.600,0.5000,-28.917,-166.268,1.00000,90.000,-nan,-nan,-nan,0
10,3.00,4.610,0.5000,-28.904,-166.105,1.00000,90.000,-nan,-nan,-nan,0
10,3.00,4.620,0.5000,-28.892,-165.944,1.00000,90.000,-nan,-nan,-nan,0
10,3.00,4.630,0.5000,-28.879,-165.783,1.00000,90.000,-nan,-nan,-nan,0
10,3.00,4.640,0.5000,-28.866,-165.622,1.00000,90.000,-nan,-nan,-nan,0
10,3.00,4.650,0.5000,-28.854,-165.463,1.00000,90.000,-nan,-nan,-nan,0
10,3.00,4.660,0.5000,-28.841,-165.304,1.00000,90.000,-nan,-nan,-nan,0
10,3.00,4.670,0.5000,-28.829,-165.146,1.00000,90.000,-nan,-nan,-nan,0
10,3.00,4.680,0.5000,-28.816,-164.989,1.00000,90.000,-nan,-nan,-nan,0
10,3.00,4.690,0.5000,-28.804,-164.833,1.00000,90.000,-nan,-nan,-nan,0
10,3.00,4.700,0.5000,-28.792,-164.677,1.00000,90.000,-nan,-nan,-nan,0
10,3.00,4.710,0.5000,-28.779,-164.523,1.00000,90.000,-nan,-nan,-nan,0
10,3.00,4.720,0.5000,-28.767,-164.369,1.00000,90.000,-nan,-nan,-nan,0
10,3.00,4.730,0.5000,-28.755,-164.216,1.00000,90.000,-nan,-nan,-nan,0
10,3.00,4.740,0.5000,-28.743,-164.063,1.00000,90.000,-nan,-nan,-nan,0
10,3.00,4.750,0.5000,-28.731,-163.911,1.00000,90.000,-nan,-nan,-nan,0
10,3.00,4.760,0.5000,-28.719,-163.760,1.00000,90.000,-nan,-nan,-nan,0
10,3.00,4.770,0.5000,-28.708,-163.610,1.00000,90.000,-nan,-nan,-nan,0
10,3.00,4.780,0.5000,-28.696,-163.461,1.00000,90.000,-nan,-nan,-nan,0
10,3.00,4.790,0.5000,-28.684,-163.312,1.00000,90.000,-nan,-nan,-nan,0
10,3.00,4.800,0.5000,-28.672,-163.164,1.00000,90.000,-nan,-nan,-nan,0
10,3.00,4.810,0.5000,-28.661,-163.017,1.00000,90.000,-nan,-nan,-nan,0
10,3.00,4.820,0.5000,-28.649,-162.871,1.00000,90.000,-nan,-nan,-nan,0
10,3.00,4.830,0.5000,-28.638,-162.725,1.00000,90.000,-nan,-nan,-nan,0
10,3.00,4.840,0.5000,-28.626,-162.580,1.00000,90.000,-nan,-nan,-nan,0
10,3.00,4.850,0.5000,-28.615,-162.436,1.00000,90.000,-nan,-nan,-nan,0
10,3.00,4.860,0.5000,-28.604,-162.292,1.00000,90.000,-nan,-nan,-nan,0
10,3.00,4.870,0.5000,-28.592,-162.149,1.00000,90.000,-nan,-nan,-nan,0
10,3.00,4.880,0.5000,-28.581,-162.007,1.00000,90.000,-nan,-nan,-nan,0
10,3.00,4.890,0.5000,-28.570,-161.866,1.00000,90.000,-nan,-nan,-nan,0
10,3.00,4.900,0.5000,-28.559,-161.725,1.00000,90.000,-nan,-nan,-nan,0
10,3.00,4.910,0.5000,-28.548,-161.585,1.00000,90.000,-nan,-nan,-nan,0
10,3.00,4.920,0.5000,-28.537,-161.446,1.00000,90.000,-nan,-nan,-nan,0
10,3.00,4.930,0.5000,-28.526,-161.307,1.00000,90.000,-nan,-nan,-nan,0
10,3.00,4.940,0.5000,-28.515,-161.169,1.00000,90.000,-nan,-nan,-nan,0
10,3.00,4.950,0.5000,-28.504,-161.032,1.00000,90.000,-nan,-nan,-nan,0
10,3.00,4.960,0.5000,-28.493,-160.895,1.00000,90.000,-nan,-nan,-nan,0
10,3.00,4.970,0.5000,-28.483,-160.759,1.00000,90.000,-nan,-nan,-nan,0
10,3.00,4.980,0.5000,-28.472,-160.624,1.00000,90.000,-nan,-nan,-nan,0
10,3.00,4.990,0.5000,-28.461,-160.490,1.00000,90.000,-nan,-nan,-nan,0
10,3.00,5.000,0.5000,-28.451,-160.356,1.00000,90.000,-nan,-nan,-nan,0
10,3.00,5.010,0.5000,-28.440,-160.223,1.00000,90.000,-nan,-nan,-nan,0
10,3.00,5.020,0.5000,-28.430,-160.090,1.00000,90.000,-nan,-nan,-nan,0
10,3.00,5.030,0.5000,-28.420,-159.958,1.00000,90.000,-nan,-nan,-nan,0
10,3.00,5.040,0.5000,-28.409,-159.827,1.00000,90.000,-nan,-nan,-nan,0
10,3.00,5.050,0.5000,-28.399,-159.696,1.00000,90.000,-nan,-nan,-nan,0
10,3.00,5.060,0.5000,-28.389,-159.567,1.00000,90.000,-nan,-nan,-nan,0
10,3.00,5.070,0.5000,-28.378,-159.437,1.00000,90.000,-nan,-nan,-nan,0
10,3.00,5.080,0.5000,-28.368,-159.309,1.00000,90.000,-nan,-nan,-nan,0
10,3.00,5.090,0.5000,-28.358,-159.181,1.00000,90.000,-nan,-nan,-nan,0
10,3.00,5.100,0.5000,-28.348,-159.053,1.00000,90.000,-nan,-nan,-nan,0
10,3.00,5.110,0.5000,-28.338,-158.927,1.00000,90.000,-nan,-nan,-nan,0
10,3.00,5.120,0.5000,-28.328,-158.801,1.00000,90.000,-nan,-nan,-nan,0
10,3.00,5.130,0.5000,-28.318,-158.675,1.00000,90.000,-nan,-nan,-nan,0
10,3.00,5.140,0.5000,-28.309,-158.550,1.00000,90.000,-nan,-nan,-nan,0
10,3.00,5.150,0.5000,-28.299,-158.426,1.00000,90.000,-nan,-nan,-nan,0
10,3.00,5.160,0.5000,-28.289,-158.303,1.00000,90.000,-nan,-nan,-nan,0
10,3.00,5.170,0.5000,-28.279,-158.180,1.00000,90.000,-nan,-nan,-nan,0
10,3.00,5.180,0.5000,-28.270,-158.057,1.00000,90.000,-nan,-nan,-nan,0
10,3.00,5.190,0.5000,-28.260,-157.936,1.00000,90.000,-nan,-nan,-nan,0
10,3.00,5.200,0.5000,-28.250,-157.815,1.00000,90.000,-nan,-nan,-nan,0
10,3.00,5.210,0.5000,-28.241,-157.694,1.00000,90.000,-nan,-nan,-nan,0
10,3.00,5.220,0.5000,-28.232,-157.574,1.00000,90.000,-nan,-nan,-nan,0
10,3.00,5.230,0.5000,-28.222,-157.455,1.00000,90.000,-nan,-nan,-nan,0
10,3.00,5.240,0.5000,-28.213,-157.336,1.00000,90.000,-nan,-nan,-nan,0
10,3.00,5.250,0.5000,-28.203,-157.218,1.00000,90.000,-nan,-nan,-nan,0
10,3.00,5.260,0.5000,-28.194,-157.100,1.00000,90.000,-nan,-nan,-nan,0
10,3.00,5.270,0.5000,-28.185,-156.983,1.00000,90.000,-nan,-nan,-nan,0
10,3.00,5.280,0.5000,-28.176,-156.867,1.00000,90.000,-nan,-nan,-nan,0
10,3.00,5.290,0.5000,-28.167,-156.751,1.00000,90.000,-nan,-nan,-nan,0
10,3.00,5.300,0.5000,-28.158,-156.636,1.00000,90.000,-nan,-nan,-nan,0
10,3.00,5.310,0.5000,-28.149,-156.521,1.00000,90.000,-nan,-nan,-nan,0
10,3.00,5.320,0.5000,-28.140,-156.407,1.00000,90.000,-nan,-nan,-nan,0
10,3.00,5.330,0.5000,-28.131,-156.294,1.00000,90.000,-nan,-nan,-nan,0
10,3.00,5.340,0.5000,-28.122,-156.181,1.00000,90.000,-nan,-nan,-nan,0
10,3.00,5.350,0.5000,-28.113,-156.069,1.00000,90.000,-nan,-nan,-nan,0
10,3.00,5.360,0.5000,-28.104,-155.957,1.00000,90.000,-nan,-nan,-nan,0
10,3.00,5.370,0.5000,-28.095,-155.846,1.00000,90.000,-nan,-nan,-nan,0
10,3.00,5.380,0.5000,-28.086,-155.735,1.00000,90.000,-nan,-nan,-nan,0
10,3.00,5.390,0.5000,-28.078,-155.625,1.00000,90.000,-nan,-nan,-nan,0
10,3.00,5.400,0.5000,-28.069,-155.515,1.00000,90.000,-nan,-nan,-nan,0
10,3.00,5.410,0.5000,-28.061,-155.406,1.00000,90.000,-nan,-nan,-nan,0
10,3.00,5.420,0.5000,-28.052,-155.298,1.00000,90.000,-nan,-nan,-nan,0
10,3.00,5.430,0.5000,-28.043,-155.190,1.00000,90.000,-nan,-nan,-nan,0
10,3.00,5.440,0.5000,-28.035,-155.082,1.00000,90.000,-nan,-nan,-nan,0
10,3.00,5.450,0.5000,-28.027,-154.975,1.00000,90.000,-nan,-nan,-nan,0
10,3.00,5.460,0.5000,-28.018,-154.869,1.00000,90.000,-nan,-nan,-nan,0
10,3.00,5.470,0.5000,-28.010,-154.763,1.00000,90.000,-nan,-nan,-nan,0
10,3.00,5.480,0.5000,-28.002,-154.658,1.00000,90.000,-nan,-nan,-nan,0
10,3.00,5.490,0.5000,-27.993,-154.553,1.00000,90.000,-nan,-nan,-nan,0
10,3.00,5.500,0.5000,-27.985,-154.449,1.00000,90.000,-nan,-nan,-nan,0
10,3.00,5.510,0.5000,-27.977,-154.345,1.00000,90.000,-nan,-nan,-nan,0
10,3.00,5.520,0.5000,-27.969,-154.242,1.00000,90.000,-nan,-nan,-nan,0
10,3.00,5.530,0.5000,-27.961,-154.139,1.00000,90.000,-nan,-nan,-nan,0
10,3.00,5.540,0.5000,-27.953,-154.037,1.00000,90.000,-nan,-nan,-nan,0
10,3.00,5.550,0.5000,-27.945,-153.935,1.00000,90.000,-nan,-nan,-nan,0
10,3.00,5.560,0.5000,-27.937,-153.834,1.00000,90.000,-nan,-nan,-nan,0
10,3.00,5.570,0.5000,-27.929,-153.734,1.00000,90.000,-nan,-nan,-nan,0
10,3.00,5.580,0.5000,-27.921,-153.633,1.00000,90.000,-nan,-nan,-nan,0
10,3.00,5.590,0.5000,-27.913,-153.534,1.00000,90.000,-nan,-nan,-nan,0
10,3.00,5.600,0.5000,-27.905,-153.435,1.00000,90.000,-nan,-nan,-nan,0
10,3.00,5.610,0.5000,-27.897,-153.336,1.00000,90.000,-nan,-nan,-nan,0
10,3.00,5.620,0.5000,-27.890,-153.238,1.00000,90.000,-nan,-nan,-nan,0
10,3.00,5.630,0.5000,-27.882,-153.140,1.00000,90.000,-nan,-nan,-nan,0
10,3.00,5.640,0.5000,-27.874,-153.043,1.00000,90.000,-nan,-nan,-nan,0
10,3.00,5.650,0.5000,-27.867,-152.946,1.00000,90.000,-nan,-nan,-nan,0
10,3.00,5.660,0.5000,-27.859,-152.850,1.00000,90.000,-nan,-nan,-nan,0
10,3.00,5.670,0.5000,-27.851,-152.754,1.00000,90.000,-nan,-nan,-nan,0
10,3.00,5.680,0.5000,-27.844,-152.659,1.00000,90.000,-nan,-nan,-nan,0
10,3.00,5.690,0.5000,-27.836,-152.564,1.00000,90.000,-nan,-nan,-nan,0
10,3.00,5.700,0.5000,-27.829,-152.470,1.00000,90.000,-nan,-nan,-nan,0
10,3.00,5.710,0.5000,-27.822,-152.376,1.00000,90.000,-nan,-nan,-nan,0
10,3.00,5.720,0.5000,-27.814,-152.282,1.00000,90.000,-nan,-nan,-nan,0
10,3.00,5.730,0.5000,-27.807,-152.190,1.00000,90.000,-nan,-nan,-nan,0
10,3.00,5.740,0.5000,-27.800,-152.097,1.00000,90.000,-nan,-nan,-nan,0
10,3.00,5.750,0.5000,-27.792,-152.005,1.00000,90.000,-nan,-nan,-nan,0
10,3.00,5.760,0.5000,-27.785,-151.914,1.00000,90.000,-nan,-nan,-nan,0
10,3.00,5.770,0.5000,-27.778,-151.822,1.00000,90.000,-nan,-nan,-nan,0
10,3.00,5.780,0.5000,-27.771,-151.732,1.00000,90.000,-nan,-nan,-nan,0
10,3.00,5.790,0.5000,-27.764,-151.642,1.00000,90.000,-nan,-nan,-nan,0
10,3.00,5.800,0.5000,-27.757,-151.552,1.00000,90.000,-nan,-nan,-nan,0
10,3.00,5.810,0.5000,-27.750,-151.463,1.00000,90.000,-nan,-nan,-nan,0
10,3.00,5.820,0.5000,-27.743,-151.374,1.00000,90.000,-nan,-nan,-nan,0
10,3.00,5.830,0.5000,-27.736,-151.285,1.00000,90.000,-nan,-nan,-nan,0
10,3.00,5.840,0.5000,-27.729,-151.198,1.00000,90.000,-nan,-nan,-nan,0
10,3.00,5.850,0.5000,-27.722,-151.110,1.00000,90.000,-nan,-nan,-nan,0
10,3.00,5.860,0.5000,-27.715,-151.023,1.00000,90.000,-nan,-nan,-nan,0
10,3.00,5.870,0.5000,-27.708,-150.936,1.00000,90.000,-nan,-nan,-nan,0
10,3.00,5.880,0.5000,-27.701,-150.850,1.00000,90.000,-nan,-nan,-nan,0
10,3.00,5.890,0.5000,-27.695,-150.764,1.00000,90.000,-nan,-nan,-nan,0
10,3.00,5.900,0.5000,-27.688,-150.679,1.00000,90.000,-nan,-nan,-nan,0
10,3.00,5.910,0.5000,-27.681,-150.594,1.00000,90.000,-nan,-nan,-nan,0
10,3.00,5.920,0.5000,-27.674,-150.510,1.00000,90.000,-nan,-nan,-nan,0
10,3.00,5.930,0.5000,-27.668,-150.425,1.00000,90.000,-nan,-nan,-nan,0
10,3.00,5.940,0.5000,-27.661,-150.342,1.00000,90.000,-nan,-nan,-nan,0
10,3.00,5.950,0.5000,-27.655,-150.259,1.00000,90.000,-nan,-nan,-nan,0
10,3.00,5.960,0.5000,-27.648,-150.176,1.00000,90.000,-nan,-nan,-nan,0
10,3.00,5.970,0.5000,-27.642,-150.093,1.00000,90.000,-nan,-nan,-nan,0
10,3.00,5.980,0.5000,-27.635,-150.011,1.00000,90.000,-nan,-nan,-nan,0
10,3.00,5.990,0.5000,-27.629,-149.930,1.00000,90.000,-nan,-nan,-nan,0
10,3.00,6.000,0.5000,-27.622,-149.849,1.00000,90.000,-nan,-nan,-nan,0
10,3.00,6.010,0.5000,-27.616,-149.768,1.00000,90.000,-nan,-nan,-nan,0
10,3.00,6.020,0.5000,-27.610,-149.687,1.00000,90.000,-nan,-nan,-nan,0
10,3.00,6.030,0.5000,-27.603,-149.607,1.00000,90.000,-nan,-nan,-nan,0
10,3.00,6.040,0.5000,-27.597,-149.528,1.00000,90.000,-nan,-nan,-nan,0
10,3.00,6.050,0.5000,-27.591,-149.449,1.00000,90.000,-nan,-nan,-nan,0
10,3.00,6.060,0.5000,-27.585,-149.370,1.00000,90.000,-nan,-nan,-nan,0
10,3.00,6.070,0.5000,-27.578,-149.291,1.00000,90.000,-nan,-nan,-nan,0
10,3.00,6.080,0.5000,-27.572,-149.213,1.00000,90.000,-nan,-nan,-nan,0
10,3.00,6.090,0.5000,-27.566,-149.136,1.00000,90.000,-nan,-nan,-nan,0
10,3.00,6.100,0.5000,-27.560,-149.059,1.00000,90.000,-nan,-nan,-nan,0
10,3.00,6.110,0.5000,-27.554,-148.982,1.00000,90.000,-nan,-nan,-nan,0
10,3.00,6.120,0.5000,-27.548,-148.905,1.00000,90.000,-nan,-nan,-nan,0
10,3.00,6.130,0.5000,-27.542,-148.829,1.00000,90.000,-nan,-nan,-nan,0
10,3.00,6.140,0.5000,-27.536,-148.754,1.00000,90.000,-nan,-nan,-nan,0
10,3.00,6.150,0.5000,-27.530,-148.678,1.00000,90.000,-nan,-nan,-nan,0
10,3.00,6.160,0.5000,-27.524,-148.603,1.00000,90.000,-nan,-nan,-nan,0
10,3.00,6.170,0.5000,-27.518,-148.529,1.00000,90.000,-nan,-nan,-nan,0
10,3.00,6.180,0.5000,-27.512,-148.454,1.00000,90.000,-nan,-nan,-nan,0
10,3.00,6.190,0.5000,-27.507,-148.381,1.00000,90.000,-nan,-nan,-nan,0
10,3.00,6.200,0.5000,-27.501,-148.307,1.00000,90.000,-nan,-nan,-nan,0
10,3.00,6.210,0.5000,-27.495,-148.234,1.00000,90.000,-nan,-nan,-nan,0
10,3.00,6.220,0.5000,-27.489,-148.161,1.00000,90.000,-nan,-nan,-nan,0
10,3.00,6.230,0.5000,-27.484,-148.089,1.00000,90.000,-nan,-nan,-nan,0
10,3.00,6.240,0.5000,-27.478,-148.017,1.00000,90.000,-nan,-nan,-nan,0
10,3.00,6.250,0.5000,-27.472,-147.945,1.00000,90.000,-nan,-nan,-nan,0
10,3.00,6.260,0.5000,-27.467,-147.874,1.00000,90.000,-nan,-nan,-nan,0
10,3.00,6.270,0.5000,-27.461,-147.803,1.00000,90.000,-nan,-nan,-nan,0
10,3.00,6.280,0.5000,-27.455,-147.733,1.00000,90.000,-nan,-nan,-nan,0
10,3.00,6.290,0.5000,-27.450,-147.662,1.00000,90.000,-nan,-nan,-nan,0
10,3.00,6.300,0.5000,-27.444,-147.592,1.00000,90.000,-nan,-nan,-nan,0
10,3.00,6.310,0.5000,-27.439,-147.523,1.00000,90.000,-nan,-nan,-nan,0
10,3.00,6.320,0.5000,-27.433,-147.454,1.00000,90.000,-nan,-nan,-nan,0
10,3.00,6.330,0.5000,-27.428,-147.385,1.00000,90.000,-nan,-nan,-nan,0
10,3.00,6.340,0.5000,-27.423,-147.316,1.00000,90.000,-nan,-nan,-nan,0
10,3.00,6.350,0.5000,-27.417,-147.248,1.00000,90.000,-nan,-nan,-nan,0
10,3.00,6.360,0.5000,-27.412,-147.180,1.00000,90.000,-nan,-nan,-nan,0
10,3.00,6.370,0.5000,-27.407,-147.113,1.00000,90.000,-nan,-nan,-nan,0
10,3.00,6.380,0.5000,-27.401,-147.046,1.00000,90.000,-nan,-nan,-nan,0
10,3.00,6.390,0.5000,-27.396,-146.979,1.00000,90.000,-nan,-nan,-nan,0
10,3.00,6.400,0.5000,-27.391,-146.913,1.00000,90.000,-nan,-nan,-nan,0
10,3.00,6.410,0.5000,-27.386,-146.846,1.00000,90.000,-nan,-nan,-nan,0
10,3.00,6.420,0.5000,-27.380,-146.781,1.00000,90.000,-nan,-nan,-nan,0
10,3.00,6.430,0.5000,-27.375,-146.715,1.00000,90.000,-nan,-nan,-nan,0
10,3.00,6.440,0.5000,-27.370,-146.650,1.00000,90.000,-nan,-nan,-nan,0
10,3.00,6.450,0.5000,-27.365,-146.585,1.00000,90.000,-nan,-nan,-nan,0
10,3.00,6.460,0.5000,-27.360,-146.521,1.00000,90.000,-nan,-nan,-nan,0
10,3.00,6.470,0.5000,-27.355,-146.456,1.00000,90.000,-nan,-nan,-nan,0
10,3.00,6.480,0.5000,-27.350,-146.393,1.00000,90.000,-nan,-nan,-nan,0
10,3.00,6.490,0.5000,-27.345,-146.329,1.00000,90.000,-nan,-nan,-nan,0
10,3.00,6.500,0.5000,-27.340,-146.266,1.00000,90.000,-nan,-nan,-nan,0
10,3.00,6.510,0.5000,-27.335,-146.203,1.00000,90.000,-nan,-nan,-nan,0
10,3.00,6.520,0.5000,-27.330,-146.140,1.00000,90.000,-nan,-nan,-nan,0
10,3.00,6.530,0.5000,-27.325,-146.078,1.00000,90.000,-nan,-nan,-nan,0
10,3.00,6.540,0.5000,-27.320,-146.016,1.00000,90.000,-nan,-nan,-nan,0
10,3.00,6.550,0.5000,-27.315,-145.954,1.00000,90.000,-nan,-nan,-nan,0
10,3.00,6.560,0.5000,-27.310,-145.893,1.00000,90.000,-nan,-nan,-nan,0
10,3.00,6.570,0.5000,-27.306,-145.832,1.00000,90.000,-nan,-nan,-nan,0
10,3.00,6.580,0.5000,-27.301,-145.771,1.00000,90.000,-nan,-nan,-nan,0
10,3.00,6.590,0.5000,-27.296,-145.711,1.00000,90.000,-nan,-nan,-nan,0
10,3.00,6.600,0.5000,-27.291,-145.651,1.00000,90.000,-nan,-nan,-nan,0
10,3.00,6.610,0.5000,-27.287,-145.591,1.00000,90.000,-nan,-nan,-nan,0
10,3.00,6.620,0.5000,-27.282,-145.531,1.00000,90.000,-nan,-nan,-nan,0
10,3.00,6.630,0.5000,-27.277,-145.472,1.00000,90.000,-nan,-nan,-nan,0
10,3.00,6.640,0.5000,-27.273,-145.413,1.00000,90.000,-nan,-nan,-nan,0
10,3.00,6.650,0.5000,-27.268,-145.354,1.00000,90.000,-nan,-nan,-nan,0
10,3.00,6.660,0.5000,-27.263,-145.296,1.00000,90.000,-nan,-nan,-nan,0
10,3.00,6.670,0.5000,-27.259,-145.238,1.00000,90.000,-nan,-nan,-nan,0
10,3.00,6.680,0.5000,-27.254,-145.180,1.00000,90.000,-nan,-nan,-nan,0
10,3.00,6.690,0.5000,-27.250,-145.123,1.00000,90.000,-nan,-nan,-nan,0
10,3.00,6.700,0.5000,-27.245,-145.065,1.00000,90.000,-nan,-nan,-nan,0
10,3.00,6.710,0.5000,-27.241,-145.008,1.00000,90.000,-nan,-nan,-nan,0
10,3.00,6.720,0.5000,-27.236,-144.952,1.00000,90.000,-nan,-nan,-nan,0
10,3.00,6.730,0.5000,-27.232,-144.895,1.00000,90.000,-nan,-nan,-nan,0
10,3.00,6.740,0.5000,-27.227,-144.839,1.00000,90.000,-nan,-nan,-nan,0
10,3.00,6.750,0.5000,-27.223,-144.784,1.00000,90.000,-nan,-nan,-nan,0
10,3.00,6.760,0.5000,-27.218,-144.728,1.00000,90.000,-nan,-nan,-nan,0
10,3.00,6.770,0.5000,-27.214,-144.673,1.00000,90.000,-nan,-nan,-nan,0
10,3.00,6.780,0.5000,-27.210,-144.618,1.00000,90.000,-nan,-nan,-nan,0
10,3.00,6.790,0.5000,-27.205,-144.563,1.00000,90.000,-nan,-nan,-nan,0
10,3.00,6.800,0.5000,-27.201,-144.509,1.00000,90.000,-nan,-nan,-nan,0
10,3.00,6.810,0.5000,-27.197,-144.455,1.00000,90.000,-nan,-nan,-nan,0
10,3.00,6.820,0.5000,-27.193,-144.401,1.00000,90.000,-nan,-nan,-nan,0
10,3.00,6.830,0.5000,-27.188,-144.347,1.00000,90.000,-nan,-nan,-nan,0
10,3.00,6.840,0.5000,-27.184,-144.294,1.00000,90.000,-nan,-nan,-nan,0
10,3.00,6.850,0.5000,-27.180,-144.241,1.00000,90.000,-nan,-nan,-nan,0
10,3.00,6.860,0.5000,-27.176,-144.188,1.00000,90.000,-nan,-nan,-nan,0
10,3.00,6.870,0.5000,-27.172,-144.135,1.00000,90.000,-nan,-nan,-nan,0
10,3.00,6.880,0.5000,-27.168,-144.083,1.00000,90.000,-nan,-nan,-nan,0
10,3.00,6.890,0.5000,-27.164,-144.031,1.00000,90.000,-nan,-nan,-nan,0
10,3.00,6.900,0.5000,-27.159,-143.979,1.00000,90.000,-nan,-nan,-nan,0
10,3.00,6.910,0.5000,-27.155,-143.928,1.00000,90.000,-nan,-nan,-nan,0
10,3.00,6.920,0.5000,-27.151,-143.876,1.00000,90.000,-nan,-nan,-nan,0
10,3.00,6.930,0.5000,-27.147,-143.825,1.00000,90.000,-nan,-nan,-nan,0
10,3.00,6.940,0.5000,-27.143,-143.775,1.00000,90.000,-nan,-nan,-nan,0
10,3.00,6.950,0.5000,-27.139,-143.724,1.00000,90.000,-nan,-nan,-nan,0
10,3.00,6.960,0.5000,-27.135,-143.674,1.00000,90.000,-nan,-nan,-nan,0
10,3.00,6.970,0.5000,-27.131,-143.624,1.00000,90.000,-nan,-nan,-nan,0
10,3.00,6.980,0.5000,-27.127,-143.574,1.00000,90.000,-nan,-nan,-nan,0
10,3.00,6.990,0.5000,-27.124,-143.525,1.00000,90.000,-nan,-nan,-nan,0
10,3.00,7.000,0.5000,-27.120,-143.476,1.00000,90.000,-nan,-nan,-nan,0
10,3.00,7.010,0.5000,-27.116,-143.427,1.00000,90.000,-nan,-nan,-nan,0
10,3.00,7.020,0.5000,-27.112,-143.378,1.00000,90.000,-nan,-nan,-nan,0
10,3.00,7.030,0.5000,-27.108,-143.329,1.00000,90.000,-nan,-nan,-nan,0
10,3.00,7.040,0.5000,-27.104,-143.281,1.00000,90.000,-nan,-nan,-nan,0
10,3.00,7.050,0.5000,-27.101,-143.233,1.00000,90.000,-nan,-nan,-nan,0
10,3.00,7.060,0.5000,-27.097,-143.185,1.00000,90.000,-nan,-nan,-nan,0
10,3.00,7.070,0.5000,-27.093,-143.138,1.00000,90.000,-nan,-nan,-nan,0
10,3.00,7.080,0.5000,-27.089,-143.090,1.00000,90.000,-nan,-nan,-nan,0
10,3.00,7.090,0.5000,-27.086,-143.043,1.00000,90.000,-nan,-nan,-nan,0
10,3.00,7.100,0.5000,-27.082,-142.996,1.00000,90.000,-nan,-nan,-nan,0
10,3.00,7.110,0.5000,-27.078,-142.950,1.00000,90.000,-nan,-nan,-nan,0
10,3.00,7.120,0.5000,-27.075,-142.903,1.00000,90.000,-nan,-nan,-nan,0
10,3.00,7.130,0.5000,-27.071,-142.857,1.00000,90.000,-nan,-nan,-nan,0
10,3.00,7.140,0.5000,-27.067,-142.811,1.00000,90.000,-nan,-nan,-nan,0
10,3.00,7.150,0.5000,-27.064,-142.766,1.00000,90.000,-nan,-nan,-nan,0
10,3.00,7.160,0.5000,-27.060,-142.720,1.00000,90.000,-nan,-nan,-nan,0
10,3.00,7.170,0.5000,-27.057,-142.675,1.00000,90.000,-nan,-nan,-nan,0
10,3.00,7.180,0.5000,-27.053,-142.630,1.00000,90.000,-nan,-nan,-nan,0
10,3.00,7.190,0.5000,-27.050,-142.585,1.00000,90.000,-nan,-nan,-nan,0
10,3.00,7.200,0.5000,-27.046,-142.541,1.00000,90.000,-nan,-nan,-nan,0
10,3.00,7.210,0.5000,-27.042,-142.496,1.00000,90.000,-nan,-nan,-nan,0
10,3.00,7.220,0.5000,-27.039,-142.452,1.00000,90.000,-nan,-nan,-nan,0
10,3.00,7.230,0.5000,-27.036,-142.408,1.00000,90.000,-nan,-nan,-nan,0
10,3.00,7.240,0.5000,-27.032,-142.365,1.00000,90.000,-nan,-nan,-nan,0
10,3.00,7.250,0.5000,-27.029,-142.321,1.00000,90.000,-nan,-nan,-nan,0
10,3.00,7.260,0.5000,-27.025,-142.278,1.00000,90.000,-nan,-nan,-nan,0
10,3.00,7.270,0.5000,-27.022,-142.235,1.00000,90.000,-nan,-nan,-nan,0
10,3.00,7.280,0.5000,-27.019,-142.192,1.00000,90.000,-nan,-nan,-nan,0
10,3.00,7.290,0.5000,-27.015,-142.150,1.00000,90.000,-nan,-nan,-nan,0
10,3.00,7.300,0.5000,-27.012,-142.107,1.00000,90.000,-nan,-nan,-nan,0
10,3.00,7.310,0.5000,-27.008,-142.065,1.00000,90.000,-nan,-nan,-nan,0
10,3.00,7.320,0.5000,-27.005,-142.023,1.00000,90.000,-nan,-nan,-nan,0
10,3.00,7.330,0.5000,-27.002,-141.981,1.00000,90.000,-nan,-nan,-nan,0
10,3.00,7.340,0.5000,-26.999,-141.940,1.00000,90.000,-nan,-nan,-nan,0
10,3.00,7.350,0.5000,-26.995,-141.898,1.00000,90.000,-nan,-nan,-nan,0
10,3.00,7.360,0.5000,-26.992,-141.857,1.00000,90.000,-nan,-nan,-nan,0
10,3.00,7.370,0.5000,-26.989,-141.816,1.00000,90.000,-nan,-nan,-nan,0
10,3.00,7.380,0.5000,-26.986,-141.776,1.00000,90.000,-nan,-nan,-nan,0
10,3.00,7.390,0.5000,-26.982,-141.735,1.00000,90.000,-nan,-nan,-nan,0
10,3.00,7.400,0.5000,-26.979,-141.695,1.00000,90.000,-nan,-nan,-nan,0
10,3.00,7.410,0.5000,-26.976,-141.655,1.00000,90.000,-nan,-nan,-nan,0
10,3.00,7.420,0.5000,-26.973,-141.615,1.00000,90.000,-nan,-nan,-nan,0
10,3.00,7.430,0.5000,-26.970,-141.575,1.00000,90.000,-nan,-nan,-nan,0
10,3.00,7.440,0.5000,-26.967,-141.536,1.00000,90.000,-nan,-nan,-nan,0
10,3.00,7.450,0.5000,-26.964,-141.496,1.00000,90.000,-nan,-nan,-nan,0
10,3.00,7.460,0.5000,-26.961,-141.457,1.00000,90.000,-nan,-nan,-nan,0
10,3.00,7.470,0.5000,-26.957,-141.418,1.00000,90.000,-nan,-nan,-nan,0
10,3.00,7.480,0.5000,-26.954,-141.379,1.00000,90.000,-nan,-nan,-nan,0
10,3.00,7.490,0.5000,-26.951,-141.341,1.00000,90.000,-nan,-nan,-nan,0
10,3.00,7.500,0.5000,-26.948,-141.302,1.00000,90.000,-nan,-nan,-nan,0
10,3.00,7.510,0.5000,-26.945,-141.264,1.00000,90.000,-nan,-nan,-nan,0
10,3.00,7.520,0.5000,-26.942,-141.226,1.00000,90.000,-nan,-nan,-nan,0
10,3.00,7.530,0.5000,-26.939,-141.189,1.00000,90.000,-nan,-nan,-nan,0
10,3.00,7.540,0.5000,-26.936,-141.151,1.00000,90.000,-nan,-nan,-nan,0
10,3.00,7.550,0.5000,-26.933,-141.114,1.00000,90.000,-nan,-nan,-nan,0
10,3.00,7.560,0.5000,-26.931,-141.076,1.00000,90.000,-nan,-nan,-nan,0
10,3.00,7.570,0.5000,-26.928,-141.039,1.00000,90.000,-nan,-nan,-nan,0
10,3.00,7.580,0.5000,-26.925,-141.003,1.00000,90.000,-nan,-nan,-nan,0
10,3.00,7.590,0.5000,-26.922,-140.966,1.00000,90.000,-nan,-nan,-nan,0
10,3.00,7.600,0.5000,-26.919,-140.929,1.00000,90.000,-nan,-nan,-nan,0
10,3.00,7.610,0.5000,-26.916,-140.893,1.00000,90.000,-nan,-nan,-nan,0
10,3.00,7.620,0.5000,-26.913,-140.857,1.00000,90.000,-nan,-nan,-nan,0
10,3.00,7.630,0.5000,-26.910,-140.821,1.00000,90.000,-nan,-nan,-nan,0
10,3.00,7.640,0.5000,-26.908,-140.785,1.00000,90.000,-nan,-nan,-nan,0
10,3.00,7.650,0.5000,-26.905,-140.750,1.00000,90.000,-nan,-nan,-nan,0
10,3.00,7.660,0.5000,-26.902,-140.714,1.00000,90.000,-nan,-nan,-nan,0
10,3.00,7.670,0.5000,-26.899,-140.679,1.00000,90.000,-nan,-nan,-nan,0
10,3.00,7.680,0.5000,-26.896,-140.644,1.00000,90.000,-nan,-nan,-nan,0
10,3.00,7.690,0.5000,-26.894,-140.609,1.00000,90.000,-nan,-nan,-nan,0
10,3.00,7.700,0.5000,-26.891,-140.574,1.00000,90.000,-nan,-nan,-nan,0
10,3.00,7.710,0.5000,-26.888,-140.540,1.00000,90.000,-nan,-nan,-nan,0
10,3.00,7.720,0.5000,-26.885,-140.506,1.00000,90.000,-nan,-nan,-nan,0
10,3.00,7.730,0.5000,-26.883,-140.471,1.00000,90.000,-nan,-nan,-nan,0
10,3.00,7.740,0.5000,-26.880,-140.437,1.00000,90.000,-nan,-nan,-nan,0
10,3.00,7.750,0.5000,-26.877,-140.403,1.00000,90.000,-nan,-nan,-nan,0
10,3.00,7.760,0.5000,-26.875,-140.370,1.00000,90.000,-nan,-nan,-nan,0
10,3.00,7.770,0.5000,-26.872,-140.336,1.00000,90.000,-nan,-nan,-nan,0
10,3.00,7.780,0.5000,-26.870,-140.303,1.00000,90.000,-nan,-nan,-nan,0
10,3.00,7.790,0.5000,-26.867,-140.270,1.00000,90.000,-nan,-nan,-nan,0
10,3.00,7.800,0.5000,-26.864,-140.237,1.00000,90.000,-nan,-nan,-nan,0
10,3.00,7.810,0.5000,-26.862,-140.204,1.00000,90.000,-nan,-nan,-nan,0
10,3.00,7.820,0.5000,-26.859,-140.171,1.00000,90.000,-nan,-nan,-nan,0
10,3.00,7.830,0.5000,-26.857,-140.139,1.00000,90.000,-nan,-nan,-nan,0
10,3.00,7.840,0.5000,-26.854,-140.106,1.00000,90.000,-nan,-nan,-nan,0
10,3.00,7.850,0.5000,-26.851,-140.074,1.00000,90.000,-nan,-nan,-nan,0
10,3.00,7.860,0.5000,-26.849,-140.042,1.00000,90.000,-nan,-nan,-nan,0
10,3.00,7.870,0.5000,-26.846,-140.010,1.00000,90.000,-nan,-nan,-nan,0
10,3.00,7.880,0.5000,-26.844,-139.979,1.00000,90.000,-nan,-nan,-nan,0
10,3.00,7.890,0.5000,-26.841,-139.947,1.00000,90.000,-nan,-nan,-nan,0
10,3.00,7.900,0.5000,-26.839,-139.916,1.00000,90.000,-nan,-nan,-nan,0
10,3.00,7.910,0.5000,-26.837,-139.884,1.00000,90.000,-nan,-nan,-nan,0
10,3.00,7.920,0.5000,-26.834,-139.853,1.00000,90.000,-nan,-nan,-nan,0
10,3.00,7.930,0.5000,-26.832,-139.822,1.00000,90.000,-nan,-nan,-nan,0
10,3.00,7.940,0.5000,-26.829,-139.792,1.00000,90.000,-nan,-nan,-nan,0
10,3.00,7.950,0.5000,-26.827,-139.761,1.00000,90.000,-nan,-nan,-nan,0
10,3.00,7.960,0.5000,-26.824,-139.731,1.00000,90.000,-nan,-nan,-nan,0
10,3.00,7.970,0.5000,-26.822,-139.700,1.00000,90.000,-nan,-nan,-nan,0
10,3.00,7.980,0.5000,-26.820,-139.670,1.00000,90.000,-nan,-nan,-nan,0
10,3.00,7.990,0.5000,-26.817,-139.640,1.00000,90.000,-nan,-nan,-nan,0
10,3.00,8.000,0.5000,-26.815,-139.610,1.00000,90.000,-nan,-nan,-nan,0
10,3.00,8.010,0.5000,-26.813,-139.580,1.00000,90.000,-nan,-nan,-nan,0
10,3.00,8.020,0.5000,-26.810,-139.551,1.00000,90.000,-nan,-nan,-nan,0
10,3.00,8.030,0.5000,-26.808,-139.521,1.00000,90.000,-nan,-nan,-nan,0
10,3.00,8.040,0.5000,-26.806,-139.492,1.00000,90.000,-nan,-nan,-nan,0
10,3.00,8.050,0.5000,-26.803,-139.463,1.00000,90.000,-nan,-nan,-nan,0
10,3.00,8.060,0.5000,-26.801,-139.434,1.00000,90.000,-nan,-nan,-nan,0
10,3.00,8.070,0.5000,-26.799,-139.405,1.00000,90.000,-nan,-nan,-nan,0
10,3.00,8.080,0.5000,-26.796,-139.376,1.00000,90.000,-nan,-nan,-nan,0
10,3.00,8.090,0.5000,-26.794,-139.348,1.00000,90.000,-nan,-nan,-nan,0
10,3.00,8.100,0.5000,-26.792,-139.320,1.00000,90.000,-nan,-nan,-nan,0
10,3.00,8.110,0.5000,-26.790,-139.291,1.00000,90.000,-nan,-nan,-nan,0
10,3.00,8.120,0.5000,-26.788,-139.263,1.00000,90.000,-nan,-nan,-nan,0
10,3.00,8.130,0.5000,-26.785,-139.235,1.00000,90.000,-nan,-nan,-nan,0
10,3.00,8.140,0.5000,-26.783,-139.207,1.00000,90.000,-nan,-nan,-nan,0
10,3.00,8.150,0.5000,-26.781,-139.180,1.00000,90.000,-nan,-nan,-nan,0
10,3.00,8.160,0.5000,-26.779,-139.152,1.00000,90.000,-nan,-nan,-nan,0
10,3.00,8.170,0.5000,-26.777,-139.125,1.00000,90.000,-nan,-nan,-nan,0
10,3.00,8.180,0.5000,-26.774,-139.097,1.00000,90.000,-nan,-nan,-nan,0
10,3.00,8.190,0.5000,-26.772,-139.070,1.00000,90.000,-nan,-nan,-nan,0
10,3.00,8.200,0.5000,-26.770,-139.043,1.00000,90.000,-nan,-nan,-nan,0
10,3.00,8.210,0.5000,-26.768,-139.016,1.00000,90.000,-nan,-nan,-nan,0
10,3.00,8.220,0.5000,-26.766,-138.989,1.00000,90.000,-nan,-nan,-nan,0
10,3.00,8.230,0.5000,-26.764,-138.963,1.00000,90.000,-nan,-nan,-nan,0
10,3.00,8.240,0.5000,-26.762,-138.936,1.00000,90.000,-nan,-nan,-nan,0
10,3.00,8.250,0.5000,-26.760,-138.910,1.00000,90.000,-nan,-nan,-nan,0
10,3.00,8.260,0.5000,-26.758,-138.884,1.00000,90.000,-nan,-nan,-nan,0
10,3.00,8.270,0.5000,-26.756,-138.858,1.00000,90.000,-nan,-nan,-nan,0
10,3.00,8.280,0.5000,-26.754,-138.832,1.00000,90.000,-nan,-nan,-nan,0
10,3.00,8.290,0.5000,-26.751,-138.806,1.00000,90.000,-nan,-nan,-nan,0
10,3.00,8.300,0.5000,-26.749,-138.780,1.00000,90.000,-nan,-nan,-nan,0
10,3.00,8.310,0.5000,-26.747,-138.755,1.00000,90.000,-nan,-nan,-nan,0
10,3.00,8.320,0.5000,-26.745,-138.729,1.00000,90.000,-nan,-nan,-nan,0
10,3.00,8.330,0.5000,-26.743,-138.704,1.00000,90.000,-nan,-nan,-nan,0
10,3.00,8.340,0.5000,-26.741,-138.679,1.00000,90.000,-nan,-nan,-nan,0
10,3.00,8.350,0.5000,-26.739,-138.654,1.00000,90.000,-nan,-nan,-nan,0
10,3.00,8.360,0.5000,-26.737,-138.629,1.00000,90.000,-nan,-nan,-nan,0
10,3.00,8.370,0.5000,-26.736,-138.604,1.00000,90.000,-nan,-nan,-nan,0
10,3.00,8.380,0.5000,-26.734,-138.579,1.00000,90.000,-nan,-nan,-nan,0
10,3.00,8.390,0.5000,-26.732,-138.554,1.00000,90.000,-nan,-nan,-nan,0
10,3.00,8.400,0.5000,-26.730,-138.530,1.00000,90.000,-nan,-nan,-nan,0
10,3.00,8.410,0.5000,-26.728,-138.506,1.00000,90.000,-nan,-nan,-nan,0
10,3.00,8.420,0.5000,-26.726,-138.481,1.00000,90.000,-nan,-nan,-nan,0
10,3.00,8.430,0.5000,-26.724,-138.457,1.00000,90.000,-nan,-nan,-nan,0
10,3.00,8.440,0.5000,-26.722,-138.433,1.00000,90.000,-nan,-nan,-nan,0
10,3.00,8.450,0.5000,-26.720,-138.410,1.00000,90.000,-nan,-nan,-nan,0
10,3.00,8.460,0.5000,-26.718,-138.386,1.00000,90.000,-nan,-nan,-nan,0
10,3.00,8.470,0.5000,-26.716,-138.362,1.00000,90.000,-nan,-nan,-nan,0
10,3.00,8.480,0.5000,-26.715,-138.339,1.00000,90.000,-nan,-nan,-nan,0
10,3.00,8.490,0.5000,-26.713,-138.315,1.00000,90.000,-nan,-nan,-nan,0
10,3.00,8.500,0.5000,-26.711,-138.292,1.00000,90.000,-nan,-nan,-nan,0
10,3.00,8.510,0.5000,-26.709,-138.269,1.00000,90.000,-nan,-nan,-nan,0
10,3.00,8.520,0.5000,-26.707,-138.246,1.00000,90.000,-nan,-nan,-nan,0
10,3.00,8.530,0.5000,-26.706,-138.223,1.00000,90.000,-nan,-nan,-nan,0
10,3.00,8.540,0.5000,-26.704,-138.200,1.00000,90.000,-nan,-nan,-nan,0
10,3.00,8.550,0.5000,-26.702,-138.178,1.00000,90.000,-nan,-nan,-nan,0
10,3.00,8.560,0.5000,-26.700,-138.155,1.00000,90.000,-nan,-nan,-nan,0
10,3.00,8.570,0.5000,-26.698,-138.133,1.00000,90.000,-nan,-nan,-nan,0
10,3.00,8.580,0.5000,-26.697,-138.110,1.00000,90.000,-nan,-nan,-nan,0
10,3.00,8.590,0.5000,-26.695,-138.088,1.00000,90.000,-nan,-nan,-nan,0
10,3.00,8.600,0.5000,-26.693,-138.066,1.00000,90.000,-nan,-nan,-nan,0
10,3.00,8.610,0.5000,-26.691,-138.044,1.00000,90.000,-nan,-nan,-nan,0
10,3.00,8.620,0.5000,-26.690,-138.022,1.00000,90.000,-nan,-nan,-nan,0
10,3.00,8.630,0.5000,-26.688,-138.000,1.00000,90.000,-nan,-nan,-nan,0
10,3.00,8.640,0.5000,-26.686,-137.978,1.00000,90.000,-nan,-nan,-nan,0
10,3.00,8.650,0.5000,-26.685,-137.957,1.00000,90.000,-nan,-nan,-nan,0
10,3.00,8.660,0.5000,-26.683,-137.935,1.00000,90.000,-nan,-nan,-nan,0
10,3.00,8.670,0.5000,-26.681,-137.914,1.00000,90.000,-nan,-nan,-nan,0
10,3.00,8.680,0.5000,-26.679,-137.893,1.00000,90.000,-nan,-nan,-nan,0
10,3.00,8.690,0.5000,-26.678,-137.872,1.00000,90.000,-nan,-nan,-nan,0
10,3.00,8.700,0.5000,-26.676,-137.851,1.00000,90.000,-nan,-nan,-nan,0
10,3.00,8.710,0.5000,-26.674,-137.830,1.00000,90.000,-nan,-nan,-nan,0
10,3.00,8.720,0.5000,-26.673,-137.809,1.00000,90.000,-nan,-nan,-nan,0
10,3.00,8.730,0.5000,-26.671,-137.788,1.00000,90.000,-nan,-nan,-nan,0
10,3.00,8.740,0.5000,-26.670,-137.767,1.00000,90.000,-nan,-nan,-nan,0
10,3.00,8.750,0.5000,-26.668,-137.747,1.00000,90.000,-nan,-nan,-nan,0
10,3.00,8.760,0.5000,-26.666,-137.726,1.00000,90.000,-nan,-nan,-nan,0
10,3.00,8.770,0.5000,-26.665,-137.706,1.00000,90.000,-nan,-nan,-nan,0
10,3.00,8.780,0.5000,-26.663,-137.686,1.00000,90.000,-nan,-nan,-nan,0
10,3.00,8.790,0.5000,-26.662,-137.666,1.00000,90.000,-nan,-nan,-nan,0
10,3.00,8.800,0.5000,-26.660,-137.646,1.00000,90.000,-nan,-nan,-nan,0
10,3.00,8.810,0.5000,-26.658,-137.626,1.00000,90.000,-nan,-nan,-nan,0
10,3.00,8.820,0.5000,-26.657,-137.606,1.00000,90.000,-nan,-nan,-nan,0
10,3.00,8.830,0.5000,-26.655,-137.586,1.00000,90.000,-nan,-nan,-nan,0
10,3.00,8.840,0.5000,-26.654,-137.567,1.00000,90.000,-nan,-nan,-nan,0
10,3.00,8.850,0.5000,-26.652,-137.547,1.00000,90.000,-nan,-nan,-nan,0
10,3.00,8.860,0.5000,-26.651,-137.528,1.00000,90.000,-nan,-nan,-nan,0
10,3.00,8.870,0.5000,-26.649,-137.508,1.00000,90.000,-nan,-nan,-nan,0
10,3.00,8.880,0.5000,-26.648,-137.489,1.00000,90.000,-nan,-nan,-nan,0
10,3.00,8.890,0.5000,-26.646,-137.470,1.00000,90.000,-nan,-nan,-nan,0
10,3.00,8.900,0.5000,-26.645,-137.451,1.00000,90.000,-nan,-nan,-nan,0
10,3.00,8.910,0.5000,-26.643,-137.432,1.00000,90.000,-nan,-nan,-nan,0
10,3.00,8.920,0.5000,-26.642,-137.413,1.00000,90.000,-nan,-nan,-nan,0
10,3.00,8.930,0.5000,-26.640,-137.394,1.00000,90.000,-nan,-nan,-nan,0
10,3.00,8.940,0.5000,-26.639,-137.376,1.00000,90.000,-nan,-nan,-nan,0
10,3.00,8.950,0.5000,-26.637,-137.357,1.00000,90.000,-nan,-nan,-nan,0
10,3.00,8.960,0.5000,-26.636,-137.339,1.00000,90.000,-nan,-nan,-nan,0
10,3.00,8.970,0.5000,-26.634,-137.320,1.00000,90.000,-nan,-nan,-nan,0
10,3.00,8.980,0.5000,-26.633,-137.302,1.00000,90.000,-nan,-nan,-nan,0
10,3.00,8.990,0.5000,-26.631,-137.284,1.00000,90.000,-nan,-nan,-nan,0
10,3.00,9.000,0.5000,-26.630,-137.266,1.00000,90.000,-nan,-nan,-nan,0
10,3.00,9.010,0.5000,-26.629,-137.248,1.00000,90.000,-nan,-nan,-nan,0
10,3.00,9.020,0.5000,-26.627,-137.230,1.00000,90.000,-nan,-nan,-nan,0
10,3.00,9.030,0.5000,-26.626,-137.212,1.00000,90.000,-nan,-nan,-nan,0
10,3.00,9.040,0.5000,-26.624,-137.194,1.00000,90.000,-nan,-nan,-nan,0
10,3.00,9.050,0.5000,-26.623,-137.176,1.00000,90.000,-nan,-nan,-nan,0
10,3.00,9.060,0.5000,-26.622,-137.159,1.00000,90.000,-nan,-nan,-nan,0
10,3.00,9.070,0.5000,-26.620,-137.141,1.00000,90.000,-nan,-nan,-nan,0
10,3.00,9.080,0.5000,-26.619,-137.124,1.00000,90.000,-nan,-nan,-nan,0
10,3.00,9.090,0.5000,-26.617,-137.107,1.00000,90.000,-nan,-nan,-nan,0
10,3.00,9.100,0.5000,-26.616,-137.089,1.00000,90.000,-nan,-nan,-nan,0
10,3.00,9.110,0.5000,-26.615,-137.072,1.00000,90.000,-nan,-nan,-nan,0
10,3.00,9.120,0.5000,-26.613,-137.055,1.00000,90.000,-nan,-nan,-nan,0
10,3.00,9.130,0.5000,-26.612,-137.038,1.00000,90.000,-nan,-nan,-nan,0
10,3.00,9.140,0.5000,-26.611,-137.021,1.00000,90.000,-nan,-nan,-nan,0
10,3.00,9.150,0.5000,-26.609,-137.005,1.00000,90.000,-nan,-nan,-nan,0
10,3.00,9.160,0.5000,-26.608,-136.988,1.00000,90.000,-nan,-nan,-nan,0
10,3.00,9.170,0.5000,-26.607,-136.971,1.00000,90.000,-nan,-nan,-nan,0
10,3.00,9.180,0.5000,-26.605,-136.955,1.00000,90.000,-nan,-nan,-nan,0
10,3.00,9.190,0.5000,-26.604,-136.938,1.00000,90.000,-nan,-nan,-nan,0
10,3.00,9.200,0.5000,-26.603,-136.922,1.00000,90.000,-nan,-nan,-nan,0
10,3.00,9.210,0.5000,-26.602,-136.905,1.00000,90.000,-nan,-nan,-nan,0
10,3.00,9.220,0.5000,-26.600,-136.889,1.00000,90.000,-nan,-nan,-nan,0
10,3.00,9.230,0.5000,-26.599,-136.873,1.00000,90.000,-nan,-nan,-nan,0
10,3.00,9.240,0.5000,-26.598,-136.857,1.00000,90.000,-nan,-nan,-nan,0
10,3.00,9.250,0.5000,-26.597,-136.841,1.00000,90.000,-nan,-nan,-nan,0
10,3.00,9.260,0.5000,-26.595,-136.825,1.00000,90.000,-nan,-nan,-nan,0
10,3.00,9.270,0.5000,-26.594,-136.809,1.00000,90.000,-nan,-nan,-nan,0
10,3.00,9.280,0.5000,-26.593,-136.794,1.00000,90.000,-nan,-nan,-nan,0
10,3.00,9.290,0.5000,-26.592,-136.778,1.00000,90.000,-nan,-nan,-nan,0
10,3.00,9.300,0.5000,-26.590,-136.762,1.00000,90.000,-nan,-nan,-nan,0
10,3.00,9.310,0.5000,-26.589,-136.747,1.00000,90.000,-nan,-nan,-nan,0
10,3.00,9.320,0.5000,-26.588,-136.731,1.00000,90.000,-nan,-nan,-nan,0
10,3.00,9.330,0.5000,-26.587,-136.716,1.00000,90.000,-nan,-nan,-nan,0
10,3.00,9.340,0.5000,-26.585,-136.701,1.00000,90.000,-nan,-nan,-nan,0
10,3.00,9.350,0.5000,-26.584,-136.685,1.00000,90.000,-nan,-nan,-nan,0
10,3.00,9.360,0.5000,-26.583,-136.670,1.00000,90.000,-nan,-nan,-nan,0
10,3.00,9.370,0.5000,-26.582,-136.655,1.00000,90.000,-nan,-nan,-nan,0
10,3.00,9.380,0.5000,-26.581,-136.640,1.00000,90.000,-nan,-nan,-nan,0
10,3.00,9.390,0.5000,-26.580,-136.625,1.00000,90.000,-nan,-nan,-nan,0
10,3.00,9.400,0.5000,-26.578,-136.611,1.00000,90.000,-nan,-nan,-nan,0
10,3.00,9.410,0.5000,-26.577,-136.596,1.00000,90.000,-nan,-nan,-nan,0
10,3.00,9.420,0.5000,-26.576,-136.581,1.00000,90.000,-nan,-nan,-nan,0
10,3.00,9.430,0.5000,-26.575,-136.566,1.00000,90.000,-nan,-nan,-nan,0
10,3.00,9.440,0.5000,-26.574,-136.552,1.00000,90.000,-nan,-nan,-nan,0
10,3.00,9.450,0.5000,-26.573,-136.537,1.00000,90.000,-nan,-nan,-nan,0
10,3.00,9.460,0.5000,-26.571,-136.523,1.00000,90.000,-nan,-nan,-nan,0
10,3.00,9.470,0.5000,-26.570,-136.509,1.00000,90.000,-nan,-nan,-nan,0
10,3.00,9.480,0.5000,-26.569,-136.495,1.00000,90.000,-nan,-nan,-nan,0
10,3.00,9.490,0.5000,-26.568,-136.480,1.00000,90.000,-nan,-nan,-nan,0
10,3.00,9.500,0.5000,-26.567,-136.466,1.00000,90.000,-nan,-nan,-nan,0
10,3.00,9.510,0.5000,-26.566,-136.452,1.00000,90.000,-nan,-nan,-nan,0
10,3.00,9.520,0.5000,-26.565,-136.438,1.00000,90.000,-nan,-nan,-nan,0
10,3.00,9.530,0.5000,-26.564,-136.424,1.00000,90.000,-nan,-nan,-nan,0
10,3.00,9.540,0.5000,-26.563,-136.410,1.00000,90.000,-nan,-nan,-nan,0
10,3.00,9.550,0.5000,-26.561,-136.397,1.00000,90.000,-nan,-nan,-nan,0
10,3.00,9.560,0.5000,-26.560,-136.383,1.00000,90.000,-nan,-nan,-nan,0
10,3.00,9.570,0.5000,-26.559,-136.369,1.00000,90.000,-nan,-nan,-nan,0
10,3.00,9.580,0.5000,-26.558,-136.356,1.00000,90.000,-nan,-nan,-nan,0
10,3.00,9.590,0.5000,-26.557,-136.342,1.00000,90.000,-nan,-nan,-nan,0
10,3.00,9.600,0.5000,-26.556,-136.329,1.00000,90.000,-nan,-nan,-nan,0
10,3.00,9.610,0.5000,-26.555,-136.316,1.00000,90.000,-nan,-nan,-nan,0
10,3.00,9.620,0.5000,-26.554,-136.302,1.00000,90.000,-nan,-nan,-nan,0
10,3.00,9.630,0.5000,-26.553,-136.289,1.00000,90.000,-nan,-nan,-nan,0
10,3.00,9.640,0.5000,-26.552,-136.276,1.00000,90.000,-nan,-nan,-nan,0
10,3.00,9.650,0.5000,-26.551,-136.263,1.00000,90.000,-nan,-nan,-nan,0
10,3.00,9.660,0.5000,-26.550,-136.250,1.00000,90.000,-nan,-nan,-nan,0
10,3.00,9.670,0.5000,-26.549,-136.237,1.00000,90.000,-nan,-nan,-nan,0
10,3.00,9.680,0.5000,-26.548,-136.224,1.00000,90.000,-nan,-nan,-nan,0
10,3.00,9.690,0.5000,-26.547,-136.211,1.00000,90.000,-nan,-nan,-nan,0
10,3.00,9.700,0.5000,-26.546,-136.198,1.00000,90.000,-nan,-nan,-nan,0
10,3.00,9.710,0.5000,-26.545,-136.186,1.00000,90.000,-nan,-nan,-nan,0
10,3.00,9.720,0.5000,-26.544,-136.173,1.00000,90.000,-nan,-nan,-nan,0
10,3.00,9.730,0.5000,-26.543,-136.160,1.00000,90.000,-nan,-nan,-nan,0
10,3.00,9.740,0.5000,-26.542,-136.148,1.00000,90.000,-nan,-nan,-nan,0
10,3.00,9.750,0.5000,-26.541,-136.136,1.00000,90.000,-nan,-nan,-nan,0
10,3.00,9.760,0.5000,-26.540,-136.123,1.00000,90.000,-nan,-nan,-nan,0
10,3.00,9.770,0.5000,-26.539,-136.111,1.00000,90.000,-nan,-nan,-nan,0
10,3.00,9.780,0.5000,-26.538,-136.099,1.00000,90.000,-nan,-nan,-nan,0
10,3.00,9.790,0.5000,-26.537,-136.086,1.00000,90.000,-nan,-nan,-nan,0
10,3.00,9.800,0.5000,-26.536,-136.074,1.00000,90.000,-nan,-nan,-nan,0
10,3.00,9.810,0.5000,-26.535,-136.062,1.00000,90.000,-nan,-nan,-nan,0
10,3.00,9.820,0.5000,-26.534,-136.050,1.00000,90.000,-nan,-nan,-nan,0
10,3.00,9.830,0.5000,-26.533,-136.038,1.00000,90.000,-nan,-nan,-nan,0
10,3.00,9.840,0.5000,-26.532,-136.026,1.00000,90.000,-nan,-nan,-nan,0
10,3.00,9.850,0.5000,-26.531,-136.014,1.00000,90.000,-nan,-nan,-nan,0
10,3.00,9.860,0.5000,-26.530,-136.003,1.00000,90.000,-nan,-nan,-nan,0
10,3.00,9.870,0.5000,-26.529,-135.991,1.00000,90.000,-nan,-nan,-nan,0
10,3.00,9.880,0.5000,-26.529,-135.979,1.00000,90.000,-nan,-nan,-nan,0
10,3.00,9.890,0.5000,-26.528,-135.968,1.00000,90.000,-nan,-nan,-nan,0
10,3.00,9.900,0.5000,-26.527,-135.956,1.00000,90.000,-nan,-nan,-nan,0
10,3.00,9.910,0.5000,-26.526,-135.945,1.00000,90.000,-nan,-nan,-nan,0
10,3.00,9.920,0.5000,-26.525,-135.933,1.00000,90.000,-nan,-nan,-nan,0
10,3.00,9.930,0.5000,-26.524,-135.922,1.00000,90.000,-nan,-nan,-nan,0
10,3.00,9.940,0.5000,-26.523,-135.910,1.00000,90.000,-nan,-nan,-nan,0
10,3.00,9.950,0.5000,-26.522,-135.899,1.00000,90.000,-nan,-nan,-nan,0
10,3.00,9.960,0.5000,-26.521,-135.888,1.00000,90.000,-nan,-nan,-nan,0
10,3.00,9.970,0.5000,-26.520,-135.877,1.00000,90.000,-nan,-nan,-nan,0
10,3.00,9.980,0.5000,-26.520,-135.866,1.00000,90.000,-nan,-nan,-nan,0
10,3.00,9.990,0.5000,-26.519,-135.855,1.00000,90.000,-nan,-nan,-nan,0
10,3.00,10.000,0.5000,-26.518,-135.844,1.00000,90.000,-nan,-nan,-nan,0
11,3.00,0.000,0.5000,-52.000,-458.975,0.04362,2.500,180.00,0.00000,-0.04362,0
11,3.00,0.010,0.5000,-51.872,-457.352,1.00000,90.000,168.36,0.20169,-0.97945,0
11,3.00,0.020,0.5000,-51.745,-455.738,1.00000,90.000,156.69,0.39578,-0.91835,0
11,3.00,0.030,0.5000,-51.618,-454.131,1.00000,90.000,144.96,0.57410,-0.81879,0
11,3.00,0.040,0.5000,-51.492,-452.533,1.00000,90.000,133.20,0.72899,-0.68453,0
11,3.00,0.050,0.5000,-51.367,-450.942,1.00000,90.000,121.39,0.85364,-0.52086,0
11,3.00,0.060,0.5000,-51.242,-449.360,1.00000,90.000,109.54,0.94242,-0.33443,0
11,3.00,0.070,0.5000,-51.118,-447.785,1.00000,90.000,97.64,0.99112,-0.13299,0
11,3.00,0.080,0.5000,-50.994,-446.219,1.00000,90.000,85.70,0.99719,0.07492,0
11,3.00,0.090,0.5000,-50.871,-444.660,1.00000,90.000,73.72,0.95991,0.28032,0
11,3.00,0.100,0.5000,-50.749,-443.109,1.00000,90.000,61.69,0.88043,0.47418,0
11,3.00,0.110,0.5000,-50.627,-441.565,1.00000,90.000,49.62,0.76180,0.64781,0
11,3.00,0.120,0.5000,-50.506,-440.029,1.00000,90.000,37.51,0.60888,0.79327,0
11,3.00,0.130,0.5000,-50.385,-438.501,1.00000,90.000,25.35,0.42813,0.90371,0
11,3.00,0.140,0.5000,-50.266,-436.981,1.00000,90.000,13.15,0.22743,0.97379,0
11,3.00,0.150,0.5000,-50.146,-435.468,1.00000,90.000,0.90,0.01568,0.99988,0
11,3.00,0.160,0.5000,-50.028,-433.963,1.00000,90.000,348.61,-0.19755,0.98029,0
11,3.00,0.170,0.5000,-49.909,-432.465,1.00000,90.000,336.27,-0.40243,0.91545,0
11,3.00,0.180,0.5000,-49.792,-430.975,1.00000,90.000,323.89,-0.58936,0.80787,0
11,3.00,0.190,0.5000,-49.675,-429.492,1.00000,90.000,311.46,-0.74939,0.66213,0
11,3.00,0.200,0.5000,-49.559,-428.016,1.00000,90.000,298.99,-0.87469,0.48468,0
11,3.00,0.210,0.5000,-49.443,-426.548,1.00000,90.000,286.48,-0.95894,0.28361,0
11,3.00,0.220,0.5000,-49.328,-425.087,1.00000,90.000,273.91,-0.99767,0.06827,0
11,3.00,0.230,0.5000,-49.213,-423.634,1.00000,90.000,261.31,-0.98852,-0.15112,0
11,3.00,0.240,0.5000,-49.099,-422.187,1.00000,90.000,248.66,-0.93142,-0.36395,0
11,3.00,0.250,0.5000,-48.985,-420.748,1.00000,90.000,235.96,-0.82865,-0.55977,0
11,3.00,0.260,0.5000,-48.873,-419.316,1.00000,90.000,223.22,-0.68478,-0.72875,0
11,3.00,0.270,0.5000,-48.760,-417.892,1.00000,90.000,210.43,-0.50649,-0.86225,0
11,3.00,0.280,0.5000,-48.648,-416.474,1.00000,90.000,197.60,-0.30231,-0.95321,0
11,3.00,0.290,0.5000,-48.537,-415.063,1.00000,90.000,184.72,-0.08224,-0.99661,0
11,3.00,0.300,0.5000,-48.426,-413.660,1.00000,90.000,171.79,0.14276,-0.98976,0
11,3.00,0.310,0.5000,-48.316,-412.263,1.00000,90.000,158.82,0.36128,-0.93246,0
11,3.00,0.320,0.5000,-48.207,-410.874,1.00000,90.000,145.80,0.56202,-0.82712,0
11,3.00,0.330,0.5000,-48.098,-409.491,1.00000,90.000,132.74,0.73443,-0.67869,0
11,3.00,0.340,0.5000,-47.989,-408.115,1.00000,90.000,119.63,0.86922,-0.49442,0
11,3.00,0.350,0.5000,-47.881,-406.746,1.00000,90.000,106.48,0.95894,-0.28361,0
11,3.00,0.360,0.5000,-47.774,-405.384,1.00000,90.000,93.27,0.99837,-0.05710,0
11,3.00,0.370,0.5000,-47.667,-404.029,1.00000,90.000,80.02,0.98488,0.17322,0
11,3.00,0.380,0.5000,-47.561,-402.681,1.00000,90.000,66.73,0.91865,0.39507,0
11,3.00,0.390,0.5000,-47.455,-401.339,1.00000,90.000,53.39,0.80268,0.59640,0
11,3.00,0.400,0.5000,-47.350,-400.004,1.00000,90.000,40.00,0.64276,0.76606,0
11,3.00,0.410,0.5000,-47.245,-398.675,1.00000,90.000,26.56,0.44717,0.89445,0
11,3.00,0.420,0.5000,-47.141,-397.353,1.00000,90.000,13.08,0.22630,0.97406,0
11,3.00,0.430,0.5000,-47.037,-396.038,1.00000,90.000,359.55,-0.00786,0.99997,0
11,3.00,0.440,0.5000,-46.934,-394.730,1.00000,90.000,345.97,-0.24239,0.97018,0
11,3.00,0.450,0.5000,-46.831,-393.427,1.00000,90.000,332.35,-0.46410,0.88578,0
11,3.00,0.460,0.5000,-46.729,-392.132,1.00000,90.000,318.68,-0.66031,0.75099,0
11,3.00,0.470,0.5000,-46.627,-390.843,1.00000,90.000,304.96,-0.81958,0.57296,0
11,3.00,0.480,0.5000,-46.526,-389.560,1.00000,90.000,291.19,-0.93239,0.36146,0
11,3.00,0.490,0.5000,-46.425,-388.283,1.00000,90.000,277.38,-0.99173,0.12837,0
11,3.00,0.500,0.5000,-46.325,-387.014,1.00000,90.000,263.51,-0.99360,-0.11297,0
11,3.00,0.510,0.5000,-46.225,-385.750,1.00000,90.000,249.60,-0.93730,-0.34852,0
11,3.00,0.520,0.5000,-46.126,-384.493,1.00000,90.000,235.65,-0.82556,-0.56431,0
11,3.00,0.530,0.5000,-46.028,-383.241,1.00000,90.000,221.64,-0.66444,-0.74734,0
11,3.00,0.540,0.5000,-45.930,-381.997,1.00000,90.000,207.59,-0.46307,-0.88632,0
11,3.00,0.550,0.5000,-45.832,-380.758,1.00000,90.000,193.48,-0.23315,-0.97244,0
11,3.00,0.560,0.5000,-45.735,-379.526,1.00000,90.000,179.33,0.01166,-0.99993,0
11,3.00,0.570,0.5000,-45.638,-378.299,1.00000,90.000,165.13,0.25658,-0.96652,0
11,3.00,0.580,0.5000,-45.542,-377.079,1.00000,90.000,150.89,0.48656,-0.87365,0
11,3.00,0.590,0.5000,-45.446,-375.865,1.00000,90.000,136.59,0.68722,-0.72645,0
11,3.00,0.600,0.5000,-45.351,-374.657,1.00000,90.000,122.24,0.84578,-0.53354,0
11,3.00,0.610,0.5000,-45.256,-373.455,1.00000,90.000,107.85,0.95185,-0.30655,0
11,3.00,0.620,0.5000,-45.162,-372.259,1.00000,90.000,93.41,0.99823,-0.05946,0
11,3.00,0.630,0.5000,-45.068,-371.069,1.00000,90.000,78.92,0.98135,0.19221,0
11,3.00,0.640,0.5000,-44.974,-369.885,1.00000,90.000,64.38,0.90166,0.43244,0
11,3.00,0.650,0.5000,-44.881,-368.706,1.00000,90.000,49.79,0.76367,0.64561,0
11,3.00,0.660,0.5000,-44.789,-367.534,1.00000,90.000,35.15,0.57572,0.81765,0
11,3.00,0.670,0.5000,-44.697,-366.368,1.00000,90.000,20.46,0.34959,0.93690,0
11,3.00,0.680,0.5000,-44.605,-365.207,1.00000,90.000,5.73,0.09976,0.99501,0
11,3.00,0.690,0.5000,-44.514,-364.052,1.00000,90.000,350.94,-0.15749,0.98752,0
11,3.00,0.700,0.5000,-44.424,-362.903,1.00000,90.000,336.10,-0.40509,0.91427,0
11,3.00,0.710,0.5000,-44.334,-361.760,1.00000,90.000,321.22,-0.62637,0.77953,0
11,3.00,0.720,0.5000,-44.244,-360.622,1.00000,90.000,306.28,-0.80611,0.59176,0
11,3.00,0.730,0.5000,-44.155,-359.490,1.00000,90.000,291.30,-0.93171,0.36320,0
11,3.00,0.740,0.5000,-44.066,-358.363,1.00000,90.000,276.26,-0.99403,0.10908,0
11,3.00,0.750,0.5000,-43.977,-357.243,1.00000,90.000,261.18,-0.98817,-0.15337,0
11,3.00,0.760,0.5000,-43.889,-356.128,1.00000,90.000,246.04,-0.91385,-0.40606,0
11,3.00,0.770,0.5000,-43.802,-355.018,1.00000,90.000,230.86,-0.77558,-0.63125,0
11,3.00,0.780,0.5000,-43.715,-353.914,1.00000,90.000,215.62,-0.58245,-0.81287,0
11,3.00,0.790,0.5000,-43.628,-352.815,1.00000,90.000,200.34,-0.34755,-0.93766,0
11,3.00,0.800,0.5000,-43.542,-351.722,1.00000,90.000,185.00,-0.08719,-0.99619,0
11,3.00,0.810,0.5000,-43.456,-350.635,1.00000,90.000,169.62,0.18025,-0.98362,0
11,3.00,0.820,0.5000,-43.371,-349.552,1.00000,90.000,154.18,0.43556,-0.90016,0
11,3.00,0.830,0.5000,-43.286,-348.476,1.00000,90.000,138.69,0.66011,-0.75117,0
11,3.00,0.840,0.5000,-43.202,-347.404,1.00000,90.000,123.15,0.83720,-0.54690,0
11,3.00,0.850,0.5000,-43.117,-346.338,1.00000,90.000,107.57,0.95337,-0.30180,0
11,3.00,0.860,0.5000,-43.034,-345.277,1.00000,90.000,91.93,0.99943,-0.03362,0
11,3.00,0.870,0.5000,-42.951,-344.222,1.00000,90.000,76.24,0.97128,0.23792,0
11,3.00,0.880,0.5000,-42.868,-343.172,1.00000,90.000,45.00,0.70711,0.70711,0
11,3.00,0.890,0.5000,-42.785,-342.127,1.00000,90.000,-nan,-nan,-nan,0
11,3.00,0.900,0.5000,-42.703,-341.087,1.00000,90.000,-nan,-nan,-nan,0
11,3.00,0.910,0.5000,-42.622,-340.052,1.00000,90.000,-nan,-nan,-nan,0
11,3.00,0.920,0.5000,-42.541,-339.023,1.00000,90.000,-nan,-nan,-nan,0
11,3.00,0.930,0.5000,-42.460,-337.998,1.00000,90.000,-nan,-nan,-nan,0
11,3.00,0.940,0.5000,-42.379,-336.979,1.00000,90.000,-nan,-nan,-nan,0
11,3.00,0.950,0.5000,-42.299,-335.965,1.00000,90.000,-nan,-nan,-nan,0
11,3.00,0.960,0.5000,-42.220,-334.956,1.00000,90.000,-nan,-nan,-nan,0
11,3.00,0.970,0.5000,-42.141,-333.952,1.00000,90.000,-nan,-nan,-nan,0
11,3.00,0.980,0.5000,-42.062,-332.953,1.00000,90.000,-nan,-nan,-nan,0
11,3.00,0.990,0.5000,-41.984,-331.959,1.00000,90.000,-nan,-nan,-nan,0
11,3.00,1.000,0.5000,-41.906,-330.970,1.00000,90.000,-nan,-nan,-nan,0
11,3.00,1.010,0.5000,-41.828,-329.986,1.00000,90.000,-nan,-nan,-nan,0
11,3.00,1.020,0.5000,-41.751,-329.007,1.00000,90.000,-nan,-nan,-nan,0
11,3.00,1.030,0.5000,-41.674,-328.032,1.00000,90.000,-nan,-nan,-nan,0
11,3.00,1.040,0.5000,-41.597,-327.063,1.00000,90.000,-nan,-nan,-nan,0
11,3.00,1.050,0.5000,-41.521,-326.098,1.00000,90.000,-nan,-nan,-nan,0
11,3.00,1.060,0.5000,-41.446,-325.138,1.00000,90.000,-nan,-nan,-nan,0
11,3.00,1.070,0.5000,-41.370,-324.183,1.00000,90.000,-nan,-nan,-nan,0
11,3.00,1.080,0.5000,-41.295,-323.233,1.00000,90.000,-nan,-nan,-nan,0
11,3.00,1.090,0.5000,-41.221,-322.288,1.00000,90.000,-nan,-nan,-nan,0
11,3.00,1.100,0.5000,-41.147,-321.347,1.00000,90.000,-nan,-nan,-nan,0
11,3.00,1.110,0.5000,-41.073,-320.411,1.00000,90.000,-nan,-nan,-nan,0
11,3.00,1.120,0.5000,-40.999,-319.479,1.00000,90.000,-nan,-nan,-nan,0
11,3.00,1.130,0.5000,-40.926,-318.552,1.00000,90.000,-nan,-nan,-nan,0
11,3.00,1.140,0.5000,-40.854,-317.630,1.00000,90.000,-nan,-nan,-nan,0
11,3.00,1.150,0.5000,-40.781,-316.713,1.00000,90.000,-nan,-nan,-nan,0
11,3.00,1.160,0.5000,-40.709,-315.800,1.00000,90.000,-nan,-nan,-nan,0
11,3.00,1.170,0.5000,-40.638,-314.891,1.00000,90.000,-nan,-nan,-nan,0
11,3.00,1.180,0.5000,-40.566,-313.987,1.00000,90.000,-nan,-nan,-nan,0
11,3.00,1.190,0.5000,-40.495,-313.088,1.00000,90.000,-nan,-nan,-nan,0
11,3.00,1.200,0.5000,-40.425,-312.193,1.00000,90.000,-nan,-nan,-nan,0
11,3.00,1.210,0.5000,-40.355,-311.302,1.00000,90.000,-nan,-nan,-nan,0
11,3.00,1.220,0.5000,-40.285,-310.416,1.00000,90.000,-nan,-nan,-nan,0
11,3.00,1.230,0.5000,-40.215,-309.535,1.00000,90.000,-nan,-nan,-nan,0
11,3.00,1.240,0.5000,-40.146,-308.657,1.00000,90.000,-nan,-nan,-nan,0
11,3.00,1.250,0.5000,-40.077,-307.785,1.00000,90.000,-nan,-nan,-nan,0
11,3.00,1.260,0.5000,-40.009,-306.916,1.00000,90.000,-nan,-nan,-nan,0
11,3.00,1.270,0.5000,-39.940,-306.052,1.00000,90.000,-nan,-nan,-nan,0
11,3.00,1.280,0.5000,-39.873,-305.192,1.00000,90.000,-nan,-nan,-nan,0
11,3.00,1.290,0.5000,-39.805,-304.336,1.00000,90.000,-nan,-nan,-nan,0
11,3.00,1.300,0.5000,-39.738,-303.485,1.00000,90.000,-nan,-nan,-nan,0
11,3.00,1.310,0.5000,-39.671,-302.638,1.00000,90.000,-nan,-nan,-nan,0
11,3.00,1.320,0.5000,-39.605,-301.795,1.00000,90.000,-nan,-nan,-nan,0
11,3.00,1.330,0.5000,-39.539,-300.957,1.00000,90.000,-nan,-nan,-nan,0
11,3.00,1.340,0.5000,-39.473,-300.122,1.00000,90.000,-nan,-nan,-nan,0
11,3.00,1.350,0.5000,-39.407,-299.292,1.00000,90.000,-nan,-nan,-nan,0
11,3.00,1.360,0.5000,-39.342,-298.466,1.00000,90.000,-nan,-nan,-nan,0
11,3.00,1.370,0.5000,-39.277,-297.644,1.00000,90.000,-nan,-nan,-nan,0
11,3.00,1.380,0.5000,-39.213,-296.826,1.00000,90.000,-nan,-nan,-nan,0
11,3.00,1.390,0.5000,-39.149,-296.012,1.00000,90.000,-nan,-nan,-nan,0
11,3.00,1.400,0.5000,-39.085,-295.202,1.00000,90.000,-nan,-nan,-nan,0
11,3.00,1.410,0.5000,-39.021,-294.397,1.00000,90.000,-nan,-nan,-nan,0
11,3.00,1.420,0.5000,-38.958,-293.595,1.00000,90.000,-nan,-nan,-nan,0
11,3.00,1.430,0.5000,-38.895,-292.797,1.00000,90.000,-nan,-nan,-nan,0
11,3.00,1.440,0.5000,-38.833,-292.003,1.00000,90.000,-nan,-nan,-nan,0
11,3.00,1.450,0.5000,-38.770,-291.214,1.00000,90.000,-nan,-nan,-nan,0
11,3.00,1.460,0.5000,-38.708,-290.428,1.00000,90.000,-nan,-nan,-nan,0
11,3.00,1.470,0.5000,-38.647,-289.646,1.00000,90.000,-nan,-nan,-nan,0
11,3.00,1.480,0.5000,-38.585,-288.868,1.00000,90.000,-nan,-nan,-nan,0
11,3.00,1.490,0.5000,-38.524,-288.094,1.00000,90.000,-nan,-nan,-nan,0
11,3.00,1.500,0.5000,-38.464,-287.323,1.00000,90.000,-nan,-nan,-nan,0
11,3.00,1.510,0.5000,-38.403,-286.557,1.00000,90.000,-nan,-nan,-nan,0
11,3.00,1.520,0.5000,-38.343,-285.794,1.00000,90.000,-nan,-nan,-nan,0
11,3.00,1.530,0.5000,-38.283,-285.036,1.00000,90.000,-nan,-nan,-nan,0
11,3.00,1.540,0.5000,-38.224,-284.280,1.00000,90.000,-nan,-nan,-nan,0
11,3.00,1.550,0.5000,-38.164,-283.529,1.00000,90.000,-nan,-nan,-nan,0
11,3.00,1.560,0.5000,-38.105,-282.782,1.00000,90.000,-nan,-nan,-nan,0
11,3.00,1.570,0.5000,-38.047,-282.038,1.00000,90.000,-nan,-nan,-nan,0
11,3.00,1.580,0.5000,-37.988,-281.298,1.00000,90.000,-nan,-nan,-nan,0
11,3.00,1.590,0.5000,-37.930,-280.561,1.00000,90.000,-nan,-nan,-nan,0
11,3.00,1.600,0.5000,-37.873,-279.829,1.00000,90.000,-nan,-nan,-nan,0
11,3.00,1.610,0.5000,-37.815,-279.100,1.00000,90.000,-nan,-nan,-nan,0
11,3.00,1.620,0.5000,-37.758,-278.374,1.00000,90.000,-nan,-nan,-nan,0
11,3.00,1.630,0.5000,-37.701,-277.652,1.00000,90.000,-nan,-nan,-nan,0
11,3.00,1.640,0.5000,-37.644,-276.934,1.00000,90.000,-nan,-nan,-nan,0
11,3.00,1.650,0.5000,-37.588,-276.220,1.00000,90.000,-nan,-nan,-nan,0
11,3.00,1.660,0.5000,-37.532,-275.509,1.00000,90.000,-nan,-nan,-nan,0
11,3.00,1.670,0.5000,-37.476,-274.801,1.00000,90.000,-nan,-nan,-nan,0
11,3.00,1.680,0.5000,-37.421,-274.097,1.00000,90.000,-nan,-nan,-nan,0
11,3.00,1.690,0.5000,-37.365,-273.397,1.00000,90.000,-nan,-nan,-nan,0
11,3.00,1.700,0.5000,-37.310,-272.700,1.00000,90.000,-nan,-nan,-nan,0
11,3.00,1.710,0.5000,-37.256,-272.006,1.00000,90.000,-nan,-nan,-nan,0
11,3.00,1.720,0.5000,-37.201,-271.316,1.00000,90.000,-nan,-nan,-nan,0
11,3.00,1.730,0.5000,-37.147,-270.629,1.00000,90.000,-nan,-nan,-nan,0
11,3.00,1.740,0.5000,-37.093,-269.946,1.00000,90.000,-nan,-nan,-nan,0
11,3.00,1.750,0.5000,-37.040,-269.266,1.00000,90.000,-nan,-nan,-nan,0
11,3.00,1.760,0.5000,-36.986,-268.590,1.00000,90.000,-nan,-nan,-nan,0
11,3.00,1.770,0.5000,-36.933,-267.917,1.00000,90.000,-nan,-nan,-nan,0
11,3.00,1.780,0.5000,-36.880,-267.247,1.00000,90.000,-nan,-nan,-nan,0
11,3.00,1.790,0.5000,-36.828,-266.581,1.00000,90.000,-nan,-nan,-nan,0
11,3.00,1.800,0.5000,-36.776,-265.918,1.00000,90.000,-nan,-nan,-nan,0
11,3.00,1.810,0.5000,-36.724,-265.258,1.00000,90.000,-nan,-nan,-nan,0
11,3.00,1.820,0.5000,-36.672,-264.602,1.00000,90.000,-nan,-nan,-nan,0
11,3.00,1.830,0.5000,-36.620,-263.949,1.00000,90.000,-nan,-nan,-nan,0
11,3.00,1.840,0.5000,-36.569,-263.299,1.00000,90.000,-nan,-nan,-nan,0
11,3.00,1.850,0.5000,-36.518,-262.652,1.00000,90.000,-nan,-nan,-nan,0
11,3.00,1.860,0.5000,-36.467,-262.009,1.00000,90.000,-nan,-nan,-nan,0
11,3.00,1.870,0.5000,-36.417,-261.369,1.00000,90.000,-nan,-nan,-nan,0
11,3.00,1.880,0.5000,-36.367,-260.732,1.00000,90.000,-nan,-nan,-nan,0
11,3.00,1.890,0.5000,-36.317,-260.098,1.00000,90.000,-nan,-nan,-nan,0
11,3.00,1.900,0.5000,-36.267,-259.467,1.00000,90.000,-nan,-nan,-nan,0
11,3.00,1.910,0.5000,-36.217,-258.840,1.00000,90.000,-nan,-nan,-nan,0
11,3.00,1.920,0.5000,-36.168,-258.216,1.00000,90.000,-nan,-nan,-nan,0
11,3.00,1.930,0.5000,-36.119,-257.594,1.00000,90.000,-nan,-nan,-nan,0
11,3.00,1.940,0.5000,-36.070,-256.976,1.00000,90.000,-nan,-nan,-nan,0
11,3.00,1.950,0.5000,-36.022,-256.361,1.00000,90.000,-nan,-nan,-nan,0
11,3.00,1.960,0.5000,-35.974,-255.749,1.00000,90.000,-nan,-nan,-nan,0
11,3.00,1.970,0.5000,-35.926,-255.140,1.00000,90.000,-nan,-nan,-nan,0
11,3.00,1.980,0.5000,-35.878,-254.534,1.00000,90.000,-nan,-nan,-nan,0
11,3.00,1.990,0.5000,-35.830,-253.931,1.00000,90.000,-nan,-nan,-nan,0
11,3.00,2.000,0.5000,-35.783,-253.331,1.00000,90.000,-nan,-nan,-nan,0
11,3.00,2.010,0.5000,-35.736,-252.734,1.00000,90.000,-nan,-nan,-nan,0
11,3.00,2.020,0.5000,-35.689,-252.140,1.00000,90.000,-nan,-nan,-nan,0
11,3.00,2.030,0.5000,-35.642,-251.550,1.00000,90.000,-nan,-nan,-nan,0
11,3.00,2.040,0.5000,-35.596,-250.961,1.00000,90.000,-nan,-nan,-nan,0
11,3.00,2.050,0.5000,-35.550,-250.376,1.00000,90.000,-nan,-nan,-nan,0
11,3.00,2.060,0.5000,-35.504,-249.794,1.00000,90.000,-nan,-nan,-nan,0
11,3.00,2.070,0.5000,-35.458,-249.215,1.00000,90.000,-nan,-nan,-nan,0
11,3.00,2.080,0.5000,-35.413,-248.639,1.00000,90.000,-nan,-nan,-nan,0
11,3.00,2.090,0.5000,-35.368,-248.065,1.00000,90.000,-nan,-nan,-nan,0
11,3.00,2.100,0.5000,-35.323,-247.494,1.00000,90.000,-nan,-nan,-nan,0
11,3.00,2.110,0.5000,-35.278,-246.927,1.00000,90.000,-nan,-nan,-nan,0
11,3.00,2.120,0.5000,-35.233,-246.362,1.00000,90.000,-nan,-nan,-nan,0
11,3.00,2.130,0.5000,-35.189,-245.800,1.00000,90.000,-nan,-nan,-nan,0
11,3.00,2.140,0.5000,-35.145,-245.240,1.00000,90.000,-nan,-nan,-nan,0
11,3.00,2.150,0.5000,-35.101,-244.684,1.00000,90.000,-nan,-nan,-nan,0
11,3.00,2.160,0.5000,-35.057,-244.130,1.00000,90.000,-nan,-nan,-nan,0
11,3.00,2.170,0.5000,-35.014,-243.579,1.00000,90.000,-nan,-nan,-nan,0
11,3.00,2.180,0.5000,-34.971,-243.031,1.00000,90.000,-nan,-nan,-nan,0
11,3.00,2.190,0.5000,-34.928,-242.485,1.00000,90.000,-nan,-nan,-nan,0
11,3.00,2.200,0.5000,-34.885,-241.942,1.00000,90.000,-nan,-nan,-nan,0
11,3.00,2.210,0.5000,-34.842,-241.402,1.00000,90.000,-nan,-nan,-nan,0
11,3.00,2.220,0.5000,-34.800,-240.865,1.00000,90.000,-nan,-nan,-nan,0
11,3.00,2.230,0.5000,-34.758,-240.330,1.00000,90.000,-nan,-nan,-nan,0
11,3.00,2.240,0.5000,-34.716,-239.798,1.00000,90.000,-nan,-nan,-nan,0
11,3.00,2.250,0.5000,-34.674,-239.269,1.00000,90.000,-nan,-nan,-nan,0
11,3.00,2.260,0.5000,-34.632,-238.742,1.00000,90.000,-nan,-nan,-nan,0
11,3.00,2.270,0.5000,-34.591,-238.218,1.00000,90.000,-nan,-nan,-nan,0
11,3.00,2.280,0.5000,-34.550,-237.696,1.00000,90.000,-nan,-nan,-nan,0
11,3.00,2.290,0.5000,-34.509,-237.177,1.00000,90.000,-nan,-nan,-nan,0
11,3.00,2.300,0.5000,-34.468,-236.661,1.00000,90.000,-nan,-nan,-nan,0
11,3.00,2.310,0.5000,-34.428,-236.147,1.00000,90.000,-nan,-nan,-nan,0
11,3.00,2.320,0.5000,-34.387,-235.636,1.00000,90.000,-nan,-nan,-nan,0
11,3.00,2.330,0.5000,-34.347,-235.127,1.00000,90.000,-nan,-nan,-nan,0
11,3.00,2.340,0.5000,-34.307,-234.621,1.00000,90.000,-nan,-nan,-nan,0
11,3.00,2.350,0.5000,-34.268,-234.118,1.00000,90.000,-nan,-nan,-nan,0
11,3.00,2.360,0.5000,-34.228,-233.617,1.00000,90.000,-nan,-nan,-nan,0
11,3.00,2.370,0.5000,-34.189,-233.118,1.00000,90.000,-nan,-nan,-nan,0
11,3.00,2.380,0.5000,-34.150,-232.622,1.00000,90.000,-nan,-nan,-nan,0
11,3.00,2.390,0.5000,-34.111,-232.128,1.00000,90.000,-nan,-nan,-nan,0
11,3.00,2.400,0.5000,-34.072,-231.637,1.00000,90.000,-nan,-nan,-nan,0
11,3.00,2.410,0.5000,-34.034,-231.148,1.00000,90.000,-nan,-nan,-nan,0
11,3.00,2.420,0.5000,-33.995,-230.662,1.00000,90.000,-nan,-nan,-nan,0
11,3.00,2.430,0.5000,-33.957,-230.178,1.00000,90.000,-nan,-nan,-nan,0
11,3.00,2.440,0.5000,-33.919,-229.697,1.00000,90.000,-nan,-nan,-nan,0
11,3.00,2.450,0.5000,-33.881,-229.218,1.00000,90.000,-nan,-nan,-nan,0
11,3.00,2.460,0.5000,-33.844,-228.741,1.00000,90.000,-nan,-nan,-nan,0
11,3.00,2.470,0.5000,-33.806,-228.267,1.00000,90.000,-nan,-nan,-nan,0
11,3.00,2.480,0.5000,-33.769,-227.795,1.00000,90.000,-nan,-nan,-nan,0
11,3.00,2.490,0.5000,-33.732,-227.325,1.00000,90.000,-nan,-nan,-nan,0
11,3.00,2.500,0.5000,-33.695,-226.858,1.00000,90.000,-nan,-nan,-nan,0
11,3.00,2.510,0.5000,-33.659,-226.393,1.00000,90.000,-nan,-nan,-nan,0
11,3.00,2.520,0.5000,-33.622,-225.931,1.00000,90.000,-nan,-nan,-nan,0
11,3.00,2.530,0.5000,-33.586,-225.471,1.00000,90.000,-nan,-nan,-nan,0
11,3.00,2.540,0.5000,-33.550,-225.013,1.00000,90.000,-nan,-nan,-nan,0
11,3.00,2.550,0.5000,-33.514,-224.557,1.00000,90.000,-nan,-nan,-nan,0
11,3.00,2.560,0.5000,-33.478,-224.104,1.00000,90.000,-nan,-nan,-nan,0
11,3.00,2.570,0.5000,-33.442,-223.652,1.00000,90.000,-nan,-nan,-nan,0
11,3.00,2.580,0.5000,-33.407,-223.204,1.00000,90.000,-nan,-nan,-nan,0
11,3.00,2.590,0.5000,-33.372,-222.757,1.00000,90.000,-nan,-nan,-nan,0
11,3.00,2.600,0.5000,-33.337,-222.313,1.00000,90.000,-nan,-nan,-nan,0
11,3.00,2.610,0.5000,-33.302,-221.870,1.00000,90.000,-nan,-nan,-nan,0
11,3.00,2.620,0.5000,-33.267,-221.430,1.00000,90.000,-nan,-nan,-nan,0
11,3.00,2.630,0.5000,-33.233,-220.993,1.00000,90.000,-nan,-nan,-nan,0
11,3.00,2.640,0.5000,-33.198,-220.557,1.00000,90.000,-nan,-nan,-nan,0
11,3.00,2.650,0.5000,-33.164,-220.123,1.00000,90.000,-nan,-nan,-nan,0
11,3.00,2.660,0.5000,-33.130,-219.692,1.00000,90.000,-nan,-nan,-nan,0
11,3.00,2.670,0.5000,-33.096,-219.263,1.00000,90.000,-nan,-nan,-nan,0
11,3.00,2.680,0.5000,-33.063,-218.836,1.00000,90.000,-nan,-nan,-nan,0
11,3.00,2.690,0.5000,-33.029,-218.411,1.00000,90.000,-nan,-nan,-nan,0
11,3.00,2.700,0.5000,-32.996,-217.988,1.00000,90.000,-nan,-nan,-nan,0
11,3.00,2.710,0.5000,-32.963,-217.568,1.00000,90.000,-nan,-nan,-nan,0
11,3.00,2.720,0.5000,-32.930,-217.149,1.00000,90.000,-nan,-nan,-nan,0
11,3.00,2.730,0.5000,-32.897,-216.733,1.00000,90.000,-nan,-nan,-nan,0
11,3.00,2.740,0.5000,-32.864,-216.318,1.00000,90.000,-nan,-nan,-nan,0
11,3.00,2.750,0.5000,-32.832,-215.906,1.00000,90.000,-nan,-nan,-nan,0
11,3.00,2.760,0.5000,-32.799,-215.496,1.00000,90.000,-nan,-nan,-nan,0
11,3.00,2.770,0.5000,-32.767,-215.088,1.00000,90.000,-nan,-nan,-nan,0
11,3.00,2.780,0.5000,-32.735,-214.682,1.00000,90.000,-nan,-nan,-nan,0
11,3.00,2.790,0.5000,-32.703,-214.277,1.00000,90.000,-nan,-nan,-nan,0
11,3.00,2.800,0.5000,-32.671,-213.875,1.00000,90.000,-nan,-nan,-nan,0
11,3.00,2.810,0.5000,-32.640,-213.475,1.00000,90.000,-nan,-nan,-nan,0
11,3.00,2.820,0.5000,-32.608,-213.077,1.00000,90.000,-nan,-nan,-nan,0
11,3.00,2.830,0.5000,-32.577,-212.681,1.00000,90.000,-nan,-nan,-nan,0
11,3.00,2.840,0.5000,-32.546,-212.287,1.00000,90.000,-nan,-nan,-nan,0
11,3.00,2.850,0.5000,-32.515,-211.895,1.00000,90.000,-nan,-nan,-nan,0
11,3.00,2.860,0.5000,-32.484,-211.504,1.00000,90.000,-nan,-nan,-nan,0
11,3.00,2.870,0.5000,-32.454,-211.116,1.00000,90.000,-nan,-nan,-nan,0
11,3.00,2.880,0.5000,-32.423,-210.730,1.00000,90.000,-nan,-nan,-nan,0
11,3.00,2.890,0.5000,-32.393,-210.345,1.00000,90.000,-nan,-nan,-nan,0
11,3.00,2.900,0.5000,-32.363,-209.963,1.00000,90.000,-nan,-nan,-nan,0
11,3.00,2.910,0.5000,-32.333,-209.582,1.00000,90.000,-nan,-nan,-nan,0
11,3.00,2.920,0.5000,-32.303,-209.203,1.00000,90.000,-nan,-nan,-nan,0
11,3.00,2.930,0.5000,-32.273,-208.827,1.00000,90.000,-nan,-nan,-nan,0
11,3.00,2.940,0.5000,-32.244,-208.452,1.00000,90.000,-nan,-nan,-nan,0
11,3.00,2.950,0.5000,-32.214,-208.079,1.00000,90.000,-nan,-nan,-nan,0
11,3.00,2.960,0.5000,-32.185,-207.707,1.00000,90.000,-nan,-nan,-nan,0
11,3.00,2.970,0.5000,-32.156,-207.338,1.00000,90.000,-nan,-nan,-nan,0
11,3.00,2.980,0.5000,-32.127,-206.971,1.00000,90.000,-nan,-nan,-nan,0
11,3.00,2.990,0.5000,-32.098,-206.605,1.00000,90.000,-nan,-nan,-nan,0
11,3.00,3.000,0.5000,-32.069,-206.241,1.00000,90.000,-nan,-nan,-nan,0
11,3.00,3.010,0.5000,-32.041,-205.879,1.00000,90.000,-nan,-nan,-nan,0
11,3.00,3.020,0.5000,-32.012,-205.519,1.00000,90.000,-nan,-nan,-nan,0
11,3.00,3.030,0.5000,-31.984,-205.160,1.00000,90.000,-nan,-nan,-nan,0
11,3.00,3.040,0.5000,-31.956,-204.804,1.00000,90.000,-nan,-nan,-nan,0
11,3.00,3.050,0.5000,-31.928,-204.449,1.00000,90.000,-nan,-nan,-nan,0
11,3.00,3.060,0.5000,-31.900,-204.096,1.00000,90.000,-nan,-nan,-nan,0
11,3.00,3.070,0.5000,-31.873,-203.744,1.00000,90.000,-nan,-nan,-nan,0
11,3.00,3.080,0.5000,-31.845,-203.395,1.00000,90.000,-nan,-nan,-nan,0
11,3.00,3.090,0.5000,-31.818,-203.047,1.00000,90.000,-nan,-nan,-nan,0
11,3.00,3.100,0.5000,-31.790,-202.701,1.00000,90.000,-nan,-nan,-nan,0
11,3.00,3.110,0.5000,-31.763,-202.356,1.00000,90.000,-nan,-nan,-nan,0
11,3.00,3.120,0.5000,-31.736,-202.014,1.00000,90.000,-nan,-nan,-nan,0
11,3.00,3.130,0.5000,-31.709,-201.673,1.00000,90.000,-nan,-nan,-nan,0
11,3.00,3.140,0.5000,-31.682,-201.334,1.00000,90.000,-nan,-nan,-nan,0
11,3.00,3.150,0.5000,-31.656,-200.996,1.00000,90.000,-nan,-nan,-nan,0
11,3.00,3.160,0.5000,-31.629,-200.660,1.00000,90.000,-nan,-nan,-nan,0
11,3.00,3.170,0.5000,-31.603,-200.326,1.00000,90.000,-nan,-nan,-nan,0
11,3.00,3.180,0.5000,-31.577,-199.993,1.00000,90.000,-nan,-nan,-nan,0
11,3.00,3.190,0.5000,-31.551,-199.662,1.00000,90.000,-nan,-nan,-nan,0
11,3.00,3.200,0.5000,-31.525,-199.333,1.00000,90.000,-nan,-nan,-nan,0
11,3.00,3.210,0.5000,-31.499,-199.006,1.00000,90.000,-nan,-nan,-nan,0
11,3.00,3.220,0.5000,-31.473,-198.680,1.00000,90.000,-nan,-nan,-nan,0
11,3.00,3.230,0.5000,-31.448,-198.355,1.00000,90.000,-nan,-nan,-nan,0
11,3.00,3.240,0.5000,-31.422,-198.033,1.00000,90.000,-nan,-nan,-nan,0
11,3.00,3.250,0.5000,-31.397,-197.712,1.00000,90.000,-nan,-nan,-nan,0
11,3.00,3.260,0.5000,-31.372,-197.392,1.00000,90.000,-nan,-nan,-nan,0
11,3.00,3.270,0.5000,-31.347,-197.074,1.00000,90.000,-nan,-nan,-nan,0
11,3.00,3.280,0.5000,-31.322,-196.758,1.00000,90.000,-nan,-nan,-nan,0
11,3.00,3.290,0.5000,-31.297,-196.443,1.00000,90.000,-nan,-nan,-nan,0
11,3.00,3.300,0.5000,-31.272,-196.130,1.00000,90.000,-nan,-nan,-nan,0
11,3.00,3.310,0.5000,-31.247,-195.818,1.00000,90.000,-nan,-nan,-nan,0
11,3.00,3.320,0.5000,-31.223,-195.508,1.00000,90.000,-nan,-nan,-nan,0
11,3.00,3.330,0.5000,-31.199,-195.200,1.00000,90.000,-nan,-nan,-nan,0
11,3.00,3.340,0.5000,-31.174,-194.893,1.00000,90.000,-nan,-nan,-nan,0
11,3.00,3.350,0.5000,-31.150,-194.587,1.00000,90.000,-nan,-nan,-nan,0
11,3.00,3.360,0.5000,-31.126,-194.283,1.00000,90.000,-nan,-nan,-nan,0
11,3.00,3.370,0.5000,-31.103,-193.981,1.00000,90.000,-nan,-nan,-nan,0
11,3.00,3.380,0.5000,-31.079,-193.680,1.00000,90.000,-nan,-nan,-nan,0
11,3.00,3.390,0.5000,-31.055,-193.381,1.00000,90.000,-nan,-nan,-nan,0
11,3.00,3.400,0.5000,-31.032,-193.083,1.00000,90.000,-nan,-nan,-nan,0
11,3.00,3.410,0.5000,-31.008,-192.786,1.00000,90.000,-nan,-nan,-nan,0
11,3.00,3.420,0.5000,-30.985,-192.491,1.00000,90.000,-nan,-nan,-nan,0
11,3.00,3.430,0.5000,-30.962,-192.198,1.00000,90.000,-nan,-nan,-nan,0
11,3.00,3.440,0.5000,-30.939,-191.906,1.00000,90.000,-nan,-nan,-nan,0
11,3.00,3.450,0.5000,-30.916,-191.615,1.00000,90.000,-nan,-nan,-nan,0
11,3.00,3.460,0.5000,-30.893,-191.326,1.00000,90.000,-nan,-nan,-nan,0
11,3.00,3.470,0.5000,-30.871,-191.039,1.00000,90.000,-nan,-nan,-nan,0
11,3.00,3.480,0.5000,-30.848,-190.752,1.00000,90.000,-nan,-nan,-nan,0
11,3.00,3.490,0.5000,-30.826,-190.468,1.00000,90.000,-nan,-nan,-nan,0
11,3.00,3.500,0.5000,-30.803,-190.184,1.00000,90.000,-nan,-nan,-nan,0
11,3.00,3.510,0.5000,-30.781,-189.902,1.00000,90.000,-nan,-nan,-nan,0
11,3.00,3.520,0.5000,-30.759,-189.622,1.00000,90.000,-nan,-nan,-nan,0
11,3.00,3.530,0.5000,-30.737,-189.343,1.00000,90.000,-nan,-nan,-nan,0
11,3.00,3.540,0.5000,-30.715,-189.065,1.00000,90.000,-nan,-nan,-nan,0
11,3.00,3.550,0.5000,-30.693,-188.789,1.00000,90.000,-nan,-nan,-nan,0
11,3.00,3.560,0.5000,-30.671,-188.514,1.00000,90.000,-nan,-nan,-nan,0
11,3.00,3.570,0.5000,-30.650,-188.240,1.00000,90.000,-nan,-nan,-nan,0
11,3.00,3.580,0.5000,-30.628,-187.968,1.00000,90.000,-nan,-nan,-nan,0
11,3.00,3.590,0.5000,-30.607,-187.697,1.00000,90.000,-nan,-nan,-nan,0
11,3.00,3.600,0.5000,-30.586,-187.427,1.00000,90.000,-nan,-nan,-nan,0
11,3.00,3.610,0.5000,-30.565,-187.159,1.00000,90.000,-nan,-nan,-nan,0
11,3.00,3.620,0.5000,-30.544,-186.892,1.00000,90.000,-nan,-nan,-nan,0
11,3.00,3.630,0.5000,-30.523,-186.627,1.00000,90.000,-nan,-nan,-nan,0
11,3.00,3.640,0.5000,-30.502,-186.362,1.00000,90.000,-nan,-nan,-nan,0
11,3.00,3.650,0.5000,-30.481,-186.099,1.00000,90.000,-nan,-nan,-nan,0
11,3.00,3.660,0.5000,-30.460,-185.838,1.00000,90.000,-nan,-nan,-nan,0
11,3.00,3.670,0.5000,-30.440,-185.578,1.00000,90.000,-nan,-nan,-nan,0
11,3.00,3.680,0.5000,-30.419,-185.319,1.00000,90.000,-nan,-nan,-nan,0
11,3.00,3.690,0.5000,-30.399,-185.061,1.00000,90.000,-nan,-nan,-nan,0
11,3.00,3.700,0.5000,-30.379,-184.805,1.00000,90.000,-nan,-nan,-nan,0
11,3.00,3.710,0.5000,-30.359,-184.549,1.00000,90.000,-nan,-nan,-nan,0
11,3.00,3.720,0.5000,-30.339,-184.296,1.00000,90.000,-nan,-nan,-nan,0
11,3.00,3.730,0.5000,-30.319,-184.043,1.00000,90.000,-nan,-nan,-nan,0
11,3.00,3.740,0.5000,-30.299,-183.792,1.00000,90.000,-nan,-nan,-nan,0
11,3.00,3.750,0.5000,-30.279,-183.542,1.00000,90.000,-nan,-nan,-nan,0
11,3.00,3.760,0.5000,-30.260,-183.293,1.00000,90.000,-nan,-nan,-nan,0
11,3.00,3.770,0.5000,-30.240,-183.045,1.00000,90.000,-nan,-nan,-nan,0
11,3.00,3.780,0.5000,-30.221,-182.799,1.00000,90.000,-nan,-nan,-nan,0
11,3.00,3.790,0.5000,-30.201,-182.554,1.00000,90.000,-nan,-nan,-nan,0
11,3.00,3.800,0.5000,-30.182,-182.310,1.00000,90.000,-nan,-nan,-nan,0
11,3.00,3.810,0.5000,-30.163,-182.067,1.00000,90.000,-nan,-nan,-nan,0
11,3.00,3.820,0.5000,-30.144,-181.826,1.00000,90.000,-nan,-nan,-nan,0
11,3.00,3.830,0.5000,-30.125,-181.585,1.00000,90.000,-nan,-nan,-nan,0
11,3.00,3.840,0.5000,-30.106,-181.346,1.00000,90.000,-nan,-nan,-nan,0
11,3.00,3.850,0.5000,-30.087,-181.108,1.00000,90.000,-nan,-nan,-nan,0
11,3.00,3.860,0.5000,-30.069,-180.872,1.00000,90.000,-nan,-nan,-nan,0
11,3.00,3.870,0.5000,-30.050,-180.636,1.00000,90.000,-nan,-nan,-nan,0
11,3.00,3.880,0.5000,-30.032,-180.402,1.00000,90.000,-nan,-nan,-nan,0
11,3.00,3.890,0.5000,-30.013,-180.169,1.00000,90.000,-nan,-nan,-nan,0
11,3.00,3.900,0.5000,-29.995,-179.937,1.00000,90.000,-nan,-nan,-nan,0
11,3.00,3.910,0.5000,-29.977,-179.706,1.00000,90.000,-nan,-nan,-nan,0
11,3.00,3.920,0.5000,-29.959,-179.476,1.00000,90.000,-nan,-nan,-nan,0
11,3.00,3.930,0.5000,-29.941,-179.248,1.00000,90.000,-nan,-nan,-nan,0
11,3.00,3.940,0.5000,-29.923,-179.020,1.00000,90.000,-nan,-nan,-nan,0
11,3.00,3.950,0.5000,-29.905,-178.794,1.00000,90.000,-nan,-nan,-nan,0
11,3.00,3.960,0.5000,-29.887,-178.569,1.00000,90.000,-nan,-nan,-nan,0
11,3.00,3.970,0.5000,-29.869,-178.345,1.00000,90.000,-nan,-nan,-nan,0
11,3.00,3.980,0.5000,-29.852,-178.122,1.00000,90.000,-nan,-nan,-nan,0
11,3.00,3.990,0.5000,-29.834,-177.900,1.00000,90.000,-nan,-nan,-nan,0
11,3.00,4.000,0.5000,-29.817,-177.679,1.00000,90.000,-nan,-nan,-nan,0
11,3.00,4.010,0.5000,-29.800,-177.460,1.00000,90.000,-nan,-nan,-nan,0
11,3.00,4.020,0.5000,-29.782,-177.241,1.00000,90.000,-nan,-nan,-nan,0
11,3.00,4.030,0.5000,-29.765,-177.024,1.00000,90.000,-nan,-nan,-nan,0
11,3.00,4.040,0.5000,-29.748,-176.808,1.00000,90.000,-nan,-nan,-nan,0
11,3.00,4.050,0.5000,-29.731,-176.592,1.00000,90.000,-nan,-nan,-nan,0
11,3.00,4.060,0.5000,-29.714,-176.378,1.00000,90.000,-nan,-nan,-nan,0
11,3.00,4.070,0.5000,-29.698,-176.165,1.00000,90.000,-nan,-nan,-nan,0
11,3.00,4.080,0.5000,-29.681,-175.953,1.00000,90.000,-nan,-nan,-nan,0
11,3.00,4.090,0.5000,-29.664,-175.742,1.00000,90.000,-nan,-nan,-nan,0
11,3.00,4.100,0.5000,-29.648,-175.532,1.00000,90.000,-nan,-nan,-nan,0
11,3.00,4.110,0.5000,-29.631,-175.323,1.00000,90.000,-nan,-nan,-nan,0
11,3.00,4.120,0.5000,-29.615,-175.115,1.00000,90.000,-nan,-nan,-nan,0
11,3.00,4.130,0.5000,-29.599,-174.909,1.00000,90.000,-nan,-nan,-nan,0
11,3.00,4.140,0.5000,-29.582,-174.703,1.00000,90.000,-nan,-nan,-nan,0
11,3.00,4.150,0.5000,-29.566,-174.498,1.00000,90.000,-nan,-nan,-nan,0
11,3.00,4.160,0.5000,-29.550,-174.294,1.00000,90.000,-nan,-nan,-nan,0
11,3.00,4.170,0.5000,-29.534,-174.092,1.00000,90.000,-nan,-nan,-nan,0
11,3.00,4.180,0.5000,-29.518,-173.890,1.00000,90.000,-nan,-nan,-nan,0
11,3.00,4.190,0.5000,-29.502,-173.689,1.00000,90.000,-nan,-nan,-nan,0
11,3.00,4.200,0.5000,-29.487,-173.490,1.00000,90.000,-nan,-nan,-nan,0
11,3.00,4.210,0.5000,-29.471,-173.291,1.00000,90.000,-nan,-nan,-nan,0
11,3.00,4.220,0.5000,-29.455,-173.093,1.00000,90.000,-nan,-nan,-nan,0
11,3.00,4.230,0.5000,-29.440,-172.896,1.00000,90.000,-nan,-nan,-nan,0
11,3.00,4.240,0.5000,-29.424,-172.701,1.00000,90.000,-nan,-nan,-nan,0
11,3.00,4.250,0.5000,-29.409,-172.506,1.00000,90.000,-nan,-nan,-nan,0
11,3.00,4.260,0.5000,-29.394,-172.312,1.00000,90.000,-nan,-nan,-nan,0
11,3.00,4.270,0.5000,-29.379,-172.119,1.00000,90.000,-nan,-nan,-nan,0
11,3.00,4.280,0.5000,-29.363,-171.927,1.00000,90.000,-nan,-nan,-nan,0
11,3.00,4.290,0.5000,-29.348,-171.737,1.00000,90.000,-nan,-nan,-nan,0
11,3.00,4.300,0.5000,-29.333,-171.547,1.00000,90.000,-nan,-nan,-nan,0
11,3.00,4.310,0.5000,-29.318,-171.358,1.00000,90.000,-nan,-nan,-nan,0
11,3.00,4.320,0.5000,-29.304,-171.170,1.00000,90.000,-nan,-nan,-nan,0
11,3.00,4.330,0.5000,-29.289,-170.982,1.00000,90.000,-nan,-nan,-nan,0
11,3.00,4.340,0.5000,-29.274,-170.796,1.00000,90.000,-nan,-nan,-nan,0
11,3.00,4.350,0.5000,-29.260,-170.611,1.00000,90.000,-nan,-nan,-nan,0
11,3.00,4.360,0.5000,-29.245,-170.427,1.00000,90.000,-nan,-nan,-nan,0
11,3.00,4.370,0.5000,-29.231,-170.243,1.00000,90.000,-nan,-nan,-nan,0
11,3.00,4.380,0.5000,-29.216,-170.061,1.00000,90.000,-nan,-nan,-nan,0
11,3.00,4.390,0.5000,-29.202,-169.879,1.00000,90.000,-nan,-nan,-nan,0
11,3.00,4.400,0.5000,-29.188,-169.698,1.00000,90.000,-nan,-nan,-nan,0
11,3.00,4.410,0.5000,-29.173,-169.519,1.00000,90.000,-nan,-nan,-nan,0
11,3.00,4.420,0.5000,-29.159,-169.340,1.00000,90.000,-nan,-nan,-nan,0
11,3.00,4.430,0.5000,-29.145,-169.162,1.00000,90.000,-nan,-nan,-nan,0
11,3.00,4.440,0.5000,-29.131,-168.985,1.00000,90.000,-nan,-nan,-nan,0
11,3.00,4.450,0.5000,-29.117,-168.808,1.00000,90.000,-nan,-nan,-nan,0
11,3.00,4.460,0.5000,-29.104,-168.633,1.00000,90.000,-nan,-nan,-nan,0
11,3.00,4.470,0.5000,-29.090,-168.459,1.00000,90.000,-nan,-nan,-nan,0
11,3.00,4.480,0.5000,-29.076,-168.285,1.00000,90.000,-nan,-nan,-nan,0
11,3.00,4.490,0.5000,-29.063,-168.112,1.00000,90.000,-nan,-nan,-nan,0
11,3.00,4.500,0.5000,-29.049,-167.940,1.00000,90.000,-nan,-nan,-nan,0
11,3.00,4.510,0.5000,-29.036,-167.769,1.00000,90.000,-nan,-nan,-nan,0
11,3.00,4.520,0.5000,-29.022,-167.599,1.00000,90.000,-nan,-nan,-nan,0
11,3.00,4.530,0.5000,-29.009,-167.430,1.00000,90.000,-nan,-nan,-nan,0
11,3.00,4.540,0.5000,-28.995,-167.261,1.00000,90.000,-nan,-nan,-nan,0
11,3.00,4.550,0.5000,-28.982,-167.094,1.00000,90.000,-nan,-nan,-nan,0
11,3.00,4.560,0.5000,-28.969,-166.927,1.00000,90.000,-nan,-nan,-nan,0
11,3.00,4.570,0.5000,-28.956,-166.761,1.00000,90.000,-nan,-nan,-nan,0
11,3.00,4.580,0.5000,-28.943,-166.596,1.00000,90.000,-nan,-nan,-nan,0
11,3.00,4.590,0.5000,-28.930,-166.432,1.00000,90.000,-nan,-nan,-nan,0
11,3.00,4.600,0.5000,-28.917,-166.268,1.00000,90.000,-nan,-nan,-nan,0
11,3.00,4.610,0.5000,-28.904,-166.105,1.00000,90.000,-nan,-nan,-nan,0
11,3.00,4.620,0.5000,-28.892,-165.944,1.00000,90.000,-nan,-nan,-nan,0
11,3.00,4.630,0.5000,-28.879,-165.783,1.00000,90.000,-nan,-nan,-nan,0
11,3.00,4.640,0.5000,-28.866,-165.622,1.00000,90.000,-nan,-nan,-nan,0
11,3.00,4.650,0.5000,-28.854,-165.463,1.00000,90.000,-nan,-nan,-nan,0
11,3.00,4.660,0.5000,-28.841,-165.304,1.00000,90.000,-nan,-nan,-nan,0
11,3.00,4.670,0.5000,-28.829,-165.146,1.00000,90.000,-nan,-nan,-nan,0
11,3.00,4.680,0.5000,-28.816,-164.989,1.00000,90.000,-nan,-nan,-nan,0
11,3.00,4.690,0.5000,-28.804,-164.833,1.00000,90.000,-nan,-nan,-nan,0
11,3.00,4.700,0.5000,-28.792,-164.677,1.00000,90.000,-nan,-nan,-nan,0
11,3.00,4.710,0.5000,-28.779,-164.523,1.00000,90.000,-nan,-nan,-nan,0
11,3.00,4.720,0.5000,-28.767,-164.369,1.00000,90.000,-nan,-nan,-nan,0
11,3.00,4.730,0.5000,-28.755,-164.216,1.00000,90.000,-nan,-nan,-nan,0
11,3.00,4.740,0.5000,-28.743,-164.063,1.00000,90.000,-nan,-nan,-nan,0
11,3.00,4.750,0.5000,-28.731,-163.911,1.00000,90.000,-nan,-nan,-nan,0
11,3.00,4.760,0.5000,-28.719,-163.760,1.00000,90.000,-nan,-nan,-nan,0
11,3.00,4.770,0.5000,-28.708,-163.610,1.00000,90.000,-nan,-nan,-nan,0
11,3.00,4.780,0.5000,-28.696,-163.461,1.00000,90.000,-nan,-nan,-nan,0
11,3.00,4.790,0.5000,-28.684,-163.312,1.00000,90.000,-nan,-nan,-nan,0
11,3.00,4.800,0.5000,-28.672,-163.164,1.00000,90.000,-nan,-nan,-nan,0
11,3.00,4.810,0.5000,-28.661,-163.017,1.00000,90.000,-nan,-nan,-nan,0
11,3.00,4.820,0.5000,-28.649,-162.871,1.00000,90.000,-nan,-nan,-nan,0
11,3.00,4.830,0.5000,-28.638,-162.725,1.00000,90.000,-nan,-nan,-nan,0
11,3.00,4.840,0.5000,-28.626,-162.580,1.00000,90.000,-nan,-nan,-nan,0
11,3.00,4.850,0.5000,-28.615,-162.436,1.00000,90.000,-nan,-nan,-nan,0
11,3.00,4.860,0.5000,-28.604,-162.292,1.00000,90.000,-nan,-nan,-nan,0
11,3.00,4.870,0.5000,-28.592,-162.149,1.00000,90.000,-nan,-nan,-nan,0
11,3.00,4.880,0.5000,-28.581,-162.007,1.00000,90.000,-nan,-nan,-nan,0
11,3.00,4.890,0.5000,-28.570,-161.866,1.00000,90.000,-nan,-nan,-nan,0
11,3.00,4.900,0.5000,-28.559,-161.725,1.00000,90.000,-nan,-nan,-nan,0
11,3.00,4.910,0.5000,-28.548,-161.585,1.00000,90.000,-nan,-nan,-nan,0
11,3.00,4.920,0.5000,-28.537,-161.446,1.00000,90.000,-nan,-nan,-nan,0
11,3.00,4.930,0.5000,-28.526,-161.307,1.00000,90.000,-nan,-nan,-nan,0
11,3.00,4.940,0.5000,-28.515,-161.169,1.00000,90.000,-nan,-nan,-nan,0
11,3.00,4.950,0.5000,-28.504,-161.032,1.00000,90.000,-nan,-nan,-nan,0
11,3.00,4.960,0.5000,-28.493,-160.895,1.00000,90.000,-nan,-nan,-nan,0
11,3.00,4.970,0.5000,-28.483,-160.759,1.00000,90.000,-nan,-nan,-nan,0
11,3.00,4.980,0.5000,-28.472,-160.624,1.00000,90.000,-nan,-nan,-nan,0
11,3.00,4.990,0.5000,-28.461,-160.490,1.00000,90.000,-nan,-nan,-nan,0
11,3.00,5.000,0.5000,-28.451,-160.356,1.00000,90.000,-nan,-nan,-nan,0
11,3.00,5.010,0.5000,-28.440,-160.223,1.00000,90.000,-nan,-nan,-nan,0
11,3.00,5.020,0.5000,-28.430,-160.090,1.00000,90.000,-nan,-nan,-nan,0
11,3.00,5.030,0.5000,-28.420,-159.958,1.00000,90.000,-nan,-nan,-nan,0
11,3.00,5.040,0.5000,-28.409,-159.827,1.00000,90.000,-nan,-nan,-nan,0
11,3.00,5.050,0.5000,-28.399,-159.696,1.00000,90.000,-nan,-nan,-nan,0
11,3.00,5.060,0.5000,-28.389,-159.567,1.00000,90.000,-nan,-nan,-nan,0
11,3.00,5.070,0.5000,-28.378,-159.437,1.00000,90.000,-nan,-nan,-nan,0
11,3.00,5.080,0.5000,-28.368,-159.309,1.00000,90.000,-nan,-nan,-nan,0
11,3.00,5.090,0.5000,-28.358,-159.181,1.00000,90.000,-nan,-nan,-nan,0
11,3.00,5.100,0.5000,-28.348,-159.053,1.00000,90.000,-nan,-nan,-nan,0
11,3.00,5.110,0.5000,-28.338,-158.927,1.00000,90.000,-nan,-nan,-nan,0
11,3.00,5.120,0.5000,-28.328,-158.801,1.00000,90.000,-nan,-nan,-nan,0
11,3.00,5.130,0.5000,-28.318,-158.675,1.00000,90.000,-nan,-nan,-nan,0
11,3.00,5.140,0.5000,-28.309,-158.550,1.00000,90.000,-nan,-nan,-nan,0
11,3.00,5.150,0.5000,-28.299,-158.426,1.00000,90.000,-nan,-nan,-nan,0
11,3.00,5.160,0.5000,-28.289,-158.303,1.00000,90.000,-nan,-nan,-nan,0
11,3.00,5.170,0.5000,-28.279,-158.180,1.00000,90.000,-nan,-nan,-nan,0
11,3.00,5.180,0.5000,-28.270,-158.057,1.00000,90.000,-nan,-nan,-nan,0
11,3.00,5.190,0.5000,-28.260,-157.936,1.00000,90.000,-nan,-nan,-nan,0
11,3.00,5.200,0.5000,-28.250,-157.815,1.00000,90.000,-nan,-nan,-nan,0
11,3.00,5.210,0.5000,-28.241,-157.694,1.00000,90.000,-nan,-nan,-nan,0
11,3.00,5.220,0.5000,-28.232,-157.574,1.00000,90.000,-nan,-nan,-nan,0
11,3.00,5.230,0.5000,-28.222,-157.455,1.00000,90.000,-nan,-nan,-nan,0
11,3.00,5.240,0.5000,-28.213,-157.336,1.00000,90.000,-nan,-nan,-nan,0
11,3.00,5.250,0.5000,-28.203,-157.218,1.00000,90.000,-nan,-nan,-nan,0
11,3.00,5.260,0.5000,-28.194,-157.100,1.00000,90.000,-nan,-nan,-nan,0
11,3.00,5.270,0.5000,-28.185,-156.983,1.00000,90.000,-nan,-nan,-nan,0
11,3.00,5.280,0.5000,-28.176,-156.867,1.00000,90.000,-nan,-nan,-nan,0
11,3.00,5.290,0.5000,-28.167,-156.751,1.00000,90.000,-nan,-nan,-nan,0
11,3.00,5.300,0.5000,-28.158,-156.636,1.00000,90.000,-nan,-nan,-nan,0
11,3.00,5.310,0.5000,-28.149,-156.521,1.00000,90.000,-nan,-nan,-nan,0
11,3.00,5.320,0.5000,-28.140,-156.407,1.00000,90.000,-nan,-nan,-nan,0
11,3.00,5.330,0.5000,-28.131,-156.294,1.00000,90.000,-nan,-nan,-nan,0
11,3.00,5.340,0.5000,-28.122,-156.181,1.00000,90.000,-nan,-nan,-nan,0
11,3.00,5.350,0.5000,-28.113,-156.069,1.00000,90.000,-nan,-nan,-nan,0
11,3.00,5.360,0.5000,-28.104,-155.957,1.00000,90.000,-nan,-nan,-nan,0
11,3.00,5.370,0.5000,-28.095,-155.846,1.00000,90.000,-nan,-nan,-nan,0
11,3.00,5.380,0.5000,-28.086,-155.735,1.00000,90.000,-nan,-nan,-nan,0
11,3.00,5.390,0.5000,-28.078,-155.625,1.00000,90.000,-nan,-nan,-nan,0
11,3.00,5.400,0.5000,-28.069,-155.515,1.00000,90.000,-nan,-nan,-nan,0
11,3.00,5.410,0.5000,-28.061,-155.406,1.00000,90.000,-nan,-nan,-nan,0
11,3.00,5.420,0.5000,-28.052,-155.298,1.00000,90.000,-nan,-nan,-nan,0
11,3.00,5.430,0.5000,-28.043,-155.190,1.00000,90.000,-nan,-nan,-nan,0
11,3.00,5.440,0.5000,-28.035,-155.082,1.00000,90.000,-nan,-nan,-nan,0
11,3.00,5.450,0.5000,-28.027,-154.975,1.00000,90.000,-nan,-nan,-nan,0
11,3.00,5.460,0.5000,-28.018,-154.869,1.00000,90.000,-nan,-nan,-nan,0
11,3.00,5.470,0.5000,-28.010,-154.763,1.00000,90.000,-nan,-nan,-nan,0
11,3.00,5.480,0.5000,-28.002,-154.658,1.00000,90.000,-nan,-nan,-nan,0
11,3.00,5.490,0.5000,-27.993,-154.553,1.00000,90.000,-nan,-nan,-nan,0
11,3.00,5.500,0.5000,-27.985,-154.449,1.00000,90.000,-nan,-nan,-nan,0
11,3.00,5.510,0.5000,-27.977,-154.345,1.00000,90.000,-nan,-nan,-nan,0
11,3.00,5.520,0.5000,-27.969,-154.242,1.00000,90.000,-nan,-nan,-nan,0
11,3.00,5.530,0.5000,-27.961,-154.139,1.00000,90.000,-nan,-nan,-nan,0
11,3.00,5.540,0.5000,-27.953,-154.037,1.00000,90.000,-nan,-nan,-nan,0
11,3.00,5.550,0.5000,-27.945,-153.935,1.00000,90.000,-nan,-nan,-nan,0
11,3.00,5.560,0.5000,-27.937,-153.834,1.00000,90.000,-nan,-nan,-nan,0
11,3.00,5.570,0.5000,-27.929,-153.734,1.00000,90.000,-nan,-nan,-nan,0
11,3.00,5.580,0.5000,-27.921,-153.633,1.00000,90.000,-nan,-nan,-nan,0
11,3.00,5.590,0.5000,-27.913,-153.534,1.00000,90.000,-nan,-nan,-nan,0
11,3.00,5.600,0.5000,-27.905,-153.435,1.00000,90.000,-nan,-nan,-nan,0
11,3.00,5.610,0.5000,-27.897,-153.336,1.00000,90.000,-nan,-nan,-nan,0
11,3.00,5.620,0.5000,-27.890,-153.238,1.00000,90.000,-nan,-nan,-nan,0
11,3.00,5.630,0.5000,-27.882,-153.140,1.00000,90.000,-nan,-nan,-nan,0
11,3.00,5.640,0.5000,-27.874,-153.043,1.00000,90.000,-nan,-nan,-nan,0
11,3.00,5.650,0.5000,-27.867,-152.946,1.00000,90.000,-nan,-nan,-nan,0
11,3.00,5.660,0.5000,-27.859,-152.850,1.00000,90.000,-nan,-nan,-nan,0
11,3.00,5.670,0.5000,-27.851,-152.754,1.00000,90.000,-nan,-nan,-nan,0
11,3.00,5.680,0.5000,-27.844,-152.659,1.00000,90.000,-nan,-nan,-nan,0
11,3.00,5.690,0.5000,-27.836,-152.564,1.00000,90.000,-nan,-nan,-nan,0
11,3.00,5.700,0.5000,-27.829,-152.470,1.00000,90.000,-nan,-nan,-nan,0
11,3.00,5.710,0.5000,-27.822,-152.376,1.00000,90.000,-nan,-nan,-nan,0
11,3.00,5.720,0.5000,-27.814,-152.282,1.00000,90.000,-nan,-nan,-nan,0
11,3.00,5.730,0.5000,-27.807,-152.190,1.00000,90.000,-nan,-nan,-nan,0
11,3.00,5.740,0.5000,-27.800,-152.097,1.00000,90.000,-nan,-nan,-nan,0
11,3.00,5.750,0.5000,-27.792,-152.005,1.00000,90.000,-nan,-nan,-nan,0
11,3.00,5.760,0.5000,-27.785,-151.914,1.00000,90.000,-nan,-nan,-nan,0
11,3.00,5.770,0.5000,-27.778,-151.822,1.00000,90.000,-nan,-nan,-nan,0
11,3.00,5.780,0.5000,-27.771,-151.732,1.00000,90.000,-nan,-nan,-nan,0
11,3.00,5.790,0.5000,-27.764,-151.642,1.00000,90.000,-nan,-nan,-nan,0
11,3.00,5.800,0.5000,-27.757,-151.552,1.00000,90.000,-nan,-nan,-nan,0
11,3.00,5.810,0.5000,-27.750,-151.463,1.00000,90.000,-nan,-nan,-nan,0
11,3.00,5.820,0.5000,-27.743,-151.374,1.00000,90.000,-nan,-nan,-nan,0
11,3.00,5.830,0.5000,-27.736,-151.285,1.00000,90.000,-nan,-nan,-nan,0
11,3.00,5.840,0.5000,-27.729,-151.198,1.00000,90.000,-nan,-nan,-nan,0
11,3.00,5.850,0.5000,-27.722,-151.110,1.00000,90.000,-nan,-nan,-nan,0
11,3.00,5.860,0.5000,-27.715,-151.023,1.00000,90.000,-nan,-nan,-nan,0
11,3.00,5.870,0.5000,-27.708,-150.936,1.00000,90.000,-nan,-nan,-nan,0
11,3.00,5.880,0.5000,-27.701,-150.850,1.00000,90.000,-nan,-nan,-nan,0
11,3.00,5.890,0.5000,-27.695,-150.764,1.00000,90.000,-nan,-nan,-nan,0
11,3.00,5.900,0.5000,-27.688,-150.679,1.00000,90.000,-nan,-nan,-nan,0
11,3.00,5.910,0.5000,-27.681,-150.594,1.00000,90.000,-nan,-nan,-nan,0
11,3.00,5.920,0.5000,-27.674,-150.510,1.00000,90.000,-nan,-nan,-nan,0
11,3.00,5.930,0.5000,-27.668,-150.425,1.00000,90.000,-nan,-nan,-nan,0
11,3.00,5.940,0.5000,-27.661,-150.342,1.00000,90.000,-nan,-nan,-nan,0
11,3.00,5.950,0.5000,-27.655,-150.259,1.00000,90.000,-nan,-nan,-nan,0
11,3.00,5.960,0.5000,-27.648,-150.176,1.00000,90.000,-nan,-nan,-nan,0
11,3.00,5.970,0.5000,-27.642,-150.093,1.00000,90.000,-nan,-nan,-nan,0
11,3.00,5.980,0.5000,-27.635,-150.011,1.00000,90.000,-nan,-nan,-nan,0
11,3.00,5.990,0.5000,-27.629,-149.930,1.00000,90.000,-nan,-nan,-nan,0
11,3.00,6.000,0.5000,-27.622,-149.849,1.00000,90.000,-nan,-nan,-nan,0
11,3.00,6.010,0.5000,-27.616,-149.768,1.00000,90.000,-nan,-nan,-nan,0
11,3.00,6.020,0.5000,-27.610,-149.687,1.00000,90.000,-nan,-nan,-nan,0
11,3.00,6.030,0.5000,-27.603,-149.607,1.00000,90.000,-nan,-nan,-nan,0
11,3.00,6.040,0.5000,-27.597,-149.528,1.00000,90.000,-nan,-nan,-nan,0
11,3.00,6.050,0.5000,-27.591,-149.449,1.00000,90.000,-nan,-nan,-nan,0
11,3.00,6.060,0.5000,-27.585,-149.370,1.00000,90.000,-nan,-nan,-nan,0
11,3.00,6.070,0.5000,-27.578,-149.291,1.00000,90.000,-nan,-nan,-nan,0
11,3.00,6.080,0.5000,-27.572,-149.213,1.00000,90.000,-nan,-nan,-nan,0
11,3.00,6.090,0.5000,-27.566,-149.136,1.00000,90.000,-nan,-nan,-nan,0
11,3.00,6.100,0.5000,-27.560,-149.059,1.00000,90.000,-nan,-nan,-nan,0
11,3.00,6.110,0.5000,-27.554,-148.982,1.00000,90.000,-nan,-nan,-nan,0
11,3.00,6.120,0.5000,-27.548,-148.905,1.00000,90.000,-nan,-nan,-nan,0
11,3.00,6.130,0.5000,-27.542,-148.829,1.00000,90.000,-nan,-nan,-nan,0
11,3.00,6.140,0.5000,-27.536,-148.754,1.00000,90.000,-nan,-nan,-nan,0
11,3.00,6.150,0.5000,-27.530,-148.678,1.00000,90.000,-nan,-nan,-nan,0
11,3.00,6.160,0.5000,-27.524,-148.603,1.00000,90.000,-nan,-nan,-nan,0
11,3.00,6.170,0.5000,-27.518,-148.529,1.00000,90.000,-nan,-nan,-nan,0
11,3.00,6.180,0.5000,-27.512,-148.454,1.00000,90.000,-nan,-nan,-nan,0
11,3.00,6.190,0.5000,-27.507,-148.381,1.00000,90.000,-nan,-nan,-nan,0
11,3.00,6.200,0.5000,-27.501,-148.307,1.00000,90.000,-nan,-nan,-nan,0
11,3.00,6.210,0.5000,-27.495,-148.234,1.00000,90.000,-nan,-nan,-nan,0
11,3.00,6.220,0.5000,-27.489,-148.161,1.00000,90.000,-nan,-nan,-nan,0
11,3.00,6.230,0.5000,-27.484,-148.089,1.00000,90.000,-nan,-nan,-nan,0
11,3.00,6.240,0.5000,-27.478,-148.017,1.00000,90.000,-nan,-nan,-nan,0
11,3.00,6.250,0.5000,-27.472,-147.945,1.00000,90.000,-nan,-nan,-nan,0
11,3.00,6.260,0.5000,-27.467,-147.874,1.00000,90.000,-nan,-nan,-nan,0
11,3.00,6.270,0.5000,-27.461,-147.803,1.00000,90.000,-nan,-nan,-nan,0
11,3.00,6.280,0.5000,-27.455,-147.733,1.00000,90.000,-nan,-nan,-nan,0
11,3.00,6.290,0.5000,-27.450,-147.662,1.00000,90.000,-nan,-nan,-nan,0
11,3.00,6.300,0.5000,-27.444,-147.592,1.00000,90.000,-nan,-nan,-nan,0
11,3.00,6.310,0.5000,-27.439,-147.523,1.00000,90.000,-nan,-nan,-nan,0
11,3.00,6.320,0.5000,-27.433,-147.454,1.00000,90.000,-nan,-nan,-nan,0
11,3.00,6.330,0.5000,-27.428,-147.385,1.00000,90.000,-nan,-nan,-nan,0
11,3.00,6.340,0.5000,-27.423,-147.316,1.00000,90.000,-nan,-nan,-nan,0
11,3.00,6.350,0.5000,-27.417,-147.248,1.00000,90.000,-nan,-nan,-nan,0
11,3.00,6.360,0.5000,-27.412,-147.180,1.00000,90.000,-nan,-nan,-nan,0
11,3.00,6.370,0.5000,-27.407,-147.113,1.00000,90.000,-nan,-nan,-nan,0
11,3.00,6.380,0.5000,-27.401,-147.046,1.00000,90.000,-nan,-nan,-nan,0
11,3.00,6.390,0.5000,-27.396,-146.979,1.00000,90.000,-nan,-nan,-nan,0
11,3.00,6.400,0.5000,-27.391,-146.913,1.00000,90.000,-nan,-nan,-nan,0
11,3.00,6.410,0.5000,-27.386,-146.846,1.00000,90.000,-nan,-nan,-nan,0
11,3.00,6.420,0.5000,-27.380,-146.781,1.00000,90.000,-nan,-nan,-nan,0
11,3.00,6.430,0.5000,-27.375,-146.715,1.00000,90.000,-nan,-nan,-nan,0
11,3.00,6.440,0.5000,-27.370,-146.650,1.00000,90.000,-nan,-nan,-nan,0
11,3.00,6.450,0.5000,-27.365,-146.585,1.00000,90.000,-nan,-nan,-nan,0
11,3.00,6.460,0.5000,-27.360,-146.521,1.00000,90.000,-nan,-nan,-nan,0
11,3.00,6.470,0.5000,-27.355,-146.456,1.00000,90.000,-nan,-nan,-nan,0
11,3.00,6.480,0.5000,-27.350,-146.393,1.00000,90.000,-nan,-nan,-nan,0
11,3.00,6.490,0.5000,-27.345,-146.329,1.00000,90.000,-nan,-nan,-nan,0
11,3.00,6.500,0.5000,-27.340,-146.266,1.00000,90.000,-nan,-nan,-nan,0
11,3.00,6.510,0.5000,-27.335,-146.203,1.00000,90.000,-nan,-nan,-nan,0
11,3.00,6.520,0.5000,-27.330,-146.140,1.00000,90.000,-nan,-nan,-nan,0
11,3.00,6.530,0.5000,-27.325,-146.078,1.00000,90.000,-nan,-nan,-nan,0
11,3.00,6.540,0.5000,-27.320,-146.016,1.00000,90.000,-nan,-nan,-nan,0
11,3.00,6.550,0.5000,-27.315,-145.954,1.00000,90.000,-nan,-nan,-nan,0
11,3.00,6.560,0.5000,-27.310,-145.893,1.00000,90.000,-nan,-nan,-nan,0
11,3.00,6.570,0.5000,-27.306,-145.832,1.00000,90.000,-nan,-nan,-nan,0
11,3.00,6.580,0.5000,-27.301,-145.771,1.00000,90.000,-nan,-nan,-nan,0
11,3.00,6.590,0.5000,-27.296,-145.711,1.00000,90.000,-nan,-nan,-nan,0
11,3.00,6.600,0.5000,-27.291,-145.651,1.00000,90.000,-nan,-nan,-nan,0
11,3.00,6.610,0.5000,-27.287,-145.591,1.00000,90.000,-nan,-nan,-nan,0
11,3.00,6.620,0.5000,-27.282,-145.531,1.00000,90.000,-nan,-nan,-nan,0
11,3.00,6.630,0.5000,-27.277,-145.472,1.00000,90.000,-nan,-nan,-nan,0
11,3.00,6.640,0.5000,-27.273,-145.413,1.00000,90.000,-nan,-nan,-nan,0
11,3.00,6.650,0.5000,-27.268,-145.354,1.00000,90.000,-nan,-nan,-nan,0
11,3.00,6.660,0.5000,-27.263,-145.296,1.00000,90.000,-nan,-nan,-nan,0
11,3.00,6.670,0.5000,-27.259,-145.238,1.00000,90.000,-nan,-nan,-nan,0
11,3.00,6.680,0.5000,-27.254,-145.180,1.00000,90.000,-nan,-nan,-nan,0
11,3.00,6.690,0.5000,-27.250,-145.123,1.00000,90.000,-nan,-nan,-nan,0
11,3.00,6.700,0.5000,-27.245,-145.065,1.00000,90.000,-nan,-nan,-nan,0
11,3.00,6.710,0.5000,-27.241,-145.008,1.00000,90.000,-nan,-nan,-nan,0
11,3.00,6.720,0.5000,-27.236,-144.952,1.00000,90.000,-nan,-nan,-nan,0
11,3.00,6.730,0.5000,-27.232,-144.895,1.00000,90.000,-nan,-nan,-nan,0
11,3.00,6.740,0.5000,-27.227,-144.839,1.00000,90.000,-nan,-nan,-nan,0
11,3.00,6.750,0.5000,-27.223,-144.784,1.00000,90.000,-nan,-nan,-nan,0
11,3.00,6.760,0.5000,-27.218,-144.728,1.00000,90.000,-nan,-nan,-nan,0
11,3.00,6.770,0.5000,-27.214,-144.673,1.00000,90.000,-nan,-nan,-nan,0
11,3.00,6.780,0.5000,-27.210,-144.618,1.00000,90.000,-nan,-nan,-nan,0
11,3.00,6.790,0.5000,-27.205,-144.563,1.00000,90.000,-nan,-nan,-nan,0
11,3.00,6.800,0.5000,-27.201,-144.509,1.00000,90.000,-nan,-nan,-nan,0
11,3.00,6.810,0.5000,-27.197,-144.455,1.00000,90.000,-nan,-nan,-nan,0
11,3.00,6.820,0.5000,-27.193,-144.401,1.00000,90.000,-nan,-nan,-nan,0
11,3.00,6.830,0.5000,-27.188,-144.347,1.00000,90.000,-nan,-nan,-nan,0
11,3.00,6.840,0.5000,-27.184,-144.294,1.00000,90.000,-nan,-nan,-nan,0
11,3.00,6.850,0.5000,-27.180,-144.241,1.00000,90.000,-nan,-nan,-nan,0
11,3.00,6.860,0.5000,-27.176,-144.188,1.00000,90.000,-nan,-nan,-nan,0
11,3.00,6.870,0.5000,-27.172,-144.135,1.00000,90.000,-nan,-nan,-nan,0
11,3.00,6.880,0.5000,-27.168,-144.083,1.00000,90.000,-nan,-nan,-nan,0
11,3.00,6.890,0.5000,-27.164,-144.031,1.00000,90.000,-nan,-nan,-nan,0
11,3.00,6.900,0.5000,-27.159,-143.979,1.00000,90.000,-nan,-nan,-nan,0
11,3.00,6.910,0.5000,-27.155,-143.928,1.00000,90.000,-nan,-nan,-nan,0
11,3.00,6.920,0.5000,-27.151,-143.876,1.00000,90.000,-nan,-nan,-nan,0
11,3.00,6.930,0.5000,-27.147,-143.825,1.00000,90.000,-nan,-nan,-nan,0
11,3.00,6.940,0.5000,-27.143,-143.775,1.00000,90.000,-nan,-nan,-nan,0
11,3.00,6.950,0.5000,-27.139,-143.724,1.00000,90.000,-nan,-nan,-nan,0
11,3.00,6.960,0.5000,-27.135,-143.674,1.00000,90.000,-nan,-nan,-nan,0
11,3.00,6.970,0.5000,-27.131,-143.624,1.00000,90.000,-nan,-nan,-nan,0
11,3.00,6.980,0.5000,-27.127,-143.574,1.00000,90.000,-nan,-nan,-nan,0
11,3.00,6.990,0.5000,-27.124,-143.525,1.00000,90.000,-nan,-nan,-nan,0
11,3.00,7.000,0.5000,-27.120,-143.476,1.00000,90.000,-nan,-nan,-nan,0
11,3.00,7.010,0.5000,-27.116,-143.427,1.00000,90.000,-nan,-nan,-nan,0
11,3.00,7.020,0.5000,-27.112,-143.378,1.00000,90.000,-nan,-nan,-nan,0
11,3.00,7.030,0.5000,-27.108,-143.329,1.00000,90.000,-nan,-nan,-nan,0
11,3.00,7.040,0.5000,-27.104,-143.281,1.00000,90.000,-nan,-nan,-nan,0
11,3.00,7.050,0.5000,-27.101,-143.233,1.00000,90.000,-nan,-nan,-nan,0
11,3.00,7.060,0.5000,-27.097,-143.185,1.00000,90.000,-nan,-nan,-nan,0
11,3.00,7.070,0.5000,-27.093,-143.138,1.00000,90.000,-nan,-nan,-nan,0
11,3.00,7.080,0.5000,-27.089,-143.090,1.00000,90.000,-nan,-nan,-nan,0
11,3.00,7.090,0.5000,-27.086,-143.043,1.00000,90.000,-nan,-nan,-nan,0
11,3.00,7.100,0.5000,-27.082,-142.996,1.00000,90.000,-nan,-nan,-nan,0
11,3.00,7.110,0.5000,-27.078,-142.950,1.00000,90.000,-nan,-nan,-nan,0
11,3.00,7.120,0.5000,-27.075,-142.903,1.00000,90.000,-nan,-nan,-nan,0
11,3.00,7.130,0.5000,-27.071,-142.857,1.00000,90.000,-nan,-nan,-nan,0
11,3.00,7.140,0.5000,-27.067,-142.811,1.00000,90.000,-nan,-nan,-nan,0
11,3.00,7.150,0.5000,-27.064,-142.766,1.00000,90.000,-nan,-nan,-nan,0
11,3.00,7.160,0.5000,-27.060,-142.720,1.00000,90.000,-nan,-nan,-nan,0
11,3.00,7.170,0.5000,-27.057,-142.675,1.00000,90.000,-nan,-nan,-nan,0
11,3.00,7.180,0.5000,-27.053,-142.630,1.00000,90.000,-nan,-nan,-nan,0
11,3.00,7.190,0.5000,-27.050,-142.585,1.00000,90.000,-nan,-nan,-nan,0
11,3.00,7.200,0.5000,-27.046,-142.541,1.00000,90.000,-nan,-nan,-nan,0
11,3.00,7.210,0.5000,-27.042,-142.496,1.00000,90.000,-nan,-nan,-nan,0
11,3.00,7.220,0.5000,-27.039,-142.452,1.00000,90.000,-nan,-nan,-nan,0
11,3.00,7.230,0.5000,-27.036,-142.408,1.00000,90.000,-nan,-nan,-nan,0
11,3.00,7.240,0.5000,-27.032,-142.365,1.00000,90.000,-nan,-nan,-nan,0
11,3.00,7.250,0.5000,-27.029,-142.321,1.00000,90.000,-nan,-nan,-nan,0
11,3.00,7.260,0.5000,-27.025,-142.278,1.00000,90.000,-nan,-nan,-nan,0
11,3.00,7.270,0.5000,-27.022,-142.235,1.00000,90.000,-nan,-nan,-nan,0
11,3.00,7.280,0.5000,-27.019,-142.192,1.00000,90.000,-nan,-nan,-nan,0
11,3.00,7.290,0.5000,-27.015,-142.150,1.00000,90.000,-nan,-nan,-nan,0
11,3.00,7.300,0.5000,-27.012,-142.107,1.00000,90.000,-nan,-nan,-nan,0
11,3.00,7.310,0.5000,-27.008,-142.065,1.00000,90.000,-nan,-nan,-nan,0
11,3.00,7.320,0.5000,-27.005,-142.023,1.00000,90.000,-nan,-nan,-nan,0
11,3.00,7.330,0.5000,-27.002,-141.981,1.00000,90.000,-nan,-nan,-nan,0
11,3.00,7.340,0.5000,-26.999,-141.940,1.00000,90.000,-nan,-nan,-nan,0
11,3.00,7.350,0.5000,-26.995,-141.898,1.00000,90.000,-nan,-nan,-nan,0
11,3.00,7.360,0.5000,-26.992,-141.857,1.00000,90.000,-nan,-nan,-nan,0
11,3.00,7.370,0.5000,-26.989,-141.816,1.00000,90.000,-nan,-nan,-nan,0
11,3.00,7.380,0.5000,-26.986,-141.776,1.00000,90.000,-nan,-nan,-nan,0
11,3.00,7.390,0.5000,-26.982,-141.735,1.00000,90.000,-nan,-nan,-nan,0
11,3.00,7.400,0.5000,-26.979,-141.695,1.00000,90.000,-nan,-nan,-nan,0
11,3.00,7.410,0.5000,-26.976,-141.655,1.00000,90.000,-nan,-nan,-nan,0
11,3.00,7.420,0.5000,-26.973,-141.615,1.00000,90.000,-nan,-nan,-nan,0
11,3.00,7.430,0.5000,-26.970,-141.575,1.00000,90.000,-nan,-nan,-nan,0
11,3.00,7.440,0.5000,-26.967,-141.536,1.00000,90.000,-nan,-nan,-nan,0
11,3.00,7.450,0.5000,-26.964,-141.496,1.00000,90.000,-nan,-nan,-nan,0
11,3.00,7.460,0.5000,-26.961,-141.457,1.00000,90.000,-nan,-nan,-nan,0
11,3.00,7.470,0.5000,-26.957,-141.418,1.00000,90.000,-nan,-nan,-nan,0
11,3.00,7.480,0.5000,-26.954,-141.379,1.00000,90.000,-nan,-nan,-nan,0
11,3.00,7.490,0.5000,-26.951,-141.341,1.00000,90.000,-nan,-nan,-nan,0
11,3.00,7.500,0.5000,-26.948,-141.302,1.00000,90.000,-nan,-nan,-nan,0
11,3.00,7.510,0.5000,-26.945,-141.264,1.00000,90.000,-nan,-nan,-nan,0
11,3.00,7.520,0.5000,-26.942,-141.226,1.00000,90.000,-nan,-nan,-nan,0
11,3.00,7.530,0.5000,-26.939,-141.189,1.00000,90.000,-nan,-nan,-nan,0
11,3.00,7.540,0.5000,-26.936,-141.151,1.00000,90.000,-nan,-nan,-nan,0
11,3.00,7.550,0.5000,-26.933,-141.114,1.00000,90.000,-nan,-nan,-nan,0
11,3.00,7.560,0.5000,-26.931,-141.076,1.00000,90.000,-nan,-nan,-nan,0
11,3.00,7.570,0.5000,-26.928,-141.039,1.00000,90.000,-nan,-nan,-nan,0
11,3.00,7.580,0.5000,-26.925,-141.003,1.00000,90.000,-nan,-nan,-nan,0
11,3.00,7.590,0.5000,-26.922,-140.966,1.00000,90.000,-nan,-nan,-nan,0
11,3.00,7.600,0.5000,-26.919,-140.929,1.00000,90.000,-nan,-nan,-nan,0
11,3.00,7.610,0.5000,-26.916,-140.893,1.00000,90.000,-nan,-nan,-nan,0
11,3.00,7.620,0.5000,-26.913,-140.857,1.00000,90.000,-nan,-nan,-nan,0
11,3.00,7.630,0.5000,-26.910,-140.821,1.00000,90.000,-nan,-nan,-nan,0
11,3.00,7.640,0.5000,-26.908,-140.785,1.00000,90.000,-nan,-nan,-nan,0
11,3.00,7.650,0.5000,-26.905,-140.750,1.00000,90.000,-nan,-nan,-nan,0
11,3.00,7.660,0.5000,-26.902,-140.714,1.00000,90.000,-nan,-nan,-nan,0
11,3.00,7.670,0.5000,-26.899,-140.679,1.00000,90.000,-nan,-nan,-nan,0
11,3.00,7.680,0.5000,-26.896,-140.644,1.00000,90.000,-nan,-nan,-nan,0
11,3.00,7.690,0.5000,-26.894,-140.609,1.00000,90.000,-nan,-nan,-nan,0
11,3.00,7.700,0.5000,-26.891,-140.574,1.00000,90.000,-nan,-nan,-nan,0
11,3.00,7.710,0.5000,-26.888,-140.540,1.00000,90.000,-nan,-nan,-nan,0
11,3.00,7.720,0.5000,-26.885,-140.506,1.00000,90.000,-nan,-nan,-nan,0
11,3.00,7.730,0.5000,-26.883,-140.471,1.00000,90.000,-nan,-nan,-nan,0
11,3.00,7.740,0.5000,-26.880,-140.437,1.00000,90.000,-nan,-nan,-nan,0
11,3.00,7.750,0.5000,-26.877,-140.403,1.00000,90.000,-nan,-nan,-nan,0
11,3.00,7.760,0.5000,-26.875,-140.370,1.00000,90.000,-nan,-nan,-nan,0
11,3.00,7.770,0.5000,-26.872,-140.336,1.00000,90.000,-nan,-nan,-nan,0
11,3.00,7.780,0.5000,-26.870,-140.303,1.00000,90.000,-nan,-nan,-nan,0
11,3.00,7.790,0.5000,-26.867,-140.270,1.00000,90.000,-nan,-nan,-nan,0
11,3.00,7.800,0.5000,-26.864,-140.237,1.00000,90.000,-nan,-nan,-nan,0
11,3.00,7.810,0.5000,-26.862,-140.204,1.00000,90.000,-nan,-nan,-nan,0
11,3.00,7.820,0.5000,-26.859,-140.171,1.00000,90.000,-nan,-nan,-nan,0
11,3.00,7.830,0.5000,-26.857,-140.139,1.00000,90.000,-nan,-nan,-nan,0
11,3.00,7.840,0.5000,-26.854,-140.106,1.00000,90.000,-nan,-nan,-nan,0
11,3.00,7.850,0.5000,-26.851,-140.074,1.00000,90.000,-nan,-nan,-nan,0
11,3.00,7.860,0.5000,-26.849,-140.042,1.00000,90.000,-nan,-nan,-nan,0
11,3.00,7.870,0.5000,-26.846,-140.010,1.00000,90.000,-nan,-nan,-nan,0
11,3.00,7.880,0.5000,-26.844,-139.979,1.00000,90.000,-nan,-nan,-nan,0
11,3.00,7.890,0.5000,-26.841,-139.947,1.00000,90.000,-nan,-nan,-nan,0
11,3.00,7.900,0.5000,-26.839,-139.916,1.00000,90.000,-nan,-nan,-nan,0
11,3.00,7.910,0.5000,-26.837,-139.884,1.00000,90.000,-nan,-nan,-nan,0
11,3.00,7.920,0.5000,-26.834,-139.853,1.00000,90.000,-nan,-nan,-nan,0
11,3.00,7.930,0.5000,-26.832,-139.822,1.00000,90.000,-nan,-nan,-nan,0
11,3.00,7.940,0.5000,-26.829,-139.792,1.00000,90.000,-nan,-nan,-nan,0
11,3.00,7.950,0.5000,-26.827,-139.761,1.00000,90.000,-nan,-nan,-nan,0
11,3.00,7.960,0.5000,-26.824,-139.731,1.00000,90.000,-nan,-nan,-nan,0
11,3.00,7.970,0.5000,-26.822,-139.700,1.00000,90.000,-nan,-nan,-nan,0
11,3.00,7.980,0.5000,-26.820,-139.670,1.00000,90.000,-nan,-nan,-nan,0
11,3.00,7.990,0.5000,-26.817,-139.640,1.00000,90.000,-nan,-nan,-nan,0
11,3.00,8.000,0.5000,-26.815,-139.610,1.00000,90.000,-nan,-nan,-nan,0
11,3.00,8.010,0.5000,-26.813,-139.580,1.00000,90.000,-nan,-nan,-nan,0
11,3.00,8.020,0.5000,-26.810,-139.551,1.00000,90.000,-nan,-nan,-nan,0
11,3.00,8.030,0.5000,-26.808,-139.521,1.00000,90.000,-nan,-nan,-nan,0
11,3.00,8.040,0.5000,-26.806,-139.492,1.00000,90.000,-nan,-nan,-nan,0
11,3.00,8.050,0.5000,-26.803,-139.463,1.00000,90.000,-nan,-nan,-nan,0
11,3.00,8.060,0.5000,-26.801,-139.434,1.00000,90.000,-nan,-nan,-nan,0
11,3.00,8.070,0.5000,-26.799,-139.405,1.00000,90.000,-nan,-nan,-nan,0
11,3.00,8.080,0.5000,-26.796,-139.376,1.00000,90.000,-nan,-nan,-nan,0
11,3.00,8.090,0.5000,-26.794,-139.348,1.00000,90.000,-nan,-nan,-nan,0
11,3.00,8.100,0.5000,-26.792,-139.320,1.00000,90.000,-nan,-nan,-nan,0
11,3.00,8.110,0.5000,-26.790,-139.291,1.00000,90.000,-nan,-nan,-nan,0
11,3.00,8.120,0.5000,-26.788,-139.263,1.00000,90.000,-nan,-nan,-nan,0
11,3.00,8.130,0.5000,-26.785,-139.235,1.00000,90.000,-nan,-nan,-nan,0
11,3.00,8.140,0.5000,-26.783,-139.207,1.00000,90.000,-nan,-nan,-nan,0
11,3.00,8.150,0.5000,-26.781,-139.180,1.00000,90.000,-nan,-nan,-nan,0
11,3.00,8.160,0.5000,-26.779,-139.152,1.00000,90.000,-nan,-nan,-nan,0
11,3.00,8.170,0.5000,-26.777,-139.125,1.00000,90.000,-nan,-nan,-nan,0
11,3.00,8.180,0.5000,-26.774,-139.097,1.00000,90.000,-nan,-nan,-nan,0
11,3.00,8.190,0.5000,-26.772,-139.070,1.00000,90.000,-nan,-nan,-nan,0
11,3.00,8.200,0.5000,-26.770,-139.043,1.00000,90.000,-nan,-nan,-nan,0
11,3.00,8.210,0.5000,-26.768,-139.016,1.00000,90.000,-nan,-nan,-nan,0
11,3.00,8.220,0.5000,-26.766,-138.989,1.00000,90.000,-nan,-nan,-nan,0
11,3.00,8.230,0.5000,-26.764,-138.963,1.00000,90.000,-nan,-nan,-nan,0
11,3.00,8.240,0.5000,-26.762,-138.936,1.00000,90.000,-nan,-nan,-nan,0
11,3.00,8.250,0.5000,-26.760,-138.910,1.00000,90.000,-nan,-nan,-nan,0
11,3.00,8.260,0.5000,-26.758,-138.884,1.00000,90.000,-nan,-nan,-nan,0
11,3.00,8.270,0.5000,-26.756,-138.858,1.00000,90.000,-nan,-nan,-nan,0
11,3.00,8.280,0.5000,-26.754,-138.832,1.00000,90.000,-nan,-nan,-nan,0
11,3.00,8.290,0.5000,-26.751,-138.806,1.00000,90.000,-nan,-nan,-nan,0
11,3.00,8.300,0.5000,-26.749,-138.780,1.00000,90.000,-nan,-nan,-nan,0
11,3.00,8.310,0.5000,-26.747,-138.755,1.00000,90.000,-nan,-nan,-nan,0
11,3.00,8.320,0.5000,-26.745,-138.729,1.00000,90.000,-nan,-nan,-nan,0
11,3.00,8.330,0.5000,-26.743,-138.704,1.00000,90.000,-nan,-nan,-nan,0
11,3.00,8.340,0.5000,-26.741,-138.679,1.00000,90.000,-nan,-nan,-nan,0
11,3.00,8.350,0.5000,-26.739,-138.654,1.00000,90.000,-nan,-nan,-nan,0
11,3.00,8.360,0.5000,-26.737,-138.629,1.00000,90.000,-nan,-nan,-nan,0
11,3.00,8.370,0.5000,-26.736,-138.604,1.00000,90.000,-nan,-nan,-nan,0
11,3.00,8.380,0.5000,-26.734,-138.579,1.00000,90.000,-nan,-nan,-nan,0
11,3.00,8.390,0.5000,-26.732,-138.554,1.00000,90.000,-nan,-nan,-nan,0
11,3.00,8.400,0.5000,-26.730,-138.530,1.00000,90.000,-nan,-nan,-nan,0
11,3.00,8.410,0.5000,-26.728,-138.506,1.00000,90.000,-nan,-nan,-nan,0
11,3.00,8.420,0.5000,-26.726,-138.481,1.00000,90.000,-nan,-nan,-nan,0
11,3.00,8.430,0.5000,-26.724,-138.457,1.00000,90.000,-nan,-nan,-nan,0
11,3.00,8.440,0.5000,-26.722,-138.433,1.00000,90.000,-nan,-nan,-nan,0
11,3.00,8.450,0.5000,-26.720,-138.410,1.00000,90.000,-nan,-nan,-nan,0
11,3.00,8.460,0.5000,-26.718,-138.386,1.00000,90.000,-nan,-nan,-nan,0
11,3.00,8.470,0.5000,-26.716,-138.362,1.00000,90.000,-nan,-nan,-nan,0
11,3.00,8.480,0.5000,-26.715,-138.339,1.00000,90.000,-nan,-nan,-nan,0
11,3.00,8.490,0.5000,-26.713,-138.315,1.00000,90.000,-nan,-nan,-nan,0
11,3.00,8.500,0.5000,-26.711,-138.292,1.00000,90.000,-nan,-nan,-nan,0
11,3.00,8.510,0.5000,-26.709,-138.269,1.00000,90.000,-nan,-nan,-nan,0
11,3.00,8.520,0.5000,-26.707,-138.246,1.00000,90.000,-nan,-nan,-nan,0
11,3.00,8.530,0.5000,-26.706,-138.223,1.00000,90.000,-nan,-nan,-nan,0
11,3.00,8.540,0.5000,-26.704,-138.200,1.00000,90.000,-nan,-nan,-nan,0
11,3.00,8.550,0.5000,-26.702,-138.178,1.00000,90.000,-nan,-nan,-nan,0
11,3.00,8.560,0.5000,-26.700,-138.155,1.00000,90.000,-nan,-nan,-nan,0
11,3.00,8.570,0.5000,-26.698,-138.133,1.00000,90.000,-nan,-nan,-nan,0
11,3.00,8.580,0.5000,-26.697,-138.110,1.00000,90.000,-nan,-nan,-nan,0
11,3.00,8.590,0.5000,-26.695,-138.088,1.00000,90.000,-nan,-nan,-nan,0
11,3.00,8.600,0.5000,-26.693,-138.066,1.00000,90.000,-nan,-nan,-nan,0
11,3.00,8.610,0.5000,-26.691,-138.044,1.00000,90.000,-nan,-nan,-nan,0
11,3.00,8.620,0.5000,-26.690,-138.022,1.00000,90.000,-nan,-nan,-nan,0
11,3.00,8.630,0.5000,-26.688,-138.000,1.00000,90.000,-nan,-nan,-nan,0
11,3.00,8.640,0.5000,-26.686,-137.978,1.00000,90.000,-nan,-nan,-nan,0
11,3.00,8.650,0.5000,-26.685,-137.957,1.00000,90.000,-nan,-nan,-nan,0
11,3.00,8.660,0.5000,-26.683,-137.935,1.00000,90.000,-nan,-nan,-nan,0
11,3.00,8.670,0.5000,-26.681,-137.914,1.00000,90.000,-nan,-nan,-nan,0
11,3.00,8.680,0.5000,-26.679,-137.893,1.00000,90.000,-nan,-nan,-nan,0
11,3.00,8.690,0.5000,-26.678,-137.872,1.00000,90.000,-nan,-nan,-nan,0
11,3.00,8.700,0.5000,-26.676,-137.851,1.00000,90.000,-nan,-nan,-nan,0
11,3.00,8.710,0.5000,-26.674,-137.830,1.00000,90.000,-nan,-nan,-nan,0
11,3.00,8.720,0.5000,-26.673,-137.809,1.00000,90.000,-nan,-nan,-nan,0
11,3.00,8.730,0.5000,-26.671,-137.788,1.00000,90.000,-nan,-nan,-nan,0
11,3.00,8.740,0.5000,-26.670,-137.767,1.00000,90.000,-nan,-nan,-nan,0
11,3.00,8.750,0.5000,-26.668,-137.747,1.00000,90.000,-nan,-nan,-nan,0
11,3.00,8.760,0.5000,-26.666,-137.726,1.00000,90.000,-nan,-nan,-nan,0
11,3.00,8.770,0.5000,-26.665,-137.706,1.00000,90.000,-nan,-nan,-nan,0
11,3.00,8.780,0.5000,-26.663,-137.686,1.00000,90.000,-nan,-nan,-nan,0
11,3.00,8.790,0.5000,-26.662,-137.666,1.00000,90.000,-nan,-nan,-nan,0
11,3.00,8.800,0.5000,-26.660,-137.646,1.00000,90.000,-nan,-nan,-nan,0
11,3.00,8.810,0.5000,-26.658,-137.626,1.00000,90.000,-nan,-nan,-nan,0
11,3.00,8.820,0.5000,-26.657,-137.606,1.00000,90.000,-nan,-nan,-nan,0
11,3.00,8.830,0.5000,-26.655,-137.586,1.00000,90.000,-nan,-nan,-nan,0
11,3.00,8.840,0.5000,-26.654,-137.567,1.00000,90.000,-nan,-nan,-nan,0
11,3.00,8.850,0.5000,-26.652,-137.547,1.00000,90.000,-nan,-nan,-nan,0
11,3.00,8.860,0.5000,-26.651,-137.528,1.00000,90.000,-nan,-nan,-nan,0
11,3.00,8.870,0.5000,-26.649,-137.508,1.00000,90.000,-nan,-nan,-nan,0
11,3.00,8.880,0.5000,-26.648,-137.489,1.00000,90.000,-nan,-nan,-nan,0
11,3.00,8.890,0.5000,-26.646,-137.470,1.00000,90.000,-nan,-nan,-nan,0
11,3.00,8.900,0.5000,-26.645,-137.451,1.00000,90.000,-nan,-nan,-nan,0
11,3.00,8.910,0.5000,-26.643,-137.432,1.00000,90.000,-nan,-nan,-nan,0
11,3.00,8.920,0.5000,-26.642,-137.413,1.00000,90.000,-nan,-nan,-nan,0
11,3.00,8.930,0.5000,-26.640,-137.394,1.00000,90.000,-nan,-nan,-nan,0
11,3.00,8.940,0.5000,-26.639,-137.376,1.00000,90.000,-nan,-nan,-nan,0
11,3.00,8.950,0.5000,-26.637,-137.357,1.00000,90.000,-nan,-nan,-nan,0
11,3.00,8.960,0.5000,-26.636,-137.339,1.00000,90.000,-nan,-nan,-nan,0
11,3.00,8.970,0.5000,-26.634,-137.320,1.00000,90.000,-nan,-nan,-nan,0
11,3.00,8.980,0.5000,-26.633,-137.302,1.00000,90.000,-nan,-nan,-nan,0
11,3.00,8.990,0.5000,-26.631,-137.284,1.00000,90.000,-nan,-nan,-nan,0
11,3.00,9.000,0.5000,-26.630,-137.266,1.00000,90.000,-nan,-nan,-nan,0
11,3.00,9.010,0.5000,-26.629,-137.248,1.00000,90.000,-nan,-nan,-nan,0
11,3.00,9.020,0.5000,-26.627,-137.230,1.00000,90.000,-nan,-nan,-nan,0
11,3.00,9.030,0.5000,-26.626,-137.212,1.00000,90.000,-nan,-nan,-nan,0
11,3.00,9.040,0.5000,-26.624,-137.194,1.00000,90.000,-nan,-nan,-nan,0
11,3.00,9.050,0.5000,-26.623,-137.176,1.00000,90.000,-nan,-nan,-nan,0
11,3.00,9.060,0.5000,-26.622,-137.159,1.00000,90.000,-nan,-nan,-nan,0
11,3.00,9.070,0.5000,-26.620,-137.141,1.00000,90.000,-nan,-nan,-nan,0
11,3.00,9.080,0.5000,-26.619,-137.124,1.00000,90.000,-nan,-nan,-nan,0
11,3.00,9.090,0.5000,-26.617,-137.107,1.00000,90.000,-nan,-nan,-nan,0
11,3.00,9.100,0.5000,-26.616,-137.089,1.00000,90.000,-nan,-nan,-nan,0
11,3.00,9.110,0.5000,-26.615,-137.072,1.00000,90.000,-nan,-nan,-nan,0
11,3.00,9.120,0.5000,-26.613,-137.055,1.00000,90.000,-nan,-nan,-nan,0
11,3.00,9.130,0.5000,-26.612,-137.038,1.00000,90.000,-nan,-nan,-nan,0
11,3.00,9.140,0.5000,-26.611,-137.021,1.00000,90.000,-nan,-nan,-nan,0
11,3.00,9.150,0.5000,-26.609,-137.005,1.00000,90.000,-nan,-nan,-nan,0
11,3.00,9.160,0.5000,-26.608,-136.988,1.00000,90.000,-nan,-nan,-nan,0
11,3.00,9.170,0.5000,-26.607,-136.971,1.00000,90.000,-nan,-nan,-nan,0
11,3.00,9.180,0.5000,-26.605,-136.955,1.00000,90.000,-nan,-nan,-nan,0
11,3.00,9.190,0.5000,-26.604,-136.938,1.00000,90.000,-nan,-nan,-nan,0
11,3.00,9.200,0.5000,-26.603,-136.922,1.00000,90.000,-nan,-nan,-nan,0
11,3.00,9.210,0.5000,-26.602,-136.905,1.00000,90.000,-nan,-nan,-nan,0
11,3.00,9.220,0.5000,-26.600,-136.889,1.00000,90.000,-nan,-nan,-nan,0
11,3.00,9.230,0.5000,-26.599,-136.873,1.00000,90.000,-nan,-nan,-nan,0
11,3.00,9.240,0.5000,-26.598,-136.857,1.00000,90.000,-nan,-nan,-nan,0
11,3.00,9.250,0.5000,-26.597,-136.841,1.00000,90.000,-nan,-nan,-nan,0
11,3.00,9.260,0.5000,-26.595,-136.825,1.00000,90.000,-nan,-nan,-nan,0
11,3.00,9.270,0.5000,-26.594,-136.809,1.00000,90.000,-nan,-nan,-nan,0
11,3.00,9.280,0.5000,-26.593,-136.794,1.00000,90.000,-nan,-nan,-nan,0
11,3.00,9.290,0.5000,-26.592,-136.778,1.00000,90.000,-nan,-nan,-nan,0
11,3.00,9.300,0.5000,-26.590,-136.762,1.00000,90.000,-nan,-nan,-nan,0
11,3.00,9.310,0.5000,-26.589,-136.747,1.00000,90.000,-nan,-nan,-nan,0
11,3.00,9.320,0.5000,-26.588,-136.731,1.00000,90.000,-nan,-nan,-nan,0
11,3.00,9.330,0.5000,-26.587,-136.716,1.00000,90.000,-nan,-nan,-nan,0
11,3.00,9.340,0.5000,-26.585,-136.701,1.00000,90.000,-nan,-nan,-nan,0
11,3.00,9.350,0.5000,-26.584,-136.685,1.00000,90.000,-nan,-nan,-nan,0
11,3.00,9.360,0.5000,-26.583,-136.670,1.00000,90.000,-nan,-nan,-nan,0
11,3.00,9.370,0.5000,-26.582,-136.655,1.00000,90.000,-nan,-nan,-nan,0
11,3.00,9.380,0.5000,-26.581,-136.640,1.00000,90.000,-nan,-nan,-nan,0
11,3.00,9.390,0.5000,-26.580,-136.625,1.00000,90.000,-nan,-nan,-nan,0
11,3.00,9.400,0.5000,-26.578,-136.611,1.00000,90.000,-nan,-nan,-nan,0
11,3.00,9.410,0.5000,-26.577,-136.596,1.00000,90.000,-nan,-nan,-nan,0
11,3.00,9.420,0.5000,-26.576,-136.581,1.00000,90.000,-nan,-nan,-nan,0
11,3.00,9.430,0.5000,-26.575,-136.566,1.00000,90.000,-nan,-nan,-nan,0
11,3.00,9.440,0.5000,-26.574,-136.552,1.00000,90.000,-nan,-nan,-nan,0
11,3.00,9.450,0.5000,-26.573,-136.537,1.00000,90.000,-nan,-nan,-nan,0
11,3.00,9.460,0.5000,-26.571,-136.523,1.00000,90.000,-nan,-nan,-nan,0
11,3.00,9.470,0.5000,-26.570,-136.509,1.00000,90.000,-nan,-nan,-nan,0
11,3.00,9.480,0.5000,-26.569,-136.495,1.00000,90.000,-nan,-nan,-nan,0
11,3.00,9.490,0.5000,-26.568,-136.480,1.00000,90.000,-nan,-nan,-nan,0
11,3.00,9.500,0.5000,-26.567,-136.466,1.00000,90.000,-nan,-nan,-nan,0
11,3.00,9.510,0.5000,-26.566,-136.452,1.00000,90.000,-nan,-nan,-nan,0
11,3.00,9.520,0.5000,-26.565,-136.438,1.00000,90.000,-nan,-nan,-nan,0
11,3.00,9.530,0.5000,-26.564,-136.424,1.00000,90.000,-nan,-nan,-nan,0
11,3.00,9.540,0.5000,-26.563,-136.410,1.00000,90.000,-nan,-nan,-nan,0
11,3.00,9.550,0.5000,-26.561,-136.397,1.00000,90.000,-nan,-nan,-nan,0
11,3.00,9.560,0.5000,-26.560,-136.383,1.00000,90.000,-nan,-nan,-nan,0
11,3.00,9.570,0.5000,-26.559,-136.369,1.00000,90.000,-nan,-nan,-nan,0
11,3.00,9.580,0.5000,-26.558,-136.356,1.00000,90.000,-nan,-nan,-nan,0
11,3.00,9.590,0.5000,-26.557,-136.342,1.00000,90.000,-nan,-nan,-nan,0
11,3.00,9.600,0.5000,-26.556,-136.329,1.00000,90.000,-nan,-nan,-nan,0
11,3.00,9.610,0.5000,-26.555,-136.316,1.00000,90.000,-nan,-nan,-nan,0
11,3.00,9.620,0.5000,-26.554,-136.302,1.00000,90.000,-nan,-nan,-nan,0
11,3.00,9.630,0.5000,-26.553,-136.289,1.00000,90.000,-nan,-nan,-nan,0
11,3.00,9.640,0.5000,-26.552,-136.276,1.00000,90.000,-nan,-nan,-nan,0
11,3.00,9.650,0.5000,-26.551,-136.263,1.00000,90.000,-nan,-nan,-nan,0
11,3.00,9.660,0.5000,-26.550,-136.250,1.00000,90.000,-nan,-nan,-nan,0
11,3.00,9.670,0.5000,-26.549,-136.237,1.00000,90.000,-nan,-nan,-nan,0
11,3.00,9.680,0.5000,-26.548,-136.224,1.00000,90.000,-nan,-nan,-nan,0
11,3.00,9.690,0.5000,-26.547,-136.211,1.00000,90.000,-nan,-nan,-nan,0
11,3.00,9.700,0.5000,-26.546,-136.198,1.00000,90.000,-nan,-nan,-nan,0
11,3.00,9.710,0.5000,-26.545,-136.186,1.00000,90.000,-nan,-nan,-nan,0
11,3.00,9.720,0.5000,-26.544,-136.173,1.00000,90.000,-nan,-nan,-nan,0
11,3.00,9.730,0.5000,-26.543,-136.160,1.00000,90.000,-nan,-nan,-nan,0
11,3.00,9.740,0.5000,-26.542,-136.148,1.00000,90.000,-nan,-nan,-nan,0
11,3.00,9.750,0.5000,-26.541,-136.136,1.00000,90.000,-nan,-nan,-nan,0
11,3.00,9.760,0.5000,-26.540,-136.123,1.00000,90.000,-nan,-nan,-nan,0
11,3.00,9.770,0.5000,-26.539,-136.111,1.00000,90.000,-nan,-nan,-nan,0
11,3.00,9.780,0.5000,-26.538,-136.099,1.00000,90.000,-nan,-nan,-nan,0
11,3.00,9.790,0.5000,-26.537,-136.086,1.00000,90.000,-nan,-nan,-nan,0
11,3.00,9.800,0.5000,-26.536,-136.074,1.00000,90.000,-nan,-nan,-nan,0
11,3.00,9.810,0.5000,-26.535,-136.062,1.00000,90.000,-nan,-nan,-nan,0
11,3.00,9.820,0.5000,-26.534,-136.050,1.00000,90.000,-nan,-nan,-nan,0
11,3.00,9.830,0.5000,-26.533,-136.038,1.00000,90.000,-nan,-nan,-nan,0
11,3.00,9.840,0.5000,-26.532,-136.026,1.00000,90.000,-nan,-nan,-nan,0
11,3.00,9.850,0.5000,-26.531,-136.014,1.00000,90.000,-nan,-nan,-nan,0
11,3.00,9.860,0.5000,-26.530,-136.003,1.00000,90.000,-nan,-nan,-nan,0
11,3.00,9.870,0.5000,-26.529,-135.991,1.00000,90.000,-nan,-nan,-nan,0
11,3.00,9.880,0.5000,-26.529,-135.979,1.00000,90.000,-nan,-nan,-nan,0
11,3.00,9.890,0.5000,-26.528,-135.968,1.00000,90.000,-nan,-nan,-nan,0
11,3.00,9.900,0.5000,-26.527,-135.956,1.00000,90.000,-nan,-nan,-nan,0
11,3.00,9.910,0.5000,-26.526,-135.945,1.00000,90.000,-nan,-nan,-nan,0
11,3.00,9.920,0.5000,-26.525,-135.933,1.00000,90.000,-nan,-nan,-nan,0
11,3.00,9.930,0.5000,-26.524,-135.922,1.00000,90.000,-nan,-nan,-nan,0
11,3.00,9.940,0.5000,-26.523,-135.910,1.00000,90.000,-nan,-nan,-nan,0
11,3.00,9.950,0.5000,-26.522,-135.899,1.00000,90.000,-nan,-nan,-nan,0
11,3.00,9.960,0.5000,-26.521,-135.888,1.00000,90.000,-nan,-nan,-nan,0
11,3.00,9.970,0.5000,-26.520,-135.877,1.00000,90.000,-nan,-nan,-nan,0
11,3.00,9.980,0.5000,-26.520,-135.866,1.00000,90.000,-nan,-nan,-nan,0
11,3.00,9.990,0.5000,-26.519,-135.855,1.00000,90.000,-nan,-nan,-nan,0
11,3.00,10.000,0.5000,-26.518,-135.844,1.00000,90.000,-nan,-nan,-nan,0
12,3.00,0.000,0.5000,-52.000,-458.975,0.04362,2.500,270.00,-0.04362,-0.00000,0
12,3.00,0.010,0.5000,-51.872,-457.352,1.00000,90.000,258.04,-0.97830,-0.20719,0
12,3.00,0.020,0.5000,-51.745,-455.738,1.00000,90.000,246.36,-0.91611,-0.40094,0
12,3.00,0.030,0.5000,-51.618,-454.131,1.00000,90.000,234.64,-0.81555,-0.57869,0
12,3.00,0.040,0.5000,-51.492,-452.533,1.00000,90.000,222.88,-0.68042,-0.73283,0
12,3.00,0.050,0.5000,-51.367,-450.942,1.00000,90.000,211.07,-0.51605,-0.85656,0
12,3.00,0.060,0.5000,-51.242,-449.360,1.00000,90.000,199.22,-0.32913,-0.94429,0
12,3.00,0.070,0.5000,-51.118,-447.785,1.00000,90.000,187.32,-0.12742,-0.99185,0
12,3.00,0.080,0.5000,-50.994,-446.219,1.00000,90.000,175.38,0.08053,-0.99675,0
12,3.00,0.090,0.5000,-50.871,-444.660,1.00000,90.000,163.40,0.28572,-0.95831,0
12,3.00,0.100,0.5000,-50.749,-443.109,1.00000,90.000,151.37,0.47913,-0.87774,0
12,3.00,0.110,0.5000,-50.627,-441.565,1.00000,90.000,139.30,0.65209,-0.75814,0
12,3.00,0.120,0.5000,-50.506,-440.029,1.00000,90.000,127.19,0.79668,-0.60440,0
12,3.00,0.130,0.5000,-50.385,-438.501,1.00000,90.000,115.03,0.90611,-0.42304,0
12,3.00,0.140,0.5000,-50.266,-436.981,1.00000,90.000,102.82,0.97506,-0.22195,0
12,3.00,0.150,0.5000,-50.146,-435.468,1.00000,90.000,90.58,0.99995,-0.01006,0
12,3.00,0.160,0.5000,-50.028,-433.963,1.00000,90.000,78.28,0.97917,0.20306,0
12,3.00,0.170,0.5000,-49.909,-432.465,1.00000,90.000,65.95,0.91317,0.40757,0
12,3.00,0.180,0.5000,-49.792,-430.975,1.00000,90.000,53.57,0.80454,0.59389,0
12,3.00,0.190,0.5000,-49.675,-429.492,1.00000,90.000,41.14,0.65790,0.75310,0
12,3.00,0.200,0.5000,-49.559,-428.016,1.00000,90.000,28.67,0.47975,0.87740,0
12,3.00,0.210,0.5000,-49.443,-426.548,1.00000,90.000,16.15,0.27821,0.96052,0
12,3.00,0.220,0.5000,-49.328,-425.087,1.00000,90.000,3.59,0.06265,0.99804,0
12,3.00,0.230,0.5000,-49.213,-423.634,1.00000,90.000,350.99,-0.15667,0.98765,0
12,3.00,0.240,0.5000,-49.099,-422.187,1.00000,90.000,338.33,-0.36918,0.92936,0
12,3.00,0.250,0.5000,-48.985,-420.748,1.00000,90.000,325.64,-0.56442,0.82549,0
12,3.00,0.260,0.5000,-48.873,-419.316,1.00000,90.000,312.90,-0.73259,0.68067,0
12,3.00,0.270,0.5000,-48.760,-417.892,1.00000,90.000,300.11,-0.86508,0.50163,0
12,3.00,0.280,0.5000,-48.648,-416.474,1.00000,90.000,287.27,-0.95489,0.29695,0
12,3.00,0.290,0.5000,-48.537,-415.063,1.00000,90.000,274.40,-0.99706,0.07663,0
12,3.00,0.300,0.5000,-48.426,-413.660,1.00000,90.000,261.47,-0.98894,-0.14833,0
12,3.00,0.310,0.5000,-48.316,-412.263,1.00000,90.000,248.50,-0.93041,-0.36652,0
12,3.00,0.320,0.5000,-48.207,-410.874,1.00000,90.000,235.48,-0.82395,-0.56667,0
12,3.00,0.330,0.5000,-48.098,-409.491,1.00000,90.000,222.42,-0.67454,-0.73823,0
12,3.00,0.340,0.5000,-47.989,-408.115,1.00000,90.000,209.31,-0.48952,-0.87199,0
12,3.00,0.350,0.5000,-47.881,-406.746,1.00000,90.000,196.15,-0.27821,-0.96052,0
12,3.00,0.360,0.5000,-47.774,-405.384,1.00000,90.000,182.95,-0.05149,-0.99867,0
12,3.00,0.370,0.5000,-47.667,-404.029,1.00000,90.000,169.70,0.17876,-0.98389,0
12,3.00,0.380,0.5000,-47.561,-402.681,1.00000,90.000,156.41,0.40024,-0.91641,0
12,3.00,0.390,0.5000,-47.455,-401.339,1.00000,90.000,143.06,0.60091,-0.79932,0
12,3.00,0.400,0.5000,-47.350,-400.004,1.00000,90.000,129.68,0.76967,-0.63845,0
12,3.00,0.410,0.5000,-47.245,-398.675,1.00000,90.000,116.24,0.89695,-0.44213,0
12,3.00,0.420,0.5000,-47.141,-397.353,1.00000,90.000,102.76,0.97531,-0.22082,0
12,3.00,0.430,0.5000,-47.037,-396.038,1.00000,90.000,89.23,0.99991,0.01348,0
12,3.00,0.440,0.5000,-46.934,-394.730,1.00000,90.000,75.65,0.96880,0.24784,0
12,3.00,0.450,0.5000,-46.831,-393.427,1.00000,90.000,62.03,0.88316,0.46907,0
12,3.00,0.460,0.5000,-46.729,-392.132,1.00000,90.000,48.35,0.74726,0.66453,0
12,3.00,0.470,0.5000,-46.627,-390.843,1.00000,90.000,34.63,0.56834,0.82279,0
12,3.00,0.480,0.5000,-46.526,-389.560,1.00000,90.000,20.87,0.35621,0.93440,0
12,3.00,0.490,0.5000,-46.425,-388.283,1.00000,90.000,7.05,0.12279,0.99243,0
12,3.00,0.500,0.5000,-46.325,-387.014,1.00000,90.000,353.19,-0.11856,0.99295,0
12,3.00,0.510,0.5000,-46.225,-385.750,1.00000,90.000,339.28,-0.35378,0.93533,0
12,3.00,0.520,0.5000,-46.126,-384.493,1.00000,90.000,325.32,-0.56895,0.82237,0
12,3.00,0.530,0.5000,-46.028,-383.241,1.00000,90.000,311.32,-0.75107,0.66022,0
12,3.00,0.540,0.5000,-45.930,-381.997,1.00000,90.000,297.26,-0.88891,0.45807,0
12,3.00,0.550,0.5000,-45.832,-380.758,1.00000,90.000,283.16,-0.97374,0.22768,0
12,3.00,0.560,0.5000,-45.735,-379.526,1.00000,90.000,269.01,-0.99985,-0.01728,0
12,3.00,0.570,0.5000,-45.638,-378.299,1.00000,90.000,254.81,-0.96507,-0.26201,0
12,3.00,0.580,0.5000,-45.542,-377.079,1.00000,90.000,240.56,-0.87090,-0.49146,0
12,3.00,0.590,0.5000,-45.446,-375.865,1.00000,90.000,226.27,-0.72257,-0.69130,0
12,3.00,0.600,0.5000,-45.351,-374.657,1.00000,90.000,211.92,-0.52877,-0.84876,0
12,3.00,0.610,0.5000,-45.256,-373.455,1.00000,90.000,197.53,-0.30119,-0.95356,0
12,3.00,0.620,0.5000,-45.162,-372.259,1.00000,90.000,183.09,-0.05385,-0.99855,0
12,3.00,0.630,0.5000,-45.068,-371.069,1.00000,90.000,168.60,0.19773,-0.98026,0
12,3.00,0.640,0.5000,-44.974,-369.885,1.00000,90.000,154.06,0.43750,-0.89922,0
12,3.00,0.650,0.5000,-44.881,-368.706,1.00000,90.000,139.47,0.64990,-0.76002,0
12,3.00,0.660,0.5000,-44.789,-367.534,1.00000,90.000,124.83,0.82087,-0.57111,0
12,3.00,0.670,0.5000,-44.697,-366.368,1.00000,90.000,110.14,0.93885,-0.34432,0
12,3.00,0.680,0.5000,-44.605,-365.207,1.00000,90.000,95.40,0.99556,-0.09416,0
12,3.00,0.690,0.5000,-44.514,-364.052,1.00000,90.000,80.62,0.98662,0.16304,0
12,3.00,0.700,0.5000,-44.424,-362.903,1.00000,90.000,65.78,0.91198,0.41023,0
12,3.00,0.710,0.5000,-44.334,-361.760,1.00000,90.000,50.90,0.77599,0.63074,0
12,3.00,0.720,0.5000,-44.244,-360.622,1.00000,90.000,35.96,0.58722,0.80943,0
12,3.00,0.730,0.5000,-44.155,-359.490,1.00000,90.000,20.97,0.35796,0.93374,0
12,3.00,0.740,0.5000,-44.066,-358.363,1.00000,90.000,5.94,0.10349,0.99463,0
12,3.00,0.750,0.5000,-43.977,-357.243,1.00000,90.000,350.86,-0.15893,0.98729,0
12,3.00,0.760,0.5000,-43.889,-356.128,1.00000,90.000,335.72,-0.41119,0.91155,0
12,3.00,0.770,0.5000,-43.802,-355.018,1.00000,90.000,320.54,-0.63560,0.77202,0
12,3.00,0.780,0.5000,-43.715,-353.914,1.00000,90.000,305.30,-0.81613,0.57786,0
12,3.00,0.790,0.5000,-43.628,-352.815,1.00000,90.000,290.02,-0.93960,0.34227,0
12,3.00,0.800,0.5000,-43.542,-351.722,1.00000,90.000,274.68,-0.99667,0.08158,0
12,3.00,0.810,0.5000,-43.456,-350.635,1.00000,90.000,259.29,-0.98259,-0.18578,0
12,3.00,0.820,0.5000,-43.371,-349.552,1.00000,90.000,243.86,-0.89770,-0.44061,0
12,3.00,0.830,0.5000,-43.286,-348.476,1.00000,90.000,228.37,-0.74745,-0.66432,0
12,3.00,0.840,0.5000,-43.202,-347.404,1.00000,90.000,212.83,-0.54218,-0.84026,0
12,3.00,0.850,0.5000,-43.117,-346.338,1.00000,90.000,197.24,-0.29643,-0.95505,0
12,3.00,0.860,0.5000,-43.034,-345.277,1.00000,90.000,181.60,-0.02799,-0.99961,0
12,3.00,0.870,0.5000,-42.951,-344.222,1.00000,90.000,165.91,0.24338,-0.96993,0
12,3.00,0.880,0.5000,-42.868,-343.172,1.00000,90.000,135.00,0.70711,-0.70711,0
12,3.00,0.890,0.5000,-42.785,-342.127,1.00000,90.000,-nan,-nan,-nan,0
12,3.00,0.900,0.5000,-42.703,-341.087,1.00000,90.000,-nan,-nan,-nan,0
12,3.00,0.910,0.5000,-42.622,-340.052,1.00000,90.000,-nan,-nan,-nan,0
12,3.00,0.920,0.5000,-42.541,-339.023,1.00000,90.000,-nan,-nan,-nan,0
12,3.00,0.930,0.5000,-42.460,-337.998,1.00000,90.000,-nan,-nan,-nan,0
12,3.00,0.940,0.5000,-42.379,-336.979,1.00000,90.000,-nan,-nan,-nan,0
12,3.00,0.950,0.5000,-42.299,-335.965,1.00000,90.000,-nan,-nan,-nan,0
12,3.00,0.960,0.5000,-42.220,-334.956,1.00000,90.000,-nan,-nan,-nan,0
12,3.00,0.970,0.5000,-42.141,-333.952,1.00000,90.000,-nan,-nan,-nan,0
12,3.00,0.980,0.5000,-42.062,-332.953,1.00000,90.000,-nan,-nan,-nan,0
12,3.00,0.990,0.5000,-41.984,-331.959,1.00000,90.000,-nan,-nan,-nan,0
12,3.00,1.000,0.5000,-41.906,-330.970,1.00000,90.000,-nan,-nan,-nan,0
12,3.00,1.010,0.5000,-41.828,-329.986,1.00000,90.000,-nan,-nan,-nan,0
12,3.00,1.020,0.5000,-41.751,-329.007,1.00000,90.000,-nan,-nan,-nan,0
12,3.00,1.030,0.5000,-41.674,-328.032,1.00000,90.000,-nan,-nan,-nan,0
12,3.00,1.040,0.5000,-41.597,-327.063,1.00000,90.000,-nan,-nan,-nan,0
12,3.00,1.050,0.5000,-41.521,-326.098,1.00000,90.000,-nan,-nan,-nan,0
12,3.00,1.060,0.5000,-41.446,-325.138,1.00000,90.000,-nan,-nan,-nan,0
12,3.00,1.070,0.5000,-41.370,-324.183,1.00000,90.000,-nan,-nan,-nan,0
12,3.00,1.080,0.5000,-41.295,-323.233,1.00000,90.000,-nan,-nan,-nan,0
12,3.00,1.090,0.5000,-41.221,-322.288,1.00000,90.000,-nan,-nan,-nan,0
12,3.00,1.100,0.5000,-41.147,-321.347,1.00000,90.000,-nan,-nan,-nan,0
12,3.00,1.110,0.5000,-41.073,-320.411,1.00000,90.000,-nan,-nan,-nan,0
12,3.00,1.120,0.5000,-40.999,-319.479,1.00000,90.000,-nan,-nan,-nan,0
12,3.00,1.130,0.5000,-40.926,-318.552,1.00000,90.000,-nan,-nan,-nan,0
12,3.00,1.140,0.5000,-40.854,-317.630,1.00000,90.000,-nan,-nan,-nan,0
12,3.00,1.150,0.5000,-40.781,-316.713,1.00000,90.000,-nan,-nan,-nan,0
12,3.00,1.160,0.5000,-40.709,-315.800,1.00000,90.000,-nan,-nan,-nan,0
12,3.00,1.170,0.5000,-40.638,-314.891,1.00000,90.000,-nan,-nan,-nan,0
12,3.00,1.180,0.5000,-40.566,-313.987,1.00000,90.000,-nan,-nan,-nan,0
12,3.00,1.190,0.5000,-40.495,-313.088,1.00000,90.000,-nan,-nan,-nan,0
12,3.00,1.200,0.5000,-40.425,-312.193,1.00000,90.000,-nan,-nan,-nan,0
12,3.00,1.210,0.5000,-40.355,-311.302,1.00000,90.000,-nan,-nan,-nan,0
12,3.00,1.220,0.5000,-40.285,-310.416,1.00000,90.000,-nan,-nan,-nan,0
12,3.00,1.230,0.5000,-40.215,-309.535,1.00000,90.000,-nan,-nan,-nan,0
12,3.00,1.240,0.5000,-40.146,-308.657,1.00000,90.000,-nan,-nan,-nan,0
12,3.00,1.250,0.5000,-40.077,-307.785,1.00000,90.000,-nan,-nan,-nan,0
12,3.00,1.260,0.5000,-40.009,-306.916,1.00000,90.000,-nan,-nan,-nan,0
12,3.00,1.270,0.5000,-39.940,-306.052,1.00000,90.000,-nan,-nan,-nan,0
12,3.00,1.280,0.5000,-39.873,-305.192,1.00000,90.000,-nan,-nan,-nan,0
12,3.00,1.290,0.5000,-39.805,-304.336,1.00000,90.000,-nan,-nan,-nan,0
12,3.00,1.300,0.5000,-39.738,-303.485,1.00000,90.000,-nan,-nan,-nan,0
12,3.00,1.310,0.5000,-39.671,-302.638,1.00000,90.000,-nan,-nan,-nan,0
12,3.00,1.320,0.5000,-39.605,-301.795,1.00000,90.000,-nan,-nan,-nan,0
12,3.00,1.330,0.5000,-39.539,-300.957,1.00000,90.000,-nan,-nan,-nan,0
12,3.00,1.340,0.5000,-39.473,-300.122,1.00000,90.000,-nan,-nan,-nan,0
12,3.00,1.350,0.5000,-39.407,-299.292,1.00000,90.000,-nan,-nan,-nan,0
12,3.00,1.360,0.5000,-39.342,-298.466,1.00000,90.000,-nan,-nan,-nan,0
12,3.00,1.370,0.5000,-39.277,-297.644,1.00000,90.000,-nan,-nan,-nan,0
12,3.00,1.380,0.5000,-39.213,-296.826,1.00000,90.000,-nan,-nan,-nan,0
12,3.00,1.390,0.5000,-39.149,-296.012,1.00000,90.000,-nan,-nan,-nan,0
12,3.00,1.400,0.5000,-39.085,-295.202,1.00000,90.000,-nan,-nan,-nan,0
12,3.00,1.410,0.5000,-39.021,-294.397,1.00000,90.000,-nan,-nan,-nan,0
12,3.00,1.420,0.5000,-38.958,-293.595,1.00000,90.000,-nan,-nan,-nan,0
12,3.00,1.430,0.5000,-38.895,-292.797,1.00000,90.000,-nan,-nan,-nan,0
12,3.00,1.440,0.5000,-38.833,-292.003,1.00000,90.000,-nan,-nan,-nan,0
12,3.00,1.450,0.5000,-38.770,-291.214,1.00000,90.000,-nan,-nan,-nan,0
12,3.00,1.460,0.5000,-38.708,-290.428,1.00000,90.000,-nan,-nan,-nan,0
12,3.00,1.470,0.5000,-38.647,-289.646,1.00000,90.000,-nan,-nan,-nan,0
12,3.00,1.480,0.5000,-38.585,-288.868,1.00000,90.000,-nan,-nan,-nan,0
12,3.00,1.490,0.5000,-38.524,-288.094,1.00000,90.000,-nan,-nan,-nan,0
12,3.00,1.500,0.5000,-38.464,-287.323,1.00000,90.000,-nan,-nan,-nan,0
12,3.00,1.510,0.5000,-38.403,-286.557,1.00000,90.000,-nan,-nan,-nan,0
12,3.00,1.520,0.5000,-38.343,-285.794,1.00000,90.000,-nan,-nan,-nan,0
12,3.00,1.530,0.5000,-38.283,-285.036,1.00000,90.000,-nan,-nan,-nan,0
12,3.00,1.540,0.5000,-38.224,-284.280,1.00000,90.000,-nan,-nan,-nan,0
12,3.00,1.550,0.5000,-38.164,-283.529,1.00000,90.000,-nan,-nan,-nan,0
12,3.00,1.560,0.5000,-38.105,-282.782,1.00000,90.000,-nan,-nan,-nan,0
12,3.00,1.570,0.5000,-38.047,-282.038,1.00000,90.000,-nan,-nan,-nan,0
12,3.00,1.580,0.5000,-37.988,-281.298,1.00000,90.000,-nan,-nan,-nan,0
12,3.00,1.590,0.5000,-37.930,-280.561,1.00000,90.000,-nan,-nan,-nan,0
12,3.00,1.600,0.5000,-37.873,-279.829,1.00000,90.000,-nan,-nan,-nan,0
12,3.00,1.610,0.5000,-37.815,-279.100,1.00000,90.000,-nan,-nan,-nan,0
12,3.00,1.620,0.5000,-37.758,-278.374,1.00000,90.000,-nan,-nan,-nan,0
12,3.00,1.630,0.5000,-37.701,-277.652,1.00000,90.000,-nan,-nan,-nan,0
12,3.00,1.640,0.5000,-37.644,-276.934,1.00000,90.000,-nan,-nan,-nan,0
12,3.00,1.650,0.5000,-37.588,-276.220,1.00000,90.000,-nan,-nan,-nan,0
12,3.00,1.660,0.5000,-37.532,-275.509,1.00000,90.000,-nan,-nan,-nan,0
12,3.00,1.670,0.5000,-37.476,-274.801,1.00000,90.000,-nan,-nan,-nan,0
12,3.00,1.680,0.5000,-37.421,-274.097,1.00000,90.000,-nan,-nan,-nan,0
12,3.00,1.690,0.5000,-37.365,-273.397,1.00000,90.000,-nan,-nan,-nan,0
12,3.00,1.700,0.5000,-37.310,-272.700,1.00000,90.000,-nan,-nan,-nan,0
12,3.00,1.710,0.5000,-37.256,-272.006,1.00000,90.000,-nan,-nan,-nan,0
12,3.00,1.720,0.5000,-37.201,-271.316,1.00000,90.000,-nan,-nan,-nan,0
12,3.00,1.730,0.5000,-37.147,-270.629,1.00000,90.000,-nan,-nan,-nan,0
12,3.00,1.740,0.5000,-37.093,-269.946,1.00000,90.000,-nan,-nan,-nan,0
12,3.00,1.750,0.5000,-37.040,-269.266,1.00000,90.000,-nan,-nan,-nan,0
12,3.00,1.760,0.5000,-36.986,-268.590,1.00000,90.000,-nan,-nan,-nan,0
12,3.00,1.770,0.5000,-36.933,-267.917,1.00000,90.000,-nan,-nan,-nan,0
12,3.00,1.780,0.5000,-36.880,-267.247,1.00000,90.000,-nan,-nan,-nan,0
12,3.00,1.790,0.5000,-36.828,-266.581,1.00000,90.000,-nan,-nan,-nan,0
12,3.00,1.800,0.5000,-36.776,-265.918,1.00000,90.000,-nan,-nan,-nan,0
12,3.00,1.810,0.5000,-36.724,-265.258,1.00000,90.000,-nan,-nan,-nan,0
12,3.00,1.820,0.5000,-36.672,-264.602,1.00000,90.000,-nan,-nan,-nan,0
12,3.00,1.830,0.5000,-36.620,-263.949,1.00000,90.000,-nan,-nan,-nan,0
12,3.00,1.840,0.5000,-36.569,-263.299,1.00000,90.000,-nan,-nan,-nan,0
12,3.00,1.850,0.5000,-36.518,-262.652,1.00000,90.000,-nan,-nan,-nan,0
12,3.00,1.860,0.5000,-36.467,-262.009,1.00000,90.000,-nan,-nan,-nan,0
12,3.00,1.870,0.5000,-36.417,-261.369,1.00000,90.000,-nan,-nan,-nan,0
12,3.00,1.880,0.5000,-36.367,-260.732,1.00000,90.000,-nan,-nan,-nan,0
12,3.00,1.890,0.5000,-36.317,-260.098,1.00000,90.000,-nan,-nan,-nan,0
12,3.00,1.900,0.5000,-36.267,-259.467,1.00000,90.000,-nan,-nan,-nan,0
12,3.00,1.910,0.5000,-36.217,-258.840,1.00000,90.000,-nan,-nan,-nan,0
12,3.00,1.920,0.5000,-36.168,-258.216,1.00000,90.000,-nan,-nan,-nan,0
12,3.00,1.930,0.5000,-36.119,-257.594,1.00000,90.000,-nan,-nan,-nan,0
12,3.00,1.940,0.5000,-36.070,-256.976,1.00000,90.000,-nan,-nan,-nan,0
12,3.00,1.950,0.5000,-36.022,-256.361,1.00000,90.000,-nan,-nan,-nan,0
12,3.00,1.960,0.5000,-35.974,-255.749,1.00000,90.000,-nan,-nan,-nan,0
12,3.00,1.970,0.5000,-35.926,-255.140,1.00000,90.000,-nan,-nan,-nan,0
12,3.00,1.980,0.5000,-35.878,-254.534,1.00000,90.000,-nan,-nan,-nan,0
12,3.00,1.990,0.5000,-35.830,-253.931,1.00000,90.000,-nan,-nan,-nan,0
12,3.00,2.000,0.5000,-35.783,-253.331,1.00000,90.000,-nan,-nan,-nan,0
12,3.00,2.010,0.5000,-35.736,-252.734,1.00000,90.000,-nan,-nan,-nan,0
12,3.00,2.020,0.5000,-35.689,-252.140,1.00000,90.000,-nan,-nan,-nan,0
12,3.00,2.030,0.5000,-35.642,-251.550,1.00000,90.000,-nan,-nan,-nan,0
12,3.00,2.040,0.5000,-35.596,-250.961,1.00000,90.000,-nan,-nan,-nan,0
12,3.00,2.050,0.5000,-35.550,-250.376,1.00000,90.000,-nan,-nan,-nan,0
12,3.00,2.060,0.5000,-35.504,-249.794,1.00000,90.000,-nan,-nan,-nan,0
12,3.00,2.070,0.5000,-35.458,-249.215,1.00000,90.000,-nan,-nan,-nan,0
12,3.00,2.080,0.5000,-35.413,-248.639,1.00000,90.000,-nan,-nan,-nan,0
12,3.00,2.090,0.5000,-35.368,-248.065,1.00000,90.000,-nan,-nan,-nan,0
12,3.00,2.100,0.5000,-35.323,-247.494,1.00000,90.000,-nan,-nan,-nan,0
12,3.00,2.110,0.5000,-35.278,-246.927,1.00000,90.000,-nan,-nan,-nan,0
12,3.00,2.120,0.5000,-35.233,-246.362,1.00000,90.000,-nan,-nan,-nan,0
12,3.00,2.130,0.5000,-35.189,-245.800,1.00000,90.000,-nan,-nan,-nan,0
12,3.00,2.140,0.5000,-35.145,-245.240,1.00000,90.000,-nan,-nan,-nan,0
12,3.00,2.150,0.5000,-35.101,-244.684,1.00000,90.000,-nan,-nan,-nan,0
12,3.00,2.160,0.5000,-35.057,-244.130,1.00000,90.000,-nan,-nan,-nan,0
12,3.00,2.170,0.5000,-35.014,-243.579,1.00000,90.000,-nan,-nan,-nan,0
12,3.00,2.180,0.5000,-34.971,-243.031,1.00000,90.000,-nan,-nan,-nan,0
12,3.00,2.190,0.5000,-34.928,-242.485,1.00000,90.000,-nan,-nan,-nan,0
12,3.00,2.200,0.5000,-34.885,-241.942,1.00000,90.000,-nan,-nan,-nan,0
12,3.00,2.210,0.5000,-34.842,-241.402,1.00000,90.000,-nan,-nan,-nan,0
12,3.00,2.220,0.5000,-34.800,-240.865,1.00000,90.000,-nan,-nan,-nan,0
12,3.00,2.230,0.5000,-34.758,-240.330,1.00000,90.000,-nan,-nan,-nan,0
12,3.00,2.240,0.5000,-34.716,-239.798,1.00000,90.000,-nan,-nan,-nan,0
12,3.00,2.250,0.5000,-34.674,-239.269,1.00000,90.000,-nan,-nan,-nan,0
12,3.00,2.260,0.5000,-34.632,-238.742,1.00000,90.000,-nan,-nan,-nan,0
12,3.00,2.270,0.5000,-34.591,-238.218,1.00000,90.000,-nan,-nan,-nan,0
12,3.00,2.280,0.5000,-34.550,-237.696,1.00000,90.000,-nan,-nan,-nan,0
12,3.00,2.290,0.5000,-34.509,-237.177,1.00000,90.000,-nan,-nan,-nan,0
12,3.00,2.300,0.5000,-34.468,-236.661,1.00000,90.000,-nan,-nan,-nan,0
12,3.00,2.310,0.5000,-34.428,-236.147,1.00000,90.000,-nan,-nan,-nan,0
12,3.00,2.320,0.5000,-34.387,-235.636,1.00000,90.000,-nan,-nan,-nan,0
12,3.00,2.330,0.5000,-34.347,-235.127,1.00000,90.000,-nan,-nan,-nan,0
12,3.00,2.340,0.5000,-34.307,-234.621,1.00000,90.000,-nan,-nan,-nan,0
12,3.00,2.350,0.5000,-34.268,-234.118,1.00000,90.000,-nan,-nan,-nan,0
12,3.00,2.360,0.5000,-34.228,-233.617,1.00000,90.000,-nan,-nan,-nan,0
12,3.00,2.370,0.5000,-34.189,-233.118,1.00000,90.000,-nan,-nan,-nan,0
12,3.00,2.380,0.5000,-34.150,-232.622,1.00000,90.000,-nan,-nan,-nan,0
12,3.00,2.390,0.5000,-34.111,-232.128,1.00000,90.000,-nan,-nan,-nan,0
12,3.00,2.400,0.5000,-34.072,-231.637,1.00000,90.000,-nan,-nan,-nan,0
12,3.00,2.410,0.5000,-34.034,-231.148,1.00000,90.000,-nan,-nan,-nan,0
12,3.00,2.420,0.5000,-33.995,-230.662,1.00000,90.000,-nan,-nan,-nan,0
12,3.00,2.430,0.5000,-33.957,-230.178,1.00000,90.000,-nan,-nan,-nan,0
12,3.00,2.440,0.5000,-33.919,-229.697,1.00000,90.000,-nan,-nan,-nan,0
12,3.00,2.450,0.5000,-33.881,-229.218,1.00000,90.000,-nan,-nan,-nan,0
12,3.00,2.460,0.5000,-33.844,-228.741,1.00000,90.000,-nan,-nan,-nan,0
12,3.00,2.470,0.5000,-33.806,-228.267,1.00000,90.000,-nan,-nan,-nan,0
12,3.00,2.480,0.5000,-33.769,-227.795,1.00000,90.000,-nan,-nan,-nan,0
12,3.00,2.490,0.5000,-33.732,-227.325,1.00000,90.000,-nan,-nan,-nan,0
12,3.00,2.500,0.5000,-33.695,-226.858,1.00000,90.000,-nan,-nan,-nan,0
12,3.00,2.510,0.5000,-33.659,-226.393,1.00000,90.000,-nan,-nan,-nan,0
12,3.00,2.520,0.5000,-33.622,-225.931,1.00000,90.000,-nan,-nan,-nan,0
12,3.00,2.530,0.5000,-33.586,-225.471,1.00000,90.000,-nan,-nan,-nan,0
12,3.00,2.540,0.5000,-33.550,-225.013,1.00000,90.000,-nan,-nan,-nan,0
12,3.00,2.550,0.5000,-33.514,-224.557,1.00000,90.000,-nan,-nan,-nan,0
12,3.00,2.560,0.5000,-33.478,-224.104,1.00000,90.000,-nan,-nan,-nan,0
12,3.00,2.570,0.5000,-33.442,-223.652,1.00000,90.000,-nan,-nan,-nan,0
12,3.00,2.580,0.5000,-33.407,-223.204,1.00000,90.000,-nan,-nan,-nan,0
12,3.00,2.590,0.5000,-33.372,-222.757,1.00000,90.000,-nan,-nan,-nan,0
12,3.00,2.600,0.5000,-33.337,-222.313,1.00000,90.000,-nan,-nan,-nan,0
12,3.00,2.610,0.5000,-33.302,-221.870,1.00000,90.000,-nan,-nan,-nan,0
12,3.00,2.620,0.5000,-33.267,-221.430,1.00000,90.000,-nan,-nan,-nan,0
12,3.00,2.630,0.5000,-33.233,-220.993,1.00000,90.000,-nan,-nan,-nan,0
12,3.00,2.640,0.5000,-33.198,-220.557,1.00000,90.000,-nan,-nan,-nan,0
12,3.00,2.650,0.5000,-33.164,-220.123,1.00000,90.000,-nan,-nan,-nan,0
12,3.00,2.660,0.5000,-33.130,-219.692,1.00000,90.000,-nan,-nan,-nan,0
12,3.00,2.670,0.5000,-33.096,-219.263,1.00000,90.000,-nan,-nan,-nan,0
12,3.00,2.680,0.5000,-33.063,-218.836,1.00000,90.000,-nan,-nan,-nan,0
12,3.00,2.690,0.5000,-33.029,-218.411,1.00000,90.000,-nan,-nan,-nan,0
12,3.00,2.700,0.5000,-32.996,-217.988,1.00000,90.000,-nan,-nan,-nan,0
12,3.00,2.710,0.5000,-32.963,-217.568,1.00000,90.000,-nan,-nan,-nan,0
12,3.00,2.720,0.5000,-32.930,-217.149,1.00000,90.000,-nan,-nan,-nan,0
12,3.00,2.730,0.5000,-32.897,-216.733,1.00000,90.000,-nan,-nan,-nan,0
12,3.00,2.740,0.5000,-32.864,-216.318,1.00000,90.000,-nan,-nan,-nan,0
12,3.00,2.750,0.5000,-32.832,-215.906,1.00000,90.000,-nan,-nan,-nan,0
12,3.00,2.760,0.5000,-32.799,-215.496,1.00000,90.000,-nan,-nan,-nan,0
12,3.00,2.770,0.5000,-32.767,-215.088,1.00000,90.000,-nan,-nan,-nan,0
12,3.00,2.780,0.5000,-32.735,-214.682,1.00000,90.000,-nan,-nan,-nan,0
12,3.00,2.790,0.5000,-32.703,-214.277,1.00000,90.000,-nan,-nan,-nan,0
12,3.00,2.800,0.5000,-32.671,-213.875,1.00000,90.000,-nan,-nan,-nan,0
12,3.00,2.810,0.5000,-32.640,-213.475,1.00000,90.000,-nan,-nan,-nan,0
12,3.00,2.820,0.5000,-32.608,-213.077,1.00000,90.000,-nan,-nan,-nan,0
12,3.00,2.830,0.5000,-32.577,-212.681,1.00000,90.000,-nan,-nan,-nan,0
12,3.00,2.840,0.5000,-32.546,-212.287,1.00000,90.000,-nan,-nan,-nan,0
12,3.00,2.850,0.5000,-32.515,-211.895,1.00000,90.000,-nan,-nan,-nan,0
12,3.00,2.860,0.5000,-32.484,-211.504,1.00000,90.000,-nan,-nan,-nan,0
12,3.00,2.870,0.5000,-32.454,-211.116,1.00000,90.000,-nan,-nan,-nan,0
12,3.00,2.880,0.5000,-32.423,-210.730,1.00000,90.000,-nan,-nan,-nan,0
12,3.00,2.890,0.5000,-32.393,-210.345,1.00000,90.000,-nan,-nan,-nan,0
12,3.00,2.900,0.5000,-32.363,-209.963,1.00000,90.000,-nan,-nan,-nan,0
12,3.00,2.910,0.5000,-32.333,-209.582,1.00000,90.000,-nan,-nan,-nan,0
12,3.00,2.920,0.5000,-32.303,-209.203,1.00000,90.000,-nan,-nan,-nan,0
12,3.00,2.930,0.5000,-32.273,-208.827,1.00000,90.000,-nan,-nan,-nan,0
12,3.00,2.940,0.5000,-32.244,-208.452,1.00000,90.000,-nan,-nan,-nan,0
12,3.00,2.950,0.5000,-32.214,-208.079,1.00000,90.000,-nan,-nan,-nan,0
12,3.00,2.960,0.5000,-32.185,-207.707,1.00000,90.000,-nan,-nan,-nan,0
12,3.00,2.970,0.5000,-32.156,-207.338,1.00000,90.000,-nan,-nan,-nan,0
12,3.00,2.980,0.5000,-32.127,-206.971,1.00000,90.000,-nan,-nan,-nan,0
12,3.00,2.990,0.5000,-32.098,-206.605,1.00000,90.000,-nan,-nan,-nan,0
12,3.00,3.000,0.5000,-32.069,-206.241,1.00000,90.000,-nan,-nan,-nan,0
12,3.00,3.010,0.5000,-32.041,-205.879,1.00000,90.000,-nan,-nan,-nan,0
12,3.00,3.020,0.5000,-32.012,-205.519,1.00000,90.000,-nan,-nan,-nan,0
12,3.00,3.030,0.5000,-31.984,-205.160,1.00000,90.000,-nan,-nan,-nan,0
12,3.00,3.040,0.5000,-31.956,-204.804,1.00000,90.000,-nan,-nan,-nan,0
12,3.00,3.050,0.5000,-31.928,-204.449,1.00000,90.000,-nan,-nan,-nan,0
12,3.00,3.060,0.5000,-31.900,-204.096,1.00000,90.000,-nan,-nan,-nan,0
12,3.00,3.070,0.5000,-31.873,-203.744,1.00000,90.000,-nan,-nan,-nan,0
12,3.00,3.080,0.5000,-31.845,-203.395,1.00000,90.000,-nan,-nan,-nan,0
12,3.00,3.090,0.5000,-31.818,-203.047,1.00000,90.000,-nan,-nan,-nan,0
12,3.00,3.100,0.5000,-31.790,-202.701,1.00000,90.000,-nan,-nan,-nan,0
12,3.00,3.110,0.5000,-31.763,-202.356,1.00000,90.000,-nan,-nan,-nan,0
12,3.00,3.120,0.5000,-31.736,-202.014,1.00000,90.000,-nan,-nan,-nan,0
12,3.00,3.130,0.5000,-31.709,-201.673,1.00000,90.000,-nan,-nan,-nan,0
12,3.00,3.140,0.5000,-31.682,-201.334,1.00000,90.000,-nan,-nan,-nan,0
12,3.00,3.150,0.5000,-31.656,-200.996,1.00000,90.000,-nan,-nan,-nan,0
12,3.00,3.160,0.5000,-31.629,-200.660,1.00000,90.000,-nan,-nan,-nan,0
12,3.00,3.170,0.5000,-31.603,-200.326,1.00000,90.000,-nan,-nan,-nan,0
12,3.00,3.180,0.5000,-31.577,-199.993,1.00000,90.000,-nan,-nan,-nan,0
12,3.00,3.190,0.5000,-31.551,-199.662,1.00000,90.000,-nan,-nan,-nan,0
12,3.00,3.200,0.5000,-31.525,-199.333,1.00000,90.000,-nan,-nan,-nan,0
12,3.00,3.210,0.5000,-31.499,-199.006,1.00000,90.000,-nan,-nan,-nan,0
12,3.00,3.220,0.5000,-31.473,-198.680,1.00000,90.000,-nan,-nan,-nan,0
12,3.00,3.230,0.5000,-31.448,-198.355,1.00000,90.000,-nan,-nan,-nan,0
12,3.00,3.240,0.5000,-31.422,-198.033,1.00000,90.000,-nan,-nan,-nan,0
12,3.00,3.250,0.5000,-31.397,-197.712,1.00000,90.000,-nan,-nan,-nan,0
12,3.00,3.260,0.5000,-31.372,-197.392,1.00000,90.000,-nan,-nan,-nan,0
12,3.00,3.270,0.5000,-31.347,-197.074,1.00000,90.000,-nan,-nan,-nan,0
12,3.00,3.280,0.5000,-31.322,-196.758,1.00000,90.000,-nan,-nan,-nan,0
12,3.00,3.290,0.5000,-31.297,-196.443,1.00000,90.000,-nan,-nan,-nan,0
12,3.00,3.300,0.5000,-31.272,-196.130,1.00000,90.000,-nan,-nan,-nan,0
12,3.00,3.310,0.5000,-31.247,-195.818,1.00000,90.000,-nan,-nan,-nan,0
12,3.00,3.320,0.5000,-31.223,-195.508,1.00000,90.000,-nan,-nan,-nan,0
12,3.00,3.330,0.5000,-31.199,-195.200,1.00000,90.000,-nan,-nan,-nan,0
12,3.00,3.340,0.5000,-31.174,-194.893,1.00000,90.000,-nan,-nan,-nan,0
12,3.00,3.350,0.5000,-31.150,-194.587,1.00000,90.000,-nan,-nan,-nan,0
12,3.00,3.360,0.5000,-31.126,-194.283,1.00000,90.000,-nan,-nan,-nan,0
12,3.00,3.370,0.5000,-31.103,-193.981,1.00000,90.000,-nan,-nan,-nan,0
12,3.00,3.380,0.5000,-31.079,-193.680,1.00000,90.000,-nan,-nan,-nan,0
12,3.00,3.390,0.5000,-31.055,-193.381,1.00000,90.000,-nan,-nan,-nan,0
12,3.00,3.400,0.5000,-31.032,-193.083,1.00000,90.000,-nan,-nan,-nan,0
12,3.00,3.410,0.5000,-31.008,-192.786,1.00000,90.000,-nan,-nan,-nan,0
12,3.00,3.420,0.5000,-30.985,-192.491,1.00000,90.000,-nan,-nan,-nan,0
12,3.00,3.430,0.5000,-30.962,-192.198,1.00000,90.000,-nan,-nan,-nan,0
12,3.00,3.440,0.5000,-30.939,-191.906,1.00000,90.000,-nan,-nan,-nan,0
12,3.00,3.450,0.5000,-30.916,-191.615,1.00000,90.000,-nan,-nan,-nan,0
12,3.00,3.460,0.5000,-30.893,-191.326,1.00000,90.000,-nan,-nan,-nan,0
12,3.00,3.470,0.5000,-30.871,-191.039,1.00000,90.000,-nan,-nan,-nan,0
12,3.00,3.480,0.5000,-30.848,-190.752,1.00000,90.000,-nan,-nan,-nan,0
12,3.00,3.490,0.5000,-30.826,-190.468,1.00000,90.000,-nan,-nan,-nan,0
12,3.00,3.500,0.5000,-30.803,-190.184,1.00000,90.000,-nan,-nan,-nan,0
12,3.00,3.510,0.5000,-30.781,-189.902,1.00000,90.000,-nan,-nan,-nan,0
12,3.00,3.520,0.5000,-30.759,-189.622,1.00000,90.000,-nan,-nan,-nan,0
12,3.00,3.530,0.5000,-30.737,-189.343,1.00000,90.000,-nan,-nan,-nan,0
12,3.00,3.540,0.5000,-30.715,-189.065,1.00000,90.000,-nan,-nan,-nan,0
12,3.00,3.550,0.5000,-30.693,-188.789,1.00000,90.000,-nan,-nan,-nan,0
12,3.00,3.560,0.5000,-30.671,-188.514,1.00000,90.000,-nan,-nan,-nan,0
12,3.00,3.570,0.5000,-30.650,-188.240,1.00000,90.000,-nan,-nan,-nan,0
12,3.00,3.580,0.5000,-30.628,-187.968,1.00000,90.000,-nan,-nan,-nan,0
12,3.00,3.590,0.5000,-30.607,-187.697,1.00000,90.000,-nan,-nan,-nan,0
12,3.00,3.600,0.5000,-30.586,-187.427,1.00000,90.000,-nan,-nan,-nan,0
12,3.00,3.610,0.5000,-30.565,-187.159,1.00000,90.000,-nan,-nan,-nan,0
12,3.00,3.620,0.5000,-30.544,-186.892,1.00000,90.000,-nan,-nan,-nan,0
12,3.00,3.630,0.5000,-30.523,-186.627,1.00000,90.000,-nan,-nan,-nan,0
12,3.00,3.640,0.5000,-30.502,-186.362,1.00000,90.000,-nan,-nan,-nan,0
12,3.00,3.650,0.5000,-30.481,-186.099,1.00000,90.000,-nan,-nan,-nan,0
12,3.00,3.660,0.5000,-30.460,-185.838,1.00000,90.000,-nan,-nan,-nan,0
12,3.00,3.670,0.5000,-30.440,-185.578,1.00000,90.000,-nan,-nan,-nan,0
12,3.00,3.680,0.5000,-30.419,-185.319,1.00000,90.000,-nan,-nan,-nan,0
12,3.00,3.690,0.5000,-30.399,-185.061,1.00000,90.000,-nan,-nan,-nan,0
12,3.00,3.700,0.5000,-30.379,-184.805,1.00000,90.000,-nan,-nan,-nan,0
12,3.00,3.710,0.5000,-30.359,-184.549,1.00000,90.000,-nan,-nan,-nan,0
12,3.00,3.720,0.5000,-30.339,-184.296,1.00000,90.000,-nan,-nan,-nan,0
12,3.00,3.730,0.5000,-30.319,-184.043,1.00000,90.000,-nan,-nan,-nan,0
12,3.00,3.740,0.5000,-30.299,-183.792,1.00000,90.000,-nan,-nan,-nan,0
12,3.00,3.750,0.5000,-30.279,-183.542,1.00000,90.000,-nan,-nan,-nan,0
12,3.00,3.760,0.5000,-30.260,-183.293,1.00000,90.000,-nan,-nan,-nan,0
12,3.00,3.770,0.5000,-30.240,-183.045,1.00000,90.000,-nan,-nan,-nan,0
12,3.00,3.780,0.5000,-30.221,-182.799,1.00000,90.000,-nan,-nan,-nan,0
12,3.00,3.790,0.5000,-30.201,-182.554,1.00000,90.000,-nan,-nan,-nan,0
12,3.00,3.800,0.5000,-30.182,-182.310,1.00000,90.000,-nan,-nan,-nan,0
12,3.00,3.810,0.5000,-30.163,-182.067,1.00000,90.000,-nan,-nan,-nan,0
12,3.00,3.820,0.5000,-30.144,-181.826,1.00000,90.000,-nan,-nan,-nan,0
12,3.00,3.830,0.5000,-30.125,-181.585,1.00000,90.000,-nan,-nan,-nan,0
12,3.00,3.840,0.5000,-30.106,-181.346,1.00000,90.000,-nan,-nan,-nan,0
12,3.00,3.850,0.5000,-30.087,-181.108,1.00000,90.000,-nan,-nan,-nan,0
12,3.00,3.860,0.5000,-30.069,-180.872,1.00000,90.000,-nan,-nan,-nan,0
12,3.00,3.870,0.5000,-30.050,-180.636,1.00000,90.000,-nan,-nan,-nan,0
12,3.00,3.880,0.5000,-30.032,-180.402,1.00000,90.000,-nan,-nan,-nan,0
12,3.00,3.890,0.5000,-30.013,-180.169,1.00000,90.000,-nan,-nan,-nan,0
12,3.00,3.900,0.5000,-29.995,-179.937,1.00000,90.000,-nan,-nan,-nan,0
12,3.00,3.910,0.5000,-29.977,-179.706,1.00000,90.000,-nan,-nan,-nan,0
12,3.00,3.920,0.5000,-29.959,-179.476,1.00000,90.000,-nan,-nan,-nan,0
12,3.00,3.930,0.5000,-29.941,-179.248,1.00000,90.000,-nan,-nan,-nan,0
12,3.00,3.940,0.5000,-29.923,-179.020,1.00000,90.000,-nan,-nan,-nan,0
12,3.00,3.950,0.5000,-29.905,-178.794,1.00000,90.000,-nan,-nan,-nan,0
12,3.00,3.960,0.5000,-29.887,-178.569,1.00000,90.000,-nan,-nan,-nan,0
12,3.00,3.970,0.5000,-29.869,-178.345,1.00000,90.000,-nan,-nan,-nan,0
12,3.00,3.980,0.5000,-29.852,-178.122,1.00000,90.000,-nan,-nan,-nan,0
12,3.00,3.990,0.5000,-29.834,-177.900,1.00000,90.000,-nan,-nan,-nan,0
12,3.00,4.000,0.5000,-29.817,-177.679,1.00000,90.000,-nan,-nan,-nan,0
12,3.00,4.010,0.5000,-29.800,-177.460,1.00000,90.000,-nan,-nan,-nan,0
12,3.00,4.020,0.5000,-29.782,-177.241,1.00000,90.000,-nan,-nan,-nan,0
12,3.00,4.030,0.5000,-29.765,-177.024,1.00000,90.000,-nan,-nan,-nan,0
12,3.00,4.040,0.5000,-29.748,-176.808,1.00000,90.000,-nan,-nan,-nan,0
12,3.00,4.050,0.5000,-29.731,-176.592,1.00000,90.000,-nan,-nan,-nan,0
12,3.00,4.060,0.5000,-29.714,-176.378,1.00000,90.000,-nan,-nan,-nan,0
12,3.00,4.070,0.5000,-29.698,-176.165,1.00000,90.000,-nan,-nan,-nan,0
12,3.00,4.080,0.5000,-29.681,-175.953,1.00000,90.000,-nan,-nan,-nan,0
12,3.00,4.090,0.5000,-29.664,-175.742,1.00000,90.000,-nan,-nan,-nan,0
12,3.00,4.100,0.5000,-29.648,-175.532,1.00000,90.000,-nan,-nan,-nan,0
12,3.00,4.110,0.5000,-29.631,-175.323,1.00000,90.000,-nan,-nan,-nan,0
12,3.00,4.120,0.5000,-29.615,-175.115,1.00000,90.000,-nan,-nan,-nan,0
12,3.00,4.130,0.5000,-29.599,-174.909,1.00000,90.000,-nan,-nan,-nan,0
12,3.00,4.140,0.5000,-29.582,-174.703,1.00000,90.000,-nan,-nan,-nan,0
12,3.00,4.150,0.5000,-29.566,-174.498,1.00000,90.000,-nan,-nan,-nan,0
12,3.00,4.160,0.5000,-29.550,-174.294,1.00000,90.000,-nan,-nan,-nan,0
12,3.00,4.170,0.5000,-29.534,-174.092,1.00000,90.000,-nan,-nan,-nan,0
12,3.00,4.180,0.5000,-29.518,-173.890,1.00000,90.000,-nan,-nan,-nan,0
12,3.00,4.190,0.5000,-29.502,-173.689,1.00000,90.000,-nan,-nan,-nan,0
12,3.00,4.200,0.5000,-29.487,-173.490,1.00000,90.000,-nan,-nan,-nan,0
12,3.00,4.210,0.5000,-29.471,-173.291,1.00000,90.000,-nan,-nan,-nan,0
12,3.00,4.220,0.5000,-29.455,-173.093,1.00000,90.000,-nan,-nan,-nan,0
12,3.00,4.230,0.5000,-29.440,-172.896,1.00000,90.000,-nan,-nan,-nan,0
12,3.00,4.240,0.5000,-29.424,-172.701,1.00000,90.000,-nan,-nan,-nan,0
12,3.00,4.250,0.5000,-29.409,-172.506,1.00000,90.000,-nan,-nan,-nan,0
12,3.00,4.260,0.5000,-29.394,-172.312,1.00000,90.000,-nan,-nan,-nan,0
12,3.00,4.270,0.5000,-29.379,-172.119,1.00000,90.000,-nan,-nan,-nan,0
12,3.00,4.280,0.5000,-29.363,-171.927,1.00000,90.000,-nan,-nan,-nan,0
12,3.00,4.290,0.5000,-29.348,-171.737,1.00000,90.000,-nan,-nan,-nan,0
12,3.00,4.300,0.5000,-29.333,-171.547,1.00000,90.000,-nan,-nan,-nan,0
12,3.00,4.310,0.5000,-29.318,-171.358,1.00000,90.000,-nan,-nan,-nan,0
12,3.00,4.320,0.5000,-29.304,-171.170,1.00000,90.000,-nan,-nan,-nan,0
12,3.00,4.330,0.5000,-29.289,-170.982,1.00000,90.000,-nan,-nan,-nan,0
12,3.00,4.340,0.5000,-29.274,-170.796,1.00000,90.000,-nan,-nan,-nan,0
12,3.00,4.350,0.5000,-29.260,-170.611,1.00000,90.000,-nan,-nan,-nan,0
12,3.00,4.360,0.5000,-29.245,-170.427,1.00000,90.000,-nan,-nan,-nan,0
12,3.00,4.370,0.5000,-29.231,-170.243,1.00000,90.000,-nan,-nan,-nan,0
12,3.00,4.380,0.5000,-29.216,-170.061,1.00000,90.000,-nan,-nan,-nan,0
12,3.00,4.390,0.5000,-29.202,-169.879,1.00000,90.000,-nan,-nan,-nan,0
12,3.00,4.400,0.5000,-29.188,-169.698,1.00000,90.000,-nan,-nan,-nan,0
12,3.00,4.410,0.5000,-29.173,-169.519,1.00000,90.000,-nan,-nan,-nan,0
12,3.00,4.420,0.5000,-29.159,-169.340,1.00000,90.000,-nan,-nan,-nan,0
12,3.00,4.430,0.5000,-29.145,-169.162,1.00000,90.000,-nan,-nan,-nan,0
12,3.00,4.440,0.5000,-29.131,-168.985,1.00000,90.000,-nan,-nan,-nan,0
12,3.00,4.450,0.5000,-29.117,-168.808,1.00000,90.000,-nan,-nan,-nan,0
12,3.00,4.460,0.5000,-29.104,-168.633,1.00000,90.000,-nan,-nan,-nan,0
12,3.00,4.470,0.5000,-29.090,-168.459,1.00000,90.000,-nan,-nan,-nan,0
12,3.00,4.480,0.5000,-29.076,-168.285,1.00000,90.000,-nan,-nan,-nan,0
12,3.00,4.490,0.5000,-29.063,-168.112,1.00000,90.000,-nan,-nan,-nan,0
12,3.00,4.500,0.5000,-29.049,-167.940,1.00000,90.000,-nan,-nan,-nan,0
12,3.00,4.510,0.5000,-29.036,-167.769,1.00000,90.000,-nan,-nan,-nan,0
12,3.00,4.520,0.5000,-29.022,-167.599,1.00000,90.000,-nan,-nan,-nan,0
12,3.00,4.530,0.5000,-29.009,-167.430,1.00000,90.000,-nan,-nan,-nan,0
12,3.00,4.540,0.5000,-28.995,-167.261,1.00000,90.000,-nan,-nan,-nan,0
12,3.00,4.550,0.5000,-28.982,-167.094,1.00000,90.000,-nan,-nan,-nan,0
12,3.00,4.560,0.5000,-28.969,-166.927,1.00000,90.000,-nan,-nan,-nan,0
12,3.00,4.570,0.5000,-28.956,-166.761,1.00000,90.000,-nan,-nan,-nan,0
12,3.00,4.580,0.5000,-28.943,-166.596,1.00000,90.000,-nan,-nan,-nan,0
12,3.00,4.590,0.5000,-28.930,-166.432,1.00000,90.000,-nan,-nan,-nan,0
12,3.00,4.600,0.5000,-28.917,-166.268,1.00000,90.000,-nan,-nan,-nan,0
12,3.00,4.610,0.5000,-28.904,-166.105,1.00000,90.000,-nan,-nan,-nan,0
12,3.00,4.620,0.5000,-28.892,-165.944,1.00000,90.000,-nan,-nan,-nan,0
12,3.00,4.630,0.5000,-28.879,-165.783,1.00000,90.000,-nan,-nan,-nan,0
12,3.00,4.640,0.5000,-28.866,-165.622,1.00000,90.000,-nan,-nan,-nan,0
12,3.00,4.650,0.5000,-28.854,-165.463,1.00000,90.000,-nan,-nan,-nan,0
12,3.00,4.660,0.5000,-28.841,-165.304,1.00000,90.000,-nan,-nan,-nan,0
12,3.00,4.670,0.5000,-28.829,-165.146,1.00000,90.000,-nan,-nan,-nan,0
12,3.00,4.680,0.5000,-28.816,-164.989,1.00000,90.000,-nan,-nan,-nan,0
12,3.00,4.690,0.5000,-28.804,-164.833,1.00000,90.000,-nan,-nan,-nan,0
12,3.00,4.700,0.5000,-28.792,-164.677,1.00000,90.000,-nan,-nan,-nan,0
12,3.00,4.710,0.5000,-28.779,-164.523,1.00000,90.000,-nan,-nan,-nan,0
12,3.00,4.720,0.5000,-28.767,-164.369,1.00000,90.000,-nan,-nan,-nan,0
12,3.00,4.730,0.5000,-28.755,-164.216,1.00000,90.000,-nan,-nan,-nan,0
12,3.00,4.740,0.5000,-28.743,-164.063,1.00000,90.000,-nan,-nan,-nan,0
12,3.00,4.750,0.5000,-28.731,-163.911,1.00000,90.000,-nan,-nan,-nan,0
12,3.00,4.760,0.5000,-28.719,-163.760,1.00000,90.000,-nan,-nan,-nan,0
12,3.00,4.770,0.5000,-28.708,-163.610,1.00000,90.000,-nan,-nan,-nan,0
12,3.00,4.780,0.5000,-28.696,-163.461,1.00000,90.000,-nan,-nan,-nan,0
12,3.00,4.790,0.5000,-28.684,-163.312,1.00000,90.000,-nan,-nan,-nan,0
12,3.00,4.800,0.5000,-28.672,-163.164,1.00000,90.000,-nan,-nan,-nan,0
12,3.00,4.810,0.5000,-28.661,-163.017,1.00000,90.000,-nan,-nan,-nan,0
12,3.00,4.820,0.5000,-28.649,-162.871,1.00000,90.000,-nan,-nan,-nan,0
12,3.00,4.830,0.5000,-28.638,-162.725,1.00000,90.000,-nan,-nan,-nan,0
12,3.00,4.840,0.5000,-28.626,-162.580,1.00000,90.000,-nan,-nan,-nan,0
12,3.00,4.850,0.5000,-28.615,-162.436,1.00000,90.000,-nan,-nan,-nan,0
12,3.00,4.860,0.5000,-28.604,-162.292,1.00000,90.000,-nan,-nan,-nan,0
12,3.00,4.870,0.5000,-28.592,-162.149,1.00000,90.000,-nan,-nan,-nan,0
12,3.00,4.880,0.5000,-28.581,-162.007,1.00000,90.000,-nan,-nan,-nan,0
12,3.00,4.890,0.5000,-28.570,-161.866,1.00000,90.000,-nan,-nan,-nan,0
12,3.00,4.900,0.5000,-28.559,-161.725,1.00000,90.000,-nan,-nan,-nan,0
12,3.00,4.910,0.5000,-28.548,-161.585,1.00000,90.000,-nan,-nan,-nan,0
12,3.00,4.920,0.5000,-28.537,-161.446,1.00000,90.000,-nan,-nan,-nan,0
12,3.00,4.930,0.5000,-28.526,-161.307,1.00000,90.000,-nan,-nan,-nan,0
12,3.00,4.940,0.5000,-28.515,-161.169,1.00000,90.000,-nan,-nan,-nan,0
12,3.00,4.950,0.5000,-28.504,-161.032,1.00000,90.000,-nan,-nan,-nan,0
12,3.00,4.960,0.5000,-28.493,-160.895,1.00000,90.000,-nan,-nan,-nan,0
12,3.00,4.970,0.5000,-28.483,-160.759,1.00000,90.000,-nan,-nan,-nan,0
12,3.00,4.980,0.5000,-28.472,-160.624,1.00000,90.000,-nan,-nan,-nan,0
12,3.00,4.990,0.5000,-28.461,-160.490,1.00000,90.000,-nan,-nan,-nan,0
12,3.00,5.000,0.5000,-28.451,-160.356,1.00000,90.000,-nan,-nan,-nan,0
12,3.00,5.010,0.5000,-28.440,-160.223,1.00000,90.000,-nan,-nan,-nan,0
12,3.00,5.020,0.5000,-28.430,-160.090,1.00000,90.000,-nan,-nan,-nan,0
12,3.00,5.030,0.5000,-28.420,-159.958,1.00000,90.000,-nan,-nan,-nan,0
12,3.00,5.040,0.5000,-28.409,-159.827,1.00000,90.000,-nan,-nan,-nan,0
12,3.00,5.050,0.5000,-28.399,-159.696,1.00000,90.000,-nan,-nan,-nan,0
12,3.00,5.060,0.5000,-28.389,-159.567,1.00000,90.000,-nan,-nan,-nan,0
12,3.00,5.070,0.5000,-28.378,-159.437,1.00000,90.000,-nan,-nan,-nan,0
12,3.00,5.080,0.5000,-28.368,-159.309,1.00000,90.000,-nan,-nan,-nan,0
12,3.00,5.090,0.5000,-28.358,-159.181,1.00000,90.000,-nan,-nan,-nan,0
12,3.00,5.100,0.5000,-28.348,-159.053,1.00000,90.000,-nan,-nan,-nan,0
12,3.00,5.110,0.5000,-28.338,-158.927,1.00000,90.000,-nan,-nan,-nan,0
12,3.00,5.120,0.5000,-28.328,-158.801,1.00000,90.000,-nan,-nan,-nan,0
12,3.00,5.130,0.5000,-28.318,-158.675,1.00000,90.000,-nan,-nan,-nan,0
12,3.00,5.140,0.5000,-28.309,-158.550,1.00000,90.000,-nan,-nan,-nan,0
12,3.00,5.150,0.5000,-28.299,-158.426,1.00000,90.000,-nan,-nan,-nan,0
12,3.00,5.160,0.5000,-28.289,-158.303,1.00000,90.000,-nan,-nan,-nan,0
12,3.00,5.170,0.5000,-28.279,-158.180,1.00000,90.000,-nan,-nan,-nan,0
12,3.00,5.180,0.5000,-28.270,-158.057,1.00000,90.000,-nan,-nan,-nan,0
12,3.00,5.190,0.5000,-28.260,-157.936,1.00000,90.000,-nan,-nan,-nan,0
12,3.00,5.200,0.5000,-28.250,-157.815,1.00000,90.000,-nan,-nan,-nan,0
12,3.00,5.210,0.5000,-28.241,-157.694,1.00000,90.000,-nan,-nan,-nan,0
12,3.00,5.220,0.5000,-28.232,-157.574,1.00000,90.000,-nan,-nan,-nan,0
12,3.00,5.230,0.5000,-28.222,-157.455,1.00000,90.000,-nan,-nan,-nan,0
12,3.00,5.240,0.5000,-28.213,-157.336,1.00000,90.000,-nan,-nan,-nan,0
12,3.00,5.250,0.5000,-28.203,-157.218,1.00000,90.000,-nan,-nan,-nan,0
12,3.00,5.260,0.5000,-28.194,-157.100,1.00000,90.000,-nan,-nan,-nan,0
12,3.00,5.270,0.5000,-28.185,-156.983,1.00000,90.000,-nan,-nan,-nan,0
12,3.00,5.280,0.5000,-28.176,-156.867,1.00000,90.000,-nan,-nan,-nan,0
12,3.00,5.290,0.5000,-28.167,-156.751,1.00000,90.000,-nan,-nan,-nan,0
12,3.00,5.300,0.5000,-28.158,-156.636,1.00000,90.000,-nan,-nan,-nan,0
12,3.00,5.310,0.5000,-28.149,-156.521,1.00000,90.000,-nan,-nan,-nan,0
12,3.00,5.320,0.5000,-28.140,-156.407,1.00000,90.000,-nan,-nan,-nan,0
12,3.00,5.330,0.5000,-28.131,-156.294,1.00000,90.000,-nan,-nan,-nan,0
12,3.00,5.340,0.5000,-28.122,-156.181,1.00000,90.000,-nan,-nan,-nan,0
12,3.00,5.350,0.5000,-28.113,-156.069,1.00000,90.000,-nan,-nan,-nan,0
12,3.00,5.360,0.5000,-28.104,-155.957,1.00000,90.000,-nan,-nan,-nan,0
12,3.00,5.370,0.5000,-28.095,-155.846,1.00000,90.000,-nan,-nan,-nan,0
12,3.00,5.380,0.5000,-28.086,-155.735,1.00000,90.000,-nan,-nan,-nan,0
12,3.00,5.390,0.5000,-28.078,-155.625,1.00000,90.000,-nan,-nan,-nan,0
12,3.00,5.400,0.5000,-28.069,-155.515,1.00000,90.000,-nan,-nan,-nan,0
12,3.00,5.410,0.5000,-28.061,-155.406,1.00000,90.000,-nan,-nan,-nan,0
12,3.00,5.420,0.5000,-28.052,-155.298,1.00000,90.000,-nan,-nan,-nan,0
12,3.00,5.430,0.5000,-28.043,-155.190,1.00000,90.000,-nan,-nan,-nan,0
12,3.00,5.440,0.5000,-28.035,-155.082,1.00000,90.000,-nan,-nan,-nan,0
12,3.00,5.450,0.5000,-28.027,-154.975,1.00000,90.000,-nan,-nan,-nan,0
12,3.00,5.460,0.5000,-28.018,-154.869,1.00000,90.000,-nan,-nan,-nan,0
12,3.00,5.470,0.5000,-28.010,-154.763,1.00000,90.000,-nan,-nan,-nan,0
12,3.00,5.480,0.5000,-28.002,-154.658,1.00000,90.000,-nan,-nan,-nan,0
12,3.00,5.490,0.5000,-27.993,-154.553,1.00000,90.000,-nan,-nan,-nan,0
12,3.00,5.500,0.5000,-27.985,-154.449,1.00000,90.000,-nan,-nan,-nan,0
12,3.00,5.510,0.5000,-27.977,-154.345,1.00000,90.000,-nan,-nan,-nan,0
12,3.00,5.520,0.5000,-27.969,-154.242,1.00000,90.000,-nan,-nan,-nan,0
12,3.00,5.530,0.5000,-27.961,-154.139,1.00000,90.000,-nan,-nan,-nan,0
12,3.00,5.540,0.5000,-27.953,-154.037,1.00000,90.000,-nan,-nan,-nan,0
12,3.00,5.550,0.5000,-27.945,-153.935,1.00000,90.000,-nan,-nan,-nan,0
12,3.00,5.560,0.5000,-27.937,-153.834,1.00000,90.000,-nan,-nan,-nan,0
12,3.00,5.570,0.5000,-27.929,-153.734,1.00000,90.000,-nan,-nan,-nan,0
12,3.00,5.580,0.5000,-27.921,-153.633,1.00000,90.000,-nan,-nan,-nan,0
12,3.00,5.590,0.5000,-27.913,-153.534,1.00000,90.000,-nan,-nan,-nan,0
12,3.00,5.600,0.5000,-27.905,-153.435,1.00000,90.000,-nan,-nan,-nan,0
12,3.00,5.610,0.5000,-27.897,-153.336,1.00000,90.000,-nan,-nan,-nan,0
12,3.00,5.620,0.5000,-27.890,-153.238,1.00000,90.000,-nan,-nan,-nan,0
12,3.00,5.630,0.5000,-27.882,-153.140,1.00000,90.000,-nan,-nan,-nan,0
12,3.00,5.640,0.5000,-27.874,-153.043,1.00000,90.000,-nan,-nan,-nan,0
12,3.00,5.650,0.5000,-27.867,-152.946,1.00000,90.000,-nan,-nan,-nan,0
12,3.00,5.660,0.5000,-27.859,-152.850,1.00000,90.000,-nan,-nan,-nan,0
12,3.00,5.670,0.5000,-27.851,-152.754,1.00000,90.000,-nan,-nan,-nan,0
12,3.00,5.680,0.5000,-27.844,-152.659,1.00000,90.000,-nan,-nan,-nan,0
12,3.00,5.690,0.5000,-27.836,-152.564,1.00000,90.000,-nan,-nan,-nan,0
12,3.00,5.700,0.5000,-27.829,-152.470,1.00000,90.000,-nan,-nan,-nan,0
12,3.00,5.710,0.5000,-27.822,-152.376,1.00000,90.000,-nan,-nan,-nan,0
12,3.00,5.720,0.5000,-27.814,-152.282,1.00000,90.000,-nan,-nan,-nan,0
12,3.00,5.730,0.5000,-27.807,-152.190,1.00000,90.000,-nan,-nan,-nan,0
12,3.00,5.740,0.5000,-27.800,-152.097,1.00000,90.000,-nan,-nan,-nan,0
12,3.00,5.750,0.5000,-27.792,-152.005,1.00000,90.000,-nan,-nan,-nan,0
12,3.00,5.760,0.5000,-27.785,-151.914,1.00000,90.000,-nan,-nan,-nan,0
12,3.00,5.770,0.5000,-27.778,-151.822,1.00000,90.000,-nan,-nan,-nan,0
12,3.00,5.780,0.5000,-27.771,-151.732,1.00000,90.000,-nan,-nan,-nan,0
12,3.00,5.790,0.5000,-27.764,-151.642,1.00000,90.000,-nan,-nan,-nan,0
12,3.00,5.800,0.5000,-27.757,-151.552,1.00000,90.000,-nan,-nan,-nan,0
12,3.00,5.810,0.5000,-27.750,-151.463,1.00000,90.000,-nan,-nan,-nan,0
12,3.00,5.820,0.5000,-27.743,-151.374,1.00000,90.000,-nan,-nan,-nan,0
12,3.00,5.830,0.5000,-27.736,-151.285,1.00000,90.000,-nan,-nan,-nan,0
12,3.00,5.840,0.5000,-27.729,-151.198,1.00000,90.000,-nan,-nan,-nan,0
12,3.00,5.850,0.5000,-27.722,-151.110,1.00000,90.000,-nan,-nan,-nan,0
12,3.00,5.860,0.5000,-27.715,-151.023,1.00000,90.000,-nan,-nan,-nan,0
12,3.00,5.870,0.5000,-27.708,-150.936,1.00000,90.000,-nan,-nan,-nan,0
12,3.00,5.880,0.5000,-27.701,-150.850,1.00000,90.000,-nan,-nan,-nan,0
12,3.00,5.890,0.5000,-27.695,-150.764,1.00000,90.000,-nan,-nan,-nan,0
12,3.00,5.900,0.5000,-27.688,-150.679,1.00000,90.000,-nan,-nan,-nan,0
12,3.00,5.910,0.5000,-27.681,-150.594,1.00000,90.000,-nan,-nan,-nan,0
12,3.00,5.920,0.5000,-27.674,-150.510,1.00000,90.000,-nan,-nan,-nan,0
12,3.00,5.930,0.5000,-27.668,-150.425,1.00000,90.000,-nan,-nan,-nan,0
12,3.00,5.940,0.5000,-27.661,-150.342,1.00000,90.000,-nan,-nan,-nan,0
12,3.00,5.950,0.5000,-27.655,-150.259,1.00000,90.000,-nan,-nan,-nan,0
12,3.00,5.960,0.5000,-27.648,-150.176,1.00000,90.000,-nan,-nan,-nan,0
12,3.00,5.970,0.5000,-27.642,-150.093,1.00000,90.000,-nan,-nan,-nan,0
12,3.00,5.980,0.5000,-27.635,-150.011,1.00000,90.000,-nan,-nan,-nan,0
12,3.00,5.990,0.5000,-27.629,-149.930,1.00000,90.000,-nan,-nan,-nan,0
12,3.00,6.000,0.5000,-27.622,-149.849,1.00000,90.000,-nan,-nan,-nan,0
12,3.00,6.010,0.5000,-27.616,-149.768,1.00000,90.000,-nan,-nan,-nan,0
12,3.00,6.020,0.5000,-27.610,-149.687,1.00000,90.000,-nan,-nan,-nan,0
12,3.00,6.030,0.5000,-27.603,-149.607,1.00000,90.000,-nan,-nan,-nan,0
12,3.00,6.040,0.5000,-27.597,-149.528,1.00000,90.000,-nan,-nan,-nan,0
12,3.00,6.050,0.5000,-27.591,-149.449,1.00000,90.000,-nan,-nan,-nan,0
12,3.00,6.060,0.5000,-27.585,-149.370,1.00000,90.000,-nan,-nan,-nan,0
12,3.00,6.070,0.5000,-27.578,-149.291,1.00000,90.000,-nan,-nan,-nan,0
12,3.00,6.080,0.5000,-27.572,-149.213,1.00000,90.000,-nan,-nan,-nan,0
12,3.00,6.090,0.5000,-27.566,-149.136,1.00000,90.000,-nan,-nan,-nan,0
12,3.00,6.100,0.5000,-27.560,-149.059,1.00000,90.000,-nan,-nan,-nan,0
12,3.00,6.110,0.5000,-27.554,-148.982,1.00000,90.000,-nan,-nan,-nan,0
12,3.00,6.120,0.5000,-27.548,-148.905,1.00000,90.000,-nan,-nan,-nan,0
12,3.00,6.130,0.5000,-27.542,-148.829,1.00000,90.000,-nan,-nan,-nan,0
12,3.00,6.140,0.5000,-27.536,-148.754,1.00000,90.000,-nan,-nan,-nan,0
12,3.00,6.150,0.5000,-27.530,-148.678,1.00000,90.000,-nan,-nan,-nan,0
12,3.00,6.160,0.5000,-27.524,-148.603,1.00000,90.000,-nan,-nan,-nan,0
12,3.00,6.170,0.5000,-27.518,-148.529,1.00000,90.000,-nan,-nan,-nan,0
12,3.00,6.180,0.5000,-27.512,-148.454,1.00000,90.000,-nan,-nan,-nan,0
12,3.00,6.190,0.5000,-27.507,-148.381,1.00000,90.000,-nan,-nan,-nan,0
12,3.00,6.200,0.5000,-27.501,-148.307,1.00000,90.000,-nan,-nan,-nan,0
12,3.00,6.210,0.5000,-27.495,-148.234,1.00000,90.000,-nan,-nan,-nan,0
12,3.00,6.220,0.5000,-27.489,-148.161,1.00000,90.000,-nan,-nan,-nan,0
12,3.00,6.230,0.5000,-27.484,-148.089,1.00000,90.000,-nan,-nan,-nan,0
12,3.00,6.240,0.5000,-27.478,-148.017,1.00000,90.000,-nan,-nan,-nan,0
12,3.00,6.250,0.5000,-27.472,-147.945,1.00000,90.000,-nan,-nan,-nan,0
12,3.00,6.260,0.5000,-27.467,-147.874,1.00000,90.000,-nan,-nan,-nan,0
12,3.00,6.270,0.5000,-27.461,-147.803,1.00000,90.000,-nan,-nan,-nan,0
12,3.00,6.280,0.5000,-27.455,-147.733,1.00000,90.000,-nan,-nan,-nan,0
12,3.00,6.290,0.5000,-27.450,-147.662,1.00000,90.000,-nan,-nan,-nan,0
12,3.00,6.300,0.5000,-27.444,-147.592,1.00000,90.000,-nan,-nan,-nan,0
12,3.00,6.310,0.5000,-27.439,-147.523,1.00000,90.000,-nan,-nan,-nan,0
12,3.00,6.320,0.5000,-27.433,-147.454,1.00000,90.000,-nan,-nan,-nan,0
12,3.00,6.330,0.5000,-27.428,-147.385,1.00000,90.000,-nan,-nan,-nan,0
12,3.00,6.340,0.5000,-27.423,-147.316,1.00000,90.000,-nan,-nan,-nan,0
12,3.00,6.350,0.5000,-27.417,-147.248,1.00000,90.000,-nan,-nan,-nan,0
12,3.00,6.360,0.5000,-27.412,-147.180,1.00000,90.000,-nan,-nan,-nan,0
12,3.00,6.370,0.5000,-27.407,-147.113,1.00000,90.000,-nan,-nan,-nan,0
12,3.00,6.380,0.5000,-27.401,-147.046,1.00000,90.000,-nan,-nan,-nan,0
12,3.00,6.390,0.5000,-27.396,-146.979,1.00000,90.000,-nan,-nan,-nan,0
12,3.00,6.400,0.5000,-27.391,-146.913,1.00000,90.000,-nan,-nan,-nan,0
12,3.00,6.410,0.5000,-27.386,-146.846,1.00000,90.000,-nan,-nan,-nan,0
12,3.00,6.420,0.5000,-27.380,-146.781,1.00000,90.000,-nan,-nan,-nan,0
12,3.00,6.430,0.5000,-27.375,-146.715,1.00000,90.000,-nan,-nan,-nan,0
12,3.00,6.440,0.5000,-27.370,-146.650,1.00000,90.000,-nan,-nan,-nan,0
12,3.00,6.450,0.5000,-27.365,-146.585,1.00000,90.000,-nan,-nan,-nan,0
12,3.00,6.460,0.5000,-27.360,-146.521,1.00000,90.000,-nan,-nan,-nan,0
12,3.00,6.470,0.5000,-27.355,-146.456,1.00000,90.000,-nan,-nan,-nan,0
12,3.00,6.480,0.5000,-27.350,-146.393,1.00000,90.000,-nan,-nan,-nan,0
12,3.00,6.490,0.5000,-27.345,-146.329,1.00000,90.000,-nan,-nan,-nan,0
12,3.00,6.500,0.5000,-27.340,-146.266,1.00000,90.000,-nan,-nan,-nan,0
12,3.00,6.510,0.5000,-27.335,-146.203,1.00000,90.000,-nan,-nan,-nan,0
12,3.00,6.520,0.5000,-27.330,-146.140,1.00000,90.000,-nan,-nan,-nan,0
12,3.00,6.530,0.5000,-27.325,-146.078,1.00000,90.000,-nan,-nan,-nan,0
12,3.00,6.540,0.5000,-27.320,-146.016,1.00000,90.000,-nan,-nan,-nan,0
12,3.00,6.550,0.5000,-27.315,-145.954,1.00000,90.000,-nan,-nan,-nan,0
12,3.00,6.560,0.5000,-27.310,-145.893,1.00000,90.000,-nan,-nan,-nan,0
12,3.00,6.570,0.5000,-27.306,-145.832,1.00000,90.000,-nan,-nan,-nan,0
12,3.00,6.580,0.5000,-27.301,-145.771,1.00000,90.000,-nan,-nan,-nan,0
12,3.00,6.590,0.5000,-27.296,-145.711,1.00000,90.000,-nan,-nan,-nan,0
12,3.00,6.600,0.5000,-27.291,-145.651,1.00000,90.000,-nan,-nan,-nan,0
12,3.00,6.610,0.5000,-27.287,-145.591,1.00000,90.000,-nan,-nan,-nan,0
12,3.00,6.620,0.5000,-27.282,-145.531,1.00000,90.000,-nan,-nan,-nan,0
12,3.00,6.630,0.5000,-27.277,-145.472,1.00000,90.000,-nan,-nan,-nan,0
12,3.00,6.640,0.5000,-27.273,-145.413,1.00000,90.000,-nan,-nan,-nan,0
12,3.00,6.650,0.5000,-27.268,-145.354,1.00000,90.000,-nan,-nan,-nan,0
12,3.00,6.660,0.5000,-27.263,-145.296,1.00000,90.000,-nan,-nan,-nan,0
12,3.00,6.670,0.5000,-27.259,-145.238,1.00000,90.000,-nan,-nan,-nan,0
12,3.00,6.680,0.5000,-27.254,-145.180,1.00000,90.000,-nan,-nan,-nan,0
12,3.00,6.690,0.5000,-27.250,-145.123,1.00000,90.000,-nan,-nan,-nan,0
12,3.00,6.700,0.5000,-27.245,-145.065,1.00000,90.000,-nan,-nan,-nan,0
12,3.00,6.710,0.5000,-27.241,-145.008,1.00000,90.000,-nan,-nan,-nan,0
12,3.00,6.720,0.5000,-27.236,-144.952,1.00000,90.000,-nan,-nan,-nan,0
12,3.00,6.730,0.5000,-27.232,-144.895,1.00000,90.000,-nan,-nan,-nan,0
12,3.00,6.740,0.5000,-27.227,-144.839,1.00000,90.000,-nan,-nan,-nan,0
12,3.00,6.750,0.5000,-27.223,-144.784,1.00000,90.000,-nan,-nan,-nan,0
12,3.00,6.760,0.5000,-27.218,-144.728,1.00000,90.000,-nan,-nan,-nan,0
12,3.00,6.770,0.5000,-27.214,-144.673,1.00000,90.000,-nan,-nan,-nan,0
12,3.00,6.780,0.5000,-27.210,-144.618,1.00000,90.000,-nan,-nan,-nan,0
12,3.00,6.790,0.5000,-27.205,-144.563,1.00000,90.000,-nan,-nan,-nan,0
12,3.00,6.800,0.5000,-27.201,-144.509,1.00000,90.000,-nan,-nan,-nan,0
12,3.00,6.810,0.5000,-27.197,-144.455,1.00000,90.000,-nan,-nan,-nan,0
12,3.00,6.820,0.5000,-27.193,-144.401,1.00000,90.000,-nan,-nan,-nan,0
12,3.00,6.830,0.5000,-27.188,-144.347,1.00000,90.000,-nan,-nan,-nan,0
12,3.00,6.840,0.5000,-27.184,-144.294,1.00000,90.000,-nan,-nan,-nan,0
12,3.00,6.850,0.5000,-27.180,-144.241,1.00000,90.000,-nan,-nan,-nan,0
12,3.00,6.860,0.5000,-27.176,-144.188,1.00000,90.000,-nan,-nan,-nan,0
12,3.00,6.870,0.5000,-27.172,-144.135,1.00000,90.000,-nan,-nan,-nan,0
12,3.00,6.880,0.5000,-27.168,-144.083,1.00000,90.000,-nan,-nan,-nan,0
12,3.00,6.890,0.5000,-27.164,-144.031,1.00000,90.000,-nan,-nan,-nan,0
12,3.00,6.900,0.5000,-27.159,-143.979,1.00000,90.000,-nan,-nan,-nan,0
12,3.00,6.910,0.5000,-27.155,-143.928,1.00000,90.000,-nan,-nan,-nan,0
12,3.00,6.920,0.5000,-27.151,-143.876,1.00000,90.000,-nan,-nan,-nan,0
12,3.00,6.930,0.5000,-27.147,-143.825,1.00000,90.000,-nan,-nan,-nan,0
12,3.00,6.940,0.5000,-27.143,-143.775,1.00000,90.000,-nan,-nan,-nan,0
12,3.00,6.950,0.5000,-27.139,-143.724,1.00000,90.000,-nan,-nan,-nan,0
12,3.00,6.960,0.5000,-27.135,-143.674,1.00000,90.000,-nan,-nan,-nan,0
12,3.00,6.970,0.5000,-27.131,-143.624,1.00000,90.000,-nan,-nan,-nan,0
12,3.00,6.980,0.5000,-27.127,-143.574,1.00000,90.000,-nan,-nan,-nan,0
12,3.00,6.990,0.5000,-27.124,-143.525,1.00000,90.000,-nan,-nan,-nan,0
12,3.00,7.000,0.5000,-27.120,-143.476,1.00000,90.000,-nan,-nan,-nan,0
12,3.00,7.010,0.5000,-27.116,-143.427,1.00000,90.000,-nan,-nan,-nan,0
12,3.00,7.020,0.5000,-27.112,-143.378,1.00000,90.000,-nan,-nan,-nan,0
12,3.00,7.030,0.5000,-27.108,-143.329,1.00000,90.000,-nan,-nan,-nan,0
12,3.00,7.040,0.5000,-27.104,-143.281,1.00000,90.000,-nan,-nan,-nan,0
12,3.00,7.050,0.5000,-27.101,-143.233,1.00000,90.000,-nan,-nan,-nan,0
12,3.00,7.060,0.5000,-27.097,-143.185,1.00000,90.000,-nan,-nan,-nan,0
12,3.00,7.070,0.5000,-27.093,-143.138,1.00000,90.000,-nan,-nan,-nan,0
12,3.00,7.080,0.5000,-27.089,-143.090,1.00000,90.000,-nan,-nan,-nan,0
12,3.00,7.090,0.5000,-27.086,-143.043,1.00000,90.000,-nan,-nan,-nan,0
12,3.00,7.100,0.5000,-27.082,-142.996,1.00000,90.000,-nan,-nan,-nan,0
12,3.00,7.110,0.5000,-27.078,-142.950,1.00000,90.000,-nan,-nan,-nan,0
12,3.00,7.120,0.5000,-27.075,-142.903,1.00000,90.000,-nan,-nan,-nan,0
12,3.00,7.130,0.5000,-27.071,-142.857,1.00000,90.000,-nan,-nan,-nan,0
12,3.00,7.140,0.5000,-27.067,-142.811,1.00000,90.000,-nan,-nan,-nan,0
12,3.00,7.150,0.5000,-27.064,-142.766,1.00000,90.000,-nan,-nan,-nan,0
12,3.00,7.160,0.5000,-27.060,-142.720,1.00000,90.000,-nan,-nan,-nan,0
12,3.00,7.170,0.5000,-27.057,-142.675,1.00000,90.000,-nan,-nan,-nan,0
12,3.00,7.180,0.5000,-27.053,-142.630,1.00000,90.000,-nan,-nan,-nan,0
12,3.00,7.190,0.5000,-27.050,-142.585,1.00000,90.000,-nan,-nan,-nan,0
12,3.00,7.200,0.5000,-27.046,-142.541,1.00000,90.000,-nan,-nan,-nan,0
12,3.00,7.210,0.5000,-27.042,-142.496,1.00000,90.000,-nan,-nan,-nan,0
12,3.00,7.220,0.5000,-27.039,-142.452,1.00000,90.000,-nan,-nan,-nan,0
12,3.00,7.230,0.5000,-27.036,-142.408,1.00000,90.000,-nan,-nan,-nan,0
12,3.00,7.240,0.5000,-27.032,-142.365,1.00000,90.000,-nan,-nan,-nan,0
12,3.00,7.250,0.5000,-27.029,-142.321,1.00000,90.000,-nan,-nan,-nan,0
12,3.00,7.260,0.5000,-27.025,-142.278,1.00000,90.000,-nan,-nan,-nan,0
12,3.00,7.270,0.5000,-27.022,-142.235,1.00000,90.000,-nan,-nan,-nan,0
12,3.00,7.280,0.5000,-27.019,-142.192,1.00000,90.000,-nan,-nan,-nan,0
12,3.00,7.290,0.5000,-27.015,-142.150,1.00000,90.000,-nan,-nan,-nan,0
12,3.00,7.300,0.5000,-27.012,-142.107,1.00000,90.000,-nan,-nan,-nan,0
12,3.00,7.310,0.5000,-27.008,-142.065,1.00000,90.000,-nan,-nan,-nan,0
12,3.00,7.320,0.5000,-27.005,-142.023,1.00000,90.000,-nan,-nan,-nan,0
12,3.00,7.330,0.5000,-27.002,-141.981,1.00000,90.000,-nan,-nan,-nan,0
12,3.00,7.340,0.5000,-26.999,-141.940,1.00000,90.000,-nan,-nan,-nan,0
12,3.00,7.350,0.5000,-26.995,-141.898,1.00000,90.000,-nan,-nan,-nan,0
12,3.00,7.360,0.5000,-26.992,-141.857,1.00000,90.000,-nan,-nan,-nan,0
12,3.00,7.370,0.5000,-26.989,-141.816,1.00000,90.000,-nan,-nan,-nan,0
12,3.00,7.380,0.5000,-26.986,-141.776,1.00000,90.000,-nan,-nan,-nan,0
12,3.00,7.390,0.5000,-26.982,-141.735,1.00000,90.000,-nan,-nan,-nan,0
12,3.00,7.400,0.5000,-26.979,-141.695,1.00000,90.000,-nan,-nan,-nan,0
12,3.00,7.410,0.5000,-26.976,-141.655,1.00000,90.000,-nan,-nan,-nan,0
12,3.00,7.420,0.5000,-26.973,-141.615,1.00000,90.000,-nan,-nan,-nan,0
12,3.00,7.430,0.5000,-26.970,-141.575,1.00000,90.000,-nan,-nan,-nan,0
12,3.00,7.440,0.5000,-26.967,-141.536,1.00000,90.000,-nan,-nan,-nan,0
12,3.00,7.450,0.5000,-26.964,-141.496,1.00000,90.000,-nan,-nan,-nan,0
12,3.00,7.460,0.5000,-26.961,-141.457,1.00000,90.000,-nan,-nan,-nan,0
12,3.00,7.470,0.5000,-26.957,-141.418,1.00000,90.000,-nan,-nan,-nan,0
12,3.00,7.480,0.5000,-26.954,-141.379,1.00000,90.000,-nan,-nan,-nan,0
12,3.00,7.490,0.5000,-26.951,-141.341,1.00000,90.000,-nan,-nan,-nan,0
12,3.00,7.500,0.5000,-26.948,-141.302,1.00000,90.000,-nan,-nan,-nan,0
12,3.00,7.510,0.5000,-26.945,-141.264,1.00000,90.000,-nan,-nan,-nan,0
12,3.00,7.520,0.5000,-26.942,-141.226,1.00000,90.000,-nan,-nan,-nan,0
12,3.00,7.530,0.5000,-26.939,-141.189,1.00000,90.000,-nan,-nan,-nan,0
12,3.00,7.540,0.5000,-26.936,-141.151,1.00000,90.000,-nan,-nan,-nan,0
12,3.00,7.550,0.5000,-26.933,-141.114,1.00000,90.000,-nan,-nan,-nan,0
12,3.00,7.560,0.5000,-26.931,-141.076,1.00000,90.000,-nan,-nan,-nan,0
12,3.00,7.570,0.5000,-26.928,-141.039,1.00000,90.000,-nan,-nan,-nan,0
12,3.00,7.580,0.5000,-26.925,-141.003,1.00000,90.000,-nan,-nan,-nan,0
12,3.00,7.590,0.5000,-26.922,-140.966,1.00000,90.000,-nan,-nan,-nan,0
12,3.00,7.600,0.5000,-26.919,-140.929,1.00000,90.000,-nan,-nan,-nan,0
12,3.00,7.610,0.5000,-26.916,-140.893,1.00000,90.000,-nan,-nan,-nan,0
12,3.00,7.620,0.5000,-26.913,-140.857,1.00000,90.000,-nan,-nan,-nan,0
12,3.00,7.630,0.5000,-26.910,-140.821,1.00000,90.000,-nan,-nan,-nan,0
12,3.00,7.640,0.5000,-26.908,-140.785,1.00000,90.000,-nan,-nan,-nan,0
12,3.00,7.650,0.5000,-26.905,-140.750,1.00000,90.000,-nan,-nan,-nan,0
12,3.00,7.660,0.5000,-26.902,-140.714,1.00000,90.000,-nan,-nan,-nan,0
12,3.00,7.670,0.5000,-26.899,-140.679,1.00000,90.000,-nan,-nan,-nan,0
12,3.00,7.680,0.5000,-26.896,-140.644,1.00000,90.000,-nan,-nan,-nan,0
12,3.00,7.690,0.5000,-26.894,-140.609,1.00000,90.000,-nan,-nan,-nan,0
12,3.00,7.700,0.5000,-26.891,-140.574,1.00000,90.000,-nan,-nan,-nan,0
12,3.00,7.710,0.5000,-26.888,-140.540,1.00000,90.000,-nan,-nan,-nan,0
12,3.00,7.720,0.5000,-26.885,-140.506,1.00000,90.000,-nan,-nan,-nan,0
12,3.00,7.730,0.5000,-26.883,-140.471,1.00000,90.000,-nan,-nan,-nan,0
12,3.00,7.740,0.5000,-26.880,-140.437,1.00000,90.000,-nan,-nan,-nan,0
12,3.00,7.750,0.5000,-26.877,-140.403,1.00000,90.000,-nan,-nan,-nan,0
12,3.00,7.760,0.5000,-26.875,-140.370,1.00000,90.000,-nan,-nan,-nan,0
12,3.00,7.770,0.5000,-26.872,-140.336,1.00000,90.000,-nan,-nan,-nan,0
12,3.00,7.780,0.5000,-26.870,-140.303,1.00000,90.000,-nan,-nan,-nan,0
12,3.00,7.790,0.5000,-26.867,-140.270,1.00000,90.000,-nan,-nan,-nan,0
12,3.00,7.800,0.5000,-26.864,-140.237,1.00000,90.000,-nan,-nan,-nan,0
12,3.00,7.810,0.5000,-26.862,-140.204,1.00000,90.000,-nan,-nan,-nan,0
12,3.00,7.820,0.5000,-26.859,-140.171,1.00000,90.000,-nan,-nan,-nan,0
12,3.00,7.830,0.5000,-26.857,-140.139,1.00000,90.000,-nan,-nan,-nan,0
12,3.00,7.840,0.5000,-26.854,-140.106,1.00000,90.000,-nan,-nan,-nan,0
12,3.00,7.850,0.5000,-26.851,-140.074,1.00000,90.000,-nan,-nan,-nan,0
12,3.00,7.860,0.5000,-26.849,-140.042,1.00000,90.000,-nan,-nan,-nan,0
12,3.00,7.870,0.5000,-26.846,-140.010,1.00000,90.000,-nan,-nan,-nan,0
12,3.00,7.880,0.5000,-26.844,-139.979,1.00000,90.000,-nan,-nan,-nan,0
12,3.00,7.890,0.5000,-26.841,-139.947,1.00000,90.000,-nan,-nan,-nan,0
12,3.00,7.900,0.5000,-26.839,-139.916,1.00000,90.000,-nan,-nan,-nan,0
12,3.00,7.910,0.5000,-26.837,-139.884,1.00000,90.000,-nan,-nan,-nan,0
12,3.00,7.920,0.5000,-26.834,-139.853,1.00000,90.000,-nan,-nan,-nan,0
12,3.00,7.930,0.5000,-26.832,-139.822,1.00000,90.000,-nan,-nan,-nan,0
12,3.00,7.940,0.5000,-26.829,-139.792,1.00000,90.000,-nan,-nan,-nan,0
12,3.00,7.950,0.5000,-26.827,-139.761,1.00000,90.000,-nan,-nan,-nan,0
12,3.00,7.960,0.5000,-26.824,-139.731,1.00000,90.000,-nan,-nan,-nan,0
12,3.00,7.970,0.5000,-26.822,-139.700,1.00000,90.000,-nan,-nan,-nan,0
12,3.00,7.980,0.5000,-26.820,-139.670,1.00000,90.000,-nan,-nan,-nan,0
12,3.00,7.990,0.5000,-26.817,-139.640,1.00000,90.000,-nan,-nan,-nan,0
12,3.00,8.000,0.5000,-26.815,-139.610,1.00000,90.000,-nan,-nan,-nan,0
12,3.00,8.010,0.5000,-26.813,-139.580,1.00000,90.000,-nan,-nan,-nan,0
12,3.00,8.020,0.5000,-26.810,-139.551,1.00000,90.000,-nan,-nan,-nan,0
12,3.00,8.030,0.5000,-26.808,-139.521,1.00000,90.000,-nan,-nan,-nan,0
12,3.00,8.040,0.5000,-26.806,-139.492,1.00000,90.000,-nan,-nan,-nan,0
12,3.00,8.050,0.5000,-26.803,-139.463,1.00000,90.000,-nan,-nan,-nan,0
12,3.00,8.060,0.5000,-26.801,-139.434,1.00000,90.000,-nan,-nan,-nan,0
12,3.00,8.070,0.5000,-26.799,-139.405,1.00000,90.000,-nan,-nan,-nan,0
12,3.00,8.080,0.5000,-26.796,-139.376,1.00000,90.000,-nan,-nan,-nan,0
12,3.00,8.090,0.5000,-26.794,-139.348,1.00000,90.000,-nan,-nan,-nan,0
12,3.00,8.100,0.5000,-26.792,-139.320,1.00000,90.000,-nan,-nan,-nan,0
12,3.00,8.110,0.5000,-26.790,-139.291,1.00000,90.000,-nan,-nan,-nan,0
12,3.00,8.120,0.5000,-26.788,-139.263,1.00000,90.000,-nan,-nan,-nan,0
12,3.00,8.130,0.5000,-26.785,-139.235,1.00000,90.000,-nan,-nan,-nan,0
12,3.00,8.140,0.5000,-26.783,-139.207,1.00000,90.000,-nan,-nan,-nan,0
12,3.00,8.150,0.5000,-26.781,-139.180,1.00000,90.000,-nan,-nan,-nan,0
12,3.00,8.160,0.5000,-26.779,-139.152,1.00000,90.000,-nan,-nan,-nan,0
12,3.00,8.170,0.5000,-26.777,-139.125,1.00000,90.000,-nan,-nan,-nan,0
12,3.00,8.180,0.5000,-26.774,-139.097,1.00000,90.000,-nan,-nan,-nan,0
12,3.00,8.190,0.5000,-26.772,-139.070,1.00000,90.000,-nan,-nan,-nan,0
12,3.00,8.200,0.5000,-26.770,-139.043,1.00000,90.000,-nan,-nan,-nan,0
12,3.00,8.210,0.5000,-26.768,-139.016,1.00000,90.000,-nan,-nan,-nan,0
12,3.00,8.220,0.5000,-26.766,-138.989,1.00000,90.000,-nan,-nan,-nan,0
12,3.00,8.230,0.5000,-26.764,-138.963,1.00000,90.000,-nan,-nan,-nan,0
12,3.00,8.240,0.5000,-26.762,-138.936,1.00000,90.000,-nan,-nan,-nan,0
12,3.00,8.250,0.5000,-26.760,-138.910,1.00000,90.000,-nan,-nan,-nan,0
12,3.00,8.260,0.5000,-26.758,-138.884,1.00000,90.000,-nan,-nan,-nan,0
12,3.00,8.270,0.5000,-26.756,-138.858,1.00000,90.000,-nan,-nan,-nan,0
12,3.00,8.280,0.5000,-26.754,-138.832,1.00000,90.000,-nan,-nan,-nan,0
12,3.00,8.290,0.5000,-26.751,-138.806,1.00000,90.000,-nan,-nan,-nan,0
12,3.00,8.300,0.5000,-26.749,-138.780,1.00000,90.000,-nan,-nan,-nan,0
12,3.00,8.310,0.5000,-26.747,-138.755,1.00000,90.000,-nan,-nan,-nan,0
12,3.00,8.320,0.5000,-26.745,-138.729,1.00000,90.000,-nan,-nan,-nan,0
12,3.00,8.330,0.5000,-26.743,-138.704,1.00000,90.000,-nan,-nan,-nan,0
12,3.00,8.340,0.5000,-26.741,-138.679,1.00000,90.000,-nan,-nan,-nan,0
12,3.00,8.350,0.5000,-26.739,-138.654,1.00000,90.000,-nan,-nan,-nan,0
12,3.00,8.360,0.5000,-26.737,-138.629,1.00000,90.000,-nan,-nan,-nan,0
12,3.00,8.370,0.5000,-26.736,-138.604,1.00000,90.000,-nan,-nan,-nan,0
12,3.00,8.380,0.5000,-26.734,-138.579,1.00000,90.000,-nan,-nan,-nan,0
12,3.00,8.390,0.5000,-26.732,-138.554,1.00000,90.000,-nan,-nan,-nan,0
12,3.00,8.400,0.5000,-26.730,-138.530,1.00000,90.000,-nan,-nan,-nan,0
12,3.00,8.410,0.5000,-26.728,-138.506,1.00000,90.000,-nan,-nan,-nan,0
12,3.00,8.420,0.5000,-26.726,-138.481,1.00000,90.000,-nan,-nan,-nan,0
12,3.00,8.430,0.5000,-26.724,-138.457,1.00000,90.000,-nan,-nan,-nan,0
12,3.00,8.440,0.5000,-26.722,-138.433,1.00000,90.000,-nan,-nan,-nan,0
12,3.00,8.450,0.5000,-26.720,-138.410,1.00000,90.000,-nan,-nan,-nan,0
12,3.00,8.460,0.5000,-26.718,-138.386,1.00000,90.000,-nan,-nan,-nan,0
12,3.00,8.470,0.5000,-26.716,-138.362,1.00000,90.000,-nan,-nan,-nan,0
12,3.00,8.480,0.5000,-26.715,-138.339,1.00000,90.000,-nan,-nan,-nan,0
12,3.00,8.490,0.5000,-26.713,-138.315,1.00000,90.000,-nan,-nan,-nan,0
12,3.00,8.500,0.5000,-26.711,-138.292,1.00000,90.000,-nan,-nan,-nan,0
12,3.00,8.510,0.5000,-26.709,-138.269,1.00000,90.000,-nan,-nan,-nan,0
12,3.00,8.520,0.5000,-26.707,-138.246,1.00000,90.000,-nan,-nan,-nan,0
12,3.00,8.530,0.5000,-26.706,-138.223,1.00000,90.000,-nan,-nan,-nan,0
12,3.00,8.540,0.5000,-26.704,-138.200,1.00000,90.000,-nan,-nan,-nan,0
12,3.00,8.550,0.5000,-26.702,-138.178,1.00000,90.000,-nan,-nan,-nan,0
12,3.00,8.560,0.5000,-26.700,-138.155,1.00000,90.000,-nan,-nan,-nan,0
12,3.00,8.570,0.5000,-26.698,-138.133,1.00000,90.000,-nan,-nan,-nan,0
12,3.00,8.580,0.5000,-26.697,-138.110,1.00000,90.000,-nan,-nan,-nan,0
12,3.00,8.590,0.5000,-26.695,-138.088,1.00000,90.000,-nan,-nan,-nan,0
12,3.00,8.600,0.5000,-26.693,-138.066,1.00000,90.000,-nan,-nan,-nan,0
12,3.00,8.610,0.5000,-26.691,-138.044,1.00000,90.000,-nan,-nan,-nan,0
12,3.00,8.620,0.5000,-26.690,-138.022,1.00000,90.000,-nan,-nan,-nan,0
12,3.00,8.630,0.5000,-26.688,-138.000,1.00000,90.000,-nan,-nan,-nan,0
12,3.00,8.640,0.5000,-26.686,-137.978,1.00000,90.000,-nan,-nan,-nan,0
12,3.00,8.650,0.5000,-26.685,-137.957,1.00000,90.000,-nan,-nan,-nan,0
12,3.00,8.660,0.5000,-26.683,-137.935,1.00000,90.000,-nan,-nan,-nan,0
12,3.00,8.670,0.5000,-26.681,-137.914,1.00000,90.000,-nan,-nan,-nan,0
12,3.00,8.680,0.5000,-26.679,-137.893,1.00000,90.000,-nan,-nan,-nan,0
12,3.00,8.690,0.5000,-26.678,-137.872,1.00000,90.000,-nan,-nan,-nan,0
12,3.00,8.700,0.5000,-26.676,-137.851,1.00000,90.000,-nan,-nan,-nan,0
12,3.00,8.710,0.5000,-26.674,-137.830,1.00000,90.000,-nan,-nan,-nan,0
12,3.00,8.720,0.5000,-26.673,-137.809,1.00000,90.000,-nan,-nan,-nan,0
12,3.00,8.730,0.5000,-26.671,-137.788,1.00000,90.000,-nan,-nan,-nan,0
12,3.00,8.740,0.5000,-26.670,-137.767,1.00000,90.000,-nan,-nan,-nan,0
12,3.00,8.750,0.5000,-26.668,-137.747,1.00000,90.000,-nan,-nan,-nan,0
12,3.00,8.760,0.5000,-26.666,-137.726,1.00000,90.000,-nan,-nan,-nan,0
12,3.00,8.770,0.5000,-26.665,-137.706,1.00000,90.000,-nan,-nan,-nan,0
12,3.00,8.780,0.5000,-26.663,-137.686,1.00000,90.000,-nan,-nan,-nan,0
12,3.00,8.790,0.5000,-26.662,-137.666,1.00000,90.000,-nan,-nan,-nan,0
12,3.00,8.800,0.5000,-26.660,-137.646,1.00000,90.000,-nan,-nan,-nan,0
12,3.00,8.810,0.5000,-26.658,-137.626,1.00000,90.000,-nan,-nan,-nan,0
12,3.00,8.820,0.5000,-26.657,-137.606,1.00000,90.000,-nan,-nan,-nan,0
12,3.00,8.830,0.5000,-26.655,-137.586,1.00000,90.000,-nan,-nan,-nan,0
12,3.00,8.840,0.5000,-26.654,-137.567,1.00000,90.000,-nan,-nan,-nan,0
12,3.00,8.850,0.5000,-26.652,-137.547,1.00000,90.000,-nan,-nan,-nan,0
12,3.00,8.860,0.5000,-26.651,-137.528,1.00000,90.000,-nan,-nan,-nan,0
12,3.00,8.870,0.5000,-26.649,-137.508,1.00000,90.000,-nan,-nan,-nan,0
12,3.00,8.880,0.5000,-26.648,-137.489,1.00000,90.000,-nan,-nan,-nan,0
12,3.00,8.890,0.5000,-26.646,-137.470,1.00000,90.000,-nan,-nan,-nan,0
12,3.00,8.900,0.5000,-26.645,-137.451,1.00000,90.000,-nan,-nan,-nan,0
12,3.00,8.910,0.5000,-26.643,-137.432,1.00000,90.000,-nan,-nan,-nan,0
12,3.00,8.920,0.5000,-26.642,-137.413,1.00000,90.000,-nan,-nan,-nan,0
12,3.00,8.930,0.5000,-26.640,-137.394,1.00000,90.000,-nan,-nan,-nan,0
12,3.00,8.940,0.5000,-26.639,-137.376,1.00000,90.000,-nan,-nan,-nan,0
12,3.00,8.950,0.5000,-26.637,-137.357,1.00000,90.000,-nan,-nan,-nan,0
12,3.00,8.960,0.5000,-26.636,-137.339,1.00000,90.000,-nan,-nan,-nan,0
12,3.00,8.970,0.5000,-26.634,-137.320,1.00000,90.000,-nan,-nan,-nan,0
12,3.00,8.980,0.5000,-26.633,-137.302,1.00000,90.000,-nan,-nan,-nan,0
12,3.00,8.990,0.5000,-26.631,-137.284,1.00000,90.000,-nan,-nan,-nan,0
12,3.00,9.000,0.5000,-26.630,-137.266,1.00000,90.000,-nan,-nan,-nan,0
12,3.00,9.010,0.5000,-26.629,-137.248,1.00000,90.000,-nan,-nan,-nan,0
12,3.00,9.020,0.5000,-26.627,-137.230,1.00000,90.000,-nan,-nan,-nan,0
12,3.00,9.030,0.5000,-26.626,-137.212,1.00000,90.000,-nan,-nan,-nan,0
12,3.00,9.040,0.5000,-26.624,-137.194,1.00000,90.000,-nan,-nan,-nan,0
12,3.00,9.050,0.5000,-26.623,-137.176,1.00000,90.000,-nan,-nan,-nan,0
12,3.00,9.060,0.5000,-26.622,-137.159,1.00000,90.000,-nan,-nan,-nan,0
12,3.00,9.070,0.5000,-26.620,-137.141,1.00000,90.000,-nan,-nan,-nan,0
12,3.00,9.080,0.5000,-26.619,-137.124,1.00000,90.000,-nan,-nan,-nan,0
12,3.00,9.090,0.5000,-26.617,-137.107,1.00000,90.000,-nan,-nan,-nan,0
12,3.00,9.100,0.5000,-26.616,-137.089,1.00000,90.000,-nan,-nan,-nan,0
12,3.00,9.110,0.5000,-26.615,-137.072,1.00000,90.000,-nan,-nan,-nan,0
12,3.00,9.120,0.5000,-26.613,-137.055,1.00000,90.000,-nan,-nan,-nan,0
12,3.00,9.130,0.5000,-26.612,-137.038,1.00000,90.000,-nan,-nan,-nan,0
12,3.00,9.140,0.5000,-26.611,-137.021,1.00000,90.000,-nan,-nan,-nan,0
12,3.00,9.150,0.5000,-26.609,-137.005,1.00000,90.000,-nan,-nan,-nan,0
12,3.00,9.160,0.5000,-26.608,-136.988,1.00000,90.000,-nan,-nan,-nan,0
12,3.00,9.170,0.5000,-26.607,-136.971,1.00000,90.000,-nan,-nan,-nan,0
12,3.00,9.180,0.5000,-26.605,-136.955,1.00000,90.000,-nan,-nan,-nan,0
12,3.00,9.190,0.5000,-26.604,-136.938,1.00000,90.000,-nan,-nan,-nan,0
12,3.00,9.200,0.5000,-26.603,-136.922,1.00000,90.000,-nan,-nan,-nan,0
12,3.00,9.210,0.5000,-26.602,-136.905,1.00000,90.000,-nan,-nan,-nan,0
12,3.00,9.220,0.5000,-26.600,-136.889,1.00000,90.000,-nan,-nan,-nan,0
12,3.00,9.230,0.5000,-26.599,-136.873,1.00000,90.000,-nan,-nan,-nan,0
12,3.00,9.240,0.5000,-26.598,-136.857,1.00000,90.000,-nan,-nan,-nan,0
12,3.00,9.250,0.5000,-26.597,-136.841,1.00000,90.000,-nan,-nan,-nan,0
12,3.00,9.260,0.5000,-26.595,-136.825,1.00000,90.000,-nan,-nan,-nan,0
12,3.00,9.270,0.5000,-26.594,-136.809,1.00000,90.000,-nan,-nan,-nan,0
12,3.00,9.280,0.5000,-26.593,-136.794,1.00000,90.000,-nan,-nan,-nan,0
12,3.00,9.290,0.5000,-26.592,-136.778,1.00000,90.000,-nan,-nan,-nan,0
12,3.00,9.300,0.5000,-26.590,-136.762,1.00000,90.000,-nan,-nan,-nan,0
12,3.00,9.310,0.5000,-26.589,-136.747,1.00000,90.000,-nan,-nan,-nan,0
12,3.00,9.320,0.5000,-26.588,-136.731,1.00000,90.000,-nan,-nan,-nan,0
12,3.00,9.330,0.5000,-26.587,-136.716,1.00000,90.000,-nan,-nan,-nan,0
12,3.00,9.340,0.5000,-26.585,-136.701,1.00000,90.000,-nan,-nan,-nan,0
12,3.00,9.350,0.5000,-26.584,-136.685,1.00000,90.000,-nan,-nan,-nan,0
12,3.00,9.360,0.5000,-26.583,-136.670,1.00000,90.000,-nan,-nan,-nan,0
12,3.00,9.370,0.5000,-26.582,-136.655,1.00000,90.000,-nan,-nan,-nan,0
12,3.00,9.380,0.5000,-26.581,-136.640,1.00000,90.000,-nan,-nan,-nan,0
12,3.00,9.390,0.5000,-26.580,-136.625,1.00000,90.000,-nan,-nan,-nan,0
12,3.00,9.400,0.5000,-26.578,-136.611,1.00000,90.000,-nan,-nan,-nan,0
12,3.00,9.410,0.5000,-26.577,-136.596,1.00000,90.000,-nan,-nan,-nan,0
12,3.00,9.420,0.5000,-26.576,-136.581,1.00000,90.000,-nan,-nan,-nan,0
12,3.00,9.430,0.5000,-26.575,-136.566,1.00000,90.000,-nan,-nan,-nan,0
12,3.00,9.440,0.5000,-26.574,-136.552,1.00000,90.000,-nan,-nan,-nan,0
12,3.00,9.450,0.5000,-26.573,-136.537,1.00000,90.000,-nan,-nan,-nan,0
12,3.00,9.460,0.5000,-26.571,-136.523,1.00000,90.000,-nan,-nan,-nan,0
12,3.00,9.470,0.5000,-26.570,-136.509,1.00000,90.000,-nan,-nan,-nan,0
12,3.00,9.480,0.5000,-26.569,-136.495,1.00000,90.000,-nan,-nan,-nan,0
12,3.00,9.490,0.5000,-26.568,-136.480,1.00000,90.000,-nan,-nan,-nan,0
12,3.00,9.500,0.5000,-26.567,-136.466,1.00000,90.000,-nan,-nan,-nan,0
12,3.00,9.510,0.5000,-26.566,-136.452,1.00000,90.000,-nan,-nan,-nan,0
12,3.00,9.520,0.5000,-26.565,-136.438,1.00000,90.000,-nan,-nan,-nan,0
12,3.00,9.530,0.5000,-26.564,-136.424,1.00000,90.000,-nan,-nan,-nan,0
12,3.00,9.540,0.5000,-26.563,-136.410,1.00000,90.000,-nan,-nan,-nan,0
12,3.00,9.550,0.5000,-26.561,-136.397,1.00000,90.000,-nan,-nan,-nan,0
12,3.00,9.560,0.5000,-26.560,-136.383,1.00000,90.000,-nan,-nan,-nan,0
12,3.00,9.570,0.5000,-26.559,-136.369,1.00000,90.000,-nan,-nan,-nan,0
12,3.00,9.580,0.5000,-26.558,-136.356,1.00000,90.000,-nan,-nan,-nan,0
12,3.00,9.590,0.5000,-26.557,-136.342,1.00000,90.000,-nan,-nan,-nan,0
12,3.00,9.600,0.5000,-26.556,-136.329,1.00000,90.000,-nan,-nan,-nan,0
12,3.00,9.610,0.5000,-26.555,-136.316,1.00000,90.000,-nan,-nan,-nan,0
12,3.00,9.620,0.5000,-26.554,-136.302,1.00000,90.000,-nan,-nan,-nan,0
12,3.00,9.630,0.5000,-26.553,-136.289,1.00000,90.000,-nan,-nan,-nan,0
12,3.00,9.640,0.5000,-26.552,-136.276,1.00000,90.000,-nan,-nan,-nan,0
12,3.00,9.650,0.5000,-26.551,-136.263,1.00000,90.000,-nan,-nan,-nan,0
12,3.00,9.660,0.5000,-26.550,-136.250,1.00000,90.000,-nan,-nan,-nan,0
12,3.00,9.670,0.5000,-26.549,-136.237,1.00000,90.000,-nan,-nan,-nan,0
12,3.00,9.680,0.5000,-26.548,-136.224,1.00000,90.000,-nan,-nan,-nan,0
12,3.00,9.690,0.5000,-26.547,-136.211,1.00000,90.000,-nan,-nan,-nan,0
12,3.00,9.700,0.5000,-26.546,-136.198,1.00000,90.000,-nan,-nan,-nan,0
12,3.00,9.710,0.5000,-26.545,-136.186,1.00000,90.000,-nan,-nan,-nan,0
12,3.00,9.720,0.5000,-26.544,-136.173,1.00000,90.000,-nan,-nan,-nan,0
12,3.00,9.730,0.5000,-26.543,-136.160,1.00000,90.000,-nan,-nan,-nan,0
12,3.00,9.740,0.5000,-26.542,-136.148,1.00000,90.000,-nan,-nan,-nan,0
12,3.00,9.750,0.5000,-26.541,-136.136,1.00000,90.000,-nan,-nan,-nan,0
12,3.00,9.760,0.5000,-26.540,-136.123,1.00000,90.000,-nan,-nan,-nan,0
12,3.00,9.770,0.5000,-26.539,-136.111,1.00000,90.000,-nan,-nan,-nan,0
12,3.00,9.780,0.5000,-26.538,-136.099,1.00000,90.000,-nan,-nan,-nan,0
12,3.00,9.790,0.5000,-26.537,-136.086,1.00000,90.000,-nan,-nan,-nan,0
12,3.00,9.800,0.5000,-26.536,-136.074,1.00000,90.000,-nan,-nan,-nan,0
12,3.00,9.810,0.5000,-26.535,-136.062,1.00000,90.000,-nan,-nan,-nan,0
12,3.00,9.820,0.5000,-26.534,-136.050,1.00000,90.000,-nan,-nan,-nan,0
12,3.00,9.830,0.5000,-26.533,-136.038,1.00000,90.000,-nan,-nan,-nan,0
12,3.00,9.840,0.5000,-26.532,-136.026,1.00000,90.000,-nan,-nan,-nan,0
12,3.00,9.850,0.5000,-26.531,-136.014,1.00000,90.000,-nan,-nan,-nan,0
12,3.00,9.860,0.5000,-26.530,-136.003,1.00000,90.000,-nan,-nan,-nan,0
12,3.00,9.870,0.5000,-26.529,-135.991,1.00000,90.000,-nan,-nan,-nan,0
12,3.00,9.880,0.5000,-26.529,-135.979,1.00000,90.000,-nan,-nan,-nan,0
12,3.00,9.890,0.5000,-26.528,-135.968,1.00000,90.000,-nan,-nan,-nan,0
12,3.00,9.900,0.5000,-26.527,-135.956,1.00000,90.000,-nan,-nan,-nan,0
12,3.00,9.910,0.5000,-26.526,-135.945,1.00000,90.000,-nan,-nan,-nan,0
12,3.00,9.920,0.5000,-26.525,-135.933,1.00000,90.000,-nan,-nan,-nan,0
12,3.00,9.930,0.5000,-26.524,-135.922,1.00000,90.000,-nan,-nan,-nan,0
12,3.00,9.940,0.5000,-26.523,-135.910,1.00000,90.000,-nan,-nan,-nan,0
12,3.00,9.950,0.5000,-26.522,-135.899,1.00000,90.000,-nan,-nan,-nan,0
12,3.00,9.960,0.5000,-26.521,-135.888,1.00000,90.000,-nan,-nan,-nan,0
12,3.00,9.970,0.5000,-26.520,-135.877,1.00000,90.000,-nan,-nan,-nan,0
12,3.00,9.980,0.5000,-26.520,-135.866,1.00000,90.000,-nan,-nan,-nan,0
12,3.00,9.990,0.5000,-26.519,-135.855,1.00000,90.000,-nan,-nan,-nan,0
12,3.00,10.000,0.5000,-26.518,-135.844,1.00000,90.000,-nan,-nan,-nan,0
