semimajor_axis_au,eccentricity,chirikov_s,d_a_au2_yr,d_e_per_yr,is_chaotic,lyapunov_time_yr,delta_a_chaos_wisdom_au
1.800,0.010,0.0062,6.715485e-13,2.573782e-10,0,1.000e+06,1.7127
1.800,0.030,0.0108,1.392167e-11,7.751516e-10,0,1.000e+06,1.7127
1.800,0.050,0.0139,6.385965e-11,1.302104e-09,0,1.000e+06,1.7127
1.800,0.070,0.0165,1.749350e-10,1.844407e-09,0,1.000e+06,1.7127
1.800,0.090,0.0187,3.715898e-10,2.408227e-09,0,1.000e+06,1.7127
1.800,0.110,0.0206,6.782583e-10,2.999732e-09,0,1.000e+06,1.7127
1.800,0.130,0.0224,1.119368e-09,3.625086e-09,0,1.000e+06,1.7127
1.800,0.150,0.0241,1.719337e-09,4.290451e-09,0,1.000e+06,1.7127
1.800,0.170,0.0256,2.502578e-09,5.001989e-09,0,1.000e+06,1.7127
1.800,0.190,0.0271,3.493494e-09,5.765859e-09,0,1.000e+06,1.7127
1.800,0.210,0.0285,4.716484e-09,6.588217e-09,0,1.000e+06,1.7127
1.800,0.230,0.0298,6.195935e-09,7.475218e-09,0,1.000e+06,1.7127
1.800,0.250,0.0311,7.956230e-09,8.433016e-09,0,1.000e+06,1.7127
1.800,0.270,0.0323,1.002174e-08,9.467762e-09,0,1.000e+06,1.7127
1.800,0.290,0.0335,1.241684e-08,1.058561e-08,0,1.000e+06,1.7127
1.800,0.310,0.0346,1.516588e-08,1.179269e-08,0,1.000e+06,1.7127
1.800,0.330,0.0357,1.829321e-08,1.309517e-08,0,1.000e+06,1.7127
1.800,0.350,0.0368,2.182318e-08,1.449918e-08,0,1.000e+06,1.7127
1.800,0.370,0.0378,2.578013e-08,1.601087e-08,0,1.000e+06,1.7127
1.800,0.390,0.0388,3.018838e-08,1.763637e-08,0,1.000e+06,1.7127
1.800,0.410,0.0398,3.507225e-08,1.938183e-08,0,1.000e+06,1.7127
1.800,0.430,0.0408,4.045606e-08,2.125338e-08,0,1.000e+06,1.7127
1.800,0.450,0.0417,4.636412e-08,2.325715e-08,0,1.000e+06,1.7127
1.800,0.470,0.0426,5.282073e-08,2.539927e-08,0,1.000e+06,1.7127
1.800,0.490,0.0435,5.985016e-08,2.768588e-08,0,1.000e+06,1.7127
1.820,0.010,0.0064,7.242800e-13,2.757270e-10,0,1.000e+06,1.7127
1.820,0.030,0.0111,1.532191e-11,8.304096e-10,0,1.000e+06,1.7127
1.820,0.050,0.0144,7.033811e-11,1.394920e-09,0,1.000e+06,1.7127
1.820,0.070,0.0170,1.927079e-10,1.975867e-09,0,1.000e+06,1.7127
1.820,0.090,0.0193,4.093575e-10,2.579860e-09,0,1.000e+06,1.7127
1.820,0.110,0.0213,7.472042e-10,3.213504e-09,0,1.000e+06,1.7127
1.820,0.130,0.0232,1.233156e-09,3.883402e-09,0,1.000e+06,1.7127
1.820,0.150,0.0249,1.894113e-09,4.596156e-09,0,1.000e+06,1.7127
1.820,0.170,0.0265,2.756965e-09,5.358364e-09,0,1.000e+06,1.7127
1.820,0.190,0.0280,3.848594e-09,6.176623e-09,0,1.000e+06,1.7127
1.820,0.210,0.0295,5.195872e-09,7.057528e-09,0,1.000e+06,1.7127
1.820,0.230,0.0309,6.825665e-09,8.007672e-09,0,1.000e+06,1.7127
1.820,0.250,0.0322,8.764825e-09,9.033644e-09,0,1.000e+06,1.7127
1.820,0.270,0.0334,1.104020e-08,1.014203e-08,0,1.000e+06,1.7127
1.820,0.290,0.0346,1.367863e-08,1.133943e-08,0,1.000e+06,1.7127
1.820,0.310,0.0358,1.670693e-08,1.263240e-08,0,1.000e+06,1.7127
1.820,0.330,0.0370,2.015194e-08,1.402755e-08,0,1.000e+06,1.7127
1.820,0.350,0.0381,2.404046e-08,1.553144e-08,0,1.000e+06,1.7127
1.820,0.370,0.0391,2.839929e-08,1.715066e-08,0,1.000e+06,1.7127
1.820,0.390,0.0402,3.325522e-08,1.889178e-08,0,1.000e+06,1.7127
1.820,0.410,0.0412,3.863504e-08,2.076137e-08,0,1.000e+06,1.7127
1.820,0.430,0.0422,4.456553e-08,2.276601e-08,0,1.000e+06,1.7127
1.820,0.450,0.0432,5.107345e-08,2.491225e-08,0,1.000e+06,1.7127
1.820,0.470,0.0441,5.818555e-08,2.720668e-08,0,1.000e+06,1.7127
1.820,0.490,0.0450,6.592859e-08,2.965584e-08,0,1.000e+06,1.7127
1.840,0.010,0.0067,7.821149e-13,2.953670e-10,0,1.000e+06,1.7127
1.840,0.030,0.0115,1.686004e-11,8.895552e-10,0,1.000e+06,1.7127
1.840,0.050,0.0149,7.745480e-11,1.494264e-09,0,1.000e+06,1.7127
1.840,0.070,0.0176,2.122317e-10,2.116574e-09,0,1.000e+06,1.7127
1.840,0.090,0.0200,4.508457e-10,2.763563e-09,0,1.000e+06,1.7127
1.840,0.110,0.0221,8.229410e-10,3.442307e-09,0,1.000e+06,1.7127
1.840,0.130,0.0240,1.358152e-09,4.159878e-09,0,1.000e+06,1.7127
1.840,0.150,0.0258,2.086101e-09,4.923347e-09,0,1.000e+06,1.7127
1.840,0.170,0.0274,3.036401e-09,5.739782e-09,0,1.000e+06,1.7127
1.840,0.190,0.0290,4.238656e-09,6.616248e-09,0,1.000e+06,1.7127
1.840,0.210,0.0305,5.722456e-09,7.559809e-09,0,1.000e+06,1.7127
1.840,0.230,0.0319,7.517383e-09,8.577524e-09,0,1.000e+06,1.7127
1.840,0.250,0.0333,9.653009e-09,9.676453e-09,0,1.000e+06,1.7127
1.840,0.270,0.0346,1.215889e-08,1.086365e-08,0,1.000e+06,1.7127
1.840,0.290,0.0358,1.506459e-08,1.214617e-08,0,1.000e+06,1.7127
1.840,0.310,0.0370,1.839963e-08,1.353106e-08,0,1.000e+06,1.7127
1.840,0.330,0.0382,2.219355e-08,1.502536e-08,0,1.000e+06,1.7127
1.840,0.350,0.0394,2.647586e-08,1.663614e-08,0,1.000e+06,1.7127
1.840,0.370,0.0405,3.127608e-08,1.837042e-08,0,1.000e+06,1.7127
1.840,0.390,0.0416,3.662371e-08,2.023525e-08,0,1.000e+06,1.7127
1.840,0.410,0.0426,4.254822e-08,2.223767e-08,0,1.000e+06,1.7127
1.840,0.430,0.0436,4.907910e-08,2.438471e-08,0,1.000e+06,1.7127
1.840,0.450,0.0446,5.624581e-08,2.668340e-08,0,1.000e+06,1.7127
1.840,0.470,0.0456,6.407781e-08,2.914078e-08,0,1.000e+06,1.7127
1.840,0.490,0.0466,7.260455e-08,3.176387e-08,0,1.000e+06,1.7127
1.860,0.010,0.0069,8.455501e-13,3.163907e-10,0,1.000e+06,1.7127
1.860,0.030,0.0119,1.854946e-11,9.528672e-10,0,1.000e+06,1.7127
1.860,0.050,0.0154,8.527175e-11,1.600605e-09,0,1.000e+06,1.7127
1.860,0.070,0.0182,2.336766e-10,2.267189e-09,0,1.000e+06,1.7127
1.860,0.090,0.0206,4.964157e-10,2.960200e-09,0,1.000e+06,1.7127
1.860,0.110,0.0228,9.061286e-10,3.687215e-09,0,1.000e+06,1.7127
1.860,0.130,0.0248,1.495442e-09,4.455812e-09,0,1.000e+06,1.7127
1.860,0.150,0.0266,2.296972e-09,5.273562e-09,0,1.000e+06,1.7127
1.860,0.170,0.0284,3.343319e-09,6.148035e-09,0,1.000e+06,1.7127
1.860,0.190,0.0300,4.667074e-09,7.086799e-09,0,1.000e+06,1.7127
1.860,0.210,0.0315,6.300815e-09,8.097416e-09,0,1.000e+06,1.7127
1.860,0.230,0.0330,8.277106e-09,9.187449e-09,0,1.000e+06,1.7127
1.860,0.250,0.0344,1.062850e-08,1.036446e-08,0,1.000e+06,1.7127
1.860,0.270,0.0358,1.338754e-08,1.163599e-08,0,1.000e+06,1.7127
1.860,0.290,0.0371,1.658676e-08,1.300961e-08,0,1.000e+06,1.7127
1.860,0.310,0.0383,2.025866e-08,1.449286e-08,0,1.000e+06,1.7127
1.860,0.330,0.0395,2.443576e-08,1.609329e-08,0,1.000e+06,1.7127
1.860,0.350,0.0407,2.915054e-08,1.781844e-08,0,1.000e+06,1.7127
1.860,0.370,0.0419,3.443548e-08,1.967585e-08,0,1.000e+06,1.7127
1.860,0.390,0.0430,4.032306e-08,2.167306e-08,0,1.000e+06,1.7127
1.860,0.410,0.0441,4.684572e-08,2.381762e-08,0,1.000e+06,1.7127
1.860,0.430,0.0451,5.403592e-08,2.611704e-08,0,1.000e+06,1.7127
1.860,0.450,0.0462,6.192607e-08,2.857886e-08,0,1.000e+06,1.7127
1.860,0.470,0.0472,7.054859e-08,3.121061e-08,0,1.000e+06,1.7127
1.860,0.490,0.0482,7.993590e-08,3.401981e-08,0,1.000e+06,1.7127
1.880,0.010,0.0071,9.151307e-13,3.388977e-10,0,1.000e+06,1.7127
1.880,0.030,0.0123,2.040488e-11,1.020645e-09,0,1.000e+06,1.7127
1.880,0.050,0.0159,9.385707e-11,1.714446e-09,0,1.000e+06,1.7127
1.880,0.070,0.0188,2.572292e-10,2.428424e-09,0,1.000e+06,1.7127
1.880,0.090,0.0213,5.464644e-10,3.170699e-09,0,1.000e+06,1.7127
1.880,0.110,0.0236,9.974911e-10,3.949387e-09,0,1.000e+06,1.7127
1.880,0.130,0.0257,1.646223e-09,4.772602e-09,0,1.000e+06,1.7127
1.880,0.150,0.0276,2.528560e-09,5.648454e-09,0,1.000e+06,1.7127
1.880,0.170,0.0293,3.680386e-09,6.585050e-09,0,1.000e+06,1.7127
1.880,0.190,0.0310,5.137573e-09,7.590493e-09,0,1.000e+06,1.7127
1.880,0.210,0.0326,6.935975e-09,8.672884e-09,0,1.000e+06,1.7127
1.880,0.230,0.0341,9.111435e-09,9.840319e-09,0,1.000e+06,1.7127
1.880,0.250,0.0356,1.169978e-08,1.110089e-08,0,1.000e+06,1.7127
1.880,0.270,0.0370,1.473682e-08,1.246269e-08,0,1.000e+06,1.7127
1.880,0.290,0.0383,1.825835e-08,1.393381e-08,0,1.000e+06,1.7127
1.880,0.310,0.0396,2.230017e-08,1.552233e-08,0,1.000e+06,1.7127
1.880,0.330,0.0409,2.689802e-08,1.723633e-08,0,1.000e+06,1.7127
1.880,0.350,0.0421,3.208768e-08,1.908389e-08,0,1.000e+06,1.7127
1.880,0.370,0.0433,3.790489e-08,2.107307e-08,0,1.000e+06,1.7127
1.880,0.390,0.0444,4.438535e-08,2.321196e-08,0,1.000e+06,1.7127
1.880,0.410,0.0456,5.156480e-08,2.550862e-08,0,1.000e+06,1.7127
1.880,0.430,0.0467,5.947892e-08,2.797112e-08,0,1.000e+06,1.7127
1.880,0.450,0.0477,6.816340e-08,3.060751e-08,0,1.000e+06,1.7127
1.880,0.470,0.0488,7.765390e-08,3.342586e-08,0,1.000e+06,1.7127
1.880,0.490,0.0498,8.798608e-08,3.643421e-08,0,1.000e+06,1.7127
1.900,0.010,0.0074,9.914555e-13,3.629950e-10,0,1.000e+06,1.7127
1.900,0.030,0.0127,2.244247e-11,1.093211e-09,0,1.000e+06,1.7127
1.900,0.050,0.0164,1.032855e-10,1.836328e-09,0,1.000e+06,1.7127
1.900,0.070,0.0195,2.830947e-10,2.601045e-09,0,1.000e+06,1.7127
1.900,0.090,0.0221,6.014272e-10,3.396060e-09,0,1.000e+06,1.7127
1.900,0.110,0.0244,1.097823e-09,4.230065e-09,0,1.000e+06,1.7127
1.900,0.130,0.0265,1.811805e-09,5.111750e-09,0,1.000e+06,1.7127
1.900,0.150,0.0285,2.782879e-09,6.049799e-09,0,1.000e+06,1.7127
1.900,0.170,0.0303,4.050534e-09,7.052895e-09,0,1.000e+06,1.7127
1.900,0.190,0.0321,5.654241e-09,8.129714e-09,0,1.000e+06,1.7127
1.900,0.210,0.0337,7.633454e-09,9.288933e-09,0,1.000e+06,1.7127
1.900,0.230,0.0353,1.002761e-08,1.053922e-08,0,1.000e+06,1.7127
1.900,0.250,0.0368,1.287614e-08,1.188924e-08,0,1.000e+06,1.7127
1.900,0.270,0.0382,1.621843e-08,1.334766e-08,0,1.000e+06,1.7127
1.900,0.290,0.0396,2.009387e-08,1.492314e-08,0,1.000e+06,1.7127
1.900,0.310,0.0409,2.454185e-08,1.662433e-08,0,1.000e+06,1.7127
1.900,0.330,0.0422,2.960169e-08,1.845989e-08,0,1.000e+06,1.7127
1.900,0.350,0.0435,3.531275e-08,2.043845e-08,0,1.000e+06,1.7127
1.900,0.370,0.0447,4.171434e-08,2.256868e-08,0,1.000e+06,1.7127
1.900,0.390,0.0459,4.884577e-08,2.485920e-08,0,1.000e+06,1.7127
1.900,0.410,0.0471,5.674630e-08,2.731865e-08,0,1.000e+06,1.7127
1.900,0.430,0.0482,6.545523e-08,2.995567e-08,0,1.000e+06,1.7127
1.900,0.450,0.0493,7.501178e-08,3.277889e-08,0,1.000e+06,1.7127
1.900,0.470,0.0504,8.545521e-08,3.579692e-08,0,1.000e+06,1.7127
1.900,0.490,0.0515,9.682472e-08,3.901841e-08,0,1.000e+06,1.7127
1.920,0.010,0.0076,1.075182e-12,3.887977e-10,0,1.000e+06,1.7127
1.920,0.030,0.0132,2.467995e-11,1.170912e-09,0,1.000e+06,1.7127
1.920,0.050,0.0170,1.136391e-10,1.966832e-09,0,1.000e+06,1.7127
1.920,0.070,0.0201,3.114980e-10,2.785875e-09,0,1.000e+06,1.7127
1.920,0.090,0.0228,6.617823e-10,3.637357e-09,0,1.000e+06,1.7127
1.920,0.110,0.0252,1.207997e-09,4.530586e-09,0,1.000e+06,1.7127
1.920,0.130,0.0274,1.993627e-09,5.474869e-09,0,1.000e+06,1.7127
1.920,0.150,0.0294,3.062139e-09,6.479506e-09,0,1.000e+06,1.7127
1.920,0.170,0.0313,4.456976e-09,7.553794e-09,0,1.000e+06,1.7127
1.920,0.190,0.0331,6.221564e-09,8.707026e-09,0,1.000e+06,1.7127
1.920,0.210,0.0348,8.399307e-09,9.948490e-09,0,1.000e+06,1.7127
1.920,0.230,0.0365,1.103359e-08,1.128747e-08,0,1.000e+06,1.7127
1.920,0.250,0.0380,1.416778e-08,1.273324e-08,0,1.000e+06,1.7127
1.920,0.270,0.0395,1.784522e-08,1.429509e-08,0,1.000e+06,1.7127
1.920,0.290,0.0409,2.210924e-08,1.598228e-08,0,1.000e+06,1.7127
1.920,0.310,0.0423,2.700313e-08,1.780408e-08,0,1.000e+06,1.7127
1.920,0.330,0.0437,3.257019e-08,1.976975e-08,0,1.000e+06,1.7127
1.920,0.350,0.0450,3.885368e-08,2.188855e-08,0,1.000e+06,1.7127
1.920,0.370,0.0462,4.589684e-08,2.416973e-08,0,1.000e+06,1.7127
1.920,0.390,0.0475,5.374291e-08,2.662255e-08,0,1.000e+06,1.7127
1.920,0.410,0.0487,6.243507e-08,2.925624e-08,0,1.000e+06,1.7127
1.920,0.430,0.0498,7.201653e-08,3.208006e-08,0,1.000e+06,1.7127
1.920,0.450,0.0510,8.253044e-08,3.510323e-08,0,1.000e+06,1.7127
1.920,0.470,0.0521,9.401996e-08,3.833500e-08,0,1.000e+06,1.7127
1.920,0.490,0.0532,1.065282e-07,4.178458e-08,0,1.000e+06,1.7127
1.940,0.010,0.0079,1.167031e-12,4.164295e-10,0,1.000e+06,1.7127
1.940,0.030,0.0136,2.713681e-11,1.254119e-09,0,1.000e+06,1.7127
1.940,0.050,0.0176,1.250079e-10,2.106583e-09,0,1.000e+06,1.7127
1.940,0.070,0.0208,3.426864e-10,2.983799e-09,0,1.000e+06,1.7127
1.940,0.090,0.0236,7.280546e-10,3.895745e-09,0,1.000e+06,1.7127
1.940,0.110,0.0261,1.328971e-09,4.852388e-09,0,1.000e+06,1.7127
1.940,0.130,0.0283,2.193271e-09,5.863696e-09,0,1.000e+06,1.7127
1.940,0.150,0.0304,3.368766e-09,6.939628e-09,0,1.000e+06,1.7127
1.940,0.170,0.0324,4.903244e-09,8.090140e-09,0,1.000e+06,1.7127
1.940,0.190,0.0342,6.844469e-09,9.325183e-09,0,1.000e+06,1.7127
1.940,0.210,0.0360,9.240182e-09,1.065470e-08,0,1.000e+06,1.7127
1.940,0.230,0.0377,1.213810e-08,1.208864e-08,0,1.000e+06,1.7127
1.940,0.250,0.0393,1.558592e-08,1.363692e-08,0,1.000e+06,1.7127
1.940,0.270,0.0408,1.963130e-08,1.530949e-08,0,1.000e+06,1.7127
1.940,0.290,0.0423,2.432191e-08,1.711627e-08,0,1.000e+06,1.7127
1.940,0.310,0.0437,2.970535e-08,1.906718e-08,0,1.000e+06,1.7127
1.940,0.330,0.0451,3.582923e-08,2.117214e-08,0,1.000e+06,1.7127
1.940,0.350,0.0465,4.274112e-08,2.344106e-08,0,1.000e+06,1.7127
1.940,0.370,0.0478,5.048859e-08,2.588384e-08,0,1.000e+06,1.7127
1.940,0.390,0.0491,5.911915e-08,2.851038e-08,0,1.000e+06,1.7127
1.940,0.410,0.0503,6.868031e-08,3.133059e-08,0,1.000e+06,1.7127
1.940,0.430,0.0515,7.921957e-08,3.435436e-08,0,1.000e+06,1.7127
1.940,0.450,0.0527,9.078436e-08,3.759156e-08,0,1.000e+06,1.7127
1.940,0.470,0.0539,1.034221e-07,4.105209e-08,0,1.000e+06,1.7127
1.940,0.490,0.0550,1.171803e-07,4.474582e-08,0,1.000e+06,1.7127
1.960,0.010,0.0081,1.267796e-12,4.460238e-10,0,1.000e+06,1.7127
1.960,0.030,0.0141,2.983442e-11,1.343235e-09,0,1.000e+06,1.7127
1.960,0.050,0.0182,1.374911e-10,2.256254e-09,0,1.000e+06,1.7127
1.960,0.070,0.0215,3.769313e-10,3.195770e-09,0,1.000e+06,1.7127
1.960,0.090,0.0244,8.008207e-10,4.172466e-09,0,1.000e+06,1.7127
1.960,0.110,0.0269,1.461797e-09,5.197018e-09,0,1.000e+06,1.7127
1.960,0.130,0.0293,2.412471e-09,6.280099e-09,0,1.000e+06,1.7127
1.960,0.150,0.0314,3.705426e-09,7.432376e-09,0,1.000e+06,1.7127
1.960,0.170,0.0335,5.393215e-09,8.664507e-09,0,1.000e+06,1.7127
1.960,0.190,0.0354,7.528366e-09,9.987149e-09,0,1.000e+06,1.7127
1.960,0.210,0.0372,1.016338e-08,1.141095e-08,0,1.000e+06,1.7127
1.960,0.230,0.0389,1.335072e-08,1.294655e-08,0,1.000e+06,1.7127
1.960,0.250,0.0406,1.714285e-08,1.460460e-08,0,1.000e+06,1.7127
1.960,0.270,0.0422,2.159216e-08,1.639572e-08,0,1.000e+06,1.7127
1.960,0.290,0.0437,2.675107e-08,1.833054e-08,0,1.000e+06,1.7127
1.960,0.310,0.0452,3.267191e-08,2.041968e-08,0,1.000e+06,1.7127
1.960,0.330,0.0466,3.940704e-08,2.267376e-08,0,1.000e+06,1.7127
1.960,0.350,0.0480,4.700875e-08,2.510339e-08,0,1.000e+06,1.7127
1.960,0.370,0.0494,5.552932e-08,2.771917e-08,0,1.000e+06,1.7127
1.960,0.390,0.0507,6.502101e-08,3.053170e-08,0,1.000e+06,1.7127
1.960,0.410,0.0520,7.553604e-08,3.355158e-08,0,1.000e+06,1.7127
1.960,0.430,0.0532,8.712660e-08,3.678939e-08,0,1.000e+06,1.7127
1.960,0.450,0.0545,9.984488e-08,4.025571e-08,0,1.000e+06,1.7127
1.960,0.470,0.0557,1.137430e-07,4.396113e-08,0,1.000e+06,1.7127
1.960,0.490,0.0568,1.288731e-07,4.791620e-08,0,1.000e+06,1.7127
1.980,0.010,0.0084,1.378349e-12,4.777238e-10,0,1.000e+06,1.7127
1.980,0.030,0.0145,3.279630e-11,1.438690e-09,0,1.000e+06,1.7127
1.980,0.050,0.0188,1.511972e-10,2.416571e-09,0,1.000e+06,1.7127
1.980,0.070,0.0222,4.145307e-10,3.422813e-09,0,1.000e+06,1.7127
1.980,0.090,0.0252,8.807140e-10,4.468858e-09,0,1.000e+06,1.7127
1.980,0.110,0.0278,1.607631e-09,5.566140e-09,0,1.000e+06,1.7127
1.980,0.130,0.0302,2.653135e-09,6.726088e-09,0,1.000e+06,1.7127
1.980,0.150,0.0325,4.075044e-09,7.960124e-09,0,1.000e+06,1.7127
1.980,0.170,0.0346,5.931146e-09,9.279662e-09,0,1.000e+06,1.7127
1.980,0.190,0.0366,8.279194e-09,1.069611e-08,0,1.000e+06,1.7127
1.980,0.210,0.0384,1.117691e-08,1.222088e-08,0,1.000e+06,1.7127
1.980,0.230,0.0402,1.468199e-08,1.386535e-08,0,1.000e+06,1.7127
1.980,0.250,0.0419,1.885208e-08,1.564093e-08,0,1.000e+06,1.7127
1.980,0.270,0.0436,2.374481e-08,1.755899e-08,0,1.000e+06,1.7127
1.980,0.290,0.0452,2.941777e-08,1.963091e-08,0,1.000e+06,1.7127
1.980,0.310,0.0467,3.592853e-08,2.186807e-08,0,1.000e+06,1.7127
1.980,0.330,0.0482,4.333460e-08,2.428181e-08,0,1.000e+06,1.7127
1.980,0.350,0.0496,5.169350e-08,2.688352e-08,0,1.000e+06,1.7127
1.980,0.370,0.0510,6.106267e-08,2.968452e-08,0,1.000e+06,1.7127
1.980,0.390,0.0524,7.149955e-08,3.269618e-08,0,1.000e+06,1.7127
1.980,0.410,0.0537,8.306154e-08,3.592982e-08,0,1.000e+06,1.7127
1.980,0.430,0.0550,9.580601e-08,3.939679e-08,0,1.000e+06,1.7127
1.980,0.450,0.0563,1.097903e-07,4.310840e-08,0,1.000e+06,1.7127
1.980,0.470,0.0575,1.250717e-07,4.707599e-08,0,1.000e+06,1.7127
1.980,0.490,0.0587,1.417074e-07,5.131085e-08,0,1.000e+06,1.7127
2.000,0.010,0.0087,1.499645e-12,5.116840e-10,0,1.000e+06,1.7127
2.000,0.030,0.0150,3.604827e-11,1.540949e-09,0,1.000e+06,1.7127
2.000,0.050,0.0194,1.662458e-10,2.588311e-09,0,1.000e+06,1.7127
2.000,0.070,0.0229,4.558125e-10,3.666030e-09,0,1.000e+06,1.7127
2.000,0.090,0.0260,9.684302e-10,4.786360e-09,0,1.000e+06,1.7127
2.000,0.110,0.0287,1.767743e-09,5.961545e-09,0,1.000e+06,1.7127
2.000,0.130,0.0312,2.917356e-09,7.203825e-09,0,1.000e+06,1.7127
2.000,0.150,0.0336,4.480836e-09,8.525431e-09,0,1.000e+06,1.7127
2.000,0.170,0.0357,6.521714e-09,9.938586e-09,0,1.000e+06,1.7127
2.000,0.190,0.0378,9.103480e-09,1.145551e-08,0,1.000e+06,1.7127
2.000,0.210,0.0397,1.228959e-08,1.308840e-08,0,1.000e+06,1.7127
2.000,0.230,0.0416,1.614345e-08,1.484948e-08,0,1.000e+06,1.7127
2.000,0.250,0.0433,2.072845e-08,1.675092e-08,0,1.000e+06,1.7127
2.000,0.270,0.0450,2.610791e-08,1.880492e-08,0,1.000e+06,1.7127
2.000,0.290,0.0467,3.234515e-08,2.102366e-08,0,1.000e+06,1.7127
2.000,0.310,0.0482,3.950343e-08,2.341931e-08,0,1.000e+06,1.7127
2.000,0.330,0.0498,4.764597e-08,2.600404e-08,0,1.000e+06,1.7127
2.000,0.350,0.0513,5.683596e-08,2.879000e-08,0,1.000e+06,1.7127
2.000,0.370,0.0527,6.713655e-08,3.178934e-08,0,1.000e+06,1.7127
2.000,0.390,0.0541,7.861084e-08,3.501422e-08,0,1.000e+06,1.7127
2.000,0.410,0.0555,9.132192e-08,3.847675e-08,0,1.000e+06,1.7127
2.000,0.430,0.0568,1.053328e-07,4.218908e-08,0,1.000e+06,1.7127
2.000,0.450,0.0581,1.207065e-07,4.616333e-08,0,1.000e+06,1.7127
2.000,0.470,0.0594,1.375060e-07,5.041160e-08,0,1.000e+06,1.7127
2.000,0.490,0.0607,1.557942e-07,5.494601e-08,0,1.000e+06,1.7127
2.020,0.010,0.0090,1.632737e-12,5.480707e-10,0,1.000e+06,1.7127
2.020,0.030,0.0155,3.961869e-11,1.650513e-09,0,1.000e+06,1.7127
2.020,0.050,0.0200,1.827681e-10,2.772316e-09,0,1.000e+06,1.7127
2.020,0.070,0.0237,5.011365e-10,3.926611e-09,0,1.000e+06,1.7127
2.020,0.090,0.0269,1.064734e-09,5.126522e-09,0,1.000e+06,1.7127
2.020,0.110,0.0297,1.943527e-09,6.385163e-09,0,1.000e+06,1.7127
2.020,0.130,0.0323,3.207435e-09,7.715640e-09,0,1.000e+06,1.7127
2.020,0.150,0.0347,4.926335e-09,9.131051e-09,0,1.000e+06,1.7127
2.020,0.170,0.0369,7.170059e-09,1.064449e-08,0,1.000e+06,1.7127
2.020,0.190,0.0390,1.000839e-08,1.226902e-08,0,1.000e+06,1.7127
2.020,0.210,0.0410,1.351108e-08,1.401774e-08,0,1.000e+06,1.7127
2.020,0.230,0.0429,1.774781e-08,1.590370e-08,0,1.000e+06,1.7127
2.020,0.250,0.0448,2.278825e-08,1.793995e-08,0,1.000e+06,1.7127
2.020,0.270,0.0465,2.870200e-08,2.013955e-08,0,1.000e+06,1.7127
2.020,0.290,0.0482,3.555862e-08,2.251554e-08,0,1.000e+06,1.7127
2.020,0.310,0.0498,4.342763e-08,2.508094e-08,0,1.000e+06,1.7127
2.020,0.330,0.0514,5.237852e-08,2.784877e-08,0,1.000e+06,1.7127
2.020,0.350,0.0530,6.248070e-08,3.083206e-08,0,1.000e+06,1.7127
2.020,0.370,0.0544,7.380357e-08,3.404381e-08,0,1.000e+06,1.7127
2.020,0.390,0.0559,8.641646e-08,3.749701e-08,0,1.000e+06,1.7127
2.020,0.410,0.0573,1.003887e-07,4.120466e-08,0,1.000e+06,1.7127
2.020,0.430,0.0587,1.157895e-07,4.517973e-08,0,1.000e+06,1.7127
2.020,0.450,0.0600,1.326881e-07,4.943520e-08,0,1.000e+06,1.7127
2.020,0.470,0.0614,1.511536e-07,5.398404e-08,0,1.000e+06,1.7127
2.020,0.490,0.0627,1.712552e-07,5.883919e-08,0,1.000e+06,1.7127
2.040,0.010,0.0092,1.778781e-12,5.870629e-10,0,1.000e+06,1.7127
2.040,0.030,0.0160,4.353877e-11,1.767920e-09,0,1.000e+06,1.7127
2.040,0.050,0.0207,2.009085e-10,2.969489e-09,0,1.000e+06,1.7127
2.040,0.070,0.0245,5.508984e-10,4.205836e-09,0,1.000e+06,1.7127
2.040,0.090,0.0277,1.170466e-09,5.491015e-09,0,1.000e+06,1.7127
2.040,0.110,0.0307,2.136516e-09,6.839071e-09,0,1.000e+06,1.7127
2.040,0.130,0.0333,3.525902e-09,8.264041e-09,0,1.000e+06,1.7127
2.040,0.150,0.0358,5.415423e-09,9.779950e-09,0,1.000e+06,1.7127
2.040,0.170,0.0381,7.881827e-09,1.140082e-08,0,1.000e+06,1.7127
2.040,0.190,0.0403,1.100181e-08,1.314064e-08,0,1.000e+06,1.7127
2.040,0.210,0.0424,1.485201e-08,1.501343e-08,0,1.000e+06,1.7127
2.040,0.230,0.0443,1.950903e-08,1.703317e-08,0,1.000e+06,1.7127
2.040,0.250,0.0462,2.504940e-08,1.921383e-08,0,1.000e+06,1.7127
2.040,0.270,0.0480,3.154960e-08,2.156939e-08,0,1.000e+06,1.7127
2.040,0.290,0.0498,3.908607e-08,2.411381e-08,0,1.000e+06,1.7127
2.040,0.310,0.0515,4.773520e-08,2.686103e-08,0,1.000e+06,1.7127
2.040,0.330,0.0531,5.757331e-08,2.982499e-08,0,1.000e+06,1.7127
2.040,0.350,0.0547,6.867667e-08,3.301963e-08,0,1.000e+06,1.7127
2.040,0.370,0.0562,8.112153e-08,3.645886e-08,0,1.000e+06,1.7127
2.040,0.390,0.0577,9.498404e-08,4.015661e-08,0,1.000e+06,1.7127
2.040,0.410,0.0592,1.103403e-07,4.412676e-08,0,1.000e+06,1.7127
2.040,0.430,0.0606,1.272665e-07,4.838322e-08,0,1.000e+06,1.7127
2.040,0.450,0.0620,1.458385e-07,5.293987e-08,0,1.000e+06,1.7127
2.040,0.470,0.0634,1.661323e-07,5.781058e-08,0,1.000e+06,1.7127
2.040,0.490,0.0647,1.882239e-07,6.300921e-08,0,1.000e+06,1.7127
2.060,0.010,0.0095,1.939049e-12,6.288538e-10,0,1.000e+06,1.7127
2.060,0.030,0.0165,4.784281e-11,1.893750e-09,0,1.000e+06,1.7127
2.060,0.050,0.0213,2.208257e-10,3.180805e-09,0,1.000e+06,1.7127
2.060,0.070,0.0253,6.055333e-10,4.505082e-09,0,1.000e+06,1.7127
2.060,0.090,0.0286,1.286550e-09,5.881636e-09,0,1.000e+06,1.7127
2.060,0.110,0.0317,2.348397e-09,7.325508e-09,0,1.000e+06,1.7127
2.060,0.130,0.0344,3.875536e-09,8.851730e-09,0,1.000e+06,1.7127
2.060,0.150,0.0370,5.952367e-09,1.047532e-08,0,1.000e+06,1.7127
2.060,0.170,0.0394,8.663226e-09,1.221130e-08,0,1.000e+06,1.7127
2.060,0.190,0.0416,1.209239e-08,1.407465e-08,0,1.000e+06,1.7127
2.060,0.210,0.0438,1.632408e-08,1.608037e-08,0,1.000e+06,1.7127
2.060,0.230,0.0458,2.144244e-08,1.824343e-08,0,1.000e+06,1.7127
2.060,0.250,0.0477,2.753156e-08,2.057881e-08,0,1.000e+06,1.7127
2.060,0.270,0.0496,3.467549e-08,2.310145e-08,0,1.000e+06,1.7127
2.060,0.290,0.0514,4.295818e-08,2.582630e-08,0,1.000e+06,1.7127
2.060,0.310,0.0532,5.246356e-08,2.876829e-08,0,1.000e+06,1.7127
2.060,0.330,0.0548,6.327546e-08,3.194235e-08,0,1.000e+06,1.7127
2.060,0.350,0.0565,7.547767e-08,3.536338e-08,0,1.000e+06,1.7127
2.060,0.370,0.0581,8.915392e-08,3.904630e-08,0,1.000e+06,1.7127
2.060,0.390,0.0596,1.043879e-07,4.300598e-08,0,1.000e+06,1.7127
2.060,0.410,0.0611,1.212631e-07,4.725731e-08,0,1.000e+06,1.7127
2.060,0.430,0.0626,1.398633e-07,5.181515e-08,0,1.000e+06,1.7127
2.060,0.450,0.0640,1.602717e-07,5.669437e-08,0,1.000e+06,1.7127
2.060,0.470,0.0655,1.825719e-07,6.190981e-08,0,1.000e+06,1.7127
2.060,0.490,0.0668,2.068473e-07,6.747631e-08,0,1.000e+06,1.7127
2.080,0.010,0.0099,2.114938e-12,6.736515e-10,0,1.000e+06,1.7127
2.080,0.030,0.0171,5.256851e-11,2.028632e-09,0,1.000e+06,1.7127
2.080,0.050,0.0220,2.426940e-10,3.407315e-09,0,1.000e+06,1.7127
2.080,0.070,0.0261,6.655195e-10,4.825838e-09,0,1.000e+06,1.7127
2.080,0.090,0.0296,1.414001e-09,6.300324e-09,0,1.000e+06,1.7127
2.080,0.110,0.0327,2.581022e-09,7.846885e-09,0,1.000e+06,1.7127
2.080,0.130,0.0355,4.259394e-09,9.481618e-09,0,1.000e+06,1.7127
2.080,0.150,0.0382,6.541857e-09,1.122061e-08,0,1.000e+06,1.7127
2.080,0.170,0.0406,9.521079e-09,1.307994e-08,0,1.000e+06,1.7127
2.080,0.190,0.0430,1.328965e-08,1.507565e-08,0,1.000e+06,1.7127
2.080,0.210,0.0452,1.794011e-08,1.722382e-08,0,1.000e+06,1.7127
2.080,0.230,0.0473,2.356489e-08,1.954046e-08,0,1.000e+06,1.7127
2.080,0.250,0.0493,3.025638e-08,2.204160e-08,0,1.000e+06,1.7127
2.080,0.270,0.0512,3.810689e-08,2.474326e-08,0,1.000e+06,1.7127
2.080,0.290,0.0531,4.720866e-08,2.766143e-08,0,1.000e+06,1.7127
2.080,0.310,0.0549,5.765385e-08,3.081210e-08,0,1.000e+06,1.7127
2.080,0.330,0.0566,6.953455e-08,3.421125e-08,0,1.000e+06,1.7127
2.080,0.350,0.0583,8.294279e-08,3.787483e-08,0,1.000e+06,1.7127
2.080,0.370,0.0600,9.797052e-08,4.181879e-08,0,1.000e+06,1.7127
2.080,0.390,0.0616,1.147096e-07,4.605908e-08,0,1.000e+06,1.7127
2.080,0.410,0.0631,1.332519e-07,5.061162e-08,0,1.000e+06,1.7127
2.080,0.430,0.0646,1.536891e-07,5.549231e-08,0,1.000e+06,1.7127
2.080,0.450,0.0661,1.761129e-07,6.071707e-08,0,1.000e+06,1.7127
2.080,0.470,0.0676,2.006148e-07,6.630177e-08,0,1.000e+06,1.7127
2.080,0.490,0.0690,2.272865e-07,7.226229e-08,0,1.000e+06,1.7127
2.100,0.010,0.0102,2.307987e-12,7.216803e-10,0,1.000e+06,1.7127
2.100,0.030,0.0176,5.775738e-11,2.173238e-09,0,1.000e+06,1.7127
2.100,0.050,0.0228,2.667054e-10,3.650152e-09,0,1.000e+06,1.7127
2.100,0.070,0.0269,7.313832e-10,5.169705e-09,0,1.000e+06,1.7127
2.100,0.090,0.0305,1.553937e-09,6.749170e-09,0,1.000e+06,1.7127
2.100,0.110,0.0338,2.836430e-09,8.405803e-09,0,1.000e+06,1.7127
2.100,0.130,0.0367,4.680838e-09,1.015684e-08,0,1.000e+06,1.7127
2.100,0.150,0.0394,7.189055e-09,1.201952e-08,0,1.000e+06,1.7127
2.100,0.170,0.0420,1.046289e-08,1.401106e-08,0,1.000e+06,1.7127
2.100,0.190,0.0444,1.460406e-08,1.614864e-08,0,1.000e+06,1.7127
2.100,0.210,0.0466,1.971422e-08,1.844945e-08,0,1.000e+06,1.7127
2.100,0.230,0.0488,2.589492e-08,2.093068e-08,0,1.000e+06,1.7127
2.100,0.250,0.0509,3.324763e-08,2.360947e-08,0,1.000e+06,1.7127
2.100,0.270,0.0529,4.187374e-08,2.650296e-08,0,1.000e+06,1.7127
2.100,0.290,0.0548,5.187456e-08,2.962829e-08,0,1.000e+06,1.7127
2.100,0.310,0.0567,6.335129e-08,3.300257e-08,0,1.000e+06,1.7127
2.100,0.330,0.0585,7.640510e-08,3.664289e-08,0,1.000e+06,1.7127
2.100,0.350,0.0602,9.113701e-08,4.056635e-08,0,1.000e+06,1.7127
2.100,0.370,0.0619,1.076480e-07,4.479002e-08,0,1.000e+06,1.7127
2.100,0.390,0.0636,1.260390e-07,4.933096e-08,0,1.000e+06,1.7127
2.100,0.410,0.0652,1.464107e-07,5.420620e-08,0,1.000e+06,1.7127
2.100,0.430,0.0668,1.688640e-07,5.943278e-08,0,1.000e+06,1.7127
2.100,0.450,0.0683,1.934994e-07,6.502771e-08,0,1.000e+06,1.7127
2.100,0.470,0.0698,2.204175e-07,7.100800e-08,0,1.000e+06,1.7127
2.100,0.490,0.0713,2.497187e-07,7.739063e-08,0,1.000e+06,1.7127
2.120,0.010,0.0105,2.519888e-12,7.731824e-10,0,1.000e+06,1.7127
2.120,0.030,0.0182,6.345507e-11,2.328299e-09,0,1.000e+06,1.7127
2.120,0.050,0.0235,2.930711e-10,3.910537e-09,0,1.000e+06,1.7127
2.120,0.070,0.0278,8.037033e-10,5.538413e-09,0,1.000e+06,1.7127
2.120,0.090,0.0315,1.707588e-09,7.230428e-09,0,1.000e+06,1.7127
2.120,0.110,0.0349,3.116862e-09,9.005066e-09,0,1.000e+06,1.7127
2.120,0.130,0.0379,5.143564e-09,1.088079e-08,0,1.000e+06,1.7127
2.120,0.150,0.0407,7.899633e-09,1.287607e-08,0,1.000e+06,1.7127
2.120,0.170,0.0433,1.149691e-08,1.500931e-08,0,1.000e+06,1.7127
2.120,0.190,0.0458,1.604714e-08,1.729896e-08,0,1.000e+06,1.7127
2.120,0.210,0.0482,2.166195e-08,1.976340e-08,0,1.000e+06,1.7127
2.120,0.230,0.0504,2.845291e-08,2.242103e-08,0,1.000e+06,1.7127
2.120,0.250,0.0525,3.653146e-08,2.529022e-08,0,1.000e+06,1.7127
2.120,0.270,0.0546,4.600894e-08,2.838931e-08,0,1.000e+06,1.7127
2.120,0.290,0.0566,5.699661e-08,3.173666e-08,0,1.000e+06,1.7127
2.120,0.310,0.0585,6.960561e-08,3.535057e-08,0,1.000e+06,1.7127
2.120,0.330,0.0604,8.394700e-08,3.924936e-08,0,1.000e+06,1.7127
2.120,0.350,0.0622,1.001317e-07,4.345132e-08,0,1.000e+06,1.7127
2.120,0.370,0.0639,1.182707e-07,4.797471e-08,0,1.000e+06,1.7127
2.120,0.390,0.0656,1.384746e-07,5.283780e-08,0,1.000e+06,1.7127
2.120,0.410,0.0673,1.608542e-07,5.805883e-08,0,1.000e+06,1.7127
2.120,0.430,0.0689,1.855199e-07,6.365602e-08,0,1.000e+06,1.7127
2.120,0.450,0.0705,2.125824e-07,6.964758e-08,0,1.000e+06,1.7127
2.120,0.470,0.0720,2.421518e-07,7.605171e-08,0,1.000e+06,1.7127
2.120,0.490,0.0736,2.743386e-07,8.288658e-08,0,1.000e+06,1.7127
2.140,0.010,0.0108,2.752504e-12,8.284191e-10,0,1.000e+06,1.7127
2.140,0.030,0.0188,6.971181e-11,2.494598e-09,0,1.000e+06,1.7127
2.140,0.050,0.0243,3.220234e-10,4.189788e-09,0,1.000e+06,1.7127
2.140,0.070,0.0287,8.831168e-10,5.933825e-09,0,1.000e+06,1.7127
2.140,0.090,0.0325,1.876305e-09,7.746529e-09,0,1.000e+06,1.7127
2.140,0.110,0.0360,3.424786e-09,9.647699e-09,0,1.000e+06,1.7127
2.140,0.130,0.0391,5.651640e-09,1.165712e-08,0,1.000e+06,1.7127
2.140,0.150,0.0420,8.679835e-09,1.379455e-08,0,1.000e+06,1.7127
2.140,0.170,0.0447,1.263222e-08,1.607973e-08,0,1.000e+06,1.7127
2.140,0.190,0.0473,1.763153e-08,1.853240e-08,0,1.000e+06,1.7127
2.140,0.210,0.0497,2.380038e-08,2.117226e-08,0,1.000e+06,1.7127
2.140,0.230,0.0520,3.126129e-08,2.401900e-08,0,1.000e+06,1.7127
2.140,0.250,0.0542,4.013663e-08,2.709228e-08,0,1.000e+06,1.7127
2.140,0.270,0.0564,5.054869e-08,3.041176e-08,0,1.000e+06,1.7127
2.140,0.290,0.0584,6.261962e-08,3.399708e-08,0,1.000e+06,1.7127
2.140,0.310,0.0604,7.647147e-08,3.786785e-08,0,1.000e+06,1.7127
2.140,0.330,0.0623,9.222616e-08,4.204366e-08,0,1.000e+06,1.7127
2.140,0.350,0.0642,1.100055e-07,4.654410e-08,0,1.000e+06,1.7127
2.140,0.370,0.0660,1.299313e-07,5.138872e-08,0,1.000e+06,1.7127
2.140,0.390,0.0677,1.521249e-07,5.659707e-08,0,1.000e+06,1.7127
2.140,0.410,0.0695,1.767081e-07,6.218866e-08,0,1.000e+06,1.7127
2.140,0.430,0.0711,2.038020e-07,6.818301e-08,0,1.000e+06,1.7127
2.140,0.450,0.0728,2.335279e-07,7.459960e-08,0,1.000e+06,1.7127
2.140,0.470,0.0744,2.660070e-07,8.145790e-08,0,1.000e+06,1.7127
2.140,0.490,0.0759,3.013603e-07,8.877736e-08,0,1.000e+06,1.7127
2.160,0.010,0.0112,3.007885e-12,8.876724e-10,0,1.000e+06,1.7127
2.160,0.030,0.0194,7.658292e-11,2.672986e-09,0,1.000e+06,1.7127
2.160,0.050,0.0250,3.538182e-10,4.489329e-09,0,1.000e+06,1.7127
2.160,0.070,0.0296,9.703248e-10,6.357955e-09,0,1.000e+06,1.7127
2.160,0.090,0.0336,2.061578e-09,8.300097e-09,0,1.000e+06,1.7127
2.160,0.110,0.0371,3.762916e-09,1.033697e-08,0,1.000e+06,1.7127
2.160,0.130,0.0404,6.209545e-09,1.248975e-08,0,1.000e+06,1.7127
2.160,0.150,0.0434,9.536531e-09,1.477963e-08,0,1.000e+06,1.7127
2.160,0.170,0.0462,1.387881e-08,1.722774e-08,0,1.000e+06,1.7127
2.160,0.190,0.0488,1.937118e-08,1.985521e-08,0,1.000e+06,1.7127
2.160,0.210,0.0513,2.614830e-08,2.268314e-08,0,1.000e+06,1.7127
2.160,0.230,0.0537,3.434470e-08,2.573263e-08,0,1.000e+06,1.7127
2.160,0.250,0.0560,4.409478e-08,2.902474e-08,0,1.000e+06,1.7127
2.160,0.270,0.0582,5.553280e-08,3.258050e-08,0,1.000e+06,1.7127
2.160,0.290,0.0603,6.879288e-08,3.642093e-08,0,1.000e+06,1.7127
2.160,0.310,0.0623,8.400901e-08,4.056705e-08,0,1.000e+06,1.7127
2.160,0.330,0.0643,1.013150e-07,4.503983e-08,0,1.000e+06,1.7127
2.160,0.350,0.0662,1.208447e-07,4.986022e-08,0,1.000e+06,1.7127
2.160,0.370,0.0681,1.427316e-07,5.504916e-08,0,1.000e+06,1.7127
2.160,0.390,0.0699,1.671092e-07,6.062757e-08,0,1.000e+06,1.7127
2.160,0.410,0.0717,1.941108e-07,6.661635e-08,0,1.000e+06,1.7127
2.160,0.430,0.0734,2.238696e-07,7.303637e-08,0,1.000e+06,1.7127
2.160,0.450,0.0751,2.565186e-07,7.990849e-08,0,1.000e+06,1.7127
2.160,0.470,0.0768,2.921908e-07,8.725353e-08,0,1.000e+06,1.7127
2.160,0.490,0.0784,3.310190e-07,9.509231e-08,0,1.000e+06,1.7127
2.180,0.010,0.0116,3.288291e-12,9.512469e-10,0,1.000e+06,1.7127
2.180,0.030,0.0200,8.412931e-11,2.864377e-09,0,1.000e+06,1.7127
2.180,0.050,0.0258,3.887371e-10,4.810696e-09,0,1.000e+06,1.7127
2.180,0.070,0.0306,1.066099e-09,6.812975e-09,0,1.000e+06,1.7127
2.180,0.090,0.0347,2.265045e-09,8.893966e-09,0,1.000e+06,1.7127
2.180,0.110,0.0383,4.134243e-09,1.107639e-08,0,1.000e+06,1.7127
2.180,0.130,0.0417,6.822205e-09,1.338295e-08,0,1.000e+06,1.7127
2.180,0.150,0.0448,1.047728e-08,1.583633e-08,0,1.000e+06,1.7127
2.180,0.170,0.0477,1.524767e-08,1.845917e-08,0,1.000e+06,1.7127
2.180,0.190,0.0504,2.128141e-08,2.127410e-08,0,1.000e+06,1.7127
2.180,0.210,0.0530,2.872639e-08,2.430374e-08,0,1.000e+06,1.7127
2.180,0.230,0.0554,3.773030e-08,2.757065e-08,0,1.000e+06,1.7127
2.180,0.250,0.0578,4.844074e-08,3.109739e-08,0,1.000e+06,1.7127
2.180,0.270,0.0601,6.100509e-08,3.490650e-08,0,1.000e+06,1.7127
2.180,0.290,0.0622,7.557061e-08,3.902048e-08,0,1.000e+06,1.7127
2.180,0.310,0.0644,9.228439e-08,4.346182e-08,0,1.000e+06,1.7127
2.180,0.330,0.0664,1.112934e-07,4.825298e-08,0,1.000e+06,1.7127
2.180,0.350,0.0684,1.327443e-07,5.341639e-08,0,1.000e+06,1.7127
2.180,0.370,0.0703,1.567839e-07,5.897447e-08,0,1.000e+06,1.7127
2.180,0.390,0.0722,1.835585e-07,6.494960e-08,0,1.000e+06,1.7127
2.180,0.410,0.0740,2.132146e-07,7.136416e-08,0,1.000e+06,1.7127
2.180,0.430,0.0758,2.458981e-07,7.824047e-08,0,1.000e+06,1.7127
2.180,0.450,0.0775,2.817552e-07,8.560086e-08,0,1.000e+06,1.7127
2.180,0.470,0.0792,3.209317e-07,9.346762e-08,0,1.000e+06,1.7127
2.180,0.490,0.0809,3.635733e-07,1.018630e-07,0,1.000e+06,1.7127
2.200,0.010,0.0119,3.596208e-12,1.019472e-09,0,1.000e+06,1.7127
2.200,0.030,0.0207,9.241806e-11,3.069762e-09,0,1.000e+06,1.7127
2.200,0.050,0.0267,4.270903e-10,5.155547e-09,0,1.000e+06,1.7127
2.200,0.070,0.0316,1.171291e-09,7.301233e-09,0,1.000e+06,1.7127
2.200,0.090,0.0358,2.488511e-09,9.531193e-09,0,1.000e+06,1.7127
2.200,0.110,0.0396,4.542057e-09,1.186978e-08,0,1.000e+06,1.7127
2.200,0.130,0.0430,7.495048e-09,1.434131e-08,0,1.000e+06,1.7127
2.200,0.150,0.0462,1.151042e-08,1.697008e-08,0,1.000e+06,1.7127
2.200,0.170,0.0492,1.675092e-08,1.978035e-08,0,1.000e+06,1.7127
2.200,0.190,0.0520,2.337913e-08,2.279636e-08,0,1.000e+06,1.7127
2.200,0.210,0.0547,3.155741e-08,2.604233e-08,0,1.000e+06,1.7127
2.200,0.230,0.0572,4.144797e-08,2.954243e-08,0,1.000e+06,1.7127
2.200,0.250,0.0596,5.321281e-08,3.332082e-08,0,1.000e+06,1.7127
2.200,0.270,0.0620,6.701376e-08,3.740163e-08,0,1.000e+06,1.7127
2.200,0.290,0.0642,8.301248e-08,4.180896e-08,0,1.000e+06,1.7127
2.200,0.310,0.0664,1.013704e-07,4.656688e-08,0,1.000e+06,1.7127
2.200,0.330,0.0685,1.222489e-07,5.169944e-08,0,1.000e+06,1.7127
2.200,0.350,0.0706,1.458089e-07,5.723067e-08,0,1.000e+06,1.7127
2.200,0.370,0.0726,1.722115e-07,6.318454e-08,0,1.000e+06,1.7127
2.200,0.390,0.0745,2.016173e-07,6.958503e-08,0,1.000e+06,1.7127
2.200,0.410,0.0764,2.341868e-07,7.645607e-08,0,1.000e+06,1.7127
2.200,0.430,0.0782,2.700806e-07,8.382157e-08,0,1.000e+06,1.7127
2.200,0.450,0.0800,3.094587e-07,9.170542e-08,0,1.000e+06,1.7127
2.200,0.470,0.0818,3.524812e-07,1.001315e-07,0,1.000e+06,1.7127
2.200,0.490,0.0835,3.993078e-07,1.091236e-07,0,1.000e+06,1.7127
2.220,0.010,0.0123,3.934378e-12,1.092702e-09,0,1.000e+06,1.7127
2.220,0.030,0.0213,1.015231e-10,3.290208e-09,0,1.000e+06,1.7127
2.220,0.050,0.0275,4.692197e-10,5.525677e-09,0,1.000e+06,1.7127
2.220,0.070,0.0326,1.286836e-09,7.825262e-09,0,1.000e+06,1.7127
2.220,0.090,0.0369,2.733965e-09,1.021509e-08,0,1.000e+06,1.7127
2.220,0.110,0.0408,4.989984e-09,1.272124e-08,0,1.000e+06,1.7127
2.220,0.130,0.0444,8.234052e-09,1.536977e-08,0,1.000e+06,1.7127
2.220,0.150,0.0477,1.264511e-08,1.818673e-08,0,1.000e+06,1.7127
2.220,0.170,0.0508,1.840189e-08,2.119809e-08,0,1.000e+06,1.7127
2.220,0.190,0.0537,2.568291e-08,2.442982e-08,0,1.000e+06,1.7127
2.220,0.210,0.0564,3.466644e-08,2.790786e-08,0,1.000e+06,1.7127
2.220,0.230,0.0590,4.553058e-08,3.165811e-08,0,1.000e+06,1.7127
2.220,0.250,0.0615,5.845319e-08,3.570643e-08,0,1.000e+06,1.7127
2.220,0.270,0.0640,7.361191e-08,4.007868e-08,0,1.000e+06,1.7127
2.220,0.290,0.0663,9.118419e-08,4.480064e-08,0,1.000e+06,1.7127
2.220,0.310,0.0685,1.113472e-07,4.989811e-08,0,1.000e+06,1.7127
2.220,0.330,0.0707,1.342781e-07,5.539683e-08,0,1.000e+06,1.7127
2.220,0.350,0.0728,1.601535e-07,6.132250e-08,0,1.000e+06,1.7127
2.220,0.370,0.0749,1.891500e-07,6.770082e-08,0,1.000e+06,1.7127
2.220,0.390,0.0769,2.214441e-07,7.455744e-08,0,1.000e+06,1.7127
2.220,0.410,0.0788,2.572119e-07,8.191798e-08,0,1.000e+06,1.7127
2.220,0.430,0.0807,2.966293e-07,8.980802e-08,0,1.000e+06,1.7127
2.220,0.450,0.0826,3.398720e-07,9.825314e-08,0,1.000e+06,1.7127
2.220,0.470,0.0844,3.871157e-07,1.072789e-07,0,1.000e+06,1.7127
2.220,0.490,0.0862,4.385355e-07,1.169107e-07,0,1.000e+06,1.7127
2.240,0.010,0.0127,4.305822e-12,1.171323e-09,0,1.000e+06,1.7127
2.240,0.030,0.0220,1.115259e-10,3.526872e-09,0,1.000e+06,1.7127
2.240,0.050,0.0284,5.155018e-10,5.923022e-09,0,1.000e+06,1.7127
2.240,0.070,0.0336,1.413766e-09,8.387804e-09,0,1.000e+06,1.7127
2.240,0.090,0.0381,3.003597e-09,1.094921e-08,0,1.000e+06,1.7127
2.240,0.110,0.0421,5.482018e-09,1.363521e-08,0,1.000e+06,1.7127
2.240,0.130,0.0458,9.045800e-09,1.647371e-08,0,1.000e+06,1.7127
2.240,0.150,0.0492,1.389146e-08,1.949261e-08,0,1.000e+06,1.7127
2.240,0.170,0.0524,2.021526e-08,2.271975e-08,0,1.000e+06,1.7127
2.240,0.190,0.0554,2.821322e-08,2.618296e-08,0,1.000e+06,1.7127
2.240,0.210,0.0582,3.808109e-08,2.991001e-08,0,1.000e+06,1.7127
2.240,0.230,0.0609,5.001438e-08,3.392864e-08,0,1.000e+06,1.7127
2.240,0.250,0.0635,6.420834e-08,3.826657e-08,0,1.000e+06,1.7127
2.240,0.270,0.0660,8.085798e-08,4.295146e-08,0,1.000e+06,1.7127
2.240,0.290,0.0684,1.001581e-07,4.801096e-08,0,1.000e+06,1.7127
2.240,0.310,0.0707,1.223031e-07,5.347266e-08,0,1.000e+06,1.7127
2.240,0.330,0.0730,1.474873e-07,5.936413e-08,0,1.000e+06,1.7127
2.240,0.350,0.0751,1.759047e-07,6.571291e-08,0,1.000e+06,1.7127
2.240,0.370,0.0773,2.077491e-07,7.254648e-08,0,1.000e+06,1.7127
2.240,0.390,0.0793,2.432139e-07,7.989230e-08,0,1.000e+06,1.7127
2.240,0.410,0.0813,2.824925e-07,8.777781e-08,0,1.000e+06,1.7127
2.240,0.430,0.0833,3.257778e-07,9.623039e-08,0,1.000e+06,1.7127
2.240,0.450,0.0852,3.732626e-07,1.052774e-07,0,1.000e+06,1.7127
2.240,0.470,0.0871,4.251394e-07,1.149461e-07,0,1.000e+06,1.7127
2.240,0.490,0.0889,4.816005e-07,1.252639e-07,0,1.000e+06,1.7127
2.260,0.010,0.0131,4.713873e-12,1.255749e-09,0,1.000e+06,1.7127
2.260,0.030,0.0227,1.225162e-10,3.781004e-09,0,1.000e+06,1.7127
2.260,0.050,0.0293,5.663519e-10,6.349679e-09,0,1.000e+06,1.7127
2.260,0.070,0.0347,1.553220e-09,8.991820e-09,0,1.000e+06,1.7127
2.260,0.090,0.0393,3.299823e-09,1.173743e-08,0,1.000e+06,1.7127
2.260,0.110,0.0435,6.022563e-09,1.461649e-08,0,1.000e+06,1.7127
2.260,0.130,0.0473,9.937551e-09,1.765890e-08,0,1.000e+06,1.7127
2.260,0.150,0.0508,1.526060e-08,2.089456e-08,0,1.000e+06,1.7127
2.260,0.170,0.0540,2.220722e-08,2.435330e-08,0,1.000e+06,1.7127
2.260,0.190,0.0571,3.099264e-08,2.806493e-08,0,1.000e+06,1.7127
2.260,0.210,0.0601,4.183178e-08,3.205921e-08,0,1.000e+06,1.7127
2.260,0.230,0.0629,5.493927e-08,3.636585e-08,0,1.000e+06,1.7127
2.260,0.250,0.0655,7.052944e-08,4.101453e-08,0,1.000e+06,1.7127
2.260,0.270,0.0681,8.881636e-08,4.603490e-08,0,1.000e+06,1.7127
2.260,0.290,0.0706,1.100138e-07,5.145655e-08,0,1.000e+06,1.7127
2.260,0.310,0.0730,1.343351e-07,5.730904e-08,0,1.000e+06,1.7127
2.260,0.330,0.0753,1.619936e-07,6.362188e-08,0,1.000e+06,1.7127
2.260,0.350,0.0775,1.932020e-07,7.042455e-08,0,1.000e+06,1.7127
2.260,0.370,0.0797,2.281731e-07,7.774649e-08,0,1.000e+06,1.7127
2.260,0.390,0.0818,2.671190e-07,8.561709e-08,0,1.000e+06,1.7127
2.260,0.410,0.0839,3.102518e-07,9.406571e-08,0,1.000e+06,1.7127
2.260,0.430,0.0859,3.577832e-07,1.031217e-07,0,1.000e+06,1.7127
2.260,0.450,0.0879,4.099246e-07,1.128142e-07,0,1.000e+06,1.7127
2.260,0.470,0.0898,4.668872e-07,1.231726e-07,0,1.000e+06,1.7127
2.260,0.490,0.0917,5.288818e-07,1.342261e-07,0,1.000e+06,1.7127
2.280,0.010,0.0135,5.162203e-12,1.346432e-09,0,1.000e+06,1.7127
2.280,0.030,0.0234,1.345932e-10,4.053955e-09,0,1.000e+06,1.7127
2.280,0.050,0.0302,6.222279e-10,6.807912e-09,0,1.000e+06,1.7127
2.280,0.070,0.0358,1.706452e-09,9.640515e-09,0,1.000e+06,1.7127
2.280,0.090,0.0406,3.625304e-09,1.258393e-08,0,1.000e+06,1.7127
2.280,0.110,0.0448,6.616473e-09,1.567027e-08,0,1.000e+06,1.7127
2.280,0.130,0.0488,1.091730e-08,1.893161e-08,0,1.000e+06,1.7127
2.280,0.150,0.0524,1.676480e-08,2.239997e-08,0,1.000e+06,1.7127
2.280,0.170,0.0558,2.439560e-08,2.610733e-08,0,1.000e+06,1.7127
2.280,0.190,0.0589,3.404602e-08,3.008563e-08,0,1.000e+06,1.7127
2.280,0.210,0.0620,4.595202e-08,3.436674e-08,0,1.000e+06,1.7127
2.280,0.230,0.0648,6.034922e-08,3.898251e-08,0,1.000e+06,1.7127
2.280,0.250,0.0676,7.747288e-08,4.396472e-08,0,1.000e+06,1.7127
2.280,0.270,0.0703,9.755796e-08,4.934512e-08,0,1.000e+06,1.7127
2.280,0.290,0.0728,1.208390e-07,5.515541e-08,0,1.000e+06,1.7127
2.280,0.310,0.0753,1.475503e-07,6.142725e-08,0,1.000e+06,1.7127
2.280,0.330,0.0777,1.779258e-07,6.819223e-08,0,1.000e+06,1.7127
2.280,0.350,0.0800,2.121990e-07,7.548193e-08,0,1.000e+06,1.7127
2.280,0.370,0.0822,2.506032e-07,8.332785e-08,0,1.000e+06,1.7127
2.280,0.390,0.0844,2.933712e-07,9.176147e-08,0,1.000e+06,1.7127
2.280,0.410,0.0866,3.407356e-07,1.008142e-07,0,1.000e+06,1.7127
2.280,0.430,0.0887,3.929286e-07,1.105174e-07,0,1.000e+06,1.7127
2.280,0.450,0.0907,4.501822e-07,1.209025e-07,0,1.000e+06,1.7127
2.280,0.470,0.0927,5.127277e-07,1.320007e-07,0,1.000e+06,1.7127
2.280,0.490,0.0947,5.807965e-07,1.438432e-07,0,1.000e+06,1.7127
2.300,0.010,0.0140,5.654867e-12,1.443857e-09,0,1.000e+06,1.7127
2.300,0.030,0.0242,1.478660e-10,4.347189e-09,0,1.000e+06,1.7127
2.300,0.050,0.0312,6.836349e-10,7.300175e-09,0,1.000e+06,1.7127
2.300,0.070,0.0369,1.874846e-09,1.033735e-08,0,1.000e+06,1.7127
2.300,0.090,0.0419,3.982977e-09,1.349321e-08,0,1.000e+06,1.7127
2.300,0.110,0.0463,7.269100e-09,1.680216e-08,0,1.000e+06,1.7127
2.300,0.130,0.0503,1.199388e-08,2.029860e-08,0,1.000e+06,1.7127
2.300,0.150,0.0540,1.841759e-08,2.401684e-08,0,1.000e+06,1.7127
2.300,0.170,0.0575,2.680007e-08,2.799115e-08,0,1.000e+06,1.7127
2.300,0.190,0.0608,3.740078e-08,3.225576e-08,0,1.000e+06,1.7127
2.300,0.210,0.0639,5.047877e-08,3.684481e-08,0,1.000e+06,1.7127
2.300,0.230,0.0669,6.629270e-08,4.179243e-08,0,1.000e+06,1.7127
2.300,0.250,0.0698,8.510081e-08,4.713267e-08,0,1.000e+06,1.7127
2.300,0.270,0.0725,1.071609e-07,5.289953e-08,0,1.000e+06,1.7127
2.300,0.290,0.0751,1.327306e-07,5.912697e-08,0,1.000e+06,1.7127
2.300,0.310,0.0777,1.620667e-07,6.584889e-08,0,1.000e+06,1.7127
2.300,0.330,0.0801,1.954261e-07,7.309913e-08,0,1.000e+06,1.7127
2.300,0.350,0.0825,2.330649e-07,8.091149e-08,0,1.000e+06,1.7127
2.300,0.370,0.0849,2.752390e-07,8.931971e-08,0,1.000e+06,1.7127
2.300,0.390,0.0871,3.222039e-07,9.835748e-08,0,1.000e+06,1.7127
2.300,0.410,0.0893,3.742146e-07,1.080584e-07,0,1.000e+06,1.7127
2.300,0.430,0.0915,4.315259e-07,1.184562e-07,0,1.000e+06,1.7127
2.300,0.450,0.0936,4.943920e-07,1.295842e-07,0,1.000e+06,1.7127
2.300,0.470,0.0956,5.630668e-07,1.414761e-07,0,1.000e+06,1.7127
2.300,0.490,0.0977,6.378037e-07,1.541652e-07,0,1.000e+06,1.7127
2.320,0.010,0.0144,6.196338e-12,1.548551e-09,0,1.000e+06,1.7127
2.320,0.030,0.0249,1.624554e-10,4.662289e-09,0,1.000e+06,1.7127
2.320,0.050,0.0322,7.511304e-10,7.829123e-09,0,1.000e+06,1.7127
2.320,0.070,0.0381,2.059929e-09,1.108609e-08,0,1.000e+06,1.7127
2.320,0.090,0.0432,4.376083e-09,1.447016e-08,0,1.000e+06,1.7127
2.320,0.110,0.0477,7.986349e-09,1.801825e-08,0,1.000e+06,1.7127
2.320,0.130,0.0519,1.317701e-08,2.176720e-08,0,1.000e+06,1.7127
2.320,0.150,0.0557,2.023389e-08,2.575382e-08,0,1.000e+06,1.7127
2.320,0.170,0.0593,2.944231e-08,3.001482e-08,0,1.000e+06,1.7127
2.320,0.190,0.0627,4.108714e-08,3.458688e-08,0,1.000e+06,1.7127
2.320,0.210,0.0659,5.545278e-08,3.950661e-08,0,1.000e+06,1.7127
2.320,0.230,0.0690,7.282315e-08,4.481055e-08,0,1.000e+06,1.7127
2.320,0.250,0.0720,9.348173e-08,5.053519e-08,0,1.000e+06,1.7127
2.320,0.270,0.0748,1.177115e-07,5.671696e-08,0,1.000e+06,1.7127
2.320,0.290,0.0775,1.457950e-07,6.339223e-08,0,1.000e+06,1.7127
2.320,0.310,0.0801,1.780142e-07,7.059730e-08,0,1.000e+06,1.7127
2.320,0.330,0.0827,2.146509e-07,7.836843e-08,0,1.000e+06,1.7127
2.320,0.350,0.0851,2.559860e-07,8.674179e-08,0,1.000e+06,1.7127
2.320,0.370,0.0875,3.023004e-07,9.575353e-08,0,1.000e+06,1.7127
2.320,0.390,0.0899,3.538741e-07,1.054397e-07,0,1.000e+06,1.7127
2.320,0.410,0.0921,4.109870e-07,1.158363e-07,0,1.000e+06,1.7127
2.320,0.430,0.0944,4.739184e-07,1.269794e-07,0,1.000e+06,1.7127
2.320,0.450,0.0965,5.429470e-07,1.389047e-07,0,1.000e+06,1.7127
2.320,0.470,0.0987,6.183512e-07,1.516482e-07,0,1.000e+06,1.7127
2.320,0.490,0.1007,7.004091e-07,1.652455e-07,0,1.000e+06,1.7127
2.340,0.010,0.0148,6.791558e-12,1.661086e-09,0,1.000e+06,1.7127
2.340,0.030,0.0257,1.784944e-10,5.000970e-09,0,1.000e+06,1.7127
2.340,0.050,0.0332,8.253295e-10,8.397630e-09,0,1.000e+06,1.7127
2.340,0.070,0.0393,2.263386e-09,1.189078e-08,0,1.000e+06,1.7127
2.340,0.090,0.0445,4.808196e-09,1.552008e-08,0,1.000e+06,1.7127
2.340,0.110,0.0492,8.774737e-09,1.932510e-08,0,1.000e+06,1.7127
2.340,0.130,0.0535,1.447744e-08,2.334534e-08,0,1.000e+06,1.7127
2.340,0.150,0.0575,2.223017e-08,2.762026e-08,0,1.000e+06,1.7127
2.340,0.170,0.0612,3.234625e-08,3.218922e-08,0,1.000e+06,1.7127
2.340,0.190,0.0647,4.513844e-08,3.709152e-08,0,1.000e+06,1.7127
2.340,0.210,0.0680,6.091897e-08,4.236640e-08,0,1.000e+06,1.7127
2.340,0.230,0.0712,7.999951e-08,4.805301e-08,0,1.000e+06,1.7127
2.340,0.250,0.0742,1.026912e-07,5.419046e-08,0,1.000e+06,1.7127
2.340,0.270,0.0771,1.293046e-07,6.081777e-08,0,1.000e+06,1.7127
2.340,0.290,0.0799,1.601497e-07,6.797390e-08,0,1.000e+06,1.7127
2.340,0.310,0.0827,1.955361e-07,7.569773e-08,0,1.000e+06,1.7127
2.340,0.330,0.0853,2.357727e-07,8.402809e-08,0,1.000e+06,1.7127
2.340,0.350,0.0878,2.811680e-07,9.300374e-08,0,1.000e+06,1.7127
2.340,0.370,0.0903,3.320297e-07,1.026634e-07,0,1.000e+06,1.7127
2.340,0.390,0.0927,3.886652e-07,1.130456e-07,0,1.000e+06,1.7127
2.340,0.410,0.0951,4.513814e-07,1.241889e-07,0,1.000e+06,1.7127
2.340,0.430,0.0973,5.204844e-07,1.361319e-07,0,1.000e+06,1.7127
2.340,0.450,0.0996,5.962800e-07,1.489129e-07,0,1.000e+06,1.7127
2.340,0.470,0.1018,6.790735e-07,1.625703e-07,0,1.000e+06,1.7127
2.340,0.490,0.1039,7.691694e-07,1.771423e-07,0,1.000e+06,1.7127
2.360,0.010,0.0153,7.445981e-12,1.782080e-09,0,1.000e+06,1.7127
2.360,0.030,0.0265,1.961301e-10,5.365092e-09,0,1.000e+06,1.7127
2.360,0.050,0.0342,9.069117e-10,9.008810e-09,0,1.000e+06,1.7127
2.360,0.070,0.0405,2.487077e-09,1.275584e-08,0,1.000e+06,1.7127
2.360,0.090,0.0459,5.283264e-09,1.664869e-08,0,1.000e+06,1.7127
2.360,0.110,0.0508,9.641459e-09,2.072983e-08,0,1.000e+06,1.7127
2.360,0.130,0.0552,1.590701e-08,2.504160e-08,0,1.000e+06,1.7127
2.360,0.150,0.0593,2.442460e-08,2.962631e-08,0,1.000e+06,1.7127
2.360,0.170,0.0631,3.553829e-08,3.452614e-08,0,1.000e+06,1.7127
2.360,0.190,0.0668,4.959148e-08,3.978323e-08,0,1.000e+06,1.7127
2.360,0.210,0.0702,6.692694e-08,4.543963e-08,0,1.000e+06,1.7127
2.360,0.230,0.0734,8.788679e-08,5.153731e-08,0,1.000e+06,1.7127
2.360,0.250,0.0766,1.128125e-07,5.811815e-08,0,1.000e+06,1.7127
2.360,0.270,0.0796,1.420450e-07,6.522399e-08,0,1.000e+06,1.7127
2.360,0.290,0.0825,1.759245e-07,7.289654e-08,0,1.000e+06,1.7127
2.360,0.310,0.0853,2.147904e-07,8.117747e-08,0,1.000e+06,1.7127
2.360,0.330,0.0880,2.589819e-07,9.010836e-08,0,1.000e+06,1.7127
2.360,0.350,0.0906,3.088372e-07,9.973071e-08,0,1.000e+06,1.7127
2.360,0.370,0.0931,3.646940e-07,1.100859e-07,0,1.000e+06,1.7127
2.360,0.390,0.0956,4.268893e-07,1.212154e-07,0,1.000e+06,1.7127
2.360,0.410,0.0981,4.957597e-07,1.331604e-07,0,1.000e+06,1.7127
2.360,0.430,0.1004,5.716409e-07,1.459621e-07,0,1.000e+06,1.7127
2.360,0.450,0.1027,6.548681e-07,1.596616e-07,0,1.000e+06,1.7127
2.360,0.470,0.1050,7.457759e-07,1.743000e-07,0,1.000e+06,1.7127
2.360,0.490,0.1072,8.446982e-07,1.899182e-07,0,1.000e+06,1.7127
2.380,0.010,0.0158,8.165636e-12,1.912204e-09,0,1.000e+06,1.7127
2.380,0.030,0.0274,2.155248e-10,5.756670e-09,0,1.000e+06,1.7127
2.380,0.050,0.0353,9.966275e-10,9.666039e-09,0,1.000e+06,1.7127
2.380,0.070,0.0418,2.733059e-09,1.368602e-08,0,1.000e+06,1.7127
2.380,0.090,0.0474,5.805646e-09,1.786222e-08,0,1.000e+06,1.7127
2.380,0.110,0.0524,1.059446e-08,2.224016e-08,0,1.000e+06,1.7127
2.380,0.130,0.0570,1.747881e-08,2.686528e-08,0,1.000e+06,1.7127
2.380,0.150,0.0612,2.683725e-08,3.178292e-08,0,1.000e+06,1.7127
2.380,0.170,0.0651,3.904758e-08,3.703833e-08,0,1.000e+06,1.7127
2.380,0.190,0.0689,5.448686e-08,4.267667e-08,0,1.000e+06,1.7127
2.380,0.210,0.0724,7.353140e-08,4.874301e-08,0,1.000e+06,1.7127
2.380,0.230,0.0758,9.655675e-08,5.528234e-08,0,1.000e+06,1.7127
2.380,0.250,0.0790,1.239377e-07,6.233955e-08,0,1.000e+06,1.7127
2.380,0.270,0.0821,1.560484e-07,6.995944e-08,0,1.000e+06,1.7127
2.380,0.290,0.0851,1.932621e-07,7.818672e-08,0,1.000e+06,1.7127
2.380,0.310,0.0879,2.359514e-07,8.706604e-08,0,1.000e+06,1.7127
2.380,0.330,0.0907,2.844882e-07,9.664192e-08,0,1.000e+06,1.7127
2.380,0.350,0.0934,3.392435e-07,1.069588e-07,0,1.000e+06,1.7127
2.380,0.370,0.0961,4.005879e-07,1.180611e-07,0,1.000e+06,1.7127
2.380,0.390,0.0986,4.688908e-07,1.299930e-07,0,1.000e+06,1.7127
2.380,0.410,0.1011,5.445213e-07,1.427988e-07,0,1.000e+06,1.7127
2.380,0.430,0.1036,6.278475e-07,1.565225e-07,0,1.000e+06,1.7127
2.380,0.450,0.1060,7.192369e-07,1.712081e-07,0,1.000e+06,1.7127
2.380,0.470,0.1083,8.190562e-07,1.868996e-07,0,1.000e+06,1.7127
2.380,0.490,0.1106,9.276715e-07,2.036409e-07,0,1.000e+06,1.7127
2.400,0.010,0.0163,8.957185e-12,2.052186e-09,0,1.000e+06,1.7127
2.400,0.030,0.0282,2.368582e-10,6.177887e-09,0,1.000e+06,1.7127
2.400,0.050,0.0364,1.095306e-09,1.037298e-08,0,1.000e+06,1.7127
2.400,0.070,0.0431,3.003602e-09,1.468649e-08,0,1.000e+06,1.7127
2.400,0.090,0.0489,6.380158e-09,1.916738e-08,0,1.000e+06,1.7127
2.400,0.110,0.0540,1.164251e-08,2.386445e-08,0,1.000e+06,1.7127
2.400,0.130,0.0587,1.920729e-08,2.882645e-08,0,1.000e+06,1.7127
2.400,0.150,0.0631,2.949026e-08,3.410200e-08,0,1.000e+06,1.7127
2.400,0.170,0.0672,4.290630e-08,3.973962e-08,0,1.000e+06,1.7127
2.400,0.190,0.0710,5.986943e-08,4.578773e-08,0,1.000e+06,1.7127
2.400,0.210,0.0747,8.079276e-08,5.229465e-08,0,1.000e+06,1.7127
2.400,0.230,0.0781,1.060886e-07,5.930859e-08,0,1.000e+06,1.7127
2.400,0.250,0.0815,1.361682e-07,6.687768e-08,0,1.000e+06,1.7127
2.400,0.270,0.0847,1.714423e-07,7.504991e-08,0,1.000e+06,1.7127
2.400,0.290,0.0877,2.123204e-07,8.387321e-08,0,1.000e+06,1.7127
2.400,0.310,0.0907,2.592113e-07,9.339538e-08,0,1.000e+06,1.7127
2.400,0.330,0.0936,3.125230e-07,1.036641e-07,0,1.000e+06,1.7127
2.400,0.350,0.0964,3.726626e-07,1.147271e-07,0,1.000e+06,1.7127
2.400,0.370,0.0991,4.400362e-07,1.266317e-07,0,1.000e+06,1.7127
2.400,0.390,0.1017,5.150493e-07,1.394255e-07,0,1.000e+06,1.7127
2.400,0.410,0.1043,5.981063e-07,1.531557e-07,0,1.000e+06,1.7127
2.400,0.430,0.1068,6.896109e-07,1.678695e-07,0,1.000e+06,1.7127
2.400,0.450,0.1093,7.899660e-07,1.836141e-07,0,1.000e+06,1.7127
2.400,0.470,0.1117,8.995735e-07,2.004364e-07,0,1.000e+06,1.7127
2.400,0.490,0.1140,1.018834e-06,2.183834e-07,0,1.000e+06,1.7127
2.420,0.010,0.0168,9.827998e-12,2.202815e-09,0,1.000e+06,1.7127
2.420,0.030,0.0291,2.603286e-10,6.631115e-09,0,1.000e+06,1.7127
2.420,0.050,0.0376,1.203865e-09,1.113359e-08,0,1.000e+06,1.7127
2.420,0.070,0.0445,3.301216e-09,1.576287e-08,0,1.000e+06,1.7127
2.420,0.090,0.0504,7.012124e-09,2.057147e-08,0,1.000e+06,1.7127
2.420,0.110,0.0557,1.279530e-08,2.561176e-08,0,1.000e+06,1.7127
2.420,0.130,0.0606,2.110842e-08,3.093603e-08,0,1.000e+06,1.7127
2.420,0.150,0.0651,3.240811e-08,3.659642e-08,0,1.000e+06,1.7127
2.420,0.170,0.0693,4.715001e-08,4.264498e-08,0,1.000e+06,1.7127
2.420,0.190,0.0732,6.578869e-08,4.913362e-08,0,1.000e+06,1.7127
2.420,0.210,0.0770,8.877774e-08,5.611415e-08,0,1.000e+06,1.7127
2.420,0.230,0.0806,1.165697e-07,6.363825e-08,0,1.000e+06,1.7127
2.420,0.250,0.0840,1.496161e-07,7.175750e-08,0,1.000e+06,1.7127
2.420,0.270,0.0873,1.883676e-07,8.052334e-08,0,1.000e+06,1.7127
2.420,0.290,0.0905,2.332735e-07,8.998713e-08,0,1.000e+06,1.7127
2.420,0.310,0.0936,2.847824e-07,1.002001e-07,0,1.000e+06,1.7127
2.420,0.330,0.0965,3.433419e-07,1.112133e-07,0,1.000e+06,1.7127
2.420,0.350,0.0994,4.093984e-07,1.230778e-07,0,1.000e+06,1.7127
2.420,0.370,0.1022,4.833974e-07,1.358445e-07,0,1.000e+06,1.7127
2.420,0.390,0.1049,5.657835e-07,1.495640e-07,0,1.000e+06,1.7127
2.420,0.410,0.1076,6.570002e-07,1.642872e-07,0,1.000e+06,1.7127
2.420,0.430,0.1102,7.574900e-07,1.800645e-07,0,1.000e+06,1.7127
2.420,0.450,0.1127,8.676944e-07,1.969463e-07,0,1.000e+06,1.7127
2.420,0.470,0.1152,9.880541e-07,2.149830e-07,0,1.000e+06,1.7127
2.420,0.490,0.1176,1.119009e-06,2.342247e-07,0,1.000e+06,1.7127
2.440,0.010,0.0173,1.078622e-11,2.364947e-09,0,1.000e+06,1.7127
2.440,0.030,0.0300,2.861557e-10,7.118926e-09,0,1.000e+06,1.7127
2.440,0.050,0.0388,1.323317e-09,1.195219e-08,0,1.000e+06,1.7127
2.440,0.070,0.0459,3.628676e-09,1.692124e-08,0,1.000e+06,1.7127
2.440,0.090,0.0520,7.707431e-09,2.208241e-08,0,1.000e+06,1.7127
2.440,0.110,0.0575,1.406357e-08,2.749192e-08,0,1.000e+06,1.7127
2.440,0.130,0.0625,2.319985e-08,3.320586e-08,0,1.000e+06,1.7127
2.440,0.150,0.0671,3.561786e-08,3.928017e-08,0,1.000e+06,1.7127
2.440,0.170,0.0715,5.181798e-08,4.577066e-08,0,1.000e+06,1.7127
2.440,0.190,0.0755,7.229937e-08,5.273300e-08,0,1.000e+06,1.7127
2.440,0.210,0.0794,9.756003e-08,6.022276e-08,0,1.000e+06,1.7127
2.440,0.230,0.0831,1.280968e-07,6.829534e-08,0,1.000e+06,1.7127
2.440,0.250,0.0867,1.644052e-07,7.700603e-08,0,1.000e+06,1.7127
2.440,0.270,0.0901,2.069797e-07,8.640997e-08,0,1.000e+06,1.7127
2.440,0.290,0.0933,2.563136e-07,9.656218e-08,0,1.000e+06,1.7127
2.440,0.310,0.0965,3.128990e-07,1.075176e-07,0,1.000e+06,1.7127
2.440,0.330,0.0996,3.772267e-07,1.193309e-07,0,1.000e+06,1.7127
2.440,0.350,0.1025,4.497865e-07,1.320567e-07,0,1.000e+06,1.7127
2.440,0.370,0.1054,5.310671e-07,1.457496e-07,0,1.000e+06,1.7127
2.440,0.390,0.1082,6.215557e-07,1.604639e-07,0,1.000e+06,1.7127
2.440,0.410,0.1110,7.217387e-07,1.762538e-07,0,1.000e+06,1.7127
2.440,0.430,0.1136,8.321012e-07,1.931735e-07,0,1.000e+06,1.7127
2.440,0.450,0.1163,9.531271e-07,2.112770e-07,0,1.000e+06,1.7127
2.440,0.470,0.1188,1.085299e-06,2.306180e-07,0,1.000e+06,1.7127
2.440,0.490,0.1213,1.229099e-06,2.512504e-07,0,1.000e+06,1.7127
2.460,0.010,0.0179,1.184088e-11,2.539514e-09,0,1.000e+06,1.7127
2.460,0.030,0.0310,3.145823e-10,7.644113e-09,0,1.000e+06,1.7127
2.460,0.050,0.0400,1.454784e-09,1.283346e-08,0,1.000e+06,1.7127
2.460,0.070,0.0473,3.989053e-09,1.816819e-08,0,1.000e+06,1.7127
2.460,0.090,0.0536,8.472584e-09,2.370880e-08,0,1.000e+06,1.7127
2.460,0.110,0.0593,1.545915e-08,2.951560e-08,0,1.000e+06,1.7127
2.460,0.130,0.0644,2.550111e-08,3.564879e-08,0,1.000e+06,1.7127
2.460,0.150,0.0692,3.914942e-08,4.216838e-08,0,1.000e+06,1.7127
2.460,0.170,0.0737,5.695364e-08,4.913424e-08,0,1.000e+06,1.7127
2.460,0.190,0.0779,7.946194e-08,5.660610e-08,0,1.000e+06,1.7127
2.460,0.210,0.0819,1.072211e-07,6.464352e-08,0,1.000e+06,1.7127
2.460,0.230,0.0857,1.407765e-07,7.330592e-08,0,1.000e+06,1.7127
2.460,0.250,0.0894,1.806721e-07,8.265256e-08,0,1.000e+06,1.7127
2.460,0.270,0.0929,2.274506e-07,9.274256e-08,0,1.000e+06,1.7127
2.460,0.290,0.0963,2.816531e-07,1.036349e-07,0,1.000e+06,1.7127
2.460,0.310,0.0995,3.438197e-07,1.153884e-07,0,1.000e+06,1.7127
2.460,0.330,0.1027,4.144888e-07,1.280616e-07,0,1.000e+06,1.7127
2.460,0.350,0.1057,4.941975e-07,1.417133e-07,0,1.000e+06,1.7127
2.460,0.370,0.1087,5.834817e-07,1.564016e-07,0,1.000e+06,1.7127
2.460,0.390,0.1116,6.828758e-07,1.721848e-07,0,1.000e+06,1.7127
2.460,0.410,0.1144,7.929128e-07,1.891211e-07,0,1.000e+06,1.7127
2.460,0.430,0.1172,9.141246e-07,2.072683e-07,0,1.000e+06,1.7127
2.460,0.450,0.1199,1.047042e-06,2.266842e-07,0,1.000e+06,1.7127
2.460,0.470,0.1225,1.192193e-06,2.474265e-07,0,1.000e+06,1.7127
2.460,0.490,0.1251,1.350106e-06,2.695526e-07,0,1.000e+06,1.7127
2.480,0.010,0.0184,1.300195e-11,2.727527e-09,0,1.000e+06,1.7127
2.480,0.030,0.0319,3.458773e-10,8.209710e-09,0,1.000e+06,1.7127
2.480,0.050,0.0412,1.599508e-09,1.378246e-08,0,1.000e+06,1.7127
2.480,0.070,0.0488,4.385744e-09,1.951090e-08,0,1.000e+06,1.7127
2.480,0.090,0.0553,9.314787e-09,2.545995e-08,0,1.000e+06,1.7127
2.480,0.110,0.0611,1.699516e-08,3.169437e-08,0,1.000e+06,1.7127
2.480,0.130,0.0665,2.803377e-08,3.827875e-08,0,1.000e+06,1.7127
2.480,0.150,0.0714,4.303584e-08,4.527750e-08,0,1.000e+06,1.7127
2.480,0.170,0.0760,6.260501e-08,5.275484e-08,0,1.000e+06,1.7127
2.480,0.190,0.0803,8.734326e-08,6.077485e-08,0,1.000e+06,1.7127
2.480,0.210,0.0845,1.178509e-07,6.940140e-08,0,1.000e+06,1.7127
2.480,0.230,0.0884,1.547268e-07,7.869821e-08,0,1.000e+06,1.7127
2.480,0.250,0.0922,1.985680e-07,8.872883e-08,0,1.000e+06,1.7127
2.480,0.270,0.0958,2.499699e-07,9.955664e-08,0,1.000e+06,1.7127
2.480,0.290,0.0993,3.095267e-07,1.112448e-07,0,1.000e+06,1.7127
2.480,0.310,0.1026,3.778304e-07,1.238564e-07,0,1.000e+06,1.7127
2.480,0.330,0.1059,4.554720e-07,1.374543e-07,0,1.000e+06,1.7127
2.480,0.350,0.1091,5.430405e-07,1.521011e-07,0,1.000e+06,1.7127
2.480,0.370,0.1121,6.411234e-07,1.678595e-07,0,1.000e+06,1.7127
2.480,0.390,0.1151,7.503068e-07,1.847917e-07,0,1.000e+06,1.7127
2.480,0.410,0.1180,8.711751e-07,2.029599e-07,0,1.000e+06,1.7127
2.480,0.430,0.1209,1.004311e-06,2.224262e-07,0,1.000e+06,1.7127
2.480,0.450,0.1237,1.150296e-06,2.432525e-07,0,1.000e+06,1.7127
2.480,0.470,0.1264,1.309710e-06,2.655003e-07,0,1.000e+06,1.7127
2.480,0.490,0.1290,1.483130e-06,2.892313e-07,0,1.000e+06,1.7127
2.500,0.010,0.0190,1.428050e-11,2.930084e-09,0,1.000e+06,1.7127
2.500,0.030,0.0329,3.803384e-10,8.819016e-09,0,1.000e+06,1.7127
2.500,0.050,0.0425,1.758864e-09,1.480473e-08,0,1.000e+06,1.7127
2.500,0.070,0.0503,4.822512e-09,2.095715e-08,0,1.000e+06,1.7127
2.500,0.090,0.0570,1.024201e-08,2.734600e-08,0,1.000e+06,1.7127
2.500,0.110,0.0630,1.868613e-08,3.404081e-08,0,1.000e+06,1.7127
2.500,0.130,0.0685,3.082172e-08,4.111089e-08,0,1.000e+06,1.7127
2.500,0.150,0.0736,4.731374e-08,4.862537e-08,0,1.000e+06,1.7127
2.500,0.170,0.0784,6.882522e-08,5.665318e-08,0,1.000e+06,1.7127
2.500,0.190,0.0829,9.601727e-08,6.526304e-08,0,1.000e+06,1.7127
2.500,0.210,0.0871,1.295491e-07,7.452349e-08,0,1.000e+06,1.7127
2.500,0.230,0.0912,1.700782e-07,8.450285e-08,0,1.000e+06,1.7127
2.500,0.250,0.0950,2.182598e-07,9.526927e-08,0,1.000e+06,1.7127
2.500,0.270,0.0988,2.747477e-07,1.068907e-07,0,1.000e+06,1.7127
2.500,0.290,0.1024,3.401934e-07,1.194348e-07,0,1.000e+06,1.7127
2.500,0.310,0.1058,4.152469e-07,1.329693e-07,0,1.000e+06,1.7127
2.500,0.330,0.1092,5.005562e-07,1.475614e-07,0,1.000e+06,1.7127
2.500,0.350,0.1125,5.967673e-07,1.632784e-07,0,1.000e+06,1.7127
2.500,0.370,0.1156,7.045246e-07,1.801872e-07,0,1.000e+06,1.7127
2.500,0.390,0.1187,8.244706e-07,1.983545e-07,0,1.000e+06,1.7127
2.500,0.410,0.1217,9.572459e-07,2.178471e-07,0,1.000e+06,1.7127
2.500,0.430,0.1247,1.103489e-06,2.387312e-07,0,1.000e+06,1.7127
2.500,0.450,0.1275,1.263838e-06,2.610732e-07,0,1.000e+06,1.7127
2.500,0.470,0.1303,1.438926e-06,2.849390e-07,0,1.000e+06,1.7127
2.500,0.490,0.1331,1.629389e-06,3.103945e-07,0,1.000e+06,1.7127
2.520,0.010,0.0196,1.568878e-11,3.148381e-09,0,1.000e+06,1.7127
2.520,0.030,0.0340,4.182957e-10,9.475617e-09,0,1.000e+06,1.7127
2.520,0.050,0.0438,1.934374e-09,1.590626e-08,0,1.000e+06,1.7127
2.520,0.070,0.0519,5.303523e-09,2.251541e-08,0,1.000e+06,1.7127
2.520,0.090,0.0588,1.126308e-08,2.937796e-08,0,1.000e+06,1.7127
2.520,0.110,0.0650,2.054810e-08,3.656856e-08,0,1.000e+06,1.7127
2.520,0.130,0.0707,3.389142e-08,4.416164e-08,0,1.000e+06,1.7127
2.520,0.150,0.0759,5.202361e-08,5.223138e-08,0,1.000e+06,1.7127
2.520,0.170,0.0808,7.567303e-08,6.085176e-08,0,1.000e+06,1.7127
2.520,0.190,0.0855,1.055658e-07,7.009653e-08,0,1.000e+06,1.7127
2.520,0.210,0.0898,1.424258e-07,8.003920e-08,0,1.000e+06,1.7127
2.520,0.230,0.0940,1.869749e-07,9.075307e-08,0,1.000e+06,1.7127
2.520,0.250,0.0980,2.399324e-07,1.023112e-07,0,1.000e+06,1.7127
2.520,0.270,0.1019,3.020157e-07,1.147865e-07,0,1.000e+06,1.7127
2.520,0.290,0.1056,3.739400e-07,1.282515e-07,0,1.000e+06,1.7127
2.520,0.310,0.1091,4.564182e-07,1.427786e-07,0,1.000e+06,1.7127
2.520,0.330,0.1126,5.501611e-07,1.584401e-07,0,1.000e+06,1.7127
2.520,0.350,0.1160,6.558774e-07,1.753080e-07,0,1.000e+06,1.7127
2.520,0.370,0.1192,7.742736e-07,1.934538e-07,0,1.000e+06,1.7127
2.520,0.390,0.1224,9.060539e-07,2.129493e-07,0,1.000e+06,1.7127
2.520,0.410,0.1255,1.051921e-06,2.338657e-07,0,1.000e+06,1.7127
2.520,0.430,0.1286,1.212574e-06,2.562741e-07,0,1.000e+06,1.7127
2.520,0.450,0.1315,1.388712e-06,2.802454e-07,0,1.000e+06,1.7127
2.520,0.470,0.1344,1.581030e-06,3.058503e-07,0,1.000e+06,1.7127
2.520,0.490,0.1372,1.790223e-06,3.331592e-07,0,1.000e+06,1.7127
2.540,0.010,0.0202,1.724038e-11,3.383718e-09,0,1.000e+06,1.7127
2.540,0.030,0.0350,4.601146e-10,1.018341e-08,0,1.000e+06,1.7127
2.540,0.050,0.0452,2.127725e-09,1.709357e-08,0,1.000e+06,1.7127
2.540,0.070,0.0535,5.833391e-09,2.419488e-08,0,1.000e+06,1.7127
2.540,0.090,0.0606,1.238777e-08,3.156779e-08,0,1.000e+06,1.7127
2.540,0.110,0.0671,2.259889e-08,3.929248e-08,0,1.000e+06,1.7127
2.540,0.130,0.0729,3.727213e-08,4.744885e-08,0,1.000e+06,1.7127
2.540,0.150,0.0783,5.721028e-08,5.611657e-08,0,1.000e+06,1.7127
2.540,0.170,0.0834,8.321351e-08,6.537503e-08,0,1.000e+06,1.7127
2.540,0.190,0.0881,1.160794e-07,7.530336e-08,0,1.000e+06,1.7127
2.540,0.210,0.0926,1.566029e-07,8.598045e-08,0,1.000e+06,1.7127
2.540,0.230,0.0970,2.055765e-07,9.748492e-08,0,1.000e+06,1.7127
2.540,0.250,0.1011,2.637900e-07,1.098952e-07,0,1.000e+06,1.7127
2.540,0.270,0.1050,3.320307e-07,1.232893e-07,0,1.000e+06,1.7127
2.540,0.290,0.1089,4.110834e-07,1.377451e-07,0,1.000e+06,1.7127
2.540,0.310,0.1126,5.017302e-07,1.533403e-07,0,1.000e+06,1.7127
2.540,0.330,0.1161,6.047510e-07,1.701523e-07,0,1.000e+06,1.7127
2.540,0.350,0.1196,7.209227e-07,1.882580e-07,0,1.000e+06,1.7127
2.540,0.370,0.1230,8.510202e-07,2.077345e-07,0,1.000e+06,1.7127
2.540,0.390,0.1263,9.958156e-07,2.286583e-07,0,1.000e+06,1.7127
2.540,0.410,0.1294,1.156079e-06,2.511058e-07,0,1.000e+06,1.7127
2.540,0.430,0.1326,1.332577e-06,2.751531e-07,0,1.000e+06,1.7127
2.540,0.450,0.1356,1.526074e-06,3.008761e-07,0,1.000e+06,1.7127
2.540,0.470,0.1386,1.737333e-06,3.283505e-07,0,1.000e+06,1.7127
2.540,0.490,0.1415,1.967115e-06,3.576516e-07,0,1.000e+06,1.7127
2.560,0.010,0.0208,1.895037e-11,3.637512e-09,0,1.000e+06,1.7127
2.560,0.030,0.0361,5.062006e-10,1.094665e-08,0,1.000e+06,1.7127
2.560,0.050,0.0466,2.340789e-09,1.837376e-08,0,1.000e+06,1.7127
2.560,0.070,0.0552,6.417232e-09,2.600558e-08,0,1.000e+06,1.7127
2.560,0.090,0.0625,1.362693e-08,3.392851e-08,0,1.000e+06,1.7127
2.560,0.110,0.0691,2.485821e-08,4.222870e-08,0,1.000e+06,1.7127
2.560,0.130,0.0752,4.099631e-08,5.099196e-08,0,1.000e+06,1.7127
2.560,0.150,0.0807,6.292344e-08,6.030382e-08,0,1.000e+06,1.7127
2.560,0.170,0.0860,9.151874e-08,7.024952e-08,0,1.000e+06,1.7127
2.560,0.190,0.0909,1.276583e-07,8.091399e-08,0,1.000e+06,1.7127
2.560,0.210,0.0955,1.722153e-07,9.238189e-08,0,1.000e+06,1.7127
2.560,0.230,0.1000,2.260598e-07,1.047376e-07,0,1.000e+06,1.7127
2.560,0.250,0.1042,2.900588e-07,1.180651e-07,0,1.000e+06,1.7127
2.560,0.270,0.1083,3.650766e-07,1.324482e-07,0,1.000e+06,1.7127
2.560,0.290,0.1123,4.519742e-07,1.479705e-07,0,1.000e+06,1.7127
2.560,0.310,0.1161,5.516098e-07,1.647151e-07,0,1.000e+06,1.7127
2.560,0.330,0.1198,6.648388e-07,1.827649e-07,0,1.000e+06,1.7127
2.560,0.350,0.1233,7.925134e-07,2.022026e-07,0,1.000e+06,1.7127
2.560,0.370,0.1268,9.354831e-07,2.231105e-07,0,1.000e+06,1.7127
2.560,0.390,0.1302,1.094594e-06,2.455706e-07,0,1.000e+06,1.7127
2.560,0.410,0.1335,1.270691e-06,2.696649e-07,0,1.000e+06,1.7127
2.560,0.430,0.1367,1.464613e-06,2.954748e-07,0,1.000e+06,1.7127
2.560,0.450,0.1399,1.677199e-06,3.230814e-07,0,1.000e+06,1.7127
2.560,0.470,0.1429,1.909284e-06,3.525658e-07,0,1.000e+06,1.7127
2.560,0.490,0.1459,2.161700e-06,3.840087e-07,0,1.000e+06,1.7127
2.580,0.010,0.0215,2.083546e-11,3.911305e-09,0,1.000e+06,1.7127
2.580,0.030,0.0372,5.570037e-10,1.176994e-08,0,1.000e+06,1.7127
2.580,0.050,0.0481,2.575640e-09,1.975457e-08,0,1.000e+06,1.7127
2.580,0.070,0.0569,7.060720e-09,2.795839e-08,0,1.000e+06,1.7127
2.580,0.090,0.0645,1.499257e-08,3.647428e-08,0,1.000e+06,1.7127
2.580,0.110,0.0713,2.734792e-08,4.539477e-08,0,1.000e+06,1.7127
2.580,0.130,0.0775,4.509991e-08,5.481206e-08,0,1.000e+06,1.7127
2.580,0.150,0.0833,6.921811e-08,6.481800e-08,0,1.000e+06,1.7127
2.580,0.170,0.0886,1.006685e-07,7.550410e-08,0,1.000e+06,1.7127
2.580,0.190,0.0937,1.404136e-07,8.696155e-08,0,1.000e+06,1.7127
2.580,0.210,0.0985,1.894124e-07,9.928119e-08,0,1.000e+06,1.7127
2.580,0.230,0.1031,2.486202e-07,1.125535e-07,0,1.000e+06,1.7127
2.580,0.250,0.1075,3.189891e-07,1.268688e-07,0,1.000e+06,1.7127
2.580,0.270,0.1117,4.014675e-07,1.423167e-07,0,1.000e+06,1.7127
2.580,0.290,0.1158,4.970003e-07,1.589870e-07,0,1.000e+06,1.7127
2.580,0.310,0.1197,6.065292e-07,1.769687e-07,0,1.000e+06,1.7127
2.580,0.330,0.1235,7.309923e-07,1.963508e-07,0,1.000e+06,1.7127
2.580,0.350,0.1272,8.713244e-07,2.172217e-07,0,1.000e+06,1.7127
2.580,0.370,0.1308,1.028457e-06,2.396698e-07,0,1.000e+06,1.7127
2.580,0.390,0.1343,1.203317e-06,2.637830e-07,0,1.000e+06,1.7127
2.580,0.410,0.1377,1.396830e-06,2.896487e-07,0,1.000e+06,1.7127
2.580,0.430,0.1410,1.609917e-06,3.173544e-07,0,1.000e+06,1.7127
2.580,0.450,0.1442,1.843496e-06,3.469869e-07,0,1.000e+06,1.7127
2.580,0.470,0.1474,2.098482e-06,3.786329e-07,0,1.000e+06,1.7127
2.580,0.490,0.1505,2.375785e-06,4.123787e-07,0,1.000e+06,1.7127
2.600,0.010,0.0222,2.291422e-11,4.206776e-09,0,1.000e+06,1.7127
2.600,0.030,0.0384,6.130230e-10,1.265834e-08,0,1.000e+06,1.7127
2.600,0.050,0.0496,2.834581e-09,2.124440e-08,0,1.000e+06,1.7127
2.600,0.070,0.0587,7.770149e-09,3.006518e-08,0,1.000e+06,1.7127
2.600,0.090,0.0665,1.649801e-08,3.922050e-08,0,1.000e+06,1.7127
2.600,0.110,0.0735,3.009226e-08,4.880980e-08,0,1.000e+06,1.7127
2.600,0.130,0.0799,4.962278e-08,5.893213e-08,0,1.000e+06,1.7127
2.600,0.150,0.0859,7.615530e-08,6.968616e-08,0,1.000e+06,1.7127
2.600,0.170,0.0914,1.107514e-07,8.117016e-08,0,1.000e+06,1.7127
2.600,0.190,0.0966,1.544684e-07,9.348202e-08,0,1.000e+06,1.7127
2.600,0.210,0.1016,2.083597e-07,1.067193e-07,0,1.000e+06,1.7127
2.600,0.230,0.1063,2.734746e-07,1.209790e-07,0,1.000e+06,1.7127
2.600,0.250,0.1109,3.508580e-07,1.363580e-07,0,1.000e+06,1.7127
2.600,0.270,0.1152,4.415512e-07,1.529527e-07,0,1.000e+06,1.7127
2.600,0.290,0.1194,5.465912e-07,1.708590e-07,0,1.000e+06,1.7127
2.600,0.310,0.1234,6.670109e-07,1.901727e-07,0,1.000e+06,1.7127
2.600,0.330,0.1274,8.038395e-07,2.109889e-07,0,1.000e+06,1.7127
2.600,0.350,0.1312,9.581020e-07,2.334025e-07,0,1.000e+06,1.7127
2.600,0.370,0.1349,1.130819e-06,2.575082e-07,0,1.000e+06,1.7127
2.600,0.390,0.1385,1.323009e-06,2.834000e-07,0,1.000e+06,1.7127
2.600,0.410,0.1420,1.535684e-06,3.111718e-07,0,1.000e+06,1.7127
2.600,0.430,0.1454,1.769854e-06,3.409170e-07,0,1.000e+06,1.7127
2.600,0.450,0.1487,2.026523e-06,3.727286e-07,0,1.000e+06,1.7127
2.600,0.470,0.1520,2.306695e-06,4.066995e-07,0,1.000e+06,1.7127
2.600,0.490,0.1552,2.611366e-06,4.429220e-07,0,1.000e+06,1.7127
2.620,0.010,0.0229,2.520726e-11,4.525758e-09,0,1.000e+06,1.7127
2.620,0.030,0.0396,6.748130e-10,1.361732e-08,0,1.000e+06,1.7127
2.620,0.050,0.0511,3.120171e-09,2.285244e-08,0,1.000e+06,1.7127
2.620,0.070,0.0605,8.552507e-09,3.233887e-08,0,1.000e+06,1.7127
2.620,0.090,0.0686,1.815805e-08,4.218396e-08,0,1.000e+06,1.7127
2.620,0.110,0.0758,3.311813e-08,5.249458e-08,0,1.000e+06,1.7127
2.620,0.130,0.0824,5.460916e-08,6.337718e-08,0,1.000e+06,1.7127
2.620,0.150,0.0885,8.380267e-08,7.493773e-08,0,1.000e+06,1.7127
2.620,0.170,0.0943,1.218654e-07,8.728181e-08,0,1.000e+06,1.7127
2.620,0.190,0.0997,1.699590e-07,1.005145e-07,0,1.000e+06,1.7127
2.620,0.210,0.1048,2.292408e-07,1.147406e-07,0,1.000e+06,1.7127
2.620,0.230,0.1096,3.008628e-07,1.300642e-07,0,1.000e+06,1.7127
2.620,0.250,0.1143,3.859727e-07,1.465892e-07,0,1.000e+06,1.7127
2.620,0.270,0.1188,4.857132e-07,1.644191e-07,0,1.000e+06,1.7127
2.620,0.290,0.1231,6.012223e-07,1.836566e-07,0,1.000e+06,1.7127
2.620,0.310,0.1273,7.336335e-07,2.044045e-07,0,1.000e+06,1.7127
2.620,0.330,0.1313,8.840755e-07,2.267648e-07,0,1.000e+06,1.7127
2.620,0.350,0.1353,1.053672e-06,2.508393e-07,0,1.000e+06,1.7127
2.620,0.370,0.1391,1.243544e-06,2.767292e-07,0,1.000e+06,1.7127
2.620,0.390,0.1428,1.454804e-06,3.045353e-07,0,1.000e+06,1.7127
2.620,0.410,0.1464,1.688564e-06,3.343582e-07,0,1.000e+06,1.7127
2.620,0.430,0.1499,1.945929e-06,3.662979e-07,0,1.000e+06,1.7127
2.620,0.450,0.1534,2.228001e-06,4.004541e-07,0,1.000e+06,1.7127
2.620,0.470,0.1567,2.535877e-06,4.369259e-07,0,1.000e+06,1.7127
2.620,0.490,0.1600,2.870648e-06,4.758122e-07,0,1.000e+06,1.7127
2.640,0.010,0.0236,2.773750e-11,4.870250e-09,0,1.000e+06,1.7127
2.640,0.030,0.0408,7.429897e-10,1.465288e-08,0,1.000e+06,1.7127
2.640,0.050,0.0527,3.435249e-09,2.458867e-08,0,1.000e+06,1.7127
2.640,0.070,0.0624,9.415552e-09,3.479356e-08,0,1.000e+06,1.7127
2.640,0.090,0.0707,1.998911e-08,4.538295e-08,0,1.000e+06,1.7127
2.640,0.110,0.0782,3.645539e-08,5.647177e-08,0,1.000e+06,1.7127
2.640,0.130,0.0850,6.010811e-08,6.817441e-08,0,1.000e+06,1.7127
2.640,0.150,0.0913,9.223529e-08,8.060475e-08,0,1.000e+06,1.7127
2.640,0.170,0.0972,1.341193e-07,9.387621e-08,0,1.000e+06,1.7127
2.640,0.190,0.1028,1.870368e-07,1.081017e-07,0,1.000e+06,1.7127
2.640,0.210,0.1080,2.522589e-07,1.233935e-07,0,1.000e+06,1.7127
2.640,0.230,0.1131,3.310511e-07,1.398637e-07,0,1.000e+06,1.7127
2.640,0.250,0.1179,4.246734e-07,1.576236e-07,0,1.000e+06,1.7127
2.640,0.270,0.1225,5.343801e-07,1.767842e-07,0,1.000e+06,1.7127
2.640,0.290,0.1270,6.614204e-07,1.974558e-07,0,1.000e+06,1.7127
2.640,0.310,0.1313,8.070376e-07,2.197485e-07,0,1.000e+06,1.7127
2.640,0.330,0.1354,9.724698e-07,2.437717e-07,0,1.000e+06,1.7127
2.640,0.350,0.1395,1.158950e-06,2.696344e-07,0,1.000e+06,1.7127
2.640,0.370,0.1434,1.367705e-06,2.974452e-07,0,1.000e+06,1.7127
2.640,0.390,0.1472,1.599956e-06,3.273121e-07,0,1.000e+06,1.7127
2.640,0.410,0.1510,1.856922e-06,3.593427e-07,0,1.000e+06,1.7127
2.640,0.430,0.1546,2.139812e-06,3.936441e-07,0,1.000e+06,1.7127
2.640,0.450,0.1582,2.449833e-06,4.303230e-07,0,1.000e+06,1.7127
2.640,0.470,0.1616,2.788186e-06,4.694855e-07,0,1.000e+06,1.7127
2.640,0.490,0.1650,3.156067e-06,5.112374e-07,0,1.000e+06,1.7127
2.660,0.010,0.0243,3.053041e-11,5.242433e-09,0,1.000e+06,1.7127
2.660,0.030,0.0421,8.182378e-10,1.577154e-08,0,1.000e+06,1.7127
2.660,0.050,0.0544,3.782969e-09,2.646401e-08,0,1.000e+06,1.7127
2.660,0.070,0.0643,1.036791e-08,3.744458e-08,0,1.000e+06,1.7127
2.660,0.090,0.0729,2.200943e-08,4.883741e-08,0,1.000e+06,1.7127
2.660,0.110,0.0806,4.013718e-08,6.076604e-08,0,1.000e+06,1.7127
2.660,0.130,0.0877,6.617410e-08,7.335348e-08,0,1.000e+06,1.7127
2.660,0.150,0.0942,1.015365e-07,8.672211e-08,0,1.000e+06,1.7127
2.660,0.170,0.1002,1.476339e-07,1.009938e-07,0,1.000e+06,1.7127
2.660,0.190,0.1060,2.058694e-07,1.162898e-07,0,1.000e+06,1.7127
2.660,0.210,0.1114,2.776396e-07,1.327308e-07,0,1.000e+06,1.7127
2.660,0.230,0.1166,3.643343e-07,1.504369e-07,0,1.000e+06,1.7127
2.660,0.250,0.1216,4.673371e-07,1.695277e-07,0,1.000e+06,1.7127
2.660,0.270,0.1263,5.880251e-07,1.901223e-07,0,1.000e+06,1.7127
2.660,0.290,0.1309,7.277689e-07,2.123391e-07,0,1.000e+06,1.7127
2.660,0.310,0.1354,8.879327e-07,2.362960e-07,0,1.000e+06,1.7127
2.660,0.330,0.1397,1.069875e-06,2.621104e-07,0,1.000e+06,1.7127
2.660,0.350,0.1438,1.274946e-06,2.898991e-07,0,1.000e+06,1.7127
2.660,0.370,0.1479,1.504493e-06,3.197784e-07,0,1.000e+06,1.7127
2.660,0.390,0.1518,1.759854e-06,3.518640e-07,0,1.000e+06,1.7127
2.660,0.410,0.1557,2.042363e-06,3.862712e-07,0,1.000e+06,1.7127
2.660,0.430,0.1594,2.353345e-06,4.231146e-07,0,1.000e+06,1.7127
2.660,0.450,0.1631,2.694123e-06,4.625085e-07,0,1.000e+06,1.7127
2.660,0.470,0.1667,3.066010e-06,5.045663e-07,0,1.000e+06,1.7127
2.660,0.490,0.1702,3.470316e-06,5.494013e-07,0,1.000e+06,1.7127
2.680,0.010,0.0251,3.361433e-11,5.644689e-09,0,1.000e+06,1.7127
2.680,0.030,0.0434,9.013188e-10,1.698043e-08,0,1.000e+06,1.7127
2.680,0.050,0.0561,4.166839e-09,2.849035e-08,0,1.000e+06,1.7127
2.680,0.070,0.0663,1.141915e-08,4.030871e-08,0,1.000e+06,1.7127
2.680,0.090,0.0752,2.423927e-08,5.256906e-08,0,1.000e+06,1.7127
2.680,0.110,0.0832,4.420034e-08,6.540431e-08,0,1.000e+06,1.7127
2.680,0.130,0.0904,7.286765e-08,7.894670e-08,0,1.000e+06,1.7127
2.680,0.150,0.0971,1.117987e-07,9.332782e-08,0,1.000e+06,1.7127
2.680,0.170,0.1034,1.625432e-07,1.086786e-07,0,1.000e+06,1.7127
2.680,0.190,0.1093,2.266432e-07,1.251293e-07,0,1.000e+06,1.7127
2.680,0.210,0.1149,3.056332e-07,1.428095e-07,0,1.000e+06,1.7127
2.680,0.230,0.1202,4.010398e-07,1.618483e-07,0,1.000e+06,1.7127
2.680,0.250,0.1254,5.143823e-07,1.823740e-07,0,1.000e+06,1.7127
2.680,0.270,0.1303,6.471725e-07,2.045144e-07,0,1.000e+06,1.7127
2.680,0.290,0.1350,8.009145e-07,2.283964e-07,0,1.000e+06,1.7127
2.680,0.310,0.1396,9.771052e-07,2.541465e-07,0,1.000e+06,1.7127
2.680,0.330,0.1440,1.177234e-06,2.818906e-07,0,1.000e+06,1.7127
2.680,0.350,0.1483,1.402783e-06,3.117540e-07,0,1.000e+06,1.7127
2.680,0.370,0.1525,1.655227e-06,3.438611e-07,0,1.000e+06,1.7127
2.680,0.390,0.1566,1.936034e-06,3.783360e-07,0,1.000e+06,1.7127
2.680,0.410,0.1605,2.246664e-06,4.153021e-07,0,1.000e+06,1.7127
2.680,0.430,0.1644,2.588570e-06,4.548821e-07,0,1.000e+06,1.7127
2.680,0.450,0.1682,2.963199e-06,4.971982e-07,0,1.000e+06,1.7127
2.680,0.470,0.1719,3.371989e-06,5.423721e-07,0,1.000e+06,1.7127
2.680,0.490,0.1755,3.816373e-06,5.905246e-07,0,1.000e+06,1.7127
2.700,0.010,0.0259,3.702080e-11,6.079620e-09,0,1.000e+06,1.7127
2.700,0.030,0.0448,9.930800e-10,1.828734e-08,0,1.000e+06,1.7127
2.700,0.050,0.0578,4.590763e-09,3.068070e-08,0,1.000e+06,1.7127
2.700,0.070,0.0684,1.257994e-08,4.340421e-08,0,1.000e+06,1.7127
2.700,0.090,0.0776,2.670117e-08,5.660162e-08,0,1.000e+06,1.7127
2.700,0.110,0.0858,4.868579e-08,7.041591e-08,0,1.000e+06,1.7127
2.700,0.130,0.0932,8.025597e-08,8.498931e-08,0,1.000e+06,1.7127
2.700,0.150,0.1001,1.231247e-07,1.004633e-07,0,1.000e+06,1.7127
2.700,0.170,0.1066,1.789961e-07,1.169786e-07,0,1.000e+06,1.7127
2.700,0.190,0.1127,2.495650e-07,1.346751e-07,0,1.000e+06,1.7127
2.700,0.210,0.1185,3.365174e-07,1.536922e-07,0,1.000e+06,1.7127
2.700,0.230,0.1240,4.415306e-07,1.741683e-07,0,1.000e+06,1.7127
2.700,0.250,0.1293,5.662729e-07,1.962413e-07,0,1.000e+06,1.7127
2.700,0.270,0.1344,7.124039e-07,2.200481e-07,0,1.000e+06,1.7127
2.700,0.290,0.1392,8.815744e-07,2.457251e-07,0,1.000e+06,1.7127
2.700,0.310,0.1440,1.075427e-06,2.734080e-07,0,1.000e+06,1.7127
2.700,0.330,0.1485,1.295594e-06,3.032316e-07,0,1.000e+06,1.7127
2.700,0.350,0.1530,1.543702e-06,3.353301e-07,0,1.000e+06,1.7127
2.700,0.370,0.1573,1.821367e-06,3.698371e-07,0,1.000e+06,1.7127
2.700,0.390,0.1615,2.130197e-06,4.068854e-07,0,1.000e+06,1.7127
2.700,0.410,0.1656,2.471793e-06,4.466071e-07,0,1.000e+06,1.7127
2.700,0.430,0.1695,2.847745e-06,4.891336e-07,0,1.000e+06,1.7127
2.700,0.450,0.1734,3.259636e-06,5.345957e-07,0,1.000e+06,1.7127
2.700,0.470,0.1773,3.709043e-06,5.831235e-07,0,1.000e+06,1.7127
2.700,0.490,0.1810,4.197531e-06,6.348463e-07,0,1.000e+06,1.7127
2.720,0.010,0.0267,4.078496e-11,6.550072e-09,0,1.000e+06,1.7127
2.720,0.030,0.0462,1.094465e-09,1.970078e-08,0,1.000e+06,1.7127
2.720,0.050,0.0596,5.059085e-09,3.304923e-08,0,1.000e+06,1.7127
2.720,0.070,0.0705,1.386213e-08,4.675105e-08,0,1.000e+06,1.7127
2.720,0.090,0.0800,2.942019e-08,6.096098e-08,0,1.000e+06,1.7127
2.720,0.110,0.0884,5.363907e-08,7.583287e-08,0,1.000e+06,1.7127
2.720,0.130,0.0961,8.841382e-08,9.151973e-08,0,1.000e+06,1.7127
2.720,0.150,0.1033,1.356288e-07,1.081737e-07,0,1.000e+06,1.7127
2.720,0.170,0.1099,1.971578e-07,1.259460e-07,0,1.000e+06,1.7127
2.720,0.190,0.1162,2.748642e-07,1.449872e-07,0,1.000e+06,1.7127
2.720,0.210,0.1222,3.706007e-07,1.654467e-07,0,1.000e+06,1.7127
2.720,0.230,0.1279,4.862098e-07,1.874734e-07,0,1.000e+06,1.7127
2.720,0.250,0.1333,6.235238e-07,2.112152e-07,0,1.000e+06,1.7127
2.720,0.270,0.1386,7.843644e-07,2.368191e-07,0,1.000e+06,1.7127
2.720,0.290,0.1436,9.705436e-07,2.644315e-07,0,1.000e+06,1.7127
2.720,0.310,0.1485,1.183863e-06,2.941978e-07,0,1.000e+06,1.7127
2.720,0.330,0.1532,1.426114e-06,3.262626e-07,0,1.000e+06,1.7127
2.720,0.350,0.1577,1.699079e-06,3.607699e-07,0,1.000e+06,1.7127
2.720,0.370,0.1622,2.004530e-06,3.978626e-07,0,1.000e+06,1.7127
2.720,0.390,0.1665,2.344228e-06,4.376830e-07,0,1.000e+06,1.7127
2.720,0.410,0.1707,2.719926e-06,4.803726e-07,0,1.000e+06,1.7127
2.720,0.430,0.1748,3.133367e-06,5.260722e-07,0,1.000e+06,1.7127
2.720,0.450,0.1789,3.586284e-06,5.749215e-07,0,1.000e+06,1.7127
2.720,0.470,0.1828,4.080399e-06,6.270597e-07,0,1.000e+06,1.7127
2.720,0.490,0.1867,4.617428e-06,6.826253e-07,0,1.000e+06,1.7127
2.740,0.010,0.0275,4.494593e-11,7.059157e-09,0,1.000e+06,1.7127
2.740,0.030,0.0476,1.206524e-09,2.123005e-08,0,1.000e+06,1.7127
2.740,0.050,0.0615,5.576643e-09,3.561148e-08,0,1.000e+06,1.7127
2.740,0.070,0.0728,1.527892e-08,5.037106e-08,0,1.000e+06,1.7127
2.740,0.090,0.0825,3.242423e-08,6.567541e-08,0,1.000e+06,1.7127
2.740,0.110,0.0912,5.911081e-08,8.169015e-08,0,1.000e+06,1.7127
2.740,0.130,0.0991,9.742430e-08,9.857989e-08,0,1.000e+06,1.7127
2.740,0.150,0.1065,1.494379e-07,1.165083e-07,0,1.000e+06,1.7127
2.740,0.170,0.1134,2.172123e-07,1.356380e-07,0,1.000e+06,1.7127
2.740,0.190,0.1199,3.027961e-07,1.561306e-07,0,1.000e+06,1.7127
2.740,0.210,0.1260,4.082256e-07,1.781470e-07,0,1.000e+06,1.7127
2.740,0.230,0.1319,5.355250e-07,2.018469e-07,0,1.000e+06,1.7127
2.740,0.250,0.1375,6.867064e-07,2.273891e-07,0,1.000e+06,1.7127
2.740,0.270,0.1429,8.637701e-07,2.549315e-07,0,1.000e+06,1.7127
2.740,0.290,0.1481,1.068705e-06,2.846310e-07,0,1.000e+06,1.7127
2.740,0.310,0.1531,1.303486e-06,3.166437e-07,0,1.000e+06,1.7127
2.740,0.330,0.1580,1.570080e-06,3.511246e-07,0,1.000e+06,1.7127
2.740,0.350,0.1627,1.870440e-06,3.882280e-07,0,1.000e+06,1.7127
2.740,0.370,0.1673,2.206508e-06,4.281070e-07,0,1.000e+06,1.7127
2.740,0.390,0.1717,2.580213e-06,4.709142e-07,0,1.000e+06,1.7127
2.740,0.410,0.1761,2.993476e-06,5.168010e-07,0,1.000e+06,1.7127
2.740,0.430,0.1803,3.448205e-06,5.659179e-07,0,1.000e+06,1.7127
2.740,0.450,0.1845,3.946295e-06,6.184147e-07,0,1.000e+06,1.7127
2.740,0.470,0.1885,4.489633e-06,6.744402e-07,0,1.000e+06,1.7127
2.740,0.490,0.1925,5.080093e-06,7.341424e-07,0,1.000e+06,1.7127
2.760,0.010,0.0284,4.954738e-11,7.610281e-09,0,1.000e+06,1.7127
2.760,0.030,0.0491,1.330429e-09,2.288533e-08,0,1.000e+06,1.7127
2.760,0.050,0.0634,6.148825e-09,3.838439e-08,0,1.000e+06,1.7127
2.760,0.070,0.0750,1.684501e-08,5.428807e-08,0,1.000e+06,1.7127
2.760,0.090,0.0851,3.574435e-08,7.077581e-08,0,1.000e+06,1.7127
2.760,0.110,0.0941,6.515738e-08,8.802592e-08,0,1.000e+06,1.7127
2.760,0.130,0.1023,1.073799e-07,1.062156e-07,0,1.000e+06,1.7127
2.760,0.150,0.1098,1.646931e-07,1.255208e-07,0,1.000e+06,1.7127
2.760,0.170,0.1169,2.393638e-07,1.461166e-07,0,1.000e+06,1.7127
2.760,0.190,0.1236,3.336444e-07,1.681766e-07,0,1.000e+06,1.7127
2.760,0.210,0.1300,4.497728e-07,1.918738e-07,0,1.000e+06,1.7127
2.760,0.230,0.1360,5.899733e-07,2.173796e-07,0,1.000e+06,1.7127
2.760,0.250,0.1418,7.564556e-07,2.448646e-07,0,1.000e+06,1.7127
2.760,0.270,0.1474,9.514158e-07,2.744983e-07,0,1.000e+06,1.7127
2.760,0.290,0.1527,1.177036e-06,3.064491e-07,0,1.000e+06,1.7127
2.760,0.310,0.1579,1.435485e-06,3.408844e-07,0,1.000e+06,1.7127
2.760,0.330,0.1629,1.728918e-06,3.779704e-07,0,1.000e+06,1.7127
2.760,0.350,0.1678,2.059476e-06,4.178724e-07,0,1.000e+06,1.7127
2.760,0.370,0.1725,2.429286e-06,4.607546e-07,0,1.000e+06,1.7127
2.760,0.390,0.1771,2.840465e-06,5.067803e-07,0,1.000e+06,1.7127
2.760,0.410,0.1816,3.295114e-06,5.561115e-07,0,1.000e+06,1.7127
2.760,0.430,0.1860,3.795320e-06,6.089096e-07,0,1.000e+06,1.7127
2.760,0.450,0.1902,4.343160e-06,6.653346e-07,0,1.000e+06,1.7127
2.760,0.470,0.1944,4.940697e-06,7.255458e-07,0,1.000e+06,1.7127
2.760,0.490,0.1985,5.589980e-06,7.897013e-07,0,1.000e+06,1.7127
2.780,0.010,0.0292,5.463797e-11,8.207176e-09,0,1.000e+06,1.7127
2.780,0.030,0.0507,1.467487e-09,2.467777e-08,0,1.000e+06,1.7127
2.780,0.050,0.0654,6.781642e-09,4.138655e-08,0,1.000e+06,1.7127
2.780,0.070,0.0774,1.857679e-08,5.852815e-08,0,1.000e+06,1.7127
2.780,0.090,0.0877,3.941515e-08,7.629593e-08,0,1.000e+06,1.7127
2.780,0.110,0.0970,7.184155e-08,9.488189e-08,0,1.000e+06,1.7127
2.780,0.130,0.1055,1.183836e-07,1.144768e-07,0,1.000e+06,1.7127
2.780,0.150,0.1133,1.815518e-07,1.352700e-07,0,1.000e+06,1.7127
2.780,0.170,0.1206,2.638398e-07,1.574497e-07,0,1.000e+06,1.7127
2.780,0.190,0.1275,3.677243e-07,1.812028e-07,0,1.000e+06,1.7127
2.780,0.210,0.1340,4.956656e-07,2.067149e-07,0,1.000e+06,1.7127
2.780,0.230,0.1403,6.501071e-07,2.341703e-07,0,1.000e+06,1.7127
2.780,0.250,0.1462,8.334763e-07,2.637524e-07,0,1.000e+06,1.7127
2.780,0.270,0.1520,1.048184e-06,2.956429e-07,0,1.000e+06,1.7127
2.780,0.290,0.1575,1.296625e-06,3.300226e-07,0,1.000e+06,1.7127
2.780,0.310,0.1629,1.581179e-06,3.670710e-07,0,1.000e+06,1.7127
2.780,0.330,0.1680,1.904208e-06,4.069663e-07,0,1.000e+06,1.7127
2.780,0.350,0.1730,2.268061e-06,4.498858e-07,0,1.000e+06,1.7127
2.780,0.370,0.1779,2.675068e-06,4.960054e-07,0,1.000e+06,1.7127
2.780,0.390,0.1827,3.127546e-06,5.454997e-07,0,1.000e+06,1.7127
2.780,0.410,0.1873,3.627797e-06,5.985426e-07,0,1.000e+06,1.7127
2.780,0.430,0.1918,4.178106e-06,6.553065e-07,0,1.000e+06,1.7127
2.780,0.450,0.1962,4.780744e-06,7.159626e-07,0,1.000e+06,1.7127
2.780,0.470,0.2005,5.437967e-06,7.806813e-07,0,1.000e+06,1.7127
2.780,0.490,0.2047,6.152015e-06,8.496316e-07,0,1.000e+06,1.7127
2.800,0.010,0.0302,6.027207e-11,8.853929e-09,0,1.000e+06,1.7127
2.800,0.030,0.0523,1.619157e-09,2.661957e-08,0,1.000e+06,1.7127
2.800,0.050,0.0675,7.481795e-09,4.463826e-08,0,1.000e+06,1.7127
2.800,0.070,0.0798,2.049253e-08,6.311986e-08,0,1.000e+06,1.7127
2.800,0.090,0.0905,4.347519e-08,8.227271e-08,0,1.000e+06,1.7127
2.800,0.110,0.1001,7.923325e-08,1.023037e-07,0,1.000e+06,1.7127
2.800,0.130,0.1088,1.305500e-07,1.234181e-07,0,1.000e+06,1.7127
2.800,0.150,0.1168,2.001888e-07,1.458199e-07,0,1.000e+06,1.7127
2.800,0.170,0.1244,2.908931e-07,1.697114e-07,0,1.000e+06,1.7127
2.800,0.190,0.1315,4.053868e-07,1.952936e-07,0,1.000e+06,1.7127
2.800,0.210,0.1382,5.463743e-07,2.227662e-07,0,1.000e+06,1.7127
2.800,0.230,0.1447,7.165408e-07,2.523271e-07,0,1.000e+06,1.7127
2.800,0.250,0.1508,9.185521e-07,2.841731e-07,0,1.000e+06,1.7127
2.800,0.270,0.1568,1.155055e-06,3.184995e-07,0,1.000e+06,1.7127
2.800,0.290,0.1625,1.428679e-06,3.555002e-07,0,1.000e+06,1.7127
2.800,0.310,0.1680,1.742032e-06,3.953677e-07,0,1.000e+06,1.7127
2.800,0.330,0.1733,2.097707e-06,4.382933e-07,0,1.000e+06,1.7127
2.800,0.350,0.1785,2.498276e-06,4.844668e-07,0,1.000e+06,1.7127
2.800,0.370,0.1835,2.946294e-06,5.340766e-07,0,1.000e+06,1.7127
2.800,0.390,0.1884,3.444297e-06,5.873100e-07,0,1.000e+06,1.7127
2.800,0.410,0.1932,3.994806e-06,6.443528e-07,0,1.000e+06,1.7127
2.800,0.430,0.1978,4.600320e-06,7.053896e-07,0,1.000e+06,1.7127
2.800,0.450,0.2024,5.263325e-06,7.706036e-07,0,1.000e+06,1.7127
2.800,0.470,0.2068,5.986286e-06,8.401768e-07,0,1.000e+06,1.7127
2.800,0.490,0.2112,6.771654e-06,9.142900e-07,0,1.000e+06,1.7127
2.820,0.010,0.0311,6.651038e-11,9.555024e-09,0,1.000e+06,1.7127
2.820,0.030,0.0539,1.787063e-09,2.872410e-08,0,1.000e+06,1.7127
2.820,0.050,0.0696,8.256765e-09,4.816179e-08,0,1.000e+06,1.7127
2.820,0.070,0.0823,2.261259e-08,6.809441e-08,0,1.000e+06,1.7127
2.820,0.090,0.0933,4.796746e-08,8.874657e-08,0,1.000e+06,1.7127
2.820,0.110,0.1032,8.741045e-08,1.103411e-07,0,1.000e+06,1.7127
2.820,0.130,0.1122,1.440070e-07,1.330993e-07,0,1.000e+06,1.7127
2.820,0.150,0.1205,2.207991e-07,1.572405e-07,0,1.000e+06,1.7127
2.820,0.170,0.1283,3.208056e-07,1.829826e-07,0,1.000e+06,1.7127
2.820,0.190,0.1356,4.470225e-07,2.105417e-07,0,1.000e+06,1.7127
2.820,0.210,0.1426,6.024228e-07,2.401323e-07,0,1.000e+06,1.7127
2.820,0.230,0.1492,7.899572e-07,2.719673e-07,0,1.000e+06,1.7127
2.820,0.250,0.1556,1.012554e-06,3.062581e-07,0,1.000e+06,1.7127
2.820,0.270,0.1617,1.273119e-06,3.432142e-07,0,1.000e+06,1.7127
2.820,0.290,0.1676,1.574538e-06,3.830438e-07,0,1.000e+06,1.7127
2.820,0.310,0.1732,1.919672e-06,4.259534e-07,0,1.000e+06,1.7127
2.820,0.330,0.1787,2.311362e-06,4.721480e-07,0,1.000e+06,1.7127
2.820,0.350,0.1841,2.752429e-06,5.218311e-07,0,1.000e+06,1.7127
2.820,0.370,0.1893,3.245671e-06,5.752045e-07,0,1.000e+06,1.7127
2.820,0.390,0.1943,3.793867e-06,6.324688e-07,0,1.000e+06,1.7127
2.820,0.410,0.1992,4.399773e-06,6.938228e-07,0,1.000e+06,1.7127
2.820,0.430,0.2040,5.066126e-06,7.594639e-07,0,1.000e+06,1.7127
2.820,0.450,0.2087,5.795642e-06,8.295883e-07,0,1.000e+06,1.7127
2.820,0.470,0.2133,6.591018e-06,9.043903e-07,0,1.000e+06,1.7127
2.820,0.490,0.2178,7.454930e-06,9.840632e-07,0,1.000e+06,1.7127
2.840,0.010,0.0321,7.342075e-11,1.031538e-08,0,1.000e+06,1.7127
2.840,0.030,0.0556,1.973025e-09,3.100604e-08,0,1.000e+06,1.7127
2.840,0.050,0.0718,9.114903e-09,5.198153e-08,0,1.000e+06,1.7127
2.840,0.070,0.0849,2.495973e-08,7.348604e-08,0,1.000e+06,1.7127
2.840,0.090,0.0963,5.293997e-08,9.576175e-08,0,1.000e+06,1.7127
2.840,0.110,0.1064,9.646008e-08,1.190489e-07,0,1.000e+06,1.7127
2.840,0.130,0.1157,1.588969e-07,1.435856e-07,0,1.000e+06,1.7127
2.840,0.150,0.1243,2.435998e-07,1.696084e-07,0,1.000e+06,1.7127
2.840,0.170,0.1323,3.538910e-07,1.973516e-07,0,1.000e+06,1.7127
2.840,0.190,0.1399,4.930659e-07,2.270477e-07,0,1.000e+06,1.7127
2.840,0.210,0.1471,6.643935e-07,2.589274e-07,0,1.000e+06,1.7127
2.840,0.230,0.1539,8.711162e-07,2.932194e-07,0,1.000e+06,1.7127
2.840,0.250,0.1605,1.116450e-06,3.301507e-07,0,1.000e+06,1.7127
2.840,0.270,0.1668,1.403587e-06,3.699464e-07,0,1.000e+06,1.7127
2.840,0.290,0.1728,1.735691e-06,4.128299e-07,0,1.000e+06,1.7127
2.840,0.310,0.1787,2.115902e-06,4.590227e-07,0,1.000e+06,1.7127
2.840,0.330,0.1844,2.547336e-06,5.087445e-07,0,1.000e+06,1.7127
2.840,0.350,0.1899,3.033081e-06,5.622135e-07,0,1.000e+06,1.7127
2.840,0.370,0.1952,3.576205e-06,6.196458e-07,0,1.000e+06,1.7127
2.840,0.390,0.2004,4.179747e-06,6.812561e-07,0,1.000e+06,1.7127
2.840,0.410,0.2055,4.846726e-06,7.472573e-07,0,1.000e+06,1.7127
2.840,0.430,0.2105,5.580135e-06,8.178606e-07,0,1.000e+06,1.7127
2.840,0.450,0.2153,6.382943e-06,8.932754e-07,0,1.000e+06,1.7127
2.840,0.470,0.2200,7.258097e-06,9.737098e-07,0,1.000e+06,1.7127
2.840,0.490,0.2247,8.208520e-06,1.059370e-06,0,1.000e+06,1.7127
2.860,0.010,0.0331,8.107905e-11,1.114039e-08,0,1.000e+06,1.7127
2.860,0.030,0.0573,2.179073e-09,3.348147e-08,0,1.000e+06,1.7127
2.860,0.050,0.0740,1.006554e-08,5.612425e-08,0,1.000e+06,1.7127
2.860,0.070,0.0876,2.755936e-08,7.933225e-08,0,1.000e+06,1.7127
2.860,0.090,0.0993,5.844626e-08,1.033667e-07,0,1.000e+06,1.7127
2.860,0.110,0.1098,1.064792e-07,1.284866e-07,0,1.000e+06,1.7127
2.860,0.130,0.1194,1.753786e-07,1.549486e-07,0,1.000e+06,1.7127
2.860,0.150,0.1282,2.688330e-07,1.830073e-07,0,1.000e+06,1.7127
2.860,0.170,0.1365,3.904989e-07,2.129151e-07,0,1.000e+06,1.7127
2.860,0.190,0.1443,5.440016e-07,2.449219e-07,0,1.000e+06,1.7127
2.860,0.210,0.1517,7.329353e-07,2.792760e-07,0,1.000e+06,1.7127
2.860,0.230,0.1588,9.608634e-07,3.162231e-07,0,1.000e+06,1.7127
2.860,0.250,0.1655,1.231319e-06,3.560072e-07,0,1.000e+06,1.7127
2.860,0.270,0.1720,1.547805e-06,3.988698e-07,0,1.000e+06,1.7127
2.860,0.290,0.1783,1.913794e-06,4.450506e-07,0,1.000e+06,1.7127
2.860,0.310,0.1843,2.332731e-06,4.947874e-07,0,1.000e+06,1.7127
2.860,0.330,0.1902,2.808030e-06,5.483157e-07,0,1.000e+06,1.7127
2.860,0.350,0.1959,3.343076e-06,6.058691e-07,0,1.000e+06,1.7127
2.860,0.370,0.2014,3.941227e-06,6.676793e-07,0,1.000e+06,1.7127
2.860,0.390,0.2067,4.605812e-06,7.339761e-07,0,1.000e+06,1.7127
2.860,0.410,0.2120,5.340131e-06,8.049872e-07,0,1.000e+06,1.7127
2.860,0.430,0.2171,6.147459e-06,8.809385e-07,0,1.000e+06,1.7127
2.860,0.450,0.2221,7.031041e-06,9.620540e-07,0,1.000e+06,1.7127
2.860,0.470,0.2270,7.994096e-06,1.048556e-06,0,1.000e+06,1.7127
2.860,0.490,0.2317,9.039817e-06,1.140664e-06,0,1.000e+06,1.7127
2.880,0.010,0.0342,8.957020e-11,1.203599e-08,0,1.000e+06,1.7127
2.880,0.030,0.0592,2.407482e-09,3.616807e-08,0,1.000e+06,1.7127
2.880,0.050,0.0764,1.111912e-08,6.061930e-08,0,1.000e+06,1.7127
2.880,0.070,0.0904,3.043986e-08,8.567417e-08,0,1.000e+06,1.7127
2.880,0.090,0.1025,6.454617e-08,1.116146e-07,0,1.000e+06,1.7127
2.880,0.110,0.1133,1.175760e-07,1.387197e-07,0,1.000e+06,1.7127
2.880,0.130,0.1231,1.936294e-07,1.672664e-07,0,1.000e+06,1.7127
2.880,0.150,0.1323,2.967687e-07,1.975288e-07,0,1.000e+06,1.7127
2.880,0.170,0.1408,4.310191e-07,2.297785e-07,0,1.000e+06,1.7127
2.880,0.190,0.1489,6.003691e-07,2.642847e-07,0,1.000e+06,1.7127
2.880,0.210,0.1565,8.087707e-07,3.013142e-07,0,1.000e+06,1.7127
2.880,0.230,0.1638,1.060140e-06,3.411313e-07,0,1.000e+06,1.7127
2.880,0.250,0.1708,1.358358e-06,3.839979e-07,0,1.000e+06,1.7127
2.880,0.270,0.1775,1.707271e-06,4.301734e-07,0,1.000e+06,1.7127
2.880,0.290,0.1839,2.110689e-06,4.799153e-07,0,1.000e+06,1.7127
2.880,0.310,0.1901,2.572388e-06,5.334782e-07,0,1.000e+06,1.7127
2.880,0.330,0.1962,3.096112e-06,5.911148e-07,0,1.000e+06,1.7127
2.880,0.350,0.2020,3.685569e-06,6.530755e-07,0,1.000e+06,1.7127
2.880,0.370,0.2077,4.344436e-06,7.196083e-07,0,1.000e+06,1.7127
2.880,0.390,0.2133,5.076356e-06,7.909591e-07,0,1.000e+06,1.7127
2.880,0.410,0.2187,5.884938e-06,8.673717e-07,0,1.000e+06,1.7127
2.880,0.430,0.2239,6.773763e-06,9.490874e-07,0,1.000e+06,1.7127
2.880,0.450,0.2291,7.746377e-06,1.036346e-06,0,1.000e+06,1.7127
2.880,0.470,0.2341,8.806295e-06,1.129384e-06,0,1.000e+06,1.7127
2.880,0.490,0.2391,9.957002e-06,1.228437e-06,0,1.000e+06,1.7127
2.900,0.010,0.0352,9.898931e-11,1.300871e-08,0,1.000e+06,1.7127
2.900,0.030,0.0610,2.660795e-09,3.908525e-08,0,1.000e+06,1.7127
2.900,0.050,0.0788,1.228731e-08,6.549890e-08,0,1.000e+06,1.7127
2.900,0.070,0.0932,3.363298e-08,9.255691e-08,0,1.000e+06,1.7127
2.900,0.090,0.1057,7.130656e-08,1.205635e-07,0,1.000e+06,1.7127
2.900,0.110,0.1168,1.298717e-07,1.498200e-07,0,1.000e+06,1.7127
2.900,0.130,0.1270,2.138473e-07,1.806247e-07,0,1.000e+06,1.7127
2.900,0.150,0.1364,3.277084e-07,2.132730e-07,0,1.000e+06,1.7127
2.900,0.170,0.1453,4.758865e-07,2.480574e-07,0,1.000e+06,1.7127
2.900,0.190,0.1536,6.627700e-07,2.852677e-07,0,1.000e+06,1.7127
2.900,0.210,0.1614,8.927048e-07,3.251907e-07,0,1.000e+06,1.7127
2.900,0.230,0.1690,1.169995e-06,3.681106e-07,0,1.000e+06,1.7127
2.900,0.250,0.1762,1.498903e-06,4.143087e-07,0,1.000e+06,1.7127
2.900,0.270,0.1831,1.883651e-06,4.640638e-07,0,1.000e+06,1.7127
2.900,0.290,0.1897,2.328420e-06,5.176518e-07,0,1.000e+06,1.7127
2.900,0.310,0.1962,2.837351e-06,5.753462e-07,0,1.000e+06,1.7127
2.900,0.330,0.2024,3.414546e-06,6.374177e-07,0,1.000e+06,1.7127
2.900,0.350,0.2084,4.064067e-06,7.041345e-07,0,1.000e+06,1.7127
2.900,0.370,0.2143,4.789938e-06,7.757622e-07,0,1.000e+06,1.7127
2.900,0.390,0.2200,5.596146e-06,8.525640e-07,0,1.000e+06,1.7127
2.900,0.410,0.2256,6.486638e-06,9.348006e-07,0,1.000e+06,1.7127
2.900,0.430,0.2310,7.465327e-06,1.022730e-06,0,1.000e+06,1.7127
2.900,0.450,0.2363,8.536085e-06,1.116608e-06,0,1.000e+06,1.7127
2.900,0.470,0.2415,9.702752e-06,1.216688e-06,0,1.000e+06,1.7127
2.900,0.490,0.2466,1.096913e-05,1.323222e-06,0,1.000e+06,1.7127
2.920,0.010,0.0363,1.094429e-10,1.406571e-08,0,1.000e+06,1.7127
2.920,0.030,0.0630,2.941863e-09,4.225435e-08,0,1.000e+06,1.7127
2.920,0.050,0.0813,1.358318e-08,7.079846e-08,0,1.000e+06,1.7127
2.920,0.070,0.0962,3.717423e-08,1.000300e-07,0,1.000e+06,1.7127
2.920,0.090,0.1090,7.880219e-08,1.302775e-07,0,1.000e+06,1.7127
2.920,0.110,0.1205,1.435012e-07,1.618661e-07,0,1.000e+06,1.7127
2.920,0.130,0.1310,2.362532e-07,1.951173e-07,0,1.000e+06,1.7127
2.920,0.150,0.1408,3.619884e-07,2.303497e-07,0,1.000e+06,1.7127
2.920,0.170,0.1499,5.255861e-07,2.678782e-07,0,1.000e+06,1.7127
2.920,0.190,0.1584,7.318752e-07,3.080147e-07,0,1.000e+06,1.7127
2.920,0.210,0.1666,9.856351e-07,3.510678e-07,0,1.000e+06,1.7127
2.920,0.230,0.1743,1.291596e-06,3.973430e-07,0,1.000e+06,1.7127
2.920,0.250,0.1817,1.654440e-06,4.471426e-07,0,1.000e+06,1.7127
2.920,0.270,0.1889,2.078801e-06,5.007658e-07,0,1.000e+06,1.7127
2.920,0.290,0.1957,2.569266e-06,5.585089e-07,0,1.000e+06,1.7127
2.920,0.310,0.2024,3.130376e-06,6.206650e-07,0,1.000e+06,1.7127
2.920,0.330,0.2088,3.766625e-06,6.875244e-07,0,1.000e+06,1.7127
2.920,0.350,0.2150,4.482461e-06,7.593743e-07,0,1.000e+06,1.7127
2.920,0.370,0.2211,5.282290e-06,8.364992e-07,0,1.000e+06,1.7127
2.920,0.390,0.2270,6.170470e-06,9.191806e-07,0,1.000e+06,1.7127
2.920,0.410,0.2327,7.151319e-06,1.007697e-06,0,1.000e+06,1.7127
2.920,0.430,0.2383,8.229109e-06,1.102325e-06,0,1.000e+06,1.7127
2.920,0.450,0.2438,9.408071e-06,1.203337e-06,0,1.000e+06,1.7127
2.920,0.470,0.2492,1.069239e-05,1.311004e-06,0,1.000e+06,1.7127
2.920,0.490,0.2544,1.208622e-05,1.425593e-06,0,1.000e+06,1.7127
2.940,0.010,0.0375,1.210506e-10,1.521490e-08,0,1.000e+06,1.7127
2.940,0.030,0.0650,3.253879e-09,4.569883e-08,0,1.000e+06,1.7127
2.940,0.050,0.0839,1.502136e-08,7.655690e-08,0,1.000e+06,1.7127
2.940,0.070,0.0992,4.110337e-08,1.081479e-07,0,1.000e+06,1.7127
2.940,0.090,0.1125,8.711672e-08,1.408267e-07,0,1.000e+06,1.7127
2.940,0.110,0.1244,1.586160e-07,1.749440e-07,0,1.000e+06,1.7127
2.940,0.130,0.1352,2.610943e-07,2.108471e-07,0,1.000e+06,1.7127
2.940,0.150,0.1452,3.999845e-07,2.488789e-07,0,1.000e+06,1.7127
2.940,0.170,0.1546,5.806594e-07,2.893790e-07,0,1.000e+06,1.7127
2.940,0.190,0.1635,8.084333e-07,3.326830e-07,0,1.000e+06,1.7127
2.940,0.210,0.1718,1.088562e-06,3.791230e-07,0,1.000e+06,1.7127
2.940,0.230,0.1798,1.426245e-06,4.290273e-07,0,1.000e+06,1.7127
2.940,0.250,0.1875,1.826623e-06,4.827208e-07,0,1.000e+06,1.7127
2.940,0.270,0.1949,2.294785e-06,5.405249e-07,0,1.000e+06,1.7127
2.940,0.290,0.2019,2.835760e-06,6.027573e-07,0,1.000e+06,1.7127
2.940,0.310,0.2088,3.454527e-06,6.697325e-07,0,1.000e+06,1.7127
2.940,0.330,0.2154,4.156009e-06,7.417615e-07,0,1.000e+06,1.7127
2.940,0.350,0.2218,4.945077e-06,8.191521e-07,0,1.000e+06,1.7127
2.940,0.370,0.2281,5.826551e-06,9.022085e-07,0,1.000e+06,1.7127
2.940,0.390,0.2342,6.805198e-06,9.912321e-07,0,1.000e+06,1.7127
2.940,0.410,0.2401,7.885734e-06,1.086521e-06,0,1.000e+06,1.7127
2.940,0.430,0.2459,9.072827e-06,1.188369e-06,0,1.000e+06,1.7127
2.940,0.450,0.2516,1.037109e-05,1.297069e-06,0,1.000e+06,1.7127
2.940,0.470,0.2571,1.178510e-05,1.412910e-06,0,1.000e+06,1.7127
2.940,0.490,0.2625,1.331938e-05,1.536176e-06,0,1.000e+06,1.7127
2.960,0.010,0.0387,1.339464e-10,1.646496e-08,0,1.000e+06,1.7127
2.960,0.030,0.0670,3.600426e-09,4.944455e-08,0,1.000e+06,1.7127
2.960,0.050,0.0865,1.661826e-08,8.281703e-08,0,1.000e+06,1.7127
2.960,0.070,0.1024,4.546494e-08,1.169704e-07,0,1.000e+06,1.7127
2.960,0.090,0.1161,9.634377e-08,1.522879e-07,0,1.000e+06,1.7127
2.960,0.110,0.1283,1.753850e-07,1.891486e-07,0,1.000e+06,1.7127
2.960,0.130,0.1395,2.886468e-07,2.279267e-07,0,1.000e+06,1.7127
2.960,0.150,0.1499,4.421165e-07,2.689924e-07,0,1.000e+06,1.7127
2.960,0.170,0.1595,6.417113e-07,3.127113e-07,0,1.000e+06,1.7127
2.960,0.190,0.1687,8.932796e-07,3.594448e-07,0,1.000e+06,1.7127
2.960,0.210,0.1773,1.202602e-06,4.095502e-07,0,1.000e+06,1.7127
2.960,0.230,0.1856,1.575392e-06,4.633807e-07,0,1.000e+06,1.7127
2.960,0.250,0.1935,2.017297e-06,5.212851e-07,0,1.000e+06,1.7127
2.960,0.270,0.2010,2.533901e-06,5.836086e-07,0,1.000e+06,1.7127
2.960,0.290,0.2084,3.130720e-06,6.506922e-07,0,1.000e+06,1.7127
2.960,0.310,0.2154,3.813212e-06,7.228731e-07,0,1.000e+06,1.7127
2.960,0.330,0.2223,4.586768e-06,8.004845e-07,0,1.000e+06,1.7127
2.960,0.350,0.2289,5.456721e-06,8.838560e-07,0,1.000e+06,1.7127
2.960,0.370,0.2354,6.428341e-06,9.733133e-07,0,1.000e+06,1.7127
2.960,0.390,0.2416,7.506841e-06,1.069178e-06,0,1.000e+06,1.7127
2.960,0.410,0.2477,8.697373e-06,1.171770e-06,0,1.000e+06,1.7127
2.960,0.430,0.2537,1.000503e-05,1.281403e-06,0,1.000e+06,1.7127
2.960,0.450,0.2596,1.143486e-05,1.398388e-06,0,1.000e+06,1.7127
2.960,0.470,0.2653,1.299183e-05,1.523034e-06,0,1.000e+06,1.7127
2.960,0.490,0.2708,1.468087e-05,1.655645e-06,0,1.000e+06,1.7127
2.980,0.010,0.0399,1.482810e-10,1.782550e-08,0,1.000e+06,1.7127
2.980,0.030,0.0692,3.985523e-09,5.351995e-08,0,1.000e+06,1.7127
2.980,0.050,0.0893,1.839228e-08,8.962595e-08,0,1.000e+06,1.7127
2.980,0.070,0.1056,5.030884e-08,1.265632e-07,0,1.000e+06,1.7127
2.980,0.090,0.1198,1.065882e-07,1.647460e-07,0,1.000e+06,1.7127
2.980,0.110,0.1324,1.939977e-07,2.045836e-07,0,1.000e+06,1.7127
2.980,0.130,0.1440,3.192197e-07,2.464801e-07,0,1.000e+06,1.7127
2.980,0.150,0.1546,4.888538e-07,2.908345e-07,0,1.000e+06,1.7127
2.980,0.170,0.1646,7.094173e-07,3.380409e-07,0,1.000e+06,1.7127
2.980,0.190,0.1740,9.873471e-07,3.884885e-07,0,1.000e+06,1.7127
2.980,0.210,0.1830,1.329000e-06,4.425618e-07,0,1.000e+06,1.7127
2.980,0.230,0.1915,1.740657e-06,5.006404e-07,0,1.000e+06,1.7127
2.980,0.250,0.1996,2.228518e-06,5.630994e-07,0,1.000e+06,1.7127
2.980,0.270,0.2075,2.798710e-06,6.303091e-07,0,1.000e+06,1.7127
2.980,0.290,0.2150,3.457286e-06,7.026356e-07,0,1.000e+06,1.7127
2.980,0.310,0.2223,4.210222e-06,7.804403e-07,0,1.000e+06,1.7127
2.980,0.330,0.2294,5.063425e-06,8.640803e-07,0,1.000e+06,1.7127
2.980,0.350,0.2362,6.022730e-06,9.539084e-07,0,1.000e+06,1.7127
2.980,0.370,0.2429,7.093899e-06,1.050273e-06,0,1.000e+06,1.7127
2.980,0.390,0.2493,8.282629e-06,1.153519e-06,0,1.000e+06,1.7127
2.980,0.410,0.2556,9.594546e-06,1.263986e-06,0,1.000e+06,1.7127
2.980,0.430,0.2618,1.103521e-05,1.382010e-06,0,1.000e+06,1.7127
2.980,0.450,0.2678,1.261011e-05,1.507924e-06,0,1.000e+06,1.7127
2.980,0.470,0.2737,1.432468e-05,1.642056e-06,0,1.000e+06,1.7127
2.980,0.490,0.2795,1.618429e-05,1.784730e-06,0,1.000e+06,1.7127
3.000,0.010,0.0412,1.642235e-10,1.930709e-08,0,1.000e+06,1.7127
3.000,0.030,0.0714,4.413685e-09,5.795640e-08,0,1.000e+06,1.7127
3.000,0.050,0.0921,2.036407e-08,9.703554e-08,0,1.000e+06,1.7127
3.000,0.070,0.1090,5.569106e-08,1.369986e-07,0,1.000e+06,1.7127
3.000,0.090,0.1236,1.179677e-07,1.782938e-07,0,1.000e+06,1.7127
3.000,0.110,0.1366,2.146660e-07,2.213631e-07,0,1.000e+06,1.7127
3.000,0.130,0.1485,3.531589e-07,2.666428e-07,0,1.000e+06,1.7127
3.000,0.150,0.1596,5.407214e-07,3.145633e-07,0,1.000e+06,1.7127
3.000,0.170,0.1699,7.845327e-07,3.655494e-07,0,1.000e+06,1.7127
3.000,0.190,0.1796,1.091678e-06,4.200203e-07,0,1.000e+06,1.7127
3.000,0.210,0.1888,1.469148e-06,4.783897e-07,0,1.000e+06,1.7127
3.000,0.230,0.1976,1.923844e-06,5.410658e-07,0,1.000e+06,1.7127
3.000,0.250,0.2060,2.462576e-06,6.084516e-07,0,1.000e+06,1.7127
3.000,0.270,0.2141,3.092066e-06,6.809449e-07,0,1.000e+06,1.7127
3.000,0.290,0.2219,3.818950e-06,7.589382e-07,0,1.000e+06,1.7127
3.000,0.310,0.2294,4.649777e-06,8.428191e-07,0,1.000e+06,1.7127
3.000,0.330,0.2367,5.591012e-06,9.329700e-07,0,1.000e+06,1.7127
3.000,0.350,0.2437,6.649038e-06,1.029769e-06,0,1.000e+06,1.7127
3.000,0.370,0.2506,7.830155e-06,1.133588e-06,0,1.000e+06,1.7127
3.000,0.390,0.2573,9.140585e-06,1.244795e-06,0,1.000e+06,1.7127
3.000,0.410,0.2638,1.058647e-05,1.363755e-06,0,1.000e+06,1.7127
3.000,0.430,0.2702,1.217387e-05,1.490826e-06,0,1.000e+06,1.7127
3.000,0.450,0.2764,1.390877e-05,1.626361e-06,0,1.000e+06,1.7127
3.000,0.470,0.2825,1.579710e-05,1.770711e-06,0,1.000e+06,1.7127
3.000,0.490,0.2884,1.784468e-05,1.924222e-06,0,1.000e+06,1.7127
3.020,0.010,0.0425,1.819645e-10,2.092140e-08,0,1.000e+06,1.7127
3.020,0.030,0.0736,4.889987e-09,6.278850e-08,0,1.000e+06,1.7127
3.020,0.050,0.0951,2.255682e-08,1.051030e-07,0,1.000e+06,1.7127
3.020,0.070,0.1125,6.167442e-08,1.483565e-07,0,1.000e+06,1.7127
3.020,0.090,0.1276,1.306139e-07,1.930337e-07,0,1.000e+06,1.7127
3.020,0.110,0.1410,2.376277e-07,2.396125e-07,0,1.000e+06,1.7127
3.020,0.130,0.1533,3.908516e-07,2.885639e-07,0,1.000e+06,1.7127
3.020,0.150,0.1647,5.983069e-07,3.403524e-07,0,1.000e+06,1.7127
3.020,0.170,0.1753,8.679021e-07,3.954359e-07,0,1.000e+06,1.7127
3.020,0.190,0.1853,1.207435e-06,4.542659e-07,0,1.000e+06,1.7127
3.020,0.210,0.1948,1.624596e-06,5.172877e-07,0,1.000e+06,1.7127
3.020,0.230,0.2039,2.126967e-06,5.849402e-07,0,1.000e+06,1.7127
3.020,0.250,0.2126,2.722026e-06,6.576565e-07,0,1.000e+06,1.7127
3.020,0.270,0.2209,3.417147e-06,7.358636e-07,0,1.000e+06,1.7127
3.020,0.290,0.2290,4.219605e-06,8.199825e-07,0,1.000e+06,1.7127
3.020,0.310,0.2367,5.136571e-06,9.104287e-07,0,1.000e+06,1.7127
3.020,0.330,0.2443,6.175123e-06,1.007612e-06,0,1.000e+06,1.7127
3.020,0.350,0.2515,7.342239e-06,1.111936e-06,0,1.000e+06,1.7127
3.020,0.370,0.2586,8.644806e-06,1.223800e-06,0,1.000e+06,1.7127
3.020,0.390,0.2655,1.008961e-05,1.343597e-06,0,1.000e+06,1.7127
3.020,0.410,0.2723,1.168336e-05,1.471714e-06,0,1.000e+06,1.7127
3.020,0.430,0.2788,1.343266e-05,1.608536e-06,0,1.000e+06,1.7127
3.020,0.450,0.2852,1.534404e-05,1.754439e-06,0,1.000e+06,1.7127
3.020,0.470,0.2915,1.742393e-05,1.909795e-06,0,1.000e+06,1.7127
3.020,0.490,0.2976,1.967867e-05,2.074974e-06,0,1.000e+06,1.7127
3.040,0.010,0.0439,2.017182e-10,2.268134e-08,0,1.000e+06,1.7127
3.040,0.030,0.0760,5.420135e-09,6.805444e-08,0,1.000e+06,1.7127
3.040,0.050,0.0981,2.499658e-08,1.138912e-07,0,1.000e+06,1.7127
3.040,0.070,0.1161,6.832947e-08,1.607243e-07,0,1.000e+06,1.7127
3.040,0.090,0.1317,1.446749e-07,2.090782e-07,0,1.000e+06,1.7127
3.040,0.110,0.1455,2.631492e-07,2.594696e-07,0,1.000e+06,1.7127
3.040,0.130,0.1582,4.327318e-07,3.124072e-07,0,1.000e+06,1.7127
3.040,0.150,0.1700,6.622678e-07,3.683923e-07,0,1.000e+06,1.7127
3.040,0.170,0.1809,9.604700e-07,4.279187e-07,0,1.000e+06,1.7127
3.040,0.190,0.1913,1.335922e-06,4.914728e-07,0,1.000e+06,1.7127
3.040,0.210,0.2011,1.797080e-06,5.595337e-07,0,1.000e+06,1.7127
3.040,0.230,0.2105,2.352276e-06,6.325736e-07,0,1.000e+06,1.7127
3.040,0.250,0.2194,3.009719e-06,7.110577e-07,0,1.000e+06,1.7127
3.040,0.270,0.2280,3.777497e-06,7.954444e-07,0,1.000e+06,1.7127
3.040,0.290,0.2363,4.663583e-06,8.861855e-07,0,1.000e+06,1.7127
3.040,0.310,0.2443,5.675830e-06,9.837259e-07,0,1.000e+06,1.7127
3.040,0.330,0.2521,6.821981e-06,1.088504e-06,0,1.000e+06,1.7127
3.040,0.350,0.2596,8.109664e-06,1.200953e-06,0,1.000e+06,1.7127
3.040,0.370,0.2669,9.546399e-06,1.321499e-06,0,1.000e+06,1.7127
3.040,0.390,0.2741,1.113960e-05,1.450561e-06,0,1.000e+06,1.7127
3.040,0.410,0.2810,1.289657e-05,1.588554e-06,0,1.000e+06,1.7127
3.040,0.430,0.2878,1.482451e-05,1.735886e-06,0,1.000e+06,1.7127
3.040,0.450,0.2944,1.693053e-05,1.892958e-06,0,1.000e+06,1.7127
3.040,0.470,0.3009,1.922162e-05,2.060169e-06,0,1.000e+06,1.7127
3.040,0.490,0.3072,2.170468e-05,2.237908e-06,0,1.000e+06,1.7127
3.060,0.010,0.0453,2.237259e-10,2.460117e-08,0,1.000e+06,1.7127
3.060,0.030,0.0785,6.010552e-09,7.379637e-08,0,1.000e+06,1.7127
3.060,0.050,0.1013,2.771268e-08,1.234699e-07,0,1.000e+06,1.7127
3.060,0.070,0.1198,7.573546e-08,1.741990e-07,0,1.000e+06,1.7127
3.060,0.090,0.1359,1.603166e-07,2.265514e-07,0,1.000e+06,1.7127
3.060,0.110,0.1502,2.915293e-07,2.810860e-07,0,1.000e+06,1.7127
3.060,0.130,0.1633,4.792859e-07,3.383525e-07,0,1.000e+06,1.7127
3.060,0.150,0.1754,7.333408e-07,3.988921e-07,0,1.000e+06,1.7127
3.060,0.170,0.1868,1.063294e-06,4.632371e-07,0,1.000e+06,1.7127
3.060,0.190,0.1974,1.478593e-06,5.319116e-07,0,1.000e+06,1.7127
3.060,0.210,0.2076,1.988537e-06,6.054316e-07,0,1.000e+06,1.7127
3.060,0.230,0.2172,2.602280e-06,6.843046e-07,0,1.000e+06,1.7127
3.060,0.250,0.2265,3.328833e-06,7.690305e-07,0,1.000e+06,1.7127
3.060,0.270,0.2354,4.177066e-06,8.601014e-07,0,1.000e+06,1.7127
3.060,0.290,0.2439,5.155713e-06,9.580016e-07,0,1.000e+06,1.7127
3.060,0.310,0.2522,6.273371e-06,1.063208e-06,0,1.000e+06,1.7127
3.060,0.330,0.2602,7.538507e-06,1.176190e-06,0,1.000e+06,1.7127
3.060,0.350,0.2680,8.959457e-06,1.297411e-06,0,1.000e+06,1.7127
3.060,0.370,0.2755,1.054443e-05,1.427325e-06,0,1.000e+06,1.7127
3.060,0.390,0.2829,1.230151e-05,1.566382e-06,0,1.000e+06,1.7127
3.060,0.410,0.2900,1.423867e-05,1.715022e-06,0,1.000e+06,1.7127
3.060,0.430,0.2970,1.636373e-05,1.873681e-06,0,1.000e+06,1.7127
3.060,0.450,0.3039,1.868443e-05,2.042787e-06,0,1.000e+06,1.7127
3.060,0.470,0.3105,2.120838e-05,2.222762e-06,0,1.000e+06,1.7127
3.060,0.490,0.3171,2.394306e-05,2.414022e-06,0,1.000e+06,1.7127
3.080,0.010,0.0468,2.482598e-10,2.669668e-08,0,1.000e+06,1.7127
3.080,0.030,0.0810,6.668472e-09,8.006090e-08,0,1.000e+06,1.7127
3.080,0.050,0.1046,3.073808e-08,1.339158e-07,0,1.000e+06,1.7127
3.080,0.070,0.1237,8.398152e-08,1.888870e-07,0,1.000e+06,1.7127
3.080,0.090,0.1403,1.777256e-07,2.455898e-07,0,1.000e+06,1.7127
3.080,0.110,0.1551,3.231034e-07,3.046286e-07,0,1.000e+06,1.7127
3.080,0.130,0.1686,5.310591e-07,3.665976e-07,0,1.000e+06,1.7127
3.080,0.150,0.1811,8.123512e-07,4.320811e-07,0,1.000e+06,1.7127
3.080,0.170,0.1928,1.177557e-06,5.016535e-07,0,1.000e+06,1.7127
3.080,0.190,0.2038,1.637075e-06,5.758794e-07,0,1.000e+06,1.7127
3.080,0.210,0.2143,2.201133e-06,6.553141e-07,0,1.000e+06,1.7127
3.080,0.230,0.2242,2.879784e-06,7.405036e-07,0,1.000e+06,1.7127
3.080,0.250,0.2338,3.682917e-06,8.319849e-07,0,1.000e+06,1.7127
3.080,0.270,0.2430,4.620259e-06,9.302860e-07,0,1.000e+06,1.7127
3.080,0.290,0.2518,5.701373e-06,1.035926e-06,0,1.000e+06,1.7127
3.080,0.310,0.2603,6.935669e-06,1.149417e-06,0,1.000e+06,1.7127
3.080,0.330,0.2686,8.332402e-06,1.271260e-06,0,1.000e+06,1.7127
3.080,0.350,0.2766,9.900675e-06,1.401950e-06,0,1.000e+06,1.7127
3.080,0.370,0.2844,1.164945e-05,1.541974e-06,0,1.000e+06,1.7127
3.080,0.390,0.2920,1.358753e-05,1.691810e-06,0,1.000e+06,1.7127
3.080,0.410,0.2994,1.572360e-05,1.851929e-06,0,1.000e+06,1.7127
3.080,0.430,0.3066,1.806618e-05,2.022794e-06,0,1.000e+06,1.7127
3.080,0.450,0.3137,2.062368e-05,2.204861e-06,0,1.000e+06,1.7127
3.080,0.470,0.3206,2.340435e-05,2.398579e-06,0,1.000e+06,1.7127
3.080,0.490,0.3273,2.641634e-05,2.604390e-06,0,1.000e+06,1.7127
3.100,0.010,0.0483,2.756270e-10,2.898533e-08,0,1.000e+06,1.7127
3.100,0.030,0.0836,7.402052e-09,8.689959e-08,0,1.000e+06,1.7127
3.100,0.050,0.1079,3.410993e-08,1.453136e-07,0,1.000e+06,1.7127
3.100,0.070,0.1277,9.316793e-08,2.049062e-07,0,1.000e+06,1.7127
3.100,0.090,0.1448,1.971116e-07,2.663438e-07,0,1.000e+06,1.7127
3.100,0.110,0.1601,3.582484e-07,3.302809e-07,0,1.000e+06,1.7127
3.100,0.130,0.1741,5.886636e-07,3.973599e-07,0,1.000e+06,1.7127
3.100,0.150,0.1870,9.002242e-07,4.682117e-07,0,1.000e+06,1.7127
3.100,0.170,0.1990,1.304585e-06,5.434560e-07,0,1.000e+06,1.7127
3.100,0.190,0.2104,1.813192e-06,6.237014e-07,0,1.000e+06,1.7127
3.100,0.210,0.2212,2.437288e-06,7.095456e-07,0,1.000e+06,1.7127
3.100,0.230,0.2315,3.187918e-06,8.015757e-07,0,1.000e+06,1.7127
3.100,0.250,0.2414,4.075931e-06,9.003686e-07,0,1.000e+06,1.7127
3.100,0.270,0.2508,5.111986e-06,1.006491e-06,0,1.000e+06,1.7127
3.100,0.290,0.2600,6.306557e-06,1.120500e-06,0,1.000e+06,1.7127
3.100,0.310,0.2688,7.669933e-06,1.242942e-06,0,1.000e+06,1.7127
3.100,0.330,0.2773,9.212229e-06,1.374355e-06,0,1.000e+06,1.7127
3.100,0.350,0.2856,1.094338e-05,1.515268e-06,0,1.000e+06,1.7127
3.100,0.370,0.2936,1.287316e-05,1.666200e-06,0,1.000e+06,1.7127
3.100,0.390,0.3015,1.501117e-05,1.827661e-06,0,1.000e+06,1.7127
3.100,0.410,0.3091,1.736684e-05,2.000152e-06,0,1.000e+06,1.7127
3.100,0.430,0.3165,1.994945e-05,2.184169e-06,0,1.000e+06,1.7127
3.100,0.450,0.3238,2.276813e-05,2.380194e-06,0,1.000e+06,1.7127
3.100,0.470,0.3309,2.583183e-05,2.588706e-06,0,1.000e+06,1.7127
3.100,0.490,0.3379,2.914939e-05,2.810172e-06,0,1.000e+06,1.7127
3.120,0.010,0.0498,3.061742e-10,3.148651e-08,0,1.000e+06,1.7127
3.120,0.030,0.0863,8.220490e-09,9.436949e-08,0,1.000e+06,1.7127
3.120,0.050,0.1114,3.787009e-08,1.577571e-07,0,1.000e+06,1.7127
3.120,0.070,0.1319,1.034076e-07,2.223863e-07,0,1.000e+06,1.7127
3.120,0.090,0.1495,2.187104e-07,2.889795e-07,0,1.000e+06,1.7127
3.120,0.110,0.1653,3.973876e-07,3.582452e-07,0,1.000e+06,1.7127
3.120,0.130,0.1797,6.527862e-07,4.308785e-07,0,1.000e+06,1.7127
3.120,0.150,0.1930,9.979975e-07,5.075607e-07,0,1.000e+06,1.7127
3.120,0.170,0.2055,1.445863e-06,5.889606e-07,0,1.000e+06,1.7127
3.120,0.190,0.2173,2.008981e-06,6.757341e-07,0,1.000e+06,1.7127
3.120,0.210,0.2284,2.699712e-06,7.685247e-07,0,1.000e+06,1.7127
3.120,0.230,0.2390,3.530183e-06,8.679637e-07,0,1.000e+06,1.7127
3.120,0.250,0.2492,4.512295e-06,9.746708e-07,0,1.000e+06,1.7127
3.120,0.270,0.2590,5.657727e-06,1.089254e-06,0,1.000e+06,1.7127
3.120,0.290,0.2684,6.977942e-06,1.212310e-06,0,1.000e+06,1.7127
3.120,0.310,0.2775,8.484191e-06,1.344425e-06,0,1.000e+06,1.7127
3.120,0.330,0.2863,1.018752e-05,1.486174e-06,0,1.000e+06,1.7127
3.120,0.350,0.2949,1.209877e-05,1.638121e-06,0,1.000e+06,1.7127
3.120,0.370,0.3032,1.422858e-05,1.800820e-06,0,1.000e+06,1.7127
3.120,0.390,0.3113,1.658741e-05,1.974816e-06,0,1.000e+06,1.7127
3.120,0.410,0.3191,1.918553e-05,2.160643e-06,0,1.000e+06,1.7127
3.120,0.430,0.3268,2.203301e-05,2.358826e-06,0,1.000e+06,1.7127
3.120,0.450,0.3343,2.513975e-05,2.569881e-06,0,1.000e+06,1.7127
3.120,0.470,0.3417,2.851547e-05,2.794312e-06,0,1.000e+06,1.7127
3.120,0.490,0.3489,3.216973e-05,3.032619e-06,0,1.000e+06,1.7127
3.140,0.010,0.0515,3.402965e-10,3.422168e-08,0,1.000e+06,1.7127
3.140,0.030,0.0891,9.134173e-09,1.025338e-07,0,1.000e+06,1.7127
3.140,0.050,0.1151,4.206577e-08,1.713501e-07,0,1.000e+06,1.7127
3.140,0.070,0.1362,1.148276e-07,2.414709e-07,0,1.000e+06,1.7127
3.140,0.090,0.1544,2.427875e-07,3.136799e-07,0,1.000e+06,1.7127
3.140,0.110,0.1707,4.409968e-07,3.887445e-07,0,1.000e+06,1.7127
3.140,0.130,0.1856,7.241984e-07,4.674166e-07,0,1.000e+06,1.7127
3.140,0.150,0.1993,1.106835e-06,5.504326e-07,0,1.000e+06,1.7127
3.140,0.170,0.2122,1.603057e-06,6.385143e-07,0,1.000e+06,1.7127
3.140,0.190,0.2243,2.226727e-06,7.323684e-07,0,1.000e+06,1.7127
3.140,0.210,0.2358,2.991433e-06,8.326880e-07,0,1.000e+06,1.7127
3.140,0.230,0.2468,3.910488e-06,9.401519e-07,0,1.000e+06,1.7127
3.140,0.250,0.2573,4.996944e-06,1.055426e-06,0,1.000e+06,1.7127
3.140,0.270,0.2674,6.263591e-06,1.179161e-06,0,1.000e+06,1.7127
3.140,0.290,0.2771,7.722971e-06,1.311999e-06,0,1.000e+06,1.7127
3.140,0.310,0.2865,9.387377e-06,1.454565e-06,0,1.000e+06,1.7127
3.140,0.330,0.2956,1.126887e-05,1.607475e-06,0,1.000e+06,1.7127
3.140,0.350,0.3045,1.337926e-05,1.771330e-06,0,1.000e+06,1.7127
3.140,0.370,0.3130,1.573015e-05,1.946723e-06,0,1.000e+06,1.7127
3.140,0.390,0.3214,1.833290e-05,2.134234e-06,0,1.000e+06,1.7127
3.140,0.410,0.3295,2.119868e-05,2.334430e-06,0,1.000e+06,1.7127
3.140,0.430,0.3375,2.433842e-05,2.547870e-06,0,1.000e+06,1.7127
3.140,0.450,0.3452,2.776286e-05,2.775102e-06,0,1.000e+06,1.7127
3.140,0.470,0.3528,3.148252e-05,3.016662e-06,0,1.000e+06,1.7127
3.140,0.490,0.3603,3.550774e-05,3.273077e-06,0,1.000e+06,1.7127
3.160,0.010,0.0531,3.784344e-10,3.721471e-08,0,1.000e+06,1.7127
3.160,0.030,0.0921,1.015484e-08,1.114626e-07,0,1.000e+06,1.7127
3.160,0.050,0.1188,4.675023e-08,1.862074e-07,0,1.000e+06,1.7127
3.160,0.070,0.1406,1.275715e-07,2.623187e-07,0,1.000e+06,1.7127
3.160,0.090,0.1594,2.696418e-07,3.406471e-07,0,1.000e+06,1.7127
3.160,0.110,0.1763,4.896113e-07,4.220243e-07,0,1.000e+06,1.7127
3.160,0.130,0.1916,8.037672e-07,5.072639e-07,0,1.000e+06,1.7127
3.160,0.150,0.2058,1.228044e-06,5.971621e-07,0,1.000e+06,1.7127
3.160,0.170,0.2191,1.778031e-06,6.924977e-07,0,1.000e+06,1.7127
3.160,0.190,0.2317,2.468987e-06,7.940329e-07,0,1.000e+06,1.7127
3.160,0.210,0.2435,3.315840e-06,9.025136e-07,0,1.000e+06,1.7127
3.160,0.230,0.2549,4.333206e-06,1.018670e-06,0,1.000e+06,1.7127
3.160,0.250,0.2657,5.535389e-06,1.143216e-06,0,1.000e+06,1.7127
3.160,0.270,0.2762,6.936395e-06,1.276853e-06,0,1.000e+06,1.7127
3.160,0.290,0.2862,8.549937e-06,1.420264e-06,0,1.000e+06,1.7127
3.160,0.310,0.2959,1.038944e-05,1.574122e-06,0,1.000e+06,1.7127
3.160,0.330,0.3053,1.246806e-05,1.739082e-06,0,1.000e+06,1.7127
3.160,0.350,0.3144,1.479867e-05,1.915788e-06,0,1.000e+06,1.7127
3.160,0.370,0.3233,1.739390e-05,2.104871e-06,0,1.000e+06,1.7127
3.160,0.390,0.3319,2.026609e-05,2.306948e-06,0,1.000e+06,1.7127
3.160,0.410,0.3403,2.342736e-05,2.522624e-06,0,1.000e+06,1.7127
3.160,0.430,0.3485,2.688957e-05,2.752491e-06,0,1.000e+06,1.7127
3.160,0.450,0.3565,3.066435e-05,2.997131e-06,0,1.000e+06,1.7127
3.160,0.470,0.3644,3.476310e-05,3.257113e-06,0,1.000e+06,1.7127
3.160,0.490,0.3720,3.919699e-05,3.532995e-06,0,1.000e+06,1.7127
3.180,0.010,0.0549,4.210895e-10,4.049206e-08,0,1.000e+06,1.7127
3.180,0.030,0.0951,1.129575e-08,1.212335e-07,0,1.000e+06,1.7127
3.180,0.050,0.1227,5.198366e-08,2.024560e-07,0,1.000e+06,1.7127
3.180,0.070,0.1452,1.418008e-07,2.851051e-07,0,1.000e+06,1.7127
3.180,0.090,0.1647,2.996099e-07,3.701043e-07,0,1.000e+06,1.7127
3.180,0.110,0.1821,5.438335e-07,4.583554e-07,0,1.000e+06,1.7127
3.180,0.130,0.1979,8.924669e-07,5.507395e-07,0,1.000e+06,1.7127
3.180,0.150,0.2126,1.363090e-06,6.481171e-07,0,1.000e+06,1.7127
3.180,0.170,0.2263,1.972881e-06,7.513291e-07,0,1.000e+06,1.7127
3.180,0.190,0.2393,2.738625e-06,8.611974e-07,0,1.000e+06,1.7127
3.180,0.210,0.2515,3.676726e-06,9.785249e-07,0,1.000e+06,1.7127
3.180,0.230,0.2632,4.803221e-06,1.104097e-06,0,1.000e+06,1.7127
3.180,0.250,0.2745,6.133784e-06,1.238680e-06,0,1.000e+06,1.7127
3.180,0.270,0.2852,7.683743e-06,1.383026e-06,0,1.000e+06,1.7127
3.180,0.290,0.2956,9.468084e-06,1.537867e-06,0,1.000e+06,1.7127
3.180,0.310,0.3056,1.150146e-05,1.703921e-06,0,1.000e+06,1.7127
3.180,0.330,0.3153,1.379822e-05,1.881891e-06,0,1.000e+06,1.7127
3.180,0.350,0.3247,1.637236e-05,2.072461e-06,0,1.000e+06,1.7127
3.180,0.370,0.3339,1.923763e-05,2.276305e-06,0,1.000e+06,1.7127
3.180,0.390,0.3428,2.240742e-05,2.494079e-06,0,1.000e+06,1.7127
3.180,0.410,0.3515,2.589489e-05,2.726425e-06,0,1.000e+06,1.7127
3.180,0.430,0.3599,2.971289e-05,2.973975e-06,0,1.000e+06,1.7127
3.180,0.450,0.3682,3.387399e-05,3.237342e-06,0,1.000e+06,1.7127
3.180,0.470,0.3763,3.839051e-05,3.517131e-06,0,1.000e+06,1.7127
3.180,0.490,0.3842,4.327451e-05,3.813931e-06,0,1.000e+06,1.7127
3.200,0.010,0.0567,4.688306e-10,4.408322e-08,0,1.000e+06,1.7127
3.200,0.030,0.0982,1.257193e-08,1.319329e-07,0,1.000e+06,1.7127
3.200,0.050,0.1268,5.783407e-08,2.202369e-07,0,1.000e+06,1.7127
3.200,0.070,0.1500,1.576983e-07,3.100242e-07,0,1.000e+06,1.7127
3.200,0.090,0.1701,3.330716e-07,4.022981e-07,0,1.000e+06,1.7127
3.200,0.110,0.1880,6.043419e-07,4.980369e-07,0,1.000e+06,1.7127
3.200,0.130,0.2044,9.913936e-07,5.981947e-07,0,1.000e+06,1.7127
3.200,0.150,0.2196,1.513623e-06,7.037023e-07,0,1.000e+06,1.7127
3.200,0.170,0.2338,2.189955e-06,8.154677e-07,0,1.000e+06,1.7127
3.200,0.190,0.2471,3.038853e-06,9.343770e-07,0,1.000e+06,1.7127
3.200,0.210,0.2598,4.078337e-06,1.061295e-06,0,1.000e+06,1.7127
3.200,0.230,0.2719,5.325998e-06,1.197065e-06,0,1.000e+06,1.7127
3.200,0.250,0.2835,6.799003e-06,1.342512e-06,0,1.000e+06,1.7127
3.200,0.270,0.2946,8.514118e-06,1.498440e-06,0,1.000e+06,1.7127
3.200,0.290,0.3053,1.048771e-05,1.665635e-06,0,1.000e+06,1.7127
3.200,0.310,0.3157,1.273577e-05,1.844862e-06,0,1.000e+06,1.7127
3.200,0.330,0.3257,1.527391e-05,2.036873e-06,0,1.000e+06,1.7127
3.200,0.350,0.3354,1.811738e-05,2.242398e-06,0,1.000e+06,1.7127
3.200,0.370,0.3449,2.128109e-05,2.462153e-06,0,1.000e+06,1.7127
3.200,0.390,0.3541,2.477959e-05,2.696837e-06,0,1.000e+06,1.7127
3.200,0.410,0.3630,2.862713e-05,2.947133e-06,0,1.000e+06,1.7127
3.200,0.430,0.3718,3.283761e-05,3.213707e-06,0,1.000e+06,1.7127
3.200,0.450,0.3803,3.742463e-05,3.497213e-06,0,1.000e+06,1.7127
3.200,0.470,0.3887,4.240148e-05,3.798289e-06,0,1.000e+06,1.7127
3.200,0.490,0.3969,4.778116e-05,4.117558e-06,0,1.000e+06,1.7127
3.220,0.010,0.0586,5.223027e-10,4.802095e-08,0,1.000e+06,1.7127
3.220,0.030,0.1014,1.400040e-08,1.436565e-07,0,1.000e+06,1.7127
3.220,0.050,0.1310,6.437838e-08,2.397064e-07,0,1.000e+06,1.7127
3.220,0.070,0.1550,1.754701e-07,3.372911e-07,0,1.000e+06,1.7127
3.220,0.090,0.1757,3.704552e-07,4.375011e-07,0,1.000e+06,1.7127
3.220,0.110,0.1943,6.719006e-07,5.413983e-07,0,1.000e+06,1.7127
3.220,0.130,0.2112,1.101780e-06,6.500166e-07,0,1.000e+06,1.7127
3.220,0.150,0.2268,1.681494e-06,7.643628e-07,0,1.000e+06,1.7127
3.220,0.170,0.2415,2.431887e-06,8.854176e-07,0,1.000e+06,1.7127
3.220,0.190,0.2553,3.373269e-06,1.014137e-06,0,1.000e+06,1.7127
3.220,0.210,0.2684,4.525426e-06,1.151451e-06,0,1.000e+06,1.7127
3.220,0.230,0.2809,5.907645e-06,1.298268e-06,0,1.000e+06,1.7127
3.220,0.250,0.2929,7.538722e-06,1.455472e-06,0,1.000e+06,1.7127
3.220,0.270,0.3043,9.436983e-06,1.623925e-06,0,1.000e+06,1.7127
3.220,0.290,0.3154,1.162030e-05,1.804468e-06,0,1.000e+06,1.7127
3.220,0.310,0.3261,1.410608e-05,1.997921e-06,0,1.000e+06,1.7127
3.220,0.330,0.3365,1.691134e-05,2.205083e-06,0,1.000e+06,1.7127
3.220,0.350,0.3465,2.005265e-05,2.426735e-06,0,1.000e+06,1.7127
3.220,0.370,0.3563,2.354619e-05,2.663637e-06,0,1.000e+06,1.7127
3.220,0.390,0.3658,2.740773e-05,2.916532e-06,0,1.000e+06,1.7127
3.220,0.410,0.3750,3.165269e-05,3.186145e-06,0,1.000e+06,1.7127
3.220,0.430,0.3841,3.629609e-05,3.473183e-06,0,1.000e+06,1.7127
3.220,0.450,0.3929,4.135261e-05,3.778336e-06,0,1.000e+06,1.7127
3.220,0.470,0.4015,4.683659e-05,4.102280e-06,0,1.000e+06,1.7127
3.220,0.490,0.4100,5.276202e-05,4.445672e-06,0,1.000e+06,1.7127
3.240,0.010,0.0605,5.822385e-10,5.234178e-08,0,1.000e+06,1.7127
3.240,0.030,0.1048,1.560044e-08,1.565110e-07,0,1.000e+06,1.7127
3.240,0.050,0.1353,7.170369e-08,2.610380e-07,0,1.000e+06,1.7127
3.240,0.070,0.1601,1.953493e-07,3.671437e-07,0,1.000e+06,1.7127
3.240,0.090,0.1815,4.122441e-07,4.760147e-07,0,1.000e+06,1.7127
3.240,0.110,0.2007,7.473711e-07,5.888038e-07,0,1.000e+06,1.7127
3.240,0.130,0.2182,1.225015e-06,7.066318e-07,0,1.000e+06,1.7127
3.240,0.150,0.2344,1.868784e-06,8.305883e-07,0,1.000e+06,1.7127
3.240,0.170,0.2495,2.701639e-06,9.617328e-07,0,1.000e+06,1.7127
3.240,0.190,0.2638,3.745908e-06,1.101096e-06,0,1.000e+06,1.7127
3.240,0.210,0.2773,5.023315e-06,1.249680e-06,0,1.000e+06,1.7127
3.240,0.230,0.2902,6.554994e-06,1.408460e-06,0,1.000e+06,1.7127
3.240,0.250,0.3026,8.361513e-06,1.578387e-06,0,1.000e+06,1.7127
3.240,0.270,0.3144,1.046289e-05,1.760383e-06,0,1.000e+06,1.7127
3.240,0.290,0.3259,1.287862e-05,1.955347e-06,0,1.000e+06,1.7127
3.240,0.310,0.3369,1.562768e-05,2.164157e-06,0,1.000e+06,1.7127
3.240,0.330,0.3476,1.872854e-05,2.387664e-06,0,1.000e+06,1.7127
3.240,0.350,0.3580,2.219922e-05,2.626700e-06,0,1.000e+06,1.7127
3.240,0.370,0.3681,2.605723e-05,2.882074e-06,0,1.000e+06,1.7127
3.240,0.390,0.3779,3.031968e-05,3.154574e-06,0,1.000e+06,1.7127
3.240,0.410,0.3875,3.500322e-05,3.444969e-06,0,1.000e+06,1.7127
3.240,0.430,0.3968,4.012406e-05,3.754007e-06,0,1.000e+06,1.7127
3.240,0.450,0.4059,4.569804e-05,4.082420e-06,0,1.000e+06,1.7127
3.240,0.470,0.4149,5.174058e-05,4.430919e-06,0,1.000e+06,1.7127
3.240,0.490,0.4236,5.826673e-05,4.800198e-06,0,1.000e+06,1.7127
3.260,0.010,0.0625,6.494705e-10,5.708642e-08,0,1.000e+06,1.7127
3.260,0.030,0.1083,1.739392e-08,1.706149e-07,0,1.000e+06,1.7127
3.260,0.050,0.1398,7.990864e-08,2.844243e-07,0,1.000e+06,1.7127
3.260,0.070,0.1654,2.175996e-07,3.998463e-07,0,1.000e+06,1.7127
3.260,0.090,0.1876,4.589843e-07,5.181724e-07,0,1.000e+06,1.7127
3.260,0.110,0.2074,8.317248e-07,6.406554e-07,0,1.000e+06,1.7127
3.260,0.130,0.2255,1.362660e-06,7.685106e-07,0,1.000e+06,1.7127
3.260,0.150,0.2422,2.077835e-06,9.029177e-07,0,1.000e+06,1.7127
3.260,0.170,0.2578,3.002531e-06,1.045021e-06,0,1.000e+06,1.7127
3.260,0.190,0.2726,4.161295e-06,1.195933e-06,0,1.000e+06,1.7127
3.260,0.210,0.2866,5.577962e-06,1.356733e-06,0,1.000e+06,1.7127
3.260,0.230,0.2999,7.275684e-06,1.528469e-06,0,1.000e+06,1.7127
3.260,0.250,0.3127,9.276953e-06,1.712160e-06,0,1.000e+06,1.7127
3.260,0.270,0.3249,1.160362e-05,1.908796e-06,0,1.000e+06,1.7127
3.260,0.290,0.3367,1.427694e-05,2.119338e-06,0,1.000e+06,1.7127
3.260,0.310,0.3482,1.731755e-05,2.344721e-06,0,1.000e+06,1.7127
3.260,0.330,0.3592,2.074553e-05,2.585856e-06,0,1.000e+06,1.7127
3.260,0.350,0.3699,2.458040e-05,2.843625e-06,0,1.000e+06,1.7127
3.260,0.370,0.3804,2.884116e-05,3.118890e-06,0,1.000e+06,1.7127
3.260,0.390,0.3905,3.354628e-05,3.412487e-06,0,1.000e+06,1.7127
3.260,0.410,0.4004,3.871374e-05,3.725229e-06,0,1.000e+06,1.7127
3.260,0.430,0.4100,4.436104e-05,4.057910e-06,0,1.000e+06,1.7127
3.260,0.450,0.4195,5.050519e-05,4.411301e-06,0,1.000e+06,1.7127
3.260,0.470,0.4287,5.716280e-05,4.786151e-06,0,1.000e+06,1.7127
3.260,0.490,0.4377,6.434999e-05,5.183194e-06,0,1.000e+06,1.7127
3.280,0.010,0.0646,7.249456e-10,6.230031e-08,0,1.000e+06,1.7127
3.280,0.030,0.1119,1.940571e-08,1.861002e-07,0,1.000e+06,1.7127
3.280,0.050,0.1445,8.910510e-08,3.100793e-07,0,1.000e+06,1.7127
3.280,0.070,0.1710,2.425196e-07,4.356914e-07,0,1.000e+06,1.7127
3.280,0.090,0.1939,5.112928e-07,5.643434e-07,0,1.000e+06,1.7127
3.280,0.110,0.2143,9.260577e-07,6.973971e-07,0,1.000e+06,1.7127
3.280,0.130,0.2330,1.516476e-06,8.361715e-07,0,1.000e+06,1.7127
3.280,0.150,0.2503,2.311278e-06,9.819438e-07,0,1.000e+06,1.7127
3.280,0.170,0.2665,3.338297e-06,1.135952e-06,0,1.000e+06,1.7127
3.280,0.190,0.2817,4.624503e-06,1.299394e-06,0,1.000e+06,1.7127
3.280,0.210,0.2961,6.196042e-06,1.473433e-06,0,1.000e+06,1.7127
3.280,0.230,0.3099,8.078258e-06,1.659197e-06,0,1.000e+06,1.7127
3.280,0.250,0.3231,1.029573e-05,1.857777e-06,0,1.000e+06,1.7127
3.280,0.270,0.3358,1.287231e-05,2.070234e-06,0,1.000e+06,1.7127
3.280,0.290,0.3480,1.583111e-05,2.297596e-06,0,1.000e+06,1.7127
3.280,0.310,0.3598,1.919459e-05,2.540861e-06,0,1.000e+06,1.7127
3.280,0.330,0.3712,2.298454e-05,2.800998e-06,0,1.000e+06,1.7127
3.280,0.350,0.3823,2.722210e-05,3.078948e-06,0,1.000e+06,1.7127
3.280,0.370,0.3931,3.192783e-05,3.375623e-06,0,1.000e+06,1.7127
3.280,0.390,0.4036,3.712166e-05,3.691911e-06,0,1.000e+06,1.7127
3.280,0.410,0.4138,4.282298e-05,4.028673e-06,0,1.000e+06,1.7127
3.280,0.430,0.4238,4.905062e-05,4.386746e-06,0,1.000e+06,1.7127
3.280,0.450,0.4335,5.582289e-05,4.766946e-06,0,1.000e+06,1.7127
3.280,0.470,0.4430,6.315758e-05,5.170061e-06,0,1.000e+06,1.7127
3.280,0.490,0.4524,7.107198e-05,5.596863e-06,0,1.000e+06,1.7127
3.300,0.010,0.0668,8.097422e-10,6.803419e-08,0,1.000e+06,1.7127
3.300,0.030,0.1157,2.166405e-08,2.031142e-07,0,1.000e+06,1.7127
3.300,0.050,0.1494,9.941996e-08,3.382413e-07,0,1.000e+06,1.7127
3.300,0.070,0.1767,2.704472e-07,4.750040e-07,0,1.000e+06,1.7127
3.300,0.090,0.2004,5.698673e-07,6.149363e-07,0,1.000e+06,1.7127
3.300,0.110,0.2215,1.031607e-06,7.595197e-07,0,1.000e+06,1.7127
3.300,0.130,0.2408,1.688448e-06,9.101860e-07,0,1.000e+06,1.7127
3.300,0.150,0.2587,2.572077e-06,1.068319e-06,0,1.000e+06,1.7127
3.300,0.170,0.2754,3.713127e-06,1.235257e-06,0,1.000e+06,1.7127
3.300,0.190,0.2912,5.141224e-06,1.412293e-06,0,1.000e+06,1.7127
3.300,0.210,0.3061,6.885028e-06,1.600680e-06,0,1.000e+06,1.7127
3.300,0.230,0.3203,8.972271e-06,1.801628e-06,0,1.000e+06,1.7127
3.300,0.250,0.3340,1.142979e-05,2.016310e-06,0,1.000e+06,1.7127
3.300,0.270,0.3471,1.428358e-05,2.245860e-06,0,1.000e+06,1.7127
3.300,0.290,0.3597,1.755880e-05,2.491378e-06,0,1.000e+06,1.7127
3.300,0.310,0.3719,2.127982e-05,2.753929e-06,0,1.000e+06,1.7127
3.300,0.330,0.3837,2.547027e-05,3.034542e-06,0,1.000e+06,1.7127
3.300,0.350,0.3952,3.015303e-05,3.334220e-06,0,1.000e+06,1.7127
3.300,0.370,0.4063,3.535029e-05,3.653929e-06,0,1.000e+06,1.7127
3.300,0.390,0.4171,4.108356e-05,3.994611e-06,0,1.000e+06,1.7127
3.300,0.410,0.4277,4.737370e-05,4.357176e-06,0,1.000e+06,1.7127
3.300,0.430,0.4380,5.424096e-05,4.742507e-06,0,1.000e+06,1.7127
3.300,0.450,0.4481,6.170497e-05,5.151463e-06,0,1.000e+06,1.7127
3.300,0.470,0.4579,6.978478e-05,5.584876e-06,0,1.000e+06,1.7127
3.300,0.490,0.4676,7.849890e-05,6.043554e-06,0,1.000e+06,1.7127
3.320,0.010,0.0691,9.050898e-10,7.434482e-08,0,1.000e+06,1.7127
3.320,0.030,0.1196,2.420108e-08,2.218209e-07,0,1.000e+06,1.7127
3.320,0.050,0.1544,1.109973e-07,3.691751e-07,0,1.000e+06,1.7127
3.320,0.070,0.1827,3.017655e-07,5.181448e-07,0,1.000e+06,1.7127
3.320,0.090,0.2072,6.354969e-07,6.704038e-07,0,1.000e+06,1.7127
3.320,0.110,0.2290,1.149770e-06,8.275654e-07,0,1.000e+06,1.7127
3.320,0.130,0.2490,1.880813e-06,9.911847e-07,0,1.000e+06,1.7127
3.320,0.150,0.2674,2.863565e-06,1.162762e-06,0,1.000e+06,1.7127
3.320,0.170,0.2847,4.131731e-06,1.343743e-06,0,1.000e+06,1.7127
3.320,0.190,0.3010,5.717840e-06,1.535525e-06,0,1.000e+06,1.7127
3.320,0.210,0.3164,7.653291e-06,1.739457e-06,0,1.000e+06,1.7127
3.320,0.230,0.3312,9.968403e-06,1.956839e-06,0,1.000e+06,1.7127
3.320,0.250,0.3453,1.269246e-05,2.188928e-06,0,1.000e+06,1.7127
3.320,0.270,0.3588,1.585377e-05,2.436940e-06,0,1.000e+06,1.7127
3.320,0.290,0.3718,1.947967e-05,2.702048e-06,0,1.000e+06,1.7127
3.320,0.310,0.3845,2.359660e-05,2.985388e-06,0,1.000e+06,1.7127
3.320,0.330,0.3967,2.823014e-05,3.288057e-06,0,1.000e+06,1.7127
3.320,0.350,0.4085,3.340502e-05,3.611117e-06,0,1.000e+06,1.7127
3.320,0.370,0.4200,3.914516e-05,3.955595e-06,0,1.000e+06,1.7127
3.320,0.390,0.4312,4.547372e-05,4.322486e-06,0,1.000e+06,1.7127
3.320,0.410,0.4421,5.241314e-05,4.712752e-06,0,1.000e+06,1.7127
3.320,0.430,0.4528,5.998512e-05,5.127324e-06,0,1.000e+06,1.7127
3.320,0.450,0.4632,6.821069e-05,5.567107e-06,0,1.000e+06,1.7127
3.320,0.470,0.4734,7.711023e-05,6.032975e-06,0,1.000e+06,1.7127
3.320,0.490,0.4834,8.670349e-05,6.525774e-06,0,1.000e+06,1.7127
3.340,0.010,0.0714,1.012391e-09,8.129569e-08,0,1.000e+06,1.7127
3.340,0.030,0.1237,2.705339e-08,2.424037e-07,0,1.000e+06,1.7127
3.340,0.050,0.1596,1.240010e-07,4.031758e-07,0,1.000e+06,1.7127
3.340,0.070,0.1889,3.369091e-07,5.655144e-07,0,1.000e+06,1.7127
3.340,0.090,0.2142,7.090751e-07,7.312478e-07,0,1.000e+06,1.7127
3.340,0.110,0.2368,1.282125e-06,9.021338e-07,0,1.000e+06,1.7127
3.340,0.130,0.2574,2.096092e-06,1.079863e-06,0,1.000e+06,1.7127
3.340,0.150,0.2765,3.189494e-06,1.266061e-06,0,1.000e+06,1.7127
3.340,0.170,0.2944,4.599403e-06,1.462294e-06,0,1.000e+06,1.7127
3.340,0.190,0.3112,6.361512e-06,1.670070e-06,0,1.000e+06,1.7127
3.340,0.210,0.3272,8.510203e-06,1.890839e-06,0,1.000e+06,1.7127
3.340,0.230,0.3424,1.107860e-05,2.126001e-06,0,1.000e+06,1.7127
3.340,0.250,0.3570,1.409862e-05,2.376903e-06,0,1.000e+06,1.7127
3.340,0.270,0.3710,1.760106e-05,2.644846e-06,0,1.000e+06,1.7127
3.340,0.290,0.3845,2.161561e-05,2.931083e-06,0,1.000e+06,1.7127
3.340,0.310,0.3975,2.617089e-05,3.236824e-06,0,1.000e+06,1.7127
3.340,0.330,0.4101,3.129457e-05,3.563236e-06,0,1.000e+06,1.7127
3.340,0.350,0.4224,3.701332e-05,3.911445e-06,0,1.000e+06,1.7127
3.340,0.370,0.4343,4.335293e-05,4.282541e-06,0,1.000e+06,1.7127
3.340,0.390,0.4458,5.033827e-05,4.677573e-06,0,1.000e+06,1.7127
3.340,0.410,0.4571,5.799341e-05,5.097559e-06,0,1.000e+06,1.7127
3.340,0.430,0.4681,6.634161e-05,5.543480e-06,0,1.000e+06,1.7127
3.340,0.450,0.4789,7.540533e-05,6.016285e-06,0,1.000e+06,1.7127
3.340,0.470,0.4894,8.520631e-05,6.516892e-06,0,1.000e+06,1.7127
3.340,0.490,0.4997,9.576560e-05,7.046189e-06,0,1.000e+06,1.7127
3.360,0.010,0.0738,1.133248e-09,8.895796e-08,0,1.000e+06,1.7127
3.360,0.030,0.1279,3.026269e-08,2.650672e-07,0,1.000e+06,1.7127
3.360,0.050,0.1651,1.386172e-07,4.405719e-07,0,1.000e+06,1.7127
3.360,0.070,0.1953,3.763712e-07,6.175579e-07,0,1.000e+06,1.7127
3.360,0.090,0.2215,7.916138e-07,7.980242e-07,0,1.000e+06,1.7127
3.360,0.110,0.2449,1.430456e-06,9.838877e-07,0,1.000e+06,1.7127
3.360,0.130,0.2662,2.337131e-06,1.176987e-06,0,1.000e+06,1.7127
3.360,0.150,0.2859,3.554090e-06,1.379087e-06,0,1.000e+06,1.7127
3.360,0.170,0.3044,5.122088e-06,1.591882e-06,0,1.000e+06,1.7127
3.360,0.190,0.3218,7.080273e-06,1.816999e-06,0,1.000e+06,1.7127
3.360,0.210,0.3383,9.466260e-06,2.056002e-06,0,1.000e+06,1.7127
3.360,0.230,0.3541,1.231620e-05,2.310393e-06,0,1.000e+06,1.7127
3.360,0.250,0.3691,1.566488e-05,2.581619e-06,0,1.000e+06,1.7127
3.360,0.270,0.3836,1.954573e-05,2.871070e-06,0,1.000e+06,1.7127
3.360,0.290,0.3976,2.399095e-05,3.180083e-06,0,1.000e+06,1.7127
3.360,0.310,0.4110,2.903152e-05,3.509948e-06,0,1.000e+06,1.7127
3.360,0.330,0.4241,3.469729e-05,3.861904e-06,0,1.000e+06,1.7127
3.360,0.350,0.4368,4.101701e-05,4.237147e-06,0,1.000e+06,1.7127
3.360,0.370,0.4491,4.801838e-05,4.636828e-06,0,1.000e+06,1.7127
3.360,0.390,0.4610,5.572812e-05,5.062058e-06,0,1.000e+06,1.7127
3.360,0.410,0.4727,6.417199e-05,5.513908e-06,0,1.000e+06,1.7127
3.360,0.430,0.4841,7.337483e-05,5.993410e-06,0,1.000e+06,1.7127
3.360,0.450,0.4952,8.336062e-05,6.501562e-06,0,1.000e+06,1.7127
3.360,0.470,0.5061,9.415252e-05,7.039326e-06,0,1.000e+06,1.7127
3.360,0.490,0.5168,1.057729e-04,7.607630e-06,0,1.000e+06,1.7127
3.380,0.010,0.0764,1.269493e-09,9.741139e-08,0,1.000e+06,1.7127
3.380,0.030,0.1322,3.387657e-08,2.900403e-07,0,1.000e+06,1.7127
3.380,0.050,0.1707,1.550579e-07,4.817301e-07,0,1.000e+06,1.7127
3.380,0.070,0.2020,4.207117e-07,6.747705e-07,0,1.000e+06,1.7127
3.380,0.090,0.2291,8.842594e-07,8.713498e-07,0,1.000e+06,1.7127
3.380,0.110,0.2532,1.596781e-06,1.073560e-06,0,1.000e+06,1.7127
3.380,0.130,0.2753,2.607141e-06,1.283404e-06,0,1.000e+06,1.7127
3.380,0.150,0.2957,3.962110e-06,1.502796e-06,0,1.000e+06,1.7127
3.380,0.170,0.3148,5.706472e-06,1.733571e-06,0,1.000e+06,1.7127
3.380,0.190,0.3328,7.883133e-06,1.977487e-06,0,1.000e+06,1.7127
3.380,0.210,0.3499,1.053321e-05,2.236228e-06,0,1.000e+06,1.7127
3.380,0.230,0.3662,1.369614e-05,2.511409e-06,0,1.000e+06,1.7127
3.380,0.250,0.3818,1.740975e-05,2.804580e-06,0,1.000e+06,1.7127
3.380,0.270,0.3967,2.171034e-05,3.117228e-06,0,1.000e+06,1.7127
3.380,0.290,0.4112,2.663275e-05,3.450780e-06,0,1.000e+06,1.7127
3.380,0.310,0.4251,3.221048e-05,3.806608e-06,0,1.000e+06,1.7127
3.380,0.330,0.4386,3.847568e-05,4.186030e-06,0,1.000e+06,1.7127
3.380,0.350,0.4517,4.545927e-05,4.590311e-06,0,1.000e+06,1.7127
3.380,0.370,0.4644,5.319100e-05,5.020670e-06,0,1.000e+06,1.7127
3.380,0.390,0.4768,6.169946e-05,5.478279e-06,0,1.000e+06,1.7127
3.380,0.410,0.4889,7.101218e-05,5.964265e-06,0,1.000e+06,1.7127
3.380,0.430,0.5007,8.115567e-05,6.479714e-06,0,1.000e+06,1.7127
3.380,0.450,0.5122,9.215545e-05,7.025672e-06,0,1.000e+06,1.7127
3.380,0.470,0.5235,1.040361e-04,7.603145e-06,0,1.000e+06,1.7127
3.380,0.490,0.5345,1.168213e-04,8.213104e-06,0,1.000e+06,1.7127
3.400,0.010,0.0790,1.423225e-09,1.067455e-07,0,1.000e+06,1.7127
3.400,0.030,0.1368,3.794936e-08,3.175793e-07,0,1.000e+06,1.7127
3.400,0.050,0.1766,1.735646e-07,5.270592e-07,0,1.000e+06,1.7127
3.400,0.070,0.2090,4.705671e-07,7.377028e-07,0,1.000e+06,1.7127
3.400,0.090,0.2369,9.883116e-07,9.519083e-07,0,1.000e+06,1.7127
3.400,0.110,0.2620,1.783381e-06,1.171962e-06,0,1.000e+06,1.7127
3.400,0.130,0.2848,2.909745e-06,1.400045e-06,0,1.000e+06,1.7127
3.400,0.150,0.3059,4.418912e-06,1.638239e-06,0,1.000e+06,1.7127
3.400,0.170,0.3257,6.360066e-06,1.888530e-06,0,1.000e+06,1.7127
3.400,0.190,0.3443,8.780196e-06,2.152818e-06,0,1.000e+06,1.7127
3.400,0.210,0.3619,1.172422e-05,2.432917e-06,0,1.000e+06,1.7127
3.400,0.230,0.3788,1.523509e-05,2.730564e-06,0,1.000e+06,1.7127
3.400,0.250,0.3949,1.935390e-05,3.047419e-06,0,1.000e+06,1.7127
3.400,0.270,0.4104,2.412002e-05,3.385072e-06,0,1.000e+06,1.7127
3.400,0.290,0.4253,2.957110e-05,3.745046e-06,0,1.000e+06,1.7127
3.400,0.310,0.4398,3.574328e-05,4.128799e-06,0,1.000e+06,1.7127
3.400,0.330,0.4537,4.267115e-05,4.537730e-06,0,1.000e+06,1.7127
3.400,0.350,0.4673,5.038791e-05,4.973181e-06,0,1.000e+06,1.7127
3.400,0.370,0.4804,5.892541e-05,5.436439e-06,0,1.000e+06,1.7127
3.400,0.390,0.4932,6.831422e-05,5.928738e-06,0,1.000e+06,1.7127
3.400,0.410,0.5057,7.858370e-05,6.451265e-06,0,1.000e+06,1.7127
3.400,0.430,0.5179,8.976205e-05,7.005160e-06,0,1.000e+06,1.7127
3.400,0.450,0.5298,1.018764e-04,7.591518e-06,0,1.000e+06,1.7127
3.400,0.470,0.5415,1.149527e-04,8.211391e-06,0,1.000e+06,1.7127
3.400,0.490,0.5529,1.290161e-04,8.865792e-06,0,1.000e+06,1.7127
3.420,0.010,0.0817,1.596847e-09,1.170610e-07,0,1.000e+06,1.7127
3.420,0.030,0.1415,4.254317e-08,3.479709e-07,0,1.000e+06,1.7127
3.420,0.050,0.1827,1.944125e-07,5.770157e-07,0,1.000e+06,1.7127
3.420,0.070,0.2162,5.266610e-07,8.069675e-07,0,1.000e+06,1.7127
3.420,0.090,0.2451,1.105245e-06,1.040458e-06,0,1.000e+06,1.7127
3.420,0.110,0.2710,1.992838e-06,1.279990e-06,0,1.000e+06,1.7127
3.420,0.130,0.2946,3.249034e-06,1.527940e-06,0,1.000e+06,1.7127
3.420,0.150,0.3165,4.930533e-06,1.786572e-06,0,1.000e+06,1.7127
3.420,0.170,0.3369,7.091313e-06,2.058041e-06,0,1.000e+06,1.7127
3.420,0.190,0.3562,9.782797e-06,2.344397e-06,0,1.000e+06,1.7127
3.420,0.210,0.3745,1.305400e-05,2.647598e-06,0,1.000e+06,1.7127
3.420,0.230,0.3919,1.695165e-05,2.969508e-06,0,1.000e+06,1.7127
3.420,0.250,0.4086,2.152036e-05,3.311908e-06,0,1.000e+06,1.7127
3.420,0.270,0.4246,2.680272e-05,3.676497e-06,0,1.000e+06,1.7127
3.420,0.290,0.4401,3.283940e-05,4.064899e-06,0,1.000e+06,1.7127
3.420,0.310,0.4550,3.966928e-05,4.478666e-06,0,1.000e+06,1.7127
3.420,0.330,0.4694,4.732953e-05,4.919280e-06,0,1.000e+06,1.7127
3.420,0.350,0.4834,5.585572e-05,5.388162e-06,0,1.000e+06,1.7127
3.420,0.370,0.4971,6.528189e-05,5.886670e-06,0,1.000e+06,1.7127
3.420,0.390,0.5103,7.564065e-05,6.416104e-06,0,1.000e+06,1.7127
3.420,0.410,0.5232,8.696323e-05,6.977713e-06,0,1.000e+06,1.7127
3.420,0.430,0.5358,9.927955e-05,7.572690e-06,0,1.000e+06,1.7127
3.420,0.450,0.5482,1.126183e-04,8.202180e-06,0,1.000e+06,1.7127
3.420,0.470,0.5602,1.270071e-04,8.867284e-06,0,1.000e+06,1.7127
3.420,0.490,0.5720,1.424723e-04,9.569056e-06,0,1.000e+06,1.7127
3.440,0.010,0.0846,1.793119e-09,1.284711e-07,0,1.000e+06,1.7127
3.440,0.030,0.1465,4.772906e-08,3.815368e-07,0,1.000e+06,1.7127
3.440,0.050,0.1891,2.179157e-07,6.321095e-07,0,1.000e+06,1.7127
3.440,0.070,0.2237,5.898166e-07,8.832468e-07,0,1.000e+06,1.7127
3.440,0.090,0.2537,1.236732e-06,1.137842e-06,0,1.000e+06,1.7127
3.440,0.110,0.2804,2.228075e-06,1.398636e-06,0,1.000e+06,1.7127
3.440,0.130,0.3049,3.629627e-06,1.668224e-06,0,1.000e+06,1.7127
3.440,0.150,0.3275,5.503768e-06,1.949068e-06,0,1.000e+06,1.7127
3.440,0.170,0.3486,7.909700e-06,2.243507e-06,0,1.000e+06,1.7127
3.440,0.190,0.3686,1.090364e-05,2.553759e-06,0,1.000e+06,1.7127
3.440,0.210,0.3875,1.453902e-05,2.881932e-06,0,1.000e+06,1.7127
3.440,0.230,0.4055,1.886662e-05,3.230032e-06,0,1.000e+06,1.7127
3.440,0.250,0.4228,2.393479e-05,3.599967e-06,0,1.000e+06,1.7127
3.440,0.270,0.4394,2.978955e-05,3.993553e-06,0,1.000e+06,1.7127
3.440,0.290,0.4554,3.647472e-05,4.412520e-06,0,1.000e+06,1.7127
3.440,0.310,0.4708,4.403209e-05,4.858518e-06,0,1.000e+06,1.7127
3.440,0.330,0.4858,5.250152e-05,5.333120e-06,0,1.000e+06,1.7127
3.440,0.350,0.5003,6.192102e-05,5.837827e-06,0,1.000e+06,1.7127
3.440,0.370,0.5144,7.232690e-05,6.374072e-06,0,1.000e+06,1.7127
3.440,0.390,0.5281,8.375386e-05,6.943223e-06,0,1.000e+06,1.7127
3.440,0.410,0.5414,9.623503e-05,7.546591e-06,0,1.000e+06,1.7127
3.440,0.430,0.5545,1.098021e-04,8.185424e-06,0,1.000e+06,1.7127
3.440,0.450,0.5672,1.244854e-04,8.860922e-06,0,1.000e+06,1.7127
3.440,0.470,0.5797,1.403140e-04,9.574229e-06,0,1.000e+06,1.7127
3.440,0.490,0.5919,1.573157e-04,1.032644e-05,0,1.000e+06,1.7127
3.460,0.010,0.0875,2.015210e-09,1.411032e-07,0,1.000e+06,1.7127
3.460,0.030,0.1516,5.358840e-08,4.186378e-07,0,1.000e+06,1.7127
3.460,0.050,0.1957,2.444329e-07,6.929104e-07,0,1.000e+06,1.7127
3.460,0.070,0.2316,6.609713e-07,9.673005e-07,0,1.000e+06,1.7127
3.460,0.090,0.2626,1.384672e-06,1.244994e-06,0,1.000e+06,1.7127
3.460,0.110,0.2903,2.492401e-06,1.528996e-06,0,1.000e+06,1.7127
3.460,0.130,0.3155,4.056738e-06,1.822145e-06,0,1.000e+06,1.7127
3.460,0.150,0.3390,6.146275e-06,2.127123e-06,0,1.000e+06,1.7127
3.460,0.170,0.3608,8.825887e-06,2.446468e-06,0,1.000e+06,1.7127
3.460,0.190,0.3815,1.215698e-05,2.782579e-06,0,1.000e+06,1.7127
3.460,0.210,0.4011,1.619770e-05,3.137732e-06,0,1.000e+06,1.7127
3.460,0.230,0.4197,2.100320e-05,3.514082e-06,0,1.000e+06,1.7127
3.460,0.250,0.4376,2.662577e-05,3.913675e-06,0,1.000e+06,1.7127
3.460,0.270,0.4548,3.311505e-05,4.338451e-06,0,1.000e+06,1.7127
3.460,0.290,0.4713,4.051819e-05,4.790254e-06,0,1.000e+06,1.7127
3.460,0.310,0.4873,4.888001e-05,5.270836e-06,0,1.000e+06,1.7127
3.460,0.330,0.5028,5.824314e-05,5.781866e-06,0,1.000e+06,1.7127
3.460,0.350,0.5178,6.864813e-05,6.324928e-06,0,1.000e+06,1.7127
3.460,0.370,0.5323,8.013363e-05,6.901534e-06,0,1.000e+06,1.7127
3.460,0.390,0.5465,9.273643e-05,7.513122e-06,0,1.000e+06,1.7127
3.460,0.410,0.5604,1.064916e-04,8.161065e-06,0,1.000e+06,1.7127
3.460,0.430,0.5739,1.214327e-04,8.846671e-06,0,1.000e+06,1.7127
3.460,0.450,0.5871,1.375916e-04,9.571191e-06,0,1.000e+06,1.7127
3.460,0.470,0.6000,1.549988e-04,1.033582e-05,0,1.000e+06,1.7127
3.460,0.490,0.6126,1.736835e-04,1.114169e-05,0,1.000e+06,1.7127
3.480,0.010,0.0906,2.266766e-09,1.551011e-07,0,1.000e+06,1.7127
3.480,0.030,0.1569,6.021449e-08,4.596789e-07,0,1.000e+06,1.7127
3.480,0.050,0.2026,2.743736e-07,7.600558e-07,0,1.000e+06,1.7127
3.480,0.070,0.2397,7.411926e-07,1.059975e-06,0,1.000e+06,1.7127
3.480,0.090,0.2718,1.551223e-06,1.362950e-06,0,1.000e+06,1.7127
3.480,0.110,0.3005,2.789561e-06,1.672284e-06,0,1.000e+06,1.7127
3.480,0.130,0.3267,4.536257e-06,1.991083e-06,0,1.000e+06,1.7127
3.480,0.150,0.3509,6.866678e-06,2.322272e-06,0,1.000e+06,1.7127
3.480,0.170,0.3735,9.851850e-06,2.668607e-06,0,1.000e+06,1.7127
3.480,0.190,0.3949,1.355876e-05,3.032688e-06,0,1.000e+06,1.7127
3.480,0.210,0.4152,1.805066e-05,3.416969e-06,0,1.000e+06,1.7127
3.480,0.230,0.4345,2.338728e-05,3.823769e-06,0,1.000e+06,1.7127
3.480,0.250,0.4530,2.962511e-05,4.255280e-06,0,1.000e+06,1.7127
3.480,0.270,0.4708,3.681762e-05,4.713576e-06,0,1.000e+06,1.7127
3.480,0.290,0.4879,4.501541e-05,5.200622e-06,0,1.000e+06,1.7127
3.480,0.310,0.5044,5.426646e-05,5.718280e-06,0,1.000e+06,1.7127
3.480,0.330,0.5204,6.461626e-05,6.268314e-06,0,1.000e+06,1.7127
3.480,0.350,0.5360,7.610798e-05,6.852400e-06,0,1.000e+06,1.7127
3.480,0.370,0.5511,8.878262e-05,7.472129e-06,0,1.000e+06,1.7127
3.480,0.390,0.5658,1.026791e-04,8.129013e-06,0,1.000e+06,1.7127
3.480,0.410,0.5801,1.178345e-04,8.824490e-06,0,1.000e+06,1.7127
3.480,0.430,0.5941,1.342841e-04,9.559926e-06,0,1.000e+06,1.7127
3.480,0.450,0.6077,1.520614e-04,1.033662e-05,0,1.000e+06,1.7127
3.480,0.470,0.6211,1.711984e-04,1.115583e-05,0,1.000e+06,1.7127
3.480,0.490,0.6342,1.917255e-04,1.201871e-05,0,1.000e+06,1.7127
3.500,0.010,0.0938,2.551984e-09,1.706269e-07,1,1.042e+01,1.7127
3.500,0.030,0.1625,6.771435e-08,5.051152e-07,1,1.042e+01,1.7127
3.500,0.050,0.2098,3.082064e-07,8.342589e-07,1,1.042e+01,1.7127
3.500,0.070,0.2482,8.316975e-07,1.162213e-06,1,1.042e+01,1.7127
3.500,0.090,0.2814,1.738834e-06,1.492862e-06,1,1.042e+01,1.7127
3.500,0.110,0.3111,3.123801e-06,1.829841e-06,1,1.042e+01,1.7127
3.500,0.130,0.3382,5.074836e-06,2.176555e-06,1,1.042e+01,1.7127
3.500,0.150,0.3633,7.674688e-06,2.536197e-06,1,1.042e+01,1.7127
3.500,0.170,0.3868,1.100104e-05,2.911766e-06,1,1.042e+01,1.7127
3.500,0.190,0.4089,1.512689e-05,3.306078e-06,1,1.042e+01,1.7127
3.500,0.210,0.4299,2.012089e-05,3.721784e-06,1,1.042e+01,1.7127
3.500,0.230,0.4499,2.604769e-05,4.161378e-06,1,1.042e+01,1.7127
3.500,0.250,0.4690,3.296819e-05,4.627210e-06,1,1.042e+01,1.7127
3.500,0.270,0.4874,4.093985e-05,5.121498e-06,1,1.042e+01,1.7127
3.500,0.290,0.5052,5.001688e-05,5.646334e-06,1,1.042e+01,1.7127
3.500,0.310,0.5223,6.025051e-05,6.203696e-06,1,1.042e+01,1.7127
3.500,0.330,0.5389,7.168917e-05,6.795452e-06,1,1.042e+01,1.7127
3.500,0.350,0.5550,8.437868e-05,7.423370e-06,1,1.042e+01,1.7127
3.500,0.370,0.5706,9.836243e-05,8.089126e-06,1,1.042e+01,1.7127
3.500,0.390,0.5858,1.136815e-04,8.794305e-06,1,1.042e+01,1.7127
3.500,0.410,0.6006,1.303750e-04,9.540414e-06,1,1.042e+01,1.7127
3.500,0.430,0.6151,1.484798e-04,1.032888e-05,1,1.042e+01,1.7127
3.500,0.450,0.6293,1.680311e-04,1.116106e-05,1,1.042e+01,1.7127
3.500,0.470,0.6431,1.890622e-04,1.203823e-05,1,1.042e+01,1.7127
3.500,0.490,0.6566,2.116050e-04,1.296164e-05,1,1.042e+01,1.7127
3.520,0.010,0.0971,2.875705e-09,1.878640e-07,1,1.051e+01,1.7127
3.520,0.030,0.1683,7.621095e-08,5.554588e-07,1,1.051e+01,1.7127
3.520,0.050,0.2172,3.464675e-07,9.163181e-07,1,1.051e+01,1.7127
3.520,0.070,0.2570,9.338734e-07,1.275067e-06,1,1.051e+01,1.7127
3.520,0.090,0.2914,1.950290e-06,1.636008e-06,1,1.051e+01,1.7127
3.520,0.110,0.3222,3.499927e-06,2.003150e-06,1,1.051e+01,1.7127
3.520,0.130,0.3503,5.679987e-06,2.380233e-06,1,1.051e+01,1.7127
3.520,0.150,0.3762,8.581242e-06,2.770747e-06,1,1.051e+01,1.7127
3.520,0.170,0.4005,1.228856e-05,3.177958e-06,1,1.051e+01,1.7127
3.520,0.190,0.4235,1.688138e-05,3.604922e-06,1,1.051e+01,1.7127
3.520,0.210,0.4452,2.243412e-05,4.054501e-06,1,1.051e+01,1.7127
3.520,0.230,0.4659,2.901659e-05,4.529381e-06,1,1.051e+01,1.7127
3.520,0.250,0.4857,3.669435e-05,5.032083e-06,1,1.051e+01,1.7127
3.520,0.270,0.5048,4.552900e-05,5.564977e-06,1,1.051e+01,1.7127
3.520,0.290,0.5232,5.557849e-05,6.130293e-06,1,1.051e+01,1.7127
3.520,0.310,0.5409,6.689738e-05,6.730129e-06,1,1.051e+01,1.7127
3.520,0.330,0.5581,7.953710e-05,7.366463e-06,1,1.051e+01,1.7127
3.520,0.350,0.5747,9.354615e-05,8.041162e-06,1,1.051e+01,1.7127
3.520,0.370,0.5909,1.089703e-04,8.755987e-06,1,1.051e+01,1.7127
3.520,0.390,0.6067,1.258529e-04,9.512602e-06,1,1.051e+01,1.7127
3.520,0.410,0.6220,1.442348e-04,1.031258e-05,1,1.051e+01,1.7127
3.520,0.430,0.6370,1.641547e-04,1.115741e-05,1,1.051e+01,1.7127
3.520,0.450,0.6517,1.856492e-04,1.204851e-05,1,1.051e+01,1.7127
3.520,0.470,0.6660,2.087532e-04,1.298720e-05,1,1.051e+01,1.7127
3.520,0.490,0.6800,2.334996e-04,1.397477e-05,1,1.051e+01,1.7127
3.540,0.010,0.1006,3.243519e-09,2.070196e-07,1,1.060e+01,1.7127
3.540,0.030,0.1743,8.584564e-08,6.112856e-07,1,1.060e+01,1.7127
3.540,0.050,0.2250,3.897709e-07,1.007128e-06,1,1.060e+01,1.7127
3.540,0.070,0.2662,1.049304e-06,1.399708e-06,1,1.060e+01,1.7127
3.540,0.090,0.3019,2.188758e-06,1.793805e-06,1,1.060e+01,1.7127
3.540,0.110,0.3338,3.923386e-06,2.193850e-06,1,1.060e+01,1.7127
3.540,0.130,0.3628,6.360192e-06,2.603955e-06,1,1.060e+01,1.7127
3.540,0.150,0.3897,9.598651e-06,3.027946e-06,1,1.060e+01,1.7127
3.540,0.170,0.4149,1.373136e-05,3.469382e-06,1,1.060e+01,1.7127
3.540,0.190,0.4386,1.884464e-05,3.931581e-06,1,1.060e+01,1.7127
3.540,0.210,0.4611,2.501903e-05,4.417639e-06,1,1.060e+01,1.7127
3.540,0.230,0.4826,3.232979e-05,4.930449e-06,1,1.060e+01,1.7127
3.540,0.250,0.5031,4.084729e-05,5.472718e-06,1,1.060e+01,1.7127
3.540,0.270,0.5229,5.063745e-05,6.046977e-06,1,1.060e+01,1.7127
3.540,0.290,0.5419,6.176205e-05,6.655604e-06,1,1.060e+01,1.7127
3.540,0.310,0.5603,7.427907e-05,7.300826e-06,1,1.060e+01,1.7127
3.540,0.330,0.5781,8.824295e-05,7.984736e-06,1,1.060e+01,1.7127
3.540,0.350,0.5953,1.037049e-04,8.709303e-06,1,1.060e+01,1.7127
3.540,0.370,0.6121,1.207131e-04,9.476379e-06,1,1.060e+01,1.7127
3.540,0.390,0.6284,1.393129e-04,1.028771e-05,1,1.060e+01,1.7127
3.540,0.410,0.6443,1.595471e-04,1.114494e-05,1,1.060e+01,1.7127
3.540,0.430,0.6599,1.814561e-04,1.204961e-05,1,1.060e+01,1.7127
3.540,0.450,0.6750,2.050780e-04,1.300321e-05,1,1.060e+01,1.7127
3.540,0.470,0.6899,2.304488e-04,1.400710e-05,1,1.060e+01,1.7127
3.540,0.490,0.7044,2.576026e-04,1.506260e-05,1,1.060e+01,1.7127
3.560,0.010,0.1043,3.661886e-09,2.283285e-07,1,1.069e+01,1.7127
3.560,0.030,0.1806,9.678111e-08,6.732448e-07,1,1.069e+01,1.7127
3.560,0.050,0.2331,4.388203e-07,1.107690e-06,1,1.069e+01,1.7127
3.560,0.070,0.2758,1.179795e-06,1.537443e-06,1,1.069e+01,1.7127
3.560,0.090,0.3128,2.457837e-06,1.967827e-06,1,1.069e+01,1.7127
3.560,0.110,0.3458,4.400350e-06,2.403750e-06,1,1.069e+01,1.7127
3.560,0.130,0.3759,7.125030e-06,2.849747e-06,1,1.069e+01,1.7127
3.560,0.150,0.4038,1.074077e-05,3.310013e-06,1,1.069e+01,1.7127
3.560,0.170,0.4299,1.534847e-05,3.788436e-06,1,1.069e+01,1.7127
3.560,0.190,0.4545,2.104177e-05,4.288623e-06,1,1.069e+01,1.7127
3.560,0.210,0.4778,2.790766e-05,4.813927e-06,1,1.069e+01,1.7127
3.560,0.230,0.5000,3.602710e-05,5.367465e-06,1,1.069e+01,1.7127
3.560,0.250,0.5213,4.547549e-05,5.952145e-06,1,1.069e+01,1.7127
3.560,0.270,0.5418,5.632318e-05,6.570675e-06,1,1.069e+01,1.7127
3.560,0.290,0.5615,6.863585e-05,7.225586e-06,1,1.069e+01,1.7127
3.560,0.310,0.5805,8.247494e-05,7.919246e-06,1,1.069e+01,1.7127
3.560,0.330,0.5989,9.789793e-05,8.653870e-06,1,1.069e+01,1.7127
3.560,0.350,0.6168,1.149587e-04,9.431531e-06,1,1.069e+01,1.7127
3.560,0.370,0.6342,1.337077e-04,1.025418e-05,1,1.069e+01,1.7127
3.560,0.390,0.6511,1.541925e-04,1.112364e-05,1,1.069e+01,1.7127
3.560,0.410,0.6676,1.764576e-04,1.204163e-05,1,1.069e+01,1.7127
3.560,0.430,0.6837,2.005449e-04,1.300977e-05,1,1.069e+01,1.7127
3.560,0.450,0.6994,2.264940e-04,1.402957e-05,1,1.069e+01,1.7127
3.560,0.470,0.7148,2.543421e-04,1.510248e-05,1,1.069e+01,1.7127
3.560,0.490,0.7298,2.841243e-04,1.622984e-05,1,1.069e+01,1.7127
3.580,0.010,0.1080,4.138284e-09,2.520571e-07,1,1.078e+01,1.7127
3.580,0.030,0.1871,1.092048e-07,7.420681e-07,1,1.078e+01,1.7127
3.580,0.050,0.2416,4.944228e-07,1.219128e-06,1,1.078e+01,1.7127
3.580,0.070,0.2859,1.327411e-06,1.689731e-06,1,1.078e+01,1.7127
3.580,0.090,0.3241,2.761624e-06,2.159821e-06,1,1.078e+01,1.7127
3.580,0.110,0.3584,4.937811e-06,2.634851e-06,1,1.078e+01,1.7127
3.580,0.130,0.3896,7.985314e-06,3.119831e-06,1,1.078e+01,1.7127
3.580,0.150,0.4185,1.202319e-05,3.619374e-06,1,1.078e+01,1.7127
3.580,0.170,0.4455,1.716122e-05,4.137732e-06,1,1.078e+01,1.7127
3.580,0.190,0.4710,2.350080e-05,4.678834e-06,1,1.078e+01,1.7127
3.580,0.210,0.4951,3.113570e-05,5.246312e-06,1,1.078e+01,1.7127
3.580,0.230,0.5182,4.015282e-05,5.843532e-06,1,1.078e+01,1.7127
3.580,0.250,0.5402,5.063274e-05,6.473617e-06,1,1.078e+01,1.7127
3.580,0.270,0.5614,6.265034e-05,7.139466e-06,1,1.078e+01,1.7127
3.580,0.290,0.5819,7.627528e-05,7.843779e-06,1,1.078e+01,1.7127
3.580,0.310,0.6016,9.157243e-05,8.589068e-06,1,1.078e+01,1.7127
3.580,0.330,0.6207,1.086023e-04,9.377678e-06,1,1.078e+01,1.7127
3.580,0.350,0.6392,1.274214e-04,1.021180e-05,1,1.078e+01,1.7127
3.580,0.370,0.6572,1.480824e-04,1.109347e-05,1,1.078e+01,1.7127
3.580,0.390,0.6748,1.706349e-04,1.202461e-05,1,1.078e+01,1.7127
3.580,0.410,0.6918,1.951251e-04,1.300701e-05,1,1.078e+01,1.7127
3.580,0.430,0.7085,2.215964e-04,1.404236e-05,1,1.078e+01,1.7127
3.580,0.450,0.7248,2.500897e-04,1.513223e-05,1,1.078e+01,1.7127
3.580,0.470,0.7407,2.806431e-04,1.627810e-05,1,1.078e+01,1.7127
3.580,0.490,0.7563,3.132927e-04,1.748138e-05,1,1.078e+01,1.7127
3.600,0.010,0.1120,4.681380e-09,2.785074e-07,1,1.087e+01,1.7127
3.600,0.030,0.1940,1.233328e-07,8.185808e-07,1,1.087e+01,1.7127
3.600,0.050,0.2504,5.575044e-07,1.342703e-06,1,1.087e+01,1.7127
3.600,0.070,0.2963,1.494510e-06,1.858197e-06,1,1.087e+01,1.7127
3.600,0.090,0.3360,3.104774e-06,2.371723e-06,1,1.087e+01,1.7127
3.600,0.110,0.3715,5.543691e-06,2.889358e-06,1,1.087e+01,1.7127
3.600,0.130,0.4038,8.953249e-06,3.416650e-06,1,1.087e+01,1.7127
3.600,0.150,0.4338,1.346344e-05,3.958682e-06,1,1.087e+01,1.7127
3.600,0.170,0.4618,1.919352e-05,4.520115e-06,1,1.087e+01,1.7127
3.600,0.190,0.4882,2.625305e-05,5.105233e-06,1,1.087e+01,1.7127
3.600,0.210,0.5132,3.474292e-05,5.717978e-06,1,1.087e+01,1.7127
3.600,0.230,0.5371,4.475614e-05,6.361987e-06,1,1.087e+01,1.7127
3.600,0.250,0.5600,5.637863e-05,7.040619e-06,1,1.087e+01,1.7127
3.600,0.270,0.5820,6.968987e-05,7.756980e-06,1,1.087e+01,1.7127
3.600,0.290,0.6031,8.476347e-05,8.513948e-06,1,1.087e+01,1.7127
3.600,0.310,0.6236,1.016678e-04,9.314193e-06,1,1.087e+01,1.7127
3.600,0.330,0.6434,1.204662e-04,1.016020e-05,1,1.087e+01,1.7127
3.600,0.350,0.6626,1.412177e-04,1.105427e-05,1,1.087e+01,1.7127
3.600,0.370,0.6813,1.639775e-04,1.199855e-05,1,1.087e+01,1.7127
3.600,0.390,0.6994,1.887966e-04,1.299505e-05,1,1.087e+01,1.7127
3.600,0.410,0.7171,2.157231e-04,1.404565e-05,1,1.087e+01,1.7127
3.600,0.430,0.7344,2.448016e-04,1.515208e-05,1,1.087e+01,1.7127
3.600,0.450,0.7513,2.760742e-04,1.631600e-05,1,1.087e+01,1.7127
3.600,0.470,0.7678,3.095799e-04,1.753892e-05,1,1.087e+01,1.7127
3.600,0.490,0.7840,3.453557e-04,1.882230e-05,1,1.087e+01,1.7127
3.620,0.010,0.1161,5.301237e-09,3.080231e-07,1,1.096e+01,1.7127
3.620,0.030,0.2011,1.394146e-07,9.037150e-07,1,1.096e+01,1.7127
3.620,0.050,0.2597,6.291289e-07,1.479828e-06,1,1.096e+01,1.7127
3.620,0.070,0.3072,1.683786e-06,2.044653e-06,1,1.096e+01,1.7127
3.620,0.090,0.3484,3.492589e-06,2.605682e-06,1,1.096e+01,1.7127
3.620,0.110,0.3851,6.226965e-06,3.169704e-06,1,1.096e+01,1.7127
3.620,0.130,0.4187,1.004261e-05,3.742884e-06,1,1.096e+01,1.7127
3.620,0.150,0.4497,1.508124e-05,4.330834e-06,1,1.096e+01,1.7127
3.620,0.170,0.4788,2.147215e-05,4.938675e-06,1,1.096e+01,1.7127
3.620,0.190,0.5062,2.933351e-05,5.571086e-06,1,1.096e+01,1.7127
3.620,0.210,0.5321,3.877358e-05,6.232354e-06,1,1.096e+01,1.7127
3.620,0.230,0.5569,4.989169e-05,6.926413e-06,1,1.096e+01,1.7127
3.620,0.250,0.5806,6.277915e-05,7.656879e-06,1,1.096e+01,1.7127
3.620,0.270,0.6034,7.752007e-05,8.427082e-06,1,1.096e+01,1.7127
3.620,0.290,0.6253,9.419202e-05,9.240094e-06,1,1.096e+01,1.7127
3.620,0.310,0.6466,1.128667e-04,1.009875e-05,1,1.096e+01,1.7127
3.620,0.330,0.6671,1.336104e-04,1.100569e-05,1,1.096e+01,1.7127
3.620,0.350,0.6870,1.564845e-04,1.196333e-05,1,1.096e+01,1.7127
3.620,0.370,0.7064,1.815462e-04,1.297394e-05,1,1.096e+01,1.7127
3.620,0.390,0.7252,2.088485e-04,1.403961e-05,1,1.096e+01,1.7127
3.620,0.410,0.7436,2.384406e-04,1.516231e-05,1,1.096e+01,1.7127
3.620,0.430,0.7615,2.703685e-04,1.634384e-05,1,1.096e+01,1.7127
3.620,0.450,0.7790,3.046751e-04,1.758591e-05,1,1.096e+01,1.7127
3.620,0.470,0.7961,3.414004e-04,1.889010e-05,1,1.096e+01,1.7127
3.620,0.490,0.8129,3.805819e-04,2.025790e-05,1,1.096e+01,1.7127
3.640,0.010,0.1204,6.009548e-09,3.409950e-07,1,1.105e+01,1.7127
3.640,0.030,0.2086,1.577386e-07,9.985239e-07,1,1.105e+01,1.7127
3.640,0.050,0.2693,7.105183e-07,1.632091e-06,1,1.105e+01,1.7127
3.640,0.070,0.3186,1.898319e-06,2.251123e-06,1,1.105e+01,1.7127
3.640,0.090,0.3613,3.931096e-06,2.864079e-06,1,1.105e+01,1.7127
3.640,0.110,0.3994,6.997797e-06,3.478572e-06,1,1.105e+01,1.7127
3.640,0.130,0.4342,1.126892e-05,4.101471e-06,1,1.105e+01,1.7127
3.640,0.150,0.4664,1.689873e-05,4.738991e-06,1,1.105e+01,1.7127
3.640,0.170,0.4966,2.402710e-05,5.396767e-06,1,1.105e+01,1.7127
3.640,0.190,0.5250,3.278122e-05,6.079925e-06,1,1.105e+01,1.7127
3.640,0.210,0.5519,4.327693e-05,6.793132e-06,1,1.105e+01,1.7127
3.640,0.230,0.5776,5.562003e-05,7.540649e-06,1,1.105e+01,1.7127
3.640,0.250,0.6022,6.990727e-05,8.326376e-06,1,1.105e+01,1.7127
3.640,0.270,0.6258,8.622736e-05,9.153886e-06,1,1.105e+01,1.7127
3.640,0.290,0.6485,1.046618e-04,1.002646e-05,1,1.105e+01,1.7127
3.640,0.310,0.6705,1.252854e-04,1.094712e-05,1,1.105e+01,1.7127
3.640,0.330,0.6918,1.481673e-04,1.191865e-05,1,1.105e+01,1.7127
3.640,0.350,0.7125,1.733713e-04,1.294361e-05,1,1.105e+01,1.7127
3.640,0.370,0.7326,2.009563e-04,1.402438e-05,1,1.105e+01,1.7127
3.640,0.390,0.7521,2.309768e-04,1.516315e-05,1,1.105e+01,1.7127
3.640,0.410,0.7711,2.634834e-04,1.636198e-05,1,1.105e+01,1.7127
3.640,0.430,0.7897,2.985231e-04,1.762274e-05,1,1.105e+01,1.7127
3.640,0.450,0.8079,3.361396e-04,1.894719e-05,1,1.105e+01,1.7127
3.640,0.470,0.8256,3.763735e-04,2.033699e-05,1,1.105e+01,1.7127
3.640,0.490,0.8430,4.192628e-04,2.179365e-05,1,1.105e+01,1.7127
3.660,0.010,0.1249,6.819922e-09,3.778686e-07,1,1.114e+01,1.7127
3.660,0.030,0.2164,1.786380e-07,1.104198e-06,1,1.114e+01,1.7127
3.660,0.050,0.2794,8.030780e-07,1.801273e-06,1,1.114e+01,1.7127
3.660,0.070,0.3305,2.141630e-06,2.479861e-06,1,1.114e+01,1.7127
3.660,0.090,0.3748,4.427156e-06,3.149552e-06,1,1.114e+01,1.7127
3.660,0.110,0.4144,7.867698e-06,3.818915e-06,1,1.114e+01,1.7127
3.660,0.130,0.4505,1.264971e-05,4.495627e-06,1,1.114e+01,1.7127
3.660,0.150,0.4839,1.894077e-05,5.186591e-06,1,1.114e+01,1.7127
3.660,0.170,0.5151,2.689193e-05,5.898028e-06,1,1.114e+01,1.7127
3.660,0.190,0.5446,3.663968e-05,6.635557e-06,1,1.114e+01,1.7127
3.660,0.210,0.5725,4.830769e-05,7.404274e-06,1,1.114e+01,1.7127
3.660,0.230,0.5992,6.200827e-05,8.208801e-06,1,1.114e+01,1.7127
3.660,0.250,0.6247,7.784362e-05,9.053349e-06,1,1.114e+01,1.7127
3.660,0.270,0.6492,9.590698e-05,9.941758e-06,1,1.114e+01,1.7127
3.660,0.290,0.6728,1.162836e-04,1.087754e-05,1,1.114e+01,1.7127
3.660,0.310,0.6956,1.390514e-04,1.186390e-05,1,1.114e+01,1.7127
3.660,0.330,0.7177,1.642822e-04,1.290380e-05,1,1.114e+01,1.7127
3.660,0.350,0.7391,1.920417e-04,1.399994e-05,1,1.114e+01,1.7127
3.660,0.370,0.7599,2.223906e-04,1.515482e-05,1,1.114e+01,1.7127
3.660,0.390,0.7802,2.553847e-04,1.637075e-05,1,1.114e+01,1.7127
3.660,0.410,0.8000,2.910757e-04,1.764985e-05,1,1.114e+01,1.7127
3.660,0.430,0.8192,3.295115e-04,1.899409e-05,1,1.114e+01,1.7127
3.660,0.450,0.8381,3.707363e-04,2.040530e-05,1,1.114e+01,1.7127
3.660,0.470,0.8565,4.147912e-04,2.188516e-05,1,1.114e+01,1.7127
3.660,0.490,0.8745,4.617145e-04,2.343525e-05,1,1.114e+01,1.7127
3.680,0.010,0.1296,7.748227e-09,4.191522e-07,1,1.124e+01,1.7127
3.680,0.030,0.2245,2.024989e-07,1.222086e-06,1,1.124e+01,1.7127
3.680,0.050,0.2899,9.084246e-07,1.989373e-06,1,1.124e+01,1.7127
3.680,0.070,0.3430,2.417750e-06,2.733379e-06,1,1.124e+01,1.7127
3.680,0.090,0.3889,4.988571e-06,3.465021e-06,1,1.124e+01,1.7127
3.680,0.110,0.4300,8.849700e-06,4.193981e-06,1,1.124e+01,1.7127
3.680,0.130,0.4674,1.420470e-05,4.928871e-06,1,1.124e+01,1.7127
3.680,0.150,0.5021,2.123527e-05,5.677379e-06,1,1.124e+01,1.7127
3.680,0.170,0.5345,3.010412e-05,6.446389e-06,1,1.124e+01,1.7127
3.680,0.190,0.5651,4.095737e-05,7.242083e-06,1,1.124e+01,1.7127
3.680,0.210,0.5941,5.392662e-05,8.070028e-06,1,1.124e+01,1.7127
3.680,0.230,0.6217,6.913071e-05,8.935253e-06,1,1.124e+01,1.7127
3.680,0.250,0.6482,8.667724e-05,9.842309e-06,1,1.124e+01,1.7127
3.680,0.270,0.6736,1.066638e-04,1.079533e-05,1,1.124e+01,1.7127
3.680,0.290,0.6981,1.291793e-04,1.179807e-05,1,1.124e+01,1.7127
3.680,0.310,0.7218,1.543046e-04,1.285395e-05,1,1.124e+01,1.7127
3.680,0.330,0.7447,1.821138e-04,1.396611e-05,1,1.124e+01,1.7127
3.680,0.350,0.7670,2.126744e-04,1.513741e-05,1,1.124e+01,1.7127
3.680,0.370,0.7886,2.460486e-04,1.637047e-05,1,1.124e+01,1.7127
3.680,0.390,0.8096,2.822935e-04,1.766771e-05,1,1.124e+01,1.7127
3.680,0.410,0.8301,3.214615e-04,1.903136e-05,1,1.124e+01,1.7127
3.680,0.430,0.8501,3.636011e-04,2.046345e-05,1,1.124e+01,1.7127
3.680,0.450,0.8696,4.087569e-04,2.196588e-05,1,1.124e+01,1.7127
3.680,0.470,0.8888,4.569703e-04,2.354040e-05,1,1.124e+01,1.7127
3.680,0.490,0.9075,5.082796e-04,2.518863e-05,1,1.124e+01,1.7127
3.700,0.010,0.1346,8.812980e-09,4.654263e-07,1,1.133e+01,1.7127
3.700,0.030,0.2331,2.297685e-07,1.353712e-06,1,1.133e+01,1.7127
3.700,0.050,0.3009,1.028419e-06,2.198640e-06,1,1.133e+01,1.7127
3.700,0.070,0.3560,2.731285e-06,3.014478e-06,1,1.133e+01,1.7127
3.700,0.090,0.4037,5.624220e-06,3.813717e-06,1,1.133e+01,1.7127
3.700,0.110,0.4463,9.958546e-06,4.607342e-06,1,1.133e+01,1.7127
3.700,0.130,0.4852,1.595612e-05,5.405046e-06,1,1.133e+01,1.7127
3.700,0.150,0.5211,2.381353e-05,6.215419e-06,1,1.133e+01,1.7127
3.700,0.170,0.5548,3.370557e-05,7.046102e-06,1,1.133e+01,1.7127
3.700,0.190,0.5865,4.578824e-05,7.903909e-06,1,1.133e+01,1.7127
3.700,0.210,0.6166,6.020111e-05,8.794941e-06,1,1.133e+01,1.7127
3.700,0.230,0.6453,7.706953e-05,9.724675e-06,1,1.133e+01,1.7127
3.700,0.250,0.6728,9.650632e-05,1.069804e-05,1,1.133e+01,1.7127
3.700,0.270,0.6992,1.186133e-04,1.171949e-05,1,1.133e+01,1.7127
3.700,0.290,0.7246,1.434828e-04,1.279305e-05,1,1.133e+01,1.7127
3.700,0.310,0.7492,1.711982e-04,1.392238e-05,1,1.133e+01,1.7127
3.700,0.330,0.7730,2.018357e-04,1.511079e-05,1,1.133e+01,1.7127
3.700,0.350,0.7961,2.354646e-04,1.636133e-05,1,1.133e+01,1.7127
3.700,0.370,0.8185,2.721482e-04,1.767674e-05,1,1.133e+01,1.7127
3.700,0.390,0.8403,3.119443e-04,1.905957e-05,1,1.133e+01,1.7127
3.700,0.410,0.8616,3.549062e-04,2.051214e-05,1,1.133e+01,1.7127
3.700,0.430,0.8824,4.010825e-04,2.203657e-05,1,1.133e+01,1.7127
3.700,0.450,0.9026,4.505181e-04,2.363482e-05,1,1.133e+01,1.7127
3.700,0.470,0.9225,5.032545e-04,2.530872e-05,1,1.133e+01,1.7127
3.700,0.490,0.9419,5.593298e-04,2.705991e-05,1,1.133e+01,1.7127
3.720,0.010,0.1397,1.003583e-08,5.173550e-07,1,1.142e+01,1.7127
3.720,0.030,0.2420,2.609657e-07,1.500806e-06,1,1.142e+01,1.7127
3.720,0.050,0.3124,1.165204e-06,2.431594e-06,1,1.142e+01,1.7127
3.720,0.070,0.3696,3.087509e-06,3.326277e-06,1,1.142e+01,1.7127
3.720,0.090,0.4191,6.344196e-06,4.199214e-06,1,1.142e+01,1.7127
3.720,0.110,0.4634,1.121092e-05,5.062917e-06,1,1.142e+01,1.7127
3.720,0.130,0.5037,1.792899e-05,5.928341e-06,1,1.142e+01,1.7127
3.720,0.150,0.5411,2.671060e-05,6.805116e-06,1,1.142e+01,1.7127
3.720,0.170,0.5760,3.774304e-05,7.701746e-06,1,1.142e+01,1.7127
3.720,0.190,0.6090,5.119226e-05,8.625763e-06,1,1.142e+01,1.7127
3.720,0.210,0.6402,6.720587e-05,9.583867e-06,1,1.142e+01,1.7127
3.720,0.230,0.6700,8.591553e-05,1.058204e-05,1,1.142e+01,1.7127
3.720,0.250,0.6985,1.074391e-04,1.162562e-05,1,1.142e+01,1.7127
3.720,0.270,0.7259,1.318824e-04,1.271942e-05,1,1.142e+01,1.7127
3.720,0.290,0.7523,1.593407e-04,1.386776e-05,1,1.142e+01,1.7127
3.720,0.310,0.7779,1.898999e-04,1.507455e-05,1,1.142e+01,1.7127
3.720,0.330,0.8026,2.236380e-04,1.634331e-05,1,1.142e+01,1.7127
3.720,0.350,0.8265,2.606254e-04,1.767725e-05,1,1.142e+01,1.7127
3.720,0.370,0.8498,3.009265e-04,1.907930e-05,1,1.142e+01,1.7127
3.720,0.390,0.8725,3.445997e-04,2.055209e-05,1,1.142e+01,1.7127
3.720,0.410,0.8946,3.916984e-04,2.209807e-05,1,1.142e+01,1.7127
3.720,0.430,0.9161,4.422716e-04,2.371944e-05,1,1.142e+01,1.7127
3.720,0.450,0.9372,4.963640e-04,2.541825e-05,1,1.142e+01,1.7127
3.720,0.470,0.9578,5.540170e-04,2.719635e-05,1,1.142e+01,1.7127
3.720,0.490,0.9780,6.152683e-04,2.905549e-05,1,1.142e+01,1.7127
3.740,0.010,0.1451,1.144214e-08,5.756990e-07,1,1.151e+01,1.7127
3.740,0.030,0.2513,2.966927e-07,1.665327e-06,1,1.151e+01,1.7127
3.740,0.050,0.3244,1.321248e-06,2.691069e-06,1,1.151e+01,1.7127
3.740,0.070,0.3839,3.492453e-06,3.672250e-06,1,1.151e+01,1.7127
3.740,0.090,0.4353,7.159976e-06,4.625455e-06,1,1.151e+01,1.7127
3.740,0.110,0.4812,1.262567e-05,5.565004e-06,1,1.151e+01,1.7127
3.740,0.130,0.5232,2.015146e-05,6.503320e-06,1,1.151e+01,1.7127
3.740,0.150,0.5620,2.996575e-05,7.451240e-06,1,1.151e+01,1.7127
3.740,0.170,0.5983,4.226863e-05,8.418253e-06,1,1.151e+01,1.7127
3.740,0.190,0.6325,5.723609e-05,9.412709e-06,1,1.151e+01,1.7127
3.740,0.210,0.6649,7.502360e-05,1.044198e-05,1,1.151e+01,1.7127
3.740,0.230,0.6959,9.576894e-05,1.151261e-05,1,1.151e+01,1.7127
3.740,0.250,0.7255,1.195947e-04,1.263040e-05,1,1.151e+01,1.7127
3.740,0.270,0.7539,1.466104e-04,1.380056e-05,1,1.151e+01,1.7127
3.740,0.290,0.7814,1.769140e-04,1.502773e-05,1,1.151e+01,1.7127
3.740,0.310,0.8079,2.105934e-04,1.631608e-05,1,1.151e+01,1.7127
3.740,0.330,0.8335,2.477280e-04,1.766937e-05,1,1.151e+01,1.7127
3.740,0.350,0.8584,2.883893e-04,1.909100e-05,1,1.151e+01,1.7127
3.740,0.370,0.8826,3.326422e-04,2.058405e-05,1,1.151e+01,1.7127
3.740,0.390,0.9061,3.805453e-04,2.215129e-05,1,1.151e+01,1.7127
3.740,0.410,0.9291,4.321523e-04,2.379528e-05,1,1.151e+01,1.7127
3.740,0.430,0.9515,4.875118e-04,2.551832e-05,1,1.151e+01,1.7127
3.740,0.450,0.9733,5.466685e-04,2.732252e-05,1,1.151e+01,1.7127
3.740,0.470,0.9947,6.096630e-04,2.920982e-05,1,1.151e+01,1.7127
3.740,0.490,1.0157,6.765328e-04,3.118200e-05,1,1.151e+01,1.7127
3.760,0.010,0.1507,1.306161e-08,6.413307e-07,1,1.160e+01,1.7127
3.760,0.030,0.2611,3.376493e-07,1.849498e-06,1,1.160e+01,1.7127
3.760,0.050,0.3371,1.499396e-06,2.980247e-06,1,1.160e+01,1.7127
3.760,0.070,0.3988,3.953018e-06,4.056260e-06,1,1.160e+01,1.7127
3.760,0.090,0.4522,8.084607e-06,5.096794e-06,1,1.160e+01,1.7127
3.760,0.110,0.5000,1.422410e-05,6.118307e-06,1,1.160e+01,1.7127
3.760,0.130,0.5435,2.265514e-05,7.134946e-06,1,1.160e+01,1.7127
3.760,0.150,0.5838,3.362290e-05,8.158942e-06,1,1.160e+01,1.7127
3.760,0.170,0.6215,4.734043e-05,9.200920e-06,1,1.160e+01,1.7127
3.760,0.190,0.6571,6.399370e-05,1.027016e-05,1,1.160e+01,1.7127
3.760,0.210,0.6908,8.374581e-05,1.137479e-05,1,1.160e+01,1.7127
3.760,0.230,0.7229,1.067404e-04,1.252198e-05,1,1.160e+01,1.7127
3.760,0.250,0.7537,1.331044e-04,1.371806e-05,1,1.160e+01,1.7127
3.760,0.270,0.7833,1.629505e-04,1.496866e-05,1,1.160e+01,1.7127
3.760,0.290,0.8118,1.963791e-04,1.627877e-05,1,1.160e+01,1.7127
3.760,0.310,0.8393,2.334796e-04,1.765286e-05,1,1.160e+01,1.7127
3.760,0.330,0.8660,2.743326e-04,1.909495e-05,1,1.160e+01,1.7127
3.760,0.350,0.8918,3.190101e-04,2.060863e-05,1,1.160e+01,1.7127
3.760,0.370,0.9169,3.675772e-04,2.219715e-05,1,1.160e+01,1.7127
3.760,0.390,0.9414,4.200927e-04,2.386344e-05,1,1.160e+01,1.7127
3.760,0.410,0.9652,4.766098e-04,2.561015e-05,1,1.160e+01,1.7127
3.760,0.430,0.9885,5.371769e-04,2.743971e-05,1,1.160e+01,1.7127
3.760,0.450,1.0112,6.018380e-04,2.935429e-05,1,1.160e+01,1.7127
3.760,0.470,1.0334,6.706332e-04,3.135591e-05,1,1.160e+01,1.7127
3.760,0.490,1.0552,7.435992e-04,3.344639e-05,1,1.160e+01,1.7127
3.780,0.010,0.1567,1.492917e-08,7.152517e-07,1,1.170e+01,1.7127
3.780,0.030,0.2713,3.846494e-07,2.055842e-06,1,1.170e+01,1.7127
3.780,0.050,0.3503,1.702928e-06,3.302698e-06,1,1.170e+01,1.7127
3.780,0.070,0.4145,4.477098e-06,4.482601e-06,1,1.170e+01,1.7127
3.780,0.090,0.4700,9.132905e-06,5.618025e-06,1,1.170e+01,1.7127
3.780,0.110,0.5196,1.603027e-05,6.727968e-06,1,1.170e+01,1.7127
3.780,0.130,0.5648,2.547556e-05,7.828602e-06,1,1.170e+01,1.7127
3.780,0.150,0.6067,3.773114e-05,8.933778e-06,1,1.170e+01,1.7127
3.780,0.170,0.6459,5.302307e-05,1.005543e-05,1,1.170e+01,1.7127
3.780,0.190,0.6829,7.154710e-05,1.120388e-05,1,1.170e+01,1.7127
3.780,0.210,0.7179,9.347365e-05,1.238814e-05,1,1.170e+01,1.7127
3.780,0.230,0.7513,1.189517e-04,1.361607e-05,1,1.170e+01,1.7127
3.780,0.250,0.7833,1.481123e-04,1.489457e-05,1,1.170e+01,1.7127
3.780,0.270,0.8140,1.810706e-04,1.622975e-05,1,1.170e+01,1.7127
3.780,0.290,0.8436,2.179290e-04,1.762699e-05,1,1.170e+01,1.7127
3.780,0.310,0.8722,2.587783e-04,1.909109e-05,1,1.170e+01,1.7127
3.780,0.330,0.8999,3.036994e-04,2.062631e-05,1,1.170e+01,1.7127
3.780,0.350,0.9268,3.527646e-04,2.223650e-05,1,1.170e+01,1.7127
3.780,0.370,0.9529,4.060390e-04,2.392506e-05,1,1.170e+01,1.7127
3.780,0.390,0.9783,4.635810e-04,2.569509e-05,1,1.170e+01,1.7127
3.780,0.410,1.0031,5.254432e-04,2.754937e-05,1,1.170e+01,1.7127
3.780,0.430,1.0273,5.916735e-04,2.949041e-05,1,1.170e+01,1.7127
3.780,0.450,1.0509,6.623149e-04,3.152050e-05,1,1.170e+01,1.7127
3.780,0.470,1.0740,7.374068e-04,3.364171e-05,1,1.170e+01,1.7127
3.780,0.490,1.0966,8.169850e-04,3.585593e-05,1,1.170e+01,1.7127
3.800,0.010,0.1629,1.708587e-08,7.986141e-07,1,1.179e+01,1.7127
3.800,0.030,0.2821,4.386402e-07,2.287222e-06,1,1.179e+01,1.7127
3.800,0.050,0.3642,1.935627e-06,3.662431e-06,1,1.179e+01,1.7127
3.800,0.070,0.4309,5.073721e-06,4.956046e-06,1,1.179e+01,1.7127
3.800,0.090,0.4886,1.032170e-05,6.194427e-06,1,1.179e+01,1.7127
3.800,0.110,0.5402,1.807133e-05,7.399602e-06,1,1.179e+01,1.7127
3.800,0.130,0.5872,2.865257e-05,8.590123e-06,1,1.179e+01,1.7127
3.800,0.150,0.6308,4.234529e-05,9.781727e-06,1,1.179e+01,1.7127
3.800,0.170,0.6715,5.938842e-05,1.098785e-05,1,1.179e+01,1.7127
3.800,0.190,0.7099,7.998719e-05,1.222003e-05,1,1.179e+01,1.7127
3.800,0.210,0.7463,1.043189e-04,1.348823e-05,1,1.179e+01,1.7127
3.800,0.230,0.7811,1.325373e-04,1.480111e-05,1,1.179e+01,1.7127
3.800,0.250,0.8143,1.647768e-04,1.616622e-05,1,1.179e+01,1.7127
3.800,0.270,0.8463,2.011551e-04,1.759017e-05,1,1.179e+01,1.7127
3.800,0.290,0.8770,2.417756e-04,1.907878e-05,1,1.179e+01,1.7127
3.800,0.310,0.9068,2.867298e-04,2.063720e-05,1,1.179e+01,1.7127
3.800,0.330,0.9356,3.360990e-04,2.227000e-05,1,1.179e+01,1.7127
3.800,0.350,0.9635,3.899552e-04,2.398122e-05,1,1.179e+01,1.7127
3.800,0.370,0.9907,4.483630e-04,2.577450e-05,1,1.179e+01,1.7127
3.800,0.390,1.0171,5.113802e-04,2.765309e-05,1,1.179e+01,1.7127
3.800,0.410,1.0428,5.790585e-04,2.961990e-05,1,1.179e+01,1.7127
3.800,0.430,1.0680,6.514448e-04,3.167755e-05,1,1.179e+01,1.7127
3.800,0.450,1.0925,7.285813e-04,3.382843e-05,1,1.179e+01,1.7127
3.800,0.470,1.1165,8.105061e-04,3.607468e-05,1,1.070e+01,1.7127
3.800,0.490,1.1400,8.972541e-04,3.841825e-05,1,8.995e+00,1.7127
3.820,0.010,0.1694,1.958010e-08,8.927444e-07,1,1.188e+01,1.7127
3.820,0.030,0.2934,5.007251e-07,2.546892e-06,1,1.188e+01,1.7127
3.820,0.050,0.3787,2.201853e-06,4.063941e-06,1,1.188e+01,1.7127
3.820,0.070,0.4481,5.753209e-06,5.481889e-06,1,1.188e+01,1.7127
3.820,0.090,0.5081,1.167008e-05,6.831800e-06,1,1.188e+01,1.7127
3.820,0.110,0.5617,2.037787e-05,8.139323e-06,1,1.188e+01,1.7127
3.820,0.130,0.6107,3.223086e-05,9.425816e-06,1,1.188e+01,1.7127
3.820,0.150,0.6560,4.752651e-05,1.070921e-05,1,1.188e+01,1.7127
3.820,0.170,0.6983,6.651636e-05,1.200468e-05,1,1.188e+01,1.7127
3.820,0.190,0.7383,8.941461e-05,1.332513e-05,1,1.188e+01,1.7127
3.820,0.210,0.7762,1.164048e-04,1.468163e-05,1,1.188e+01,1.7127
3.820,0.230,0.8123,1.476450e-04,1.608371e-05,1,1.188e+01,1.7127
3.820,0.250,0.8469,1.832723e-04,1.753963e-05,1,1.188e+01,1.7127
3.820,0.270,0.8801,2.234060e-04,1.905659e-05,1,1.188e+01,1.7127
3.820,0.290,0.9121,2.681504e-04,2.064087e-05,1,1.188e+01,1.7127
3.820,0.310,0.9430,3.175972e-04,2.229800e-05,1,1.188e+01,1.7127
3.820,0.330,0.9730,3.718272e-04,2.403286e-05,1,1.188e+01,1.7127
3.820,0.350,1.0020,4.309121e-04,2.584976e-05,1,1.188e+01,1.7127
3.820,0.370,1.0302,4.949154e-04,2.775254e-05,1,1.188e+01,1.7127
3.820,0.390,1.0577,5.638940e-04,2.974462e-05,1,1.188e+01,1.7127
3.820,0.410,1.0845,6.378985e-04,3.182907e-05,1,1.188e+01,1.7127
3.820,0.430,1.1106,7.169745e-04,3.400862e-05,1,1.132e+01,1.7127
3.820,0.450,1.1362,8.011631e-04,3.628574e-05,1,9.307e+00,1.7127
3.820,0.470,1.1612,8.905011e-04,3.866267e-05,1,7.953e+00,1.7127
3.820,0.490,1.1856,9.850220e-04,4.114143e-05,1,6.980e+00,1.7127
3.840,0.010,0.1762,2.246894e-08,9.991720e-07,1,1.198e+01,1.7127
3.840,0.030,0.3052,5.721902e-07,2.838547e-06,1,1.198e+01,1.7127
3.840,0.050,0.3940,2.506639e-06,4.512272e-06,1,1.198e+01,1.7127
3.840,0.070,0.4662,6.527362e-06,6.065996e-06,1,1.198e+01,1.7127
3.840,0.090,0.5286,1.319971e-05,7.536507e-06,1,1.198e+01,1.7127
3.840,0.110,0.5844,2.298437e-05,8.953781e-06,1,1.198e+01,1.7127
3.840,0.130,0.6353,3.626049e-05,1.034249e-05,1,1.198e+01,1.7127
3.840,0.150,0.6824,5.334298e-05,1.172312e-05,1,1.198e+01,1.7127
3.840,0.170,0.7265,7.449555e-05,1.311284e-05,1,1.198e+01,1.7127
3.840,0.190,0.7681,9.994070e-05,1.452613e-05,1,1.198e+01,1.7127
3.840,0.210,0.8075,1.298675e-04,1.597527e-05,1,1.198e+01,1.7127
3.840,0.230,0.8450,1.644376e-04,1.747081e-05,1,1.198e+01,1.7127
3.840,0.250,0.8810,2.037901e-04,1.902177e-05,1,1.198e+01,1.7127
3.840,0.270,0.9156,2.480452e-04,2.063600e-05,1,1.198e+01,1.7127
3.840,0.290,0.9489,2.973075e-04,2.232028e-05,1,1.198e+01,1.7127
3.840,0.310,0.9811,3.516683e-04,2.408057e-05,1,1.198e+01,1.7127
3.840,0.330,1.0122,4.112077e-04,2.592208e-05,1,1.198e+01,1.7127
3.840,0.350,1.0424,4.759962e-04,2.784939e-05,1,1.198e+01,1.7127
3.840,0.370,1.0718,5.460964e-04,2.986658e-05,1,1.198e+01,1.7127
3.840,0.390,1.1004,6.215636e-04,3.197724e-05,1,1.198e+01,1.7127
3.840,0.410,1.1283,7.024471e-04,3.418459e-05,1,9.925e+00,1.7127
3.840,0.430,1.1554,7.887911e-04,3.649149e-05,1,8.289e+00,1.7127
3.840,0.450,1.1820,8.806351e-04,3.890052e-05,1,7.162e+00,1.7127
3.840,0.470,1.2080,9.780146e-04,4.141400e-05,1,6.338e+00,1.7127
3.840,0.490,1.2334,1.080962e-03,4.403400e-05,1,5.709e+00,1.7127
3.860,0.010,0.1834,2.581987e-08,1.119663e-06,1,1.207e+01,1.7127
3.860,0.030,0.3176,6.545357e-07,3.166385e-06,1,1.207e+01,1.7127
3.860,0.050,0.4101,2.855786e-06,5.013071e-06,1,1.207e+01,1.7127
3.860,0.070,0.4852,7.409658e-06,6.714864e-06,1,1.207e+01,1.7127
3.860,0.090,0.5501,1.493513e-05,8.315519e-06,1,1.207e+01,1.7127
3.860,0.110,0.6082,2.592963e-05,9.850197e-06,1,1.207e+01,1.7127
3.860,0.130,0.6612,4.079747e-05,1.134748e-05,1,1.207e+01,1.7127
3.860,0.150,0.7102,5.987065e-05,1.283083e-05,1,1.207e+01,1.7127
3.860,0.170,0.7561,8.342436e-05,1.431970e-05,1,1.207e+01,1.7127
3.860,0.190,0.7993,1.116886e-04,1.583036e-05,1,1.207e+01,1.7127
3.860,0.210,0.8404,1.448571e-04,1.737650e-05,1,1.207e+01,1.7127
3.860,0.230,0.8795,1.830943e-04,1.896973e-05,1,1.207e+01,1.7127
3.860,0.250,0.9169,2.265404e-04,2.061997e-05,1,1.207e+01,1.7127
3.860,0.270,0.9529,2.753160e-04,2.233576e-05,1,1.207e+01,1.7127
3.860,0.290,0.9875,3.295252e-04,2.412443e-05,1,1.207e+01,1.7127
3.860,0.310,1.0210,3.892585e-04,2.599240e-05,1,1.207e+01,1.7127
3.860,0.330,1.0534,4.545947e-04,2.794522e-05,1,1.207e+01,1.7127
3.860,0.350,1.0849,5.256029e-04,2.998780e-05,1,1.207e+01,1.7127
3.860,0.370,1.1155,6.023441e-04,3.212443e-05,1,1.105e+01,1.7127
3.860,0.390,1.1452,6.848719e-04,3.435891e-05,1,8.902e+00,1.7127
3.860,0.410,1.1742,7.732340e-04,3.669461e-05,1,7.516e+00,1.7127
3.860,0.430,1.2025,8.674730e-04,3.913454e-05,1,6.545e+00,1.7127
3.860,0.450,1.2302,9.676266e-04,4.168136e-05,1,5.827e+00,1.7127
3.860,0.470,1.2572,1.073729e-03,4.433749e-05,1,5.273e+00,1.7127
3.860,0.490,1.2837,1.185810e-03,4.710507e-05,1,4.833e+00,1.7127
3.880,0.010,0.1909,2.971276e-08,1.256258e-06,1,1.216e+01,1.7127
3.880,0.030,0.3307,7.495126e-07,3.535177e-06,1,1.216e+01,1.7127
3.880,0.050,0.4269,3.255989e-06,5.572664e-06,1,1.216e+01,1.7127
3.880,0.070,0.5051,8.415490e-06,7.435674e-06,1,1.216e+01,1.7127
3.880,0.090,0.5728,1.690413e-05,9.176457e-06,1,1.216e+01,1.7127
3.880,0.110,0.6332,2.925730e-05,1.083639e-05,1,1.216e+01,1.7127
3.880,0.130,0.6884,4.590445e-05,1.244866e-05,1,1.216e+01,1.7127
3.880,0.150,0.7394,6.719406e-05,1.404020e-05,1,1.216e+01,1.7127
3.880,0.170,0.7872,9.341187e-05,1.563310e-05,1,1.216e+01,1.7127
3.880,0.190,0.8322,1.247944e-04,1.724563e-05,1,1.216e+01,1.7127
3.880,0.210,0.8749,1.615391e-04,1.889304e-05,1,1.216e+01,1.7127
3.880,0.230,0.9156,2.038121e-04,2.058819e-05,1,1.216e+01,1.7127
3.880,0.250,0.9546,2.517542e-04,2.234195e-05,1,1.216e+01,1.7127
3.880,0.270,0.9921,3.054854e-04,2.416360e-05,1,1.216e+01,1.7127
3.880,0.290,1.0282,3.651089e-04,2.606110e-05,1,1.216e+01,1.7127
3.880,0.310,1.0630,4.307135e-04,2.804133e-05,1,1.216e+01,1.7127
3.880,0.330,1.0968,5.023766e-04,3.011026e-05,1,1.216e+01,1.7127
3.880,0.350,1.1295,5.801652e-04,3.227308e-05,1,9.987e+00,1.7127
3.880,0.370,1.1613,6.641385e-04,3.453435e-05,1,8.132e+00,1.7127
3.880,0.390,1.1923,7.543482e-04,3.689808e-05,1,6.915e+00,1.7127
3.880,0.410,1.2225,8.508401e-04,3.936780e-05,1,6.054e+00,1.7127
3.880,0.430,1.2520,9.536547e-04,4.194665e-05,1,5.413e+00,1.7127
3.880,0.450,1.2808,1.062828e-03,4.463741e-05,1,4.916e+00,1.7127
3.880,0.470,1.3089,1.178393e-03,4.744259e-05,1,4.519e+00,1.7127
3.880,0.490,1.3365,1.300378e-03,5.036441e-05,1,4.194e+00,1.7127
3.900,0.010,0.1989,3.424234e-08,1.411321e-06,1,1.226e+01,1.7127
3.900,0.030,0.3444,8.591659e-07,3.950346e-06,1,1.226e+01,1.7127
3.900,0.050,0.4447,3.714964e-06,6.198127e-06,1,1.226e+01,1.7127
3.900,0.070,0.5261,9.562425e-06,8.236350e-06,1,1.226e+01,1.7127
3.900,0.090,0.5966,1.913817e-05,1.012764e-05,1,1.226e+01,1.7127
3.900,0.110,0.6595,3.301642e-05,1.192082e-05,1,1.226e+01,1.7127
3.900,0.130,0.7170,5.165141e-05,1.365451e-05,1,1.226e+01,1.7127
3.900,0.150,0.7702,7.540721e-05,1.535965e-05,1,1.226e+01,1.7127
3.900,0.170,0.8199,1.045790e-04,1.706134e-05,1,1.226e+01,1.7127
3.900,0.190,0.8668,1.394086e-04,1.878015e-05,1,1.226e+01,1.7127
3.900,0.210,0.9113,1.800960e-04,2.053309e-05,1,1.226e+01,1.7127
3.900,0.230,0.9537,2.268083e-04,2.233433e-05,1,1.226e+01,1.7127
3.900,0.250,0.9943,2.796857e-04,2.419583e-05,1,1.226e+01,1.7127
3.900,0.270,1.0333,3.388471e-04,2.612767e-05,1,1.226e+01,1.7127
3.900,0.290,1.0709,4.043940e-04,2.813849e-05,1,1.226e+01,1.7127
3.900,0.310,1.1072,4.764132e-04,3.023568e-05,1,1.204e+01,1.7127
3.900,0.330,1.1424,5.549797e-04,3.242560e-05,1,9.210e+00,1.7127
3.900,0.350,1.1765,6.401588e-04,3.471381e-05,1,7.543e+00,1.7127
3.900,0.370,1.2096,7.320069e-04,3.710511e-05,1,6.442e+00,1.7127
3.900,0.390,1.2419,8.305739e-04,3.960372e-05,1,5.659e+00,1.7127
3.900,0.410,1.2733,9.359034e-04,4.221337e-05,1,5.073e+00,1.7127
3.900,0.430,1.3040,1.048034e-03,4.493733e-05,1,4.618e+00,1.7127
3.900,0.450,1.3340,1.167000e-03,4.777850e-05,1,4.254e+00,1.7127
3.900,0.470,1.3633,1.292831e-03,5.073946e-05,1,3.955e+00,1.7127
3.900,0.490,1.3920,1.425555e-03,5.382252e-05,1,3.706e+00,1.7127
3.920,0.010,0.2072,3.952110e-08,1.587591e-06,1,1.235e+01,1.7127
3.920,0.030,0.3589,9.858847e-07,4.418052e-06,1,1.235e+01,1.7127
3.920,0.050,0.4633,4.241611e-06,6.897366e-06,1,1.235e+01,1.7127
3.920,0.070,0.5482,1.087050e-05,9.125628e-06,1,1.235e+01,1.7127
3.920,0.090,0.6216,2.167279e-05,1.117813e-05,1,1.235e+01,1.7127
3.920,0.110,0.6872,3.726203e-05,1.311261e-05,1,1.235e+01,1.7127
3.920,0.130,0.7471,5.811652e-05,1.497407e-05,1,1.235e+01,1.7127
3.920,0.150,0.8025,8.461462e-05,1.679811e-05,1,1.235e+01,1.7127
3.920,0.170,0.8543,1.170596e-04,1.861326e-05,1,1.235e+01,1.7127
3.920,0.190,0.9032,1.556973e-04,2.044266e-05,1,1.235e+01,1.7127
3.920,0.210,0.9495,2.007292e-04,2.230525e-05,1,1.235e+01,1.7127
3.920,0.230,0.9937,2.523219e-04,2.421674e-05,1,1.235e+01,1.7127
3.920,0.250,1.0360,3.106145e-04,2.619019e-05,1,1.235e+01,1.7127
3.920,0.270,1.0767,3.757240e-04,2.823660e-05,1,1.235e+01,1.7127
3.920,0.290,1.1159,4.477493e-04,3.036530e-05,1,1.127e+01,1.7127
3.920,0.310,1.1537,5.267748e-04,3.258424e-05,1,8.640e+00,1.7127
3.920,0.330,1.1903,6.128731e-04,3.490022e-05,1,7.090e+00,1.7127
3.920,0.350,1.2259,7.061067e-04,3.731913e-05,1,6.066e+00,1.7127
3.920,0.370,1.2604,8.065296e-04,3.984606e-05,1,5.337e+00,1.7127
3.920,0.390,1.2940,9.141893e-04,4.248547e-05,1,4.792e+00,1.7127
3.920,0.410,1.3268,1.029127e-03,4.524125e-05,1,4.369e+00,1.7127
3.920,0.430,1.3588,1.151379e-03,4.811681e-05,1,4.029e+00,1.7127
3.920,0.450,1.3900,1.280978e-03,5.111519e-05,1,3.751e+00,1.7127
3.920,0.470,1.4205,1.417951e-03,5.423905e-05,1,3.519e+00,1.7127
3.920,0.490,1.4505,1.562325e-03,5.749078e-05,1,3.322e+00,1.7127
3.940,0.010,0.2160,4.568288e-08,1.788247e-06,1,1.245e+01,1.7127
3.940,0.030,0.3741,1.132462e-06,4.945294e-06,1,1.245e+01,1.7127
3.940,0.050,0.4830,4.846183e-06,7.679204e-06,1,1.245e+01,1.7127
3.940,0.070,0.5715,1.236254e-05,1.011311e-05,1,1.245e+01,1.7127
3.940,0.090,0.6480,2.454815e-05,1.233779e-05,1,1.245e+01,1.7127
3.940,0.110,0.7164,4.205590e-05,1.442160e-05,1,1.245e+01,1.7127
3.940,0.130,0.7788,6.538695e-05,1.641706e-05,1,1.245e+01,1.7127
3.940,0.150,0.8366,9.493245e-05,1.836511e-05,1,1.245e+01,1.7127
3.940,0.170,0.8906,1.310021e-04,2.029820e-05,1,1.245e+01,1.7127
3.940,0.190,0.9415,1.738443e-04,2.224235e-05,1,1.245e+01,1.7127
3.940,0.210,0.9898,2.236608e-04,2.421868e-05,1,1.245e+01,1.7127
3.940,0.230,1.0359,2.806167e-04,2.624448e-05,1,1.245e+01,1.7127
3.940,0.250,1.0800,3.448489e-04,2.833411e-05,1,1.245e+01,1.7127
3.940,0.270,1.1224,4.164717e-04,3.049951e-05,1,1.078e+01,1.7127
3.940,0.290,1.1632,4.955811e-04,3.275076e-05,1,8.233e+00,1.7127
3.940,0.310,1.2027,5.822585e-04,3.509638e-05,1,6.745e+00,1.7127
3.940,0.330,1.2408,6.765736e-04,3.754365e-05,1,5.768e+00,1.7127
3.940,0.350,1.2779,7.785857e-04,4.009881e-05,1,5.076e+00,1.7127
3.940,0.370,1.3139,8.883465e-04,4.276725e-05,1,4.559e+00,1.7127
3.940,0.390,1.3489,1.005901e-03,4.555366e-05,1,4.158e+00,1.7127
3.940,0.410,1.3831,1.131287e-03,4.846210e-05,1,3.838e+00,1.7127
3.940,0.430,1.4164,1.264539e-03,5.149615e-05,1,3.575e+00,1.7127
3.940,0.450,1.4490,1.405688e-03,5.465895e-05,1,3.356e+00,1.7127
3.940,0.470,1.4808,1.554760e-03,5.795327e-05,1,3.170e+00,1.7127
3.940,0.490,1.5120,1.711778e-03,6.138157e-05,1,3.011e+00,1.7127
3.960,0.010,0.2253,5.288718e-08,2.016985e-06,1,1.254e+01,1.7127
3.960,0.030,0.3902,1.302162e-06,5.540020e-06,1,1.254e+01,1.7127
3.960,0.050,0.5037,5.540496e-06,8.553476e-06,1,1.254e+01,1.7127
3.960,0.070,0.5960,1.406454e-05,1.120935e-05,1,1.254e+01,1.7127
3.960,0.090,0.6758,2.780960e-05,1.361729e-05,1,1.254e+01,1.7127
3.960,0.110,0.7471,4.746726e-05,1.585836e-05,1,1.254e+01,1.7127
3.960,0.130,0.8122,7.355996e-05,1.799382e-05,1,1.254e+01,1.7127
3.960,0.150,0.8725,1.064897e-04,2.007078e-05,1,1.254e+01,1.7127
3.960,0.170,0.9288,1.465709e-04,2.212610e-05,1,1.254e+01,1.7127
3.960,0.190,0.9819,1.940530e-04,2.418901e-05,1,1.254e+01,1.7127
3.960,0.210,1.0323,2.491363e-04,2.628302e-05,1,1.254e+01,1.7127
3.960,0.230,1.0804,3.119837e-04,2.842720e-05,1,1.254e+01,1.7127
3.960,0.250,1.1264,3.827289e-04,3.063723e-05,1,1.054e+01,1.7127
3.960,0.270,1.1705,4.614828e-04,3.292611e-05,1,7.965e+00,1.7127
3.960,0.290,1.2131,5.483378e-04,3.530469e-05,1,6.492e+00,1.7127
3.960,0.310,1.2543,6.433721e-04,3.778211e-05,1,5.536e+00,1.7127
3.960,0.330,1.2941,7.466518e-04,4.036613e-05,1,4.865e+00,1.7127
3.960,0.350,1.3327,8.582333e-04,4.306336e-05,1,4.367e+00,1.7127
3.960,0.370,1.3703,9.781652e-04,4.587951e-05,1,3.981e+00,1.7127
3.960,0.390,1.4068,1.106489e-03,4.881947e-05,1,3.674e+00,1.7127
3.960,0.410,1.4424,1.243242e-03,5.188751e-05,1,3.424e+00,1.7127
3.960,0.430,1.4772,1.388455e-03,5.508735e-05,1,3.215e+00,1.7127
3.960,0.450,1.5112,1.542157e-03,5.842226e-05,1,3.038e+00,1.7127
3.960,0.470,1.5444,1.704371e-03,6.189511e-05,1,2.886e+00,1.7127
3.960,0.490,1.5769,1.875119e-03,6.550842e-05,1,2.754e+00,1.7127
3.980,0.010,0.2350,6.132434e-08,2.278102e-06,1,1.264e+01,1.7127
3.980,0.030,0.4071,1.498806e-06,6.211251e-06,1,1.264e+01,1.7127
3.980,0.050,0.5256,6.338153e-06,9.531125e-06,1,1.264e+01,1.7127
3.980,0.070,0.6219,1.600611e-05,1.242591e-05,1,1.264e+01,1.7127
3.980,0.090,0.7051,3.150823e-05,1.502822e-05,1,1.264e+01,1.7127
3.980,0.110,0.7796,5.357367e-05,1.743425e-05,1,1.264e+01,1.7127
3.980,0.130,0.8475,8.274398e-05,1.971541e-05,1,1.264e+01,1.7127
3.980,0.150,0.9103,1.194298e-04,2.192587e-05,1,1.264e+01,1.7127
3.980,0.170,0.9691,1.639484e-04,2.410747e-05,1,1.264e+01,1.7127
3.980,0.190,1.0245,2.165482e-04,2.629299e-05,1,1.264e+01,1.7127
3.980,0.210,1.0771,2.774272e-04,2.850853e-05,1,1.264e+01,1.7127
3.980,0.230,1.1272,3.467448e-04,3.077511e-05,1,1.055e+01,1.7127
3.980,0.250,1.1752,4.246305e-04,3.310983e-05,1,7.826e+00,1.7127
3.980,0.270,1.2213,5.111912e-04,3.552679e-05,1,6.320e+00,1.7127
3.980,0.290,1.2658,6.065155e-04,3.803765e-05,1,5.362e+00,1.7127
3.980,0.310,1.3087,7.106775e-04,4.065220e-05,1,4.697e+00,1.7127
3.980,0.330,1.3502,8.237398e-04,4.337871e-05,1,4.208e+00,1.7127
3.980,0.350,1.3906,9.457555e-04,4.622416e-05,1,3.833e+00,1.7127
3.980,0.370,1.4297,1.076770e-03,4.919456e-05,1,3.535e+00,1.7127
3.980,0.390,1.4679,1.216822e-03,5.229505e-05,1,3.293e+00,1.7127
3.980,0.410,1.5050,1.365947e-03,5.553009e-05,1,3.091e+00,1.7127
3.980,0.430,1.5413,1.524172e-03,5.890354e-05,1,2.921e+00,1.7127
3.980,0.450,1.5767,1.691523e-03,6.241880e-05,1,2.775e+00,1.7127
3.980,0.470,1.6114,1.868024e-03,6.607881e-05,1,2.649e+00,1.7127
3.980,0.490,1.6453,2.053694e-03,6.988621e-05,1,2.538e+00,1.7127
4.000,0.010,0.2454,7.122194e-08,2.576606e-06,1,1.273e+01,1.7127
4.000,0.030,0.4250,1.726858e-06,6.969218e-06,1,1.273e+01,1.7127
4.000,0.050,0.5487,7.254805e-06,1.062431e-05,1,1.273e+01,1.7127
4.000,0.070,0.6492,1.822085e-05,1.377541e-05,1,1.273e+01,1.7127
4.000,0.090,0.7361,3.570168e-05,1.658310e-05,1,1.273e+01,1.7127
4.000,0.110,0.8138,6.046198e-05,1.916142e-05,1,1.273e+01,1.7127
4.000,0.130,0.8847,9.305987e-05,2.159362e-05,1,1.273e+01,1.7127
4.000,0.150,0.9503,1.339122e-04,2.394185e-05,1,1.273e+01,1.7127
4.000,0.170,1.0117,1.833366e-04,2.625350e-05,1,1.273e+01,1.7127
4.000,0.190,1.0695,2.415793e-04,2.856529e-05,1,1.273e+01,1.7127
4.000,0.210,1.1244,3.088343e-04,3.090614e-05,1,1.086e+01,1.7127
4.000,0.230,1.1767,3.852562e-04,3.329913e-05,1,7.824e+00,1.7127
4.000,0.250,1.2268,4.709701e-04,3.576290e-05,1,6.228e+00,1.7127
4.000,0.270,1.2750,5.660780e-04,3.831267e-05,1,5.242e+00,1.7127
4.000,0.290,1.3213,6.706640e-04,4.096098e-05,1,4.569e+00,1.7127
4.000,0.310,1.3661,7.847982e-04,4.371828e-05,1,4.081e+00,1.7127
4.000,0.330,1.4095,9.085393e-04,4.659334e-05,1,3.709e+00,1.7127
4.000,0.350,1.4516,1.041937e-03,4.959354e-05,1,3.417e+00,1.7127
4.000,0.370,1.4925,1.185033e-03,5.272519e-05,1,3.179e+00,1.7127
4.000,0.390,1.5323,1.337864e-03,5.599368e-05,1,2.983e+00,1.7127
4.000,0.410,1.5711,1.500462e-03,5.940364e-05,1,2.818e+00,1.7127
4.000,0.430,1.6090,1.672852e-03,6.295911e-05,1,2.677e+00,1.7127
4.000,0.450,1.6460,1.855058e-03,6.666356e-05,1,2.555e+00,1.7127
4.000,0.470,1.6821,2.047102e-03,7.052007e-05,1,2.448e+00,1.7127
4.000,0.490,1.7176,2.249000e-03,7.453131e-05,1,2.354e+00,1.7127
4.020,0.010,0.2563,8.285246e-08,2.918338e-06,1,1.283e+01,1.7127
4.020,0.030,0.4439,1.991545e-06,7.825517e-06,1,1.283e+01,1.7127
4.020,0.050,0.5730,8.308454e-06,1.184652e-05,1,1.283e+01,1.7127
4.020,0.070,0.6780,2.074699e-05,1.527167e-05,1,1.283e+01,1.7127
4.020,0.090,0.7688,4.045479e-05,1.829543e-05,1,1.283e+01,1.7127
4.020,0.110,0.8499,6.822942e-05,2.105293e-05,1,1.283e+01,1.7127
4.020,0.130,0.9240,1.046424e-04,2.364102e-05,1,1.283e+01,1.7127
4.020,0.150,0.9925,1.501140e-04,2.613090e-05,1,1.283e+01,1.7127
4.020,0.170,1.0566,2.049602e-04,2.857610e-05,1,1.283e+01,1.7127
4.020,0.190,1.1170,2.694230e-04,3.101766e-05,1,1.159e+01,1.7127
4.020,0.210,1.1744,3.436911e-04,3.348753e-05,1,7.981e+00,1.7127
4.020,0.230,1.2290,4.279136e-04,3.601097e-05,1,6.221e+00,1.7127
4.020,0.250,1.2813,5.222100e-04,3.860825e-05,1,5.175e+00,1.7127
4.020,0.270,1.3316,6.266773e-04,4.129577e-05,1,4.479e+00,1.7127
4.020,0.290,1.3800,7.413947e-04,4.408698e-05,1,3.983e+00,1.7127
4.020,0.310,1.4268,8.664278e-04,4.699298e-05,1,3.609e+00,1.7127
4.020,0.330,1.4721,1.001831e-03,5.002306e-05,1,3.317e+00,1.7127
4.020,0.350,1.5161,1.147651e-03,5.318501e-05,1,3.083e+00,1.7127
4.020,0.370,1.5588,1.303927e-03,5.648543e-05,1,2.890e+00,1.7127
4.020,0.390,1.6004,1.470691e-03,5.992994e-05,1,2.728e+00,1.7127
4.020,0.410,1.6409,1.647972e-03,6.352338e-05,1,2.590e+00,1.7127
4.020,0.430,1.6804,1.835795e-03,6.726990e-05,1,2.471e+00,1.7127
4.020,0.450,1.7191,2.034181e-03,7.117313e-05,1,2.368e+00,1.7127
4.020,0.470,1.7569,2.243148e-03,7.523619e-05,1,2.276e+00,1.7127
4.020,0.490,1.7939,2.462713e-03,7.946186e-05,1,2.195e+00,1.7127
4.040,0.010,0.2678,9.654270e-08,3.310115e-06,1,1.292e+01,1.7127
4.040,0.030,0.4638,2.298977e-06,8.793277e-06,1,1.292e+01,1.7127
4.040,0.050,0.5988,9.519785e-06,1.321268e-05,1,1.292e+01,1.7127
4.040,0.070,0.7085,2.362789e-05,1.692972e-05,1,1.292e+01,1.7127
4.040,0.090,0.8034,4.584060e-05,2.017977e-05,1,1.292e+01,1.7127
4.040,0.110,0.8882,7.698480e-05,2.312273e-05,1,1.292e+01,1.7127
4.040,0.130,0.9655,1.176419e-04,2.587103e-05,1,1.292e+01,1.7127
4.040,0.150,1.0371,1.682326e-04,2.850601e-05,1,1.292e+01,1.7127
4.040,0.170,1.1041,2.290688e-04,3.108800e-05,1,1.292e+01,1.7127
4.040,0.190,1.1673,3.003868e-04,3.366266e-05,1,8.356e+00,1.7127
4.040,0.210,1.2272,3.823686e-04,3.626521e-05,1,6.313e+00,1.7127
4.040,0.230,1.2843,4.751569e-04,3.892324e-05,1,5.166e+00,1.7127
4.040,0.250,1.3389,5.788651e-04,4.165868e-05,1,4.428e+00,1.7127
4.040,0.270,1.3915,6.935844e-04,4.448915e-05,1,3.912e+00,1.7127
4.040,0.290,1.4421,8.193891e-04,4.742903e-05,1,3.530e+00,1.7127
4.040,0.310,1.4910,9.563402e-04,5.049010e-05,1,3.235e+00,1.7127
4.040,0.330,1.5383,1.104488e-03,5.368215e-05,1,3.001e+00,1.7127
4.040,0.350,1.5843,1.263876e-03,5.701338e-05,1,2.809e+00,1.7127
4.040,0.370,1.6289,1.434538e-03,6.049067e-05,1,2.649e+00,1.7127
4.040,0.390,1.6723,1.616506e-03,6.411990e-05,1,2.513e+00,1.7127
4.040,0.410,1.7147,1.809805e-03,6.790607e-05,1,2.397e+00,1.7127
4.040,0.430,1.7560,2.014457e-03,7.185348e-05,1,2.295e+00,1.7127
4.040,0.450,1.7964,2.230482e-03,7.596585e-05,1,2.206e+00,1.7127
4.040,0.470,1.8359,2.457897e-03,8.024641e-05,1,2.127e+00,1.7127
4.040,0.490,1.8745,2.696715e-03,8.469799e-05,1,2.057e+00,1.7127
4.060,0.010,0.2800,1.126851e-07,3.759906e-06,1,1.302e+01,1.7127
4.060,0.030,0.4849,2.656301e-06,9.887345e-06,1,1.302e+01,1.7127
4.060,0.050,0.6261,1.091255e-05,1.473928e-05,1,1.302e+01,1.7127
4.060,0.070,0.7408,2.691274e-05,1.876588e-05,1,1.302e+01,1.7127
4.060,0.090,0.8400,5.194126e-05,2.225178e-05,1,1.302e+01,1.7127
4.060,0.110,0.9286,8.684999e-05,2.538576e-05,1,1.302e+01,1.7127
4.060,0.130,1.0095,1.322262e-04,2.829798e-05,1,1.302e+01,1.7127
4.060,0.150,1.0844,1.884879e-04,3.108108e-05,1,1.302e+01,1.7127
4.060,0.170,1.1544,2.559408e-04,3.380279e-05,1,9.068e+00,1.7127
4.060,0.190,1.2204,3.348134e-04,3.651378e-05,1,6.536e+00,1.7127
4.060,0.210,1.2830,4.252803e-04,3.925270e-05,1,5.224e+00,1.7127
4.060,0.230,1.3428,5.274768e-04,4.204958e-05,1,4.418e+00,1.7127
4.060,0.250,1.3999,6.415097e-04,4.492806e-05,1,3.870e+00,1.7127
4.060,0.270,1.4548,7.674642e-04,4.790703e-05,1,3.473e+00,1.7127
4.060,0.290,1.5078,9.054093e-04,5.100178e-05,1,3.171e+00,1.7127
4.060,0.310,1.5589,1.055401e-03,5.422477e-05,1,2.933e+00,1.7127
4.060,0.330,1.6084,1.217487e-03,5.758632e-05,1,2.740e+00,1.7127
4.060,0.350,1.6564,1.391704e-03,6.109499e-05,1,2.580e+00,1.7127
4.060,0.370,1.7031,1.578086e-03,6.475798e-05,1,2.445e+00,1.7127
4.060,0.390,1.7485,1.776659e-03,6.858137e-05,1,2.330e+00,1.7127
4.060,0.410,1.7928,1.987449e-03,7.257033e-05,1,2.230e+00,1.7127
4.060,0.430,1.8360,2.210473e-03,7.672932e-05,1,2.143e+00,1.7127
4.060,0.450,1.8782,2.445750e-03,8.106213e-05,1,2.066e+00,1.7127
4.060,0.470,1.9195,2.693294e-03,8.557209e-05,1,1.997e+00,1.7127
4.060,0.490,1.9599,2.953119e-03,9.026208e-05,1,1.935e+00,1.7127
4.080,0.010,0.2929,1.317519e-07,4.277029e-06,1,1.312e+01,1.7127
4.080,0.030,0.5073,3.071870e-06,1.112449e-05,1,1.312e+01,1.7127
4.080,0.050,0.6549,1.251399e-05,1.644450e-05,1,1.312e+01,1.7127
4.080,0.070,0.7749,3.065728e-05,2.079789e-05,1,1.312e+01,1.7127
4.080,0.090,0.8787,5.884921e-05,2.452831e-05,1,1.312e+01,1.7127
4.080,0.110,0.9714,9.796145e-05,2.785803e-05,1,1.312e+01,1.7127
4.080,0.130,1.0561,1.485829e-04,3.093723e-05,1,1.312e+01,1.7127
4.080,0.150,1.1344,2.111256e-04,3.387101e-05,1,1.040e+01,1.7127
4.080,0.170,1.2076,2.858867e-04,3.673514e-05,1,6.952e+00,1.7127
4.080,0.190,1.2767,3.730857e-04,3.958560e-05,1,5.369e+00,1.7127
4.080,0.210,1.3422,4.728884e-04,4.246466e-05,1,4.456e+00,1.7127
4.080,0.230,1.4047,5.854223e-04,4.540485e-05,1,3.860e+00,1.7127
4.080,0.250,1.4645,7.107871e-04,4.843158e-05,1,3.438e+00,1.7127
4.080,0.270,1.5219,8.490618e-04,5.156502e-05,1,3.123e+00,1.7127
4.080,0.290,1.5773,1.000310e-03,5.482134e-05,1,2.878e+00,1.7127
4.080,0.310,1.6308,1.164583e-03,5.821372e-05,1,2.682e+00,1.7127
4.080,0.330,1.6826,1.341924e-03,6.175294e-05,1,2.521e+00,1.7127
4.080,0.350,1.7328,1.532367e-03,6.544796e-05,1,2.386e+00,1.7127
4.080,0.370,1.7816,1.735941e-03,6.930625e-05,1,2.271e+00,1.7127
4.080,0.390,1.8291,1.952672e-03,7.333411e-05,1,2.172e+00,1.7127
4.080,0.410,1.8755,2.182581e-03,7.753687e-05,1,2.086e+00,1.7127
4.080,0.430,1.9207,2.425685e-03,8.191910e-05,1,2.010e+00,1.7127
4.080,0.450,1.9648,2.681999e-03,8.648470e-05,1,1.942e+00,1.7127
4.080,0.470,2.0080,2.951537e-03,9.123706e-05,1,1.881e+00,1.7127
4.080,0.490,2.0503,3.234311e-03,9.617912e-05,1,1.827e+00,1.7127
4.100,0.010,0.3066,1.543118e-07,4.872398e-06,1,1.321e+01,1.7127
4.100,0.030,0.5310,3.555447e-06,1.252361e-05,1,1.321e+01,1.7127
4.100,0.050,0.6855,1.435535e-05,1.834834e-05,1,1.321e+01,1.7127
4.100,0.070,0.8111,3.492470e-05,2.304499e-05,1,1.321e+01,1.7127
4.100,0.090,0.9198,6.666847e-05,2.702748e-05,1,1.321e+01,1.7127
4.100,0.110,1.0168,1.104722e-04,3.055670e-05,1,1.321e+01,1.7127
4.100,0.130,1.1054,1.669218e-04,3.380523e-05,1,1.318e+01,1.7127
4.100,0.150,1.1874,2.364203e-04,3.689183e-05,1,7.692e+00,1.7127
4.100,0.170,1.2641,3.192540e-04,3.990087e-05,1,5.638e+00,1.7127
4.100,0.190,1.3364,4.156321e-04,4.289394e-05,1,4.557e+00,1.7127
4.100,0.210,1.4049,5.257108e-04,4.591707e-05,1,3.886e+00,1.7127
4.100,0.230,1.4703,6.496092e-04,4.900533e-05,1,3.428e+00,1.7127
4.100,0.250,1.5329,7.874196e-04,5.218594e-05,1,3.093e+00,1.7127
4.100,0.270,1.5931,9.392147e-04,5.548031e-05,1,2.837e+00,1.7127
4.100,0.290,1.6510,1.105053e-03,5.890555e-05,1,2.635e+00,1.7127
4.100,0.310,1.7070,1.284980e-03,6.247545e-05,1,2.471e+00,1.7127
4.100,0.330,1.7612,1.479035e-03,6.620132e-05,1,2.334e+00,1.7127
4.100,0.350,1.8138,1.687250e-03,7.009244e-05,1,2.219e+00,1.7127
4.100,0.370,1.8649,1.909651e-03,7.415657e-05,1,2.120e+00,1.7127
4.100,0.390,1.9146,2.146260e-03,7.840019e-05,1,2.034e+00,1.7127
4.100,0.410,1.9631,2.397095e-03,8.282879e-05,1,1.959e+00,1.7127
4.100,0.430,2.0104,2.662172e-03,8.744705e-05,1,1.892e+00,1.7127
4.100,0.450,2.0566,2.941505e-03,9.225896e-05,1,1.832e+00,1.7127
4.100,0.470,2.1018,3.235106e-03,9.726795e-05,1,1.779e+00,1.7127
4.100,0.490,2.1461,3.542985e-03,1.024770e-04,1,1.730e+00,1.7127
4.120,0.010,0.3211,1.810507e-07,5.558792e-06,1,1.331e+01,1.7127
4.120,0.030,0.5562,4.118434e-06,1.410600e-05,1,1.331e+01,1.7127
4.120,0.050,0.7180,1.647240e-05,2.047276e-05,1,1.331e+01,1.7127
4.120,0.070,0.8496,3.978653e-05,2.552798e-05,1,1.331e+01,1.7127
4.120,0.090,0.9633,7.551613e-05,2.976879e-05,1,1.331e+01,1.7127
4.120,0.110,1.0650,1.245540e-04,3.350021e-05,1,1.331e+01,1.7127
4.120,0.130,1.1578,1.874784e-04,3.691973e-05,1,9.085e+00,1.7127
4.120,0.150,1.2436,2.646801e-04,4.016087e-05,1,6.104e+00,1.7127
4.120,0.170,1.3240,3.564329e-04,4.331717e-05,1,4.743e+00,1.7127
4.120,0.190,1.3997,4.629342e-04,4.645607e-05,1,3.958e+00,1.7127
4.120,0.210,1.4715,5.843300e-04,4.962743e-05,1,3.446e+00,1.7127
4.120,0.230,1.5400,7.207307e-04,5.286894e-05,1,3.083e+00,1.7127
4.120,0.250,1.6055,8.722210e-04,5.620957e-05,1,2.811e+00,1.7127
4.120,0.270,1.6685,1.038867e-03,5.967199e-05,1,2.600e+00,1.7127
4.120,0.290,1.7292,1.220722e-03,6.327418e-05,1,2.430e+00,1.7127
4.120,0.310,1.7879,1.417828e-03,6.703059e-05,1,2.291e+00,1.7127
4.120,0.330,1.8446,1.630219e-03,7.095295e-05,1,2.174e+00,1.7127
4.120,0.350,1.8997,1.857924e-03,7.505091e-05,1,2.074e+00,1.7127
4.120,0.370,1.9532,2.100966e-03,7.933246e-05,1,1.988e+00,1.7127
4.120,0.390,2.0053,2.359364e-03,8.380426e-05,1,1.913e+00,1.7127
4.120,0.410,2.0561,2.633134e-03,8.847194e-05,1,1.846e+00,1.7127
4.120,0.430,2.1056,2.922292e-03,9.334027e-05,1,1.787e+00,1.7127
4.120,0.450,2.1541,3.226849e-03,9.841332e-05,1,1.734e+00,1.7127
4.120,0.470,2.2014,3.546814e-03,1.036946e-04,1,1.687e+00,1.7127
4.120,0.490,2.2478,3.882197e-03,1.091871e-04,1,1.643e+00,1.7127
4.140,0.010,0.3365,2.127972e-07,6.351195e-06,1,1.341e+01,1.7127
4.140,0.030,0.5829,4.774141e-06,1.589557e-05,1,1.341e+01,1.7127
4.140,0.050,0.7525,1.890612e-05,2.284183e-05,1,1.341e+01,1.7127
4.140,0.070,0.8904,4.532383e-05,2.826936e-05,1,1.341e+01,1.7127
4.140,0.090,1.0096,8.552413e-05,3.277323e-05,1,1.341e+01,1.7127
4.140,0.110,1.1162,1.404000e-04,3.670844e-05,1,1.220e+01,1.7127
4.140,0.130,1.2134,2.105172e-04,4.029989e-05,1,6.932e+00,1.7127
4.140,0.150,1.3034,2.962514e-04,4.369698e-05,1,5.060e+00,1.7127
4.140,0.170,1.3876,3.978621e-04,4.700284e-05,1,4.093e+00,1.7127
4.140,0.190,1.4669,5.155342e-04,5.029095e-05,1,3.499e+00,1.7127
4.140,0.210,1.5422,6.494029e-04,5.361508e-05,1,3.095e+00,1.7127
4.140,0.230,1.6140,7.995695e-04,5.701549e-05,1,2.801e+00,1.7127
4.140,0.250,1.6827,9.661112e-04,6.052293e-05,1,2.576e+00,1.7127
4.140,0.270,1.7487,1.149088e-03,6.416126e-05,1,2.399e+00,1.7127
4.140,0.290,1.8123,1.348548e-03,6.794932e-05,1,2.255e+00,1.7127
4.140,0.310,1.8737,1.564528e-03,7.190214e-05,1,2.135e+00,1.7127
4.140,0.330,1.9332,1.797059e-03,7.603191e-05,1,2.034e+00,1.7127
4.140,0.350,1.9910,2.046166e-03,8.034855e-05,1,1.947e+00,1.7127
4.140,0.370,2.0470,2.311870e-03,8.486029e-05,1,1.871e+00,1.7127
4.140,0.390,2.1016,2.594188e-03,8.957396e-05,1,1.805e+00,1.7127
4.140,0.410,2.1549,2.893134e-03,9.449530e-05,1,1.746e+00,1.7127
4.140,0.430,2.2068,3.208721e-03,9.962916e-05,1,1.694e+00,1.7127
4.140,0.450,2.2575,3.540959e-03,1.049797e-04,1,1.646e+00,1.7127
4.140,0.470,2.3071,3.889856e-03,1.105504e-04,1,1.604e+00,1.7127
4.140,0.490,2.3557,4.255421e-03,1.163444e-04,1,1.565e+00,1.7127
4.160,0.010,0.3529,2.505532e-07,7.267176e-06,1,1.350e+01,1.7127
4.160,0.030,0.6113,5.538091e-06,1.791913e-05,1,1.350e+01,1.7127
4.160,0.050,0.7892,2.170336e-05,2.548188e-05,1,1.350e+01,1.7127
4.160,0.070,0.9338,5.162842e-05,3.129351e-05,1,1.350e+01,1.7127
4.160,0.090,1.0588,9.684132e-05,3.606345e-05,1,1.350e+01,1.7127
4.160,0.110,1.1705,1.582277e-04,4.020289e-05,1,8.576e+00,1.7127
4.160,0.130,1.2725,2.363362e-04,4.396657e-05,1,5.604e+00,1.7127
4.160,0.150,1.3669,3.315249e-04,4.752074e-05,1,4.321e+00,1.7127
4.160,0.170,1.4552,4.440375e-04,5.097851e-05,1,3.600e+00,1.7127
4.160,0.190,1.5384,5.740455e-04,5.441951e-05,1,3.135e+00,1.7127
4.160,0.210,1.6173,7.216730e-04,5.790142e-05,1,2.809e+00,1.7127
4.160,0.230,1.6926,8.870124e-04,6.146705e-05,1,2.566e+00,1.7127
4.160,0.250,1.7647,1.070133e-03,6.514885e-05,1,2.378e+00,1.7127
4.160,0.270,1.8339,1.271090e-03,6.897186e-05,1,2.227e+00,1.7127
4.160,0.290,1.9006,1.489925e-03,7.295568e-05,1,2.103e+00,1.7127
4.160,0.310,1.9650,1.726671e-03,7.711593e-05,1,1.999e+00,1.7127
4.160,0.330,2.0274,1.981355e-03,8.146517e-05,1,1.911e+00,1.7127
4.160,0.350,2.0880,2.254001e-03,8.601361e-05,1,1.834e+00,1.7127
4.160,0.370,2.1468,2.544624e-03,9.076968e-05,1,1.768e+00,1.7127
4.160,0.390,2.2040,2.853242e-03,9.574034e-05,1,1.709e+00,1.7127
4.160,0.410,2.2599,3.179866e-03,1.009314e-04,1,1.656e+00,1.7127
4.160,0.430,2.3143,3.524506e-03,1.063479e-04,1,1.609e+00,1.7127
4.160,0.450,2.3675,3.887173e-03,1.119939e-04,1,1.567e+00,1.7127
4.160,0.470,2.4196,4.267873e-03,1.178730e-04,1,1.528e+00,1.7127
4.160,0.490,2.4705,4.666613e-03,1.239883e-04,1,1.493e+00,1.7127
4.180,0.010,0.3704,2.955316e-07,8.327343e-06,1,1.360e+01,1.7127
4.180,0.030,0.6415,6.428380e-06,2.020669e-05,1,1.360e+01,1.7127
4.180,0.050,0.8282,2.491771e-05,2.842167e-05,1,1.360e+01,1.7127
4.180,0.070,0.9799,5.880439e-05,3.462677e-05,1,1.360e+01,1.7127
4.180,0.090,1.1111,1.096359e-04,3.966396e-05,1,1.291e+01,1.7127
4.180,0.110,1.2284,1.782827e-04,4.400692e-05,1,6.611e+00,1.7127
4.180,0.130,1.3354,2.652723e-04,4.794255e-05,1,4.702e+00,1.7127
4.180,0.150,1.4345,3.709426e-04,5.165479e-05,1,3.770e+00,1.7127
4.180,0.170,1.5271,4.955205e-04,5.526700e-05,1,3.213e+00,1.7127
4.180,0.190,1.6145,6.391635e-04,5.886499e-05,1,2.840e+00,1.7127
4.180,0.210,1.6973,8.019849e-04,6.251032e-05,1,2.571e+00,1.7127
4.180,0.230,1.7763,9.840678e-04,6.624827e-05,1,2.367e+00,1.7127
4.180,0.250,1.8519,1.185475e-03,7.011291e-05,1,2.207e+00,1.7127
4.180,0.270,1.9246,1.406254e-03,7.413038e-05,1,2.078e+00,1.7127
4.180,0.290,1.9946,1.646443e-03,7.832102e-05,1,1.970e+00,1.7127
4.180,0.310,2.0622,1.906071e-03,8.270096e-05,1,1.879e+00,1.7127
4.180,0.330,2.1277,2.185163e-03,8.728310e-05,1,1.801e+00,1.7127
4.180,0.350,2.1912,2.483736e-03,9.207790e-05,1,1.734e+00,1.7127
4.180,0.370,2.2529,2.801807e-03,9.709395e-05,1,1.675e+00,1.7127
4.180,0.390,2.3130,3.139390e-03,1.023383e-04,1,1.622e+00,1.7127
4.180,0.410,2.3716,3.496494e-03,1.078170e-04,1,1.575e+00,1.7127
4.180,0.430,2.4288,3.873129e-03,1.135349e-04,1,1.533e+00,1.7127
4.180,0.450,2.4846,4.269303e-03,1.194962e-04,1,1.494e+00,1.7127
4.180,0.470,2.5392,4.685023e-03,1.257046e-04,1,1.460e+00,1.7127
4.180,0.490,2.5927,5.120293e-03,1.321632e-04,1,1.428e+00,1.7127
4.200,0.010,0.3890,3.492018e-07,9.555871e-06,1,1.370e+01,1.7127
4.200,0.030,0.6737,7.466085e-06,2.279175e-05,1,1.370e+01,1.7127
4.200,0.050,0.8698,2.861048e-05,3.169258e-05,1,1.370e+01,1.7127
4.200,0.070,1.0291,6.696990e-05,3.829773e-05,1,1.370e+01,1.7127
4.200,0.090,1.1669,1.240982e-04,4.360137e-05,1,8.874e+00,1.7127
4.200,0.110,1.2901,2.008434e-04,4.814601e-05,1,5.378e+00,1.7127
4.200,0.130,1.4025,2.977074e-04,5.225284e-05,1,4.050e+00,1.7127
4.200,0.150,1.5065,4.150064e-04,5.612415e-05,1,3.343e+00,1.7127
4.200,0.170,1.6038,5.529495e-04,5.989366e-05,1,2.900e+00,1.7127
4.200,0.190,1.6955,7.116803e-04,6.365334e-05,1,2.595e+00,1.7127
4.200,0.210,1.7825,8.913009e-04,6.746850e-05,1,2.370e+00,1.7127
4.200,0.230,1.8655,1.091886e-03,7.138680e-05,1,2.197e+00,1.7127
4.200,0.250,1.9449,1.313491e-03,7.544385e-05,1,2.059e+00,1.7127
4.200,0.270,2.0212,1.556158e-03,7.966678e-05,1,1.947e+00,1.7127
4.200,0.290,2.0947,1.819921e-03,8.407662e-05,1,1.853e+00,1.7127
4.200,0.310,2.1657,2.104805e-03,8.868994e-05,1,1.773e+00,1.7127
4.200,0.330,2.2345,2.410831e-03,9.351993e-05,1,1.704e+00,1.7127
4.200,0.350,2.3012,2.738015e-03,9.857729e-05,1,1.644e+00,1.7127
4.200,0.370,2.3660,3.086371e-03,1.038707e-04,1,1.591e+00,1.7127
4.200,0.390,2.4291,3.455911e-03,1.094074e-04,1,1.544e+00,1.7127
4.200,0.410,2.4907,3.846643e-03,1.151934e-04,1,1.501e+00,1.7127
4.200,0.430,2.5507,4.258576e-03,1.212336e-04,1,1.463e+00,1.7127
4.200,0.450,2.6093,4.691716e-03,1.275323e-04,1,1.428e+00,1.7127
4.200,0.470,2.6667,5.146069e-03,1.340930e-04,1,1.397e+00,1.7127
4.200,0.490,2.7228,5.621639e-03,1.409190e-04,1,1.368e+00,1.7127
4.220,0.010,0.4088,4.133461e-07,1.098111e-05,1,1.380e+01,1.7127
4.220,0.030,0.7081,8.675737e-06,2.571164e-05,1,1.380e+01,1.7127
4.220,0.050,0.9141,3.285175e-05,3.532886e-05,1,1.380e+01,1.7127
4.220,0.070,1.0816,7.625923e-05,4.233741e-05,1,1.380e+01,1.7127
4.220,0.090,1.2264,1.404446e-04,4.790469e-05,1,6.760e+00,1.7127
4.220,0.110,1.3559,2.262257e-04,5.264817e-05,1,4.532e+00,1.7127
4.220,0.130,1.4740,3.340759e-04,5.692514e-05,1,3.556e+00,1.7127
4.220,0.150,1.5833,4.642881e-04,6.095665e-05,1,3.003e+00,1.7127
4.220,0.170,1.6856,6.170531e-04,6.488683e-05,1,2.643e+00,1.7127
4.220,0.190,1.7819,7.925007e-04,6.881364e-05,1,2.388e+00,1.7127
4.220,0.210,1.8734,9.907223e-04,7.280600e-05,1,2.198e+00,1.7127
4.220,0.230,1.9606,1.211784e-03,7.691381e-05,1,2.049e+00,1.7127
4.220,0.250,2.0440,1.455734e-03,8.117410e-05,1,1.930e+00,1.7127
4.220,0.270,2.1242,1.722611e-03,8.561489e-05,1,1.831e+00,1.7127
4.220,0.290,2.2015,2.012443e-03,9.025781e-05,1,1.748e+00,1.7127
4.220,0.310,2.2761,2.325252e-03,9.511982e-05,1,1.678e+00,1.7127
4.220,0.330,2.3484,2.661056e-03,1.002144e-04,1,1.616e+00,1.7127
4.220,0.350,2.4185,3.019869e-03,1.055523e-04,1,1.562e+00,1.7127
4.220,0.370,2.4867,3.401704e-03,1.111425e-04,1,1.515e+00,1.7127
4.220,0.390,2.5530,3.806569e-03,1.169921e-04,1,1.472e+00,1.7127
4.220,0.410,2.6176,4.234473e-03,1.231072e-04,1,1.434e+00,1.7127
4.220,0.430,2.6807,4.685423e-03,1.294929e-04,1,1.399e+00,1.7127
4.220,0.450,2.7424,5.159424e-03,1.361533e-04,1,1.368e+00,1.7127
4.220,0.470,2.8026,5.656480e-03,1.430921e-04,1,1.339e+00,1.7127
4.220,0.490,2.8616,6.176597e-03,1.503123e-04,1,1.312e+00,1.7127
4.240,0.010,0.4300,4.901272e-07,1.263631e-05,1,1.390e+01,1.7127
4.240,0.030,0.7448,1.008587e-05,2.900785e-05,1,1.390e+01,1.7127
4.240,0.050,0.9615,3.772176e-05,3.936786e-05,1,1.390e+01,1.7127
4.240,0.070,1.1376,8.682530e-05,4.677965e-05,1,1.078e+01,1.7127
4.240,0.090,1.2900,1.589210e-04,5.260574e-05,1,5.458e+00,1.7127
4.240,0.110,1.4261,2.547900e-04,5.754433e-05,1,3.915e+00,1.7127
4.240,0.130,1.5503,3.748741e-04,6.199022e-05,1,3.169e+00,1.7127
4.240,0.150,1.6653,5.194419e-04,6.618344e-05,1,2.724e+00,1.7127
4.240,0.170,1.7729,6.886661e-04,7.027833e-05,1,2.427e+00,1.7127
4.240,0.190,1.8743,8.826626e-04,7.437866e-05,1,2.212e+00,1.7127
4.240,0.210,1.9704,1.101513e-03,7.855675e-05,1,2.049e+00,1.7127
4.240,0.230,2.0621,1.345274e-03,8.286454e-05,1,1.920e+00,1.7127
4.240,0.250,2.1499,1.613990e-03,8.734035e-05,1,1.815e+00,1.7127
4.240,0.270,2.2343,1.907692e-03,9.201299e-05,1,1.728e+00,1.7127
4.240,0.290,2.3155,2.226406e-03,9.690461e-05,1,1.655e+00,1.7127
4.240,0.310,2.3941,2.570150e-03,1.020325e-04,1,1.592e+00,1.7127
4.240,0.330,2.4701,2.938941e-03,1.074102e-04,1,1.537e+00,1.7127
4.240,0.350,2.5438,3.332790e-03,1.130489e-04,1,1.488e+00,1.7127
4.240,0.370,2.6155,3.751707e-03,1.189573e-04,1,1.445e+00,1.7127
4.240,0.390,2.6853,4.195700e-03,1.251429e-04,1,1.407e+00,1.7127
4.240,0.410,2.7532,4.664776e-03,1.316115e-04,1,1.372e+00,1.7127
4.240,0.430,2.8196,5.158941e-03,1.383682e-04,1,1.340e+00,1.7127
4.240,0.450,2.8844,5.678200e-03,1.454174e-04,1,1.312e+00,1.7127
4.240,0.470,2.9478,6.222556e-03,1.527625e-04,1,1.285e+00,1.7127
4.240,0.490,3.0099,6.792014e-03,1.604067e-04,1,1.261e+00,1.7127
4.260,0.010,0.4526,5.821713e-07,1.456041e-05,1,1.399e+01,1.7127
4.260,0.030,0.7840,1.172965e-05,3.272642e-05,1,1.399e+01,1.7127
4.260,0.050,1.0121,4.331240e-05,4.385038e-05,1,1.399e+01,1.7127
4.260,0.070,1.1975,9.884271e-05,5.166146e-05,1,7.763e+00,1.7127
4.260,0.090,1.3579,1.798086e-04,5.773960e-05,1,4.574e+00,1.7127
4.260,0.110,1.5012,2.869487e-04,6.286887e-05,1,3.444e+00,1.7127
4.260,0.130,1.6320,4.206709e-04,6.748254e-05,1,2.857e+00,1.7127
4.260,0.150,1.7530,5.812191e-04,7.183953e-05,1,2.493e+00,1.7127
4.260,0.170,1.8662,7.687480e-04,7.610411e-05,1,2.243e+00,1.7127
4.260,0.190,1.9730,9.833606e-04,8.038550e-05,1,2.059e+00,1.7127
4.260,0.210,2.0742,1.225128e-03,8.475918e-05,1,1.918e+00,1.7127
4.260,0.230,2.1707,1.494100e-03,8.927895e-05,1,1.805e+00,1.7127
4.260,0.250,2.2631,1.790316e-03,9.398424e-05,1,1.713e+00,1.7127
4.260,0.270,2.3519,2.113801e-03,9.890454e-05,1,1.636e+00,1.7127
4.260,0.290,2.4375,2.464578e-03,1.040624e-04,1,1.571e+00,1.7127
4.260,0.310,2.5201,2.842663e-03,1.094754e-04,1,1.514e+00,1.7127
4.260,0.330,2.6002,3.248069e-03,1.151573e-04,1,1.464e+00,1.7127
4.260,0.350,2.6778,3.680807e-03,1.211191e-04,1,1.421e+00,1.7127
4.260,0.370,2.7532,4.140884e-03,1.273699e-04,1,1.382e+00,1.7127
4.260,0.390,2.8267,4.628308e-03,1.339168e-04,1,1.347e+00,1.7127
4.260,0.410,2.8982,5.143085e-03,1.407660e-04,1,1.315e+00,1.7127
4.260,0.430,2.9681,5.685218e-03,1.479225e-04,1,1.286e+00,1.7127
4.260,0.450,3.0363,6.254713e-03,1.553905e-04,1,1.260e+00,1.7127
4.260,0.470,3.1031,6.851573e-03,1.631735e-04,1,1.236e+00,1.7127
4.260,0.490,3.1684,7.475799e-03,1.712746e-04,1,1.213e+00,1.7127
4.280,0.010,0.4769,6.926680e-07,1.679901e-05,1,1.409e+01,1.7127
4.280,0.030,0.8260,1.364562e-05,3.691837e-05,1,1.409e+01,1.7127
4.280,0.050,1.0663,4.972909e-05,4.882107e-05,1,1.409e+01,1.7127
4.280,0.070,1.2617,1.125113e-04,5.702351e-05,1,6.063e+00,1.7127
4.280,0.090,1.4306,2.034299e-04,6.334518e-05,1,3.935e+00,1.7127
4.280,0.110,1.5816,3.231754e-04,6.866025e-05,1,3.074e+00,1.7127
4.280,0.130,1.7194,4.721209e-04,7.344088e-05,1,2.600e+00,1.7127
4.280,0.150,1.8469,6.504856e-04,7.796451e-05,1,2.297e+00,1.7127
4.280,0.170,1.9662,8.584068e-04,8.240486e-05,1,2.084e+00,1.7127
4.280,0.190,2.0786,1.095975e-03,8.687625e-05,1,1.926e+00,1.7127
4.280,0.210,2.1853,1.363251e-03,9.145698e-05,1,1.803e+00,1.7127
4.280,0.230,2.2870,1.660280e-03,9.620249e-05,1,1.704e+00,1.7127
4.280,0.250,2.3844,1.987094e-03,1.011531e-04,1,1.622e+00,1.7127
4.280,0.270,2.4779,2.343715e-03,1.063390e-04,1,1.553e+00,1.7127
4.280,0.290,2.5680,2.730162e-03,1.117829e-04,1,1.494e+00,1.7127
4.280,0.310,2.6551,3.146450e-03,1.175026e-04,1,1.443e+00,1.7127
4.280,0.330,2.7394,3.592589e-03,1.235120e-04,1,1.398e+00,1.7127
4.280,0.350,2.8212,4.068588e-03,1.298222e-04,1,1.359e+00,1.7127
4.280,0.370,2.9007,4.574453e-03,1.364421e-04,1,1.323e+00,1.7127
4.280,0.390,2.9781,5.110191e-03,1.433791e-04,1,1.291e+00,1.7127
4.280,0.410,3.0535,5.675807e-03,1.506390e-04,1,1.262e+00,1.7127
4.280,0.430,3.1271,6.271304e-03,1.582270e-04,1,1.236e+00,1.7127
4.280,0.450,3.1990,6.896686e-03,1.661472e-04,1,1.212e+00,1.7127
4.280,0.470,3.2693,7.551956e-03,1.744032e-04,1,1.190e+00,1.7127
4.280,0.490,3.3381,8.237115e-03,1.829979e-04,1,1.169e+00,1.7127
4.300,0.010,0.5029,8.254926e-07,1.940542e-05,1,1.419e+01,1.7127
4.300,0.030,0.8710,1.587858e-05,4.164013e-05,1,1.419e+01,1.7127
4.300,0.050,1.1244,5.709303e-05,5.432893e-05,1,1.210e+01,1.7127
4.300,0.070,1.3305,1.280609e-04,6.291081e-05,1,4.970e+00,1.7127
4.300,0.090,1.5086,2.301558e-04,6.946596e-05,1,3.451e+00,1.7127
4.300,0.110,1.6678,3.640168e-04,7.496176e-05,1,2.774e+00,1.7127
4.300,0.130,1.8131,5.299813e-04,7.990912e-05,1,2.385e+00,1.7127
4.300,0.150,1.9476,7.282442e-04,8.460334e-05,1,2.129e+00,1.7127
4.300,0.170,2.0734,9.589261e-04,8.922696e-05,1,1.946e+00,1.7127
4.300,0.190,2.1919,1.222106e-03,9.389890e-05,1,1.808e+00,1.7127
4.300,0.210,2.3044,1.517836e-03,9.869997e-05,1,1.700e+00,1.7127
4.300,0.230,2.4117,1.846155e-03,1.036870e-04,1,1.612e+00,1.7127
4.300,0.250,2.5143,2.207089e-03,1.089011e-04,1,1.539e+00,1.7127
4.300,0.270,2.6130,2.600659e-03,1.143727e-04,1,1.478e+00,1.7127
4.300,0.290,2.7080,3.026881e-03,1.201250e-04,1,1.425e+00,1.7127
4.300,0.310,2.7998,3.485765e-03,1.261758e-04,1,1.378e+00,1.7127
4.300,0.330,2.8887,3.977320e-03,1.325390e-04,1,1.338e+00,1.7127
4.300,0.350,2.9750,4.501556e-03,1.392256e-04,1,1.302e+00,1.7127
4.300,0.370,3.0588,5.058476e-03,1.462447e-04,1,1.269e+00,1.7127
4.300,0.390,3.1404,5.648086e-03,1.536035e-04,1,1.240e+00,1.7127
4.300,0.410,3.2199,6.270390e-03,1.613079e-04,1,1.214e+00,1.7127
4.300,0.430,3.2975,6.925392e-03,1.693629e-04,1,1.189e+00,1.7127
4.300,0.450,3.3733,7.613093e-03,1.777727e-04,1,1.167e+00,1.7127
4.300,0.470,3.4475,8.333497e-03,1.865406e-04,1,1.147e+00,1.7127
4.300,0.490,3.5201,9.086604e-03,1.956698e-04,1,1.128e+00,1.7127
4.320,0.010,0.5308,9.853531e-07,2.244188e-05,1,1.429e+01,1.7127
4.320,0.030,0.9193,1.848059e-05,4.695414e-05,1,1.429e+01,1.7127
4.320,0.050,1.1868,6.554388e-05,6.042794e-05,1,8.343e+00,1.7127
4.320,0.070,1.4043,1.457561e-04,6.937344e-05,1,4.209e+00,1.7127
4.320,0.090,1.5923,2.604154e-04,7.615079e-05,1,3.072e+00,1.7127
4.320,0.110,1.7604,4.101063e-04,8.182242e-05,1,2.527e+00,1.7127
4.320,0.130,1.9137,5.951305e-04,8.693720e-05,1,2.202e+00,1.7127
4.320,0.150,2.0557,8.156599e-04,9.180730e-05,1,1.983e+00,1.7127
4.320,0.170,2.1884,1.071799e-03,9.662332e-05,1,1.825e+00,1.7127
4.320,0.190,2.3136,1.363616e-03,1.015083e-04,1,1.704e+00,1.7127
4.320,0.210,2.4323,1.691156e-03,1.065451e-04,1,1.608e+00,1.7127
4.320,0.230,2.5455,2.054452e-03,1.117917e-04,1,1.530e+00,1.7127
4.320,0.250,2.6538,2.453525e-03,1.172898e-04,1,1.464e+00,1.7127
4.320,0.270,2.7580,2.888393e-03,1.230702e-04,1,1.409e+00,1.7127
4.320,0.290,2.8583,3.359069e-03,1.291561e-04,1,1.361e+00,1.7127
4.320,0.310,2.9552,3.865563e-03,1.355652e-04,1,1.319e+00,1.7127
4.320,0.330,3.0490,4.407881e-03,1.423117e-04,1,1.282e+00,1.7127
4.320,0.350,3.1401,4.986031e-03,1.494064e-04,1,1.249e+00,1.7127
4.320,0.370,3.2285,5.600017e-03,1.568583e-04,1,1.219e+00,1.7127
4.320,0.390,3.3147,6.249844e-03,1.646746e-04,1,1.193e+00,1.7127
4.320,0.410,3.3986,6.935513e-03,1.728611e-04,1,1.168e+00,1.7127
4.320,0.430,3.4805,7.657029e-03,1.814228e-04,1,1.146e+00,1.7127
4.320,0.450,3.5605,8.414393e-03,1.903637e-04,1,1.125e+00,1.7127
4.320,0.470,3.6388,9.207607e-03,1.996874e-04,1,1.106e+00,1.7127
4.320,0.490,3.7154,1.003667e-02,2.093966e-04,1,1.089e+00,1.7127
4.340,0.010,0.5608,1.177968e-06,2.598095e-05,1,1.439e+01,1.7127
4.340,0.030,0.9713,2.151222e-05,5.292943e-05,1,1.439e+01,1.7127
4.340,0.050,1.2539,7.524311e-05,6.717789e-05,1,6.359e+00,1.7127
4.340,0.070,1.4837,1.659038e-04,7.646751e-05,1,3.647e+00,1.7127
4.340,0.090,1.6823,2.947070e-04,8.345495e-05,1,2.766e+00,1.7127
4.340,0.110,1.8599,4.621809e-04,8.929805e-05,1,2.319e+00,1.7127
4.340,0.130,2.0219,6.685929e-04,9.458216e-05,1,2.044e+00,1.7127
4.340,0.150,2.1719,9.140925e-04,9.963508e-05,1,1.855e+00,1.7127
4.340,0.170,2.3121,1.198770e-03,1.046546e-04,1,1.717e+00,1.7127
4.340,0.190,2.4443,1.522683e-03,1.097673e-04,1,1.610e+00,1.7127
4.340,0.210,2.5698,1.885871e-03,1.150577e-04,1,1.525e+00,1.7127
4.340,0.230,2.6894,2.288359e-03,1.205846e-04,1,1.455e+00,1.7127
4.340,0.250,2.8039,2.730168e-03,1.263902e-04,1,1.396e+00,1.7127
4.340,0.270,2.9139,3.211311e-03,1.325052e-04,1,1.346e+00,1.7127
4.340,0.290,3.0198,3.731799e-03,1.389531e-04,1,1.302e+00,1.7127
4.340,0.310,3.1222,4.291641e-03,1.457515e-04,1,1.264e+00,1.7127
4.340,0.330,3.2214,4.890842e-03,1.529144e-04,1,1.230e+00,1.7127
4.340,0.350,3.3176,5.529407e-03,1.604526e-04,1,1.200e+00,1.7127
4.340,0.370,3.4110,6.207341e-03,1.683751e-04,1,1.173e+00,1.7127
4.340,0.390,3.5020,6.924646e-03,1.766888e-04,1,1.148e+00,1.7127
4.340,0.410,3.5907,7.681326e-03,1.853997e-04,1,1.126e+00,1.7127
4.340,0.430,3.6772,8.477383e-03,1.945125e-04,1,1.105e+00,1.7127
4.340,0.450,3.7618,9.312818e-03,2.040312e-04,1,1.086e+00,1.7127
4.340,0.470,3.8445,1.018763e-02,2.139593e-04,1,1.069e+00,1.7127
4.340,0.490,3.9254,1.110183e-02,2.242995e-04,1,1.052e+00,1.7127
4.360,0.010,0.5931,1.410282e-06,3.010701e-05,1,1.449e+01,1.7127
4.360,0.030,1.0272,2.504400e-05,5.964248e-05,1,1.449e+01,1.7127
4.360,0.050,1.3262,8.637805e-05,7.464539e-05,1,5.133e+00,1.7127
4.360,0.070,1.5691,1.888609e-04,8.425634e-05,1,3.216e+00,1.7127
4.360,0.090,1.7792,3.336116e-04,9.144139e-05,1,2.515e+00,1.7127
4.360,0.110,1.9670,5.211025e-04,9.745251e-05,1,2.142e+00,1.7127
4.360,0.130,2.1384,7.515674e-04,1.029095e-04,1,1.906e+00,1.7127
4.360,0.150,2.2970,1.025135e-03,1.081542e-04,1,1.742e+00,1.7127
4.360,0.170,2.4453,1.341883e-03,1.133906e-04,1,1.620e+00,1.7127
4.360,0.190,2.5852,1.701859e-03,1.187482e-04,1,1.526e+00,1.7127
4.360,0.210,2.7178,2.105097e-03,1.243128e-04,1,1.449e+00,1.7127
4.360,0.230,2.8443,2.551618e-03,1.301438e-04,1,1.386e+00,1.7127
4.360,0.250,2.9654,3.041439e-03,1.362834e-04,1,1.333e+00,1.7127
4.360,0.270,3.0817,3.574571e-03,1.427626e-04,1,1.287e+00,1.7127
4.360,0.290,3.1938,4.151023e-03,1.496046e-04,1,1.248e+00,1.7127
4.360,0.310,3.3021,4.770801e-03,1.568270e-04,1,1.213e+00,1.7127
4.360,0.330,3.4070,5.433911e-03,1.644437e-04,1,1.182e+00,1.7127
4.360,0.350,3.5087,6.140357e-03,1.724654e-04,1,1.154e+00,1.7127
4.360,0.370,3.6076,6.890143e-03,1.809008e-04,1,1.129e+00,1.7127
4.360,0.390,3.7038,7.683270e-03,1.897569e-04,1,1.107e+00,1.7127
4.360,0.410,3.7976,8.519741e-03,1.990394e-04,1,1.086e+00,1.7127
4.360,0.430,3.8891,9.399557e-03,2.087531e-04,1,1.067e+00,1.7127
4.360,0.450,3.9785,1.032272e-02,2.189020e-04,1,1.049e+00,1.7127
4.360,0.470,4.0659,1.128923e-02,2.294892e-04,1,1.033e+00,1.7127
4.360,0.490,4.1516,1.229910e-02,2.405177e-04,1,1.018e+00,1.7127
4.380,0.010,0.6279,1.690725e-06,3.491797e-05,1,1.459e+01,1.7127
4.380,0.030,1.0876,2.915827e-05,6.717818e-05,1,1.459e+01,1.7127
4.380,0.050,1.4041,9.916703e-05,8.290513e-05,1,4.299e+00,1.7127
4.380,0.070,1.6613,2.150446e-04,9.281185e-05,1,2.874e+00,1.7127
4.380,0.090,1.8838,3.778109e-04,1.001822e-04,1,2.304e+00,1.7127
4.380,0.110,2.0826,5.878831e-04,1.063593e-04,1,1.989e+00,1.7127
4.380,0.130,2.2640,8.454637e-04,1.119946e-04,1,1.785e+00,1.7127
4.380,0.150,2.4319,1.150663e-03,1.174423e-04,1,1.642e+00,1.7127
4.380,0.170,2.5890,1.503545e-03,1.229118e-04,1,1.534e+00,1.7127
4.380,0.190,2.7371,1.904151e-03,1.285344e-04,1,1.449e+00,1.7127
4.380,0.210,2.8775,2.352509e-03,1.343970e-04,1,1.380e+00,1.7127
4.380,0.230,3.0114,2.848636e-03,1.405592e-04,1,1.323e+00,1.7127
4.380,0.250,3.1396,3.392546e-03,1.470632e-04,1,1.275e+00,1.7127
4.380,0.270,3.2628,3.984248e-03,1.539400e-04,1,1.234e+00,1.7127
4.380,0.290,3.3815,4.623750e-03,1.612125e-04,1,1.197e+00,1.7127
4.380,0.310,3.4961,5.311057e-03,1.688982e-04,1,1.166e+00,1.7127
4.380,0.330,3.6072,6.046173e-03,1.770108e-04,1,1.137e+00,1.7127
4.380,0.350,3.7149,6.829101e-03,1.855608e-04,1,1.112e+00,1.7127
4.380,0.370,3.8195,7.659845e-03,1.945569e-04,1,1.089e+00,1.7127
4.380,0.390,3.9214,8.538405e-03,2.040059e-04,1,1.068e+00,1.7127
4.380,0.410,4.0207,9.464785e-03,2.139134e-04,1,1.048e+00,1.7127
4.380,0.430,4.1176,1.043899e-02,2.242841e-04,1,1.031e+00,1.7127
4.380,0.450,4.2123,1.146101e-02,2.351217e-04,1,1.015e+00,1.7127
4.380,0.470,4.3048,1.253085e-02,2.464296e-04,1,9.994e-01,1.7127
4.380,0.490,4.3955,1.364852e-02,2.582105e-04,1,9.854e-01,1.7127
4.400,0.010,0.6656,2.029522e-06,4.052721e-05,1,1.469e+01,1.7127
4.400,0.030,1.1528,3.395132e-05,7.563105e-05,1,1.033e+01,1.7127
4.400,0.050,1.4883,1.138656e-04,9.204148e-05,1,3.694e+00,1.7127
4.400,0.070,1.7609,2.449449e-04,1.022164e-04,1,2.596e+00,1.7127
4.400,0.090,1.9967,4.281074e-04,1.097604e-04,1,2.124e+00,1.7127
4.400,0.110,2.2075,6.637169e-04,1.161032e-04,1,1.855e+00,1.7127
4.400,0.130,2.3998,9.519467e-04,1.219247e-04,1,1.678e+00,1.7127
4.400,0.150,2.5778,1.292890e-03,1.275895e-04,1,1.551e+00,1.7127
4.400,0.170,2.7442,1.686600e-03,1.333110e-04,1,1.455e+00,1.7127
4.400,0.190,2.9012,2.133112e-03,1.392222e-04,1,1.379e+00,1.7127
4.400,0.210,3.0500,2.632447e-03,1.454102e-04,1,1.317e+00,1.7127
4.400,0.230,3.1920,3.184621e-03,1.519347e-04,1,1.266e+00,1.7127
4.400,0.250,3.3279,3.789645e-03,1.588378e-04,1,1.222e+00,1.7127
4.400,0.270,3.4584,4.447526e-03,1.661501e-04,1,1.184e+00,1.7127
4.400,0.290,3.5842,5.158270e-03,1.738943e-04,1,1.151e+00,1.7127
4.400,0.310,3.7058,5.921881e-03,1.820878e-04,1,1.121e+00,1.7127
4.400,0.330,3.8234,6.738363e-03,1.907438e-04,1,1.095e+00,1.7127
4.400,0.350,3.9376,7.607719e-03,1.998730e-04,1,1.072e+00,1.7127
4.400,0.370,4.0485,8.529950e-03,2.094836e-04,1,1.050e+00,1.7127
4.400,0.390,4.1565,9.505059e-03,2.195825e-04,1,1.031e+00,1.7127
4.400,0.410,4.2618,1.053305e-02,2.301750e-04,1,1.013e+00,1.7127
4.400,0.430,4.3645,1.161391e-02,2.412657e-04,1,9.969e-01,1.7127
4.400,0.450,4.4648,1.274766e-02,2.528584e-04,1,9.818e-01,1.7127
4.400,0.470,4.5630,1.393429e-02,2.649563e-04,1,9.677e-01,1.7127
4.400,0.490,4.6590,1.517380e-02,2.775618e-04,1,9.546e-01,1.7127
4.420,0.010,0.7063,2.439071e-06,4.706562e-05,1,1.479e+01,1.7127
4.420,0.030,1.2234,3.953622e-05,8.510694e-05,1,7.335e+00,1.7127
4.420,0.050,1.5794,1.307745e-04,1.021505e-04,1,3.236e+00,1.7127
4.420,0.070,1.8688,2.791410e-04,1.125646e-04,1,2.365e+00,1.7127
4.420,0.090,2.1190,4.854513e-04,1.202722e-04,1,1.969e+00,1.7127
4.420,0.110,2.3426,7.500192e-04,1.267827e-04,1,1.737e+00,1.7127
4.420,0.130,2.5467,1.072991e-03,1.328010e-04,1,1.582e+00,1.7127
4.420,0.150,2.7356,1.454445e-03,1.387002e-04,1,1.470e+00,1.7127
4.420,0.170,2.9123,1.894425e-03,1.446964e-04,1,1.384e+00,1.7127
4.420,0.190,3.0788,2.392960e-03,1.509234e-04,1,1.315e+00,1.7127
4.420,0.210,3.2368,2.950067e-03,1.574684e-04,1,1.259e+00,1.7127
4.420,0.230,3.3874,3.565760e-03,1.643908e-04,1,1.212e+00,1.7127
4.420,0.250,3.5316,4.240046e-03,1.717324e-04,1,1.172e+00,1.7127
4.420,0.270,3.6702,4.972931e-03,1.795233e-04,1,1.137e+00,1.7127
4.420,0.290,3.8037,5.764422e-03,1.877861e-04,1,1.107e+00,1.7127
4.420,0.310,3.9327,6.614520e-03,1.965376e-04,1,1.080e+00,1.7127
4.420,0.330,4.0575,7.523229e-03,2.057912e-04,1,1.056e+00,1.7127
4.420,0.350,4.1787,8.490551e-03,2.155569e-04,1,1.034e+00,1.7127
4.420,0.370,4.2964,9.516488e-03,2.258430e-04,1,1.015e+00,1.7127
4.420,0.390,4.4110,1.060104e-02,2.366561e-04,1,9.965e-01,1.7127
4.420,0.410,4.5227,1.174421e-02,2.480015e-04,1,9.800e-01,1.7127
4.420,0.430,4.6317,1.294600e-02,2.598836e-04,1,9.648e-01,1.7127
4.420,0.450,4.7382,1.420641e-02,2.723062e-04,1,9.507e-01,1.7127
4.420,0.470,4.8423,1.552543e-02,2.852721e-04,1,9.376e-01,1.7127
4.420,0.490,4.9443,1.690308e-02,2.987840e-04,1,9.254e-01,1.7127
4.440,0.010,0.7505,2.934398e-06,5.468397e-05,1,1.489e+01,1.7127
4.440,0.030,1.2999,4.604620e-05,9.572499e-05,1,5.676e+00,1.7127
4.440,0.050,1.6782,1.502495e-04,1.133423e-04,1,2.876e+00,1.7127
4.440,0.070,1.9857,3.183201e-04,1.239664e-04,1,2.171e+00,1.7127
4.440,0.090,2.2516,5.509730e-04,1.318292e-04,1,1.835e+00,1.7127
4.440,0.110,2.4892,8.484755e-04,1.385124e-04,1,1.633e+00,1.7127
4.440,0.130,2.7060,1.210950e-03,1.447415e-04,1,1.496e+00,1.7127
4.440,0.150,2.9067,1.638461e-03,1.508960e-04,1,1.395e+00,1.7127
4.440,0.170,3.0945,2.131045e-03,1.571935e-04,1,1.318e+00,1.7127
4.440,0.190,3.2714,2.688724e-03,1.637680e-04,1,1.256e+00,1.7127
4.440,0.210,3.4393,3.311514e-03,1.707064e-04,1,1.205e+00,1.7127
4.440,0.230,3.5994,3.999424e-03,1.780675e-04,1,1.163e+00,1.7127
4.440,0.250,3.7526,4.752461e-03,1.858925e-04,1,1.126e+00,1.7127
4.440,0.270,3.8998,5.570631e-03,1.942113e-04,1,1.094e+00,1.7127
4.440,0.290,4.0417,6.453936e-03,2.030458e-04,1,1.066e+00,1.7127
4.440,0.310,4.1787,7.402380e-03,2.124127e-04,1,1.041e+00,1.7127
4.440,0.330,4.3114,8.415965e-03,2.223249e-04,1,1.019e+00,1.7127
4.440,0.350,4.4401,9.494693e-03,2.327923e-04,1,9.989e-01,1.7127
4.440,0.370,4.5652,1.063856e-02,2.438230e-04,1,9.806e-01,1.7127
4.440,0.390,4.6870,1.184758e-02,2.554234e-04,1,9.639e-01,1.7127
4.440,0.410,4.8057,1.312174e-02,2.675986e-04,1,9.485e-01,1.7127
4.440,0.430,4.9215,1.446105e-02,2.803529e-04,1,9.344e-01,1.7127
4.440,0.450,5.0346,1.586551e-02,2.936899e-04,1,9.212e-01,1.7127
4.440,0.470,5.1453,1.733512e-02,3.076125e-04,1,9.090e-01,1.7127
4.440,0.490,5.2536,1.886987e-02,3.221233e-04,1,8.976e-01,1.7127
4.460,0.010,0.7985,3.533703e-06,6.355549e-05,1,1.499e+01,1.7127
4.460,0.030,1.3831,5.363903e-05,1.076203e-04,1,4.622e+00,1.7127
4.460,0.050,1.7856,1.727139e-04,1.257443e-04,1,2.586e+00,1.7127
4.460,0.070,2.1127,3.633028e-04,1.365497e-04,1,2.004e+00,1.7127
4.460,0.090,2.3956,6.260243e-04,1.445620e-04,1,1.716e+00,1.7127
4.460,0.110,2.6484,9.611031e-04,1.514263e-04,1,1.539e+00,1.7127
4.460,0.130,2.8792,1.368640e-03,1.578840e-04,1,1.418e+00,1.7127
4.460,0.150,3.0927,1.848689e-03,1.643188e-04,1,1.328e+00,1.7127
4.460,0.170,3.2924,2.401278e-03,1.709489e-04,1,1.258e+00,1.7127
4.460,0.190,3.4807,3.026426e-03,1.779078e-04,1,1.202e+00,1.7127
4.460,0.210,3.6593,3.724146e-03,1.852814e-04,1,1.156e+00,1.7127
4.460,0.230,3.8296,4.494444e-03,1.931279e-04,1,1.116e+00,1.7127
4.460,0.250,3.9927,5.337326e-03,2.014879e-04,1,1.083e+00,1.7127
4.460,0.270,4.1493,6.252796e-03,2.103906e-04,1,1.054e+00,1.7127
4.460,0.290,4.3002,7.240858e-03,2.198575e-04,1,1.028e+00,1.7127
4.460,0.310,4.4460,8.301514e-03,2.299049e-04,1,1.005e+00,1.7127
4.460,0.330,4.5872,9.434764e-03,2.405454e-04,1,9.841e-01,1.7127
4.460,0.350,4.7242,1.064061e-02,2.517887e-04,1,9.655e-01,1.7127
4.460,0.370,4.8573,1.191906e-02,2.636425e-04,1,9.485e-01,1.7127
4.460,0.390,4.9868,1.327010e-02,2.761131e-04,1,9.330e-01,1.7127
4.460,0.410,5.1131,1.469374e-02,2.892055e-04,1,9.187e-01,1.7127
4.460,0.430,5.2363,1.618998e-02,3.029238e-04,1,9.054e-01,1.7127
4.460,0.450,5.3567,1.775883e-02,3.172715e-04,1,8.932e-01,1.7127
4.460,0.470,5.4745,1.940027e-02,3.322515e-04,1,8.818e-01,1.7127
4.460,0.490,5.5897,2.111431e-02,3.478661e-04,1,8.711e-01,1.7127
4.480,0.010,0.8508,4.259038e-06,7.387888e-05,1,1.509e+01,1.7127
4.480,0.030,1.4737,6.250251e-05,1.209474e-04,1,3.892e+00,1.7127
4.480,0.050,1.9025,1.986743e-04,1.395046e-04,1,2.347e+00,1.7127
4.480,0.070,2.2510,4.150741e-04,1.504642e-04,1,1.860e+00,1.7127
4.480,0.090,2.5524,7.122297e-04,1.586240e-04,1,1.611e+00,1.7127
4.480,0.110,2.8218,1.090328e-03,1.656815e-04,1,1.455e+00,1.7127
4.480,0.130,3.0677,1.549451e-03,1.723901e-04,1,1.346e+00,1.7127
4.480,0.150,3.2952,2.089641e-03,1.791352e-04,1,1.266e+00,1.7127
4.480,0.170,3.5080,2.710923e-03,1.861345e-04,1,1.202e+00,1.7127
4.480,0.190,3.7086,3.413312e-03,1.935203e-04,1,1.151e+00,1.7127
4.480,0.210,3.8989,4.196815e-03,2.013774e-04,1,1.109e+00,1.7127
4.480,0.230,4.0804,5.061440e-03,2.097631e-04,1,1.073e+00,1.7127
4.480,0.250,4.2541,6.007192e-03,2.187170e-04,1,1.042e+00,1.7127
4.480,0.270,4.4210,7.034072e-03,2.282678e-04,1,1.015e+00,1.7127
4.480,0.290,4.5818,8.142084e-03,2.384364e-04,1,9.915e-01,1.7127
4.480,0.310,4.7371,9.331229e-03,2.492388e-04,1,9.703e-01,1.7127
4.480,0.330,4.8876,1.060151e-02,2.606871e-04,1,9.511e-01,1.7127
4.480,0.350,5.0335,1.195292e-02,2.727907e-04,1,9.338e-01,1.7127
4.480,0.370,5.1753,1.338548e-02,2.855572e-04,1,9.180e-01,1.7127
4.480,0.390,5.3133,1.489917e-02,2.989926e-04,1,9.036e-01,1.7127
4.480,0.410,5.4479,1.649399e-02,3.131019e-04,1,8.902e-01,1.7127
4.480,0.430,5.5792,1.816996e-02,3.278888e-04,1,8.779e-01,1.7127
4.480,0.450,5.7074,1.992706e-02,3.433569e-04,1,8.665e-01,1.7127
4.480,0.470,5.8329,2.176530e-02,3.595089e-04,1,8.558e-01,1.7127
4.480,0.490,5.9557,2.368468e-02,3.763471e-04,1,8.458e-01,1.7127
4.500,0.010,0.9079,5.137126e-06,8.588176e-05,1,1.519e+01,1.7127
4.500,0.030,1.5725,7.286157e-05,1.358844e-04,1,3.356e+00,1.7127
4.500,0.050,2.0301,2.287408e-04,1.547969e-04,1,2.146e+00,1.7127
4.500,0.070,2.4020,4.748230e-04,1.658866e-04,1,1.734e+00,1.7127
4.500,0.090,2.7236,8.115521e-04,1.741956e-04,1,1.516e+00,1.7127
4.500,0.110,3.0111,1.239081e-03,1.814633e-04,1,1.378e+00,1.7127
4.500,0.130,3.2734,1.757477e-03,1.884500e-04,1,1.281e+00,1.7127
4.500,0.150,3.5162,2.366774e-03,1.955410e-04,1,1.208e+00,1.7127
4.500,0.170,3.7432,3.066991e-03,2.029523e-04,1,1.151e+00,1.7127
4.500,0.190,3.9573,3.858138e-03,2.108144e-04,1,1.104e+00,1.7127
4.500,0.210,4.1604,4.740225e-03,2.192107e-04,1,1.066e+00,1.7127
4.500,0.230,4.3540,5.713255e-03,2.281973e-04,1,1.033e+00,1.7127
4.500,0.250,4.5393,6.777233e-03,2.378129e-04,1,1.004e+00,1.7127
4.500,0.270,4.7174,7.932159e-03,2.480853e-04,1,9.794e-01,1.7127
4.500,0.290,4.8890,9.178037e-03,2.590352e-04,1,9.573e-01,1.7127
4.500,0.310,5.0548,1.051487e-02,2.706777e-04,1,9.376e-01,1.7127
4.500,0.330,5.2153,1.194265e-02,2.830248e-04,1,9.199e-01,1.7127
4.500,0.350,5.3710,1.346139e-02,2.960856e-04,1,9.038e-01,1.7127
4.500,0.370,5.5223,1.507108e-02,3.098673e-04,1,8.891e-01,1.7127
4.500,0.390,5.6696,1.677173e-02,3.243758e-04,1,8.756e-01,1.7127
4.500,0.410,5.8132,1.856334e-02,3.396158e-04,1,8.632e-01,1.7127
4.500,0.430,5.9533,2.044590e-02,3.555911e-04,1,8.516e-01,1.7127
4.500,0.450,6.0902,2.241942e-02,3.723050e-04,1,8.409e-01,1.7127
4.500,0.470,6.2240,2.448389e-02,3.897601e-04,1,8.309e-01,1.7127
4.500,0.490,6.3551,2.663933e-02,4.079586e-04,1,8.216e-01,1.7127
4.520,0.010,0.9703,6.200389e-06,9.982480e-05,1,1.529e+01,1.7127
4.520,0.030,1.6806,8.498733e-05,1.526385e-04,1,2.946e+00,1.7127
4.520,0.050,2.1696,2.636527e-04,1.718263e-04,1,1.975e+00,1.7127
4.520,0.070,2.5671,5.439930e-04,1.830255e-04,1,1.622e+00,1.7127
4.520,0.090,2.9108,9.263765e-04,1.914904e-04,1,1.431e+00,1.7127
4.520,0.110,3.2180,1.410927e-03,1.989905e-04,1,1.309e+00,1.7127
4.520,0.130,3.4984,1.997699e-03,2.062886e-04,1,1.221e+00,1.7127
4.520,0.150,3.7578,2.686718e-03,2.137677e-04,1,1.155e+00,1.7127
4.520,0.170,4.0005,3.477999e-03,2.216409e-04,1,1.103e+00,1.7127
4.520,0.190,4.2293,4.371552e-03,2.300366e-04,1,1.061e+00,1.7127
4.520,0.210,4.4463,5.367382e-03,2.390365e-04,1,1.025e+00,1.7127
4.520,0.230,4.6533,6.465493e-03,2.486951e-04,1,9.947e-01,1.7127
4.520,0.250,4.8514,7.665887e-03,2.590504e-04,1,9.684e-01,1.7127
4.520,0.270,5.0417,8.968568e-03,2.701292e-04,1,9.454e-01,1.7127
4.520,0.290,5.2251,1.037353e-02,2.819515e-04,1,9.250e-01,1.7127
4.520,0.310,5.4022,1.188079e-02,2.945322e-04,1,9.067e-01,1.7127
4.520,0.330,5.5738,1.349033e-02,3.078826e-04,1,8.902e-01,1.7127
4.520,0.350,5.7402,1.520217e-02,3.220117e-04,1,8.752e-01,1.7127
4.520,0.370,5.9019,1.701629e-02,3.369263e-04,1,8.615e-01,1.7127
4.520,0.390,6.0593,1.893270e-02,3.526322e-04,1,8.489e-01,1.7127
4.520,0.410,6.2128,2.095141e-02,3.691338e-04,1,8.373e-01,1.7127
4.520,0.430,6.3625,2.307240e-02,3.864348e-04,1,8.265e-01,1.7127
4.520,0.450,6.5088,2.529569e-02,4.045385e-04,1,8.165e-01,1.7127
4.520,0.470,6.6518,2.762126e-02,4.234472e-04,1,8.071e-01,1.7127
4.520,0.490,6.7919,3.004913e-02,4.431631e-04,1,7.984e-01,1.7127
4.540,0.010,1.0387,7.488237e-06,1.160069e-04,1,1.540e+01,1.7127
4.540,0.030,1.7991,9.920881e-05,1.714529e-04,1,2.622e+00,1.7127
4.540,0.050,2.3226,3.043112e-04,1.908360e-04,1,1.827e+00,1.7127
4.540,0.070,2.7481,6.243468e-04,2.021292e-04,1,1.523e+00,1.7127
4.540,0.090,3.1161,1.059617e-03,2.107624e-04,1,1.355e+00,1.7127
4.540,0.110,3.4450,1.610220e-03,2.185233e-04,1,1.245e+00,1.7127
4.540,0.130,3.7451,2.276199e-03,2.261728e-04,1,1.166e+00,1.7127
4.540,0.150,4.0229,3.057575e-03,2.340895e-04,1,1.106e+00,1.7127
4.540,0.170,4.2827,3.954359e-03,2.424830e-04,1,1.058e+00,1.7127
4.540,0.190,4.5276,4.966558e-03,2.514789e-04,1,1.019e+00,1.7127
4.540,0.210,4.7599,6.094177e-03,2.611569e-04,1,9.868e-01,1.7127
4.540,0.230,4.9814,7.337219e-03,2.715701e-04,1,9.588e-01,1.7127
4.540,0.250,5.1935,8.695685e-03,2.827550e-04,1,9.346e-01,1.7127
4.540,0.270,5.3972,1.016958e-02,2.947380e-04,1,9.132e-01,1.7127
4.540,0.290,5.5935,1.175890e-02,3.075382e-04,1,8.943e-01,1.7127
4.540,0.310,5.7832,1.346364e-02,3.211700e-04,1,8.773e-01,1.7127
4.540,0.330,5.9669,1.528382e-02,3.356443e-04,1,8.619e-01,1.7127
4.540,0.350,6.1450,1.721943e-02,3.509696e-04,1,8.480e-01,1.7127
4.540,0.370,6.3181,1.927046e-02,3.671529e-04,1,8.352e-01,1.7127
4.540,0.390,6.4867,2.143692e-02,3.841993e-04,1,8.234e-01,1.7127
4.540,0.410,6.6509,2.371882e-02,4.021133e-04,1,8.126e-01,1.7127
4.540,0.430,6.8112,2.611614e-02,4.208984e-04,1,8.025e-01,1.7127
4.540,0.450,6.9678,2.862890e-02,4.405577e-04,1,7.931e-01,1.7127
4.540,0.470,7.1209,3.125708e-02,4.610934e-04,1,7.843e-01,1.7127
4.540,0.490,7.2709,3.400070e-02,4.825078e-04,1,7.761e-01,1.7127
4.560,0.010,1.1139,9.048715e-06,1.347718e-04,1,1.436e+01,1.7127
4.560,0.030,1.9294,1.159282e-04,1.926158e-04,1,2.358e+00,1.7127
4.560,0.050,2.4908,3.518228e-04,2.121164e-04,1,1.698e+00,1.7127
4.560,0.070,2.9472,7.180506e-04,2.234941e-04,1,1.434e+00,1.7127
4.560,0.090,3.3418,1.214854e-03,2.323146e-04,1,1.285e+00,1.7127
4.560,0.110,3.6945,1.842312e-03,2.403719e-04,1,1.186e+00,1.7127
4.560,0.130,4.0163,2.600457e-03,2.484207e-04,1,1.115e+00,1.7127
4.560,0.150,4.3142,3.489305e-03,2.568335e-04,1,1.060e+00,1.7127
4.560,0.170,4.5928,4.508866e-03,2.658156e-04,1,1.017e+00,1.7127
4.560,0.190,4.8555,5.659144e-03,2.754893e-04,1,9.808e-01,1.7127
4.560,0.210,5.1046,6.940143e-03,2.859320e-04,1,9.507e-01,1.7127
4.560,0.230,5.3422,8.351865e-03,2.971952e-04,1,9.249e-01,1.7127
4.560,0.250,5.5696,9.894312e-03,3.093144e-04,1,9.024e-01,1.7127
4.560,0.270,5.7881,1.156749e-02,3.223147e-04,1,8.827e-01,1.7127
4.560,0.290,5.9987,1.337138e-02,3.362148e-04,1,8.651e-01,1.7127
4.560,0.310,6.2021,1.530601e-02,3.510284e-04,1,8.492e-01,1.7127
4.560,0.330,6.3990,1.737137e-02,3.667661e-04,1,8.349e-01,1.7127
4.560,0.350,6.5900,1.956745e-02,3.834361e-04,1,8.219e-01,1.7127
4.560,0.370,6.7757,2.189426e-02,4.010449e-04,1,8.100e-01,1.7127
4.560,0.390,6.9564,2.435180e-02,4.195977e-04,1,7.990e-01,1.7127
4.560,0.410,7.1326,2.694007e-02,4.390985e-04,1,7.888e-01,1.7127
4.560,0.430,7.3045,2.965907e-02,4.595509e-04,1,7.794e-01,1.7127
4.560,0.450,7.4724,3.250879e-02,4.809577e-04,1,7.706e-01,1.7127
4.560,0.470,7.6367,3.548925e-02,5.033212e-04,1,7.623e-01,1.7127
4.560,0.490,7.7975,3.860043e-02,5.266433e-04,1,7.546e-01,1.7127
4.580,0.010,1.1969,1.094063e-05,1.565167e-04,1,8.681e+00,1.7127
4.580,0.030,2.0730,1.356410e-04,2.164709e-04,1,2.140e+00,1.7127
4.580,0.050,2.6762,4.075545e-04,2.360163e-04,1,1.585e+00,1.7127
4.580,0.070,3.1666,8.277827e-04,2.474762e-04,1,1.353e+00,1.7127
4.580,0.090,3.5906,1.396518e-03,2.565104e-04,1,1.220e+00,1.7127
4.580,0.110,3.9695,2.113822e-03,2.649080e-04,1,1.132e+00,1.7127
4.580,0.130,4.3153,2.979720e-03,2.734133e-04,1,1.067e+00,1.7127
4.580,0.150,4.6354,3.994224e-03,2.823912e-04,1,1.017e+00,1.7127
4.580,0.170,4.9348,5.157341e-03,2.920419e-04,1,9.772e-01,1.7127
4.580,0.190,5.2170,6.469076e-03,3.024839e-04,1,9.443e-01,1.7127
4.580,0.210,5.4847,7.929429e-03,3.137924e-04,1,9.166e-01,1.7127
4.580,0.230,5.7399,9.538405e-03,3.260169e-04,1,8.927e-01,1.7127
4.580,0.250,5.9843,1.129600e-02,3.391918e-04,1,8.719e-01,1.7127
4.580,0.270,6.2190,1.320222e-02,3.533413e-04,1,8.536e-01,1.7127
4.580,0.290,6.4453,1.525707e-02,3.684831e-04,1,8.372e-01,1.7127
4.580,0.310,6.6638,1.746054e-02,3.846307e-04,1,8.225e-01,1.7127
4.580,0.330,6.8754,1.981263e-02,4.017940e-04,1,8.091e-01,1.7127
4.580,0.350,7.0807,2.231335e-02,4.199811e-04,1,7.970e-01,1.7127
4.580,0.370,7.2802,2.496269e-02,4.391980e-04,1,7.858e-01,1.7127
4.580,0.390,7.4743,2.776066e-02,4.594497e-04,1,7.755e-01,1.7127
4.580,0.410,7.6636,3.070726e-02,4.807402e-04,1,7.660e-01,1.7127
4.580,0.430,7.8483,3.380248e-02,5.030728e-04,1,7.572e-01,1.7127
4.580,0.450,8.0287,3.704633e-02,5.264502e-04,1,7.489e-01,1.7127
4.580,0.470,8.2052,4.043880e-02,5.508746e-04,1,7.412e-01,1.7127
4.580,0.490,8.3780,4.397990e-02,5.763479e-04,1,7.339e-01,1.7127
4.600,0.010,1.2886,1.323637e-05,1.817038e-04,1,6.194e+00,1.7127
4.600,0.030,2.2318,1.589617e-04,2.434323e-04,1,1.956e+00,1.7127
4.600,0.050,2.8813,4.732072e-04,2.629568e-04,1,1.484e+00,1.7127
4.600,0.070,3.4092,9.568773e-04,2.745050e-04,1,1.280e+00,1.7127
4.600,0.090,3.8657,1.610123e-03,2.837882e-04,1,1.161e+00,1.7127
4.600,0.110,4.2737,2.432992e-03,2.925796e-04,1,1.081e+00,1.7127
4.600,0.130,4.6459,3.425502e-03,3.016096e-04,1,1.022e+00,1.7127
4.600,0.150,4.9905,4.587663e-03,3.112341e-04,1,9.768e-01,1.7127
4.600,0.170,5.3128,5.919481e-03,3.216472e-04,1,9.402e-01,1.7127
4.600,0.190,5.6167,7.420959e-03,3.329637e-04,1,9.099e-01,1.7127
4.600,0.210,5.9049,9.092098e-03,3.452561e-04,1,8.842e-01,1.7127
4.600,0.230,6.1797,1.093290e-02,3.585722e-04,1,8.622e-01,1.7127
4.600,0.250,6.4428,1.294336e-02,3.729448e-04,1,8.429e-01,1.7127
4.600,0.270,6.6955,1.512349e-02,3.883973e-04,1,8.258e-01,1.7127
4.600,0.290,6.9391,1.747329e-02,4.049468e-04,1,8.106e-01,1.7127
4.600,0.310,7.1744,1.999275e-02,4.226059e-04,1,7.969e-01,1.7127
4.600,0.330,7.4022,2.268187e-02,4.413844e-04,1,7.844e-01,1.7127
4.600,0.350,7.6232,2.554066e-02,4.612898e-04,1,7.730e-01,1.7127
4.600,0.370,7.8380,2.856911e-02,4.823280e-04,1,7.626e-01,1.7127
4.600,0.390,8.0470,3.176723e-02,5.045037e-04,1,7.530e-01,1.7127
4.600,0.410,8.2508,3.513502e-02,5.278207e-04,1,7.441e-01,1.7127
4.600,0.430,8.4496,3.867247e-02,5.522822e-04,1,7.358e-01,1.7127
4.600,0.450,8.6439,4.237959e-02,5.778907e-04,1,7.280e-01,1.7127
4.600,0.470,8.8339,4.625637e-02,6.046484e-04,1,7.207e-01,1.7127
4.600,0.490,9.0199,5.030282e-02,6.325570e-04,1,7.139e-01,1.7127
4.620,0.010,1.3903,1.602557e-05,2.108755e-04,1,4.797e+00,1.7127
4.620,0.030,2.4080,1.866597e-04,2.740019e-04,1,1.798e+00,1.7127
4.620,0.050,3.1087,5.509126e-04,2.934495e-04,1,1.393e+00,1.7127
4.620,0.070,3.6783,1.109514e-03,3.051016e-04,1,1.213e+00,1.7127
4.620,0.090,4.1708,1.862582e-03,3.146792e-04,1,1.107e+00,1.7127
4.620,0.110,4.6110,2.810150e-03,3.239294e-04,1,1.034e+00,1.7127
4.620,0.130,5.0127,3.952234e-03,3.335655e-04,1,9.805e-01,1.7127
4.620,0.150,5.3845,5.288840e-03,3.439327e-04,1,9.388e-01,1.7127
4.620,0.170,5.7322,6.819973e-03,3.552190e-04,1,9.051e-01,1.7127
4.620,0.190,6.0601,8.545634e-03,3.675350e-04,1,8.772e-01,1.7127
4.620,0.210,6.3710,1.046582e-02,3.809502e-04,1,8.535e-01,1.7127
4.620,0.230,6.6675,1.258055e-02,3.955107e-04,1,8.330e-01,1.7127
4.620,0.250,6.9514,1.488980e-02,4.112480e-04,1,8.151e-01,1.7127
4.620,0.270,7.2241,1.739359e-02,4.281843e-04,1,7.993e-01,1.7127
4.620,0.290,7.4868,2.009190e-02,4.463360e-04,1,7.851e-01,1.7127
4.620,0.310,7.7407,2.298475e-02,4.657153e-04,1,7.723e-01,1.7127
4.620,0.330,7.9865,2.607214e-02,4.863314e-04,1,7.607e-01,1.7127
4.620,0.350,8.2250,2.935405e-02,5.081914e-04,1,7.500e-01,1.7127
4.620,0.370,8.4567,3.283050e-02,5.313011e-04,1,7.403e-01,1.7127
4.620,0.390,8.6822,3.650149e-02,5.556649e-04,1,7.313e-01,1.7127
4.620,0.410,8.9021,4.036700e-02,5.812865e-04,1,7.229e-01,1.7127
4.620,0.430,9.1166,4.442705e-02,6.081687e-04,1,7.151e-01,1.7127
4.620,0.450,9.3262,4.868163e-02,6.363142e-04,1,7.078e-01,1.7127
4.620,0.470,9.5312,5.313075e-02,6.657248e-04,1,7.010e-01,1.7127
4.620,0.490,9.7319,5.777440e-02,6.964024e-04,1,6.946e-01,1.7127
4.640,0.010,1.5035,1.942018e-05,2.446756e-04,1,3.901e+00,1.7127
4.640,0.030,2.6041,2.197047e-04,3.087928e-04,1,1.662e+00,1.7127
4.640,0.050,3.3619,6.433629e-04,3.281190e-04,1,1.312e+00,1.7127
4.640,0.070,3.9778,1.290974e-03,3.399019e-04,1,1.152e+00,1.7127
4.640,0.090,4.5104,2.162625e-03,3.498313e-04,1,1.056e+00,1.7127
4.640,0.110,4.9865,3.258344e-03,3.596190e-04,1,9.900e-01,1.7127
4.640,0.130,5.4209,4.578141e-03,3.699580e-04,1,9.411e-01,1.7127
4.640,0.150,5.8230,6.122022e-03,3.811823e-04,1,9.029e-01,1.7127
4.640,0.170,6.1990,7.889988e-03,3.934728e-04,1,8.719e-01,1.7127
4.640,0.190,6.5535,9.882043e-03,4.069358e-04,1,8.461e-01,1.7127
4.640,0.210,6.8898,1.209819e-02,4.216381e-04,1,8.242e-01,1.7127
4.640,0.230,7.2104,1.453842e-02,4.376236e-04,1,8.052e-01,1.7127
4.640,0.250,7.5174,1.720274e-02,4.549225e-04,1,7.886e-01,1.7127
4.640,0.270,7.8123,2.009116e-02,4.735560e-04,1,7.738e-01,1.7127
4.640,0.290,8.0965,2.320366e-02,4.935398e-04,1,7.606e-01,1.7127
4.640,0.310,8.3710,2.654026e-02,5.148853e-04,1,7.487e-01,1.7127
4.640,0.330,8.6368,3.010094e-02,5.376016e-04,1,7.378e-01,1.7127
4.640,0.350,8.8947,3.388572e-02,5.616952e-04,1,7.279e-01,1.7127
4.640,0.370,9.1453,3.789459e-02,5.871717e-04,1,7.187e-01,1.7127
4.640,0.390,9.3892,4.212755e-02,6.140354e-04,1,7.103e-01,1.7127
4.640,0.410,9.6270,4.658460e-02,6.422895e-04,1,7.024e-01,1.7127
4.640,0.430,9.8590,5.126574e-02,6.719371e-04,1,6.951e-01,1.7127
4.640,0.450,10.0857,5.617097e-02,7.029804e-04,1,6.883e-01,1.7127
4.640,0.470,10.3073,6.130030e-02,7.354213e-04,1,6.819e-01,1.7127
4.640,0.490,10.5244,6.665372e-02,7.692614e-04,1,6.758e-01,1.7127
4.660,0.010,1.6299,2.356126e-05,2.838776e-04,1,3.277e+00,1.7127
4.660,0.030,2.8231,2.593308e-04,3.485597e-04,1,1.543e+00,1.7127
4.660,0.050,3.6447,7.539855e-04,3.677339e-04,1,1.238e+00,1.7127
4.660,0.070,4.3124,1.507976e-03,3.796871e-04,1,1.095e+00,1.7127
4.660,0.090,4.8898,2.521368e-03,3.900398e-04,1,1.009e+00,1.7127
4.660,0.110,5.4059,3.794181e-03,4.004598e-04,1,9.488e-01,1.7127
4.660,0.130,5.8768,5.326424e-03,4.116178e-04,1,9.040e-01,1.7127
4.660,0.150,6.3127,7.118099e-03,4.238353e-04,1,8.689e-01,1.7127
4.660,0.170,6.7204,9.169209e-03,4.372859e-04,1,8.404e-01,1.7127
4.660,0.190,7.1047,1.147976e-02,4.520714e-04,1,8.165e-01,1.7127
4.660,0.210,7.4693,1.404974e-02,4.682557e-04,1,7.962e-01,1.7127
4.660,0.230,7.8169,1.687916e-02,4.858807e-04,1,7.786e-01,1.7127
4.660,0.250,8.1497,1.996802e-02,5.049750e-04,1,7.631e-01,1.7127
4.660,0.270,8.4694,2.331632e-02,5.255591e-04,1,7.494e-01,1.7127
4.660,0.290,8.7775,2.692405e-02,5.476477e-04,1,7.371e-01,1.7127
4.660,0.310,9.0751,3.079123e-02,5.712518e-04,1,7.259e-01,1.7127
4.660,0.330,9.3633,3.491784e-02,5.963799e-04,1,7.158e-01,1.7127
4.660,0.350,9.6429,3.930389e-02,6.230383e-04,1,7.065e-01,1.7127
4.660,0.370,9.9145,4.394938e-02,6.512323e-04,1,6.979e-01,1.7127
4.660,0.390,10.1790,4.885430e-02,6.809658e-04,1,6.900e-01,1.7127
4.660,0.410,10.4367,5.401867e-02,7.122421e-04,1,6.826e-01,1.7127
4.660,0.430,10.6882,5.944248e-02,7.450639e-04,1,6.758e-01,1.7127
4.660,0.450,10.9340,6.512572e-02,7.794334e-04,1,6.694e-01,1.7127
4.660,0.470,11.1743,7.106840e-02,8.153525e-04,1,6.633e-01,1.7127
4.660,0.490,11.4096,7.727052e-02,8.528226e-04,1,6.577e-01,1.7127
4.680,0.010,1.7717,2.862832e-05,3.294225e-04,1,2.817e+00,1.7127
4.680,0.030,3.0688,3.071217e-04,3.942378e-04,1,1.437e+00,1.7127
4.680,0.050,3.9618,8.871815e-04,4.132452e-04,1,1.170e+00,1.7127
4.680,0.070,4.6876,1.769152e-03,4.254233e-04,1,1.043e+00,1.7127
4.680,0.090,5.3152,2.953081e-03,4.362875e-04,1,9.645e-01,1.7127
4.680,0.110,5.8762,4.438984e-03,4.474548e-04,1,9.099e-01,1.7127
4.680,0.130,6.3881,6.226865e-03,4.595710e-04,1,8.689e-01,1.7127
4.680,0.150,6.8620,8.316729e-03,4.729447e-04,1,8.366e-01,1.7127
4.680,0.170,7.3051,1.070858e-02,4.877418e-04,1,8.103e-01,1.7127
4.680,0.190,7.7229,1.340241e-02,5.040596e-04,1,7.883e-01,1.7127
4.680,0.210,8.1192,1.639822e-02,5.219588e-04,1,7.694e-01,1.7127
4.680,0.230,8.4970,1.969602e-02,5.414795e-04,1,7.531e-01,1.7127
4.680,0.250,8.8587,2.329581e-02,5.626488e-04,1,7.387e-01,1.7127
4.680,0.270,9.2063,2.719758e-02,5.854861e-04,1,7.259e-01,1.7127
4.680,0.290,9.5412,3.140133e-02,6.100054e-04,1,7.144e-01,1.7127
4.680,0.310,9.8647,3.590708e-02,6.362172e-04,1,7.040e-01,1.7127
4.680,0.330,10.1779,4.071480e-02,6.641294e-04,1,6.945e-01,1.7127
4.680,0.350,10.4818,4.582452e-02,6.937482e-04,1,6.858e-01,1.7127
4.680,0.370,10.7771,5.123622e-02,7.250783e-04,1,6.778e-01,1.7127
4.680,0.390,11.0646,5.694990e-02,7.581238e-04,1,6.703e-01,1.7127
4.680,0.410,11.3447,6.296557e-02,7.928875e-04,1,6.634e-01,1.7127
4.680,0.430,11.6181,6.928323e-02,8.293721e-04,1,6.570e-01,1.7127
4.680,0.450,11.8853,7.590287e-02,8.675797e-04,1,6.510e-01,1.7127
4.680,0.470,12.1465,8.282450e-02,9.075119e-04,1,6.453e-01,1.7127
4.680,0.490,12.4022,9.004811e-02,9.491703e-04,1,6.400e-01,1.7127
4.700,0.010,1.9314,3.485237e-05,3.824707e-04,1,2.464e+00,1.7127
4.700,0.030,3.3454,3.651292e-04,4.469950e-04,1,1.343e+00,1.7127
4.700,0.050,4.3188,1.048654e-03,4.658392e-04,1,1.108e+00,1.7127
4.700,0.070,5.1101,2.085685e-03,4.783142e-04,1,9.942e-01,1.7127
4.700,0.090,5.7943,3.476256e-03,4.897986e-04,1,9.231e-01,1.7127
4.700,0.110,6.4059,5.220379e-03,5.018524e-04,1,8.732e-01,1.7127
4.700,0.130,6.9639,7.318056e-03,5.150950e-04,1,8.356e-01,1.7127
4.700,0.150,7.4804,9.769291e-03,5.298211e-04,1,8.059e-01,1.7127
4.700,0.170,7.9635,1.257408e-02,5.461891e-04,1,7.816e-01,1.7127
4.700,0.190,8.4190,1.573244e-02,5.642914e-04,1,7.612e-01,1.7127
4.700,0.210,8.8510,1.924435e-02,5.841859e-04,1,7.437e-01,1.7127
4.700,0.230,9.2629,2.310982e-02,6.059103e-04,1,7.285e-01,1.7127
4.700,0.250,9.6572,2.732885e-02,6.294907e-04,1,7.151e-01,1.7127
4.700,0.270,10.0361,3.190143e-02,6.549452e-04,1,7.032e-01,1.7127
4.700,0.290,10.4011,3.682758e-02,6.822871e-04,1,6.925e-01,1.7127
4.700,0.310,10.7538,4.210729e-02,7.115264e-04,1,6.827e-01,1.7127
4.700,0.330,11.0953,4.774056e-02,7.426706e-04,1,6.739e-01,1.7127
4.700,0.350,11.4266,5.372739e-02,7.757255e-04,1,6.657e-01,1.7127
4.700,0.370,11.7485,6.006778e-02,8.106956e-04,1,6.582e-01,1.7127
4.700,0.390,12.0618,6.676173e-02,8.475846e-04,1,6.513e-01,1.7127
4.700,0.410,12.3673,7.380923e-02,8.863954e-04,1,6.448e-01,1.7127
4.700,0.430,12.6653,8.121030e-02,9.271304e-04,1,6.387e-01,1.7127
4.700,0.450,12.9565,8.896493e-02,9.697916e-04,1,6.331e-01,1.7127
4.700,0.470,13.2413,9.707312e-02,1.014381e-03,1,6.278e-01,1.7127
4.700,0.490,13.5201,1.055349e-01,1.060899e-03,1,6.227e-01,1.7127
4.720,0.010,2.1121,4.253412e-05,4.444716e-04,1,2.183e+00,1.7127
4.720,0.030,3.6582,4.360386e-04,5.083020e-04,1,1.258e+00,1.7127
4.720,0.050,4.7228,1.245867e-03,5.270069e-04,1,1.051e+00,1.7127
4.720,0.070,5.5881,2.472209e-03,5.398718e-04,1,9.485e-01,1.7127
4.720,0.090,6.3363,4.115090e-03,5.521103e-04,1,8.840e-01,1.7127
4.720,0.110,7.0050,6.174516e-03,5.652202e-04,1,8.384e-01,1.7127
4.720,0.130,7.6152,8.650490e-03,5.797931e-04,1,8.039e-01,1.7127
4.720,0.150,8.1801,1.154301e-02,5.961097e-04,1,7.765e-01,1.7127
4.720,0.170,8.7084,1.485209e-02,6.143204e-04,1,7.541e-01,1.7127
4.720,0.190,9.2064,1.857771e-02,6.345130e-04,1,7.352e-01,1.7127
4.720,0.210,9.6788,2.271989e-02,6.567422e-04,1,7.190e-01,1.7127
4.720,0.230,10.1292,2.727862e-02,6.810438e-04,1,7.049e-01,1.7127
4.720,0.250,10.5604,3.225390e-02,7.074422e-04,1,6.924e-01,1.7127
4.720,0.270,10.9747,3.764573e-02,7.359549e-04,1,6.813e-01,1.7127
4.720,0.290,11.3739,4.345411e-02,7.665943e-04,1,6.713e-01,1.7127
4.720,0.310,11.7596,4.967905e-02,7.993698e-04,1,6.622e-01,1.7127
4.720,0.330,12.1330,5.632053e-02,8.342885e-04,1,6.539e-01,1.7127
4.720,0.350,12.4953,6.337857e-02,8.713558e-04,1,6.463e-01,1.7127
4.720,0.370,12.8473,7.085316e-02,9.105761e-04,1,6.392e-01,1.7127
4.720,0.390,13.1900,7.874430e-02,9.519528e-04,1,6.327e-01,1.7127
4.720,0.410,13.5240,8.705199e-02,9.954886e-04,1,6.266e-01,1.7127
4.720,0.430,13.8499,9.577624e-02,1.041186e-03,1,6.210e-01,1.7127
4.720,0.450,14.1683,1.049170e-01,1.089046e-03,1,6.156e-01,1.7127
4.720,0.470,14.4797,1.144744e-01,1.139072e-03,1,6.106e-01,1.7127
4.720,0.490,14.7846,1.244483e-01,1.191263e-03,1,6.059e-01,1.7127
4.740,0.010,2.3174,5.206986e-05,5.172594e-04,1,1.954e+00,1.7127
4.740,0.030,4.0139,5.234021e-04,5.800264e-04,1,1.182e+00,1.7127
4.740,0.050,5.1819,1.488694e-03,5.986396e-04,1,9.983e-01,1.7127
4.740,0.070,6.1314,2.948083e-03,6.120126e-04,1,9.057e-01,1.7127
4.740,0.090,6.9523,4.901584e-03,6.251704e-04,1,8.470e-01,1.7127
4.740,0.110,7.6861,7.349205e-03,6.395441e-04,1,8.054e-01,1.7127
4.740,0.130,8.3556,1.029095e-02,6.556967e-04,1,7.737e-01,1.7127
4.740,0.150,8.9754,1.372681e-02,6.738945e-04,1,7.484e-01,1.7127
4.740,0.170,9.5550,1.765679e-02,6.942799e-04,1,7.277e-01,1.7127
4.740,0.190,10.1015,2.208090e-02,7.169360e-04,1,7.102e-01,1.7127
4.740,0.210,10.6198,2.699913e-02,7.419143e-04,1,6.951e-01,1.7127
4.740,0.230,11.1140,3.241148e-02,7.692488e-04,1,6.820e-01,1.7127
4.740,0.250,11.5872,3.831795e-02,7.989626e-04,1,6.704e-01,1.7127
4.740,0.270,12.0418,4.471855e-02,8.310718e-04,1,6.600e-01,1.7127
4.740,0.290,12.4798,5.161327e-02,8.655884e-04,1,6.507e-01,1.7127
4.740,0.310,12.9030,5.900211e-02,9.025212e-04,1,6.422e-01,1.7127
4.740,0.330,13.3127,6.688507e-02,9.418768e-04,1,6.345e-01,1.7127
4.740,0.350,13.7102,7.526216e-02,9.836604e-04,1,6.273e-01,1.7127
4.740,0.370,14.0964,8.413337e-02,1.027876e-03,1,6.207e-01,1.7127
4.740,0.390,14.4724,9.349870e-02,1.074527e-03,1,6.146e-01,1.7127
4.740,0.410,14.8388,1.033582e-01,1.123616e-03,1,6.089e-01,1.7127
4.740,0.430,15.1965,1.137117e-01,1.175144e-03,1,6.036e-01,1.7127
4.740,0.450,15.5458,1.245594e-01,1.229115e-03,1,5.986e-01,1.7127
4.740,0.470,15.8876,1.359013e-01,1.285528e-03,1,5.939e-01,1.7127
4.740,0.490,16.2221,1.477372e-01,1.344386e-03,1,5.895e-01,1.7127
4.760,0.010,2.5521,6.398859e-05,6.031830e-04,1,1.764e+00,1.7127
4.760,0.030,4.4204,6.319730e-04,6.645619e-04,1,1.112e+00,1.7127
4.760,0.050,5.7067,1.790346e-03,6.831585e-04,1,9.490e-01,1.7127
4.760,0.070,6.7523,3.539203e-03,6.971896e-04,1,8.654e-01,1.7127
4.760,0.090,7.6564,5.878557e-03,7.114711e-04,1,8.120e-01,1.7127
4.760,0.110,8.4644,8.808410e-03,7.273649e-04,1,7.738e-01,1.7127
4.760,0.130,9.2018,1.232876e-02,7.454043e-04,1,7.447e-01,1.7127
4.760,0.150,9.8843,1.643962e-02,7.658413e-04,1,7.215e-01,1.7127
4.760,0.170,10.5227,2.114098e-02,7.888102e-04,1,7.023e-01,1.7127
4.760,0.190,11.1245,2.643284e-02,8.143894e-04,1,6.861e-01,1.7127
4.760,0.210,11.6953,3.231520e-02,8.426274e-04,1,6.721e-01,1.7127
4.760,0.230,12.2396,3.878807e-02,8.735561e-04,1,6.599e-01,1.7127
4.760,0.250,12.7606,4.585144e-02,9.071972e-04,1,6.491e-01,1.7127
4.760,0.270,13.2612,5.350531e-02,9.435661e-04,1,6.394e-01,1.7127
4.760,0.290,13.7436,6.174968e-02,9.826739e-04,1,6.307e-01,1.7127
4.760,0.310,14.2096,7.058455e-02,1.024529e-03,1,6.228e-01,1.7127
4.760,0.330,14.6608,8.000993e-02,1.069137e-03,1,6.155e-01,1.7127
4.760,0.350,15.0986,9.002581e-02,1.116504e-03,1,6.089e-01,1.7127
4.760,0.370,15.5240,1.006322e-01,1.166632e-03,1,6.027e-01,1.7127
4.760,0.390,15.9380,1.118291e-01,1.219526e-03,1,5.970e-01,1.7127
4.760,0.410,16.3416,1.236165e-01,1.275187e-03,1,5.916e-01,1.7127
4.760,0.430,16.7354,1.359944e-01,1.333618e-03,1,5.866e-01,1.7127
4.760,0.450,17.1202,1.489628e-01,1.394820e-03,1,5.819e-01,1.7127
4.760,0.470,17.4965,1.625217e-01,1.458794e-03,1,5.775e-01,1.7127
4.760,0.490,17.8649,1.766711e-01,1.525542e-03,1,5.733e-01,1.7127
4.780,0.010,2.8219,7.900616e-05,7.052888e-04,1,1.603e+00,1.7127
4.780,0.030,4.8877,7.681929e-04,7.650092e-04,1,1.048e+00,1.7127
4.780,0.050,6.3100,2.168723e-03,7.836968e-04,1,9.029e-01,1.7127
4.780,0.070,7.4660,4.280663e-03,7.985752e-04,1,8.273e-01,1.7127
4.780,0.090,8.4657,7.104019e-03,8.142357e-04,1,7.787e-01,1.7127
4.780,0.110,9.3592,1.063880e-02,8.319681e-04,1,7.437e-01,1.7127
4.780,0.130,10.1745,1.488499e-02,8.522763e-04,1,7.170e-01,1.7127
4.780,0.150,10.9292,1.984261e-02,8.753974e-04,1,6.955e-01,1.7127
4.780,0.170,11.6350,2.551165e-02,9.014578e-04,1,6.778e-01,1.7127
4.780,0.190,12.3004,3.189211e-02,9.305312e-04,1,6.628e-01,1.7127
4.780,0.210,12.9316,3.898399e-02,9.626633e-04,1,6.498e-01,1.7127
4.780,0.230,13.5333,4.678729e-02,9.978839e-04,1,6.385e-01,1.7127
4.780,0.250,14.1095,5.530202e-02,1.036213e-03,1,6.284e-01,1.7127
4.780,0.270,14.6630,6.452817e-02,1.077666e-03,1,6.194e-01,1.7127
4.780,0.290,15.1964,7.446573e-02,1.122253e-03,1,6.113e-01,1.7127
4.780,0.310,15.7117,8.511472e-02,1.169981e-03,1,6.039e-01,1.7127
4.780,0.330,16.2106,9.647513e-02,1.220856e-03,1,5.971e-01,1.7127
4.780,0.350,16.6946,1.085470e-01,1.274883e-03,1,5.908e-01,1.7127
4.780,0.370,17.1649,1.213302e-01,1.332065e-03,1,5.851e-01,1.7127
4.780,0.390,17.6227,1.348249e-01,1.392406e-03,1,5.797e-01,1.7127
4.780,0.410,18.0690,1.490310e-01,1.455907e-03,1,5.747e-01,1.7127
4.780,0.430,18.5044,1.639485e-01,1.522570e-03,1,5.700e-01,1.7127
4.780,0.450,18.9299,1.795774e-01,1.592398e-03,1,5.656e-01,1.7127
4.780,0.470,19.3459,1.959178e-01,1.665390e-03,1,5.614e-01,1.7127
4.780,0.490,19.7533,2.129696e-01,1.741549e-03,1,5.575e-01,1.7127
4.800,0.010,3.1340,9.810527e-05,8.275751e-04,1,1.465e+00,1.7127
4.800,0.030,5.4282,9.409112e-04,8.854297e-04,1,9.894e-01,1.7127
4.800,0.050,7.0078,2.648415e-03,9.043552e-04,1,8.596e-01,1.7127
4.800,0.070,8.2917,5.220661e-03,9.203210e-04,1,7.913e-01,1.7127
4.800,0.090,9.4019,8.657653e-03,9.376813e-04,1,7.469e-01,1.7127
4.800,0.110,10.3942,1.295940e-02,9.576527e-04,1,7.149e-01,1.7127
4.800,0.130,11.2997,1.812589e-02,9.807089e-04,1,6.903e-01,1.7127
4.800,0.150,12.1378,2.415713e-02,1.007073e-03,1,6.705e-01,1.7127
4.800,0.170,12.9217,3.105312e-02,1.036863e-03,1,6.541e-01,1.7127
4.800,0.190,13.6607,3.881386e-02,1.070147e-03,1,6.402e-01,1.7127
4.800,0.210,14.3617,4.743935e-02,1.106970e-03,1,6.281e-01,1.7127
4.800,0.230,15.0300,5.692959e-02,1.147359e-03,1,6.176e-01,1.7127
4.800,0.250,15.6699,6.728458e-02,1.191332e-03,1,6.082e-01,1.7127
4.800,0.270,16.2846,7.850432e-02,1.238904e-03,1,5.999e-01,1.7127
4.800,0.290,16.8770,9.058881e-02,1.290083e-03,1,5.923e-01,1.7127
4.800,0.310,17.4493,1.035381e-01,1.344878e-03,1,5.854e-01,1.7127
4.800,0.330,18.0033,1.173520e-01,1.403294e-03,1,5.790e-01,1.7127
4.800,0.350,18.5409,1.320308e-01,1.465335e-03,1,5.732e-01,1.7127
4.800,0.370,19.0633,1.475743e-01,1.531004e-03,1,5.678e-01,1.7127
4.800,0.390,19.5717,1.639825e-01,1.600304e-03,1,5.628e-01,1.7127
4.800,0.410,20.0673,1.812555e-01,1.673237e-03,1,5.581e-01,1.7127
4.800,0.430,20.5509,1.993932e-01,1.749804e-03,1,5.537e-01,1.7127
4.800,0.450,21.0234,2.183957e-01,1.830008e-03,1,5.495e-01,1.7127
4.800,0.470,21.4855,2.382630e-01,1.913850e-03,1,5.457e-01,1.7127
4.800,0.490,21.9379,2.589950e-01,2.001329e-03,1,5.420e-01,1.7127
4.820,0.010,3.4975,1.226560e-04,9.753590e-04,1,1.345e+00,1.7127
4.820,0.030,6.0579,1.162469e-03,1.031211e-03,1,9.350e-01,1.7127
4.820,0.050,7.8207,3.263710e-03,1.050571e-03,1,8.189e-01,1.7127
4.820,0.070,9.2536,6.426408e-03,1.067930e-03,1,7.569e-01,1.7127
4.820,0.090,10.4926,1.065057e-02,1.087398e-03,1,7.165e-01,1.7127
4.820,0.110,11.6000,1.593619e-02,1.110116e-03,1,6.871e-01,1.7127
4.820,0.130,12.6106,2.228327e-02,1.136529e-03,1,6.645e-01,1.7127
4.820,0.150,13.5459,2.969181e-02,1.166844e-03,1,6.463e-01,1.7127
4.820,0.170,14.4207,3.816182e-02,1.201173e-03,1,6.311e-01,1.7127
4.820,0.190,15.2454,4.769329e-02,1.239580e-03,1,6.182e-01,1.7127
4.820,0.210,16.0278,5.828622e-02,1.282105e-03,1,6.071e-01,1.7127
4.820,0.230,16.7736,6.994061e-02,1.328774e-03,1,5.973e-01,1.7127
4.820,0.250,17.4877,8.265647e-02,1.379605e-03,1,5.886e-01,1.7127
4.820,0.270,18.1738,9.643378e-02,1.434610e-03,1,5.808e-01,1.7127
4.820,0.290,18.8349,1.112726e-01,1.493798e-03,1,5.737e-01,1.7127
4.820,0.310,19.4735,1.271728e-01,1.557177e-03,1,5.672e-01,1.7127
4.820,0.330,20.0919,1.441345e-01,1.624750e-03,1,5.613e-01,1.7127
4.820,0.350,20.6918,1.621577e-01,1.696523e-03,1,5.559e-01,1.7127
4.820,0.370,21.2747,1.812423e-01,1.772498e-03,1,5.508e-01,1.7127
4.820,0.390,21.8422,2.013884e-01,1.852678e-03,1,5.461e-01,1.7127
4.820,0.410,22.3952,2.225960e-01,1.937064e-03,1,5.417e-01,1.7127
4.820,0.430,22.9349,2.448650e-01,2.025659e-03,1,5.376e-01,1.7127
4.820,0.450,23.4622,2.681954e-01,2.118463e-03,1,5.338e-01,1.7127
4.820,0.470,23.9780,2.925874e-01,2.215478e-03,1,5.301e-01,1.7127
4.820,0.490,24.4828,3.180408e-01,2.316705e-03,1,5.266e-01,1.7127
4.840,0.010,3.9244,1.546008e-04,1.155809e-03,1,1.240e+00,1.7127
4.840,0.030,6.7972,1.450363e-03,1.209598e-03,1,8.843e-01,1.7127
4.840,0.050,8.7752,4.063219e-03,1.229652e-03,1,7.803e-01,1.7127
4.840,0.070,10.3829,7.993186e-03,1.248800e-03,1,7.242e-01,1.7127
4.840,0.090,11.7731,1.324027e-02,1.270898e-03,1,6.873e-01,1.7127
4.840,0.110,13.0157,1.980446e-02,1.297016e-03,1,6.604e-01,1.7127
4.840,0.130,14.1495,2.768578e-02,1.327567e-03,1,6.396e-01,1.7127
4.840,0.150,15.1990,3.688420e-02,1.362746e-03,1,6.228e-01,1.7127
4.840,0.170,16.1806,4.739974e-02,1.402655e-03,1,6.088e-01,1.7127
4.840,0.190,17.1059,5.923240e-02,1.447355e-03,1,5.968e-01,1.7127
4.840,0.210,17.9837,7.238217e-02,1.496883e-03,1,5.865e-01,1.7127
4.840,0.230,18.8206,8.684906e-02,1.551262e-03,1,5.774e-01,1.7127
4.840,0.250,19.6218,1.026331e-01,1.610511e-03,1,5.693e-01,1.7127
4.840,0.270,20.3916,1.197342e-01,1.674639e-03,1,5.621e-01,1.7127
4.840,0.290,21.1334,1.381524e-01,1.743656e-03,1,5.555e-01,1.7127
4.840,0.310,21.8500,1.578878e-01,1.817567e-03,1,5.495e-01,1.7127
4.840,0.330,22.5438,1.789402e-01,1.896378e-03,1,5.440e-01,1.7127
4.840,0.350,23.2169,2.013098e-01,1.980093e-03,1,5.389e-01,1.7127
4.840,0.370,23.8710,2.249965e-01,2.068713e-03,1,5.342e-01,1.7127
4.840,0.390,24.5077,2.500003e-01,2.162242e-03,1,5.298e-01,1.7127
4.840,0.410,25.1282,2.763212e-01,2.260681e-03,1,5.256e-01,1.7127
4.840,0.430,25.7338,3.039593e-01,2.364032e-03,1,5.218e-01,1.7127
4.840,0.450,26.3255,3.329144e-01,2.472296e-03,1,5.182e-01,1.7127
4.840,0.470,26.9041,3.631867e-01,2.585474e-03,1,5.147e-01,1.7127
4.840,0.490,27.4706,3.947761e-01,2.703566e-03,1,5.115e-01,1.7127
4.860,0.010,4.4298,1.967450e-04,1.378735e-03,1,1.146e+00,1.7127
4.860,0.030,7.6726,1.829858e-03,1.430490e-03,1,8.368e-01,1.7127
4.860,0.050,9.9053,5.117127e-03,1.451581e-03,1,7.436e-01,1.7127
4.860,0.070,11.7201,1.005856e-02,1.473031e-03,1,6.928e-01,1.7127
4.860,0.090,13.2893,1.665417e-02,1.498442e-03,1,6.592e-01,1.7127
4.860,0.110,14.6919,2.490395e-02,1.528810e-03,1,6.345e-01,1.7127
4.860,0.130,15.9718,3.480789e-02,1.564518e-03,1,6.154e-01,1.7127
4.860,0.150,17.1565,4.636601e-02,1.605747e-03,1,5.999e-01,1.7127
4.860,0.170,18.2645,5.957830e-02,1.652593e-03,1,5.870e-01,1.7127
4.860,0.190,19.3090,7.444475e-02,1.705112e-03,1,5.760e-01,1.7127
4.860,0.210,20.2998,9.096538e-02,1.763337e-03,1,5.664e-01,1.7127
4.860,0.230,21.2445,1.091402e-01,1.827291e-03,1,5.580e-01,1.7127
4.860,0.250,22.1489,1.289691e-01,1.896990e-03,1,5.505e-01,1.7127
4.860,0.270,23.0178,1.504523e-01,1.972444e-03,1,5.437e-01,1.7127
4.860,0.290,23.8551,1.735896e-01,2.053661e-03,1,5.376e-01,1.7127
4.860,0.310,24.6640,1.983811e-01,2.140648e-03,1,5.320e-01,1.7127
4.860,0.330,25.4472,2.248267e-01,2.233407e-03,1,5.268e-01,1.7127
4.860,0.350,26.2069,2.529265e-01,2.331943e-03,1,5.221e-01,1.7127
4.860,0.370,26.9453,2.826805e-01,2.436259e-03,1,5.177e-01,1.7127
4.860,0.390,27.6640,3.140887e-01,2.546355e-03,1,5.136e-01,1.7127
4.860,0.410,28.3644,3.471510e-01,2.662235e-03,1,5.098e-01,1.7127
4.860,0.430,29.0480,3.818675e-01,2.783900e-03,1,5.062e-01,1.7127
4.860,0.450,29.7159,4.182382e-01,2.911350e-03,1,5.028e-01,1.7127
4.860,0.470,30.3690,4.562630e-01,3.044587e-03,1,4.996e-01,1.7127
4.860,0.490,31.0085,4.959420e-01,3.183611e-03,1,4.965e-01,1.7127
4.880,0.010,5.0340,2.532228e-04,1.657793e-03,1,1.062e+00,1.7127
4.880,0.030,8.7192,2.338182e-03,1.707640e-03,1,7.923e-01,1.7127
4.880,0.050,11.2564,6.528855e-03,1.730225e-03,1,7.087e-01,1.7127
4.880,0.070,13.3187,1.282525e-02,1.754657e-03,1,6.627e-01,1.7127
4.880,0.090,15.1020,2.122737e-02,1.784283e-03,1,6.320e-01,1.7127
4.880,0.110,16.6959,3.173520e-02,1.820024e-03,1,6.095e-01,1.7127
4.880,0.130,18.1504,4.434877e-02,1.862237e-03,1,5.919e-01,1.7127
4.880,0.150,19.4966,5.906805e-02,1.911088e-03,1,5.776e-01,1.7127
4.880,0.170,20.7557,7.589305e-02,1.966666e-03,1,5.657e-01,1.7127
4.880,0.190,21.9427,9.482378e-02,2.029021e-03,1,5.555e-01,1.7127
4.880,0.210,23.0687,1.158602e-01,2.098187e-03,1,5.467e-01,1.7127
4.880,0.230,24.1423,1.390024e-01,2.174183e-03,1,5.389e-01,1.7127
4.880,0.250,25.1700,1.642503e-01,2.257023e-03,1,5.319e-01,1.7127
4.880,0.270,26.1575,1.916039e-01,2.346718e-03,1,5.256e-01,1.7127
4.880,0.290,27.1090,2.210633e-01,2.443275e-03,1,5.199e-01,1.7127
4.880,0.310,28.0282,2.526283e-01,2.546699e-03,1,5.147e-01,1.7127
4.880,0.330,28.9182,2.862991e-01,2.656994e-03,1,5.100e-01,1.7127
4.880,0.350,29.7816,3.220756e-01,2.774163e-03,1,5.055e-01,1.7127
4.880,0.370,30.6207,3.599578e-01,2.898209e-03,1,5.014e-01,1.7127
4.880,0.390,31.4374,3.999458e-01,3.029134e-03,1,4.976e-01,1.7127
4.880,0.410,32.2334,4.420395e-01,3.166939e-03,1,4.940e-01,1.7127
4.880,0.430,33.0102,4.862389e-01,3.311625e-03,1,4.907e-01,1.7127
4.880,0.450,33.7692,5.325440e-01,3.463195e-03,1,4.875e-01,1.7127
4.880,0.470,34.5114,5.809548e-01,3.621647e-03,1,4.845e-01,1.7127
4.880,0.490,35.2381,6.314714e-01,3.786984e-03,1,4.817e-01,1.7127
4.900,0.010,5.7642,3.302676e-04,2.012356e-03,1,9.855e-01,1.7127
4.900,0.030,9.9839,3.031456e-03,2.060538e-03,1,7.502e-01,1.7127
4.900,0.050,12.8891,8.454301e-03,2.085233e-03,1,6.753e-01,1.7127
4.900,0.070,15.2506,1.659881e-02,2.113560e-03,1,6.336e-01,1.7127
4.900,0.090,17.2926,2.746497e-02,2.148612e-03,1,6.057e-01,1.7127
4.900,0.110,19.1177,4.105280e-02,2.191240e-03,1,5.851e-01,1.7127
4.900,0.130,20.7831,5.736229e-02,2.241770e-03,1,5.690e-01,1.7127
4.900,0.150,22.3246,7.639344e-02,2.300358e-03,1,5.559e-01,1.7127
4.900,0.170,23.7664,9.814625e-02,2.367083e-03,1,5.449e-01,1.7127
4.900,0.190,25.1256,1.226207e-01,2.441993e-03,1,5.355e-01,1.7127
4.900,0.210,26.4149,1.498168e-01,2.525118e-03,1,5.273e-01,1.7127
4.900,0.230,27.6441,1.797346e-01,2.616476e-03,1,5.201e-01,1.7127
4.900,0.250,28.8210,2.123741e-01,2.716081e-03,1,5.136e-01,1.7127
4.900,0.270,29.9516,2.477352e-01,2.823941e-03,1,5.078e-01,1.7127
4.900,0.290,31.0412,2.858180e-01,2.940063e-03,1,5.025e-01,1.7127
4.900,0.310,32.0937,3.266224e-01,3.064452e-03,1,4.977e-01,1.7127
4.900,0.330,33.1128,3.701485e-01,3.197112e-03,1,4.932e-01,1.7127
4.900,0.350,34.1014,4.163963e-01,3.338046e-03,1,4.891e-01,1.7127
4.900,0.370,35.0622,4.653657e-01,3.487255e-03,1,4.853e-01,1.7127
4.900,0.390,35.9974,5.170568e-01,3.644743e-03,1,4.817e-01,1.7127
4.900,0.410,36.9089,5.714695e-01,3.810509e-03,1,4.784e-01,1.7127
4.900,0.430,37.7984,6.286039e-01,3.984556e-03,1,4.753e-01,1.7127
4.900,0.450,38.6674,6.884600e-01,4.166884e-03,1,4.723e-01,1.7127
4.900,0.470,39.5173,7.510377e-01,4.357494e-03,1,4.695e-01,1.7127
4.900,0.490,40.3494,8.163371e-01,4.556387e-03,1,4.669e-01,1.7127
