latitude_deg,longitude_deg,peak_diurnal_sigma1_kpa,sigma_tt_peri_kpa,sigma_pp_peri_kpa,sigma_tp_peri_kpa,crack_azimuth_deg,cracking_flag
-90.00,0.00,119.70,-59.40,119.70,0.00,0.00,1
-90.00,5.00,129.81,-59.40,119.70,-31.18,9.60,1
-90.00,10.00,152.32,-59.40,119.70,-61.41,17.22,1
-90.00,15.00,178.26,-59.40,119.70,-89.77,22.54,1
-90.00,20.00,203.54,-59.40,119.70,-115.41,26.10,1
-90.00,25.00,226.16,-59.40,119.70,-137.54,28.47,1
-90.00,30.00,244.88,-59.40,119.70,-155.49,30.03,1
-90.00,35.00,258.82,-59.40,119.70,-168.72,31.02,1
-90.00,40.00,267.42,-59.40,119.70,-176.82,31.57,1
-90.00,45.00,270.33,-59.40,119.70,-179.55,31.75,1
-90.00,50.00,267.42,-59.40,119.70,-176.82,31.57,1
-90.00,55.00,258.82,-59.40,119.70,-168.72,31.02,1
-90.00,60.00,244.88,-59.40,119.70,-155.49,30.03,1
-90.00,65.00,226.16,-59.40,119.70,-137.54,28.47,1
-90.00,70.00,203.54,-59.40,119.70,-115.41,26.10,1
-90.00,75.00,178.26,-59.40,119.70,-89.77,22.54,1
-90.00,80.00,152.32,-59.40,119.70,-61.41,17.22,1
-90.00,85.00,129.81,-59.40,119.70,-31.18,9.60,1
-90.00,90.00,119.70,-59.40,119.70,-0.00,0.00,1
-90.00,95.00,129.81,-59.40,119.70,31.18,170.40,1
-90.00,100.00,152.32,-59.40,119.70,61.41,162.78,1
-90.00,105.00,178.26,-59.40,119.70,89.78,157.46,1
-90.00,110.00,203.54,-59.40,119.70,115.41,153.90,1
-90.00,115.00,226.16,-59.40,119.70,137.54,151.53,1
-90.00,120.00,244.88,-59.40,119.70,155.49,149.97,1
-90.00,125.00,258.82,-59.40,119.70,168.72,148.98,1
-90.00,130.00,267.42,-59.40,119.70,176.82,148.43,1
-90.00,135.00,270.33,-59.40,119.70,179.55,148.25,1
-90.00,140.00,267.42,-59.40,119.70,176.82,148.43,1
-90.00,145.00,258.82,-59.40,119.70,168.72,148.98,1
-90.00,150.00,244.88,-59.40,119.70,155.49,149.97,1
-90.00,155.00,226.16,-59.40,119.70,137.54,151.53,1
-90.00,160.00,203.54,-59.40,119.70,115.41,153.90,1
-90.00,165.00,178.26,-59.40,119.70,89.78,157.46,1
-90.00,170.00,152.32,-59.40,119.70,61.41,162.78,1
-90.00,175.00,129.81,-59.40,119.70,31.18,170.40,1
-90.00,180.00,119.70,-59.40,119.70,0.00,0.00,1
-90.00,185.00,129.81,-59.40,119.70,-31.18,9.60,1
-90.00,190.00,152.32,-59.40,119.70,-61.41,17.22,1
-90.00,195.00,178.26,-59.40,119.70,-89.77,22.54,1
-90.00,200.00,203.54,-59.40,119.70,-115.41,26.10,1
-90.00,205.00,226.16,-59.40,119.70,-137.54,28.47,1
-90.00,210.00,244.88,-59.40,119.70,-155.49,30.03,1
-90.00,215.00,258.82,-59.40,119.70,-168.72,31.02,1
-90.00,220.00,267.42,-59.40,119.70,-176.82,31.57,1
-90.00,225.00,270.33,-59.40,119.70,-179.55,31.75,1
-90.00,230.00,267.42,-59.40,119.70,-176.82,31.57,1
-90.00,235.00,258.82,-59.40,119.70,-168.72,31.02,1
-90.00,240.00,244.88,-59.40,119.70,-155.49,30.03,1
-90.00,245.00,226.16,-59.40,119.70,-137.54,28.47,1
-90.00,250.00,203.54,-59.40,119.70,-115.41,26.10,1
-90.00,255.00,178.26,-59.40,119.70,-89.77,22.54,1
-90.00,260.00,152.32,-59.40,119.70,-61.41,17.22,1
-90.00,265.00,129.81,-59.40,119.70,-31.18,9.60,1
-90.00,270.00,119.70,-59.40,119.70,-0.00,0.00,1
-90.00,275.00,129.81,-59.40,119.70,31.18,170.40,1
-90.00,280.00,152.32,-59.40,119.70,61.41,162.78,1
-90.00,285.00,178.26,-59.40,119.70,89.78,157.46,1
-90.00,290.00,203.54,-59.40,119.70,115.41,153.90,1
-90.00,295.00,226.16,-59.40,119.70,137.54,151.53,1
-90.00,300.00,244.88,-59.40,119.70,155.49,149.97,1
-90.00,305.00,258.82,-59.40,119.70,168.72,148.98,1
-90.00,310.00,267.42,-59.40,119.70,176.82,148.43,1
-90.00,315.00,270.33,-59.40,119.70,179.55,148.25,1
-90.00,320.00,267.42,-59.40,119.70,176.82,148.43,1
-90.00,325.00,258.82,-59.40,119.70,168.72,148.98,1
-90.00,330.00,244.88,-59.40,119.70,155.49,149.97,1
-90.00,335.00,226.16,-59.40,119.70,137.54,151.53,1
-90.00,340.00,203.54,-59.40,119.70,115.41,153.90,1
-90.00,345.00,178.26,-59.40,119.70,89.77,157.46,1
-90.00,350.00,152.32,-59.40,119.70,61.41,162.78,1
-90.00,355.00,129.81,-59.40,119.70,31.18,170.40,1
-90.00,360.00,119.70,-59.40,119.70,0.00,180.00,1
-85.00,0.00,119.93,-57.36,119.93,0.00,0.00,1
-85.00,5.00,128.67,-57.38,119.90,-31.06,9.66,1
-85.00,10.00,149.28,-57.44,119.84,-61.18,17.31,1
-85.00,15.00,174.10,-57.54,119.74,-89.43,22.63,1
-85.00,20.00,198.99,-57.67,119.61,-114.97,26.18,1
-85.00,25.00,221.72,-57.84,119.44,-137.02,28.55,1
-85.00,30.00,240.88,-58.04,119.24,-154.90,30.11,1
-85.00,35.00,255.53,-58.25,119.03,-168.08,31.10,1
-85.00,40.00,264.99,-58.48,118.80,-176.15,31.64,1
-85.00,45.00,268.85,-58.72,118.56,-178.87,31.82,1
-85.00,50.00,266.94,-58.96,118.32,-176.15,31.64,1
-85.00,55.00,259.31,-59.19,118.10,-168.08,31.10,1
-85.00,60.00,246.22,-59.40,117.88,-154.90,30.11,1
-85.00,65.00,228.17,-59.60,117.69,-137.02,28.55,1
-85.00,70.00,205.90,-59.76,117.52,-114.97,26.18,1
-85.00,75.00,180.49,-59.90,117.38,-89.43,22.63,1
-85.00,80.00,153.66,-60.00,117.28,-61.18,17.31,1
-85.00,85.00,129.12,-60.06,117.22,-31.06,9.66,1
-85.00,90.00,117.20,-60.08,117.20,-0.00,0.00,1
-85.00,95.00,129.12,-60.06,117.22,31.06,170.34,1
-85.00,100.00,153.66,-60.00,117.28,61.18,162.69,1
-85.00,105.00,180.49,-59.90,117.38,89.43,157.37,1
-85.00,110.00,205.90,-59.76,117.52,114.97,153.82,1
-85.00,115.00,228.17,-59.60,117.69,137.02,151.45,1
-85.00,120.00,246.22,-59.40,117.88,154.90,149.89,1
-85.00,125.00,259.31,-59.19,118.10,168.08,148.90,1
-85.00,130.00,266.94,-58.96,118.32,176.15,148.36,1
-85.00,135.00,268.85,-58.72,118.56,178.87,148.18,1
-85.00,140.00,264.99,-58.48,118.80,176.15,148.36,1
-85.00,145.00,255.53,-58.25,119.03,168.08,148.90,1
-85.00,150.00,240.88,-58.04,119.24,154.90,149.89,1
-85.00,155.00,221.72,-57.84,119.44,137.02,151.45,1
-85.00,160.00,198.99,-57.67,119.61,114.97,153.82,1
-85.00,165.00,174.10,-57.54,119.74,89.43,157.37,1
-85.00,170.00,149.28,-57.44,119.84,61.18,162.69,1
-85.00,175.00,128.67,-57.38,119.90,31.06,170.34,1
-85.00,180.00,119.93,-57.36,119.93,0.00,0.00,1
-85.00,185.00,128.67,-57.38,119.90,-31.06,9.66,1
-85.00,190.00,149.28,-57.44,119.84,-61.18,17.31,1
-85.00,195.00,174.10,-57.54,119.74,-89.43,22.63,1
-85.00,200.00,198.99,-57.67,119.61,-114.97,26.18,1
-85.00,205.00,221.72,-57.84,119.44,-137.02,28.55,1
-85.00,210.00,240.88,-58.04,119.24,-154.90,30.11,1
-85.00,215.00,255.53,-58.25,119.03,-168.08,31.10,1
-85.00,220.00,264.99,-58.48,118.80,-176.15,31.64,1
-85.00,225.00,268.85,-58.72,118.56,-178.87,31.82,1
-85.00,230.00,266.94,-58.96,118.32,-176.15,31.64,1
-85.00,235.00,259.31,-59.19,118.10,-168.08,31.10,1
-85.00,240.00,246.22,-59.40,117.88,-154.90,30.11,1
-85.00,245.00,228.17,-59.60,117.69,-137.02,28.55,1
-85.00,250.00,205.90,-59.76,117.52,-114.97,26.18,1
-85.00,255.00,180.49,-59.90,117.38,-89.43,22.63,1
-85.00,260.00,153.66,-60.00,117.28,-61.18,17.31,1
-85.00,265.00,129.12,-60.06,117.22,-31.06,9.66,1
-85.00,270.00,117.20,-60.08,117.20,-0.00,0.00,1
-85.00,275.00,129.12,-60.06,117.22,31.06,170.34,1
-85.00,280.00,153.66,-60.00,117.28,61.18,162.69,1
-85.00,285.00,180.49,-59.90,117.38,89.43,157.37,1
-85.00,290.00,205.90,-59.76,117.52,114.97,153.82,1
-85.00,295.00,228.17,-59.60,117.69,137.02,151.45,1
-85.00,300.00,246.22,-59.40,117.88,154.90,149.89,1
-85.00,305.00,259.31,-59.19,118.10,168.08,148.90,1
-85.00,310.00,266.94,-58.96,118.32,176.15,148.36,1
-85.00,315.00,268.85,-58.72,118.56,178.87,148.18,1
-85.00,320.00,264.99,-58.48,118.80,176.15,148.36,1
-85.00,325.00,255.53,-58.25,119.03,168.08,148.90,1
-85.00,330.00,240.88,-58.04,119.24,154.90,149.89,1
-85.00,335.00,221.72,-57.84,119.44,137.02,151.45,1
-85.00,340.00,198.99,-57.67,119.61,114.97,153.82,1
-85.00,345.00,174.10,-57.54,119.74,89.43,157.37,1
-85.00,350.00,149.28,-57.44,119.84,61.18,162.69,1
-85.00,355.00,128.67,-57.38,119.90,31.06,170.34,1
-85.00,360.00,119.93,-57.36,119.93,0.00,180.00,1
-80.00,0.00,120.60,-51.29,120.60,0.00,0.00,1
-80.00,5.00,128.16,-51.37,120.51,-30.70,9.83,1
-80.00,10.00,146.75,-51.61,120.27,-60.48,17.57,1
-80.00,15.00,170.02,-52.01,119.87,-88.41,22.91,1
-80.00,20.00,193.95,-52.55,119.33,-113.66,26.45,1
-80.00,25.00,216.22,-53.22,118.66,-135.45,28.80,1
-80.00,30.00,235.30,-53.99,117.89,-153.13,30.35,1
-80.00,35.00,250.15,-54.85,117.03,-166.16,31.33,1
-80.00,40.00,260.03,-55.76,116.12,-174.14,31.87,1
-80.00,45.00,264.47,-56.70,115.18,-176.82,32.04,1
-80.00,50.00,263.24,-57.64,114.24,-174.14,31.87,1
-80.00,55.00,256.32,-58.55,113.33,-166.16,31.33,1
-80.00,60.00,243.93,-59.41,112.47,-153.13,30.35,1
-80.00,65.00,226.47,-60.18,111.70,-135.45,28.80,1
-80.00,70.00,204.56,-60.85,111.03,-113.66,26.45,1
-80.00,75.00,179.09,-61.39,110.49,-88.41,22.91,1
-80.00,80.00,151.43,-61.79,110.09,-60.48,17.57,1
-80.00,85.00,124.55,-62.03,109.85,-30.70,9.83,1
-80.00,90.00,109.77,-62.11,109.77,-0.00,0.00,1
-80.00,95.00,124.55,-62.03,109.85,30.70,170.17,1
-80.00,100.00,151.43,-61.79,110.09,60.48,162.43,1
-80.00,105.00,179.09,-61.39,110.49,88.41,157.09,1
-80.00,110.00,204.56,-60.85,111.03,113.66,153.55,1
-80.00,115.00,226.47,-60.18,111.70,135.45,151.20,1
-80.00,120.00,243.93,-59.41,112.47,153.13,149.65,1
-80.00,125.00,256.32,-58.55,113.33,166.16,148.67,1
-80.00,130.00,263.24,-57.64,114.24,174.14,148.13,1
-80.00,135.00,264.47,-56.70,115.18,176.82,147.96,1
-80.00,140.00,260.03,-55.76,116.12,174.14,148.13,1
-80.00,145.00,250.15,-54.85,117.03,166.16,148.67,1
-80.00,150.00,235.30,-53.99,117.89,153.13,149.65,1
-80.00,155.00,216.22,-53.22,118.66,135.45,151.20,1
-80.00,160.00,193.95,-52.55,119.33,113.66,153.55,1
-80.00,165.00,170.02,-52.01,119.87,88.41,157.09,1
-80.00,170.00,146.75,-51.61,120.27,60.48,162.43,1
-80.00,175.00,128.16,-51.37,120.51,30.70,170.17,1
-80.00,180.00,120.60,-51.29,120.60,0.00,0.00,1
-80.00,185.00,128.16,-51.37,120.51,-30.70,9.83,1
-80.00,190.00,146.75,-51.61,120.27,-60.48,17.57,1
-80.00,195.00,170.02,-52.01,119.87,-88.41,22.91,1
-80.00,200.00,193.95,-52.55,119.33,-113.66,26.45,1
-80.00,205.00,216.22,-53.22,118.66,-135.45,28.80,1
-80.00,210.00,235.30,-53.99,117.89,-153.13,30.35,1
-80.00,215.00,250.15,-54.85,117.03,-166.16,31.33,1
-80.00,220.00,260.03,-55.76,116.12,-174.14,31.87,1
-80.00,225.00,264.47,-56.70,115.18,-176.82,32.04,1
-80.00,230.00,263.24,-57.64,114.24,-174.14,31.87,1
-80.00,235.00,256.32,-58.55,113.33,-166.16,31.33,1
-80.00,240.00,243.93,-59.41,112.47,-153.13,30.35,1
-80.00,245.00,226.47,-60.18,111.70,-135.45,28.80,1
-80.00,250.00,204.56,-60.85,111.03,-113.66,26.45,1
-80.00,255.00,179.09,-61.39,110.49,-88.41,22.91,1
-80.00,260.00,151.43,-61.79,110.09,-60.48,17.57,1
-80.00,265.00,124.55,-62.03,109.85,-30.70,9.83,1
-80.00,270.00,109.77,-62.11,109.77,-0.00,0.00,1
-80.00,275.00,124.55,-62.03,109.85,30.70,170.17,1
-80.00,280.00,151.43,-61.79,110.09,60.48,162.43,1
-80.00,285.00,179.09,-61.39,110.49,88.41,157.09,1
-80.00,290.00,204.56,-60.85,111.03,113.66,153.55,1
-80.00,295.00,226.47,-60.18,111.70,135.45,151.20,1
-80.00,300.00,243.93,-59.41,112.47,153.13,149.65,1
-80.00,305.00,256.32,-58.55,113.33,166.16,148.67,1
-80.00,310.00,263.24,-57.64,114.24,174.14,148.13,1
-80.00,315.00,264.47,-56.70,115.18,176.82,147.96,1
-80.00,320.00,260.03,-55.76,116.12,174.14,148.13,1
-80.00,325.00,250.15,-54.85,117.03,166.16,148.67,1
-80.00,330.00,235.30,-53.99,117.89,153.13,149.65,1
-80.00,335.00,216.22,-53.22,118.66,135.45,151.20,1
-80.00,340.00,193.95,-52.55,119.33,113.66,153.55,1
-80.00,345.00,170.02,-52.01,119.87,88.41,157.09,1
-80.00,350.00,146.75,-51.61,120.27,60.48,162.43,1
-80.00,355.00,128.16,-51.37,120.51,30.70,170.17,1
-80.00,360.00,120.60,-51.29,120.60,0.00,180.00,1
-75.00,0.00,121.69,-41.37,121.69,0.00,0.00,1
-75.00,5.00,128.20,-41.56,121.51,-30.12,10.14,1
-75.00,10.00,144.69,-42.10,120.96,-59.32,18.02,1
-75.00,15.00,166.01,-42.99,120.08,-86.72,23.38,1
-75.00,20.00,188.46,-44.19,118.88,-111.48,26.91,1
-75.00,25.00,209.70,-45.67,117.39,-132.86,29.23,1
-75.00,30.00,228.16,-47.39,115.68,-150.20,30.75,1
-75.00,35.00,242.72,-49.29,113.78,-162.97,31.71,1
-75.00,40.00,252.60,-51.31,111.75,-170.80,32.24,1
-75.00,45.00,257.27,-53.40,109.66,-173.43,32.41,1
-75.00,50.00,256.44,-55.49,107.57,-170.80,32.24,1
-75.00,55.00,250.06,-57.51,105.55,-162.97,31.71,1
-75.00,60.00,238.26,-59.42,103.65,-150.20,30.75,1
-75.00,65.00,221.38,-61.13,101.93,-132.86,29.23,1
-75.00,70.00,199.94,-62.61,100.45,-111.48,26.91,1
-75.00,75.00,174.65,-63.82,99.25,-86.72,23.38,1
-75.00,80.00,146.50,-64.70,98.36,-59.32,18.02,1
-75.00,85.00,117.33,-65.25,97.82,-30.12,10.14,1
-75.00,90.00,97.63,-65.43,97.63,-0.00,0.00,1
-75.00,95.00,117.33,-65.25,97.82,30.12,169.86,1
-75.00,100.00,146.50,-64.70,98.36,59.32,161.98,1
-75.00,105.00,174.65,-63.82,99.25,86.72,156.62,1
-75.00,110.00,199.94,-62.61,100.45,111.48,153.09,1
-75.00,115.00,221.38,-61.13,101.93,132.86,150.77,1
-75.00,120.00,238.26,-59.42,103.65,150.20,149.25,1
-75.00,125.00,250.06,-57.51,105.55,162.97,148.29,1
-75.00,130.00,256.44,-55.49,107.57,170.80,147.76,1
-75.00,135.00,257.27,-53.40,109.66,173.43,147.59,1
-75.00,140.00,252.60,-51.31,111.75,170.80,147.76,1
-75.00,145.00,242.72,-49.29,113.78,162.97,148.29,1
-75.00,150.00,228.16,-47.39,115.68,150.20,149.25,1
-75.00,155.00,209.70,-45.67,117.39,132.86,150.77,1
-75.00,160.00,188.46,-44.19,118.88,111.48,153.09,1
-75.00,165.00,166.01,-42.99,120.08,86.72,156.62,1
-75.00,170.00,144.69,-42.10,120.96,59.32,161.98,1
-75.00,175.00,128.20,-41.56,121.51,30.12,169.86,1
-75.00,180.00,121.69,-41.37,121.69,0.00,0.00,1
-75.00,185.00,128.20,-41.56,121.51,-30.12,10.14,1
-75.00,190.00,144.69,-42.10,120.96,-59.32,18.02,1
-75.00,195.00,166.01,-42.99,120.08,-86.72,23.38,1
-75.00,200.00,188.46,-44.19,118.88,-111.48,26.91,1
-75.00,205.00,209.70,-45.67,117.39,-132.86,29.23,1
-75.00,210.00,228.16,-47.39,115.68,-150.20,30.75,1
-75.00,215.00,242.72,-49.29,113.78,-162.97,31.71,1
-75.00,220.00,252.60,-51.31,111.75,-170.80,32.24,1
-75.00,225.00,257.27,-53.40,109.66,-173.43,32.41,1
-75.00,230.00,256.44,-55.49,107.57,-170.80,32.24,1
-75.00,235.00,250.06,-57.51,105.55,-162.97,31.71,1
-75.00,240.00,238.26,-59.42,103.65,-150.20,30.75,1
-75.00,245.00,221.38,-61.13,101.93,-132.86,29.23,1
-75.00,250.00,199.94,-62.61,100.45,-111.48,26.91,1
-75.00,255.00,174.65,-63.82,99.25,-86.72,23.38,1
-75.00,260.00,146.50,-64.70,98.36,-59.32,18.02,1
-75.00,265.00,117.33,-65.25,97.82,-30.12,10.14,1
-75.00,270.00,97.63,-65.43,97.63,-0.00,0.00,1
-75.00,275.00,117.33,-65.25,97.82,30.12,169.86,1
-75.00,280.00,146.50,-64.70,98.36,59.32,161.98,1
-75.00,285.00,174.65,-63.82,99.25,86.72,156.62,1
-75.00,290.00,199.94,-62.61,100.45,111.48,153.09,1
-75.00,295.00,221.38,-61.13,101.93,132.86,150.77,1
-75.00,300.00,238.26,-59.42,103.65,150.20,149.25,1
-75.00,305.00,250.06,-57.51,105.55,162.97,148.29,1
-75.00,310.00,256.44,-55.49,107.57,170.80,147.76,1
-75.00,315.00,257.27,-53.40,109.66,173.43,147.59,1
-75.00,320.00,252.60,-51.31,111.75,170.80,147.76,1
-75.00,325.00,242.72,-49.29,113.78,162.97,148.29,1
-75.00,330.00,228.16,-47.39,115.68,150.20,149.25,1
-75.00,335.00,209.70,-45.67,117.39,132.86,150.77,1
-75.00,340.00,188.46,-44.19,118.88,111.48,153.09,1
-75.00,345.00,166.01,-42.99,120.08,86.72,156.62,1
-75.00,350.00,144.69,-42.10,120.96,59.32,161.98,1
-75.00,355.00,128.20,-41.56,121.51,30.12,169.86,1
-75.00,360.00,121.69,-41.37,121.69,0.00,180.00,1
-70.00,0.00,123.17,-27.92,123.17,0.00,0.00,1
-70.00,5.00,128.74,-28.24,122.86,-29.30,10.60,1
-70.00,10.00,143.11,-29.19,121.91,-57.71,18.69,1
-70.00,15.00,162.12,-30.74,120.36,-84.36,24.08,1
-70.00,20.00,182.57,-32.84,118.26,-108.45,27.57,1
-70.00,25.00,202.24,-35.42,115.67,-129.25,29.85,1
-70.00,30.00,219.56,-38.42,112.67,-146.12,31.33,1
-70.00,35.00,233.36,-41.74,109.35,-158.55,32.26,1
-70.00,40.00,242.82,-45.28,105.82,-166.16,32.78,1
-70.00,45.00,247.39,-48.92,102.17,-168.72,32.94,1
-70.00,50.00,246.74,-52.57,98.52,-166.16,32.78,1
-70.00,55.00,240.76,-56.11,94.99,-158.55,32.26,1
-70.00,60.00,229.54,-59.43,91.67,-146.12,31.33,1
-70.00,65.00,213.37,-62.43,88.67,-129.25,29.85,1
-70.00,70.00,192.67,-65.01,86.08,-108.45,27.57,1
-70.00,75.00,168.05,-67.11,83.98,-84.36,24.08,1
-70.00,80.00,140.23,-68.66,82.43,-57.71,18.69,1
-70.00,85.00,110.07,-69.61,81.49,-29.30,10.60,1
-70.00,90.00,81.17,-69.93,81.17,-0.00,0.00,1
-70.00,95.00,110.07,-69.61,81.49,29.30,169.40,1
-70.00,100.00,140.23,-68.66,82.43,57.71,161.31,1
-70.00,105.00,168.05,-67.11,83.98,84.36,155.92,1
-70.00,110.00,192.67,-65.01,86.08,108.45,152.43,1
-70.00,115.00,213.37,-62.43,88.67,129.25,150.15,1
-70.00,120.00,229.54,-59.43,91.67,146.12,148.67,1
-70.00,125.00,240.76,-56.11,94.99,158.55,147.74,1
-70.00,130.00,246.74,-52.57,98.52,166.16,147.22,1
-70.00,135.00,247.39,-48.92,102.17,168.72,147.06,1
-70.00,140.00,242.82,-45.28,105.82,166.16,147.22,1
-70.00,145.00,233.36,-41.74,109.35,158.55,147.74,1
-70.00,150.00,219.56,-38.42,112.67,146.12,148.67,1
-70.00,155.00,202.24,-35.42,115.67,129.25,150.15,1
-70.00,160.00,182.57,-32.84,118.26,108.45,152.43,1
-70.00,165.00,162.12,-30.74,120.36,84.36,155.92,1
-70.00,170.00,143.11,-29.19,121.91,57.71,161.31,1
-70.00,175.00,128.74,-28.24,122.86,29.30,169.40,1
-70.00,180.00,123.17,-27.92,123.17,0.00,0.00,1
-70.00,185.00,128.74,-28.24,122.86,-29.30,10.60,1
-70.00,190.00,143.11,-29.19,121.91,-57.71,18.69,1
-70.00,195.00,162.12,-30.74,120.36,-84.36,24.08,1
-70.00,200.00,182.57,-32.84,118.26,-108.45,27.57,1
-70.00,205.00,202.24,-35.42,115.67,-129.25,29.85,1
-70.00,210.00,219.56,-38.42,112.67,-146.12,31.33,1
-70.00,215.00,233.36,-41.74,109.35,-158.55,32.26,1
-70.00,220.00,242.82,-45.28,105.82,-166.16,32.78,1
-70.00,225.00,247.39,-48.92,102.17,-168.72,32.94,1
-70.00,230.00,246.74,-52.57,98.52,-166.16,32.78,1
-70.00,235.00,240.76,-56.11,94.99,-158.55,32.26,1
-70.00,240.00,229.54,-59.43,91.67,-146.12,31.33,1
-70.00,245.00,213.37,-62.43,88.67,-129.25,29.85,1
-70.00,250.00,192.67,-65.01,86.08,-108.45,27.57,1
-70.00,255.00,168.05,-67.11,83.98,-84.36,24.08,1
-70.00,260.00,140.23,-68.66,82.43,-57.71,18.69,1
-70.00,265.00,110.07,-69.61,81.49,-29.30,10.60,1
-70.00,270.00,81.17,-69.93,81.17,-0.00,0.00,1
-70.00,275.00,110.07,-69.61,81.49,29.30,169.40,1
-70.00,280.00,140.23,-68.66,82.43,57.71,161.31,1
-70.00,285.00,168.05,-67.11,83.98,84.36,155.92,1
-70.00,290.00,192.67,-65.01,86.08,108.45,152.43,1
-70.00,295.00,213.37,-62.43,88.67,129.25,150.15,1
-70.00,300.00,229.54,-59.43,91.67,146.12,148.67,1
-70.00,305.00,240.76,-56.11,94.99,158.55,147.74,1
-70.00,310.00,246.74,-52.57,98.52,166.16,147.22,1
-70.00,315.00,247.39,-48.92,102.17,168.72,147.06,1
-70.00,320.00,242.82,-45.28,105.82,166.16,147.22,1
-70.00,325.00,233.36,-41.74,109.35,158.55,147.74,1
-70.00,330.00,219.56,-38.42,112.67,146.12,148.67,1
-70.00,335.00,202.24,-35.42,115.67,129.25,150.15,1
-70.00,340.00,182.57,-32.84,118.26,108.45,152.43,1
-70.00,345.00,162.12,-30.74,120.36,84.36,155.92,1
-70.00,350.00,143.11,-29.19,121.91,57.71,161.31,1
-70.00,355.00,128.74,-28.24,122.86,29.30,169.40,1
-70.00,360.00,123.17,-27.92,123.17,0.00,180.00,1
-65.00,0.00,125.00,-11.34,125.00,0.00,0.00,1
-65.00,5.00,130.53,-11.82,124.52,-28.26,11.26,1
-65.00,10.00,143.11,-13.27,123.07,-55.66,19.61,1
-65.00,15.00,158.85,-15.63,120.71,-81.36,25.02,1
-65.00,20.00,176.46,-18.84,117.50,-104.60,28.45,1
-65.00,25.00,193.94,-22.79,113.55,-124.66,30.66,1
-65.00,30.00,209.58,-27.37,108.97,-140.93,32.09,1
-65.00,35.00,222.18,-32.44,103.90,-152.91,32.99,1
-65.00,40.00,230.87,-37.84,98.50,-160.26,33.48,1
-65.00,45.00,235.06,-43.41,92.94,-162.73,33.63,1
-65.00,50.00,234.42,-48.97,87.37,-160.26,33.48,1
-65.00,55.00,228.81,-54.37,81.97,-152.91,32.99,1
-65.00,60.00,218.28,-59.44,76.90,-140.93,32.09,1
-65.00,65.00,203.08,-64.02,72.32,-124.66,30.66,1
-65.00,70.00,183.63,-67.97,68.37,-104.60,28.45,1
-65.00,75.00,164.41,-71.18,65.16,-81.36,25.02,1
-65.00,80.00,141.33,-73.54,62.80,-55.66,19.61,1
-65.00,85.00,114.99,-74.99,61.35,-28.26,11.26,1
-65.00,90.00,90.63,-75.47,60.87,-0.00,0.00,1
-65.00,95.00,114.99,-74.99,61.35,28.26,168.74,1
-65.00,100.00,141.33,-73.54,62.80,55.66,160.39,1
-65.00,105.00,164.41,-71.18,65.16,81.36,154.98,1
-65.00,110.00,183.63,-67.97,68.37,104.60,151.55,1
-65.00,115.00,203.08,-64.02,72.32,124.66,149.34,1
-65.00,120.00,218.28,-59.44,76.90,140.93,147.91,1
-65.00,125.00,228.81,-54.37,81.97,152.91,147.01,1
-65.00,130.00,234.42,-48.97,87.37,160.26,146.52,1
-65.00,135.00,235.06,-43.41,92.94,162.73,146.37,1
-65.00,140.00,230.87,-37.84,98.50,160.26,146.52,1
-65.00,145.00,222.18,-32.44,103.90,152.91,147.01,1
-65.00,150.00,209.58,-27.37,108.97,140.93,147.91,1
-65.00,155.00,193.94,-22.79,113.55,124.66,149.34,1
-65.00,160.00,176.46,-18.84,117.50,104.60,151.55,1
-65.00,165.00,158.85,-15.63,120.71,81.36,154.98,1
-65.00,170.00,143.11,-13.27,123.07,55.66,160.39,1
-65.00,175.00,130.53,-11.82,124.52,28.26,168.74,1
-65.00,180.00,125.00,-11.34,125.00,0.00,0.00,1
-65.00,185.00,130.53,-11.82,124.52,-28.26,11.26,1
-65.00,190.00,143.11,-13.27,123.07,-55.66,19.61,1
-65.00,195.00,158.85,-15.63,120.71,-81.36,25.02,1
-65.00,200.00,176.46,-18.84,117.50,-104.60,28.45,1
-65.00,205.00,193.94,-22.79,113.55,-124.66,30.66,1
-65.00,210.00,209.58,-27.37,108.97,-140.93,32.09,1
-65.00,215.00,222.18,-32.44,103.90,-152.91,32.99,1
-65.00,220.00,230.87,-37.84,98.50,-160.26,33.48,1
-65.00,225.00,235.06,-43.41,92.94,-162.73,33.63,1
-65.00,230.00,234.42,-48.97,87.37,-160.26,33.48,1
-65.00,235.00,228.81,-54.37,81.97,-152.91,32.99,1
-65.00,240.00,218.28,-59.44,76.90,-140.93,32.09,1
-65.00,245.00,203.08,-64.02,72.32,-124.66,30.66,1
-65.00,250.00,183.63,-67.97,68.37,-104.60,28.45,1
-65.00,255.00,164.41,-71.18,65.16,-81.36,25.02,1
-65.00,260.00,141.33,-73.54,62.80,-55.66,19.61,1
-65.00,265.00,114.99,-74.99,61.35,-28.26,11.26,1
-65.00,270.00,90.63,-75.47,60.87,-0.00,0.00,1
-65.00,275.00,114.99,-74.99,61.35,28.26,168.74,1
-65.00,280.00,141.33,-73.54,62.80,55.66,160.39,1
-65.00,285.00,164.41,-71.18,65.16,81.36,154.98,1
-65.00,290.00,183.63,-67.97,68.37,104.60,151.55,1
-65.00,295.00,203.08,-64.02,72.32,124.66,149.34,1
-65.00,300.00,218.28,-59.44,76.90,140.93,147.91,1
-65.00,305.00,228.81,-54.37,81.97,152.91,147.01,1
-65.00,310.00,234.42,-48.97,87.37,160.26,146.52,1
-65.00,315.00,235.06,-43.41,92.94,162.73,146.37,1
-65.00,320.00,230.87,-37.84,98.50,160.26,146.52,1
-65.00,325.00,222.18,-32.44,103.90,152.91,147.01,1
-65.00,330.00,209.58,-27.37,108.97,140.93,147.91,1
-65.00,335.00,193.94,-22.79,113.55,124.66,149.34,1
-65.00,340.00,176.46,-18.84,117.50,104.60,151.55,1
-65.00,345.00,158.85,-15.63,120.71,81.36,154.98,1
-65.00,350.00,143.11,-13.27,123.07,55.66,160.39,1
-65.00,355.00,130.53,-11.82,124.52,28.26,168.74,1
-65.00,360.00,125.00,-11.34,125.00,0.00,180.00,1
-60.00,0.00,134.03,7.88,127.13,0.00,0.00,1
-60.00,5.00,142.73,7.19,126.44,-27.00,12.18,1
-60.00,10.00,154.85,5.17,124.42,-53.18,20.87,1
-60.00,15.00,166.98,1.86,121.11,-77.75,26.26,1
-60.00,20.00,176.90,-2.63,116.62,-99.95,29.59,1
-60.00,25.00,185.19,-8.16,111.09,-119.12,31.70,1
-60.00,30.00,198.41,-14.57,104.68,-134.66,33.06,1
-60.00,35.00,209.34,-21.66,97.59,-146.12,33.90,1
-60.00,40.00,216.92,-29.22,90.03,-153.13,34.36,1
-60.00,45.00,220.53,-37.01,82.24,-155.49,34.51,1
-60.00,50.00,219.82,-44.81,74.44,-153.13,34.36,1
-60.00,55.00,214.64,-52.36,66.89,-146.12,33.90,1
-60.00,60.00,205.04,-59.46,59.79,-134.66,33.06,1
-60.00,65.00,199.17,-65.87,53.38,-119.12,31.70,1
-60.00,70.00,188.47,-71.40,47.85,-99.95,29.59,1
-60.00,75.00,172.96,-75.89,43.36,-77.75,26.26,1
-60.00,80.00,153.19,-79.19,40.06,-53.18,20.87,1
-60.00,85.00,130.35,-81.22,38.03,-27.00,12.18,1
-60.00,90.00,109.75,-81.90,37.35,-0.00,0.00,1
-60.00,95.00,130.35,-81.22,38.03,27.00,167.82,1
-60.00,100.00,153.19,-79.19,40.06,53.18,159.13,1
-60.00,105.00,172.96,-75.89,43.36,77.75,153.74,1
-60.00,110.00,188.47,-71.40,47.85,99.95,150.41,1
-60.00,115.00,199.17,-65.87,53.38,119.12,148.30,1
-60.00,120.00,205.04,-59.46,59.79,134.66,146.94,1
-60.00,125.00,214.64,-52.36,66.89,146.12,146.10,1
-60.00,130.00,219.82,-44.81,74.44,153.13,145.64,1
-60.00,135.00,220.53,-37.01,82.24,155.49,145.49,1
-60.00,140.00,216.92,-29.22,90.03,153.13,145.64,1
-60.00,145.00,209.34,-21.66,97.59,146.12,146.10,1
-60.00,150.00,198.41,-14.57,104.68,134.66,146.94,1
-60.00,155.00,185.19,-8.16,111.09,119.12,148.30,1
-60.00,160.00,176.90,-2.63,116.62,99.95,150.41,1
-60.00,165.00,166.98,1.86,121.11,77.75,153.74,1
-60.00,170.00,154.85,5.17,124.42,53.18,159.13,1
-60.00,175.00,142.73,7.19,126.44,27.00,167.82,1
-60.00,180.00,134.03,7.88,127.13,0.00,0.00,1
-60.00,185.00,142.73,7.19,126.44,-27.00,12.18,1
-60.00,190.00,154.85,5.17,124.42,-53.18,20.87,1
-60.00,195.00,166.98,1.86,121.11,-77.75,26.26,1
-60.00,200.00,176.90,-2.63,116.62,-99.95,29.59,1
-60.00,205.00,185.19,-8.16,111.09,-119.12,31.70,1
-60.00,210.00,198.41,-14.57,104.68,-134.66,33.06,1
-60.00,215.00,209.34,-21.66,97.59,-146.12,33.90,1
-60.00,220.00,216.92,-29.22,90.03,-153.13,34.36,1
-60.00,225.00,220.53,-37.01,82.24,-155.49,34.51,1
-60.00,230.00,219.82,-44.81,74.44,-153.13,34.36,1
-60.00,235.00,214.64,-52.36,66.89,-146.12,33.90,1
-60.00,240.00,205.04,-59.46,59.79,-134.66,33.06,1
-60.00,245.00,199.17,-65.87,53.38,-119.12,31.70,1
-60.00,250.00,188.47,-71.40,47.85,-99.95,29.59,1
-60.00,255.00,172.96,-75.89,43.36,-77.75,26.26,1
-60.00,260.00,153.19,-79.19,40.06,-53.18,20.87,1
-60.00,265.00,130.35,-81.22,38.03,-27.00,12.18,1
-60.00,270.00,109.75,-81.90,37.35,-0.00,0.00,1
-60.00,275.00,130.35,-81.22,38.03,27.00,167.82,1
-60.00,280.00,153.19,-79.19,40.06,53.18,159.13,1
-60.00,285.00,172.96,-75.89,43.36,77.75,153.74,1
-60.00,290.00,188.47,-71.40,47.85,99.95,150.41,1
-60.00,295.00,199.17,-65.87,53.38,119.12,148.30,1
-60.00,300.00,205.04,-59.46,59.79,134.66,146.94,1
-60.00,305.00,214.64,-52.36,66.89,146.12,146.10,1
-60.00,310.00,219.82,-44.81,74.44,153.13,145.64,1
-60.00,315.00,220.53,-37.01,82.24,155.49,145.49,1
-60.00,320.00,216.92,-29.22,90.03,153.13,145.64,1
-60.00,325.00,209.34,-21.66,97.59,146.12,146.10,1
-60.00,330.00,198.41,-14.57,104.68,134.66,146.94,1
-60.00,335.00,185.19,-8.16,111.09,119.12,148.30,1
-60.00,340.00,176.90,-2.63,116.62,99.95,150.41,1
-60.00,345.00,166.98,1.86,121.11,77.75,153.74,1
-60.00,350.00,154.85,5.17,124.42,53.18,159.13,1
-60.00,355.00,142.73,7.19,126.44,27.00,167.82,1
-60.00,360.00,134.03,7.88,127.13,0.00,180.00,1
-55.00,0.00,149.88,29.13,129.47,0.00,0.00,1
-55.00,5.00,159.49,28.23,128.57,-25.54,13.49,1
-55.00,10.00,170.47,25.57,125.91,-50.30,22.54,1
-55.00,15.00,180.21,21.22,121.56,-73.54,27.85,1
-55.00,20.00,186.91,15.31,115.65,-94.54,31.02,1
-55.00,25.00,189.49,8.03,108.37,-112.67,33.00,1
-55.00,30.00,187.54,-0.40,99.94,-127.37,34.25,1
-55.00,35.00,195.05,-9.74,90.60,-138.21,35.02,1
-55.00,40.00,201.22,-19.68,80.66,-144.84,35.45,1
-55.00,45.00,204.10,-29.94,70.40,-147.08,35.58,1
-55.00,50.00,203.33,-40.20,60.14,-144.84,35.45,1
-55.00,55.00,198.79,-50.14,50.20,-138.21,35.02,1
-55.00,60.00,201.98,-59.47,40.87,-127.37,34.25,1
-55.00,65.00,200.31,-67.91,32.43,-112.67,33.00,1
-55.00,70.00,193.58,-75.19,25.15,-94.54,31.02,1
-55.00,75.00,181.94,-81.10,19.24,-73.54,27.85,1
-55.00,80.00,165.94,-85.45,14.89,-50.30,22.54,1
-55.00,85.00,146.94,-88.11,12.23,-25.54,13.49,1
-55.00,90.00,129.28,-89.01,11.33,-0.00,0.00,1
-55.00,95.00,146.94,-88.11,12.23,25.54,166.51,1
-55.00,100.00,165.94,-85.45,14.89,50.30,157.46,1
-55.00,105.00,181.94,-81.10,19.24,73.54,152.15,1
-55.00,110.00,193.58,-75.19,25.15,94.54,148.98,1
-55.00,115.00,200.31,-67.91,32.43,112.67,147.00,1
-55.00,120.00,201.98,-59.47,40.87,127.37,145.75,1
-55.00,125.00,198.79,-50.14,50.20,138.21,144.98,1
-55.00,130.00,203.33,-40.20,60.14,144.84,144.55,1
-55.00,135.00,204.10,-29.94,70.40,147.08,144.42,1
-55.00,140.00,201.22,-19.68,80.66,144.84,144.55,1
-55.00,145.00,195.05,-9.74,90.60,138.21,144.98,1
-55.00,150.00,187.54,-0.40,99.94,127.37,145.75,1
-55.00,155.00,189.49,8.03,108.37,112.67,147.00,1
-55.00,160.00,186.91,15.31,115.65,94.54,148.98,1
-55.00,165.00,180.21,21.22,121.56,73.54,152.15,1
-55.00,170.00,170.47,25.57,125.91,50.30,157.46,1
-55.00,175.00,159.49,28.23,128.57,25.54,166.51,1
-55.00,180.00,149.88,29.13,129.47,0.00,0.00,1
-55.00,185.00,159.49,28.23,128.57,-25.54,13.49,1
-55.00,190.00,170.47,25.57,125.91,-50.30,22.54,1
-55.00,195.00,180.21,21.22,121.56,-73.54,27.85,1
-55.00,200.00,186.91,15.31,115.65,-94.54,31.02,1
-55.00,205.00,189.49,8.03,108.37,-112.67,33.00,1
-55.00,210.00,187.54,-0.40,99.94,-127.37,34.25,1
-55.00,215.00,195.05,-9.74,90.60,-138.21,35.02,1
-55.00,220.00,201.22,-19.68,80.66,-144.84,35.45,1
-55.00,225.00,204.10,-29.94,70.40,-147.08,35.58,1
-55.00,230.00,203.33,-40.20,60.14,-144.84,35.45,1
-55.00,235.00,198.79,-50.14,50.20,-138.21,35.02,1
-55.00,240.00,201.98,-59.47,40.87,-127.37,34.25,1
-55.00,245.00,200.31,-67.91,32.43,-112.67,33.00,1
-55.00,250.00,193.58,-75.19,25.15,-94.54,31.02,1
-55.00,255.00,181.94,-81.10,19.24,-73.54,27.85,1
-55.00,260.00,165.94,-85.45,14.89,-50.30,22.54,1
-55.00,265.00,146.94,-88.11,12.23,-25.54,13.49,1
-55.00,270.00,129.28,-89.01,11.33,-0.00,0.00,1
-55.00,275.00,146.94,-88.11,12.23,25.54,166.51,1
-55.00,280.00,165.94,-85.45,14.89,50.30,157.46,1
-55.00,285.00,181.94,-81.10,19.24,73.54,152.15,1
-55.00,290.00,193.58,-75.19,25.15,94.54,148.98,1
-55.00,295.00,200.31,-67.91,32.43,112.67,147.00,1
-55.00,300.00,201.98,-59.47,40.87,127.37,145.75,1
-55.00,305.00,198.79,-50.14,50.20,138.21,144.98,1
-55.00,310.00,203.33,-40.20,60.14,144.84,144.55,1
-55.00,315.00,204.10,-29.94,70.40,147.08,144.42,1
-55.00,320.00,201.22,-19.68,80.66,144.84,144.55,1
-55.00,325.00,195.05,-9.74,90.60,138.21,144.98,1
-55.00,330.00,187.54,-0.40,99.94,127.37,145.75,1
-55.00,335.00,189.49,8.03,108.37,112.67,147.00,1
-55.00,340.00,186.91,15.31,115.65,94.54,148.98,1
-55.00,345.00,180.21,21.22,121.56,73.54,152.15,1
-55.00,350.00,170.47,25.57,125.91,50.30,157.46,1
-55.00,355.00,159.49,28.23,128.57,25.54,166.51,1
-55.00,360.00,149.88,29.13,129.47,0.00,180.00,1
-50.00,0.00,167.17,51.79,131.97,0.00,0.00,1
-50.00,5.00,176.98,50.66,130.84,-23.88,15.39,1
-50.00,10.00,186.45,47.31,127.50,-47.04,24.78,1
-50.00,15.00,193.62,41.85,122.03,-68.77,29.88,1
-50.00,20.00,197.07,34.43,114.62,-88.41,32.80,1
-50.00,25.00,195.99,25.29,105.47,-105.36,34.58,1
-50.00,30.00,189.97,14.69,94.88,-119.12,35.70,1
-50.00,35.00,179.56,2.97,83.16,-129.25,36.38,1
-50.00,40.00,184.02,-9.52,70.67,-135.45,36.76,1
-50.00,45.00,186.10,-22.40,57.79,-137.54,36.87,1
-50.00,50.00,185.40,-35.28,44.90,-135.45,36.76,1
-50.00,55.00,191.03,-47.77,32.41,-129.25,36.38,1
-50.00,60.00,198.44,-59.49,20.69,-119.12,35.70,1
-50.00,65.00,201.08,-70.09,10.10,-105.36,34.58,1
-50.00,70.00,198.63,-79.23,0.96,-88.41,32.80,1
-50.00,75.00,191.19,-86.65,-6.46,-68.77,29.88,1
-50.00,80.00,179.26,-92.11,-11.93,-47.04,24.78,1
-50.00,85.00,164.15,-95.46,-15.27,-23.88,15.39,1
-50.00,90.00,149.00,-96.59,-16.40,-0.00,0.00,1
-50.00,95.00,164.15,-95.46,-15.27,23.88,164.61,1
-50.00,100.00,179.26,-92.11,-11.93,47.04,155.22,1
-50.00,105.00,191.19,-86.65,-6.46,68.77,150.12,1
-50.00,110.00,198.63,-79.23,0.96,88.41,147.20,1
-50.00,115.00,201.08,-70.09,10.10,105.36,145.42,1
-50.00,120.00,198.44,-59.49,20.69,119.12,144.30,1
-50.00,125.00,191.03,-47.77,32.41,129.25,143.62,1
-50.00,130.00,185.40,-35.28,44.90,135.45,143.24,1
-50.00,135.00,186.10,-22.40,57.79,137.54,143.13,1
-50.00,140.00,184.02,-9.52,70.67,135.45,143.24,1
-50.00,145.00,179.56,2.97,83.16,129.25,143.62,1
-50.00,150.00,189.97,14.69,94.88,119.12,144.30,1
-50.00,155.00,195.99,25.29,105.47,105.36,145.42,1
-50.00,160.00,197.07,34.43,114.62,88.41,147.20,1
-50.00,165.00,193.62,41.85,122.03,68.77,150.12,1
-50.00,170.00,186.45,47.31,127.50,47.04,155.22,1
-50.00,175.00,176.98,50.66,130.84,23.88,164.61,1
-50.00,180.00,167.17,51.79,131.97,0.00,180.00,1
-50.00,185.00,176.98,50.66,130.84,-23.88,15.39,1
-50.00,190.00,186.45,47.31,127.50,-47.04,24.78,1
-50.00,195.00,193.62,41.85,122.03,-68.77,29.88,1
-50.00,200.00,197.07,34.43,114.62,-88.41,32.80,1
-50.00,205.00,195.99,25.29,105.47,-105.36,34.58,1
-50.00,210.00,189.97,14.69,94.88,-119.12,35.70,1
-50.00,215.00,179.56,2.97,83.16,-129.25,36.38,1
-50.00,220.00,184.02,-9.52,70.67,-135.45,36.76,1
-50.00,225.00,186.10,-22.40,57.79,-137.54,36.87,1
-50.00,230.00,185.40,-35.28,44.90,-135.45,36.76,1
-50.00,235.00,191.03,-47.77,32.41,-129.25,36.38,1
-50.00,240.00,198.44,-59.49,20.69,-119.12,35.70,1
-50.00,245.00,201.08,-70.09,10.10,-105.36,34.58,1
-50.00,250.00,198.63,-79.23,0.96,-88.41,32.80,1
-50.00,255.00,191.19,-86.65,-6.46,-68.77,29.88,1
-50.00,260.00,179.26,-92.11,-11.93,-47.04,24.78,1
-50.00,265.00,164.15,-95.46,-15.27,-23.88,15.39,1
-50.00,270.00,149.00,-96.59,-16.40,-0.00,0.00,1
-50.00,275.00,164.15,-95.46,-15.27,23.88,164.61,1
-50.00,280.00,179.26,-92.11,-11.93,47.04,155.22,1
-50.00,285.00,191.19,-86.65,-6.46,68.77,150.12,1
-50.00,290.00,198.63,-79.23,0.96,88.41,147.20,1
-50.00,295.00,201.08,-70.09,10.10,105.36,145.42,1
-50.00,300.00,198.44,-59.49,20.69,119.12,144.30,1
-50.00,305.00,191.03,-47.77,32.41,129.25,143.62,1
-50.00,310.00,185.40,-35.28,44.90,135.45,143.24,1
-50.00,315.00,186.10,-22.40,57.79,137.54,143.13,1
-50.00,320.00,184.02,-9.52,70.67,135.45,143.24,1
-50.00,325.00,179.56,2.97,83.16,129.25,143.62,1
-50.00,330.00,189.97,14.69,94.88,119.12,144.30,1
-50.00,335.00,195.99,25.29,105.47,105.36,145.42,1
-50.00,340.00,197.07,34.43,114.62,88.41,147.20,1
-50.00,345.00,193.62,41.85,122.03,68.77,150.12,1
-50.00,350.00,186.45,47.31,127.50,47.04,155.22,1
-50.00,355.00,176.98,50.66,130.84,23.88,164.61,1
-50.00,360.00,167.17,51.79,131.97,0.00,180.00,1
-45.00,0.00,184.61,75.15,134.55,0.00,0.00,1
-45.00,5.00,194.21,73.79,133.19,-22.05,18.29,1
-45.00,10.00,201.97,69.74,129.14,-43.42,27.81,1
-45.00,15.00,206.42,63.12,122.52,-63.48,32.46,1
-45.00,20.00,206.54,54.15,113.55,-81.61,35.00,1
-45.00,25.00,201.76,43.08,102.48,-97.26,36.51,1
-45.00,30.00,191.89,30.26,89.66,-109.95,37.44,1
-45.00,35.00,176.98,16.08,75.48,-119.30,38.01,1
-45.00,40.00,165.60,0.96,60.36,-125.03,38.32,1
-45.00,45.00,166.90,-14.62,44.77,-126.96,38.42,1
-45.00,50.00,167.13,-30.21,29.19,-125.03,38.32,1
-45.00,55.00,182.43,-45.33,14.07,-119.30,38.01,1
-45.00,60.00,194.28,-59.51,-0.11,-109.95,37.44,1
-45.00,65.00,201.47,-72.33,-12.93,-97.26,36.51,1
-45.00,70.00,203.56,-83.40,-24.00,-81.61,35.00,1
-45.00,75.00,200.54,-92.37,-32.97,-63.48,32.46,1
-45.00,80.00,192.84,-98.99,-39.59,-43.42,27.81,1
-45.00,85.00,181.50,-103.04,-43.64,-22.05,18.29,1
-45.00,90.00,168.66,-104.40,-45.00,-0.00,0.00,1
-45.00,95.00,181.50,-103.04,-43.64,22.05,161.71,1
-45.00,100.00,192.84,-98.99,-39.59,43.42,152.19,1
-45.00,105.00,200.54,-92.37,-32.97,63.48,147.54,1
-45.00,110.00,203.56,-83.40,-24.00,81.61,145.00,1
-45.00,115.00,201.47,-72.33,-12.93,97.26,143.49,1
-45.00,120.00,194.28,-59.51,-0.11,109.95,142.56,1
-45.00,125.00,182.43,-45.33,14.07,119.30,141.99,1
-45.00,130.00,167.13,-30.21,29.19,125.03,141.68,1
-45.00,135.00,166.90,-14.63,44.77,126.96,141.58,1
-45.00,140.00,165.60,0.96,60.36,125.03,141.68,1
-45.00,145.00,176.98,16.08,75.48,119.30,141.99,1
-45.00,150.00,191.89,30.26,89.66,109.95,142.56,1
-45.00,155.00,201.76,43.08,102.48,97.26,143.49,1
-45.00,160.00,206.54,54.15,113.55,81.61,145.00,1
-45.00,165.00,206.42,63.12,122.52,63.48,147.54,1
-45.00,170.00,201.97,69.74,129.14,43.42,152.19,1
-45.00,175.00,194.21,73.79,133.19,22.05,161.71,1
-45.00,180.00,184.61,75.15,134.55,0.00,180.00,1
-45.00,185.00,194.21,73.79,133.19,-22.05,18.29,1
-45.00,190.00,201.97,69.74,129.14,-43.42,27.81,1
-45.00,195.00,206.42,63.12,122.52,-63.48,32.46,1
-45.00,200.00,206.54,54.15,113.55,-81.61,35.00,1
-45.00,205.00,201.76,43.08,102.48,-97.26,36.51,1
-45.00,210.00,191.89,30.26,89.66,-109.95,37.44,1
-45.00,215.00,176.98,16.08,75.48,-119.30,38.01,1
-45.00,220.00,165.60,0.96,60.36,-125.03,38.32,1
-45.00,225.00,166.90,-14.62,44.78,-126.96,38.42,1
-45.00,230.00,167.13,-30.21,29.19,-125.03,38.32,1
-45.00,235.00,182.43,-45.33,14.07,-119.30,38.01,1
-45.00,240.00,194.28,-59.51,-0.11,-109.95,37.44,1
-45.00,245.00,201.47,-72.33,-12.93,-97.26,36.51,1
-45.00,250.00,203.56,-83.40,-24.00,-81.61,35.00,1
-45.00,255.00,200.54,-92.37,-32.97,-63.48,32.46,1
-45.00,260.00,192.84,-98.99,-39.59,-43.42,27.81,1
-45.00,265.00,181.50,-103.04,-43.64,-22.05,18.29,1
-45.00,270.00,168.66,-104.40,-45.00,-0.00,0.00,1
-45.00,275.00,181.50,-103.04,-43.64,22.05,161.71,1
-45.00,280.00,192.84,-98.99,-39.59,43.42,152.19,1
-45.00,285.00,200.54,-92.37,-32.97,63.48,147.54,1
-45.00,290.00,203.56,-83.40,-24.00,81.61,145.00,1
-45.00,295.00,201.47,-72.33,-12.93,97.26,143.49,1
-45.00,300.00,194.28,-59.51,-0.11,109.95,142.56,1
-45.00,305.00,182.43,-45.33,14.07,119.30,141.99,1
-45.00,310.00,167.13,-30.21,29.19,125.03,141.68,1
-45.00,315.00,166.90,-14.63,44.77,126.96,141.58,1
-45.00,320.00,165.60,0.96,60.36,125.03,141.68,1
-45.00,325.00,176.98,16.08,75.48,119.30,141.99,1
-45.00,330.00,191.89,30.26,89.66,109.95,142.56,1
-45.00,335.00,201.76,43.08,102.48,97.26,143.49,1
-45.00,340.00,206.54,54.15,113.55,81.61,145.00,1
-45.00,345.00,206.42,63.12,122.52,63.48,147.54,1
-45.00,350.00,201.97,69.74,129.14,43.42,152.19,1
-45.00,355.00,194.21,73.79,133.19,22.05,161.71,1
-45.00,360.00,184.61,75.15,134.55,0.00,180.00,1
-40.00,0.00,201.62,98.51,137.13,0.00,0.00,1
-40.00,5.00,210.69,96.91,135.53,-20.04,23.03,1
-40.00,10.00,216.56,92.16,130.77,-39.47,31.97,1
-40.00,15.00,218.18,84.40,123.01,-57.71,35.75,1
-40.00,20.00,214.91,73.86,112.48,-74.19,37.71,1
-40.00,25.00,206.41,60.88,99.49,-88.41,38.84,1
-40.00,30.00,192.71,45.83,84.45,-99.95,39.53,1
-40.00,35.00,174.05,29.19,67.80,-108.45,39.95,1
-40.00,40.00,151.11,11.45,50.06,-113.66,40.18,1
-40.00,45.00,146.93,-6.85,31.76,-115.41,40.25,1
-40.00,50.00,153.53,-25.15,13.47,-113.66,40.18,1
-40.00,55.00,173.12,-42.89,-4.27,-108.45,39.95,1
-40.00,60.00,189.58,-59.53,-20.92,-99.95,39.53,1
-40.00,65.00,201.47,-74.58,-35.96,-88.41,38.84,1
-40.00,70.00,208.24,-87.56,-48.95,-74.19,37.71,1
-40.00,75.00,209.77,-98.10,-59.48,-57.71,35.75,1
-40.00,80.00,206.31,-105.86,-67.25,-39.47,31.97,1
-40.00,85.00,198.59,-110.61,-72.00,-20.04,23.03,1
-40.00,90.00,187.96,-112.21,-73.60,-0.00,0.00,1
-40.00,95.00,198.59,-110.61,-72.00,20.04,156.97,1
-40.00,100.00,206.31,-105.86,-67.25,39.47,148.03,1
-40.00,105.00,209.77,-98.10,-59.48,57.71,144.25,1
-40.00,110.00,208.24,-87.56,-48.95,74.19,142.29,1
-40.00,115.00,201.47,-74.58,-35.96,88.41,141.16,1
-40.00,120.00,189.58,-59.53,-20.92,99.95,140.47,1
-40.00,125.00,173.12,-42.89,-4.27,108.45,140.05,1
-40.00,130.00,153.53,-25.15,13.47,113.66,139.82,1
-40.00,135.00,146.93,-6.85,31.76,115.41,139.75,1
-40.00,140.00,151.11,11.45,50.06,113.66,139.82,1
-40.00,145.00,174.05,29.19,67.80,108.45,140.05,1
-40.00,150.00,192.71,45.83,84.45,99.95,140.47,1
-40.00,155.00,206.41,60.88,99.49,88.41,141.16,1
-40.00,160.00,214.91,73.86,112.48,74.19,142.29,1
-40.00,165.00,218.18,84.40,123.01,57.71,144.25,1
-40.00,170.00,216.56,92.16,130.77,39.47,148.03,1
-40.00,175.00,210.69,96.91,135.53,20.04,156.97,1
-40.00,180.00,201.62,98.51,137.13,0.00,180.00,1
-40.00,185.00,210.69,96.91,135.53,-20.04,23.03,1
-40.00,190.00,216.56,92.16,130.77,-39.47,31.97,1
-40.00,195.00,218.18,84.40,123.01,-57.71,35.75,1
-40.00,200.00,214.91,73.86,112.48,-74.19,37.71,1
-40.00,205.00,206.41,60.88,99.49,-88.41,38.84,1
-40.00,210.00,192.71,45.83,84.45,-99.95,39.53,1
-40.00,215.00,174.05,29.19,67.80,-108.45,39.95,1
-40.00,220.00,151.11,11.45,50.06,-113.66,40.18,1
-40.00,225.00,146.93,-6.85,31.76,-115.41,40.25,1
-40.00,230.00,153.53,-25.15,13.47,-113.66,40.18,1
-40.00,235.00,173.12,-42.89,-4.27,-108.45,39.95,1
-40.00,240.00,189.58,-59.53,-20.92,-99.95,39.53,1
-40.00,245.00,201.47,-74.58,-35.96,-88.41,38.84,1
-40.00,250.00,208.24,-87.56,-48.95,-74.19,37.71,1
-40.00,255.00,209.77,-98.10,-59.48,-57.71,35.75,1
-40.00,260.00,206.31,-105.86,-67.25,-39.47,31.97,1
-40.00,265.00,198.59,-110.61,-72.00,-20.04,23.03,1
-40.00,270.00,187.96,-112.21,-73.60,-0.00,0.00,1
-40.00,275.00,198.59,-110.61,-72.00,20.04,156.97,1
-40.00,280.00,206.31,-105.86,-67.25,39.47,148.03,1
-40.00,285.00,209.77,-98.10,-59.48,57.71,144.25,1
-40.00,290.00,208.24,-87.56,-48.95,74.19,142.29,1
-40.00,295.00,201.47,-74.58,-35.96,88.41,141.16,1
-40.00,300.00,189.58,-59.53,-20.92,99.95,140.47,1
-40.00,305.00,173.12,-42.89,-4.27,108.45,140.05,1
-40.00,310.00,153.53,-25.15,13.47,113.66,139.82,1
-40.00,315.00,146.93,-6.85,31.76,115.41,139.75,1
-40.00,320.00,151.11,11.45,50.06,113.66,139.82,1
-40.00,325.00,174.05,29.19,67.80,108.45,140.05,1
-40.00,330.00,192.71,45.83,84.45,99.95,140.47,1
-40.00,335.00,206.41,60.88,99.49,88.41,141.16,1
-40.00,340.00,214.91,73.86,112.48,74.19,142.29,1
-40.00,345.00,218.18,84.40,123.01,57.71,144.25,1
-40.00,350.00,216.56,92.16,130.77,39.47,148.03,1
-40.00,355.00,210.69,96.91,135.53,20.04,156.97,1
-40.00,360.00,201.62,98.51,137.13,0.00,180.00,1
-35.00,0.00,217.80,121.17,139.63,0.00,0.00,1
-35.00,5.00,226.01,119.34,137.80,-17.88,31.35,1
-35.00,10.00,229.82,113.90,132.36,-35.22,37.66,1
-35.00,15.00,228.56,105.03,123.49,-51.49,39.92,1
-35.00,20.00,221.86,92.98,111.44,-66.20,41.03,1
-35.00,25.00,209.67,78.13,96.59,-78.89,41.66,1
-35.00,30.00,192.20,60.93,79.39,-89.19,42.05,1
-35.00,35.00,169.89,41.90,60.36,-96.77,42.28,1
-35.00,40.00,143.59,21.61,40.07,-101.42,42.40,1
-35.00,45.00,126.74,0.69,19.15,-102.99,42.44,1
-35.00,50.00,139.19,-20.23,-1.77,-101.42,42.40,1
-35.00,55.00,163.27,-40.52,-22.06,-96.77,42.28,1
-35.00,60.00,184.42,-59.55,-41.09,-89.19,42.05,1
-35.00,65.00,201.06,-76.75,-58.29,-78.89,41.66,1
-35.00,70.00,212.55,-91.60,-73.14,-66.20,41.03,1
-35.00,75.00,218.61,-103.65,-85.19,-51.49,39.92,1
-35.00,80.00,219.29,-112.53,-94.06,-35.22,37.66,1
-35.00,85.00,215.00,-117.96,-99.50,-17.88,31.35,1
-35.00,90.00,206.50,-119.79,-101.33,-0.00,0.00,1
-35.00,95.00,215.00,-117.96,-99.50,17.88,148.65,1
-35.00,100.00,219.29,-112.53,-94.06,35.22,142.34,1
-35.00,105.00,218.61,-103.65,-85.19,51.49,140.08,1
-35.00,110.00,212.55,-91.60,-73.14,66.20,138.97,1
-35.00,115.00,201.06,-76.75,-58.29,78.89,138.34,1
-35.00,120.00,184.42,-59.55,-41.09,89.19,137.95,1
-35.00,125.00,163.27,-40.52,-22.06,96.77,137.72,1
-35.00,130.00,139.19,-20.23,-1.77,101.42,137.60,1
-35.00,135.00,126.74,0.69,19.15,102.99,137.56,1
-35.00,140.00,143.59,21.61,40.07,101.42,137.60,1
-35.00,145.00,169.89,41.90,60.36,96.77,137.72,1
-35.00,150.00,192.20,60.93,79.39,89.19,137.95,1
-35.00,155.00,209.67,78.13,96.59,78.89,138.34,1
-35.00,160.00,221.86,92.98,111.44,66.20,138.97,1
-35.00,165.00,228.56,105.03,123.49,51.49,140.08,1
-35.00,170.00,229.82,113.90,132.36,35.22,142.34,1
-35.00,175.00,226.01,119.34,137.80,17.88,148.65,1
-35.00,180.00,217.80,121.17,139.63,0.00,180.00,1
-35.00,185.00,226.01,119.34,137.80,-17.88,31.35,1
-35.00,190.00,229.82,113.90,132.36,-35.22,37.66,1
-35.00,195.00,228.56,105.03,123.49,-51.49,39.92,1
-35.00,200.00,221.86,92.98,111.44,-66.20,41.03,1
-35.00,205.00,209.67,78.13,96.59,-78.89,41.66,1
-35.00,210.00,192.20,60.93,79.39,-89.19,42.05,1
-35.00,215.00,169.89,41.90,60.36,-96.77,42.28,1
-35.00,220.00,143.59,21.61,40.07,-101.42,42.40,1
-35.00,225.00,126.74,0.69,19.15,-102.99,42.44,1
-35.00,230.00,139.19,-20.23,-1.77,-101.42,42.40,1
-35.00,235.00,163.27,-40.52,-22.06,-96.77,42.28,1
-35.00,240.00,184.42,-59.55,-41.09,-89.19,42.05,1
-35.00,245.00,201.06,-76.75,-58.29,-78.89,41.66,1
-35.00,250.00,212.55,-91.60,-73.14,-66.20,41.03,1
-35.00,255.00,218.61,-103.65,-85.19,-51.49,39.92,1
-35.00,260.00,219.29,-112.53,-94.06,-35.22,37.66,1
-35.00,265.00,215.00,-117.96,-99.50,-17.88,31.35,1
-35.00,270.00,206.50,-119.79,-101.33,-0.00,0.00,1
-35.00,275.00,215.00,-117.96,-99.50,17.88,148.65,1
-35.00,280.00,219.29,-112.53,-94.06,35.22,142.34,1
-35.00,285.00,218.61,-103.65,-85.19,51.49,140.08,1
-35.00,290.00,212.55,-91.60,-73.14,66.20,138.97,1
-35.00,295.00,201.06,-76.75,-58.29,78.89,138.34,1
-35.00,300.00,184.42,-59.55,-41.09,89.19,137.95,1
-35.00,305.00,163.27,-40.52,-22.06,96.77,137.72,1
-35.00,310.00,139.19,-20.23,-1.77,101.42,137.60,1
-35.00,315.00,126.74,0.69,19.15,102.99,137.56,1
-35.00,320.00,143.59,21.61,40.07,101.42,137.60,1
-35.00,325.00,169.89,41.90,60.36,96.77,137.72,1
-35.00,330.00,192.20,60.93,79.39,89.19,137.95,1
-35.00,335.00,209.67,78.13,96.59,78.89,138.34,1
-35.00,340.00,221.86,92.98,111.44,66.20,138.97,1
-35.00,345.00,228.56,105.03,123.49,51.49,140.08,1
-35.00,350.00,229.82,113.90,132.36,35.22,142.34,1
-35.00,355.00,226.01,119.34,137.80,17.88,148.65,1
-35.00,360.00,217.80,121.17,139.63,0.00,180.00,1
-30.00,0.00,232.77,142.43,141.97,0.00,90.00,1
-30.00,5.00,239.82,140.38,139.93,-15.59,45.41,1
-30.00,10.00,241.44,134.30,133.85,-30.70,45.21,1
-30.00,15.00,237.24,124.38,123.93,-44.89,45.14,1
-30.00,20.00,227.14,110.92,110.47,-57.71,45.11,1
-30.00,25.00,211.31,94.32,93.87,-68.77,45.09,1
-30.00,30.00,190.17,75.09,74.64,-77.75,45.08,1
-30.00,35.00,164.37,53.82,53.37,-84.36,45.08,1
-30.00,40.00,134.91,31.15,30.70,-88.41,45.07,1
-30.00,45.00,107.38,7.76,7.31,-89.77,45.07,1
-30.00,50.00,124.38,-15.62,-16.07,-88.41,45.07,1
-30.00,55.00,153.09,-38.29,-38.74,-84.36,45.08,1
-30.00,60.00,178.88,-59.57,-60.02,-77.75,45.08,1
-30.00,65.00,200.21,-78.80,-79.25,-68.77,45.09,1
-30.00,70.00,216.31,-95.39,-95.84,-57.71,45.11,1
-30.00,75.00,226.76,-108.86,-109.31,-44.89,45.14,1
-30.00,80.00,231.39,-118.78,-119.23,-30.70,45.21,1
-30.00,85.00,230.30,-124.85,-125.30,-15.59,45.41,1
-30.00,90.00,223.88,-126.90,-127.35,-0.00,90.00,1
-30.00,95.00,230.30,-124.85,-125.30,15.59,134.59,1
-30.00,100.00,231.39,-118.78,-119.23,30.70,134.79,1
-30.00,105.00,226.76,-108.86,-109.31,44.89,134.86,1
-30.00,110.00,216.31,-95.39,-95.84,57.71,134.89,1
-30.00,115.00,200.21,-78.80,-79.25,68.77,134.91,1
-30.00,120.00,178.88,-59.57,-60.02,77.75,134.92,1
-30.00,125.00,153.09,-38.29,-38.74,84.36,134.92,1
-30.00,130.00,124.38,-15.62,-16.07,88.41,134.93,1
-30.00,135.00,107.38,7.76,7.31,89.77,134.93,1
-30.00,140.00,134.91,31.15,30.70,88.41,134.93,1
-30.00,145.00,164.37,53.82,53.37,84.36,134.92,1
-30.00,150.00,190.17,75.09,74.64,77.75,134.92,1
-30.00,155.00,211.31,94.32,93.87,68.77,134.91,1
-30.00,160.00,227.14,110.92,110.47,57.71,134.89,1
-30.00,165.00,237.24,124.38,123.93,44.89,134.86,1
-30.00,170.00,241.44,134.30,133.85,30.70,134.79,1
-30.00,175.00,239.82,140.38,139.93,15.59,134.59,1
-30.00,180.00,232.77,142.43,141.97,0.00,90.00,1
-30.00,185.00,239.82,140.38,139.93,-15.59,45.41,1
-30.00,190.00,241.44,134.30,133.85,-30.70,45.21,1
-30.00,195.00,237.24,124.38,123.93,-44.89,45.14,1
-30.00,200.00,227.14,110.92,110.47,-57.71,45.11,1
-30.00,205.00,211.31,94.32,93.87,-68.77,45.09,1
-30.00,210.00,190.17,75.09,74.64,-77.75,45.08,1
-30.00,215.00,164.37,53.82,53.37,-84.36,45.08,1
-30.00,220.00,134.91,31.15,30.70,-88.41,45.07,1
-30.00,225.00,107.38,7.76,7.31,-89.77,45.07,1
-30.00,230.00,124.38,-15.62,-16.07,-88.41,45.07,1
-30.00,235.00,153.09,-38.29,-38.74,-84.36,45.08,1
-30.00,240.00,178.88,-59.57,-60.02,-77.75,45.08,1
-30.00,245.00,200.21,-78.80,-79.25,-68.77,45.09,1
-30.00,250.00,216.31,-95.39,-95.84,-57.71,45.11,1
-30.00,255.00,226.76,-108.86,-109.31,-44.89,45.14,1
-30.00,260.00,231.39,-118.78,-119.23,-30.70,45.21,1
-30.00,265.00,230.30,-124.85,-125.30,-15.59,45.41,1
-30.00,270.00,223.88,-126.90,-127.35,-0.00,90.00,1
-30.00,275.00,230.30,-124.85,-125.30,15.59,134.59,1
-30.00,280.00,231.39,-118.78,-119.23,30.70,134.79,1
-30.00,285.00,226.76,-108.86,-109.31,44.89,134.86,1
-30.00,290.00,216.31,-95.39,-95.84,57.71,134.89,1
-30.00,295.00,200.21,-78.80,-79.25,68.77,134.91,1
-30.00,300.00,178.88,-59.57,-60.02,77.75,134.92,1
-30.00,305.00,153.09,-38.29,-38.74,84.36,134.92,1
-30.00,310.00,124.38,-15.62,-16.07,88.41,134.93,1
-30.00,315.00,107.38,7.76,7.31,89.77,134.93,1
-30.00,320.00,134.91,31.15,30.70,88.41,134.93,1
-30.00,325.00,164.37,53.82,53.37,84.36,134.92,1
-30.00,330.00,190.17,75.09,74.64,77.75,134.92,1
-30.00,335.00,211.31,94.32,93.87,68.77,134.91,1
-30.00,340.00,227.14,110.92,110.47,57.71,134.89,1
-30.00,345.00,237.24,124.38,123.93,44.89,134.86,1
-30.00,350.00,241.44,134.30,133.85,30.70,134.79,1
-30.00,355.00,239.82,140.38,139.93,15.59,134.59,1
-30.00,360.00,232.77,142.43,141.97,0.00,90.00,1
-25.00,0.00,246.19,161.64,144.10,0.00,90.00,1
-25.00,5.00,251.82,159.40,141.85,-13.18,61.82,1
-25.00,10.00,251.11,152.74,135.20,-25.95,54.34,1
-25.00,15.00,243.95,141.88,124.34,-37.94,51.51,1
-25.00,20.00,230.49,127.13,109.59,-48.78,50.10,1
-25.00,25.00,211.13,108.95,91.41,-58.13,49.29,1
-25.00,30.00,186.48,87.90,70.35,-65.71,48.80,1
-25.00,35.00,157.39,64.60,47.06,-71.30,48.51,1
-25.00,40.00,125.03,39.77,22.22,-74.73,48.35,1
-25.00,45.00,93.34,14.16,-3.39,-75.88,48.30,1
-25.00,50.00,109.46,-11.45,-29.00,-74.73,48.35,1
-25.00,55.00,142.77,-36.29,-53.83,-71.30,48.51,1
-25.00,60.00,173.03,-59.58,-77.13,-65.71,48.80,1
-25.00,65.00,198.83,-80.64,-98.18,-58.13,49.29,1
-25.00,70.00,219.32,-98.82,-116.36,-48.78,50.10,1
-25.00,75.00,233.89,-113.57,-131.11,-37.94,51.51,1
-25.00,80.00,242.18,-124.43,-141.97,-25.95,54.34,1
-25.00,85.00,244.05,-131.08,-148.63,-13.18,61.82,1
-25.00,90.00,239.64,-133.33,-150.87,-0.00,90.00,1
-25.00,95.00,244.05,-131.08,-148.63,13.18,118.18,1
-25.00,100.00,242.18,-124.43,-141.97,25.95,125.66,1
-25.00,105.00,233.89,-113.57,-131.11,37.94,128.49,1
-25.00,110.00,219.32,-98.82,-116.36,48.78,129.90,1
-25.00,115.00,198.83,-80.64,-98.18,58.13,130.71,1
-25.00,120.00,173.03,-59.58,-77.13,65.71,131.20,1
-25.00,125.00,142.77,-36.29,-53.83,71.30,131.49,1
-25.00,130.00,109.46,-11.45,-29.00,74.73,131.65,1
-25.00,135.00,93.34,14.16,-3.39,75.88,131.70,1
-25.00,140.00,125.03,39.77,22.22,74.73,131.65,1
-25.00,145.00,157.39,64.60,47.06,71.30,131.49,1
-25.00,150.00,186.48,87.90,70.35,65.71,131.20,1
-25.00,155.00,211.13,108.95,91.41,58.13,130.71,1
-25.00,160.00,230.49,127.13,109.59,48.78,129.90,1
-25.00,165.00,243.95,141.88,124.34,37.94,128.49,1
-25.00,170.00,251.11,152.74,135.20,25.95,125.66,1
-25.00,175.00,251.82,159.40,141.85,13.18,118.18,1
-25.00,180.00,246.19,161.64,144.10,0.00,90.00,1
-25.00,185.00,251.82,159.40,141.85,-13.18,61.82,1
-25.00,190.00,251.11,152.74,135.20,-25.95,54.34,1
-25.00,195.00,243.95,141.88,124.34,-37.94,51.51,1
-25.00,200.00,230.49,127.13,109.59,-48.78,50.10,1
-25.00,205.00,211.13,108.95,91.41,-58.13,49.29,1
-25.00,210.00,186.48,87.90,70.35,-65.71,48.80,1
-25.00,215.00,157.39,64.60,47.06,-71.30,48.51,1
-25.00,220.00,125.03,39.77,22.22,-74.73,48.35,1
-25.00,225.00,93.34,14.16,-3.39,-75.88,48.30,1
-25.00,230.00,109.46,-11.45,-29.00,-74.73,48.35,1
-25.00,235.00,142.77,-36.29,-53.83,-71.30,48.51,1
-25.00,240.00,173.03,-59.58,-77.13,-65.71,48.80,1
-25.00,245.00,198.83,-80.64,-98.18,-58.13,49.29,1
-25.00,250.00,219.32,-98.82,-116.36,-48.78,50.10,1
-25.00,255.00,233.89,-113.57,-131.11,-37.94,51.51,1
-25.00,260.00,242.18,-124.43,-141.97,-25.95,54.34,1
-25.00,265.00,244.05,-131.08,-148.63,-13.18,61.82,1
-25.00,270.00,239.64,-133.33,-150.87,-0.00,90.00,1
-25.00,275.00,244.05,-131.08,-148.63,13.18,118.18,1
-25.00,280.00,242.18,-124.43,-141.97,25.95,125.66,1
-25.00,285.00,233.89,-113.57,-131.11,37.94,128.49,1
-25.00,290.00,219.32,-98.82,-116.36,48.78,129.90,1
-25.00,295.00,198.83,-80.64,-98.18,58.13,130.71,1
-25.00,300.00,173.03,-59.58,-77.13,65.71,131.20,1
-25.00,305.00,142.77,-36.29,-53.83,71.30,131.49,1
-25.00,310.00,109.46,-11.45,-29.00,74.73,131.65,1
-25.00,315.00,93.34,14.16,-3.39,75.88,131.70,1
-25.00,320.00,125.03,39.77,22.22,74.73,131.65,1
-25.00,325.00,157.39,64.60,47.06,71.30,131.49,1
-25.00,330.00,186.48,87.90,70.35,65.71,131.20,1
-25.00,335.00,211.13,108.95,91.41,58.13,130.71,1
-25.00,340.00,230.49,127.13,109.59,48.78,129.90,1
-25.00,345.00,243.95,141.88,124.34,37.94,128.49,1
-25.00,350.00,251.11,152.74,135.20,25.95,125.66,1
-25.00,355.00,251.82,159.40,141.85,13.18,118.18,1
-25.00,360.00,246.19,161.64,144.10,0.00,90.00,1
-20.00,0.00,257.73,178.22,145.93,0.00,90.00,1
-20.00,5.00,261.67,175.81,143.52,-10.66,73.28,1
-20.00,10.00,258.55,168.66,136.36,-21.00,63.78,1
-20.00,15.00,248.46,156.98,124.68,-30.70,58.87,1
-20.00,20.00,231.74,141.13,108.83,-39.47,56.12,1
-20.00,25.00,208.99,121.59,89.29,-47.04,54.47,1
-20.00,30.00,181.00,98.95,66.65,-53.18,53.44,1
-20.00,35.00,148.87,73.90,41.61,-57.71,52.82,1
-20.00,40.00,113.95,47.21,14.91,-60.48,52.47,1
-20.00,45.00,79.39,19.67,-12.62,-61.41,52.37,1
-20.00,50.00,94.93,-7.86,-40.15,-60.48,52.47,1
-20.00,55.00,132.54,-34.55,-66.85,-57.71,52.82,1
-20.00,60.00,166.93,-59.60,-91.89,-53.18,53.44,1
-20.00,65.00,196.85,-82.24,-114.53,-47.04,54.47,1
-20.00,70.00,221.35,-101.78,-134.07,-39.47,56.12,1
-20.00,75.00,239.65,-117.63,-149.93,-30.70,58.87,1
-20.00,80.00,251.24,-129.31,-161.61,-21.00,63.78,1
-20.00,85.00,255.81,-136.46,-168.76,-10.66,73.28,1
-20.00,90.00,253.33,-138.87,-171.17,-0.00,90.00,1
-20.00,95.00,255.81,-136.46,-168.76,10.66,106.72,1
-20.00,100.00,251.24,-129.31,-161.61,21.00,116.22,1
-20.00,105.00,239.65,-117.63,-149.93,30.70,121.13,1
-20.00,110.00,221.35,-101.78,-134.07,39.47,123.88,1
-20.00,115.00,196.85,-82.24,-114.53,47.04,125.53,1
-20.00,120.00,166.93,-59.60,-91.89,53.18,126.56,1
-20.00,125.00,132.54,-34.55,-66.85,57.71,127.18,1
-20.00,130.00,94.93,-7.86,-40.15,60.48,127.53,1
-20.00,135.00,79.39,19.67,-12.62,61.41,127.63,1
-20.00,140.00,113.95,47.21,14.91,60.48,127.53,1
-20.00,145.00,148.87,73.90,41.61,57.71,127.18,1
-20.00,150.00,181.00,98.95,66.65,53.18,126.56,1
-20.00,155.00,208.99,121.59,89.29,47.04,125.53,1
-20.00,160.00,231.74,141.13,108.83,39.47,123.88,1
-20.00,165.00,248.46,156.98,124.68,30.70,121.13,1
-20.00,170.00,258.55,168.66,136.36,21.00,116.22,1
-20.00,175.00,261.67,175.81,143.52,10.66,106.72,1
-20.00,180.00,257.73,178.22,145.93,0.00,90.00,1
-20.00,185.00,261.67,175.81,143.52,-10.66,73.28,1
-20.00,190.00,258.55,168.66,136.36,-21.00,63.78,1
-20.00,195.00,248.46,156.98,124.68,-30.70,58.87,1
-20.00,200.00,231.74,141.13,108.83,-39.47,56.12,1
-20.00,205.00,208.99,121.59,89.29,-47.04,54.47,1
-20.00,210.00,181.00,98.95,66.65,-53.18,53.44,1
-20.00,215.00,148.87,73.90,41.61,-57.71,52.82,1
-20.00,220.00,113.95,47.21,14.91,-60.48,52.47,1
-20.00,225.00,79.39,19.67,-12.62,-61.41,52.37,1
-20.00,230.00,94.93,-7.86,-40.15,-60.48,52.47,1
-20.00,235.00,132.54,-34.55,-66.85,-57.71,52.82,1
-20.00,240.00,166.93,-59.60,-91.89,-53.18,53.44,1
-20.00,245.00,196.85,-82.24,-114.53,-47.04,54.47,1
-20.00,250.00,221.35,-101.78,-134.07,-39.47,56.12,1
-20.00,255.00,239.65,-117.63,-149.93,-30.70,58.87,1
-20.00,260.00,251.24,-129.31,-161.61,-21.00,63.78,1
-20.00,265.00,255.81,-136.46,-168.76,-10.66,73.28,1
-20.00,270.00,253.33,-138.87,-171.17,-0.00,90.00,1
-20.00,275.00,255.81,-136.46,-168.76,10.66,106.72,1
-20.00,280.00,251.24,-129.31,-161.61,21.00,116.22,1
-20.00,285.00,239.65,-117.63,-149.93,30.70,121.13,1
-20.00,290.00,221.35,-101.78,-134.07,39.47,123.88,1
-20.00,295.00,196.85,-82.24,-114.53,47.04,125.53,1
-20.00,300.00,166.93,-59.60,-91.89,53.18,126.56,1
-20.00,305.00,132.54,-34.55,-66.85,57.71,127.18,1
-20.00,310.00,94.93,-7.86,-40.15,60.48,127.53,1
-20.00,315.00,79.39,19.67,-12.62,61.41,127.63,1
-20.00,320.00,113.95,47.21,14.91,60.48,127.53,1
-20.00,325.00,148.87,73.90,41.61,57.71,127.18,1
-20.00,330.00,181.00,98.95,66.65,53.18,126.56,1
-20.00,335.00,208.99,121.59,89.29,47.04,125.53,1
-20.00,340.00,231.74,141.13,108.83,39.47,123.88,1
-20.00,345.00,248.46,156.98,124.68,30.70,121.13,1
-20.00,350.00,258.55,168.66,136.36,21.00,116.22,1
-20.00,355.00,261.67,175.81,143.52,10.66,106.72,1
-20.00,360.00,257.73,178.22,145.93,0.00,90.00,1
-15.00,0.00,267.08,191.67,147.41,0.00,90.00,1
-15.00,5.00,269.11,189.13,144.87,-8.07,79.98,1
-15.00,10.00,263.56,181.57,137.31,-15.89,72.16,1
-15.00,15.00,250.60,169.23,124.97,-23.24,66.80,1
-15.00,20.00,230.76,152.48,108.22,-29.87,63.27,1
-15.00,25.00,204.77,131.83,87.57,-35.60,60.93,1
-15.00,30.00,173.68,107.91,63.65,-40.25,59.40,1
-15.00,35.00,138.77,81.45,37.18,-43.67,58.44,1
-15.00,40.00,101.67,53.24,8.98,-45.76,57.90,1
-15.00,45.00,65.18,24.15,-20.11,-46.47,57.73,1
-15.00,50.00,81.57,-4.94,-49.20,-45.76,57.90,1
-15.00,55.00,122.66,-33.14,-77.41,-43.67,58.44,1
-15.00,60.00,160.64,-59.61,-103.87,-40.25,59.40,1
-15.00,65.00,194.16,-83.53,-127.79,-35.60,60.93,1
-15.00,70.00,222.14,-104.18,-148.44,-29.87,63.27,1
-15.00,75.00,243.69,-120.93,-165.19,-23.24,66.80,1
-15.00,80.00,258.16,-133.27,-177.53,-15.89,72.16,1
-15.00,85.00,265.15,-140.83,-185.09,-8.07,79.98,1
-15.00,90.00,264.50,-143.37,-187.63,-0.00,90.00,1
-15.00,95.00,265.15,-140.83,-185.09,8.07,100.02,1
-15.00,100.00,258.16,-133.27,-177.53,15.89,107.84,1
-15.00,105.00,243.69,-120.93,-165.19,23.24,113.20,1
-15.00,110.00,222.14,-104.18,-148.44,29.87,116.73,1
-15.00,115.00,194.16,-83.53,-127.79,35.60,119.07,1
-15.00,120.00,160.64,-59.61,-103.87,40.25,120.60,1
-15.00,125.00,122.66,-33.14,-77.41,43.67,121.56,1
-15.00,130.00,81.57,-4.94,-49.20,45.76,122.10,1
-15.00,135.00,65.18,24.15,-20.11,46.47,122.27,1
-15.00,140.00,101.67,53.24,8.98,45.76,122.10,1
-15.00,145.00,138.77,81.45,37.18,43.67,121.56,1
-15.00,150.00,173.68,107.91,63.65,40.25,120.60,1
-15.00,155.00,204.77,131.83,87.57,35.60,119.07,1
-15.00,160.00,230.76,152.48,108.22,29.87,116.73,1
-15.00,165.00,250.60,169.23,124.97,23.24,113.20,1
-15.00,170.00,263.56,181.57,137.31,15.89,107.84,1
-15.00,175.00,269.11,189.13,144.87,8.07,100.02,1
-15.00,180.00,267.08,191.67,147.41,0.00,90.00,1
-15.00,185.00,269.11,189.13,144.87,-8.07,79.98,1
-15.00,190.00,263.56,181.57,137.31,-15.89,72.16,1
-15.00,195.00,250.60,169.23,124.97,-23.24,66.80,1
-15.00,200.00,230.76,152.48,108.22,-29.87,63.27,1
-15.00,205.00,204.77,131.83,87.57,-35.60,60.93,1
-15.00,210.00,173.68,107.91,63.65,-40.25,59.40,1
-15.00,215.00,138.77,81.45,37.18,-43.67,58.44,1
-15.00,220.00,101.67,53.24,8.98,-45.76,57.90,1
-15.00,225.00,65.18,24.15,-20.11,-46.47,57.73,1
-15.00,230.00,81.57,-4.94,-49.20,-45.76,57.90,1
-15.00,235.00,122.66,-33.14,-77.41,-43.67,58.44,1
-15.00,240.00,160.64,-59.61,-103.87,-40.25,59.40,1
-15.00,245.00,194.16,-83.53,-127.79,-35.60,60.93,1
-15.00,250.00,222.14,-104.18,-148.44,-29.87,63.27,1
-15.00,255.00,243.69,-120.93,-165.19,-23.24,66.80,1
-15.00,260.00,258.16,-133.27,-177.53,-15.89,72.16,1
-15.00,265.00,265.15,-140.83,-185.09,-8.07,79.98,1
-15.00,270.00,264.50,-143.37,-187.63,-0.00,90.00,1
-15.00,275.00,265.15,-140.83,-185.09,8.07,100.02,1
-15.00,280.00,258.16,-133.27,-177.53,15.89,107.84,1
-15.00,285.00,243.69,-120.93,-165.19,23.24,113.20,1
-15.00,290.00,222.14,-104.18,-148.44,29.87,116.73,1
-15.00,295.00,194.16,-83.53,-127.79,35.60,119.07,1
-15.00,300.00,160.64,-59.61,-103.87,40.25,120.60,1
-15.00,305.00,122.66,-33.14,-77.41,43.67,121.56,1
-15.00,310.00,81.57,-4.94,-49.20,45.76,122.10,1
-15.00,315.00,65.18,24.15,-20.11,46.47,122.27,1
-15.00,320.00,101.67,53.24,8.98,45.76,122.10,1
-15.00,325.00,138.77,81.45,37.18,43.67,121.56,1
-15.00,330.00,173.68,107.91,63.65,40.25,120.60,1
-15.00,335.00,204.77,131.83,87.57,35.60,119.07,1
-15.00,340.00,230.76,152.48,108.22,29.87,116.73,1
-15.00,345.00,250.60,169.23,124.97,23.24,113.20,1
-15.00,350.00,263.56,181.57,137.31,15.89,107.84,1
-15.00,355.00,269.11,189.13,144.87,8.07,100.02,1
-15.00,360.00,267.08,191.67,147.41,0.00,90.00,1
-10.00,0.00,273.96,201.59,148.50,0.00,90.00,1
-10.00,5.00,273.96,198.94,145.86,-5.41,84.24,1
-10.00,10.00,265.97,191.08,138.00,-10.66,79.06,1
-10.00,15.00,250.29,178.26,125.17,-15.59,74.79,1
-10.00,20.00,227.52,160.85,107.76,-20.04,71.47,1
-10.00,25.00,198.52,139.38,86.30,-23.88,69.01,1
-10.00,30.00,164.51,114.52,61.44,-27.00,67.25,1
-10.00,35.00,127.06,87.01,33.93,-29.30,66.09,1
-10.00,40.00,88.24,57.69,4.61,-30.70,65.42,1
-10.00,45.00,50.83,27.45,-25.63,-31.18,65.20,1
-10.00,50.00,70.71,-2.79,-55.87,-30.70,65.42,1
-10.00,55.00,113.47,-32.11,-85.19,-29.30,66.09,1
-10.00,60.00,154.25,-59.62,-112.70,-27.00,67.25,1
-10.00,65.00,190.65,-84.48,-137.56,-23.88,69.01,1
-10.00,70.00,221.44,-105.95,-159.03,-20.04,71.47,1
-10.00,75.00,245.67,-123.36,-176.44,-15.59,74.79,1
-10.00,80.00,262.59,-136.18,-189.27,-10.66,79.06,1
-10.00,85.00,271.72,-144.04,-197.12,-5.41,84.24,1
-10.00,90.00,272.79,-146.69,-199.77,-0.00,90.00,1
-10.00,95.00,271.72,-144.04,-197.12,5.41,95.76,1
-10.00,100.00,262.59,-136.18,-189.27,10.66,100.94,1
-10.00,105.00,245.67,-123.36,-176.44,15.59,105.21,1
-10.00,110.00,221.44,-105.95,-159.03,20.04,108.53,1
-10.00,115.00,190.65,-84.48,-137.56,23.88,110.99,1
-10.00,120.00,154.25,-59.62,-112.70,27.00,112.75,1
-10.00,125.00,113.47,-32.11,-85.19,29.30,113.91,1
-10.00,130.00,70.71,-2.79,-55.87,30.70,114.58,1
-10.00,135.00,50.83,27.45,-25.63,31.18,114.80,1
-10.00,140.00,88.24,57.69,4.61,30.70,114.58,1
-10.00,145.00,127.06,87.01,33.93,29.30,113.91,1
-10.00,150.00,164.51,114.52,61.44,27.00,112.75,1
-10.00,155.00,198.52,139.38,86.30,23.88,110.99,1
-10.00,160.00,227.52,160.85,107.76,20.04,108.53,1
-10.00,165.00,250.29,178.26,125.17,15.59,105.21,1
-10.00,170.00,265.97,191.08,138.00,10.66,100.94,1
-10.00,175.00,273.96,198.94,145.86,5.41,95.76,1
-10.00,180.00,273.96,201.59,148.50,0.00,90.00,1
-10.00,185.00,273.96,198.94,145.86,-5.41,84.24,1
-10.00,190.00,265.97,191.08,138.00,-10.66,79.06,1
-10.00,195.00,250.29,178.26,125.17,-15.59,74.79,1
-10.00,200.00,227.52,160.85,107.76,-20.04,71.47,1
-10.00,205.00,198.52,139.38,86.30,-23.88,69.01,1
-10.00,210.00,164.51,114.52,61.44,-27.00,67.25,1
-10.00,215.00,127.06,87.01,33.93,-29.30,66.09,1
-10.00,220.00,88.24,57.69,4.61,-30.70,65.42,1
-10.00,225.00,50.83,27.45,-25.63,-31.18,65.20,1
-10.00,230.00,70.71,-2.79,-55.87,-30.70,65.42,1
-10.00,235.00,113.47,-32.11,-85.19,-29.30,66.09,1
-10.00,240.00,154.25,-59.62,-112.70,-27.00,67.25,1
-10.00,245.00,190.65,-84.48,-137.56,-23.88,69.01,1
-10.00,250.00,221.44,-105.95,-159.03,-20.04,71.47,1
-10.00,255.00,245.67,-123.36,-176.44,-15.59,74.79,1
-10.00,260.00,262.59,-136.18,-189.27,-10.66,79.06,1
-10.00,265.00,271.72,-144.04,-197.12,-5.41,84.24,1
-10.00,270.00,272.79,-146.69,-199.77,-0.00,90.00,1
-10.00,275.00,271.72,-144.04,-197.12,5.41,95.76,1
-10.00,280.00,262.59,-136.18,-189.27,10.66,100.94,1
-10.00,285.00,245.67,-123.36,-176.44,15.59,105.21,1
-10.00,290.00,221.44,-105.95,-159.03,20.04,108.53,1
-10.00,295.00,190.65,-84.48,-137.56,23.88,110.99,1
-10.00,300.00,154.25,-59.62,-112.70,27.00,112.75,1
-10.00,305.00,113.47,-32.11,-85.19,29.30,113.91,1
-10.00,310.00,70.71,-2.79,-55.87,30.70,114.58,1
-10.00,315.00,50.83,27.45,-25.63,31.18,114.80,1
-10.00,320.00,88.24,57.69,4.61,30.70,114.58,1
-10.00,325.00,127.06,87.01,33.93,29.30,113.91,1
-10.00,330.00,164.51,114.52,61.44,27.00,112.75,1
-10.00,335.00,198.52,139.38,86.30,23.88,110.99,1
-10.00,340.00,227.52,160.85,107.76,20.04,108.53,1
-10.00,345.00,250.29,178.26,125.17,15.59,105.21,1
-10.00,350.00,265.97,191.08,138.00,10.66,100.94,1
-10.00,355.00,273.96,198.94,145.86,5.41,95.76,1
-10.00,360.00,273.96,201.59,148.50,0.00,90.00,1
-5.00,0.00,278.19,207.66,149.17,0.00,90.00,1
-5.00,5.00,276.08,204.95,146.47,-2.72,87.35,1
-5.00,10.00,265.74,196.91,138.43,-5.35,84.81,1
-5.00,15.00,247.54,183.78,125.30,-7.82,82.51,1
-5.00,20.00,222.11,165.97,107.49,-10.06,80.51,1
-5.00,25.00,190.39,144.01,85.52,-11.99,78.85,1
-5.00,30.00,153.66,118.56,60.08,-13.55,77.57,1
-5.00,35.00,113.80,90.41,31.93,-14.71,76.65,1
-5.00,40.00,73.87,60.41,1.93,-15.41,76.10,1
-5.00,45.00,37.39,29.47,-29.01,-15.65,75.92,0
-5.00,50.00,63.80,-1.47,-59.95,-15.41,76.10,1
-5.00,55.00,105.45,-31.47,-89.95,-14.71,76.65,1
-5.00,60.00,147.89,-59.62,-118.10,-13.55,77.57,1
-5.00,65.00,186.23,-85.07,-143.55,-11.99,78.85,1
-5.00,70.00,219.06,-107.03,-165.51,-10.06,80.51,1
-5.00,75.00,245.34,-124.84,-183.33,-7.82,82.51,1
-5.00,80.00,264.23,-137.97,-196.45,-5.35,84.81,1
-5.00,85.00,275.20,-146.01,-204.49,-2.72,87.35,1
-5.00,90.00,277.89,-148.72,-207.20,-0.00,90.00,1
-5.00,95.00,275.20,-146.01,-204.49,2.72,92.65,1
-5.00,100.00,264.23,-137.97,-196.45,5.35,95.19,1
-5.00,105.00,245.34,-124.84,-183.33,7.82,97.49,1
-5.00,110.00,219.06,-107.03,-165.51,10.06,99.49,1
-5.00,115.00,186.23,-85.07,-143.55,11.99,101.15,1
-5.00,120.00,147.89,-59.62,-118.10,13.55,102.43,1
-5.00,125.00,105.45,-31.47,-89.95,14.71,103.35,1
-5.00,130.00,63.80,-1.47,-59.95,15.41,103.90,1
-5.00,135.00,37.39,29.47,-29.01,15.65,104.08,0
-5.00,140.00,73.87,60.41,1.93,15.41,103.90,1
-5.00,145.00,113.80,90.41,31.93,14.71,103.35,1
-5.00,150.00,153.66,118.56,60.08,13.55,102.43,1
-5.00,155.00,190.39,144.01,85.52,11.99,101.15,1
-5.00,160.00,222.11,165.97,107.49,10.06,99.49,1
-5.00,165.00,247.54,183.78,125.30,7.82,97.49,1
-5.00,170.00,265.74,196.91,138.43,5.35,95.19,1
-5.00,175.00,276.08,204.95,146.47,2.72,92.65,1
-5.00,180.00,278.19,207.66,149.17,0.00,90.00,1
-5.00,185.00,276.08,204.95,146.47,-2.72,87.35,1
-5.00,190.00,265.74,196.91,138.43,-5.35,84.81,1
-5.00,195.00,247.54,183.78,125.30,-7.82,82.51,1
-5.00,200.00,222.11,165.97,107.49,-10.06,80.51,1
-5.00,205.00,190.39,144.01,85.52,-11.99,78.85,1
-5.00,210.00,153.66,118.56,60.08,-13.55,77.57,1
-5.00,215.00,113.80,90.41,31.93,-14.71,76.65,1
-5.00,220.00,73.87,60.41,1.93,-15.41,76.10,1
-5.00,225.00,37.39,29.47,-29.01,-15.65,75.92,0
-5.00,230.00,63.80,-1.47,-59.95,-15.41,76.10,1
-5.00,235.00,105.45,-31.47,-89.95,-14.71,76.65,1
-5.00,240.00,147.89,-59.62,-118.10,-13.55,77.57,1
-5.00,245.00,186.23,-85.07,-143.55,-11.99,78.85,1
-5.00,250.00,219.06,-107.03,-165.51,-10.06,80.51,1
-5.00,255.00,245.34,-124.84,-183.33,-7.82,82.51,1
-5.00,260.00,264.23,-137.97,-196.45,-5.35,84.81,1
-5.00,265.00,275.20,-146.01,-204.49,-2.72,87.35,1
-5.00,270.00,277.89,-148.72,-207.20,-0.00,90.00,1
-5.00,275.00,275.20,-146.01,-204.49,2.72,92.65,1
-5.00,280.00,264.23,-137.97,-196.45,5.35,95.19,1
-5.00,285.00,245.34,-124.84,-183.33,7.82,97.49,1
-5.00,290.00,219.06,-107.03,-165.51,10.06,99.49,1
-5.00,295.00,186.23,-85.07,-143.55,11.99,101.15,1
-5.00,300.00,147.89,-59.62,-118.10,13.55,102.43,1
-5.00,305.00,105.45,-31.47,-89.95,14.71,103.35,1
-5.00,310.00,63.80,-1.47,-59.95,15.41,103.90,1
-5.00,315.00,37.39,29.47,-29.01,15.65,104.08,0
-5.00,320.00,73.87,60.41,1.93,15.41,103.90,1
-5.00,325.00,113.80,90.41,31.93,14.71,103.35,1
-5.00,330.00,153.66,118.56,60.08,13.55,102.43,1
-5.00,335.00,190.39,144.01,85.52,11.99,101.15,1
-5.00,340.00,222.11,165.97,107.49,10.06,99.49,1
-5.00,345.00,247.54,183.78,125.30,7.82,97.49,1
-5.00,350.00,265.74,196.91,138.43,5.35,95.19,1
-5.00,355.00,276.08,204.95,146.47,2.72,92.65,1
-5.00,360.00,278.19,207.66,149.17,0.00,90.00,1
0.00,0.00,279.61,209.70,149.40,0.00,90.00,1
0.00,5.00,275.40,206.97,146.67,0.00,90.00,1
0.00,10.00,262.90,198.87,138.57,0.00,90.00,1
0.00,15.00,242.50,185.64,125.34,0.00,90.00,1
0.00,20.00,214.85,167.69,107.39,0.00,90.00,1
0.00,25.00,180.86,145.56,85.26,0.00,90.00,1
0.00,30.00,141.71,119.93,59.63,0.00,90.00,1
0.00,35.00,99.24,91.56,31.26,0.00,90.00,1
0.00,40.00,61.33,61.33,1.03,0.00,90.00,1
0.00,45.00,30.15,30.15,-30.15,0.00,90.00,0
0.00,50.00,61.33,-1.03,-61.33,0.00,90.00,1
0.00,55.00,99.24,-31.26,-91.56,0.00,90.00,1
0.00,60.00,141.71,-59.62,-119.92,0.00,90.00,1
0.00,65.00,180.86,-85.26,-145.56,0.00,90.00,1
0.00,70.00,214.85,-107.39,-167.69,0.00,90.00,1
0.00,75.00,242.50,-125.34,-185.64,0.00,90.00,1
0.00,80.00,262.90,-138.57,-198.87,0.00,90.00,1
0.00,85.00,275.40,-146.67,-206.97,0.00,90.00,1
0.00,90.00,279.61,-149.40,-209.70,0.00,90.00,1
0.00,95.00,275.40,-146.67,-206.97,-0.00,90.00,1
0.00,100.00,262.90,-138.57,-198.87,-0.00,90.00,1
0.00,105.00,242.50,-125.34,-185.64,-0.00,90.00,1
0.00,110.00,214.85,-107.39,-167.69,-0.00,90.00,1
0.00,115.00,180.86,-85.26,-145.56,-0.00,90.00,1
0.00,120.00,141.71,-59.63,-119.93,-0.00,90.00,1
0.00,125.00,99.24,-31.26,-91.56,-0.00,90.00,1
0.00,130.00,61.33,-1.03,-61.33,-0.00,90.00,1
0.00,135.00,30.15,30.15,-30.15,-0.00,90.00,0
0.00,140.00,61.33,61.33,1.03,0.00,90.00,1
0.00,145.00,99.24,91.56,31.26,0.00,90.00,1
0.00,150.00,141.71,119.93,59.63,0.00,90.00,1
0.00,155.00,180.86,145.56,85.26,0.00,90.00,1
0.00,160.00,214.85,167.69,107.39,0.00,90.00,1
0.00,165.00,242.50,185.64,125.34,0.00,90.00,1
0.00,170.00,262.90,198.87,138.57,0.00,90.00,1
0.00,175.00,275.40,206.97,146.67,0.00,90.00,1
0.00,180.00,279.61,209.70,149.40,0.00,90.00,1
0.00,185.00,275.40,206.97,146.67,0.00,90.00,1
0.00,190.00,262.90,198.87,138.57,0.00,90.00,1
0.00,195.00,242.50,185.64,125.34,0.00,90.00,1
0.00,200.00,214.85,167.69,107.39,0.00,90.00,1
0.00,205.00,180.86,145.56,85.26,0.00,90.00,1
0.00,210.00,141.71,119.92,59.62,0.00,90.00,1
0.00,215.00,99.24,91.56,31.26,0.00,90.00,1
0.00,220.00,61.33,61.33,1.03,0.00,90.00,1
0.00,225.00,30.15,30.15,-30.15,0.00,90.00,0
0.00,230.00,61.33,-1.03,-61.33,0.00,90.00,1
0.00,235.00,99.24,-31.26,-91.56,0.00,90.00,1
0.00,240.00,141.71,-59.62,-119.92,0.00,90.00,1
0.00,245.00,180.86,-85.26,-145.56,0.00,90.00,1
0.00,250.00,214.85,-107.39,-167.69,0.00,90.00,1
0.00,255.00,242.50,-125.34,-185.64,0.00,90.00,1
0.00,260.00,262.90,-138.57,-198.87,0.00,90.00,1
0.00,265.00,275.40,-146.67,-206.97,0.00,90.00,1
0.00,270.00,279.61,-149.40,-209.70,0.00,90.00,1
0.00,275.00,275.40,-146.67,-206.97,-0.00,90.00,1
0.00,280.00,262.90,-138.57,-198.87,-0.00,90.00,1
0.00,285.00,242.50,-125.34,-185.64,-0.00,90.00,1
0.00,290.00,214.85,-107.39,-167.69,-0.00,90.00,1
0.00,295.00,180.86,-85.26,-145.56,-0.00,90.00,1
0.00,300.00,141.71,-59.62,-119.92,-0.00,90.00,1
0.00,305.00,99.24,-31.26,-91.56,-0.00,90.00,1
0.00,310.00,61.33,-1.03,-61.33,-0.00,90.00,1
0.00,315.00,30.15,30.15,-30.15,-0.00,90.00,0
0.00,320.00,61.33,61.33,1.03,0.00,90.00,1
0.00,325.00,99.24,91.56,31.26,0.00,90.00,1
0.00,330.00,141.71,119.92,59.62,0.00,90.00,1
0.00,335.00,180.86,145.56,85.26,0.00,90.00,1
0.00,340.00,214.85,167.69,107.39,0.00,90.00,1
0.00,345.00,242.50,185.64,125.34,0.00,90.00,1
0.00,350.00,262.90,198.87,138.57,0.00,90.00,1
0.00,355.00,275.40,206.97,146.67,0.00,90.00,1
0.00,360.00,279.61,209.70,149.40,0.00,90.00,1
5.00,0.00,278.19,207.66,149.17,0.00,90.00,1
5.00,5.00,276.08,204.95,146.47,2.72,92.65,1
5.00,10.00,265.74,196.91,138.43,5.35,95.19,1
5.00,15.00,247.54,183.78,125.30,7.82,97.49,1
5.00,20.00,222.11,165.97,107.49,10.06,99.49,1
5.00,25.00,190.39,144.01,85.52,11.99,101.15,1
5.00,30.00,153.66,118.56,60.08,13.55,102.43,1
5.00,35.00,113.80,90.41,31.93,14.71,103.35,1
5.00,40.00,73.87,60.41,1.93,15.41,103.90,1
5.00,45.00,37.39,29.47,-29.01,15.65,104.08,0
5.00,50.00,63.80,-1.47,-59.95,15.41,103.90,1
5.00,55.00,105.45,-31.47,-89.95,14.71,103.35,1
5.00,60.00,147.89,-59.62,-118.10,13.55,102.43,1
5.00,65.00,186.23,-85.07,-143.55,11.99,101.15,1
5.00,70.00,219.06,-107.03,-165.51,10.06,99.49,1
5.00,75.00,245.34,-124.84,-183.33,7.82,97.49,1
5.00,80.00,264.23,-137.97,-196.45,5.35,95.19,1
5.00,85.00,275.20,-146.01,-204.49,2.72,92.65,1
5.00,90.00,277.89,-148.72,-207.20,0.00,90.00,1
5.00,95.00,275.20,-146.01,-204.49,-2.72,87.35,1
5.00,100.00,264.23,-137.97,-196.45,-5.35,84.81,1
5.00,105.00,245.34,-124.84,-183.33,-7.82,82.51,1
5.00,110.00,219.06,-107.03,-165.51,-10.06,80.51,1
5.00,115.00,186.23,-85.07,-143.55,-11.99,78.85,1
5.00,120.00,147.89,-59.62,-118.10,-13.55,77.57,1
5.00,125.00,105.45,-31.47,-89.95,-14.71,76.65,1
5.00,130.00,63.80,-1.47,-59.95,-15.41,76.10,1
5.00,135.00,37.39,29.47,-29.01,-15.65,75.92,0
5.00,140.00,73.87,60.41,1.93,-15.41,76.10,1
5.00,145.00,113.80,90.41,31.93,-14.71,76.65,1
5.00,150.00,153.66,118.56,60.08,-13.55,77.57,1
5.00,155.00,190.39,144.01,85.52,-11.99,78.85,1
5.00,160.00,222.11,165.97,107.49,-10.06,80.51,1
5.00,165.00,247.54,183.78,125.30,-7.82,82.51,1
5.00,170.00,265.74,196.91,138.43,-5.35,84.81,1
5.00,175.00,276.08,204.95,146.47,-2.72,87.35,1
5.00,180.00,278.19,207.66,149.17,-0.00,90.00,1
5.00,185.00,276.08,204.95,146.47,2.72,92.65,1
5.00,190.00,265.74,196.91,138.43,5.35,95.19,1
5.00,195.00,247.54,183.78,125.30,7.82,97.49,1
5.00,200.00,222.11,165.97,107.49,10.06,99.49,1
5.00,205.00,190.39,144.01,85.52,11.99,101.15,1
5.00,210.00,153.66,118.56,60.08,13.55,102.43,1
5.00,215.00,113.80,90.41,31.93,14.71,103.35,1
5.00,220.00,73.87,60.41,1.93,15.41,103.90,1
5.00,225.00,37.39,29.47,-29.01,15.65,104.08,0
5.00,230.00,63.80,-1.47,-59.95,15.41,103.90,1
5.00,235.00,105.45,-31.47,-89.95,14.71,103.35,1
5.00,240.00,147.89,-59.62,-118.10,13.55,102.43,1
5.00,245.00,186.23,-85.07,-143.55,11.99,101.15,1
5.00,250.00,219.06,-107.03,-165.51,10.06,99.49,1
5.00,255.00,245.34,-124.84,-183.33,7.82,97.49,1
5.00,260.00,264.23,-137.97,-196.45,5.35,95.19,1
5.00,265.00,275.20,-146.01,-204.49,2.72,92.65,1
5.00,270.00,277.89,-148.72,-207.20,0.00,90.00,1
5.00,275.00,275.20,-146.01,-204.49,-2.72,87.35,1
5.00,280.00,264.23,-137.97,-196.45,-5.35,84.81,1
5.00,285.00,245.34,-124.84,-183.33,-7.82,82.51,1
5.00,290.00,219.06,-107.03,-165.51,-10.06,80.51,1
5.00,295.00,186.23,-85.07,-143.55,-11.99,78.85,1
5.00,300.00,147.89,-59.62,-118.10,-13.55,77.57,1
5.00,305.00,105.45,-31.47,-89.95,-14.71,76.65,1
5.00,310.00,63.80,-1.47,-59.95,-15.41,76.10,1
5.00,315.00,37.39,29.47,-29.01,-15.65,75.92,0
5.00,320.00,73.87,60.41,1.93,-15.41,76.10,1
5.00,325.00,113.80,90.41,31.93,-14.71,76.65,1
5.00,330.00,153.66,118.56,60.08,-13.55,77.57,1
5.00,335.00,190.39,144.01,85.52,-11.99,78.85,1
5.00,340.00,222.11,165.97,107.49,-10.06,80.51,1
5.00,345.00,247.54,183.78,125.30,-7.82,82.51,1
5.00,350.00,265.74,196.91,138.43,-5.35,84.81,1
5.00,355.00,276.08,204.95,146.47,-2.72,87.35,1
5.00,360.00,278.19,207.66,149.17,-0.00,90.00,1
10.00,0.00,273.96,201.59,148.50,0.00,90.00,1
10.00,5.00,273.96,198.94,145.86,5.41,95.76,1
10.00,10.00,265.97,191.08,138.00,10.66,100.94,1
10.00,15.00,250.29,178.26,125.17,15.59,105.21,1
10.00,20.00,227.52,160.85,107.76,20.04,108.53,1
10.00,25.00,198.52,139.38,86.30,23.88,110.99,1
10.00,30.00,164.51,114.52,61.44,27.00,112.75,1
10.00,35.00,127.06,87.01,33.93,29.30,113.91,1
10.00,40.00,88.24,57.69,4.61,30.70,114.58,1
10.00,45.00,50.83,27.45,-25.63,31.18,114.80,1
10.00,50.00,70.71,-2.79,-55.87,30.70,114.58,1
10.00,55.00,113.47,-32.11,-85.19,29.30,113.91,1
10.00,60.00,154.25,-59.62,-112.70,27.00,112.75,1
10.00,65.00,190.65,-84.48,-137.56,23.88,110.99,1
10.00,70.00,221.44,-105.95,-159.03,20.04,108.53,1
10.00,75.00,245.67,-123.36,-176.44,15.59,105.21,1
10.00,80.00,262.59,-136.18,-189.27,10.66,100.94,1
10.00,85.00,271.72,-144.04,-197.12,5.41,95.76,1
10.00,90.00,272.79,-146.69,-199.77,0.00,90.00,1
10.00,95.00,271.72,-144.04,-197.12,-5.41,84.24,1
10.00,100.00,262.59,-136.18,-189.27,-10.66,79.06,1
10.00,105.00,245.67,-123.36,-176.44,-15.59,74.79,1
10.00,110.00,221.44,-105.95,-159.03,-20.04,71.47,1
10.00,115.00,190.65,-84.48,-137.56,-23.88,69.01,1
10.00,120.00,154.25,-59.62,-112.70,-27.00,67.25,1
10.00,125.00,113.47,-32.11,-85.19,-29.30,66.09,1
10.00,130.00,70.71,-2.79,-55.87,-30.70,65.42,1
10.00,135.00,50.83,27.45,-25.63,-31.18,65.20,1
10.00,140.00,88.24,57.69,4.61,-30.70,65.42,1
10.00,145.00,127.06,87.01,33.93,-29.30,66.09,1
10.00,150.00,164.51,114.52,61.44,-27.00,67.25,1
10.00,155.00,198.52,139.38,86.30,-23.88,69.01,1
10.00,160.00,227.52,160.85,107.76,-20.04,71.47,1
10.00,165.00,250.29,178.26,125.17,-15.59,74.79,1
10.00,170.00,265.97,191.08,138.00,-10.66,79.06,1
10.00,175.00,273.96,198.94,145.86,-5.41,84.24,1
10.00,180.00,273.96,201.59,148.50,-0.00,90.00,1
10.00,185.00,273.96,198.94,145.86,5.41,95.76,1
10.00,190.00,265.97,191.08,138.00,10.66,100.94,1
10.00,195.00,250.29,178.26,125.17,15.59,105.21,1
10.00,200.00,227.52,160.85,107.76,20.04,108.53,1
10.00,205.00,198.52,139.38,86.30,23.88,110.99,1
10.00,210.00,164.51,114.52,61.44,27.00,112.75,1
10.00,215.00,127.06,87.01,33.93,29.30,113.91,1
10.00,220.00,88.24,57.69,4.61,30.70,114.58,1
10.00,225.00,50.83,27.45,-25.63,31.18,114.80,1
10.00,230.00,70.71,-2.79,-55.87,30.70,114.58,1
10.00,235.00,113.47,-32.11,-85.19,29.30,113.91,1
10.00,240.00,154.25,-59.62,-112.70,27.00,112.75,1
10.00,245.00,190.65,-84.48,-137.56,23.88,110.99,1
10.00,250.00,221.44,-105.95,-159.03,20.04,108.53,1
10.00,255.00,245.67,-123.36,-176.44,15.59,105.21,1
10.00,260.00,262.59,-136.18,-189.27,10.66,100.94,1
10.00,265.00,271.72,-144.04,-197.12,5.41,95.76,1
10.00,270.00,272.79,-146.69,-199.77,0.00,90.00,1
10.00,275.00,271.72,-144.04,-197.12,-5.41,84.24,1
10.00,280.00,262.59,-136.18,-189.27,-10.66,79.06,1
10.00,285.00,245.67,-123.36,-176.44,-15.59,74.79,1
10.00,290.00,221.44,-105.95,-159.03,-20.04,71.47,1
10.00,295.00,190.65,-84.48,-137.56,-23.88,69.01,1
10.00,300.00,154.25,-59.62,-112.70,-27.00,67.25,1
10.00,305.00,113.47,-32.11,-85.19,-29.30,66.09,1
10.00,310.00,70.71,-2.79,-55.87,-30.70,65.42,1
10.00,315.00,50.83,27.45,-25.63,-31.18,65.20,1
10.00,320.00,88.24,57.69,4.61,-30.70,65.42,1
10.00,325.00,127.06,87.01,33.93,-29.30,66.09,1
10.00,330.00,164.51,114.52,61.44,-27.00,67.25,1
10.00,335.00,198.52,139.38,86.30,-23.88,69.01,1
10.00,340.00,227.52,160.85,107.76,-20.04,71.47,1
10.00,345.00,250.29,178.26,125.17,-15.59,74.79,1
10.00,350.00,265.97,191.08,138.00,-10.66,79.06,1
10.00,355.00,273.96,198.94,145.86,-5.41,84.24,1
10.00,360.00,273.96,201.59,148.50,-0.00,90.00,1
15.00,0.00,267.08,191.67,147.41,0.00,90.00,1
15.00,5.00,269.11,189.13,144.87,8.07,100.02,1
15.00,10.00,263.56,181.57,137.31,15.89,107.84,1
15.00,15.00,250.60,169.23,124.97,23.24,113.20,1
15.00,20.00,230.76,152.48,108.22,29.87,116.73,1
15.00,25.00,204.77,131.83,87.57,35.60,119.07,1
15.00,30.00,173.68,107.91,63.65,40.25,120.60,1
15.00,35.00,138.77,81.45,37.18,43.67,121.56,1
15.00,40.00,101.67,53.24,8.98,45.76,122.10,1
15.00,45.00,65.18,24.15,-20.11,46.47,122.27,1
15.00,50.00,81.57,-4.94,-49.20,45.76,122.10,1
15.00,55.00,122.66,-33.14,-77.41,43.67,121.56,1
15.00,60.00,160.64,-59.61,-103.87,40.25,120.60,1
15.00,65.00,194.16,-83.53,-127.79,35.60,119.07,1
15.00,70.00,222.14,-104.18,-148.44,29.87,116.73,1
15.00,75.00,243.69,-120.93,-165.19,23.24,113.20,1
15.00,80.00,258.16,-133.27,-177.53,15.89,107.84,1
15.00,85.00,265.15,-140.83,-185.09,8.07,100.02,1
15.00,90.00,264.50,-143.37,-187.63,0.00,90.00,1
15.00,95.00,265.15,-140.83,-185.09,-8.07,79.98,1
15.00,100.00,258.16,-133.27,-177.53,-15.89,72.16,1
15.00,105.00,243.69,-120.93,-165.19,-23.24,66.80,1
15.00,110.00,222.14,-104.18,-148.44,-29.87,63.27,1
15.00,115.00,194.16,-83.53,-127.79,-35.60,60.93,1
15.00,120.00,160.64,-59.61,-103.87,-40.25,59.40,1
15.00,125.00,122.66,-33.14,-77.41,-43.67,58.44,1
15.00,130.00,81.57,-4.94,-49.20,-45.76,57.90,1
15.00,135.00,65.18,24.15,-20.11,-46.47,57.73,1
15.00,140.00,101.67,53.24,8.98,-45.76,57.90,1
15.00,145.00,138.77,81.45,37.18,-43.67,58.44,1
15.00,150.00,173.68,107.91,63.65,-40.25,59.40,1
15.00,155.00,204.77,131.83,87.57,-35.60,60.93,1
15.00,160.00,230.76,152.48,108.22,-29.87,63.27,1
15.00,165.00,250.60,169.23,124.97,-23.24,66.80,1
15.00,170.00,263.56,181.57,137.31,-15.89,72.16,1
15.00,175.00,269.11,189.13,144.87,-8.07,79.98,1
15.00,180.00,267.08,191.67,147.41,-0.00,90.00,1
15.00,185.00,269.11,189.13,144.87,8.07,100.02,1
15.00,190.00,263.56,181.57,137.31,15.89,107.84,1
15.00,195.00,250.60,169.23,124.97,23.24,113.20,1
15.00,200.00,230.76,152.48,108.22,29.87,116.73,1
15.00,205.00,204.77,131.83,87.57,35.60,119.07,1
15.00,210.00,173.68,107.91,63.65,40.25,120.60,1
15.00,215.00,138.77,81.45,37.18,43.67,121.56,1
15.00,220.00,101.67,53.24,8.98,45.76,122.10,1
15.00,225.00,65.18,24.15,-20.11,46.47,122.27,1
15.00,230.00,81.57,-4.94,-49.20,45.76,122.10,1
15.00,235.00,122.66,-33.14,-77.41,43.67,121.56,1
15.00,240.00,160.64,-59.61,-103.87,40.25,120.60,1
15.00,245.00,194.16,-83.53,-127.79,35.60,119.07,1
15.00,250.00,222.14,-104.18,-148.44,29.87,116.73,1
15.00,255.00,243.69,-120.93,-165.19,23.24,113.20,1
15.00,260.00,258.16,-133.27,-177.53,15.89,107.84,1
15.00,265.00,265.15,-140.83,-185.09,8.07,100.02,1
15.00,270.00,264.50,-143.37,-187.63,0.00,90.00,1
15.00,275.00,265.15,-140.83,-185.09,-8.07,79.98,1
15.00,280.00,258.16,-133.27,-177.53,-15.89,72.16,1
15.00,285.00,243.69,-120.93,-165.19,-23.24,66.80,1
15.00,290.00,222.14,-104.18,-148.44,-29.87,63.27,1
15.00,295.00,194.16,-83.53,-127.79,-35.60,60.93,1
15.00,300.00,160.64,-59.61,-103.87,-40.25,59.40,1
15.00,305.00,122.66,-33.14,-77.41,-43.67,58.44,1
15.00,310.00,81.57,-4.94,-49.20,-45.76,57.90,1
15.00,315.00,65.18,24.15,-20.11,-46.47,57.73,1
15.00,320.00,101.67,53.24,8.98,-45.76,57.90,1
15.00,325.00,138.77,81.45,37.18,-43.67,58.44,1
15.00,330.00,173.68,107.91,63.65,-40.25,59.40,1
15.00,335.00,204.77,131.83,87.57,-35.60,60.93,1
15.00,340.00,230.76,152.48,108.22,-29.87,63.27,1
15.00,345.00,250.60,169.23,124.97,-23.24,66.80,1
15.00,350.00,263.56,181.57,137.31,-15.89,72.16,1
15.00,355.00,269.11,189.13,144.87,-8.07,79.98,1
15.00,360.00,267.08,191.67,147.41,-0.00,90.00,1
20.00,0.00,257.73,178.22,145.93,0.00,90.00,1
20.00,5.00,261.67,175.81,143.52,10.66,106.72,1
20.00,10.00,258.55,168.66,136.36,21.00,116.22,1
20.00,15.00,248.46,156.98,124.68,30.70,121.13,1
20.00,20.00,231.74,141.13,108.83,39.47,123.88,1
20.00,25.00,208.99,121.59,89.29,47.04,125.53,1
20.00,30.00,181.00,98.95,66.65,53.18,126.56,1
20.00,35.00,148.87,73.90,41.61,57.71,127.18,1
20.00,40.00,113.95,47.21,14.91,60.48,127.53,1
20.00,45.00,79.39,19.67,-12.62,61.41,127.63,1
20.00,50.00,94.93,-7.86,-40.15,60.48,127.53,1
20.00,55.00,132.54,-34.55,-66.85,57.71,127.18,1
20.00,60.00,166.93,-59.60,-91.89,53.18,126.56,1
20.00,65.00,196.85,-82.24,-114.53,47.04,125.53,1
20.00,70.00,221.35,-101.78,-134.07,39.47,123.88,1
20.00,75.00,239.65,-117.63,-149.93,30.70,121.13,1
20.00,80.00,251.24,-129.31,-161.61,21.00,116.22,1
20.00,85.00,255.81,-136.46,-168.76,10.66,106.72,1
20.00,90.00,253.33,-138.87,-171.17,0.00,90.00,1
20.00,95.00,255.81,-136.46,-168.76,-10.66,73.28,1
20.00,100.00,251.24,-129.31,-161.61,-21.00,63.78,1
20.00,105.00,239.65,-117.63,-149.93,-30.70,58.87,1
20.00,110.00,221.35,-101.78,-134.07,-39.47,56.12,1
20.00,115.00,196.85,-82.24,-114.53,-47.04,54.47,1
20.00,120.00,166.93,-59.60,-91.89,-53.18,53.44,1
20.00,125.00,132.54,-34.55,-66.85,-57.71,52.82,1
20.00,130.00,94.93,-7.86,-40.15,-60.48,52.47,1
20.00,135.00,79.39,19.67,-12.62,-61.41,52.37,1
20.00,140.00,113.95,47.21,14.91,-60.48,52.47,1
20.00,145.00,148.87,73.90,41.61,-57.71,52.82,1
20.00,150.00,181.00,98.95,66.65,-53.18,53.44,1
20.00,155.00,208.99,121.59,89.29,-47.04,54.47,1
20.00,160.00,231.74,141.13,108.83,-39.47,56.12,1
20.00,165.00,248.46,156.98,124.68,-30.70,58.87,1
20.00,170.00,258.55,168.66,136.36,-21.00,63.78,1
20.00,175.00,261.67,175.81,143.52,-10.66,73.28,1
20.00,180.00,257.73,178.22,145.93,-0.00,90.00,1
20.00,185.00,261.67,175.81,143.52,10.66,106.72,1
20.00,190.00,258.55,168.66,136.36,21.00,116.22,1
20.00,195.00,248.46,156.98,124.68,30.70,121.13,1
20.00,200.00,231.74,141.13,108.83,39.47,123.88,1
20.00,205.00,208.99,121.59,89.29,47.04,125.53,1
20.00,210.00,181.00,98.95,66.65,53.18,126.56,1
20.00,215.00,148.87,73.90,41.61,57.71,127.18,1
20.00,220.00,113.95,47.21,14.91,60.48,127.53,1
20.00,225.00,79.39,19.67,-12.62,61.41,127.63,1
20.00,230.00,94.93,-7.86,-40.15,60.48,127.53,1
20.00,235.00,132.54,-34.55,-66.85,57.71,127.18,1
20.00,240.00,166.93,-59.60,-91.89,53.18,126.56,1
20.00,245.00,196.85,-82.24,-114.53,47.04,125.53,1
20.00,250.00,221.35,-101.78,-134.07,39.47,123.88,1
20.00,255.00,239.65,-117.63,-149.93,30.70,121.13,1
20.00,260.00,251.24,-129.31,-161.61,21.00,116.22,1
20.00,265.00,255.81,-136.46,-168.76,10.66,106.72,1
20.00,270.00,253.33,-138.87,-171.17,0.00,90.00,1
20.00,275.00,255.81,-136.46,-168.76,-10.66,73.28,1
20.00,280.00,251.24,-129.31,-161.61,-21.00,63.78,1
20.00,285.00,239.65,-117.63,-149.93,-30.70,58.87,1
20.00,290.00,221.35,-101.78,-134.07,-39.47,56.12,1
20.00,295.00,196.85,-82.24,-114.53,-47.04,54.47,1
20.00,300.00,166.93,-59.60,-91.89,-53.18,53.44,1
20.00,305.00,132.54,-34.55,-66.85,-57.71,52.82,1
20.00,310.00,94.93,-7.86,-40.15,-60.48,52.47,1
20.00,315.00,79.39,19.67,-12.62,-61.41,52.37,1
20.00,320.00,113.95,47.21,14.91,-60.48,52.47,1
20.00,325.00,148.87,73.90,41.61,-57.71,52.82,1
20.00,330.00,181.00,98.95,66.65,-53.18,53.44,1
20.00,335.00,208.99,121.59,89.29,-47.04,54.47,1
20.00,340.00,231.74,141.13,108.83,-39.47,56.12,1
20.00,345.00,248.46,156.98,124.68,-30.70,58.87,1
20.00,350.00,258.55,168.66,136.36,-21.00,63.78,1
20.00,355.00,261.67,175.81,143.52,-10.66,73.28,1
20.00,360.00,257.73,178.22,145.93,-0.00,90.00,1
25.00,0.00,246.19,161.64,144.10,0.00,90.00,1
25.00,5.00,251.82,159.40,141.85,13.18,118.18,1
25.00,10.00,251.11,152.74,135.20,25.95,125.66,1
25.00,15.00,243.95,141.88,124.34,37.94,128.49,1
25.00,20.00,230.49,127.13,109.59,48.78,129.90,1
25.00,25.00,211.13,108.95,91.41,58.13,130.71,1
25.00,30.00,186.48,87.90,70.35,65.71,131.20,1
25.00,35.00,157.39,64.60,47.06,71.30,131.49,1
25.00,40.00,125.03,39.77,22.22,74.73,131.65,1
25.00,45.00,93.34,14.16,-3.39,75.88,131.70,1
25.00,50.00,109.46,-11.45,-29.00,74.73,131.65,1
25.00,55.00,142.77,-36.29,-53.83,71.30,131.49,1
25.00,60.00,173.03,-59.58,-77.13,65.71,131.20,1
25.00,65.00,198.83,-80.64,-98.18,58.13,130.71,1
25.00,70.00,219.32,-98.82,-116.36,48.78,129.90,1
25.00,75.00,233.89,-113.57,-131.11,37.94,128.49,1
25.00,80.00,242.18,-124.43,-141.97,25.95,125.66,1
25.00,85.00,244.05,-131.08,-148.63,13.18,118.18,1
25.00,90.00,239.64,-133.33,-150.87,0.00,90.00,1
25.00,95.00,244.05,-131.08,-148.63,-13.18,61.82,1
25.00,100.00,242.18,-124.43,-141.97,-25.95,54.34,1
25.00,105.00,233.89,-113.57,-131.11,-37.94,51.51,1
25.00,110.00,219.32,-98.82,-116.36,-48.78,50.10,1
25.00,115.00,198.83,-80.64,-98.18,-58.13,49.29,1
25.00,120.00,173.03,-59.58,-77.13,-65.71,48.80,1
25.00,125.00,142.77,-36.29,-53.83,-71.30,48.51,1
25.00,130.00,109.46,-11.45,-29.00,-74.73,48.35,1
25.00,135.00,93.34,14.16,-3.39,-75.88,48.30,1
25.00,140.00,125.03,39.77,22.22,-74.73,48.35,1
25.00,145.00,157.39,64.60,47.06,-71.30,48.51,1
25.00,150.00,186.48,87.90,70.35,-65.71,48.80,1
25.00,155.00,211.13,108.95,91.41,-58.13,49.29,1
25.00,160.00,230.49,127.13,109.59,-48.78,50.10,1
25.00,165.00,243.95,141.88,124.34,-37.94,51.51,1
25.00,170.00,251.11,152.74,135.20,-25.95,54.34,1
25.00,175.00,251.82,159.40,141.85,-13.18,61.82,1
25.00,180.00,246.19,161.64,144.10,-0.00,90.00,1
25.00,185.00,251.82,159.40,141.85,13.18,118.18,1
25.00,190.00,251.11,152.74,135.20,25.95,125.66,1
25.00,195.00,243.95,141.88,124.34,37.94,128.49,1
25.00,200.00,230.49,127.13,109.59,48.78,129.90,1
25.00,205.00,211.13,108.95,91.41,58.13,130.71,1
25.00,210.00,186.48,87.90,70.35,65.71,131.20,1
25.00,215.00,157.39,64.60,47.06,71.30,131.49,1
25.00,220.00,125.03,39.77,22.22,74.73,131.65,1
25.00,225.00,93.34,14.16,-3.39,75.88,131.70,1
25.00,230.00,109.46,-11.45,-29.00,74.73,131.65,1
25.00,235.00,142.77,-36.29,-53.83,71.30,131.49,1
25.00,240.00,173.03,-59.58,-77.13,65.71,131.20,1
25.00,245.00,198.83,-80.64,-98.18,58.13,130.71,1
25.00,250.00,219.32,-98.82,-116.36,48.78,129.90,1
25.00,255.00,233.89,-113.57,-131.11,37.94,128.49,1
25.00,260.00,242.18,-124.43,-141.97,25.95,125.66,1
25.00,265.00,244.05,-131.08,-148.63,13.18,118.18,1
25.00,270.00,239.64,-133.33,-150.87,0.00,90.00,1
25.00,275.00,244.05,-131.08,-148.63,-13.18,61.82,1
25.00,280.00,242.18,-124.43,-141.97,-25.95,54.34,1
25.00,285.00,233.89,-113.57,-131.11,-37.94,51.51,1
25.00,290.00,219.32,-98.82,-116.36,-48.78,50.10,1
25.00,295.00,198.83,-80.64,-98.18,-58.13,49.29,1
25.00,300.00,173.03,-59.58,-77.13,-65.71,48.80,1
25.00,305.00,142.77,-36.29,-53.83,-71.30,48.51,1
25.00,310.00,109.46,-11.45,-29.00,-74.73,48.35,1
25.00,315.00,93.34,14.16,-3.39,-75.88,48.30,1
25.00,320.00,125.03,39.77,22.22,-74.73,48.35,1
25.00,325.00,157.39,64.60,47.06,-71.30,48.51,1
25.00,330.00,186.48,87.90,70.35,-65.71,48.80,1
25.00,335.00,211.13,108.95,91.41,-58.13,49.29,1
25.00,340.00,230.49,127.13,109.59,-48.78,50.10,1
25.00,345.00,243.95,141.88,124.34,-37.94,51.51,1
25.00,350.00,251.11,152.74,135.20,-25.95,54.34,1
25.00,355.00,251.82,159.40,141.85,-13.18,61.82,1
25.00,360.00,246.19,161.64,144.10,-0.00,90.00,1
30.00,0.00,232.77,142.43,141.97,0.00,90.00,1
30.00,5.00,239.82,140.38,139.93,15.59,134.59,1
30.00,10.00,241.44,134.30,133.85,30.70,134.79,1
30.00,15.00,237.24,124.38,123.93,44.89,134.86,1
30.00,20.00,227.14,110.92,110.47,57.71,134.89,1
30.00,25.00,211.31,94.32,93.87,68.77,134.91,1
30.00,30.00,190.17,75.09,74.64,77.75,134.92,1
30.00,35.00,164.37,53.82,53.37,84.36,134.92,1
30.00,40.00,134.91,31.15,30.70,88.41,134.93,1
30.00,45.00,107.38,7.76,7.31,89.77,134.93,1
30.00,50.00,124.38,-15.62,-16.07,88.41,134.93,1
30.00,55.00,153.09,-38.29,-38.74,84.36,134.92,1
30.00,60.00,178.88,-59.57,-60.02,77.75,134.92,1
30.00,65.00,200.21,-78.80,-79.25,68.77,134.91,1
30.00,70.00,216.31,-95.39,-95.84,57.71,134.89,1
30.00,75.00,226.76,-108.86,-109.31,44.89,134.86,1
30.00,80.00,231.39,-118.78,-119.23,30.70,134.79,1
30.00,85.00,230.30,-124.85,-125.30,15.59,134.59,1
30.00,90.00,223.88,-126.90,-127.35,0.00,90.00,1
30.00,95.00,230.30,-124.85,-125.30,-15.59,45.41,1
30.00,100.00,231.39,-118.78,-119.23,-30.70,45.21,1
30.00,105.00,226.76,-108.86,-109.31,-44.89,45.14,1
30.00,110.00,216.31,-95.39,-95.84,-57.71,45.11,1
30.00,115.00,200.21,-78.80,-79.25,-68.77,45.09,1
30.00,120.00,178.88,-59.57,-60.02,-77.75,45.08,1
30.00,125.00,153.09,-38.29,-38.74,-84.36,45.08,1
30.00,130.00,124.38,-15.62,-16.07,-88.41,45.07,1
30.00,135.00,107.38,7.76,7.31,-89.77,45.07,1
30.00,140.00,134.91,31.15,30.70,-88.41,45.07,1
30.00,145.00,164.37,53.82,53.37,-84.36,45.08,1
30.00,150.00,190.17,75.09,74.64,-77.75,45.08,1
30.00,155.00,211.31,94.32,93.87,-68.77,45.09,1
30.00,160.00,227.14,110.92,110.47,-57.71,45.11,1
30.00,165.00,237.24,124.38,123.93,-44.89,45.14,1
30.00,170.00,241.44,134.30,133.85,-30.70,45.21,1
30.00,175.00,239.82,140.38,139.93,-15.59,45.41,1
30.00,180.00,232.77,142.43,141.97,-0.00,90.00,1
30.00,185.00,239.82,140.38,139.93,15.59,134.59,1
30.00,190.00,241.44,134.30,133.85,30.70,134.79,1
30.00,195.00,237.24,124.38,123.93,44.89,134.86,1
30.00,200.00,227.14,110.92,110.47,57.71,134.89,1
30.00,205.00,211.31,94.32,93.87,68.77,134.91,1
30.00,210.00,190.17,75.09,74.64,77.75,134.92,1
30.00,215.00,164.37,53.82,53.37,84.36,134.92,1
30.00,220.00,134.91,31.15,30.70,88.41,134.93,1
30.00,225.00,107.38,7.76,7.31,89.77,134.93,1
30.00,230.00,124.38,-15.62,-16.07,88.41,134.93,1
30.00,235.00,153.09,-38.29,-38.74,84.36,134.92,1
30.00,240.00,178.88,-59.57,-60.02,77.75,134.92,1
30.00,245.00,200.21,-78.80,-79.25,68.77,134.91,1
30.00,250.00,216.31,-95.39,-95.84,57.71,134.89,1
30.00,255.00,226.76,-108.86,-109.31,44.89,134.86,1
30.00,260.00,231.39,-118.78,-119.23,30.70,134.79,1
30.00,265.00,230.30,-124.85,-125.30,15.59,134.59,1
30.00,270.00,223.88,-126.90,-127.35,0.00,90.00,1
30.00,275.00,230.30,-124.85,-125.30,-15.59,45.41,1
30.00,280.00,231.39,-118.78,-119.23,-30.70,45.21,1
30.00,285.00,226.76,-108.86,-109.31,-44.89,45.14,1
30.00,290.00,216.31,-95.39,-95.84,-57.71,45.11,1
30.00,295.00,200.21,-78.80,-79.25,-68.77,45.09,1
30.00,300.00,178.88,-59.57,-60.02,-77.75,45.08,1
30.00,305.00,153.09,-38.29,-38.74,-84.36,45.08,1
30.00,310.00,124.38,-15.62,-16.07,-88.41,45.07,1
30.00,315.00,107.38,7.76,7.31,-89.77,45.07,1
30.00,320.00,134.91,31.15,30.70,-88.41,45.07,1
30.00,325.00,164.37,53.82,53.37,-84.36,45.08,1
30.00,330.00,190.17,75.09,74.64,-77.75,45.08,1
30.00,335.00,211.31,94.32,93.87,-68.77,45.09,1
30.00,340.00,227.14,110.92,110.47,-57.71,45.11,1
30.00,345.00,237.24,124.38,123.93,-44.89,45.14,1
30.00,350.00,241.44,134.30,133.85,-30.70,45.21,1
30.00,355.00,239.82,140.38,139.93,-15.59,45.41,1
30.00,360.00,232.77,142.43,141.97,-0.00,90.00,1
35.00,0.00,217.80,121.17,139.63,0.00,0.00,1
35.00,5.00,226.01,119.34,137.80,17.88,148.65,1
35.00,10.00,229.82,113.90,132.36,35.22,142.34,1
35.00,15.00,228.56,105.03,123.49,51.49,140.08,1
35.00,20.00,221.86,92.98,111.44,66.20,138.97,1
35.00,25.00,209.67,78.13,96.59,78.89,138.34,1
35.00,30.00,192.20,60.93,79.39,89.19,137.95,1
35.00,35.00,169.89,41.90,60.36,96.77,137.72,1
35.00,40.00,143.59,21.61,40.07,101.42,137.60,1
35.00,45.00,126.74,0.69,19.15,102.99,137.56,1
35.00,50.00,139.19,-20.23,-1.77,101.42,137.60,1
35.00,55.00,163.27,-40.52,-22.06,96.77,137.72,1
35.00,60.00,184.42,-59.55,-41.09,89.19,137.95,1
35.00,65.00,201.06,-76.75,-58.29,78.89,138.34,1
35.00,70.00,212.55,-91.60,-73.14,66.20,138.97,1
35.00,75.00,218.61,-103.65,-85.19,51.49,140.08,1
35.00,80.00,219.29,-112.53,-94.06,35.22,142.34,1
35.00,85.00,215.00,-117.96,-99.50,17.88,148.65,1
35.00,90.00,206.50,-119.79,-101.33,0.00,180.00,1
35.00,95.00,215.00,-117.96,-99.50,-17.88,31.35,1
35.00,100.00,219.29,-112.53,-94.06,-35.22,37.66,1
35.00,105.00,218.61,-103.65,-85.19,-51.49,39.92,1
35.00,110.00,212.55,-91.60,-73.14,-66.20,41.03,1
35.00,115.00,201.06,-76.75,-58.29,-78.89,41.66,1
35.00,120.00,184.42,-59.55,-41.09,-89.19,42.05,1
35.00,125.00,163.27,-40.52,-22.06,-96.77,42.28,1
35.00,130.00,139.19,-20.23,-1.77,-101.42,42.40,1
35.00,135.00,126.74,0.69,19.15,-102.99,42.44,1
35.00,140.00,143.59,21.61,40.07,-101.42,42.40,1
35.00,145.00,169.89,41.90,60.36,-96.77,42.28,1
35.00,150.00,192.20,60.93,79.39,-89.19,42.05,1
35.00,155.00,209.67,78.13,96.59,-78.89,41.66,1
35.00,160.00,221.86,92.98,111.44,-66.20,41.03,1
35.00,165.00,228.56,105.03,123.49,-51.49,39.92,1
35.00,170.00,229.82,113.90,132.36,-35.22,37.66,1
35.00,175.00,226.01,119.34,137.80,-17.88,31.35,1
35.00,180.00,217.80,121.17,139.63,-0.00,0.00,1
35.00,185.00,226.01,119.34,137.80,17.88,148.65,1
35.00,190.00,229.82,113.90,132.36,35.22,142.34,1
35.00,195.00,228.56,105.03,123.49,51.49,140.08,1
35.00,200.00,221.86,92.98,111.44,66.20,138.97,1
35.00,205.00,209.67,78.13,96.59,78.89,138.34,1
35.00,210.00,192.20,60.93,79.39,89.19,137.95,1
35.00,215.00,169.89,41.90,60.36,96.77,137.72,1
35.00,220.00,143.59,21.61,40.07,101.42,137.60,1
35.00,225.00,126.74,0.69,19.15,102.99,137.56,1
35.00,230.00,139.19,-20.23,-1.77,101.42,137.60,1
35.00,235.00,163.27,-40.52,-22.06,96.77,137.72,1
35.00,240.00,184.42,-59.55,-41.09,89.19,137.95,1
35.00,245.00,201.06,-76.75,-58.29,78.89,138.34,1
35.00,250.00,212.55,-91.60,-73.14,66.20,138.97,1
35.00,255.00,218.61,-103.65,-85.19,51.49,140.08,1
35.00,260.00,219.29,-112.53,-94.06,35.22,142.34,1
35.00,265.00,215.00,-117.96,-99.50,17.88,148.65,1
35.00,270.00,206.50,-119.79,-101.33,0.00,180.00,1
35.00,275.00,215.00,-117.96,-99.50,-17.88,31.35,1
35.00,280.00,219.29,-112.53,-94.06,-35.22,37.66,1
35.00,285.00,218.61,-103.65,-85.19,-51.49,39.92,1
35.00,290.00,212.55,-91.60,-73.14,-66.20,41.03,1
35.00,295.00,201.06,-76.75,-58.29,-78.89,41.66,1
35.00,300.00,184.42,-59.55,-41.09,-89.19,42.05,1
35.00,305.00,163.27,-40.52,-22.06,-96.77,42.28,1
35.00,310.00,139.19,-20.23,-1.77,-101.42,42.40,1
35.00,315.00,126.74,0.69,19.15,-102.99,42.44,1
35.00,320.00,143.59,21.61,40.07,-101.42,42.40,1
35.00,325.00,169.89,41.90,60.36,-96.77,42.28,1
35.00,330.00,192.20,60.93,79.39,-89.19,42.05,1
35.00,335.00,209.67,78.13,96.59,-78.89,41.66,1
35.00,340.00,221.86,92.98,111.44,-66.20,41.03,1
35.00,345.00,228.56,105.03,123.49,-51.49,39.92,1
35.00,350.00,229.82,113.90,132.36,-35.22,37.66,1
35.00,355.00,226.01,119.34,137.80,-17.88,31.35,1
35.00,360.00,217.80,121.17,139.63,-0.00,0.00,1
40.00,0.00,201.62,98.51,137.13,0.00,0.00,1
40.00,5.00,210.69,96.91,135.53,20.04,156.97,1
40.00,10.00,216.56,92.16,130.77,39.47,148.03,1
40.00,15.00,218.18,84.40,123.01,57.71,144.25,1
40.00,20.00,214.91,73.86,112.48,74.19,142.29,1
40.00,25.00,206.41,60.88,99.49,88.41,141.16,1
40.00,30.00,192.71,45.83,84.45,99.95,140.47,1
40.00,35.00,174.05,29.19,67.80,108.45,140.05,1
40.00,40.00,151.11,11.45,50.06,113.66,139.82,1
40.00,45.00,146.93,-6.85,31.76,115.41,139.75,1
40.00,50.00,153.53,-25.15,13.47,113.66,139.82,1
40.00,55.00,173.12,-42.89,-4.27,108.45,140.05,1
40.00,60.00,189.58,-59.53,-20.92,99.95,140.47,1
40.00,65.00,201.47,-74.58,-35.96,88.41,141.16,1
40.00,70.00,208.24,-87.56,-48.95,74.19,142.29,1
40.00,75.00,209.77,-98.10,-59.48,57.71,144.25,1
40.00,80.00,206.31,-105.86,-67.25,39.47,148.03,1
40.00,85.00,198.59,-110.61,-72.00,20.04,156.97,1
40.00,90.00,187.96,-112.21,-73.60,0.00,0.00,1
40.00,95.00,198.59,-110.61,-72.00,-20.04,23.03,1
40.00,100.00,206.31,-105.86,-67.25,-39.47,31.97,1
40.00,105.00,209.77,-98.10,-59.48,-57.71,35.75,1
40.00,110.00,208.24,-87.56,-48.95,-74.19,37.71,1
40.00,115.00,201.47,-74.58,-35.96,-88.41,38.84,1
40.00,120.00,189.58,-59.53,-20.92,-99.95,39.53,1
40.00,125.00,173.12,-42.89,-4.27,-108.45,39.95,1
40.00,130.00,153.53,-25.15,13.47,-113.66,40.18,1
40.00,135.00,146.93,-6.85,31.76,-115.41,40.25,1
40.00,140.00,151.11,11.45,50.06,-113.66,40.18,1
40.00,145.00,174.05,29.19,67.80,-108.45,39.95,1
40.00,150.00,192.71,45.83,84.45,-99.95,39.53,1
40.00,155.00,206.41,60.88,99.49,-88.41,38.84,1
40.00,160.00,214.91,73.86,112.48,-74.19,37.71,1
40.00,165.00,218.18,84.40,123.01,-57.71,35.75,1
40.00,170.00,216.56,92.16,130.77,-39.47,31.97,1
40.00,175.00,210.69,96.91,135.53,-20.04,23.03,1
40.00,180.00,201.62,98.51,137.13,-0.00,0.00,1
40.00,185.00,210.69,96.91,135.53,20.04,156.97,1
40.00,190.00,216.56,92.16,130.77,39.47,148.03,1
40.00,195.00,218.18,84.40,123.01,57.71,144.25,1
40.00,200.00,214.91,73.86,112.48,74.19,142.29,1
40.00,205.00,206.41,60.88,99.49,88.41,141.16,1
40.00,210.00,192.71,45.83,84.45,99.95,140.47,1
40.00,215.00,174.05,29.19,67.80,108.45,140.05,1
40.00,220.00,151.11,11.45,50.06,113.66,139.82,1
40.00,225.00,146.93,-6.85,31.76,115.41,139.75,1
40.00,230.00,153.53,-25.15,13.47,113.66,139.82,1
40.00,235.00,173.12,-42.89,-4.27,108.45,140.05,1
40.00,240.00,189.58,-59.53,-20.92,99.95,140.47,1
40.00,245.00,201.47,-74.58,-35.96,88.41,141.16,1
40.00,250.00,208.24,-87.56,-48.95,74.19,142.29,1
40.00,255.00,209.77,-98.10,-59.48,57.71,144.25,1
40.00,260.00,206.31,-105.86,-67.25,39.47,148.03,1
40.00,265.00,198.59,-110.61,-72.00,20.04,156.97,1
40.00,270.00,187.96,-112.21,-73.60,0.00,180.00,1
40.00,275.00,198.59,-110.61,-72.00,-20.04,23.03,1
40.00,280.00,206.31,-105.86,-67.25,-39.47,31.97,1
40.00,285.00,209.77,-98.10,-59.48,-57.71,35.75,1
40.00,290.00,208.24,-87.56,-48.95,-74.19,37.71,1
40.00,295.00,201.47,-74.58,-35.96,-88.41,38.84,1
40.00,300.00,189.58,-59.53,-20.92,-99.95,39.53,1
40.00,305.00,173.12,-42.89,-4.27,-108.45,39.95,1
40.00,310.00,153.53,-25.15,13.47,-113.66,40.18,1
40.00,315.00,146.93,-6.85,31.76,-115.41,40.25,1
40.00,320.00,151.11,11.45,50.06,-113.66,40.18,1
40.00,325.00,174.05,29.19,67.80,-108.45,39.95,1
40.00,330.00,192.71,45.83,84.45,-99.95,39.53,1
40.00,335.00,206.41,60.88,99.49,-88.41,38.84,1
40.00,340.00,214.91,73.86,112.48,-74.19,37.71,1
40.00,345.00,218.18,84.40,123.01,-57.71,35.75,1
40.00,350.00,216.56,92.16,130.77,-39.47,31.97,1
40.00,355.00,210.69,96.91,135.53,-20.04,23.03,1
40.00,360.00,201.62,98.51,137.13,-0.00,0.00,1
45.00,0.00,184.61,75.15,134.55,0.00,0.00,1
45.00,5.00,194.21,73.79,133.19,22.05,161.71,1
45.00,10.00,201.97,69.74,129.14,43.42,152.19,1
45.00,15.00,206.42,63.12,122.52,63.48,147.54,1
45.00,20.00,206.54,54.15,113.55,81.61,145.00,1
45.00,25.00,201.76,43.08,102.48,97.26,143.49,1
45.00,30.00,191.89,30.26,89.66,109.95,142.56,1
45.00,35.00,176.98,16.08,75.48,119.30,141.99,1
45.00,40.00,165.60,0.96,60.36,125.03,141.68,1
45.00,45.00,166.90,-14.62,44.77,126.96,141.58,1
45.00,50.00,167.13,-30.21,29.19,125.03,141.68,1
45.00,55.00,182.43,-45.33,14.07,119.30,141.99,1
45.00,60.00,194.28,-59.51,-0.11,109.95,142.56,1
45.00,65.00,201.47,-72.33,-12.93,97.26,143.49,1
45.00,70.00,203.56,-83.40,-24.00,81.61,145.00,1
45.00,75.00,200.54,-92.37,-32.97,63.48,147.54,1
45.00,80.00,192.84,-98.99,-39.59,43.42,152.19,1
45.00,85.00,181.50,-103.04,-43.64,22.05,161.71,1
45.00,90.00,168.66,-104.40,-45.00,0.00,0.00,1
45.00,95.00,181.50,-103.04,-43.64,-22.05,18.29,1
45.00,100.00,192.84,-98.99,-39.59,-43.42,27.81,1
45.00,105.00,200.54,-92.37,-32.97,-63.48,32.46,1
45.00,110.00,203.56,-83.40,-24.00,-81.61,35.00,1
45.00,115.00,201.47,-72.33,-12.93,-97.26,36.51,1
45.00,120.00,194.28,-59.51,-0.11,-109.95,37.44,1
45.00,125.00,182.43,-45.33,14.07,-119.30,38.01,1
45.00,130.00,167.13,-30.21,29.19,-125.03,38.32,1
45.00,135.00,166.90,-14.63,44.77,-126.96,38.42,1
45.00,140.00,165.60,0.96,60.36,-125.03,38.32,1
45.00,145.00,176.98,16.08,75.48,-119.30,38.01,1
45.00,150.00,191.89,30.26,89.66,-109.95,37.44,1
45.00,155.00,201.76,43.08,102.48,-97.26,36.51,1
45.00,160.00,206.54,54.15,113.55,-81.61,35.00,1
45.00,165.00,206.42,63.12,122.52,-63.48,32.46,1
45.00,170.00,201.97,69.74,129.14,-43.42,27.81,1
45.00,175.00,194.21,73.79,133.19,-22.05,18.29,1
45.00,180.00,184.61,75.15,134.55,-0.00,0.00,1
45.00,185.00,194.21,73.79,133.19,22.05,161.71,1
45.00,190.00,201.97,69.74,129.14,43.42,152.19,1
45.00,195.00,206.42,63.12,122.52,63.48,147.54,1
45.00,200.00,206.54,54.15,113.55,81.61,145.00,1
45.00,205.00,201.76,43.08,102.48,97.26,143.49,1
45.00,210.00,191.89,30.26,89.66,109.95,142.56,1
45.00,215.00,176.98,16.08,75.48,119.30,141.99,1
45.00,220.00,165.60,0.96,60.36,125.03,141.68,1
45.00,225.00,166.90,-14.62,44.78,126.96,141.58,1
45.00,230.00,167.13,-30.21,29.19,125.03,141.68,1
45.00,235.00,182.43,-45.33,14.07,119.30,141.99,1
45.00,240.00,194.28,-59.51,-0.11,109.95,142.56,1
45.00,245.00,201.47,-72.33,-12.93,97.26,143.49,1
45.00,250.00,203.56,-83.40,-24.00,81.61,145.00,1
45.00,255.00,200.54,-92.37,-32.97,63.48,147.54,1
45.00,260.00,192.84,-98.99,-39.59,43.42,152.19,1
45.00,265.00,181.50,-103.04,-43.64,22.05,161.71,1
45.00,270.00,168.66,-104.40,-45.00,0.00,180.00,1
45.00,275.00,181.50,-103.04,-43.64,-22.05,18.29,1
45.00,280.00,192.84,-98.99,-39.59,-43.42,27.81,1
45.00,285.00,200.54,-92.37,-32.97,-63.48,32.46,1
45.00,290.00,203.56,-83.40,-24.00,-81.61,35.00,1
45.00,295.00,201.47,-72.33,-12.93,-97.26,36.51,1
45.00,300.00,194.28,-59.51,-0.11,-109.95,37.44,1
45.00,305.00,182.43,-45.33,14.07,-119.30,38.01,1
45.00,310.00,167.13,-30.21,29.19,-125.03,38.32,1
45.00,315.00,166.90,-14.63,44.77,-126.96,38.42,1
45.00,320.00,165.60,0.96,60.36,-125.03,38.32,1
45.00,325.00,176.98,16.08,75.48,-119.30,38.01,1
45.00,330.00,191.89,30.26,89.66,-109.95,37.44,1
45.00,335.00,201.76,43.08,102.48,-97.26,36.51,1
45.00,340.00,206.54,54.15,113.55,-81.61,35.00,1
45.00,345.00,206.42,63.12,122.52,-63.48,32.46,1
45.00,350.00,201.97,69.74,129.14,-43.42,27.81,1
45.00,355.00,194.21,73.79,133.19,-22.05,18.29,1
45.00,360.00,184.61,75.15,134.55,-0.00,0.00,1
50.00,0.00,167.17,51.79,131.97,0.00,0.00,1
50.00,5.00,176.98,50.66,130.84,23.88,164.61,1
50.00,10.00,186.45,47.31,127.50,47.04,155.22,1
50.00,15.00,193.62,41.85,122.03,68.77,150.12,1
50.00,20.00,197.07,34.43,114.62,88.41,147.20,1
50.00,25.00,195.99,25.29,105.47,105.36,145.42,1
50.00,30.00,189.97,14.69,94.88,119.12,144.30,1
50.00,35.00,179.56,2.97,83.16,129.25,143.62,1
50.00,40.00,184.02,-9.52,70.67,135.45,143.24,1
50.00,45.00,186.10,-22.40,57.79,137.54,143.13,1
50.00,50.00,185.40,-35.28,44.90,135.45,143.24,1
50.00,55.00,191.03,-47.77,32.41,129.25,143.62,1
50.00,60.00,198.44,-59.49,20.69,119.12,144.30,1
50.00,65.00,201.08,-70.09,10.10,105.36,145.42,1
50.00,70.00,198.63,-79.23,0.96,88.41,147.20,1
50.00,75.00,191.19,-86.65,-6.46,68.77,150.12,1
50.00,80.00,179.26,-92.11,-11.93,47.04,155.22,1
50.00,85.00,164.15,-95.46,-15.27,23.88,164.61,1
50.00,90.00,149.00,-96.59,-16.40,0.00,0.00,1
50.00,95.00,164.15,-95.46,-15.27,-23.88,15.39,1
50.00,100.00,179.26,-92.11,-11.93,-47.04,24.78,1
50.00,105.00,191.19,-86.65,-6.46,-68.77,29.88,1
50.00,110.00,198.63,-79.23,0.96,-88.41,32.80,1
50.00,115.00,201.08,-70.09,10.10,-105.36,34.58,1
50.00,120.00,198.44,-59.49,20.69,-119.12,35.70,1
50.00,125.00,191.03,-47.77,32.41,-129.25,36.38,1
50.00,130.00,185.40,-35.28,44.90,-135.45,36.76,1
50.00,135.00,186.10,-22.40,57.79,-137.54,36.87,1
50.00,140.00,184.02,-9.52,70.67,-135.45,36.76,1
50.00,145.00,179.56,2.97,83.16,-129.25,36.38,1
50.00,150.00,189.97,14.69,94.88,-119.12,35.70,1
50.00,155.00,195.99,25.29,105.47,-105.36,34.58,1
50.00,160.00,197.07,34.43,114.62,-88.41,32.80,1
50.00,165.00,193.62,41.85,122.03,-68.77,29.88,1
50.00,170.00,186.45,47.31,127.50,-47.04,24.78,1
50.00,175.00,176.98,50.66,130.84,-23.88,15.39,1
50.00,180.00,167.17,51.79,131.97,-0.00,0.00,1
50.00,185.00,176.98,50.66,130.84,23.88,164.61,1
50.00,190.00,186.45,47.31,127.50,47.04,155.22,1
50.00,195.00,193.62,41.85,122.03,68.77,150.12,1
50.00,200.00,197.07,34.43,114.62,88.41,147.20,1
50.00,205.00,195.99,25.29,105.47,105.36,145.42,1
50.00,210.00,189.97,14.69,94.88,119.12,144.30,1
50.00,215.00,179.56,2.97,83.16,129.25,143.62,1
50.00,220.00,184.02,-9.52,70.67,135.45,143.24,1
50.00,225.00,186.10,-22.40,57.79,137.54,143.13,1
50.00,230.00,185.40,-35.28,44.90,135.45,143.24,1
50.00,235.00,191.03,-47.77,32.41,129.25,143.62,1
50.00,240.00,198.44,-59.49,20.69,119.12,144.30,1
50.00,245.00,201.08,-70.09,10.10,105.36,145.42,1
50.00,250.00,198.63,-79.23,0.96,88.41,147.20,1
50.00,255.00,191.19,-86.65,-6.46,68.77,150.12,1
50.00,260.00,179.26,-92.11,-11.93,47.04,155.22,1
50.00,265.00,164.15,-95.46,-15.27,23.88,164.61,1
50.00,270.00,149.00,-96.59,-16.40,0.00,180.00,1
50.00,275.00,164.15,-95.46,-15.27,-23.88,15.39,1
50.00,280.00,179.26,-92.11,-11.93,-47.04,24.78,1
50.00,285.00,191.19,-86.65,-6.46,-68.77,29.88,1
50.00,290.00,198.63,-79.23,0.96,-88.41,32.80,1
50.00,295.00,201.08,-70.09,10.10,-105.36,34.58,1
50.00,300.00,198.44,-59.49,20.69,-119.12,35.70,1
50.00,305.00,191.03,-47.77,32.41,-129.25,36.38,1
50.00,310.00,185.40,-35.28,44.90,-135.45,36.76,1
50.00,315.00,186.10,-22.40,57.79,-137.54,36.87,1
50.00,320.00,184.02,-9.52,70.67,-135.45,36.76,1
50.00,325.00,179.56,2.97,83.16,-129.25,36.38,1
50.00,330.00,189.97,14.69,94.88,-119.12,35.70,1
50.00,335.00,195.99,25.29,105.47,-105.36,34.58,1
50.00,340.00,197.07,34.43,114.62,-88.41,32.80,1
50.00,345.00,193.62,41.85,122.03,-68.77,29.88,1
50.00,350.00,186.45,47.31,127.50,-47.04,24.78,1
50.00,355.00,176.98,50.66,130.84,-23.88,15.39,1
50.00,360.00,167.17,51.79,131.97,-0.00,0.00,1
55.00,0.00,149.88,29.13,129.47,0.00,0.00,1
55.00,5.00,159.49,28.23,128.57,25.54,166.51,1
55.00,10.00,170.47,25.57,125.91,50.30,157.46,1
55.00,15.00,180.21,21.22,121.56,73.54,152.15,1
55.00,20.00,186.91,15.31,115.65,94.54,148.98,1
55.00,25.00,189.49,8.03,108.37,112.67,147.00,1
55.00,30.00,187.54,-0.40,99.94,127.37,145.75,1
55.00,35.00,195.05,-9.74,90.60,138.21,144.98,1
55.00,40.00,201.22,-19.68,80.66,144.84,144.55,1
55.00,45.00,204.10,-29.94,70.40,147.08,144.42,1
55.00,50.00,203.33,-40.20,60.14,144.84,144.55,1
55.00,55.00,198.79,-50.14,50.20,138.21,144.98,1
55.00,60.00,201.98,-59.47,40.87,127.37,145.75,1
55.00,65.00,200.31,-67.91,32.43,112.67,147.00,1
55.00,70.00,193.58,-75.19,25.15,94.54,148.98,1
55.00,75.00,181.94,-81.10,19.24,73.54,152.15,1
55.00,80.00,165.94,-85.45,14.89,50.30,157.46,1
55.00,85.00,146.94,-88.11,12.23,25.54,166.51,1
55.00,90.00,129.28,-89.01,11.33,0.00,0.00,1
55.00,95.00,146.94,-88.11,12.23,-25.54,13.49,1
55.00,100.00,165.94,-85.45,14.89,-50.30,22.54,1
55.00,105.00,181.94,-81.10,19.24,-73.54,27.85,1
55.00,110.00,193.58,-75.19,25.15,-94.54,31.02,1
55.00,115.00,200.31,-67.91,32.43,-112.67,33.00,1
55.00,120.00,201.98,-59.47,40.87,-127.37,34.25,1
55.00,125.00,198.79,-50.14,50.20,-138.21,35.02,1
55.00,130.00,203.33,-40.20,60.14,-144.84,35.45,1
55.00,135.00,204.10,-29.94,70.40,-147.08,35.58,1
55.00,140.00,201.22,-19.68,80.66,-144.84,35.45,1
55.00,145.00,195.05,-9.74,90.60,-138.21,35.02,1
55.00,150.00,187.54,-0.40,99.94,-127.37,34.25,1
55.00,155.00,189.49,8.03,108.37,-112.67,33.00,1
55.00,160.00,186.91,15.31,115.65,-94.54,31.02,1
55.00,165.00,180.21,21.22,121.56,-73.54,27.85,1
55.00,170.00,170.47,25.57,125.91,-50.30,22.54,1
55.00,175.00,159.49,28.23,128.57,-25.54,13.49,1
55.00,180.00,149.88,29.13,129.47,-0.00,0.00,1
55.00,185.00,159.49,28.23,128.57,25.54,166.51,1
55.00,190.00,170.47,25.57,125.91,50.30,157.46,1
55.00,195.00,180.21,21.22,121.56,73.54,152.15,1
55.00,200.00,186.91,15.31,115.65,94.54,148.98,1
55.00,205.00,189.49,8.03,108.37,112.67,147.00,1
55.00,210.00,187.54,-0.40,99.94,127.37,145.75,1
55.00,215.00,195.05,-9.74,90.60,138.21,144.98,1
55.00,220.00,201.22,-19.68,80.66,144.84,144.55,1
55.00,225.00,204.10,-29.94,70.40,147.08,144.42,1
55.00,230.00,203.33,-40.20,60.14,144.84,144.55,1
55.00,235.00,198.79,-50.14,50.20,138.21,144.98,1
55.00,240.00,201.98,-59.47,40.87,127.37,145.75,1
55.00,245.00,200.31,-67.91,32.43,112.67,147.00,1
55.00,250.00,193.58,-75.19,25.15,94.54,148.98,1
55.00,255.00,181.94,-81.10,19.24,73.54,152.15,1
55.00,260.00,165.94,-85.45,14.89,50.30,157.46,1
55.00,265.00,146.94,-88.11,12.23,25.54,166.51,1
55.00,270.00,129.28,-89.01,11.33,0.00,180.00,1
55.00,275.00,146.94,-88.11,12.23,-25.54,13.49,1
55.00,280.00,165.94,-85.45,14.89,-50.30,22.54,1
55.00,285.00,181.94,-81.10,19.24,-73.54,27.85,1
55.00,290.00,193.58,-75.19,25.15,-94.54,31.02,1
55.00,295.00,200.31,-67.91,32.43,-112.67,33.00,1
55.00,300.00,201.98,-59.47,40.87,-127.37,34.25,1
55.00,305.00,198.79,-50.14,50.20,-138.21,35.02,1
55.00,310.00,203.33,-40.20,60.14,-144.84,35.45,1
55.00,315.00,204.10,-29.94,70.40,-147.08,35.58,1
55.00,320.00,201.22,-19.68,80.66,-144.84,35.45,1
55.00,325.00,195.05,-9.74,90.60,-138.21,35.02,1
55.00,330.00,187.54,-0.40,99.94,-127.37,34.25,1
55.00,335.00,189.49,8.03,108.37,-112.67,33.00,1
55.00,340.00,186.91,15.31,115.65,-94.54,31.02,1
55.00,345.00,180.21,21.22,121.56,-73.54,27.85,1
55.00,350.00,170.47,25.57,125.91,-50.30,22.54,1
55.00,355.00,159.49,28.23,128.57,-25.54,13.49,1
55.00,360.00,149.88,29.13,129.47,-0.00,0.00,1
60.00,0.00,134.03,7.88,127.13,0.00,0.00,1
60.00,5.00,142.73,7.19,126.44,27.00,167.82,1
60.00,10.00,154.85,5.17,124.42,53.18,159.13,1
60.00,15.00,166.98,1.86,121.11,77.75,153.74,1
60.00,20.00,176.90,-2.63,116.62,99.95,150.41,1
60.00,25.00,185.19,-8.16,111.09,119.12,148.30,1
60.00,30.00,198.41,-14.57,104.68,134.66,146.94,1
60.00,35.00,209.34,-21.66,97.59,146.12,146.10,1
60.00,40.00,216.92,-29.22,90.03,153.13,145.64,1
60.00,45.00,220.53,-37.01,82.24,155.49,145.49,1
60.00,50.00,219.82,-44.81,74.44,153.13,145.64,1
60.00,55.00,214.64,-52.36,66.89,146.12,146.10,1
60.00,60.00,205.04,-59.46,59.79,134.66,146.94,1
60.00,65.00,199.17,-65.87,53.38,119.12,148.30,1
60.00,70.00,188.47,-71.40,47.85,99.95,150.41,1
60.00,75.00,172.96,-75.89,43.36,77.75,153.74,1
60.00,80.00,153.19,-79.19,40.06,53.18,159.13,1
60.00,85.00,130.35,-81.22,38.03,27.00,167.82,1
60.00,90.00,109.75,-81.90,37.35,0.00,0.00,1
60.00,95.00,130.35,-81.22,38.03,-27.00,12.18,1
60.00,100.00,153.19,-79.19,40.06,-53.18,20.87,1
60.00,105.00,172.96,-75.89,43.36,-77.75,26.26,1
60.00,110.00,188.47,-71.40,47.85,-99.95,29.59,1
60.00,115.00,199.17,-65.87,53.38,-119.12,31.70,1
60.00,120.00,205.04,-59.46,59.79,-134.66,33.06,1
60.00,125.00,214.64,-52.36,66.89,-146.12,33.90,1
60.00,130.00,219.82,-44.81,74.44,-153.13,34.36,1
60.00,135.00,220.53,-37.01,82.24,-155.49,34.51,1
60.00,140.00,216.92,-29.22,90.03,-153.13,34.36,1
60.00,145.00,209.34,-21.66,97.59,-146.12,33.90,1
60.00,150.00,198.41,-14.57,104.68,-134.66,33.06,1
60.00,155.00,185.19,-8.16,111.09,-119.12,31.70,1
60.00,160.00,176.90,-2.63,116.62,-99.95,29.59,1
60.00,165.00,166.98,1.86,121.11,-77.75,26.26,1
60.00,170.00,154.85,5.17,124.42,-53.18,20.87,1
60.00,175.00,142.73,7.19,126.44,-27.00,12.18,1
60.00,180.00,134.03,7.88,127.13,-0.00,0.00,1
60.00,185.00,142.73,7.19,126.44,27.00,167.82,1
60.00,190.00,154.85,5.17,124.42,53.18,159.13,1
60.00,195.00,166.98,1.86,121.11,77.75,153.74,1
60.00,200.00,176.90,-2.63,116.62,99.95,150.41,1
60.00,205.00,185.19,-8.16,111.09,119.12,148.30,1
60.00,210.00,198.41,-14.57,104.68,134.66,146.94,1
60.00,215.00,209.34,-21.66,97.59,146.12,146.10,1
60.00,220.00,216.92,-29.22,90.03,153.13,145.64,1
60.00,225.00,220.53,-37.01,82.24,155.49,145.49,1
60.00,230.00,219.82,-44.81,74.44,153.13,145.64,1
60.00,235.00,214.64,-52.36,66.89,146.12,146.10,1
60.00,240.00,205.04,-59.46,59.79,134.66,146.94,1
60.00,245.00,199.17,-65.87,53.38,119.12,148.30,1
60.00,250.00,188.47,-71.40,47.85,99.95,150.41,1
60.00,255.00,172.96,-75.89,43.36,77.75,153.74,1
60.00,260.00,153.19,-79.19,40.06,53.18,159.13,1
60.00,265.00,130.35,-81.22,38.03,27.00,167.82,1
60.00,270.00,109.75,-81.90,37.35,0.00,180.00,1
60.00,275.00,130.35,-81.22,38.03,-27.00,12.18,1
60.00,280.00,153.19,-79.19,40.06,-53.18,20.87,1
60.00,285.00,172.96,-75.89,43.36,-77.75,26.26,1
60.00,290.00,188.47,-71.40,47.85,-99.95,29.59,1
60.00,295.00,199.17,-65.87,53.38,-119.12,31.70,1
60.00,300.00,205.04,-59.46,59.79,-134.66,33.06,1
60.00,305.00,214.64,-52.36,66.89,-146.12,33.90,1
60.00,310.00,219.82,-44.81,74.44,-153.13,34.36,1
60.00,315.00,220.53,-37.01,82.24,-155.49,34.51,1
60.00,320.00,216.92,-29.22,90.03,-153.13,34.36,1
60.00,325.00,209.34,-21.66,97.59,-146.12,33.90,1
60.00,330.00,198.41,-14.57,104.68,-134.66,33.06,1
60.00,335.00,185.19,-8.16,111.09,-119.12,31.70,1
60.00,340.00,176.90,-2.63,116.62,-99.95,29.59,1
60.00,345.00,166.98,1.86,121.11,-77.75,26.26,1
60.00,350.00,154.85,5.17,124.42,-53.18,20.87,1
60.00,355.00,142.73,7.19,126.44,-27.00,12.18,1
60.00,360.00,134.03,7.88,127.13,-0.00,0.00,1
65.00,0.00,125.00,-11.34,125.00,0.00,0.00,1
65.00,5.00,130.53,-11.82,124.52,28.26,168.74,1
65.00,10.00,143.11,-13.27,123.07,55.66,160.39,1
65.00,15.00,158.85,-15.63,120.71,81.36,154.98,1
65.00,20.00,176.46,-18.84,117.50,104.60,151.55,1
65.00,25.00,193.94,-22.79,113.55,124.66,149.34,1
65.00,30.00,209.58,-27.37,108.97,140.93,147.91,1
65.00,35.00,222.18,-32.44,103.90,152.91,147.01,1
65.00,40.00,230.87,-37.84,98.50,160.26,146.52,1
65.00,45.00,235.06,-43.41,92.94,162.73,146.37,1
65.00,50.00,234.42,-48.97,87.37,160.26,146.52,1
65.00,55.00,228.81,-54.37,81.97,152.91,147.01,1
65.00,60.00,218.28,-59.44,76.90,140.93,147.91,1
65.00,65.00,203.08,-64.02,72.32,124.66,149.34,1
65.00,70.00,183.63,-67.97,68.37,104.60,151.55,1
65.00,75.00,164.41,-71.18,65.16,81.36,154.98,1
65.00,80.00,141.33,-73.54,62.80,55.66,160.39,1
65.00,85.00,114.99,-74.99,61.35,28.26,168.74,1
65.00,90.00,90.63,-75.47,60.87,0.00,0.00,1
65.00,95.00,114.99,-74.99,61.35,-28.26,11.26,1
65.00,100.00,141.33,-73.54,62.80,-55.66,19.61,1
65.00,105.00,164.41,-71.18,65.16,-81.36,25.02,1
65.00,110.00,183.63,-67.97,68.37,-104.60,28.45,1
65.00,115.00,203.08,-64.02,72.32,-124.66,30.66,1
65.00,120.00,218.28,-59.44,76.90,-140.93,32.09,1
65.00,125.00,228.81,-54.37,81.97,-152.91,32.99,1
65.00,130.00,234.42,-48.97,87.37,-160.26,33.48,1
65.00,135.00,235.06,-43.41,92.94,-162.73,33.63,1
65.00,140.00,230.87,-37.84,98.50,-160.26,33.48,1
65.00,145.00,222.18,-32.44,103.90,-152.91,32.99,1
65.00,150.00,209.58,-27.37,108.97,-140.93,32.09,1
65.00,155.00,193.94,-22.79,113.55,-124.66,30.66,1
65.00,160.00,176.46,-18.84,117.50,-104.60,28.45,1
65.00,165.00,158.85,-15.63,120.71,-81.36,25.02,1
65.00,170.00,143.11,-13.27,123.07,-55.66,19.61,1
65.00,175.00,130.53,-11.82,124.52,-28.26,11.26,1
65.00,180.00,125.00,-11.34,125.00,-0.00,0.00,1
65.00,185.00,130.53,-11.82,124.52,28.26,168.74,1
65.00,190.00,143.11,-13.27,123.07,55.66,160.39,1
65.00,195.00,158.85,-15.63,120.71,81.36,154.98,1
65.00,200.00,176.46,-18.84,117.50,104.60,151.55,1
65.00,205.00,193.94,-22.79,113.55,124.66,149.34,1
65.00,210.00,209.58,-27.37,108.97,140.93,147.91,1
65.00,215.00,222.18,-32.44,103.90,152.91,147.01,1
65.00,220.00,230.87,-37.84,98.50,160.26,146.52,1
65.00,225.00,235.06,-43.41,92.94,162.73,146.37,1
65.00,230.00,234.42,-48.97,87.37,160.26,146.52,1
65.00,235.00,228.81,-54.37,81.97,152.91,147.01,1
65.00,240.00,218.28,-59.44,76.90,140.93,147.91,1
65.00,245.00,203.08,-64.02,72.32,124.66,149.34,1
65.00,250.00,183.63,-67.97,68.37,104.60,151.55,1
65.00,255.00,164.41,-71.18,65.16,81.36,154.98,1
65.00,260.00,141.33,-73.54,62.80,55.66,160.39,1
65.00,265.00,114.99,-74.99,61.35,28.26,168.74,1
65.00,270.00,90.63,-75.47,60.87,0.00,180.00,1
65.00,275.00,114.99,-74.99,61.35,-28.26,11.26,1
65.00,280.00,141.33,-73.54,62.80,-55.66,19.61,1
65.00,285.00,164.41,-71.18,65.16,-81.36,25.02,1
65.00,290.00,183.63,-67.97,68.37,-104.60,28.45,1
65.00,295.00,203.08,-64.02,72.32,-124.66,30.66,1
65.00,300.00,218.28,-59.44,76.90,-140.93,32.09,1
65.00,305.00,228.81,-54.37,81.97,-152.91,32.99,1
65.00,310.00,234.42,-48.97,87.37,-160.26,33.48,1
65.00,315.00,235.06,-43.41,92.94,-162.73,33.63,1
65.00,320.00,230.87,-37.84,98.50,-160.26,33.48,1
65.00,325.00,222.18,-32.44,103.90,-152.91,32.99,1
65.00,330.00,209.58,-27.37,108.97,-140.93,32.09,1
65.00,335.00,193.94,-22.79,113.55,-124.66,30.66,1
65.00,340.00,176.46,-18.84,117.50,-104.60,28.45,1
65.00,345.00,158.85,-15.63,120.71,-81.36,25.02,1
65.00,350.00,143.11,-13.27,123.07,-55.66,19.61,1
65.00,355.00,130.53,-11.82,124.52,-28.26,11.26,1
65.00,360.00,125.00,-11.34,125.00,-0.00,0.00,1
70.00,0.00,123.17,-27.92,123.17,0.00,0.00,1
70.00,5.00,128.74,-28.24,122.86,29.30,169.40,1
70.00,10.00,143.11,-29.19,121.91,57.71,161.31,1
70.00,15.00,162.12,-30.74,120.36,84.36,155.92,1
70.00,20.00,182.57,-32.84,118.26,108.45,152.43,1
70.00,25.00,202.24,-35.42,115.67,129.25,150.15,1
70.00,30.00,219.56,-38.42,112.67,146.12,148.67,1
70.00,35.00,233.36,-41.74,109.35,158.55,147.74,1
70.00,40.00,242.82,-45.28,105.82,166.16,147.22,1
70.00,45.00,247.39,-48.92,102.17,168.72,147.06,1
70.00,50.00,246.74,-52.57,98.52,166.16,147.22,1
70.00,55.00,240.76,-56.11,94.99,158.55,147.74,1
70.00,60.00,229.54,-59.43,91.67,146.12,148.67,1
70.00,65.00,213.37,-62.43,88.67,129.25,150.15,1
70.00,70.00,192.67,-65.01,86.08,108.45,152.43,1
70.00,75.00,168.05,-67.11,83.98,84.36,155.92,1
70.00,80.00,140.23,-68.66,82.43,57.71,161.31,1
70.00,85.00,110.07,-69.61,81.49,29.30,169.40,1
70.00,90.00,81.17,-69.93,81.17,0.00,0.00,1
70.00,95.00,110.07,-69.61,81.49,-29.30,10.60,1
70.00,100.00,140.23,-68.66,82.43,-57.71,18.69,1
70.00,105.00,168.05,-67.11,83.98,-84.36,24.08,1
70.00,110.00,192.67,-65.01,86.08,-108.45,27.57,1
70.00,115.00,213.37,-62.43,88.67,-129.25,29.85,1
70.00,120.00,229.54,-59.43,91.67,-146.12,31.33,1
70.00,125.00,240.76,-56.11,94.99,-158.55,32.26,1
70.00,130.00,246.74,-52.57,98.52,-166.16,32.78,1
70.00,135.00,247.39,-48.92,102.17,-168.72,32.94,1
70.00,140.00,242.82,-45.28,105.82,-166.16,32.78,1
70.00,145.00,233.36,-41.74,109.35,-158.55,32.26,1
70.00,150.00,219.56,-38.42,112.67,-146.12,31.33,1
70.00,155.00,202.24,-35.42,115.67,-129.25,29.85,1
70.00,160.00,182.57,-32.84,118.26,-108.45,27.57,1
70.00,165.00,162.12,-30.74,120.36,-84.36,24.08,1
70.00,170.00,143.11,-29.19,121.91,-57.71,18.69,1
70.00,175.00,128.74,-28.24,122.86,-29.30,10.60,1
70.00,180.00,123.17,-27.92,123.17,-0.00,0.00,1
70.00,185.00,128.74,-28.24,122.86,29.30,169.40,1
70.00,190.00,143.11,-29.19,121.91,57.71,161.31,1
70.00,195.00,162.12,-30.74,120.36,84.36,155.92,1
70.00,200.00,182.57,-32.84,118.26,108.45,152.43,1
70.00,205.00,202.24,-35.42,115.67,129.25,150.15,1
70.00,210.00,219.56,-38.42,112.67,146.12,148.67,1
70.00,215.00,233.36,-41.74,109.35,158.55,147.74,1
70.00,220.00,242.82,-45.28,105.82,166.16,147.22,1
70.00,225.00,247.39,-48.92,102.17,168.72,147.06,1
70.00,230.00,246.74,-52.57,98.52,166.16,147.22,1
70.00,235.00,240.76,-56.11,94.99,158.55,147.74,1
70.00,240.00,229.54,-59.43,91.67,146.12,148.67,1
70.00,245.00,213.37,-62.43,88.67,129.25,150.15,1
70.00,250.00,192.67,-65.01,86.08,108.45,152.43,1
70.00,255.00,168.05,-67.11,83.98,84.36,155.92,1
70.00,260.00,140.23,-68.66,82.43,57.71,161.31,1
70.00,265.00,110.07,-69.61,81.49,29.30,169.40,1
70.00,270.00,81.17,-69.93,81.17,0.00,180.00,1
70.00,275.00,110.07,-69.61,81.49,-29.30,10.60,1
70.00,280.00,140.23,-68.66,82.43,-57.71,18.69,1
70.00,285.00,168.05,-67.11,83.98,-84.36,24.08,1
70.00,290.00,192.67,-65.01,86.08,-108.45,27.57,1
70.00,295.00,213.37,-62.43,88.67,-129.25,29.85,1
70.00,300.00,229.54,-59.43,91.67,-146.12,31.33,1
70.00,305.00,240.76,-56.11,94.99,-158.55,32.26,1
70.00,310.00,246.74,-52.57,98.52,-166.16,32.78,1
70.00,315.00,247.39,-48.92,102.17,-168.72,32.94,1
70.00,320.00,242.82,-45.28,105.82,-166.16,32.78,1
70.00,325.00,233.36,-41.74,109.35,-158.55,32.26,1
70.00,330.00,219.56,-38.42,112.67,-146.12,31.33,1
70.00,335.00,202.24,-35.42,115.67,-129.25,29.85,1
70.00,340.00,182.57,-32.84,118.26,-108.45,27.57,1
70.00,345.00,162.12,-30.74,120.36,-84.36,24.08,1
70.00,350.00,143.11,-29.19,121.91,-57.71,18.69,1
70.00,355.00,128.74,-28.24,122.86,-29.30,10.60,1
70.00,360.00,123.17,-27.92,123.17,-0.00,0.00,1
75.00,0.00,121.69,-41.37,121.69,0.00,0.00,1
75.00,5.00,128.20,-41.56,121.51,30.12,169.86,1
75.00,10.00,144.69,-42.10,120.96,59.32,161.98,1
75.00,15.00,166.01,-42.99,120.08,86.72,156.62,1
75.00,20.00,188.46,-44.19,118.88,111.48,153.09,1
75.00,25.00,209.70,-45.67,117.39,132.86,150.77,1
75.00,30.00,228.16,-47.39,115.68,150.20,149.25,1
75.00,35.00,242.72,-49.29,113.78,162.97,148.29,1
75.00,40.00,252.60,-51.31,111.75,170.80,147.76,1
75.00,45.00,257.27,-53.40,109.66,173.43,147.59,1
75.00,50.00,256.44,-55.49,107.57,170.80,147.76,1
75.00,55.00,250.06,-57.51,105.55,162.97,148.29,1
75.00,60.00,238.26,-59.42,103.65,150.20,149.25,1
75.00,65.00,221.38,-61.13,101.93,132.86,150.77,1
75.00,70.00,199.94,-62.61,100.45,111.48,153.09,1
75.00,75.00,174.65,-63.82,99.25,86.72,156.62,1
75.00,80.00,146.50,-64.70,98.36,59.32,161.98,1
75.00,85.00,117.33,-65.25,97.82,30.12,169.86,1
75.00,90.00,97.63,-65.43,97.63,0.00,0.00,1
75.00,95.00,117.33,-65.25,97.82,-30.12,10.14,1
75.00,100.00,146.50,-64.70,98.36,-59.32,18.02,1
75.00,105.00,174.65,-63.82,99.25,-86.72,23.38,1
75.00,110.00,199.94,-62.61,100.45,-111.48,26.91,1
75.00,115.00,221.38,-61.13,101.93,-132.86,29.23,1
75.00,120.00,238.26,-59.42,103.65,-150.20,30.75,1
75.00,125.00,250.06,-57.51,105.55,-162.97,31.71,1
75.00,130.00,256.44,-55.49,107.57,-170.80,32.24,1
75.00,135.00,257.27,-53.40,109.66,-173.43,32.41,1
75.00,140.00,252.60,-51.31,111.75,-170.80,32.24,1
75.00,145.00,242.72,-49.29,113.78,-162.97,31.71,1
75.00,150.00,228.16,-47.39,115.68,-150.20,30.75,1
75.00,155.00,209.70,-45.67,117.39,-132.86,29.23,1
75.00,160.00,188.46,-44.19,118.88,-111.48,26.91,1
75.00,165.00,166.01,-42.99,120.08,-86.72,23.38,1
75.00,170.00,144.69,-42.10,120.96,-59.32,18.02,1
75.00,175.00,128.20,-41.56,121.51,-30.12,10.14,1
75.00,180.00,121.69,-41.37,121.69,-0.00,0.00,1
75.00,185.00,128.20,-41.56,121.51,30.12,169.86,1
75.00,190.00,144.69,-42.10,120.96,59.32,161.98,1
75.00,195.00,166.01,-42.99,120.08,86.72,156.62,1
75.00,200.00,188.46,-44.19,118.88,111.48,153.09,1
75.00,205.00,209.70,-45.67,117.39,132.86,150.77,1
75.00,210.00,228.16,-47.39,115.68,150.20,149.25,1
75.00,215.00,242.72,-49.29,113.78,162.97,148.29,1
75.00,220.00,252.60,-51.31,111.75,170.80,147.76,1
75.00,225.00,257.27,-53.40,109.66,173.43,147.59,1
75.00,230.00,256.44,-55.49,107.57,170.80,147.76,1
75.00,235.00,250.06,-57.51,105.55,162.97,148.29,1
75.00,240.00,238.26,-59.42,103.65,150.20,149.25,1
75.00,245.00,221.38,-61.13,101.93,132.86,150.77,1
75.00,250.00,199.94,-62.61,100.45,111.48,153.09,1
75.00,255.00,174.65,-63.82,99.25,86.72,156.62,1
75.00,260.00,146.50,-64.70,98.36,59.32,161.98,1
75.00,265.00,117.33,-65.25,97.82,30.12,169.86,1
75.00,270.00,97.63,-65.43,97.63,0.00,0.00,1
75.00,275.00,117.33,-65.25,97.82,-30.12,10.14,1
75.00,280.00,146.50,-64.70,98.36,-59.32,18.02,1
75.00,285.00,174.65,-63.82,99.25,-86.72,23.38,1
75.00,290.00,199.94,-62.61,100.45,-111.48,26.91,1
75.00,295.00,221.38,-61.13,101.93,-132.86,29.23,1
75.00,300.00,238.26,-59.42,103.65,-150.20,30.75,1
75.00,305.00,250.06,-57.51,105.55,-162.97,31.71,1
75.00,310.00,256.44,-55.49,107.57,-170.80,32.24,1
75.00,315.00,257.27,-53.40,109.66,-173.43,32.41,1
75.00,320.00,252.60,-51.31,111.75,-170.80,32.24,1
75.00,325.00,242.72,-49.29,113.78,-162.97,31.71,1
75.00,330.00,228.16,-47.39,115.68,-150.20,30.75,1
75.00,335.00,209.70,-45.67,117.39,-132.86,29.23,1
75.00,340.00,188.46,-44.19,118.88,-111.48,26.91,1
75.00,345.00,166.01,-42.99,120.08,-86.72,23.38,1
75.00,350.00,144.69,-42.10,120.96,-59.32,18.02,1
75.00,355.00,128.20,-41.56,121.51,-30.12,10.14,1
75.00,360.00,121.69,-41.37,121.69,-0.00,0.00,1
80.00,0.00,120.60,-51.29,120.60,0.00,0.00,1
80.00,5.00,128.16,-51.37,120.51,30.70,170.17,1
80.00,10.00,146.75,-51.61,120.27,60.48,162.43,1
80.00,15.00,170.02,-52.01,119.87,88.41,157.09,1
80.00,20.00,193.95,-52.55,119.33,113.66,153.55,1
80.00,25.00,216.22,-53.22,118.66,135.45,151.20,1
80.00,30.00,235.30,-53.99,117.89,153.13,149.65,1
80.00,35.00,250.15,-54.85,117.03,166.16,148.67,1
80.00,40.00,260.03,-55.76,116.12,174.14,148.13,1
80.00,45.00,264.47,-56.70,115.18,176.82,147.96,1
80.00,50.00,263.24,-57.64,114.24,174.14,148.13,1
80.00,55.00,256.32,-58.55,113.33,166.16,148.67,1
80.00,60.00,243.93,-59.41,112.47,153.13,149.65,1
80.00,65.00,226.47,-60.18,111.70,135.45,151.20,1
80.00,70.00,204.56,-60.85,111.03,113.66,153.55,1
80.00,75.00,179.09,-61.39,110.49,88.41,157.09,1
80.00,80.00,151.43,-61.79,110.09,60.48,162.43,1
80.00,85.00,124.55,-62.03,109.85,30.70,170.17,1
80.00,90.00,109.77,-62.11,109.77,0.00,0.00,1
80.00,95.00,124.55,-62.03,109.85,-30.70,9.83,1
80.00,100.00,151.43,-61.79,110.09,-60.48,17.57,1
80.00,105.00,179.09,-61.39,110.49,-88.41,22.91,1
80.00,110.00,204.56,-60.85,111.03,-113.66,26.45,1
80.00,115.00,226.47,-60.18,111.70,-135.45,28.80,1
80.00,120.00,243.93,-59.41,112.47,-153.13,30.35,1
80.00,125.00,256.32,-58.55,113.33,-166.16,31.33,1
80.00,130.00,263.24,-57.64,114.24,-174.14,31.87,1
80.00,135.00,264.47,-56.70,115.18,-176.82,32.04,1
80.00,140.00,260.03,-55.76,116.12,-174.14,31.87,1
80.00,145.00,250.15,-54.85,117.03,-166.16,31.33,1
80.00,150.00,235.30,-53.99,117.89,-153.13,30.35,1
80.00,155.00,216.22,-53.22,118.66,-135.45,28.80,1
80.00,160.00,193.95,-52.55,119.33,-113.66,26.45,1
80.00,165.00,170.02,-52.01,119.87,-88.41,22.91,1
80.00,170.00,146.75,-51.61,120.27,-60.48,17.57,1
80.00,175.00,128.16,-51.37,120.51,-30.70,9.83,1
80.00,180.00,120.60,-51.29,120.60,-0.00,0.00,1
80.00,185.00,128.16,-51.37,120.51,30.70,170.17,1
80.00,190.00,146.75,-51.61,120.27,60.48,162.43,1
80.00,195.00,170.02,-52.01,119.87,88.41,157.09,1
80.00,200.00,193.95,-52.55,119.33,113.66,153.55,1
80.00,205.00,216.22,-53.22,118.66,135.45,151.20,1
80.00,210.00,235.30,-53.99,117.89,153.13,149.65,1
80.00,215.00,250.15,-54.85,117.03,166.16,148.67,1
80.00,220.00,260.03,-55.76,116.12,174.14,148.13,1
80.00,225.00,264.47,-56.70,115.18,176.82,147.96,1
80.00,230.00,263.24,-57.64,114.24,174.14,148.13,1
80.00,235.00,256.32,-58.55,113.33,166.16,148.67,1
80.00,240.00,243.93,-59.41,112.47,153.13,149.65,1
80.00,245.00,226.47,-60.18,111.70,135.45,151.20,1
80.00,250.00,204.56,-60.85,111.03,113.66,153.55,1
80.00,255.00,179.09,-61.39,110.49,88.41,157.09,1
80.00,260.00,151.43,-61.79,110.09,60.48,162.43,1
80.00,265.00,124.55,-62.03,109.85,30.70,170.17,1
80.00,270.00,109.77,-62.11,109.77,0.00,0.00,1
80.00,275.00,124.55,-62.03,109.85,-30.70,9.83,1
80.00,280.00,151.43,-61.79,110.09,-60.48,17.57,1
80.00,285.00,179.09,-61.39,110.49,-88.41,22.91,1
80.00,290.00,204.56,-60.85,111.03,-113.66,26.45,1
80.00,295.00,226.47,-60.18,111.70,-135.45,28.80,1
80.00,300.00,243.93,-59.41,112.47,-153.13,30.35,1
80.00,305.00,256.32,-58.55,113.33,-166.16,31.33,1
80.00,310.00,263.24,-57.64,114.24,-174.14,31.87,1
80.00,315.00,264.47,-56.70,115.18,-176.82,32.04,1
80.00,320.00,260.03,-55.76,116.12,-174.14,31.87,1
80.00,325.00,250.15,-54.85,117.03,-166.16,31.33,1
80.00,330.00,235.30,-53.99,117.89,-153.13,30.35,1
80.00,335.00,216.22,-53.22,118.66,-135.45,28.80,1
80.00,340.00,193.95,-52.55,119.33,-113.66,26.45,1
80.00,345.00,170.02,-52.01,119.87,-88.41,22.91,1
80.00,350.00,146.75,-51.61,120.27,-60.48,17.57,1
80.00,355.00,128.16,-51.37,120.51,-30.70,9.83,1
80.00,360.00,120.60,-51.29,120.60,-0.00,0.00,1
85.00,0.00,119.93,-57.36,119.93,0.00,0.00,1
85.00,5.00,128.67,-57.38,119.90,31.06,170.34,1
85.00,10.00,149.28,-57.44,119.84,61.18,162.69,1
85.00,15.00,174.10,-57.54,119.74,89.43,157.37,1
85.00,20.00,198.99,-57.67,119.61,114.97,153.82,1
85.00,25.00,221.72,-57.84,119.44,137.02,151.45,1
85.00,30.00,240.88,-58.04,119.24,154.90,149.89,1
85.00,35.00,255.53,-58.25,119.03,168.08,148.90,1
85.00,40.00,264.99,-58.48,118.80,176.15,148.36,1
85.00,45.00,268.85,-58.72,118.56,178.87,148.18,1
85.00,50.00,266.94,-58.96,118.32,176.15,148.36,1
85.00,55.00,259.31,-59.19,118.10,168.08,148.90,1
85.00,60.00,246.22,-59.40,117.88,154.90,149.89,1
85.00,65.00,228.17,-59.60,117.69,137.02,151.45,1
85.00,70.00,205.90,-59.76,117.52,114.97,153.82,1
85.00,75.00,180.49,-59.90,117.38,89.43,157.37,1
85.00,80.00,153.66,-60.00,117.28,61.18,162.69,1
85.00,85.00,129.12,-60.06,117.22,31.06,170.34,1
85.00,90.00,117.20,-60.08,117.20,0.00,0.00,1
85.00,95.00,129.12,-60.06,117.22,-31.06,9.66,1
85.00,100.00,153.66,-60.00,117.28,-61.18,17.31,1
85.00,105.00,180.49,-59.90,117.38,-89.43,22.63,1
85.00,110.00,205.90,-59.76,117.52,-114.97,26.18,1
85.00,115.00,228.17,-59.60,117.69,-137.02,28.55,1
85.00,120.00,246.22,-59.40,117.88,-154.90,30.11,1
85.00,125.00,259.31,-59.19,118.10,-168.08,31.10,1
85.00,130.00,266.94,-58.96,118.32,-176.15,31.64,1
85.00,135.00,268.85,-58.72,118.56,-178.87,31.82,1
85.00,140.00,264.99,-58.48,118.80,-176.15,31.64,1
85.00,145.00,255.53,-58.25,119.03,-168.08,31.10,1
85.00,150.00,240.88,-58.04,119.24,-154.90,30.11,1
85.00,155.00,221.72,-57.84,119.44,-137.02,28.55,1
85.00,160.00,198.99,-57.67,119.61,-114.97,26.18,1
85.00,165.00,174.10,-57.54,119.74,-89.43,22.63,1
85.00,170.00,149.28,-57.44,119.84,-61.18,17.31,1
85.00,175.00,128.67,-57.38,119.90,-31.06,9.66,1
85.00,180.00,119.93,-57.36,119.93,-0.00,0.00,1
85.00,185.00,128.67,-57.38,119.90,31.06,170.34,1
85.00,190.00,149.28,-57.44,119.84,61.18,162.69,1
85.00,195.00,174.10,-57.54,119.74,89.43,157.37,1
85.00,200.00,198.99,-57.67,119.61,114.97,153.82,1
85.00,205.00,221.72,-57.84,119.44,137.02,151.45,1
85.00,210.00,240.88,-58.04,119.24,154.90,149.89,1
85.00,215.00,255.53,-58.25,119.03,168.08,148.90,1
85.00,220.00,264.99,-58.48,118.80,176.15,148.36,1
85.00,225.00,268.85,-58.72,118.56,178.87,148.18,1
85.00,230.00,266.94,-58.96,118.32,176.15,148.36,1
85.00,235.00,259.31,-59.19,118.10,168.08,148.90,1
85.00,240.00,246.22,-59.40,117.88,154.90,149.89,1
85.00,245.00,228.17,-59.60,117.69,137.02,151.45,1
85.00,250.00,205.90,-59.76,117.52,114.97,153.82,1
85.00,255.00,180.49,-59.90,117.38,89.43,157.37,1
85.00,260.00,153.66,-60.00,117.28,61.18,162.69,1
85.00,265.00,129.12,-60.06,117.22,31.06,170.34,1
85.00,270.00,117.20,-60.08,117.20,0.00,0.00,1
85.00,275.00,129.12,-60.06,117.22,-31.06,9.66,1
85.00,280.00,153.66,-60.00,117.28,-61.18,17.31,1
85.00,285.00,180.49,-59.90,117.38,-89.43,22.63,1
85.00,290.00,205.90,-59.76,117.52,-114.97,26.18,1
85.00,295.00,228.17,-59.60,117.69,-137.02,28.55,1
85.00,300.00,246.22,-59.40,117.88,-154.90,30.11,1
85.00,305.00,259.31,-59.19,118.10,-168.08,31.10,1
85.00,310.00,266.94,-58.96,118.32,-176.15,31.64,1
85.00,315.00,268.85,-58.72,118.56,-178.87,31.82,1
85.00,320.00,264.99,-58.48,118.80,-176.15,31.64,1
85.00,325.00,255.53,-58.25,119.03,-168.08,31.10,1
85.00,330.00,240.88,-58.04,119.24,-154.90,30.11,1
85.00,335.00,221.72,-57.84,119.44,-137.02,28.55,1
85.00,340.00,198.99,-57.67,119.61,-114.97,26.18,1
85.00,345.00,174.10,-57.54,119.74,-89.43,22.63,1
85.00,350.00,149.28,-57.44,119.84,-61.18,17.31,1
85.00,355.00,128.67,-57.38,119.90,-31.06,9.66,1
85.00,360.00,119.93,-57.36,119.93,-0.00,0.00,1
90.00,0.00,119.70,-59.40,119.70,0.00,0.00,1
90.00,5.00,129.81,-59.40,119.70,31.18,170.40,1
90.00,10.00,152.32,-59.40,119.70,61.41,162.78,1
90.00,15.00,178.26,-59.40,119.70,89.77,157.46,1
90.00,20.00,203.54,-59.40,119.70,115.41,153.90,1
90.00,25.00,226.16,-59.40,119.70,137.54,151.53,1
90.00,30.00,244.88,-59.40,119.70,155.49,149.97,1
90.00,35.00,258.82,-59.40,119.70,168.72,148.98,1
90.00,40.00,267.42,-59.40,119.70,176.82,148.43,1
90.00,45.00,270.33,-59.40,119.70,179.55,148.25,1
90.00,50.00,267.42,-59.40,119.70,176.82,148.43,1
90.00,55.00,258.82,-59.40,119.70,168.72,148.98,1
90.00,60.00,244.88,-59.40,119.70,155.49,149.97,1
90.00,65.00,226.16,-59.40,119.70,137.54,151.53,1
90.00,70.00,203.54,-59.40,119.70,115.41,153.90,1
90.00,75.00,178.26,-59.40,119.70,89.77,157.46,1
90.00,80.00,152.32,-59.40,119.70,61.41,162.78,1
90.00,85.00,129.81,-59.40,119.70,31.18,170.40,1
90.00,90.00,119.70,-59.40,119.70,0.00,0.00,1
90.00,95.00,129.81,-59.40,119.70,-31.18,9.60,1
90.00,100.00,152.32,-59.40,119.70,-61.41,17.22,1
90.00,105.00,178.26,-59.40,119.70,-89.78,22.54,1
90.00,110.00,203.54,-59.40,119.70,-115.41,26.10,1
90.00,115.00,226.16,-59.40,119.70,-137.54,28.47,1
90.00,120.00,244.88,-59.40,119.70,-155.49,30.03,1
90.00,125.00,258.82,-59.40,119.70,-168.72,31.02,1
90.00,130.00,267.42,-59.40,119.70,-176.82,31.57,1
90.00,135.00,270.33,-59.40,119.70,-179.55,31.75,1
90.00,140.00,267.42,-59.40,119.70,-176.82,31.57,1
90.00,145.00,258.82,-59.40,119.70,-168.72,31.02,1
90.00,150.00,244.88,-59.40,119.70,-155.49,30.03,1
90.00,155.00,226.16,-59.40,119.70,-137.54,28.47,1
90.00,160.00,203.54,-59.40,119.70,-115.41,26.10,1
90.00,165.00,178.26,-59.40,119.70,-89.78,22.54,1
90.00,170.00,152.32,-59.40,119.70,-61.41,17.22,1
90.00,175.00,129.81,-59.40,119.70,-31.18,9.60,1
90.00,180.00,119.70,-59.40,119.70,-0.00,0.00,1
90.00,185.00,129.81,-59.40,119.70,31.18,170.40,1
90.00,190.00,152.32,-59.40,119.70,61.41,162.78,1
90.00,195.00,178.26,-59.40,119.70,89.77,157.46,1
90.00,200.00,203.54,-59.40,119.70,115.41,153.90,1
90.00,205.00,226.16,-59.40,119.70,137.54,151.53,1
90.00,210.00,244.88,-59.40,119.70,155.49,149.97,1
90.00,215.00,258.82,-59.40,119.70,168.72,148.98,1
90.00,220.00,267.42,-59.40,119.70,176.82,148.43,1
90.00,225.00,270.33,-59.40,119.70,179.55,148.25,1
90.00,230.00,267.42,-59.40,119.70,176.82,148.43,1
90.00,235.00,258.82,-59.40,119.70,168.72,148.98,1
90.00,240.00,244.88,-59.40,119.70,155.49,149.97,1
90.00,245.00,226.16,-59.40,119.70,137.54,151.53,1
90.00,250.00,203.54,-59.40,119.70,115.41,153.90,1
90.00,255.00,178.26,-59.40,119.70,89.77,157.46,1
90.00,260.00,152.32,-59.40,119.70,61.41,162.78,1
90.00,265.00,129.81,-59.40,119.70,31.18,170.40,1
90.00,270.00,119.70,-59.40,119.70,0.00,0.00,1
90.00,275.00,129.81,-59.40,119.70,-31.18,9.60,1
90.00,280.00,152.32,-59.40,119.70,-61.41,17.22,1
90.00,285.00,178.26,-59.40,119.70,-89.78,22.54,1
90.00,290.00,203.54,-59.40,119.70,-115.41,26.10,1
90.00,295.00,226.16,-59.40,119.70,-137.54,28.47,1
90.00,300.00,244.88,-59.40,119.70,-155.49,30.03,1
90.00,305.00,258.82,-59.40,119.70,-168.72,31.02,1
90.00,310.00,267.42,-59.40,119.70,-176.82,31.57,1
90.00,315.00,270.33,-59.40,119.70,-179.55,31.75,1
90.00,320.00,267.42,-59.40,119.70,-176.82,31.57,1
90.00,325.00,258.82,-59.40,119.70,-168.72,31.02,1
90.00,330.00,244.88,-59.40,119.70,-155.49,30.03,1
90.00,335.00,226.16,-59.40,119.70,-137.54,28.47,1
90.00,340.00,203.54,-59.40,119.70,-115.41,26.10,1
90.00,345.00,178.26,-59.40,119.70,-89.77,22.54,1
90.00,350.00,152.32,-59.40,119.70,-61.41,17.22,1
90.00,355.00,129.81,-59.40,119.70,-31.18,9.60,1
90.00,360.00,119.70,-59.40,119.70,-0.00,0.00,1
