planet,model_type,time_myr,radius_km,mass_mearth,dr_dt_km_myr,theta,u_m_s,v_h_m_s,regime
Uranus,Shear_Dominated_Cold,0.00,100.00,0.0000,2.5943e+03,1.0000e-01,6.9161e-02,6.9161e-01,3D Shear-Dominated
Uranus,Shear_Dominated_Cold,0.10,359.43,0.0000,2.5943e+03,1.0000e-01,2.4858e-01,2.4858e+00,3D Shear-Dominated
Uranus,Shear_Dominated_Cold,0.20,618.85,0.0002,2.5943e+03,1.0000e-01,4.2801e-01,4.2801e+00,3D Shear-Dominated
Uranus,Shear_Dominated_Cold,0.30,878.28,0.0007,2.5943e+03,1.0000e-01,6.0743e-01,6.0743e+00,3D Shear-Dominated
Uranus,Shear_Dominated_Cold,0.40,1137.71,0.0015,2.5943e+03,1.0000e-01,7.8685e-01,7.8685e+00,3D Shear-Dominated
Uranus,Shear_Dominated_Cold,0.50,1397.13,0.0029,2.5943e+03,1.0000e-01,9.6627e-01,9.6627e+00,3D Shear-Dominated
Uranus,Shear_Dominated_Cold,0.60,1656.56,0.0048,2.5943e+03,1.0000e-01,1.1457e+00,1.1457e+01,3D Shear-Dominated
Uranus,Shear_Dominated_Cold,0.70,1915.99,0.0074,2.5943e+03,1.0000e-01,1.3251e+00,1.3251e+01,3D Shear-Dominated
Uranus,Shear_Dominated_Cold,0.80,2175.41,0.0108,2.5943e+03,1.0000e-01,1.5045e+00,1.5045e+01,3D Shear-Dominated
Uranus,Shear_Dominated_Cold,0.90,2434.84,0.0152,2.5943e+03,1.0000e-01,1.6840e+00,1.6840e+01,3D Shear-Dominated
Uranus,Shear_Dominated_Cold,1.00,2694.27,0.0206,2.5943e+03,1.0000e-01,1.8634e+00,1.8634e+01,3D Shear-Dominated
Uranus,Shear_Dominated_Cold,1.10,2953.69,0.0271,2.5943e+03,1.0000e-01,2.0428e+00,2.0428e+01,3D Shear-Dominated
Uranus,Shear_Dominated_Cold,1.20,3213.12,0.0349,2.5943e+03,1.0000e-01,2.2222e+00,2.2222e+01,3D Shear-Dominated
Uranus,Shear_Dominated_Cold,1.30,3472.54,0.0441,2.5943e+03,1.0000e-01,2.4017e+00,2.4017e+01,3D Shear-Dominated
Uranus,Shear_Dominated_Cold,1.40,3731.97,0.0547,2.5943e+03,1.0000e-01,2.5811e+00,2.5811e+01,3D Shear-Dominated
Uranus,Shear_Dominated_Cold,1.50,3991.40,0.0669,2.5943e+03,1.0000e-01,2.7605e+00,2.7605e+01,3D Shear-Dominated
Uranus,Shear_Dominated_Cold,1.60,4250.82,0.0808,2.5943e+03,1.0000e-01,2.9399e+00,2.9399e+01,3D Shear-Dominated
Uranus,Shear_Dominated_Cold,1.70,4510.25,0.0965,2.5943e+03,1.0000e-01,3.1193e+00,3.1193e+01,3D Shear-Dominated
Uranus,Shear_Dominated_Cold,1.80,4769.68,0.1142,2.5943e+03,1.0000e-01,3.2988e+00,3.2988e+01,3D Shear-Dominated
Uranus,Shear_Dominated_Cold,1.90,5029.10,0.1338,2.5943e+03,1.0000e-01,3.4782e+00,3.4782e+01,3D Shear-Dominated
Uranus,Shear_Dominated_Cold,2.00,5288.53,0.1556,2.5943e+03,1.0000e-01,3.6576e+00,3.6576e+01,3D Shear-Dominated
Uranus,Shear_Dominated_Cold,2.10,5547.96,0.1797,2.5943e+03,1.0000e-01,3.8370e+00,3.8370e+01,3D Shear-Dominated
Uranus,Shear_Dominated_Cold,2.20,5807.38,0.2061,2.5943e+03,1.0000e-01,4.0165e+00,4.0165e+01,3D Shear-Dominated
Uranus,Shear_Dominated_Cold,2.30,6066.81,0.2349,2.5943e+03,1.0000e-01,4.1959e+00,4.1959e+01,3D Shear-Dominated
Uranus,Shear_Dominated_Cold,2.40,6326.24,0.2664,2.5943e+03,1.0000e-01,4.3753e+00,4.3753e+01,3D Shear-Dominated
Uranus,Shear_Dominated_Cold,2.50,6585.66,0.3005,2.5943e+03,1.0000e-01,4.5547e+00,4.5547e+01,3D Shear-Dominated
Uranus,Shear_Dominated_Cold,2.60,6845.09,0.3374,2.5943e+03,1.0000e-01,4.7341e+00,4.7341e+01,3D Shear-Dominated
Uranus,Shear_Dominated_Cold,2.70,7104.52,0.3773,2.5943e+03,1.0000e-01,4.9136e+00,4.9136e+01,3D Shear-Dominated
Uranus,Shear_Dominated_Cold,2.80,7363.94,0.4201,2.5943e+03,1.0000e-01,5.0930e+00,5.0930e+01,3D Shear-Dominated
Uranus,Shear_Dominated_Cold,2.90,7623.37,0.4661,2.5943e+03,1.0000e-01,5.2724e+00,5.2724e+01,3D Shear-Dominated
Uranus,Shear_Dominated_Cold,3.00,7882.80,0.5153,2.5943e+03,1.0000e-01,5.4518e+00,5.4518e+01,3D Shear-Dominated
Uranus,Shear_Dominated_Cold,3.10,8142.22,0.5679,2.5943e+03,1.0000e-01,5.6313e+00,5.6313e+01,3D Shear-Dominated
Uranus,Shear_Dominated_Cold,3.20,8401.65,0.6239,2.5943e+03,1.0000e-01,5.8107e+00,5.8107e+01,3D Shear-Dominated
Uranus,Shear_Dominated_Cold,3.30,8661.08,0.6835,2.5943e+03,1.0000e-01,5.9901e+00,5.9901e+01,3D Shear-Dominated
Uranus,Shear_Dominated_Cold,3.40,8920.50,0.7468,2.5943e+03,1.0000e-01,6.1695e+00,6.1695e+01,3D Shear-Dominated
Uranus,Shear_Dominated_Cold,3.50,9179.93,0.8139,2.5943e+03,1.0000e-01,6.3489e+00,6.3489e+01,3D Shear-Dominated
Uranus,Shear_Dominated_Cold,3.60,9439.35,0.8849,2.5943e+03,1.0000e-01,6.5284e+00,6.5284e+01,3D Shear-Dominated
Uranus,Shear_Dominated_Cold,3.70,9698.78,0.9598,2.5943e+03,1.0000e-01,6.7078e+00,6.7078e+01,3D Shear-Dominated
Uranus,Shear_Dominated_Cold,3.80,9958.21,1.0389,2.5943e+03,1.0000e-01,6.8872e+00,6.8872e+01,3D Shear-Dominated
Uranus,Shear_Dominated_Cold,3.90,10217.63,1.1223,2.5943e+03,1.0000e-01,7.0666e+00,7.0666e+01,3D Shear-Dominated
Uranus,Shear_Dominated_Cold,4.00,10477.06,1.2099,2.5943e+03,1.0000e-01,7.2461e+00,7.2461e+01,3D Shear-Dominated
Uranus,Shear_Dominated_Cold,4.10,10736.49,1.3021,2.5943e+03,1.0000e-01,7.4255e+00,7.4255e+01,3D Shear-Dominated
Uranus,Shear_Dominated_Cold,4.20,10995.91,1.3987,2.5943e+03,1.0000e-01,7.6049e+00,7.6049e+01,3D Shear-Dominated
Uranus,Shear_Dominated_Cold,4.30,11255.34,1.5001,2.5943e+03,1.0000e-01,7.7843e+00,7.7843e+01,3D Shear-Dominated
Uranus,Shear_Dominated_Cold,4.40,11514.77,1.6062,2.5943e+03,1.0000e-01,7.9637e+00,7.9637e+01,3D Shear-Dominated
Uranus,Shear_Dominated_Cold,4.50,11774.19,1.7173,2.5943e+03,1.0000e-01,8.1432e+00,8.1432e+01,3D Shear-Dominated
Uranus,Shear_Dominated_Cold,4.60,12033.62,1.8333,2.5943e+03,1.0000e-01,8.3226e+00,8.3226e+01,3D Shear-Dominated
Uranus,Shear_Dominated_Cold,4.70,12293.05,1.9544,2.5943e+03,1.0000e-01,8.5020e+00,8.5020e+01,3D Shear-Dominated
Uranus,Shear_Dominated_Cold,4.80,12552.47,2.0808,2.5943e+03,1.0000e-01,8.6814e+00,8.6814e+01,3D Shear-Dominated
Uranus,Shear_Dominated_Cold,4.90,12811.90,2.2125,2.5943e+03,1.0000e-01,8.8609e+00,8.8609e+01,3D Shear-Dominated
Uranus,Shear_Dominated_Cold,5.00,13071.33,2.3497,2.5943e+03,1.0000e-01,9.0403e+00,9.0403e+01,3D Shear-Dominated
Uranus,Shear_Dominated_Cold,5.10,13330.75,2.4924,2.5943e+03,1.0000e-01,9.2197e+00,9.2197e+01,3D Shear-Dominated
Uranus,Shear_Dominated_Cold,5.20,13590.18,2.6407,2.5943e+03,1.0000e-01,9.3991e+00,9.3991e+01,3D Shear-Dominated
Uranus,Shear_Dominated_Cold,5.30,13849.61,2.7948,2.5943e+03,1.0000e-01,9.5785e+00,9.5785e+01,3D Shear-Dominated
Uranus,Shear_Dominated_Cold,5.40,14109.03,2.9549,2.5943e+03,1.0000e-01,9.7580e+00,9.7580e+01,3D Shear-Dominated
Uranus,Shear_Dominated_Cold,5.50,14368.46,3.1209,2.5943e+03,1.0000e-01,9.9374e+00,9.9374e+01,3D Shear-Dominated
Uranus,Shear_Dominated_Cold,5.60,14627.89,3.2930,2.5943e+03,1.0000e-01,1.0117e+01,1.0117e+02,3D Shear-Dominated
Uranus,Shear_Dominated_Cold,5.70,14887.31,3.4713,2.5943e+03,1.0000e-01,1.0296e+01,1.0296e+02,3D Shear-Dominated
Uranus,Shear_Dominated_Cold,5.80,15146.74,3.6560,2.5943e+03,1.0000e-01,1.0476e+01,1.0476e+02,3D Shear-Dominated
Uranus,Shear_Dominated_Cold,5.90,15406.16,3.8471,2.5943e+03,1.0000e-01,1.0655e+01,1.0655e+02,3D Shear-Dominated
Uranus,Shear_Dominated_Cold,6.00,15665.59,4.0447,2.5943e+03,1.0000e-01,1.0835e+01,1.0835e+02,3D Shear-Dominated
Uranus,Shear_Dominated_Cold,6.10,15925.02,4.2490,2.5943e+03,1.0000e-01,1.1014e+01,1.1014e+02,3D Shear-Dominated
Uranus,Shear_Dominated_Cold,6.20,16184.44,4.4600,2.5943e+03,1.0000e-01,1.1193e+01,1.1193e+02,3D Shear-Dominated
Uranus,Shear_Dominated_Cold,6.30,16443.87,4.6780,2.5943e+03,1.0000e-01,1.1373e+01,1.1373e+02,3D Shear-Dominated
Uranus,Shear_Dominated_Cold,6.40,16703.30,4.9029,2.5943e+03,1.0000e-01,1.1552e+01,1.1552e+02,3D Shear-Dominated
Uranus,Shear_Dominated_Cold,6.50,16962.72,5.1349,2.5943e+03,1.0000e-01,1.1732e+01,1.1732e+02,3D Shear-Dominated
Uranus,Shear_Dominated_Cold,6.60,17222.15,5.3741,2.5943e+03,1.0000e-01,1.1911e+01,1.1911e+02,3D Shear-Dominated
Uranus,Shear_Dominated_Cold,6.70,17481.58,5.6207,2.5943e+03,1.0000e-01,1.2090e+01,1.2090e+02,3D Shear-Dominated
Uranus,Shear_Dominated_Cold,6.80,17741.00,5.8746,2.5943e+03,1.0000e-01,1.2270e+01,1.2270e+02,3D Shear-Dominated
Uranus,Shear_Dominated_Cold,6.90,18000.43,6.1361,2.5943e+03,1.0000e-01,1.2449e+01,1.2449e+02,3D Shear-Dominated
Uranus,Shear_Dominated_Cold,7.00,18259.86,6.4053,2.5943e+03,1.0000e-01,1.2629e+01,1.2629e+02,3D Shear-Dominated
Uranus,Shear_Dominated_Cold,7.10,18519.28,6.6822,2.5943e+03,1.0000e-01,1.2808e+01,1.2808e+02,3D Shear-Dominated
Uranus,Shear_Dominated_Cold,7.20,18778.71,6.9670,2.5943e+03,1.0000e-01,1.2988e+01,1.2988e+02,3D Shear-Dominated
Uranus,Shear_Dominated_Cold,7.30,19038.14,7.2597,2.5943e+03,1.0000e-01,1.3167e+01,1.3167e+02,3D Shear-Dominated
Uranus,Shear_Dominated_Cold,7.40,19297.56,7.5605,2.5943e+03,1.0000e-01,1.3346e+01,1.3346e+02,3D Shear-Dominated
Uranus,Shear_Dominated_Cold,7.50,19556.99,7.8696,2.5943e+03,1.0000e-01,1.3526e+01,1.3526e+02,3D Shear-Dominated
Uranus,Shear_Dominated_Cold,7.60,19816.42,8.1869,2.5943e+03,1.0000e-01,1.3705e+01,1.3705e+02,3D Shear-Dominated
Uranus,Shear_Dominated_Cold,7.70,20075.84,8.5127,2.5943e+03,1.0000e-01,1.3885e+01,1.3885e+02,3D Shear-Dominated
Uranus,Shear_Dominated_Cold,7.80,20335.27,8.8470,2.5943e+03,1.0000e-01,1.4064e+01,1.4064e+02,3D Shear-Dominated
Uranus,Shear_Dominated_Cold,7.90,20594.70,9.1899,2.5943e+03,1.0000e-01,1.4244e+01,1.4244e+02,3D Shear-Dominated
Uranus,Shear_Dominated_Cold,8.00,20854.12,9.5416,2.5943e+03,1.0000e-01,1.4423e+01,1.4423e+02,3D Shear-Dominated
Uranus,Shear_Dominated_Cold,8.10,21113.55,9.9021,2.5943e+03,1.0000e-01,1.4602e+01,1.4602e+02,3D Shear-Dominated
Uranus,Shear_Dominated_Cold,8.20,21372.97,10.2717,2.5943e+03,1.0000e-01,1.4782e+01,1.4782e+02,3D Shear-Dominated
Uranus,Shear_Dominated_Cold,8.30,21632.40,10.6502,2.5943e+03,1.0000e-01,1.4961e+01,1.4961e+02,3D Shear-Dominated
Uranus,Shear_Dominated_Cold,8.40,21891.83,11.0380,2.5943e+03,1.0000e-01,1.5141e+01,1.5141e+02,3D Shear-Dominated
Uranus,Shear_Dominated_Cold,8.50,22151.25,11.4351,2.5943e+03,1.0000e-01,1.5320e+01,1.5320e+02,3D Shear-Dominated
Uranus,Shear_Dominated_Cold,8.60,22410.68,11.8416,2.5943e+03,1.0000e-01,1.5499e+01,1.5499e+02,3D Shear-Dominated
Uranus,Shear_Dominated_Cold,8.70,22670.11,12.2576,2.5943e+03,1.0000e-01,1.5679e+01,1.5679e+02,3D Shear-Dominated
Uranus,Shear_Dominated_Cold,8.80,22929.53,12.6833,2.5943e+03,1.0000e-01,1.5858e+01,1.5858e+02,3D Shear-Dominated
Uranus,Shear_Dominated_Cold,8.90,23188.96,13.1187,2.5943e+03,1.0000e-01,1.6038e+01,1.6038e+02,3D Shear-Dominated
Uranus,Shear_Dominated_Cold,9.00,23448.39,13.5639,2.5943e+03,1.0000e-01,1.6217e+01,1.6217e+02,3D Shear-Dominated
Uranus,Shear_Dominated_Cold,9.10,23707.81,14.0191,2.5943e+03,1.0000e-01,1.6397e+01,1.6397e+02,3D Shear-Dominated
Uranus,Shear_Dominated_Cold,9.20,23967.24,14.4844,2.5943e+03,1.0000e-01,1.6576e+01,1.6576e+02,3D Shear-Dominated
Uranus,Shear_Dominated_Cold,9.30,24226.67,14.9598,2.5943e+03,1.0000e-01,1.6755e+01,1.6755e+02,3D Shear-Dominated
Uranus,Shear_Dominated_Cold,9.40,24486.09,15.4456,2.5943e+03,1.0000e-01,1.6935e+01,1.6935e+02,3D Shear-Dominated
Uranus,Shear_Dominated_Cold,9.50,24745.52,15.9417,2.5943e+03,1.0000e-01,1.7114e+01,1.7114e+02,3D Shear-Dominated
Uranus,Shear_Dominated_Cold,9.60,25004.95,16.4484,2.5943e+03,1.0000e-01,1.7294e+01,1.7294e+02,3D Shear-Dominated
Uranus,Shear_Dominated_Cold,9.70,25264.37,16.9657,2.5943e+03,1.0000e-01,1.7473e+01,1.7473e+02,3D Shear-Dominated
Uranus,Shear_Dominated_Cold,9.80,25523.80,17.4937,2.5943e+03,1.0000e-01,1.7653e+01,1.7653e+02,3D Shear-Dominated
Uranus,Shear_Dominated_Cold,9.90,25783.23,18.0326,2.5943e+03,1.0000e-01,1.7832e+01,1.7832e+02,3D Shear-Dominated
Uranus,Shear_Dominated_Cold,10.00,26042.65,18.5824,2.5943e+03,1.0000e-01,1.8011e+01,1.8011e+02,3D Shear-Dominated
Uranus,Shear_Dominated_Cold,10.10,26302.08,19.1433,2.5943e+03,1.0000e-01,1.8191e+01,1.8191e+02,3D Shear-Dominated
Uranus,Shear_Dominated_Cold,10.20,26561.51,19.7153,2.5943e+03,1.0000e-01,1.8370e+01,1.8370e+02,3D Shear-Dominated
Uranus,Shear_Dominated_Cold,10.30,26820.93,20.2986,2.5943e+03,1.0000e-01,1.8550e+01,1.8550e+02,3D Shear-Dominated
Uranus,Shear_Dominated_Cold,10.40,27080.36,20.8934,2.5943e+03,1.0000e-01,1.8729e+01,1.8729e+02,3D Shear-Dominated
Uranus,Shear_Dominated_Cold,10.50,27339.79,21.4996,2.5943e+03,1.0000e-01,1.8909e+01,1.8909e+02,3D Shear-Dominated
Uranus,Shear_Dominated_Cold,10.60,27599.21,22.1175,2.5943e+03,1.0000e-01,1.9088e+01,1.9088e+02,3D Shear-Dominated
Uranus,Shear_Dominated_Cold,10.70,27858.64,22.7471,2.5943e+03,1.0000e-01,1.9267e+01,1.9267e+02,3D Shear-Dominated
Uranus,Shear_Dominated_Cold,10.80,28118.06,23.3885,2.5943e+03,1.0000e-01,1.9447e+01,1.9447e+02,3D Shear-Dominated
Uranus,Shear_Dominated_Cold,10.90,28377.49,24.0418,2.5943e+03,1.0000e-01,1.9626e+01,1.9626e+02,3D Shear-Dominated
Uranus,Shear_Dominated_Cold,11.00,28636.92,24.7072,2.5943e+03,1.0000e-01,1.9806e+01,1.9806e+02,3D Shear-Dominated
Uranus,Shear_Dominated_Cold,11.10,28896.34,25.3848,2.5943e+03,1.0000e-01,1.9985e+01,1.9985e+02,3D Shear-Dominated
Uranus,Shear_Dominated_Cold,11.20,29155.77,26.0747,2.5943e+03,1.0000e-01,2.0164e+01,2.0164e+02,3D Shear-Dominated
Uranus,Shear_Dominated_Cold,11.30,29415.20,26.7769,2.5943e+03,1.0000e-01,2.0344e+01,2.0344e+02,3D Shear-Dominated
Uranus,Shear_Dominated_Cold,11.40,29674.62,27.4917,2.5943e+03,1.0000e-01,2.0523e+01,2.0523e+02,3D Shear-Dominated
Uranus,Shear_Dominated_Cold,11.50,29934.05,28.2190,2.5943e+03,1.0000e-01,2.0703e+01,2.0703e+02,3D Shear-Dominated
Uranus,Shear_Dominated_Cold,11.60,30193.48,28.9591,2.5943e+03,1.0000e-01,2.0882e+01,2.0882e+02,3D Shear-Dominated
Uranus,Shear_Dominated_Cold,11.70,30452.90,29.7120,2.5943e+03,1.0000e-01,2.1062e+01,2.1062e+02,3D Shear-Dominated
Uranus,Shear_Dominated_Cold,11.80,30712.33,30.4778,2.5943e+03,1.0000e-01,2.1241e+01,2.1241e+02,3D Shear-Dominated
Uranus,Equilibrium_Stirring,0.00,100.00,0.0000,1.4676e+03,1.7677e-01,1.2225e-01,6.9161e-01,3D Shear-Dominated
Uranus,Equilibrium_Stirring,0.10,246.76,0.0000,1.1710e+03,2.2155e-01,3.7810e-01,1.7066e+00,3D Shear-Dominated
Uranus,Equilibrium_Stirring,0.20,363.86,0.0001,1.0626e+03,2.4414e-01,6.1437e-01,2.5165e+00,3D Shear-Dominated
Uranus,Equilibrium_Stirring,0.30,470.12,0.0001,9.9669e+02,2.6029e-01,8.4630e-01,3.2514e+00,3D Shear-Dominated
Uranus,Equilibrium_Stirring,0.40,569.79,0.0002,9.4991e+02,2.7311e-01,1.0762e+00,3.9407e+00,3D Shear-Dominated
Uranus,Equilibrium_Stirring,0.50,664.78,0.0003,9.1399e+02,2.8384e-01,1.3050e+00,4.5977e+00,3D Shear-Dominated
Uranus,Equilibrium_Stirring,0.60,756.18,0.0005,8.8503e+02,2.9313e-01,1.5330e+00,5.2298e+00,3D Shear-Dominated
Uranus,Equilibrium_Stirring,0.70,844.68,0.0006,8.6087e+02,3.0135e-01,1.7605e+00,5.8419e+00,3D Shear-Dominated
Uranus,Equilibrium_Stirring,0.80,930.77,0.0008,8.4024e+02,3.0875e-01,1.9875e+00,6.4373e+00,3D Shear-Dominated
Uranus,Equilibrium_Stirring,0.90,1014.80,0.0011,8.2228e+02,3.1550e-01,2.2143e+00,7.0184e+00,3D Shear-Dominated
Uranus,Equilibrium_Stirring,1.00,1097.02,0.0014,8.0642e+02,3.2170e-01,2.4408e+00,7.5871e+00,3D Shear-Dominated
Uranus,Equilibrium_Stirring,1.10,1177.66,0.0017,7.9224e+02,3.2746e-01,2.6671e+00,8.1449e+00,3D Shear-Dominated
Uranus,Equilibrium_Stirring,1.20,1256.89,0.0021,7.7945e+02,3.3283e-01,2.8932e+00,8.6928e+00,3D Shear-Dominated
Uranus,Equilibrium_Stirring,1.30,1334.83,0.0025,7.6781e+02,3.3788e-01,3.1192e+00,9.2319e+00,3D Shear-Dominated
Uranus,Equilibrium_Stirring,1.40,1411.62,0.0030,7.5715e+02,3.4263e-01,3.3451e+00,9.7629e+00,3D Shear-Dominated
Uranus,Equilibrium_Stirring,1.50,1487.33,0.0035,7.4733e+02,3.4714e-01,3.5709e+00,1.0287e+01,3D Shear-Dominated
Uranus,Equilibrium_Stirring,1.60,1562.06,0.0040,7.3822e+02,3.5142e-01,3.7965e+00,1.0803e+01,3D Shear-Dominated
Uranus,Equilibrium_Stirring,1.70,1635.89,0.0046,7.2975e+02,3.5550e-01,4.0221e+00,1.1314e+01,3D Shear-Dominated
Uranus,Equilibrium_Stirring,1.80,1708.86,0.0053,7.2183e+02,3.5940e-01,4.2476e+00,1.1819e+01,3D Shear-Dominated
Uranus,Equilibrium_Stirring,1.90,1781.04,0.0059,7.1441e+02,3.6314e-01,4.4731e+00,1.2318e+01,3D Shear-Dominated
Uranus,Equilibrium_Stirring,2.00,1852.49,0.0067,7.0742e+02,3.6672e-01,4.6985e+00,1.2812e+01,3D Shear-Dominated
Uranus,Equilibrium_Stirring,2.10,1923.23,0.0075,7.0082e+02,3.7018e-01,4.9238e+00,1.3301e+01,3D Shear-Dominated
Uranus,Equilibrium_Stirring,2.20,1993.31,0.0083,6.9458e+02,3.7350e-01,5.1491e+00,1.3786e+01,3D Shear-Dominated
Uranus,Equilibrium_Stirring,2.30,2062.77,0.0092,6.8865e+02,3.7672e-01,5.3743e+00,1.4266e+01,3D Shear-Dominated
Uranus,Equilibrium_Stirring,2.40,2131.63,0.0102,6.8302e+02,3.7982e-01,5.5996e+00,1.4743e+01,3D Shear-Dominated
Uranus,Equilibrium_Stirring,2.50,2199.93,0.0112,6.7766e+02,3.8283e-01,5.8247e+00,1.5215e+01,3D Shear-Dominated
Uranus,Equilibrium_Stirring,2.60,2267.70,0.0123,6.7254e+02,3.8574e-01,6.0499e+00,1.5684e+01,3D Shear-Dominated
Uranus,Equilibrium_Stirring,2.70,2334.95,0.0134,6.6764e+02,3.8857e-01,6.2750e+00,1.6149e+01,3D Shear-Dominated
Uranus,Equilibrium_Stirring,2.80,2401.72,0.0146,6.6295e+02,3.9132e-01,6.5000e+00,1.6611e+01,3D Shear-Dominated
Uranus,Equilibrium_Stirring,2.90,2468.01,0.0158,6.5846e+02,3.9399e-01,6.7251e+00,1.7069e+01,3D Shear-Dominated
Uranus,Equilibrium_Stirring,3.00,2533.86,0.0171,6.5414e+02,3.9659e-01,6.9501e+00,1.7524e+01,3D Shear-Dominated
Uranus,Equilibrium_Stirring,3.10,2599.27,0.0185,6.4998e+02,3.9913e-01,7.1751e+00,1.7977e+01,3D Shear-Dominated
Uranus,Equilibrium_Stirring,3.20,2664.27,0.0199,6.4598e+02,4.0160e-01,7.4001e+00,1.8426e+01,3D Shear-Dominated
Uranus,Equilibrium_Stirring,3.30,2728.87,0.0214,6.4212e+02,4.0401e-01,7.6250e+00,1.8873e+01,3D Shear-Dominated
Uranus,Equilibrium_Stirring,3.40,2793.08,0.0229,6.3840e+02,4.0637e-01,7.8500e+00,1.9317e+01,3D Shear-Dominated
Uranus,Equilibrium_Stirring,3.50,2856.92,0.0245,6.3480e+02,4.0867e-01,8.0749e+00,1.9759e+01,3D Shear-Dominated
Uranus,Equilibrium_Stirring,3.60,2920.40,0.0262,6.3132e+02,4.1092e-01,8.2998e+00,2.0198e+01,3D Shear-Dominated
Uranus,Equilibrium_Stirring,3.70,2983.53,0.0279,6.2796e+02,4.1313e-01,8.5247e+00,2.0634e+01,3D Shear-Dominated
Uranus,Equilibrium_Stirring,3.80,3046.33,0.0297,6.2470e+02,4.1528e-01,8.7495e+00,2.1069e+01,3D Shear-Dominated
Uranus,Equilibrium_Stirring,3.90,3108.80,0.0316,6.2153e+02,4.1740e-01,8.9744e+00,2.1501e+01,3D Shear-Dominated
Uranus,Equilibrium_Stirring,4.00,3170.95,0.0335,6.1847e+02,4.1947e-01,9.1992e+00,2.1931e+01,3D Shear-Dominated
Uranus,Equilibrium_Stirring,4.10,3232.80,0.0355,6.1549e+02,4.2150e-01,9.4240e+00,2.2358e+01,3D Shear-Dominated
Uranus,Equilibrium_Stirring,4.20,3294.35,0.0376,6.1259e+02,4.2349e-01,9.6488e+00,2.2784e+01,3D Shear-Dominated
Uranus,Equilibrium_Stirring,4.30,3355.61,0.0398,6.0978e+02,4.2545e-01,9.8736e+00,2.3208e+01,3D Shear-Dominated
Uranus,Equilibrium_Stirring,4.40,3416.58,0.0420,6.0704e+02,4.2737e-01,1.0098e+01,2.3629e+01,3D Shear-Dominated
Uranus,Equilibrium_Stirring,4.50,3477.29,0.0442,6.0437e+02,4.2925e-01,1.0323e+01,2.4049e+01,3D Shear-Dominated
Uranus,Equilibrium_Stirring,4.60,3537.73,0.0466,6.0177e+02,4.3110e-01,1.0548e+01,2.4467e+01,3D Shear-Dominated
Uranus,Equilibrium_Stirring,4.70,3597.90,0.0490,5.9924e+02,4.3293e-01,1.0773e+01,2.4884e+01,3D Shear-Dominated
Uranus,Equilibrium_Stirring,4.80,3657.83,0.0515,5.9677e+02,4.3472e-01,1.0997e+01,2.5298e+01,3D Shear-Dominated
Uranus,Equilibrium_Stirring,4.90,3717.50,0.0541,5.9436e+02,4.3648e-01,1.1222e+01,2.5711e+01,3D Shear-Dominated
Uranus,Equilibrium_Stirring,5.00,3776.94,0.0567,5.9201e+02,4.3821e-01,1.1447e+01,2.6122e+01,3D Shear-Dominated
Uranus,Equilibrium_Stirring,5.10,3836.14,0.0594,5.8971e+02,4.3992e-01,1.1672e+01,2.6531e+01,3D Shear-Dominated
Uranus,Equilibrium_Stirring,5.20,3895.11,0.0622,5.8747e+02,4.4160e-01,1.1896e+01,2.6939e+01,3D Shear-Dominated
Uranus,Equilibrium_Stirring,5.30,3953.86,0.0650,5.8527e+02,4.4326e-01,1.2121e+01,2.7345e+01,3D Shear-Dominated
Uranus,Equilibrium_Stirring,5.40,4012.39,0.0680,5.8313e+02,4.4489e-01,1.2346e+01,2.7750e+01,3D Shear-Dominated
Uranus,Equilibrium_Stirring,5.50,4070.70,0.0710,5.8103e+02,4.4650e-01,1.2570e+01,2.8153e+01,3D Shear-Dominated
Uranus,Equilibrium_Stirring,5.60,4128.80,0.0740,5.7897e+02,4.4808e-01,1.2795e+01,2.8555e+01,3D Shear-Dominated
Uranus,Equilibrium_Stirring,5.70,4186.70,0.0772,5.7696e+02,4.4964e-01,1.3020e+01,2.8956e+01,3D Shear-Dominated
Uranus,Equilibrium_Stirring,5.80,4244.39,0.0804,5.7499e+02,4.5119e-01,1.3244e+01,2.9355e+01,3D Shear-Dominated
Uranus,Equilibrium_Stirring,5.90,4301.89,0.0838,5.7306e+02,4.5271e-01,1.3469e+01,2.9752e+01,3D Shear-Dominated
Uranus,Equilibrium_Stirring,6.00,4359.20,0.0871,5.7117e+02,4.5421e-01,1.3694e+01,3.0149e+01,3D Shear-Dominated
Uranus,Equilibrium_Stirring,6.10,4416.32,0.0906,5.6931e+02,4.5569e-01,1.3918e+01,3.0544e+01,3D Shear-Dominated
Uranus,Equilibrium_Stirring,6.20,4473.25,0.0942,5.6749e+02,4.5715e-01,1.4143e+01,3.0937e+01,3D Shear-Dominated
Uranus,Equilibrium_Stirring,6.30,4530.00,0.0978,5.6570e+02,4.5859e-01,1.4368e+01,3.1330e+01,3D Shear-Dominated
Uranus,Equilibrium_Stirring,6.40,4586.57,0.1015,5.6395e+02,4.6002e-01,1.4592e+01,3.1721e+01,3D Shear-Dominated
Uranus,Equilibrium_Stirring,6.50,4642.96,0.1053,5.6223e+02,4.6142e-01,1.4817e+01,3.2111e+01,3D Shear-Dominated
Uranus,Equilibrium_Stirring,6.60,4699.18,0.1092,5.6054e+02,4.6281e-01,1.5042e+01,3.2500e+01,3D Shear-Dominated
Uranus,Equilibrium_Stirring,6.70,4755.24,0.1131,5.5888e+02,4.6419e-01,1.5266e+01,3.2888e+01,3D Shear-Dominated
Uranus,Equilibrium_Stirring,6.80,4811.13,0.1172,5.5725e+02,4.6555e-01,1.5491e+01,3.3274e+01,3D Shear-Dominated
Uranus,Equilibrium_Stirring,6.90,4866.85,0.1213,5.5565e+02,4.6689e-01,1.5715e+01,3.3660e+01,3D Shear-Dominated
Uranus,Equilibrium_Stirring,7.00,4922.42,0.1255,5.5408e+02,4.6822e-01,1.5940e+01,3.4044e+01,3D Shear-Dominated
Uranus,Equilibrium_Stirring,7.10,4977.82,0.1298,5.5253e+02,4.6953e-01,1.6165e+01,3.4427e+01,3D Shear-Dominated
Uranus,Equilibrium_Stirring,7.20,5033.08,0.1341,5.5100e+02,4.7082e-01,1.6389e+01,3.4809e+01,3D Shear-Dominated
Uranus,Equilibrium_Stirring,7.30,5088.18,0.1386,5.4951e+02,4.7211e-01,1.6614e+01,3.5190e+01,3D Shear-Dominated
Uranus,Equilibrium_Stirring,7.40,5143.13,0.1431,5.4803e+02,4.7338e-01,1.6838e+01,3.5570e+01,3D Shear-Dominated
Uranus,Equilibrium_Stirring,7.50,5197.93,0.1478,5.4658e+02,4.7463e-01,1.7063e+01,3.5949e+01,3D Shear-Dominated
Uranus,Equilibrium_Stirring,7.60,5252.59,0.1525,5.4516e+02,4.7588e-01,1.7287e+01,3.6328e+01,3D Shear-Dominated
Uranus,Equilibrium_Stirring,7.70,5307.10,0.1573,5.4375e+02,4.7711e-01,1.7512e+01,3.6705e+01,3D Shear-Dominated
Uranus,Equilibrium_Stirring,7.80,5361.48,0.1621,5.4237e+02,4.7832e-01,1.7737e+01,3.7081e+01,3D Shear-Dominated
Uranus,Equilibrium_Stirring,7.90,5415.72,0.1671,5.4100e+02,4.7953e-01,1.7961e+01,3.7456e+01,3D Shear-Dominated
Uranus,Equilibrium_Stirring,8.00,5469.82,0.1722,5.3966e+02,4.8072e-01,1.8186e+01,3.7830e+01,3D Shear-Dominated
Uranus,Equilibrium_Stirring,8.10,5523.78,0.1773,5.3834e+02,4.8190e-01,1.8410e+01,3.8203e+01,3D Shear-Dominated
Uranus,Equilibrium_Stirring,8.20,5577.62,0.1826,5.3703e+02,4.8307e-01,1.8635e+01,3.8575e+01,3D Shear-Dominated
Uranus,Equilibrium_Stirring,8.30,5631.32,0.1879,5.3575e+02,4.8423e-01,1.8859e+01,3.8947e+01,3D Shear-Dominated
Uranus,Equilibrium_Stirring,8.40,5684.89,0.1933,5.3448e+02,4.8538e-01,1.9084e+01,3.9317e+01,3D Shear-Dominated
Uranus,Equilibrium_Stirring,8.50,5738.34,0.1988,5.3323e+02,4.8652e-01,1.9308e+01,3.9687e+01,3D Shear-Dominated
Uranus,Equilibrium_Stirring,8.60,5791.67,0.2044,5.3200e+02,4.8764e-01,1.9533e+01,4.0056e+01,3D Shear-Dominated
Uranus,Equilibrium_Stirring,8.70,5844.87,0.2101,5.3079e+02,4.8876e-01,1.9757e+01,4.0424e+01,3D Shear-Dominated
Uranus,Equilibrium_Stirring,8.80,5897.94,0.2158,5.2959e+02,4.8986e-01,1.9982e+01,4.0791e+01,3D Shear-Dominated
Uranus,Equilibrium_Stirring,8.90,5950.90,0.2217,5.2841e+02,4.9096e-01,2.0207e+01,4.1157e+01,3D Shear-Dominated
Uranus,Equilibrium_Stirring,9.00,6003.74,0.2277,5.2724e+02,4.9205e-01,2.0431e+01,4.1523e+01,3D Shear-Dominated
Uranus,Equilibrium_Stirring,9.10,6056.47,0.2337,5.2609e+02,4.9312e-01,2.0656e+01,4.1887e+01,3D Shear-Dominated
Uranus,Equilibrium_Stirring,9.20,6109.08,0.2399,5.2495e+02,4.9419e-01,2.0880e+01,4.2251e+01,3D Shear-Dominated
Uranus,Equilibrium_Stirring,9.30,6161.57,0.2461,5.2383e+02,4.9525e-01,2.1105e+01,4.2614e+01,3D Shear-Dominated
Uranus,Equilibrium_Stirring,9.40,6213.95,0.2524,5.2272e+02,4.9630e-01,2.1329e+01,4.2976e+01,3D Shear-Dominated
Uranus,Equilibrium_Stirring,9.50,6266.23,0.2589,5.2163e+02,4.9734e-01,2.1554e+01,4.3338e+01,3D Shear-Dominated
Uranus,Equilibrium_Stirring,9.60,6318.39,0.2654,5.2055e+02,4.9837e-01,2.1778e+01,4.3699e+01,3D Shear-Dominated
Uranus,Equilibrium_Stirring,9.70,6370.45,0.2720,5.1948e+02,4.9939e-01,2.2003e+01,4.4059e+01,3D Shear-Dominated
Uranus,Equilibrium_Stirring,9.80,6422.39,0.2787,5.1843e+02,5.0041e-01,2.2227e+01,4.4418e+01,3D Shear-Dominated
Uranus,Equilibrium_Stirring,9.90,6474.24,0.2855,5.1739e+02,5.0142e-01,2.2452e+01,4.4777e+01,3D Shear-Dominated
Uranus,Equilibrium_Stirring,10.00,6525.97,0.2924,5.1636e+02,5.0241e-01,2.2676e+01,4.5134e+01,3D Shear-Dominated
Uranus,Equilibrium_Stirring,10.10,6577.61,0.2994,5.1534e+02,5.0341e-01,2.2901e+01,4.5492e+01,3D Shear-Dominated
Uranus,Equilibrium_Stirring,10.20,6629.15,0.3065,5.1434e+02,5.0439e-01,2.3125e+01,4.5848e+01,3D Shear-Dominated
Uranus,Equilibrium_Stirring,10.30,6680.58,0.3137,5.1335e+02,5.0536e-01,2.3350e+01,4.6204e+01,3D Shear-Dominated
Uranus,Equilibrium_Stirring,10.40,6731.91,0.3210,5.1236e+02,5.0633e-01,2.3574e+01,4.6559e+01,3D Shear-Dominated
Uranus,Equilibrium_Stirring,10.50,6783.15,0.3284,5.1139e+02,5.0729e-01,2.3799e+01,4.6913e+01,3D Shear-Dominated
Uranus,Equilibrium_Stirring,10.60,6834.29,0.3358,5.1043e+02,5.0825e-01,2.4023e+01,4.7267e+01,3D Shear-Dominated
Uranus,Equilibrium_Stirring,10.70,6885.33,0.3434,5.0949e+02,5.0919e-01,2.4248e+01,4.7620e+01,3D Shear-Dominated
Uranus,Equilibrium_Stirring,10.80,6936.28,0.3511,5.0855e+02,5.1013e-01,2.4472e+01,4.7972e+01,3D Shear-Dominated
Uranus,Equilibrium_Stirring,10.90,6987.14,0.3589,5.0762e+02,5.1106e-01,2.4697e+01,4.8324e+01,3D Shear-Dominated
Uranus,Equilibrium_Stirring,11.00,7037.90,0.3668,5.0670e+02,5.1199e-01,2.4921e+01,4.8675e+01,3D Shear-Dominated
Uranus,Equilibrium_Stirring,11.10,7088.57,0.3747,5.0579e+02,5.1291e-01,2.5146e+01,4.9025e+01,3D Shear-Dominated
Uranus,Equilibrium_Stirring,11.20,7139.15,0.3828,5.0490e+02,5.1382e-01,2.5370e+01,4.9375e+01,3D Shear-Dominated
Uranus,Equilibrium_Stirring,11.30,7189.64,0.3910,5.0401e+02,5.1473e-01,2.5595e+01,4.9724e+01,3D Shear-Dominated
Uranus,Equilibrium_Stirring,11.40,7240.04,0.3993,5.0313e+02,5.1563e-01,2.5819e+01,5.0073e+01,3D Shear-Dominated
Uranus,Equilibrium_Stirring,11.50,7290.35,0.4077,5.0226e+02,5.1652e-01,2.6043e+01,5.0421e+01,3D Shear-Dominated
Uranus,Equilibrium_Stirring,11.60,7340.58,0.4161,5.0140e+02,5.1741e-01,2.6268e+01,5.0768e+01,3D Shear-Dominated
Uranus,Equilibrium_Stirring,11.70,7390.72,0.4247,5.0054e+02,5.1829e-01,2.6492e+01,5.1115e+01,3D Shear-Dominated
Uranus,Equilibrium_Stirring,11.80,7440.77,0.4334,4.9970e+02,5.1917e-01,2.6717e+01,5.1461e+01,3D Shear-Dominated
Uranus,Equilibrium_Stirring,11.90,7490.74,0.4422,4.9886e+02,5.2003e-01,2.6941e+01,5.1807e+01,3D Shear-Dominated
Uranus,Equilibrium_Stirring,12.00,7540.63,0.4511,4.9804e+02,5.2090e-01,2.7166e+01,5.2152e+01,3D Shear-Dominated
Uranus,Equilibrium_Stirring,12.10,7590.43,0.4601,4.9722e+02,5.2176e-01,2.7390e+01,5.2496e+01,3D Shear-Dominated
Uranus,Equilibrium_Stirring,12.20,7640.15,0.4692,4.9641e+02,5.2261e-01,2.7615e+01,5.2840e+01,3D Shear-Dominated
Uranus,Equilibrium_Stirring,12.30,7689.79,0.4784,4.9560e+02,5.2346e-01,2.7839e+01,5.3183e+01,3D Shear-Dominated
Uranus,Equilibrium_Stirring,12.40,7739.35,0.4877,4.9481e+02,5.2430e-01,2.8064e+01,5.3526e+01,3D Shear-Dominated
Uranus,Equilibrium_Stirring,12.50,7788.83,0.4971,4.9402e+02,5.2513e-01,2.8288e+01,5.3868e+01,3D Shear-Dominated
Uranus,Equilibrium_Stirring,12.60,7838.24,0.5066,4.9324e+02,5.2596e-01,2.8513e+01,5.4210e+01,3D Shear-Dominated
Uranus,Equilibrium_Stirring,12.70,7887.56,0.5163,4.9247e+02,5.2679e-01,2.8737e+01,5.4551e+01,3D Shear-Dominated
Uranus,Equilibrium_Stirring,12.80,7936.81,0.5260,4.9170e+02,5.2761e-01,2.8961e+01,5.4892e+01,3D Shear-Dominated
Uranus,Equilibrium_Stirring,12.90,7985.98,0.5358,4.9094e+02,5.2842e-01,2.9186e+01,5.5232e+01,3D Shear-Dominated
Uranus,Equilibrium_Stirring,13.00,8035.07,0.5458,4.9019e+02,5.2923e-01,2.9410e+01,5.5571e+01,3D Shear-Dominated
Uranus,Equilibrium_Stirring,13.10,8084.09,0.5558,4.8945e+02,5.3004e-01,2.9635e+01,5.5911e+01,3D Shear-Dominated
Uranus,Equilibrium_Stirring,13.20,8133.04,0.5660,4.8871e+02,5.3084e-01,2.9859e+01,5.6249e+01,3D Shear-Dominated
Uranus,Equilibrium_Stirring,13.30,8181.91,0.5762,4.8798e+02,5.3164e-01,3.0084e+01,5.6587e+01,3D Shear-Dominated
Uranus,Equilibrium_Stirring,13.40,8230.70,0.5866,4.8725e+02,5.3243e-01,3.0308e+01,5.6925e+01,3D Shear-Dominated
Uranus,Equilibrium_Stirring,13.50,8279.43,0.5971,4.8653e+02,5.3321e-01,3.0533e+01,5.7261e+01,3D Shear-Dominated
Uranus,Equilibrium_Stirring,13.60,8328.08,0.6077,4.8582e+02,5.3400e-01,3.0757e+01,5.7598e+01,3D Shear-Dominated
Uranus,Equilibrium_Stirring,13.70,8376.67,0.6184,4.8512e+02,5.3477e-01,3.0981e+01,5.7934e+01,3D Shear-Dominated
Uranus,Equilibrium_Stirring,13.80,8425.18,0.6292,4.8442e+02,5.3554e-01,3.1206e+01,5.8269e+01,3D Shear-Dominated
Uranus,Equilibrium_Stirring,13.90,8473.62,0.6401,4.8372e+02,5.3631e-01,3.1430e+01,5.8605e+01,3D Shear-Dominated
Uranus,Equilibrium_Stirring,14.00,8521.99,0.6511,4.8303e+02,5.3708e-01,3.1655e+01,5.8939e+01,3D Shear-Dominated
Uranus,Equilibrium_Stirring,14.10,8570.29,0.6623,4.8235e+02,5.3784e-01,3.1879e+01,5.9273e+01,3D Shear-Dominated
Uranus,Equilibrium_Stirring,14.20,8618.53,0.6735,4.8168e+02,5.3859e-01,3.2104e+01,5.9607e+01,3D Shear-Dominated
Uranus,Equilibrium_Stirring,14.30,8666.70,0.6849,4.8101e+02,5.3934e-01,3.2328e+01,5.9940e+01,3D Shear-Dominated
Uranus,Equilibrium_Stirring,14.40,8714.80,0.6963,4.8034e+02,5.4009e-01,3.2553e+01,6.0273e+01,3D Shear-Dominated
Uranus,Equilibrium_Stirring,14.50,8762.83,0.7079,4.7968e+02,5.4083e-01,3.2777e+01,6.0605e+01,3D Shear-Dominated
Uranus,Equilibrium_Stirring,14.60,8810.80,0.7196,4.7903e+02,5.4157e-01,3.3001e+01,6.0937e+01,3D Shear-Dominated
Uranus,Equilibrium_Stirring,14.70,8858.70,0.7314,4.7838e+02,5.4230e-01,3.3226e+01,6.1268e+01,3D Shear-Dominated
Uranus,Equilibrium_Stirring,14.80,8906.54,0.7433,4.7773e+02,5.4304e-01,3.3450e+01,6.1599e+01,3D Shear-Dominated
Uranus,Equilibrium_Stirring,14.90,8954.31,0.7553,4.7710e+02,5.4376e-01,3.3675e+01,6.1929e+01,3D Shear-Dominated
Uranus,Equilibrium_Stirring,15.00,9002.02,0.7675,4.7646e+02,5.4449e-01,3.3899e+01,6.2259e+01,3D Shear-Dominated
Uranus,Equilibrium_Stirring,15.10,9049.67,0.7797,4.7583e+02,5.4520e-01,3.4124e+01,6.2589e+01,3D Shear-Dominated
Uranus,Equilibrium_Stirring,15.20,9097.25,0.7921,4.7521e+02,5.4592e-01,3.4348e+01,6.2918e+01,3D Shear-Dominated
Uranus,Equilibrium_Stirring,15.30,9144.77,0.8046,4.7459e+02,5.4663e-01,3.4572e+01,6.3246e+01,3D Shear-Dominated
Uranus,Equilibrium_Stirring,15.40,9192.23,0.8172,4.7398e+02,5.4734e-01,3.4797e+01,6.3575e+01,3D Shear-Dominated
Uranus,Equilibrium_Stirring,15.50,9239.63,0.8299,4.7337e+02,5.4804e-01,3.5021e+01,6.3902e+01,3D Shear-Dominated
Uranus,Equilibrium_Stirring,15.60,9286.97,0.8427,4.7276e+02,5.4874e-01,3.5246e+01,6.4230e+01,3D Shear-Dominated
Uranus,Equilibrium_Stirring,15.70,9334.24,0.8556,4.7216e+02,5.4944e-01,3.5470e+01,6.4557e+01,3D Shear-Dominated
Uranus,Equilibrium_Stirring,15.80,9381.46,0.8687,4.7157e+02,5.5013e-01,3.5694e+01,6.4883e+01,3D Shear-Dominated
Uranus,Equilibrium_Stirring,15.90,9428.62,0.8818,4.7098e+02,5.5082e-01,3.5919e+01,6.5209e+01,3D Shear-Dominated
Uranus,Equilibrium_Stirring,16.00,9475.72,0.8951,4.7039e+02,5.5151e-01,3.6143e+01,6.5535e+01,3D Shear-Dominated
Uranus,Equilibrium_Stirring,16.10,9522.75,0.9085,4.6981e+02,5.5219e-01,3.6368e+01,6.5860e+01,3D Shear-Dominated
Uranus,Equilibrium_Stirring,16.20,9569.74,0.9220,4.6923e+02,5.5287e-01,3.6592e+01,6.6185e+01,3D Shear-Dominated
Uranus,Equilibrium_Stirring,16.30,9616.66,0.9357,4.6866e+02,5.5355e-01,3.6817e+01,6.6510e+01,3D Shear-Dominated
Uranus,Equilibrium_Stirring,16.40,9663.52,0.9494,4.6809e+02,5.5422e-01,3.7041e+01,6.6834e+01,3D Shear-Dominated
Uranus,Equilibrium_Stirring,16.50,9710.33,0.9633,4.6753e+02,5.5489e-01,3.7265e+01,6.7158e+01,3D Shear-Dominated
Uranus,Equilibrium_Stirring,16.60,9757.09,0.9773,4.6696e+02,5.5556e-01,3.7490e+01,6.7481e+01,3D Shear-Dominated
Uranus,Equilibrium_Stirring,16.70,9803.78,0.9913,4.6641e+02,5.5622e-01,3.7714e+01,6.7804e+01,3D Shear-Dominated
Uranus,Equilibrium_Stirring,16.80,9850.42,1.0056,4.6585e+02,5.5688e-01,3.7939e+01,6.8127e+01,3D Shear-Dominated
Uranus,Equilibrium_Stirring,16.90,9897.01,1.0199,4.6530e+02,5.5754e-01,3.8163e+01,6.8449e+01,3D Shear-Dominated
Uranus,Equilibrium_Stirring,17.00,9943.54,1.0344,4.6476e+02,5.5820e-01,3.8387e+01,6.8771e+01,3D Shear-Dominated
Uranus,Equilibrium_Stirring,17.10,9990.02,1.0489,4.6422e+02,5.5885e-01,3.8612e+01,6.9092e+01,3D Shear-Dominated
Uranus,Equilibrium_Stirring,17.20,10036.44,1.0636,4.6368e+02,5.5949e-01,3.8836e+01,6.9413e+01,3D Shear-Dominated
Uranus,Equilibrium_Stirring,17.30,10082.80,1.0784,4.6315e+02,5.6014e-01,3.9061e+01,6.9734e+01,3D Shear-Dominated
Uranus,Equilibrium_Stirring,17.40,10129.12,1.0934,4.6262e+02,5.6078e-01,3.9285e+01,7.0054e+01,3D Shear-Dominated
Uranus,Equilibrium_Stirring,17.50,10175.38,1.1084,4.6209e+02,5.6142e-01,3.9510e+01,7.0374e+01,3D Shear-Dominated
Uranus,Equilibrium_Stirring,17.60,10221.59,1.1236,4.6157e+02,5.6206e-01,3.9734e+01,7.0694e+01,3D Shear-Dominated
Uranus,Equilibrium_Stirring,17.70,10267.75,1.1389,4.6105e+02,5.6269e-01,3.9958e+01,7.1013e+01,3D Shear-Dominated
Uranus,Equilibrium_Stirring,17.80,10313.85,1.1543,4.6053e+02,5.6332e-01,4.0183e+01,7.1332e+01,3D Shear-Dominated
Uranus,Equilibrium_Stirring,17.90,10359.90,1.1698,4.6002e+02,5.6395e-01,4.0407e+01,7.1650e+01,3D Shear-Dominated
Uranus,Equilibrium_Stirring,18.00,10405.91,1.1855,4.5951e+02,5.6457e-01,4.0632e+01,7.1968e+01,3D Shear-Dominated
Uranus,Equilibrium_Stirring,18.10,10451.86,1.2012,4.5900e+02,5.6520e-01,4.0856e+01,7.2286e+01,3D Shear-Dominated
Uranus,Equilibrium_Stirring,18.20,10497.76,1.2171,4.5850e+02,5.6582e-01,4.1080e+01,7.2604e+01,3D Shear-Dominated
Uranus,Equilibrium_Stirring,18.30,10543.61,1.2331,4.5800e+02,5.6643e-01,4.1305e+01,7.2921e+01,3D Shear-Dominated
Uranus,Equilibrium_Stirring,18.40,10589.41,1.2493,4.5750e+02,5.6705e-01,4.1529e+01,7.3238e+01,3D Shear-Dominated
Uranus,Equilibrium_Stirring,18.50,10635.16,1.2655,4.5701e+02,5.6766e-01,4.1754e+01,7.3554e+01,3D Shear-Dominated
Uranus,Equilibrium_Stirring,18.60,10680.86,1.2819,4.5652e+02,5.6827e-01,4.1978e+01,7.3870e+01,3D Shear-Dominated
Uranus,Equilibrium_Stirring,18.70,10726.51,1.2984,4.5604e+02,5.6887e-01,4.2202e+01,7.4186e+01,3D Shear-Dominated
Uranus,Equilibrium_Stirring,18.80,10772.11,1.3151,4.5555e+02,5.6948e-01,4.2427e+01,7.4501e+01,3D Shear-Dominated
Uranus,Equilibrium_Stirring,18.90,10817.67,1.3318,4.5507e+02,5.7008e-01,4.2651e+01,7.4816e+01,3D Shear-Dominated
Uranus,Equilibrium_Stirring,19.00,10863.18,1.3487,4.5459e+02,5.7068e-01,4.2876e+01,7.5131e+01,3D Shear-Dominated
Uranus,Equilibrium_Stirring,19.10,10908.64,1.3657,4.5412e+02,5.7127e-01,4.3100e+01,7.5445e+01,3D Shear-Dominated
Uranus,Equilibrium_Stirring,19.20,10954.05,1.3828,4.5365e+02,5.7187e-01,4.3324e+01,7.5759e+01,3D Shear-Dominated
Uranus,Equilibrium_Stirring,19.30,10999.41,1.4001,4.5318e+02,5.7246e-01,4.3549e+01,7.6073e+01,3D Shear-Dominated
Uranus,Equilibrium_Stirring,19.40,11044.73,1.4175,4.5271e+02,5.7305e-01,4.3773e+01,7.6387e+01,3D Shear-Dominated
Uranus,Equilibrium_Stirring,19.50,11090.00,1.4350,4.5225e+02,5.7363e-01,4.3997e+01,7.6700e+01,3D Shear-Dominated
Uranus,Equilibrium_Stirring,19.60,11135.23,1.4526,4.5179e+02,5.7422e-01,4.4222e+01,7.7013e+01,3D Shear-Dominated
Uranus,Equilibrium_Stirring,19.70,11180.41,1.4703,4.5133e+02,5.7480e-01,4.4446e+01,7.7325e+01,3D Shear-Dominated
Uranus,Equilibrium_Stirring,19.80,11225.54,1.4882,4.5088e+02,5.7538e-01,4.4671e+01,7.7637e+01,3D Shear-Dominated
Uranus,Equilibrium_Stirring,19.90,11270.63,1.5062,4.5043e+02,5.7595e-01,4.4895e+01,7.7949e+01,3D Shear-Dominated
Uranus,Equilibrium_Stirring,20.00,11315.67,1.5244,4.4998e+02,5.7653e-01,4.5119e+01,7.8260e+01,3D Shear-Dominated
Uranus,Equilibrium_Stirring,20.10,11360.67,1.5426,4.4953e+02,5.7710e-01,4.5344e+01,7.8572e+01,3D Shear-Dominated
Uranus,Equilibrium_Stirring,20.20,11405.62,1.5610,4.4909e+02,5.7767e-01,4.5568e+01,7.8883e+01,3D Shear-Dominated
Uranus,Equilibrium_Stirring,20.30,11450.53,1.5795,4.4865e+02,5.7824e-01,4.5793e+01,7.9193e+01,3D Shear-Dominated
Uranus,Equilibrium_Stirring,20.40,11495.40,1.5981,4.4821e+02,5.7880e-01,4.6017e+01,7.9503e+01,3D Shear-Dominated
Uranus,Equilibrium_Stirring,20.50,11540.22,1.6169,4.4778e+02,5.7937e-01,4.6241e+01,7.9813e+01,3D Shear-Dominated
Uranus,Equilibrium_Stirring,20.60,11585.00,1.6358,4.4734e+02,5.7993e-01,4.6466e+01,8.0123e+01,3D Shear-Dominated
Uranus,Equilibrium_Stirring,20.70,11629.73,1.6548,4.4691e+02,5.8049e-01,4.6690e+01,8.0433e+01,3D Shear-Dominated
Uranus,Equilibrium_Stirring,20.80,11674.42,1.6740,4.4648e+02,5.8105e-01,4.6915e+01,8.0742e+01,3D Shear-Dominated
Uranus,Equilibrium_Stirring,20.90,11719.07,1.6933,4.4606e+02,5.8160e-01,4.7139e+01,8.1050e+01,3D Shear-Dominated
Uranus,Equilibrium_Stirring,21.00,11763.67,1.7127,4.4563e+02,5.8215e-01,4.7363e+01,8.1359e+01,3D Shear-Dominated
Uranus,Equilibrium_Stirring,21.10,11808.24,1.7322,4.4521e+02,5.8270e-01,4.7588e+01,8.1667e+01,3D Shear-Dominated
Uranus,Equilibrium_Stirring,21.20,11852.76,1.7519,4.4479e+02,5.8325e-01,4.7812e+01,8.1975e+01,3D Shear-Dominated
Uranus,Equilibrium_Stirring,21.30,11897.24,1.7717,4.4438e+02,5.8380e-01,4.8036e+01,8.2283e+01,3D Shear-Dominated
Uranus,Equilibrium_Stirring,21.40,11941.68,1.7916,4.4396e+02,5.8434e-01,4.8261e+01,8.2590e+01,3D Shear-Dominated
Uranus,Equilibrium_Stirring,21.50,11986.07,1.8117,4.4355e+02,5.8488e-01,4.8485e+01,8.2897e+01,3D Shear-Dominated
Uranus,Equilibrium_Stirring,21.60,12030.43,1.8318,4.4314e+02,5.8542e-01,4.8710e+01,8.3204e+01,3D Shear-Dominated
Uranus,Equilibrium_Stirring,21.70,12074.74,1.8522,4.4274e+02,5.8596e-01,4.8934e+01,8.3510e+01,3D Shear-Dominated
Uranus,Equilibrium_Stirring,21.80,12119.02,1.8726,4.4233e+02,5.8650e-01,4.9158e+01,8.3817e+01,3D Shear-Dominated
Uranus,Equilibrium_Stirring,21.90,12163.25,1.8932,4.4193e+02,5.8703e-01,4.9383e+01,8.4122e+01,3D Shear-Dominated
Uranus,Equilibrium_Stirring,22.00,12207.44,1.9139,4.4153e+02,5.8757e-01,4.9607e+01,8.4428e+01,3D Shear-Dominated
Uranus,Equilibrium_Stirring,22.10,12251.59,1.9347,4.4145e+02,5.8766e-01,4.9795e+01,8.4733e+01,3D Shear-Dominated
Uranus,Equilibrium_Stirring,22.20,12295.74,1.9557,4.4185e+02,5.8714e-01,4.9929e+01,8.5039e+01,3D Shear-Dominated
Uranus,Equilibrium_Stirring,22.30,12339.92,1.9769,4.4225e+02,5.8661e-01,5.0064e+01,8.5344e+01,3D Shear-Dominated
Uranus,Equilibrium_Stirring,22.40,12384.15,1.9982,4.4264e+02,5.8609e-01,5.0198e+01,8.5650e+01,3D Shear-Dominated
Uranus,Equilibrium_Stirring,22.50,12428.41,2.0197,4.4304e+02,5.8556e-01,5.0333e+01,8.5956e+01,3D Shear-Dominated
Uranus,Equilibrium_Stirring,22.60,12472.72,2.0414,4.4343e+02,5.8504e-01,5.0467e+01,8.6263e+01,3D Shear-Dominated
Uranus,Equilibrium_Stirring,22.70,12517.06,2.0633,4.4383e+02,5.8452e-01,5.0602e+01,8.6569e+01,3D Shear-Dominated
Uranus,Equilibrium_Stirring,22.80,12561.44,2.0853,4.4422e+02,5.8401e-01,5.0736e+01,8.6876e+01,3D Shear-Dominated
Uranus,Equilibrium_Stirring,22.90,12605.86,2.1075,4.4461e+02,5.8349e-01,5.0871e+01,8.7184e+01,3D Shear-Dominated
Uranus,Equilibrium_Stirring,23.00,12650.33,2.1299,4.4500e+02,5.8298e-01,5.1005e+01,8.7491e+01,3D Shear-Dominated
Uranus,Equilibrium_Stirring,23.10,12694.83,2.1524,4.4539e+02,5.8247e-01,5.1140e+01,8.7799e+01,3D Shear-Dominated
Uranus,Equilibrium_Stirring,23.20,12739.37,2.1751,4.4578e+02,5.8196e-01,5.1274e+01,8.8107e+01,3D Shear-Dominated
Uranus,Equilibrium_Stirring,23.30,12783.94,2.1981,4.4617e+02,5.8145e-01,5.1409e+01,8.8415e+01,3D Shear-Dominated
Uranus,Equilibrium_Stirring,23.40,12828.56,2.2212,4.4656e+02,5.8094e-01,5.1543e+01,8.8724e+01,3D Shear-Dominated
Uranus,Equilibrium_Stirring,23.50,12873.22,2.2444,4.4695e+02,5.8044e-01,5.1678e+01,8.9033e+01,3D Shear-Dominated
Uranus,Equilibrium_Stirring,23.60,12917.91,2.2679,4.4734e+02,5.7994e-01,5.1812e+01,8.9342e+01,3D Shear-Dominated
Uranus,Equilibrium_Stirring,23.70,12962.65,2.2915,4.4772e+02,5.7943e-01,5.1947e+01,8.9651e+01,3D Shear-Dominated
Uranus,Equilibrium_Stirring,23.80,13007.42,2.3154,4.4811e+02,5.7893e-01,5.2081e+01,8.9961e+01,3D Shear-Dominated
Uranus,Equilibrium_Stirring,23.90,13052.23,2.3394,4.4850e+02,5.7844e-01,5.2216e+01,9.0271e+01,3D Shear-Dominated
Uranus,Equilibrium_Stirring,24.00,13097.08,2.3636,4.4888e+02,5.7794e-01,5.2350e+01,9.0581e+01,3D Shear-Dominated
Uranus,Equilibrium_Stirring,24.10,13141.97,2.3880,4.4926e+02,5.7745e-01,5.2485e+01,9.0891e+01,3D Shear-Dominated
Uranus,Equilibrium_Stirring,24.20,13186.89,2.4125,4.4965e+02,5.7695e-01,5.2619e+01,9.1202e+01,3D Shear-Dominated
Uranus,Equilibrium_Stirring,24.30,13231.86,2.4373,4.5003e+02,5.7646e-01,5.2754e+01,9.1513e+01,3D Shear-Dominated
Uranus,Equilibrium_Stirring,24.40,13276.86,2.4622,4.5041e+02,5.7597e-01,5.2889e+01,9.1824e+01,3D Shear-Dominated
Uranus,Equilibrium_Stirring,24.50,13321.90,2.4874,4.5079e+02,5.7549e-01,5.3023e+01,9.2136e+01,3D Shear-Dominated
Uranus,Equilibrium_Stirring,24.60,13366.98,2.5127,4.5118e+02,5.7500e-01,5.3158e+01,9.2448e+01,3D Shear-Dominated
Uranus,Equilibrium_Stirring,24.70,13412.10,2.5383,4.5156e+02,5.7452e-01,5.3292e+01,9.2760e+01,3D Shear-Dominated
Uranus,Equilibrium_Stirring,24.80,13457.26,2.5640,4.5194e+02,5.7403e-01,5.3427e+01,9.3072e+01,3D Shear-Dominated
Uranus,Equilibrium_Stirring,24.90,13502.45,2.5899,4.5231e+02,5.7355e-01,5.3561e+01,9.3384e+01,3D Shear-Dominated
Uranus,Equilibrium_Stirring,25.00,13547.68,2.6160,4.5269e+02,5.7307e-01,5.3696e+01,9.3697e+01,3D Shear-Dominated
Uranus,Equilibrium_Stirring,25.10,13592.95,2.6423,4.5307e+02,5.7260e-01,5.3830e+01,9.4010e+01,3D Shear-Dominated
Uranus,Equilibrium_Stirring,25.20,13638.26,2.6688,4.5345e+02,5.7212e-01,5.3965e+01,9.4324e+01,3D Shear-Dominated
Uranus,Equilibrium_Stirring,25.30,13683.60,2.6955,4.5382e+02,5.7165e-01,5.4099e+01,9.4637e+01,3D Shear-Dominated
Uranus,Equilibrium_Stirring,25.40,13728.98,2.7225,4.5420e+02,5.7117e-01,5.4234e+01,9.4951e+01,3D Shear-Dominated
Uranus,Equilibrium_Stirring,25.50,13774.40,2.7496,4.5457e+02,5.7070e-01,5.4368e+01,9.5265e+01,3D Shear-Dominated
Uranus,Equilibrium_Stirring,25.60,13819.86,2.7769,4.5495e+02,5.7023e-01,5.4503e+01,9.5580e+01,3D Shear-Dominated
Uranus,Equilibrium_Stirring,25.70,13865.36,2.8044,4.5532e+02,5.6976e-01,5.4637e+01,9.5894e+01,3D Shear-Dominated
Uranus,Equilibrium_Stirring,25.80,13910.89,2.8321,4.5570e+02,5.6930e-01,5.4772e+01,9.6209e+01,3D Shear-Dominated
Uranus,Equilibrium_Stirring,25.90,13956.46,2.8600,4.5607e+02,5.6883e-01,5.4906e+01,9.6524e+01,3D Shear-Dominated
Uranus,Equilibrium_Stirring,26.00,14002.06,2.8882,4.5644e+02,5.6837e-01,5.5041e+01,9.6840e+01,3D Shear-Dominated
Uranus,Equilibrium_Stirring,26.10,14047.71,2.9165,4.5681e+02,5.6791e-01,5.5175e+01,9.7156e+01,3D Shear-Dominated
Uranus,Equilibrium_Stirring,26.20,14093.39,2.9450,4.5718e+02,5.6744e-01,5.5310e+01,9.7472e+01,3D Shear-Dominated
Uranus,Equilibrium_Stirring,26.30,14139.11,2.9738,4.5755e+02,5.6699e-01,5.5444e+01,9.7788e+01,3D Shear-Dominated
Uranus,Equilibrium_Stirring,26.40,14184.86,3.0028,4.5792e+02,5.6653e-01,5.5579e+01,9.8104e+01,3D Shear-Dominated
Uranus,Equilibrium_Stirring,26.50,14230.66,3.0319,4.5829e+02,5.6607e-01,5.5713e+01,9.8421e+01,3D Shear-Dominated
Uranus,Equilibrium_Stirring,26.60,14276.49,3.0613,4.5866e+02,5.6562e-01,5.5848e+01,9.8738e+01,3D Shear-Dominated
Uranus,Equilibrium_Stirring,26.70,14322.35,3.0909,4.5903e+02,5.6516e-01,5.5982e+01,9.9055e+01,3D Shear-Dominated
Uranus,Equilibrium_Stirring,26.80,14368.25,3.1207,4.5940e+02,5.6471e-01,5.6117e+01,9.9373e+01,3D Shear-Dominated
Uranus,Equilibrium_Stirring,26.90,14414.19,3.1508,4.5976e+02,5.6426e-01,5.6251e+01,9.9690e+01,3D Shear-Dominated
Uranus,Equilibrium_Stirring,27.00,14460.17,3.1810,4.6013e+02,5.6381e-01,5.6386e+01,1.0001e+02,3D Shear-Dominated
Uranus,Equilibrium_Stirring,27.10,14506.18,3.2115,4.6050e+02,5.6336e-01,5.6520e+01,1.0033e+02,3D Shear-Dominated
Uranus,Equilibrium_Stirring,27.20,14552.23,3.2422,4.6086e+02,5.6292e-01,5.6655e+01,1.0064e+02,3D Shear-Dominated
Uranus,Equilibrium_Stirring,27.30,14598.32,3.2731,4.6122e+02,5.6247e-01,5.6789e+01,1.0096e+02,3D Shear-Dominated
Uranus,Equilibrium_Stirring,27.40,14644.44,3.3042,4.6159e+02,5.6203e-01,5.6924e+01,1.0128e+02,3D Shear-Dominated
Uranus,Equilibrium_Stirring,27.50,14690.60,3.3355,4.6195e+02,5.6159e-01,5.7058e+01,1.0160e+02,3D Shear-Dominated
Uranus,Equilibrium_Stirring,27.60,14736.80,3.3671,4.6231e+02,5.6115e-01,5.7193e+01,1.0192e+02,3D Shear-Dominated
Uranus,Equilibrium_Stirring,27.70,14783.03,3.3989,4.6268e+02,5.6071e-01,5.7327e+01,1.0224e+02,3D Shear-Dominated
Uranus,Equilibrium_Stirring,27.80,14829.29,3.4309,4.6304e+02,5.6027e-01,5.7462e+01,1.0256e+02,3D Shear-Dominated
Uranus,Equilibrium_Stirring,27.90,14875.60,3.4631,4.6340e+02,5.5983e-01,5.7596e+01,1.0288e+02,3D Shear-Dominated
Uranus,Equilibrium_Stirring,28.00,14921.94,3.4956,4.6376e+02,5.5940e-01,5.7731e+01,1.0320e+02,3D Shear-Dominated
Uranus,Equilibrium_Stirring,28.10,14968.31,3.5283,4.6412e+02,5.5896e-01,5.7865e+01,1.0352e+02,3D Shear-Dominated
Uranus,Equilibrium_Stirring,28.20,15014.73,3.5612,4.6448e+02,5.5853e-01,5.8000e+01,1.0384e+02,3D Shear-Dominated
Uranus,Equilibrium_Stirring,28.30,15061.17,3.5944,4.6484e+02,5.5810e-01,5.8134e+01,1.0416e+02,3D Shear-Dominated
Uranus,Equilibrium_Stirring,28.40,15107.66,3.6277,4.6520e+02,5.5767e-01,5.8269e+01,1.0449e+02,3D Shear-Dominated
Uranus,Equilibrium_Stirring,28.50,15154.18,3.6614,4.6555e+02,5.5724e-01,5.8404e+01,1.0481e+02,3D Shear-Dominated
Uranus,Equilibrium_Stirring,28.60,15200.73,3.6952,4.6591e+02,5.5682e-01,5.8538e+01,1.0513e+02,3D Shear-Dominated
Uranus,Equilibrium_Stirring,28.70,15247.32,3.7293,4.6627e+02,5.5639e-01,5.8673e+01,1.0545e+02,3D Shear-Dominated
Uranus,Equilibrium_Stirring,28.80,15293.95,3.7636,4.6662e+02,5.5597e-01,5.8807e+01,1.0577e+02,3D Shear-Dominated
Uranus,Equilibrium_Stirring,28.90,15340.61,3.7982,4.6698e+02,5.5554e-01,5.8942e+01,1.0610e+02,3D Shear-Dominated
Uranus,Equilibrium_Stirring,29.00,15387.31,3.8330,4.6733e+02,5.5512e-01,5.9076e+01,1.0642e+02,3D Shear-Dominated
Uranus,Equilibrium_Stirring,29.10,15434.04,3.8680,4.6769e+02,5.5470e-01,5.9211e+01,1.0674e+02,3D Shear-Dominated
Uranus,Equilibrium_Stirring,29.20,15480.81,3.9033,4.6804e+02,5.5428e-01,5.9345e+01,1.0707e+02,3D Shear-Dominated
Uranus,Equilibrium_Stirring,29.30,15527.62,3.9388,4.6840e+02,5.5386e-01,5.9480e+01,1.0739e+02,3D Shear-Dominated
Uranus,Equilibrium_Stirring,29.40,15574.46,3.9745,4.6875e+02,5.5344e-01,5.9614e+01,1.0771e+02,3D Shear-Dominated
Uranus,Equilibrium_Stirring,29.50,15621.33,4.0105,4.6910e+02,5.5303e-01,5.9749e+01,1.0804e+02,3D Shear-Dominated
Uranus,Equilibrium_Stirring,29.60,15668.24,4.0468,4.6945e+02,5.5261e-01,5.9883e+01,1.0836e+02,3D Shear-Dominated
Uranus,Equilibrium_Stirring,29.70,15715.19,4.0832,4.6980e+02,5.5220e-01,6.0018e+01,1.0869e+02,3D Shear-Dominated
Uranus,Equilibrium_Stirring,29.80,15762.17,4.1200,4.7015e+02,5.5179e-01,6.0152e+01,1.0901e+02,3D Shear-Dominated
Uranus,Equilibrium_Stirring,29.90,15809.18,4.1569,4.7051e+02,5.5138e-01,6.0287e+01,1.0934e+02,3D Shear-Dominated
Uranus,Equilibrium_Stirring,30.00,15856.23,4.1942,4.7085e+02,5.5097e-01,6.0421e+01,1.0966e+02,3D Shear-Dominated
Uranus,Equilibrium_Stirring,30.10,15903.32,4.2316,4.7120e+02,5.5056e-01,6.0556e+01,1.0999e+02,3D Shear-Dominated
Uranus,Equilibrium_Stirring,30.20,15950.44,4.2694,4.7155e+02,5.5015e-01,6.0690e+01,1.1032e+02,3D Shear-Dominated
Uranus,Equilibrium_Stirring,30.30,15997.60,4.3073,4.7190e+02,5.4975e-01,6.0825e+01,1.1064e+02,3D Shear-Dominated
Uranus,Equilibrium_Stirring,30.40,16044.79,4.3456,4.7225e+02,5.4934e-01,6.0959e+01,1.1097e+02,3D Shear-Dominated
Uranus,Equilibrium_Stirring,30.50,16092.01,4.3841,4.7260e+02,5.4894e-01,6.1094e+01,1.1129e+02,3D Shear-Dominated
Uranus,Equilibrium_Stirring,30.60,16139.27,4.4228,4.7294e+02,5.4854e-01,6.1228e+01,1.1162e+02,3D Shear-Dominated
Uranus,Equilibrium_Stirring,30.70,16186.56,4.4618,4.7329e+02,5.4814e-01,6.1363e+01,1.1195e+02,3D Shear-Dominated
Uranus,Equilibrium_Stirring,30.80,16233.89,4.5010,4.7363e+02,5.4774e-01,6.1497e+01,1.1228e+02,3D Shear-Dominated
Uranus,Equilibrium_Stirring,30.90,16281.26,4.5406,4.7398e+02,5.4734e-01,6.1632e+01,1.1260e+02,3D Shear-Dominated
Uranus,Equilibrium_Stirring,31.00,16328.65,4.5803,4.7432e+02,5.4694e-01,6.1766e+01,1.1293e+02,3D Shear-Dominated
Uranus,Equilibrium_Stirring,31.10,16376.09,4.6204,4.7467e+02,5.4654e-01,6.1901e+01,1.1326e+02,3D Shear-Dominated
Uranus,Equilibrium_Stirring,31.20,16423.55,4.6607,4.7501e+02,5.4615e-01,6.2035e+01,1.1359e+02,3D Shear-Dominated
Uranus,Equilibrium_Stirring,31.30,16471.05,4.7012,4.7535e+02,5.4575e-01,6.2170e+01,1.1392e+02,3D Shear-Dominated
Uranus,Equilibrium_Stirring,31.40,16518.59,4.7420,4.7570e+02,5.4536e-01,6.2305e+01,1.1424e+02,3D Shear-Dominated
Uranus,Equilibrium_Stirring,31.50,16566.16,4.7831,4.7604e+02,5.4497e-01,6.2439e+01,1.1457e+02,3D Shear-Dominated
Uranus,Equilibrium_Stirring,31.60,16613.76,4.8245,4.7638e+02,5.4458e-01,6.2574e+01,1.1490e+02,3D Shear-Dominated
Uranus,Equilibrium_Stirring,31.70,16661.40,4.8661,4.7672e+02,5.4419e-01,6.2708e+01,1.1523e+02,3D Shear-Dominated
Uranus,Equilibrium_Stirring,31.80,16709.07,4.9080,4.7706e+02,5.4380e-01,6.2843e+01,1.1556e+02,3D Shear-Dominated
Uranus,Equilibrium_Stirring,31.90,16756.78,4.9501,4.7740e+02,5.4341e-01,6.2977e+01,1.1589e+02,3D Shear-Dominated
Uranus,Equilibrium_Stirring,32.00,16804.52,4.9926,4.7774e+02,5.4303e-01,6.3112e+01,1.1622e+02,3D Shear-Dominated
Uranus,Equilibrium_Stirring,32.10,16852.29,5.0353,4.7808e+02,5.4264e-01,6.3246e+01,1.1655e+02,3D Shear-Dominated
Uranus,Equilibrium_Stirring,32.20,16900.10,5.0782,4.7842e+02,5.4226e-01,6.3381e+01,1.1688e+02,3D Shear-Dominated
Uranus,Equilibrium_Stirring,32.30,16947.94,5.1215,4.7876e+02,5.4187e-01,6.3515e+01,1.1721e+02,3D Shear-Dominated
Uranus,Equilibrium_Stirring,32.40,16995.82,5.1650,4.7910e+02,5.4149e-01,6.3650e+01,1.1755e+02,3D Shear-Dominated
Uranus,Equilibrium_Stirring,32.50,17043.73,5.2088,4.7943e+02,5.4111e-01,6.3784e+01,1.1788e+02,3D Shear-Dominated
Uranus,Equilibrium_Stirring,32.60,17091.67,5.2529,4.7977e+02,5.4073e-01,6.3919e+01,1.1821e+02,3D Shear-Dominated
Uranus,Equilibrium_Stirring,32.70,17139.65,5.2973,4.8011e+02,5.4035e-01,6.4053e+01,1.1854e+02,3D Shear-Dominated
Uranus,Equilibrium_Stirring,32.80,17187.66,5.3419,4.8044e+02,5.3997e-01,6.4188e+01,1.1887e+02,3D Shear-Dominated
Uranus,Equilibrium_Stirring,32.90,17235.70,5.3868,4.8078e+02,5.3960e-01,6.4322e+01,1.1920e+02,3D Shear-Dominated
Uranus,Equilibrium_Stirring,33.00,17283.78,5.4320,4.8111e+02,5.3922e-01,6.4457e+01,1.1954e+02,3D Shear-Dominated
Uranus,Equilibrium_Stirring,33.10,17331.89,5.4775,4.8145e+02,5.3885e-01,6.4591e+01,1.1987e+02,3D Shear-Dominated
Uranus,Equilibrium_Stirring,33.20,17380.04,5.5233,4.8178e+02,5.3847e-01,6.4726e+01,1.2020e+02,3D Shear-Dominated
Uranus,Equilibrium_Stirring,33.30,17428.22,5.5693,4.8211e+02,5.3810e-01,6.4860e+01,1.2054e+02,3D Shear-Dominated
Uranus,Equilibrium_Stirring,33.40,17476.43,5.6157,4.8245e+02,5.3773e-01,6.4995e+01,1.2087e+02,3D Shear-Dominated
Uranus,Equilibrium_Stirring,33.50,17524.67,5.6623,4.8278e+02,5.3736e-01,6.5129e+01,1.2120e+02,3D Shear-Dominated
Uranus,Equilibrium_Stirring,33.60,17572.95,5.7093,4.8311e+02,5.3699e-01,6.5264e+01,1.2154e+02,3D Shear-Dominated
Uranus,Equilibrium_Stirring,33.70,17621.26,5.7565,4.8344e+02,5.3662e-01,6.5398e+01,1.2187e+02,3D Shear-Dominated
Uranus,Equilibrium_Stirring,33.80,17669.61,5.8040,4.8378e+02,5.3625e-01,6.5533e+01,1.2221e+02,3D Shear-Dominated
Uranus,Equilibrium_Stirring,33.90,17717.98,5.8518,4.8411e+02,5.3589e-01,6.5667e+01,1.2254e+02,3D Shear-Dominated
Uranus,Equilibrium_Stirring,34.00,17766.39,5.8999,4.8444e+02,5.3552e-01,6.5802e+01,1.2287e+02,3D Shear-Dominated
Uranus,Equilibrium_Stirring,34.10,17814.84,5.9483,4.8477e+02,5.3516e-01,6.5937e+01,1.2321e+02,3D Shear-Dominated
Uranus,Equilibrium_Stirring,34.20,17863.31,5.9970,4.8510e+02,5.3479e-01,6.6071e+01,1.2354e+02,3D Shear-Dominated
Uranus,Equilibrium_Stirring,34.30,17911.82,6.0460,4.8542e+02,5.3443e-01,6.6206e+01,1.2388e+02,3D Shear-Dominated
Uranus,Equilibrium_Stirring,34.40,17960.37,6.0952,4.8575e+02,5.3407e-01,6.6340e+01,1.2422e+02,3D Shear-Dominated
Uranus,Equilibrium_Stirring,34.50,18008.94,6.1448,4.8608e+02,5.3371e-01,6.6475e+01,1.2455e+02,3D Shear-Dominated
Uranus,Equilibrium_Stirring,34.60,18057.55,6.1947,4.8641e+02,5.3335e-01,6.6609e+01,1.2489e+02,3D Shear-Dominated
Uranus,Equilibrium_Stirring,34.70,18106.19,6.2449,4.8674e+02,5.3299e-01,6.6744e+01,1.2522e+02,3D Shear-Dominated
Uranus,Equilibrium_Stirring,34.80,18154.86,6.2954,4.8706e+02,5.3263e-01,6.6878e+01,1.2556e+02,3D Shear-Dominated
Uranus,Equilibrium_Stirring,34.90,18203.57,6.3462,4.8739e+02,5.3228e-01,6.7013e+01,1.2590e+02,3D Shear-Dominated
Uranus,Equilibrium_Stirring,35.00,18252.31,6.3973,4.8772e+02,5.3192e-01,6.7147e+01,1.2624e+02,3D Shear-Dominated
Uranus,Equilibrium_Stirring,35.10,18301.08,6.4488,4.8804e+02,5.3157e-01,6.7282e+01,1.2657e+02,3D Shear-Dominated
Uranus,Equilibrium_Stirring,35.20,18349.89,6.5005,4.8837e+02,5.3121e-01,6.7416e+01,1.2691e+02,3D Shear-Dominated
Uranus,Equilibrium_Stirring,35.30,18398.72,6.5525,4.8869e+02,5.3086e-01,6.7551e+01,1.2725e+02,3D Shear-Dominated
Uranus,Equilibrium_Stirring,35.40,18447.59,6.6049,4.8901e+02,5.3051e-01,6.7685e+01,1.2759e+02,3D Shear-Dominated
Uranus,Equilibrium_Stirring,35.50,18496.49,6.6575,4.8934e+02,5.3016e-01,6.7820e+01,1.2792e+02,3D Shear-Dominated
Uranus,Equilibrium_Stirring,35.60,18545.43,6.7105,4.8966e+02,5.2981e-01,6.7954e+01,1.2826e+02,3D Shear-Dominated
Uranus,Equilibrium_Stirring,35.70,18594.39,6.7638,4.8998e+02,5.2946e-01,6.8089e+01,1.2860e+02,3D Shear-Dominated
Uranus,Equilibrium_Stirring,35.80,18643.39,6.8174,4.9031e+02,5.2911e-01,6.8223e+01,1.2894e+02,3D Shear-Dominated
Uranus,Equilibrium_Stirring,35.90,18692.42,6.8714,4.9063e+02,5.2876e-01,6.8358e+01,1.2928e+02,3D Shear-Dominated
Uranus,Equilibrium_Stirring,36.00,18741.48,6.9256,4.9095e+02,5.2842e-01,6.8492e+01,1.2962e+02,3D Shear-Dominated
Uranus,Equilibrium_Stirring,36.10,18790.58,6.9802,4.9127e+02,5.2807e-01,6.8627e+01,1.2996e+02,3D Shear-Dominated
Uranus,Equilibrium_Stirring,36.20,18839.71,7.0351,4.9159e+02,5.2773e-01,6.8761e+01,1.3030e+02,3D Shear-Dominated
Uranus,Equilibrium_Stirring,36.30,18888.87,7.0903,4.9191e+02,5.2738e-01,6.8896e+01,1.3064e+02,3D Shear-Dominated
Uranus,Equilibrium_Stirring,36.40,18938.06,7.1458,4.9223e+02,5.2704e-01,6.9031e+01,1.3098e+02,3D Shear-Dominated
Uranus,Equilibrium_Stirring,36.50,18987.28,7.2017,4.9255e+02,5.2670e-01,6.9165e+01,1.3132e+02,3D Shear-Dominated
Uranus,Equilibrium_Stirring,36.60,19036.54,7.2579,4.9287e+02,5.2636e-01,6.9300e+01,1.3166e+02,3D Shear-Dominated
Uranus,Equilibrium_Stirring,36.70,19085.82,7.3144,4.9319e+02,5.2602e-01,6.9434e+01,1.3200e+02,3D Shear-Dominated
Uranus,Equilibrium_Stirring,36.80,19135.14,7.3712,4.9351e+02,5.2568e-01,6.9569e+01,1.3234e+02,3D Shear-Dominated
Uranus,Equilibrium_Stirring,36.90,19184.49,7.4284,4.9383e+02,5.2534e-01,6.9703e+01,1.3268e+02,3D Shear-Dominated
Uranus,Equilibrium_Stirring,37.00,19233.88,7.4859,4.9414e+02,5.2500e-01,6.9838e+01,1.3302e+02,3D Shear-Dominated
Uranus,Equilibrium_Stirring,37.10,19283.29,7.5438,4.9446e+02,5.2467e-01,6.9972e+01,1.3337e+02,3D Shear-Dominated
Uranus,Equilibrium_Stirring,37.20,19332.74,7.6020,4.9478e+02,5.2433e-01,7.0107e+01,1.3371e+02,3D Shear-Dominated
Uranus,Equilibrium_Stirring,37.30,19382.21,7.6605,4.9509e+02,5.2399e-01,7.0241e+01,1.3405e+02,3D Shear-Dominated
Uranus,Equilibrium_Stirring,37.40,19431.72,7.7193,4.9541e+02,5.2366e-01,7.0376e+01,1.3439e+02,3D Shear-Dominated
Uranus,Equilibrium_Stirring,37.50,19481.26,7.7785,4.9573e+02,5.2333e-01,7.0510e+01,1.3473e+02,3D Shear-Dominated
Uranus,Equilibrium_Stirring,37.60,19530.84,7.8381,4.9604e+02,5.2299e-01,7.0645e+01,1.3508e+02,3D Shear-Dominated
Uranus,Equilibrium_Stirring,37.70,19580.44,7.8979,4.9636e+02,5.2266e-01,7.0779e+01,1.3542e+02,3D Shear-Dominated
Uranus,Equilibrium_Stirring,37.80,19630.08,7.9581,4.9667e+02,5.2233e-01,7.0914e+01,1.3576e+02,3D Shear-Dominated
Uranus,Equilibrium_Stirring,37.90,19679.74,8.0187,4.9698e+02,5.2200e-01,7.1048e+01,1.3611e+02,3D Shear-Dominated
Uranus,Equilibrium_Stirring,38.00,19729.44,8.0796,4.9730e+02,5.2167e-01,7.1183e+01,1.3645e+02,3D Shear-Dominated
Uranus,Equilibrium_Stirring,38.10,19779.17,8.1409,4.9761e+02,5.2135e-01,7.1317e+01,1.3680e+02,3D Shear-Dominated
Uranus,Equilibrium_Stirring,38.20,19828.93,8.2024,4.9792e+02,5.2102e-01,7.1452e+01,1.3714e+02,3D Shear-Dominated
Uranus,Equilibrium_Stirring,38.30,19878.73,8.2644,4.9823e+02,5.2069e-01,7.1586e+01,1.3748e+02,3D Shear-Dominated
Uranus,Equilibrium_Stirring,38.40,19928.55,8.3267,4.9855e+02,5.2037e-01,7.1721e+01,1.3783e+02,3D Shear-Dominated
Uranus,Equilibrium_Stirring,38.50,19978.40,8.3893,4.9886e+02,5.2004e-01,7.1856e+01,1.3817e+02,3D Shear-Dominated
Uranus,Equilibrium_Stirring,38.60,20028.29,8.4523,4.9917e+02,5.1972e-01,7.1990e+01,1.3852e+02,3D Shear-Dominated
Uranus,Equilibrium_Stirring,38.70,20078.21,8.5157,4.9948e+02,5.1939e-01,7.2125e+01,1.3886e+02,3D Shear-Dominated
Uranus,Equilibrium_Stirring,38.80,20128.15,8.5794,4.9979e+02,5.1907e-01,7.2259e+01,1.3921e+02,3D Shear-Dominated
Uranus,Equilibrium_Stirring,38.90,20178.13,8.6435,5.0010e+02,5.1875e-01,7.2394e+01,1.3955e+02,3D Shear-Dominated
Uranus,Equilibrium_Stirring,39.00,20228.14,8.7079,5.0041e+02,5.1843e-01,7.2528e+01,1.3990e+02,3D Shear-Dominated
Uranus,Equilibrium_Stirring,39.10,20278.18,8.7727,5.0072e+02,5.1811e-01,7.2663e+01,1.4025e+02,3D Shear-Dominated
Uranus,Equilibrium_Stirring,39.20,20328.26,8.8378,5.0103e+02,5.1779e-01,7.2797e+01,1.4059e+02,3D Shear-Dominated
Uranus,Equilibrium_Stirring,39.30,20378.36,8.9033,5.0134e+02,5.1747e-01,7.2932e+01,1.4094e+02,3D Shear-Dominated
Uranus,Equilibrium_Stirring,39.40,20428.49,8.9692,5.0164e+02,5.1715e-01,7.3066e+01,1.4129e+02,3D Shear-Dominated
Uranus,Equilibrium_Stirring,39.50,20478.66,9.0355,5.0195e+02,5.1684e-01,7.3201e+01,1.4163e+02,3D Shear-Dominated
Uranus,Equilibrium_Stirring,39.60,20528.85,9.1021,5.0226e+02,5.1652e-01,7.3335e+01,1.4198e+02,3D Shear-Dominated
Uranus,Equilibrium_Stirring,39.70,20579.08,9.1690,5.0257e+02,5.1620e-01,7.3470e+01,1.4233e+02,3D Shear-Dominated
Uranus,Equilibrium_Stirring,39.80,20629.33,9.2364,5.0287e+02,5.1589e-01,7.3604e+01,1.4267e+02,3D Shear-Dominated
Uranus,Equilibrium_Stirring,39.90,20679.62,9.3041,5.0318e+02,5.1557e-01,7.3739e+01,1.4302e+02,3D Shear-Dominated
Uranus,Equilibrium_Stirring,40.00,20729.94,9.3722,5.0348e+02,5.1526e-01,7.3873e+01,1.4337e+02,3D Shear-Dominated
Uranus,Equilibrium_Stirring,40.10,20780.29,9.4406,5.0379e+02,5.1495e-01,7.4008e+01,1.4372e+02,3D Shear-Dominated
Uranus,Equilibrium_Stirring,40.20,20830.67,9.5094,5.0410e+02,5.1464e-01,7.4142e+01,1.4407e+02,3D Shear-Dominated
Uranus,Equilibrium_Stirring,40.30,20881.08,9.5786,5.0440e+02,5.1433e-01,7.4277e+01,1.4442e+02,3D Shear-Dominated
Uranus,Equilibrium_Stirring,40.40,20931.52,9.6482,5.0470e+02,5.1402e-01,7.4412e+01,1.4476e+02,3D Shear-Dominated
Uranus,Equilibrium_Stirring,40.50,20981.99,9.7182,5.0501e+02,5.1371e-01,7.4546e+01,1.4511e+02,3D Shear-Dominated
Uranus,Equilibrium_Stirring,40.60,21032.49,9.7885,5.0531e+02,5.1340e-01,7.4681e+01,1.4546e+02,3D Shear-Dominated
Uranus,Equilibrium_Stirring,40.70,21083.02,9.8593,5.0562e+02,5.1309e-01,7.4815e+01,1.4581e+02,3D Shear-Dominated
Uranus,Equilibrium_Stirring,40.80,21133.58,9.9304,5.0592e+02,5.1278e-01,7.4950e+01,1.4616e+02,3D Shear-Dominated
Uranus,Equilibrium_Stirring,40.90,21184.17,10.0018,5.0622e+02,5.1248e-01,7.5084e+01,1.4651e+02,3D Shear-Dominated
Uranus,Equilibrium_Stirring,41.00,21234.79,10.0737,5.0652e+02,5.1217e-01,7.5219e+01,1.4686e+02,3D Shear-Dominated
Uranus,Equilibrium_Stirring,41.10,21285.45,10.1460,5.0682e+02,5.1187e-01,7.5353e+01,1.4721e+02,3D Shear-Dominated
Uranus,Equilibrium_Stirring,41.20,21336.13,10.2186,5.0713e+02,5.1156e-01,7.5488e+01,1.4756e+02,3D Shear-Dominated
Uranus,Equilibrium_Stirring,41.30,21386.84,10.2917,5.0743e+02,5.1126e-01,7.5622e+01,1.4791e+02,3D Shear-Dominated
Uranus,Equilibrium_Stirring,41.40,21437.58,10.3651,5.0773e+02,5.1096e-01,7.5757e+01,1.4826e+02,3D Shear-Dominated
Uranus,Equilibrium_Stirring,41.50,21488.36,10.4389,5.0803e+02,5.1065e-01,7.5891e+01,1.4862e+02,3D Shear-Dominated
Uranus,Equilibrium_Stirring,41.60,21539.16,10.5131,5.0833e+02,5.1035e-01,7.6026e+01,1.4897e+02,3D Shear-Dominated
Uranus,Equilibrium_Stirring,41.70,21589.99,10.5877,5.0863e+02,5.1005e-01,7.6160e+01,1.4932e+02,3D Shear-Dominated
Uranus,Equilibrium_Stirring,41.80,21640.86,10.6627,5.0893e+02,5.0975e-01,7.6295e+01,1.4967e+02,3D Shear-Dominated
Uranus,Equilibrium_Stirring,41.90,21691.75,10.7381,5.0923e+02,5.0945e-01,7.6429e+01,1.5002e+02,3D Shear-Dominated
Uranus,Equilibrium_Stirring,42.00,21742.67,10.8139,5.0952e+02,5.0915e-01,7.6564e+01,1.5037e+02,3D Shear-Dominated
Uranus,Equilibrium_Stirring,42.10,21793.62,10.8902,5.0982e+02,5.0886e-01,7.6698e+01,1.5073e+02,3D Shear-Dominated
Uranus,Equilibrium_Stirring,42.20,21844.61,10.9668,5.1012e+02,5.0856e-01,7.6833e+01,1.5108e+02,3D Shear-Dominated
Uranus,Equilibrium_Stirring,42.30,21895.62,11.0438,5.1042e+02,5.0826e-01,7.6968e+01,1.5143e+02,3D Shear-Dominated
Uranus,Equilibrium_Stirring,42.40,21946.66,11.1212,5.1072e+02,5.0797e-01,7.7102e+01,1.5179e+02,3D Shear-Dominated
Uranus,Equilibrium_Stirring,42.50,21997.73,11.1990,5.1101e+02,5.0767e-01,7.7237e+01,1.5214e+02,3D Shear-Dominated
Uranus,Equilibrium_Stirring,42.60,22048.83,11.2772,5.1131e+02,5.0738e-01,7.7371e+01,1.5249e+02,3D Shear-Dominated
Uranus,Equilibrium_Stirring,42.70,22099.96,11.3559,5.1161e+02,5.0708e-01,7.7506e+01,1.5285e+02,3D Shear-Dominated
Uranus,Equilibrium_Stirring,42.80,22151.12,11.4349,5.1190e+02,5.0679e-01,7.7640e+01,1.5320e+02,3D Shear-Dominated
Uranus,Equilibrium_Stirring,42.90,22202.31,11.5144,5.1220e+02,5.0650e-01,7.7775e+01,1.5355e+02,3D Shear-Dominated
Uranus,Equilibrium_Stirring,43.00,22253.53,11.5942,5.1249e+02,5.0621e-01,7.7909e+01,1.5391e+02,3D Shear-Dominated
Uranus,Equilibrium_Stirring,43.10,22304.78,11.6745,5.1279e+02,5.0592e-01,7.8044e+01,1.5426e+02,3D Shear-Dominated
Uranus,Equilibrium_Stirring,43.20,22356.06,11.7552,5.1308e+02,5.0563e-01,7.8178e+01,1.5462e+02,3D Shear-Dominated
Uranus,Equilibrium_Stirring,43.30,22407.37,11.8364,5.1337e+02,5.0534e-01,7.8313e+01,1.5497e+02,3D Shear-Dominated
Uranus,Equilibrium_Stirring,43.40,22458.71,11.9179,5.1367e+02,5.0505e-01,7.8447e+01,1.5533e+02,3D Shear-Dominated
Uranus,Equilibrium_Stirring,43.50,22510.07,11.9999,5.1396e+02,5.0476e-01,7.8582e+01,1.5568e+02,3D Shear-Dominated
Uranus,Equilibrium_Stirring,43.60,22561.47,12.0822,5.1426e+02,5.0447e-01,7.8716e+01,1.5604e+02,3D Shear-Dominated
Uranus,Equilibrium_Stirring,43.70,22612.90,12.1651,5.1455e+02,5.0418e-01,7.8851e+01,1.5639e+02,3D Shear-Dominated
Uranus,Equilibrium_Stirring,43.80,22664.35,12.2483,5.1484e+02,5.0390e-01,7.8985e+01,1.5675e+02,3D Shear-Dominated
Uranus,Equilibrium_Stirring,43.90,22715.83,12.3319,5.1513e+02,5.0361e-01,7.9120e+01,1.5711e+02,3D Shear-Dominated
Uranus,Equilibrium_Stirring,44.00,22767.35,12.4160,5.1542e+02,5.0333e-01,7.9255e+01,1.5746e+02,3D Shear-Dominated
Uranus,Equilibrium_Stirring,44.10,22818.89,12.5005,5.1572e+02,5.0304e-01,7.9389e+01,1.5782e+02,3D Shear-Dominated
Uranus,Equilibrium_Stirring,44.20,22870.46,12.5855,5.1601e+02,5.0276e-01,7.9524e+01,1.5817e+02,3D Shear-Dominated
Uranus,Equilibrium_Stirring,44.30,22922.06,12.6709,5.1630e+02,5.0247e-01,7.9658e+01,1.5853e+02,3D Shear-Dominated
Uranus,Equilibrium_Stirring,44.40,22973.69,12.7567,5.1659e+02,5.0219e-01,7.9793e+01,1.5889e+02,3D Shear-Dominated
Uranus,Equilibrium_Stirring,44.50,23025.35,12.8429,5.1688e+02,5.0191e-01,7.9927e+01,1.5925e+02,3D Shear-Dominated
Uranus,Equilibrium_Stirring,44.60,23077.04,12.9296,5.1717e+02,5.0163e-01,8.0062e+01,1.5960e+02,3D Shear-Dominated
Uranus,Equilibrium_Stirring,44.70,23128.76,13.0167,5.1746e+02,5.0135e-01,8.0196e+01,1.5996e+02,3D Shear-Dominated
Uranus,Equilibrium_Stirring,44.80,23180.50,13.1043,5.1775e+02,5.0107e-01,8.0331e+01,1.6032e+02,3D Shear-Dominated
Uranus,Equilibrium_Stirring,44.90,23232.28,13.1923,5.1804e+02,5.0079e-01,8.0465e+01,1.6068e+02,3D Shear-Dominated
Uranus,Equilibrium_Stirring,45.00,23284.08,13.2808,5.1832e+02,5.0051e-01,8.0600e+01,1.6104e+02,3D Shear-Dominated
Uranus,Equilibrium_Stirring,45.10,23335.91,13.3696,5.1861e+02,5.0023e-01,8.0734e+01,1.6139e+02,3D Shear-Dominated
Uranus,Equilibrium_Stirring,45.20,23387.77,13.4590,5.1890e+02,4.9995e-01,8.0869e+01,1.6175e+02,3D Shear-Dominated
Uranus,Equilibrium_Stirring,45.30,23439.66,13.5488,5.1919e+02,4.9968e-01,8.1003e+01,1.6211e+02,3D Shear-Dominated
Uranus,Equilibrium_Stirring,45.40,23491.58,13.6390,5.1948e+02,4.9940e-01,8.1138e+01,1.6247e+02,3D Shear-Dominated
Uranus,Equilibrium_Stirring,45.50,23543.53,13.7297,5.1976e+02,4.9913e-01,8.1272e+01,1.6283e+02,3D Shear-Dominated
Uranus,Equilibrium_Stirring,45.60,23595.51,13.8208,5.2005e+02,4.9885e-01,8.1407e+01,1.6319e+02,3D Shear-Dominated
Uranus,Equilibrium_Stirring,45.70,23647.51,13.9124,5.2034e+02,4.9858e-01,8.1542e+01,1.6355e+02,3D Shear-Dominated
Uranus,Equilibrium_Stirring,45.80,23699.54,14.0044,5.2062e+02,4.9830e-01,8.1676e+01,1.6391e+02,3D Shear-Dominated
Uranus,Equilibrium_Stirring,45.90,23751.61,14.0969,5.2091e+02,4.9803e-01,8.1811e+01,1.6427e+02,3D Shear-Dominated
Uranus,Equilibrium_Stirring,46.00,23803.70,14.1899,5.2119e+02,4.9776e-01,8.1945e+01,1.6463e+02,3D Shear-Dominated
Uranus,Equilibrium_Stirring,46.10,23855.82,14.2833,5.2148e+02,4.9748e-01,8.2080e+01,1.6499e+02,3D Shear-Dominated
Uranus,Equilibrium_Stirring,46.20,23907.96,14.3772,5.2176e+02,4.9721e-01,8.2214e+01,1.6535e+02,3D Shear-Dominated
Uranus,Equilibrium_Stirring,46.30,23960.14,14.4715,5.2205e+02,4.9694e-01,8.2349e+01,1.6571e+02,3D Shear-Dominated
Uranus,Equilibrium_Stirring,46.40,24012.35,14.5663,5.2233e+02,4.9667e-01,8.2483e+01,1.6607e+02,3D Shear-Dominated
Uranus,Equilibrium_Stirring,46.50,24064.58,14.6616,5.2261e+02,4.9640e-01,8.2618e+01,1.6643e+02,3D Shear-Dominated
Uranus,Equilibrium_Stirring,46.60,24116.84,14.7573,5.2290e+02,4.9613e-01,8.2752e+01,1.6679e+02,3D Shear-Dominated
Uranus,Equilibrium_Stirring,46.70,24169.13,14.8535,5.2318e+02,4.9586e-01,8.2887e+01,1.6716e+02,3D Shear-Dominated
Uranus,Equilibrium_Stirring,46.80,24221.45,14.9502,5.2346e+02,4.9560e-01,8.3021e+01,1.6752e+02,3D Shear-Dominated
Uranus,Equilibrium_Stirring,46.90,24273.79,15.0473,5.2375e+02,4.9533e-01,8.3156e+01,1.6788e+02,3D Shear-Dominated
Uranus,Equilibrium_Stirring,47.00,24326.17,15.1449,5.2403e+02,4.9506e-01,8.3290e+01,1.6824e+02,3D Shear-Dominated
Uranus,Equilibrium_Stirring,47.10,24378.57,15.2430,5.2431e+02,4.9480e-01,8.3425e+01,1.6861e+02,3D Shear-Dominated
Uranus,Equilibrium_Stirring,47.20,24431.00,15.3416,5.2459e+02,4.9453e-01,8.3559e+01,1.6897e+02,3D Shear-Dominated
Uranus,Equilibrium_Stirring,47.30,24483.46,15.4406,5.2487e+02,4.9426e-01,8.3694e+01,1.6933e+02,3D Shear-Dominated
Uranus,Equilibrium_Stirring,47.40,24535.95,15.5401,5.2516e+02,4.9400e-01,8.3829e+01,1.6969e+02,3D Shear-Dominated
Uranus,Equilibrium_Stirring,47.50,24588.47,15.6401,5.2544e+02,4.9374e-01,8.3963e+01,1.7006e+02,3D Shear-Dominated
Uranus,Equilibrium_Stirring,47.60,24641.01,15.7406,5.2572e+02,4.9347e-01,8.4098e+01,1.7042e+02,3D Shear-Dominated
Uranus,Equilibrium_Stirring,47.70,24693.58,15.8416,5.2600e+02,4.9321e-01,8.4232e+01,1.7078e+02,3D Shear-Dominated
Uranus,Equilibrium_Stirring,47.80,24746.18,15.9430,5.2628e+02,4.9295e-01,8.4367e+01,1.7115e+02,3D Shear-Dominated
Uranus,Equilibrium_Stirring,47.90,24798.81,16.0449,5.2656e+02,4.9269e-01,8.4501e+01,1.7151e+02,3D Shear-Dominated
Uranus,Equilibrium_Stirring,48.00,24851.46,16.1474,5.2684e+02,4.9242e-01,8.4636e+01,1.7188e+02,3D Shear-Dominated
Uranus,Equilibrium_Stirring,48.10,24904.15,16.2503,5.2711e+02,4.9216e-01,8.4770e+01,1.7224e+02,3D Shear-Dominated
Uranus,Equilibrium_Stirring,48.20,24956.86,16.3537,5.2739e+02,4.9190e-01,8.4905e+01,1.7260e+02,3D Shear-Dominated
Uranus,Equilibrium_Stirring,48.30,25009.60,16.4576,5.2767e+02,4.9164e-01,8.5039e+01,1.7297e+02,3D Shear-Dominated
Uranus,Equilibrium_Stirring,48.40,25062.36,16.5620,5.2795e+02,4.9139e-01,8.5174e+01,1.7333e+02,3D Shear-Dominated
Uranus,Equilibrium_Stirring,48.50,25115.16,16.6668,5.2823e+02,4.9113e-01,8.5308e+01,1.7370e+02,3D Shear-Dominated
Uranus,Equilibrium_Stirring,48.60,25167.98,16.7722,5.2850e+02,4.9087e-01,8.5443e+01,1.7406e+02,3D Shear-Dominated
Uranus,Equilibrium_Stirring,48.70,25220.83,16.8781,5.2878e+02,4.9061e-01,8.5577e+01,1.7443e+02,3D Shear-Dominated
Uranus,Equilibrium_Stirring,48.80,25273.71,16.9845,5.2906e+02,4.9035e-01,8.5712e+01,1.7480e+02,3D Shear-Dominated
Uranus,Equilibrium_Stirring,48.90,25326.62,17.0914,5.2934e+02,4.9010e-01,8.5847e+01,1.7516e+02,3D Shear-Dominated
Uranus,Equilibrium_Stirring,49.00,25379.55,17.1988,5.2961e+02,4.8984e-01,8.5981e+01,1.7553e+02,3D Shear-Dominated
Uranus,Equilibrium_Stirring,49.10,25432.51,17.3067,5.2989e+02,4.8959e-01,8.6116e+01,1.7589e+02,3D Shear-Dominated
Uranus,Equilibrium_Stirring,49.20,25485.50,17.4151,5.3016e+02,4.8933e-01,8.6250e+01,1.7626e+02,3D Shear-Dominated
Uranus,Equilibrium_Stirring,49.30,25538.52,17.5240,5.3044e+02,4.8908e-01,8.6385e+01,1.7663e+02,3D Shear-Dominated
Uranus,Equilibrium_Stirring,49.40,25591.56,17.6334,5.3071e+02,4.8882e-01,8.6519e+01,1.7699e+02,3D Shear-Dominated
Uranus,Equilibrium_Stirring,49.50,25644.63,17.7433,5.3099e+02,4.8857e-01,8.6654e+01,1.7736e+02,3D Shear-Dominated
Uranus,Equilibrium_Stirring,49.60,25697.73,17.8538,5.3126e+02,4.8832e-01,8.6788e+01,1.7773e+02,3D Shear-Dominated
Uranus,Equilibrium_Stirring,49.70,25750.86,17.9647,5.3154e+02,4.8807e-01,8.6923e+01,1.7810e+02,3D Shear-Dominated
Uranus,Equilibrium_Stirring,49.80,25804.01,18.0762,5.3181e+02,4.8782e-01,8.7057e+01,1.7846e+02,3D Shear-Dominated
Uranus,Equilibrium_Stirring,49.90,25857.19,18.1882,5.3209e+02,4.8756e-01,8.7192e+01,1.7883e+02,3D Shear-Dominated
Uranus,Equilibrium_Stirring,50.00,25910.40,18.3007,5.3236e+02,4.8731e-01,8.7326e+01,1.7920e+02,3D Shear-Dominated
Uranus,Equilibrium_Stirring,50.10,25963.64,18.4137,5.3263e+02,4.8706e-01,8.7461e+01,1.7957e+02,3D Shear-Dominated
Uranus,Equilibrium_Stirring,50.20,26016.90,18.5273,5.3291e+02,4.8681e-01,8.7595e+01,1.7994e+02,3D Shear-Dominated
Uranus,Equilibrium_Stirring,50.30,26070.19,18.6414,5.3318e+02,4.8657e-01,8.7730e+01,1.8030e+02,3D Shear-Dominated
Uranus,Equilibrium_Stirring,50.40,26123.51,18.7560,5.3345e+02,4.8632e-01,8.7864e+01,1.8067e+02,3D Shear-Dominated
Uranus,Equilibrium_Stirring,50.50,26176.85,18.8711,5.3372e+02,4.8607e-01,8.7999e+01,1.8104e+02,3D Shear-Dominated
Uranus,Equilibrium_Stirring,50.60,26230.23,18.9868,5.3400e+02,4.8582e-01,8.8134e+01,1.8141e+02,3D Shear-Dominated
Uranus,Equilibrium_Stirring,50.70,26283.63,19.1030,5.3427e+02,4.8557e-01,8.8268e+01,1.8178e+02,3D Shear-Dominated
Uranus,Equilibrium_Stirring,50.80,26337.05,19.2197,5.3454e+02,4.8533e-01,8.8403e+01,1.8215e+02,3D Shear-Dominated
Uranus,Equilibrium_Stirring,50.90,26390.51,19.3370,5.3481e+02,4.8508e-01,8.8537e+01,1.8252e+02,3D Shear-Dominated
Uranus,Equilibrium_Stirring,51.00,26443.99,19.4548,5.3508e+02,4.8484e-01,8.8672e+01,1.8289e+02,3D Shear-Dominated
Uranus,Equilibrium_Stirring,51.10,26497.50,19.5731,5.3535e+02,4.8459e-01,8.8806e+01,1.8326e+02,3D Shear-Dominated
Uranus,Equilibrium_Stirring,51.20,26551.03,19.6920,5.3562e+02,4.8435e-01,8.8941e+01,1.8363e+02,3D Shear-Dominated
Uranus,Equilibrium_Stirring,51.30,26604.59,19.8114,5.3589e+02,4.8410e-01,8.9075e+01,1.8400e+02,3D Shear-Dominated
Uranus,Equilibrium_Stirring,51.40,26658.18,19.9314,5.3616e+02,4.8386e-01,8.9210e+01,1.8437e+02,3D Shear-Dominated
Uranus,Equilibrium_Stirring,51.50,26711.80,20.0519,5.3643e+02,4.8362e-01,8.9344e+01,1.8474e+02,3D Shear-Dominated
Uranus,Equilibrium_Stirring,51.60,26765.44,20.1729,5.3670e+02,4.8337e-01,8.9479e+01,1.8511e+02,3D Shear-Dominated
Uranus,Equilibrium_Stirring,51.70,26819.11,20.2945,5.3697e+02,4.8313e-01,8.9613e+01,1.8548e+02,3D Shear-Dominated
Uranus,Equilibrium_Stirring,51.80,26872.81,20.4167,5.3724e+02,4.8289e-01,8.9748e+01,1.8586e+02,3D Shear-Dominated
Uranus,Equilibrium_Stirring,51.90,26926.53,20.5394,5.3750e+02,4.8265e-01,8.9882e+01,1.8623e+02,3D Shear-Dominated
Uranus,Equilibrium_Stirring,52.00,26980.28,20.6626,5.3777e+02,4.8241e-01,9.0017e+01,1.8660e+02,3D Shear-Dominated
Uranus,Equilibrium_Stirring,52.10,27034.06,20.7864,5.3804e+02,4.8217e-01,9.0152e+01,1.8697e+02,3D Shear-Dominated
Uranus,Equilibrium_Stirring,52.20,27087.86,20.9108,5.3831e+02,4.8193e-01,9.0286e+01,1.8734e+02,3D Shear-Dominated
Uranus,Equilibrium_Stirring,52.30,27141.69,21.0357,5.3857e+02,4.8169e-01,9.0421e+01,1.8772e+02,3D Shear-Dominated
Uranus,Equilibrium_Stirring,52.40,27195.55,21.1611,5.3884e+02,4.8145e-01,9.0555e+01,1.8809e+02,3D Shear-Dominated
Uranus,Equilibrium_Stirring,52.50,27249.44,21.2872,5.3911e+02,4.8121e-01,9.0690e+01,1.8846e+02,3D Shear-Dominated
Uranus,Equilibrium_Stirring,52.60,27303.35,21.4138,5.3938e+02,4.8098e-01,9.0824e+01,1.8883e+02,3D Shear-Dominated
Uranus,Equilibrium_Stirring,52.70,27357.28,21.5409,5.3964e+02,4.8074e-01,9.0959e+01,1.8921e+02,3D Shear-Dominated
Uranus,Equilibrium_Stirring,52.80,27411.25,21.6687,5.3991e+02,4.8050e-01,9.1093e+01,1.8958e+02,3D Shear-Dominated
Uranus,Equilibrium_Stirring,52.90,27465.24,21.7969,5.4017e+02,4.8027e-01,9.1228e+01,1.8995e+02,3D Shear-Dominated
Uranus,Equilibrium_Stirring,53.00,27519.26,21.9258,5.4044e+02,4.8003e-01,9.1362e+01,1.9033e+02,3D Shear-Dominated
Uranus,Equilibrium_Stirring,53.10,27573.30,22.0552,5.4070e+02,4.7979e-01,9.1497e+01,1.9070e+02,3D Shear-Dominated
Uranus,Equilibrium_Stirring,53.20,27627.37,22.1852,5.4097e+02,4.7956e-01,9.1631e+01,1.9107e+02,3D Shear-Dominated
Uranus,Equilibrium_Stirring,53.30,27681.47,22.3158,5.4123e+02,4.7933e-01,9.1766e+01,1.9145e+02,3D Shear-Dominated
Uranus,Equilibrium_Stirring,53.40,27735.59,22.4470,5.4150e+02,4.7909e-01,9.1900e+01,1.9182e+02,3D Shear-Dominated
Uranus,Equilibrium_Stirring,53.50,27789.74,22.5787,5.4176e+02,4.7886e-01,9.2035e+01,1.9220e+02,3D Shear-Dominated
Uranus,Equilibrium_Stirring,53.60,27843.92,22.7110,5.4203e+02,4.7862e-01,9.2170e+01,1.9257e+02,3D Shear-Dominated
Uranus,Equilibrium_Stirring,53.70,27898.12,22.8439,5.4229e+02,4.7839e-01,9.2304e+01,1.9295e+02,3D Shear-Dominated
Uranus,Equilibrium_Stirring,53.80,27952.35,22.9774,5.4255e+02,4.7816e-01,9.2439e+01,1.9332e+02,3D Shear-Dominated
Uranus,Equilibrium_Stirring,53.90,28006.60,23.1114,5.4282e+02,4.7793e-01,9.2573e+01,1.9370e+02,3D Shear-Dominated
Uranus,Equilibrium_Stirring,54.00,28060.88,23.2461,5.4308e+02,4.7770e-01,9.2708e+01,1.9407e+02,3D Shear-Dominated
Uranus,Equilibrium_Stirring,54.10,28115.19,23.3813,5.4334e+02,4.7747e-01,9.2842e+01,1.9445e+02,3D Shear-Dominated
Uranus,Equilibrium_Stirring,54.20,28169.53,23.5171,5.4360e+02,4.7724e-01,9.2977e+01,1.9482e+02,3D Shear-Dominated
Uranus,Equilibrium_Stirring,54.30,28223.89,23.6535,5.4387e+02,4.7701e-01,9.3111e+01,1.9520e+02,3D Shear-Dominated
Uranus,Equilibrium_Stirring,54.40,28278.27,23.7905,5.4413e+02,4.7678e-01,9.3246e+01,1.9558e+02,3D Shear-Dominated
Uranus,Equilibrium_Stirring,54.50,28332.69,23.9281,5.4439e+02,4.7655e-01,9.3380e+01,1.9595e+02,3D Shear-Dominated
Uranus,Equilibrium_Stirring,54.60,28387.12,24.0663,5.4465e+02,4.7632e-01,9.3515e+01,1.9633e+02,3D Shear-Dominated
Uranus,Equilibrium_Stirring,54.70,28441.59,24.2051,5.4491e+02,4.7609e-01,9.3649e+01,1.9671e+02,3D Shear-Dominated
Uranus,Equilibrium_Stirring,54.80,28496.08,24.3445,5.4517e+02,4.7586e-01,9.3784e+01,1.9708e+02,3D Shear-Dominated
Uranus,Equilibrium_Stirring,54.90,28550.60,24.4845,5.4543e+02,4.7563e-01,9.3918e+01,1.9746e+02,3D Shear-Dominated
Uranus,Equilibrium_Stirring,55.00,28605.14,24.6251,5.4569e+02,4.7541e-01,9.4053e+01,1.9784e+02,3D Shear-Dominated
Uranus,Equilibrium_Stirring,55.10,28659.71,24.7663,5.4595e+02,4.7518e-01,9.4188e+01,1.9821e+02,3D Shear-Dominated
Uranus,Equilibrium_Stirring,55.20,28714.31,24.9081,5.4621e+02,4.7496e-01,9.4322e+01,1.9859e+02,3D Shear-Dominated
Uranus,Equilibrium_Stirring,55.30,28768.93,25.0505,5.4647e+02,4.7473e-01,9.4457e+01,1.9897e+02,3D Shear-Dominated
Uranus,Equilibrium_Stirring,55.40,28823.57,25.1935,5.4673e+02,4.7450e-01,9.4591e+01,1.9935e+02,3D Shear-Dominated
Uranus,Equilibrium_Stirring,55.50,28878.25,25.3372,5.4699e+02,4.7428e-01,9.4726e+01,1.9973e+02,3D Shear-Dominated
Uranus,Equilibrium_Stirring,55.60,28932.95,25.4814,5.4725e+02,4.7406e-01,9.4860e+01,2.0010e+02,3D Shear-Dominated
Uranus,Equilibrium_Stirring,55.70,28987.67,25.6263,5.4751e+02,4.7383e-01,9.4995e+01,2.0048e+02,3D Shear-Dominated
Uranus,Equilibrium_Stirring,55.80,29042.42,25.7718,5.4777e+02,4.7361e-01,9.5129e+01,2.0086e+02,3D Shear-Dominated
Uranus,Equilibrium_Stirring,55.90,29097.20,25.9179,5.4802e+02,4.7339e-01,9.5264e+01,2.0124e+02,3D Shear-Dominated
Uranus,Equilibrium_Stirring,56.00,29152.00,26.0646,5.4828e+02,4.7316e-01,9.5398e+01,2.0162e+02,3D Shear-Dominated
Uranus,Equilibrium_Stirring,56.10,29206.83,26.2119,5.4854e+02,4.7294e-01,9.5533e+01,2.0200e+02,3D Shear-Dominated
Uranus,Equilibrium_Stirring,56.20,29261.68,26.3599,5.4880e+02,4.7272e-01,9.5667e+01,2.0238e+02,3D Shear-Dominated
Uranus,Equilibrium_Stirring,56.30,29316.56,26.5085,5.4905e+02,4.7250e-01,9.5802e+01,2.0276e+02,3D Shear-Dominated
Uranus,Equilibrium_Stirring,56.40,29371.47,26.6577,5.4931e+02,4.7228e-01,9.5937e+01,2.0314e+02,3D Shear-Dominated
Uranus,Equilibrium_Stirring,56.50,29426.40,26.8075,5.4957e+02,4.7206e-01,9.6071e+01,2.0352e+02,3D Shear-Dominated
Uranus,Equilibrium_Stirring,56.60,29481.36,26.9580,5.4982e+02,4.7184e-01,9.6206e+01,2.0390e+02,3D Shear-Dominated
Uranus,Equilibrium_Stirring,56.70,29536.34,27.1091,5.5008e+02,4.7162e-01,9.6340e+01,2.0428e+02,3D Shear-Dominated
Uranus,Equilibrium_Stirring,56.80,29591.35,27.2609,5.5034e+02,4.7140e-01,9.6475e+01,2.0466e+02,3D Shear-Dominated
Uranus,Equilibrium_Stirring,56.90,29646.38,27.4133,5.5059e+02,4.7118e-01,9.6609e+01,2.0504e+02,3D Shear-Dominated
Uranus,Equilibrium_Stirring,57.00,29701.44,27.5663,5.5085e+02,4.7096e-01,9.6744e+01,2.0542e+02,3D Shear-Dominated
Uranus,Equilibrium_Stirring,57.10,29756.52,27.7199,5.5110e+02,4.7074e-01,9.6878e+01,2.0580e+02,3D Shear-Dominated
Uranus,Equilibrium_Stirring,57.20,29811.63,27.8742,5.5136e+02,4.7052e-01,9.7013e+01,2.0618e+02,3D Shear-Dominated
Uranus,Equilibrium_Stirring,57.30,29866.77,28.0292,5.5161e+02,4.7031e-01,9.7147e+01,2.0656e+02,3D Shear-Dominated
Uranus,Equilibrium_Stirring,57.40,29921.93,28.1848,5.5187e+02,4.7009e-01,9.7282e+01,2.0694e+02,3D Shear-Dominated
Uranus,Equilibrium_Stirring,57.50,29977.12,28.3410,5.5212e+02,4.6987e-01,9.7416e+01,2.0733e+02,3D Shear-Dominated
Uranus,Equilibrium_Stirring,57.60,30032.33,28.4979,5.5238e+02,4.6966e-01,9.7551e+01,2.0771e+02,3D Shear-Dominated
Uranus,Equilibrium_Stirring,57.70,30087.57,28.6554,5.5263e+02,4.6944e-01,9.7685e+01,2.0809e+02,3D Shear-Dominated
Uranus,Equilibrium_Stirring,57.80,30142.83,28.8136,5.5288e+02,4.6923e-01,9.7820e+01,2.0847e+02,3D Shear-Dominated
Uranus,Equilibrium_Stirring,57.90,30198.12,28.9724,5.5314e+02,4.6901e-01,9.7955e+01,2.0885e+02,3D Shear-Dominated
Uranus,Equilibrium_Stirring,58.00,30253.43,29.1319,5.5339e+02,4.6880e-01,9.8089e+01,2.0924e+02,3D Shear-Dominated
Uranus,Equilibrium_Stirring,58.10,30308.77,29.2921,5.5364e+02,4.6858e-01,9.8224e+01,2.0962e+02,3D Shear-Dominated
Uranus,Equilibrium_Stirring,58.20,30364.14,29.4529,5.5389e+02,4.6837e-01,9.8358e+01,2.1000e+02,3D Shear-Dominated
Uranus,Equilibrium_Stirring,58.30,30419.52,29.6144,5.5415e+02,4.6815e-01,9.8493e+01,2.1038e+02,3D Shear-Dominated
Uranus,Equilibrium_Stirring,58.40,30474.94,29.7765,5.5440e+02,4.6794e-01,9.8627e+01,2.1077e+02,3D Shear-Dominated
Uranus,Equilibrium_Stirring,58.50,30530.38,29.9393,5.5465e+02,4.6773e-01,9.8762e+01,2.1115e+02,3D Shear-Dominated
Uranus,Equilibrium_Stirring,58.60,30585.84,30.1028,5.5490e+02,4.6752e-01,9.8896e+01,2.1154e+02,3D Shear-Dominated
Uranus,Safronov_Dispersion,0.00,100.00,0.0000,4.3238e+01,3.0000e+00,2.0748e+00,6.9161e-01,Dispersion-Dominated (Focused)
Uranus,Safronov_Dispersion,0.50,121.62,0.0000,4.3238e+01,3.0000e+00,2.5234e+00,8.4113e-01,Dispersion-Dominated (Focused)
Uranus,Safronov_Dispersion,1.00,143.24,0.0000,4.3238e+01,3.0000e+00,2.9719e+00,9.9065e-01,Dispersion-Dominated (Focused)
Uranus,Safronov_Dispersion,1.50,164.86,0.0000,4.3238e+01,3.0000e+00,3.4205e+00,1.1402e+00,Dispersion-Dominated (Focused)
Uranus,Safronov_Dispersion,2.00,186.48,0.0000,4.3238e+01,3.0000e+00,3.8691e+00,1.2897e+00,Dispersion-Dominated (Focused)
Uranus,Safronov_Dispersion,2.50,208.09,0.0000,4.3238e+01,3.0000e+00,4.3176e+00,1.4392e+00,Dispersion-Dominated (Focused)
Uranus,Safronov_Dispersion,3.00,229.71,0.0000,4.3238e+01,3.0000e+00,4.7662e+00,1.5887e+00,Dispersion-Dominated (Focused)
Uranus,Safronov_Dispersion,3.50,251.33,0.0000,4.3238e+01,3.0000e+00,5.2147e+00,1.7382e+00,Dispersion-Dominated (Focused)
Uranus,Safronov_Dispersion,4.00,272.95,0.0000,4.3238e+01,3.0000e+00,5.6633e+00,1.8878e+00,Dispersion-Dominated (Focused)
Uranus,Safronov_Dispersion,4.50,294.57,0.0000,4.3238e+01,3.0000e+00,6.1118e+00,2.0373e+00,Dispersion-Dominated (Focused)
Uranus,Safronov_Dispersion,5.00,316.19,0.0000,4.3238e+01,3.0000e+00,6.5604e+00,2.1868e+00,Dispersion-Dominated (Focused)
Uranus,Safronov_Dispersion,5.50,337.81,0.0000,4.3238e+01,3.0000e+00,7.0090e+00,2.3363e+00,Dispersion-Dominated (Focused)
Uranus,Safronov_Dispersion,6.00,359.43,0.0000,4.3238e+01,3.0000e+00,7.4575e+00,2.4858e+00,Dispersion-Dominated (Focused)
Uranus,Safronov_Dispersion,6.50,381.05,0.0001,4.3238e+01,3.0000e+00,7.9061e+00,2.6354e+00,Dispersion-Dominated (Focused)
Uranus,Safronov_Dispersion,7.00,402.66,0.0001,4.3238e+01,3.0000e+00,8.3546e+00,2.7849e+00,Dispersion-Dominated (Focused)
Uranus,Safronov_Dispersion,7.50,424.28,0.0001,4.3238e+01,3.0000e+00,8.8032e+00,2.9344e+00,Dispersion-Dominated (Focused)
Uranus,Safronov_Dispersion,8.00,445.90,0.0001,4.3238e+01,3.0000e+00,9.2517e+00,3.0839e+00,Dispersion-Dominated (Focused)
Uranus,Safronov_Dispersion,8.50,467.52,0.0001,4.3238e+01,3.0000e+00,9.7003e+00,3.2334e+00,Dispersion-Dominated (Focused)
Uranus,Safronov_Dispersion,9.00,489.14,0.0001,4.3238e+01,3.0000e+00,1.0149e+01,3.3829e+00,Dispersion-Dominated (Focused)
Uranus,Safronov_Dispersion,9.50,510.76,0.0001,4.3238e+01,3.0000e+00,1.0597e+01,3.5325e+00,Dispersion-Dominated (Focused)
Uranus,Safronov_Dispersion,10.00,532.38,0.0002,4.3238e+01,3.0000e+00,1.1046e+01,3.6820e+00,Dispersion-Dominated (Focused)
Uranus,Safronov_Dispersion,10.50,554.00,0.0002,4.3238e+01,3.0000e+00,1.1495e+01,3.8315e+00,Dispersion-Dominated (Focused)
Uranus,Safronov_Dispersion,11.00,575.62,0.0002,4.3238e+01,3.0000e+00,1.1943e+01,3.9810e+00,Dispersion-Dominated (Focused)
Uranus,Safronov_Dispersion,11.50,597.23,0.0002,4.3238e+01,3.0000e+00,1.2392e+01,4.1305e+00,Dispersion-Dominated (Focused)
Uranus,Safronov_Dispersion,12.00,618.85,0.0002,4.3238e+01,3.0000e+00,1.2840e+01,4.2801e+00,Dispersion-Dominated (Focused)
Uranus,Safronov_Dispersion,12.50,640.47,0.0003,4.3238e+01,3.0000e+00,1.3289e+01,4.4296e+00,Dispersion-Dominated (Focused)
Uranus,Safronov_Dispersion,13.00,662.09,0.0003,4.3238e+01,3.0000e+00,1.3737e+01,4.5791e+00,Dispersion-Dominated (Focused)
Uranus,Safronov_Dispersion,13.50,683.71,0.0003,4.3238e+01,3.0000e+00,1.4186e+01,4.7286e+00,Dispersion-Dominated (Focused)
Uranus,Safronov_Dispersion,14.00,705.33,0.0004,4.3238e+01,3.0000e+00,1.4634e+01,4.8781e+00,Dispersion-Dominated (Focused)
Uranus,Safronov_Dispersion,14.50,726.95,0.0004,4.3238e+01,3.0000e+00,1.5083e+01,5.0277e+00,Dispersion-Dominated (Focused)
Uranus,Safronov_Dispersion,15.00,748.57,0.0004,4.3238e+01,3.0000e+00,1.5532e+01,5.1772e+00,Dispersion-Dominated (Focused)
Uranus,Safronov_Dispersion,15.50,770.19,0.0005,4.3238e+01,3.0000e+00,1.5980e+01,5.3267e+00,Dispersion-Dominated (Focused)
Uranus,Safronov_Dispersion,16.00,791.80,0.0005,4.3238e+01,3.0000e+00,1.6429e+01,5.4762e+00,Dispersion-Dominated (Focused)
Uranus,Safronov_Dispersion,16.50,813.42,0.0006,4.3238e+01,3.0000e+00,1.6877e+01,5.6257e+00,Dispersion-Dominated (Focused)
Uranus,Safronov_Dispersion,17.00,835.04,0.0006,4.3238e+01,3.0000e+00,1.7326e+01,5.7752e+00,Dispersion-Dominated (Focused)
Uranus,Safronov_Dispersion,17.50,856.66,0.0007,4.3238e+01,3.0000e+00,1.7774e+01,5.9248e+00,Dispersion-Dominated (Focused)
Uranus,Safronov_Dispersion,18.00,878.28,0.0007,4.3238e+01,3.0000e+00,1.8223e+01,6.0743e+00,Dispersion-Dominated (Focused)
Uranus,Safronov_Dispersion,18.50,899.90,0.0008,4.3238e+01,3.0000e+00,1.8671e+01,6.2238e+00,Dispersion-Dominated (Focused)
Uranus,Safronov_Dispersion,19.00,921.52,0.0008,4.3238e+01,3.0000e+00,1.9120e+01,6.3733e+00,Dispersion-Dominated (Focused)
Uranus,Safronov_Dispersion,19.50,943.14,0.0009,4.3238e+01,3.0000e+00,1.9569e+01,6.5228e+00,Dispersion-Dominated (Focused)
Uranus,Safronov_Dispersion,20.00,964.76,0.0009,4.3238e+01,3.0000e+00,2.0017e+01,6.6724e+00,Dispersion-Dominated (Focused)
Uranus,Safronov_Dispersion,20.50,986.37,0.0010,4.3238e+01,3.0000e+00,2.0466e+01,6.8219e+00,Dispersion-Dominated (Focused)
Uranus,Safronov_Dispersion,21.00,1007.99,0.0011,4.3238e+01,3.0000e+00,2.0914e+01,6.9714e+00,Dispersion-Dominated (Focused)
Uranus,Safronov_Dispersion,21.50,1029.61,0.0011,4.3238e+01,3.0000e+00,2.1363e+01,7.1209e+00,Dispersion-Dominated (Focused)
Uranus,Safronov_Dispersion,22.00,1051.23,0.0012,4.3238e+01,3.0000e+00,2.1811e+01,7.2704e+00,Dispersion-Dominated (Focused)
Uranus,Safronov_Dispersion,22.50,1072.85,0.0013,4.3238e+01,3.0000e+00,2.2260e+01,7.4200e+00,Dispersion-Dominated (Focused)
Uranus,Safronov_Dispersion,23.00,1094.47,0.0014,4.3238e+01,3.0000e+00,2.2708e+01,7.5695e+00,Dispersion-Dominated (Focused)
Uranus,Safronov_Dispersion,23.50,1116.09,0.0015,4.3238e+01,3.0000e+00,2.3157e+01,7.7190e+00,Dispersion-Dominated (Focused)
Uranus,Safronov_Dispersion,24.00,1137.71,0.0015,4.3238e+01,3.0000e+00,2.3606e+01,7.8685e+00,Dispersion-Dominated (Focused)
Uranus,Safronov_Dispersion,24.50,1159.32,0.0016,4.3238e+01,3.0000e+00,2.4054e+01,8.0180e+00,Dispersion-Dominated (Focused)
Uranus,Safronov_Dispersion,25.00,1180.94,0.0017,4.3238e+01,3.0000e+00,2.4503e+01,8.1675e+00,Dispersion-Dominated (Focused)
Uranus,Safronov_Dispersion,25.50,1202.56,0.0018,4.3238e+01,3.0000e+00,2.4951e+01,8.3171e+00,Dispersion-Dominated (Focused)
Uranus,Safronov_Dispersion,26.00,1224.18,0.0019,4.3238e+01,3.0000e+00,2.5400e+01,8.4666e+00,Dispersion-Dominated (Focused)
Uranus,Safronov_Dispersion,26.50,1245.80,0.0020,4.3238e+01,3.0000e+00,2.5848e+01,8.6161e+00,Dispersion-Dominated (Focused)
Uranus,Safronov_Dispersion,27.00,1267.42,0.0021,4.3238e+01,3.0000e+00,2.6297e+01,8.7656e+00,Dispersion-Dominated (Focused)
Uranus,Safronov_Dispersion,27.50,1289.04,0.0023,4.3238e+01,3.0000e+00,2.6745e+01,8.9151e+00,Dispersion-Dominated (Focused)
Uranus,Safronov_Dispersion,28.00,1310.66,0.0024,4.3238e+01,3.0000e+00,2.7194e+01,9.0647e+00,Dispersion-Dominated (Focused)
Uranus,Safronov_Dispersion,28.50,1332.28,0.0025,4.3238e+01,3.0000e+00,2.7643e+01,9.2142e+00,Dispersion-Dominated (Focused)
Uranus,Safronov_Dispersion,29.00,1353.89,0.0026,4.3238e+01,3.0000e+00,2.8091e+01,9.3637e+00,Dispersion-Dominated (Focused)
Uranus,Safronov_Dispersion,29.50,1375.51,0.0027,4.3238e+01,3.0000e+00,2.8540e+01,9.5132e+00,Dispersion-Dominated (Focused)
Uranus,Safronov_Dispersion,30.00,1397.13,0.0029,4.3238e+01,3.0000e+00,2.8988e+01,9.6627e+00,Dispersion-Dominated (Focused)
Uranus,Safronov_Dispersion,30.50,1418.75,0.0030,4.3238e+01,3.0000e+00,2.9437e+01,9.8122e+00,Dispersion-Dominated (Focused)
Uranus,Safronov_Dispersion,31.00,1440.37,0.0031,4.3238e+01,3.0000e+00,2.9885e+01,9.9618e+00,Dispersion-Dominated (Focused)
Uranus,Safronov_Dispersion,31.50,1461.99,0.0033,4.3238e+01,3.0000e+00,3.0334e+01,1.0111e+01,Dispersion-Dominated (Focused)
Uranus,Safronov_Dispersion,32.00,1483.61,0.0034,4.3238e+01,3.0000e+00,3.0782e+01,1.0261e+01,Dispersion-Dominated (Focused)
Uranus,Safronov_Dispersion,32.50,1505.23,0.0036,4.3238e+01,3.0000e+00,3.1231e+01,1.0410e+01,Dispersion-Dominated (Focused)
Uranus,Safronov_Dispersion,33.00,1526.85,0.0037,4.3238e+01,3.0000e+00,3.1680e+01,1.0560e+01,Dispersion-Dominated (Focused)
Uranus,Safronov_Dispersion,33.50,1548.46,0.0039,4.3238e+01,3.0000e+00,3.2128e+01,1.0709e+01,Dispersion-Dominated (Focused)
Uranus,Safronov_Dispersion,34.00,1570.08,0.0041,4.3238e+01,3.0000e+00,3.2577e+01,1.0859e+01,Dispersion-Dominated (Focused)
Uranus,Safronov_Dispersion,34.50,1591.70,0.0042,4.3238e+01,3.0000e+00,3.3025e+01,1.1008e+01,Dispersion-Dominated (Focused)
Uranus,Safronov_Dispersion,35.00,1613.32,0.0044,4.3238e+01,3.0000e+00,3.3474e+01,1.1158e+01,Dispersion-Dominated (Focused)
Uranus,Safronov_Dispersion,35.50,1634.94,0.0046,4.3238e+01,3.0000e+00,3.3922e+01,1.1307e+01,Dispersion-Dominated (Focused)
Uranus,Safronov_Dispersion,36.00,1656.56,0.0048,4.3238e+01,3.0000e+00,3.4371e+01,1.1457e+01,Dispersion-Dominated (Focused)
Uranus,Safronov_Dispersion,36.50,1678.18,0.0050,4.3238e+01,3.0000e+00,3.4819e+01,1.1606e+01,Dispersion-Dominated (Focused)
Uranus,Safronov_Dispersion,37.00,1699.80,0.0052,4.3238e+01,3.0000e+00,3.5268e+01,1.1756e+01,Dispersion-Dominated (Focused)
Uranus,Safronov_Dispersion,37.50,1721.42,0.0054,4.3238e+01,3.0000e+00,3.5717e+01,1.1906e+01,Dispersion-Dominated (Focused)
Uranus,Safronov_Dispersion,38.00,1743.03,0.0056,4.3238e+01,3.0000e+00,3.6165e+01,1.2055e+01,Dispersion-Dominated (Focused)
Uranus,Safronov_Dispersion,38.50,1764.65,0.0058,4.3238e+01,3.0000e+00,3.6614e+01,1.2205e+01,Dispersion-Dominated (Focused)
Uranus,Safronov_Dispersion,39.00,1786.27,0.0060,4.3238e+01,3.0000e+00,3.7062e+01,1.2354e+01,Dispersion-Dominated (Focused)
Uranus,Safronov_Dispersion,39.50,1807.89,0.0062,4.3238e+01,3.0000e+00,3.7511e+01,1.2504e+01,Dispersion-Dominated (Focused)
Uranus,Safronov_Dispersion,40.00,1829.51,0.0064,4.3238e+01,3.0000e+00,3.7959e+01,1.2653e+01,Dispersion-Dominated (Focused)
Uranus,Safronov_Dispersion,40.50,1851.13,0.0067,4.3238e+01,3.0000e+00,3.8408e+01,1.2803e+01,Dispersion-Dominated (Focused)
Uranus,Safronov_Dispersion,41.00,1872.75,0.0069,4.3238e+01,3.0000e+00,3.8856e+01,1.2952e+01,Dispersion-Dominated (Focused)
Uranus,Safronov_Dispersion,41.50,1894.37,0.0072,4.3238e+01,3.0000e+00,3.9305e+01,1.3102e+01,Dispersion-Dominated (Focused)
Uranus,Safronov_Dispersion,42.00,1915.99,0.0074,4.3238e+01,3.0000e+00,3.9754e+01,1.3251e+01,Dispersion-Dominated (Focused)
Uranus,Safronov_Dispersion,42.50,1937.60,0.0077,4.3238e+01,3.0000e+00,4.0202e+01,1.3401e+01,Dispersion-Dominated (Focused)
Uranus,Safronov_Dispersion,43.00,1959.22,0.0079,4.3238e+01,3.0000e+00,4.0651e+01,1.3550e+01,Dispersion-Dominated (Focused)
Uranus,Safronov_Dispersion,43.50,1980.84,0.0082,4.3238e+01,3.0000e+00,4.1099e+01,1.3700e+01,Dispersion-Dominated (Focused)
Uranus,Safronov_Dispersion,44.00,2002.46,0.0084,4.3238e+01,3.0000e+00,4.1548e+01,1.3849e+01,Dispersion-Dominated (Focused)
Uranus,Safronov_Dispersion,44.50,2024.08,0.0087,4.3238e+01,3.0000e+00,4.1996e+01,1.3999e+01,Dispersion-Dominated (Focused)
Uranus,Safronov_Dispersion,45.00,2045.70,0.0090,4.3238e+01,3.0000e+00,4.2445e+01,1.4148e+01,Dispersion-Dominated (Focused)
Uranus,Safronov_Dispersion,45.50,2067.32,0.0093,4.3238e+01,3.0000e+00,4.2893e+01,1.4298e+01,Dispersion-Dominated (Focused)
Uranus,Safronov_Dispersion,46.00,2088.94,0.0096,4.3238e+01,3.0000e+00,4.3342e+01,1.4447e+01,Dispersion-Dominated (Focused)
Uranus,Safronov_Dispersion,46.50,2110.56,0.0099,4.3238e+01,3.0000e+00,4.3791e+01,1.4597e+01,Dispersion-Dominated (Focused)
Uranus,Safronov_Dispersion,47.00,2132.17,0.0102,4.3238e+01,3.0000e+00,4.4239e+01,1.4746e+01,Dispersion-Dominated (Focused)
Uranus,Safronov_Dispersion,47.50,2153.79,0.0105,4.3238e+01,3.0000e+00,4.4688e+01,1.4896e+01,Dispersion-Dominated (Focused)
Uranus,Safronov_Dispersion,48.00,2175.41,0.0108,4.3238e+01,3.0000e+00,4.5136e+01,1.5045e+01,Dispersion-Dominated (Focused)
Uranus,Safronov_Dispersion,48.50,2197.03,0.0112,4.3238e+01,3.0000e+00,4.5585e+01,1.5195e+01,Dispersion-Dominated (Focused)
Uranus,Safronov_Dispersion,49.00,2218.65,0.0115,4.3238e+01,3.0000e+00,4.6033e+01,1.5344e+01,Dispersion-Dominated (Focused)
Uranus,Safronov_Dispersion,49.50,2240.27,0.0118,4.3238e+01,3.0000e+00,4.6482e+01,1.5494e+01,Dispersion-Dominated (Focused)
Uranus,Safronov_Dispersion,50.00,2261.89,0.0122,4.3238e+01,3.0000e+00,4.6930e+01,1.5643e+01,Dispersion-Dominated (Focused)
Uranus,Safronov_Dispersion,50.50,2283.51,0.0125,4.3238e+01,3.0000e+00,4.7379e+01,1.5793e+01,Dispersion-Dominated (Focused)
Uranus,Safronov_Dispersion,51.00,2305.13,0.0129,4.3238e+01,3.0000e+00,4.7828e+01,1.5943e+01,Dispersion-Dominated (Focused)
Uranus,Safronov_Dispersion,51.50,2326.74,0.0133,4.3238e+01,3.0000e+00,4.8276e+01,1.6092e+01,Dispersion-Dominated (Focused)
Uranus,Safronov_Dispersion,52.00,2348.36,0.0136,4.3238e+01,3.0000e+00,4.8725e+01,1.6242e+01,Dispersion-Dominated (Focused)
Uranus,Safronov_Dispersion,52.50,2369.98,0.0140,4.3238e+01,3.0000e+00,4.9173e+01,1.6391e+01,Dispersion-Dominated (Focused)
Uranus,Safronov_Dispersion,53.00,2391.60,0.0144,4.3238e+01,3.0000e+00,4.9622e+01,1.6541e+01,Dispersion-Dominated (Focused)
Uranus,Safronov_Dispersion,53.50,2413.22,0.0148,4.3238e+01,3.0000e+00,5.0070e+01,1.6690e+01,Dispersion-Dominated (Focused)
Uranus,Safronov_Dispersion,54.00,2434.84,0.0152,4.3238e+01,3.0000e+00,5.0519e+01,1.6840e+01,Dispersion-Dominated (Focused)
Uranus,Safronov_Dispersion,54.50,2456.46,0.0156,4.3238e+01,3.0000e+00,5.0967e+01,1.6989e+01,Dispersion-Dominated (Focused)
Uranus,Safronov_Dispersion,55.00,2478.08,0.0160,4.3238e+01,3.0000e+00,5.1416e+01,1.7139e+01,Dispersion-Dominated (Focused)
Uranus,Safronov_Dispersion,55.50,2499.70,0.0164,4.3238e+01,3.0000e+00,5.1865e+01,1.7288e+01,Dispersion-Dominated (Focused)
Uranus,Safronov_Dispersion,56.00,2521.31,0.0169,4.3238e+01,3.0000e+00,5.2313e+01,1.7438e+01,Dispersion-Dominated (Focused)
Uranus,Safronov_Dispersion,56.50,2542.93,0.0173,4.3238e+01,3.0000e+00,5.2762e+01,1.7587e+01,Dispersion-Dominated (Focused)
Uranus,Safronov_Dispersion,57.00,2564.55,0.0177,4.3238e+01,3.0000e+00,5.3210e+01,1.7737e+01,Dispersion-Dominated (Focused)
Uranus,Safronov_Dispersion,57.50,2586.17,0.0182,4.3238e+01,3.0000e+00,5.3659e+01,1.7886e+01,Dispersion-Dominated (Focused)
Uranus,Safronov_Dispersion,58.00,2607.79,0.0187,4.3238e+01,3.0000e+00,5.4107e+01,1.8036e+01,Dispersion-Dominated (Focused)
Uranus,Safronov_Dispersion,58.50,2629.41,0.0191,4.3238e+01,3.0000e+00,5.4556e+01,1.8185e+01,Dispersion-Dominated (Focused)
Uranus,Safronov_Dispersion,59.00,2651.03,0.0196,4.3238e+01,3.0000e+00,5.5004e+01,1.8335e+01,Dispersion-Dominated (Focused)
Uranus,Safronov_Dispersion,59.50,2672.65,0.0201,4.3238e+01,3.0000e+00,5.5453e+01,1.8484e+01,Dispersion-Dominated (Focused)
Uranus,Safronov_Dispersion,60.00,2694.27,0.0206,4.3238e+01,3.0000e+00,5.5902e+01,1.8634e+01,Dispersion-Dominated (Focused)
Uranus,Safronov_Dispersion,60.50,2715.88,0.0211,4.3238e+01,3.0000e+00,5.6350e+01,1.8783e+01,Dispersion-Dominated (Focused)
Uranus,Safronov_Dispersion,61.00,2737.50,0.0216,4.3238e+01,3.0000e+00,5.6799e+01,1.8933e+01,Dispersion-Dominated (Focused)
Uranus,Safronov_Dispersion,61.50,2759.12,0.0221,4.3238e+01,3.0000e+00,5.7247e+01,1.9082e+01,Dispersion-Dominated (Focused)
Uranus,Safronov_Dispersion,62.00,2780.74,0.0226,4.3238e+01,3.0000e+00,5.7696e+01,1.9232e+01,Dispersion-Dominated (Focused)
Uranus,Safronov_Dispersion,62.50,2802.36,0.0232,4.3238e+01,3.0000e+00,5.8144e+01,1.9381e+01,Dispersion-Dominated (Focused)
Uranus,Safronov_Dispersion,63.00,2823.98,0.0237,4.3238e+01,3.0000e+00,5.8593e+01,1.9531e+01,Dispersion-Dominated (Focused)
Uranus,Safronov_Dispersion,63.50,2845.60,0.0242,4.3238e+01,3.0000e+00,5.9041e+01,1.9680e+01,Dispersion-Dominated (Focused)
Uranus,Safronov_Dispersion,64.00,2867.22,0.0248,4.3238e+01,3.0000e+00,5.9490e+01,1.9830e+01,Dispersion-Dominated (Focused)
Uranus,Safronov_Dispersion,64.50,2888.84,0.0254,4.3238e+01,3.0000e+00,5.9939e+01,1.9980e+01,Dispersion-Dominated (Focused)
Uranus,Safronov_Dispersion,65.00,2910.45,0.0259,4.3238e+01,3.0000e+00,6.0387e+01,2.0129e+01,Dispersion-Dominated (Focused)
Uranus,Safronov_Dispersion,65.50,2932.07,0.0265,4.3238e+01,3.0000e+00,6.0836e+01,2.0279e+01,Dispersion-Dominated (Focused)
Uranus,Safronov_Dispersion,66.00,2953.69,0.0271,4.3238e+01,3.0000e+00,6.1284e+01,2.0428e+01,Dispersion-Dominated (Focused)
Uranus,Safronov_Dispersion,66.50,2975.31,0.0277,4.3238e+01,3.0000e+00,6.1733e+01,2.0578e+01,Dispersion-Dominated (Focused)
Uranus,Safronov_Dispersion,67.00,2996.93,0.0283,4.3238e+01,3.0000e+00,6.2181e+01,2.0727e+01,Dispersion-Dominated (Focused)
Uranus,Safronov_Dispersion,67.50,3018.55,0.0289,4.3238e+01,3.0000e+00,6.2630e+01,2.0877e+01,Dispersion-Dominated (Focused)
Uranus,Safronov_Dispersion,68.00,3040.17,0.0296,4.3238e+01,3.0000e+00,6.3078e+01,2.1026e+01,Dispersion-Dominated (Focused)
Uranus,Safronov_Dispersion,68.50,3061.79,0.0302,4.3238e+01,3.0000e+00,6.3527e+01,2.1176e+01,Dispersion-Dominated (Focused)
Uranus,Safronov_Dispersion,69.00,3083.41,0.0308,4.3238e+01,3.0000e+00,6.3976e+01,2.1325e+01,Dispersion-Dominated (Focused)
Uranus,Safronov_Dispersion,69.50,3105.02,0.0315,4.3238e+01,3.0000e+00,6.4424e+01,2.1475e+01,Dispersion-Dominated (Focused)
Uranus,Safronov_Dispersion,70.00,3126.64,0.0322,4.3238e+01,3.0000e+00,6.4873e+01,2.1624e+01,Dispersion-Dominated (Focused)
Uranus,Safronov_Dispersion,70.50,3148.26,0.0328,4.3238e+01,3.0000e+00,6.5321e+01,2.1774e+01,Dispersion-Dominated (Focused)
Uranus,Safronov_Dispersion,71.00,3169.88,0.0335,4.3238e+01,3.0000e+00,6.5770e+01,2.1923e+01,Dispersion-Dominated (Focused)
Uranus,Safronov_Dispersion,71.50,3191.50,0.0342,4.3238e+01,3.0000e+00,6.6218e+01,2.2073e+01,Dispersion-Dominated (Focused)
Uranus,Safronov_Dispersion,72.00,3213.12,0.0349,4.3238e+01,3.0000e+00,6.6667e+01,2.2222e+01,Dispersion-Dominated (Focused)
Uranus,Safronov_Dispersion,72.50,3234.74,0.0356,4.3238e+01,3.0000e+00,6.7115e+01,2.2372e+01,Dispersion-Dominated (Focused)
Uranus,Safronov_Dispersion,73.00,3256.36,0.0363,4.3238e+01,3.0000e+00,6.7564e+01,2.2521e+01,Dispersion-Dominated (Focused)
Uranus,Safronov_Dispersion,73.50,3277.97,0.0371,4.3238e+01,3.0000e+00,6.8013e+01,2.2671e+01,Dispersion-Dominated (Focused)
Uranus,Safronov_Dispersion,74.00,3299.59,0.0378,4.3238e+01,3.0000e+00,6.8461e+01,2.2820e+01,Dispersion-Dominated (Focused)
Uranus,Safronov_Dispersion,74.50,3321.21,0.0385,4.3238e+01,3.0000e+00,6.8910e+01,2.2970e+01,Dispersion-Dominated (Focused)
Uranus,Safronov_Dispersion,75.00,3342.83,0.0393,4.3238e+01,3.0000e+00,6.9358e+01,2.3119e+01,Dispersion-Dominated (Focused)
Uranus,Safronov_Dispersion,75.50,3364.45,0.0401,4.3238e+01,3.0000e+00,6.9807e+01,2.3269e+01,Dispersion-Dominated (Focused)
Uranus,Safronov_Dispersion,76.00,3386.07,0.0408,4.3238e+01,3.0000e+00,7.0255e+01,2.3418e+01,Dispersion-Dominated (Focused)
Uranus,Safronov_Dispersion,76.50,3407.69,0.0416,4.3238e+01,3.0000e+00,7.0704e+01,2.3568e+01,Dispersion-Dominated (Focused)
Uranus,Safronov_Dispersion,77.00,3429.31,0.0424,4.3238e+01,3.0000e+00,7.1152e+01,2.3717e+01,Dispersion-Dominated (Focused)
Uranus,Safronov_Dispersion,77.50,3450.93,0.0432,4.3238e+01,3.0000e+00,7.1601e+01,2.3867e+01,Dispersion-Dominated (Focused)
Uranus,Safronov_Dispersion,78.00,3472.54,0.0441,4.3238e+01,3.0000e+00,7.2050e+01,2.4017e+01,Dispersion-Dominated (Focused)
Uranus,Safronov_Dispersion,78.50,3494.16,0.0449,4.3238e+01,3.0000e+00,7.2498e+01,2.4166e+01,Dispersion-Dominated (Focused)
Uranus,Safronov_Dispersion,79.00,3515.78,0.0457,4.3238e+01,3.0000e+00,7.2947e+01,2.4316e+01,Dispersion-Dominated (Focused)
Uranus,Safronov_Dispersion,79.50,3537.40,0.0466,4.3238e+01,3.0000e+00,7.3395e+01,2.4465e+01,Dispersion-Dominated (Focused)
Uranus,Safronov_Dispersion,80.00,3559.02,0.0474,4.3238e+01,3.0000e+00,7.3844e+01,2.4615e+01,Dispersion-Dominated (Focused)
Uranus,Safronov_Dispersion,80.50,3580.64,0.0483,4.3238e+01,3.0000e+00,7.4292e+01,2.4764e+01,Dispersion-Dominated (Focused)
Uranus,Safronov_Dispersion,81.00,3602.26,0.0492,4.3238e+01,3.0000e+00,7.4741e+01,2.4914e+01,Dispersion-Dominated (Focused)
Uranus,Safronov_Dispersion,81.50,3623.88,0.0501,4.3238e+01,3.0000e+00,7.5189e+01,2.5063e+01,Dispersion-Dominated (Focused)
Uranus,Safronov_Dispersion,82.00,3645.50,0.0510,4.3238e+01,3.0000e+00,7.5638e+01,2.5213e+01,Dispersion-Dominated (Focused)
Uranus,Safronov_Dispersion,82.50,3667.11,0.0519,4.3238e+01,3.0000e+00,7.6087e+01,2.5362e+01,Dispersion-Dominated (Focused)
Uranus,Safronov_Dispersion,83.00,3688.73,0.0528,4.3238e+01,3.0000e+00,7.6535e+01,2.5512e+01,Dispersion-Dominated (Focused)
Uranus,Safronov_Dispersion,83.50,3710.35,0.0537,4.3238e+01,3.0000e+00,7.6984e+01,2.5661e+01,Dispersion-Dominated (Focused)
Uranus,Safronov_Dispersion,84.00,3731.97,0.0547,4.3238e+01,3.0000e+00,7.7432e+01,2.5811e+01,Dispersion-Dominated (Focused)
Uranus,Safronov_Dispersion,84.50,3753.59,0.0556,4.3238e+01,3.0000e+00,7.7881e+01,2.5960e+01,Dispersion-Dominated (Focused)
Uranus,Safronov_Dispersion,85.00,3775.21,0.0566,4.3238e+01,3.0000e+00,7.8329e+01,2.6110e+01,Dispersion-Dominated (Focused)
Uranus,Safronov_Dispersion,85.50,3796.83,0.0576,4.3238e+01,3.0000e+00,7.8778e+01,2.6259e+01,Dispersion-Dominated (Focused)
Uranus,Safronov_Dispersion,86.00,3818.45,0.0586,4.3238e+01,3.0000e+00,7.9226e+01,2.6409e+01,Dispersion-Dominated (Focused)
Uranus,Safronov_Dispersion,86.50,3840.07,0.0596,4.3238e+01,3.0000e+00,7.9675e+01,2.6558e+01,Dispersion-Dominated (Focused)
Uranus,Safronov_Dispersion,87.00,3861.68,0.0606,4.3238e+01,3.0000e+00,8.0124e+01,2.6708e+01,Dispersion-Dominated (Focused)
Uranus,Safronov_Dispersion,87.50,3883.30,0.0616,4.3238e+01,3.0000e+00,8.0572e+01,2.6857e+01,Dispersion-Dominated (Focused)
Uranus,Safronov_Dispersion,88.00,3904.92,0.0626,4.3238e+01,3.0000e+00,8.1021e+01,2.7007e+01,Dispersion-Dominated (Focused)
Uranus,Safronov_Dispersion,88.50,3926.54,0.0637,4.3238e+01,3.0000e+00,8.1469e+01,2.7156e+01,Dispersion-Dominated (Focused)
Uranus,Safronov_Dispersion,89.00,3948.16,0.0647,4.3238e+01,3.0000e+00,8.1918e+01,2.7306e+01,Dispersion-Dominated (Focused)
Uranus,Safronov_Dispersion,89.50,3969.78,0.0658,4.3238e+01,3.0000e+00,8.2366e+01,2.7455e+01,Dispersion-Dominated (Focused)
Uranus,Safronov_Dispersion,90.00,3991.40,0.0669,4.3238e+01,3.0000e+00,8.2815e+01,2.7605e+01,Dispersion-Dominated (Focused)
Uranus,Safronov_Dispersion,90.50,4013.02,0.0680,4.3238e+01,3.0000e+00,8.3263e+01,2.7754e+01,Dispersion-Dominated (Focused)
Uranus,Safronov_Dispersion,91.00,4034.64,0.0691,4.3238e+01,3.0000e+00,8.3712e+01,2.7904e+01,Dispersion-Dominated (Focused)
Uranus,Safronov_Dispersion,91.50,4056.25,0.0702,4.3238e+01,3.0000e+00,8.4161e+01,2.8054e+01,Dispersion-Dominated (Focused)
Uranus,Safronov_Dispersion,92.00,4077.87,0.0713,4.3238e+01,3.0000e+00,8.4609e+01,2.8203e+01,Dispersion-Dominated (Focused)
Uranus,Safronov_Dispersion,92.50,4099.49,0.0725,4.3238e+01,3.0000e+00,8.5058e+01,2.8353e+01,Dispersion-Dominated (Focused)
Uranus,Safronov_Dispersion,93.00,4121.11,0.0736,4.3238e+01,3.0000e+00,8.5506e+01,2.8502e+01,Dispersion-Dominated (Focused)
Uranus,Safronov_Dispersion,93.50,4142.73,0.0748,4.3238e+01,3.0000e+00,8.5955e+01,2.8652e+01,Dispersion-Dominated (Focused)
Uranus,Safronov_Dispersion,94.00,4164.35,0.0760,4.3238e+01,3.0000e+00,8.6403e+01,2.8801e+01,Dispersion-Dominated (Focused)
Uranus,Safronov_Dispersion,94.50,4185.97,0.0772,4.3238e+01,3.0000e+00,8.6852e+01,2.8951e+01,Dispersion-Dominated (Focused)
Uranus,Safronov_Dispersion,95.00,4207.59,0.0784,4.3238e+01,3.0000e+00,8.7300e+01,2.9100e+01,Dispersion-Dominated (Focused)
Uranus,Safronov_Dispersion,95.50,4229.21,0.0796,4.3238e+01,3.0000e+00,8.7749e+01,2.9250e+01,Dispersion-Dominated (Focused)
Uranus,Safronov_Dispersion,96.00,4250.82,0.0808,4.3238e+01,3.0000e+00,8.8198e+01,2.9399e+01,Dispersion-Dominated (Focused)
Uranus,Safronov_Dispersion,96.50,4272.44,0.0820,4.3238e+01,3.0000e+00,8.8646e+01,2.9549e+01,Dispersion-Dominated (Focused)
Uranus,Safronov_Dispersion,97.00,4294.06,0.0833,4.3238e+01,3.0000e+00,8.9095e+01,2.9698e+01,Dispersion-Dominated (Focused)
Uranus,Safronov_Dispersion,97.50,4315.68,0.0846,4.3238e+01,3.0000e+00,8.9543e+01,2.9848e+01,Dispersion-Dominated (Focused)
Uranus,Safronov_Dispersion,98.00,4337.30,0.0858,4.3238e+01,3.0000e+00,8.9992e+01,2.9997e+01,Dispersion-Dominated (Focused)
Uranus,Safronov_Dispersion,98.50,4358.92,0.0871,4.3238e+01,3.0000e+00,9.0440e+01,3.0147e+01,Dispersion-Dominated (Focused)
Uranus,Safronov_Dispersion,99.00,4380.54,0.0884,4.3238e+01,3.0000e+00,9.0889e+01,3.0296e+01,Dispersion-Dominated (Focused)
Uranus,Safronov_Dispersion,99.50,4402.16,0.0898,4.3238e+01,3.0000e+00,9.1337e+01,3.0446e+01,Dispersion-Dominated (Focused)
Uranus,Safronov_Dispersion,100.00,4423.78,0.0911,4.3238e+01,3.0000e+00,9.1786e+01,3.0595e+01,Dispersion-Dominated (Focused)
Uranus,Safronov_Dispersion,100.50,4445.39,0.0924,4.3238e+01,3.0000e+00,9.2235e+01,3.0745e+01,Dispersion-Dominated (Focused)
Uranus,Safronov_Dispersion,101.00,4467.01,0.0938,4.3238e+01,3.0000e+00,9.2683e+01,3.0894e+01,Dispersion-Dominated (Focused)
Uranus,Safronov_Dispersion,101.50,4488.63,0.0951,4.3238e+01,3.0000e+00,9.3132e+01,3.1044e+01,Dispersion-Dominated (Focused)
Uranus,Safronov_Dispersion,102.00,4510.25,0.0965,4.3238e+01,3.0000e+00,9.3580e+01,3.1193e+01,Dispersion-Dominated (Focused)
Uranus,Safronov_Dispersion,102.50,4531.87,0.0979,4.3238e+01,3.0000e+00,9.4029e+01,3.1343e+01,Dispersion-Dominated (Focused)
Uranus,Safronov_Dispersion,103.00,4553.49,0.0993,4.3238e+01,3.0000e+00,9.4477e+01,3.1492e+01,Dispersion-Dominated (Focused)
Uranus,Safronov_Dispersion,103.50,4575.11,0.1008,4.3238e+01,3.0000e+00,9.4926e+01,3.1642e+01,Dispersion-Dominated (Focused)
Uranus,Safronov_Dispersion,104.00,4596.73,0.1022,4.3238e+01,3.0000e+00,9.5374e+01,3.1791e+01,Dispersion-Dominated (Focused)
Uranus,Safronov_Dispersion,104.50,4618.35,0.1036,4.3238e+01,3.0000e+00,9.5823e+01,3.1941e+01,Dispersion-Dominated (Focused)
Uranus,Safronov_Dispersion,105.00,4639.96,0.1051,4.3238e+01,3.0000e+00,9.6272e+01,3.2091e+01,Dispersion-Dominated (Focused)
Uranus,Safronov_Dispersion,105.50,4661.58,0.1066,4.3238e+01,3.0000e+00,9.6720e+01,3.2240e+01,Dispersion-Dominated (Focused)
Uranus,Safronov_Dispersion,106.00,4683.20,0.1081,4.3238e+01,3.0000e+00,9.7169e+01,3.2390e+01,Dispersion-Dominated (Focused)
Uranus,Safronov_Dispersion,106.50,4704.82,0.1096,4.3238e+01,3.0000e+00,9.7617e+01,3.2539e+01,Dispersion-Dominated (Focused)
Uranus,Safronov_Dispersion,107.00,4726.44,0.1111,4.3238e+01,3.0000e+00,9.8066e+01,3.2689e+01,Dispersion-Dominated (Focused)
Uranus,Safronov_Dispersion,107.50,4748.06,0.1126,4.3238e+01,3.0000e+00,9.8514e+01,3.2838e+01,Dispersion-Dominated (Focused)
Uranus,Safronov_Dispersion,108.00,4769.68,0.1142,4.3238e+01,3.0000e+00,9.8963e+01,3.2988e+01,Dispersion-Dominated (Focused)
Uranus,Safronov_Dispersion,108.50,4791.30,0.1157,4.3238e+01,3.0000e+00,9.9411e+01,3.3137e+01,Dispersion-Dominated (Focused)
Uranus,Safronov_Dispersion,109.00,4812.92,0.1173,4.3238e+01,3.0000e+00,9.9860e+01,3.3287e+01,Dispersion-Dominated (Focused)
Uranus,Safronov_Dispersion,109.50,4834.53,0.1189,4.3238e+01,3.0000e+00,1.0031e+02,3.3436e+01,Dispersion-Dominated (Focused)
Uranus,Safronov_Dispersion,110.00,4856.15,0.1205,4.3238e+01,3.0000e+00,1.0076e+02,3.3586e+01,Dispersion-Dominated (Focused)
Uranus,Safronov_Dispersion,110.50,4877.77,0.1221,4.3238e+01,3.0000e+00,1.0121e+02,3.3735e+01,Dispersion-Dominated (Focused)
Uranus,Safronov_Dispersion,111.00,4899.39,0.1237,4.3238e+01,3.0000e+00,1.0165e+02,3.3885e+01,Dispersion-Dominated (Focused)
Uranus,Safronov_Dispersion,111.50,4921.01,0.1254,4.3238e+01,3.0000e+00,1.0210e+02,3.4034e+01,Dispersion-Dominated (Focused)
Uranus,Safronov_Dispersion,112.00,4942.63,0.1270,4.3238e+01,3.0000e+00,1.0255e+02,3.4184e+01,Dispersion-Dominated (Focused)
Uranus,Safronov_Dispersion,112.50,4964.25,0.1287,4.3238e+01,3.0000e+00,1.0300e+02,3.4333e+01,Dispersion-Dominated (Focused)
Uranus,Safronov_Dispersion,113.00,4985.87,0.1304,4.3238e+01,3.0000e+00,1.0345e+02,3.4483e+01,Dispersion-Dominated (Focused)
Uranus,Safronov_Dispersion,113.50,5007.49,0.1321,4.3238e+01,3.0000e+00,1.0390e+02,3.4632e+01,Dispersion-Dominated (Focused)
Uranus,Safronov_Dispersion,114.00,5029.10,0.1338,4.3238e+01,3.0000e+00,1.0435e+02,3.4782e+01,Dispersion-Dominated (Focused)
Uranus,Safronov_Dispersion,114.50,5050.72,0.1356,4.3238e+01,3.0000e+00,1.0479e+02,3.4931e+01,Dispersion-Dominated (Focused)
Uranus,Safronov_Dispersion,115.00,5072.34,0.1373,4.3238e+01,3.0000e+00,1.0524e+02,3.5081e+01,Dispersion-Dominated (Focused)
Uranus,Safronov_Dispersion,115.50,5093.96,0.1391,4.3238e+01,3.0000e+00,1.0569e+02,3.5230e+01,Dispersion-Dominated (Focused)
Uranus,Safronov_Dispersion,116.00,5115.58,0.1408,4.3238e+01,3.0000e+00,1.0614e+02,3.5380e+01,Dispersion-Dominated (Focused)
Uranus,Safronov_Dispersion,116.50,5137.20,0.1426,4.3238e+01,3.0000e+00,1.0659e+02,3.5529e+01,Dispersion-Dominated (Focused)
Uranus,Safronov_Dispersion,117.00,5158.82,0.1444,4.3238e+01,3.0000e+00,1.0704e+02,3.5679e+01,Dispersion-Dominated (Focused)
Uranus,Safronov_Dispersion,117.50,5180.44,0.1463,4.3238e+01,3.0000e+00,1.0749e+02,3.5828e+01,Dispersion-Dominated (Focused)
Uranus,Safronov_Dispersion,118.00,5202.05,0.1481,4.3238e+01,3.0000e+00,1.0793e+02,3.5978e+01,Dispersion-Dominated (Focused)
Uranus,Safronov_Dispersion,118.50,5223.67,0.1500,4.3238e+01,3.0000e+00,1.0838e+02,3.6128e+01,Dispersion-Dominated (Focused)
Uranus,Safronov_Dispersion,119.00,5245.29,0.1518,4.3238e+01,3.0000e+00,1.0883e+02,3.6277e+01,Dispersion-Dominated (Focused)
Uranus,Safronov_Dispersion,119.50,5266.91,0.1537,4.3238e+01,3.0000e+00,1.0928e+02,3.6427e+01,Dispersion-Dominated (Focused)
Uranus,Safronov_Dispersion,120.00,5288.53,0.1556,4.3238e+01,3.0000e+00,1.0973e+02,3.6576e+01,Dispersion-Dominated (Focused)
Uranus,Safronov_Dispersion,120.50,5310.15,0.1575,4.3238e+01,3.0000e+00,1.1018e+02,3.6726e+01,Dispersion-Dominated (Focused)
Uranus,Safronov_Dispersion,121.00,5331.77,0.1595,4.3238e+01,3.0000e+00,1.1063e+02,3.6875e+01,Dispersion-Dominated (Focused)
Uranus,Safronov_Dispersion,121.50,5353.39,0.1614,4.3238e+01,3.0000e+00,1.1107e+02,3.7025e+01,Dispersion-Dominated (Focused)
Uranus,Safronov_Dispersion,122.00,5375.01,0.1634,4.3238e+01,3.0000e+00,1.1152e+02,3.7174e+01,Dispersion-Dominated (Focused)
Uranus,Safronov_Dispersion,122.50,5396.62,0.1654,4.3238e+01,3.0000e+00,1.1197e+02,3.7324e+01,Dispersion-Dominated (Focused)
Uranus,Safronov_Dispersion,123.00,5418.24,0.1673,4.3238e+01,3.0000e+00,1.1242e+02,3.7473e+01,Dispersion-Dominated (Focused)
Uranus,Safronov_Dispersion,123.50,5439.86,0.1694,4.3238e+01,3.0000e+00,1.1287e+02,3.7623e+01,Dispersion-Dominated (Focused)
Uranus,Safronov_Dispersion,124.00,5461.48,0.1714,4.3238e+01,3.0000e+00,1.1332e+02,3.7772e+01,Dispersion-Dominated (Focused)
Uranus,Safronov_Dispersion,124.50,5483.10,0.1734,4.3238e+01,3.0000e+00,1.1377e+02,3.7922e+01,Dispersion-Dominated (Focused)
Uranus,Safronov_Dispersion,125.00,5504.72,0.1755,4.3238e+01,3.0000e+00,1.1421e+02,3.8071e+01,Dispersion-Dominated (Focused)
Uranus,Safronov_Dispersion,125.50,5526.34,0.1776,4.3238e+01,3.0000e+00,1.1466e+02,3.8221e+01,Dispersion-Dominated (Focused)
Uranus,Safronov_Dispersion,126.00,5547.96,0.1797,4.3238e+01,3.0000e+00,1.1511e+02,3.8370e+01,Dispersion-Dominated (Focused)
Uranus,Safronov_Dispersion,126.50,5569.58,0.1818,4.3238e+01,3.0000e+00,1.1556e+02,3.8520e+01,Dispersion-Dominated (Focused)
Uranus,Safronov_Dispersion,127.00,5591.19,0.1839,4.3238e+01,3.0000e+00,1.1601e+02,3.8669e+01,Dispersion-Dominated (Focused)
Uranus,Safronov_Dispersion,127.50,5612.81,0.1860,4.3238e+01,3.0000e+00,1.1646e+02,3.8819e+01,Dispersion-Dominated (Focused)
Uranus,Safronov_Dispersion,128.00,5634.43,0.1882,4.3238e+01,3.0000e+00,1.1691e+02,3.8968e+01,Dispersion-Dominated (Focused)
Uranus,Safronov_Dispersion,128.50,5656.05,0.1904,4.3238e+01,3.0000e+00,1.1735e+02,3.9118e+01,Dispersion-Dominated (Focused)
Uranus,Safronov_Dispersion,129.00,5677.67,0.1926,4.3238e+01,3.0000e+00,1.1780e+02,3.9267e+01,Dispersion-Dominated (Focused)
Uranus,Safronov_Dispersion,129.50,5699.29,0.1948,4.3238e+01,3.0000e+00,1.1825e+02,3.9417e+01,Dispersion-Dominated (Focused)
Uranus,Safronov_Dispersion,130.00,5720.91,0.1970,4.3238e+01,3.0000e+00,1.1870e+02,3.9566e+01,Dispersion-Dominated (Focused)
Uranus,Safronov_Dispersion,130.50,5742.53,0.1992,4.3238e+01,3.0000e+00,1.1915e+02,3.9716e+01,Dispersion-Dominated (Focused)
Uranus,Safronov_Dispersion,131.00,5764.15,0.2015,4.3238e+01,3.0000e+00,1.1960e+02,3.9865e+01,Dispersion-Dominated (Focused)
Uranus,Safronov_Dispersion,131.50,5785.76,0.2038,4.3238e+01,3.0000e+00,1.2005e+02,4.0015e+01,Dispersion-Dominated (Focused)
Uranus,Safronov_Dispersion,132.00,5807.38,0.2061,4.3238e+01,3.0000e+00,1.2049e+02,4.0165e+01,Dispersion-Dominated (Focused)
Uranus,Safronov_Dispersion,132.50,5829.00,0.2084,4.3238e+01,3.0000e+00,1.2094e+02,4.0314e+01,Dispersion-Dominated (Focused)
Uranus,Safronov_Dispersion,133.00,5850.62,0.2107,4.3238e+01,3.0000e+00,1.2139e+02,4.0464e+01,Dispersion-Dominated (Focused)
Uranus,Safronov_Dispersion,133.50,5872.24,0.2130,4.3238e+01,3.0000e+00,1.2184e+02,4.0613e+01,Dispersion-Dominated (Focused)
Uranus,Safronov_Dispersion,134.00,5893.86,0.2154,4.3238e+01,3.0000e+00,1.2229e+02,4.0763e+01,Dispersion-Dominated (Focused)
Uranus,Safronov_Dispersion,134.50,5915.48,0.2178,4.3238e+01,3.0000e+00,1.2274e+02,4.0912e+01,Dispersion-Dominated (Focused)
Uranus,Safronov_Dispersion,135.00,5937.10,0.2202,4.3238e+01,3.0000e+00,1.2318e+02,4.1062e+01,Dispersion-Dominated (Focused)
Uranus,Safronov_Dispersion,135.50,5958.72,0.2226,4.3238e+01,3.0000e+00,1.2363e+02,4.1211e+01,Dispersion-Dominated (Focused)
Uranus,Safronov_Dispersion,136.00,5980.33,0.2250,4.3238e+01,3.0000e+00,1.2408e+02,4.1361e+01,Dispersion-Dominated (Focused)
Uranus,Safronov_Dispersion,136.50,6001.95,0.2275,4.3238e+01,3.0000e+00,1.2453e+02,4.1510e+01,Dispersion-Dominated (Focused)
Uranus,Safronov_Dispersion,137.00,6023.57,0.2299,4.3238e+01,3.0000e+00,1.2498e+02,4.1660e+01,Dispersion-Dominated (Focused)
Uranus,Safronov_Dispersion,137.50,6045.19,0.2324,4.3238e+01,3.0000e+00,1.2543e+02,4.1809e+01,Dispersion-Dominated (Focused)
Uranus,Safronov_Dispersion,138.00,6066.81,0.2349,4.3238e+01,3.0000e+00,1.2588e+02,4.1959e+01,Dispersion-Dominated (Focused)
Uranus,Safronov_Dispersion,138.50,6088.43,0.2374,4.3238e+01,3.0000e+00,1.2632e+02,4.2108e+01,Dispersion-Dominated (Focused)
Uranus,Safronov_Dispersion,139.00,6110.05,0.2400,4.3238e+01,3.0000e+00,1.2677e+02,4.2258e+01,Dispersion-Dominated (Focused)
Uranus,Safronov_Dispersion,139.50,6131.67,0.2425,4.3238e+01,3.0000e+00,1.2722e+02,4.2407e+01,Dispersion-Dominated (Focused)
Uranus,Safronov_Dispersion,140.00,6153.29,0.2451,4.3238e+01,3.0000e+00,1.2767e+02,4.2557e+01,Dispersion-Dominated (Focused)
Uranus,Safronov_Dispersion,140.50,6174.90,0.2477,4.3238e+01,3.0000e+00,1.2812e+02,4.2706e+01,Dispersion-Dominated (Focused)
Uranus,Safronov_Dispersion,141.00,6196.52,0.2503,4.3238e+01,3.0000e+00,1.2857e+02,4.2856e+01,Dispersion-Dominated (Focused)
Uranus,Safronov_Dispersion,141.50,6218.14,0.2529,4.3238e+01,3.0000e+00,1.2902e+02,4.3005e+01,Dispersion-Dominated (Focused)
Uranus,Safronov_Dispersion,142.00,6239.76,0.2556,4.3238e+01,3.0000e+00,1.2946e+02,4.3155e+01,Dispersion-Dominated (Focused)
Uranus,Safronov_Dispersion,142.50,6261.38,0.2583,4.3238e+01,3.0000e+00,1.2991e+02,4.3304e+01,Dispersion-Dominated (Focused)
Uranus,Safronov_Dispersion,143.00,6283.00,0.2609,4.3238e+01,3.0000e+00,1.3036e+02,4.3454e+01,Dispersion-Dominated (Focused)
Uranus,Safronov_Dispersion,143.50,6304.62,0.2636,4.3238e+01,3.0000e+00,1.3081e+02,4.3603e+01,Dispersion-Dominated (Focused)
Uranus,Safronov_Dispersion,144.00,6326.24,0.2664,4.3238e+01,3.0000e+00,1.3126e+02,4.3753e+01,Dispersion-Dominated (Focused)
Uranus,Safronov_Dispersion,144.50,6347.86,0.2691,4.3238e+01,3.0000e+00,1.3171e+02,4.3903e+01,Dispersion-Dominated (Focused)
Uranus,Safronov_Dispersion,145.00,6369.47,0.2719,4.3238e+01,3.0000e+00,1.3216e+02,4.4052e+01,Dispersion-Dominated (Focused)
Uranus,Safronov_Dispersion,145.50,6391.09,0.2746,4.3238e+01,3.0000e+00,1.3260e+02,4.4202e+01,Dispersion-Dominated (Focused)
Uranus,Safronov_Dispersion,146.00,6412.71,0.2774,4.3238e+01,3.0000e+00,1.3305e+02,4.4351e+01,Dispersion-Dominated (Focused)
Uranus,Safronov_Dispersion,146.50,6434.33,0.2803,4.3238e+01,3.0000e+00,1.3350e+02,4.4501e+01,Dispersion-Dominated (Focused)
Uranus,Safronov_Dispersion,147.00,6455.95,0.2831,4.3238e+01,3.0000e+00,1.3395e+02,4.4650e+01,Dispersion-Dominated (Focused)
Uranus,Safronov_Dispersion,147.50,6477.57,0.2859,4.3238e+01,3.0000e+00,1.3440e+02,4.4800e+01,Dispersion-Dominated (Focused)
Uranus,Safronov_Dispersion,148.00,6499.19,0.2888,4.3238e+01,3.0000e+00,1.3485e+02,4.4949e+01,Dispersion-Dominated (Focused)
Uranus,Safronov_Dispersion,148.50,6520.81,0.2917,4.3238e+01,3.0000e+00,1.3530e+02,4.5099e+01,Dispersion-Dominated (Focused)
Uranus,Safronov_Dispersion,149.00,6542.43,0.2946,4.3238e+01,3.0000e+00,1.3574e+02,4.5248e+01,Dispersion-Dominated (Focused)
Uranus,Safronov_Dispersion,149.50,6564.04,0.2976,4.3238e+01,3.0000e+00,1.3619e+02,4.5398e+01,Dispersion-Dominated (Focused)
Uranus,Safronov_Dispersion,150.00,6585.66,0.3005,4.3238e+01,3.0000e+00,1.3664e+02,4.5547e+01,Dispersion-Dominated (Focused)
Uranus,Safronov_Dispersion,150.50,6607.28,0.3035,4.3238e+01,3.0000e+00,1.3709e+02,4.5697e+01,Dispersion-Dominated (Focused)
Uranus,Safronov_Dispersion,151.00,6628.90,0.3065,4.3238e+01,3.0000e+00,1.3754e+02,4.5846e+01,Dispersion-Dominated (Focused)
Uranus,Safronov_Dispersion,151.50,6650.52,0.3095,4.3238e+01,3.0000e+00,1.3799e+02,4.5996e+01,Dispersion-Dominated (Focused)
Uranus,Safronov_Dispersion,152.00,6672.14,0.3125,4.3238e+01,3.0000e+00,1.3844e+02,4.6145e+01,Dispersion-Dominated (Focused)
Uranus,Safronov_Dispersion,152.50,6693.76,0.3155,4.3238e+01,3.0000e+00,1.3888e+02,4.6295e+01,Dispersion-Dominated (Focused)
Uranus,Safronov_Dispersion,153.00,6715.38,0.3186,4.3238e+01,3.0000e+00,1.3933e+02,4.6444e+01,Dispersion-Dominated (Focused)
Uranus,Safronov_Dispersion,153.50,6737.00,0.3217,4.3238e+01,3.0000e+00,1.3978e+02,4.6594e+01,Dispersion-Dominated (Focused)
Uranus,Safronov_Dispersion,154.00,6758.61,0.3248,4.3238e+01,3.0000e+00,1.4023e+02,4.6743e+01,Dispersion-Dominated (Focused)
Uranus,Safronov_Dispersion,154.50,6780.23,0.3279,4.3238e+01,3.0000e+00,1.4068e+02,4.6893e+01,Dispersion-Dominated (Focused)
Uranus,Safronov_Dispersion,155.00,6801.85,0.3311,4.3238e+01,3.0000e+00,1.4113e+02,4.7042e+01,Dispersion-Dominated (Focused)
Uranus,Safronov_Dispersion,155.50,6823.47,0.3342,4.3238e+01,3.0000e+00,1.4158e+02,4.7192e+01,Dispersion-Dominated (Focused)
Uranus,Safronov_Dispersion,156.00,6845.09,0.3374,4.3238e+01,3.0000e+00,1.4202e+02,4.7341e+01,Dispersion-Dominated (Focused)
Uranus,Safronov_Dispersion,156.50,6866.71,0.3406,4.3238e+01,3.0000e+00,1.4247e+02,4.7491e+01,Dispersion-Dominated (Focused)
Uranus,Safronov_Dispersion,157.00,6888.33,0.3439,4.3238e+01,3.0000e+00,1.4292e+02,4.7640e+01,Dispersion-Dominated (Focused)
Uranus,Safronov_Dispersion,157.50,6909.95,0.3471,4.3238e+01,3.0000e+00,1.4337e+02,4.7790e+01,Dispersion-Dominated (Focused)
Uranus,Safronov_Dispersion,158.00,6931.57,0.3504,4.3238e+01,3.0000e+00,1.4382e+02,4.7940e+01,Dispersion-Dominated (Focused)
Uranus,Safronov_Dispersion,158.50,6953.18,0.3537,4.3238e+01,3.0000e+00,1.4427e+02,4.8089e+01,Dispersion-Dominated (Focused)
Uranus,Safronov_Dispersion,159.00,6974.80,0.3570,4.3238e+01,3.0000e+00,1.4472e+02,4.8239e+01,Dispersion-Dominated (Focused)
Uranus,Safronov_Dispersion,159.50,6996.42,0.3603,4.3238e+01,3.0000e+00,1.4516e+02,4.8388e+01,Dispersion-Dominated (Focused)
Uranus,Safronov_Dispersion,160.00,7018.04,0.3637,4.3238e+01,3.0000e+00,1.4561e+02,4.8538e+01,Dispersion-Dominated (Focused)
Uranus,Safronov_Dispersion,160.50,7039.66,0.3670,4.3238e+01,3.0000e+00,1.4606e+02,4.8687e+01,Dispersion-Dominated (Focused)
Uranus,Safronov_Dispersion,161.00,7061.28,0.3704,4.3238e+01,3.0000e+00,1.4651e+02,4.8837e+01,Dispersion-Dominated (Focused)
Uranus,Safronov_Dispersion,161.50,7082.90,0.3738,4.3238e+01,3.0000e+00,1.4696e+02,4.8986e+01,Dispersion-Dominated (Focused)
Uranus,Safronov_Dispersion,162.00,7104.52,0.3773,4.3238e+01,3.0000e+00,1.4741e+02,4.9136e+01,Dispersion-Dominated (Focused)
Uranus,Safronov_Dispersion,162.50,7126.14,0.3807,4.3238e+01,3.0000e+00,1.4786e+02,4.9285e+01,Dispersion-Dominated (Focused)
Uranus,Safronov_Dispersion,163.00,7147.75,0.3842,4.3238e+01,3.0000e+00,1.4830e+02,4.9435e+01,Dispersion-Dominated (Focused)
Uranus,Safronov_Dispersion,163.50,7169.37,0.3877,4.3238e+01,3.0000e+00,1.4875e+02,4.9584e+01,Dispersion-Dominated (Focused)
Uranus,Safronov_Dispersion,164.00,7190.99,0.3912,4.3238e+01,3.0000e+00,1.4920e+02,4.9734e+01,Dispersion-Dominated (Focused)
Uranus,Safronov_Dispersion,164.50,7212.61,0.3948,4.3238e+01,3.0000e+00,1.4965e+02,4.9883e+01,Dispersion-Dominated (Focused)
Uranus,Safronov_Dispersion,165.00,7234.23,0.3983,4.3238e+01,3.0000e+00,1.5010e+02,5.0033e+01,Dispersion-Dominated (Focused)
Uranus,Safronov_Dispersion,165.50,7255.85,0.4019,4.3238e+01,3.0000e+00,1.5055e+02,5.0182e+01,Dispersion-Dominated (Focused)
Uranus,Safronov_Dispersion,166.00,7277.47,0.4055,4.3238e+01,3.0000e+00,1.5100e+02,5.0332e+01,Dispersion-Dominated (Focused)
Uranus,Safronov_Dispersion,166.50,7299.09,0.4091,4.3238e+01,3.0000e+00,1.5144e+02,5.0481e+01,Dispersion-Dominated (Focused)
Uranus,Safronov_Dispersion,167.00,7320.70,0.4128,4.3238e+01,3.0000e+00,1.5189e+02,5.0631e+01,Dispersion-Dominated (Focused)
Uranus,Safronov_Dispersion,167.50,7342.32,0.4164,4.3238e+01,3.0000e+00,1.5234e+02,5.0780e+01,Dispersion-Dominated (Focused)
Uranus,Safronov_Dispersion,168.00,7363.94,0.4201,4.3238e+01,3.0000e+00,1.5279e+02,5.0930e+01,Dispersion-Dominated (Focused)
Uranus,Safronov_Dispersion,168.50,7385.56,0.4238,4.3238e+01,3.0000e+00,1.5324e+02,5.1079e+01,Dispersion-Dominated (Focused)
Uranus,Safronov_Dispersion,169.00,7407.18,0.4276,4.3238e+01,3.0000e+00,1.5369e+02,5.1229e+01,Dispersion-Dominated (Focused)
Uranus,Safronov_Dispersion,169.50,7428.80,0.4313,4.3238e+01,3.0000e+00,1.5414e+02,5.1378e+01,Dispersion-Dominated (Focused)
Uranus,Safronov_Dispersion,170.00,7450.42,0.4351,4.3238e+01,3.0000e+00,1.5458e+02,5.1528e+01,Dispersion-Dominated (Focused)
Uranus,Safronov_Dispersion,170.50,7472.04,0.4389,4.3238e+01,3.0000e+00,1.5503e+02,5.1677e+01,Dispersion-Dominated (Focused)
Uranus,Safronov_Dispersion,171.00,7493.66,0.4427,4.3238e+01,3.0000e+00,1.5548e+02,5.1827e+01,Dispersion-Dominated (Focused)
Uranus,Safronov_Dispersion,171.50,7515.27,0.4466,4.3238e+01,3.0000e+00,1.5593e+02,5.1977e+01,Dispersion-Dominated (Focused)
Uranus,Safronov_Dispersion,172.00,7536.89,0.4504,4.3238e+01,3.0000e+00,1.5638e+02,5.2126e+01,Dispersion-Dominated (Focused)
Uranus,Safronov_Dispersion,172.50,7558.51,0.4543,4.3238e+01,3.0000e+00,1.5683e+02,5.2276e+01,Dispersion-Dominated (Focused)
Uranus,Safronov_Dispersion,173.00,7580.13,0.4582,4.3238e+01,3.0000e+00,1.5728e+02,5.2425e+01,Dispersion-Dominated (Focused)
Uranus,Safronov_Dispersion,173.50,7601.75,0.4622,4.3238e+01,3.0000e+00,1.5772e+02,5.2575e+01,Dispersion-Dominated (Focused)
Uranus,Safronov_Dispersion,174.00,7623.37,0.4661,4.3238e+01,3.0000e+00,1.5817e+02,5.2724e+01,Dispersion-Dominated (Focused)
Uranus,Safronov_Dispersion,174.50,7644.99,0.4701,4.3238e+01,3.0000e+00,1.5862e+02,5.2874e+01,Dispersion-Dominated (Focused)
Uranus,Safronov_Dispersion,175.00,7666.61,0.4741,4.3238e+01,3.0000e+00,1.5907e+02,5.3023e+01,Dispersion-Dominated (Focused)
Uranus,Safronov_Dispersion,175.50,7688.23,0.4781,4.3238e+01,3.0000e+00,1.5952e+02,5.3173e+01,Dispersion-Dominated (Focused)
Uranus,Safronov_Dispersion,176.00,7709.84,0.4822,4.3238e+01,3.0000e+00,1.5997e+02,5.3322e+01,Dispersion-Dominated (Focused)
Uranus,Safronov_Dispersion,176.50,7731.46,0.4862,4.3238e+01,3.0000e+00,1.6042e+02,5.3472e+01,Dispersion-Dominated (Focused)
Uranus,Safronov_Dispersion,177.00,7753.08,0.4903,4.3238e+01,3.0000e+00,1.6086e+02,5.3621e+01,Dispersion-Dominated (Focused)
Uranus,Safronov_Dispersion,177.50,7774.70,0.4944,4.3238e+01,3.0000e+00,1.6131e+02,5.3771e+01,Dispersion-Dominated (Focused)
Uranus,Safronov_Dispersion,178.00,7796.32,0.4986,4.3238e+01,3.0000e+00,1.6176e+02,5.3920e+01,Dispersion-Dominated (Focused)
Uranus,Safronov_Dispersion,178.50,7817.94,0.5027,4.3238e+01,3.0000e+00,1.6221e+02,5.4070e+01,Dispersion-Dominated (Focused)
Uranus,Safronov_Dispersion,179.00,7839.56,0.5069,4.3238e+01,3.0000e+00,1.6266e+02,5.4219e+01,Dispersion-Dominated (Focused)
Uranus,Safronov_Dispersion,179.50,7861.18,0.5111,4.3238e+01,3.0000e+00,1.6311e+02,5.4369e+01,Dispersion-Dominated (Focused)
Uranus,Safronov_Dispersion,180.00,7882.80,0.5153,4.3238e+01,3.0000e+00,1.6355e+02,5.4518e+01,Dispersion-Dominated (Focused)
Uranus,Safronov_Dispersion,180.50,7904.41,0.5196,4.3238e+01,3.0000e+00,1.6400e+02,5.4668e+01,Dispersion-Dominated (Focused)
Uranus,Safronov_Dispersion,181.00,7926.03,0.5239,4.3238e+01,3.0000e+00,1.6445e+02,5.4817e+01,Dispersion-Dominated (Focused)
Uranus,Safronov_Dispersion,181.50,7947.65,0.5282,4.3238e+01,3.0000e+00,1.6490e+02,5.4967e+01,Dispersion-Dominated (Focused)
Uranus,Safronov_Dispersion,182.00,7969.27,0.5325,4.3238e+01,3.0000e+00,1.6535e+02,5.5116e+01,Dispersion-Dominated (Focused)
Uranus,Safronov_Dispersion,182.50,7990.89,0.5368,4.3238e+01,3.0000e+00,1.6580e+02,5.5266e+01,Dispersion-Dominated (Focused)
Uranus,Safronov_Dispersion,183.00,8012.51,0.5412,4.3238e+01,3.0000e+00,1.6625e+02,5.5415e+01,Dispersion-Dominated (Focused)
Uranus,Safronov_Dispersion,183.50,8034.13,0.5456,4.3238e+01,3.0000e+00,1.6669e+02,5.5565e+01,Dispersion-Dominated (Focused)
Uranus,Safronov_Dispersion,184.00,8055.75,0.5500,4.3238e+01,3.0000e+00,1.6714e+02,5.5714e+01,Dispersion-Dominated (Focused)
Uranus,Safronov_Dispersion,184.50,8077.37,0.5544,4.3238e+01,3.0000e+00,1.6759e+02,5.5864e+01,Dispersion-Dominated (Focused)
Uranus,Safronov_Dispersion,185.00,8098.98,0.5589,4.3238e+01,3.0000e+00,1.6804e+02,5.6014e+01,Dispersion-Dominated (Focused)
Uranus,Safronov_Dispersion,185.50,8120.60,0.5634,4.3238e+01,3.0000e+00,1.6849e+02,5.6163e+01,Dispersion-Dominated (Focused)
Uranus,Safronov_Dispersion,186.00,8142.22,0.5679,4.3238e+01,3.0000e+00,1.6894e+02,5.6313e+01,Dispersion-Dominated (Focused)
Uranus,Safronov_Dispersion,186.50,8163.84,0.5724,4.3238e+01,3.0000e+00,1.6939e+02,5.6462e+01,Dispersion-Dominated (Focused)
Uranus,Safronov_Dispersion,187.00,8185.46,0.5770,4.3238e+01,3.0000e+00,1.6983e+02,5.6612e+01,Dispersion-Dominated (Focused)
Uranus,Safronov_Dispersion,187.50,8207.08,0.5816,4.3238e+01,3.0000e+00,1.7028e+02,5.6761e+01,Dispersion-Dominated (Focused)
Uranus,Safronov_Dispersion,188.00,8228.70,0.5862,4.3238e+01,3.0000e+00,1.7073e+02,5.6911e+01,Dispersion-Dominated (Focused)
Uranus,Safronov_Dispersion,188.50,8250.32,0.5908,4.3238e+01,3.0000e+00,1.7118e+02,5.7060e+01,Dispersion-Dominated (Focused)
Uranus,Safronov_Dispersion,189.00,8271.94,0.5955,4.3238e+01,3.0000e+00,1.7163e+02,5.7210e+01,Dispersion-Dominated (Focused)
Uranus,Safronov_Dispersion,189.50,8293.55,0.6002,4.3238e+01,3.0000e+00,1.7208e+02,5.7359e+01,Dispersion-Dominated (Focused)
Uranus,Safronov_Dispersion,190.00,8315.17,0.6049,4.3238e+01,3.0000e+00,1.7253e+02,5.7509e+01,Dispersion-Dominated (Focused)
Uranus,Safronov_Dispersion,190.50,8336.79,0.6096,4.3238e+01,3.0000e+00,1.7297e+02,5.7658e+01,Dispersion-Dominated (Focused)
Uranus,Safronov_Dispersion,191.00,8358.41,0.6144,4.3238e+01,3.0000e+00,1.7342e+02,5.7808e+01,Dispersion-Dominated (Focused)
Uranus,Safronov_Dispersion,191.50,8380.03,0.6191,4.3238e+01,3.0000e+00,1.7387e+02,5.7957e+01,Dispersion-Dominated (Focused)
Uranus,Safronov_Dispersion,192.00,8401.65,0.6239,4.3238e+01,3.0000e+00,1.7432e+02,5.8107e+01,Dispersion-Dominated (Focused)
Uranus,Safronov_Dispersion,192.50,8423.27,0.6288,4.3238e+01,3.0000e+00,1.7477e+02,5.8256e+01,Dispersion-Dominated (Focused)
Uranus,Safronov_Dispersion,193.00,8444.89,0.6336,4.3238e+01,3.0000e+00,1.7522e+02,5.8406e+01,Dispersion-Dominated (Focused)
Uranus,Safronov_Dispersion,193.50,8466.51,0.6385,4.3238e+01,3.0000e+00,1.7567e+02,5.8555e+01,Dispersion-Dominated (Focused)
Uranus,Safronov_Dispersion,194.00,8488.12,0.6434,4.3238e+01,3.0000e+00,1.7611e+02,5.8705e+01,Dispersion-Dominated (Focused)
Uranus,Safronov_Dispersion,194.50,8509.74,0.6483,4.3238e+01,3.0000e+00,1.7656e+02,5.8854e+01,Dispersion-Dominated (Focused)
Uranus,Safronov_Dispersion,195.00,8531.36,0.6533,4.3238e+01,3.0000e+00,1.7701e+02,5.9004e+01,Dispersion-Dominated (Focused)
Uranus,Safronov_Dispersion,195.50,8552.98,0.6583,4.3238e+01,3.0000e+00,1.7746e+02,5.9153e+01,Dispersion-Dominated (Focused)
Uranus,Safronov_Dispersion,196.00,8574.60,0.6633,4.3238e+01,3.0000e+00,1.7791e+02,5.9303e+01,Dispersion-Dominated (Focused)
Uranus,Safronov_Dispersion,196.50,8596.22,0.6683,4.3238e+01,3.0000e+00,1.7836e+02,5.9452e+01,Dispersion-Dominated (Focused)
Uranus,Safronov_Dispersion,197.00,8617.84,0.6733,4.3238e+01,3.0000e+00,1.7881e+02,5.9602e+01,Dispersion-Dominated (Focused)
Uranus,Safronov_Dispersion,197.50,8639.46,0.6784,4.3238e+01,3.0000e+00,1.7925e+02,5.9751e+01,Dispersion-Dominated (Focused)
Uranus,Safronov_Dispersion,198.00,8661.08,0.6835,4.3238e+01,3.0000e+00,1.7970e+02,5.9901e+01,Dispersion-Dominated (Focused)
Uranus,Safronov_Dispersion,198.50,8682.69,0.6887,4.3238e+01,3.0000e+00,1.8015e+02,6.0051e+01,Dispersion-Dominated (Focused)
Uranus,Safronov_Dispersion,199.00,8704.31,0.6938,4.3238e+01,3.0000e+00,1.8060e+02,6.0200e+01,Dispersion-Dominated (Focused)
Uranus,Safronov_Dispersion,199.50,8725.93,0.6990,4.3238e+01,3.0000e+00,1.8105e+02,6.0350e+01,Dispersion-Dominated (Focused)
Uranus,Safronov_Dispersion,200.00,8747.55,0.7042,4.3238e+01,3.0000e+00,1.8150e+02,6.0499e+01,Dispersion-Dominated (Focused)
Neptune,Shear_Dominated_Cold,0.00,100.00,0.0000,1.0556e+03,1.0000e-01,5.5237e-02,5.5237e-01,3D Shear-Dominated
Neptune,Shear_Dominated_Cold,0.10,205.56,0.0000,1.0556e+03,1.0000e-01,1.1354e-01,1.1354e+00,3D Shear-Dominated
Neptune,Shear_Dominated_Cold,0.20,311.11,0.0000,1.0556e+03,1.0000e-01,1.7185e-01,1.7185e+00,3D Shear-Dominated
Neptune,Shear_Dominated_Cold,0.30,416.67,0.0001,1.0556e+03,1.0000e-01,2.3016e-01,2.3016e+00,3D Shear-Dominated
Neptune,Shear_Dominated_Cold,0.40,522.22,0.0001,1.0556e+03,1.0000e-01,2.8846e-01,2.8846e+00,3D Shear-Dominated
Neptune,Shear_Dominated_Cold,0.50,627.78,0.0003,1.0556e+03,1.0000e-01,3.4677e-01,3.4677e+00,3D Shear-Dominated
Neptune,Shear_Dominated_Cold,0.60,733.34,0.0004,1.0556e+03,1.0000e-01,4.0507e-01,4.0507e+00,3D Shear-Dominated
Neptune,Shear_Dominated_Cold,0.70,838.89,0.0006,1.0556e+03,1.0000e-01,4.6338e-01,4.6338e+00,3D Shear-Dominated
Neptune,Shear_Dominated_Cold,0.80,944.45,0.0009,1.0556e+03,1.0000e-01,5.2169e-01,5.2169e+00,3D Shear-Dominated
Neptune,Shear_Dominated_Cold,0.90,1050.01,0.0012,1.0556e+03,1.0000e-01,5.7999e-01,5.7999e+00,3D Shear-Dominated
Neptune,Shear_Dominated_Cold,1.00,1155.56,0.0016,1.0556e+03,1.0000e-01,6.3830e-01,6.3830e+00,3D Shear-Dominated
Neptune,Shear_Dominated_Cold,1.10,1261.12,0.0021,1.0556e+03,1.0000e-01,6.9660e-01,6.9660e+00,3D Shear-Dominated
Neptune,Shear_Dominated_Cold,1.20,1366.67,0.0027,1.0556e+03,1.0000e-01,7.5491e-01,7.5491e+00,3D Shear-Dominated
Neptune,Shear_Dominated_Cold,1.30,1472.23,0.0034,1.0556e+03,1.0000e-01,8.1322e-01,8.1322e+00,3D Shear-Dominated
Neptune,Shear_Dominated_Cold,1.40,1577.79,0.0041,1.0556e+03,1.0000e-01,8.7152e-01,8.7152e+00,3D Shear-Dominated
Neptune,Shear_Dominated_Cold,1.50,1683.34,0.0050,1.0556e+03,1.0000e-01,9.2983e-01,9.2983e+00,3D Shear-Dominated
Neptune,Shear_Dominated_Cold,1.60,1788.90,0.0060,1.0556e+03,1.0000e-01,9.8813e-01,9.8813e+00,3D Shear-Dominated
Neptune,Shear_Dominated_Cold,1.70,1894.46,0.0072,1.0556e+03,1.0000e-01,1.0464e+00,1.0464e+01,3D Shear-Dominated
Neptune,Shear_Dominated_Cold,1.80,2000.01,0.0084,1.0556e+03,1.0000e-01,1.1047e+00,1.1047e+01,3D Shear-Dominated
Neptune,Shear_Dominated_Cold,1.90,2105.57,0.0098,1.0556e+03,1.0000e-01,1.1631e+00,1.1631e+01,3D Shear-Dominated
Neptune,Shear_Dominated_Cold,2.00,2211.12,0.0114,1.0556e+03,1.0000e-01,1.2214e+00,1.2214e+01,3D Shear-Dominated
Neptune,Shear_Dominated_Cold,2.10,2316.68,0.0131,1.0556e+03,1.0000e-01,1.2797e+00,1.2797e+01,3D Shear-Dominated
Neptune,Shear_Dominated_Cold,2.20,2422.24,0.0150,1.0556e+03,1.0000e-01,1.3380e+00,1.3380e+01,3D Shear-Dominated
Neptune,Shear_Dominated_Cold,2.30,2527.79,0.0170,1.0556e+03,1.0000e-01,1.3963e+00,1.3963e+01,3D Shear-Dominated
Neptune,Shear_Dominated_Cold,2.40,2633.35,0.0192,1.0556e+03,1.0000e-01,1.4546e+00,1.4546e+01,3D Shear-Dominated
Neptune,Shear_Dominated_Cold,2.50,2738.91,0.0216,1.0556e+03,1.0000e-01,1.5129e+00,1.5129e+01,3D Shear-Dominated
Neptune,Shear_Dominated_Cold,2.60,2844.46,0.0242,1.0556e+03,1.0000e-01,1.5712e+00,1.5712e+01,3D Shear-Dominated
Neptune,Shear_Dominated_Cold,2.70,2950.02,0.0270,1.0556e+03,1.0000e-01,1.6295e+00,1.6295e+01,3D Shear-Dominated
Neptune,Shear_Dominated_Cold,2.80,3055.57,0.0300,1.0556e+03,1.0000e-01,1.6878e+00,1.6878e+01,3D Shear-Dominated
Neptune,Shear_Dominated_Cold,2.90,3161.13,0.0332,1.0556e+03,1.0000e-01,1.7461e+00,1.7461e+01,3D Shear-Dominated
Neptune,Shear_Dominated_Cold,3.00,3266.69,0.0367,1.0556e+03,1.0000e-01,1.8044e+00,1.8044e+01,3D Shear-Dominated
Neptune,Shear_Dominated_Cold,3.10,3372.24,0.0403,1.0556e+03,1.0000e-01,1.8627e+00,1.8627e+01,3D Shear-Dominated
Neptune,Shear_Dominated_Cold,3.20,3477.80,0.0443,1.0556e+03,1.0000e-01,1.9210e+00,1.9210e+01,3D Shear-Dominated
Neptune,Shear_Dominated_Cold,3.30,3583.36,0.0484,1.0556e+03,1.0000e-01,1.9793e+00,1.9793e+01,3D Shear-Dominated
Neptune,Shear_Dominated_Cold,3.40,3688.91,0.0528,1.0556e+03,1.0000e-01,2.0376e+00,2.0376e+01,3D Shear-Dominated
Neptune,Shear_Dominated_Cold,3.50,3794.47,0.0575,1.0556e+03,1.0000e-01,2.0959e+00,2.0959e+01,3D Shear-Dominated
Neptune,Shear_Dominated_Cold,3.60,3900.02,0.0624,1.0556e+03,1.0000e-01,2.1543e+00,2.1543e+01,3D Shear-Dominated
Neptune,Shear_Dominated_Cold,3.70,4005.58,0.0676,1.0556e+03,1.0000e-01,2.2126e+00,2.2126e+01,3D Shear-Dominated
Neptune,Shear_Dominated_Cold,3.80,4111.14,0.0731,1.0556e+03,1.0000e-01,2.2709e+00,2.2709e+01,3D Shear-Dominated
Neptune,Shear_Dominated_Cold,3.90,4216.69,0.0789,1.0556e+03,1.0000e-01,2.3292e+00,2.3292e+01,3D Shear-Dominated
Neptune,Shear_Dominated_Cold,4.00,4322.25,0.0850,1.0556e+03,1.0000e-01,2.3875e+00,2.3875e+01,3D Shear-Dominated
Neptune,Shear_Dominated_Cold,4.10,4427.81,0.0913,1.0556e+03,1.0000e-01,2.4458e+00,2.4458e+01,3D Shear-Dominated
Neptune,Shear_Dominated_Cold,4.20,4533.36,0.0980,1.0556e+03,1.0000e-01,2.5041e+00,2.5041e+01,3D Shear-Dominated
Neptune,Shear_Dominated_Cold,4.30,4638.92,0.1050,1.0556e+03,1.0000e-01,2.5624e+00,2.5624e+01,3D Shear-Dominated
Neptune,Shear_Dominated_Cold,4.40,4744.47,0.1124,1.0556e+03,1.0000e-01,2.6207e+00,2.6207e+01,3D Shear-Dominated
Neptune,Shear_Dominated_Cold,4.50,4850.03,0.1200,1.0556e+03,1.0000e-01,2.6790e+00,2.6790e+01,3D Shear-Dominated
Neptune,Shear_Dominated_Cold,4.60,4955.59,0.1280,1.0556e+03,1.0000e-01,2.7373e+00,2.7373e+01,3D Shear-Dominated
Neptune,Shear_Dominated_Cold,4.70,5061.14,0.1364,1.0556e+03,1.0000e-01,2.7956e+00,2.7956e+01,3D Shear-Dominated
Neptune,Shear_Dominated_Cold,4.80,5166.70,0.1451,1.0556e+03,1.0000e-01,2.8539e+00,2.8539e+01,3D Shear-Dominated
Neptune,Shear_Dominated_Cold,4.90,5272.25,0.1542,1.0556e+03,1.0000e-01,2.9122e+00,2.9122e+01,3D Shear-Dominated
Neptune,Shear_Dominated_Cold,5.00,5377.81,0.1636,1.0556e+03,1.0000e-01,2.9705e+00,2.9705e+01,3D Shear-Dominated
Neptune,Shear_Dominated_Cold,5.10,5483.37,0.1735,1.0556e+03,1.0000e-01,3.0288e+00,3.0288e+01,3D Shear-Dominated
Neptune,Shear_Dominated_Cold,5.20,5588.92,0.1837,1.0556e+03,1.0000e-01,3.0872e+00,3.0872e+01,3D Shear-Dominated
Neptune,Shear_Dominated_Cold,5.30,5694.48,0.1943,1.0556e+03,1.0000e-01,3.1455e+00,3.1455e+01,3D Shear-Dominated
Neptune,Shear_Dominated_Cold,5.40,5800.04,0.2053,1.0556e+03,1.0000e-01,3.2038e+00,3.2038e+01,3D Shear-Dominated
Neptune,Shear_Dominated_Cold,5.50,5905.59,0.2167,1.0556e+03,1.0000e-01,3.2621e+00,3.2621e+01,3D Shear-Dominated
Neptune,Shear_Dominated_Cold,5.60,6011.15,0.2285,1.0556e+03,1.0000e-01,3.3204e+00,3.3204e+01,3D Shear-Dominated
Neptune,Shear_Dominated_Cold,5.70,6116.70,0.2408,1.0556e+03,1.0000e-01,3.3787e+00,3.3787e+01,3D Shear-Dominated
Neptune,Shear_Dominated_Cold,5.80,6222.26,0.2534,1.0556e+03,1.0000e-01,3.4370e+00,3.4370e+01,3D Shear-Dominated
Neptune,Shear_Dominated_Cold,5.90,6327.82,0.2666,1.0556e+03,1.0000e-01,3.4953e+00,3.4953e+01,3D Shear-Dominated
Neptune,Shear_Dominated_Cold,6.00,6433.37,0.2801,1.0556e+03,1.0000e-01,3.5536e+00,3.5536e+01,3D Shear-Dominated
Neptune,Shear_Dominated_Cold,6.10,6538.93,0.2941,1.0556e+03,1.0000e-01,3.6119e+00,3.6119e+01,3D Shear-Dominated
Neptune,Shear_Dominated_Cold,6.20,6644.49,0.3086,1.0556e+03,1.0000e-01,3.6702e+00,3.6702e+01,3D Shear-Dominated
Neptune,Shear_Dominated_Cold,6.30,6750.04,0.3236,1.0556e+03,1.0000e-01,3.7285e+00,3.7285e+01,3D Shear-Dominated
Neptune,Shear_Dominated_Cold,6.40,6855.60,0.3390,1.0556e+03,1.0000e-01,3.7868e+00,3.7868e+01,3D Shear-Dominated
Neptune,Shear_Dominated_Cold,6.50,6961.15,0.3549,1.0556e+03,1.0000e-01,3.8451e+00,3.8451e+01,3D Shear-Dominated
Neptune,Shear_Dominated_Cold,6.60,7066.71,0.3713,1.0556e+03,1.0000e-01,3.9034e+00,3.9034e+01,3D Shear-Dominated
Neptune,Shear_Dominated_Cold,6.70,7172.27,0.3882,1.0556e+03,1.0000e-01,3.9617e+00,3.9617e+01,3D Shear-Dominated
Neptune,Shear_Dominated_Cold,6.80,7277.82,0.4056,1.0556e+03,1.0000e-01,4.0200e+00,4.0200e+01,3D Shear-Dominated
Neptune,Shear_Dominated_Cold,6.90,7383.38,0.4235,1.0556e+03,1.0000e-01,4.0784e+00,4.0784e+01,3D Shear-Dominated
Neptune,Shear_Dominated_Cold,7.00,7488.94,0.4419,1.0556e+03,1.0000e-01,4.1367e+00,4.1367e+01,3D Shear-Dominated
Neptune,Shear_Dominated_Cold,7.10,7594.49,0.4608,1.0556e+03,1.0000e-01,4.1950e+00,4.1950e+01,3D Shear-Dominated
Neptune,Shear_Dominated_Cold,7.20,7700.05,0.4803,1.0556e+03,1.0000e-01,4.2533e+00,4.2533e+01,3D Shear-Dominated
Neptune,Shear_Dominated_Cold,7.30,7805.60,0.5003,1.0556e+03,1.0000e-01,4.3116e+00,4.3116e+01,3D Shear-Dominated
Neptune,Shear_Dominated_Cold,7.40,7911.16,0.5209,1.0556e+03,1.0000e-01,4.3699e+00,4.3699e+01,3D Shear-Dominated
Neptune,Shear_Dominated_Cold,7.50,8016.72,0.5420,1.0556e+03,1.0000e-01,4.4282e+00,4.4282e+01,3D Shear-Dominated
Neptune,Shear_Dominated_Cold,7.60,8122.27,0.5637,1.0556e+03,1.0000e-01,4.4865e+00,4.4865e+01,3D Shear-Dominated
Neptune,Shear_Dominated_Cold,7.70,8227.83,0.5860,1.0556e+03,1.0000e-01,4.5448e+00,4.5448e+01,3D Shear-Dominated
Neptune,Shear_Dominated_Cold,7.80,8333.39,0.6088,1.0556e+03,1.0000e-01,4.6031e+00,4.6031e+01,3D Shear-Dominated
Neptune,Shear_Dominated_Cold,7.90,8438.94,0.6323,1.0556e+03,1.0000e-01,4.6614e+00,4.6614e+01,3D Shear-Dominated
Neptune,Shear_Dominated_Cold,8.00,8544.50,0.6563,1.0556e+03,1.0000e-01,4.7197e+00,4.7197e+01,3D Shear-Dominated
Neptune,Shear_Dominated_Cold,8.10,8650.05,0.6809,1.0556e+03,1.0000e-01,4.7780e+00,4.7780e+01,3D Shear-Dominated
Neptune,Shear_Dominated_Cold,8.20,8755.61,0.7062,1.0556e+03,1.0000e-01,4.8363e+00,4.8363e+01,3D Shear-Dominated
Neptune,Shear_Dominated_Cold,8.30,8861.17,0.7320,1.0556e+03,1.0000e-01,4.8946e+00,4.8946e+01,3D Shear-Dominated
Neptune,Shear_Dominated_Cold,8.40,8966.72,0.7585,1.0556e+03,1.0000e-01,4.9529e+00,4.9529e+01,3D Shear-Dominated
Neptune,Shear_Dominated_Cold,8.50,9072.28,0.7856,1.0556e+03,1.0000e-01,5.0112e+00,5.0112e+01,3D Shear-Dominated
Neptune,Shear_Dominated_Cold,8.60,9177.84,0.8133,1.0556e+03,1.0000e-01,5.0696e+00,5.0696e+01,3D Shear-Dominated
Neptune,Shear_Dominated_Cold,8.70,9283.39,0.8417,1.0556e+03,1.0000e-01,5.1279e+00,5.1279e+01,3D Shear-Dominated
Neptune,Shear_Dominated_Cold,8.80,9388.95,0.8708,1.0556e+03,1.0000e-01,5.1862e+00,5.1862e+01,3D Shear-Dominated
Neptune,Shear_Dominated_Cold,8.90,9494.50,0.9005,1.0556e+03,1.0000e-01,5.2445e+00,5.2445e+01,3D Shear-Dominated
Neptune,Shear_Dominated_Cold,9.00,9600.06,0.9308,1.0556e+03,1.0000e-01,5.3028e+00,5.3028e+01,3D Shear-Dominated
Neptune,Shear_Dominated_Cold,9.10,9705.62,0.9619,1.0556e+03,1.0000e-01,5.3611e+00,5.3611e+01,3D Shear-Dominated
Neptune,Shear_Dominated_Cold,9.20,9811.17,0.9936,1.0556e+03,1.0000e-01,5.4194e+00,5.4194e+01,3D Shear-Dominated
Neptune,Shear_Dominated_Cold,9.30,9916.73,1.0260,1.0556e+03,1.0000e-01,5.4777e+00,5.4777e+01,3D Shear-Dominated
Neptune,Shear_Dominated_Cold,9.40,10022.28,1.0591,1.0556e+03,1.0000e-01,5.5360e+00,5.5360e+01,3D Shear-Dominated
Neptune,Shear_Dominated_Cold,9.50,10127.84,1.0929,1.0556e+03,1.0000e-01,5.5943e+00,5.5943e+01,3D Shear-Dominated
Neptune,Shear_Dominated_Cold,9.60,10233.40,1.1275,1.0556e+03,1.0000e-01,5.6526e+00,5.6526e+01,3D Shear-Dominated
Neptune,Shear_Dominated_Cold,9.70,10338.95,1.1627,1.0556e+03,1.0000e-01,5.7109e+00,5.7109e+01,3D Shear-Dominated
Neptune,Shear_Dominated_Cold,9.80,10444.51,1.1987,1.0556e+03,1.0000e-01,5.7692e+00,5.7692e+01,3D Shear-Dominated
Neptune,Shear_Dominated_Cold,9.90,10550.07,1.2354,1.0556e+03,1.0000e-01,5.8275e+00,5.8275e+01,3D Shear-Dominated
Neptune,Shear_Dominated_Cold,10.00,10655.62,1.2729,1.0556e+03,1.0000e-01,5.8858e+00,5.8858e+01,3D Shear-Dominated
Neptune,Shear_Dominated_Cold,10.10,10761.18,1.3111,1.0556e+03,1.0000e-01,5.9441e+00,5.9441e+01,3D Shear-Dominated
Neptune,Shear_Dominated_Cold,10.20,10866.73,1.3500,1.0556e+03,1.0000e-01,6.0025e+00,6.0025e+01,3D Shear-Dominated
Neptune,Shear_Dominated_Cold,10.30,10972.29,1.3898,1.0556e+03,1.0000e-01,6.0608e+00,6.0608e+01,3D Shear-Dominated
Neptune,Shear_Dominated_Cold,10.40,11077.85,1.4302,1.0556e+03,1.0000e-01,6.1191e+00,6.1191e+01,3D Shear-Dominated
Neptune,Shear_Dominated_Cold,10.50,11183.40,1.4715,1.0556e+03,1.0000e-01,6.1774e+00,6.1774e+01,3D Shear-Dominated
Neptune,Shear_Dominated_Cold,10.60,11288.96,1.5136,1.0556e+03,1.0000e-01,6.2357e+00,6.2357e+01,3D Shear-Dominated
Neptune,Shear_Dominated_Cold,10.70,11394.52,1.5564,1.0556e+03,1.0000e-01,6.2940e+00,6.2940e+01,3D Shear-Dominated
Neptune,Shear_Dominated_Cold,10.80,11500.07,1.6001,1.0556e+03,1.0000e-01,6.3523e+00,6.3523e+01,3D Shear-Dominated
Neptune,Shear_Dominated_Cold,10.90,11605.63,1.6446,1.0556e+03,1.0000e-01,6.4106e+00,6.4106e+01,3D Shear-Dominated
Neptune,Shear_Dominated_Cold,11.00,11711.18,1.6898,1.0556e+03,1.0000e-01,6.4689e+00,6.4689e+01,3D Shear-Dominated
Neptune,Shear_Dominated_Cold,11.10,11816.74,1.7360,1.0556e+03,1.0000e-01,6.5272e+00,6.5272e+01,3D Shear-Dominated
Neptune,Shear_Dominated_Cold,11.20,11922.30,1.7829,1.0556e+03,1.0000e-01,6.5855e+00,6.5855e+01,3D Shear-Dominated
Neptune,Shear_Dominated_Cold,11.30,12027.85,1.8307,1.0556e+03,1.0000e-01,6.6438e+00,6.6438e+01,3D Shear-Dominated
Neptune,Shear_Dominated_Cold,11.40,12133.41,1.8793,1.0556e+03,1.0000e-01,6.7021e+00,6.7021e+01,3D Shear-Dominated
Neptune,Shear_Dominated_Cold,11.50,12238.97,1.9288,1.0556e+03,1.0000e-01,6.7604e+00,6.7604e+01,3D Shear-Dominated
Neptune,Shear_Dominated_Cold,11.60,12344.52,1.9791,1.0556e+03,1.0000e-01,6.8187e+00,6.8187e+01,3D Shear-Dominated
Neptune,Shear_Dominated_Cold,11.70,12450.08,2.0303,1.0556e+03,1.0000e-01,6.8770e+00,6.8770e+01,3D Shear-Dominated
Neptune,Shear_Dominated_Cold,11.80,12555.63,2.0824,1.0556e+03,1.0000e-01,6.9353e+00,6.9353e+01,3D Shear-Dominated
Neptune,Shear_Dominated_Cold,11.90,12661.19,2.1354,1.0556e+03,1.0000e-01,6.9937e+00,6.9937e+01,3D Shear-Dominated
Neptune,Shear_Dominated_Cold,12.00,12766.75,2.1892,1.0556e+03,1.0000e-01,7.0520e+00,7.0520e+01,3D Shear-Dominated
Neptune,Shear_Dominated_Cold,12.10,12872.30,2.2440,1.0556e+03,1.0000e-01,7.1103e+00,7.1103e+01,3D Shear-Dominated
Neptune,Shear_Dominated_Cold,12.20,12977.86,2.2996,1.0556e+03,1.0000e-01,7.1686e+00,7.1686e+01,3D Shear-Dominated
Neptune,Shear_Dominated_Cold,12.30,13083.42,2.3562,1.0556e+03,1.0000e-01,7.2269e+00,7.2269e+01,3D Shear-Dominated
Neptune,Shear_Dominated_Cold,12.40,13188.97,2.4137,1.0556e+03,1.0000e-01,7.2852e+00,7.2852e+01,3D Shear-Dominated
Neptune,Shear_Dominated_Cold,12.50,13294.53,2.4721,1.0556e+03,1.0000e-01,7.3435e+00,7.3435e+01,3D Shear-Dominated
Neptune,Shear_Dominated_Cold,12.60,13400.08,2.5314,1.0556e+03,1.0000e-01,7.4018e+00,7.4018e+01,3D Shear-Dominated
Neptune,Shear_Dominated_Cold,12.70,13505.64,2.5917,1.0556e+03,1.0000e-01,7.4601e+00,7.4601e+01,3D Shear-Dominated
Neptune,Shear_Dominated_Cold,12.80,13611.20,2.6530,1.0556e+03,1.0000e-01,7.5184e+00,7.5184e+01,3D Shear-Dominated
Neptune,Shear_Dominated_Cold,12.90,13716.75,2.7152,1.0556e+03,1.0000e-01,7.5767e+00,7.5767e+01,3D Shear-Dominated
Neptune,Shear_Dominated_Cold,13.00,13822.31,2.7784,1.0556e+03,1.0000e-01,7.6350e+00,7.6350e+01,3D Shear-Dominated
Neptune,Shear_Dominated_Cold,13.10,13927.87,2.8425,1.0556e+03,1.0000e-01,7.6933e+00,7.6933e+01,3D Shear-Dominated
Neptune,Shear_Dominated_Cold,13.20,14033.42,2.9076,1.0556e+03,1.0000e-01,7.7516e+00,7.7516e+01,3D Shear-Dominated
Neptune,Shear_Dominated_Cold,13.30,14138.98,2.9737,1.0556e+03,1.0000e-01,7.8099e+00,7.8099e+01,3D Shear-Dominated
Neptune,Shear_Dominated_Cold,13.40,14244.53,3.0408,1.0556e+03,1.0000e-01,7.8682e+00,7.8682e+01,3D Shear-Dominated
Neptune,Shear_Dominated_Cold,13.50,14350.09,3.1089,1.0556e+03,1.0000e-01,7.9266e+00,7.9266e+01,3D Shear-Dominated
Neptune,Shear_Dominated_Cold,13.60,14455.65,3.1780,1.0556e+03,1.0000e-01,7.9849e+00,7.9849e+01,3D Shear-Dominated
Neptune,Shear_Dominated_Cold,13.70,14561.20,3.2482,1.0556e+03,1.0000e-01,8.0432e+00,8.0432e+01,3D Shear-Dominated
Neptune,Shear_Dominated_Cold,13.80,14666.76,3.3193,1.0556e+03,1.0000e-01,8.1015e+00,8.1015e+01,3D Shear-Dominated
Neptune,Shear_Dominated_Cold,13.90,14772.32,3.3915,1.0556e+03,1.0000e-01,8.1598e+00,8.1598e+01,3D Shear-Dominated
Neptune,Shear_Dominated_Cold,14.00,14877.87,3.4647,1.0556e+03,1.0000e-01,8.2181e+00,8.2181e+01,3D Shear-Dominated
Neptune,Shear_Dominated_Cold,14.10,14983.43,3.5390,1.0556e+03,1.0000e-01,8.2764e+00,8.2764e+01,3D Shear-Dominated
Neptune,Shear_Dominated_Cold,14.20,15088.98,3.6143,1.0556e+03,1.0000e-01,8.3347e+00,8.3347e+01,3D Shear-Dominated
Neptune,Shear_Dominated_Cold,14.30,15194.54,3.6907,1.0556e+03,1.0000e-01,8.3930e+00,8.3930e+01,3D Shear-Dominated
Neptune,Shear_Dominated_Cold,14.40,15300.10,3.7681,1.0556e+03,1.0000e-01,8.4513e+00,8.4513e+01,3D Shear-Dominated
Neptune,Shear_Dominated_Cold,14.50,15405.65,3.8467,1.0556e+03,1.0000e-01,8.5096e+00,8.5096e+01,3D Shear-Dominated
Neptune,Shear_Dominated_Cold,14.60,15511.21,3.9263,1.0556e+03,1.0000e-01,8.5679e+00,8.5679e+01,3D Shear-Dominated
Neptune,Shear_Dominated_Cold,14.70,15616.76,4.0070,1.0556e+03,1.0000e-01,8.6262e+00,8.6262e+01,3D Shear-Dominated
Neptune,Shear_Dominated_Cold,14.80,15722.32,4.0888,1.0556e+03,1.0000e-01,8.6845e+00,8.6845e+01,3D Shear-Dominated
Neptune,Shear_Dominated_Cold,14.90,15827.88,4.1717,1.0556e+03,1.0000e-01,8.7428e+00,8.7428e+01,3D Shear-Dominated
Neptune,Shear_Dominated_Cold,15.00,15933.43,4.2557,1.0556e+03,1.0000e-01,8.8011e+00,8.8011e+01,3D Shear-Dominated
Neptune,Shear_Dominated_Cold,15.10,16038.99,4.3409,1.0556e+03,1.0000e-01,8.8594e+00,8.8594e+01,3D Shear-Dominated
Neptune,Shear_Dominated_Cold,15.20,16144.55,4.4271,1.0556e+03,1.0000e-01,8.9178e+00,8.9178e+01,3D Shear-Dominated
Neptune,Shear_Dominated_Cold,15.30,16250.10,4.5145,1.0556e+03,1.0000e-01,8.9761e+00,8.9761e+01,3D Shear-Dominated
Neptune,Shear_Dominated_Cold,15.40,16355.66,4.6031,1.0556e+03,1.0000e-01,9.0344e+00,9.0344e+01,3D Shear-Dominated
Neptune,Shear_Dominated_Cold,15.50,16461.21,4.6928,1.0556e+03,1.0000e-01,9.0927e+00,9.0927e+01,3D Shear-Dominated
Neptune,Shear_Dominated_Cold,15.60,16566.77,4.7836,1.0556e+03,1.0000e-01,9.1510e+00,9.1510e+01,3D Shear-Dominated
Neptune,Shear_Dominated_Cold,15.70,16672.33,4.8757,1.0556e+03,1.0000e-01,9.2093e+00,9.2093e+01,3D Shear-Dominated
Neptune,Shear_Dominated_Cold,15.80,16777.88,4.9689,1.0556e+03,1.0000e-01,9.2676e+00,9.2676e+01,3D Shear-Dominated
Neptune,Shear_Dominated_Cold,15.90,16883.44,5.0632,1.0556e+03,1.0000e-01,9.3259e+00,9.3259e+01,3D Shear-Dominated
Neptune,Shear_Dominated_Cold,16.00,16989.00,5.1588,1.0556e+03,1.0000e-01,9.3842e+00,9.3842e+01,3D Shear-Dominated
Neptune,Shear_Dominated_Cold,16.10,17094.55,5.2556,1.0556e+03,1.0000e-01,9.4425e+00,9.4425e+01,3D Shear-Dominated
Neptune,Shear_Dominated_Cold,16.20,17200.11,5.3535,1.0556e+03,1.0000e-01,9.5008e+00,9.5008e+01,3D Shear-Dominated
Neptune,Shear_Dominated_Cold,16.30,17305.66,5.4527,1.0556e+03,1.0000e-01,9.5591e+00,9.5591e+01,3D Shear-Dominated
Neptune,Shear_Dominated_Cold,16.40,17411.22,5.5531,1.0556e+03,1.0000e-01,9.6174e+00,9.6174e+01,3D Shear-Dominated
Neptune,Shear_Dominated_Cold,16.50,17516.78,5.6547,1.0556e+03,1.0000e-01,9.6757e+00,9.6757e+01,3D Shear-Dominated
Neptune,Shear_Dominated_Cold,16.60,17622.33,5.7575,1.0556e+03,1.0000e-01,9.7340e+00,9.7340e+01,3D Shear-Dominated
Neptune,Shear_Dominated_Cold,16.70,17727.89,5.8616,1.0556e+03,1.0000e-01,9.7923e+00,9.7923e+01,3D Shear-Dominated
Neptune,Shear_Dominated_Cold,16.80,17833.45,5.9669,1.0556e+03,1.0000e-01,9.8506e+00,9.8506e+01,3D Shear-Dominated
Neptune,Shear_Dominated_Cold,16.90,17939.00,6.0735,1.0556e+03,1.0000e-01,9.9090e+00,9.9090e+01,3D Shear-Dominated
Neptune,Shear_Dominated_Cold,17.00,18044.56,6.1814,1.0556e+03,1.0000e-01,9.9673e+00,9.9673e+01,3D Shear-Dominated
Neptune,Shear_Dominated_Cold,17.10,18150.11,6.2905,1.0556e+03,1.0000e-01,1.0026e+01,1.0026e+02,3D Shear-Dominated
Neptune,Shear_Dominated_Cold,17.20,18255.67,6.4009,1.0556e+03,1.0000e-01,1.0084e+01,1.0084e+02,3D Shear-Dominated
Neptune,Shear_Dominated_Cold,17.30,18361.23,6.5125,1.0556e+03,1.0000e-01,1.0142e+01,1.0142e+02,3D Shear-Dominated
Neptune,Shear_Dominated_Cold,17.40,18466.78,6.6255,1.0556e+03,1.0000e-01,1.0200e+01,1.0200e+02,3D Shear-Dominated
Neptune,Shear_Dominated_Cold,17.50,18572.34,6.7398,1.0556e+03,1.0000e-01,1.0259e+01,1.0259e+02,3D Shear-Dominated
Neptune,Shear_Dominated_Cold,17.60,18677.90,6.8553,1.0556e+03,1.0000e-01,1.0317e+01,1.0317e+02,3D Shear-Dominated
Neptune,Shear_Dominated_Cold,17.70,18783.45,6.9722,1.0556e+03,1.0000e-01,1.0375e+01,1.0375e+02,3D Shear-Dominated
Neptune,Shear_Dominated_Cold,17.80,18889.01,7.0904,1.0556e+03,1.0000e-01,1.0434e+01,1.0434e+02,3D Shear-Dominated
Neptune,Shear_Dominated_Cold,17.90,18994.56,7.2100,1.0556e+03,1.0000e-01,1.0492e+01,1.0492e+02,3D Shear-Dominated
Neptune,Shear_Dominated_Cold,18.00,19100.12,7.3308,1.0556e+03,1.0000e-01,1.0550e+01,1.0550e+02,3D Shear-Dominated
Neptune,Shear_Dominated_Cold,18.10,19205.68,7.4531,1.0556e+03,1.0000e-01,1.0609e+01,1.0609e+02,3D Shear-Dominated
Neptune,Shear_Dominated_Cold,18.20,19311.23,7.5766,1.0556e+03,1.0000e-01,1.0667e+01,1.0667e+02,3D Shear-Dominated
Neptune,Shear_Dominated_Cold,18.30,19416.79,7.7015,1.0556e+03,1.0000e-01,1.0725e+01,1.0725e+02,3D Shear-Dominated
Neptune,Shear_Dominated_Cold,18.40,19522.35,7.8278,1.0556e+03,1.0000e-01,1.0784e+01,1.0784e+02,3D Shear-Dominated
Neptune,Shear_Dominated_Cold,18.50,19627.90,7.9555,1.0556e+03,1.0000e-01,1.0842e+01,1.0842e+02,3D Shear-Dominated
Neptune,Shear_Dominated_Cold,18.60,19733.46,8.0845,1.0556e+03,1.0000e-01,1.0900e+01,1.0900e+02,3D Shear-Dominated
Neptune,Shear_Dominated_Cold,18.70,19839.01,8.2150,1.0556e+03,1.0000e-01,1.0958e+01,1.0958e+02,3D Shear-Dominated
Neptune,Shear_Dominated_Cold,18.80,19944.57,8.3468,1.0556e+03,1.0000e-01,1.1017e+01,1.1017e+02,3D Shear-Dominated
Neptune,Shear_Dominated_Cold,18.90,20050.13,8.4800,1.0556e+03,1.0000e-01,1.1075e+01,1.1075e+02,3D Shear-Dominated
Neptune,Shear_Dominated_Cold,19.00,20155.68,8.6147,1.0556e+03,1.0000e-01,1.1133e+01,1.1133e+02,3D Shear-Dominated
Neptune,Shear_Dominated_Cold,19.10,20261.24,8.7507,1.0556e+03,1.0000e-01,1.1192e+01,1.1192e+02,3D Shear-Dominated
Neptune,Shear_Dominated_Cold,19.20,20366.79,8.8882,1.0556e+03,1.0000e-01,1.1250e+01,1.1250e+02,3D Shear-Dominated
Neptune,Shear_Dominated_Cold,19.30,20472.35,9.0271,1.0556e+03,1.0000e-01,1.1308e+01,1.1308e+02,3D Shear-Dominated
Neptune,Shear_Dominated_Cold,19.40,20577.91,9.1675,1.0556e+03,1.0000e-01,1.1367e+01,1.1367e+02,3D Shear-Dominated
Neptune,Shear_Dominated_Cold,19.50,20683.46,9.3093,1.0556e+03,1.0000e-01,1.1425e+01,1.1425e+02,3D Shear-Dominated
Neptune,Shear_Dominated_Cold,19.60,20789.02,9.4525,1.0556e+03,1.0000e-01,1.1483e+01,1.1483e+02,3D Shear-Dominated
Neptune,Shear_Dominated_Cold,19.70,20894.58,9.5972,1.0556e+03,1.0000e-01,1.1542e+01,1.1542e+02,3D Shear-Dominated
Neptune,Shear_Dominated_Cold,19.80,21000.13,9.7434,1.0556e+03,1.0000e-01,1.1600e+01,1.1600e+02,3D Shear-Dominated
Neptune,Shear_Dominated_Cold,19.90,21105.69,9.8911,1.0556e+03,1.0000e-01,1.1658e+01,1.1658e+02,3D Shear-Dominated
Neptune,Shear_Dominated_Cold,20.00,21211.24,10.0402,1.0556e+03,1.0000e-01,1.1716e+01,1.1716e+02,3D Shear-Dominated
Neptune,Shear_Dominated_Cold,20.10,21316.80,10.1909,1.0556e+03,1.0000e-01,1.1775e+01,1.1775e+02,3D Shear-Dominated
Neptune,Shear_Dominated_Cold,20.20,21422.36,10.3430,1.0556e+03,1.0000e-01,1.1833e+01,1.1833e+02,3D Shear-Dominated
Neptune,Shear_Dominated_Cold,20.30,21527.91,10.4967,1.0556e+03,1.0000e-01,1.1891e+01,1.1891e+02,3D Shear-Dominated
Neptune,Shear_Dominated_Cold,20.40,21633.47,10.6518,1.0556e+03,1.0000e-01,1.1950e+01,1.1950e+02,3D Shear-Dominated
Neptune,Shear_Dominated_Cold,20.50,21739.03,10.8085,1.0556e+03,1.0000e-01,1.2008e+01,1.2008e+02,3D Shear-Dominated
Neptune,Shear_Dominated_Cold,20.60,21844.58,10.9667,1.0556e+03,1.0000e-01,1.2066e+01,1.2066e+02,3D Shear-Dominated
Neptune,Shear_Dominated_Cold,20.70,21950.14,11.1265,1.0556e+03,1.0000e-01,1.2125e+01,1.2125e+02,3D Shear-Dominated
Neptune,Shear_Dominated_Cold,20.80,22055.69,11.2878,1.0556e+03,1.0000e-01,1.2183e+01,1.2183e+02,3D Shear-Dominated
Neptune,Shear_Dominated_Cold,20.90,22161.25,11.4506,1.0556e+03,1.0000e-01,1.2241e+01,1.2241e+02,3D Shear-Dominated
Neptune,Shear_Dominated_Cold,21.00,22266.81,11.6150,1.0556e+03,1.0000e-01,1.2300e+01,1.2300e+02,3D Shear-Dominated
Neptune,Shear_Dominated_Cold,21.10,22372.36,11.7810,1.0556e+03,1.0000e-01,1.2358e+01,1.2358e+02,3D Shear-Dominated
Neptune,Shear_Dominated_Cold,21.20,22477.92,11.9485,1.0556e+03,1.0000e-01,1.2416e+01,1.2416e+02,3D Shear-Dominated
Neptune,Shear_Dominated_Cold,21.30,22583.48,12.1176,1.0556e+03,1.0000e-01,1.2474e+01,1.2474e+02,3D Shear-Dominated
Neptune,Shear_Dominated_Cold,21.40,22689.03,12.2883,1.0556e+03,1.0000e-01,1.2533e+01,1.2533e+02,3D Shear-Dominated
Neptune,Shear_Dominated_Cold,21.50,22794.59,12.4607,1.0556e+03,1.0000e-01,1.2591e+01,1.2591e+02,3D Shear-Dominated
Neptune,Shear_Dominated_Cold,21.60,22900.14,12.6346,1.0556e+03,1.0000e-01,1.2649e+01,1.2649e+02,3D Shear-Dominated
Neptune,Shear_Dominated_Cold,21.70,23005.70,12.8101,1.0556e+03,1.0000e-01,1.2708e+01,1.2708e+02,3D Shear-Dominated
Neptune,Shear_Dominated_Cold,21.80,23111.26,12.9872,1.0556e+03,1.0000e-01,1.2766e+01,1.2766e+02,3D Shear-Dominated
Neptune,Shear_Dominated_Cold,21.90,23216.81,13.1660,1.0556e+03,1.0000e-01,1.2824e+01,1.2824e+02,3D Shear-Dominated
Neptune,Shear_Dominated_Cold,22.00,23322.37,13.3464,1.0556e+03,1.0000e-01,1.2883e+01,1.2883e+02,3D Shear-Dominated
Neptune,Shear_Dominated_Cold,22.10,23427.93,13.5284,1.0556e+03,1.0000e-01,1.2941e+01,1.2941e+02,3D Shear-Dominated
Neptune,Shear_Dominated_Cold,22.20,23533.48,13.7121,1.0556e+03,1.0000e-01,1.2999e+01,1.2999e+02,3D Shear-Dominated
Neptune,Shear_Dominated_Cold,22.30,23639.04,13.8974,1.0556e+03,1.0000e-01,1.3057e+01,1.3057e+02,3D Shear-Dominated
Neptune,Shear_Dominated_Cold,22.40,23744.59,14.0844,1.0556e+03,1.0000e-01,1.3116e+01,1.3116e+02,3D Shear-Dominated
Neptune,Shear_Dominated_Cold,22.50,23850.15,14.2731,1.0556e+03,1.0000e-01,1.3174e+01,1.3174e+02,3D Shear-Dominated
Neptune,Shear_Dominated_Cold,22.60,23955.71,14.4635,1.0556e+03,1.0000e-01,1.3232e+01,1.3232e+02,3D Shear-Dominated
Neptune,Shear_Dominated_Cold,22.70,24061.26,14.6555,1.0556e+03,1.0000e-01,1.3291e+01,1.3291e+02,3D Shear-Dominated
Neptune,Shear_Dominated_Cold,22.80,24166.82,14.8492,1.0556e+03,1.0000e-01,1.3349e+01,1.3349e+02,3D Shear-Dominated
Neptune,Shear_Dominated_Cold,22.90,24272.38,15.0447,1.0556e+03,1.0000e-01,1.3407e+01,1.3407e+02,3D Shear-Dominated
Neptune,Shear_Dominated_Cold,23.00,24377.93,15.2418,1.0556e+03,1.0000e-01,1.3466e+01,1.3466e+02,3D Shear-Dominated
Neptune,Shear_Dominated_Cold,23.10,24483.49,15.4406,1.0556e+03,1.0000e-01,1.3524e+01,1.3524e+02,3D Shear-Dominated
Neptune,Shear_Dominated_Cold,23.20,24589.04,15.6412,1.0556e+03,1.0000e-01,1.3582e+01,1.3582e+02,3D Shear-Dominated
Neptune,Shear_Dominated_Cold,23.30,24694.60,15.8435,1.0556e+03,1.0000e-01,1.3641e+01,1.3641e+02,3D Shear-Dominated
Neptune,Shear_Dominated_Cold,23.40,24800.16,16.0476,1.0556e+03,1.0000e-01,1.3699e+01,1.3699e+02,3D Shear-Dominated
Neptune,Shear_Dominated_Cold,23.50,24905.71,16.2533,1.0556e+03,1.0000e-01,1.3757e+01,1.3757e+02,3D Shear-Dominated
Neptune,Shear_Dominated_Cold,23.60,25011.27,16.4609,1.0556e+03,1.0000e-01,1.3815e+01,1.3815e+02,3D Shear-Dominated
Neptune,Shear_Dominated_Cold,23.70,25116.82,16.6702,1.0556e+03,1.0000e-01,1.3874e+01,1.3874e+02,3D Shear-Dominated
Neptune,Shear_Dominated_Cold,23.80,25222.38,16.8812,1.0556e+03,1.0000e-01,1.3932e+01,1.3932e+02,3D Shear-Dominated
Neptune,Shear_Dominated_Cold,23.90,25327.94,17.0941,1.0556e+03,1.0000e-01,1.3990e+01,1.3990e+02,3D Shear-Dominated
Neptune,Shear_Dominated_Cold,24.00,25433.49,17.3087,1.0556e+03,1.0000e-01,1.4049e+01,1.4049e+02,3D Shear-Dominated
Neptune,Shear_Dominated_Cold,24.10,25539.05,17.5251,1.0556e+03,1.0000e-01,1.4107e+01,1.4107e+02,3D Shear-Dominated
Neptune,Shear_Dominated_Cold,24.20,25644.61,17.7433,1.0556e+03,1.0000e-01,1.4165e+01,1.4165e+02,3D Shear-Dominated
Neptune,Shear_Dominated_Cold,24.30,25750.16,17.9633,1.0556e+03,1.0000e-01,1.4224e+01,1.4224e+02,3D Shear-Dominated
Neptune,Shear_Dominated_Cold,24.40,25855.72,18.1851,1.0556e+03,1.0000e-01,1.4282e+01,1.4282e+02,3D Shear-Dominated
Neptune,Shear_Dominated_Cold,24.50,25961.27,18.4087,1.0556e+03,1.0000e-01,1.4340e+01,1.4340e+02,3D Shear-Dominated
Neptune,Shear_Dominated_Cold,24.60,26066.83,18.6342,1.0556e+03,1.0000e-01,1.4399e+01,1.4399e+02,3D Shear-Dominated
Neptune,Shear_Dominated_Cold,24.70,26172.39,18.8615,1.0556e+03,1.0000e-01,1.4457e+01,1.4457e+02,3D Shear-Dominated
Neptune,Shear_Dominated_Cold,24.80,26277.94,19.0906,1.0556e+03,1.0000e-01,1.4515e+01,1.4515e+02,3D Shear-Dominated
Neptune,Shear_Dominated_Cold,24.90,26383.50,19.3216,1.0556e+03,1.0000e-01,1.4573e+01,1.4573e+02,3D Shear-Dominated
Neptune,Shear_Dominated_Cold,25.00,26489.06,19.5544,1.0556e+03,1.0000e-01,1.4632e+01,1.4632e+02,3D Shear-Dominated
Neptune,Shear_Dominated_Cold,25.10,26594.61,19.7891,1.0556e+03,1.0000e-01,1.4690e+01,1.4690e+02,3D Shear-Dominated
Neptune,Shear_Dominated_Cold,25.20,26700.17,20.0257,1.0556e+03,1.0000e-01,1.4748e+01,1.4748e+02,3D Shear-Dominated
Neptune,Shear_Dominated_Cold,25.30,26805.72,20.2641,1.0556e+03,1.0000e-01,1.4807e+01,1.4807e+02,3D Shear-Dominated
Neptune,Shear_Dominated_Cold,25.40,26911.28,20.5045,1.0556e+03,1.0000e-01,1.4865e+01,1.4865e+02,3D Shear-Dominated
Neptune,Shear_Dominated_Cold,25.50,27016.84,20.7467,1.0556e+03,1.0000e-01,1.4923e+01,1.4923e+02,3D Shear-Dominated
Neptune,Shear_Dominated_Cold,25.60,27122.39,20.9908,1.0556e+03,1.0000e-01,1.4982e+01,1.4982e+02,3D Shear-Dominated
Neptune,Shear_Dominated_Cold,25.70,27227.95,21.2369,1.0556e+03,1.0000e-01,1.5040e+01,1.5040e+02,3D Shear-Dominated
Neptune,Shear_Dominated_Cold,25.80,27333.51,21.4848,1.0556e+03,1.0000e-01,1.5098e+01,1.5098e+02,3D Shear-Dominated
Neptune,Shear_Dominated_Cold,25.90,27439.06,21.7347,1.0556e+03,1.0000e-01,1.5156e+01,1.5156e+02,3D Shear-Dominated
Neptune,Shear_Dominated_Cold,26.00,27544.62,21.9865,1.0556e+03,1.0000e-01,1.5215e+01,1.5215e+02,3D Shear-Dominated
Neptune,Shear_Dominated_Cold,26.10,27650.17,22.2402,1.0556e+03,1.0000e-01,1.5273e+01,1.5273e+02,3D Shear-Dominated
Neptune,Shear_Dominated_Cold,26.20,27755.73,22.4959,1.0556e+03,1.0000e-01,1.5331e+01,1.5331e+02,3D Shear-Dominated
Neptune,Shear_Dominated_Cold,26.30,27861.29,22.7535,1.0556e+03,1.0000e-01,1.5390e+01,1.5390e+02,3D Shear-Dominated
Neptune,Shear_Dominated_Cold,26.40,27966.84,23.0131,1.0556e+03,1.0000e-01,1.5448e+01,1.5448e+02,3D Shear-Dominated
Neptune,Shear_Dominated_Cold,26.50,28072.40,23.2747,1.0556e+03,1.0000e-01,1.5506e+01,1.5506e+02,3D Shear-Dominated
Neptune,Shear_Dominated_Cold,26.60,28177.96,23.5382,1.0556e+03,1.0000e-01,1.5565e+01,1.5565e+02,3D Shear-Dominated
Neptune,Shear_Dominated_Cold,26.70,28283.51,23.8038,1.0556e+03,1.0000e-01,1.5623e+01,1.5623e+02,3D Shear-Dominated
Neptune,Shear_Dominated_Cold,26.80,28389.07,24.0713,1.0556e+03,1.0000e-01,1.5681e+01,1.5681e+02,3D Shear-Dominated
Neptune,Shear_Dominated_Cold,26.90,28494.62,24.3408,1.0556e+03,1.0000e-01,1.5740e+01,1.5740e+02,3D Shear-Dominated
Neptune,Shear_Dominated_Cold,27.00,28600.18,24.6123,1.0556e+03,1.0000e-01,1.5798e+01,1.5798e+02,3D Shear-Dominated
Neptune,Shear_Dominated_Cold,27.10,28705.74,24.8858,1.0556e+03,1.0000e-01,1.5856e+01,1.5856e+02,3D Shear-Dominated
Neptune,Shear_Dominated_Cold,27.20,28811.29,25.1613,1.0556e+03,1.0000e-01,1.5914e+01,1.5914e+02,3D Shear-Dominated
Neptune,Shear_Dominated_Cold,27.30,28916.85,25.4389,1.0556e+03,1.0000e-01,1.5973e+01,1.5973e+02,3D Shear-Dominated
Neptune,Shear_Dominated_Cold,27.40,29022.41,25.7185,1.0556e+03,1.0000e-01,1.6031e+01,1.6031e+02,3D Shear-Dominated
Neptune,Shear_Dominated_Cold,27.50,29127.96,26.0001,1.0556e+03,1.0000e-01,1.6089e+01,1.6089e+02,3D Shear-Dominated
Neptune,Shear_Dominated_Cold,27.60,29233.52,26.2838,1.0556e+03,1.0000e-01,1.6148e+01,1.6148e+02,3D Shear-Dominated
Neptune,Shear_Dominated_Cold,27.70,29339.07,26.5696,1.0556e+03,1.0000e-01,1.6206e+01,1.6206e+02,3D Shear-Dominated
Neptune,Shear_Dominated_Cold,27.80,29444.63,26.8574,1.0556e+03,1.0000e-01,1.6264e+01,1.6264e+02,3D Shear-Dominated
Neptune,Shear_Dominated_Cold,27.90,29550.19,27.1473,1.0556e+03,1.0000e-01,1.6323e+01,1.6323e+02,3D Shear-Dominated
Neptune,Shear_Dominated_Cold,28.00,29655.74,27.4392,1.0556e+03,1.0000e-01,1.6381e+01,1.6381e+02,3D Shear-Dominated
Neptune,Shear_Dominated_Cold,28.10,29761.30,27.7333,1.0556e+03,1.0000e-01,1.6439e+01,1.6439e+02,3D Shear-Dominated
Neptune,Shear_Dominated_Cold,28.20,29866.85,28.0294,1.0556e+03,1.0000e-01,1.6498e+01,1.6498e+02,3D Shear-Dominated
Neptune,Shear_Dominated_Cold,28.30,29972.41,28.3277,1.0556e+03,1.0000e-01,1.6556e+01,1.6556e+02,3D Shear-Dominated
Neptune,Shear_Dominated_Cold,28.40,30077.97,28.6280,1.0556e+03,1.0000e-01,1.6614e+01,1.6614e+02,3D Shear-Dominated
Neptune,Shear_Dominated_Cold,28.50,30183.52,28.9305,1.0556e+03,1.0000e-01,1.6672e+01,1.6672e+02,3D Shear-Dominated
Neptune,Shear_Dominated_Cold,28.60,30289.08,29.2350,1.0556e+03,1.0000e-01,1.6731e+01,1.6731e+02,3D Shear-Dominated
Neptune,Shear_Dominated_Cold,28.70,30394.64,29.5418,1.0556e+03,1.0000e-01,1.6789e+01,1.6789e+02,3D Shear-Dominated
Neptune,Shear_Dominated_Cold,28.80,30500.19,29.8506,1.0556e+03,1.0000e-01,1.6847e+01,1.6847e+02,3D Shear-Dominated
Neptune,Shear_Dominated_Cold,28.90,30605.75,30.1616,1.0556e+03,1.0000e-01,1.6906e+01,1.6906e+02,3D Shear-Dominated
Neptune,Equilibrium_Stirring,0.00,100.00,0.0000,5.6451e+02,1.8699e-01,1.0329e-01,5.5237e-01,3D Shear-Dominated
Neptune,Equilibrium_Stirring,0.10,156.45,0.0000,5.0475e+02,2.0912e-01,1.8072e-01,8.6419e-01,3D Shear-Dominated
Neptune,Equilibrium_Stirring,0.20,206.93,0.0000,4.7067e+02,2.2427e-01,2.5634e-01,1.1430e+00,3D Shear-Dominated
Neptune,Equilibrium_Stirring,0.30,253.99,0.0000,4.4717e+02,2.3606e-01,3.3118e-01,1.4030e+00,3D Shear-Dominated
Neptune,Equilibrium_Stirring,0.40,298.71,0.0000,4.2940e+02,2.4582e-01,4.0560e-01,1.6500e+00,3D Shear-Dominated
Neptune,Equilibrium_Stirring,0.50,341.65,0.0000,4.1522e+02,2.5422e-01,4.7975e-01,1.8872e+00,3D Shear-Dominated
Neptune,Equilibrium_Stirring,0.60,383.17,0.0001,4.0348e+02,2.6161e-01,5.5371e-01,2.1165e+00,3D Shear-Dominated
Neptune,Equilibrium_Stirring,0.70,423.52,0.0001,3.9351e+02,2.6824e-01,6.2753e-01,2.3394e+00,3D Shear-Dominated
Neptune,Equilibrium_Stirring,0.80,462.87,0.0001,3.8487e+02,2.7427e-01,7.0124e-01,2.5568e+00,3D Shear-Dominated
Neptune,Equilibrium_Stirring,0.90,501.36,0.0001,3.7726e+02,2.7980e-01,7.7486e-01,2.7694e+00,3D Shear-Dominated
Neptune,Equilibrium_Stirring,1.00,539.08,0.0002,3.7048e+02,2.8492e-01,8.4842e-01,2.9777e+00,3D Shear-Dominated
Neptune,Equilibrium_Stirring,1.10,576.13,0.0002,3.6437e+02,2.8969e-01,9.2192e-01,3.1824e+00,3D Shear-Dominated
Neptune,Equilibrium_Stirring,1.20,612.57,0.0002,3.5883e+02,2.9417e-01,9.9537e-01,3.3836e+00,3D Shear-Dominated
Neptune,Equilibrium_Stirring,1.30,648.45,0.0003,3.5376e+02,2.9839e-01,1.0688e+00,3.5819e+00,3D Shear-Dominated
Neptune,Equilibrium_Stirring,1.40,683.83,0.0003,3.4909e+02,3.0237e-01,1.1421e+00,3.7773e+00,3D Shear-Dominated
Neptune,Equilibrium_Stirring,1.50,718.74,0.0004,3.4477e+02,3.0616e-01,1.2155e+00,3.9701e+00,3D Shear-Dominated
Neptune,Equilibrium_Stirring,1.60,753.21,0.0004,3.4076e+02,3.0977e-01,1.2888e+00,4.1605e+00,3D Shear-Dominated
Neptune,Equilibrium_Stirring,1.70,787.29,0.0005,3.3701e+02,3.1322e-01,1.3621e+00,4.3487e+00,3D Shear-Dominated
Neptune,Equilibrium_Stirring,1.80,820.99,0.0006,3.3350e+02,3.1651e-01,1.4354e+00,4.5349e+00,3D Shear-Dominated
Neptune,Equilibrium_Stirring,1.90,854.34,0.0007,3.3019e+02,3.1968e-01,1.5086e+00,4.7191e+00,3D Shear-Dominated
Neptune,Equilibrium_Stirring,2.00,887.36,0.0007,3.2708e+02,3.2273e-01,1.5818e+00,4.9015e+00,3D Shear-Dominated
Neptune,Equilibrium_Stirring,2.10,920.07,0.0008,3.2413e+02,3.2566e-01,1.6551e+00,5.0822e+00,3D Shear-Dominated
Neptune,Equilibrium_Stirring,2.20,952.48,0.0009,3.2134e+02,3.2849e-01,1.7283e+00,5.2612e+00,3D Shear-Dominated
Neptune,Equilibrium_Stirring,2.30,984.61,0.0010,3.1868e+02,3.3123e-01,1.8014e+00,5.4387e+00,3D Shear-Dominated
Neptune,Equilibrium_Stirring,2.40,1016.48,0.0011,3.1615e+02,3.3388e-01,1.8746e+00,5.6147e+00,3D Shear-Dominated
Neptune,Equilibrium_Stirring,2.50,1048.10,0.0012,3.1374e+02,3.3644e-01,1.9478e+00,5.7894e+00,3D Shear-Dominated
Neptune,Equilibrium_Stirring,2.60,1079.47,0.0013,3.1144e+02,3.3893e-01,2.0209e+00,5.9627e+00,3D Shear-Dominated
Neptune,Equilibrium_Stirring,2.70,1110.62,0.0014,3.0923e+02,3.4135e-01,2.0941e+00,6.1347e+00,3D Shear-Dominated
Neptune,Equilibrium_Stirring,2.80,1141.54,0.0016,3.0712e+02,3.4370e-01,2.1672e+00,6.3055e+00,3D Shear-Dominated
Neptune,Equilibrium_Stirring,2.90,1172.25,0.0017,3.0508e+02,3.4599e-01,2.2403e+00,6.4752e+00,3D Shear-Dominated
Neptune,Equilibrium_Stirring,3.00,1202.76,0.0018,3.0313e+02,3.4822e-01,2.3135e+00,6.6437e+00,3D Shear-Dominated
Neptune,Equilibrium_Stirring,3.10,1233.07,0.0020,3.0125e+02,3.5039e-01,2.3866e+00,6.8111e+00,3D Shear-Dominated
Neptune,Equilibrium_Stirring,3.20,1263.20,0.0021,2.9944e+02,3.5251e-01,2.4597e+00,6.9775e+00,3D Shear-Dominated
Neptune,Equilibrium_Stirring,3.30,1293.14,0.0023,2.9769e+02,3.5459e-01,2.5328e+00,7.1429e+00,3D Shear-Dominated
Neptune,Equilibrium_Stirring,3.40,1322.91,0.0024,2.9600e+02,3.5661e-01,2.6059e+00,7.3073e+00,3D Shear-Dominated
Neptune,Equilibrium_Stirring,3.50,1352.51,0.0026,2.9437e+02,3.5859e-01,2.6789e+00,7.4709e+00,3D Shear-Dominated
Neptune,Equilibrium_Stirring,3.60,1381.95,0.0028,2.9279e+02,3.6052e-01,2.7520e+00,7.6334e+00,3D Shear-Dominated
Neptune,Equilibrium_Stirring,3.70,1411.23,0.0030,2.9126e+02,3.6242e-01,2.8251e+00,7.7952e+00,3D Shear-Dominated
Neptune,Equilibrium_Stirring,3.80,1440.35,0.0031,2.8977e+02,3.6427e-01,2.8982e+00,7.9561e+00,3D Shear-Dominated
Neptune,Equilibrium_Stirring,3.90,1469.33,0.0033,2.8833e+02,3.6609e-01,2.9712e+00,8.1161e+00,3D Shear-Dominated
Neptune,Equilibrium_Stirring,4.00,1498.16,0.0035,2.8694e+02,3.6787e-01,3.0443e+00,8.2754e+00,3D Shear-Dominated
Neptune,Equilibrium_Stirring,4.10,1526.86,0.0037,2.8558e+02,3.6962e-01,3.1174e+00,8.4339e+00,3D Shear-Dominated
Neptune,Equilibrium_Stirring,4.20,1555.41,0.0040,2.8426e+02,3.7134e-01,3.1904e+00,8.5916e+00,3D Shear-Dominated
Neptune,Equilibrium_Stirring,4.30,1583.84,0.0042,2.8297e+02,3.7302e-01,3.2635e+00,8.7486e+00,3D Shear-Dominated
Neptune,Equilibrium_Stirring,4.40,1612.14,0.0044,2.8172e+02,3.7468e-01,3.3365e+00,8.9049e+00,3D Shear-Dominated
Neptune,Equilibrium_Stirring,4.50,1640.31,0.0046,2.8051e+02,3.7631e-01,3.4095e+00,9.0606e+00,3D Shear-Dominated
Neptune,Equilibrium_Stirring,4.60,1668.36,0.0049,2.7932e+02,3.7790e-01,3.4826e+00,9.2155e+00,3D Shear-Dominated
Neptune,Equilibrium_Stirring,4.70,1696.29,0.0051,2.7816e+02,3.7948e-01,3.5556e+00,9.3698e+00,3D Shear-Dominated
Neptune,Equilibrium_Stirring,4.80,1724.11,0.0054,2.7703e+02,3.8102e-01,3.6286e+00,9.5234e+00,3D Shear-Dominated
Neptune,Equilibrium_Stirring,4.90,1751.81,0.0057,2.7593e+02,3.8254e-01,3.7017e+00,9.6765e+00,3D Shear-Dominated
Neptune,Equilibrium_Stirring,5.00,1779.40,0.0059,2.7486e+02,3.8404e-01,3.7747e+00,9.8289e+00,3D Shear-Dominated
Neptune,Equilibrium_Stirring,5.10,1806.89,0.0062,2.7381e+02,3.8552e-01,3.8477e+00,9.9807e+00,3D Shear-Dominated
Neptune,Equilibrium_Stirring,5.20,1834.27,0.0065,2.7278e+02,3.8697e-01,3.9207e+00,1.0132e+01,3D Shear-Dominated
Neptune,Equilibrium_Stirring,5.30,1861.55,0.0068,2.7177e+02,3.8840e-01,3.9938e+00,1.0283e+01,3D Shear-Dominated
Neptune,Equilibrium_Stirring,5.40,1888.73,0.0071,2.7079e+02,3.8981e-01,4.0668e+00,1.0433e+01,3D Shear-Dominated
Neptune,Equilibrium_Stirring,5.50,1915.80,0.0074,2.6983e+02,3.9120e-01,4.1398e+00,1.0582e+01,3D Shear-Dominated
Neptune,Equilibrium_Stirring,5.60,1942.79,0.0077,2.6889e+02,3.9257e-01,4.2128e+00,1.0731e+01,3D Shear-Dominated
Neptune,Equilibrium_Stirring,5.70,1969.68,0.0080,2.6796e+02,3.9392e-01,4.2858e+00,1.0880e+01,3D Shear-Dominated
Neptune,Equilibrium_Stirring,5.80,1996.47,0.0084,2.6706e+02,3.9525e-01,4.3588e+00,1.1028e+01,3D Shear-Dominated
Neptune,Equilibrium_Stirring,5.90,2023.18,0.0087,2.6617e+02,3.9657e-01,4.4318e+00,1.1175e+01,3D Shear-Dominated
Neptune,Equilibrium_Stirring,6.00,2049.80,0.0091,2.6531e+02,3.9787e-01,4.5048e+00,1.1322e+01,3D Shear-Dominated
Neptune,Equilibrium_Stirring,6.10,2076.33,0.0094,2.6445e+02,3.9915e-01,4.5778e+00,1.1469e+01,3D Shear-Dominated
Neptune,Equilibrium_Stirring,6.20,2102.77,0.0098,2.6362e+02,4.0041e-01,4.6508e+00,1.1615e+01,3D Shear-Dominated
Neptune,Equilibrium_Stirring,6.30,2129.13,0.0102,2.6280e+02,4.0166e-01,4.7238e+00,1.1761e+01,3D Shear-Dominated
Neptune,Equilibrium_Stirring,6.40,2155.41,0.0105,2.6199e+02,4.0289e-01,4.7968e+00,1.1906e+01,3D Shear-Dominated
Neptune,Equilibrium_Stirring,6.50,2181.61,0.0109,2.6120e+02,4.0411e-01,4.8698e+00,1.2051e+01,3D Shear-Dominated
Neptune,Equilibrium_Stirring,6.60,2207.73,0.0113,2.6043e+02,4.0532e-01,4.9428e+00,1.2195e+01,3D Shear-Dominated
Neptune,Equilibrium_Stirring,6.70,2233.78,0.0117,2.5967e+02,4.0651e-01,5.0158e+00,1.2339e+01,3D Shear-Dominated
Neptune,Equilibrium_Stirring,6.80,2259.74,0.0121,2.5892e+02,4.0768e-01,5.0888e+00,1.2482e+01,3D Shear-Dominated
Neptune,Equilibrium_Stirring,6.90,2285.63,0.0126,2.5818e+02,4.0885e-01,5.1618e+00,1.2625e+01,3D Shear-Dominated
Neptune,Equilibrium_Stirring,7.00,2311.45,0.0130,2.5746e+02,4.1000e-01,5.2347e+00,1.2768e+01,3D Shear-Dominated
Neptune,Equilibrium_Stirring,7.10,2337.20,0.0134,2.5674e+02,4.1113e-01,5.3077e+00,1.2910e+01,3D Shear-Dominated
Neptune,Equilibrium_Stirring,7.20,2362.87,0.0139,2.5604e+02,4.1226e-01,5.3807e+00,1.3052e+01,3D Shear-Dominated
Neptune,Equilibrium_Stirring,7.30,2388.48,0.0143,2.5536e+02,4.1337e-01,5.4537e+00,1.3193e+01,3D Shear-Dominated
Neptune,Equilibrium_Stirring,7.40,2414.01,0.0148,2.5468e+02,4.1447e-01,5.5267e+00,1.3334e+01,3D Shear-Dominated
Neptune,Equilibrium_Stirring,7.50,2439.48,0.0153,2.5401e+02,4.1556e-01,5.5996e+00,1.3475e+01,3D Shear-Dominated
Neptune,Equilibrium_Stirring,7.60,2464.88,0.0158,2.5335e+02,4.1664e-01,5.6726e+00,1.3615e+01,3D Shear-Dominated
Neptune,Equilibrium_Stirring,7.70,2490.22,0.0162,2.5271e+02,4.1770e-01,5.7456e+00,1.3755e+01,3D Shear-Dominated
Neptune,Equilibrium_Stirring,7.80,2515.49,0.0167,2.5207e+02,4.1876e-01,5.8186e+00,1.3895e+01,3D Shear-Dominated
Neptune,Equilibrium_Stirring,7.90,2540.69,0.0173,2.5144e+02,4.1980e-01,5.8915e+00,1.4034e+01,3D Shear-Dominated
Neptune,Equilibrium_Stirring,8.00,2565.84,0.0178,2.5082e+02,4.2084e-01,5.9645e+00,1.4173e+01,3D Shear-Dominated
Neptune,Equilibrium_Stirring,8.10,2590.92,0.0183,2.5021e+02,4.2186e-01,6.0375e+00,1.4311e+01,3D Shear-Dominated
Neptune,Equilibrium_Stirring,8.20,2615.94,0.0188,2.4961e+02,4.2288e-01,6.1105e+00,1.4450e+01,3D Shear-Dominated
Neptune,Equilibrium_Stirring,8.30,2640.90,0.0194,2.4902e+02,4.2388e-01,6.1834e+00,1.4588e+01,3D Shear-Dominated
Neptune,Equilibrium_Stirring,8.40,2665.81,0.0199,2.4844e+02,4.2488e-01,6.2564e+00,1.4725e+01,3D Shear-Dominated
Neptune,Equilibrium_Stirring,8.50,2690.65,0.0205,2.4786e+02,4.2587e-01,6.3294e+00,1.4862e+01,3D Shear-Dominated
Neptune,Equilibrium_Stirring,8.60,2715.44,0.0211,2.4729e+02,4.2684e-01,6.4023e+00,1.4999e+01,3D Shear-Dominated
Neptune,Equilibrium_Stirring,8.70,2740.16,0.0216,2.4673e+02,4.2781e-01,6.4753e+00,1.5136e+01,3D Shear-Dominated
Neptune,Equilibrium_Stirring,8.80,2764.84,0.0222,2.4618e+02,4.2877e-01,6.5483e+00,1.5272e+01,3D Shear-Dominated
Neptune,Equilibrium_Stirring,8.90,2789.46,0.0228,2.4564e+02,4.2972e-01,6.6212e+00,1.5408e+01,3D Shear-Dominated
Neptune,Equilibrium_Stirring,9.00,2814.02,0.0234,2.4510e+02,4.3067e-01,6.6942e+00,1.5544e+01,3D Shear-Dominated
Neptune,Equilibrium_Stirring,9.10,2838.53,0.0241,2.4457e+02,4.3160e-01,6.7671e+00,1.5679e+01,3D Shear-Dominated
Neptune,Equilibrium_Stirring,9.20,2862.99,0.0247,2.4404e+02,4.3253e-01,6.8401e+00,1.5814e+01,3D Shear-Dominated
Neptune,Equilibrium_Stirring,9.30,2887.39,0.0253,2.4353e+02,4.3345e-01,6.9131e+00,1.5949e+01,3D Shear-Dominated
Neptune,Equilibrium_Stirring,9.40,2911.74,0.0260,2.4302e+02,4.3436e-01,6.9860e+00,1.6084e+01,3D Shear-Dominated
Neptune,Equilibrium_Stirring,9.50,2936.05,0.0266,2.4251e+02,4.3526e-01,7.0590e+00,1.6218e+01,3D Shear-Dominated
Neptune,Equilibrium_Stirring,9.60,2960.30,0.0273,2.4201e+02,4.3616e-01,7.1319e+00,1.6352e+01,3D Shear-Dominated
Neptune,Equilibrium_Stirring,9.70,2984.50,0.0280,2.4152e+02,4.3705e-01,7.2049e+00,1.6485e+01,3D Shear-Dominated
Neptune,Equilibrium_Stirring,9.80,3008.65,0.0287,2.4104e+02,4.3793e-01,7.2779e+00,1.6619e+01,3D Shear-Dominated
Neptune,Equilibrium_Stirring,9.90,3032.75,0.0293,2.4056e+02,4.3880e-01,7.3508e+00,1.6752e+01,3D Shear-Dominated
Neptune,Equilibrium_Stirring,10.00,3056.81,0.0301,2.4008e+02,4.3967e-01,7.4238e+00,1.6885e+01,3D Shear-Dominated
Neptune,Equilibrium_Stirring,10.10,3080.82,0.0308,2.3961e+02,4.4053e-01,7.4967e+00,1.7017e+01,3D Shear-Dominated
Neptune,Equilibrium_Stirring,10.20,3104.78,0.0315,2.3915e+02,4.4138e-01,7.5697e+00,1.7150e+01,3D Shear-Dominated
Neptune,Equilibrium_Stirring,10.30,3128.69,0.0322,2.3869e+02,4.4223e-01,7.6426e+00,1.7282e+01,3D Shear-Dominated
Neptune,Equilibrium_Stirring,10.40,3152.56,0.0330,2.3824e+02,4.4307e-01,7.7156e+00,1.7414e+01,3D Shear-Dominated
Neptune,Equilibrium_Stirring,10.50,3176.39,0.0337,2.3779e+02,4.4391e-01,7.7885e+00,1.7545e+01,3D Shear-Dominated
Neptune,Equilibrium_Stirring,10.60,3200.17,0.0345,2.3735e+02,4.4474e-01,7.8615e+00,1.7677e+01,3D Shear-Dominated
Neptune,Equilibrium_Stirring,10.70,3223.90,0.0353,2.3691e+02,4.4556e-01,7.9344e+00,1.7808e+01,3D Shear-Dominated
Neptune,Equilibrium_Stirring,10.80,3247.59,0.0360,2.3647e+02,4.4637e-01,8.0074e+00,1.7939e+01,3D Shear-Dominated
Neptune,Equilibrium_Stirring,10.90,3271.24,0.0368,2.3605e+02,4.4718e-01,8.0803e+00,1.8069e+01,3D Shear-Dominated
Neptune,Equilibrium_Stirring,11.00,3294.84,0.0376,2.3562e+02,4.4799e-01,8.1533e+00,1.8200e+01,3D Shear-Dominated
Neptune,Equilibrium_Stirring,11.10,3318.41,0.0384,2.3520e+02,4.4879e-01,8.2262e+00,1.8330e+01,3D Shear-Dominated
Neptune,Equilibrium_Stirring,11.20,3341.93,0.0393,2.3479e+02,4.4958e-01,8.2992e+00,1.8460e+01,3D Shear-Dominated
Neptune,Equilibrium_Stirring,11.30,3365.40,0.0401,2.3438e+02,4.5037e-01,8.3721e+00,1.8589e+01,3D Shear-Dominated
Neptune,Equilibrium_Stirring,11.40,3388.84,0.0409,2.3397e+02,4.5115e-01,8.4451e+00,1.8719e+01,3D Shear-Dominated
Neptune,Equilibrium_Stirring,11.50,3412.24,0.0418,2.3357e+02,4.5193e-01,8.5180e+00,1.8848e+01,3D Shear-Dominated
Neptune,Equilibrium_Stirring,11.60,3435.60,0.0427,2.3317e+02,4.5270e-01,8.5910e+00,1.8977e+01,3D Shear-Dominated
Neptune,Equilibrium_Stirring,11.70,3458.91,0.0435,2.3278e+02,4.5347e-01,8.6639e+00,1.9106e+01,3D Shear-Dominated
Neptune,Equilibrium_Stirring,11.80,3482.19,0.0444,2.3239e+02,4.5423e-01,8.7368e+00,1.9235e+01,3D Shear-Dominated
Neptune,Equilibrium_Stirring,11.90,3505.43,0.0453,2.3200e+02,4.5498e-01,8.8098e+00,1.9363e+01,3D Shear-Dominated
Neptune,Equilibrium_Stirring,12.00,3528.63,0.0462,2.3162e+02,4.5573e-01,8.8827e+00,1.9491e+01,3D Shear-Dominated
Neptune,Equilibrium_Stirring,12.10,3551.79,0.0471,2.3124e+02,4.5648e-01,8.9557e+00,1.9619e+01,3D Shear-Dominated
Neptune,Equilibrium_Stirring,12.20,3574.92,0.0481,2.3087e+02,4.5722e-01,9.0286e+00,1.9747e+01,3D Shear-Dominated
Neptune,Equilibrium_Stirring,12.30,3598.00,0.0490,2.3049e+02,4.5796e-01,9.1016e+00,1.9874e+01,3D Shear-Dominated
Neptune,Equilibrium_Stirring,12.40,3621.05,0.0500,2.3013e+02,4.5869e-01,9.1745e+00,2.0002e+01,3D Shear-Dominated
Neptune,Equilibrium_Stirring,12.50,3644.06,0.0509,2.2976e+02,4.5942e-01,9.2474e+00,2.0129e+01,3D Shear-Dominated
Neptune,Equilibrium_Stirring,12.60,3667.04,0.0519,2.2940e+02,4.6014e-01,9.3204e+00,2.0256e+01,3D Shear-Dominated
Neptune,Equilibrium_Stirring,12.70,3689.98,0.0529,2.2904e+02,4.6086e-01,9.3933e+00,2.0382e+01,3D Shear-Dominated
Neptune,Equilibrium_Stirring,12.80,3712.88,0.0538,2.2869e+02,4.6157e-01,9.4663e+00,2.0509e+01,3D Shear-Dominated
Neptune,Equilibrium_Stirring,12.90,3735.75,0.0549,2.2834e+02,4.6228e-01,9.5392e+00,2.0635e+01,3D Shear-Dominated
Neptune,Equilibrium_Stirring,13.00,3758.59,0.0559,2.2799e+02,4.6298e-01,9.6121e+00,2.0761e+01,3D Shear-Dominated
Neptune,Equilibrium_Stirring,13.10,3781.39,0.0569,2.2765e+02,4.6368e-01,9.6851e+00,2.0887e+01,3D Shear-Dominated
Neptune,Equilibrium_Stirring,13.20,3804.15,0.0579,2.2731e+02,4.6438e-01,9.7580e+00,2.1013e+01,3D Shear-Dominated
Neptune,Equilibrium_Stirring,13.30,3826.88,0.0590,2.2697e+02,4.6507e-01,9.8309e+00,2.1139e+01,3D Shear-Dominated
Neptune,Equilibrium_Stirring,13.40,3849.58,0.0600,2.2663e+02,4.6576e-01,9.9039e+00,2.1264e+01,3D Shear-Dominated
Neptune,Equilibrium_Stirring,13.50,3872.24,0.0611,2.2630e+02,4.6644e-01,9.9768e+00,2.1389e+01,3D Shear-Dominated
Neptune,Equilibrium_Stirring,13.60,3894.87,0.0622,2.2597e+02,4.6712e-01,1.0050e+01,2.1514e+01,3D Shear-Dominated
Neptune,Equilibrium_Stirring,13.70,3917.47,0.0633,2.2564e+02,4.6780e-01,1.0123e+01,2.1639e+01,3D Shear-Dominated
Neptune,Equilibrium_Stirring,13.80,3940.03,0.0643,2.2532e+02,4.6847e-01,1.0196e+01,2.1764e+01,3D Shear-Dominated
Neptune,Equilibrium_Stirring,13.90,3962.57,0.0655,2.2500e+02,4.6914e-01,1.0269e+01,2.1888e+01,3D Shear-Dominated
Neptune,Equilibrium_Stirring,14.00,3985.07,0.0666,2.2468e+02,4.6981e-01,1.0341e+01,2.2012e+01,3D Shear-Dominated
Neptune,Equilibrium_Stirring,14.10,4007.53,0.0677,2.2437e+02,4.7047e-01,1.0414e+01,2.2136e+01,3D Shear-Dominated
Neptune,Equilibrium_Stirring,14.20,4029.97,0.0689,2.2405e+02,4.7112e-01,1.0487e+01,2.2260e+01,3D Shear-Dominated
Neptune,Equilibrium_Stirring,14.30,4052.37,0.0700,2.2374e+02,4.7178e-01,1.0560e+01,2.2384e+01,3D Shear-Dominated
Neptune,Equilibrium_Stirring,14.40,4074.75,0.0712,2.2343e+02,4.7243e-01,1.0633e+01,2.2508e+01,3D Shear-Dominated
Neptune,Equilibrium_Stirring,14.50,4097.09,0.0724,2.2313e+02,4.7307e-01,1.0706e+01,2.2631e+01,3D Shear-Dominated
Neptune,Equilibrium_Stirring,14.60,4119.41,0.0735,2.2283e+02,4.7372e-01,1.0779e+01,2.2754e+01,3D Shear-Dominated
Neptune,Equilibrium_Stirring,14.70,4141.69,0.0747,2.2253e+02,4.7436e-01,1.0852e+01,2.2877e+01,3D Shear-Dominated
Neptune,Equilibrium_Stirring,14.80,4163.94,0.0760,2.2223e+02,4.7499e-01,1.0925e+01,2.3000e+01,3D Shear-Dominated
Neptune,Equilibrium_Stirring,14.90,4186.16,0.0772,2.2193e+02,4.7562e-01,1.0998e+01,2.3123e+01,3D Shear-Dominated
Neptune,Equilibrium_Stirring,15.00,4208.36,0.0784,2.2164e+02,4.7625e-01,1.1071e+01,2.3246e+01,3D Shear-Dominated
Neptune,Equilibrium_Stirring,15.10,4230.52,0.0797,2.2135e+02,4.7688e-01,1.1144e+01,2.3368e+01,3D Shear-Dominated
Neptune,Equilibrium_Stirring,15.20,4252.66,0.0809,2.2106e+02,4.7750e-01,1.1217e+01,2.3490e+01,3D Shear-Dominated
Neptune,Equilibrium_Stirring,15.30,4274.76,0.0822,2.2077e+02,4.7812e-01,1.1290e+01,2.3612e+01,3D Shear-Dominated
Neptune,Equilibrium_Stirring,15.40,4296.84,0.0835,2.2049e+02,4.7874e-01,1.1363e+01,2.3734e+01,3D Shear-Dominated
Neptune,Equilibrium_Stirring,15.50,4318.89,0.0848,2.2021e+02,4.7935e-01,1.1435e+01,2.3856e+01,3D Shear-Dominated
Neptune,Equilibrium_Stirring,15.60,4340.91,0.0861,2.1993e+02,4.7996e-01,1.1508e+01,2.3978e+01,3D Shear-Dominated
Neptune,Equilibrium_Stirring,15.70,4362.90,0.0874,2.1965e+02,4.8057e-01,1.1581e+01,2.4099e+01,3D Shear-Dominated
Neptune,Equilibrium_Stirring,15.80,4384.87,0.0887,2.1937e+02,4.8117e-01,1.1654e+01,2.4221e+01,3D Shear-Dominated
Neptune,Equilibrium_Stirring,15.90,4406.80,0.0900,2.1910e+02,4.8177e-01,1.1727e+01,2.4342e+01,3D Shear-Dominated
Neptune,Equilibrium_Stirring,16.00,4428.71,0.0914,2.1883e+02,4.8237e-01,1.1800e+01,2.4463e+01,3D Shear-Dominated
Neptune,Equilibrium_Stirring,16.10,4450.60,0.0927,2.1856e+02,4.8296e-01,1.1873e+01,2.4584e+01,3D Shear-Dominated
Neptune,Equilibrium_Stirring,16.20,4472.45,0.0941,2.1829e+02,4.8355e-01,1.1946e+01,2.4704e+01,3D Shear-Dominated
Neptune,Equilibrium_Stirring,16.30,4494.28,0.0955,2.1803e+02,4.8414e-01,1.2019e+01,2.4825e+01,3D Shear-Dominated
Neptune,Equilibrium_Stirring,16.40,4516.08,0.0969,2.1776e+02,4.8473e-01,1.2092e+01,2.4945e+01,3D Shear-Dominated
Neptune,Equilibrium_Stirring,16.50,4537.86,0.0983,2.1750e+02,4.8531e-01,1.2165e+01,2.5066e+01,3D Shear-Dominated
Neptune,Equilibrium_Stirring,16.60,4559.61,0.0997,2.1724e+02,4.8589e-01,1.2238e+01,2.5186e+01,3D Shear-Dominated
Neptune,Equilibrium_Stirring,16.70,4581.33,0.1012,2.1698e+02,4.8647e-01,1.2311e+01,2.5306e+01,3D Shear-Dominated
Neptune,Equilibrium_Stirring,16.80,4603.03,0.1026,2.1673e+02,4.8705e-01,1.2384e+01,2.5426e+01,3D Shear-Dominated
Neptune,Equilibrium_Stirring,16.90,4624.71,0.1041,2.1647e+02,4.8762e-01,1.2456e+01,2.5545e+01,3D Shear-Dominated
Neptune,Equilibrium_Stirring,17.00,4646.35,0.1055,2.1622e+02,4.8819e-01,1.2529e+01,2.5665e+01,3D Shear-Dominated
Neptune,Equilibrium_Stirring,17.10,4667.98,0.1070,2.1597e+02,4.8876e-01,1.2602e+01,2.5784e+01,3D Shear-Dominated
Neptune,Equilibrium_Stirring,17.20,4689.57,0.1085,2.1572e+02,4.8932e-01,1.2675e+01,2.5904e+01,3D Shear-Dominated
Neptune,Equilibrium_Stirring,17.30,4711.14,0.1100,2.1547e+02,4.8988e-01,1.2748e+01,2.6023e+01,3D Shear-Dominated
Neptune,Equilibrium_Stirring,17.40,4732.69,0.1115,2.1523e+02,4.9044e-01,1.2821e+01,2.6142e+01,3D Shear-Dominated
Neptune,Equilibrium_Stirring,17.50,4754.21,0.1131,2.1498e+02,4.9100e-01,1.2894e+01,2.6261e+01,3D Shear-Dominated
Neptune,Equilibrium_Stirring,17.60,4775.71,0.1146,2.1474e+02,4.9155e-01,1.2967e+01,2.6380e+01,3D Shear-Dominated
Neptune,Equilibrium_Stirring,17.70,4797.19,0.1161,2.1450e+02,4.9210e-01,1.3040e+01,2.6498e+01,3D Shear-Dominated
Neptune,Equilibrium_Stirring,17.80,4818.64,0.1177,2.1426e+02,4.9265e-01,1.3113e+01,2.6617e+01,3D Shear-Dominated
Neptune,Equilibrium_Stirring,17.90,4840.06,0.1193,2.1402e+02,4.9320e-01,1.3186e+01,2.6735e+01,3D Shear-Dominated
Neptune,Equilibrium_Stirring,18.00,4861.47,0.1209,2.1379e+02,4.9374e-01,1.3259e+01,2.6853e+01,3D Shear-Dominated
Neptune,Equilibrium_Stirring,18.10,4882.84,0.1225,2.1355e+02,4.9428e-01,1.3332e+01,2.6971e+01,3D Shear-Dominated
Neptune,Equilibrium_Stirring,18.20,4904.20,0.1241,2.1332e+02,4.9482e-01,1.3404e+01,2.7089e+01,3D Shear-Dominated
Neptune,Equilibrium_Stirring,18.30,4925.53,0.1257,2.1309e+02,4.9536e-01,1.3477e+01,2.7207e+01,3D Shear-Dominated
Neptune,Equilibrium_Stirring,18.40,4946.84,0.1274,2.1286e+02,4.9590e-01,1.3550e+01,2.7325e+01,3D Shear-Dominated
Neptune,Equilibrium_Stirring,18.50,4968.13,0.1290,2.1263e+02,4.9643e-01,1.3623e+01,2.7442e+01,3D Shear-Dominated
Neptune,Equilibrium_Stirring,18.60,4989.39,0.1307,2.1240e+02,4.9696e-01,1.3696e+01,2.7560e+01,3D Shear-Dominated
Neptune,Equilibrium_Stirring,18.70,5010.63,0.1323,2.1218e+02,4.9749e-01,1.3769e+01,2.7677e+01,3D Shear-Dominated
Neptune,Equilibrium_Stirring,18.80,5031.85,0.1340,2.1195e+02,4.9801e-01,1.3842e+01,2.7794e+01,3D Shear-Dominated
Neptune,Equilibrium_Stirring,18.90,5053.04,0.1357,2.1173e+02,4.9854e-01,1.3915e+01,2.7911e+01,3D Shear-Dominated
Neptune,Equilibrium_Stirring,19.00,5074.22,0.1375,2.1151e+02,4.9906e-01,1.3988e+01,2.8028e+01,3D Shear-Dominated
Neptune,Equilibrium_Stirring,19.10,5095.37,0.1392,2.1129e+02,4.9958e-01,1.4061e+01,2.8145e+01,3D Shear-Dominated
Neptune,Equilibrium_Stirring,19.20,5116.50,0.1409,2.1107e+02,5.0009e-01,1.4134e+01,2.8262e+01,3D Shear-Dominated
Neptune,Equilibrium_Stirring,19.30,5137.60,0.1427,2.1086e+02,5.0061e-01,1.4207e+01,2.8379e+01,3D Shear-Dominated
Neptune,Equilibrium_Stirring,19.40,5158.69,0.1444,2.1064e+02,5.0112e-01,1.4279e+01,2.8495e+01,3D Shear-Dominated
Neptune,Equilibrium_Stirring,19.50,5179.75,0.1462,2.1043e+02,5.0163e-01,1.4352e+01,2.8611e+01,3D Shear-Dominated
Neptune,Equilibrium_Stirring,19.60,5200.80,0.1480,2.1021e+02,5.0214e-01,1.4425e+01,2.8728e+01,3D Shear-Dominated
Neptune,Equilibrium_Stirring,19.70,5221.82,0.1498,2.1000e+02,5.0265e-01,1.4498e+01,2.8844e+01,3D Shear-Dominated
Neptune,Equilibrium_Stirring,19.80,5242.82,0.1516,2.0979e+02,5.0315e-01,1.4571e+01,2.8960e+01,3D Shear-Dominated
Neptune,Equilibrium_Stirring,19.90,5263.80,0.1534,2.0958e+02,5.0366e-01,1.4644e+01,2.9076e+01,3D Shear-Dominated
Neptune,Equilibrium_Stirring,20.00,5284.75,0.1553,2.0937e+02,5.0416e-01,1.4717e+01,2.9191e+01,3D Shear-Dominated
Neptune,Equilibrium_Stirring,20.10,5305.69,0.1571,2.0917e+02,5.0466e-01,1.4790e+01,2.9307e+01,3D Shear-Dominated
Neptune,Equilibrium_Stirring,20.20,5326.61,0.1590,2.0896e+02,5.0515e-01,1.4863e+01,2.9423e+01,3D Shear-Dominated
Neptune,Equilibrium_Stirring,20.30,5347.50,0.1609,2.0876e+02,5.0565e-01,1.4936e+01,2.9538e+01,3D Shear-Dominated
Neptune,Equilibrium_Stirring,20.40,5368.38,0.1628,2.0855e+02,5.0614e-01,1.5009e+01,2.9653e+01,3D Shear-Dominated
Neptune,Equilibrium_Stirring,20.50,5389.23,0.1647,2.0835e+02,5.0663e-01,1.5082e+01,2.9768e+01,3D Shear-Dominated
Neptune,Equilibrium_Stirring,20.60,5410.07,0.1666,2.0815e+02,5.0712e-01,1.5155e+01,2.9884e+01,3D Shear-Dominated
Neptune,Equilibrium_Stirring,20.70,5430.88,0.1685,2.0795e+02,5.0761e-01,1.5227e+01,2.9999e+01,3D Shear-Dominated
Neptune,Equilibrium_Stirring,20.80,5451.68,0.1705,2.0775e+02,5.0809e-01,1.5300e+01,3.0113e+01,3D Shear-Dominated
Neptune,Equilibrium_Stirring,20.90,5472.45,0.1724,2.0755e+02,5.0857e-01,1.5373e+01,3.0228e+01,3D Shear-Dominated
Neptune,Equilibrium_Stirring,21.00,5493.21,0.1744,2.0736e+02,5.0906e-01,1.5446e+01,3.0343e+01,3D Shear-Dominated
Neptune,Equilibrium_Stirring,21.10,5513.95,0.1764,2.0716e+02,5.0954e-01,1.5519e+01,3.0457e+01,3D Shear-Dominated
Neptune,Equilibrium_Stirring,21.20,5534.66,0.1784,2.0697e+02,5.1001e-01,1.5592e+01,3.0572e+01,3D Shear-Dominated
Neptune,Equilibrium_Stirring,21.30,5555.36,0.1804,2.0677e+02,5.1049e-01,1.5665e+01,3.0686e+01,3D Shear-Dominated
Neptune,Equilibrium_Stirring,21.40,5576.04,0.1824,2.0658e+02,5.1096e-01,1.5738e+01,3.0800e+01,3D Shear-Dominated
Neptune,Equilibrium_Stirring,21.50,5596.69,0.1844,2.0639e+02,5.1144e-01,1.5811e+01,3.0914e+01,3D Shear-Dominated
Neptune,Equilibrium_Stirring,21.60,5617.33,0.1865,2.0620e+02,5.1191e-01,1.5884e+01,3.1028e+01,3D Shear-Dominated
Neptune,Equilibrium_Stirring,21.70,5637.95,0.1885,2.0601e+02,5.1238e-01,1.5957e+01,3.1142e+01,3D Shear-Dominated
Neptune,Equilibrium_Stirring,21.80,5658.55,0.1906,2.0583e+02,5.1284e-01,1.6030e+01,3.1256e+01,3D Shear-Dominated
Neptune,Equilibrium_Stirring,21.90,5679.14,0.1927,2.0564e+02,5.1331e-01,1.6102e+01,3.1370e+01,3D Shear-Dominated
Neptune,Equilibrium_Stirring,22.00,5699.70,0.1948,2.0545e+02,5.1377e-01,1.6175e+01,3.1483e+01,3D Shear-Dominated
Neptune,Equilibrium_Stirring,22.10,5720.25,0.1969,2.0527e+02,5.1424e-01,1.6248e+01,3.1597e+01,3D Shear-Dominated
Neptune,Equilibrium_Stirring,22.20,5740.77,0.1990,2.0508e+02,5.1470e-01,1.6321e+01,3.1710e+01,3D Shear-Dominated
Neptune,Equilibrium_Stirring,22.30,5761.28,0.2012,2.0490e+02,5.1516e-01,1.6394e+01,3.1824e+01,3D Shear-Dominated
Neptune,Equilibrium_Stirring,22.40,5781.77,0.2033,2.0472e+02,5.1561e-01,1.6467e+01,3.1937e+01,3D Shear-Dominated
Neptune,Equilibrium_Stirring,22.50,5802.24,0.2055,2.0454e+02,5.1607e-01,1.6540e+01,3.2050e+01,3D Shear-Dominated
Neptune,Equilibrium_Stirring,22.60,5822.70,0.2077,2.0436e+02,5.1652e-01,1.6613e+01,3.2163e+01,3D Shear-Dominated
Neptune,Equilibrium_Stirring,22.70,5843.13,0.2099,2.0418e+02,5.1698e-01,1.6686e+01,3.2276e+01,3D Shear-Dominated
Neptune,Equilibrium_Stirring,22.80,5863.55,0.2121,2.0400e+02,5.1743e-01,1.6759e+01,3.2388e+01,3D Shear-Dominated
Neptune,Equilibrium_Stirring,22.90,5883.95,0.2143,2.0382e+02,5.1788e-01,1.6832e+01,3.2501e+01,3D Shear-Dominated
Neptune,Equilibrium_Stirring,23.00,5904.33,0.2166,2.0365e+02,5.1832e-01,1.6905e+01,3.2614e+01,3D Shear-Dominated
Neptune,Equilibrium_Stirring,23.10,5924.70,0.2188,2.0347e+02,5.1877e-01,1.6977e+01,3.2726e+01,3D Shear-Dominated
Neptune,Equilibrium_Stirring,23.20,5945.05,0.2211,2.0330e+02,5.1922e-01,1.7050e+01,3.2839e+01,3D Shear-Dominated
Neptune,Equilibrium_Stirring,23.30,5965.38,0.2233,2.0313e+02,5.1966e-01,1.7123e+01,3.2951e+01,3D Shear-Dominated
Neptune,Equilibrium_Stirring,23.40,5985.69,0.2256,2.0295e+02,5.2010e-01,1.7196e+01,3.3063e+01,3D Shear-Dominated
Neptune,Equilibrium_Stirring,23.50,6005.98,0.2279,2.0278e+02,5.2054e-01,1.7269e+01,3.3175e+01,3D Shear-Dominated
Neptune,Equilibrium_Stirring,23.60,6026.26,0.2302,2.0261e+02,5.2098e-01,1.7342e+01,3.3287e+01,3D Shear-Dominated
Neptune,Equilibrium_Stirring,23.70,6046.52,0.2326,2.0244e+02,5.2142e-01,1.7415e+01,3.3399e+01,3D Shear-Dominated
Neptune,Equilibrium_Stirring,23.80,6066.77,0.2349,2.0227e+02,5.2185e-01,1.7488e+01,3.3511e+01,3D Shear-Dominated
Neptune,Equilibrium_Stirring,23.90,6086.99,0.2373,2.0210e+02,5.2229e-01,1.7561e+01,3.3623e+01,3D Shear-Dominated
Neptune,Equilibrium_Stirring,24.00,6107.20,0.2396,2.0194e+02,5.2272e-01,1.7634e+01,3.3734e+01,3D Shear-Dominated
Neptune,Equilibrium_Stirring,24.10,6127.40,0.2420,2.0177e+02,5.2315e-01,1.7707e+01,3.3846e+01,3D Shear-Dominated
Neptune,Equilibrium_Stirring,24.20,6147.58,0.2444,2.0160e+02,5.2358e-01,1.7779e+01,3.3957e+01,3D Shear-Dominated
Neptune,Equilibrium_Stirring,24.30,6167.74,0.2468,2.0144e+02,5.2401e-01,1.7852e+01,3.4069e+01,3D Shear-Dominated
Neptune,Equilibrium_Stirring,24.40,6187.88,0.2493,2.0127e+02,5.2444e-01,1.7925e+01,3.4180e+01,3D Shear-Dominated
Neptune,Equilibrium_Stirring,24.50,6208.01,0.2517,2.0111e+02,5.2486e-01,1.7998e+01,3.4291e+01,3D Shear-Dominated
Neptune,Equilibrium_Stirring,24.60,6228.12,0.2542,2.0095e+02,5.2529e-01,1.8071e+01,3.4402e+01,3D Shear-Dominated
Neptune,Equilibrium_Stirring,24.70,6248.21,0.2566,2.0079e+02,5.2571e-01,1.8144e+01,3.4513e+01,3D Shear-Dominated
Neptune,Equilibrium_Stirring,24.80,6268.29,0.2591,2.0063e+02,5.2613e-01,1.8217e+01,3.4624e+01,3D Shear-Dominated
Neptune,Equilibrium_Stirring,24.90,6288.35,0.2616,2.0047e+02,5.2655e-01,1.8290e+01,3.4735e+01,3D Shear-Dominated
Neptune,Equilibrium_Stirring,25.00,6308.40,0.2641,2.0031e+02,5.2697e-01,1.8363e+01,3.4846e+01,3D Shear-Dominated
Neptune,Equilibrium_Stirring,25.10,6328.43,0.2666,2.0015e+02,5.2739e-01,1.8436e+01,3.4956e+01,3D Shear-Dominated
Neptune,Equilibrium_Stirring,25.20,6348.45,0.2692,1.9999e+02,5.2781e-01,1.8509e+01,3.5067e+01,3D Shear-Dominated
Neptune,Equilibrium_Stirring,25.30,6368.45,0.2717,1.9983e+02,5.2822e-01,1.8581e+01,3.5177e+01,3D Shear-Dominated
Neptune,Equilibrium_Stirring,25.40,6388.43,0.2743,1.9968e+02,5.2864e-01,1.8654e+01,3.5288e+01,3D Shear-Dominated
Neptune,Equilibrium_Stirring,25.50,6408.40,0.2769,1.9952e+02,5.2905e-01,1.8727e+01,3.5398e+01,3D Shear-Dominated
Neptune,Equilibrium_Stirring,25.60,6428.35,0.2795,1.9937e+02,5.2946e-01,1.8800e+01,3.5508e+01,3D Shear-Dominated
Neptune,Equilibrium_Stirring,25.70,6448.28,0.2821,1.9921e+02,5.2987e-01,1.8873e+01,3.5618e+01,3D Shear-Dominated
Neptune,Equilibrium_Stirring,25.80,6468.21,0.2847,1.9906e+02,5.3028e-01,1.8946e+01,3.5728e+01,3D Shear-Dominated
Neptune,Equilibrium_Stirring,25.90,6488.11,0.2873,1.9890e+02,5.3069e-01,1.9019e+01,3.5838e+01,3D Shear-Dominated
Neptune,Equilibrium_Stirring,26.00,6508.00,0.2900,1.9875e+02,5.3109e-01,1.9092e+01,3.5948e+01,3D Shear-Dominated
Neptune,Equilibrium_Stirring,26.10,6527.88,0.2927,1.9860e+02,5.3150e-01,1.9165e+01,3.6058e+01,3D Shear-Dominated
Neptune,Equilibrium_Stirring,26.20,6547.74,0.2953,1.9845e+02,5.3190e-01,1.9238e+01,3.6168e+01,3D Shear-Dominated
Neptune,Equilibrium_Stirring,26.30,6567.58,0.2980,1.9830e+02,5.3230e-01,1.9311e+01,3.6277e+01,3D Shear-Dominated
Neptune,Equilibrium_Stirring,26.40,6587.41,0.3007,1.9815e+02,5.3271e-01,1.9384e+01,3.6387e+01,3D Shear-Dominated
Neptune,Equilibrium_Stirring,26.50,6607.23,0.3035,1.9800e+02,5.3311e-01,1.9456e+01,3.6496e+01,3D Shear-Dominated
Neptune,Equilibrium_Stirring,26.60,6627.03,0.3062,1.9785e+02,5.3351e-01,1.9529e+01,3.6606e+01,3D Shear-Dominated
Neptune,Equilibrium_Stirring,26.70,6646.81,0.3089,1.9771e+02,5.3390e-01,1.9602e+01,3.6715e+01,3D Shear-Dominated
Neptune,Equilibrium_Stirring,26.80,6666.58,0.3117,1.9756e+02,5.3430e-01,1.9675e+01,3.6824e+01,3D Shear-Dominated
Neptune,Equilibrium_Stirring,26.90,6686.34,0.3145,1.9741e+02,5.3470e-01,1.9748e+01,3.6933e+01,3D Shear-Dominated
Neptune,Equilibrium_Stirring,27.00,6706.08,0.3173,1.9727e+02,5.3509e-01,1.9821e+01,3.7042e+01,3D Shear-Dominated
Neptune,Equilibrium_Stirring,27.10,6725.81,0.3201,1.9712e+02,5.3548e-01,1.9894e+01,3.7151e+01,3D Shear-Dominated
Neptune,Equilibrium_Stirring,27.20,6745.52,0.3229,1.9698e+02,5.3587e-01,1.9967e+01,3.7260e+01,3D Shear-Dominated
Neptune,Equilibrium_Stirring,27.30,6765.22,0.3258,1.9684e+02,5.3627e-01,2.0040e+01,3.7369e+01,3D Shear-Dominated
Neptune,Equilibrium_Stirring,27.40,6784.90,0.3286,1.9669e+02,5.3665e-01,2.0113e+01,3.7478e+01,3D Shear-Dominated
Neptune,Equilibrium_Stirring,27.50,6804.57,0.3315,1.9655e+02,5.3704e-01,2.0186e+01,3.7586e+01,3D Shear-Dominated
Neptune,Equilibrium_Stirring,27.60,6824.23,0.3344,1.9641e+02,5.3743e-01,2.0258e+01,3.7695e+01,3D Shear-Dominated
Neptune,Equilibrium_Stirring,27.70,6843.87,0.3372,1.9627e+02,5.3782e-01,2.0331e+01,3.7803e+01,3D Shear-Dominated
Neptune,Equilibrium_Stirring,27.80,6863.49,0.3402,1.9613e+02,5.3820e-01,2.0404e+01,3.7912e+01,3D Shear-Dominated
Neptune,Equilibrium_Stirring,27.90,6883.11,0.3431,1.9599e+02,5.3859e-01,2.0477e+01,3.8020e+01,3D Shear-Dominated
Neptune,Equilibrium_Stirring,28.00,6902.71,0.3460,1.9585e+02,5.3897e-01,2.0550e+01,3.8128e+01,3D Shear-Dominated
Neptune,Equilibrium_Stirring,28.10,6922.29,0.3490,1.9571e+02,5.3935e-01,2.0623e+01,3.8237e+01,3D Shear-Dominated
Neptune,Equilibrium_Stirring,28.20,6941.86,0.3519,1.9557e+02,5.3973e-01,2.0696e+01,3.8345e+01,3D Shear-Dominated
Neptune,Equilibrium_Stirring,28.30,6961.42,0.3549,1.9543e+02,5.4011e-01,2.0769e+01,3.8453e+01,3D Shear-Dominated
Neptune,Equilibrium_Stirring,28.40,6980.96,0.3579,1.9530e+02,5.4049e-01,2.0842e+01,3.8561e+01,3D Shear-Dominated
Neptune,Equilibrium_Stirring,28.50,7000.49,0.3609,1.9516e+02,5.4087e-01,2.0915e+01,3.8669e+01,3D Shear-Dominated
Neptune,Equilibrium_Stirring,28.60,7020.01,0.3640,1.9503e+02,5.4124e-01,2.0988e+01,3.8776e+01,3D Shear-Dominated
Neptune,Equilibrium_Stirring,28.70,7039.51,0.3670,1.9489e+02,5.4162e-01,2.1060e+01,3.8884e+01,3D Shear-Dominated
Neptune,Equilibrium_Stirring,28.80,7059.00,0.3701,1.9476e+02,5.4199e-01,2.1133e+01,3.8992e+01,3D Shear-Dominated
Neptune,Equilibrium_Stirring,28.90,7078.47,0.3731,1.9462e+02,5.4237e-01,2.1206e+01,3.9099e+01,3D Shear-Dominated
Neptune,Equilibrium_Stirring,29.00,7097.94,0.3762,1.9449e+02,5.4274e-01,2.1279e+01,3.9207e+01,3D Shear-Dominated
Neptune,Equilibrium_Stirring,29.10,7117.39,0.3793,1.9435e+02,5.4311e-01,2.1352e+01,3.9314e+01,3D Shear-Dominated
Neptune,Equilibrium_Stirring,29.20,7136.82,0.3824,1.9422e+02,5.4348e-01,2.1425e+01,3.9422e+01,3D Shear-Dominated
Neptune,Equilibrium_Stirring,29.30,7156.24,0.3856,1.9409e+02,5.4385e-01,2.1498e+01,3.9529e+01,3D Shear-Dominated
Neptune,Equilibrium_Stirring,29.40,7175.65,0.3887,1.9396e+02,5.4422e-01,2.1571e+01,3.9636e+01,3D Shear-Dominated
Neptune,Equilibrium_Stirring,29.50,7195.05,0.3919,1.9383e+02,5.4459e-01,2.1644e+01,3.9743e+01,3D Shear-Dominated
Neptune,Equilibrium_Stirring,29.60,7214.43,0.3950,1.9370e+02,5.4495e-01,2.1717e+01,3.9850e+01,3D Shear-Dominated
Neptune,Equilibrium_Stirring,29.70,7233.80,0.3982,1.9357e+02,5.4532e-01,2.1789e+01,3.9957e+01,3D Shear-Dominated
Neptune,Equilibrium_Stirring,29.80,7253.16,0.4014,1.9344e+02,5.4568e-01,2.1862e+01,4.0064e+01,3D Shear-Dominated
Neptune,Equilibrium_Stirring,29.90,7272.50,0.4047,1.9331e+02,5.4605e-01,2.1935e+01,4.0171e+01,3D Shear-Dominated
Neptune,Equilibrium_Stirring,30.00,7291.83,0.4079,1.9318e+02,5.4641e-01,2.2008e+01,4.0278e+01,3D Shear-Dominated
Neptune,Equilibrium_Stirring,30.10,7311.15,0.4112,1.9305e+02,5.4677e-01,2.2081e+01,4.0385e+01,3D Shear-Dominated
Neptune,Equilibrium_Stirring,30.20,7330.46,0.4144,1.9293e+02,5.4713e-01,2.2154e+01,4.0491e+01,3D Shear-Dominated
Neptune,Equilibrium_Stirring,30.30,7349.75,0.4177,1.9280e+02,5.4749e-01,2.2227e+01,4.0598e+01,3D Shear-Dominated
Neptune,Equilibrium_Stirring,30.40,7369.03,0.4210,1.9267e+02,5.4785e-01,2.2300e+01,4.0704e+01,3D Shear-Dominated
Neptune,Equilibrium_Stirring,30.50,7388.30,0.4243,1.9255e+02,5.4821e-01,2.2373e+01,4.0811e+01,3D Shear-Dominated
Neptune,Equilibrium_Stirring,30.60,7407.55,0.4276,1.9242e+02,5.4856e-01,2.2446e+01,4.0917e+01,3D Shear-Dominated
Neptune,Equilibrium_Stirring,30.70,7426.79,0.4310,1.9230e+02,5.4892e-01,2.2519e+01,4.1023e+01,3D Shear-Dominated
Neptune,Equilibrium_Stirring,30.80,7446.02,0.4343,1.9217e+02,5.4928e-01,2.2591e+01,4.1130e+01,3D Shear-Dominated
Neptune,Equilibrium_Stirring,30.90,7465.24,0.4377,1.9205e+02,5.4963e-01,2.2664e+01,4.1236e+01,3D Shear-Dominated
Neptune,Equilibrium_Stirring,31.00,7484.44,0.4411,1.9193e+02,5.4998e-01,2.2737e+01,4.1342e+01,3D Shear-Dominated
Neptune,Equilibrium_Stirring,31.10,7503.64,0.4445,1.9180e+02,5.5033e-01,2.2810e+01,4.1448e+01,3D Shear-Dominated
Neptune,Equilibrium_Stirring,31.20,7522.82,0.4479,1.9168e+02,5.5069e-01,2.2883e+01,4.1554e+01,3D Shear-Dominated
Neptune,Equilibrium_Stirring,31.30,7541.99,0.4513,1.9156e+02,5.5104e-01,2.2956e+01,4.1660e+01,3D Shear-Dominated
Neptune,Equilibrium_Stirring,31.40,7561.14,0.4548,1.9144e+02,5.5139e-01,2.3029e+01,4.1765e+01,3D Shear-Dominated
Neptune,Equilibrium_Stirring,31.50,7580.29,0.4582,1.9132e+02,5.5174e-01,2.3102e+01,4.1871e+01,3D Shear-Dominated
Neptune,Equilibrium_Stirring,31.60,7599.42,0.4617,1.9120e+02,5.5208e-01,2.3175e+01,4.1977e+01,3D Shear-Dominated
Neptune,Equilibrium_Stirring,31.70,7618.54,0.4652,1.9108e+02,5.5243e-01,2.3248e+01,4.2082e+01,3D Shear-Dominated
Neptune,Equilibrium_Stirring,31.80,7637.64,0.4687,1.9096e+02,5.5278e-01,2.3321e+01,4.2188e+01,3D Shear-Dominated
Neptune,Equilibrium_Stirring,31.90,7656.74,0.4723,1.9084e+02,5.5312e-01,2.3393e+01,4.2293e+01,3D Shear-Dominated
Neptune,Equilibrium_Stirring,32.00,7675.82,0.4758,1.9072e+02,5.5347e-01,2.3466e+01,4.2399e+01,3D Shear-Dominated
Neptune,Equilibrium_Stirring,32.10,7694.90,0.4794,1.9060e+02,5.5381e-01,2.3539e+01,4.2504e+01,3D Shear-Dominated
Neptune,Equilibrium_Stirring,32.20,7713.96,0.4829,1.9048e+02,5.5415e-01,2.3612e+01,4.2610e+01,3D Shear-Dominated
Neptune,Equilibrium_Stirring,32.30,7733.00,0.4865,1.9037e+02,5.5449e-01,2.3685e+01,4.2715e+01,3D Shear-Dominated
Neptune,Equilibrium_Stirring,32.40,7752.04,0.4901,1.9025e+02,5.5483e-01,2.3758e+01,4.2820e+01,3D Shear-Dominated
Neptune,Equilibrium_Stirring,32.50,7771.07,0.4937,1.9013e+02,5.5517e-01,2.3831e+01,4.2925e+01,3D Shear-Dominated
Neptune,Equilibrium_Stirring,32.60,7790.08,0.4974,1.9002e+02,5.5551e-01,2.3904e+01,4.3030e+01,3D Shear-Dominated
Neptune,Equilibrium_Stirring,32.70,7809.08,0.5010,1.8990e+02,5.5585e-01,2.3977e+01,4.3135e+01,3D Shear-Dominated
Neptune,Equilibrium_Stirring,32.80,7828.07,0.5047,1.8978e+02,5.5619e-01,2.4050e+01,4.3240e+01,3D Shear-Dominated
Neptune,Equilibrium_Stirring,32.90,7847.05,0.5084,1.8967e+02,5.5653e-01,2.4122e+01,4.3345e+01,3D Shear-Dominated
Neptune,Equilibrium_Stirring,33.00,7866.02,0.5120,1.8956e+02,5.5686e-01,2.4195e+01,4.3449e+01,3D Shear-Dominated
Neptune,Equilibrium_Stirring,33.10,7884.97,0.5158,1.8944e+02,5.5720e-01,2.4268e+01,4.3554e+01,3D Shear-Dominated
Neptune,Equilibrium_Stirring,33.20,7903.92,0.5195,1.8933e+02,5.5753e-01,2.4341e+01,4.3659e+01,3D Shear-Dominated
Neptune,Equilibrium_Stirring,33.30,7922.85,0.5232,1.8921e+02,5.5787e-01,2.4414e+01,4.3763e+01,3D Shear-Dominated
Neptune,Equilibrium_Stirring,33.40,7941.77,0.5270,1.8910e+02,5.5820e-01,2.4487e+01,4.3868e+01,3D Shear-Dominated
Neptune,Equilibrium_Stirring,33.50,7960.68,0.5308,1.8899e+02,5.5853e-01,2.4560e+01,4.3972e+01,3D Shear-Dominated
Neptune,Equilibrium_Stirring,33.60,7979.58,0.5345,1.8888e+02,5.5886e-01,2.4633e+01,4.4077e+01,3D Shear-Dominated
Neptune,Equilibrium_Stirring,33.70,7998.47,0.5384,1.8877e+02,5.5919e-01,2.4706e+01,4.4181e+01,3D Shear-Dominated
Neptune,Equilibrium_Stirring,33.80,8017.34,0.5422,1.8865e+02,5.5952e-01,2.4779e+01,4.4285e+01,3D Shear-Dominated
Neptune,Equilibrium_Stirring,33.90,8036.21,0.5460,1.8854e+02,5.5985e-01,2.4852e+01,4.4390e+01,3D Shear-Dominated
Neptune,Equilibrium_Stirring,34.00,8055.06,0.5499,1.8843e+02,5.6018e-01,2.4924e+01,4.4494e+01,3D Shear-Dominated
Neptune,Equilibrium_Stirring,34.10,8073.91,0.5537,1.8832e+02,5.6051e-01,2.4997e+01,4.4598e+01,3D Shear-Dominated
Neptune,Equilibrium_Stirring,34.20,8092.74,0.5576,1.8821e+02,5.6083e-01,2.5070e+01,4.4702e+01,3D Shear-Dominated
Neptune,Equilibrium_Stirring,34.30,8111.56,0.5615,1.8810e+02,5.6116e-01,2.5143e+01,4.4806e+01,3D Shear-Dominated
Neptune,Equilibrium_Stirring,34.40,8130.37,0.5654,1.8800e+02,5.6148e-01,2.5216e+01,4.4910e+01,3D Shear-Dominated
Neptune,Equilibrium_Stirring,34.50,8149.17,0.5694,1.8789e+02,5.6181e-01,2.5289e+01,4.5014e+01,3D Shear-Dominated
Neptune,Equilibrium_Stirring,34.60,8167.96,0.5733,1.8778e+02,5.6213e-01,2.5362e+01,4.5117e+01,3D Shear-Dominated
Neptune,Equilibrium_Stirring,34.70,8186.74,0.5773,1.8767e+02,5.6245e-01,2.5435e+01,4.5221e+01,3D Shear-Dominated
Neptune,Equilibrium_Stirring,34.80,8205.50,0.5812,1.8756e+02,5.6278e-01,2.5508e+01,4.5325e+01,3D Shear-Dominated
Neptune,Equilibrium_Stirring,34.90,8224.26,0.5852,1.8746e+02,5.6310e-01,2.5581e+01,4.5428e+01,3D Shear-Dominated
Neptune,Equilibrium_Stirring,35.00,8243.01,0.5893,1.8735e+02,5.6342e-01,2.5653e+01,4.5532e+01,3D Shear-Dominated
Neptune,Equilibrium_Stirring,35.10,8261.74,0.5933,1.8724e+02,5.6374e-01,2.5726e+01,4.5635e+01,3D Shear-Dominated
Neptune,Equilibrium_Stirring,35.20,8280.46,0.5973,1.8714e+02,5.6406e-01,2.5799e+01,4.5739e+01,3D Shear-Dominated
Neptune,Equilibrium_Stirring,35.30,8299.18,0.6014,1.8703e+02,5.6438e-01,2.5872e+01,4.5842e+01,3D Shear-Dominated
Neptune,Equilibrium_Stirring,35.40,8317.88,0.6055,1.8693e+02,5.6469e-01,2.5945e+01,4.5945e+01,3D Shear-Dominated
Neptune,Equilibrium_Stirring,35.50,8336.57,0.6095,1.8682e+02,5.6501e-01,2.6018e+01,4.6049e+01,3D Shear-Dominated
Neptune,Equilibrium_Stirring,35.60,8355.26,0.6137,1.8672e+02,5.6533e-01,2.6091e+01,4.6152e+01,3D Shear-Dominated
Neptune,Equilibrium_Stirring,35.70,8373.93,0.6178,1.8661e+02,5.6564e-01,2.6164e+01,4.6255e+01,3D Shear-Dominated
Neptune,Equilibrium_Stirring,35.80,8392.59,0.6219,1.8651e+02,5.6596e-01,2.6237e+01,4.6358e+01,3D Shear-Dominated
Neptune,Equilibrium_Stirring,35.90,8411.24,0.6261,1.8641e+02,5.6627e-01,2.6310e+01,4.6461e+01,3D Shear-Dominated
Neptune,Equilibrium_Stirring,36.00,8429.88,0.6302,1.8630e+02,5.6658e-01,2.6382e+01,4.6564e+01,3D Shear-Dominated
Neptune,Equilibrium_Stirring,36.10,8448.51,0.6344,1.8620e+02,5.6690e-01,2.6455e+01,4.6667e+01,3D Shear-Dominated
Neptune,Equilibrium_Stirring,36.20,8467.13,0.6386,1.8610e+02,5.6721e-01,2.6528e+01,4.6770e+01,3D Shear-Dominated
Neptune,Equilibrium_Stirring,36.30,8485.74,0.6429,1.8600e+02,5.6752e-01,2.6601e+01,4.6873e+01,3D Shear-Dominated
Neptune,Equilibrium_Stirring,36.40,8504.34,0.6471,1.8589e+02,5.6783e-01,2.6674e+01,4.6975e+01,3D Shear-Dominated
Neptune,Equilibrium_Stirring,36.50,8522.93,0.6513,1.8579e+02,5.6814e-01,2.6747e+01,4.7078e+01,3D Shear-Dominated
Neptune,Equilibrium_Stirring,36.60,8541.51,0.6556,1.8569e+02,5.6845e-01,2.6820e+01,4.7181e+01,3D Shear-Dominated
Neptune,Equilibrium_Stirring,36.70,8560.08,0.6599,1.8559e+02,5.6876e-01,2.6893e+01,4.7283e+01,3D Shear-Dominated
Neptune,Equilibrium_Stirring,36.80,8578.64,0.6642,1.8549e+02,5.6907e-01,2.6966e+01,4.7386e+01,3D Shear-Dominated
Neptune,Equilibrium_Stirring,36.90,8597.19,0.6685,1.8539e+02,5.6937e-01,2.7039e+01,4.7488e+01,3D Shear-Dominated
Neptune,Equilibrium_Stirring,37.00,8615.73,0.6729,1.8529e+02,5.6968e-01,2.7112e+01,4.7591e+01,3D Shear-Dominated
Neptune,Equilibrium_Stirring,37.10,8634.25,0.6772,1.8519e+02,5.6999e-01,2.7184e+01,4.7693e+01,3D Shear-Dominated
Neptune,Equilibrium_Stirring,37.20,8652.77,0.6816,1.8509e+02,5.7029e-01,2.7257e+01,4.7795e+01,3D Shear-Dominated
Neptune,Equilibrium_Stirring,37.30,8671.28,0.6860,1.8499e+02,5.7060e-01,2.7330e+01,4.7898e+01,3D Shear-Dominated
Neptune,Equilibrium_Stirring,37.40,8689.78,0.6904,1.8489e+02,5.7090e-01,2.7403e+01,4.8000e+01,3D Shear-Dominated
Neptune,Equilibrium_Stirring,37.50,8708.27,0.6948,1.8480e+02,5.7121e-01,2.7476e+01,4.8102e+01,3D Shear-Dominated
Neptune,Equilibrium_Stirring,37.60,8726.75,0.6992,1.8470e+02,5.7151e-01,2.7549e+01,4.8204e+01,3D Shear-Dominated
Neptune,Equilibrium_Stirring,37.70,8745.22,0.7037,1.8460e+02,5.7181e-01,2.7622e+01,4.8306e+01,3D Shear-Dominated
Neptune,Equilibrium_Stirring,37.80,8763.68,0.7081,1.8450e+02,5.7211e-01,2.7695e+01,4.8408e+01,3D Shear-Dominated
Neptune,Equilibrium_Stirring,37.90,8782.13,0.7126,1.8441e+02,5.7241e-01,2.7768e+01,4.8510e+01,3D Shear-Dominated
Neptune,Equilibrium_Stirring,38.00,8800.57,0.7171,1.8431e+02,5.7271e-01,2.7841e+01,4.8612e+01,3D Shear-Dominated
Neptune,Equilibrium_Stirring,38.10,8819.00,0.7216,1.8421e+02,5.7301e-01,2.7913e+01,4.8713e+01,3D Shear-Dominated
Neptune,Equilibrium_Stirring,38.20,8837.42,0.7261,1.8412e+02,5.7331e-01,2.7986e+01,4.8815e+01,3D Shear-Dominated
Neptune,Equilibrium_Stirring,38.30,8855.84,0.7307,1.8402e+02,5.7361e-01,2.8059e+01,4.8917e+01,3D Shear-Dominated
Neptune,Equilibrium_Stirring,38.40,8874.24,0.7353,1.8393e+02,5.7391e-01,2.8132e+01,4.9019e+01,3D Shear-Dominated
Neptune,Equilibrium_Stirring,38.50,8892.63,0.7398,1.8383e+02,5.7420e-01,2.8205e+01,4.9120e+01,3D Shear-Dominated
Neptune,Equilibrium_Stirring,38.60,8911.01,0.7444,1.8374e+02,5.7450e-01,2.8278e+01,4.9222e+01,3D Shear-Dominated
Neptune,Equilibrium_Stirring,38.70,8929.39,0.7490,1.8364e+02,5.7480e-01,2.8351e+01,4.9323e+01,3D Shear-Dominated
Neptune,Equilibrium_Stirring,38.80,8947.75,0.7537,1.8355e+02,5.7509e-01,2.8424e+01,4.9425e+01,3D Shear-Dominated
Neptune,Equilibrium_Stirring,38.90,8966.11,0.7583,1.8345e+02,5.7539e-01,2.8497e+01,4.9526e+01,3D Shear-Dominated
Neptune,Equilibrium_Stirring,39.00,8984.45,0.7630,1.8336e+02,5.7568e-01,2.8570e+01,4.9627e+01,3D Shear-Dominated
Neptune,Equilibrium_Stirring,39.10,9002.79,0.7677,1.8327e+02,5.7597e-01,2.8642e+01,4.9729e+01,3D Shear-Dominated
Neptune,Equilibrium_Stirring,39.20,9021.11,0.7724,1.8317e+02,5.7627e-01,2.8715e+01,4.9830e+01,3D Shear-Dominated
Neptune,Equilibrium_Stirring,39.30,9039.43,0.7771,1.8308e+02,5.7656e-01,2.8788e+01,4.9931e+01,3D Shear-Dominated
Neptune,Equilibrium_Stirring,39.40,9057.74,0.7818,1.8299e+02,5.7685e-01,2.8861e+01,5.0032e+01,3D Shear-Dominated
Neptune,Equilibrium_Stirring,39.50,9076.04,0.7866,1.8289e+02,5.7714e-01,2.8934e+01,5.0133e+01,3D Shear-Dominated
Neptune,Equilibrium_Stirring,39.60,9094.33,0.7913,1.8280e+02,5.7743e-01,2.9007e+01,5.0234e+01,3D Shear-Dominated
Neptune,Equilibrium_Stirring,39.70,9112.61,0.7961,1.8271e+02,5.7772e-01,2.9080e+01,5.0335e+01,3D Shear-Dominated
Neptune,Equilibrium_Stirring,39.80,9130.88,0.8009,1.8262e+02,5.7801e-01,2.9153e+01,5.0436e+01,3D Shear-Dominated
Neptune,Equilibrium_Stirring,39.90,9149.14,0.8057,1.8253e+02,5.7830e-01,2.9226e+01,5.0537e+01,3D Shear-Dominated
Neptune,Equilibrium_Stirring,40.00,9167.39,0.8106,1.8244e+02,5.7859e-01,2.9299e+01,5.0638e+01,3D Shear-Dominated
Neptune,Equilibrium_Stirring,40.10,9185.64,0.8154,1.8235e+02,5.7888e-01,2.9371e+01,5.0739e+01,3D Shear-Dominated
Neptune,Equilibrium_Stirring,40.20,9203.87,0.8203,1.8226e+02,5.7916e-01,2.9444e+01,5.0839e+01,3D Shear-Dominated
Neptune,Equilibrium_Stirring,40.30,9222.10,0.8252,1.8217e+02,5.7945e-01,2.9517e+01,5.0940e+01,3D Shear-Dominated
Neptune,Equilibrium_Stirring,40.40,9240.31,0.8301,1.8208e+02,5.7974e-01,2.9590e+01,5.1041e+01,3D Shear-Dominated
Neptune,Equilibrium_Stirring,40.50,9258.52,0.8350,1.8199e+02,5.8002e-01,2.9663e+01,5.1141e+01,3D Shear-Dominated
Neptune,Equilibrium_Stirring,40.60,9276.72,0.8399,1.8190e+02,5.8031e-01,2.9736e+01,5.1242e+01,3D Shear-Dominated
Neptune,Equilibrium_Stirring,40.70,9294.91,0.8449,1.8181e+02,5.8059e-01,2.9809e+01,5.1342e+01,3D Shear-Dominated
Neptune,Equilibrium_Stirring,40.80,9313.09,0.8498,1.8172e+02,5.8087e-01,2.9882e+01,5.1443e+01,3D Shear-Dominated
Neptune,Equilibrium_Stirring,40.90,9331.26,0.8548,1.8163e+02,5.8116e-01,2.9955e+01,5.1543e+01,3D Shear-Dominated
Neptune,Equilibrium_Stirring,41.00,9349.42,0.8598,1.8154e+02,5.8144e-01,3.0028e+01,5.1643e+01,3D Shear-Dominated
Neptune,Equilibrium_Stirring,41.10,9367.58,0.8648,1.8145e+02,5.8172e-01,3.0100e+01,5.1744e+01,3D Shear-Dominated
Neptune,Equilibrium_Stirring,41.20,9385.72,0.8699,1.8137e+02,5.8200e-01,3.0173e+01,5.1844e+01,3D Shear-Dominated
Neptune,Equilibrium_Stirring,41.30,9403.86,0.8749,1.8128e+02,5.8229e-01,3.0246e+01,5.1944e+01,3D Shear-Dominated
Neptune,Equilibrium_Stirring,41.40,9421.99,0.8800,1.8119e+02,5.8257e-01,3.0319e+01,5.2044e+01,3D Shear-Dominated
Neptune,Equilibrium_Stirring,41.50,9440.11,0.8851,1.8111e+02,5.8285e-01,3.0392e+01,5.2144e+01,3D Shear-Dominated
Neptune,Equilibrium_Stirring,41.60,9458.22,0.8902,1.8102e+02,5.8312e-01,3.0465e+01,5.2244e+01,3D Shear-Dominated
Neptune,Equilibrium_Stirring,41.70,9476.32,0.8953,1.8093e+02,5.8340e-01,3.0538e+01,5.2344e+01,3D Shear-Dominated
Neptune,Equilibrium_Stirring,41.80,9494.41,0.9004,1.8085e+02,5.8368e-01,3.0611e+01,5.2444e+01,3D Shear-Dominated
Neptune,Equilibrium_Stirring,41.90,9512.50,0.9056,1.8076e+02,5.8396e-01,3.0684e+01,5.2544e+01,3D Shear-Dominated
Neptune,Equilibrium_Stirring,42.00,9530.57,0.9108,1.8067e+02,5.8424e-01,3.0757e+01,5.2644e+01,3D Shear-Dominated
Neptune,Equilibrium_Stirring,42.10,9548.64,0.9159,1.8059e+02,5.8451e-01,3.0829e+01,5.2744e+01,3D Shear-Dominated
Neptune,Equilibrium_Stirring,42.20,9566.70,0.9212,1.8050e+02,5.8479e-01,3.0902e+01,5.2844e+01,3D Shear-Dominated
Neptune,Equilibrium_Stirring,42.30,9584.75,0.9264,1.8042e+02,5.8507e-01,3.0975e+01,5.2943e+01,3D Shear-Dominated
Neptune,Equilibrium_Stirring,42.40,9602.79,0.9316,1.8033e+02,5.8534e-01,3.1048e+01,5.3043e+01,3D Shear-Dominated
Neptune,Equilibrium_Stirring,42.50,9620.83,0.9369,1.8025e+02,5.8562e-01,3.1121e+01,5.3142e+01,3D Shear-Dominated
Neptune,Equilibrium_Stirring,42.60,9638.85,0.9422,1.8016e+02,5.8589e-01,3.1194e+01,5.3242e+01,3D Shear-Dominated
Neptune,Equilibrium_Stirring,42.70,9656.87,0.9474,1.8008e+02,5.8616e-01,3.1267e+01,5.3342e+01,3D Shear-Dominated
Neptune,Equilibrium_Stirring,42.80,9674.88,0.9528,1.8000e+02,5.8644e-01,3.1340e+01,5.3441e+01,3D Shear-Dominated
Neptune,Equilibrium_Stirring,42.90,9692.87,0.9581,1.7991e+02,5.8671e-01,3.1413e+01,5.3540e+01,3D Shear-Dominated
Neptune,Equilibrium_Stirring,43.00,9710.87,0.9634,1.7983e+02,5.8698e-01,3.1486e+01,5.3640e+01,3D Shear-Dominated
Neptune,Equilibrium_Stirring,43.10,9728.85,0.9688,1.7975e+02,5.8725e-01,3.1558e+01,5.3739e+01,3D Shear-Dominated
Neptune,Equilibrium_Stirring,43.20,9746.82,0.9742,1.7966e+02,5.8752e-01,3.1631e+01,5.3838e+01,3D Shear-Dominated
Neptune,Equilibrium_Stirring,43.30,9764.79,0.9796,1.7958e+02,5.8779e-01,3.1704e+01,5.3938e+01,3D Shear-Dominated
Neptune,Equilibrium_Stirring,43.40,9782.75,0.9850,1.7950e+02,5.8806e-01,3.1777e+01,5.4037e+01,3D Shear-Dominated
Neptune,Equilibrium_Stirring,43.50,9800.70,0.9904,1.7942e+02,5.8833e-01,3.1850e+01,5.4136e+01,3D Shear-Dominated
Neptune,Equilibrium_Stirring,43.60,9818.64,0.9959,1.7933e+02,5.8860e-01,3.1923e+01,5.4235e+01,3D Shear-Dominated
Neptune,Equilibrium_Stirring,43.70,9836.57,1.0013,1.7925e+02,5.8887e-01,3.1996e+01,5.4334e+01,3D Shear-Dominated
Neptune,Equilibrium_Stirring,43.80,9854.50,1.0068,1.7917e+02,5.8914e-01,3.2069e+01,5.4433e+01,3D Shear-Dominated
Neptune,Equilibrium_Stirring,43.90,9872.41,1.0123,1.7909e+02,5.8941e-01,3.2142e+01,5.4532e+01,3D Shear-Dominated
Neptune,Equilibrium_Stirring,44.00,9890.32,1.0178,1.7901e+02,5.8967e-01,3.2215e+01,5.4631e+01,3D Shear-Dominated
Neptune,Equilibrium_Stirring,44.10,9908.22,1.0234,1.7893e+02,5.8994e-01,3.2287e+01,5.4730e+01,3D Shear-Dominated
Neptune,Equilibrium_Stirring,44.20,9926.12,1.0289,1.7885e+02,5.9021e-01,3.2360e+01,5.4829e+01,3D Shear-Dominated
Neptune,Equilibrium_Stirring,44.30,9944.00,1.0345,1.7877e+02,5.9047e-01,3.2433e+01,5.4928e+01,3D Shear-Dominated
Neptune,Equilibrium_Stirring,44.40,9961.88,1.0401,1.7869e+02,5.9074e-01,3.2506e+01,5.5026e+01,3D Shear-Dominated
Neptune,Equilibrium_Stirring,44.50,9979.75,1.0457,1.7861e+02,5.9100e-01,3.2579e+01,5.5125e+01,3D Shear-Dominated
Neptune,Equilibrium_Stirring,44.60,9997.61,1.0513,1.7853e+02,5.9127e-01,3.2652e+01,5.5224e+01,3D Shear-Dominated
Neptune,Equilibrium_Stirring,44.70,10015.46,1.0570,1.7845e+02,5.9153e-01,3.2725e+01,5.5322e+01,3D Shear-Dominated
Neptune,Equilibrium_Stirring,44.80,10033.30,1.0626,1.7837e+02,5.9179e-01,3.2798e+01,5.5421e+01,3D Shear-Dominated
Neptune,Equilibrium_Stirring,44.90,10051.14,1.0683,1.7829e+02,5.9206e-01,3.2871e+01,5.5519e+01,3D Shear-Dominated
Neptune,Equilibrium_Stirring,45.00,10068.97,1.0740,1.7821e+02,5.9232e-01,3.2944e+01,5.5618e+01,3D Shear-Dominated
Neptune,Equilibrium_Stirring,45.10,10086.79,1.0797,1.7813e+02,5.9258e-01,3.3016e+01,5.5716e+01,3D Shear-Dominated
Neptune,Equilibrium_Stirring,45.20,10104.60,1.0854,1.7805e+02,5.9284e-01,3.3089e+01,5.5815e+01,3D Shear-Dominated
Neptune,Equilibrium_Stirring,45.30,10122.41,1.0912,1.7797e+02,5.9310e-01,3.3162e+01,5.5913e+01,3D Shear-Dominated
Neptune,Equilibrium_Stirring,45.40,10140.21,1.0969,1.7789e+02,5.9336e-01,3.3235e+01,5.6011e+01,3D Shear-Dominated
Neptune,Equilibrium_Stirring,45.50,10158.00,1.1027,1.7782e+02,5.9362e-01,3.3308e+01,5.6110e+01,3D Shear-Dominated
Neptune,Equilibrium_Stirring,45.60,10175.78,1.1085,1.7774e+02,5.9388e-01,3.3381e+01,5.6208e+01,3D Shear-Dominated
Neptune,Equilibrium_Stirring,45.70,10193.55,1.1144,1.7766e+02,5.9414e-01,3.3454e+01,5.6306e+01,3D Shear-Dominated
Neptune,Equilibrium_Stirring,45.80,10211.32,1.1202,1.7758e+02,5.9440e-01,3.3527e+01,5.6404e+01,3D Shear-Dominated
Neptune,Equilibrium_Stirring,45.90,10229.08,1.1260,1.7751e+02,5.9466e-01,3.3600e+01,5.6502e+01,3D Shear-Dominated
Neptune,Equilibrium_Stirring,46.00,10246.83,1.1319,1.7743e+02,5.9492e-01,3.3673e+01,5.6600e+01,3D Shear-Dominated
Neptune,Equilibrium_Stirring,46.10,10264.57,1.1378,1.7735e+02,5.9517e-01,3.3745e+01,5.6698e+01,3D Shear-Dominated
Neptune,Equilibrium_Stirring,46.20,10282.31,1.1437,1.7728e+02,5.9543e-01,3.3818e+01,5.6796e+01,3D Shear-Dominated
Neptune,Equilibrium_Stirring,46.30,10300.03,1.1496,1.7720e+02,5.9569e-01,3.3891e+01,5.6894e+01,3D Shear-Dominated
Neptune,Equilibrium_Stirring,46.40,10317.75,1.1556,1.7712e+02,5.9594e-01,3.3964e+01,5.6992e+01,3D Shear-Dominated
Neptune,Equilibrium_Stirring,46.50,10335.47,1.1615,1.7705e+02,5.9620e-01,3.4037e+01,5.7090e+01,3D Shear-Dominated
Neptune,Equilibrium_Stirring,46.60,10353.17,1.1675,1.7697e+02,5.9645e-01,3.4110e+01,5.7188e+01,3D Shear-Dominated
Neptune,Equilibrium_Stirring,46.70,10370.87,1.1735,1.7690e+02,5.9671e-01,3.4183e+01,5.7285e+01,3D Shear-Dominated
Neptune,Equilibrium_Stirring,46.80,10388.56,1.1795,1.7682e+02,5.9696e-01,3.4256e+01,5.7383e+01,3D Shear-Dominated
Neptune,Equilibrium_Stirring,46.90,10406.24,1.1856,1.7675e+02,5.9722e-01,3.4329e+01,5.7481e+01,3D Shear-Dominated
Neptune,Equilibrium_Stirring,47.00,10423.91,1.1916,1.7667e+02,5.9747e-01,3.4401e+01,5.7579e+01,3D Shear-Dominated
Neptune,Equilibrium_Stirring,47.10,10441.58,1.1977,1.7660e+02,5.9772e-01,3.4474e+01,5.7676e+01,3D Shear-Dominated
Neptune,Equilibrium_Stirring,47.20,10459.24,1.2038,1.7652e+02,5.9798e-01,3.4547e+01,5.7774e+01,3D Shear-Dominated
Neptune,Equilibrium_Stirring,47.30,10476.89,1.2099,1.7645e+02,5.9823e-01,3.4620e+01,5.7871e+01,3D Shear-Dominated
Neptune,Equilibrium_Stirring,47.40,10494.54,1.2160,1.7637e+02,5.9848e-01,3.4693e+01,5.7969e+01,3D Shear-Dominated
Neptune,Equilibrium_Stirring,47.50,10512.18,1.2221,1.7630e+02,5.9873e-01,3.4766e+01,5.8066e+01,3D Shear-Dominated
Neptune,Equilibrium_Stirring,47.60,10529.81,1.2283,1.7623e+02,5.9898e-01,3.4839e+01,5.8163e+01,3D Shear-Dominated
Neptune,Equilibrium_Stirring,47.70,10547.43,1.2345,1.7615e+02,5.9923e-01,3.4912e+01,5.8261e+01,3D Shear-Dominated
Neptune,Equilibrium_Stirring,47.80,10565.04,1.2407,1.7608e+02,5.9948e-01,3.4985e+01,5.8358e+01,3D Shear-Dominated
Neptune,Equilibrium_Stirring,47.90,10582.65,1.2469,1.7601e+02,5.9973e-01,3.5058e+01,5.8455e+01,3D Shear-Dominated
Neptune,Equilibrium_Stirring,48.00,10600.25,1.2531,1.7593e+02,5.9998e-01,3.5130e+01,5.8553e+01,3D Shear-Dominated
Neptune,Equilibrium_Stirring,48.10,10617.84,1.2594,1.7586e+02,6.0023e-01,3.5203e+01,5.8650e+01,3D Shear-Dominated
Neptune,Equilibrium_Stirring,48.20,10635.43,1.2656,1.7579e+02,6.0048e-01,3.5276e+01,5.8747e+01,3D Shear-Dominated
Neptune,Equilibrium_Stirring,48.30,10653.01,1.2719,1.7571e+02,6.0073e-01,3.5349e+01,5.8844e+01,3D Shear-Dominated
Neptune,Equilibrium_Stirring,48.40,10670.58,1.2782,1.7564e+02,6.0097e-01,3.5422e+01,5.8941e+01,3D Shear-Dominated
Neptune,Equilibrium_Stirring,48.50,10688.14,1.2846,1.7557e+02,6.0122e-01,3.5495e+01,5.9038e+01,3D Shear-Dominated
Neptune,Equilibrium_Stirring,48.60,10705.70,1.2909,1.7550e+02,6.0147e-01,3.5568e+01,5.9135e+01,3D Shear-Dominated
Neptune,Equilibrium_Stirring,48.70,10723.25,1.2973,1.7543e+02,6.0171e-01,3.5641e+01,5.9232e+01,3D Shear-Dominated
Neptune,Equilibrium_Stirring,48.80,10740.79,1.3036,1.7535e+02,6.0196e-01,3.5714e+01,5.9329e+01,3D Shear-Dominated
Neptune,Equilibrium_Stirring,48.90,10758.33,1.3100,1.7528e+02,6.0221e-01,3.5787e+01,5.9426e+01,3D Shear-Dominated
Neptune,Equilibrium_Stirring,49.00,10775.86,1.3164,1.7521e+02,6.0245e-01,3.5859e+01,5.9523e+01,3D Shear-Dominated
Neptune,Equilibrium_Stirring,49.10,10793.38,1.3229,1.7514e+02,6.0270e-01,3.5932e+01,5.9619e+01,3D Shear-Dominated
Neptune,Equilibrium_Stirring,49.20,10810.89,1.3293,1.7507e+02,6.0294e-01,3.6005e+01,5.9716e+01,3D Shear-Dominated
Neptune,Equilibrium_Stirring,49.30,10828.40,1.3358,1.7500e+02,6.0318e-01,3.6078e+01,5.9813e+01,3D Shear-Dominated
Neptune,Equilibrium_Stirring,49.40,10845.90,1.3423,1.7493e+02,6.0343e-01,3.6151e+01,5.9909e+01,3D Shear-Dominated
Neptune,Equilibrium_Stirring,49.50,10863.39,1.3488,1.7486e+02,6.0367e-01,3.6224e+01,6.0006e+01,3D Shear-Dominated
Neptune,Equilibrium_Stirring,49.60,10880.88,1.3553,1.7479e+02,6.0391e-01,3.6297e+01,6.0103e+01,3D Shear-Dominated
Neptune,Equilibrium_Stirring,49.70,10898.36,1.3618,1.7472e+02,6.0416e-01,3.6370e+01,6.0199e+01,3D Shear-Dominated
Neptune,Equilibrium_Stirring,49.80,10915.83,1.3684,1.7465e+02,6.0440e-01,3.6443e+01,6.0296e+01,3D Shear-Dominated
Neptune,Equilibrium_Stirring,49.90,10933.29,1.3750,1.7458e+02,6.0464e-01,3.6516e+01,6.0392e+01,3D Shear-Dominated
Neptune,Equilibrium_Stirring,50.00,10950.75,1.3816,1.7451e+02,6.0488e-01,3.6588e+01,6.0489e+01,3D Shear-Dominated
Neptune,Equilibrium_Stirring,50.10,10968.20,1.3882,1.7444e+02,6.0512e-01,3.6661e+01,6.0585e+01,3D Shear-Dominated
Neptune,Equilibrium_Stirring,50.20,10985.65,1.3948,1.7437e+02,6.0536e-01,3.6734e+01,6.0681e+01,3D Shear-Dominated
Neptune,Equilibrium_Stirring,50.30,11003.08,1.4015,1.7430e+02,6.0560e-01,3.6807e+01,6.0778e+01,3D Shear-Dominated
Neptune,Equilibrium_Stirring,50.40,11020.51,1.4082,1.7423e+02,6.0584e-01,3.6880e+01,6.0874e+01,3D Shear-Dominated
Neptune,Equilibrium_Stirring,50.50,11037.94,1.4148,1.7416e+02,6.0608e-01,3.6953e+01,6.0970e+01,3D Shear-Dominated
Neptune,Equilibrium_Stirring,50.60,11055.35,1.4216,1.7409e+02,6.0632e-01,3.7026e+01,6.1066e+01,3D Shear-Dominated
Neptune,Equilibrium_Stirring,50.70,11072.76,1.4283,1.7402e+02,6.0656e-01,3.7099e+01,6.1163e+01,3D Shear-Dominated
Neptune,Equilibrium_Stirring,50.80,11090.16,1.4350,1.7396e+02,6.0680e-01,3.7172e+01,6.1259e+01,3D Shear-Dominated
Neptune,Equilibrium_Stirring,50.90,11107.56,1.4418,1.7389e+02,6.0704e-01,3.7244e+01,6.1355e+01,3D Shear-Dominated
Neptune,Equilibrium_Stirring,51.00,11124.95,1.4486,1.7382e+02,6.0727e-01,3.7317e+01,6.1451e+01,3D Shear-Dominated
Neptune,Equilibrium_Stirring,51.10,11142.33,1.4554,1.7375e+02,6.0751e-01,3.7390e+01,6.1547e+01,3D Shear-Dominated
Neptune,Equilibrium_Stirring,51.20,11159.70,1.4622,1.7368e+02,6.0775e-01,3.7463e+01,6.1643e+01,3D Shear-Dominated
Neptune,Equilibrium_Stirring,51.30,11177.07,1.4690,1.7362e+02,6.0798e-01,3.7536e+01,6.1739e+01,3D Shear-Dominated
Neptune,Equilibrium_Stirring,51.40,11194.43,1.4759,1.7355e+02,6.0822e-01,3.7609e+01,6.1835e+01,3D Shear-Dominated
Neptune,Equilibrium_Stirring,51.50,11211.79,1.4828,1.7348e+02,6.0845e-01,3.7682e+01,6.1930e+01,3D Shear-Dominated
Neptune,Equilibrium_Stirring,51.60,11229.14,1.4897,1.7342e+02,6.0869e-01,3.7755e+01,6.2026e+01,3D Shear-Dominated
Neptune,Equilibrium_Stirring,51.70,11246.48,1.4966,1.7335e+02,6.0892e-01,3.7828e+01,6.2122e+01,3D Shear-Dominated
Neptune,Equilibrium_Stirring,51.80,11263.81,1.5035,1.7328e+02,6.0916e-01,3.7901e+01,6.2218e+01,3D Shear-Dominated
Neptune,Equilibrium_Stirring,51.90,11281.14,1.5104,1.7322e+02,6.0939e-01,3.7973e+01,6.2314e+01,3D Shear-Dominated
Neptune,Equilibrium_Stirring,52.00,11298.46,1.5174,1.7315e+02,6.0963e-01,3.8046e+01,6.2409e+01,3D Shear-Dominated
Neptune,Equilibrium_Stirring,52.10,11315.78,1.5244,1.7308e+02,6.0986e-01,3.8119e+01,6.2505e+01,3D Shear-Dominated
Neptune,Equilibrium_Stirring,52.20,11333.09,1.5314,1.7302e+02,6.1009e-01,3.8192e+01,6.2601e+01,3D Shear-Dominated
Neptune,Equilibrium_Stirring,52.30,11350.39,1.5384,1.7295e+02,6.1033e-01,3.8265e+01,6.2696e+01,3D Shear-Dominated
Neptune,Equilibrium_Stirring,52.40,11367.68,1.5455,1.7288e+02,6.1056e-01,3.8338e+01,6.2792e+01,3D Shear-Dominated
Neptune,Equilibrium_Stirring,52.50,11384.97,1.5525,1.7282e+02,6.1079e-01,3.8411e+01,6.2887e+01,3D Shear-Dominated
Neptune,Equilibrium_Stirring,52.60,11402.25,1.5596,1.7275e+02,6.1102e-01,3.8484e+01,6.2983e+01,3D Shear-Dominated
Neptune,Equilibrium_Stirring,52.70,11419.53,1.5667,1.7269e+02,6.1125e-01,3.8557e+01,6.3078e+01,3D Shear-Dominated
Neptune,Equilibrium_Stirring,52.80,11436.80,1.5738,1.7262e+02,6.1148e-01,3.8630e+01,6.3173e+01,3D Shear-Dominated
Neptune,Equilibrium_Stirring,52.90,11454.06,1.5810,1.7256e+02,6.1171e-01,3.8702e+01,6.3269e+01,3D Shear-Dominated
Neptune,Equilibrium_Stirring,53.00,11471.32,1.5881,1.7249e+02,6.1195e-01,3.8775e+01,6.3364e+01,3D Shear-Dominated
Neptune,Equilibrium_Stirring,53.10,11488.57,1.5953,1.7243e+02,6.1218e-01,3.8848e+01,6.3459e+01,3D Shear-Dominated
Neptune,Equilibrium_Stirring,53.20,11505.81,1.6025,1.7236e+02,6.1240e-01,3.8921e+01,6.3555e+01,3D Shear-Dominated
Neptune,Equilibrium_Stirring,53.30,11523.05,1.6097,1.7230e+02,6.1263e-01,3.8994e+01,6.3650e+01,3D Shear-Dominated
Neptune,Equilibrium_Stirring,53.40,11540.28,1.6169,1.7223e+02,6.1286e-01,3.9067e+01,6.3745e+01,3D Shear-Dominated
Neptune,Equilibrium_Stirring,53.50,11557.50,1.6242,1.7217e+02,6.1309e-01,3.9140e+01,6.3840e+01,3D Shear-Dominated
Neptune,Equilibrium_Stirring,53.60,11574.72,1.6315,1.7211e+02,6.1332e-01,3.9213e+01,6.3935e+01,3D Shear-Dominated
Neptune,Equilibrium_Stirring,53.70,11591.93,1.6387,1.7204e+02,6.1355e-01,3.9286e+01,6.4030e+01,3D Shear-Dominated
Neptune,Equilibrium_Stirring,53.80,11609.13,1.6461,1.7198e+02,6.1377e-01,3.9358e+01,6.4125e+01,3D Shear-Dominated
Neptune,Equilibrium_Stirring,53.90,11626.33,1.6534,1.7192e+02,6.1400e-01,3.9431e+01,6.4220e+01,3D Shear-Dominated
Neptune,Equilibrium_Stirring,54.00,11643.52,1.6607,1.7185e+02,6.1423e-01,3.9504e+01,6.4315e+01,3D Shear-Dominated
Neptune,Equilibrium_Stirring,54.10,11660.71,1.6681,1.7179e+02,6.1446e-01,3.9577e+01,6.4410e+01,3D Shear-Dominated
Neptune,Equilibrium_Stirring,54.20,11677.88,1.6755,1.7173e+02,6.1468e-01,3.9650e+01,6.4505e+01,3D Shear-Dominated
Neptune,Equilibrium_Stirring,54.30,11695.06,1.6829,1.7166e+02,6.1491e-01,3.9723e+01,6.4600e+01,3D Shear-Dominated
Neptune,Equilibrium_Stirring,54.40,11712.22,1.6903,1.7160e+02,6.1513e-01,3.9796e+01,6.4695e+01,3D Shear-Dominated
Neptune,Equilibrium_Stirring,54.50,11729.38,1.6977,1.7154e+02,6.1536e-01,3.9869e+01,6.4790e+01,3D Shear-Dominated
Neptune,Equilibrium_Stirring,54.60,11746.54,1.7052,1.7147e+02,6.1558e-01,3.9942e+01,6.4884e+01,3D Shear-Dominated
Neptune,Equilibrium_Stirring,54.70,11763.68,1.7127,1.7141e+02,6.1581e-01,4.0015e+01,6.4979e+01,3D Shear-Dominated
Neptune,Equilibrium_Stirring,54.80,11780.82,1.7202,1.7135e+02,6.1603e-01,4.0087e+01,6.5074e+01,3D Shear-Dominated
Neptune,Equilibrium_Stirring,54.90,11797.96,1.7277,1.7129e+02,6.1626e-01,4.0160e+01,6.5168e+01,3D Shear-Dominated
Neptune,Equilibrium_Stirring,55.00,11815.09,1.7352,1.7122e+02,6.1648e-01,4.0233e+01,6.5263e+01,3D Shear-Dominated
Neptune,Equilibrium_Stirring,55.10,11832.21,1.7428,1.7116e+02,6.1670e-01,4.0306e+01,6.5358e+01,3D Shear-Dominated
Neptune,Equilibrium_Stirring,55.20,11849.33,1.7504,1.7110e+02,6.1693e-01,4.0379e+01,6.5452e+01,3D Shear-Dominated
Neptune,Equilibrium_Stirring,55.30,11866.44,1.7580,1.7104e+02,6.1715e-01,4.0452e+01,6.5547e+01,3D Shear-Dominated
Neptune,Equilibrium_Stirring,55.40,11883.54,1.7656,1.7098e+02,6.1737e-01,4.0525e+01,6.5641e+01,3D Shear-Dominated
Neptune,Equilibrium_Stirring,55.50,11900.64,1.7732,1.7092e+02,6.1759e-01,4.0598e+01,6.5735e+01,3D Shear-Dominated
Neptune,Equilibrium_Stirring,55.60,11917.73,1.7808,1.7085e+02,6.1781e-01,4.0671e+01,6.5830e+01,3D Shear-Dominated
Neptune,Equilibrium_Stirring,55.70,11934.82,1.7885,1.7079e+02,6.1804e-01,4.0744e+01,6.5924e+01,3D Shear-Dominated
Neptune,Equilibrium_Stirring,55.80,11951.89,1.7962,1.7073e+02,6.1826e-01,4.0816e+01,6.6019e+01,3D Shear-Dominated
Neptune,Equilibrium_Stirring,55.90,11968.97,1.8039,1.7067e+02,6.1848e-01,4.0889e+01,6.6113e+01,3D Shear-Dominated
Neptune,Equilibrium_Stirring,56.00,11986.04,1.8116,1.7061e+02,6.1870e-01,4.0962e+01,6.6207e+01,3D Shear-Dominated
Neptune,Equilibrium_Stirring,56.10,12003.10,1.8194,1.7055e+02,6.1892e-01,4.1035e+01,6.6301e+01,3D Shear-Dominated
Neptune,Equilibrium_Stirring,56.20,12020.15,1.8272,1.7049e+02,6.1914e-01,4.1108e+01,6.6396e+01,3D Shear-Dominated
Neptune,Equilibrium_Stirring,56.30,12037.20,1.8349,1.7043e+02,6.1936e-01,4.1181e+01,6.6490e+01,3D Shear-Dominated
Neptune,Equilibrium_Stirring,56.40,12054.24,1.8427,1.7037e+02,6.1958e-01,4.1254e+01,6.6584e+01,3D Shear-Dominated
Neptune,Equilibrium_Stirring,56.50,12071.28,1.8506,1.7031e+02,6.1979e-01,4.1327e+01,6.6678e+01,3D Shear-Dominated
Neptune,Equilibrium_Stirring,56.60,12088.31,1.8584,1.7025e+02,6.2001e-01,4.1400e+01,6.6772e+01,3D Shear-Dominated
Neptune,Equilibrium_Stirring,56.70,12105.34,1.8663,1.7019e+02,6.2023e-01,4.1472e+01,6.6866e+01,3D Shear-Dominated
Neptune,Equilibrium_Stirring,56.80,12122.35,1.8742,1.7013e+02,6.2045e-01,4.1545e+01,6.6960e+01,3D Shear-Dominated
Neptune,Equilibrium_Stirring,56.90,12139.37,1.8821,1.7007e+02,6.2067e-01,4.1618e+01,6.7054e+01,3D Shear-Dominated
Neptune,Equilibrium_Stirring,57.00,12156.37,1.8900,1.7001e+02,6.2088e-01,4.1691e+01,6.7148e+01,3D Shear-Dominated
Neptune,Equilibrium_Stirring,57.10,12173.38,1.8979,1.6995e+02,6.2110e-01,4.1764e+01,6.7242e+01,3D Shear-Dominated
Neptune,Equilibrium_Stirring,57.20,12190.37,1.9059,1.6989e+02,6.2132e-01,4.1837e+01,6.7336e+01,3D Shear-Dominated
Neptune,Equilibrium_Stirring,57.30,12207.36,1.9139,1.6983e+02,6.2153e-01,4.1910e+01,6.7430e+01,3D Shear-Dominated
Neptune,Equilibrium_Stirring,57.40,12224.34,1.9219,1.6977e+02,6.2175e-01,4.1983e+01,6.7524e+01,3D Shear-Dominated
Neptune,Equilibrium_Stirring,57.50,12241.32,1.9299,1.6971e+02,6.2197e-01,4.2056e+01,6.7617e+01,3D Shear-Dominated
Neptune,Equilibrium_Stirring,57.60,12258.29,1.9379,1.6966e+02,6.2218e-01,4.2129e+01,6.7711e+01,3D Shear-Dominated
Neptune,Equilibrium_Stirring,57.70,12275.26,1.9460,1.6960e+02,6.2240e-01,4.2201e+01,6.7805e+01,3D Shear-Dominated
Neptune,Equilibrium_Stirring,57.80,12292.22,1.9541,1.6954e+02,6.2261e-01,4.2274e+01,6.7898e+01,3D Shear-Dominated
Neptune,Equilibrium_Stirring,57.90,12309.17,1.9621,1.6948e+02,6.2283e-01,4.2347e+01,6.7992e+01,3D Shear-Dominated
Neptune,Equilibrium_Stirring,58.00,12326.12,1.9703,1.6942e+02,6.2304e-01,4.2420e+01,6.8086e+01,3D Shear-Dominated
Neptune,Equilibrium_Stirring,58.10,12343.06,1.9784,1.6936e+02,6.2325e-01,4.2493e+01,6.8179e+01,3D Shear-Dominated
Neptune,Equilibrium_Stirring,58.20,12360.00,1.9866,1.6931e+02,6.2347e-01,4.2566e+01,6.8273e+01,3D Shear-Dominated
Neptune,Equilibrium_Stirring,58.30,12376.93,1.9947,1.6925e+02,6.2368e-01,4.2639e+01,6.8366e+01,3D Shear-Dominated
Neptune,Equilibrium_Stirring,58.40,12393.85,2.0029,1.6919e+02,6.2389e-01,4.2712e+01,6.8460e+01,3D Shear-Dominated
Neptune,Equilibrium_Stirring,58.50,12410.77,2.0111,1.6913e+02,6.2411e-01,4.2785e+01,6.8553e+01,3D Shear-Dominated
Neptune,Equilibrium_Stirring,58.60,12427.68,2.0194,1.6907e+02,6.2432e-01,4.2857e+01,6.8647e+01,3D Shear-Dominated
Neptune,Equilibrium_Stirring,58.70,12444.59,2.0276,1.6902e+02,6.2453e-01,4.2930e+01,6.8740e+01,3D Shear-Dominated
Neptune,Equilibrium_Stirring,58.80,12461.49,2.0359,1.6896e+02,6.2474e-01,4.3003e+01,6.8833e+01,3D Shear-Dominated
Neptune,Equilibrium_Stirring,58.90,12478.39,2.0442,1.6890e+02,6.2496e-01,4.3076e+01,6.8927e+01,3D Shear-Dominated
Neptune,Equilibrium_Stirring,59.00,12495.28,2.0525,1.6885e+02,6.2517e-01,4.3149e+01,6.9020e+01,3D Shear-Dominated
Neptune,Equilibrium_Stirring,59.10,12512.16,2.0608,1.6879e+02,6.2538e-01,4.3222e+01,6.9113e+01,3D Shear-Dominated
Neptune,Equilibrium_Stirring,59.20,12529.04,2.0692,1.6873e+02,6.2559e-01,4.3295e+01,6.9207e+01,3D Shear-Dominated
Neptune,Equilibrium_Stirring,59.30,12545.92,2.0776,1.6867e+02,6.2580e-01,4.3368e+01,6.9300e+01,3D Shear-Dominated
Neptune,Equilibrium_Stirring,59.40,12562.78,2.0859,1.6862e+02,6.2601e-01,4.3441e+01,6.9393e+01,3D Shear-Dominated
Neptune,Equilibrium_Stirring,59.50,12579.64,2.0944,1.6856e+02,6.2622e-01,4.3514e+01,6.9486e+01,3D Shear-Dominated
Neptune,Equilibrium_Stirring,59.60,12596.50,2.1028,1.6850e+02,6.2643e-01,4.3586e+01,6.9579e+01,3D Shear-Dominated
Neptune,Equilibrium_Stirring,59.70,12613.35,2.1112,1.6845e+02,6.2664e-01,4.3659e+01,6.9672e+01,3D Shear-Dominated
Neptune,Equilibrium_Stirring,59.80,12630.20,2.1197,1.6839e+02,6.2685e-01,4.3732e+01,6.9765e+01,3D Shear-Dominated
Neptune,Equilibrium_Stirring,59.90,12647.04,2.1282,1.6834e+02,6.2706e-01,4.3805e+01,6.9858e+01,3D Shear-Dominated
Neptune,Equilibrium_Stirring,60.00,12663.87,2.1367,1.6828e+02,6.2726e-01,4.3878e+01,6.9951e+01,3D Shear-Dominated
Neptune,Equilibrium_Stirring,60.10,12680.70,2.1452,1.6822e+02,6.2747e-01,4.3951e+01,7.0044e+01,3D Shear-Dominated
Neptune,Equilibrium_Stirring,60.20,12697.52,2.1538,1.6817e+02,6.2768e-01,4.4024e+01,7.0137e+01,3D Shear-Dominated
Neptune,Equilibrium_Stirring,60.30,12714.34,2.1624,1.6811e+02,6.2789e-01,4.4097e+01,7.0230e+01,3D Shear-Dominated
Neptune,Equilibrium_Stirring,60.40,12731.15,2.1709,1.6806e+02,6.2810e-01,4.4170e+01,7.0323e+01,3D Shear-Dominated
Neptune,Equilibrium_Stirring,60.50,12747.95,2.1796,1.6800e+02,6.2830e-01,4.4242e+01,7.0416e+01,3D Shear-Dominated
Neptune,Equilibrium_Stirring,60.60,12764.75,2.1882,1.6795e+02,6.2851e-01,4.4315e+01,7.0509e+01,3D Shear-Dominated
Neptune,Equilibrium_Stirring,60.70,12781.55,2.1968,1.6789e+02,6.2872e-01,4.4388e+01,7.0601e+01,3D Shear-Dominated
Neptune,Equilibrium_Stirring,60.80,12798.34,2.2055,1.6784e+02,6.2892e-01,4.4461e+01,7.0694e+01,3D Shear-Dominated
Neptune,Equilibrium_Stirring,60.90,12815.12,2.2142,1.6778e+02,6.2913e-01,4.4534e+01,7.0787e+01,3D Shear-Dominated
Neptune,Equilibrium_Stirring,61.00,12831.90,2.2229,1.6773e+02,6.2933e-01,4.4607e+01,7.0879e+01,3D Shear-Dominated
Neptune,Equilibrium_Stirring,61.10,12848.67,2.2316,1.6767e+02,6.2954e-01,4.4680e+01,7.0972e+01,3D Shear-Dominated
Neptune,Equilibrium_Stirring,61.20,12865.44,2.2404,1.6762e+02,6.2975e-01,4.4753e+01,7.1065e+01,3D Shear-Dominated
Neptune,Equilibrium_Stirring,61.30,12882.20,2.2491,1.6756e+02,6.2995e-01,4.4826e+01,7.1157e+01,3D Shear-Dominated
Neptune,Equilibrium_Stirring,61.40,12898.96,2.2579,1.6751e+02,6.3016e-01,4.4899e+01,7.1250e+01,3D Shear-Dominated
Neptune,Equilibrium_Stirring,61.50,12915.71,2.2667,1.6745e+02,6.3036e-01,4.4971e+01,7.1342e+01,3D Shear-Dominated
Neptune,Equilibrium_Stirring,61.60,12932.45,2.2756,1.6740e+02,6.3056e-01,4.5044e+01,7.1435e+01,3D Shear-Dominated
Neptune,Equilibrium_Stirring,61.70,12949.19,2.2844,1.6735e+02,6.3077e-01,4.5117e+01,7.1527e+01,3D Shear-Dominated
Neptune,Equilibrium_Stirring,61.80,12965.93,2.2933,1.6729e+02,6.3097e-01,4.5190e+01,7.1620e+01,3D Shear-Dominated
Neptune,Equilibrium_Stirring,61.90,12982.66,2.3022,1.6724e+02,6.3118e-01,4.5263e+01,7.1712e+01,3D Shear-Dominated
Neptune,Equilibrium_Stirring,62.00,12999.38,2.3111,1.6718e+02,6.3138e-01,4.5336e+01,7.1805e+01,3D Shear-Dominated
Neptune,Equilibrium_Stirring,62.10,13016.10,2.3200,1.6713e+02,6.3158e-01,4.5409e+01,7.1897e+01,3D Shear-Dominated
Neptune,Equilibrium_Stirring,62.20,13032.81,2.3289,1.6708e+02,6.3178e-01,4.5482e+01,7.1989e+01,3D Shear-Dominated
Neptune,Equilibrium_Stirring,62.30,13049.52,2.3379,1.6702e+02,6.3199e-01,4.5555e+01,7.2082e+01,3D Shear-Dominated
Neptune,Equilibrium_Stirring,62.40,13066.22,2.3469,1.6697e+02,6.3219e-01,4.5627e+01,7.2174e+01,3D Shear-Dominated
Neptune,Equilibrium_Stirring,62.50,13082.92,2.3559,1.6692e+02,6.3239e-01,4.5700e+01,7.2266e+01,3D Shear-Dominated
Neptune,Equilibrium_Stirring,62.60,13099.61,2.3649,1.6686e+02,6.3259e-01,4.5773e+01,7.2358e+01,3D Shear-Dominated
Neptune,Equilibrium_Stirring,62.70,13116.30,2.3740,1.6681e+02,6.3279e-01,4.5846e+01,7.2450e+01,3D Shear-Dominated
Neptune,Equilibrium_Stirring,62.80,13132.98,2.3831,1.6676e+02,6.3299e-01,4.5919e+01,7.2543e+01,3D Shear-Dominated
Neptune,Equilibrium_Stirring,62.90,13149.65,2.3922,1.6670e+02,6.3320e-01,4.5992e+01,7.2635e+01,3D Shear-Dominated
Neptune,Equilibrium_Stirring,63.00,13166.32,2.4013,1.6665e+02,6.3340e-01,4.6065e+01,7.2727e+01,3D Shear-Dominated
Neptune,Equilibrium_Stirring,63.10,13182.99,2.4104,1.6660e+02,6.3360e-01,4.6138e+01,7.2819e+01,3D Shear-Dominated
Neptune,Equilibrium_Stirring,63.20,13199.65,2.4195,1.6655e+02,6.3380e-01,4.6211e+01,7.2911e+01,3D Shear-Dominated
Neptune,Equilibrium_Stirring,63.30,13216.30,2.4287,1.6649e+02,6.3400e-01,4.6284e+01,7.3003e+01,3D Shear-Dominated
Neptune,Equilibrium_Stirring,63.40,13232.95,2.4379,1.6644e+02,6.3420e-01,4.6356e+01,7.3095e+01,3D Shear-Dominated
Neptune,Equilibrium_Stirring,63.50,13249.60,2.4471,1.6639e+02,6.3440e-01,4.6429e+01,7.3187e+01,3D Shear-Dominated
Neptune,Equilibrium_Stirring,63.60,13266.24,2.4563,1.6634e+02,6.3459e-01,4.6502e+01,7.3279e+01,3D Shear-Dominated
Neptune,Equilibrium_Stirring,63.70,13282.87,2.4656,1.6628e+02,6.3479e-01,4.6575e+01,7.3371e+01,3D Shear-Dominated
Neptune,Equilibrium_Stirring,63.80,13299.50,2.4749,1.6623e+02,6.3499e-01,4.6648e+01,7.3462e+01,3D Shear-Dominated
Neptune,Equilibrium_Stirring,63.90,13316.12,2.4842,1.6618e+02,6.3519e-01,4.6721e+01,7.3554e+01,3D Shear-Dominated
Neptune,Equilibrium_Stirring,64.00,13332.74,2.4935,1.6613e+02,6.3539e-01,4.6794e+01,7.3646e+01,3D Shear-Dominated
Neptune,Equilibrium_Stirring,64.10,13349.35,2.5028,1.6608e+02,6.3559e-01,4.6867e+01,7.3738e+01,3D Shear-Dominated
Neptune,Equilibrium_Stirring,64.20,13365.96,2.5122,1.6603e+02,6.3578e-01,4.6940e+01,7.3829e+01,3D Shear-Dominated
Neptune,Equilibrium_Stirring,64.30,13382.56,2.5215,1.6597e+02,6.3598e-01,4.7012e+01,7.3921e+01,3D Shear-Dominated
Neptune,Equilibrium_Stirring,64.40,13399.16,2.5309,1.6592e+02,6.3618e-01,4.7085e+01,7.4013e+01,3D Shear-Dominated
Neptune,Equilibrium_Stirring,64.50,13415.75,2.5403,1.6587e+02,6.3637e-01,4.7158e+01,7.4105e+01,3D Shear-Dominated
Neptune,Equilibrium_Stirring,64.60,13432.34,2.5498,1.6582e+02,6.3657e-01,4.7231e+01,7.4196e+01,3D Shear-Dominated
Neptune,Equilibrium_Stirring,64.70,13448.92,2.5592,1.6577e+02,6.3677e-01,4.7304e+01,7.4288e+01,3D Shear-Dominated
Neptune,Equilibrium_Stirring,64.80,13465.50,2.5687,1.6572e+02,6.3696e-01,4.7377e+01,7.4379e+01,3D Shear-Dominated
Neptune,Equilibrium_Stirring,64.90,13482.07,2.5782,1.6567e+02,6.3716e-01,4.7450e+01,7.4471e+01,3D Shear-Dominated
Neptune,Equilibrium_Stirring,65.00,13498.64,2.5877,1.6562e+02,6.3736e-01,4.7523e+01,7.4562e+01,3D Shear-Dominated
Neptune,Equilibrium_Stirring,65.10,13515.20,2.5972,1.6557e+02,6.3755e-01,4.7596e+01,7.4654e+01,3D Shear-Dominated
Neptune,Equilibrium_Stirring,65.20,13531.75,2.6068,1.6551e+02,6.3775e-01,4.7668e+01,7.4745e+01,3D Shear-Dominated
Neptune,Equilibrium_Stirring,65.30,13548.31,2.6164,1.6546e+02,6.3794e-01,4.7741e+01,7.4837e+01,3D Shear-Dominated
Neptune,Equilibrium_Stirring,65.40,13564.85,2.6260,1.6541e+02,6.3814e-01,4.7814e+01,7.4928e+01,3D Shear-Dominated
Neptune,Equilibrium_Stirring,65.50,13581.39,2.6356,1.6536e+02,6.3833e-01,4.7887e+01,7.5019e+01,3D Shear-Dominated
Neptune,Equilibrium_Stirring,65.60,13597.93,2.6452,1.6531e+02,6.3852e-01,4.7960e+01,7.5111e+01,3D Shear-Dominated
Neptune,Equilibrium_Stirring,65.70,13614.46,2.6549,1.6526e+02,6.3872e-01,4.8033e+01,7.5202e+01,3D Shear-Dominated
Neptune,Equilibrium_Stirring,65.80,13630.99,2.6646,1.6521e+02,6.3891e-01,4.8106e+01,7.5293e+01,3D Shear-Dominated
Neptune,Equilibrium_Stirring,65.90,13647.51,2.6743,1.6516e+02,6.3911e-01,4.8179e+01,7.5385e+01,3D Shear-Dominated
Neptune,Equilibrium_Stirring,66.00,13664.03,2.6840,1.6511e+02,6.3930e-01,4.8252e+01,7.5476e+01,3D Shear-Dominated
Neptune,Equilibrium_Stirring,66.10,13680.54,2.6937,1.6506e+02,6.3949e-01,4.8325e+01,7.5567e+01,3D Shear-Dominated
Neptune,Equilibrium_Stirring,66.20,13697.04,2.7035,1.6506e+02,6.3949e-01,4.8383e+01,7.5658e+01,3D Shear-Dominated
Neptune,Equilibrium_Stirring,66.30,13713.55,2.7133,1.6511e+02,6.3930e-01,4.8427e+01,7.5749e+01,3D Shear-Dominated
Neptune,Equilibrium_Stirring,66.40,13730.06,2.7231,1.6516e+02,6.3911e-01,4.8471e+01,7.5841e+01,3D Shear-Dominated
Neptune,Equilibrium_Stirring,66.50,13746.58,2.7329,1.6521e+02,6.3892e-01,4.8514e+01,7.5932e+01,3D Shear-Dominated
Neptune,Equilibrium_Stirring,66.60,13763.10,2.7428,1.6526e+02,6.3873e-01,4.8558e+01,7.6023e+01,3D Shear-Dominated
Neptune,Equilibrium_Stirring,66.70,13779.62,2.7527,1.6531e+02,6.3853e-01,4.8602e+01,7.6114e+01,3D Shear-Dominated
Neptune,Equilibrium_Stirring,66.80,13796.15,2.7626,1.6536e+02,6.3834e-01,4.8645e+01,7.6206e+01,3D Shear-Dominated
Neptune,Equilibrium_Stirring,66.90,13812.69,2.7726,1.6541e+02,6.3815e-01,4.8689e+01,7.6297e+01,3D Shear-Dominated
Neptune,Equilibrium_Stirring,67.00,13829.23,2.7825,1.6546e+02,6.3796e-01,4.8733e+01,7.6388e+01,3D Shear-Dominated
Neptune,Equilibrium_Stirring,67.10,13845.78,2.7925,1.6551e+02,6.3777e-01,4.8777e+01,7.6480e+01,3D Shear-Dominated
Neptune,Equilibrium_Stirring,67.20,13862.33,2.8026,1.6556e+02,6.3758e-01,4.8820e+01,7.6571e+01,3D Shear-Dominated
Neptune,Equilibrium_Stirring,67.30,13878.88,2.8126,1.6561e+02,6.3739e-01,4.8864e+01,7.6663e+01,3D Shear-Dominated
Neptune,Equilibrium_Stirring,67.40,13895.44,2.8227,1.6566e+02,6.3720e-01,4.8908e+01,7.6754e+01,3D Shear-Dominated
Neptune,Equilibrium_Stirring,67.50,13912.01,2.8328,1.6571e+02,6.3701e-01,4.8951e+01,7.6846e+01,3D Shear-Dominated
Neptune,Equilibrium_Stirring,67.60,13928.58,2.8429,1.6576e+02,6.3682e-01,4.8995e+01,7.6937e+01,3D Shear-Dominated
Neptune,Equilibrium_Stirring,67.70,13945.16,2.8531,1.6580e+02,6.3663e-01,4.9039e+01,7.7029e+01,3D Shear-Dominated
Neptune,Equilibrium_Stirring,67.80,13961.74,2.8633,1.6585e+02,6.3644e-01,4.9083e+01,7.7120e+01,3D Shear-Dominated
Neptune,Equilibrium_Stirring,67.90,13978.32,2.8735,1.6590e+02,6.3625e-01,4.9126e+01,7.7212e+01,3D Shear-Dominated
Neptune,Equilibrium_Stirring,68.00,13994.91,2.8837,1.6595e+02,6.3606e-01,4.9170e+01,7.7304e+01,3D Shear-Dominated
Neptune,Equilibrium_Stirring,68.10,14011.51,2.8940,1.6600e+02,6.3588e-01,4.9214e+01,7.7395e+01,3D Shear-Dominated
Neptune,Equilibrium_Stirring,68.20,14028.11,2.9043,1.6605e+02,6.3569e-01,4.9258e+01,7.7487e+01,3D Shear-Dominated
Neptune,Equilibrium_Stirring,68.30,14044.71,2.9146,1.6610e+02,6.3550e-01,4.9301e+01,7.7579e+01,3D Shear-Dominated
Neptune,Equilibrium_Stirring,68.40,14061.32,2.9250,1.6615e+02,6.3531e-01,4.9345e+01,7.7670e+01,3D Shear-Dominated
Neptune,Equilibrium_Stirring,68.50,14077.94,2.9354,1.6620e+02,6.3512e-01,4.9389e+01,7.7762e+01,3D Shear-Dominated
Neptune,Equilibrium_Stirring,68.60,14094.56,2.9458,1.6625e+02,6.3494e-01,4.9432e+01,7.7854e+01,3D Shear-Dominated
Neptune,Equilibrium_Stirring,68.70,14111.18,2.9562,1.6630e+02,6.3475e-01,4.9476e+01,7.7946e+01,3D Shear-Dominated
Neptune,Equilibrium_Stirring,68.80,14127.81,2.9667,1.6634e+02,6.3456e-01,4.9520e+01,7.8038e+01,3D Shear-Dominated
Neptune,Equilibrium_Stirring,68.90,14144.45,2.9772,1.6639e+02,6.3438e-01,4.9564e+01,7.8130e+01,3D Shear-Dominated
Neptune,Equilibrium_Stirring,69.00,14161.09,2.9877,1.6644e+02,6.3419e-01,4.9607e+01,7.8222e+01,3D Shear-Dominated
Neptune,Equilibrium_Stirring,69.10,14177.73,2.9982,1.6649e+02,6.3400e-01,4.9651e+01,7.8313e+01,3D Shear-Dominated
Neptune,Equilibrium_Stirring,69.20,14194.38,3.0088,1.6654e+02,6.3382e-01,4.9695e+01,7.8405e+01,3D Shear-Dominated
Neptune,Equilibrium_Stirring,69.30,14211.03,3.0194,1.6659e+02,6.3363e-01,4.9738e+01,7.8497e+01,3D Shear-Dominated
Neptune,Equilibrium_Stirring,69.40,14227.69,3.0300,1.6664e+02,6.3345e-01,4.9782e+01,7.8589e+01,3D Shear-Dominated
Neptune,Equilibrium_Stirring,69.50,14244.36,3.0407,1.6669e+02,6.3326e-01,4.9826e+01,7.8681e+01,3D Shear-Dominated
Neptune,Equilibrium_Stirring,69.60,14261.02,3.0514,1.6674e+02,6.3308e-01,4.9870e+01,7.8774e+01,3D Shear-Dominated
Neptune,Equilibrium_Stirring,69.70,14277.70,3.0621,1.6678e+02,6.3289e-01,4.9913e+01,7.8866e+01,3D Shear-Dominated
Neptune,Equilibrium_Stirring,69.80,14294.38,3.0728,1.6683e+02,6.3271e-01,4.9957e+01,7.8958e+01,3D Shear-Dominated
Neptune,Equilibrium_Stirring,69.90,14311.06,3.0836,1.6688e+02,6.3252e-01,5.0001e+01,7.9050e+01,3D Shear-Dominated
Neptune,Equilibrium_Stirring,70.00,14327.75,3.0944,1.6693e+02,6.3234e-01,5.0045e+01,7.9142e+01,3D Shear-Dominated
Neptune,Equilibrium_Stirring,70.10,14344.44,3.1052,1.6698e+02,6.3215e-01,5.0088e+01,7.9234e+01,3D Shear-Dominated
Neptune,Equilibrium_Stirring,70.20,14361.14,3.1161,1.6703e+02,6.3197e-01,5.0132e+01,7.9327e+01,3D Shear-Dominated
Neptune,Equilibrium_Stirring,70.30,14377.84,3.1270,1.6708e+02,6.3179e-01,5.0176e+01,7.9419e+01,3D Shear-Dominated
Neptune,Equilibrium_Stirring,70.40,14394.55,3.1379,1.6712e+02,6.3160e-01,5.0219e+01,7.9511e+01,3D Shear-Dominated
Neptune,Equilibrium_Stirring,70.50,14411.26,3.1488,1.6717e+02,6.3142e-01,5.0263e+01,7.9603e+01,3D Shear-Dominated
Neptune,Equilibrium_Stirring,70.60,14427.98,3.1598,1.6722e+02,6.3124e-01,5.0307e+01,7.9696e+01,3D Shear-Dominated
Neptune,Equilibrium_Stirring,70.70,14444.70,3.1708,1.6727e+02,6.3105e-01,5.0351e+01,7.9788e+01,3D Shear-Dominated
Neptune,Equilibrium_Stirring,70.80,14461.43,3.1818,1.6732e+02,6.3087e-01,5.0394e+01,7.9881e+01,3D Shear-Dominated
Neptune,Equilibrium_Stirring,70.90,14478.16,3.1929,1.6737e+02,6.3069e-01,5.0438e+01,7.9973e+01,3D Shear-Dominated
Neptune,Equilibrium_Stirring,71.00,14494.90,3.2040,1.6741e+02,6.3051e-01,5.0482e+01,8.0065e+01,3D Shear-Dominated
Neptune,Equilibrium_Stirring,71.10,14511.64,3.2151,1.6746e+02,6.3033e-01,5.0526e+01,8.0158e+01,3D Shear-Dominated
Neptune,Equilibrium_Stirring,71.20,14528.38,3.2262,1.6751e+02,6.3014e-01,5.0569e+01,8.0250e+01,3D Shear-Dominated
Neptune,Equilibrium_Stirring,71.30,14545.13,3.2374,1.6756e+02,6.2996e-01,5.0613e+01,8.0343e+01,3D Shear-Dominated
Neptune,Equilibrium_Stirring,71.40,14561.89,3.2486,1.6761e+02,6.2978e-01,5.0657e+01,8.0435e+01,3D Shear-Dominated
Neptune,Equilibrium_Stirring,71.50,14578.65,3.2598,1.6766e+02,6.2960e-01,5.0700e+01,8.0528e+01,3D Shear-Dominated
Neptune,Equilibrium_Stirring,71.60,14595.42,3.2711,1.6770e+02,6.2942e-01,5.0744e+01,8.0621e+01,3D Shear-Dominated
Neptune,Equilibrium_Stirring,71.70,14612.19,3.2824,1.6775e+02,6.2924e-01,5.0788e+01,8.0713e+01,3D Shear-Dominated
Neptune,Equilibrium_Stirring,71.80,14628.96,3.2937,1.6780e+02,6.2906e-01,5.0832e+01,8.0806e+01,3D Shear-Dominated
Neptune,Equilibrium_Stirring,71.90,14645.74,3.3051,1.6785e+02,6.2888e-01,5.0875e+01,8.0899e+01,3D Shear-Dominated
Neptune,Equilibrium_Stirring,72.00,14662.53,3.3164,1.6790e+02,6.2870e-01,5.0919e+01,8.0991e+01,3D Shear-Dominated
Neptune,Equilibrium_Stirring,72.10,14679.32,3.3278,1.6794e+02,6.2852e-01,5.0963e+01,8.1084e+01,3D Shear-Dominated
Neptune,Equilibrium_Stirring,72.20,14696.11,3.3393,1.6799e+02,6.2834e-01,5.1006e+01,8.1177e+01,3D Shear-Dominated
Neptune,Equilibrium_Stirring,72.30,14712.91,3.3507,1.6804e+02,6.2816e-01,5.1050e+01,8.1270e+01,3D Shear-Dominated
Neptune,Equilibrium_Stirring,72.40,14729.72,3.3622,1.6809e+02,6.2798e-01,5.1094e+01,8.1362e+01,3D Shear-Dominated
Neptune,Equilibrium_Stirring,72.50,14746.52,3.3738,1.6814e+02,6.2780e-01,5.1138e+01,8.1455e+01,3D Shear-Dominated
Neptune,Equilibrium_Stirring,72.60,14763.34,3.3853,1.6818e+02,6.2762e-01,5.1181e+01,8.1548e+01,3D Shear-Dominated
Neptune,Equilibrium_Stirring,72.70,14780.16,3.3969,1.6823e+02,6.2744e-01,5.1225e+01,8.1641e+01,3D Shear-Dominated
Neptune,Equilibrium_Stirring,72.80,14796.98,3.4085,1.6828e+02,6.2726e-01,5.1269e+01,8.1734e+01,3D Shear-Dominated
Neptune,Equilibrium_Stirring,72.90,14813.81,3.4202,1.6833e+02,6.2709e-01,5.1313e+01,8.1827e+01,3D Shear-Dominated
Neptune,Equilibrium_Stirring,73.00,14830.64,3.4318,1.6838e+02,6.2691e-01,5.1356e+01,8.1920e+01,3D Shear-Dominated
Neptune,Equilibrium_Stirring,73.10,14847.48,3.4435,1.6842e+02,6.2673e-01,5.1400e+01,8.2013e+01,3D Shear-Dominated
Neptune,Equilibrium_Stirring,73.20,14864.32,3.4553,1.6847e+02,6.2655e-01,5.1444e+01,8.2106e+01,3D Shear-Dominated
Neptune,Equilibrium_Stirring,73.30,14881.17,3.4670,1.6852e+02,6.2638e-01,5.1487e+01,8.2199e+01,3D Shear-Dominated
Neptune,Equilibrium_Stirring,73.40,14898.02,3.4788,1.6857e+02,6.2620e-01,5.1531e+01,8.2292e+01,3D Shear-Dominated
Neptune,Equilibrium_Stirring,73.50,14914.88,3.4906,1.6861e+02,6.2602e-01,5.1575e+01,8.2385e+01,3D Shear-Dominated
Neptune,Equilibrium_Stirring,73.60,14931.74,3.5025,1.6866e+02,6.2584e-01,5.1619e+01,8.2478e+01,3D Shear-Dominated
Neptune,Equilibrium_Stirring,73.70,14948.60,3.5144,1.6871e+02,6.2567e-01,5.1662e+01,8.2572e+01,3D Shear-Dominated
Neptune,Equilibrium_Stirring,73.80,14965.47,3.5263,1.6876e+02,6.2549e-01,5.1706e+01,8.2665e+01,3D Shear-Dominated
Neptune,Equilibrium_Stirring,73.90,14982.35,3.5382,1.6880e+02,6.2531e-01,5.1750e+01,8.2758e+01,3D Shear-Dominated
Neptune,Equilibrium_Stirring,74.00,14999.23,3.5502,1.6885e+02,6.2514e-01,5.1793e+01,8.2851e+01,3D Shear-Dominated
Neptune,Equilibrium_Stirring,74.10,15016.12,3.5622,1.6890e+02,6.2496e-01,5.1837e+01,8.2944e+01,3D Shear-Dominated
Neptune,Equilibrium_Stirring,74.20,15033.01,3.5742,1.6895e+02,6.2479e-01,5.1881e+01,8.3038e+01,3D Shear-Dominated
Neptune,Equilibrium_Stirring,74.30,15049.90,3.5863,1.6899e+02,6.2461e-01,5.1925e+01,8.3131e+01,3D Shear-Dominated
Neptune,Equilibrium_Stirring,74.40,15066.80,3.5984,1.6904e+02,6.2444e-01,5.1968e+01,8.3224e+01,3D Shear-Dominated
Neptune,Equilibrium_Stirring,74.50,15083.70,3.6105,1.6909e+02,6.2426e-01,5.2012e+01,8.3318e+01,3D Shear-Dominated
Neptune,Equilibrium_Stirring,74.60,15100.61,3.6227,1.6914e+02,6.2409e-01,5.2056e+01,8.3411e+01,3D Shear-Dominated
Neptune,Equilibrium_Stirring,74.70,15117.53,3.6349,1.6918e+02,6.2391e-01,5.2100e+01,8.3505e+01,3D Shear-Dominated
Neptune,Equilibrium_Stirring,74.80,15134.45,3.6471,1.6923e+02,6.2374e-01,5.2143e+01,8.3598e+01,3D Shear-Dominated
Neptune,Equilibrium_Stirring,74.90,15151.37,3.6593,1.6928e+02,6.2356e-01,5.2187e+01,8.3692e+01,3D Shear-Dominated
Neptune,Equilibrium_Stirring,75.00,15168.30,3.6716,1.6933e+02,6.2339e-01,5.2231e+01,8.3785e+01,3D Shear-Dominated
Neptune,Equilibrium_Stirring,75.10,15185.23,3.6839,1.6937e+02,6.2322e-01,5.2274e+01,8.3879e+01,3D Shear-Dominated
Neptune,Equilibrium_Stirring,75.20,15202.17,3.6963,1.6942e+02,6.2304e-01,5.2318e+01,8.3972e+01,3D Shear-Dominated
Neptune,Equilibrium_Stirring,75.30,15219.11,3.7086,1.6947e+02,6.2287e-01,5.2362e+01,8.4066e+01,3D Shear-Dominated
Neptune,Equilibrium_Stirring,75.40,15236.06,3.7210,1.6952e+02,6.2270e-01,5.2406e+01,8.4159e+01,3D Shear-Dominated
Neptune,Equilibrium_Stirring,75.50,15253.01,3.7335,1.6956e+02,6.2252e-01,5.2449e+01,8.4253e+01,3D Shear-Dominated
Neptune,Equilibrium_Stirring,75.60,15269.96,3.7459,1.6961e+02,6.2235e-01,5.2493e+01,8.4347e+01,3D Shear-Dominated
Neptune,Equilibrium_Stirring,75.70,15286.92,3.7584,1.6966e+02,6.2218e-01,5.2537e+01,8.4440e+01,3D Shear-Dominated
Neptune,Equilibrium_Stirring,75.80,15303.89,3.7710,1.6970e+02,6.2200e-01,5.2581e+01,8.4534e+01,3D Shear-Dominated
Neptune,Equilibrium_Stirring,75.90,15320.86,3.7835,1.6975e+02,6.2183e-01,5.2624e+01,8.4628e+01,3D Shear-Dominated
Neptune,Equilibrium_Stirring,76.00,15337.84,3.7961,1.6980e+02,6.2166e-01,5.2668e+01,8.4722e+01,3D Shear-Dominated
Neptune,Equilibrium_Stirring,76.10,15354.82,3.8087,1.6984e+02,6.2149e-01,5.2712e+01,8.4815e+01,3D Shear-Dominated
Neptune,Equilibrium_Stirring,76.20,15371.80,3.8214,1.6989e+02,6.2132e-01,5.2755e+01,8.4909e+01,3D Shear-Dominated
Neptune,Equilibrium_Stirring,76.30,15388.79,3.8341,1.6994e+02,6.2114e-01,5.2799e+01,8.5003e+01,3D Shear-Dominated
Neptune,Equilibrium_Stirring,76.40,15405.78,3.8468,1.6999e+02,6.2097e-01,5.2843e+01,8.5097e+01,3D Shear-Dominated
Neptune,Equilibrium_Stirring,76.50,15422.78,3.8595,1.7003e+02,6.2080e-01,5.2887e+01,8.5191e+01,3D Shear-Dominated
Neptune,Equilibrium_Stirring,76.60,15439.78,3.8723,1.7008e+02,6.2063e-01,5.2930e+01,8.5285e+01,3D Shear-Dominated
Neptune,Equilibrium_Stirring,76.70,15456.79,3.8851,1.7013e+02,6.2046e-01,5.2974e+01,8.5379e+01,3D Shear-Dominated
Neptune,Equilibrium_Stirring,76.80,15473.80,3.8980,1.7017e+02,6.2029e-01,5.3018e+01,8.5473e+01,3D Shear-Dominated
Neptune,Equilibrium_Stirring,76.90,15490.82,3.9108,1.7022e+02,6.2012e-01,5.3061e+01,8.5567e+01,3D Shear-Dominated
Neptune,Equilibrium_Stirring,77.00,15507.84,3.9237,1.7027e+02,6.1995e-01,5.3105e+01,8.5661e+01,3D Shear-Dominated
Neptune,Equilibrium_Stirring,77.10,15524.87,3.9367,1.7031e+02,6.1978e-01,5.3149e+01,8.5755e+01,3D Shear-Dominated
Neptune,Equilibrium_Stirring,77.20,15541.90,3.9496,1.7036e+02,6.1961e-01,5.3193e+01,8.5849e+01,3D Shear-Dominated
Neptune,Equilibrium_Stirring,77.30,15558.94,3.9626,1.7041e+02,6.1944e-01,5.3236e+01,8.5943e+01,3D Shear-Dominated
Neptune,Equilibrium_Stirring,77.40,15575.98,3.9757,1.7045e+02,6.1927e-01,5.3280e+01,8.6037e+01,3D Shear-Dominated
Neptune,Equilibrium_Stirring,77.50,15593.02,3.9887,1.7050e+02,6.1910e-01,5.3324e+01,8.6131e+01,3D Shear-Dominated
Neptune,Equilibrium_Stirring,77.60,15610.07,4.0018,1.7055e+02,6.1893e-01,5.3368e+01,8.6225e+01,3D Shear-Dominated
Neptune,Equilibrium_Stirring,77.70,15627.13,4.0150,1.7059e+02,6.1876e-01,5.3411e+01,8.6319e+01,3D Shear-Dominated
Neptune,Equilibrium_Stirring,77.80,15644.19,4.0281,1.7064e+02,6.1859e-01,5.3455e+01,8.6414e+01,3D Shear-Dominated
Neptune,Equilibrium_Stirring,77.90,15661.25,4.0413,1.7069e+02,6.1843e-01,5.3499e+01,8.6508e+01,3D Shear-Dominated
Neptune,Equilibrium_Stirring,78.00,15678.32,4.0546,1.7073e+02,6.1826e-01,5.3542e+01,8.6602e+01,3D Shear-Dominated
Neptune,Equilibrium_Stirring,78.10,15695.39,4.0678,1.7078e+02,6.1809e-01,5.3586e+01,8.6697e+01,3D Shear-Dominated
Neptune,Equilibrium_Stirring,78.20,15712.47,4.0811,1.7082e+02,6.1792e-01,5.3630e+01,8.6791e+01,3D Shear-Dominated
Neptune,Equilibrium_Stirring,78.30,15729.55,4.0944,1.7087e+02,6.1775e-01,5.3674e+01,8.6885e+01,3D Shear-Dominated
Neptune,Equilibrium_Stirring,78.40,15746.64,4.1078,1.7092e+02,6.1759e-01,5.3717e+01,8.6980e+01,3D Shear-Dominated
Neptune,Equilibrium_Stirring,78.50,15763.73,4.1212,1.7096e+02,6.1742e-01,5.3761e+01,8.7074e+01,3D Shear-Dominated
Neptune,Equilibrium_Stirring,78.60,15780.83,4.1346,1.7101e+02,6.1725e-01,5.3805e+01,8.7168e+01,3D Shear-Dominated
Neptune,Equilibrium_Stirring,78.70,15797.93,4.1481,1.7106e+02,6.1708e-01,5.3848e+01,8.7263e+01,3D Shear-Dominated
Neptune,Equilibrium_Stirring,78.80,15815.04,4.1616,1.7110e+02,6.1692e-01,5.3892e+01,8.7357e+01,3D Shear-Dominated
Neptune,Equilibrium_Stirring,78.90,15832.15,4.1751,1.7115e+02,6.1675e-01,5.3936e+01,8.7452e+01,3D Shear-Dominated
Neptune,Equilibrium_Stirring,79.00,15849.26,4.1886,1.7120e+02,6.1658e-01,5.3980e+01,8.7546e+01,3D Shear-Dominated
Neptune,Equilibrium_Stirring,79.10,15866.38,4.2022,1.7124e+02,6.1642e-01,5.4023e+01,8.7641e+01,3D Shear-Dominated
Neptune,Equilibrium_Stirring,79.20,15883.50,4.2158,1.7129e+02,6.1625e-01,5.4067e+01,8.7736e+01,3D Shear-Dominated
Neptune,Equilibrium_Stirring,79.30,15900.63,4.2295,1.7133e+02,6.1608e-01,5.4111e+01,8.7830e+01,3D Shear-Dominated
Neptune,Equilibrium_Stirring,79.40,15917.77,4.2432,1.7138e+02,6.1592e-01,5.4155e+01,8.7925e+01,3D Shear-Dominated
Neptune,Equilibrium_Stirring,79.50,15934.90,4.2569,1.7143e+02,6.1575e-01,5.4198e+01,8.8020e+01,3D Shear-Dominated
Neptune,Equilibrium_Stirring,79.60,15952.05,4.2707,1.7147e+02,6.1559e-01,5.4242e+01,8.8114e+01,3D Shear-Dominated
Neptune,Equilibrium_Stirring,79.70,15969.19,4.2844,1.7152e+02,6.1542e-01,5.4286e+01,8.8209e+01,3D Shear-Dominated
Neptune,Equilibrium_Stirring,79.80,15986.35,4.2983,1.7156e+02,6.1526e-01,5.4329e+01,8.8304e+01,3D Shear-Dominated
Neptune,Equilibrium_Stirring,79.90,16003.50,4.3121,1.7161e+02,6.1509e-01,5.4373e+01,8.8398e+01,3D Shear-Dominated
Neptune,Equilibrium_Stirring,80.00,16020.66,4.3260,1.7166e+02,6.1493e-01,5.4417e+01,8.8493e+01,3D Shear-Dominated
Neptune,Equilibrium_Stirring,80.10,16037.83,4.3399,1.7170e+02,6.1476e-01,5.4461e+01,8.8588e+01,3D Shear-Dominated
Neptune,Equilibrium_Stirring,80.20,16055.00,4.3539,1.7175e+02,6.1460e-01,5.4504e+01,8.8683e+01,3D Shear-Dominated
Neptune,Equilibrium_Stirring,80.30,16072.17,4.3679,1.7179e+02,6.1443e-01,5.4548e+01,8.8778e+01,3D Shear-Dominated
Neptune,Equilibrium_Stirring,80.40,16089.35,4.3819,1.7184e+02,6.1427e-01,5.4592e+01,8.8873e+01,3D Shear-Dominated
Neptune,Equilibrium_Stirring,80.50,16106.54,4.3959,1.7189e+02,6.1411e-01,5.4636e+01,8.8968e+01,3D Shear-Dominated
Neptune,Equilibrium_Stirring,80.60,16123.73,4.4100,1.7193e+02,6.1394e-01,5.4679e+01,8.9063e+01,3D Shear-Dominated
Neptune,Equilibrium_Stirring,80.70,16140.92,4.4242,1.7198e+02,6.1378e-01,5.4723e+01,8.9158e+01,3D Shear-Dominated
Neptune,Equilibrium_Stirring,80.80,16158.12,4.4383,1.7202e+02,6.1362e-01,5.4767e+01,8.9252e+01,3D Shear-Dominated
Neptune,Equilibrium_Stirring,80.90,16175.32,4.4525,1.7207e+02,6.1345e-01,5.4810e+01,8.9348e+01,3D Shear-Dominated
Neptune,Equilibrium_Stirring,81.00,16192.53,4.4667,1.7212e+02,6.1329e-01,5.4854e+01,8.9443e+01,3D Shear-Dominated
Neptune,Equilibrium_Stirring,81.10,16209.74,4.4810,1.7216e+02,6.1313e-01,5.4898e+01,8.9538e+01,3D Shear-Dominated
Neptune,Equilibrium_Stirring,81.20,16226.95,4.4953,1.7221e+02,6.1296e-01,5.4942e+01,8.9633e+01,3D Shear-Dominated
Neptune,Equilibrium_Stirring,81.30,16244.17,4.5096,1.7225e+02,6.1280e-01,5.4985e+01,8.9728e+01,3D Shear-Dominated
Neptune,Equilibrium_Stirring,81.40,16261.40,4.5240,1.7230e+02,6.1264e-01,5.5029e+01,8.9823e+01,3D Shear-Dominated
Neptune,Equilibrium_Stirring,81.50,16278.63,4.5384,1.7234e+02,6.1248e-01,5.5073e+01,8.9918e+01,3D Shear-Dominated
Neptune,Equilibrium_Stirring,81.60,16295.86,4.5528,1.7239e+02,6.1231e-01,5.5116e+01,9.0013e+01,3D Shear-Dominated
Neptune,Equilibrium_Stirring,81.70,16313.10,4.5673,1.7243e+02,6.1215e-01,5.5160e+01,9.0109e+01,3D Shear-Dominated
Neptune,Equilibrium_Stirring,81.80,16330.35,4.5818,1.7248e+02,6.1199e-01,5.5204e+01,9.0204e+01,3D Shear-Dominated
Neptune,Equilibrium_Stirring,81.90,16347.59,4.5963,1.7253e+02,6.1183e-01,5.5248e+01,9.0299e+01,3D Shear-Dominated
Neptune,Equilibrium_Stirring,82.00,16364.85,4.6109,1.7257e+02,6.1167e-01,5.5291e+01,9.0394e+01,3D Shear-Dominated
Neptune,Equilibrium_Stirring,82.10,16382.10,4.6255,1.7262e+02,6.1151e-01,5.5335e+01,9.0490e+01,3D Shear-Dominated
Neptune,Equilibrium_Stirring,82.20,16399.37,4.6401,1.7266e+02,6.1135e-01,5.5379e+01,9.0585e+01,3D Shear-Dominated
Neptune,Equilibrium_Stirring,82.30,16416.63,4.6548,1.7271e+02,6.1119e-01,5.5423e+01,9.0680e+01,3D Shear-Dominated
Neptune,Equilibrium_Stirring,82.40,16433.90,4.6695,1.7275e+02,6.1102e-01,5.5466e+01,9.0776e+01,3D Shear-Dominated
Neptune,Equilibrium_Stirring,82.50,16451.18,4.6842,1.7280e+02,6.1086e-01,5.5510e+01,9.0871e+01,3D Shear-Dominated
Neptune,Equilibrium_Stirring,82.60,16468.46,4.6990,1.7284e+02,6.1070e-01,5.5554e+01,9.0967e+01,3D Shear-Dominated
Neptune,Equilibrium_Stirring,82.70,16485.74,4.7138,1.7289e+02,6.1054e-01,5.5597e+01,9.1062e+01,3D Shear-Dominated
Neptune,Equilibrium_Stirring,82.80,16503.03,4.7286,1.7293e+02,6.1038e-01,5.5641e+01,9.1158e+01,3D Shear-Dominated
Neptune,Equilibrium_Stirring,82.90,16520.32,4.7435,1.7298e+02,6.1022e-01,5.5685e+01,9.1253e+01,3D Shear-Dominated
Neptune,Equilibrium_Stirring,83.00,16537.62,4.7584,1.7302e+02,6.1006e-01,5.5729e+01,9.1349e+01,3D Shear-Dominated
Neptune,Equilibrium_Stirring,83.10,16554.92,4.7734,1.7307e+02,6.0990e-01,5.5772e+01,9.1444e+01,3D Shear-Dominated
Neptune,Equilibrium_Stirring,83.20,16572.23,4.7884,1.7312e+02,6.0975e-01,5.5816e+01,9.1540e+01,3D Shear-Dominated
Neptune,Equilibrium_Stirring,83.30,16589.54,4.8034,1.7316e+02,6.0959e-01,5.5860e+01,9.1636e+01,3D Shear-Dominated
Neptune,Equilibrium_Stirring,83.40,16606.86,4.8185,1.7321e+02,6.0943e-01,5.5904e+01,9.1731e+01,3D Shear-Dominated
Neptune,Equilibrium_Stirring,83.50,16624.18,4.8336,1.7325e+02,6.0927e-01,5.5947e+01,9.1827e+01,3D Shear-Dominated
Neptune,Equilibrium_Stirring,83.60,16641.51,4.8487,1.7330e+02,6.0911e-01,5.5991e+01,9.1923e+01,3D Shear-Dominated
Neptune,Equilibrium_Stirring,83.70,16658.83,4.8638,1.7334e+02,6.0895e-01,5.6035e+01,9.2018e+01,3D Shear-Dominated
Neptune,Equilibrium_Stirring,83.80,16676.17,4.8790,1.7339e+02,6.0879e-01,5.6078e+01,9.2114e+01,3D Shear-Dominated
Neptune,Equilibrium_Stirring,83.90,16693.51,4.8943,1.7343e+02,6.0863e-01,5.6122e+01,9.2210e+01,3D Shear-Dominated
Neptune,Equilibrium_Stirring,84.00,16710.85,4.9095,1.7348e+02,6.0848e-01,5.6166e+01,9.2306e+01,3D Shear-Dominated
Neptune,Equilibrium_Stirring,84.10,16728.20,4.9249,1.7352e+02,6.0832e-01,5.6210e+01,9.2401e+01,3D Shear-Dominated
Neptune,Equilibrium_Stirring,84.20,16745.55,4.9402,1.7357e+02,6.0816e-01,5.6253e+01,9.2497e+01,3D Shear-Dominated
Neptune,Equilibrium_Stirring,84.30,16762.91,4.9556,1.7361e+02,6.0800e-01,5.6297e+01,9.2593e+01,3D Shear-Dominated
Neptune,Equilibrium_Stirring,84.40,16780.27,4.9710,1.7366e+02,6.0785e-01,5.6341e+01,9.2689e+01,3D Shear-Dominated
Neptune,Equilibrium_Stirring,84.50,16797.63,4.9864,1.7370e+02,6.0769e-01,5.6384e+01,9.2785e+01,3D Shear-Dominated
Neptune,Equilibrium_Stirring,84.60,16815.00,5.0019,1.7375e+02,6.0753e-01,5.6428e+01,9.2881e+01,3D Shear-Dominated
Neptune,Equilibrium_Stirring,84.70,16832.38,5.0174,1.7379e+02,6.0738e-01,5.6472e+01,9.2977e+01,3D Shear-Dominated
Neptune,Equilibrium_Stirring,84.80,16849.76,5.0330,1.7384e+02,6.0722e-01,5.6516e+01,9.3073e+01,3D Shear-Dominated
Neptune,Equilibrium_Stirring,84.90,16867.14,5.0486,1.7388e+02,6.0706e-01,5.6559e+01,9.3169e+01,3D Shear-Dominated
Neptune,Equilibrium_Stirring,85.00,16884.53,5.0642,1.7393e+02,6.0691e-01,5.6603e+01,9.3265e+01,3D Shear-Dominated
Neptune,Equilibrium_Stirring,85.10,16901.92,5.0799,1.7397e+02,6.0675e-01,5.6647e+01,9.3361e+01,3D Shear-Dominated
Neptune,Equilibrium_Stirring,85.20,16919.32,5.0956,1.7401e+02,6.0659e-01,5.6691e+01,9.3457e+01,3D Shear-Dominated
Neptune,Equilibrium_Stirring,85.30,16936.72,5.1113,1.7406e+02,6.0644e-01,5.6734e+01,9.3553e+01,3D Shear-Dominated
Neptune,Equilibrium_Stirring,85.40,16954.13,5.1271,1.7410e+02,6.0628e-01,5.6778e+01,9.3649e+01,3D Shear-Dominated
Neptune,Equilibrium_Stirring,85.50,16971.54,5.1429,1.7415e+02,6.0613e-01,5.6822e+01,9.3746e+01,3D Shear-Dominated
Neptune,Equilibrium_Stirring,85.60,16988.95,5.1588,1.7419e+02,6.0597e-01,5.6865e+01,9.3842e+01,3D Shear-Dominated
Neptune,Equilibrium_Stirring,85.70,17006.37,5.1746,1.7424e+02,6.0582e-01,5.6909e+01,9.3938e+01,3D Shear-Dominated
Neptune,Equilibrium_Stirring,85.80,17023.79,5.1906,1.7428e+02,6.0566e-01,5.6953e+01,9.4034e+01,3D Shear-Dominated
Neptune,Equilibrium_Stirring,85.90,17041.22,5.2065,1.7433e+02,6.0551e-01,5.6997e+01,9.4131e+01,3D Shear-Dominated
Neptune,Equilibrium_Stirring,86.00,17058.66,5.2225,1.7437e+02,6.0535e-01,5.7040e+01,9.4227e+01,3D Shear-Dominated
Neptune,Equilibrium_Stirring,86.10,17076.09,5.2385,1.7442e+02,6.0520e-01,5.7084e+01,9.4323e+01,3D Shear-Dominated
Neptune,Equilibrium_Stirring,86.20,17093.53,5.2546,1.7446e+02,6.0504e-01,5.7128e+01,9.4419e+01,3D Shear-Dominated
Neptune,Equilibrium_Stirring,86.30,17110.98,5.2707,1.7451e+02,6.0489e-01,5.7171e+01,9.4516e+01,3D Shear-Dominated
Neptune,Equilibrium_Stirring,86.40,17128.43,5.2869,1.7455e+02,6.0473e-01,5.7215e+01,9.4612e+01,3D Shear-Dominated
Neptune,Equilibrium_Stirring,86.50,17145.89,5.3030,1.7459e+02,6.0458e-01,5.7259e+01,9.4709e+01,3D Shear-Dominated
Neptune,Equilibrium_Stirring,86.60,17163.35,5.3193,1.7464e+02,6.0443e-01,5.7303e+01,9.4805e+01,3D Shear-Dominated
Neptune,Equilibrium_Stirring,86.70,17180.81,5.3355,1.7468e+02,6.0427e-01,5.7346e+01,9.4902e+01,3D Shear-Dominated
Neptune,Equilibrium_Stirring,86.80,17198.28,5.3518,1.7473e+02,6.0412e-01,5.7390e+01,9.4998e+01,3D Shear-Dominated
Neptune,Equilibrium_Stirring,86.90,17215.75,5.3681,1.7477e+02,6.0397e-01,5.7434e+01,9.5095e+01,3D Shear-Dominated
Neptune,Equilibrium_Stirring,87.00,17233.23,5.3845,1.7482e+02,6.0381e-01,5.7478e+01,9.5191e+01,3D Shear-Dominated
Neptune,Equilibrium_Stirring,87.10,17250.71,5.4009,1.7486e+02,6.0366e-01,5.7521e+01,9.5288e+01,3D Shear-Dominated
Neptune,Equilibrium_Stirring,87.20,17268.19,5.4173,1.7490e+02,6.0351e-01,5.7565e+01,9.5384e+01,3D Shear-Dominated
Neptune,Equilibrium_Stirring,87.30,17285.69,5.4338,1.7495e+02,6.0335e-01,5.7609e+01,9.5481e+01,3D Shear-Dominated
Neptune,Equilibrium_Stirring,87.40,17303.18,5.4503,1.7499e+02,6.0320e-01,5.7652e+01,9.5577e+01,3D Shear-Dominated
Neptune,Equilibrium_Stirring,87.50,17320.68,5.4669,1.7504e+02,6.0305e-01,5.7696e+01,9.5674e+01,3D Shear-Dominated
Neptune,Equilibrium_Stirring,87.60,17338.18,5.4835,1.7508e+02,6.0290e-01,5.7740e+01,9.5771e+01,3D Shear-Dominated
Neptune,Equilibrium_Stirring,87.70,17355.69,5.5001,1.7513e+02,6.0274e-01,5.7784e+01,9.5868e+01,3D Shear-Dominated
Neptune,Equilibrium_Stirring,87.80,17373.20,5.5168,1.7517e+02,6.0259e-01,5.7827e+01,9.5964e+01,3D Shear-Dominated
Neptune,Equilibrium_Stirring,87.90,17390.72,5.5335,1.7521e+02,6.0244e-01,5.7871e+01,9.6061e+01,3D Shear-Dominated
Neptune,Equilibrium_Stirring,88.00,17408.24,5.5502,1.7526e+02,6.0229e-01,5.7915e+01,9.6158e+01,3D Shear-Dominated
Neptune,Equilibrium_Stirring,88.10,17425.77,5.5670,1.7530e+02,6.0214e-01,5.7959e+01,9.6255e+01,3D Shear-Dominated
Neptune,Equilibrium_Stirring,88.20,17443.30,5.5838,1.7535e+02,6.0199e-01,5.8002e+01,9.6351e+01,3D Shear-Dominated
Neptune,Equilibrium_Stirring,88.30,17460.83,5.6007,1.7539e+02,6.0184e-01,5.8046e+01,9.6448e+01,3D Shear-Dominated
Neptune,Equilibrium_Stirring,88.40,17478.37,5.6176,1.7543e+02,6.0168e-01,5.8090e+01,9.6545e+01,3D Shear-Dominated
Neptune,Equilibrium_Stirring,88.50,17495.92,5.6345,1.7548e+02,6.0153e-01,5.8133e+01,9.6642e+01,3D Shear-Dominated
Neptune,Equilibrium_Stirring,88.60,17513.46,5.6515,1.7552e+02,6.0138e-01,5.8177e+01,9.6739e+01,3D Shear-Dominated
Neptune,Equilibrium_Stirring,88.70,17531.02,5.6685,1.7557e+02,6.0123e-01,5.8221e+01,9.6836e+01,3D Shear-Dominated
Neptune,Equilibrium_Stirring,88.80,17548.57,5.6855,1.7561e+02,6.0108e-01,5.8265e+01,9.6933e+01,3D Shear-Dominated
Neptune,Equilibrium_Stirring,88.90,17566.13,5.7026,1.7565e+02,6.0093e-01,5.8308e+01,9.7030e+01,3D Shear-Dominated
Neptune,Equilibrium_Stirring,89.00,17583.70,5.7197,1.7570e+02,6.0078e-01,5.8352e+01,9.7127e+01,3D Shear-Dominated
Neptune,Equilibrium_Stirring,89.10,17601.27,5.7369,1.7574e+02,6.0063e-01,5.8396e+01,9.7224e+01,3D Shear-Dominated
Neptune,Equilibrium_Stirring,89.20,17618.84,5.7541,1.7579e+02,6.0048e-01,5.8439e+01,9.7321e+01,3D Shear-Dominated
Neptune,Equilibrium_Stirring,89.30,17636.42,5.7713,1.7583e+02,6.0033e-01,5.8483e+01,9.7418e+01,3D Shear-Dominated
Neptune,Equilibrium_Stirring,89.40,17654.00,5.7886,1.7587e+02,6.0018e-01,5.8527e+01,9.7515e+01,3D Shear-Dominated
Neptune,Equilibrium_Stirring,89.50,17671.59,5.8059,1.7592e+02,6.0003e-01,5.8571e+01,9.7612e+01,3D Shear-Dominated
Neptune,Equilibrium_Stirring,89.60,17689.18,5.8233,1.7596e+02,5.9988e-01,5.8614e+01,9.7710e+01,3D Shear-Dominated
Neptune,Equilibrium_Stirring,89.70,17706.78,5.8407,1.7600e+02,5.9973e-01,5.8658e+01,9.7807e+01,3D Shear-Dominated
Neptune,Equilibrium_Stirring,89.80,17724.38,5.8581,1.7605e+02,5.9959e-01,5.8702e+01,9.7904e+01,3D Shear-Dominated
Neptune,Equilibrium_Stirring,89.90,17741.99,5.8756,1.7609e+02,5.9944e-01,5.8746e+01,9.8001e+01,3D Shear-Dominated
Neptune,Equilibrium_Stirring,90.00,17759.59,5.8931,1.7614e+02,5.9929e-01,5.8789e+01,9.8099e+01,3D Shear-Dominated
Neptune,Equilibrium_Stirring,90.10,17777.21,5.9107,1.7618e+02,5.9914e-01,5.8833e+01,9.8196e+01,3D Shear-Dominated
Neptune,Equilibrium_Stirring,90.20,17794.83,5.9283,1.7622e+02,5.9899e-01,5.8877e+01,9.8293e+01,3D Shear-Dominated
Neptune,Equilibrium_Stirring,90.30,17812.45,5.9459,1.7627e+02,5.9884e-01,5.8920e+01,9.8391e+01,3D Shear-Dominated
Neptune,Equilibrium_Stirring,90.40,17830.08,5.9636,1.7631e+02,5.9869e-01,5.8964e+01,9.8488e+01,3D Shear-Dominated
Neptune,Equilibrium_Stirring,90.50,17847.71,5.9813,1.7635e+02,5.9855e-01,5.9008e+01,9.8585e+01,3D Shear-Dominated
Neptune,Equilibrium_Stirring,90.60,17865.34,5.9990,1.7640e+02,5.9840e-01,5.9052e+01,9.8683e+01,3D Shear-Dominated
Neptune,Equilibrium_Stirring,90.70,17882.98,6.0168,1.7644e+02,5.9825e-01,5.9095e+01,9.8780e+01,3D Shear-Dominated
Neptune,Equilibrium_Stirring,90.80,17900.63,6.0346,1.7648e+02,5.9810e-01,5.9139e+01,9.8878e+01,3D Shear-Dominated
Neptune,Equilibrium_Stirring,90.90,17918.27,6.0525,1.7653e+02,5.9796e-01,5.9183e+01,9.8975e+01,3D Shear-Dominated
Neptune,Equilibrium_Stirring,91.00,17935.93,6.0704,1.7657e+02,5.9781e-01,5.9227e+01,9.9073e+01,3D Shear-Dominated
Neptune,Equilibrium_Stirring,91.10,17953.58,6.0883,1.7662e+02,5.9766e-01,5.9270e+01,9.9170e+01,3D Shear-Dominated
Neptune,Equilibrium_Stirring,91.20,17971.25,6.1063,1.7666e+02,5.9752e-01,5.9314e+01,9.9268e+01,3D Shear-Dominated
Neptune,Equilibrium_Stirring,91.30,17988.91,6.1244,1.7670e+02,5.9737e-01,5.9358e+01,9.9365e+01,3D Shear-Dominated
Neptune,Equilibrium_Stirring,91.40,18006.58,6.1424,1.7675e+02,5.9722e-01,5.9401e+01,9.9463e+01,3D Shear-Dominated
Neptune,Equilibrium_Stirring,91.50,18024.26,6.1605,1.7679e+02,5.9708e-01,5.9445e+01,9.9560e+01,3D Shear-Dominated
Neptune,Equilibrium_Stirring,91.60,18041.94,6.1787,1.7683e+02,5.9693e-01,5.9489e+01,9.9658e+01,3D Shear-Dominated
Neptune,Equilibrium_Stirring,91.70,18059.62,6.1969,1.7688e+02,5.9678e-01,5.9533e+01,9.9756e+01,3D Shear-Dominated
Neptune,Equilibrium_Stirring,91.80,18077.31,6.2151,1.7692e+02,5.9664e-01,5.9576e+01,9.9854e+01,3D Shear-Dominated
Neptune,Equilibrium_Stirring,91.90,18095.00,6.2333,1.7696e+02,5.9649e-01,5.9620e+01,9.9951e+01,3D Shear-Dominated
Neptune,Equilibrium_Stirring,92.00,18112.69,6.2517,1.7701e+02,5.9635e-01,5.9664e+01,1.0005e+02,3D Shear-Dominated
Neptune,Equilibrium_Stirring,92.10,18130.39,6.2700,1.7705e+02,5.9620e-01,5.9707e+01,1.0015e+02,3D Shear-Dominated
Neptune,Equilibrium_Stirring,92.20,18148.10,6.2884,1.7709e+02,5.9605e-01,5.9751e+01,1.0024e+02,3D Shear-Dominated
Neptune,Equilibrium_Stirring,92.30,18165.81,6.3068,1.7713e+02,5.9591e-01,5.9795e+01,1.0034e+02,3D Shear-Dominated
Neptune,Equilibrium_Stirring,92.40,18183.52,6.3253,1.7718e+02,5.9576e-01,5.9839e+01,1.0044e+02,3D Shear-Dominated
Neptune,Equilibrium_Stirring,92.50,18201.24,6.3438,1.7722e+02,5.9562e-01,5.9882e+01,1.0054e+02,3D Shear-Dominated
Neptune,Equilibrium_Stirring,92.60,18218.96,6.3623,1.7726e+02,5.9547e-01,5.9926e+01,1.0064e+02,3D Shear-Dominated
Neptune,Equilibrium_Stirring,92.70,18236.69,6.3809,1.7731e+02,5.9533e-01,5.9970e+01,1.0073e+02,3D Shear-Dominated
Neptune,Equilibrium_Stirring,92.80,18254.42,6.3996,1.7735e+02,5.9518e-01,6.0014e+01,1.0083e+02,3D Shear-Dominated
Neptune,Equilibrium_Stirring,92.90,18272.15,6.4182,1.7739e+02,5.9504e-01,6.0057e+01,1.0093e+02,3D Shear-Dominated
Neptune,Equilibrium_Stirring,93.00,18289.89,6.4369,1.7744e+02,5.9490e-01,6.0101e+01,1.0103e+02,3D Shear-Dominated
Neptune,Equilibrium_Stirring,93.10,18307.64,6.4557,1.7748e+02,5.9475e-01,6.0145e+01,1.0113e+02,3D Shear-Dominated
Neptune,Equilibrium_Stirring,93.20,18325.38,6.4745,1.7752e+02,5.9461e-01,6.0188e+01,1.0122e+02,3D Shear-Dominated
Neptune,Equilibrium_Stirring,93.30,18343.14,6.4933,1.7757e+02,5.9446e-01,6.0232e+01,1.0132e+02,3D Shear-Dominated
Neptune,Equilibrium_Stirring,93.40,18360.89,6.5122,1.7761e+02,5.9432e-01,6.0276e+01,1.0142e+02,3D Shear-Dominated
Neptune,Equilibrium_Stirring,93.50,18378.65,6.5311,1.7765e+02,5.9418e-01,6.0320e+01,1.0152e+02,3D Shear-Dominated
Neptune,Equilibrium_Stirring,93.60,18396.42,6.5501,1.7769e+02,5.9403e-01,6.0363e+01,1.0162e+02,3D Shear-Dominated
Neptune,Equilibrium_Stirring,93.70,18414.19,6.5691,1.7774e+02,5.9389e-01,6.0407e+01,1.0171e+02,3D Shear-Dominated
Neptune,Equilibrium_Stirring,93.80,18431.96,6.5881,1.7778e+02,5.9375e-01,6.0451e+01,1.0181e+02,3D Shear-Dominated
Neptune,Equilibrium_Stirring,93.90,18449.74,6.6072,1.7782e+02,5.9360e-01,6.0495e+01,1.0191e+02,3D Shear-Dominated
Neptune,Equilibrium_Stirring,94.00,18467.52,6.6263,1.7787e+02,5.9346e-01,6.0538e+01,1.0201e+02,3D Shear-Dominated
Neptune,Equilibrium_Stirring,94.10,18485.31,6.6455,1.7791e+02,5.9332e-01,6.0582e+01,1.0211e+02,3D Shear-Dominated
Neptune,Equilibrium_Stirring,94.20,18503.10,6.6647,1.7795e+02,5.9317e-01,6.0626e+01,1.0221e+02,3D Shear-Dominated
Neptune,Equilibrium_Stirring,94.30,18520.90,6.6839,1.7799e+02,5.9303e-01,6.0669e+01,1.0230e+02,3D Shear-Dominated
Neptune,Equilibrium_Stirring,94.40,18538.69,6.7032,1.7804e+02,5.9289e-01,6.0713e+01,1.0240e+02,3D Shear-Dominated
Neptune,Equilibrium_Stirring,94.50,18556.50,6.7225,1.7808e+02,5.9275e-01,6.0757e+01,1.0250e+02,3D Shear-Dominated
Neptune,Equilibrium_Stirring,94.60,18574.31,6.7419,1.7812e+02,5.9261e-01,6.0801e+01,1.0260e+02,3D Shear-Dominated
Neptune,Equilibrium_Stirring,94.70,18592.12,6.7613,1.7816e+02,5.9246e-01,6.0844e+01,1.0270e+02,3D Shear-Dominated
Neptune,Equilibrium_Stirring,94.80,18609.94,6.7808,1.7821e+02,5.9232e-01,6.0888e+01,1.0280e+02,3D Shear-Dominated
Neptune,Equilibrium_Stirring,94.90,18627.76,6.8003,1.7825e+02,5.9218e-01,6.0932e+01,1.0289e+02,3D Shear-Dominated
Neptune,Equilibrium_Stirring,95.00,18645.58,6.8198,1.7829e+02,5.9204e-01,6.0975e+01,1.0299e+02,3D Shear-Dominated
Neptune,Equilibrium_Stirring,95.10,18663.41,6.8394,1.7834e+02,5.9190e-01,6.1019e+01,1.0309e+02,3D Shear-Dominated
Neptune,Equilibrium_Stirring,95.20,18681.24,6.8590,1.7838e+02,5.9176e-01,6.1063e+01,1.0319e+02,3D Shear-Dominated
Neptune,Equilibrium_Stirring,95.30,18699.08,6.8787,1.7842e+02,5.9161e-01,6.1107e+01,1.0329e+02,3D Shear-Dominated
Neptune,Equilibrium_Stirring,95.40,18716.92,6.8984,1.7846e+02,5.9147e-01,6.1150e+01,1.0339e+02,3D Shear-Dominated
Neptune,Equilibrium_Stirring,95.50,18734.77,6.9182,1.7851e+02,5.9133e-01,6.1194e+01,1.0349e+02,3D Shear-Dominated
Neptune,Equilibrium_Stirring,95.60,18752.62,6.9380,1.7855e+02,5.9119e-01,6.1238e+01,1.0358e+02,3D Shear-Dominated
Neptune,Equilibrium_Stirring,95.70,18770.48,6.9578,1.7859e+02,5.9105e-01,6.1282e+01,1.0368e+02,3D Shear-Dominated
Neptune,Equilibrium_Stirring,95.80,18788.33,6.9777,1.7863e+02,5.9091e-01,6.1325e+01,1.0378e+02,3D Shear-Dominated
Neptune,Equilibrium_Stirring,95.90,18806.20,6.9976,1.7868e+02,5.9077e-01,6.1369e+01,1.0388e+02,3D Shear-Dominated
Neptune,Equilibrium_Stirring,96.00,18824.07,7.0176,1.7872e+02,5.9063e-01,6.1413e+01,1.0398e+02,3D Shear-Dominated
Neptune,Equilibrium_Stirring,96.10,18841.94,7.0376,1.7876e+02,5.9049e-01,6.1456e+01,1.0408e+02,3D Shear-Dominated
Neptune,Equilibrium_Stirring,96.20,18859.81,7.0576,1.7880e+02,5.9035e-01,6.1500e+01,1.0418e+02,3D Shear-Dominated
Neptune,Equilibrium_Stirring,96.30,18877.69,7.0777,1.7885e+02,5.9021e-01,6.1544e+01,1.0427e+02,3D Shear-Dominated
Neptune,Equilibrium_Stirring,96.40,18895.58,7.0978,1.7889e+02,5.9007e-01,6.1588e+01,1.0437e+02,3D Shear-Dominated
Neptune,Equilibrium_Stirring,96.50,18913.47,7.1180,1.7893e+02,5.8993e-01,6.1631e+01,1.0447e+02,3D Shear-Dominated
Neptune,Equilibrium_Stirring,96.60,18931.36,7.1382,1.7897e+02,5.8979e-01,6.1675e+01,1.0457e+02,3D Shear-Dominated
Neptune,Equilibrium_Stirring,96.70,18949.26,7.1585,1.7901e+02,5.8965e-01,6.1719e+01,1.0467e+02,3D Shear-Dominated
Neptune,Equilibrium_Stirring,96.80,18967.16,7.1788,1.7906e+02,5.8951e-01,6.1763e+01,1.0477e+02,3D Shear-Dominated
Neptune,Equilibrium_Stirring,96.90,18985.06,7.1992,1.7910e+02,5.8937e-01,6.1806e+01,1.0487e+02,3D Shear-Dominated
Neptune,Equilibrium_Stirring,97.00,19002.97,7.2196,1.7914e+02,5.8923e-01,6.1850e+01,1.0497e+02,3D Shear-Dominated
Neptune,Equilibrium_Stirring,97.10,19020.89,7.2400,1.7918e+02,5.8910e-01,6.1894e+01,1.0507e+02,3D Shear-Dominated
Neptune,Equilibrium_Stirring,97.20,19038.81,7.2605,1.7923e+02,5.8896e-01,6.1937e+01,1.0516e+02,3D Shear-Dominated
Neptune,Equilibrium_Stirring,97.30,19056.73,7.2810,1.7927e+02,5.8882e-01,6.1981e+01,1.0526e+02,3D Shear-Dominated
Neptune,Equilibrium_Stirring,97.40,19074.66,7.3016,1.7931e+02,5.8868e-01,6.2025e+01,1.0536e+02,3D Shear-Dominated
Neptune,Equilibrium_Stirring,97.50,19092.59,7.3222,1.7935e+02,5.8854e-01,6.2069e+01,1.0546e+02,3D Shear-Dominated
Neptune,Equilibrium_Stirring,97.60,19110.52,7.3428,1.7939e+02,5.8840e-01,6.2112e+01,1.0556e+02,3D Shear-Dominated
Neptune,Equilibrium_Stirring,97.70,19128.46,7.3635,1.7944e+02,5.8827e-01,6.2156e+01,1.0566e+02,3D Shear-Dominated
Neptune,Equilibrium_Stirring,97.80,19146.41,7.3843,1.7948e+02,5.8813e-01,6.2200e+01,1.0576e+02,3D Shear-Dominated
Neptune,Equilibrium_Stirring,97.90,19164.35,7.4051,1.7952e+02,5.8799e-01,6.2244e+01,1.0586e+02,3D Shear-Dominated
Neptune,Equilibrium_Stirring,98.00,19182.31,7.4259,1.7956e+02,5.8785e-01,6.2287e+01,1.0596e+02,3D Shear-Dominated
Neptune,Equilibrium_Stirring,98.10,19200.26,7.4468,1.7960e+02,5.8772e-01,6.2331e+01,1.0606e+02,3D Shear-Dominated
Neptune,Equilibrium_Stirring,98.20,19218.22,7.4677,1.7965e+02,5.8758e-01,6.2375e+01,1.0616e+02,3D Shear-Dominated
Neptune,Equilibrium_Stirring,98.30,19236.19,7.4886,1.7969e+02,5.8744e-01,6.2418e+01,1.0625e+02,3D Shear-Dominated
Neptune,Equilibrium_Stirring,98.40,19254.16,7.5096,1.7973e+02,5.8730e-01,6.2462e+01,1.0635e+02,3D Shear-Dominated
Neptune,Equilibrium_Stirring,98.50,19272.13,7.5307,1.7977e+02,5.8717e-01,6.2506e+01,1.0645e+02,3D Shear-Dominated
Neptune,Equilibrium_Stirring,98.60,19290.11,7.5518,1.7981e+02,5.8703e-01,6.2550e+01,1.0655e+02,3D Shear-Dominated
Neptune,Equilibrium_Stirring,98.70,19308.09,7.5729,1.7986e+02,5.8689e-01,6.2593e+01,1.0665e+02,3D Shear-Dominated
Neptune,Equilibrium_Stirring,98.80,19326.07,7.5941,1.7990e+02,5.8676e-01,6.2637e+01,1.0675e+02,3D Shear-Dominated
Neptune,Equilibrium_Stirring,98.90,19344.06,7.6153,1.7994e+02,5.8662e-01,6.2681e+01,1.0685e+02,3D Shear-Dominated
Neptune,Equilibrium_Stirring,99.00,19362.06,7.6366,1.7998e+02,5.8648e-01,6.2724e+01,1.0695e+02,3D Shear-Dominated
Neptune,Equilibrium_Stirring,99.10,19380.05,7.6579,1.8002e+02,5.8635e-01,6.2768e+01,1.0705e+02,3D Shear-Dominated
Neptune,Equilibrium_Stirring,99.20,19398.06,7.6793,1.8007e+02,5.8621e-01,6.2812e+01,1.0715e+02,3D Shear-Dominated
Neptune,Equilibrium_Stirring,99.30,19416.06,7.7007,1.8011e+02,5.8608e-01,6.2856e+01,1.0725e+02,3D Shear-Dominated
Neptune,Equilibrium_Stirring,99.40,19434.07,7.7221,1.8015e+02,5.8594e-01,6.2899e+01,1.0735e+02,3D Shear-Dominated
Neptune,Equilibrium_Stirring,99.50,19452.09,7.7436,1.8019e+02,5.8580e-01,6.2943e+01,1.0745e+02,3D Shear-Dominated
Neptune,Equilibrium_Stirring,99.60,19470.11,7.7652,1.8023e+02,5.8567e-01,6.2987e+01,1.0755e+02,3D Shear-Dominated
Neptune,Equilibrium_Stirring,99.70,19488.13,7.7867,1.8027e+02,5.8553e-01,6.3031e+01,1.0765e+02,3D Shear-Dominated
Neptune,Equilibrium_Stirring,99.80,19506.16,7.8084,1.8032e+02,5.8540e-01,6.3074e+01,1.0775e+02,3D Shear-Dominated
Neptune,Equilibrium_Stirring,99.90,19524.19,7.8301,1.8036e+02,5.8526e-01,6.3118e+01,1.0785e+02,3D Shear-Dominated
Neptune,Equilibrium_Stirring,100.00,19542.23,7.8518,1.8040e+02,5.8513e-01,6.3162e+01,1.0795e+02,3D Shear-Dominated
Neptune,Equilibrium_Stirring,100.10,19560.27,7.8735,1.8044e+02,5.8499e-01,6.3205e+01,1.0804e+02,3D Shear-Dominated
Neptune,Equilibrium_Stirring,100.20,19578.31,7.8953,1.8048e+02,5.8486e-01,6.3249e+01,1.0814e+02,3D Shear-Dominated
Neptune,Equilibrium_Stirring,100.30,19596.36,7.9172,1.8052e+02,5.8472e-01,6.3293e+01,1.0824e+02,3D Shear-Dominated
Neptune,Equilibrium_Stirring,100.40,19614.41,7.9391,1.8057e+02,5.8459e-01,6.3337e+01,1.0834e+02,3D Shear-Dominated
Neptune,Equilibrium_Stirring,100.50,19632.47,7.9610,1.8061e+02,5.8445e-01,6.3380e+01,1.0844e+02,3D Shear-Dominated
Neptune,Equilibrium_Stirring,100.60,19650.53,7.9830,1.8065e+02,5.8432e-01,6.3424e+01,1.0854e+02,3D Shear-Dominated
Neptune,Equilibrium_Stirring,100.70,19668.59,8.0051,1.8069e+02,5.8419e-01,6.3468e+01,1.0864e+02,3D Shear-Dominated
Neptune,Equilibrium_Stirring,100.80,19686.66,8.0272,1.8073e+02,5.8405e-01,6.3512e+01,1.0874e+02,3D Shear-Dominated
Neptune,Equilibrium_Stirring,100.90,19704.73,8.0493,1.8077e+02,5.8392e-01,6.3555e+01,1.0884e+02,3D Shear-Dominated
Neptune,Equilibrium_Stirring,101.00,19722.81,8.0715,1.8081e+02,5.8378e-01,6.3599e+01,1.0894e+02,3D Shear-Dominated
Neptune,Equilibrium_Stirring,101.10,19740.89,8.0937,1.8086e+02,5.8365e-01,6.3643e+01,1.0904e+02,3D Shear-Dominated
Neptune,Equilibrium_Stirring,101.20,19758.98,8.1159,1.8090e+02,5.8352e-01,6.3686e+01,1.0914e+02,3D Shear-Dominated
Neptune,Equilibrium_Stirring,101.30,19777.07,8.1383,1.8094e+02,5.8338e-01,6.3730e+01,1.0924e+02,3D Shear-Dominated
Neptune,Equilibrium_Stirring,101.40,19795.16,8.1606,1.8098e+02,5.8325e-01,6.3774e+01,1.0934e+02,3D Shear-Dominated
Neptune,Equilibrium_Stirring,101.50,19813.26,8.1830,1.8102e+02,5.8312e-01,6.3818e+01,1.0944e+02,3D Shear-Dominated
Neptune,Equilibrium_Stirring,101.60,19831.36,8.2055,1.8106e+02,5.8298e-01,6.3861e+01,1.0954e+02,3D Shear-Dominated
Neptune,Equilibrium_Stirring,101.70,19849.47,8.2280,1.8110e+02,5.8285e-01,6.3905e+01,1.0964e+02,3D Shear-Dominated
Neptune,Equilibrium_Stirring,101.80,19867.58,8.2505,1.8114e+02,5.8272e-01,6.3949e+01,1.0974e+02,3D Shear-Dominated
Neptune,Equilibrium_Stirring,101.90,19885.69,8.2731,1.8119e+02,5.8258e-01,6.3992e+01,1.0984e+02,3D Shear-Dominated
Neptune,Equilibrium_Stirring,102.00,19903.81,8.2957,1.8123e+02,5.8245e-01,6.4036e+01,1.0994e+02,3D Shear-Dominated
Neptune,Equilibrium_Stirring,102.10,19921.93,8.3184,1.8127e+02,5.8232e-01,6.4080e+01,1.1004e+02,3D Shear-Dominated
Neptune,Equilibrium_Stirring,102.20,19940.06,8.3411,1.8131e+02,5.8219e-01,6.4124e+01,1.1014e+02,3D Shear-Dominated
Neptune,Equilibrium_Stirring,102.30,19958.19,8.3639,1.8135e+02,5.8205e-01,6.4167e+01,1.1024e+02,3D Shear-Dominated
Neptune,Equilibrium_Stirring,102.40,19976.33,8.3867,1.8139e+02,5.8192e-01,6.4211e+01,1.1034e+02,3D Shear-Dominated
Neptune,Equilibrium_Stirring,102.50,19994.47,8.4096,1.8143e+02,5.8179e-01,6.4255e+01,1.1044e+02,3D Shear-Dominated
Neptune,Equilibrium_Stirring,102.60,20012.61,8.4325,1.8147e+02,5.8166e-01,6.4299e+01,1.1054e+02,3D Shear-Dominated
Neptune,Equilibrium_Stirring,102.70,20030.76,8.4555,1.8152e+02,5.8153e-01,6.4342e+01,1.1064e+02,3D Shear-Dominated
Neptune,Equilibrium_Stirring,102.80,20048.91,8.4785,1.8156e+02,5.8139e-01,6.4386e+01,1.1074e+02,3D Shear-Dominated
Neptune,Equilibrium_Stirring,102.90,20067.06,8.5015,1.8160e+02,5.8126e-01,6.4430e+01,1.1084e+02,3D Shear-Dominated
Neptune,Equilibrium_Stirring,103.00,20085.22,8.5246,1.8164e+02,5.8113e-01,6.4473e+01,1.1094e+02,3D Shear-Dominated
Neptune,Equilibrium_Stirring,103.10,20103.39,8.5478,1.8168e+02,5.8100e-01,6.4517e+01,1.1104e+02,3D Shear-Dominated
Neptune,Equilibrium_Stirring,103.20,20121.56,8.5710,1.8172e+02,5.8087e-01,6.4561e+01,1.1115e+02,3D Shear-Dominated
Neptune,Equilibrium_Stirring,103.30,20139.73,8.5942,1.8176e+02,5.8074e-01,6.4605e+01,1.1125e+02,3D Shear-Dominated
Neptune,Equilibrium_Stirring,103.40,20157.90,8.6175,1.8180e+02,5.8061e-01,6.4648e+01,1.1135e+02,3D Shear-Dominated
Neptune,Equilibrium_Stirring,103.50,20176.09,8.6408,1.8184e+02,5.8048e-01,6.4692e+01,1.1145e+02,3D Shear-Dominated
Neptune,Equilibrium_Stirring,103.60,20194.27,8.6642,1.8189e+02,5.8035e-01,6.4736e+01,1.1155e+02,3D Shear-Dominated
Neptune,Equilibrium_Stirring,103.70,20212.46,8.6877,1.8193e+02,5.8022e-01,6.4780e+01,1.1165e+02,3D Shear-Dominated
Neptune,Equilibrium_Stirring,103.80,20230.65,8.7111,1.8197e+02,5.8008e-01,6.4823e+01,1.1175e+02,3D Shear-Dominated
Neptune,Equilibrium_Stirring,103.90,20248.85,8.7347,1.8201e+02,5.7995e-01,6.4867e+01,1.1185e+02,3D Shear-Dominated
Neptune,Equilibrium_Stirring,104.00,20267.05,8.7582,1.8205e+02,5.7982e-01,6.4911e+01,1.1195e+02,3D Shear-Dominated
Neptune,Equilibrium_Stirring,104.10,20285.25,8.7819,1.8209e+02,5.7969e-01,6.4954e+01,1.1205e+02,3D Shear-Dominated
Neptune,Equilibrium_Stirring,104.20,20303.46,8.8055,1.8213e+02,5.7956e-01,6.4998e+01,1.1215e+02,3D Shear-Dominated
Neptune,Equilibrium_Stirring,104.30,20321.68,8.8293,1.8217e+02,5.7943e-01,6.5042e+01,1.1225e+02,3D Shear-Dominated
Neptune,Equilibrium_Stirring,104.40,20339.89,8.8530,1.8221e+02,5.7930e-01,6.5086e+01,1.1235e+02,3D Shear-Dominated
Neptune,Equilibrium_Stirring,104.50,20358.11,8.8768,1.8225e+02,5.7917e-01,6.5129e+01,1.1245e+02,3D Shear-Dominated
Neptune,Equilibrium_Stirring,104.60,20376.34,8.9007,1.8229e+02,5.7904e-01,6.5173e+01,1.1255e+02,3D Shear-Dominated
Neptune,Equilibrium_Stirring,104.70,20394.57,8.9246,1.8233e+02,5.7892e-01,6.5217e+01,1.1265e+02,3D Shear-Dominated
Neptune,Equilibrium_Stirring,104.80,20412.80,8.9486,1.8238e+02,5.7879e-01,6.5260e+01,1.1275e+02,3D Shear-Dominated
Neptune,Equilibrium_Stirring,104.90,20431.04,8.9726,1.8242e+02,5.7866e-01,6.5304e+01,1.1285e+02,3D Shear-Dominated
Neptune,Equilibrium_Stirring,105.00,20449.28,8.9966,1.8246e+02,5.7853e-01,6.5348e+01,1.1296e+02,3D Shear-Dominated
Neptune,Equilibrium_Stirring,105.10,20467.53,9.0207,1.8250e+02,5.7840e-01,6.5392e+01,1.1306e+02,3D Shear-Dominated
Neptune,Equilibrium_Stirring,105.20,20485.78,9.0449,1.8254e+02,5.7827e-01,6.5435e+01,1.1316e+02,3D Shear-Dominated
Neptune,Equilibrium_Stirring,105.30,20504.03,9.0691,1.8258e+02,5.7814e-01,6.5479e+01,1.1326e+02,3D Shear-Dominated
Neptune,Equilibrium_Stirring,105.40,20522.29,9.0933,1.8262e+02,5.7801e-01,6.5523e+01,1.1336e+02,3D Shear-Dominated
Neptune,Equilibrium_Stirring,105.50,20540.55,9.1176,1.8266e+02,5.7788e-01,6.5567e+01,1.1346e+02,3D Shear-Dominated
Neptune,Equilibrium_Stirring,105.60,20558.82,9.1420,1.8270e+02,5.7776e-01,6.5610e+01,1.1356e+02,3D Shear-Dominated
Neptune,Equilibrium_Stirring,105.70,20577.09,9.1664,1.8274e+02,5.7763e-01,6.5654e+01,1.1366e+02,3D Shear-Dominated
Neptune,Equilibrium_Stirring,105.80,20595.36,9.1908,1.8278e+02,5.7750e-01,6.5698e+01,1.1376e+02,3D Shear-Dominated
Neptune,Equilibrium_Stirring,105.90,20613.64,9.2153,1.8282e+02,5.7737e-01,6.5741e+01,1.1386e+02,3D Shear-Dominated
Neptune,Equilibrium_Stirring,106.00,20631.92,9.2398,1.8286e+02,5.7724e-01,6.5785e+01,1.1396e+02,3D Shear-Dominated
Neptune,Equilibrium_Stirring,106.10,20650.21,9.2644,1.8290e+02,5.7712e-01,6.5829e+01,1.1407e+02,3D Shear-Dominated
Neptune,Equilibrium_Stirring,106.20,20668.50,9.2891,1.8294e+02,5.7699e-01,6.5873e+01,1.1417e+02,3D Shear-Dominated
Neptune,Equilibrium_Stirring,106.30,20686.79,9.3138,1.8298e+02,5.7686e-01,6.5916e+01,1.1427e+02,3D Shear-Dominated
Neptune,Equilibrium_Stirring,106.40,20705.09,9.3385,1.8302e+02,5.7673e-01,6.5960e+01,1.1437e+02,3D Shear-Dominated
Neptune,Equilibrium_Stirring,106.50,20723.39,9.3633,1.8306e+02,5.7661e-01,6.6004e+01,1.1447e+02,3D Shear-Dominated
Neptune,Equilibrium_Stirring,106.60,20741.70,9.3881,1.8311e+02,5.7648e-01,6.6048e+01,1.1457e+02,3D Shear-Dominated
Neptune,Equilibrium_Stirring,106.70,20760.01,9.4130,1.8315e+02,5.7635e-01,6.6091e+01,1.1467e+02,3D Shear-Dominated
Neptune,Equilibrium_Stirring,106.80,20778.32,9.4379,1.8319e+02,5.7622e-01,6.6135e+01,1.1477e+02,3D Shear-Dominated
Neptune,Equilibrium_Stirring,106.90,20796.64,9.4629,1.8323e+02,5.7610e-01,6.6179e+01,1.1487e+02,3D Shear-Dominated
Neptune,Equilibrium_Stirring,107.00,20814.96,9.4880,1.8327e+02,5.7597e-01,6.6222e+01,1.1498e+02,3D Shear-Dominated
Neptune,Equilibrium_Stirring,107.10,20833.29,9.5130,1.8331e+02,5.7584e-01,6.6266e+01,1.1508e+02,3D Shear-Dominated
Neptune,Equilibrium_Stirring,107.20,20851.62,9.5382,1.8335e+02,5.7572e-01,6.6310e+01,1.1518e+02,3D Shear-Dominated
Neptune,Equilibrium_Stirring,107.30,20869.96,9.5634,1.8339e+02,5.7559e-01,6.6354e+01,1.1528e+02,3D Shear-Dominated
Neptune,Equilibrium_Stirring,107.40,20888.30,9.5886,1.8343e+02,5.7546e-01,6.6397e+01,1.1538e+02,3D Shear-Dominated
Neptune,Equilibrium_Stirring,107.50,20906.64,9.6139,1.8347e+02,5.7534e-01,6.6441e+01,1.1548e+02,3D Shear-Dominated
Neptune,Equilibrium_Stirring,107.60,20924.99,9.6392,1.8351e+02,5.7521e-01,6.6485e+01,1.1558e+02,3D Shear-Dominated
Neptune,Equilibrium_Stirring,107.70,20943.34,9.6646,1.8355e+02,5.7509e-01,6.6529e+01,1.1568e+02,3D Shear-Dominated
Neptune,Equilibrium_Stirring,107.80,20961.69,9.6900,1.8359e+02,5.7496e-01,6.6572e+01,1.1579e+02,3D Shear-Dominated
Neptune,Equilibrium_Stirring,107.90,20980.05,9.7155,1.8363e+02,5.7483e-01,6.6616e+01,1.1589e+02,3D Shear-Dominated
Neptune,Equilibrium_Stirring,108.00,20998.41,9.7410,1.8367e+02,5.7471e-01,6.6660e+01,1.1599e+02,3D Shear-Dominated
Neptune,Equilibrium_Stirring,108.10,21016.78,9.7666,1.8371e+02,5.7458e-01,6.6703e+01,1.1609e+02,3D Shear-Dominated
Neptune,Equilibrium_Stirring,108.20,21035.15,9.7922,1.8375e+02,5.7446e-01,6.6747e+01,1.1619e+02,3D Shear-Dominated
Neptune,Equilibrium_Stirring,108.30,21053.53,9.8179,1.8379e+02,5.7433e-01,6.6791e+01,1.1629e+02,3D Shear-Dominated
Neptune,Equilibrium_Stirring,108.40,21071.90,9.8437,1.8383e+02,5.7421e-01,6.6835e+01,1.1639e+02,3D Shear-Dominated
Neptune,Equilibrium_Stirring,108.50,21090.29,9.8695,1.8387e+02,5.7408e-01,6.6878e+01,1.1650e+02,3D Shear-Dominated
Neptune,Equilibrium_Stirring,108.60,21108.67,9.8953,1.8391e+02,5.7396e-01,6.6922e+01,1.1660e+02,3D Shear-Dominated
Neptune,Equilibrium_Stirring,108.70,21127.07,9.9212,1.8395e+02,5.7383e-01,6.6966e+01,1.1670e+02,3D Shear-Dominated
Neptune,Equilibrium_Stirring,108.80,21145.46,9.9471,1.8399e+02,5.7371e-01,6.7009e+01,1.1680e+02,3D Shear-Dominated
Neptune,Equilibrium_Stirring,108.90,21163.86,9.9731,1.8403e+02,5.7358e-01,6.7053e+01,1.1690e+02,3D Shear-Dominated
Neptune,Equilibrium_Stirring,109.00,21182.26,9.9991,1.8407e+02,5.7346e-01,6.7097e+01,1.1700e+02,3D Shear-Dominated
Neptune,Equilibrium_Stirring,109.10,21200.67,10.0252,1.8411e+02,5.7333e-01,6.7141e+01,1.1711e+02,3D Shear-Dominated
Neptune,Equilibrium_Stirring,109.20,21219.08,10.0514,1.8415e+02,5.7321e-01,6.7184e+01,1.1721e+02,3D Shear-Dominated
Neptune,Equilibrium_Stirring,109.30,21237.50,10.0776,1.8419e+02,5.7308e-01,6.7228e+01,1.1731e+02,3D Shear-Dominated
Neptune,Equilibrium_Stirring,109.40,21255.91,10.1038,1.8423e+02,5.7296e-01,6.7272e+01,1.1741e+02,3D Shear-Dominated
Neptune,Equilibrium_Stirring,109.50,21274.34,10.1301,1.8427e+02,5.7284e-01,6.7316e+01,1.1751e+02,3D Shear-Dominated
Neptune,Equilibrium_Stirring,109.60,21292.76,10.1564,1.8431e+02,5.7271e-01,6.7359e+01,1.1761e+02,3D Shear-Dominated
Neptune,Equilibrium_Stirring,109.70,21311.20,10.1828,1.8435e+02,5.7259e-01,6.7403e+01,1.1772e+02,3D Shear-Dominated
Neptune,Equilibrium_Stirring,109.80,21329.63,10.2093,1.8439e+02,5.7246e-01,6.7447e+01,1.1782e+02,3D Shear-Dominated
Neptune,Equilibrium_Stirring,109.90,21348.07,10.2358,1.8443e+02,5.7234e-01,6.7490e+01,1.1792e+02,3D Shear-Dominated
Neptune,Equilibrium_Stirring,110.00,21366.51,10.2623,1.8447e+02,5.7222e-01,6.7534e+01,1.1802e+02,3D Shear-Dominated
Neptune,Equilibrium_Stirring,110.10,21384.96,10.2889,1.8451e+02,5.7209e-01,6.7578e+01,1.1812e+02,3D Shear-Dominated
Neptune,Equilibrium_Stirring,110.20,21403.41,10.3156,1.8455e+02,5.7197e-01,6.7622e+01,1.1823e+02,3D Shear-Dominated
Neptune,Equilibrium_Stirring,110.30,21421.87,10.3423,1.8459e+02,5.7185e-01,6.7665e+01,1.1833e+02,3D Shear-Dominated
Neptune,Equilibrium_Stirring,110.40,21440.32,10.3691,1.8463e+02,5.7172e-01,6.7709e+01,1.1843e+02,3D Shear-Dominated
Neptune,Equilibrium_Stirring,110.50,21458.79,10.3959,1.8467e+02,5.7160e-01,6.7753e+01,1.1853e+02,3D Shear-Dominated
Neptune,Equilibrium_Stirring,110.60,21477.25,10.4227,1.8471e+02,5.7148e-01,6.7797e+01,1.1863e+02,3D Shear-Dominated
Neptune,Equilibrium_Stirring,110.70,21495.72,10.4497,1.8475e+02,5.7135e-01,6.7840e+01,1.1874e+02,3D Shear-Dominated
Neptune,Equilibrium_Stirring,110.80,21514.20,10.4766,1.8479e+02,5.7123e-01,6.7884e+01,1.1884e+02,3D Shear-Dominated
Neptune,Equilibrium_Stirring,110.90,21532.68,10.5036,1.8483e+02,5.7111e-01,6.7928e+01,1.1894e+02,3D Shear-Dominated
Neptune,Equilibrium_Stirring,111.00,21551.16,10.5307,1.8487e+02,5.7099e-01,6.7971e+01,1.1904e+02,3D Shear-Dominated
Neptune,Equilibrium_Stirring,111.10,21569.65,10.5578,1.8491e+02,5.7086e-01,6.8015e+01,1.1914e+02,3D Shear-Dominated
Neptune,Equilibrium_Stirring,111.20,21588.14,10.5850,1.8495e+02,5.7074e-01,6.8059e+01,1.1925e+02,3D Shear-Dominated
Neptune,Equilibrium_Stirring,111.30,21606.63,10.6122,1.8499e+02,5.7062e-01,6.8103e+01,1.1935e+02,3D Shear-Dominated
Neptune,Equilibrium_Stirring,111.40,21625.13,10.6395,1.8502e+02,5.7050e-01,6.8146e+01,1.1945e+02,3D Shear-Dominated
Neptune,Equilibrium_Stirring,111.50,21643.63,10.6668,1.8506e+02,5.7038e-01,6.8190e+01,1.1955e+02,3D Shear-Dominated
Neptune,Equilibrium_Stirring,111.60,21662.14,10.6942,1.8510e+02,5.7025e-01,6.8234e+01,1.1966e+02,3D Shear-Dominated
Neptune,Equilibrium_Stirring,111.70,21680.65,10.7217,1.8514e+02,5.7013e-01,6.8278e+01,1.1976e+02,3D Shear-Dominated
Neptune,Equilibrium_Stirring,111.80,21699.16,10.7492,1.8518e+02,5.7001e-01,6.8321e+01,1.1986e+02,3D Shear-Dominated
Neptune,Equilibrium_Stirring,111.90,21717.68,10.7767,1.8522e+02,5.6989e-01,6.8365e+01,1.1996e+02,3D Shear-Dominated
Neptune,Equilibrium_Stirring,112.00,21736.20,10.8043,1.8526e+02,5.6977e-01,6.8409e+01,1.2006e+02,3D Shear-Dominated
Neptune,Equilibrium_Stirring,112.10,21754.73,10.8320,1.8530e+02,5.6965e-01,6.8452e+01,1.2017e+02,3D Shear-Dominated
Neptune,Equilibrium_Stirring,112.20,21773.26,10.8597,1.8534e+02,5.6953e-01,6.8496e+01,1.2027e+02,3D Shear-Dominated
Neptune,Equilibrium_Stirring,112.30,21791.80,10.8874,1.8538e+02,5.6940e-01,6.8540e+01,1.2037e+02,3D Shear-Dominated
Neptune,Equilibrium_Stirring,112.40,21810.33,10.9152,1.8542e+02,5.6928e-01,6.8584e+01,1.2047e+02,3D Shear-Dominated
Neptune,Equilibrium_Stirring,112.50,21828.88,10.9431,1.8546e+02,5.6916e-01,6.8627e+01,1.2058e+02,3D Shear-Dominated
Neptune,Equilibrium_Stirring,112.60,21847.42,10.9710,1.8550e+02,5.6904e-01,6.8671e+01,1.2068e+02,3D Shear-Dominated
Neptune,Equilibrium_Stirring,112.70,21865.97,10.9990,1.8554e+02,5.6892e-01,6.8715e+01,1.2078e+02,3D Shear-Dominated
Neptune,Equilibrium_Stirring,112.80,21884.52,11.0270,1.8558e+02,5.6880e-01,6.8758e+01,1.2088e+02,3D Shear-Dominated
Neptune,Equilibrium_Stirring,112.90,21903.08,11.0551,1.8562e+02,5.6868e-01,6.8802e+01,1.2099e+02,3D Shear-Dominated
Neptune,Equilibrium_Stirring,113.00,21921.64,11.0832,1.8566e+02,5.6856e-01,6.8846e+01,1.2109e+02,3D Shear-Dominated
Neptune,Equilibrium_Stirring,113.10,21940.21,11.1114,1.8570e+02,5.6844e-01,6.8890e+01,1.2119e+02,3D Shear-Dominated
Neptune,Equilibrium_Stirring,113.20,21958.78,11.1396,1.8573e+02,5.6832e-01,6.8933e+01,1.2129e+02,3D Shear-Dominated
Neptune,Equilibrium_Stirring,113.30,21977.35,11.1679,1.8577e+02,5.6820e-01,6.8977e+01,1.2140e+02,3D Shear-Dominated
Neptune,Equilibrium_Stirring,113.40,21995.93,11.1962,1.8581e+02,5.6808e-01,6.9021e+01,1.2150e+02,3D Shear-Dominated
Neptune,Equilibrium_Stirring,113.50,22014.51,11.2246,1.8585e+02,5.6796e-01,6.9065e+01,1.2160e+02,3D Shear-Dominated
Neptune,Equilibrium_Stirring,113.60,22033.10,11.2531,1.8589e+02,5.6784e-01,6.9108e+01,1.2170e+02,3D Shear-Dominated
Neptune,Equilibrium_Stirring,113.70,22051.69,11.2816,1.8593e+02,5.6772e-01,6.9152e+01,1.2181e+02,3D Shear-Dominated
Neptune,Equilibrium_Stirring,113.80,22070.28,11.3102,1.8597e+02,5.6760e-01,6.9196e+01,1.2191e+02,3D Shear-Dominated
Neptune,Equilibrium_Stirring,113.90,22088.88,11.3388,1.8601e+02,5.6748e-01,6.9239e+01,1.2201e+02,3D Shear-Dominated
Neptune,Equilibrium_Stirring,114.00,22107.48,11.3674,1.8605e+02,5.6736e-01,6.9283e+01,1.2211e+02,3D Shear-Dominated
Neptune,Equilibrium_Stirring,114.10,22126.08,11.3962,1.8609e+02,5.6724e-01,6.9327e+01,1.2222e+02,3D Shear-Dominated
Neptune,Equilibrium_Stirring,114.20,22144.69,11.4250,1.8613e+02,5.6712e-01,6.9371e+01,1.2232e+02,3D Shear-Dominated
Neptune,Equilibrium_Stirring,114.30,22163.30,11.4538,1.8617e+02,5.6700e-01,6.9414e+01,1.2242e+02,3D Shear-Dominated
Neptune,Equilibrium_Stirring,114.40,22181.92,11.4827,1.8620e+02,5.6688e-01,6.9458e+01,1.2253e+02,3D Shear-Dominated
Neptune,Equilibrium_Stirring,114.50,22200.54,11.5116,1.8624e+02,5.6676e-01,6.9502e+01,1.2263e+02,3D Shear-Dominated
Neptune,Equilibrium_Stirring,114.60,22219.16,11.5406,1.8628e+02,5.6665e-01,6.9546e+01,1.2273e+02,3D Shear-Dominated
Neptune,Equilibrium_Stirring,114.70,22237.79,11.5697,1.8632e+02,5.6653e-01,6.9589e+01,1.2283e+02,3D Shear-Dominated
Neptune,Equilibrium_Stirring,114.80,22256.42,11.5988,1.8636e+02,5.6641e-01,6.9633e+01,1.2294e+02,3D Shear-Dominated
Neptune,Equilibrium_Stirring,114.90,22275.06,11.6279,1.8640e+02,5.6629e-01,6.9677e+01,1.2304e+02,3D Shear-Dominated
Neptune,Equilibrium_Stirring,115.00,22293.70,11.6571,1.8644e+02,5.6617e-01,6.9720e+01,1.2314e+02,3D Shear-Dominated
Neptune,Equilibrium_Stirring,115.10,22312.34,11.6864,1.8648e+02,5.6605e-01,6.9764e+01,1.2325e+02,3D Shear-Dominated
Neptune,Equilibrium_Stirring,115.20,22330.99,11.7157,1.8652e+02,5.6594e-01,6.9808e+01,1.2335e+02,3D Shear-Dominated
Neptune,Equilibrium_Stirring,115.30,22349.64,11.7451,1.8656e+02,5.6582e-01,6.9852e+01,1.2345e+02,3D Shear-Dominated
Neptune,Equilibrium_Stirring,115.40,22368.30,11.7746,1.8659e+02,5.6570e-01,6.9895e+01,1.2356e+02,3D Shear-Dominated
Neptune,Equilibrium_Stirring,115.50,22386.96,11.8040,1.8663e+02,5.6558e-01,6.9939e+01,1.2366e+02,3D Shear-Dominated
Neptune,Equilibrium_Stirring,115.60,22405.62,11.8336,1.8667e+02,5.6546e-01,6.9983e+01,1.2376e+02,3D Shear-Dominated
Neptune,Equilibrium_Stirring,115.70,22424.29,11.8632,1.8671e+02,5.6535e-01,7.0026e+01,1.2386e+02,3D Shear-Dominated
Neptune,Equilibrium_Stirring,115.80,22442.96,11.8928,1.8675e+02,5.6523e-01,7.0070e+01,1.2397e+02,3D Shear-Dominated
Neptune,Equilibrium_Stirring,115.90,22461.64,11.9226,1.8679e+02,5.6511e-01,7.0114e+01,1.2407e+02,3D Shear-Dominated
Neptune,Equilibrium_Stirring,116.00,22480.31,11.9523,1.8683e+02,5.6499e-01,7.0158e+01,1.2417e+02,3D Shear-Dominated
Neptune,Equilibrium_Stirring,116.10,22499.00,11.9822,1.8687e+02,5.6488e-01,7.0201e+01,1.2428e+02,3D Shear-Dominated
Neptune,Equilibrium_Stirring,116.20,22517.68,12.0120,1.8691e+02,5.6476e-01,7.0245e+01,1.2438e+02,3D Shear-Dominated
Neptune,Equilibrium_Stirring,116.30,22536.37,12.0420,1.8694e+02,5.6464e-01,7.0289e+01,1.2448e+02,3D Shear-Dominated
Neptune,Equilibrium_Stirring,116.40,22555.07,12.0720,1.8698e+02,5.6452e-01,7.0333e+01,1.2459e+02,3D Shear-Dominated
Neptune,Equilibrium_Stirring,116.50,22573.77,12.1020,1.8702e+02,5.6441e-01,7.0376e+01,1.2469e+02,3D Shear-Dominated
Neptune,Equilibrium_Stirring,116.60,22592.47,12.1321,1.8706e+02,5.6429e-01,7.0420e+01,1.2479e+02,3D Shear-Dominated
Neptune,Equilibrium_Stirring,116.70,22611.17,12.1623,1.8710e+02,5.6417e-01,7.0464e+01,1.2490e+02,3D Shear-Dominated
Neptune,Equilibrium_Stirring,116.80,22629.88,12.1925,1.8714e+02,5.6406e-01,7.0507e+01,1.2500e+02,3D Shear-Dominated
Neptune,Equilibrium_Stirring,116.90,22648.60,12.2228,1.8718e+02,5.6394e-01,7.0551e+01,1.2510e+02,3D Shear-Dominated
Neptune,Equilibrium_Stirring,117.00,22667.32,12.2531,1.8721e+02,5.6382e-01,7.0595e+01,1.2521e+02,3D Shear-Dominated
Neptune,Equilibrium_Stirring,117.10,22686.04,12.2835,1.8725e+02,5.6371e-01,7.0639e+01,1.2531e+02,3D Shear-Dominated
Neptune,Equilibrium_Stirring,117.20,22704.76,12.3139,1.8729e+02,5.6359e-01,7.0682e+01,1.2541e+02,3D Shear-Dominated
Neptune,Equilibrium_Stirring,117.30,22723.49,12.3444,1.8733e+02,5.6348e-01,7.0726e+01,1.2552e+02,3D Shear-Dominated
Neptune,Equilibrium_Stirring,117.40,22742.22,12.3750,1.8737e+02,5.6336e-01,7.0770e+01,1.2562e+02,3D Shear-Dominated
Neptune,Equilibrium_Stirring,117.50,22760.96,12.4056,1.8741e+02,5.6324e-01,7.0814e+01,1.2572e+02,3D Shear-Dominated
Neptune,Equilibrium_Stirring,117.60,22779.70,12.4363,1.8745e+02,5.6313e-01,7.0857e+01,1.2583e+02,3D Shear-Dominated
Neptune,Equilibrium_Stirring,117.70,22798.45,12.4670,1.8748e+02,5.6301e-01,7.0901e+01,1.2593e+02,3D Shear-Dominated
Neptune,Equilibrium_Stirring,117.80,22817.20,12.4978,1.8752e+02,5.6290e-01,7.0945e+01,1.2604e+02,3D Shear-Dominated
Neptune,Equilibrium_Stirring,117.90,22835.95,12.5286,1.8756e+02,5.6278e-01,7.0988e+01,1.2614e+02,3D Shear-Dominated
Neptune,Equilibrium_Stirring,118.00,22854.70,12.5595,1.8760e+02,5.6266e-01,7.1032e+01,1.2624e+02,3D Shear-Dominated
Neptune,Equilibrium_Stirring,118.10,22873.46,12.5905,1.8764e+02,5.6255e-01,7.1076e+01,1.2635e+02,3D Shear-Dominated
Neptune,Equilibrium_Stirring,118.20,22892.23,12.6215,1.8768e+02,5.6243e-01,7.1120e+01,1.2645e+02,3D Shear-Dominated
Neptune,Equilibrium_Stirring,118.30,22911.00,12.6525,1.8772e+02,5.6232e-01,7.1163e+01,1.2655e+02,3D Shear-Dominated
Neptune,Equilibrium_Stirring,118.40,22929.77,12.6837,1.8775e+02,5.6220e-01,7.1207e+01,1.2666e+02,3D Shear-Dominated
Neptune,Equilibrium_Stirring,118.50,22948.54,12.7148,1.8779e+02,5.6209e-01,7.1251e+01,1.2676e+02,3D Shear-Dominated
Neptune,Equilibrium_Stirring,118.60,22967.32,12.7461,1.8783e+02,5.6197e-01,7.1295e+01,1.2686e+02,3D Shear-Dominated
Neptune,Equilibrium_Stirring,118.70,22986.11,12.7774,1.8787e+02,5.6186e-01,7.1338e+01,1.2697e+02,3D Shear-Dominated
Neptune,Equilibrium_Stirring,118.80,23004.89,12.8087,1.8791e+02,5.6174e-01,7.1382e+01,1.2707e+02,3D Shear-Dominated
Neptune,Equilibrium_Stirring,118.90,23023.68,12.8401,1.8795e+02,5.6163e-01,7.1426e+01,1.2718e+02,3D Shear-Dominated
Neptune,Equilibrium_Stirring,119.00,23042.48,12.8716,1.8798e+02,5.6152e-01,7.1469e+01,1.2728e+02,3D Shear-Dominated
Neptune,Equilibrium_Stirring,119.10,23061.28,12.9031,1.8802e+02,5.6140e-01,7.1513e+01,1.2738e+02,3D Shear-Dominated
Neptune,Equilibrium_Stirring,119.20,23080.08,12.9347,1.8806e+02,5.6129e-01,7.1557e+01,1.2749e+02,3D Shear-Dominated
Neptune,Equilibrium_Stirring,119.30,23098.88,12.9664,1.8810e+02,5.6117e-01,7.1601e+01,1.2759e+02,3D Shear-Dominated
Neptune,Equilibrium_Stirring,119.40,23117.69,12.9981,1.8814e+02,5.6106e-01,7.1644e+01,1.2770e+02,3D Shear-Dominated
Neptune,Equilibrium_Stirring,119.50,23136.51,13.0298,1.8818e+02,5.6094e-01,7.1688e+01,1.2780e+02,3D Shear-Dominated
Neptune,Equilibrium_Stirring,119.60,23155.33,13.0617,1.8821e+02,5.6083e-01,7.1732e+01,1.2790e+02,3D Shear-Dominated
Neptune,Equilibrium_Stirring,119.70,23174.15,13.0935,1.8825e+02,5.6072e-01,7.1775e+01,1.2801e+02,3D Shear-Dominated
Neptune,Equilibrium_Stirring,119.80,23192.97,13.1255,1.8829e+02,5.6060e-01,7.1819e+01,1.2811e+02,3D Shear-Dominated
Neptune,Equilibrium_Stirring,119.90,23211.80,13.1575,1.8833e+02,5.6049e-01,7.1863e+01,1.2821e+02,3D Shear-Dominated
Neptune,Equilibrium_Stirring,120.00,23230.63,13.1895,1.8837e+02,5.6037e-01,7.1907e+01,1.2832e+02,3D Shear-Dominated
Neptune,Safronov_Dispersion,0.00,100.00,0.0000,1.7593e+01,3.0000e+00,1.6571e+00,5.5237e-01,Dispersion-Dominated (Focused)
Neptune,Safronov_Dispersion,0.50,108.80,0.0000,1.7593e+01,3.0000e+00,1.8029e+00,6.0096e-01,Dispersion-Dominated (Focused)
Neptune,Safronov_Dispersion,1.00,117.59,0.0000,1.7593e+01,3.0000e+00,1.9486e+00,6.4955e-01,Dispersion-Dominated (Focused)
Neptune,Safronov_Dispersion,1.50,126.39,0.0000,1.7593e+01,3.0000e+00,2.0944e+00,6.9813e-01,Dispersion-Dominated (Focused)
Neptune,Safronov_Dispersion,2.00,135.19,0.0000,1.7593e+01,3.0000e+00,2.2402e+00,7.4672e-01,Dispersion-Dominated (Focused)
Neptune,Safronov_Dispersion,2.50,143.98,0.0000,1.7593e+01,3.0000e+00,2.3859e+00,7.9531e-01,Dispersion-Dominated (Focused)
Neptune,Safronov_Dispersion,3.00,152.78,0.0000,1.7593e+01,3.0000e+00,2.5317e+00,8.4390e-01,Dispersion-Dominated (Focused)
Neptune,Safronov_Dispersion,3.50,161.57,0.0000,1.7593e+01,3.0000e+00,2.6775e+00,8.9249e-01,Dispersion-Dominated (Focused)
Neptune,Safronov_Dispersion,4.00,170.37,0.0000,1.7593e+01,3.0000e+00,2.8232e+00,9.4108e-01,Dispersion-Dominated (Focused)
Neptune,Safronov_Dispersion,4.50,179.17,0.0000,1.7593e+01,3.0000e+00,2.9690e+00,9.8966e-01,Dispersion-Dominated (Focused)
Neptune,Safronov_Dispersion,5.00,187.96,0.0000,1.7593e+01,3.0000e+00,3.1148e+00,1.0383e+00,Dispersion-Dominated (Focused)
Neptune,Safronov_Dispersion,5.50,196.76,0.0000,1.7593e+01,3.0000e+00,3.2605e+00,1.0868e+00,Dispersion-Dominated (Focused)
Neptune,Safronov_Dispersion,6.00,205.56,0.0000,1.7593e+01,3.0000e+00,3.4063e+00,1.1354e+00,Dispersion-Dominated (Focused)
Neptune,Safronov_Dispersion,6.50,214.35,0.0000,1.7593e+01,3.0000e+00,3.5521e+00,1.1840e+00,Dispersion-Dominated (Focused)
Neptune,Safronov_Dispersion,7.00,223.15,0.0000,1.7593e+01,3.0000e+00,3.6978e+00,1.2326e+00,Dispersion-Dominated (Focused)
Neptune,Safronov_Dispersion,7.50,231.95,0.0000,1.7593e+01,3.0000e+00,3.8436e+00,1.2812e+00,Dispersion-Dominated (Focused)
Neptune,Safronov_Dispersion,8.00,240.74,0.0000,1.7593e+01,3.0000e+00,3.9893e+00,1.3298e+00,Dispersion-Dominated (Focused)
Neptune,Safronov_Dispersion,8.50,249.54,0.0000,1.7593e+01,3.0000e+00,4.1351e+00,1.3784e+00,Dispersion-Dominated (Focused)
Neptune,Safronov_Dispersion,9.00,258.33,0.0000,1.7593e+01,3.0000e+00,4.2809e+00,1.4270e+00,Dispersion-Dominated (Focused)
Neptune,Safronov_Dispersion,9.50,267.13,0.0000,1.7593e+01,3.0000e+00,4.4266e+00,1.4755e+00,Dispersion-Dominated (Focused)
Neptune,Safronov_Dispersion,10.00,275.93,0.0000,1.7593e+01,3.0000e+00,4.5724e+00,1.5241e+00,Dispersion-Dominated (Focused)
Neptune,Safronov_Dispersion,10.50,284.72,0.0000,1.7593e+01,3.0000e+00,4.7182e+00,1.5727e+00,Dispersion-Dominated (Focused)
Neptune,Safronov_Dispersion,11.00,293.52,0.0000,1.7593e+01,3.0000e+00,4.8639e+00,1.6213e+00,Dispersion-Dominated (Focused)
Neptune,Safronov_Dispersion,11.50,302.32,0.0000,1.7593e+01,3.0000e+00,5.0097e+00,1.6699e+00,Dispersion-Dominated (Focused)
Neptune,Safronov_Dispersion,12.00,311.11,0.0000,1.7593e+01,3.0000e+00,5.1555e+00,1.7185e+00,Dispersion-Dominated (Focused)
Neptune,Safronov_Dispersion,12.50,319.91,0.0000,1.7593e+01,3.0000e+00,5.3012e+00,1.7671e+00,Dispersion-Dominated (Focused)
Neptune,Safronov_Dispersion,13.00,328.71,0.0000,1.7593e+01,3.0000e+00,5.4470e+00,1.8157e+00,Dispersion-Dominated (Focused)
Neptune,Safronov_Dispersion,13.50,337.50,0.0000,1.7593e+01,3.0000e+00,5.5928e+00,1.8643e+00,Dispersion-Dominated (Focused)
Neptune,Safronov_Dispersion,14.00,346.30,0.0000,1.7593e+01,3.0000e+00,5.7385e+00,1.9128e+00,Dispersion-Dominated (Focused)
Neptune,Safronov_Dispersion,14.50,355.09,0.0000,1.7593e+01,3.0000e+00,5.8843e+00,1.9614e+00,Dispersion-Dominated (Focused)
Neptune,Safronov_Dispersion,15.00,363.89,0.0001,1.7593e+01,3.0000e+00,6.0301e+00,2.0100e+00,Dispersion-Dominated (Focused)
Neptune,Safronov_Dispersion,15.50,372.69,0.0001,1.7593e+01,3.0000e+00,6.1758e+00,2.0586e+00,Dispersion-Dominated (Focused)
Neptune,Safronov_Dispersion,16.00,381.48,0.0001,1.7593e+01,3.0000e+00,6.3216e+00,2.1072e+00,Dispersion-Dominated (Focused)
Neptune,Safronov_Dispersion,16.50,390.28,0.0001,1.7593e+01,3.0000e+00,6.4674e+00,2.1558e+00,Dispersion-Dominated (Focused)
Neptune,Safronov_Dispersion,17.00,399.08,0.0001,1.7593e+01,3.0000e+00,6.6131e+00,2.2044e+00,Dispersion-Dominated (Focused)
Neptune,Safronov_Dispersion,17.50,407.87,0.0001,1.7593e+01,3.0000e+00,6.7589e+00,2.2530e+00,Dispersion-Dominated (Focused)
Neptune,Safronov_Dispersion,18.00,416.67,0.0001,1.7593e+01,3.0000e+00,6.9047e+00,2.3016e+00,Dispersion-Dominated (Focused)
Neptune,Safronov_Dispersion,18.50,425.47,0.0001,1.7593e+01,3.0000e+00,7.0504e+00,2.3501e+00,Dispersion-Dominated (Focused)
Neptune,Safronov_Dispersion,19.00,434.26,0.0001,1.7593e+01,3.0000e+00,7.1962e+00,2.3987e+00,Dispersion-Dominated (Focused)
Neptune,Safronov_Dispersion,19.50,443.06,0.0001,1.7593e+01,3.0000e+00,7.3419e+00,2.4473e+00,Dispersion-Dominated (Focused)
Neptune,Safronov_Dispersion,20.00,451.85,0.0001,1.7593e+01,3.0000e+00,7.4877e+00,2.4959e+00,Dispersion-Dominated (Focused)
Neptune,Safronov_Dispersion,20.50,460.65,0.0001,1.7593e+01,3.0000e+00,7.6335e+00,2.5445e+00,Dispersion-Dominated (Focused)
Neptune,Safronov_Dispersion,21.00,469.45,0.0001,1.7593e+01,3.0000e+00,7.7792e+00,2.5931e+00,Dispersion-Dominated (Focused)
Neptune,Safronov_Dispersion,21.50,478.24,0.0001,1.7593e+01,3.0000e+00,7.9250e+00,2.6417e+00,Dispersion-Dominated (Focused)
Neptune,Safronov_Dispersion,22.00,487.04,0.0001,1.7593e+01,3.0000e+00,8.0708e+00,2.6903e+00,Dispersion-Dominated (Focused)
Neptune,Safronov_Dispersion,22.50,495.84,0.0001,1.7593e+01,3.0000e+00,8.2165e+00,2.7388e+00,Dispersion-Dominated (Focused)
Neptune,Safronov_Dispersion,23.00,504.63,0.0001,1.7593e+01,3.0000e+00,8.3623e+00,2.7874e+00,Dispersion-Dominated (Focused)
Neptune,Safronov_Dispersion,23.50,513.43,0.0001,1.7593e+01,3.0000e+00,8.5081e+00,2.8360e+00,Dispersion-Dominated (Focused)
Neptune,Safronov_Dispersion,24.00,522.22,0.0001,1.7593e+01,3.0000e+00,8.6538e+00,2.8846e+00,Dispersion-Dominated (Focused)
Neptune,Safronov_Dispersion,24.50,531.02,0.0002,1.7593e+01,3.0000e+00,8.7996e+00,2.9332e+00,Dispersion-Dominated (Focused)
Neptune,Safronov_Dispersion,25.00,539.82,0.0002,1.7593e+01,3.0000e+00,8.9454e+00,2.9818e+00,Dispersion-Dominated (Focused)
Neptune,Safronov_Dispersion,25.50,548.61,0.0002,1.7593e+01,3.0000e+00,9.0911e+00,3.0304e+00,Dispersion-Dominated (Focused)
Neptune,Safronov_Dispersion,26.00,557.41,0.0002,1.7593e+01,3.0000e+00,9.2369e+00,3.0790e+00,Dispersion-Dominated (Focused)
Neptune,Safronov_Dispersion,26.50,566.21,0.0002,1.7593e+01,3.0000e+00,9.3827e+00,3.1276e+00,Dispersion-Dominated (Focused)
Neptune,Safronov_Dispersion,27.00,575.00,0.0002,1.7593e+01,3.0000e+00,9.5284e+00,3.1761e+00,Dispersion-Dominated (Focused)
Neptune,Safronov_Dispersion,27.50,583.80,0.0002,1.7593e+01,3.0000e+00,9.6742e+00,3.2247e+00,Dispersion-Dominated (Focused)
Neptune,Safronov_Dispersion,28.00,592.60,0.0002,1.7593e+01,3.0000e+00,9.8200e+00,3.2733e+00,Dispersion-Dominated (Focused)
Neptune,Safronov_Dispersion,28.50,601.39,0.0002,1.7593e+01,3.0000e+00,9.9657e+00,3.3219e+00,Dispersion-Dominated (Focused)
Neptune,Safronov_Dispersion,29.00,610.19,0.0002,1.7593e+01,3.0000e+00,1.0111e+01,3.3705e+00,Dispersion-Dominated (Focused)
Neptune,Safronov_Dispersion,29.50,618.98,0.0002,1.7593e+01,3.0000e+00,1.0257e+01,3.4191e+00,Dispersion-Dominated (Focused)
Neptune,Safronov_Dispersion,30.00,627.78,0.0003,1.7593e+01,3.0000e+00,1.0403e+01,3.4677e+00,Dispersion-Dominated (Focused)
Neptune,Safronov_Dispersion,30.50,636.58,0.0003,1.7593e+01,3.0000e+00,1.0549e+01,3.5163e+00,Dispersion-Dominated (Focused)
Neptune,Safronov_Dispersion,31.00,645.37,0.0003,1.7593e+01,3.0000e+00,1.0695e+01,3.5648e+00,Dispersion-Dominated (Focused)
Neptune,Safronov_Dispersion,31.50,654.17,0.0003,1.7593e+01,3.0000e+00,1.0840e+01,3.6134e+00,Dispersion-Dominated (Focused)
Neptune,Safronov_Dispersion,32.00,662.97,0.0003,1.7593e+01,3.0000e+00,1.0986e+01,3.6620e+00,Dispersion-Dominated (Focused)
Neptune,Safronov_Dispersion,32.50,671.76,0.0003,1.7593e+01,3.0000e+00,1.1132e+01,3.7106e+00,Dispersion-Dominated (Focused)
Neptune,Safronov_Dispersion,33.00,680.56,0.0003,1.7593e+01,3.0000e+00,1.1278e+01,3.7592e+00,Dispersion-Dominated (Focused)
Neptune,Safronov_Dispersion,33.50,689.36,0.0003,1.7593e+01,3.0000e+00,1.1423e+01,3.8078e+00,Dispersion-Dominated (Focused)
Neptune,Safronov_Dispersion,34.00,698.15,0.0004,1.7593e+01,3.0000e+00,1.1569e+01,3.8564e+00,Dispersion-Dominated (Focused)
Neptune,Safronov_Dispersion,34.50,706.95,0.0004,1.7593e+01,3.0000e+00,1.1715e+01,3.9050e+00,Dispersion-Dominated (Focused)
Neptune,Safronov_Dispersion,35.00,715.74,0.0004,1.7593e+01,3.0000e+00,1.1861e+01,3.9536e+00,Dispersion-Dominated (Focused)
Neptune,Safronov_Dispersion,35.50,724.54,0.0004,1.7593e+01,3.0000e+00,1.2006e+01,4.0021e+00,Dispersion-Dominated (Focused)
Neptune,Safronov_Dispersion,36.00,733.34,0.0004,1.7593e+01,3.0000e+00,1.2152e+01,4.0507e+00,Dispersion-Dominated (Focused)
Neptune,Safronov_Dispersion,36.50,742.13,0.0004,1.7593e+01,3.0000e+00,1.2298e+01,4.0993e+00,Dispersion-Dominated (Focused)
Neptune,Safronov_Dispersion,37.00,750.93,0.0004,1.7593e+01,3.0000e+00,1.2444e+01,4.1479e+00,Dispersion-Dominated (Focused)
Neptune,Safronov_Dispersion,37.50,759.73,0.0005,1.7593e+01,3.0000e+00,1.2589e+01,4.1965e+00,Dispersion-Dominated (Focused)
Neptune,Safronov_Dispersion,38.00,768.52,0.0005,1.7593e+01,3.0000e+00,1.2735e+01,4.2451e+00,Dispersion-Dominated (Focused)
Neptune,Safronov_Dispersion,38.50,777.32,0.0005,1.7593e+01,3.0000e+00,1.2881e+01,4.2937e+00,Dispersion-Dominated (Focused)
Neptune,Safronov_Dispersion,39.00,786.12,0.0005,1.7593e+01,3.0000e+00,1.3027e+01,4.3423e+00,Dispersion-Dominated (Focused)
Neptune,Safronov_Dispersion,39.50,794.91,0.0005,1.7593e+01,3.0000e+00,1.3173e+01,4.3908e+00,Dispersion-Dominated (Focused)
Neptune,Safronov_Dispersion,40.00,803.71,0.0005,1.7593e+01,3.0000e+00,1.3318e+01,4.4394e+00,Dispersion-Dominated (Focused)
Neptune,Safronov_Dispersion,40.50,812.50,0.0006,1.7593e+01,3.0000e+00,1.3464e+01,4.4880e+00,Dispersion-Dominated (Focused)
Neptune,Safronov_Dispersion,41.00,821.30,0.0006,1.7593e+01,3.0000e+00,1.3610e+01,4.5366e+00,Dispersion-Dominated (Focused)
Neptune,Safronov_Dispersion,41.50,830.10,0.0006,1.7593e+01,3.0000e+00,1.3756e+01,4.5852e+00,Dispersion-Dominated (Focused)
Neptune,Safronov_Dispersion,42.00,838.89,0.0006,1.7593e+01,3.0000e+00,1.3901e+01,4.6338e+00,Dispersion-Dominated (Focused)
Neptune,Safronov_Dispersion,42.50,847.69,0.0006,1.7593e+01,3.0000e+00,1.4047e+01,4.6824e+00,Dispersion-Dominated (Focused)
Neptune,Safronov_Dispersion,43.00,856.49,0.0007,1.7593e+01,3.0000e+00,1.4193e+01,4.7310e+00,Dispersion-Dominated (Focused)
Neptune,Safronov_Dispersion,43.50,865.28,0.0007,1.7593e+01,3.0000e+00,1.4339e+01,4.7796e+00,Dispersion-Dominated (Focused)
Neptune,Safronov_Dispersion,44.00,874.08,0.0007,1.7593e+01,3.0000e+00,1.4484e+01,4.8281e+00,Dispersion-Dominated (Focused)
Neptune,Safronov_Dispersion,44.50,882.88,0.0007,1.7593e+01,3.0000e+00,1.4630e+01,4.8767e+00,Dispersion-Dominated (Focused)
Neptune,Safronov_Dispersion,45.00,891.67,0.0007,1.7593e+01,3.0000e+00,1.4776e+01,4.9253e+00,Dispersion-Dominated (Focused)
Neptune,Safronov_Dispersion,45.50,900.47,0.0008,1.7593e+01,3.0000e+00,1.4922e+01,4.9739e+00,Dispersion-Dominated (Focused)
Neptune,Safronov_Dispersion,46.00,909.26,0.0008,1.7593e+01,3.0000e+00,1.5067e+01,5.0225e+00,Dispersion-Dominated (Focused)
Neptune,Safronov_Dispersion,46.50,918.06,0.0008,1.7593e+01,3.0000e+00,1.5213e+01,5.0711e+00,Dispersion-Dominated (Focused)
Neptune,Safronov_Dispersion,47.00,926.86,0.0008,1.7593e+01,3.0000e+00,1.5359e+01,5.1197e+00,Dispersion-Dominated (Focused)
Neptune,Safronov_Dispersion,47.50,935.65,0.0009,1.7593e+01,3.0000e+00,1.5505e+01,5.1683e+00,Dispersion-Dominated (Focused)
Neptune,Safronov_Dispersion,48.00,944.45,0.0009,1.7593e+01,3.0000e+00,1.5651e+01,5.2169e+00,Dispersion-Dominated (Focused)
Neptune,Safronov_Dispersion,48.50,953.25,0.0009,1.7593e+01,3.0000e+00,1.5796e+01,5.2654e+00,Dispersion-Dominated (Focused)
Neptune,Safronov_Dispersion,49.00,962.04,0.0009,1.7593e+01,3.0000e+00,1.5942e+01,5.3140e+00,Dispersion-Dominated (Focused)
Neptune,Safronov_Dispersion,49.50,970.84,0.0010,1.7593e+01,3.0000e+00,1.6088e+01,5.3626e+00,Dispersion-Dominated (Focused)
Neptune,Safronov_Dispersion,50.00,979.64,0.0010,1.7593e+01,3.0000e+00,1.6234e+01,5.4112e+00,Dispersion-Dominated (Focused)
Neptune,Safronov_Dispersion,50.50,988.43,0.0010,1.7593e+01,3.0000e+00,1.6379e+01,5.4598e+00,Dispersion-Dominated (Focused)
Neptune,Safronov_Dispersion,51.00,997.23,0.0010,1.7593e+01,3.0000e+00,1.6525e+01,5.5084e+00,Dispersion-Dominated (Focused)
Neptune,Safronov_Dispersion,51.50,1006.02,0.0011,1.7593e+01,3.0000e+00,1.6671e+01,5.5570e+00,Dispersion-Dominated (Focused)
Neptune,Safronov_Dispersion,52.00,1014.82,0.0011,1.7593e+01,3.0000e+00,1.6817e+01,5.6056e+00,Dispersion-Dominated (Focused)
Neptune,Safronov_Dispersion,52.50,1023.62,0.0011,1.7593e+01,3.0000e+00,1.6962e+01,5.6541e+00,Dispersion-Dominated (Focused)
Neptune,Safronov_Dispersion,53.00,1032.41,0.0012,1.7593e+01,3.0000e+00,1.7108e+01,5.7027e+00,Dispersion-Dominated (Focused)
Neptune,Safronov_Dispersion,53.50,1041.21,0.0012,1.7593e+01,3.0000e+00,1.7254e+01,5.7513e+00,Dispersion-Dominated (Focused)
Neptune,Safronov_Dispersion,54.00,1050.01,0.0012,1.7593e+01,3.0000e+00,1.7400e+01,5.7999e+00,Dispersion-Dominated (Focused)
Neptune,Safronov_Dispersion,54.50,1058.80,0.0012,1.7593e+01,3.0000e+00,1.7546e+01,5.8485e+00,Dispersion-Dominated (Focused)
Neptune,Safronov_Dispersion,55.00,1067.60,0.0013,1.7593e+01,3.0000e+00,1.7691e+01,5.8971e+00,Dispersion-Dominated (Focused)
Neptune,Safronov_Dispersion,55.50,1076.40,0.0013,1.7593e+01,3.0000e+00,1.7837e+01,5.9457e+00,Dispersion-Dominated (Focused)
Neptune,Safronov_Dispersion,56.00,1085.19,0.0013,1.7593e+01,3.0000e+00,1.7983e+01,5.9943e+00,Dispersion-Dominated (Focused)
Neptune,Safronov_Dispersion,56.50,1093.99,0.0014,1.7593e+01,3.0000e+00,1.8129e+01,6.0429e+00,Dispersion-Dominated (Focused)
Neptune,Safronov_Dispersion,57.00,1102.78,0.0014,1.7593e+01,3.0000e+00,1.8274e+01,6.0914e+00,Dispersion-Dominated (Focused)
Neptune,Safronov_Dispersion,57.50,1111.58,0.0014,1.7593e+01,3.0000e+00,1.8420e+01,6.1400e+00,Dispersion-Dominated (Focused)
Neptune,Safronov_Dispersion,58.00,1120.38,0.0015,1.7593e+01,3.0000e+00,1.8566e+01,6.1886e+00,Dispersion-Dominated (Focused)
Neptune,Safronov_Dispersion,58.50,1129.17,0.0015,1.7593e+01,3.0000e+00,1.8712e+01,6.2372e+00,Dispersion-Dominated (Focused)
Neptune,Safronov_Dispersion,59.00,1137.97,0.0016,1.7593e+01,3.0000e+00,1.8857e+01,6.2858e+00,Dispersion-Dominated (Focused)
Neptune,Safronov_Dispersion,59.50,1146.77,0.0016,1.7593e+01,3.0000e+00,1.9003e+01,6.3344e+00,Dispersion-Dominated (Focused)
Neptune,Safronov_Dispersion,60.00,1155.56,0.0016,1.7593e+01,3.0000e+00,1.9149e+01,6.3830e+00,Dispersion-Dominated (Focused)
Neptune,Safronov_Dispersion,60.50,1164.36,0.0017,1.7593e+01,3.0000e+00,1.9295e+01,6.4316e+00,Dispersion-Dominated (Focused)
Neptune,Safronov_Dispersion,61.00,1173.15,0.0017,1.7593e+01,3.0000e+00,1.9440e+01,6.4801e+00,Dispersion-Dominated (Focused)
Neptune,Safronov_Dispersion,61.50,1181.95,0.0017,1.7593e+01,3.0000e+00,1.9586e+01,6.5287e+00,Dispersion-Dominated (Focused)
Neptune,Safronov_Dispersion,62.00,1190.75,0.0018,1.7593e+01,3.0000e+00,1.9732e+01,6.5773e+00,Dispersion-Dominated (Focused)
Neptune,Safronov_Dispersion,62.50,1199.54,0.0018,1.7593e+01,3.0000e+00,1.9878e+01,6.6259e+00,Dispersion-Dominated (Focused)
Neptune,Safronov_Dispersion,63.00,1208.34,0.0019,1.7593e+01,3.0000e+00,2.0024e+01,6.6745e+00,Dispersion-Dominated (Focused)
Neptune,Safronov_Dispersion,63.50,1217.14,0.0019,1.7593e+01,3.0000e+00,2.0169e+01,6.7231e+00,Dispersion-Dominated (Focused)
Neptune,Safronov_Dispersion,64.00,1225.93,0.0019,1.7593e+01,3.0000e+00,2.0315e+01,6.7717e+00,Dispersion-Dominated (Focused)
Neptune,Safronov_Dispersion,64.50,1234.73,0.0020,1.7593e+01,3.0000e+00,2.0461e+01,6.8203e+00,Dispersion-Dominated (Focused)
Neptune,Safronov_Dispersion,65.00,1243.53,0.0020,1.7593e+01,3.0000e+00,2.0607e+01,6.8689e+00,Dispersion-Dominated (Focused)
Neptune,Safronov_Dispersion,65.50,1252.32,0.0021,1.7593e+01,3.0000e+00,2.0752e+01,6.9174e+00,Dispersion-Dominated (Focused)
Neptune,Safronov_Dispersion,66.00,1261.12,0.0021,1.7593e+01,3.0000e+00,2.0898e+01,6.9660e+00,Dispersion-Dominated (Focused)
Neptune,Safronov_Dispersion,66.50,1269.91,0.0022,1.7593e+01,3.0000e+00,2.1044e+01,7.0146e+00,Dispersion-Dominated (Focused)
Neptune,Safronov_Dispersion,67.00,1278.71,0.0022,1.7593e+01,3.0000e+00,2.1190e+01,7.0632e+00,Dispersion-Dominated (Focused)
Neptune,Safronov_Dispersion,67.50,1287.51,0.0022,1.7593e+01,3.0000e+00,2.1335e+01,7.1118e+00,Dispersion-Dominated (Focused)
Neptune,Safronov_Dispersion,68.00,1296.30,0.0023,1.7593e+01,3.0000e+00,2.1481e+01,7.1604e+00,Dispersion-Dominated (Focused)
Neptune,Safronov_Dispersion,68.50,1305.10,0.0023,1.7593e+01,3.0000e+00,2.1627e+01,7.2090e+00,Dispersion-Dominated (Focused)
Neptune,Safronov_Dispersion,69.00,1313.90,0.0024,1.7593e+01,3.0000e+00,2.1773e+01,7.2576e+00,Dispersion-Dominated (Focused)
Neptune,Safronov_Dispersion,69.50,1322.69,0.0024,1.7593e+01,3.0000e+00,2.1918e+01,7.3062e+00,Dispersion-Dominated (Focused)
Neptune,Safronov_Dispersion,70.00,1331.49,0.0025,1.7593e+01,3.0000e+00,2.2064e+01,7.3547e+00,Dispersion-Dominated (Focused)
Neptune,Safronov_Dispersion,70.50,1340.29,0.0025,1.7593e+01,3.0000e+00,2.2210e+01,7.4033e+00,Dispersion-Dominated (Focused)
Neptune,Safronov_Dispersion,71.00,1349.08,0.0026,1.7593e+01,3.0000e+00,2.2356e+01,7.4519e+00,Dispersion-Dominated (Focused)
Neptune,Safronov_Dispersion,71.50,1357.88,0.0026,1.7593e+01,3.0000e+00,2.2502e+01,7.5005e+00,Dispersion-Dominated (Focused)
Neptune,Safronov_Dispersion,72.00,1366.67,0.0027,1.7593e+01,3.0000e+00,2.2647e+01,7.5491e+00,Dispersion-Dominated (Focused)
Neptune,Safronov_Dispersion,72.50,1375.47,0.0027,1.7593e+01,3.0000e+00,2.2793e+01,7.5977e+00,Dispersion-Dominated (Focused)
Neptune,Safronov_Dispersion,73.00,1384.27,0.0028,1.7593e+01,3.0000e+00,2.2939e+01,7.6463e+00,Dispersion-Dominated (Focused)
Neptune,Safronov_Dispersion,73.50,1393.06,0.0028,1.7593e+01,3.0000e+00,2.3085e+01,7.6949e+00,Dispersion-Dominated (Focused)
Neptune,Safronov_Dispersion,74.00,1401.86,0.0029,1.7593e+01,3.0000e+00,2.3230e+01,7.7434e+00,Dispersion-Dominated (Focused)
Neptune,Safronov_Dispersion,74.50,1410.66,0.0030,1.7593e+01,3.0000e+00,2.3376e+01,7.7920e+00,Dispersion-Dominated (Focused)
Neptune,Safronov_Dispersion,75.00,1419.45,0.0030,1.7593e+01,3.0000e+00,2.3522e+01,7.8406e+00,Dispersion-Dominated (Focused)
Neptune,Safronov_Dispersion,75.50,1428.25,0.0031,1.7593e+01,3.0000e+00,2.3668e+01,7.8892e+00,Dispersion-Dominated (Focused)
Neptune,Safronov_Dispersion,76.00,1437.05,0.0031,1.7593e+01,3.0000e+00,2.3813e+01,7.9378e+00,Dispersion-Dominated (Focused)
Neptune,Safronov_Dispersion,76.50,1445.84,0.0032,1.7593e+01,3.0000e+00,2.3959e+01,7.9864e+00,Dispersion-Dominated (Focused)
Neptune,Safronov_Dispersion,77.00,1454.64,0.0032,1.7593e+01,3.0000e+00,2.4105e+01,8.0350e+00,Dispersion-Dominated (Focused)
Neptune,Safronov_Dispersion,77.50,1463.43,0.0033,1.7593e+01,3.0000e+00,2.4251e+01,8.0836e+00,Dispersion-Dominated (Focused)
Neptune,Safronov_Dispersion,78.00,1472.23,0.0034,1.7593e+01,3.0000e+00,2.4396e+01,8.1322e+00,Dispersion-Dominated (Focused)
Neptune,Safronov_Dispersion,78.50,1481.03,0.0034,1.7593e+01,3.0000e+00,2.4542e+01,8.1807e+00,Dispersion-Dominated (Focused)
Neptune,Safronov_Dispersion,79.00,1489.82,0.0035,1.7593e+01,3.0000e+00,2.4688e+01,8.2293e+00,Dispersion-Dominated (Focused)
Neptune,Safronov_Dispersion,79.50,1498.62,0.0035,1.7593e+01,3.0000e+00,2.4834e+01,8.2779e+00,Dispersion-Dominated (Focused)
Neptune,Safronov_Dispersion,80.00,1507.42,0.0036,1.7593e+01,3.0000e+00,2.4980e+01,8.3265e+00,Dispersion-Dominated (Focused)
Neptune,Safronov_Dispersion,80.50,1516.21,0.0037,1.7593e+01,3.0000e+00,2.5125e+01,8.3751e+00,Dispersion-Dominated (Focused)
Neptune,Safronov_Dispersion,81.00,1525.01,0.0037,1.7593e+01,3.0000e+00,2.5271e+01,8.4237e+00,Dispersion-Dominated (Focused)
Neptune,Safronov_Dispersion,81.50,1533.81,0.0038,1.7593e+01,3.0000e+00,2.5417e+01,8.4723e+00,Dispersion-Dominated (Focused)
Neptune,Safronov_Dispersion,82.00,1542.60,0.0039,1.7593e+01,3.0000e+00,2.5563e+01,8.5209e+00,Dispersion-Dominated (Focused)
Neptune,Safronov_Dispersion,82.50,1551.40,0.0039,1.7593e+01,3.0000e+00,2.5708e+01,8.5694e+00,Dispersion-Dominated (Focused)
Neptune,Safronov_Dispersion,83.00,1560.19,0.0040,1.7593e+01,3.0000e+00,2.5854e+01,8.6180e+00,Dispersion-Dominated (Focused)
Neptune,Safronov_Dispersion,83.50,1568.99,0.0041,1.7593e+01,3.0000e+00,2.6000e+01,8.6666e+00,Dispersion-Dominated (Focused)
Neptune,Safronov_Dispersion,84.00,1577.79,0.0041,1.7593e+01,3.0000e+00,2.6146e+01,8.7152e+00,Dispersion-Dominated (Focused)
Neptune,Safronov_Dispersion,84.50,1586.58,0.0042,1.7593e+01,3.0000e+00,2.6291e+01,8.7638e+00,Dispersion-Dominated (Focused)
Neptune,Safronov_Dispersion,85.00,1595.38,0.0043,1.7593e+01,3.0000e+00,2.6437e+01,8.8124e+00,Dispersion-Dominated (Focused)
Neptune,Safronov_Dispersion,85.50,1604.18,0.0043,1.7593e+01,3.0000e+00,2.6583e+01,8.8610e+00,Dispersion-Dominated (Focused)
Neptune,Safronov_Dispersion,86.00,1612.97,0.0044,1.7593e+01,3.0000e+00,2.6729e+01,8.9096e+00,Dispersion-Dominated (Focused)
Neptune,Safronov_Dispersion,86.50,1621.77,0.0045,1.7593e+01,3.0000e+00,2.6874e+01,8.9582e+00,Dispersion-Dominated (Focused)
Neptune,Safronov_Dispersion,87.00,1630.57,0.0046,1.7593e+01,3.0000e+00,2.7020e+01,9.0067e+00,Dispersion-Dominated (Focused)
Neptune,Safronov_Dispersion,87.50,1639.36,0.0046,1.7593e+01,3.0000e+00,2.7166e+01,9.0553e+00,Dispersion-Dominated (Focused)
Neptune,Safronov_Dispersion,88.00,1648.16,0.0047,1.7593e+01,3.0000e+00,2.7312e+01,9.1039e+00,Dispersion-Dominated (Focused)
Neptune,Safronov_Dispersion,88.50,1656.95,0.0048,1.7593e+01,3.0000e+00,2.7458e+01,9.1525e+00,Dispersion-Dominated (Focused)
Neptune,Safronov_Dispersion,89.00,1665.75,0.0049,1.7593e+01,3.0000e+00,2.7603e+01,9.2011e+00,Dispersion-Dominated (Focused)
Neptune,Safronov_Dispersion,89.50,1674.55,0.0049,1.7593e+01,3.0000e+00,2.7749e+01,9.2497e+00,Dispersion-Dominated (Focused)
Neptune,Safronov_Dispersion,90.00,1683.34,0.0050,1.7593e+01,3.0000e+00,2.7895e+01,9.2983e+00,Dispersion-Dominated (Focused)
Neptune,Safronov_Dispersion,90.50,1692.14,0.0051,1.7593e+01,3.0000e+00,2.8041e+01,9.3469e+00,Dispersion-Dominated (Focused)
Neptune,Safronov_Dispersion,91.00,1700.94,0.0052,1.7593e+01,3.0000e+00,2.8186e+01,9.3955e+00,Dispersion-Dominated (Focused)
Neptune,Safronov_Dispersion,91.50,1709.73,0.0053,1.7593e+01,3.0000e+00,2.8332e+01,9.4440e+00,Dispersion-Dominated (Focused)
Neptune,Safronov_Dispersion,92.00,1718.53,0.0053,1.7593e+01,3.0000e+00,2.8478e+01,9.4926e+00,Dispersion-Dominated (Focused)
Neptune,Safronov_Dispersion,92.50,1727.33,0.0054,1.7593e+01,3.0000e+00,2.8624e+01,9.5412e+00,Dispersion-Dominated (Focused)
Neptune,Safronov_Dispersion,93.00,1736.12,0.0055,1.7593e+01,3.0000e+00,2.8769e+01,9.5898e+00,Dispersion-Dominated (Focused)
Neptune,Safronov_Dispersion,93.50,1744.92,0.0056,1.7593e+01,3.0000e+00,2.8915e+01,9.6384e+00,Dispersion-Dominated (Focused)
Neptune,Safronov_Dispersion,94.00,1753.71,0.0057,1.7593e+01,3.0000e+00,2.9061e+01,9.6870e+00,Dispersion-Dominated (Focused)
Neptune,Safronov_Dispersion,94.50,1762.51,0.0058,1.7593e+01,3.0000e+00,2.9207e+01,9.7356e+00,Dispersion-Dominated (Focused)
Neptune,Safronov_Dispersion,95.00,1771.31,0.0058,1.7593e+01,3.0000e+00,2.9352e+01,9.7842e+00,Dispersion-Dominated (Focused)
Neptune,Safronov_Dispersion,95.50,1780.10,0.0059,1.7593e+01,3.0000e+00,2.9498e+01,9.8327e+00,Dispersion-Dominated (Focused)
Neptune,Safronov_Dispersion,96.00,1788.90,0.0060,1.7593e+01,3.0000e+00,2.9644e+01,9.8813e+00,Dispersion-Dominated (Focused)
Neptune,Safronov_Dispersion,96.50,1797.70,0.0061,1.7593e+01,3.0000e+00,2.9790e+01,9.9299e+00,Dispersion-Dominated (Focused)
Neptune,Safronov_Dispersion,97.00,1806.49,0.0062,1.7593e+01,3.0000e+00,2.9936e+01,9.9785e+00,Dispersion-Dominated (Focused)
Neptune,Safronov_Dispersion,97.50,1815.29,0.0063,1.7593e+01,3.0000e+00,3.0081e+01,1.0027e+01,Dispersion-Dominated (Focused)
Neptune,Safronov_Dispersion,98.00,1824.08,0.0064,1.7593e+01,3.0000e+00,3.0227e+01,1.0076e+01,Dispersion-Dominated (Focused)
Neptune,Safronov_Dispersion,98.50,1832.88,0.0065,1.7593e+01,3.0000e+00,3.0373e+01,1.0124e+01,Dispersion-Dominated (Focused)
Neptune,Safronov_Dispersion,99.00,1841.68,0.0066,1.7593e+01,3.0000e+00,3.0519e+01,1.0173e+01,Dispersion-Dominated (Focused)
Neptune,Safronov_Dispersion,99.50,1850.47,0.0067,1.7593e+01,3.0000e+00,3.0664e+01,1.0221e+01,Dispersion-Dominated (Focused)
Neptune,Safronov_Dispersion,100.00,1859.27,0.0068,1.7593e+01,3.0000e+00,3.0810e+01,1.0270e+01,Dispersion-Dominated (Focused)
Neptune,Safronov_Dispersion,100.50,1868.07,0.0069,1.7593e+01,3.0000e+00,3.0956e+01,1.0319e+01,Dispersion-Dominated (Focused)
Neptune,Safronov_Dispersion,101.00,1876.86,0.0070,1.7593e+01,3.0000e+00,3.1102e+01,1.0367e+01,Dispersion-Dominated (Focused)
Neptune,Safronov_Dispersion,101.50,1885.66,0.0071,1.7593e+01,3.0000e+00,3.1247e+01,1.0416e+01,Dispersion-Dominated (Focused)
Neptune,Safronov_Dispersion,102.00,1894.46,0.0072,1.7593e+01,3.0000e+00,3.1393e+01,1.0464e+01,Dispersion-Dominated (Focused)
Neptune,Safronov_Dispersion,102.50,1903.25,0.0073,1.7593e+01,3.0000e+00,3.1539e+01,1.0513e+01,Dispersion-Dominated (Focused)
Neptune,Safronov_Dispersion,103.00,1912.05,0.0074,1.7593e+01,3.0000e+00,3.1685e+01,1.0562e+01,Dispersion-Dominated (Focused)
Neptune,Safronov_Dispersion,103.50,1920.84,0.0075,1.7593e+01,3.0000e+00,3.1830e+01,1.0610e+01,Dispersion-Dominated (Focused)
Neptune,Safronov_Dispersion,104.00,1929.64,0.0076,1.7593e+01,3.0000e+00,3.1976e+01,1.0659e+01,Dispersion-Dominated (Focused)
Neptune,Safronov_Dispersion,104.50,1938.44,0.0077,1.7593e+01,3.0000e+00,3.2122e+01,1.0707e+01,Dispersion-Dominated (Focused)
Neptune,Safronov_Dispersion,105.00,1947.23,0.0078,1.7593e+01,3.0000e+00,3.2268e+01,1.0756e+01,Dispersion-Dominated (Focused)
Neptune,Safronov_Dispersion,105.50,1956.03,0.0079,1.7593e+01,3.0000e+00,3.2414e+01,1.0805e+01,Dispersion-Dominated (Focused)
Neptune,Safronov_Dispersion,106.00,1964.83,0.0080,1.7593e+01,3.0000e+00,3.2559e+01,1.0853e+01,Dispersion-Dominated (Focused)
Neptune,Safronov_Dispersion,106.50,1973.62,0.0081,1.7593e+01,3.0000e+00,3.2705e+01,1.0902e+01,Dispersion-Dominated (Focused)
Neptune,Safronov_Dispersion,107.00,1982.42,0.0082,1.7593e+01,3.0000e+00,3.2851e+01,1.0950e+01,Dispersion-Dominated (Focused)
Neptune,Safronov_Dispersion,107.50,1991.22,0.0083,1.7593e+01,3.0000e+00,3.2997e+01,1.0999e+01,Dispersion-Dominated (Focused)
Neptune,Safronov_Dispersion,108.00,2000.01,0.0084,1.7593e+01,3.0000e+00,3.3142e+01,1.1047e+01,Dispersion-Dominated (Focused)
Neptune,Safronov_Dispersion,108.50,2008.81,0.0085,1.7593e+01,3.0000e+00,3.3288e+01,1.1096e+01,Dispersion-Dominated (Focused)
Neptune,Safronov_Dispersion,109.00,2017.60,0.0086,1.7593e+01,3.0000e+00,3.3434e+01,1.1145e+01,Dispersion-Dominated (Focused)
Neptune,Safronov_Dispersion,109.50,2026.40,0.0088,1.7593e+01,3.0000e+00,3.3580e+01,1.1193e+01,Dispersion-Dominated (Focused)
Neptune,Safronov_Dispersion,110.00,2035.20,0.0089,1.7593e+01,3.0000e+00,3.3725e+01,1.1242e+01,Dispersion-Dominated (Focused)
Neptune,Safronov_Dispersion,110.50,2043.99,0.0090,1.7593e+01,3.0000e+00,3.3871e+01,1.1290e+01,Dispersion-Dominated (Focused)
Neptune,Safronov_Dispersion,111.00,2052.79,0.0091,1.7593e+01,3.0000e+00,3.4017e+01,1.1339e+01,Dispersion-Dominated (Focused)
Neptune,Safronov_Dispersion,111.50,2061.59,0.0092,1.7593e+01,3.0000e+00,3.4163e+01,1.1388e+01,Dispersion-Dominated (Focused)
Neptune,Safronov_Dispersion,112.00,2070.38,0.0093,1.7593e+01,3.0000e+00,3.4308e+01,1.1436e+01,Dispersion-Dominated (Focused)
Neptune,Safronov_Dispersion,112.50,2079.18,0.0095,1.7593e+01,3.0000e+00,3.4454e+01,1.1485e+01,Dispersion-Dominated (Focused)
Neptune,Safronov_Dispersion,113.00,2087.98,0.0096,1.7593e+01,3.0000e+00,3.4600e+01,1.1533e+01,Dispersion-Dominated (Focused)
Neptune,Safronov_Dispersion,113.50,2096.77,0.0097,1.7593e+01,3.0000e+00,3.4746e+01,1.1582e+01,Dispersion-Dominated (Focused)
Neptune,Safronov_Dispersion,114.00,2105.57,0.0098,1.7593e+01,3.0000e+00,3.4892e+01,1.1631e+01,Dispersion-Dominated (Focused)
Neptune,Safronov_Dispersion,114.50,2114.36,0.0099,1.7593e+01,3.0000e+00,3.5037e+01,1.1679e+01,Dispersion-Dominated (Focused)
Neptune,Safronov_Dispersion,115.00,2123.16,0.0101,1.7593e+01,3.0000e+00,3.5183e+01,1.1728e+01,Dispersion-Dominated (Focused)
Neptune,Safronov_Dispersion,115.50,2131.96,0.0102,1.7593e+01,3.0000e+00,3.5329e+01,1.1776e+01,Dispersion-Dominated (Focused)
Neptune,Safronov_Dispersion,116.00,2140.75,0.0103,1.7593e+01,3.0000e+00,3.5475e+01,1.1825e+01,Dispersion-Dominated (Focused)
Neptune,Safronov_Dispersion,116.50,2149.55,0.0104,1.7593e+01,3.0000e+00,3.5620e+01,1.1873e+01,Dispersion-Dominated (Focused)
Neptune,Safronov_Dispersion,117.00,2158.35,0.0106,1.7593e+01,3.0000e+00,3.5766e+01,1.1922e+01,Dispersion-Dominated (Focused)
Neptune,Safronov_Dispersion,117.50,2167.14,0.0107,1.7593e+01,3.0000e+00,3.5912e+01,1.1971e+01,Dispersion-Dominated (Focused)
Neptune,Safronov_Dispersion,118.00,2175.94,0.0108,1.7593e+01,3.0000e+00,3.6058e+01,1.2019e+01,Dispersion-Dominated (Focused)
Neptune,Safronov_Dispersion,118.50,2184.74,0.0110,1.7593e+01,3.0000e+00,3.6203e+01,1.2068e+01,Dispersion-Dominated (Focused)
Neptune,Safronov_Dispersion,119.00,2193.53,0.0111,1.7593e+01,3.0000e+00,3.6349e+01,1.2116e+01,Dispersion-Dominated (Focused)
Neptune,Safronov_Dispersion,119.50,2202.33,0.0112,1.7593e+01,3.0000e+00,3.6495e+01,1.2165e+01,Dispersion-Dominated (Focused)
Neptune,Safronov_Dispersion,120.00,2211.12,0.0114,1.7593e+01,3.0000e+00,3.6641e+01,1.2214e+01,Dispersion-Dominated (Focused)
Neptune,Safronov_Dispersion,120.50,2219.92,0.0115,1.7593e+01,3.0000e+00,3.6786e+01,1.2262e+01,Dispersion-Dominated (Focused)
Neptune,Safronov_Dispersion,121.00,2228.72,0.0116,1.7593e+01,3.0000e+00,3.6932e+01,1.2311e+01,Dispersion-Dominated (Focused)
Neptune,Safronov_Dispersion,121.50,2237.51,0.0118,1.7593e+01,3.0000e+00,3.7078e+01,1.2359e+01,Dispersion-Dominated (Focused)
Neptune,Safronov_Dispersion,122.00,2246.31,0.0119,1.7593e+01,3.0000e+00,3.7224e+01,1.2408e+01,Dispersion-Dominated (Focused)
Neptune,Safronov_Dispersion,122.50,2255.11,0.0121,1.7593e+01,3.0000e+00,3.7370e+01,1.2457e+01,Dispersion-Dominated (Focused)
Neptune,Safronov_Dispersion,123.00,2263.90,0.0122,1.7593e+01,3.0000e+00,3.7515e+01,1.2505e+01,Dispersion-Dominated (Focused)
Neptune,Safronov_Dispersion,123.50,2272.70,0.0124,1.7593e+01,3.0000e+00,3.7661e+01,1.2554e+01,Dispersion-Dominated (Focused)
Neptune,Safronov_Dispersion,124.00,2281.50,0.0125,1.7593e+01,3.0000e+00,3.7807e+01,1.2602e+01,Dispersion-Dominated (Focused)
Neptune,Safronov_Dispersion,124.50,2290.29,0.0126,1.7593e+01,3.0000e+00,3.7953e+01,1.2651e+01,Dispersion-Dominated (Focused)
Neptune,Safronov_Dispersion,125.00,2299.09,0.0128,1.7593e+01,3.0000e+00,3.8098e+01,1.2699e+01,Dispersion-Dominated (Focused)
Neptune,Safronov_Dispersion,125.50,2307.88,0.0129,1.7593e+01,3.0000e+00,3.8244e+01,1.2748e+01,Dispersion-Dominated (Focused)
Neptune,Safronov_Dispersion,126.00,2316.68,0.0131,1.7593e+01,3.0000e+00,3.8390e+01,1.2797e+01,Dispersion-Dominated (Focused)
Neptune,Safronov_Dispersion,126.50,2325.48,0.0132,1.7593e+01,3.0000e+00,3.8536e+01,1.2845e+01,Dispersion-Dominated (Focused)
Neptune,Safronov_Dispersion,127.00,2334.27,0.0134,1.7593e+01,3.0000e+00,3.8681e+01,1.2894e+01,Dispersion-Dominated (Focused)
Neptune,Safronov_Dispersion,127.50,2343.07,0.0135,1.7593e+01,3.0000e+00,3.8827e+01,1.2942e+01,Dispersion-Dominated (Focused)
Neptune,Safronov_Dispersion,128.00,2351.87,0.0137,1.7593e+01,3.0000e+00,3.8973e+01,1.2991e+01,Dispersion-Dominated (Focused)
Neptune,Safronov_Dispersion,128.50,2360.66,0.0138,1.7593e+01,3.0000e+00,3.9119e+01,1.3040e+01,Dispersion-Dominated (Focused)
Neptune,Safronov_Dispersion,129.00,2369.46,0.0140,1.7593e+01,3.0000e+00,3.9264e+01,1.3088e+01,Dispersion-Dominated (Focused)
Neptune,Safronov_Dispersion,129.50,2378.26,0.0142,1.7593e+01,3.0000e+00,3.9410e+01,1.3137e+01,Dispersion-Dominated (Focused)
Neptune,Safronov_Dispersion,130.00,2387.05,0.0143,1.7593e+01,3.0000e+00,3.9556e+01,1.3185e+01,Dispersion-Dominated (Focused)
Neptune,Safronov_Dispersion,130.50,2395.85,0.0145,1.7593e+01,3.0000e+00,3.9702e+01,1.3234e+01,Dispersion-Dominated (Focused)
Neptune,Safronov_Dispersion,131.00,2404.64,0.0146,1.7593e+01,3.0000e+00,3.9848e+01,1.3283e+01,Dispersion-Dominated (Focused)
Neptune,Safronov_Dispersion,131.50,2413.44,0.0148,1.7593e+01,3.0000e+00,3.9993e+01,1.3331e+01,Dispersion-Dominated (Focused)
Neptune,Safronov_Dispersion,132.00,2422.24,0.0150,1.7593e+01,3.0000e+00,4.0139e+01,1.3380e+01,Dispersion-Dominated (Focused)
Neptune,Safronov_Dispersion,132.50,2431.03,0.0151,1.7593e+01,3.0000e+00,4.0285e+01,1.3428e+01,Dispersion-Dominated (Focused)
Neptune,Safronov_Dispersion,133.00,2439.83,0.0153,1.7593e+01,3.0000e+00,4.0431e+01,1.3477e+01,Dispersion-Dominated (Focused)
Neptune,Safronov_Dispersion,133.50,2448.63,0.0154,1.7593e+01,3.0000e+00,4.0576e+01,1.3525e+01,Dispersion-Dominated (Focused)
Neptune,Safronov_Dispersion,134.00,2457.42,0.0156,1.7593e+01,3.0000e+00,4.0722e+01,1.3574e+01,Dispersion-Dominated (Focused)
Neptune,Safronov_Dispersion,134.50,2466.22,0.0158,1.7593e+01,3.0000e+00,4.0868e+01,1.3623e+01,Dispersion-Dominated (Focused)
Neptune,Safronov_Dispersion,135.00,2475.02,0.0160,1.7593e+01,3.0000e+00,4.1014e+01,1.3671e+01,Dispersion-Dominated (Focused)
Neptune,Safronov_Dispersion,135.50,2483.81,0.0161,1.7593e+01,3.0000e+00,4.1159e+01,1.3720e+01,Dispersion-Dominated (Focused)
Neptune,Safronov_Dispersion,136.00,2492.61,0.0163,1.7593e+01,3.0000e+00,4.1305e+01,1.3768e+01,Dispersion-Dominated (Focused)
Neptune,Safronov_Dispersion,136.50,2501.40,0.0165,1.7593e+01,3.0000e+00,4.1451e+01,1.3817e+01,Dispersion-Dominated (Focused)
Neptune,Safronov_Dispersion,137.00,2510.20,0.0166,1.7593e+01,3.0000e+00,4.1597e+01,1.3866e+01,Dispersion-Dominated (Focused)
Neptune,Safronov_Dispersion,137.50,2519.00,0.0168,1.7593e+01,3.0000e+00,4.1743e+01,1.3914e+01,Dispersion-Dominated (Focused)
Neptune,Safronov_Dispersion,138.00,2527.79,0.0170,1.7593e+01,3.0000e+00,4.1888e+01,1.3963e+01,Dispersion-Dominated (Focused)
Neptune,Safronov_Dispersion,138.50,2536.59,0.0172,1.7593e+01,3.0000e+00,4.2034e+01,1.4011e+01,Dispersion-Dominated (Focused)
Neptune,Safronov_Dispersion,139.00,2545.39,0.0174,1.7593e+01,3.0000e+00,4.2180e+01,1.4060e+01,Dispersion-Dominated (Focused)
Neptune,Safronov_Dispersion,139.50,2554.18,0.0175,1.7593e+01,3.0000e+00,4.2326e+01,1.4109e+01,Dispersion-Dominated (Focused)
Neptune,Safronov_Dispersion,140.00,2562.98,0.0177,1.7593e+01,3.0000e+00,4.2471e+01,1.4157e+01,Dispersion-Dominated (Focused)
Neptune,Safronov_Dispersion,140.50,2571.77,0.0179,1.7593e+01,3.0000e+00,4.2617e+01,1.4206e+01,Dispersion-Dominated (Focused)
Neptune,Safronov_Dispersion,141.00,2580.57,0.0181,1.7593e+01,3.0000e+00,4.2763e+01,1.4254e+01,Dispersion-Dominated (Focused)
Neptune,Safronov_Dispersion,141.50,2589.37,0.0183,1.7593e+01,3.0000e+00,4.2909e+01,1.4303e+01,Dispersion-Dominated (Focused)
Neptune,Safronov_Dispersion,142.00,2598.16,0.0185,1.7593e+01,3.0000e+00,4.3054e+01,1.4351e+01,Dispersion-Dominated (Focused)
Neptune,Safronov_Dispersion,142.50,2606.96,0.0186,1.7593e+01,3.0000e+00,4.3200e+01,1.4400e+01,Dispersion-Dominated (Focused)
Neptune,Safronov_Dispersion,143.00,2615.76,0.0188,1.7593e+01,3.0000e+00,4.3346e+01,1.4449e+01,Dispersion-Dominated (Focused)
Neptune,Safronov_Dispersion,143.50,2624.55,0.0190,1.7593e+01,3.0000e+00,4.3492e+01,1.4497e+01,Dispersion-Dominated (Focused)
Neptune,Safronov_Dispersion,144.00,2633.35,0.0192,1.7593e+01,3.0000e+00,4.3637e+01,1.4546e+01,Dispersion-Dominated (Focused)
Neptune,Safronov_Dispersion,144.50,2642.15,0.0194,1.7593e+01,3.0000e+00,4.3783e+01,1.4594e+01,Dispersion-Dominated (Focused)
Neptune,Safronov_Dispersion,145.00,2650.94,0.0196,1.7593e+01,3.0000e+00,4.3929e+01,1.4643e+01,Dispersion-Dominated (Focused)
Neptune,Safronov_Dispersion,145.50,2659.74,0.0198,1.7593e+01,3.0000e+00,4.4075e+01,1.4692e+01,Dispersion-Dominated (Focused)
Neptune,Safronov_Dispersion,146.00,2668.53,0.0200,1.7593e+01,3.0000e+00,4.4221e+01,1.4740e+01,Dispersion-Dominated (Focused)
Neptune,Safronov_Dispersion,146.50,2677.33,0.0202,1.7593e+01,3.0000e+00,4.4366e+01,1.4789e+01,Dispersion-Dominated (Focused)
Neptune,Safronov_Dispersion,147.00,2686.13,0.0204,1.7593e+01,3.0000e+00,4.4512e+01,1.4837e+01,Dispersion-Dominated (Focused)
Neptune,Safronov_Dispersion,147.50,2694.92,0.0206,1.7593e+01,3.0000e+00,4.4658e+01,1.4886e+01,Dispersion-Dominated (Focused)
Neptune,Safronov_Dispersion,148.00,2703.72,0.0208,1.7593e+01,3.0000e+00,4.4804e+01,1.4935e+01,Dispersion-Dominated (Focused)
Neptune,Safronov_Dispersion,148.50,2712.52,0.0210,1.7593e+01,3.0000e+00,4.4949e+01,1.4983e+01,Dispersion-Dominated (Focused)
Neptune,Safronov_Dispersion,149.00,2721.31,0.0212,1.7593e+01,3.0000e+00,4.5095e+01,1.5032e+01,Dispersion-Dominated (Focused)
Neptune,Safronov_Dispersion,149.50,2730.11,0.0214,1.7593e+01,3.0000e+00,4.5241e+01,1.5080e+01,Dispersion-Dominated (Focused)
Neptune,Safronov_Dispersion,150.00,2738.91,0.0216,1.7593e+01,3.0000e+00,4.5387e+01,1.5129e+01,Dispersion-Dominated (Focused)
Neptune,Safronov_Dispersion,150.50,2747.70,0.0218,1.7593e+01,3.0000e+00,4.5532e+01,1.5177e+01,Dispersion-Dominated (Focused)
Neptune,Safronov_Dispersion,151.00,2756.50,0.0220,1.7593e+01,3.0000e+00,4.5678e+01,1.5226e+01,Dispersion-Dominated (Focused)
Neptune,Safronov_Dispersion,151.50,2765.29,0.0222,1.7593e+01,3.0000e+00,4.5824e+01,1.5275e+01,Dispersion-Dominated (Focused)
Neptune,Safronov_Dispersion,152.00,2774.09,0.0225,1.7593e+01,3.0000e+00,4.5970e+01,1.5323e+01,Dispersion-Dominated (Focused)
Neptune,Safronov_Dispersion,152.50,2782.89,0.0227,1.7593e+01,3.0000e+00,4.6115e+01,1.5372e+01,Dispersion-Dominated (Focused)
Neptune,Safronov_Dispersion,153.00,2791.68,0.0229,1.7593e+01,3.0000e+00,4.6261e+01,1.5420e+01,Dispersion-Dominated (Focused)
Neptune,Safronov_Dispersion,153.50,2800.48,0.0231,1.7593e+01,3.0000e+00,4.6407e+01,1.5469e+01,Dispersion-Dominated (Focused)
Neptune,Safronov_Dispersion,154.00,2809.28,0.0233,1.7593e+01,3.0000e+00,4.6553e+01,1.5518e+01,Dispersion-Dominated (Focused)
Neptune,Safronov_Dispersion,154.50,2818.07,0.0235,1.7593e+01,3.0000e+00,4.6699e+01,1.5566e+01,Dispersion-Dominated (Focused)
Neptune,Safronov_Dispersion,155.00,2826.87,0.0238,1.7593e+01,3.0000e+00,4.6844e+01,1.5615e+01,Dispersion-Dominated (Focused)
Neptune,Safronov_Dispersion,155.50,2835.67,0.0240,1.7593e+01,3.0000e+00,4.6990e+01,1.5663e+01,Dispersion-Dominated (Focused)
Neptune,Safronov_Dispersion,156.00,2844.46,0.0242,1.7593e+01,3.0000e+00,4.7136e+01,1.5712e+01,Dispersion-Dominated (Focused)
Neptune,Safronov_Dispersion,156.50,2853.26,0.0244,1.7593e+01,3.0000e+00,4.7282e+01,1.5761e+01,Dispersion-Dominated (Focused)
Neptune,Safronov_Dispersion,157.00,2862.05,0.0247,1.7593e+01,3.0000e+00,4.7427e+01,1.5809e+01,Dispersion-Dominated (Focused)
Neptune,Safronov_Dispersion,157.50,2870.85,0.0249,1.7593e+01,3.0000e+00,4.7573e+01,1.5858e+01,Dispersion-Dominated (Focused)
Neptune,Safronov_Dispersion,158.00,2879.65,0.0251,1.7593e+01,3.0000e+00,4.7719e+01,1.5906e+01,Dispersion-Dominated (Focused)
Neptune,Safronov_Dispersion,158.50,2888.44,0.0254,1.7593e+01,3.0000e+00,4.7865e+01,1.5955e+01,Dispersion-Dominated (Focused)
Neptune,Safronov_Dispersion,159.00,2897.24,0.0256,1.7593e+01,3.0000e+00,4.8010e+01,1.6003e+01,Dispersion-Dominated (Focused)
Neptune,Safronov_Dispersion,159.50,2906.04,0.0258,1.7593e+01,3.0000e+00,4.8156e+01,1.6052e+01,Dispersion-Dominated (Focused)
Neptune,Safronov_Dispersion,160.00,2914.83,0.0261,1.7593e+01,3.0000e+00,4.8302e+01,1.6101e+01,Dispersion-Dominated (Focused)
Neptune,Safronov_Dispersion,160.50,2923.63,0.0263,1.7593e+01,3.0000e+00,4.8448e+01,1.6149e+01,Dispersion-Dominated (Focused)
Neptune,Safronov_Dispersion,161.00,2932.43,0.0265,1.7593e+01,3.0000e+00,4.8593e+01,1.6198e+01,Dispersion-Dominated (Focused)
Neptune,Safronov_Dispersion,161.50,2941.22,0.0268,1.7593e+01,3.0000e+00,4.8739e+01,1.6246e+01,Dispersion-Dominated (Focused)
Neptune,Safronov_Dispersion,162.00,2950.02,0.0270,1.7593e+01,3.0000e+00,4.8885e+01,1.6295e+01,Dispersion-Dominated (Focused)
Neptune,Safronov_Dispersion,162.50,2958.81,0.0273,1.7593e+01,3.0000e+00,4.9031e+01,1.6344e+01,Dispersion-Dominated (Focused)
Neptune,Safronov_Dispersion,163.00,2967.61,0.0275,1.7593e+01,3.0000e+00,4.9177e+01,1.6392e+01,Dispersion-Dominated (Focused)
Neptune,Safronov_Dispersion,163.50,2976.41,0.0277,1.7593e+01,3.0000e+00,4.9322e+01,1.6441e+01,Dispersion-Dominated (Focused)
Neptune,Safronov_Dispersion,164.00,2985.20,0.0280,1.7593e+01,3.0000e+00,4.9468e+01,1.6489e+01,Dispersion-Dominated (Focused)
Neptune,Safronov_Dispersion,164.50,2994.00,0.0282,1.7593e+01,3.0000e+00,4.9614e+01,1.6538e+01,Dispersion-Dominated (Focused)
Neptune,Safronov_Dispersion,165.00,3002.80,0.0285,1.7593e+01,3.0000e+00,4.9760e+01,1.6587e+01,Dispersion-Dominated (Focused)
Neptune,Safronov_Dispersion,165.50,3011.59,0.0287,1.7593e+01,3.0000e+00,4.9905e+01,1.6635e+01,Dispersion-Dominated (Focused)
Neptune,Safronov_Dispersion,166.00,3020.39,0.0290,1.7593e+01,3.0000e+00,5.0051e+01,1.6684e+01,Dispersion-Dominated (Focused)
Neptune,Safronov_Dispersion,166.50,3029.19,0.0292,1.7593e+01,3.0000e+00,5.0197e+01,1.6732e+01,Dispersion-Dominated (Focused)
Neptune,Safronov_Dispersion,167.00,3037.98,0.0295,1.7593e+01,3.0000e+00,5.0343e+01,1.6781e+01,Dispersion-Dominated (Focused)
Neptune,Safronov_Dispersion,167.50,3046.78,0.0298,1.7593e+01,3.0000e+00,5.0488e+01,1.6829e+01,Dispersion-Dominated (Focused)
Neptune,Safronov_Dispersion,168.00,3055.57,0.0300,1.7593e+01,3.0000e+00,5.0634e+01,1.6878e+01,Dispersion-Dominated (Focused)
Neptune,Safronov_Dispersion,168.50,3064.37,0.0303,1.7593e+01,3.0000e+00,5.0780e+01,1.6927e+01,Dispersion-Dominated (Focused)
Neptune,Safronov_Dispersion,169.00,3073.17,0.0305,1.7593e+01,3.0000e+00,5.0926e+01,1.6975e+01,Dispersion-Dominated (Focused)
Neptune,Safronov_Dispersion,169.50,3081.96,0.0308,1.7593e+01,3.0000e+00,5.1071e+01,1.7024e+01,Dispersion-Dominated (Focused)
Neptune,Safronov_Dispersion,170.00,3090.76,0.0311,1.7593e+01,3.0000e+00,5.1217e+01,1.7072e+01,Dispersion-Dominated (Focused)
Neptune,Safronov_Dispersion,170.50,3099.56,0.0313,1.7593e+01,3.0000e+00,5.1363e+01,1.7121e+01,Dispersion-Dominated (Focused)
Neptune,Safronov_Dispersion,171.00,3108.35,0.0316,1.7593e+01,3.0000e+00,5.1509e+01,1.7170e+01,Dispersion-Dominated (Focused)
Neptune,Safronov_Dispersion,171.50,3117.15,0.0319,1.7593e+01,3.0000e+00,5.1655e+01,1.7218e+01,Dispersion-Dominated (Focused)
Neptune,Safronov_Dispersion,172.00,3125.95,0.0321,1.7593e+01,3.0000e+00,5.1800e+01,1.7267e+01,Dispersion-Dominated (Focused)
Neptune,Safronov_Dispersion,172.50,3134.74,0.0324,1.7593e+01,3.0000e+00,5.1946e+01,1.7315e+01,Dispersion-Dominated (Focused)
Neptune,Safronov_Dispersion,173.00,3143.54,0.0327,1.7593e+01,3.0000e+00,5.2092e+01,1.7364e+01,Dispersion-Dominated (Focused)
Neptune,Safronov_Dispersion,173.50,3152.33,0.0330,1.7593e+01,3.0000e+00,5.2238e+01,1.7413e+01,Dispersion-Dominated (Focused)
Neptune,Safronov_Dispersion,174.00,3161.13,0.0332,1.7593e+01,3.0000e+00,5.2383e+01,1.7461e+01,Dispersion-Dominated (Focused)
Neptune,Safronov_Dispersion,174.50,3169.93,0.0335,1.7593e+01,3.0000e+00,5.2529e+01,1.7510e+01,Dispersion-Dominated (Focused)
Neptune,Safronov_Dispersion,175.00,3178.72,0.0338,1.7593e+01,3.0000e+00,5.2675e+01,1.7558e+01,Dispersion-Dominated (Focused)
Neptune,Safronov_Dispersion,175.50,3187.52,0.0341,1.7593e+01,3.0000e+00,5.2821e+01,1.7607e+01,Dispersion-Dominated (Focused)
Neptune,Safronov_Dispersion,176.00,3196.32,0.0344,1.7593e+01,3.0000e+00,5.2966e+01,1.7655e+01,Dispersion-Dominated (Focused)
Neptune,Safronov_Dispersion,176.50,3205.11,0.0346,1.7593e+01,3.0000e+00,5.3112e+01,1.7704e+01,Dispersion-Dominated (Focused)
Neptune,Safronov_Dispersion,177.00,3213.91,0.0349,1.7593e+01,3.0000e+00,5.3258e+01,1.7753e+01,Dispersion-Dominated (Focused)
Neptune,Safronov_Dispersion,177.50,3222.70,0.0352,1.7593e+01,3.0000e+00,5.3404e+01,1.7801e+01,Dispersion-Dominated (Focused)
Neptune,Safronov_Dispersion,178.00,3231.50,0.0355,1.7593e+01,3.0000e+00,5.3549e+01,1.7850e+01,Dispersion-Dominated (Focused)
Neptune,Safronov_Dispersion,178.50,3240.30,0.0358,1.7593e+01,3.0000e+00,5.3695e+01,1.7898e+01,Dispersion-Dominated (Focused)
Neptune,Safronov_Dispersion,179.00,3249.09,0.0361,1.7593e+01,3.0000e+00,5.3841e+01,1.7947e+01,Dispersion-Dominated (Focused)
Neptune,Safronov_Dispersion,179.50,3257.89,0.0364,1.7593e+01,3.0000e+00,5.3987e+01,1.7996e+01,Dispersion-Dominated (Focused)
Neptune,Safronov_Dispersion,180.00,3266.69,0.0367,1.7593e+01,3.0000e+00,5.4133e+01,1.8044e+01,Dispersion-Dominated (Focused)
Neptune,Safronov_Dispersion,180.50,3275.48,0.0370,1.7593e+01,3.0000e+00,5.4278e+01,1.8093e+01,Dispersion-Dominated (Focused)
Neptune,Safronov_Dispersion,181.00,3284.28,0.0373,1.7593e+01,3.0000e+00,5.4424e+01,1.8141e+01,Dispersion-Dominated (Focused)
Neptune,Safronov_Dispersion,181.50,3293.08,0.0376,1.7593e+01,3.0000e+00,5.4570e+01,1.8190e+01,Dispersion-Dominated (Focused)
Neptune,Safronov_Dispersion,182.00,3301.87,0.0379,1.7593e+01,3.0000e+00,5.4716e+01,1.8239e+01,Dispersion-Dominated (Focused)
Neptune,Safronov_Dispersion,182.50,3310.67,0.0382,1.7593e+01,3.0000e+00,5.4861e+01,1.8287e+01,Dispersion-Dominated (Focused)
Neptune,Safronov_Dispersion,183.00,3319.46,0.0385,1.7593e+01,3.0000e+00,5.5007e+01,1.8336e+01,Dispersion-Dominated (Focused)
Neptune,Safronov_Dispersion,183.50,3328.26,0.0388,1.7593e+01,3.0000e+00,5.5153e+01,1.8384e+01,Dispersion-Dominated (Focused)
Neptune,Safronov_Dispersion,184.00,3337.06,0.0391,1.7593e+01,3.0000e+00,5.5299e+01,1.8433e+01,Dispersion-Dominated (Focused)
Neptune,Safronov_Dispersion,184.50,3345.85,0.0394,1.7593e+01,3.0000e+00,5.5444e+01,1.8481e+01,Dispersion-Dominated (Focused)
Neptune,Safronov_Dispersion,185.00,3354.65,0.0397,1.7593e+01,3.0000e+00,5.5590e+01,1.8530e+01,Dispersion-Dominated (Focused)
Neptune,Safronov_Dispersion,185.50,3363.45,0.0400,1.7593e+01,3.0000e+00,5.5736e+01,1.8579e+01,Dispersion-Dominated (Focused)
Neptune,Safronov_Dispersion,186.00,3372.24,0.0403,1.7593e+01,3.0000e+00,5.5882e+01,1.8627e+01,Dispersion-Dominated (Focused)
Neptune,Safronov_Dispersion,186.50,3381.04,0.0407,1.7593e+01,3.0000e+00,5.6027e+01,1.8676e+01,Dispersion-Dominated (Focused)
Neptune,Safronov_Dispersion,187.00,3389.84,0.0410,1.7593e+01,3.0000e+00,5.6173e+01,1.8724e+01,Dispersion-Dominated (Focused)
Neptune,Safronov_Dispersion,187.50,3398.63,0.0413,1.7593e+01,3.0000e+00,5.6319e+01,1.8773e+01,Dispersion-Dominated (Focused)
Neptune,Safronov_Dispersion,188.00,3407.43,0.0416,1.7593e+01,3.0000e+00,5.6465e+01,1.8822e+01,Dispersion-Dominated (Focused)
Neptune,Safronov_Dispersion,188.50,3416.22,0.0419,1.7593e+01,3.0000e+00,5.6611e+01,1.8870e+01,Dispersion-Dominated (Focused)
Neptune,Safronov_Dispersion,189.00,3425.02,0.0423,1.7593e+01,3.0000e+00,5.6756e+01,1.8919e+01,Dispersion-Dominated (Focused)
Neptune,Safronov_Dispersion,189.50,3433.82,0.0426,1.7593e+01,3.0000e+00,5.6902e+01,1.8967e+01,Dispersion-Dominated (Focused)
Neptune,Safronov_Dispersion,190.00,3442.61,0.0429,1.7593e+01,3.0000e+00,5.7048e+01,1.9016e+01,Dispersion-Dominated (Focused)
Neptune,Safronov_Dispersion,190.50,3451.41,0.0433,1.7593e+01,3.0000e+00,5.7194e+01,1.9065e+01,Dispersion-Dominated (Focused)
Neptune,Safronov_Dispersion,191.00,3460.21,0.0436,1.7593e+01,3.0000e+00,5.7339e+01,1.9113e+01,Dispersion-Dominated (Focused)
Neptune,Safronov_Dispersion,191.50,3469.00,0.0439,1.7593e+01,3.0000e+00,5.7485e+01,1.9162e+01,Dispersion-Dominated (Focused)
Neptune,Safronov_Dispersion,192.00,3477.80,0.0443,1.7593e+01,3.0000e+00,5.7631e+01,1.9210e+01,Dispersion-Dominated (Focused)
Neptune,Safronov_Dispersion,192.50,3486.60,0.0446,1.7593e+01,3.0000e+00,5.7777e+01,1.9259e+01,Dispersion-Dominated (Focused)
Neptune,Safronov_Dispersion,193.00,3495.39,0.0449,1.7593e+01,3.0000e+00,5.7922e+01,1.9307e+01,Dispersion-Dominated (Focused)
Neptune,Safronov_Dispersion,193.50,3504.19,0.0453,1.7593e+01,3.0000e+00,5.8068e+01,1.9356e+01,Dispersion-Dominated (Focused)
Neptune,Safronov_Dispersion,194.00,3512.98,0.0456,1.7593e+01,3.0000e+00,5.8214e+01,1.9405e+01,Dispersion-Dominated (Focused)
Neptune,Safronov_Dispersion,194.50,3521.78,0.0460,1.7593e+01,3.0000e+00,5.8360e+01,1.9453e+01,Dispersion-Dominated (Focused)
Neptune,Safronov_Dispersion,195.00,3530.58,0.0463,1.7593e+01,3.0000e+00,5.8505e+01,1.9502e+01,Dispersion-Dominated (Focused)
Neptune,Safronov_Dispersion,195.50,3539.37,0.0466,1.7593e+01,3.0000e+00,5.8651e+01,1.9550e+01,Dispersion-Dominated (Focused)
Neptune,Safronov_Dispersion,196.00,3548.17,0.0470,1.7593e+01,3.0000e+00,5.8797e+01,1.9599e+01,Dispersion-Dominated (Focused)
Neptune,Safronov_Dispersion,196.50,3556.97,0.0473,1.7593e+01,3.0000e+00,5.8943e+01,1.9648e+01,Dispersion-Dominated (Focused)
Neptune,Safronov_Dispersion,197.00,3565.76,0.0477,1.7593e+01,3.0000e+00,5.9089e+01,1.9696e+01,Dispersion-Dominated (Focused)
Neptune,Safronov_Dispersion,197.50,3574.56,0.0481,1.7593e+01,3.0000e+00,5.9234e+01,1.9745e+01,Dispersion-Dominated (Focused)
Neptune,Safronov_Dispersion,198.00,3583.36,0.0484,1.7593e+01,3.0000e+00,5.9380e+01,1.9793e+01,Dispersion-Dominated (Focused)
Neptune,Safronov_Dispersion,198.50,3592.15,0.0488,1.7593e+01,3.0000e+00,5.9526e+01,1.9842e+01,Dispersion-Dominated (Focused)
Neptune,Safronov_Dispersion,199.00,3600.95,0.0491,1.7593e+01,3.0000e+00,5.9672e+01,1.9891e+01,Dispersion-Dominated (Focused)
Neptune,Safronov_Dispersion,199.50,3609.74,0.0495,1.7593e+01,3.0000e+00,5.9817e+01,1.9939e+01,Dispersion-Dominated (Focused)
Neptune,Safronov_Dispersion,200.00,3618.54,0.0498,1.7593e+01,3.0000e+00,5.9963e+01,1.9988e+01,Dispersion-Dominated (Focused)
Neptune,Safronov_Dispersion,200.50,3627.34,0.0502,1.7593e+01,3.0000e+00,6.0109e+01,2.0036e+01,Dispersion-Dominated (Focused)
Neptune,Safronov_Dispersion,201.00,3636.13,0.0506,1.7593e+01,3.0000e+00,6.0255e+01,2.0085e+01,Dispersion-Dominated (Focused)
Neptune,Safronov_Dispersion,201.50,3644.93,0.0509,1.7593e+01,3.0000e+00,6.0400e+01,2.0133e+01,Dispersion-Dominated (Focused)
Neptune,Safronov_Dispersion,202.00,3653.73,0.0513,1.7593e+01,3.0000e+00,6.0546e+01,2.0182e+01,Dispersion-Dominated (Focused)
Neptune,Safronov_Dispersion,202.50,3662.52,0.0517,1.7593e+01,3.0000e+00,6.0692e+01,2.0231e+01,Dispersion-Dominated (Focused)
Neptune,Safronov_Dispersion,203.00,3671.32,0.0521,1.7593e+01,3.0000e+00,6.0838e+01,2.0279e+01,Dispersion-Dominated (Focused)
Neptune,Safronov_Dispersion,203.50,3680.12,0.0524,1.7593e+01,3.0000e+00,6.0983e+01,2.0328e+01,Dispersion-Dominated (Focused)
Neptune,Safronov_Dispersion,204.00,3688.91,0.0528,1.7593e+01,3.0000e+00,6.1129e+01,2.0376e+01,Dispersion-Dominated (Focused)
Neptune,Safronov_Dispersion,204.50,3697.71,0.0532,1.7593e+01,3.0000e+00,6.1275e+01,2.0425e+01,Dispersion-Dominated (Focused)
Neptune,Safronov_Dispersion,205.00,3706.50,0.0536,1.7593e+01,3.0000e+00,6.1421e+01,2.0474e+01,Dispersion-Dominated (Focused)
Neptune,Safronov_Dispersion,205.50,3715.30,0.0540,1.7593e+01,3.0000e+00,6.1567e+01,2.0522e+01,Dispersion-Dominated (Focused)
Neptune,Safronov_Dispersion,206.00,3724.10,0.0543,1.7593e+01,3.0000e+00,6.1712e+01,2.0571e+01,Dispersion-Dominated (Focused)
Neptune,Safronov_Dispersion,206.50,3732.89,0.0547,1.7593e+01,3.0000e+00,6.1858e+01,2.0619e+01,Dispersion-Dominated (Focused)
Neptune,Safronov_Dispersion,207.00,3741.69,0.0551,1.7593e+01,3.0000e+00,6.2004e+01,2.0668e+01,Dispersion-Dominated (Focused)
Neptune,Safronov_Dispersion,207.50,3750.49,0.0555,1.7593e+01,3.0000e+00,6.2150e+01,2.0717e+01,Dispersion-Dominated (Focused)
Neptune,Safronov_Dispersion,208.00,3759.28,0.0559,1.7593e+01,3.0000e+00,6.2295e+01,2.0765e+01,Dispersion-Dominated (Focused)
Neptune,Safronov_Dispersion,208.50,3768.08,0.0563,1.7593e+01,3.0000e+00,6.2441e+01,2.0814e+01,Dispersion-Dominated (Focused)
Neptune,Safronov_Dispersion,209.00,3776.88,0.0567,1.7593e+01,3.0000e+00,6.2587e+01,2.0862e+01,Dispersion-Dominated (Focused)
Neptune,Safronov_Dispersion,209.50,3785.67,0.0571,1.7593e+01,3.0000e+00,6.2733e+01,2.0911e+01,Dispersion-Dominated (Focused)
Neptune,Safronov_Dispersion,210.00,3794.47,0.0575,1.7593e+01,3.0000e+00,6.2878e+01,2.0959e+01,Dispersion-Dominated (Focused)
Neptune,Safronov_Dispersion,210.50,3803.26,0.0579,1.7593e+01,3.0000e+00,6.3024e+01,2.1008e+01,Dispersion-Dominated (Focused)
Neptune,Safronov_Dispersion,211.00,3812.06,0.0583,1.7593e+01,3.0000e+00,6.3170e+01,2.1057e+01,Dispersion-Dominated (Focused)
Neptune,Safronov_Dispersion,211.50,3820.86,0.0587,1.7593e+01,3.0000e+00,6.3316e+01,2.1105e+01,Dispersion-Dominated (Focused)
Neptune,Safronov_Dispersion,212.00,3829.65,0.0591,1.7593e+01,3.0000e+00,6.3461e+01,2.1154e+01,Dispersion-Dominated (Focused)
Neptune,Safronov_Dispersion,212.50,3838.45,0.0595,1.7593e+01,3.0000e+00,6.3607e+01,2.1202e+01,Dispersion-Dominated (Focused)
Neptune,Safronov_Dispersion,213.00,3847.25,0.0599,1.7593e+01,3.0000e+00,6.3753e+01,2.1251e+01,Dispersion-Dominated (Focused)
Neptune,Safronov_Dispersion,213.50,3856.04,0.0603,1.7593e+01,3.0000e+00,6.3899e+01,2.1300e+01,Dispersion-Dominated (Focused)
Neptune,Safronov_Dispersion,214.00,3864.84,0.0607,1.7593e+01,3.0000e+00,6.4045e+01,2.1348e+01,Dispersion-Dominated (Focused)
Neptune,Safronov_Dispersion,214.50,3873.63,0.0612,1.7593e+01,3.0000e+00,6.4190e+01,2.1397e+01,Dispersion-Dominated (Focused)
Neptune,Safronov_Dispersion,215.00,3882.43,0.0616,1.7593e+01,3.0000e+00,6.4336e+01,2.1445e+01,Dispersion-Dominated (Focused)
Neptune,Safronov_Dispersion,215.50,3891.23,0.0620,1.7593e+01,3.0000e+00,6.4482e+01,2.1494e+01,Dispersion-Dominated (Focused)
Neptune,Safronov_Dispersion,216.00,3900.02,0.0624,1.7593e+01,3.0000e+00,6.4628e+01,2.1543e+01,Dispersion-Dominated (Focused)
Neptune,Safronov_Dispersion,216.50,3908.82,0.0628,1.7593e+01,3.0000e+00,6.4773e+01,2.1591e+01,Dispersion-Dominated (Focused)
Neptune,Safronov_Dispersion,217.00,3917.62,0.0633,1.7593e+01,3.0000e+00,6.4919e+01,2.1640e+01,Dispersion-Dominated (Focused)
Neptune,Safronov_Dispersion,217.50,3926.41,0.0637,1.7593e+01,3.0000e+00,6.5065e+01,2.1688e+01,Dispersion-Dominated (Focused)
Neptune,Safronov_Dispersion,218.00,3935.21,0.0641,1.7593e+01,3.0000e+00,6.5211e+01,2.1737e+01,Dispersion-Dominated (Focused)
Neptune,Safronov_Dispersion,218.50,3944.01,0.0645,1.7593e+01,3.0000e+00,6.5356e+01,2.1785e+01,Dispersion-Dominated (Focused)
Neptune,Safronov_Dispersion,219.00,3952.80,0.0650,1.7593e+01,3.0000e+00,6.5502e+01,2.1834e+01,Dispersion-Dominated (Focused)
Neptune,Safronov_Dispersion,219.50,3961.60,0.0654,1.7593e+01,3.0000e+00,6.5648e+01,2.1883e+01,Dispersion-Dominated (Focused)
Neptune,Safronov_Dispersion,220.00,3970.39,0.0658,1.7593e+01,3.0000e+00,6.5794e+01,2.1931e+01,Dispersion-Dominated (Focused)
Neptune,Safronov_Dispersion,220.50,3979.19,0.0663,1.7593e+01,3.0000e+00,6.5940e+01,2.1980e+01,Dispersion-Dominated (Focused)
Neptune,Safronov_Dispersion,221.00,3987.99,0.0667,1.7593e+01,3.0000e+00,6.6085e+01,2.2028e+01,Dispersion-Dominated (Focused)
Neptune,Safronov_Dispersion,221.50,3996.78,0.0672,1.7593e+01,3.0000e+00,6.6231e+01,2.2077e+01,Dispersion-Dominated (Focused)
Neptune,Safronov_Dispersion,222.00,4005.58,0.0676,1.7593e+01,3.0000e+00,6.6377e+01,2.2126e+01,Dispersion-Dominated (Focused)
Neptune,Safronov_Dispersion,222.50,4014.38,0.0681,1.7593e+01,3.0000e+00,6.6523e+01,2.2174e+01,Dispersion-Dominated (Focused)
Neptune,Safronov_Dispersion,223.00,4023.17,0.0685,1.7593e+01,3.0000e+00,6.6668e+01,2.2223e+01,Dispersion-Dominated (Focused)
Neptune,Safronov_Dispersion,223.50,4031.97,0.0690,1.7593e+01,3.0000e+00,6.6814e+01,2.2271e+01,Dispersion-Dominated (Focused)
Neptune,Safronov_Dispersion,224.00,4040.77,0.0694,1.7593e+01,3.0000e+00,6.6960e+01,2.2320e+01,Dispersion-Dominated (Focused)
Neptune,Safronov_Dispersion,224.50,4049.56,0.0699,1.7593e+01,3.0000e+00,6.7106e+01,2.2369e+01,Dispersion-Dominated (Focused)
Neptune,Safronov_Dispersion,225.00,4058.36,0.0703,1.7593e+01,3.0000e+00,6.7251e+01,2.2417e+01,Dispersion-Dominated (Focused)
Neptune,Safronov_Dispersion,225.50,4067.15,0.0708,1.7593e+01,3.0000e+00,6.7397e+01,2.2466e+01,Dispersion-Dominated (Focused)
Neptune,Safronov_Dispersion,226.00,4075.95,0.0712,1.7593e+01,3.0000e+00,6.7543e+01,2.2514e+01,Dispersion-Dominated (Focused)
Neptune,Safronov_Dispersion,226.50,4084.75,0.0717,1.7593e+01,3.0000e+00,6.7689e+01,2.2563e+01,Dispersion-Dominated (Focused)
Neptune,Safronov_Dispersion,227.00,4093.54,0.0722,1.7593e+01,3.0000e+00,6.7834e+01,2.2611e+01,Dispersion-Dominated (Focused)
Neptune,Safronov_Dispersion,227.50,4102.34,0.0726,1.7593e+01,3.0000e+00,6.7980e+01,2.2660e+01,Dispersion-Dominated (Focused)
Neptune,Safronov_Dispersion,228.00,4111.14,0.0731,1.7593e+01,3.0000e+00,6.8126e+01,2.2709e+01,Dispersion-Dominated (Focused)
Neptune,Safronov_Dispersion,228.50,4119.93,0.0736,1.7593e+01,3.0000e+00,6.8272e+01,2.2757e+01,Dispersion-Dominated (Focused)
Neptune,Safronov_Dispersion,229.00,4128.73,0.0740,1.7593e+01,3.0000e+00,6.8418e+01,2.2806e+01,Dispersion-Dominated (Focused)
Neptune,Safronov_Dispersion,229.50,4137.53,0.0745,1.7593e+01,3.0000e+00,6.8563e+01,2.2854e+01,Dispersion-Dominated (Focused)
Neptune,Safronov_Dispersion,230.00,4146.32,0.0750,1.7593e+01,3.0000e+00,6.8709e+01,2.2903e+01,Dispersion-Dominated (Focused)
Neptune,Safronov_Dispersion,230.50,4155.12,0.0755,1.7593e+01,3.0000e+00,6.8855e+01,2.2952e+01,Dispersion-Dominated (Focused)
Neptune,Safronov_Dispersion,231.00,4163.91,0.0760,1.7593e+01,3.0000e+00,6.9001e+01,2.3000e+01,Dispersion-Dominated (Focused)
Neptune,Safronov_Dispersion,231.50,4172.71,0.0764,1.7593e+01,3.0000e+00,6.9146e+01,2.3049e+01,Dispersion-Dominated (Focused)
Neptune,Safronov_Dispersion,232.00,4181.51,0.0769,1.7593e+01,3.0000e+00,6.9292e+01,2.3097e+01,Dispersion-Dominated (Focused)
Neptune,Safronov_Dispersion,232.50,4190.30,0.0774,1.7593e+01,3.0000e+00,6.9438e+01,2.3146e+01,Dispersion-Dominated (Focused)
Neptune,Safronov_Dispersion,233.00,4199.10,0.0779,1.7593e+01,3.0000e+00,6.9584e+01,2.3195e+01,Dispersion-Dominated (Focused)
Neptune,Safronov_Dispersion,233.50,4207.90,0.0784,1.7593e+01,3.0000e+00,6.9729e+01,2.3243e+01,Dispersion-Dominated (Focused)
Neptune,Safronov_Dispersion,234.00,4216.69,0.0789,1.7593e+01,3.0000e+00,6.9875e+01,2.3292e+01,Dispersion-Dominated (Focused)
Neptune,Safronov_Dispersion,234.50,4225.49,0.0794,1.7593e+01,3.0000e+00,7.0021e+01,2.3340e+01,Dispersion-Dominated (Focused)
Neptune,Safronov_Dispersion,235.00,4234.29,0.0799,1.7593e+01,3.0000e+00,7.0167e+01,2.3389e+01,Dispersion-Dominated (Focused)
Neptune,Safronov_Dispersion,235.50,4243.08,0.0804,1.7593e+01,3.0000e+00,7.0312e+01,2.3437e+01,Dispersion-Dominated (Focused)
Neptune,Safronov_Dispersion,236.00,4251.88,0.0809,1.7593e+01,3.0000e+00,7.0458e+01,2.3486e+01,Dispersion-Dominated (Focused)
Neptune,Safronov_Dispersion,236.50,4260.67,0.0814,1.7593e+01,3.0000e+00,7.0604e+01,2.3535e+01,Dispersion-Dominated (Focused)
Neptune,Safronov_Dispersion,237.00,4269.47,0.0819,1.7593e+01,3.0000e+00,7.0750e+01,2.3583e+01,Dispersion-Dominated (Focused)
Neptune,Safronov_Dispersion,237.50,4278.27,0.0824,1.7593e+01,3.0000e+00,7.0896e+01,2.3632e+01,Dispersion-Dominated (Focused)
Neptune,Safronov_Dispersion,238.00,4287.06,0.0829,1.7593e+01,3.0000e+00,7.1041e+01,2.3680e+01,Dispersion-Dominated (Focused)
Neptune,Safronov_Dispersion,238.50,4295.86,0.0834,1.7593e+01,3.0000e+00,7.1187e+01,2.3729e+01,Dispersion-Dominated (Focused)
Neptune,Safronov_Dispersion,239.00,4304.66,0.0839,1.7593e+01,3.0000e+00,7.1333e+01,2.3778e+01,Dispersion-Dominated (Focused)
Neptune,Safronov_Dispersion,239.50,4313.45,0.0844,1.7593e+01,3.0000e+00,7.1479e+01,2.3826e+01,Dispersion-Dominated (Focused)
Neptune,Safronov_Dispersion,240.00,4322.25,0.0850,1.7593e+01,3.0000e+00,7.1624e+01,2.3875e+01,Dispersion-Dominated (Focused)
Neptune,Safronov_Dispersion,240.50,4331.05,0.0855,1.7593e+01,3.0000e+00,7.1770e+01,2.3923e+01,Dispersion-Dominated (Focused)
Neptune,Safronov_Dispersion,241.00,4339.84,0.0860,1.7593e+01,3.0000e+00,7.1916e+01,2.3972e+01,Dispersion-Dominated (Focused)
Neptune,Safronov_Dispersion,241.50,4348.64,0.0865,1.7593e+01,3.0000e+00,7.2062e+01,2.4021e+01,Dispersion-Dominated (Focused)
Neptune,Safronov_Dispersion,242.00,4357.43,0.0870,1.7593e+01,3.0000e+00,7.2207e+01,2.4069e+01,Dispersion-Dominated (Focused)
Neptune,Safronov_Dispersion,242.50,4366.23,0.0876,1.7593e+01,3.0000e+00,7.2353e+01,2.4118e+01,Dispersion-Dominated (Focused)
Neptune,Safronov_Dispersion,243.00,4375.03,0.0881,1.7593e+01,3.0000e+00,7.2499e+01,2.4166e+01,Dispersion-Dominated (Focused)
Neptune,Safronov_Dispersion,243.50,4383.82,0.0886,1.7593e+01,3.0000e+00,7.2645e+01,2.4215e+01,Dispersion-Dominated (Focused)
Neptune,Safronov_Dispersion,244.00,4392.62,0.0892,1.7593e+01,3.0000e+00,7.2790e+01,2.4263e+01,Dispersion-Dominated (Focused)
Neptune,Safronov_Dispersion,244.50,4401.42,0.0897,1.7593e+01,3.0000e+00,7.2936e+01,2.4312e+01,Dispersion-Dominated (Focused)
Neptune,Safronov_Dispersion,245.00,4410.21,0.0902,1.7593e+01,3.0000e+00,7.3082e+01,2.4361e+01,Dispersion-Dominated (Focused)
Neptune,Safronov_Dispersion,245.50,4419.01,0.0908,1.7593e+01,3.0000e+00,7.3228e+01,2.4409e+01,Dispersion-Dominated (Focused)
Neptune,Safronov_Dispersion,246.00,4427.81,0.0913,1.7593e+01,3.0000e+00,7.3374e+01,2.4458e+01,Dispersion-Dominated (Focused)
Neptune,Safronov_Dispersion,246.50,4436.60,0.0919,1.7593e+01,3.0000e+00,7.3519e+01,2.4506e+01,Dispersion-Dominated (Focused)
Neptune,Safronov_Dispersion,247.00,4445.40,0.0924,1.7593e+01,3.0000e+00,7.3665e+01,2.4555e+01,Dispersion-Dominated (Focused)
Neptune,Safronov_Dispersion,247.50,4454.19,0.0930,1.7593e+01,3.0000e+00,7.3811e+01,2.4604e+01,Dispersion-Dominated (Focused)
Neptune,Safronov_Dispersion,248.00,4462.99,0.0935,1.7593e+01,3.0000e+00,7.3957e+01,2.4652e+01,Dispersion-Dominated (Focused)
Neptune,Safronov_Dispersion,248.50,4471.79,0.0941,1.7593e+01,3.0000e+00,7.4102e+01,2.4701e+01,Dispersion-Dominated (Focused)
Neptune,Safronov_Dispersion,249.00,4480.58,0.0946,1.7593e+01,3.0000e+00,7.4248e+01,2.4749e+01,Dispersion-Dominated (Focused)
Neptune,Safronov_Dispersion,249.50,4489.38,0.0952,1.7593e+01,3.0000e+00,7.4394e+01,2.4798e+01,Dispersion-Dominated (Focused)
Neptune,Safronov_Dispersion,250.00,4498.18,0.0958,1.7593e+01,3.0000e+00,7.4540e+01,2.4847e+01,Dispersion-Dominated (Focused)
Neptune,Safronov_Dispersion,250.50,4506.97,0.0963,1.7593e+01,3.0000e+00,7.4685e+01,2.4895e+01,Dispersion-Dominated (Focused)
Neptune,Safronov_Dispersion,251.00,4515.77,0.0969,1.7593e+01,3.0000e+00,7.4831e+01,2.4944e+01,Dispersion-Dominated (Focused)
Neptune,Safronov_Dispersion,251.50,4524.57,0.0974,1.7593e+01,3.0000e+00,7.4977e+01,2.4992e+01,Dispersion-Dominated (Focused)
Neptune,Safronov_Dispersion,252.00,4533.36,0.0980,1.7593e+01,3.0000e+00,7.5123e+01,2.5041e+01,Dispersion-Dominated (Focused)
Neptune,Safronov_Dispersion,252.50,4542.16,0.0986,1.7593e+01,3.0000e+00,7.5268e+01,2.5089e+01,Dispersion-Dominated (Focused)
Neptune,Safronov_Dispersion,253.00,4550.95,0.0992,1.7593e+01,3.0000e+00,7.5414e+01,2.5138e+01,Dispersion-Dominated (Focused)
Neptune,Safronov_Dispersion,253.50,4559.75,0.0997,1.7593e+01,3.0000e+00,7.5560e+01,2.5187e+01,Dispersion-Dominated (Focused)
Neptune,Safronov_Dispersion,254.00,4568.55,0.1003,1.7593e+01,3.0000e+00,7.5706e+01,2.5235e+01,Dispersion-Dominated (Focused)
Neptune,Safronov_Dispersion,254.50,4577.34,0.1009,1.7593e+01,3.0000e+00,7.5852e+01,2.5284e+01,Dispersion-Dominated (Focused)
Neptune,Safronov_Dispersion,255.00,4586.14,0.1015,1.7593e+01,3.0000e+00,7.5997e+01,2.5332e+01,Dispersion-Dominated (Focused)
Neptune,Safronov_Dispersion,255.50,4594.94,0.1021,1.7593e+01,3.0000e+00,7.6143e+01,2.5381e+01,Dispersion-Dominated (Focused)
Neptune,Safronov_Dispersion,256.00,4603.73,0.1027,1.7593e+01,3.0000e+00,7.6289e+01,2.5430e+01,Dispersion-Dominated (Focused)
Neptune,Safronov_Dispersion,256.50,4612.53,0.1032,1.7593e+01,3.0000e+00,7.6435e+01,2.5478e+01,Dispersion-Dominated (Focused)
Neptune,Safronov_Dispersion,257.00,4621.32,0.1038,1.7593e+01,3.0000e+00,7.6580e+01,2.5527e+01,Dispersion-Dominated (Focused)
Neptune,Safronov_Dispersion,257.50,4630.12,0.1044,1.7593e+01,3.0000e+00,7.6726e+01,2.5575e+01,Dispersion-Dominated (Focused)
Neptune,Safronov_Dispersion,258.00,4638.92,0.1050,1.7593e+01,3.0000e+00,7.6872e+01,2.5624e+01,Dispersion-Dominated (Focused)
Neptune,Safronov_Dispersion,258.50,4647.71,0.1056,1.7593e+01,3.0000e+00,7.7018e+01,2.5673e+01,Dispersion-Dominated (Focused)
Neptune,Safronov_Dispersion,259.00,4656.51,0.1062,1.7593e+01,3.0000e+00,7.7163e+01,2.5721e+01,Dispersion-Dominated (Focused)
Neptune,Safronov_Dispersion,259.50,4665.31,0.1068,1.7593e+01,3.0000e+00,7.7309e+01,2.5770e+01,Dispersion-Dominated (Focused)
Neptune,Safronov_Dispersion,260.00,4674.10,0.1074,1.7593e+01,3.0000e+00,7.7455e+01,2.5818e+01,Dispersion-Dominated (Focused)
Neptune,Safronov_Dispersion,260.50,4682.90,0.1080,1.7593e+01,3.0000e+00,7.7601e+01,2.5867e+01,Dispersion-Dominated (Focused)
Neptune,Safronov_Dispersion,261.00,4691.70,0.1087,1.7593e+01,3.0000e+00,7.7746e+01,2.5915e+01,Dispersion-Dominated (Focused)
Neptune,Safronov_Dispersion,261.50,4700.49,0.1093,1.7593e+01,3.0000e+00,7.7892e+01,2.5964e+01,Dispersion-Dominated (Focused)
Neptune,Safronov_Dispersion,262.00,4709.29,0.1099,1.7593e+01,3.0000e+00,7.8038e+01,2.6013e+01,Dispersion-Dominated (Focused)
Neptune,Safronov_Dispersion,262.50,4718.08,0.1105,1.7593e+01,3.0000e+00,7.8184e+01,2.6061e+01,Dispersion-Dominated (Focused)
Neptune,Safronov_Dispersion,263.00,4726.88,0.1111,1.7593e+01,3.0000e+00,7.8330e+01,2.6110e+01,Dispersion-Dominated (Focused)
Neptune,Safronov_Dispersion,263.50,4735.68,0.1117,1.7593e+01,3.0000e+00,7.8475e+01,2.6158e+01,Dispersion-Dominated (Focused)
Neptune,Safronov_Dispersion,264.00,4744.47,0.1124,1.7593e+01,3.0000e+00,7.8621e+01,2.6207e+01,Dispersion-Dominated (Focused)
Neptune,Safronov_Dispersion,264.50,4753.27,0.1130,1.7593e+01,3.0000e+00,7.8767e+01,2.6256e+01,Dispersion-Dominated (Focused)
Neptune,Safronov_Dispersion,265.00,4762.07,0.1136,1.7593e+01,3.0000e+00,7.8913e+01,2.6304e+01,Dispersion-Dominated (Focused)
Neptune,Safronov_Dispersion,265.50,4770.86,0.1142,1.7593e+01,3.0000e+00,7.9058e+01,2.6353e+01,Dispersion-Dominated (Focused)
Neptune,Safronov_Dispersion,266.00,4779.66,0.1149,1.7593e+01,3.0000e+00,7.9204e+01,2.6401e+01,Dispersion-Dominated (Focused)
Neptune,Safronov_Dispersion,266.50,4788.46,0.1155,1.7593e+01,3.0000e+00,7.9350e+01,2.6450e+01,Dispersion-Dominated (Focused)
Neptune,Safronov_Dispersion,267.00,4797.25,0.1162,1.7593e+01,3.0000e+00,7.9496e+01,2.6499e+01,Dispersion-Dominated (Focused)
Neptune,Safronov_Dispersion,267.50,4806.05,0.1168,1.7593e+01,3.0000e+00,7.9641e+01,2.6547e+01,Dispersion-Dominated (Focused)
Neptune,Safronov_Dispersion,268.00,4814.84,0.1174,1.7593e+01,3.0000e+00,7.9787e+01,2.6596e+01,Dispersion-Dominated (Focused)
Neptune,Safronov_Dispersion,268.50,4823.64,0.1181,1.7593e+01,3.0000e+00,7.9933e+01,2.6644e+01,Dispersion-Dominated (Focused)
Neptune,Safronov_Dispersion,269.00,4832.44,0.1187,1.7593e+01,3.0000e+00,8.0079e+01,2.6693e+01,Dispersion-Dominated (Focused)
Neptune,Safronov_Dispersion,269.50,4841.23,0.1194,1.7593e+01,3.0000e+00,8.0224e+01,2.6741e+01,Dispersion-Dominated (Focused)
Neptune,Safronov_Dispersion,270.00,4850.03,0.1200,1.7593e+01,3.0000e+00,8.0370e+01,2.6790e+01,Dispersion-Dominated (Focused)
Neptune,Safronov_Dispersion,270.50,4858.83,0.1207,1.7593e+01,3.0000e+00,8.0516e+01,2.6839e+01,Dispersion-Dominated (Focused)
Neptune,Safronov_Dispersion,271.00,4867.62,0.1213,1.7593e+01,3.0000e+00,8.0662e+01,2.6887e+01,Dispersion-Dominated (Focused)
Neptune,Safronov_Dispersion,271.50,4876.42,0.1220,1.7593e+01,3.0000e+00,8.0808e+01,2.6936e+01,Dispersion-Dominated (Focused)
Neptune,Safronov_Dispersion,272.00,4885.22,0.1227,1.7593e+01,3.0000e+00,8.0953e+01,2.6984e+01,Dispersion-Dominated (Focused)
Neptune,Safronov_Dispersion,272.50,4894.01,0.1233,1.7593e+01,3.0000e+00,8.1099e+01,2.7033e+01,Dispersion-Dominated (Focused)
Neptune,Safronov_Dispersion,273.00,4902.81,0.1240,1.7593e+01,3.0000e+00,8.1245e+01,2.7082e+01,Dispersion-Dominated (Focused)
Neptune,Safronov_Dispersion,273.50,4911.60,0.1247,1.7593e+01,3.0000e+00,8.1391e+01,2.7130e+01,Dispersion-Dominated (Focused)
Neptune,Safronov_Dispersion,274.00,4920.40,0.1253,1.7593e+01,3.0000e+00,8.1536e+01,2.7179e+01,Dispersion-Dominated (Focused)
Neptune,Safronov_Dispersion,274.50,4929.20,0.1260,1.7593e+01,3.0000e+00,8.1682e+01,2.7227e+01,Dispersion-Dominated (Focused)
Neptune,Safronov_Dispersion,275.00,4937.99,0.1267,1.7593e+01,3.0000e+00,8.1828e+01,2.7276e+01,Dispersion-Dominated (Focused)
Neptune,Safronov_Dispersion,275.50,4946.79,0.1274,1.7593e+01,3.0000e+00,8.1974e+01,2.7325e+01,Dispersion-Dominated (Focused)
Neptune,Safronov_Dispersion,276.00,4955.59,0.1280,1.7593e+01,3.0000e+00,8.2119e+01,2.7373e+01,Dispersion-Dominated (Focused)
Neptune,Safronov_Dispersion,276.50,4964.38,0.1287,1.7593e+01,3.0000e+00,8.2265e+01,2.7422e+01,Dispersion-Dominated (Focused)
Neptune,Safronov_Dispersion,277.00,4973.18,0.1294,1.7593e+01,3.0000e+00,8.2411e+01,2.7470e+01,Dispersion-Dominated (Focused)
Neptune,Safronov_Dispersion,277.50,4981.98,0.1301,1.7593e+01,3.0000e+00,8.2557e+01,2.7519e+01,Dispersion-Dominated (Focused)
Neptune,Safronov_Dispersion,278.00,4990.77,0.1308,1.7593e+01,3.0000e+00,8.2702e+01,2.7567e+01,Dispersion-Dominated (Focused)
Neptune,Safronov_Dispersion,278.50,4999.57,0.1315,1.7593e+01,3.0000e+00,8.2848e+01,2.7616e+01,Dispersion-Dominated (Focused)
Neptune,Safronov_Dispersion,279.00,5008.36,0.1322,1.7593e+01,3.0000e+00,8.2994e+01,2.7665e+01,Dispersion-Dominated (Focused)
Neptune,Safronov_Dispersion,279.50,5017.16,0.1329,1.7593e+01,3.0000e+00,8.3140e+01,2.7713e+01,Dispersion-Dominated (Focused)
Neptune,Safronov_Dispersion,280.00,5025.96,0.1336,1.7593e+01,3.0000e+00,8.3286e+01,2.7762e+01,Dispersion-Dominated (Focused)
Neptune,Safronov_Dispersion,280.50,5034.75,0.1343,1.7593e+01,3.0000e+00,8.3431e+01,2.7810e+01,Dispersion-Dominated (Focused)
Neptune,Safronov_Dispersion,281.00,5043.55,0.1350,1.7593e+01,3.0000e+00,8.3577e+01,2.7859e+01,Dispersion-Dominated (Focused)
Neptune,Safronov_Dispersion,281.50,5052.35,0.1357,1.7593e+01,3.0000e+00,8.3723e+01,2.7908e+01,Dispersion-Dominated (Focused)
Neptune,Safronov_Dispersion,282.00,5061.14,0.1364,1.7593e+01,3.0000e+00,8.3869e+01,2.7956e+01,Dispersion-Dominated (Focused)
Neptune,Safronov_Dispersion,282.50,5069.94,0.1371,1.7593e+01,3.0000e+00,8.4014e+01,2.8005e+01,Dispersion-Dominated (Focused)
Neptune,Safronov_Dispersion,283.00,5078.74,0.1378,1.7593e+01,3.0000e+00,8.4160e+01,2.8053e+01,Dispersion-Dominated (Focused)
Neptune,Safronov_Dispersion,283.50,5087.53,0.1385,1.7593e+01,3.0000e+00,8.4306e+01,2.8102e+01,Dispersion-Dominated (Focused)
Neptune,Safronov_Dispersion,284.00,5096.33,0.1393,1.7593e+01,3.0000e+00,8.4452e+01,2.8151e+01,Dispersion-Dominated (Focused)
Neptune,Safronov_Dispersion,284.50,5105.12,0.1400,1.7593e+01,3.0000e+00,8.4597e+01,2.8199e+01,Dispersion-Dominated (Focused)
Neptune,Safronov_Dispersion,285.00,5113.92,0.1407,1.7593e+01,3.0000e+00,8.4743e+01,2.8248e+01,Dispersion-Dominated (Focused)
Neptune,Safronov_Dispersion,285.50,5122.72,0.1414,1.7593e+01,3.0000e+00,8.4889e+01,2.8296e+01,Dispersion-Dominated (Focused)
Neptune,Safronov_Dispersion,286.00,5131.51,0.1422,1.7593e+01,3.0000e+00,8.5035e+01,2.8345e+01,Dispersion-Dominated (Focused)
Neptune,Safronov_Dispersion,286.50,5140.31,0.1429,1.7593e+01,3.0000e+00,8.5180e+01,2.8393e+01,Dispersion-Dominated (Focused)
Neptune,Safronov_Dispersion,287.00,5149.11,0.1436,1.7593e+01,3.0000e+00,8.5326e+01,2.8442e+01,Dispersion-Dominated (Focused)
Neptune,Safronov_Dispersion,287.50,5157.90,0.1444,1.7593e+01,3.0000e+00,8.5472e+01,2.8491e+01,Dispersion-Dominated (Focused)
Neptune,Safronov_Dispersion,288.00,5166.70,0.1451,1.7593e+01,3.0000e+00,8.5618e+01,2.8539e+01,Dispersion-Dominated (Focused)
Neptune,Safronov_Dispersion,288.50,5175.50,0.1458,1.7593e+01,3.0000e+00,8.5764e+01,2.8588e+01,Dispersion-Dominated (Focused)
Neptune,Safronov_Dispersion,289.00,5184.29,0.1466,1.7593e+01,3.0000e+00,8.5909e+01,2.8636e+01,Dispersion-Dominated (Focused)
Neptune,Safronov_Dispersion,289.50,5193.09,0.1473,1.7593e+01,3.0000e+00,8.6055e+01,2.8685e+01,Dispersion-Dominated (Focused)
Neptune,Safronov_Dispersion,290.00,5201.88,0.1481,1.7593e+01,3.0000e+00,8.6201e+01,2.8734e+01,Dispersion-Dominated (Focused)
Neptune,Safronov_Dispersion,290.50,5210.68,0.1488,1.7593e+01,3.0000e+00,8.6347e+01,2.8782e+01,Dispersion-Dominated (Focused)
Neptune,Safronov_Dispersion,291.00,5219.48,0.1496,1.7593e+01,3.0000e+00,8.6492e+01,2.8831e+01,Dispersion-Dominated (Focused)
Neptune,Safronov_Dispersion,291.50,5228.27,0.1504,1.7593e+01,3.0000e+00,8.6638e+01,2.8879e+01,Dispersion-Dominated (Focused)
Neptune,Safronov_Dispersion,292.00,5237.07,0.1511,1.7593e+01,3.0000e+00,8.6784e+01,2.8928e+01,Dispersion-Dominated (Focused)
Neptune,Safronov_Dispersion,292.50,5245.87,0.1519,1.7593e+01,3.0000e+00,8.6930e+01,2.8977e+01,Dispersion-Dominated (Focused)
Neptune,Safronov_Dispersion,293.00,5254.66,0.1526,1.7593e+01,3.0000e+00,8.7075e+01,2.9025e+01,Dispersion-Dominated (Focused)
Neptune,Safronov_Dispersion,293.50,5263.46,0.1534,1.7593e+01,3.0000e+00,8.7221e+01,2.9074e+01,Dispersion-Dominated (Focused)
Neptune,Safronov_Dispersion,294.00,5272.25,0.1542,1.7593e+01,3.0000e+00,8.7367e+01,2.9122e+01,Dispersion-Dominated (Focused)
Neptune,Safronov_Dispersion,294.50,5281.05,0.1550,1.7593e+01,3.0000e+00,8.7513e+01,2.9171e+01,Dispersion-Dominated (Focused)
Neptune,Safronov_Dispersion,295.00,5289.85,0.1557,1.7593e+01,3.0000e+00,8.7659e+01,2.9220e+01,Dispersion-Dominated (Focused)
Neptune,Safronov_Dispersion,295.50,5298.64,0.1565,1.7593e+01,3.0000e+00,8.7804e+01,2.9268e+01,Dispersion-Dominated (Focused)
Neptune,Safronov_Dispersion,296.00,5307.44,0.1573,1.7593e+01,3.0000e+00,8.7950e+01,2.9317e+01,Dispersion-Dominated (Focused)
Neptune,Safronov_Dispersion,296.50,5316.24,0.1581,1.7593e+01,3.0000e+00,8.8096e+01,2.9365e+01,Dispersion-Dominated (Focused)
Neptune,Safronov_Dispersion,297.00,5325.03,0.1589,1.7593e+01,3.0000e+00,8.8242e+01,2.9414e+01,Dispersion-Dominated (Focused)
Neptune,Safronov_Dispersion,297.50,5333.83,0.1596,1.7593e+01,3.0000e+00,8.8387e+01,2.9462e+01,Dispersion-Dominated (Focused)
Neptune,Safronov_Dispersion,298.00,5342.63,0.1604,1.7593e+01,3.0000e+00,8.8533e+01,2.9511e+01,Dispersion-Dominated (Focused)
Neptune,Safronov_Dispersion,298.50,5351.42,0.1612,1.7593e+01,3.0000e+00,8.8679e+01,2.9560e+01,Dispersion-Dominated (Focused)
Neptune,Safronov_Dispersion,299.00,5360.22,0.1620,1.7593e+01,3.0000e+00,8.8825e+01,2.9608e+01,Dispersion-Dominated (Focused)
Neptune,Safronov_Dispersion,299.50,5369.01,0.1628,1.7593e+01,3.0000e+00,8.8970e+01,2.9657e+01,Dispersion-Dominated (Focused)
Neptune,Safronov_Dispersion,300.00,5377.81,0.1636,1.7593e+01,3.0000e+00,8.9116e+01,2.9705e+01,Dispersion-Dominated (Focused)
