e_jupiter,e_saturn,width_1_rad_s,width_2_rad_s,chirikov_S,is_overlapped,critical_e_saturn
0.0000,0.0000,0.000000e+00,0.000000e+00,0.0000,0,0.0001
0.0000,0.0020,0.000000e+00,6.799633e-12,3.7818,1,0.0001
0.0000,0.0040,0.000000e+00,9.616133e-12,5.3483,1,0.0001
0.0000,0.0060,0.000000e+00,1.177731e-11,6.5503,1,0.0001
0.0000,0.0080,0.000000e+00,1.359927e-11,7.5636,1,0.0001
0.0000,0.0100,0.000000e+00,1.520444e-11,8.4564,1,0.0001
0.0000,0.0120,0.000000e+00,1.665563e-11,9.2635,1,0.0001
0.0000,0.0140,0.000000e+00,1.799014e-11,10.0057,1,0.0001
0.0000,0.0160,0.000000e+00,1.923227e-11,10.6965,1,0.0001
0.0000,0.0180,0.000000e+00,2.039890e-11,11.3454,1,0.0001
0.0000,0.0200,0.000000e+00,2.150233e-11,11.9591,1,0.0001
0.0000,0.0220,0.000000e+00,2.255183e-11,12.5428,1,0.0001
0.0000,0.0240,0.000000e+00,2.355462e-11,13.1005,1,0.0001
0.0000,0.0260,0.000000e+00,2.451643e-11,13.6355,1,0.0001
0.0000,0.0280,0.000000e+00,2.544190e-11,14.1502,1,0.0001
0.0000,0.0300,0.000000e+00,2.633487e-11,14.6468,1,0.0001
0.0000,0.0320,0.000000e+00,2.719853e-11,15.1272,1,0.0001
0.0000,0.0340,0.000000e+00,2.803561e-11,15.5927,1,0.0001
0.0000,0.0360,0.000000e+00,2.884840e-11,16.0448,1,0.0001
0.0000,0.0380,0.000000e+00,2.963891e-11,16.4845,1,0.0001
0.0000,0.0400,0.000000e+00,3.040888e-11,16.9127,1,0.0001
0.0000,0.0420,0.000000e+00,3.115983e-11,17.3304,1,0.0001
0.0000,0.0440,0.000000e+00,3.189311e-11,17.7382,1,0.0001
0.0000,0.0460,0.000000e+00,3.260990e-11,18.1369,1,0.0001
0.0000,0.0480,0.000000e+00,3.331126e-11,18.5269,1,0.0001
0.0000,0.0500,0.000000e+00,3.399817e-11,18.9090,1,0.0001
0.0000,0.0520,0.000000e+00,3.467146e-11,19.2835,1,0.0001
0.0000,0.0540,0.000000e+00,3.533193e-11,19.6508,1,0.0001
0.0000,0.0560,0.000000e+00,3.598028e-11,20.0114,1,0.0001
0.0000,0.0580,0.000000e+00,3.661715e-11,20.3656,1,0.0001
0.0000,0.0600,0.000000e+00,3.724312e-11,20.7138,1,0.0001
0.0000,0.0620,0.000000e+00,3.785876e-11,21.0562,1,0.0001
0.0000,0.0640,0.000000e+00,3.846453e-11,21.3931,1,0.0001
0.0000,0.0660,0.000000e+00,3.906092e-11,21.7248,1,0.0001
0.0000,0.0680,0.000000e+00,3.964833e-11,22.0515,1,0.0001
0.0000,0.0700,0.000000e+00,4.022717e-11,22.3734,1,0.0001
0.0000,0.0720,0.000000e+00,4.079780e-11,22.6908,1,0.0001
0.0000,0.0740,0.000000e+00,4.136055e-11,23.0038,1,0.0001
0.0000,0.0760,0.000000e+00,4.191575e-11,23.3126,1,0.0001
0.0000,0.0780,0.000000e+00,4.246370e-11,23.6173,1,0.0001
0.0000,0.0800,0.000000e+00,4.300466e-11,23.9182,1,0.0001
0.0000,0.0820,0.000000e+00,4.353890e-11,24.2153,1,0.0001
0.0000,0.0840,0.000000e+00,4.406666e-11,24.5088,1,0.0001
0.0000,0.0860,0.000000e+00,4.458818e-11,24.7989,1,0.0001
0.0000,0.0880,0.000000e+00,4.510366e-11,25.0856,1,0.0001
0.0000,0.0900,0.000000e+00,4.561333e-11,25.3691,1,0.0001
0.0000,0.0920,0.000000e+00,4.611736e-11,25.6494,1,0.0001
0.0000,0.0940,0.000000e+00,4.661594e-11,25.9267,1,0.0001
0.0000,0.0960,0.000000e+00,4.710924e-11,26.2011,1,0.0001
0.0000,0.0980,0.000000e+00,4.759743e-11,26.4726,1,0.0001
0.0000,0.1000,0.000000e+00,4.808067e-11,26.7413,1,0.0001
0.0000,0.1020,0.000000e+00,4.855909e-11,27.0074,1,0.0001
0.0000,0.1040,0.000000e+00,4.903285e-11,27.2709,1,0.0001
0.0000,0.1060,0.000000e+00,4.950208e-11,27.5319,1,0.0001
0.0000,0.1080,0.000000e+00,4.996690e-11,27.7904,1,0.0001
0.0000,0.1100,0.000000e+00,5.042743e-11,28.0466,1,0.0001
0.0000,0.1120,0.000000e+00,5.088380e-11,28.3004,1,0.0001
0.0000,0.1140,0.000000e+00,5.133610e-11,28.5519,1,0.0001
0.0000,0.1160,0.000000e+00,5.178446e-11,28.8013,1,0.0001
0.0000,0.1180,0.000000e+00,5.222897e-11,29.0485,1,0.0001
0.0000,0.1200,0.000000e+00,5.266973e-11,29.2937,1,0.0001
0.0000,0.1220,0.000000e+00,5.310683e-11,29.5368,1,0.0001
0.0000,0.1240,0.000000e+00,5.354037e-11,29.7779,1,0.0001
0.0000,0.1260,0.000000e+00,5.397042e-11,30.0171,1,0.0001
0.0000,0.1280,0.000000e+00,5.439707e-11,30.2544,1,0.0001
0.0000,0.1300,0.000000e+00,5.482040e-11,30.4898,1,0.0001
0.0000,0.1320,0.000000e+00,5.524048e-11,30.7235,1,0.0001
0.0000,0.1340,0.000000e+00,5.565740e-11,30.9553,1,0.0001
0.0000,0.1360,0.000000e+00,5.607121e-11,31.1855,1,0.0001
0.0000,0.1380,0.000000e+00,5.648200e-11,31.4140,1,0.0001
0.0000,0.1400,0.000000e+00,5.688981e-11,31.6408,1,0.0001
0.0020,0.0000,2.071551e-11,0.000000e+00,11.5215,1,0.0000
0.0020,0.0020,2.071551e-11,6.799633e-12,15.3033,1,0.0000
0.0020,0.0040,2.071551e-11,9.616133e-12,16.8697,1,0.0000
0.0020,0.0060,2.071551e-11,1.177731e-11,18.0717,1,0.0000
0.0020,0.0080,2.071551e-11,1.359927e-11,19.0851,1,0.0000
0.0020,0.0100,2.071551e-11,1.520444e-11,19.9778,1,0.0000
0.0020,0.0120,2.071551e-11,1.665563e-11,20.7850,1,0.0000
0.0020,0.0140,2.071551e-11,1.799014e-11,21.5272,1,0.0000
0.0020,0.0160,2.071551e-11,1.923227e-11,22.2180,1,0.0000
0.0020,0.0180,2.071551e-11,2.039890e-11,22.8669,1,0.0000
0.0020,0.0200,2.071551e-11,2.150233e-11,23.4806,1,0.0000
0.0020,0.0220,2.071551e-11,2.255183e-11,24.0643,1,0.0000
0.0020,0.0240,2.071551e-11,2.355462e-11,24.6220,1,0.0000
0.0020,0.0260,2.071551e-11,2.451643e-11,25.1569,1,0.0000
0.0020,0.0280,2.071551e-11,2.544190e-11,25.6717,1,0.0000
0.0020,0.0300,2.071551e-11,2.633487e-11,26.1683,1,0.0000
0.0020,0.0320,2.071551e-11,2.719853e-11,26.6487,1,0.0000
0.0020,0.0340,2.071551e-11,2.803561e-11,27.1142,1,0.0000
0.0020,0.0360,2.071551e-11,2.884840e-11,27.5663,1,0.0000
0.0020,0.0380,2.071551e-11,2.963891e-11,28.0059,1,0.0000
0.0020,0.0400,2.071551e-11,3.040888e-11,28.4342,1,0.0000
0.0020,0.0420,2.071551e-11,3.115983e-11,28.8518,1,0.0000
0.0020,0.0440,2.071551e-11,3.189311e-11,29.2597,1,0.0000
0.0020,0.0460,2.071551e-11,3.260990e-11,29.6583,1,0.0000
0.0020,0.0480,2.071551e-11,3.331126e-11,30.0484,1,0.0000
0.0020,0.0500,2.071551e-11,3.399817e-11,30.4305,1,0.0000
0.0020,0.0520,2.071551e-11,3.467146e-11,30.8049,1,0.0000
0.0020,0.0540,2.071551e-11,3.533193e-11,31.1723,1,0.0000
0.0020,0.0560,2.071551e-11,3.598028e-11,31.5329,1,0.0000
0.0020,0.0580,2.071551e-11,3.661715e-11,31.8871,1,0.0000
0.0020,0.0600,2.071551e-11,3.724312e-11,32.2352,1,0.0000
0.0020,0.0620,2.071551e-11,3.785876e-11,32.5776,1,0.0000
0.0020,0.0640,2.071551e-11,3.846453e-11,32.9145,1,0.0000
0.0020,0.0660,2.071551e-11,3.906092e-11,33.2462,1,0.0000
0.0020,0.0680,2.071551e-11,3.964833e-11,33.5730,1,0.0000
0.0020,0.0700,2.071551e-11,4.022717e-11,33.8949,1,0.0000
0.0020,0.0720,2.071551e-11,4.079780e-11,34.2123,1,0.0000
0.0020,0.0740,2.071551e-11,4.136055e-11,34.5252,1,0.0000
0.0020,0.0760,2.071551e-11,4.191575e-11,34.8340,1,0.0000
0.0020,0.0780,2.071551e-11,4.246370e-11,35.1388,1,0.0000
0.0020,0.0800,2.071551e-11,4.300466e-11,35.4397,1,0.0000
0.0020,0.0820,2.071551e-11,4.353890e-11,35.7368,1,0.0000
0.0020,0.0840,2.071551e-11,4.406666e-11,36.0303,1,0.0000
0.0020,0.0860,2.071551e-11,4.458818e-11,36.3204,1,0.0000
0.0020,0.0880,2.071551e-11,4.510366e-11,36.6071,1,0.0000
0.0020,0.0900,2.071551e-11,4.561333e-11,36.8905,1,0.0000
0.0020,0.0920,2.071551e-11,4.611736e-11,37.1709,1,0.0000
0.0020,0.0940,2.071551e-11,4.661594e-11,37.4482,1,0.0000
0.0020,0.0960,2.071551e-11,4.710924e-11,37.7225,1,0.0000
0.0020,0.0980,2.071551e-11,4.759743e-11,37.9941,1,0.0000
0.0020,0.1000,2.071551e-11,4.808067e-11,38.2628,1,0.0000
0.0020,0.1020,2.071551e-11,4.855909e-11,38.5289,1,0.0000
0.0020,0.1040,2.071551e-11,4.903285e-11,38.7924,1,0.0000
0.0020,0.1060,2.071551e-11,4.950208e-11,39.0534,1,0.0000
0.0020,0.1080,2.071551e-11,4.996690e-11,39.3119,1,0.0000
0.0020,0.1100,2.071551e-11,5.042743e-11,39.5680,1,0.0000
0.0020,0.1120,2.071551e-11,5.088380e-11,39.8219,1,0.0000
0.0020,0.1140,2.071551e-11,5.133610e-11,40.0734,1,0.0000
0.0020,0.1160,2.071551e-11,5.178446e-11,40.3228,1,0.0000
0.0020,0.1180,2.071551e-11,5.222897e-11,40.5700,1,0.0000
0.0020,0.1200,2.071551e-11,5.266973e-11,40.8151,1,0.0000
0.0020,0.1220,2.071551e-11,5.310683e-11,41.0583,1,0.0000
0.0020,0.1240,2.071551e-11,5.354037e-11,41.2994,1,0.0000
0.0020,0.1260,2.071551e-11,5.397042e-11,41.5386,1,0.0000
0.0020,0.1280,2.071551e-11,5.439707e-11,41.7758,1,0.0000
0.0020,0.1300,2.071551e-11,5.482040e-11,42.0113,1,0.0000
0.0020,0.1320,2.071551e-11,5.524048e-11,42.2449,1,0.0000
0.0020,0.1340,2.071551e-11,5.565740e-11,42.4768,1,0.0000
0.0020,0.1360,2.071551e-11,5.607121e-11,42.7070,1,0.0000
0.0020,0.1380,2.071551e-11,5.648200e-11,42.9354,1,0.0000
0.0020,0.1400,2.071551e-11,5.688981e-11,43.1623,1,0.0000
0.0040,0.0000,2.929615e-11,0.000000e+00,16.2938,1,0.0000
0.0040,0.0020,2.929615e-11,6.799633e-12,20.0756,1,0.0000
0.0040,0.0040,2.929615e-11,9.616133e-12,21.6421,1,0.0000
0.0040,0.0060,2.929615e-11,1.177731e-11,22.8441,1,0.0000
0.0040,0.0080,2.929615e-11,1.359927e-11,23.8574,1,0.0000
0.0040,0.0100,2.929615e-11,1.520444e-11,24.7502,1,0.0000
0.0040,0.0120,2.929615e-11,1.665563e-11,25.5573,1,0.0000
0.0040,0.0140,2.929615e-11,1.799014e-11,26.2995,1,0.0000
0.0040,0.0160,2.929615e-11,1.923227e-11,26.9904,1,0.0000
0.0040,0.0180,2.929615e-11,2.039890e-11,27.6392,1,0.0000
0.0040,0.0200,2.929615e-11,2.150233e-11,28.2529,1,0.0000
0.0040,0.0220,2.929615e-11,2.255183e-11,28.8366,1,0.0000
0.0040,0.0240,2.929615e-11,2.355462e-11,29.3944,1,0.0000
0.0040,0.0260,2.929615e-11,2.451643e-11,29.9293,1,0.0000
0.0040,0.0280,2.929615e-11,2.544190e-11,30.4440,1,0.0000
0.0040,0.0300,2.929615e-11,2.633487e-11,30.9407,1,0.0000
0.0040,0.0320,2.929615e-11,2.719853e-11,31.4210,1,0.0000
0.0040,0.0340,2.929615e-11,2.803561e-11,31.8866,1,0.0000
0.0040,0.0360,2.929615e-11,2.884840e-11,32.3386,1,0.0000
0.0040,0.0380,2.929615e-11,2.963891e-11,32.7783,1,0.0000
0.0040,0.0400,2.929615e-11,3.040888e-11,33.2065,1,0.0000
0.0040,0.0420,2.929615e-11,3.115983e-11,33.6242,1,0.0000
0.0040,0.0440,2.929615e-11,3.189311e-11,34.0320,1,0.0000
0.0040,0.0460,2.929615e-11,3.260990e-11,34.4307,1,0.0000
0.0040,0.0480,2.929615e-11,3.331126e-11,34.8208,1,0.0000
0.0040,0.0500,2.929615e-11,3.399817e-11,35.2028,1,0.0000
0.0040,0.0520,2.929615e-11,3.467146e-11,35.5773,1,0.0000
0.0040,0.0540,2.929615e-11,3.533193e-11,35.9446,1,0.0000
0.0040,0.0560,2.929615e-11,3.598028e-11,36.3052,1,0.0000
0.0040,0.0580,2.929615e-11,3.661715e-11,36.6594,1,0.0000
0.0040,0.0600,2.929615e-11,3.724312e-11,37.0076,1,0.0000
0.0040,0.0620,2.929615e-11,3.785876e-11,37.3500,1,0.0000
0.0040,0.0640,2.929615e-11,3.846453e-11,37.6869,1,0.0000
0.0040,0.0660,2.929615e-11,3.906092e-11,38.0186,1,0.0000
0.0040,0.0680,2.929615e-11,3.964833e-11,38.3453,1,0.0000
0.0040,0.0700,2.929615e-11,4.022717e-11,38.6672,1,0.0000
0.0040,0.0720,2.929615e-11,4.079780e-11,38.9846,1,0.0000
0.0040,0.0740,2.929615e-11,4.136055e-11,39.2976,1,0.0000
0.0040,0.0760,2.929615e-11,4.191575e-11,39.6064,1,0.0000
0.0040,0.0780,2.929615e-11,4.246370e-11,39.9111,1,0.0000
0.0040,0.0800,2.929615e-11,4.300466e-11,40.2120,1,0.0000
0.0040,0.0820,2.929615e-11,4.353890e-11,40.5091,1,0.0000
0.0040,0.0840,2.929615e-11,4.406666e-11,40.8027,1,0.0000
0.0040,0.0860,2.929615e-11,4.458818e-11,41.0927,1,0.0000
0.0040,0.0880,2.929615e-11,4.510366e-11,41.3794,1,0.0000
0.0040,0.0900,2.929615e-11,4.561333e-11,41.6629,1,0.0000
0.0040,0.0920,2.929615e-11,4.611736e-11,41.9432,1,0.0000
0.0040,0.0940,2.929615e-11,4.661594e-11,42.2205,1,0.0000
0.0040,0.0960,2.929615e-11,4.710924e-11,42.4949,1,0.0000
0.0040,0.0980,2.929615e-11,4.759743e-11,42.7664,1,0.0000
0.0040,0.1000,2.929615e-11,4.808067e-11,43.0352,1,0.0000
0.0040,0.1020,2.929615e-11,4.855909e-11,43.3013,1,0.0000
0.0040,0.1040,2.929615e-11,4.903285e-11,43.5648,1,0.0000
0.0040,0.1060,2.929615e-11,4.950208e-11,43.8257,1,0.0000
0.0040,0.1080,2.929615e-11,4.996690e-11,44.0842,1,0.0000
0.0040,0.1100,2.929615e-11,5.042743e-11,44.3404,1,0.0000
0.0040,0.1120,2.929615e-11,5.088380e-11,44.5942,1,0.0000
0.0040,0.1140,2.929615e-11,5.133610e-11,44.8458,1,0.0000
0.0040,0.1160,2.929615e-11,5.178446e-11,45.0951,1,0.0000
0.0040,0.1180,2.929615e-11,5.222897e-11,45.3424,1,0.0000
0.0040,0.1200,2.929615e-11,5.266973e-11,45.5875,1,0.0000
0.0040,0.1220,2.929615e-11,5.310683e-11,45.8306,1,0.0000
0.0040,0.1240,2.929615e-11,5.354037e-11,46.0717,1,0.0000
0.0040,0.1260,2.929615e-11,5.397042e-11,46.3109,1,0.0000
0.0040,0.1280,2.929615e-11,5.439707e-11,46.5482,1,0.0000
0.0040,0.1300,2.929615e-11,5.482040e-11,46.7836,1,0.0000
0.0040,0.1320,2.929615e-11,5.524048e-11,47.0173,1,0.0000
0.0040,0.1340,2.929615e-11,5.565740e-11,47.2492,1,0.0000
0.0040,0.1360,2.929615e-11,5.607121e-11,47.4793,1,0.0000
0.0040,0.1380,2.929615e-11,5.648200e-11,47.7078,1,0.0000
0.0040,0.1400,2.929615e-11,5.688981e-11,47.9346,1,0.0000
0.0060,0.0000,3.588031e-11,0.000000e+00,19.9558,1,0.0000
0.0060,0.0020,3.588031e-11,6.799633e-12,23.7376,1,0.0000
0.0060,0.0040,3.588031e-11,9.616133e-12,25.3041,1,0.0000
0.0060,0.0060,3.588031e-11,1.177731e-11,26.5061,1,0.0000
0.0060,0.0080,3.588031e-11,1.359927e-11,27.5194,1,0.0000
0.0060,0.0100,3.588031e-11,1.520444e-11,28.4121,1,0.0000
0.0060,0.0120,3.588031e-11,1.665563e-11,29.2193,1,0.0000
0.0060,0.0140,3.588031e-11,1.799014e-11,29.9615,1,0.0000
0.0060,0.0160,3.588031e-11,1.923227e-11,30.6523,1,0.0000
0.0060,0.0180,3.588031e-11,2.039890e-11,31.3012,1,0.0000
0.0060,0.0200,3.588031e-11,2.150233e-11,31.9149,1,0.0000
0.0060,0.0220,3.588031e-11,2.255183e-11,32.4986,1,0.0000
0.0060,0.0240,3.588031e-11,2.355462e-11,33.0563,1,0.0000
0.0060,0.0260,3.588031e-11,2.451643e-11,33.5912,1,0.0000
0.0060,0.0280,3.588031e-11,2.544190e-11,34.1060,1,0.0000
0.0060,0.0300,3.588031e-11,2.633487e-11,34.6026,1,0.0000
0.0060,0.0320,3.588031e-11,2.719853e-11,35.0830,1,0.0000
0.0060,0.0340,3.588031e-11,2.803561e-11,35.5485,1,0.0000
0.0060,0.0360,3.588031e-11,2.884840e-11,36.0006,1,0.0000
0.0060,0.0380,3.588031e-11,2.963891e-11,36.4403,1,0.0000
0.0060,0.0400,3.588031e-11,3.040888e-11,36.8685,1,0.0000
0.0060,0.0420,3.588031e-11,3.115983e-11,37.2862,1,0.0000
0.0060,0.0440,3.588031e-11,3.189311e-11,37.6940,1,0.0000
0.0060,0.0460,3.588031e-11,3.260990e-11,38.0926,1,0.0000
0.0060,0.0480,3.588031e-11,3.331126e-11,38.4827,1,0.0000
0.0060,0.0500,3.588031e-11,3.399817e-11,38.8648,1,0.0000
0.0060,0.0520,3.588031e-11,3.467146e-11,39.2392,1,0.0000
0.0060,0.0540,3.588031e-11,3.533193e-11,39.6066,1,0.0000
0.0060,0.0560,3.588031e-11,3.598028e-11,39.9672,1,0.0000
0.0060,0.0580,3.588031e-11,3.661715e-11,40.3214,1,0.0000
0.0060,0.0600,3.588031e-11,3.724312e-11,40.6695,1,0.0000
0.0060,0.0620,3.588031e-11,3.785876e-11,41.0119,1,0.0000
0.0060,0.0640,3.588031e-11,3.846453e-11,41.3489,1,0.0000
0.0060,0.0660,3.588031e-11,3.906092e-11,41.6806,1,0.0000
0.0060,0.0680,3.588031e-11,3.964833e-11,42.0073,1,0.0000
0.0060,0.0700,3.588031e-11,4.022717e-11,42.3292,1,0.0000
0.0060,0.0720,3.588031e-11,4.079780e-11,42.6466,1,0.0000
0.0060,0.0740,3.588031e-11,4.136055e-11,42.9596,1,0.0000
0.0060,0.0760,3.588031e-11,4.191575e-11,43.2683,1,0.0000
0.0060,0.0780,3.588031e-11,4.246370e-11,43.5731,1,0.0000
0.0060,0.0800,3.588031e-11,4.300466e-11,43.8740,1,0.0000
0.0060,0.0820,3.588031e-11,4.353890e-11,44.1711,1,0.0000
0.0060,0.0840,3.588031e-11,4.406666e-11,44.4646,1,0.0000
0.0060,0.0860,3.588031e-11,4.458818e-11,44.7547,1,0.0000
0.0060,0.0880,3.588031e-11,4.510366e-11,45.0414,1,0.0000
0.0060,0.0900,3.588031e-11,4.561333e-11,45.3248,1,0.0000
0.0060,0.0920,3.588031e-11,4.611736e-11,45.6052,1,0.0000
0.0060,0.0940,3.588031e-11,4.661594e-11,45.8825,1,0.0000
0.0060,0.0960,3.588031e-11,4.710924e-11,46.1568,1,0.0000
0.0060,0.0980,3.588031e-11,4.759743e-11,46.4284,1,0.0000
0.0060,0.1000,3.588031e-11,4.808067e-11,46.6971,1,0.0000
0.0060,0.1020,3.588031e-11,4.855909e-11,46.9632,1,0.0000
0.0060,0.1040,3.588031e-11,4.903285e-11,47.2267,1,0.0000
0.0060,0.1060,3.588031e-11,4.950208e-11,47.4877,1,0.0000
0.0060,0.1080,3.588031e-11,4.996690e-11,47.7462,1,0.0000
0.0060,0.1100,3.588031e-11,5.042743e-11,48.0023,1,0.0000
0.0060,0.1120,3.588031e-11,5.088380e-11,48.2562,1,0.0000
0.0060,0.1140,3.588031e-11,5.133610e-11,48.5077,1,0.0000
0.0060,0.1160,3.588031e-11,5.178446e-11,48.7571,1,0.0000
0.0060,0.1180,3.588031e-11,5.222897e-11,49.0043,1,0.0000
0.0060,0.1200,3.588031e-11,5.266973e-11,49.2495,1,0.0000
0.0060,0.1220,3.588031e-11,5.310683e-11,49.4926,1,0.0000
0.0060,0.1240,3.588031e-11,5.354037e-11,49.7337,1,0.0000
0.0060,0.1260,3.588031e-11,5.397042e-11,49.9729,1,0.0000
0.0060,0.1280,3.588031e-11,5.439707e-11,50.2102,1,0.0000
0.0060,0.1300,3.588031e-11,5.482040e-11,50.4456,1,0.0000
0.0060,0.1320,3.588031e-11,5.524048e-11,50.6792,1,0.0000
0.0060,0.1340,3.588031e-11,5.565740e-11,50.9111,1,0.0000
0.0060,0.1360,3.588031e-11,5.607121e-11,51.1413,1,0.0000
0.0060,0.1380,3.588031e-11,5.648200e-11,51.3697,1,0.0000
0.0060,0.1400,3.588031e-11,5.688981e-11,51.5966,1,0.0000
0.0080,0.0000,4.143102e-11,0.000000e+00,23.0430,1,0.0000
0.0080,0.0020,4.143102e-11,6.799633e-12,26.8248,1,0.0000
0.0080,0.0040,4.143102e-11,9.616133e-12,28.3912,1,0.0000
0.0080,0.0060,4.143102e-11,1.177731e-11,29.5932,1,0.0000
0.0080,0.0080,4.143102e-11,1.359927e-11,30.6066,1,0.0000
0.0080,0.0100,4.143102e-11,1.520444e-11,31.4993,1,0.0000
0.0080,0.0120,4.143102e-11,1.665563e-11,32.3064,1,0.0000
0.0080,0.0140,4.143102e-11,1.799014e-11,33.0487,1,0.0000
0.0080,0.0160,4.143102e-11,1.923227e-11,33.7395,1,0.0000
0.0080,0.0180,4.143102e-11,2.039890e-11,34.3883,1,0.0000
0.0080,0.0200,4.143102e-11,2.150233e-11,35.0020,1,0.0000
0.0080,0.0220,4.143102e-11,2.255183e-11,35.5858,1,0.0000
0.0080,0.0240,4.143102e-11,2.355462e-11,36.1435,1,0.0000
0.0080,0.0260,4.143102e-11,2.451643e-11,36.6784,1,0.0000
0.0080,0.0280,4.143102e-11,2.544190e-11,37.1931,1,0.0000
0.0080,0.0300,4.143102e-11,2.633487e-11,37.6898,1,0.0000
0.0080,0.0320,4.143102e-11,2.719853e-11,38.1701,1,0.0000
0.0080,0.0340,4.143102e-11,2.803561e-11,38.6357,1,0.0000
0.0080,0.0360,4.143102e-11,2.884840e-11,39.0878,1,0.0000
0.0080,0.0380,4.143102e-11,2.963891e-11,39.5274,1,0.0000
0.0080,0.0400,4.143102e-11,3.040888e-11,39.9557,1,0.0000
0.0080,0.0420,4.143102e-11,3.115983e-11,40.3733,1,0.0000
0.0080,0.0440,4.143102e-11,3.189311e-11,40.7812,1,0.0000
0.0080,0.0460,4.143102e-11,3.260990e-11,41.1798,1,0.0000
0.0080,0.0480,4.143102e-11,3.331126e-11,41.5699,1,0.0000
0.0080,0.0500,4.143102e-11,3.399817e-11,41.9519,1,0.0000
0.0080,0.0520,4.143102e-11,3.467146e-11,42.3264,1,0.0000
0.0080,0.0540,4.143102e-11,3.533193e-11,42.6937,1,0.0000
0.0080,0.0560,4.143102e-11,3.598028e-11,43.0543,1,0.0000
0.0080,0.0580,4.143102e-11,3.661715e-11,43.4086,1,0.0000
0.0080,0.0600,4.143102e-11,3.724312e-11,43.7567,1,0.0000
0.0080,0.0620,4.143102e-11,3.785876e-11,44.0991,1,0.0000
0.0080,0.0640,4.143102e-11,3.846453e-11,44.4360,1,0.0000
0.0080,0.0660,4.143102e-11,3.906092e-11,44.7677,1,0.0000
0.0080,0.0680,4.143102e-11,3.964833e-11,45.0944,1,0.0000
0.0080,0.0700,4.143102e-11,4.022717e-11,45.4164,1,0.0000
0.0080,0.0720,4.143102e-11,4.079780e-11,45.7337,1,0.0000
0.0080,0.0740,4.143102e-11,4.136055e-11,46.0467,1,0.0000
0.0080,0.0760,4.143102e-11,4.191575e-11,46.3555,1,0.0000
0.0080,0.0780,4.143102e-11,4.246370e-11,46.6603,1,0.0000
0.0080,0.0800,4.143102e-11,4.300466e-11,46.9611,1,0.0000
0.0080,0.0820,4.143102e-11,4.353890e-11,47.2583,1,0.0000
0.0080,0.0840,4.143102e-11,4.406666e-11,47.5518,1,0.0000
0.0080,0.0860,4.143102e-11,4.458818e-11,47.8419,1,0.0000
0.0080,0.0880,4.143102e-11,4.510366e-11,48.1286,1,0.0000
0.0080,0.0900,4.143102e-11,4.561333e-11,48.4120,1,0.0000
0.0080,0.0920,4.143102e-11,4.611736e-11,48.6923,1,0.0000
0.0080,0.0940,4.143102e-11,4.661594e-11,48.9696,1,0.0000
0.0080,0.0960,4.143102e-11,4.710924e-11,49.2440,1,0.0000
0.0080,0.0980,4.143102e-11,4.759743e-11,49.5155,1,0.0000
0.0080,0.1000,4.143102e-11,4.808067e-11,49.7843,1,0.0000
0.0080,0.1020,4.143102e-11,4.855909e-11,50.0504,1,0.0000
0.0080,0.1040,4.143102e-11,4.903285e-11,50.3139,1,0.0000
0.0080,0.1060,4.143102e-11,4.950208e-11,50.5749,1,0.0000
0.0080,0.1080,4.143102e-11,4.996690e-11,50.8334,1,0.0000
0.0080,0.1100,4.143102e-11,5.042743e-11,51.0895,1,0.0000
0.0080,0.1120,4.143102e-11,5.088380e-11,51.3433,1,0.0000
0.0080,0.1140,4.143102e-11,5.133610e-11,51.5949,1,0.0000
0.0080,0.1160,4.143102e-11,5.178446e-11,51.8443,1,0.0000
0.0080,0.1180,4.143102e-11,5.222897e-11,52.0915,1,0.0000
0.0080,0.1200,4.143102e-11,5.266973e-11,52.3366,1,0.0000
0.0080,0.1220,4.143102e-11,5.310683e-11,52.5797,1,0.0000
0.0080,0.1240,4.143102e-11,5.354037e-11,52.8209,1,0.0000
0.0080,0.1260,4.143102e-11,5.397042e-11,53.0600,1,0.0000
0.0080,0.1280,4.143102e-11,5.439707e-11,53.2973,1,0.0000
0.0080,0.1300,4.143102e-11,5.482040e-11,53.5328,1,0.0000
0.0080,0.1320,4.143102e-11,5.524048e-11,53.7664,1,0.0000
0.0080,0.1340,4.143102e-11,5.565740e-11,53.9983,1,0.0000
0.0080,0.1360,4.143102e-11,5.607121e-11,54.2284,1,0.0000
0.0080,0.1380,4.143102e-11,5.648200e-11,54.4569,1,0.0000
0.0080,0.1400,4.143102e-11,5.688981e-11,54.6837,1,0.0000
0.0100,0.0000,4.632128e-11,0.000000e+00,25.7628,1,0.0000
0.0100,0.0020,4.632128e-11,6.799633e-12,29.5446,1,0.0000
0.0100,0.0040,4.632128e-11,9.616133e-12,31.1111,1,0.0000
0.0100,0.0060,4.632128e-11,1.177731e-11,32.3131,1,0.0000
0.0100,0.0080,4.632128e-11,1.359927e-11,33.3264,1,0.0000
0.0100,0.0100,4.632128e-11,1.520444e-11,34.2192,1,0.0000
0.0100,0.0120,4.632128e-11,1.665563e-11,35.0263,1,0.0000
0.0100,0.0140,4.632128e-11,1.799014e-11,35.7685,1,0.0000
0.0100,0.0160,4.632128e-11,1.923227e-11,36.4593,1,0.0000
0.0100,0.0180,4.632128e-11,2.039890e-11,37.1082,1,0.0000
0.0100,0.0200,4.632128e-11,2.150233e-11,37.7219,1,0.0000
0.0100,0.0220,4.632128e-11,2.255183e-11,38.3056,1,0.0000
0.0100,0.0240,4.632128e-11,2.355462e-11,38.8633,1,0.0000
0.0100,0.0260,4.632128e-11,2.451643e-11,39.3983,1,0.0000
0.0100,0.0280,4.632128e-11,2.544190e-11,39.9130,1,0.0000
0.0100,0.0300,4.632128e-11,2.633487e-11,40.4096,1,0.0000
0.0100,0.0320,4.632128e-11,2.719853e-11,40.8900,1,0.0000
0.0100,0.0340,4.632128e-11,2.803561e-11,41.3556,1,0.0000
0.0100,0.0360,4.632128e-11,2.884840e-11,41.8076,1,0.0000
0.0100,0.0380,4.632128e-11,2.963891e-11,42.2473,1,0.0000
0.0100,0.0400,4.632128e-11,3.040888e-11,42.6755,1,0.0000
0.0100,0.0420,4.632128e-11,3.115983e-11,43.0932,1,0.0000
0.0100,0.0440,4.632128e-11,3.189311e-11,43.5010,1,0.0000
0.0100,0.0460,4.632128e-11,3.260990e-11,43.8997,1,0.0000
0.0100,0.0480,4.632128e-11,3.331126e-11,44.2898,1,0.0000
0.0100,0.0500,4.632128e-11,3.399817e-11,44.6718,1,0.0000
0.0100,0.0520,4.632128e-11,3.467146e-11,45.0463,1,0.0000
0.0100,0.0540,4.632128e-11,3.533193e-11,45.4136,1,0.0000
0.0100,0.0560,4.632128e-11,3.598028e-11,45.7742,1,0.0000
0.0100,0.0580,4.632128e-11,3.661715e-11,46.1284,1,0.0000
0.0100,0.0600,4.632128e-11,3.724312e-11,46.4766,1,0.0000
0.0100,0.0620,4.632128e-11,3.785876e-11,46.8190,1,0.0000
0.0100,0.0640,4.632128e-11,3.846453e-11,47.1559,1,0.0000
0.0100,0.0660,4.632128e-11,3.906092e-11,47.4876,1,0.0000
0.0100,0.0680,4.632128e-11,3.964833e-11,47.8143,1,0.0000
0.0100,0.0700,4.632128e-11,4.022717e-11,48.1362,1,0.0000
0.0100,0.0720,4.632128e-11,4.079780e-11,48.4536,1,0.0000
0.0100,0.0740,4.632128e-11,4.136055e-11,48.7666,1,0.0000
0.0100,0.0760,4.632128e-11,4.191575e-11,49.0754,1,0.0000
0.0100,0.0780,4.632128e-11,4.246370e-11,49.3801,1,0.0000
0.0100,0.0800,4.632128e-11,4.300466e-11,49.6810,1,0.0000
0.0100,0.0820,4.632128e-11,4.353890e-11,49.9781,1,0.0000
0.0100,0.0840,4.632128e-11,4.406666e-11,50.2717,1,0.0000
0.0100,0.0860,4.632128e-11,4.458818e-11,50.5617,1,0.0000
0.0100,0.0880,4.632128e-11,4.510366e-11,50.8484,1,0.0000
0.0100,0.0900,4.632128e-11,4.561333e-11,51.1319,1,0.0000
0.0100,0.0920,4.632128e-11,4.611736e-11,51.4122,1,0.0000
0.0100,0.0940,4.632128e-11,4.661594e-11,51.6895,1,0.0000
0.0100,0.0960,4.632128e-11,4.710924e-11,51.9639,1,0.0000
0.0100,0.0980,4.632128e-11,4.759743e-11,52.2354,1,0.0000
0.0100,0.1000,4.632128e-11,4.808067e-11,52.5041,1,0.0000
0.0100,0.1020,4.632128e-11,4.855909e-11,52.7702,1,0.0000
0.0100,0.1040,4.632128e-11,4.903285e-11,53.0337,1,0.0000
0.0100,0.1060,4.632128e-11,4.950208e-11,53.2947,1,0.0000
0.0100,0.1080,4.632128e-11,4.996690e-11,53.5532,1,0.0000
0.0100,0.1100,4.632128e-11,5.042743e-11,53.8094,1,0.0000
0.0100,0.1120,4.632128e-11,5.088380e-11,54.0632,1,0.0000
0.0100,0.1140,4.632128e-11,5.133610e-11,54.3147,1,0.0000
0.0100,0.1160,4.632128e-11,5.178446e-11,54.5641,1,0.0000
0.0100,0.1180,4.632128e-11,5.222897e-11,54.8113,1,0.0000
0.0100,0.1200,4.632128e-11,5.266973e-11,55.0565,1,0.0000
0.0100,0.1220,4.632128e-11,5.310683e-11,55.2996,1,0.0000
0.0100,0.1240,4.632128e-11,5.354037e-11,55.5407,1,0.0000
0.0100,0.1260,4.632128e-11,5.397042e-11,55.7799,1,0.0000
0.0100,0.1280,4.632128e-11,5.439707e-11,56.0172,1,0.0000
0.0100,0.1300,4.632128e-11,5.482040e-11,56.2526,1,0.0000
0.0100,0.1320,4.632128e-11,5.524048e-11,56.4863,1,0.0000
0.0100,0.1340,4.632128e-11,5.565740e-11,56.7181,1,0.0000
0.0100,0.1360,4.632128e-11,5.607121e-11,56.9483,1,0.0000
0.0100,0.1380,4.632128e-11,5.648200e-11,57.1768,1,0.0000
0.0100,0.1400,4.632128e-11,5.688981e-11,57.4036,1,0.0000
0.0120,0.0000,5.074242e-11,0.000000e+00,28.2217,1,0.0000
0.0120,0.0020,5.074242e-11,6.799633e-12,32.0035,1,0.0000
0.0120,0.0040,5.074242e-11,9.616133e-12,33.5700,1,0.0000
0.0120,0.0060,5.074242e-11,1.177731e-11,34.7720,1,0.0000
0.0120,0.0080,5.074242e-11,1.359927e-11,35.7853,1,0.0000
0.0120,0.0100,5.074242e-11,1.520444e-11,36.6781,1,0.0000
0.0120,0.0120,5.074242e-11,1.665563e-11,37.4852,1,0.0000
0.0120,0.0140,5.074242e-11,1.799014e-11,38.2274,1,0.0000
0.0120,0.0160,5.074242e-11,1.923227e-11,38.9183,1,0.0000
0.0120,0.0180,5.074242e-11,2.039890e-11,39.5671,1,0.0000
0.0120,0.0200,5.074242e-11,2.150233e-11,40.1808,1,0.0000
0.0120,0.0220,5.074242e-11,2.255183e-11,40.7645,1,0.0000
0.0120,0.0240,5.074242e-11,2.355462e-11,41.3223,1,0.0000
0.0120,0.0260,5.074242e-11,2.451643e-11,41.8572,1,0.0000
0.0120,0.0280,5.074242e-11,2.544190e-11,42.3719,1,0.0000
0.0120,0.0300,5.074242e-11,2.633487e-11,42.8686,1,0.0000
0.0120,0.0320,5.074242e-11,2.719853e-11,43.3489,1,0.0000
0.0120,0.0340,5.074242e-11,2.803561e-11,43.8145,1,0.0000
0.0120,0.0360,5.074242e-11,2.884840e-11,44.2665,1,0.0000
0.0120,0.0380,5.074242e-11,2.963891e-11,44.7062,1,0.0000
0.0120,0.0400,5.074242e-11,3.040888e-11,45.1345,1,0.0000
0.0120,0.0420,5.074242e-11,3.115983e-11,45.5521,1,0.0000
0.0120,0.0440,5.074242e-11,3.189311e-11,45.9599,1,0.0000
0.0120,0.0460,5.074242e-11,3.260990e-11,46.3586,1,0.0000
0.0120,0.0480,5.074242e-11,3.331126e-11,46.7487,1,0.0000
0.0120,0.0500,5.074242e-11,3.399817e-11,47.1307,1,0.0000
0.0120,0.0520,5.074242e-11,3.467146e-11,47.5052,1,0.0000
0.0120,0.0540,5.074242e-11,3.533193e-11,47.8725,1,0.0000
0.0120,0.0560,5.074242e-11,3.598028e-11,48.2331,1,0.0000
0.0120,0.0580,5.074242e-11,3.661715e-11,48.5873,1,0.0000
0.0120,0.0600,5.074242e-11,3.724312e-11,48.9355,1,0.0000
0.0120,0.0620,5.074242e-11,3.785876e-11,49.2779,1,0.0000
0.0120,0.0640,5.074242e-11,3.846453e-11,49.6148,1,0.0000
0.0120,0.0660,5.074242e-11,3.906092e-11,49.9465,1,0.0000
0.0120,0.0680,5.074242e-11,3.964833e-11,50.2732,1,0.0000
0.0120,0.0700,5.074242e-11,4.022717e-11,50.5952,1,0.0000
0.0120,0.0720,5.074242e-11,4.079780e-11,50.9125,1,0.0000
0.0120,0.0740,5.074242e-11,4.136055e-11,51.2255,1,0.0000
0.0120,0.0760,5.074242e-11,4.191575e-11,51.5343,1,0.0000
0.0120,0.0780,5.074242e-11,4.246370e-11,51.8391,1,0.0000
0.0120,0.0800,5.074242e-11,4.300466e-11,52.1399,1,0.0000
0.0120,0.0820,5.074242e-11,4.353890e-11,52.4371,1,0.0000
0.0120,0.0840,5.074242e-11,4.406666e-11,52.7306,1,0.0000
0.0120,0.0860,5.074242e-11,4.458818e-11,53.0206,1,0.0000
0.0120,0.0880,5.074242e-11,4.510366e-11,53.3073,1,0.0000
0.0120,0.0900,5.074242e-11,4.561333e-11,53.5908,1,0.0000
0.0120,0.0920,5.074242e-11,4.611736e-11,53.8711,1,0.0000
0.0120,0.0940,5.074242e-11,4.661594e-11,54.1484,1,0.0000
0.0120,0.0960,5.074242e-11,4.710924e-11,54.4228,1,0.0000
0.0120,0.0980,5.074242e-11,4.759743e-11,54.6943,1,0.0000
0.0120,0.1000,5.074242e-11,4.808067e-11,54.9631,1,0.0000
0.0120,0.1020,5.074242e-11,4.855909e-11,55.2292,1,0.0000
0.0120,0.1040,5.074242e-11,4.903285e-11,55.4927,1,0.0000
0.0120,0.1060,5.074242e-11,4.950208e-11,55.7536,1,0.0000
0.0120,0.1080,5.074242e-11,4.996690e-11,56.0122,1,0.0000
0.0120,0.1100,5.074242e-11,5.042743e-11,56.2683,1,0.0000
0.0120,0.1120,5.074242e-11,5.088380e-11,56.5221,1,0.0000
0.0120,0.1140,5.074242e-11,5.133610e-11,56.7737,1,0.0000
0.0120,0.1160,5.074242e-11,5.178446e-11,57.0230,1,0.0000
0.0120,0.1180,5.074242e-11,5.222897e-11,57.2703,1,0.0000
0.0120,0.1200,5.074242e-11,5.266973e-11,57.5154,1,0.0000
0.0120,0.1220,5.074242e-11,5.310683e-11,57.7585,1,0.0000
0.0120,0.1240,5.074242e-11,5.354037e-11,57.9996,1,0.0000
0.0120,0.1260,5.074242e-11,5.397042e-11,58.2388,1,0.0000
0.0120,0.1280,5.074242e-11,5.439707e-11,58.4761,1,0.0000
0.0120,0.1300,5.074242e-11,5.482040e-11,58.7116,1,0.0000
0.0120,0.1320,5.074242e-11,5.524048e-11,58.9452,1,0.0000
0.0120,0.1340,5.074242e-11,5.565740e-11,59.1771,1,0.0000
0.0120,0.1360,5.074242e-11,5.607121e-11,59.4072,1,0.0000
0.0120,0.1380,5.074242e-11,5.648200e-11,59.6357,1,0.0000
0.0120,0.1400,5.074242e-11,5.688981e-11,59.8625,1,0.0000
0.0140,0.0000,5.480808e-11,0.000000e+00,30.4830,1,0.0000
0.0140,0.0020,5.480808e-11,6.799633e-12,34.2648,1,0.0000
0.0140,0.0040,5.480808e-11,9.616133e-12,35.8312,1,0.0000
0.0140,0.0060,5.480808e-11,1.177731e-11,37.0332,1,0.0000
0.0140,0.0080,5.480808e-11,1.359927e-11,38.0466,1,0.0000
0.0140,0.0100,5.480808e-11,1.520444e-11,38.9393,1,0.0000
0.0140,0.0120,5.480808e-11,1.665563e-11,39.7464,1,0.0000
0.0140,0.0140,5.480808e-11,1.799014e-11,40.4887,1,0.0000
0.0140,0.0160,5.480808e-11,1.923227e-11,41.1795,1,0.0000
0.0140,0.0180,5.480808e-11,2.039890e-11,41.8284,1,0.0000
0.0140,0.0200,5.480808e-11,2.150233e-11,42.4421,1,0.0000
0.0140,0.0220,5.480808e-11,2.255183e-11,43.0258,1,0.0000
0.0140,0.0240,5.480808e-11,2.355462e-11,43.5835,1,0.0000
0.0140,0.0260,5.480808e-11,2.451643e-11,44.1184,1,0.0000
0.0140,0.0280,5.480808e-11,2.544190e-11,44.6332,1,0.0000
0.0140,0.0300,5.480808e-11,2.633487e-11,45.1298,1,0.0000
0.0140,0.0320,5.480808e-11,2.719853e-11,45.6102,1,0.0000
0.0140,0.0340,5.480808e-11,2.803561e-11,46.0757,1,0.0000
0.0140,0.0360,5.480808e-11,2.884840e-11,46.5278,1,0.0000
0.0140,0.0380,5.480808e-11,2.963891e-11,46.9674,1,0.0000
0.0140,0.0400,5.480808e-11,3.040888e-11,47.3957,1,0.0000
0.0140,0.0420,5.480808e-11,3.115983e-11,47.8133,1,0.0000
0.0140,0.0440,5.480808e-11,3.189311e-11,48.2212,1,0.0000
0.0140,0.0460,5.480808e-11,3.260990e-11,48.6198,1,0.0000
0.0140,0.0480,5.480808e-11,3.331126e-11,49.0099,1,0.0000
0.0140,0.0500,5.480808e-11,3.399817e-11,49.3919,1,0.0000
0.0140,0.0520,5.480808e-11,3.467146e-11,49.7664,1,0.0000
0.0140,0.0540,5.480808e-11,3.533193e-11,50.1338,1,0.0000
0.0140,0.0560,5.480808e-11,3.598028e-11,50.4944,1,0.0000
0.0140,0.0580,5.480808e-11,3.661715e-11,50.8486,1,0.0000
0.0140,0.0600,5.480808e-11,3.724312e-11,51.1967,1,0.0000
0.0140,0.0620,5.480808e-11,3.785876e-11,51.5391,1,0.0000
0.0140,0.0640,5.480808e-11,3.846453e-11,51.8760,1,0.0000
0.0140,0.0660,5.480808e-11,3.906092e-11,52.2077,1,0.0000
0.0140,0.0680,5.480808e-11,3.964833e-11,52.5344,1,0.0000
0.0140,0.0700,5.480808e-11,4.022717e-11,52.8564,1,0.0000
0.0140,0.0720,5.480808e-11,4.079780e-11,53.1737,1,0.0000
0.0140,0.0740,5.480808e-11,4.136055e-11,53.4867,1,0.0000
0.0140,0.0760,5.480808e-11,4.191575e-11,53.7955,1,0.0000
0.0140,0.0780,5.480808e-11,4.246370e-11,54.1003,1,0.0000
0.0140,0.0800,5.480808e-11,4.300466e-11,54.4011,1,0.0000
0.0140,0.0820,5.480808e-11,4.353890e-11,54.6983,1,0.0000
0.0140,0.0840,5.480808e-11,4.406666e-11,54.9918,1,0.0000
0.0140,0.0860,5.480808e-11,4.458818e-11,55.2819,1,0.0000
0.0140,0.0880,5.480808e-11,4.510366e-11,55.5686,1,0.0000
0.0140,0.0900,5.480808e-11,4.561333e-11,55.8520,1,0.0000
0.0140,0.0920,5.480808e-11,4.611736e-11,56.1324,1,0.0000
0.0140,0.0940,5.480808e-11,4.661594e-11,56.4097,1,0.0000
0.0140,0.0960,5.480808e-11,4.710924e-11,56.6840,1,0.0000
0.0140,0.0980,5.480808e-11,4.759743e-11,56.9555,1,0.0000
0.0140,0.1000,5.480808e-11,4.808067e-11,57.2243,1,0.0000
0.0140,0.1020,5.480808e-11,4.855909e-11,57.4904,1,0.0000
0.0140,0.1040,5.480808e-11,4.903285e-11,57.7539,1,0.0000
0.0140,0.1060,5.480808e-11,4.950208e-11,58.0149,1,0.0000
0.0140,0.1080,5.480808e-11,4.996690e-11,58.2734,1,0.0000
0.0140,0.1100,5.480808e-11,5.042743e-11,58.5295,1,0.0000
0.0140,0.1120,5.480808e-11,5.088380e-11,58.7833,1,0.0000
0.0140,0.1140,5.480808e-11,5.133610e-11,59.0349,1,0.0000
0.0140,0.1160,5.480808e-11,5.178446e-11,59.2843,1,0.0000
0.0140,0.1180,5.480808e-11,5.222897e-11,59.5315,1,0.0000
0.0140,0.1200,5.480808e-11,5.266973e-11,59.7766,1,0.0000
0.0140,0.1220,5.480808e-11,5.310683e-11,60.0197,1,0.0000
0.0140,0.1240,5.480808e-11,5.354037e-11,60.2609,1,0.0000
0.0140,0.1260,5.480808e-11,5.397042e-11,60.5000,1,0.0000
0.0140,0.1280,5.480808e-11,5.439707e-11,60.7373,1,0.0000
0.0140,0.1300,5.480808e-11,5.482040e-11,60.9728,1,0.0000
0.0140,0.1320,5.480808e-11,5.524048e-11,61.2064,1,0.0000
0.0140,0.1340,5.480808e-11,5.565740e-11,61.4383,1,0.0000
0.0140,0.1360,5.480808e-11,5.607121e-11,61.6685,1,0.0000
0.0140,0.1380,5.480808e-11,5.648200e-11,61.8969,1,0.0000
0.0140,0.1400,5.480808e-11,5.688981e-11,62.1237,1,0.0000
0.0160,0.0000,5.859230e-11,0.000000e+00,32.5877,1,0.0000
0.0160,0.0020,5.859230e-11,6.799633e-12,36.3695,1,0.0000
0.0160,0.0040,5.859230e-11,9.616133e-12,37.9359,1,0.0000
0.0160,0.0060,5.859230e-11,1.177731e-11,39.1379,1,0.0000
0.0160,0.0080,5.859230e-11,1.359927e-11,40.1513,1,0.0000
0.0160,0.0100,5.859230e-11,1.520444e-11,41.0440,1,0.0000
0.0160,0.0120,5.859230e-11,1.665563e-11,41.8511,1,0.0000
0.0160,0.0140,5.859230e-11,1.799014e-11,42.5934,1,0.0000
0.0160,0.0160,5.859230e-11,1.923227e-11,43.2842,1,0.0000
0.0160,0.0180,5.859230e-11,2.039890e-11,43.9331,1,0.0000
0.0160,0.0200,5.859230e-11,2.150233e-11,44.5468,1,0.0000
0.0160,0.0220,5.859230e-11,2.255183e-11,45.1305,1,0.0000
0.0160,0.0240,5.859230e-11,2.355462e-11,45.6882,1,0.0000
0.0160,0.0260,5.859230e-11,2.451643e-11,46.2231,1,0.0000
0.0160,0.0280,5.859230e-11,2.544190e-11,46.7379,1,0.0000
0.0160,0.0300,5.859230e-11,2.633487e-11,47.2345,1,0.0000
0.0160,0.0320,5.859230e-11,2.719853e-11,47.7148,1,0.0000
0.0160,0.0340,5.859230e-11,2.803561e-11,48.1804,1,0.0000
0.0160,0.0360,5.859230e-11,2.884840e-11,48.6325,1,0.0000
0.0160,0.0380,5.859230e-11,2.963891e-11,49.0721,1,0.0000
0.0160,0.0400,5.859230e-11,3.040888e-11,49.5004,1,0.0000
0.0160,0.0420,5.859230e-11,3.115983e-11,49.9180,1,0.0000
0.0160,0.0440,5.859230e-11,3.189311e-11,50.3259,1,0.0000
0.0160,0.0460,5.859230e-11,3.260990e-11,50.7245,1,0.0000
0.0160,0.0480,5.859230e-11,3.331126e-11,51.1146,1,0.0000
0.0160,0.0500,5.859230e-11,3.399817e-11,51.4966,1,0.0000
0.0160,0.0520,5.859230e-11,3.467146e-11,51.8711,1,0.0000
0.0160,0.0540,5.859230e-11,3.533193e-11,52.2385,1,0.0000
0.0160,0.0560,5.859230e-11,3.598028e-11,52.5990,1,0.0000
0.0160,0.0580,5.859230e-11,3.661715e-11,52.9533,1,0.0000
0.0160,0.0600,5.859230e-11,3.724312e-11,53.3014,1,0.0000
0.0160,0.0620,5.859230e-11,3.785876e-11,53.6438,1,0.0000
0.0160,0.0640,5.859230e-11,3.846453e-11,53.9807,1,0.0000
0.0160,0.0660,5.859230e-11,3.906092e-11,54.3124,1,0.0000
0.0160,0.0680,5.859230e-11,3.964833e-11,54.6391,1,0.0000
0.0160,0.0700,5.859230e-11,4.022717e-11,54.9611,1,0.0000
0.0160,0.0720,5.859230e-11,4.079780e-11,55.2784,1,0.0000
0.0160,0.0740,5.859230e-11,4.136055e-11,55.5914,1,0.0000
0.0160,0.0760,5.859230e-11,4.191575e-11,55.9002,1,0.0000
0.0160,0.0780,5.859230e-11,4.246370e-11,56.2050,1,0.0000
0.0160,0.0800,5.859230e-11,4.300466e-11,56.5058,1,0.0000
0.0160,0.0820,5.859230e-11,4.353890e-11,56.8030,1,0.0000
0.0160,0.0840,5.859230e-11,4.406666e-11,57.0965,1,0.0000
0.0160,0.0860,5.859230e-11,4.458818e-11,57.3866,1,0.0000
0.0160,0.0880,5.859230e-11,4.510366e-11,57.6733,1,0.0000
0.0160,0.0900,5.859230e-11,4.561333e-11,57.9567,1,0.0000
0.0160,0.0920,5.859230e-11,4.611736e-11,58.2371,1,0.0000
0.0160,0.0940,5.859230e-11,4.661594e-11,58.5144,1,0.0000
0.0160,0.0960,5.859230e-11,4.710924e-11,58.7887,1,0.0000
0.0160,0.0980,5.859230e-11,4.759743e-11,59.0602,1,0.0000
0.0160,0.1000,5.859230e-11,4.808067e-11,59.3290,1,0.0000
0.0160,0.1020,5.859230e-11,4.855909e-11,59.5951,1,0.0000
0.0160,0.1040,5.859230e-11,4.903285e-11,59.8586,1,0.0000
0.0160,0.1060,5.859230e-11,4.950208e-11,60.1196,1,0.0000
0.0160,0.1080,5.859230e-11,4.996690e-11,60.3781,1,0.0000
0.0160,0.1100,5.859230e-11,5.042743e-11,60.6342,1,0.0000
0.0160,0.1120,5.859230e-11,5.088380e-11,60.8880,1,0.0000
0.0160,0.1140,5.859230e-11,5.133610e-11,61.1396,1,0.0000
0.0160,0.1160,5.859230e-11,5.178446e-11,61.3890,1,0.0000
0.0160,0.1180,5.859230e-11,5.222897e-11,61.6362,1,0.0000
0.0160,0.1200,5.859230e-11,5.266973e-11,61.8813,1,0.0000
0.0160,0.1220,5.859230e-11,5.310683e-11,62.1244,1,0.0000
0.0160,0.1240,5.859230e-11,5.354037e-11,62.3656,1,0.0000
0.0160,0.1260,5.859230e-11,5.397042e-11,62.6047,1,0.0000
0.0160,0.1280,5.859230e-11,5.439707e-11,62.8420,1,0.0000
0.0160,0.1300,5.859230e-11,5.482040e-11,63.0775,1,0.0000
0.0160,0.1320,5.859230e-11,5.524048e-11,63.3111,1,0.0000
0.0160,0.1340,5.859230e-11,5.565740e-11,63.5430,1,0.0000
0.0160,0.1360,5.859230e-11,5.607121e-11,63.7732,1,0.0000
0.0160,0.1380,5.859230e-11,5.648200e-11,64.0016,1,0.0000
0.0160,0.1400,5.859230e-11,5.688981e-11,64.2284,1,0.0000
0.0180,0.0000,6.214652e-11,0.000000e+00,34.5644,1,0.0000
0.0180,0.0020,6.214652e-11,6.799633e-12,38.3462,1,0.0000
0.0180,0.0040,6.214652e-11,9.616133e-12,39.9127,1,0.0000
0.0180,0.0060,6.214652e-11,1.177731e-11,41.1147,1,0.0000
0.0180,0.0080,6.214652e-11,1.359927e-11,42.1280,1,0.0000
0.0180,0.0100,6.214652e-11,1.520444e-11,43.0208,1,0.0000
0.0180,0.0120,6.214652e-11,1.665563e-11,43.8279,1,0.0000
0.0180,0.0140,6.214652e-11,1.799014e-11,44.5701,1,0.0000
0.0180,0.0160,6.214652e-11,1.923227e-11,45.2610,1,0.0000
0.0180,0.0180,6.214652e-11,2.039890e-11,45.9098,1,0.0000
0.0180,0.0200,6.214652e-11,2.150233e-11,46.5235,1,0.0000
0.0180,0.0220,6.214652e-11,2.255183e-11,47.1072,1,0.0000
0.0180,0.0240,6.214652e-11,2.355462e-11,47.6650,1,0.0000
0.0180,0.0260,6.214652e-11,2.451643e-11,48.1999,1,0.0000
0.0180,0.0280,6.214652e-11,2.544190e-11,48.7146,1,0.0000
0.0180,0.0300,6.214652e-11,2.633487e-11,49.2113,1,0.0000
0.0180,0.0320,6.214652e-11,2.719853e-11,49.6916,1,0.0000
0.0180,0.0340,6.214652e-11,2.803561e-11,50.1572,1,0.0000
0.0180,0.0360,6.214652e-11,2.884840e-11,50.6092,1,0.0000
0.0180,0.0380,6.214652e-11,2.963891e-11,51.0489,1,0.0000
0.0180,0.0400,6.214652e-11,3.040888e-11,51.4771,1,0.0000
0.0180,0.0420,6.214652e-11,3.115983e-11,51.8948,1,0.0000
0.0180,0.0440,6.214652e-11,3.189311e-11,52.3026,1,0.0000
0.0180,0.0460,6.214652e-11,3.260990e-11,52.7013,1,0.0000
0.0180,0.0480,6.214652e-11,3.331126e-11,53.0914,1,0.0000
0.0180,0.0500,6.214652e-11,3.399817e-11,53.4734,1,0.0000
0.0180,0.0520,6.214652e-11,3.467146e-11,53.8479,1,0.0000
0.0180,0.0540,6.214652e-11,3.533193e-11,54.2152,1,0.0000
0.0180,0.0560,6.214652e-11,3.598028e-11,54.5758,1,0.0000
0.0180,0.0580,6.214652e-11,3.661715e-11,54.9300,1,0.0000
0.0180,0.0600,6.214652e-11,3.724312e-11,55.2782,1,0.0000
0.0180,0.0620,6.214652e-11,3.785876e-11,55.6206,1,0.0000
0.0180,0.0640,6.214652e-11,3.846453e-11,55.9575,1,0.0000
0.0180,0.0660,6.214652e-11,3.906092e-11,56.2892,1,0.0000
0.0180,0.0680,6.214652e-11,3.964833e-11,56.6159,1,0.0000
0.0180,0.0700,6.214652e-11,4.022717e-11,56.9378,1,0.0000
0.0180,0.0720,6.214652e-11,4.079780e-11,57.2552,1,0.0000
0.0180,0.0740,6.214652e-11,4.136055e-11,57.5682,1,0.0000
0.0180,0.0760,6.214652e-11,4.191575e-11,57.8770,1,0.0000
0.0180,0.0780,6.214652e-11,4.246370e-11,58.1817,1,0.0000
0.0180,0.0800,6.214652e-11,4.300466e-11,58.4826,1,0.0000
0.0180,0.0820,6.214652e-11,4.353890e-11,58.7797,1,0.0000
0.0180,0.0840,6.214652e-11,4.406666e-11,59.0733,1,0.0000
0.0180,0.0860,6.214652e-11,4.458818e-11,59.3633,1,0.0000
0.0180,0.0880,6.214652e-11,4.510366e-11,59.6500,1,0.0000
0.0180,0.0900,6.214652e-11,4.561333e-11,59.9335,1,0.0000
0.0180,0.0920,6.214652e-11,4.611736e-11,60.2138,1,0.0000
0.0180,0.0940,6.214652e-11,4.661594e-11,60.4911,1,0.0000
0.0180,0.0960,6.214652e-11,4.710924e-11,60.7655,1,0.0000
0.0180,0.0980,6.214652e-11,4.759743e-11,61.0370,1,0.0000
0.0180,0.1000,6.214652e-11,4.808067e-11,61.3058,1,0.0000
0.0180,0.1020,6.214652e-11,4.855909e-11,61.5719,1,0.0000
0.0180,0.1040,6.214652e-11,4.903285e-11,61.8354,1,0.0000
0.0180,0.1060,6.214652e-11,4.950208e-11,62.0963,1,0.0000
0.0180,0.1080,6.214652e-11,4.996690e-11,62.3549,1,0.0000
0.0180,0.1100,6.214652e-11,5.042743e-11,62.6110,1,0.0000
0.0180,0.1120,6.214652e-11,5.088380e-11,62.8648,1,0.0000
0.0180,0.1140,6.214652e-11,5.133610e-11,63.1164,1,0.0000
0.0180,0.1160,6.214652e-11,5.178446e-11,63.3657,1,0.0000
0.0180,0.1180,6.214652e-11,5.222897e-11,63.6130,1,0.0000
0.0180,0.1200,6.214652e-11,5.266973e-11,63.8581,1,0.0000
0.0180,0.1220,6.214652e-11,5.310683e-11,64.1012,1,0.0000
0.0180,0.1240,6.214652e-11,5.354037e-11,64.3423,1,0.0000
0.0180,0.1260,6.214652e-11,5.397042e-11,64.5815,1,0.0000
0.0180,0.1280,6.214652e-11,5.439707e-11,64.8188,1,0.0000
0.0180,0.1300,6.214652e-11,5.482040e-11,65.0543,1,0.0000
0.0180,0.1320,6.214652e-11,5.524048e-11,65.2879,1,0.0000
0.0180,0.1340,6.214652e-11,5.565740e-11,65.5198,1,0.0000
0.0180,0.1360,6.214652e-11,5.607121e-11,65.7499,1,0.0000
0.0180,0.1380,6.214652e-11,5.648200e-11,65.9784,1,0.0000
0.0180,0.1400,6.214652e-11,5.688981e-11,66.2052,1,0.0000
0.0200,0.0000,6.550819e-11,0.000000e+00,36.4341,1,0.0000
0.0200,0.0020,6.550819e-11,6.799633e-12,40.2159,1,0.0000
0.0200,0.0040,6.550819e-11,9.616133e-12,41.7824,1,0.0000
0.0200,0.0060,6.550819e-11,1.177731e-11,42.9844,1,0.0000
0.0200,0.0080,6.550819e-11,1.359927e-11,43.9977,1,0.0000
0.0200,0.0100,6.550819e-11,1.520444e-11,44.8905,1,0.0000
0.0200,0.0120,6.550819e-11,1.665563e-11,45.6976,1,0.0000
0.0200,0.0140,6.550819e-11,1.799014e-11,46.4398,1,0.0000
0.0200,0.0160,6.550819e-11,1.923227e-11,47.1307,1,0.0000
0.0200,0.0180,6.550819e-11,2.039890e-11,47.7795,1,0.0000
0.0200,0.0200,6.550819e-11,2.150233e-11,48.3932,1,0.0000
0.0200,0.0220,6.550819e-11,2.255183e-11,48.9769,1,0.0000
0.0200,0.0240,6.550819e-11,2.355462e-11,49.5346,1,0.0000
0.0200,0.0260,6.550819e-11,2.451643e-11,50.0696,1,0.0000
0.0200,0.0280,6.550819e-11,2.544190e-11,50.5843,1,0.0000
0.0200,0.0300,6.550819e-11,2.633487e-11,51.0810,1,0.0000
0.0200,0.0320,6.550819e-11,2.719853e-11,51.5613,1,0.0000
0.0200,0.0340,6.550819e-11,2.803561e-11,52.0269,1,0.0000
0.0200,0.0360,6.550819e-11,2.884840e-11,52.4789,1,0.0000
0.0200,0.0380,6.550819e-11,2.963891e-11,52.9186,1,0.0000
0.0200,0.0400,6.550819e-11,3.040888e-11,53.3468,1,0.0000
0.0200,0.0420,6.550819e-11,3.115983e-11,53.7645,1,0.0000
0.0200,0.0440,6.550819e-11,3.189311e-11,54.1723,1,0.0000
0.0200,0.0460,6.550819e-11,3.260990e-11,54.5710,1,0.0000
0.0200,0.0480,6.550819e-11,3.331126e-11,54.9611,1,0.0000
0.0200,0.0500,6.550819e-11,3.399817e-11,55.3431,1,0.0000
0.0200,0.0520,6.550819e-11,3.467146e-11,55.7176,1,0.0000
0.0200,0.0540,6.550819e-11,3.533193e-11,56.0849,1,0.0000
0.0200,0.0560,6.550819e-11,3.598028e-11,56.4455,1,0.0000
0.0200,0.0580,6.550819e-11,3.661715e-11,56.7997,1,0.0000
0.0200,0.0600,6.550819e-11,3.724312e-11,57.1479,1,0.0000
0.0200,0.0620,6.550819e-11,3.785876e-11,57.4903,1,0.0000
0.0200,0.0640,6.550819e-11,3.846453e-11,57.8272,1,0.0000
0.0200,0.0660,6.550819e-11,3.906092e-11,58.1589,1,0.0000
0.0200,0.0680,6.550819e-11,3.964833e-11,58.4856,1,0.0000
0.0200,0.0700,6.550819e-11,4.022717e-11,58.8075,1,0.0000
0.0200,0.0720,6.550819e-11,4.079780e-11,59.1249,1,0.0000
0.0200,0.0740,6.550819e-11,4.136055e-11,59.4379,1,0.0000
0.0200,0.0760,6.550819e-11,4.191575e-11,59.7467,1,0.0000
0.0200,0.0780,6.550819e-11,4.246370e-11,60.0514,1,0.0000
0.0200,0.0800,6.550819e-11,4.300466e-11,60.3523,1,0.0000
0.0200,0.0820,6.550819e-11,4.353890e-11,60.6494,1,0.0000
0.0200,0.0840,6.550819e-11,4.406666e-11,60.9430,1,0.0000
0.0200,0.0860,6.550819e-11,4.458818e-11,61.2330,1,0.0000
0.0200,0.0880,6.550819e-11,4.510366e-11,61.5197,1,0.0000
0.0200,0.0900,6.550819e-11,4.561333e-11,61.8032,1,0.0000
0.0200,0.0920,6.550819e-11,4.611736e-11,62.0835,1,0.0000
0.0200,0.0940,6.550819e-11,4.661594e-11,62.3608,1,0.0000
0.0200,0.0960,6.550819e-11,4.710924e-11,62.6352,1,0.0000
0.0200,0.0980,6.550819e-11,4.759743e-11,62.9067,1,0.0000
0.0200,0.1000,6.550819e-11,4.808067e-11,63.1755,1,0.0000
0.0200,0.1020,6.550819e-11,4.855909e-11,63.4415,1,0.0000
0.0200,0.1040,6.550819e-11,4.903285e-11,63.7050,1,0.0000
0.0200,0.1060,6.550819e-11,4.950208e-11,63.9660,1,0.0000
0.0200,0.1080,6.550819e-11,4.996690e-11,64.2245,1,0.0000
0.0200,0.1100,6.550819e-11,5.042743e-11,64.4807,1,0.0000
0.0200,0.1120,6.550819e-11,5.088380e-11,64.7345,1,0.0000
0.0200,0.1140,6.550819e-11,5.133610e-11,64.9861,1,0.0000
0.0200,0.1160,6.550819e-11,5.178446e-11,65.2354,1,0.0000
0.0200,0.1180,6.550819e-11,5.222897e-11,65.4826,1,0.0000
0.0200,0.1200,6.550819e-11,5.266973e-11,65.7278,1,0.0000
0.0200,0.1220,6.550819e-11,5.310683e-11,65.9709,1,0.0000
0.0200,0.1240,6.550819e-11,5.354037e-11,66.2120,1,0.0000
0.0200,0.1260,6.550819e-11,5.397042e-11,66.4512,1,0.0000
0.0200,0.1280,6.550819e-11,5.439707e-11,66.6885,1,0.0000
0.0200,0.1300,6.550819e-11,5.482040e-11,66.9239,1,0.0000
0.0200,0.1320,6.550819e-11,5.524048e-11,67.1576,1,0.0000
0.0200,0.1340,6.550819e-11,5.565740e-11,67.3895,1,0.0000
0.0200,0.1360,6.550819e-11,5.607121e-11,67.6196,1,0.0000
0.0200,0.1380,6.550819e-11,5.648200e-11,67.8481,1,0.0000
0.0200,0.1400,6.550819e-11,5.688981e-11,68.0749,1,0.0000
0.0220,0.0000,6.870557e-11,0.000000e+00,38.2124,1,0.0000
0.0220,0.0020,6.870557e-11,6.799633e-12,41.9942,1,0.0000
0.0220,0.0040,6.870557e-11,9.616133e-12,43.5607,1,0.0000
0.0220,0.0060,6.870557e-11,1.177731e-11,44.7627,1,0.0000
0.0220,0.0080,6.870557e-11,1.359927e-11,45.7760,1,0.0000
0.0220,0.0100,6.870557e-11,1.520444e-11,46.6688,1,0.0000
0.0220,0.0120,6.870557e-11,1.665563e-11,47.4759,1,0.0000
0.0220,0.0140,6.870557e-11,1.799014e-11,48.2181,1,0.0000
0.0220,0.0160,6.870557e-11,1.923227e-11,48.9090,1,0.0000
0.0220,0.0180,6.870557e-11,2.039890e-11,49.5578,1,0.0000
0.0220,0.0200,6.870557e-11,2.150233e-11,50.1715,1,0.0000
0.0220,0.0220,6.870557e-11,2.255183e-11,50.7552,1,0.0000
0.0220,0.0240,6.870557e-11,2.355462e-11,51.3129,1,0.0000
0.0220,0.0260,6.870557e-11,2.451643e-11,51.8479,1,0.0000
0.0220,0.0280,6.870557e-11,2.544190e-11,52.3626,1,0.0000
0.0220,0.0300,6.870557e-11,2.633487e-11,52.8593,1,0.0000
0.0220,0.0320,6.870557e-11,2.719853e-11,53.3396,1,0.0000
0.0220,0.0340,6.870557e-11,2.803561e-11,53.8052,1,0.0000
0.0220,0.0360,6.870557e-11,2.884840e-11,54.2572,1,0.0000
0.0220,0.0380,6.870557e-11,2.963891e-11,54.6969,1,0.0000
0.0220,0.0400,6.870557e-11,3.040888e-11,55.1251,1,0.0000
0.0220,0.0420,6.870557e-11,3.115983e-11,55.5428,1,0.0000
0.0220,0.0440,6.870557e-11,3.189311e-11,55.9506,1,0.0000
0.0220,0.0460,6.870557e-11,3.260990e-11,56.3493,1,0.0000
0.0220,0.0480,6.870557e-11,3.331126e-11,56.7394,1,0.0000
0.0220,0.0500,6.870557e-11,3.399817e-11,57.1214,1,0.0000
0.0220,0.0520,6.870557e-11,3.467146e-11,57.4959,1,0.0000
0.0220,0.0540,6.870557e-11,3.533193e-11,57.8632,1,0.0000
0.0220,0.0560,6.870557e-11,3.598028e-11,58.2238,1,0.0000
0.0220,0.0580,6.870557e-11,3.661715e-11,58.5780,1,0.0000
0.0220,0.0600,6.870557e-11,3.724312e-11,58.9262,1,0.0000
0.0220,0.0620,6.870557e-11,3.785876e-11,59.2686,1,0.0000
0.0220,0.0640,6.870557e-11,3.846453e-11,59.6055,1,0.0000
0.0220,0.0660,6.870557e-11,3.906092e-11,59.9372,1,0.0000
0.0220,0.0680,6.870557e-11,3.964833e-11,60.2639,1,0.0000
0.0220,0.0700,6.870557e-11,4.022717e-11,60.5858,1,0.0000
0.0220,0.0720,6.870557e-11,4.079780e-11,60.9032,1,0.0000
0.0220,0.0740,6.870557e-11,4.136055e-11,61.2162,1,0.0000
0.0220,0.0760,6.870557e-11,4.191575e-11,61.5250,1,0.0000
0.0220,0.0780,6.870557e-11,4.246370e-11,61.8297,1,0.0000
0.0220,0.0800,6.870557e-11,4.300466e-11,62.1306,1,0.0000
0.0220,0.0820,6.870557e-11,4.353890e-11,62.4277,1,0.0000
0.0220,0.0840,6.870557e-11,4.406666e-11,62.7213,1,0.0000
0.0220,0.0860,6.870557e-11,4.458818e-11,63.0113,1,0.0000
0.0220,0.0880,6.870557e-11,4.510366e-11,63.2980,1,0.0000
0.0220,0.0900,6.870557e-11,4.561333e-11,63.5815,1,0.0000
0.0220,0.0920,6.870557e-11,4.611736e-11,63.8618,1,0.0000
0.0220,0.0940,6.870557e-11,4.661594e-11,64.1391,1,0.0000
0.0220,0.0960,6.870557e-11,4.710924e-11,64.4135,1,0.0000
0.0220,0.0980,6.870557e-11,4.759743e-11,64.6850,1,0.0000
0.0220,0.1000,6.870557e-11,4.808067e-11,64.9538,1,0.0000
0.0220,0.1020,6.870557e-11,4.855909e-11,65.2199,1,0.0000
0.0220,0.1040,6.870557e-11,4.903285e-11,65.4833,1,0.0000
0.0220,0.1060,6.870557e-11,4.950208e-11,65.7443,1,0.0000
0.0220,0.1080,6.870557e-11,4.996690e-11,66.0028,1,0.0000
0.0220,0.1100,6.870557e-11,5.042743e-11,66.2590,1,0.0000
0.0220,0.1120,6.870557e-11,5.088380e-11,66.5128,1,0.0000
0.0220,0.1140,6.870557e-11,5.133610e-11,66.7644,1,0.0000
0.0220,0.1160,6.870557e-11,5.178446e-11,67.0137,1,0.0000
0.0220,0.1180,6.870557e-11,5.222897e-11,67.2610,1,0.0000
0.0220,0.1200,6.870557e-11,5.266973e-11,67.5061,1,0.0000
0.0220,0.1220,6.870557e-11,5.310683e-11,67.7492,1,0.0000
0.0220,0.1240,6.870557e-11,5.354037e-11,67.9903,1,0.0000
0.0220,0.1260,6.870557e-11,5.397042e-11,68.2295,1,0.0000
0.0220,0.1280,6.870557e-11,5.439707e-11,68.4668,1,0.0000
0.0220,0.1300,6.870557e-11,5.482040e-11,68.7022,1,0.0000
0.0220,0.1320,6.870557e-11,5.524048e-11,68.9359,1,0.0000
0.0220,0.1340,6.870557e-11,5.565740e-11,69.1678,1,0.0000
0.0220,0.1360,6.870557e-11,5.607121e-11,69.3979,1,0.0000
0.0220,0.1380,6.870557e-11,5.648200e-11,69.6264,1,0.0000
0.0220,0.1400,6.870557e-11,5.688981e-11,69.8532,1,0.0000
0.0240,0.0000,7.176062e-11,0.000000e+00,39.9116,1,0.0000
0.0240,0.0020,7.176062e-11,6.799633e-12,43.6934,1,0.0000
0.0240,0.0040,7.176062e-11,9.616133e-12,45.2598,1,0.0000
0.0240,0.0060,7.176062e-11,1.177731e-11,46.4618,1,0.0000
0.0240,0.0080,7.176062e-11,1.359927e-11,47.4752,1,0.0000
0.0240,0.0100,7.176062e-11,1.520444e-11,48.3679,1,0.0000
0.0240,0.0120,7.176062e-11,1.665563e-11,49.1750,1,0.0000
0.0240,0.0140,7.176062e-11,1.799014e-11,49.9173,1,0.0000
0.0240,0.0160,7.176062e-11,1.923227e-11,50.6081,1,0.0000
0.0240,0.0180,7.176062e-11,2.039890e-11,51.2570,1,0.0000
0.0240,0.0200,7.176062e-11,2.150233e-11,51.8707,1,0.0000
0.0240,0.0220,7.176062e-11,2.255183e-11,52.4544,1,0.0000
0.0240,0.0240,7.176062e-11,2.355462e-11,53.0121,1,0.0000
0.0240,0.0260,7.176062e-11,2.451643e-11,53.5470,1,0.0000
0.0240,0.0280,7.176062e-11,2.544190e-11,54.0618,1,0.0000
0.0240,0.0300,7.176062e-11,2.633487e-11,54.5584,1,0.0000
0.0240,0.0320,7.176062e-11,2.719853e-11,55.0388,1,0.0000
0.0240,0.0340,7.176062e-11,2.803561e-11,55.5043,1,0.0000
0.0240,0.0360,7.176062e-11,2.884840e-11,55.9564,1,0.0000
0.0240,0.0380,7.176062e-11,2.963891e-11,56.3960,1,0.0000
0.0240,0.0400,7.176062e-11,3.040888e-11,56.8243,1,0.0000
0.0240,0.0420,7.176062e-11,3.115983e-11,57.2419,1,0.0000
0.0240,0.0440,7.176062e-11,3.189311e-11,57.6498,1,0.0000
0.0240,0.0460,7.176062e-11,3.260990e-11,58.0484,1,0.0000
0.0240,0.0480,7.176062e-11,3.331126e-11,58.4385,1,0.0000
0.0240,0.0500,7.176062e-11,3.399817e-11,58.8206,1,0.0000
0.0240,0.0520,7.176062e-11,3.467146e-11,59.1950,1,0.0000
0.0240,0.0540,7.176062e-11,3.533193e-11,59.5624,1,0.0000
0.0240,0.0560,7.176062e-11,3.598028e-11,59.9230,1,0.0000
0.0240,0.0580,7.176062e-11,3.661715e-11,60.2772,1,0.0000
0.0240,0.0600,7.176062e-11,3.724312e-11,60.6253,1,0.0000
0.0240,0.0620,7.176062e-11,3.785876e-11,60.9677,1,0.0000
0.0240,0.0640,7.176062e-11,3.846453e-11,61.3046,1,0.0000
0.0240,0.0660,7.176062e-11,3.906092e-11,61.6363,1,0.0000
0.0240,0.0680,7.176062e-11,3.964833e-11,61.9630,1,0.0000
0.0240,0.0700,7.176062e-11,4.022717e-11,62.2850,1,0.0000
0.0240,0.0720,7.176062e-11,4.079780e-11,62.6024,1,0.0000
0.0240,0.0740,7.176062e-11,4.136055e-11,62.9153,1,0.0000
0.0240,0.0760,7.176062e-11,4.191575e-11,63.2241,1,0.0000
0.0240,0.0780,7.176062e-11,4.246370e-11,63.5289,1,0.0000
0.0240,0.0800,7.176062e-11,4.300466e-11,63.8298,1,0.0000
0.0240,0.0820,7.176062e-11,4.353890e-11,64.1269,1,0.0000
0.0240,0.0840,7.176062e-11,4.406666e-11,64.4204,1,0.0000
0.0240,0.0860,7.176062e-11,4.458818e-11,64.7105,1,0.0000
0.0240,0.0880,7.176062e-11,4.510366e-11,64.9972,1,0.0000
0.0240,0.0900,7.176062e-11,4.561333e-11,65.2806,1,0.0000
0.0240,0.0920,7.176062e-11,4.611736e-11,65.5610,1,0.0000
0.0240,0.0940,7.176062e-11,4.661594e-11,65.8383,1,0.0000
0.0240,0.0960,7.176062e-11,4.710924e-11,66.1126,1,0.0000
0.0240,0.0980,7.176062e-11,4.759743e-11,66.3841,1,0.0000
0.0240,0.1000,7.176062e-11,4.808067e-11,66.6529,1,0.0000
0.0240,0.1020,7.176062e-11,4.855909e-11,66.9190,1,0.0000
0.0240,0.1040,7.176062e-11,4.903285e-11,67.1825,1,0.0000
0.0240,0.1060,7.176062e-11,4.950208e-11,67.4435,1,0.0000
0.0240,0.1080,7.176062e-11,4.996690e-11,67.7020,1,0.0000
0.0240,0.1100,7.176062e-11,5.042743e-11,67.9581,1,0.0000
0.0240,0.1120,7.176062e-11,5.088380e-11,68.2119,1,0.0000
0.0240,0.1140,7.176062e-11,5.133610e-11,68.4635,1,0.0000
0.0240,0.1160,7.176062e-11,5.178446e-11,68.7129,1,0.0000
0.0240,0.1180,7.176062e-11,5.222897e-11,68.9601,1,0.0000
0.0240,0.1200,7.176062e-11,5.266973e-11,69.2052,1,0.0000
0.0240,0.1220,7.176062e-11,5.310683e-11,69.4483,1,0.0000
0.0240,0.1240,7.176062e-11,5.354037e-11,69.6895,1,0.0000
0.0240,0.1260,7.176062e-11,5.397042e-11,69.9287,1,0.0000
0.0240,0.1280,7.176062e-11,5.439707e-11,70.1659,1,0.0000
0.0240,0.1300,7.176062e-11,5.482040e-11,70.4014,1,0.0000
0.0240,0.1320,7.176062e-11,5.524048e-11,70.6350,1,0.0000
0.0240,0.1340,7.176062e-11,5.565740e-11,70.8669,1,0.0000
0.0240,0.1360,7.176062e-11,5.607121e-11,71.0971,1,0.0000
0.0240,0.1380,7.176062e-11,5.648200e-11,71.3255,1,0.0000
0.0240,0.1400,7.176062e-11,5.688981e-11,71.5524,1,0.0000
0.0260,0.0000,7.469083e-11,0.000000e+00,41.5413,1,0.0000
0.0260,0.0020,7.469083e-11,6.799633e-12,45.3231,1,0.0000
0.0260,0.0040,7.469083e-11,9.616133e-12,46.8896,1,0.0000
0.0260,0.0060,7.469083e-11,1.177731e-11,48.0915,1,0.0000
0.0260,0.0080,7.469083e-11,1.359927e-11,49.1049,1,0.0000
0.0260,0.0100,7.469083e-11,1.520444e-11,49.9976,1,0.0000
0.0260,0.0120,7.469083e-11,1.665563e-11,50.8048,1,0.0000
0.0260,0.0140,7.469083e-11,1.799014e-11,51.5470,1,0.0000
0.0260,0.0160,7.469083e-11,1.923227e-11,52.2378,1,0.0000
0.0260,0.0180,7.469083e-11,2.039890e-11,52.8867,1,0.0000
0.0260,0.0200,7.469083e-11,2.150233e-11,53.5004,1,0.0000
0.0260,0.0220,7.469083e-11,2.255183e-11,54.0841,1,0.0000
0.0260,0.0240,7.469083e-11,2.355462e-11,54.6418,1,0.0000
0.0260,0.0260,7.469083e-11,2.451643e-11,55.1767,1,0.0000
0.0260,0.0280,7.469083e-11,2.544190e-11,55.6915,1,0.0000
0.0260,0.0300,7.469083e-11,2.633487e-11,56.1881,1,0.0000
0.0260,0.0320,7.469083e-11,2.719853e-11,56.6685,1,0.0000
0.0260,0.0340,7.469083e-11,2.803561e-11,57.1340,1,0.0000
0.0260,0.0360,7.469083e-11,2.884840e-11,57.5861,1,0.0000
0.0260,0.0380,7.469083e-11,2.963891e-11,58.0258,1,0.0000
0.0260,0.0400,7.469083e-11,3.040888e-11,58.4540,1,0.0000
0.0260,0.0420,7.469083e-11,3.115983e-11,58.8717,1,0.0000
0.0260,0.0440,7.469083e-11,3.189311e-11,59.2795,1,0.0000
0.0260,0.0460,7.469083e-11,3.260990e-11,59.6781,1,0.0000
0.0260,0.0480,7.469083e-11,3.331126e-11,60.0682,1,0.0000
0.0260,0.0500,7.469083e-11,3.399817e-11,60.4503,1,0.0000
0.0260,0.0520,7.469083e-11,3.467146e-11,60.8247,1,0.0000
0.0260,0.0540,7.469083e-11,3.533193e-11,61.1921,1,0.0000
0.0260,0.0560,7.469083e-11,3.598028e-11,61.5527,1,0.0000
0.0260,0.0580,7.469083e-11,3.661715e-11,61.9069,1,0.0000
0.0260,0.0600,7.469083e-11,3.724312e-11,62.2550,1,0.0000
0.0260,0.0620,7.469083e-11,3.785876e-11,62.5974,1,0.0000
0.0260,0.0640,7.469083e-11,3.846453e-11,62.9344,1,0.0000
0.0260,0.0660,7.469083e-11,3.906092e-11,63.2660,1,0.0000
0.0260,0.0680,7.469083e-11,3.964833e-11,63.5928,1,0.0000
0.0260,0.0700,7.469083e-11,4.022717e-11,63.9147,1,0.0000
0.0260,0.0720,7.469083e-11,4.079780e-11,64.2321,1,0.0000
0.0260,0.0740,7.469083e-11,4.136055e-11,64.5451,1,0.0000
0.0260,0.0760,7.469083e-11,4.191575e-11,64.8538,1,0.0000
0.0260,0.0780,7.469083e-11,4.246370e-11,65.1586,1,0.0000
0.0260,0.0800,7.469083e-11,4.300466e-11,65.4595,1,0.0000
0.0260,0.0820,7.469083e-11,4.353890e-11,65.7566,1,0.0000
0.0260,0.0840,7.469083e-11,4.406666e-11,66.0501,1,0.0000
0.0260,0.0860,7.469083e-11,4.458818e-11,66.3402,1,0.0000
0.0260,0.0880,7.469083e-11,4.510366e-11,66.6269,1,0.0000
0.0260,0.0900,7.469083e-11,4.561333e-11,66.9103,1,0.0000
0.0260,0.0920,7.469083e-11,4.611736e-11,67.1907,1,0.0000
0.0260,0.0940,7.469083e-11,4.661594e-11,67.4680,1,0.0000
0.0260,0.0960,7.469083e-11,4.710924e-11,67.7423,1,0.0000
0.0260,0.0980,7.469083e-11,4.759743e-11,68.0139,1,0.0000
0.0260,0.1000,7.469083e-11,4.808067e-11,68.2826,1,0.0000
0.0260,0.1020,7.469083e-11,4.855909e-11,68.5487,1,0.0000
0.0260,0.1040,7.469083e-11,4.903285e-11,68.8122,1,0.0000
0.0260,0.1060,7.469083e-11,4.950208e-11,69.0732,1,0.0000
0.0260,0.1080,7.469083e-11,4.996690e-11,69.3317,1,0.0000
0.0260,0.1100,7.469083e-11,5.042743e-11,69.5878,1,0.0000
0.0260,0.1120,7.469083e-11,5.088380e-11,69.8417,1,0.0000
0.0260,0.1140,7.469083e-11,5.133610e-11,70.0932,1,0.0000
0.0260,0.1160,7.469083e-11,5.178446e-11,70.3426,1,0.0000
0.0260,0.1180,7.469083e-11,5.222897e-11,70.5898,1,0.0000
0.0260,0.1200,7.469083e-11,5.266973e-11,70.8350,1,0.0000
0.0260,0.1220,7.469083e-11,5.310683e-11,71.0781,1,0.0000
0.0260,0.1240,7.469083e-11,5.354037e-11,71.3192,1,0.0000
0.0260,0.1260,7.469083e-11,5.397042e-11,71.5584,1,0.0000
0.0260,0.1280,7.469083e-11,5.439707e-11,71.7957,1,0.0000
0.0260,0.1300,7.469083e-11,5.482040e-11,72.0311,1,0.0000
0.0260,0.1320,7.469083e-11,5.524048e-11,72.2647,1,0.0000
0.0260,0.1340,7.469083e-11,5.565740e-11,72.4966,1,0.0000
0.0260,0.1360,7.469083e-11,5.607121e-11,72.7268,1,0.0000
0.0260,0.1380,7.469083e-11,5.648200e-11,72.9552,1,0.0000
0.0260,0.1400,7.469083e-11,5.688981e-11,73.1821,1,0.0000
0.0280,0.0000,7.751033e-11,0.000000e+00,43.1094,1,0.0000
0.0280,0.0020,7.751033e-11,6.799633e-12,46.8912,1,0.0000
0.0280,0.0040,7.751033e-11,9.616133e-12,48.4577,1,0.0000
0.0280,0.0060,7.751033e-11,1.177731e-11,49.6597,1,0.0000
0.0280,0.0080,7.751033e-11,1.359927e-11,50.6730,1,0.0000
0.0280,0.0100,7.751033e-11,1.520444e-11,51.5658,1,0.0000
0.0280,0.0120,7.751033e-11,1.665563e-11,52.3729,1,0.0000
0.0280,0.0140,7.751033e-11,1.799014e-11,53.1151,1,0.0000
0.0280,0.0160,7.751033e-11,1.923227e-11,53.8060,1,0.0000
0.0280,0.0180,7.751033e-11,2.039890e-11,54.4548,1,0.0000
0.0280,0.0200,7.751033e-11,2.150233e-11,55.0685,1,0.0000
0.0280,0.0220,7.751033e-11,2.255183e-11,55.6522,1,0.0000
0.0280,0.0240,7.751033e-11,2.355462e-11,56.2100,1,0.0000
0.0280,0.0260,7.751033e-11,2.451643e-11,56.7449,1,0.0000
0.0280,0.0280,7.751033e-11,2.544190e-11,57.2596,1,0.0000
0.0280,0.0300,7.751033e-11,2.633487e-11,57.7563,1,0.0000
0.0280,0.0320,7.751033e-11,2.719853e-11,58.2366,1,0.0000
0.0280,0.0340,7.751033e-11,2.803561e-11,58.7022,1,0.0000
0.0280,0.0360,7.751033e-11,2.884840e-11,59.1542,1,0.0000
0.0280,0.0380,7.751033e-11,2.963891e-11,59.5939,1,0.0000
0.0280,0.0400,7.751033e-11,3.040888e-11,60.0221,1,0.0000
0.0280,0.0420,7.751033e-11,3.115983e-11,60.4398,1,0.0000
0.0280,0.0440,7.751033e-11,3.189311e-11,60.8476,1,0.0000
0.0280,0.0460,7.751033e-11,3.260990e-11,61.2463,1,0.0000
0.0280,0.0480,7.751033e-11,3.331126e-11,61.6364,1,0.0000
0.0280,0.0500,7.751033e-11,3.399817e-11,62.0184,1,0.0000
0.0280,0.0520,7.751033e-11,3.467146e-11,62.3929,1,0.0000
0.0280,0.0540,7.751033e-11,3.533193e-11,62.7602,1,0.0000
0.0280,0.0560,7.751033e-11,3.598028e-11,63.1208,1,0.0000
0.0280,0.0580,7.751033e-11,3.661715e-11,63.4750,1,0.0000
0.0280,0.0600,7.751033e-11,3.724312e-11,63.8232,1,0.0000
0.0280,0.0620,7.751033e-11,3.785876e-11,64.1656,1,0.0000
0.0280,0.0640,7.751033e-11,3.846453e-11,64.5025,1,0.0000
0.0280,0.0660,7.751033e-11,3.906092e-11,64.8342,1,0.0000
0.0280,0.0680,7.751033e-11,3.964833e-11,65.1609,1,0.0000
0.0280,0.0700,7.751033e-11,4.022717e-11,65.4828,1,0.0000
0.0280,0.0720,7.751033e-11,4.079780e-11,65.8002,1,0.0000
0.0280,0.0740,7.751033e-11,4.136055e-11,66.1132,1,0.0000
0.0280,0.0760,7.751033e-11,4.191575e-11,66.4220,1,0.0000
0.0280,0.0780,7.751033e-11,4.246370e-11,66.7267,1,0.0000
0.0280,0.0800,7.751033e-11,4.300466e-11,67.0276,1,0.0000
0.0280,0.0820,7.751033e-11,4.353890e-11,67.3247,1,0.0000
0.0280,0.0840,7.751033e-11,4.406666e-11,67.6183,1,0.0000
0.0280,0.0860,7.751033e-11,4.458818e-11,67.9083,1,0.0000
0.0280,0.0880,7.751033e-11,4.510366e-11,68.1950,1,0.0000
0.0280,0.0900,7.751033e-11,4.561333e-11,68.4785,1,0.0000
0.0280,0.0920,7.751033e-11,4.611736e-11,68.7588,1,0.0000
0.0280,0.0940,7.751033e-11,4.661594e-11,69.0361,1,0.0000
0.0280,0.0960,7.751033e-11,4.710924e-11,69.3105,1,0.0000
0.0280,0.0980,7.751033e-11,4.759743e-11,69.5820,1,0.0000
0.0280,0.1000,7.751033e-11,4.808067e-11,69.8508,1,0.0000
0.0280,0.1020,7.751033e-11,4.855909e-11,70.1169,1,0.0000
0.0280,0.1040,7.751033e-11,4.903285e-11,70.3803,1,0.0000
0.0280,0.1060,7.751033e-11,4.950208e-11,70.6413,1,0.0000
0.0280,0.1080,7.751033e-11,4.996690e-11,70.8998,1,0.0000
0.0280,0.1100,7.751033e-11,5.042743e-11,71.1560,1,0.0000
0.0280,0.1120,7.751033e-11,5.088380e-11,71.4098,1,0.0000
0.0280,0.1140,7.751033e-11,5.133610e-11,71.6614,1,0.0000
0.0280,0.1160,7.751033e-11,5.178446e-11,71.9107,1,0.0000
0.0280,0.1180,7.751033e-11,5.222897e-11,72.1580,1,0.0000
0.0280,0.1200,7.751033e-11,5.266973e-11,72.4031,1,0.0000
0.0280,0.1220,7.751033e-11,5.310683e-11,72.6462,1,0.0000
0.0280,0.1240,7.751033e-11,5.354037e-11,72.8873,1,0.0000
0.0280,0.1260,7.751033e-11,5.397042e-11,73.1265,1,0.0000
0.0280,0.1280,7.751033e-11,5.439707e-11,73.3638,1,0.0000
0.0280,0.1300,7.751033e-11,5.482040e-11,73.5992,1,0.0000
0.0280,0.1320,7.751033e-11,5.524048e-11,73.8329,1,0.0000
0.0280,0.1340,7.751033e-11,5.565740e-11,74.0648,1,0.0000
0.0280,0.1360,7.751033e-11,5.607121e-11,74.2949,1,0.0000
0.0280,0.1380,7.751033e-11,5.648200e-11,74.5234,1,0.0000
0.0280,0.1400,7.751033e-11,5.688981e-11,74.7502,1,0.0000
0.0300,0.0000,8.023082e-11,0.000000e+00,44.6225,1,0.0000
0.0300,0.0020,8.023082e-11,6.799633e-12,48.4043,1,0.0000
0.0300,0.0040,8.023082e-11,9.616133e-12,49.9708,1,0.0000
0.0300,0.0060,8.023082e-11,1.177731e-11,51.1728,1,0.0000
0.0300,0.0080,8.023082e-11,1.359927e-11,52.1861,1,0.0000
0.0300,0.0100,8.023082e-11,1.520444e-11,53.0789,1,0.0000
0.0300,0.0120,8.023082e-11,1.665563e-11,53.8860,1,0.0000
0.0300,0.0140,8.023082e-11,1.799014e-11,54.6282,1,0.0000
0.0300,0.0160,8.023082e-11,1.923227e-11,55.3190,1,0.0000
0.0300,0.0180,8.023082e-11,2.039890e-11,55.9679,1,0.0000
0.0300,0.0200,8.023082e-11,2.150233e-11,56.5816,1,0.0000
0.0300,0.0220,8.023082e-11,2.255183e-11,57.1653,1,0.0000
0.0300,0.0240,8.023082e-11,2.355462e-11,57.7230,1,0.0000
0.0300,0.0260,8.023082e-11,2.451643e-11,58.2580,1,0.0000
0.0300,0.0280,8.023082e-11,2.544190e-11,58.7727,1,0.0000
0.0300,0.0300,8.023082e-11,2.633487e-11,59.2693,1,0.0000
0.0300,0.0320,8.023082e-11,2.719853e-11,59.7497,1,0.0000
0.0300,0.0340,8.023082e-11,2.803561e-11,60.2152,1,0.0000
0.0300,0.0360,8.023082e-11,2.884840e-11,60.6673,1,0.0000
0.0300,0.0380,8.023082e-11,2.963891e-11,61.1070,1,0.0000
0.0300,0.0400,8.023082e-11,3.040888e-11,61.5352,1,0.0000
0.0300,0.0420,8.023082e-11,3.115983e-11,61.9529,1,0.0000
0.0300,0.0440,8.023082e-11,3.189311e-11,62.3607,1,0.0000
0.0300,0.0460,8.023082e-11,3.260990e-11,62.7594,1,0.0000
0.0300,0.0480,8.023082e-11,3.331126e-11,63.1494,1,0.0000
0.0300,0.0500,8.023082e-11,3.399817e-11,63.5315,1,0.0000
0.0300,0.0520,8.023082e-11,3.467146e-11,63.9059,1,0.0000
0.0300,0.0540,8.023082e-11,3.533193e-11,64.2733,1,0.0000
0.0300,0.0560,8.023082e-11,3.598028e-11,64.6339,1,0.0000
0.0300,0.0580,8.023082e-11,3.661715e-11,64.9881,1,0.0000
0.0300,0.0600,8.023082e-11,3.724312e-11,65.3362,1,0.0000
0.0300,0.0620,8.023082e-11,3.785876e-11,65.6786,1,0.0000
0.0300,0.0640,8.023082e-11,3.846453e-11,66.0156,1,0.0000
0.0300,0.0660,8.023082e-11,3.906092e-11,66.3473,1,0.0000
0.0300,0.0680,8.023082e-11,3.964833e-11,66.6740,1,0.0000
0.0300,0.0700,8.023082e-11,4.022717e-11,66.9959,1,0.0000
0.0300,0.0720,8.023082e-11,4.079780e-11,67.3133,1,0.0000
0.0300,0.0740,8.023082e-11,4.136055e-11,67.6263,1,0.0000
0.0300,0.0760,8.023082e-11,4.191575e-11,67.9351,1,0.0000
0.0300,0.0780,8.023082e-11,4.246370e-11,68.2398,1,0.0000
0.0300,0.0800,8.023082e-11,4.300466e-11,68.5407,1,0.0000
0.0300,0.0820,8.023082e-11,4.353890e-11,68.8378,1,0.0000
0.0300,0.0840,8.023082e-11,4.406666e-11,69.1313,1,0.0000
0.0300,0.0860,8.023082e-11,4.458818e-11,69.4214,1,0.0000
0.0300,0.0880,8.023082e-11,4.510366e-11,69.7081,1,0.0000
0.0300,0.0900,8.023082e-11,4.561333e-11,69.9916,1,0.0000
0.0300,0.0920,8.023082e-11,4.611736e-11,70.2719,1,0.0000
0.0300,0.0940,8.023082e-11,4.661594e-11,70.5492,1,0.0000
0.0300,0.0960,8.023082e-11,4.710924e-11,70.8235,1,0.0000
0.0300,0.0980,8.023082e-11,4.759743e-11,71.0951,1,0.0000
0.0300,0.1000,8.023082e-11,4.808067e-11,71.3638,1,0.0000
0.0300,0.1020,8.023082e-11,4.855909e-11,71.6299,1,0.0000
0.0300,0.1040,8.023082e-11,4.903285e-11,71.8934,1,0.0000
0.0300,0.1060,8.023082e-11,4.950208e-11,72.1544,1,0.0000
0.0300,0.1080,8.023082e-11,4.996690e-11,72.4129,1,0.0000
0.0300,0.1100,8.023082e-11,5.042743e-11,72.6690,1,0.0000
0.0300,0.1120,8.023082e-11,5.088380e-11,72.9229,1,0.0000
0.0300,0.1140,8.023082e-11,5.133610e-11,73.1744,1,0.0000
0.0300,0.1160,8.023082e-11,5.178446e-11,73.4238,1,0.0000
0.0300,0.1180,8.023082e-11,5.222897e-11,73.6710,1,0.0000
0.0300,0.1200,8.023082e-11,5.266973e-11,73.9162,1,0.0000
0.0300,0.1220,8.023082e-11,5.310683e-11,74.1593,1,0.0000
0.0300,0.1240,8.023082e-11,5.354037e-11,74.4004,1,0.0000
0.0300,0.1260,8.023082e-11,5.397042e-11,74.6396,1,0.0000
0.0300,0.1280,8.023082e-11,5.439707e-11,74.8769,1,0.0000
0.0300,0.1300,8.023082e-11,5.482040e-11,75.1123,1,0.0000
0.0300,0.1320,8.023082e-11,5.524048e-11,75.3460,1,0.0000
0.0300,0.1340,8.023082e-11,5.565740e-11,75.5778,1,0.0000
0.0300,0.1360,8.023082e-11,5.607121e-11,75.8080,1,0.0000
0.0300,0.1380,8.023082e-11,5.648200e-11,76.0365,1,0.0000
0.0300,0.1400,8.023082e-11,5.688981e-11,76.2633,1,0.0000
0.0320,0.0000,8.286203e-11,0.000000e+00,46.0859,1,0.0000
0.0320,0.0020,8.286203e-11,6.799633e-12,49.8677,1,0.0000
0.0320,0.0040,8.286203e-11,9.616133e-12,51.4342,1,0.0000
0.0320,0.0060,8.286203e-11,1.177731e-11,52.6362,1,0.0000
0.0320,0.0080,8.286203e-11,1.359927e-11,53.6495,1,0.0000
0.0320,0.0100,8.286203e-11,1.520444e-11,54.5423,1,0.0000
0.0320,0.0120,8.286203e-11,1.665563e-11,55.3494,1,0.0000
0.0320,0.0140,8.286203e-11,1.799014e-11,56.0916,1,0.0000
0.0320,0.0160,8.286203e-11,1.923227e-11,56.7825,1,0.0000
0.0320,0.0180,8.286203e-11,2.039890e-11,57.4313,1,0.0000
0.0320,0.0200,8.286203e-11,2.150233e-11,58.0450,1,0.0000
0.0320,0.0220,8.286203e-11,2.255183e-11,58.6287,1,0.0000
0.0320,0.0240,8.286203e-11,2.355462e-11,59.1864,1,0.0000
0.0320,0.0260,8.286203e-11,2.451643e-11,59.7214,1,0.0000
0.0320,0.0280,8.286203e-11,2.544190e-11,60.2361,1,0.0000
0.0320,0.0300,8.286203e-11,2.633487e-11,60.7328,1,0.0000
0.0320,0.0320,8.286203e-11,2.719853e-11,61.2131,1,0.0000
0.0320,0.0340,8.286203e-11,2.803561e-11,61.6787,1,0.0000
0.0320,0.0360,8.286203e-11,2.884840e-11,62.1307,1,0.0000
0.0320,0.0380,8.286203e-11,2.963891e-11,62.5704,1,0.0000
0.0320,0.0400,8.286203e-11,3.040888e-11,62.9986,1,0.0000
0.0320,0.0420,8.286203e-11,3.115983e-11,63.4163,1,0.0000
0.0320,0.0440,8.286203e-11,3.189311e-11,63.8241,1,0.0000
0.0320,0.0460,8.286203e-11,3.260990e-11,64.2228,1,0.0000
0.0320,0.0480,8.286203e-11,3.331126e-11,64.6129,1,0.0000
0.0320,0.0500,8.286203e-11,3.399817e-11,64.9949,1,0.0000
0.0320,0.0520,8.286203e-11,3.467146e-11,65.3694,1,0.0000
0.0320,0.0540,8.286203e-11,3.533193e-11,65.7367,1,0.0000
0.0320,0.0560,8.286203e-11,3.598028e-11,66.0973,1,0.0000
0.0320,0.0580,8.286203e-11,3.661715e-11,66.4515,1,0.0000
0.0320,0.0600,8.286203e-11,3.724312e-11,66.7997,1,0.0000
0.0320,0.0620,8.286203e-11,3.785876e-11,67.1421,1,0.0000
0.0320,0.0640,8.286203e-11,3.846453e-11,67.4790,1,0.0000
0.0320,0.0660,8.286203e-11,3.906092e-11,67.8107,1,0.0000
0.0320,0.0680,8.286203e-11,3.964833e-11,68.1374,1,0.0000
0.0320,0.0700,8.286203e-11,4.022717e-11,68.4593,1,0.0000
0.0320,0.0720,8.286203e-11,4.079780e-11,68.7767,1,0.0000
0.0320,0.0740,8.286203e-11,4.136055e-11,69.0897,1,0.0000
0.0320,0.0760,8.286203e-11,4.191575e-11,69.3985,1,0.0000
0.0320,0.0780,8.286203e-11,4.246370e-11,69.7032,1,0.0000
0.0320,0.0800,8.286203e-11,4.300466e-11,70.0041,1,0.0000
0.0320,0.0820,8.286203e-11,4.353890e-11,70.3012,1,0.0000
0.0320,0.0840,8.286203e-11,4.406666e-11,70.5948,1,0.0000
0.0320,0.0860,8.286203e-11,4.458818e-11,70.8848,1,0.0000
0.0320,0.0880,8.286203e-11,4.510366e-11,71.1715,1,0.0000
0.0320,0.0900,8.286203e-11,4.561333e-11,71.4550,1,0.0000
0.0320,0.0920,8.286203e-11,4.611736e-11,71.7353,1,0.0000
0.0320,0.0940,8.286203e-11,4.661594e-11,72.0126,1,0.0000
0.0320,0.0960,8.286203e-11,4.710924e-11,72.2870,1,0.0000
0.0320,0.0980,8.286203e-11,4.759743e-11,72.5585,1,0.0000
0.0320,0.1000,8.286203e-11,4.808067e-11,72.8273,1,0.0000
0.0320,0.1020,8.286203e-11,4.855909e-11,73.0933,1,0.0000
0.0320,0.1040,8.286203e-11,4.903285e-11,73.3568,1,0.0000
0.0320,0.1060,8.286203e-11,4.950208e-11,73.6178,1,0.0000
0.0320,0.1080,8.286203e-11,4.996690e-11,73.8763,1,0.0000
0.0320,0.1100,8.286203e-11,5.042743e-11,74.1325,1,0.0000
0.0320,0.1120,8.286203e-11,5.088380e-11,74.3863,1,0.0000
0.0320,0.1140,8.286203e-11,5.133610e-11,74.6379,1,0.0000
0.0320,0.1160,8.286203e-11,5.178446e-11,74.8872,1,0.0000
0.0320,0.1180,8.286203e-11,5.222897e-11,75.1344,1,0.0000
0.0320,0.1200,8.286203e-11,5.266973e-11,75.3796,1,0.0000
0.0320,0.1220,8.286203e-11,5.310683e-11,75.6227,1,0.0000
0.0320,0.1240,8.286203e-11,5.354037e-11,75.8638,1,0.0000
0.0320,0.1260,8.286203e-11,5.397042e-11,76.1030,1,0.0000
0.0320,0.1280,8.286203e-11,5.439707e-11,76.3403,1,0.0000
0.0320,0.1300,8.286203e-11,5.482040e-11,76.5757,1,0.0000
0.0320,0.1320,8.286203e-11,5.524048e-11,76.8094,1,0.0000
0.0320,0.1340,8.286203e-11,5.565740e-11,77.0413,1,0.0000
0.0320,0.1360,8.286203e-11,5.607121e-11,77.2714,1,0.0000
0.0320,0.1380,8.286203e-11,5.648200e-11,77.4999,1,0.0000
0.0320,0.1400,8.286203e-11,5.688981e-11,77.7267,1,0.0000
0.0340,0.0000,8.541223e-11,0.000000e+00,47.5043,1,0.0000
0.0340,0.0020,8.541223e-11,6.799633e-12,51.2861,1,0.0000
0.0340,0.0040,8.541223e-11,9.616133e-12,52.8525,1,0.0000
0.0340,0.0060,8.541223e-11,1.177731e-11,54.0545,1,0.0000
0.0340,0.0080,8.541223e-11,1.359927e-11,55.0679,1,0.0000
0.0340,0.0100,8.541223e-11,1.520444e-11,55.9606,1,0.0000
0.0340,0.0120,8.541223e-11,1.665563e-11,56.7677,1,0.0000
0.0340,0.0140,8.541223e-11,1.799014e-11,57.5100,1,0.0000
0.0340,0.0160,8.541223e-11,1.923227e-11,58.2008,1,0.0000
0.0340,0.0180,8.541223e-11,2.039890e-11,58.8497,1,0.0000
0.0340,0.0200,8.541223e-11,2.150233e-11,59.4634,1,0.0000
0.0340,0.0220,8.541223e-11,2.255183e-11,60.0471,1,0.0000
0.0340,0.0240,8.541223e-11,2.355462e-11,60.6048,1,0.0000
0.0340,0.0260,8.541223e-11,2.451643e-11,61.1397,1,0.0000
0.0340,0.0280,8.541223e-11,2.544190e-11,61.6545,1,0.0000
0.0340,0.0300,8.541223e-11,2.633487e-11,62.1511,1,0.0000
0.0340,0.0320,8.541223e-11,2.719853e-11,62.6315,1,0.0000
0.0340,0.0340,8.541223e-11,2.803561e-11,63.0970,1,0.0000
0.0340,0.0360,8.541223e-11,2.884840e-11,63.5491,1,0.0000
0.0340,0.0380,8.541223e-11,2.963891e-11,63.9887,1,0.0000
0.0340,0.0400,8.541223e-11,3.040888e-11,64.4170,1,0.0000
0.0340,0.0420,8.541223e-11,3.115983e-11,64.8346,1,0.0000
0.0340,0.0440,8.541223e-11,3.189311e-11,65.2425,1,0.0000
0.0340,0.0460,8.541223e-11,3.260990e-11,65.6411,1,0.0000
0.0340,0.0480,8.541223e-11,3.331126e-11,66.0312,1,0.0000
0.0340,0.0500,8.541223e-11,3.399817e-11,66.4133,1,0.0000
0.0340,0.0520,8.541223e-11,3.467146e-11,66.7877,1,0.0000
0.0340,0.0540,8.541223e-11,3.533193e-11,67.1551,1,0.0000
0.0340,0.0560,8.541223e-11,3.598028e-11,67.5157,1,0.0000
0.0340,0.0580,8.541223e-11,3.661715e-11,67.8699,1,0.0000
0.0340,0.0600,8.541223e-11,3.724312e-11,68.2180,1,0.0000
0.0340,0.0620,8.541223e-11,3.785876e-11,68.5604,1,0.0000
0.0340,0.0640,8.541223e-11,3.846453e-11,68.8973,1,0.0000
0.0340,0.0660,8.541223e-11,3.906092e-11,69.2290,1,0.0000
0.0340,0.0680,8.541223e-11,3.964833e-11,69.5557,1,0.0000
0.0340,0.0700,8.541223e-11,4.022717e-11,69.8777,1,0.0000
0.0340,0.0720,8.541223e-11,4.079780e-11,70.1951,1,0.0000
0.0340,0.0740,8.541223e-11,4.136055e-11,70.5080,1,0.0000
0.0340,0.0760,8.541223e-11,4.191575e-11,70.8168,1,0.0000
0.0340,0.0780,8.541223e-11,4.246370e-11,71.1216,1,0.0000
0.0340,0.0800,8.541223e-11,4.300466e-11,71.4225,1,0.0000
0.0340,0.0820,8.541223e-11,4.353890e-11,71.7196,1,0.0000
0.0340,0.0840,8.541223e-11,4.406666e-11,72.0131,1,0.0000
0.0340,0.0860,8.541223e-11,4.458818e-11,72.3032,1,0.0000
0.0340,0.0880,8.541223e-11,4.510366e-11,72.5899,1,0.0000
0.0340,0.0900,8.541223e-11,4.561333e-11,72.8733,1,0.0000
0.0340,0.0920,8.541223e-11,4.611736e-11,73.1537,1,0.0000
0.0340,0.0940,8.541223e-11,4.661594e-11,73.4310,1,0.0000
0.0340,0.0960,8.541223e-11,4.710924e-11,73.7053,1,0.0000
0.0340,0.0980,8.541223e-11,4.759743e-11,73.9768,1,0.0000
0.0340,0.1000,8.541223e-11,4.808067e-11,74.2456,1,0.0000
0.0340,0.1020,8.541223e-11,4.855909e-11,74.5117,1,0.0000
0.0340,0.1040,8.541223e-11,4.903285e-11,74.7752,1,0.0000
0.0340,0.1060,8.541223e-11,4.950208e-11,75.0362,1,0.0000
0.0340,0.1080,8.541223e-11,4.996690e-11,75.2947,1,0.0000
0.0340,0.1100,8.541223e-11,5.042743e-11,75.5508,1,0.0000
0.0340,0.1120,8.541223e-11,5.088380e-11,75.8046,1,0.0000
0.0340,0.1140,8.541223e-11,5.133610e-11,76.0562,1,0.0000
0.0340,0.1160,8.541223e-11,5.178446e-11,76.3056,1,0.0000
0.0340,0.1180,8.541223e-11,5.222897e-11,76.5528,1,0.0000
0.0340,0.1200,8.541223e-11,5.266973e-11,76.7979,1,0.0000
0.0340,0.1220,8.541223e-11,5.310683e-11,77.0410,1,0.0000
0.0340,0.1240,8.541223e-11,5.354037e-11,77.2822,1,0.0000
0.0340,0.1260,8.541223e-11,5.397042e-11,77.5214,1,0.0000
0.0340,0.1280,8.541223e-11,5.439707e-11,77.7586,1,0.0000
0.0340,0.1300,8.541223e-11,5.482040e-11,77.9941,1,0.0000
0.0340,0.1320,8.541223e-11,5.524048e-11,78.2277,1,0.0000
0.0340,0.1340,8.541223e-11,5.565740e-11,78.4596,1,0.0000
0.0340,0.1360,8.541223e-11,5.607121e-11,78.6898,1,0.0000
0.0340,0.1380,8.541223e-11,5.648200e-11,78.9182,1,0.0000
0.0340,0.1400,8.541223e-11,5.688981e-11,79.1451,1,0.0000
0.0360,0.0000,8.788846e-11,0.000000e+00,48.8815,1,0.0000
0.0360,0.0020,8.788846e-11,6.799633e-12,52.6633,1,0.0000
0.0360,0.0040,8.788846e-11,9.616133e-12,54.2298,1,0.0000
0.0360,0.0060,8.788846e-11,1.177731e-11,55.4318,1,0.0000
0.0360,0.0080,8.788846e-11,1.359927e-11,56.4451,1,0.0000
0.0360,0.0100,8.788846e-11,1.520444e-11,57.3378,1,0.0000
0.0360,0.0120,8.788846e-11,1.665563e-11,58.1450,1,0.0000
0.0360,0.0140,8.788846e-11,1.799014e-11,58.8872,1,0.0000
0.0360,0.0160,8.788846e-11,1.923227e-11,59.5780,1,0.0000
0.0360,0.0180,8.788846e-11,2.039890e-11,60.2269,1,0.0000
0.0360,0.0200,8.788846e-11,2.150233e-11,60.8406,1,0.0000
0.0360,0.0220,8.788846e-11,2.255183e-11,61.4243,1,0.0000
0.0360,0.0240,8.788846e-11,2.355462e-11,61.9820,1,0.0000
0.0360,0.0260,8.788846e-11,2.451643e-11,62.5170,1,0.0000
0.0360,0.0280,8.788846e-11,2.544190e-11,63.0317,1,0.0000
0.0360,0.0300,8.788846e-11,2.633487e-11,63.5283,1,0.0000
0.0360,0.0320,8.788846e-11,2.719853e-11,64.0087,1,0.0000
0.0360,0.0340,8.788846e-11,2.803561e-11,64.4742,1,0.0000
0.0360,0.0360,8.788846e-11,2.884840e-11,64.9263,1,0.0000
0.0360,0.0380,8.788846e-11,2.963891e-11,65.3660,1,0.0000
0.0360,0.0400,8.788846e-11,3.040888e-11,65.7942,1,0.0000
0.0360,0.0420,8.788846e-11,3.115983e-11,66.2119,1,0.0000
0.0360,0.0440,8.788846e-11,3.189311e-11,66.6197,1,0.0000
0.0360,0.0460,8.788846e-11,3.260990e-11,67.0184,1,0.0000
0.0360,0.0480,8.788846e-11,3.331126e-11,67.4084,1,0.0000
0.0360,0.0500,8.788846e-11,3.399817e-11,67.7905,1,0.0000
0.0360,0.0520,8.788846e-11,3.467146e-11,68.1649,1,0.0000
0.0360,0.0540,8.788846e-11,3.533193e-11,68.5323,1,0.0000
0.0360,0.0560,8.788846e-11,3.598028e-11,68.8929,1,0.0000
0.0360,0.0580,8.788846e-11,3.661715e-11,69.2471,1,0.0000
0.0360,0.0600,8.788846e-11,3.724312e-11,69.5952,1,0.0000
0.0360,0.0620,8.788846e-11,3.785876e-11,69.9376,1,0.0000
0.0360,0.0640,8.788846e-11,3.846453e-11,70.2746,1,0.0000
0.0360,0.0660,8.788846e-11,3.906092e-11,70.6063,1,0.0000
0.0360,0.0680,8.788846e-11,3.964833e-11,70.9330,1,0.0000
0.0360,0.0700,8.788846e-11,4.022717e-11,71.2549,1,0.0000
0.0360,0.0720,8.788846e-11,4.079780e-11,71.5723,1,0.0000
0.0360,0.0740,8.788846e-11,4.136055e-11,71.8853,1,0.0000
0.0360,0.0760,8.788846e-11,4.191575e-11,72.1941,1,0.0000
0.0360,0.0780,8.788846e-11,4.246370e-11,72.4988,1,0.0000
0.0360,0.0800,8.788846e-11,4.300466e-11,72.7997,1,0.0000
0.0360,0.0820,8.788846e-11,4.353890e-11,73.0968,1,0.0000
0.0360,0.0840,8.788846e-11,4.406666e-11,73.3903,1,0.0000
0.0360,0.0860,8.788846e-11,4.458818e-11,73.6804,1,0.0000
0.0360,0.0880,8.788846e-11,4.510366e-11,73.9671,1,0.0000
0.0360,0.0900,8.788846e-11,4.561333e-11,74.2506,1,0.0000
0.0360,0.0920,8.788846e-11,4.611736e-11,74.5309,1,0.0000
0.0360,0.0940,8.788846e-11,4.661594e-11,74.8082,1,0.0000
0.0360,0.0960,8.788846e-11,4.710924e-11,75.0825,1,0.0000
0.0360,0.0980,8.788846e-11,4.759743e-11,75.3541,1,0.0000
0.0360,0.1000,8.788846e-11,4.808067e-11,75.6228,1,0.0000
0.0360,0.1020,8.788846e-11,4.855909e-11,75.8889,1,0.0000
0.0360,0.1040,8.788846e-11,4.903285e-11,76.1524,1,0.0000
0.0360,0.1060,8.788846e-11,4.950208e-11,76.4134,1,0.0000
0.0360,0.1080,8.788846e-11,4.996690e-11,76.6719,1,0.0000
0.0360,0.1100,8.788846e-11,5.042743e-11,76.9280,1,0.0000
0.0360,0.1120,8.788846e-11,5.088380e-11,77.1819,1,0.0000
0.0360,0.1140,8.788846e-11,5.133610e-11,77.4334,1,0.0000
0.0360,0.1160,8.788846e-11,5.178446e-11,77.6828,1,0.0000
0.0360,0.1180,8.788846e-11,5.222897e-11,77.9300,1,0.0000
0.0360,0.1200,8.788846e-11,5.266973e-11,78.1752,1,0.0000
0.0360,0.1220,8.788846e-11,5.310683e-11,78.4183,1,0.0000
0.0360,0.1240,8.788846e-11,5.354037e-11,78.6594,1,0.0000
0.0360,0.1260,8.788846e-11,5.397042e-11,78.8986,1,0.0000
0.0360,0.1280,8.788846e-11,5.439707e-11,79.1359,1,0.0000
0.0360,0.1300,8.788846e-11,5.482040e-11,79.3713,1,0.0000
0.0360,0.1320,8.788846e-11,5.524048e-11,79.6050,1,0.0000
0.0360,0.1340,8.788846e-11,5.565740e-11,79.8368,1,0.0000
0.0360,0.1360,8.788846e-11,5.607121e-11,80.0670,1,0.0000
0.0360,0.1380,8.788846e-11,5.648200e-11,80.2955,1,0.0000
0.0360,0.1400,8.788846e-11,5.688981e-11,80.5223,1,0.0000
0.0380,0.0000,9.029681e-11,0.000000e+00,50.2210,1,0.0000
0.0380,0.0020,9.029681e-11,6.799633e-12,54.0028,1,0.0000
0.0380,0.0040,9.029681e-11,9.616133e-12,55.5692,1,0.0000
0.0380,0.0060,9.029681e-11,1.177731e-11,56.7712,1,0.0000
0.0380,0.0080,9.029681e-11,1.359927e-11,57.7846,1,0.0000
0.0380,0.0100,9.029681e-11,1.520444e-11,58.6773,1,0.0000
0.0380,0.0120,9.029681e-11,1.665563e-11,59.4844,1,0.0000
0.0380,0.0140,9.029681e-11,1.799014e-11,60.2267,1,0.0000
0.0380,0.0160,9.029681e-11,1.923227e-11,60.9175,1,0.0000
0.0380,0.0180,9.029681e-11,2.039890e-11,61.5664,1,0.0000
0.0380,0.0200,9.029681e-11,2.150233e-11,62.1801,1,0.0000
0.0380,0.0220,9.029681e-11,2.255183e-11,62.7638,1,0.0000
0.0380,0.0240,9.029681e-11,2.355462e-11,63.3215,1,0.0000
0.0380,0.0260,9.029681e-11,2.451643e-11,63.8564,1,0.0000
0.0380,0.0280,9.029681e-11,2.544190e-11,64.3711,1,0.0000
0.0380,0.0300,9.029681e-11,2.633487e-11,64.8678,1,0.0000
0.0380,0.0320,9.029681e-11,2.719853e-11,65.3481,1,0.0000
0.0380,0.0340,9.029681e-11,2.803561e-11,65.8137,1,0.0000
0.0380,0.0360,9.029681e-11,2.884840e-11,66.2658,1,0.0000
0.0380,0.0380,9.029681e-11,2.963891e-11,66.7054,1,0.0000
0.0380,0.0400,9.029681e-11,3.040888e-11,67.1337,1,0.0000
0.0380,0.0420,9.029681e-11,3.115983e-11,67.5513,1,0.0000
0.0380,0.0440,9.029681e-11,3.189311e-11,67.9592,1,0.0000
0.0380,0.0460,9.029681e-11,3.260990e-11,68.3578,1,0.0000
0.0380,0.0480,9.029681e-11,3.331126e-11,68.7479,1,0.0000
0.0380,0.0500,9.029681e-11,3.399817e-11,69.1299,1,0.0000
0.0380,0.0520,9.029681e-11,3.467146e-11,69.5044,1,0.0000
0.0380,0.0540,9.029681e-11,3.533193e-11,69.8718,1,0.0000
0.0380,0.0560,9.029681e-11,3.598028e-11,70.2323,1,0.0000
0.0380,0.0580,9.029681e-11,3.661715e-11,70.5866,1,0.0000
0.0380,0.0600,9.029681e-11,3.724312e-11,70.9347,1,0.0000
0.0380,0.0620,9.029681e-11,3.785876e-11,71.2771,1,0.0000
0.0380,0.0640,9.029681e-11,3.846453e-11,71.6140,1,0.0000
0.0380,0.0660,9.029681e-11,3.906092e-11,71.9457,1,0.0000
0.0380,0.0680,9.029681e-11,3.964833e-11,72.2724,1,0.0000
0.0380,0.0700,9.029681e-11,4.022717e-11,72.5944,1,0.0000
0.0380,0.0720,9.029681e-11,4.079780e-11,72.9117,1,0.0000
0.0380,0.0740,9.029681e-11,4.136055e-11,73.2247,1,0.0000
0.0380,0.0760,9.029681e-11,4.191575e-11,73.5335,1,0.0000
0.0380,0.0780,9.029681e-11,4.246370e-11,73.8383,1,0.0000
0.0380,0.0800,9.029681e-11,4.300466e-11,74.1391,1,0.0000
0.0380,0.0820,9.029681e-11,4.353890e-11,74.4363,1,0.0000
0.0380,0.0840,9.029681e-11,4.406666e-11,74.7298,1,0.0000
0.0380,0.0860,9.029681e-11,4.458818e-11,75.0199,1,0.0000
0.0380,0.0880,9.029681e-11,4.510366e-11,75.3066,1,0.0000
0.0380,0.0900,9.029681e-11,4.561333e-11,75.5900,1,0.0000
0.0380,0.0920,9.029681e-11,4.611736e-11,75.8704,1,0.0000
0.0380,0.0940,9.029681e-11,4.661594e-11,76.1477,1,0.0000
0.0380,0.0960,9.029681e-11,4.710924e-11,76.4220,1,0.0000
0.0380,0.0980,9.029681e-11,4.759743e-11,76.6935,1,0.0000
0.0380,0.1000,9.029681e-11,4.808067e-11,76.9623,1,0.0000
0.0380,0.1020,9.029681e-11,4.855909e-11,77.2284,1,0.0000
0.0380,0.1040,9.029681e-11,4.903285e-11,77.4919,1,0.0000
0.0380,0.1060,9.029681e-11,4.950208e-11,77.7529,1,0.0000
0.0380,0.1080,9.029681e-11,4.996690e-11,78.0114,1,0.0000
0.0380,0.1100,9.029681e-11,5.042743e-11,78.2675,1,0.0000
0.0380,0.1120,9.029681e-11,5.088380e-11,78.5213,1,0.0000
0.0380,0.1140,9.029681e-11,5.133610e-11,78.7729,1,0.0000
0.0380,0.1160,9.029681e-11,5.178446e-11,79.0223,1,0.0000
0.0380,0.1180,9.029681e-11,5.222897e-11,79.2695,1,0.0000
0.0380,0.1200,9.029681e-11,5.266973e-11,79.5146,1,0.0000
0.0380,0.1220,9.029681e-11,5.310683e-11,79.7577,1,0.0000
0.0380,0.1240,9.029681e-11,5.354037e-11,79.9989,1,0.0000
0.0380,0.1260,9.029681e-11,5.397042e-11,80.2380,1,0.0000
0.0380,0.1280,9.029681e-11,5.439707e-11,80.4753,1,0.0000
0.0380,0.1300,9.029681e-11,5.482040e-11,80.7108,1,0.0000
0.0380,0.1320,9.029681e-11,5.524048e-11,80.9444,1,0.0000
0.0380,0.1340,9.029681e-11,5.565740e-11,81.1763,1,0.0000
0.0380,0.1360,9.029681e-11,5.607121e-11,81.4065,1,0.0000
0.0380,0.1380,9.029681e-11,5.648200e-11,81.6349,1,0.0000
0.0380,0.1400,9.029681e-11,5.688981e-11,81.8617,1,0.0000
0.0400,0.0000,9.264257e-11,0.000000e+00,51.5256,1,0.0000
0.0400,0.0020,9.264257e-11,6.799633e-12,55.3074,1,0.0000
0.0400,0.0040,9.264257e-11,9.616133e-12,56.8739,1,0.0000
0.0400,0.0060,9.264257e-11,1.177731e-11,58.0759,1,0.0000
0.0400,0.0080,9.264257e-11,1.359927e-11,59.0892,1,0.0000
0.0400,0.0100,9.264257e-11,1.520444e-11,59.9820,1,0.0000
0.0400,0.0120,9.264257e-11,1.665563e-11,60.7891,1,0.0000
0.0400,0.0140,9.264257e-11,1.799014e-11,61.5313,1,0.0000
0.0400,0.0160,9.264257e-11,1.923227e-11,62.2222,1,0.0000
0.0400,0.0180,9.264257e-11,2.039890e-11,62.8710,1,0.0000
0.0400,0.0200,9.264257e-11,2.150233e-11,63.4847,1,0.0000
0.0400,0.0220,9.264257e-11,2.255183e-11,64.0684,1,0.0000
0.0400,0.0240,9.264257e-11,2.355462e-11,64.6261,1,0.0000
0.0400,0.0260,9.264257e-11,2.451643e-11,65.1611,1,0.0000
0.0400,0.0280,9.264257e-11,2.544190e-11,65.6758,1,0.0000
0.0400,0.0300,9.264257e-11,2.633487e-11,66.1725,1,0.0000
0.0400,0.0320,9.264257e-11,2.719853e-11,66.6528,1,0.0000
0.0400,0.0340,9.264257e-11,2.803561e-11,67.1184,1,0.0000
0.0400,0.0360,9.264257e-11,2.884840e-11,67.5704,1,0.0000
0.0400,0.0380,9.264257e-11,2.963891e-11,68.0101,1,0.0000
0.0400,0.0400,9.264257e-11,3.040888e-11,68.4383,1,0.0000
0.0400,0.0420,9.264257e-11,3.115983e-11,68.8560,1,0.0000
0.0400,0.0440,9.264257e-11,3.189311e-11,69.2638,1,0.0000
0.0400,0.0460,9.264257e-11,3.260990e-11,69.6625,1,0.0000
0.0400,0.0480,9.264257e-11,3.331126e-11,70.0526,1,0.0000
0.0400,0.0500,9.264257e-11,3.399817e-11,70.4346,1,0.0000
0.0400,0.0520,9.264257e-11,3.467146e-11,70.8091,1,0.0000
0.0400,0.0540,9.264257e-11,3.533193e-11,71.1764,1,0.0000
0.0400,0.0560,9.264257e-11,3.598028e-11,71.5370,1,0.0000
0.0400,0.0580,9.264257e-11,3.661715e-11,71.8912,1,0.0000
0.0400,0.0600,9.264257e-11,3.724312e-11,72.2394,1,0.0000
0.0400,0.0620,9.264257e-11,3.785876e-11,72.5818,1,0.0000
0.0400,0.0640,9.264257e-11,3.846453e-11,72.9187,1,0.0000
0.0400,0.0660,9.264257e-11,3.906092e-11,73.2504,1,0.0000
0.0400,0.0680,9.264257e-11,3.964833e-11,73.5771,1,0.0000
0.0400,0.0700,9.264257e-11,4.022717e-11,73.8990,1,0.0000
0.0400,0.0720,9.264257e-11,4.079780e-11,74.2164,1,0.0000
0.0400,0.0740,9.264257e-11,4.136055e-11,74.5294,1,0.0000
0.0400,0.0760,9.264257e-11,4.191575e-11,74.8382,1,0.0000
0.0400,0.0780,9.264257e-11,4.246370e-11,75.1429,1,0.0000
0.0400,0.0800,9.264257e-11,4.300466e-11,75.4438,1,0.0000
0.0400,0.0820,9.264257e-11,4.353890e-11,75.7409,1,0.0000
0.0400,0.0840,9.264257e-11,4.406666e-11,76.0345,1,0.0000
0.0400,0.0860,9.264257e-11,4.458818e-11,76.3245,1,0.0000
0.0400,0.0880,9.264257e-11,4.510366e-11,76.6112,1,0.0000
0.0400,0.0900,9.264257e-11,4.561333e-11,76.8947,1,0.0000
0.0400,0.0920,9.264257e-11,4.611736e-11,77.1750,1,0.0000
0.0400,0.0940,9.264257e-11,4.661594e-11,77.4523,1,0.0000
0.0400,0.0960,9.264257e-11,4.710924e-11,77.7267,1,0.0000
0.0400,0.0980,9.264257e-11,4.759743e-11,77.9982,1,0.0000
0.0400,0.1000,9.264257e-11,4.808067e-11,78.2670,1,0.0000
0.0400,0.1020,9.264257e-11,4.855909e-11,78.5330,1,0.0000
0.0400,0.1040,9.264257e-11,4.903285e-11,78.7965,1,0.0000
0.0400,0.1060,9.264257e-11,4.950208e-11,79.0575,1,0.0000
0.0400,0.1080,9.264257e-11,4.996690e-11,79.3160,1,0.0000
0.0400,0.1100,9.264257e-11,5.042743e-11,79.5722,1,0.0000
0.0400,0.1120,9.264257e-11,5.088380e-11,79.8260,1,0.0000
0.0400,0.1140,9.264257e-11,5.133610e-11,80.0776,1,0.0000
0.0400,0.1160,9.264257e-11,5.178446e-11,80.3269,1,0.0000
0.0400,0.1180,9.264257e-11,5.222897e-11,80.5741,1,0.0000
0.0400,0.1200,9.264257e-11,5.266973e-11,80.8193,1,0.0000
0.0400,0.1220,9.264257e-11,5.310683e-11,81.0624,1,0.0000
0.0400,0.1240,9.264257e-11,5.354037e-11,81.3035,1,0.0000
0.0400,0.1260,9.264257e-11,5.397042e-11,81.5427,1,0.0000
0.0400,0.1280,9.264257e-11,5.439707e-11,81.7800,1,0.0000
0.0400,0.1300,9.264257e-11,5.482040e-11,82.0154,1,0.0000
0.0400,0.1320,9.264257e-11,5.524048e-11,82.2491,1,0.0000
0.0400,0.1340,9.264257e-11,5.565740e-11,82.4810,1,0.0000
0.0400,0.1360,9.264257e-11,5.607121e-11,82.7111,1,0.0000
0.0400,0.1380,9.264257e-11,5.648200e-11,82.9396,1,0.0000
0.0400,0.1400,9.264257e-11,5.688981e-11,83.1664,1,0.0000
0.0420,0.0000,9.493038e-11,0.000000e+00,52.7981,1,0.0000
0.0420,0.0020,9.493038e-11,6.799633e-12,56.5798,1,0.0000
0.0420,0.0040,9.493038e-11,9.616133e-12,58.1463,1,0.0000
0.0420,0.0060,9.493038e-11,1.177731e-11,59.3483,1,0.0000
0.0420,0.0080,9.493038e-11,1.359927e-11,60.3616,1,0.0000
0.0420,0.0100,9.493038e-11,1.520444e-11,61.2544,1,0.0000
0.0420,0.0120,9.493038e-11,1.665563e-11,62.0615,1,0.0000
0.0420,0.0140,9.493038e-11,1.799014e-11,62.8037,1,0.0000
0.0420,0.0160,9.493038e-11,1.923227e-11,63.4946,1,0.0000
0.0420,0.0180,9.493038e-11,2.039890e-11,64.1434,1,0.0000
0.0420,0.0200,9.493038e-11,2.150233e-11,64.7571,1,0.0000
0.0420,0.0220,9.493038e-11,2.255183e-11,65.3408,1,0.0000
0.0420,0.0240,9.493038e-11,2.355462e-11,65.8986,1,0.0000
0.0420,0.0260,9.493038e-11,2.451643e-11,66.4335,1,0.0000
0.0420,0.0280,9.493038e-11,2.544190e-11,66.9482,1,0.0000
0.0420,0.0300,9.493038e-11,2.633487e-11,67.4449,1,0.0000
0.0420,0.0320,9.493038e-11,2.719853e-11,67.9252,1,0.0000
0.0420,0.0340,9.493038e-11,2.803561e-11,68.3908,1,0.0000
0.0420,0.0360,9.493038e-11,2.884840e-11,68.8429,1,0.0000
0.0420,0.0380,9.493038e-11,2.963891e-11,69.2825,1,0.0000
0.0420,0.0400,9.493038e-11,3.040888e-11,69.7108,1,0.0000
0.0420,0.0420,9.493038e-11,3.115983e-11,70.1284,1,0.0000
0.0420,0.0440,9.493038e-11,3.189311e-11,70.5362,1,0.0000
0.0420,0.0460,9.493038e-11,3.260990e-11,70.9349,1,0.0000
0.0420,0.0480,9.493038e-11,3.331126e-11,71.3250,1,0.0000
0.0420,0.0500,9.493038e-11,3.399817e-11,71.7070,1,0.0000
0.0420,0.0520,9.493038e-11,3.467146e-11,72.0815,1,0.0000
0.0420,0.0540,9.493038e-11,3.533193e-11,72.4488,1,0.0000
0.0420,0.0560,9.493038e-11,3.598028e-11,72.8094,1,0.0000
0.0420,0.0580,9.493038e-11,3.661715e-11,73.1636,1,0.0000
0.0420,0.0600,9.493038e-11,3.724312e-11,73.5118,1,0.0000
0.0420,0.0620,9.493038e-11,3.785876e-11,73.8542,1,0.0000
0.0420,0.0640,9.493038e-11,3.846453e-11,74.1911,1,0.0000
0.0420,0.0660,9.493038e-11,3.906092e-11,74.5228,1,0.0000
0.0420,0.0680,9.493038e-11,3.964833e-11,74.8495,1,0.0000
0.0420,0.0700,9.493038e-11,4.022717e-11,75.1715,1,0.0000
0.0420,0.0720,9.493038e-11,4.079780e-11,75.4888,1,0.0000
0.0420,0.0740,9.493038e-11,4.136055e-11,75.8018,1,0.0000
0.0420,0.0760,9.493038e-11,4.191575e-11,76.1106,1,0.0000
0.0420,0.0780,9.493038e-11,4.246370e-11,76.4154,1,0.0000
0.0420,0.0800,9.493038e-11,4.300466e-11,76.7162,1,0.0000
0.0420,0.0820,9.493038e-11,4.353890e-11,77.0134,1,0.0000
0.0420,0.0840,9.493038e-11,4.406666e-11,77.3069,1,0.0000
0.0420,0.0860,9.493038e-11,4.458818e-11,77.5969,1,0.0000
0.0420,0.0880,9.493038e-11,4.510366e-11,77.8836,1,0.0000
0.0420,0.0900,9.493038e-11,4.561333e-11,78.1671,1,0.0000
0.0420,0.0920,9.493038e-11,4.611736e-11,78.4474,1,0.0000
0.0420,0.0940,9.493038e-11,4.661594e-11,78.7247,1,0.0000
0.0420,0.0960,9.493038e-11,4.710924e-11,78.9991,1,0.0000
0.0420,0.0980,9.493038e-11,4.759743e-11,79.2706,1,0.0000
0.0420,0.1000,9.493038e-11,4.808067e-11,79.5394,1,0.0000
0.0420,0.1020,9.493038e-11,4.855909e-11,79.8055,1,0.0000
0.0420,0.1040,9.493038e-11,4.903285e-11,80.0690,1,0.0000
0.0420,0.1060,9.493038e-11,4.950208e-11,80.3299,1,0.0000
0.0420,0.1080,9.493038e-11,4.996690e-11,80.5885,1,0.0000
0.0420,0.1100,9.493038e-11,5.042743e-11,80.8446,1,0.0000
0.0420,0.1120,9.493038e-11,5.088380e-11,81.0984,1,0.0000
0.0420,0.1140,9.493038e-11,5.133610e-11,81.3500,1,0.0000
0.0420,0.1160,9.493038e-11,5.178446e-11,81.5994,1,0.0000
0.0420,0.1180,9.493038e-11,5.222897e-11,81.8466,1,0.0000
0.0420,0.1200,9.493038e-11,5.266973e-11,82.0917,1,0.0000
0.0420,0.1220,9.493038e-11,5.310683e-11,82.3348,1,0.0000
0.0420,0.1240,9.493038e-11,5.354037e-11,82.5759,1,0.0000
0.0420,0.1260,9.493038e-11,5.397042e-11,82.8151,1,0.0000
0.0420,0.1280,9.493038e-11,5.439707e-11,83.0524,1,0.0000
0.0420,0.1300,9.493038e-11,5.482040e-11,83.2879,1,0.0000
0.0420,0.1320,9.493038e-11,5.524048e-11,83.5215,1,0.0000
0.0420,0.1340,9.493038e-11,5.565740e-11,83.7534,1,0.0000
0.0420,0.1360,9.493038e-11,5.607121e-11,83.9835,1,0.0000
0.0420,0.1380,9.493038e-11,5.648200e-11,84.2120,1,0.0000
0.0420,0.1400,9.493038e-11,5.688981e-11,84.4388,1,0.0000
0.0440,0.0000,9.716434e-11,0.000000e+00,54.0405,1,0.0000
0.0440,0.0020,9.716434e-11,6.799633e-12,57.8223,1,0.0000
0.0440,0.0040,9.716434e-11,9.616133e-12,59.3888,1,0.0000
0.0440,0.0060,9.716434e-11,1.177731e-11,60.5908,1,0.0000
0.0440,0.0080,9.716434e-11,1.359927e-11,61.6041,1,0.0000
0.0440,0.0100,9.716434e-11,1.520444e-11,62.4969,1,0.0000
0.0440,0.0120,9.716434e-11,1.665563e-11,63.3040,1,0.0000
0.0440,0.0140,9.716434e-11,1.799014e-11,64.0462,1,0.0000
0.0440,0.0160,9.716434e-11,1.923227e-11,64.7371,1,0.0000
0.0440,0.0180,9.716434e-11,2.039890e-11,65.3859,1,0.0000
0.0440,0.0200,9.716434e-11,2.150233e-11,65.9996,1,0.0000
0.0440,0.0220,9.716434e-11,2.255183e-11,66.5833,1,0.0000
0.0440,0.0240,9.716434e-11,2.355462e-11,67.1411,1,0.0000
0.0440,0.0260,9.716434e-11,2.451643e-11,67.6760,1,0.0000
0.0440,0.0280,9.716434e-11,2.544190e-11,68.1907,1,0.0000
0.0440,0.0300,9.716434e-11,2.633487e-11,68.6874,1,0.0000
0.0440,0.0320,9.716434e-11,2.719853e-11,69.1677,1,0.0000
0.0440,0.0340,9.716434e-11,2.803561e-11,69.6333,1,0.0000
0.0440,0.0360,9.716434e-11,2.884840e-11,70.0853,1,0.0000
0.0440,0.0380,9.716434e-11,2.963891e-11,70.5250,1,0.0000
0.0440,0.0400,9.716434e-11,3.040888e-11,70.9532,1,0.0000
0.0440,0.0420,9.716434e-11,3.115983e-11,71.3709,1,0.0000
0.0440,0.0440,9.716434e-11,3.189311e-11,71.7787,1,0.0000
0.0440,0.0460,9.716434e-11,3.260990e-11,72.1774,1,0.0000
0.0440,0.0480,9.716434e-11,3.331126e-11,72.5675,1,0.0000
0.0440,0.0500,9.716434e-11,3.399817e-11,72.9495,1,0.0000
0.0440,0.0520,9.716434e-11,3.467146e-11,73.3240,1,0.0000
0.0440,0.0540,9.716434e-11,3.533193e-11,73.6913,1,0.0000
0.0440,0.0560,9.716434e-11,3.598028e-11,74.0519,1,0.0000
0.0440,0.0580,9.716434e-11,3.661715e-11,74.4061,1,0.0000
0.0440,0.0600,9.716434e-11,3.724312e-11,74.7543,1,0.0000
0.0440,0.0620,9.716434e-11,3.785876e-11,75.0967,1,0.0000
0.0440,0.0640,9.716434e-11,3.846453e-11,75.4336,1,0.0000
0.0440,0.0660,9.716434e-11,3.906092e-11,75.7653,1,0.0000
0.0440,0.0680,9.716434e-11,3.964833e-11,76.0920,1,0.0000
0.0440,0.0700,9.716434e-11,4.022717e-11,76.4139,1,0.0000
0.0440,0.0720,9.716434e-11,4.079780e-11,76.7313,1,0.0000
0.0440,0.0740,9.716434e-11,4.136055e-11,77.0443,1,0.0000
0.0440,0.0760,9.716434e-11,4.191575e-11,77.3531,1,0.0000
0.0440,0.0780,9.716434e-11,4.246370e-11,77.6578,1,0.0000
0.0440,0.0800,9.716434e-11,4.300466e-11,77.9587,1,0.0000
0.0440,0.0820,9.716434e-11,4.353890e-11,78.2558,1,0.0000
0.0440,0.0840,9.716434e-11,4.406666e-11,78.5494,1,0.0000
0.0440,0.0860,9.716434e-11,4.458818e-11,78.8394,1,0.0000
0.0440,0.0880,9.716434e-11,4.510366e-11,79.1261,1,0.0000
0.0440,0.0900,9.716434e-11,4.561333e-11,79.4096,1,0.0000
0.0440,0.0920,9.716434e-11,4.611736e-11,79.6899,1,0.0000
0.0440,0.0940,9.716434e-11,4.661594e-11,79.9672,1,0.0000
0.0440,0.0960,9.716434e-11,4.710924e-11,80.2416,1,0.0000
0.0440,0.0980,9.716434e-11,4.759743e-11,80.5131,1,0.0000
0.0440,0.1000,9.716434e-11,4.808067e-11,80.7819,1,0.0000
0.0440,0.1020,9.716434e-11,4.855909e-11,81.0480,1,0.0000
0.0440,0.1040,9.716434e-11,4.903285e-11,81.3114,1,0.0000
0.0440,0.1060,9.716434e-11,4.950208e-11,81.5724,1,0.0000
0.0440,0.1080,9.716434e-11,4.996690e-11,81.8309,1,0.0000
0.0440,0.1100,9.716434e-11,5.042743e-11,82.0871,1,0.0000
0.0440,0.1120,9.716434e-11,5.088380e-11,82.3409,1,0.0000
0.0440,0.1140,9.716434e-11,5.133610e-11,82.5925,1,0.0000
0.0440,0.1160,9.716434e-11,5.178446e-11,82.8418,1,0.0000
0.0440,0.1180,9.716434e-11,5.222897e-11,83.0891,1,0.0000
0.0440,0.1200,9.716434e-11,5.266973e-11,83.3342,1,0.0000
0.0440,0.1220,9.716434e-11,5.310683e-11,83.5773,1,0.0000
0.0440,0.1240,9.716434e-11,5.354037e-11,83.8184,1,0.0000
0.0440,0.1260,9.716434e-11,5.397042e-11,84.0576,1,0.0000
0.0440,0.1280,9.716434e-11,5.439707e-11,84.2949,1,0.0000
0.0440,0.1300,9.716434e-11,5.482040e-11,84.5303,1,0.0000
0.0440,0.1320,9.716434e-11,5.524048e-11,84.7640,1,0.0000
0.0440,0.1340,9.716434e-11,5.565740e-11,84.9959,1,0.0000
0.0440,0.1360,9.716434e-11,5.607121e-11,85.2260,1,0.0000
0.0440,0.1380,9.716434e-11,5.648200e-11,85.4545,1,0.0000
0.0440,0.1400,9.716434e-11,5.688981e-11,85.6813,1,0.0000
0.0460,0.0000,9.934809e-11,0.000000e+00,55.2551,1,0.0000
0.0460,0.0020,9.934809e-11,6.799633e-12,59.0369,1,0.0000
0.0460,0.0040,9.934809e-11,9.616133e-12,60.6033,1,0.0000
0.0460,0.0060,9.934809e-11,1.177731e-11,61.8053,1,0.0000
0.0460,0.0080,9.934809e-11,1.359927e-11,62.8187,1,0.0000
0.0460,0.0100,9.934809e-11,1.520444e-11,63.7114,1,0.0000
0.0460,0.0120,9.934809e-11,1.665563e-11,64.5185,1,0.0000
0.0460,0.0140,9.934809e-11,1.799014e-11,65.2608,1,0.0000
0.0460,0.0160,9.934809e-11,1.923227e-11,65.9516,1,0.0000
0.0460,0.0180,9.934809e-11,2.039890e-11,66.6005,1,0.0000
0.0460,0.0200,9.934809e-11,2.150233e-11,67.2142,1,0.0000
0.0460,0.0220,9.934809e-11,2.255183e-11,67.7979,1,0.0000
0.0460,0.0240,9.934809e-11,2.355462e-11,68.3556,1,0.0000
0.0460,0.0260,9.934809e-11,2.451643e-11,68.8905,1,0.0000
0.0460,0.0280,9.934809e-11,2.544190e-11,69.4053,1,0.0000
0.0460,0.0300,9.934809e-11,2.633487e-11,69.9019,1,0.0000
0.0460,0.0320,9.934809e-11,2.719853e-11,70.3823,1,0.0000
0.0460,0.0340,9.934809e-11,2.803561e-11,70.8478,1,0.0000
0.0460,0.0360,9.934809e-11,2.884840e-11,71.2999,1,0.0000
0.0460,0.0380,9.934809e-11,2.963891e-11,71.7395,1,0.0000
0.0460,0.0400,9.934809e-11,3.040888e-11,72.1678,1,0.0000
0.0460,0.0420,9.934809e-11,3.115983e-11,72.5854,1,0.0000
0.0460,0.0440,9.934809e-11,3.189311e-11,72.9933,1,0.0000
0.0460,0.0460,9.934809e-11,3.260990e-11,73.3919,1,0.0000
0.0460,0.0480,9.934809e-11,3.331126e-11,73.7820,1,0.0000
0.0460,0.0500,9.934809e-11,3.399817e-11,74.1641,1,0.0000
0.0460,0.0520,9.934809e-11,3.467146e-11,74.5385,1,0.0000
0.0460,0.0540,9.934809e-11,3.533193e-11,74.9059,1,0.0000
0.0460,0.0560,9.934809e-11,3.598028e-11,75.2665,1,0.0000
0.0460,0.0580,9.934809e-11,3.661715e-11,75.6207,1,0.0000
0.0460,0.0600,9.934809e-11,3.724312e-11,75.9688,1,0.0000
0.0460,0.0620,9.934809e-11,3.785876e-11,76.3112,1,0.0000
0.0460,0.0640,9.934809e-11,3.846453e-11,76.6481,1,0.0000
0.0460,0.0660,9.934809e-11,3.906092e-11,76.9798,1,0.0000
0.0460,0.0680,9.934809e-11,3.964833e-11,77.3065,1,0.0000
0.0460,0.0700,9.934809e-11,4.022717e-11,77.6285,1,0.0000
0.0460,0.0720,9.934809e-11,4.079780e-11,77.9459,1,0.0000
0.0460,0.0740,9.934809e-11,4.136055e-11,78.2588,1,0.0000
0.0460,0.0760,9.934809e-11,4.191575e-11,78.5676,1,0.0000
0.0460,0.0780,9.934809e-11,4.246370e-11,78.8724,1,0.0000
0.0460,0.0800,9.934809e-11,4.300466e-11,79.1733,1,0.0000
0.0460,0.0820,9.934809e-11,4.353890e-11,79.4704,1,0.0000
0.0460,0.0840,9.934809e-11,4.406666e-11,79.7639,1,0.0000
0.0460,0.0860,9.934809e-11,4.458818e-11,80.0540,1,0.0000
0.0460,0.0880,9.934809e-11,4.510366e-11,80.3407,1,0.0000
0.0460,0.0900,9.934809e-11,4.561333e-11,80.6241,1,0.0000
0.0460,0.0920,9.934809e-11,4.611736e-11,80.9045,1,0.0000
0.0460,0.0940,9.934809e-11,4.661594e-11,81.1818,1,0.0000
0.0460,0.0960,9.934809e-11,4.710924e-11,81.4561,1,0.0000
0.0460,0.0980,9.934809e-11,4.759743e-11,81.7276,1,0.0000
0.0460,0.1000,9.934809e-11,4.808067e-11,81.9964,1,0.0000
0.0460,0.1020,9.934809e-11,4.855909e-11,82.2625,1,0.0000
0.0460,0.1040,9.934809e-11,4.903285e-11,82.5260,1,0.0000
0.0460,0.1060,9.934809e-11,4.950208e-11,82.7870,1,0.0000
0.0460,0.1080,9.934809e-11,4.996690e-11,83.0455,1,0.0000
0.0460,0.1100,9.934809e-11,5.042743e-11,83.3016,1,0.0000
0.0460,0.1120,9.934809e-11,5.088380e-11,83.5554,1,0.0000
0.0460,0.1140,9.934809e-11,5.133610e-11,83.8070,1,0.0000
0.0460,0.1160,9.934809e-11,5.178446e-11,84.0564,1,0.0000
0.0460,0.1180,9.934809e-11,5.222897e-11,84.3036,1,0.0000
0.0460,0.1200,9.934809e-11,5.266973e-11,84.5487,1,0.0000
0.0460,0.1220,9.934809e-11,5.310683e-11,84.7918,1,0.0000
0.0460,0.1240,9.934809e-11,5.354037e-11,85.0330,1,0.0000
0.0460,0.1260,9.934809e-11,5.397042e-11,85.2722,1,0.0000
0.0460,0.1280,9.934809e-11,5.439707e-11,85.5094,1,0.0000
0.0460,0.1300,9.934809e-11,5.482040e-11,85.7449,1,0.0000
0.0460,0.1320,9.934809e-11,5.524048e-11,85.9785,1,0.0000
0.0460,0.1340,9.934809e-11,5.565740e-11,86.2104,1,0.0000
0.0460,0.1360,9.934809e-11,5.607121e-11,86.4406,1,0.0000
0.0460,0.1380,9.934809e-11,5.648200e-11,86.6690,1,0.0000
0.0460,0.1400,9.934809e-11,5.688981e-11,86.8959,1,0.0000
0.0480,0.0000,1.014848e-10,0.000000e+00,56.4435,1,0.0000
0.0480,0.0020,1.014848e-10,6.799633e-12,60.2253,1,0.0000
0.0480,0.0040,1.014848e-10,9.616133e-12,61.7918,1,0.0000
0.0480,0.0060,1.014848e-10,1.177731e-11,62.9938,1,0.0000
0.0480,0.0080,1.014848e-10,1.359927e-11,64.0071,1,0.0000
0.0480,0.0100,1.014848e-10,1.520444e-11,64.8998,1,0.0000
0.0480,0.0120,1.014848e-10,1.665563e-11,65.7070,1,0.0000
0.0480,0.0140,1.014848e-10,1.799014e-11,66.4492,1,0.0000
0.0480,0.0160,1.014848e-10,1.923227e-11,67.1400,1,0.0000
0.0480,0.0180,1.014848e-10,2.039890e-11,67.7889,1,0.0000
0.0480,0.0200,1.014848e-10,2.150233e-11,68.4026,1,0.0000
0.0480,0.0220,1.014848e-10,2.255183e-11,68.9863,1,0.0000
0.0480,0.0240,1.014848e-10,2.355462e-11,69.5440,1,0.0000
0.0480,0.0260,1.014848e-10,2.451643e-11,70.0790,1,0.0000
0.0480,0.0280,1.014848e-10,2.544190e-11,70.5937,1,0.0000
0.0480,0.0300,1.014848e-10,2.633487e-11,71.0903,1,0.0000
0.0480,0.0320,1.014848e-10,2.719853e-11,71.5707,1,0.0000
0.0480,0.0340,1.014848e-10,2.803561e-11,72.0362,1,0.0000
0.0480,0.0360,1.014848e-10,2.884840e-11,72.4883,1,0.0000
0.0480,0.0380,1.014848e-10,2.963891e-11,72.9280,1,0.0000
0.0480,0.0400,1.014848e-10,3.040888e-11,73.3562,1,0.0000
0.0480,0.0420,1.014848e-10,3.115983e-11,73.7739,1,0.0000
0.0480,0.0440,1.014848e-10,3.189311e-11,74.1817,1,0.0000
0.0480,0.0460,1.014848e-10,3.260990e-11,74.5803,1,0.0000
0.0480,0.0480,1.014848e-10,3.331126e-11,74.9704,1,0.0000
0.0480,0.0500,1.014848e-10,3.399817e-11,75.3525,1,0.0000
0.0480,0.0520,1.014848e-10,3.467146e-11,75.7269,1,0.0000
0.0480,0.0540,1.014848e-10,3.533193e-11,76.0943,1,0.0000
0.0480,0.0560,1.014848e-10,3.598028e-11,76.4549,1,0.0000
0.0480,0.0580,1.014848e-10,3.661715e-11,76.8091,1,0.0000
0.0480,0.0600,1.014848e-10,3.724312e-11,77.1572,1,0.0000
0.0480,0.0620,1.014848e-10,3.785876e-11,77.4996,1,0.0000
0.0480,0.0640,1.014848e-10,3.846453e-11,77.8366,1,0.0000
0.0480,0.0660,1.014848e-10,3.906092e-11,78.1683,1,0.0000
0.0480,0.0680,1.014848e-10,3.964833e-11,78.4950,1,0.0000
0.0480,0.0700,1.014848e-10,4.022717e-11,78.8169,1,0.0000
0.0480,0.0720,1.014848e-10,4.079780e-11,79.1343,1,0.0000
0.0480,0.0740,1.014848e-10,4.136055e-11,79.4473,1,0.0000
0.0480,0.0760,1.014848e-10,4.191575e-11,79.7560,1,0.0000
0.0480,0.0780,1.014848e-10,4.246370e-11,80.0608,1,0.0000
0.0480,0.0800,1.014848e-10,4.300466e-11,80.3617,1,0.0000
0.0480,0.0820,1.014848e-10,4.353890e-11,80.6588,1,0.0000
0.0480,0.0840,1.014848e-10,4.406666e-11,80.9523,1,0.0000
0.0480,0.0860,1.014848e-10,4.458818e-11,81.2424,1,0.0000
0.0480,0.0880,1.014848e-10,4.510366e-11,81.5291,1,0.0000
0.0480,0.0900,1.014848e-10,4.561333e-11,81.8126,1,0.0000
0.0480,0.0920,1.014848e-10,4.611736e-11,82.0929,1,0.0000
0.0480,0.0940,1.014848e-10,4.661594e-11,82.3702,1,0.0000
0.0480,0.0960,1.014848e-10,4.710924e-11,82.6445,1,0.0000
0.0480,0.0980,1.014848e-10,4.759743e-11,82.9161,1,0.0000
0.0480,0.1000,1.014848e-10,4.808067e-11,83.1848,1,0.0000
0.0480,0.1020,1.014848e-10,4.855909e-11,83.4509,1,0.0000
0.0480,0.1040,1.014848e-10,4.903285e-11,83.7144,1,0.0000
0.0480,0.1060,1.014848e-10,4.950208e-11,83.9754,1,0.0000
0.0480,0.1080,1.014848e-10,4.996690e-11,84.2339,1,0.0000
0.0480,0.1100,1.014848e-10,5.042743e-11,84.4900,1,0.0000
0.0480,0.1120,1.014848e-10,5.088380e-11,84.7439,1,0.0000
0.0480,0.1140,1.014848e-10,5.133610e-11,84.9954,1,0.0000
0.0480,0.1160,1.014848e-10,5.178446e-11,85.2448,1,0.0000
0.0480,0.1180,1.014848e-10,5.222897e-11,85.4920,1,0.0000
0.0480,0.1200,1.014848e-10,5.266973e-11,85.7372,1,0.0000
0.0480,0.1220,1.014848e-10,5.310683e-11,85.9803,1,0.0000
0.0480,0.1240,1.014848e-10,5.354037e-11,86.2214,1,0.0000
0.0480,0.1260,1.014848e-10,5.397042e-11,86.4606,1,0.0000
0.0480,0.1280,1.014848e-10,5.439707e-11,86.6979,1,0.0000
0.0480,0.1300,1.014848e-10,5.482040e-11,86.9333,1,0.0000
0.0480,0.1320,1.014848e-10,5.524048e-11,87.1669,1,0.0000
0.0480,0.1340,1.014848e-10,5.565740e-11,87.3988,1,0.0000
0.0480,0.1360,1.014848e-10,5.607121e-11,87.6290,1,0.0000
0.0480,0.1380,1.014848e-10,5.648200e-11,87.8574,1,0.0000
0.0480,0.1400,1.014848e-10,5.688981e-11,88.0843,1,0.0000
0.0500,0.0000,1.035775e-10,0.000000e+00,57.6074,1,0.0000
0.0500,0.0020,1.035775e-10,6.799633e-12,61.3892,1,0.0000
0.0500,0.0040,1.035775e-10,9.616133e-12,62.9557,1,0.0000
0.0500,0.0060,1.035775e-10,1.177731e-11,64.1577,1,0.0000
0.0500,0.0080,1.035775e-10,1.359927e-11,65.1710,1,0.0000
0.0500,0.0100,1.035775e-10,1.520444e-11,66.0637,1,0.0000
0.0500,0.0120,1.035775e-10,1.665563e-11,66.8709,1,0.0000
0.0500,0.0140,1.035775e-10,1.799014e-11,67.6131,1,0.0000
0.0500,0.0160,1.035775e-10,1.923227e-11,68.3039,1,0.0000
0.0500,0.0180,1.035775e-10,2.039890e-11,68.9528,1,0.0000
0.0500,0.0200,1.035775e-10,2.150233e-11,69.5665,1,0.0000
0.0500,0.0220,1.035775e-10,2.255183e-11,70.1502,1,0.0000
0.0500,0.0240,1.035775e-10,2.355462e-11,70.7079,1,0.0000
0.0500,0.0260,1.035775e-10,2.451643e-11,71.2429,1,0.0000
0.0500,0.0280,1.035775e-10,2.544190e-11,71.7576,1,0.0000
0.0500,0.0300,1.035775e-10,2.633487e-11,72.2542,1,0.0000
0.0500,0.0320,1.035775e-10,2.719853e-11,72.7346,1,0.0000
0.0500,0.0340,1.035775e-10,2.803561e-11,73.2001,1,0.0000
0.0500,0.0360,1.035775e-10,2.884840e-11,73.6522,1,0.0000
0.0500,0.0380,1.035775e-10,2.963891e-11,74.0919,1,0.0000
0.0500,0.0400,1.035775e-10,3.040888e-11,74.5201,1,0.0000
0.0500,0.0420,1.035775e-10,3.115983e-11,74.9378,1,0.0000
0.0500,0.0440,1.035775e-10,3.189311e-11,75.3456,1,0.0000
0.0500,0.0460,1.035775e-10,3.260990e-11,75.7443,1,0.0000
0.0500,0.0480,1.035775e-10,3.331126e-11,76.1343,1,0.0000
0.0500,0.0500,1.035775e-10,3.399817e-11,76.5164,1,0.0000
0.0500,0.0520,1.035775e-10,3.467146e-11,76.8908,1,0.0000
0.0500,0.0540,1.035775e-10,3.533193e-11,77.2582,1,0.0000
0.0500,0.0560,1.035775e-10,3.598028e-11,77.6188,1,0.0000
0.0500,0.0580,1.035775e-10,3.661715e-11,77.9730,1,0.0000
0.0500,0.0600,1.035775e-10,3.724312e-11,78.3211,1,0.0000
0.0500,0.0620,1.035775e-10,3.785876e-11,78.6635,1,0.0000
0.0500,0.0640,1.035775e-10,3.846453e-11,79.0005,1,0.0000
0.0500,0.0660,1.035775e-10,3.906092e-11,79.3322,1,0.0000
0.0500,0.0680,1.035775e-10,3.964833e-11,79.6589,1,0.0000
0.0500,0.0700,1.035775e-10,4.022717e-11,79.9808,1,0.0000
0.0500,0.0720,1.035775e-10,4.079780e-11,80.2982,1,0.0000
0.0500,0.0740,1.035775e-10,4.136055e-11,80.6112,1,0.0000
0.0500,0.0760,1.035775e-10,4.191575e-11,80.9200,1,0.0000
0.0500,0.0780,1.035775e-10,4.246370e-11,81.2247,1,0.0000
0.0500,0.0800,1.035775e-10,4.300466e-11,81.5256,1,0.0000
0.0500,0.0820,1.035775e-10,4.353890e-11,81.8227,1,0.0000
0.0500,0.0840,1.035775e-10,4.406666e-11,82.1162,1,0.0000
0.0500,0.0860,1.035775e-10,4.458818e-11,82.4063,1,0.0000
0.0500,0.0880,1.035775e-10,4.510366e-11,82.6930,1,0.0000
0.0500,0.0900,1.035775e-10,4.561333e-11,82.9765,1,0.0000
0.0500,0.0920,1.035775e-10,4.611736e-11,83.2568,1,0.0000
0.0500,0.0940,1.035775e-10,4.661594e-11,83.5341,1,0.0000
0.0500,0.0960,1.035775e-10,4.710924e-11,83.8084,1,0.0000
0.0500,0.0980,1.035775e-10,4.759743e-11,84.0800,1,0.0000
0.0500,0.1000,1.035775e-10,4.808067e-11,84.3487,1,0.0000
0.0500,0.1020,1.035775e-10,4.855909e-11,84.6148,1,0.0000
0.0500,0.1040,1.035775e-10,4.903285e-11,84.8783,1,0.0000
0.0500,0.1060,1.035775e-10,4.950208e-11,85.1393,1,0.0000
0.0500,0.1080,1.035775e-10,4.996690e-11,85.3978,1,0.0000
0.0500,0.1100,1.035775e-10,5.042743e-11,85.6539,1,0.0000
0.0500,0.1120,1.035775e-10,5.088380e-11,85.9078,1,0.0000
0.0500,0.1140,1.035775e-10,5.133610e-11,86.1593,1,0.0000
0.0500,0.1160,1.035775e-10,5.178446e-11,86.4087,1,0.0000
0.0500,0.1180,1.035775e-10,5.222897e-11,86.6559,1,0.0000
0.0500,0.1200,1.035775e-10,5.266973e-11,86.9011,1,0.0000
0.0500,0.1220,1.035775e-10,5.310683e-11,87.1442,1,0.0000
0.0500,0.1240,1.035775e-10,5.354037e-11,87.3853,1,0.0000
0.0500,0.1260,1.035775e-10,5.397042e-11,87.6245,1,0.0000
0.0500,0.1280,1.035775e-10,5.439707e-11,87.8618,1,0.0000
0.0500,0.1300,1.035775e-10,5.482040e-11,88.0972,1,0.0000
0.0500,0.1320,1.035775e-10,5.524048e-11,88.3309,1,0.0000
0.0500,0.1340,1.035775e-10,5.565740e-11,88.5627,1,0.0000
0.0500,0.1360,1.035775e-10,5.607121e-11,88.7929,1,0.0000
0.0500,0.1380,1.035775e-10,5.648200e-11,89.0214,1,0.0000
0.0500,0.1400,1.035775e-10,5.688981e-11,89.2482,1,0.0000
0.0520,0.0000,1.056288e-10,0.000000e+00,58.7482,1,0.0000
0.0520,0.0020,1.056288e-10,6.799633e-12,62.5300,1,0.0000
0.0520,0.0040,1.056288e-10,9.616133e-12,64.0965,1,0.0000
0.0520,0.0060,1.056288e-10,1.177731e-11,65.2985,1,0.0000
0.0520,0.0080,1.056288e-10,1.359927e-11,66.3118,1,0.0000
0.0520,0.0100,1.056288e-10,1.520444e-11,67.2046,1,0.0000
0.0520,0.0120,1.056288e-10,1.665563e-11,68.0117,1,0.0000
0.0520,0.0140,1.056288e-10,1.799014e-11,68.7539,1,0.0000
0.0520,0.0160,1.056288e-10,1.923227e-11,69.4448,1,0.0000
0.0520,0.0180,1.056288e-10,2.039890e-11,70.0936,1,0.0000
0.0520,0.0200,1.056288e-10,2.150233e-11,70.7073,1,0.0000
0.0520,0.0220,1.056288e-10,2.255183e-11,71.2910,1,0.0000
0.0520,0.0240,1.056288e-10,2.355462e-11,71.8488,1,0.0000
0.0520,0.0260,1.056288e-10,2.451643e-11,72.3837,1,0.0000
0.0520,0.0280,1.056288e-10,2.544190e-11,72.8984,1,0.0000
0.0520,0.0300,1.056288e-10,2.633487e-11,73.3951,1,0.0000
0.0520,0.0320,1.056288e-10,2.719853e-11,73.8754,1,0.0000
0.0520,0.0340,1.056288e-10,2.803561e-11,74.3410,1,0.0000
0.0520,0.0360,1.056288e-10,2.884840e-11,74.7930,1,0.0000
0.0520,0.0380,1.056288e-10,2.963891e-11,75.2327,1,0.0000
0.0520,0.0400,1.056288e-10,3.040888e-11,75.6610,1,0.0000
0.0520,0.0420,1.056288e-10,3.115983e-11,76.0786,1,0.0000
0.0520,0.0440,1.056288e-10,3.189311e-11,76.4864,1,0.0000
0.0520,0.0460,1.056288e-10,3.260990e-11,76.8851,1,0.0000
0.0520,0.0480,1.056288e-10,3.331126e-11,77.2752,1,0.0000
0.0520,0.0500,1.056288e-10,3.399817e-11,77.6572,1,0.0000
0.0520,0.0520,1.056288e-10,3.467146e-11,78.0317,1,0.0000
0.0520,0.0540,1.056288e-10,3.533193e-11,78.3990,1,0.0000
0.0520,0.0560,1.056288e-10,3.598028e-11,78.7596,1,0.0000
0.0520,0.0580,1.056288e-10,3.661715e-11,79.1138,1,0.0000
0.0520,0.0600,1.056288e-10,3.724312e-11,79.4620,1,0.0000
0.0520,0.0620,1.056288e-10,3.785876e-11,79.8044,1,0.0000
0.0520,0.0640,1.056288e-10,3.846453e-11,80.1413,1,0.0000
0.0520,0.0660,1.056288e-10,3.906092e-11,80.4730,1,0.0000
0.0520,0.0680,1.056288e-10,3.964833e-11,80.7997,1,0.0000
0.0520,0.0700,1.056288e-10,4.022717e-11,81.1217,1,0.0000
0.0520,0.0720,1.056288e-10,4.079780e-11,81.4390,1,0.0000
0.0520,0.0740,1.056288e-10,4.136055e-11,81.7520,1,0.0000
0.0520,0.0760,1.056288e-10,4.191575e-11,82.0608,1,0.0000
0.0520,0.0780,1.056288e-10,4.246370e-11,82.3656,1,0.0000
0.0520,0.0800,1.056288e-10,4.300466e-11,82.6664,1,0.0000
0.0520,0.0820,1.056288e-10,4.353890e-11,82.9636,1,0.0000
0.0520,0.0840,1.056288e-10,4.406666e-11,83.2571,1,0.0000
0.0520,0.0860,1.056288e-10,4.458818e-11,83.5471,1,0.0000
0.0520,0.0880,1.056288e-10,4.510366e-11,83.8338,1,0.0000
0.0520,0.0900,1.056288e-10,4.561333e-11,84.1173,1,0.0000
0.0520,0.0920,1.056288e-10,4.611736e-11,84.3976,1,0.0000
0.0520,0.0940,1.056288e-10,4.661594e-11,84.6749,1,0.0000
0.0520,0.0960,1.056288e-10,4.710924e-11,84.9493,1,0.0000
0.0520,0.0980,1.056288e-10,4.759743e-11,85.2208,1,0.0000
0.0520,0.1000,1.056288e-10,4.808067e-11,85.4896,1,0.0000
0.0520,0.1020,1.056288e-10,4.855909e-11,85.7557,1,0.0000
0.0520,0.1040,1.056288e-10,4.903285e-11,86.0192,1,0.0000
0.0520,0.1060,1.056288e-10,4.950208e-11,86.2801,1,0.0000
0.0520,0.1080,1.056288e-10,4.996690e-11,86.5387,1,0.0000
0.0520,0.1100,1.056288e-10,5.042743e-11,86.7948,1,0.0000
0.0520,0.1120,1.056288e-10,5.088380e-11,87.0486,1,0.0000
0.0520,0.1140,1.056288e-10,5.133610e-11,87.3002,1,0.0000
0.0520,0.1160,1.056288e-10,5.178446e-11,87.5495,1,0.0000
0.0520,0.1180,1.056288e-10,5.222897e-11,87.7968,1,0.0000
0.0520,0.1200,1.056288e-10,5.266973e-11,88.0419,1,0.0000
0.0520,0.1220,1.056288e-10,5.310683e-11,88.2850,1,0.0000
0.0520,0.1240,1.056288e-10,5.354037e-11,88.5261,1,0.0000
0.0520,0.1260,1.056288e-10,5.397042e-11,88.7653,1,0.0000
0.0520,0.1280,1.056288e-10,5.439707e-11,89.0026,1,0.0000
0.0520,0.1300,1.056288e-10,5.482040e-11,89.2381,1,0.0000
0.0520,0.1320,1.056288e-10,5.524048e-11,89.4717,1,0.0000
0.0520,0.1340,1.056288e-10,5.565740e-11,89.7036,1,0.0000
0.0520,0.1360,1.056288e-10,5.607121e-11,89.9337,1,0.0000
0.0520,0.1380,1.056288e-10,5.648200e-11,90.1622,1,0.0000
0.0520,0.1400,1.056288e-10,5.688981e-11,90.3890,1,0.0000
0.0540,0.0000,1.076409e-10,0.000000e+00,59.8674,1,0.0000
0.0540,0.0020,1.076409e-10,6.799633e-12,63.6492,1,0.0000
0.0540,0.0040,1.076409e-10,9.616133e-12,65.2156,1,0.0000
0.0540,0.0060,1.076409e-10,1.177731e-11,66.4176,1,0.0000
0.0540,0.0080,1.076409e-10,1.359927e-11,67.4310,1,0.0000
0.0540,0.0100,1.076409e-10,1.520444e-11,68.3237,1,0.0000
0.0540,0.0120,1.076409e-10,1.665563e-11,69.1308,1,0.0000
0.0540,0.0140,1.076409e-10,1.799014e-11,69.8731,1,0.0000
0.0540,0.0160,1.076409e-10,1.923227e-11,70.5639,1,0.0000
0.0540,0.0180,1.076409e-10,2.039890e-11,71.2128,1,0.0000
0.0540,0.0200,1.076409e-10,2.150233e-11,71.8265,1,0.0000
0.0540,0.0220,1.076409e-10,2.255183e-11,72.4102,1,0.0000
0.0540,0.0240,1.076409e-10,2.355462e-11,72.9679,1,0.0000
0.0540,0.0260,1.076409e-10,2.451643e-11,73.5028,1,0.0000
0.0540,0.0280,1.076409e-10,2.544190e-11,74.0175,1,0.0000
0.0540,0.0300,1.076409e-10,2.633487e-11,74.5142,1,0.0000
0.0540,0.0320,1.076409e-10,2.719853e-11,74.9945,1,0.0000
0.0540,0.0340,1.076409e-10,2.803561e-11,75.4601,1,0.0000
0.0540,0.0360,1.076409e-10,2.884840e-11,75.9122,1,0.0000
0.0540,0.0380,1.076409e-10,2.963891e-11,76.3518,1,0.0000
0.0540,0.0400,1.076409e-10,3.040888e-11,76.7801,1,0.0000
0.0540,0.0420,1.076409e-10,3.115983e-11,77.1977,1,0.0000
0.0540,0.0440,1.076409e-10,3.189311e-11,77.6056,1,0.0000
0.0540,0.0460,1.076409e-10,3.260990e-11,78.0042,1,0.0000
0.0540,0.0480,1.076409e-10,3.331126e-11,78.3943,1,0.0000
0.0540,0.0500,1.076409e-10,3.399817e-11,78.7763,1,0.0000
0.0540,0.0520,1.076409e-10,3.467146e-11,79.1508,1,0.0000
0.0540,0.0540,1.076409e-10,3.533193e-11,79.5182,1,0.0000
0.0540,0.0560,1.076409e-10,3.598028e-11,79.8787,1,0.0000
0.0540,0.0580,1.076409e-10,3.661715e-11,80.2330,1,0.0000
0.0540,0.0600,1.076409e-10,3.724312e-11,80.5811,1,0.0000
0.0540,0.0620,1.076409e-10,3.785876e-11,80.9235,1,0.0000
0.0540,0.0640,1.076409e-10,3.846453e-11,81.2604,1,0.0000
0.0540,0.0660,1.076409e-10,3.906092e-11,81.5921,1,0.0000
0.0540,0.0680,1.076409e-10,3.964833e-11,81.9188,1,0.0000
0.0540,0.0700,1.076409e-10,4.022717e-11,82.2408,1,0.0000
0.0540,0.0720,1.076409e-10,4.079780e-11,82.5581,1,0.0000
0.0540,0.0740,1.076409e-10,4.136055e-11,82.8711,1,0.0000
0.0540,0.0760,1.076409e-10,4.191575e-11,83.1799,1,0.0000
0.0540,0.0780,1.076409e-10,4.246370e-11,83.4847,1,0.0000
0.0540,0.0800,1.076409e-10,4.300466e-11,83.7855,1,0.0000
0.0540,0.0820,1.076409e-10,4.353890e-11,84.0827,1,0.0000
0.0540,0.0840,1.076409e-10,4.406666e-11,84.3762,1,0.0000
0.0540,0.0860,1.076409e-10,4.458818e-11,84.6663,1,0.0000
0.0540,0.0880,1.076409e-10,4.510366e-11,84.9530,1,0.0000
0.0540,0.0900,1.076409e-10,4.561333e-11,85.2364,1,0.0000
0.0540,0.0920,1.076409e-10,4.611736e-11,85.5168,1,0.0000
0.0540,0.0940,1.076409e-10,4.661594e-11,85.7941,1,0.0000
0.0540,0.0960,1.076409e-10,4.710924e-11,86.0684,1,0.0000
0.0540,0.0980,1.076409e-10,4.759743e-11,86.3399,1,0.0000
0.0540,0.1000,1.076409e-10,4.808067e-11,86.6087,1,0.0000
0.0540,0.1020,1.076409e-10,4.855909e-11,86.8748,1,0.0000
0.0540,0.1040,1.076409e-10,4.903285e-11,87.1383,1,0.0000
0.0540,0.1060,1.076409e-10,4.950208e-11,87.3993,1,0.0000
0.0540,0.1080,1.076409e-10,4.996690e-11,87.6578,1,0.0000
0.0540,0.1100,1.076409e-10,5.042743e-11,87.9139,1,0.0000
0.0540,0.1120,1.076409e-10,5.088380e-11,88.1677,1,0.0000
0.0540,0.1140,1.076409e-10,5.133610e-11,88.4193,1,0.0000
0.0540,0.1160,1.076409e-10,5.178446e-11,88.6687,1,0.0000
0.0540,0.1180,1.076409e-10,5.222897e-11,88.9159,1,0.0000
0.0540,0.1200,1.076409e-10,5.266973e-11,89.1610,1,0.0000
0.0540,0.1220,1.076409e-10,5.310683e-11,89.4041,1,0.0000
0.0540,0.1240,1.076409e-10,5.354037e-11,89.6453,1,0.0000
0.0540,0.1260,1.076409e-10,5.397042e-11,89.8844,1,0.0000
0.0540,0.1280,1.076409e-10,5.439707e-11,90.1217,1,0.0000
0.0540,0.1300,1.076409e-10,5.482040e-11,90.3572,1,0.0000
0.0540,0.1320,1.076409e-10,5.524048e-11,90.5908,1,0.0000
0.0540,0.1340,1.076409e-10,5.565740e-11,90.8227,1,0.0000
0.0540,0.1360,1.076409e-10,5.607121e-11,91.0529,1,0.0000
0.0540,0.1380,1.076409e-10,5.648200e-11,91.2813,1,0.0000
0.0540,0.1400,1.076409e-10,5.688981e-11,91.5081,1,0.0000
0.0560,0.0000,1.096162e-10,0.000000e+00,60.9659,1,0.0000
0.0560,0.0020,1.096162e-10,6.799633e-12,64.7477,1,0.0000
0.0560,0.0040,1.096162e-10,9.616133e-12,66.3142,1,0.0000
0.0560,0.0060,1.096162e-10,1.177731e-11,67.5162,1,0.0000
0.0560,0.0080,1.096162e-10,1.359927e-11,68.5295,1,0.0000
0.0560,0.0100,1.096162e-10,1.520444e-11,69.4223,1,0.0000
0.0560,0.0120,1.096162e-10,1.665563e-11,70.2294,1,0.0000
0.0560,0.0140,1.096162e-10,1.799014e-11,70.9716,1,0.0000
0.0560,0.0160,1.096162e-10,1.923227e-11,71.6625,1,0.0000
0.0560,0.0180,1.096162e-10,2.039890e-11,72.3113,1,0.0000
0.0560,0.0200,1.096162e-10,2.150233e-11,72.9250,1,0.0000
0.0560,0.0220,1.096162e-10,2.255183e-11,73.5087,1,0.0000
0.0560,0.0240,1.096162e-10,2.355462e-11,74.0665,1,0.0000
0.0560,0.0260,1.096162e-10,2.451643e-11,74.6014,1,0.0000
0.0560,0.0280,1.096162e-10,2.544190e-11,75.1161,1,0.0000
0.0560,0.0300,1.096162e-10,2.633487e-11,75.6128,1,0.0000
0.0560,0.0320,1.096162e-10,2.719853e-11,76.0931,1,0.0000
0.0560,0.0340,1.096162e-10,2.803561e-11,76.5587,1,0.0000
0.0560,0.0360,1.096162e-10,2.884840e-11,77.0107,1,0.0000
0.0560,0.0380,1.096162e-10,2.963891e-11,77.4504,1,0.0000
0.0560,0.0400,1.096162e-10,3.040888e-11,77.8786,1,0.0000
0.0560,0.0420,1.096162e-10,3.115983e-11,78.2963,1,0.0000
0.0560,0.0440,1.096162e-10,3.189311e-11,78.7041,1,0.0000
0.0560,0.0460,1.096162e-10,3.260990e-11,79.1028,1,0.0000
0.0560,0.0480,1.096162e-10,3.331126e-11,79.4929,1,0.0000
0.0560,0.0500,1.096162e-10,3.399817e-11,79.8749,1,0.0000
0.0560,0.0520,1.096162e-10,3.467146e-11,80.2494,1,0.0000
0.0560,0.0540,1.096162e-10,3.533193e-11,80.6167,1,0.0000
0.0560,0.0560,1.096162e-10,3.598028e-11,80.9773,1,0.0000
0.0560,0.0580,1.096162e-10,3.661715e-11,81.3315,1,0.0000
0.0560,0.0600,1.096162e-10,3.724312e-11,81.6797,1,0.0000
0.0560,0.0620,1.096162e-10,3.785876e-11,82.0221,1,0.0000
0.0560,0.0640,1.096162e-10,3.846453e-11,82.3590,1,0.0000
0.0560,0.0660,1.096162e-10,3.906092e-11,82.6907,1,0.0000
0.0560,0.0680,1.096162e-10,3.964833e-11,83.0174,1,0.0000
0.0560,0.0700,1.096162e-10,4.022717e-11,83.3393,1,0.0000
0.0560,0.0720,1.096162e-10,4.079780e-11,83.6567,1,0.0000
0.0560,0.0740,1.096162e-10,4.136055e-11,83.9697,1,0.0000
0.0560,0.0760,1.096162e-10,4.191575e-11,84.2785,1,0.0000
0.0560,0.0780,1.096162e-10,4.246370e-11,84.5832,1,0.0000
0.0560,0.0800,1.096162e-10,4.300466e-11,84.8841,1,0.0000
0.0560,0.0820,1.096162e-10,4.353890e-11,85.1812,1,0.0000
0.0560,0.0840,1.096162e-10,4.406666e-11,85.4748,1,0.0000
0.0560,0.0860,1.096162e-10,4.458818e-11,85.7648,1,0.0000
0.0560,0.0880,1.096162e-10,4.510366e-11,86.0515,1,0.0000
0.0560,0.0900,1.096162e-10,4.561333e-11,86.3350,1,0.0000
0.0560,0.0920,1.096162e-10,4.611736e-11,86.6153,1,0.0000
0.0560,0.0940,1.096162e-10,4.661594e-11,86.8926,1,0.0000
0.0560,0.0960,1.096162e-10,4.710924e-11,87.1670,1,0.0000
0.0560,0.0980,1.096162e-10,4.759743e-11,87.4385,1,0.0000
0.0560,0.1000,1.096162e-10,4.808067e-11,87.7073,1,0.0000
0.0560,0.1020,1.096162e-10,4.855909e-11,87.9734,1,0.0000
0.0560,0.1040,1.096162e-10,4.903285e-11,88.2369,1,0.0000
0.0560,0.1060,1.096162e-10,4.950208e-11,88.4978,1,0.0000
0.0560,0.1080,1.096162e-10,4.996690e-11,88.7564,1,0.0000
0.0560,0.1100,1.096162e-10,5.042743e-11,89.0125,1,0.0000
0.0560,0.1120,1.096162e-10,5.088380e-11,89.2663,1,0.0000
0.0560,0.1140,1.096162e-10,5.133610e-11,89.5179,1,0.0000
0.0560,0.1160,1.096162e-10,5.178446e-11,89.7672,1,0.0000
0.0560,0.1180,1.096162e-10,5.222897e-11,90.0145,1,0.0000
0.0560,0.1200,1.096162e-10,5.266973e-11,90.2596,1,0.0000
0.0560,0.1220,1.096162e-10,5.310683e-11,90.5027,1,0.0000
0.0560,0.1240,1.096162e-10,5.354037e-11,90.7438,1,0.0000
0.0560,0.1260,1.096162e-10,5.397042e-11,90.9830,1,0.0000
0.0560,0.1280,1.096162e-10,5.439707e-11,91.2203,1,0.0000
0.0560,0.1300,1.096162e-10,5.482040e-11,91.4558,1,0.0000
0.0560,0.1320,1.096162e-10,5.524048e-11,91.6894,1,0.0000
0.0560,0.1340,1.096162e-10,5.565740e-11,91.9213,1,0.0000
0.0560,0.1360,1.096162e-10,5.607121e-11,92.1514,1,0.0000
0.0560,0.1380,1.096162e-10,5.648200e-11,92.3799,1,0.0000
0.0560,0.1400,1.096162e-10,5.688981e-11,92.6067,1,0.0000
0.0580,0.0000,1.115564e-10,0.000000e+00,62.0451,1,0.0000
0.0580,0.0020,1.115564e-10,6.799633e-12,65.8269,1,0.0000
0.0580,0.0040,1.115564e-10,9.616133e-12,67.3933,1,0.0000
0.0580,0.0060,1.115564e-10,1.177731e-11,68.5953,1,0.0000
0.0580,0.0080,1.115564e-10,1.359927e-11,69.6087,1,0.0000
0.0580,0.0100,1.115564e-10,1.520444e-11,70.5014,1,0.0000
0.0580,0.0120,1.115564e-10,1.665563e-11,71.3085,1,0.0000
0.0580,0.0140,1.115564e-10,1.799014e-11,72.0508,1,0.0000
0.0580,0.0160,1.115564e-10,1.923227e-11,72.7416,1,0.0000
0.0580,0.0180,1.115564e-10,2.039890e-11,73.3905,1,0.0000
0.0580,0.0200,1.115564e-10,2.150233e-11,74.0042,1,0.0000
0.0580,0.0220,1.115564e-10,2.255183e-11,74.5879,1,0.0000
0.0580,0.0240,1.115564e-10,2.355462e-11,75.1456,1,0.0000
0.0580,0.0260,1.115564e-10,2.451643e-11,75.6805,1,0.0000
0.0580,0.0280,1.115564e-10,2.544190e-11,76.1952,1,0.0000
0.0580,0.0300,1.115564e-10,2.633487e-11,76.6919,1,0.0000
0.0580,0.0320,1.115564e-10,2.719853e-11,77.1722,1,0.0000
0.0580,0.0340,1.115564e-10,2.803561e-11,77.6378,1,0.0000
0.0580,0.0360,1.115564e-10,2.884840e-11,78.0899,1,0.0000
0.0580,0.0380,1.115564e-10,2.963891e-11,78.5295,1,0.0000
0.0580,0.0400,1.115564e-10,3.040888e-11,78.9578,1,0.0000
0.0580,0.0420,1.115564e-10,3.115983e-11,79.3754,1,0.0000
0.0580,0.0440,1.115564e-10,3.189311e-11,79.7833,1,0.0000
0.0580,0.0460,1.115564e-10,3.260990e-11,80.1819,1,0.0000
0.0580,0.0480,1.115564e-10,3.331126e-11,80.5720,1,0.0000
0.0580,0.0500,1.115564e-10,3.399817e-11,80.9540,1,0.0000
0.0580,0.0520,1.115564e-10,3.467146e-11,81.3285,1,0.0000
0.0580,0.0540,1.115564e-10,3.533193e-11,81.6959,1,0.0000
0.0580,0.0560,1.115564e-10,3.598028e-11,82.0564,1,0.0000
0.0580,0.0580,1.115564e-10,3.661715e-11,82.4107,1,0.0000
0.0580,0.0600,1.115564e-10,3.724312e-11,82.7588,1,0.0000
0.0580,0.0620,1.115564e-10,3.785876e-11,83.1012,1,0.0000
0.0580,0.0640,1.115564e-10,3.846453e-11,83.4381,1,0.0000
0.0580,0.0660,1.115564e-10,3.906092e-11,83.7698,1,0.0000
0.0580,0.0680,1.115564e-10,3.964833e-11,84.0965,1,0.0000
0.0580,0.0700,1.115564e-10,4.022717e-11,84.4185,1,0.0000
0.0580,0.0720,1.115564e-10,4.079780e-11,84.7358,1,0.0000
0.0580,0.0740,1.115564e-10,4.136055e-11,85.0488,1,0.0000
0.0580,0.0760,1.115564e-10,4.191575e-11,85.3576,1,0.0000
0.0580,0.0780,1.115564e-10,4.246370e-11,85.6624,1,0.0000
0.0580,0.0800,1.115564e-10,4.300466e-11,85.9632,1,0.0000
0.0580,0.0820,1.115564e-10,4.353890e-11,86.2604,1,0.0000
0.0580,0.0840,1.115564e-10,4.406666e-11,86.5539,1,0.0000
0.0580,0.0860,1.115564e-10,4.458818e-11,86.8440,1,0.0000
0.0580,0.0880,1.115564e-10,4.510366e-11,87.1307,1,0.0000
0.0580,0.0900,1.115564e-10,4.561333e-11,87.4141,1,0.0000
0.0580,0.0920,1.115564e-10,4.611736e-11,87.6945,1,0.0000
0.0580,0.0940,1.115564e-10,4.661594e-11,87.9718,1,0.0000
0.0580,0.0960,1.115564e-10,4.710924e-11,88.2461,1,0.0000
0.0580,0.0980,1.115564e-10,4.759743e-11,88.5176,1,0.0000
0.0580,0.1000,1.115564e-10,4.808067e-11,88.7864,1,0.0000
0.0580,0.1020,1.115564e-10,4.855909e-11,89.0525,1,0.0000
0.0580,0.1040,1.115564e-10,4.903285e-11,89.3160,1,0.0000
0.0580,0.1060,1.115564e-10,4.950208e-11,89.5770,1,0.0000
0.0580,0.1080,1.115564e-10,4.996690e-11,89.8355,1,0.0000
0.0580,0.1100,1.115564e-10,5.042743e-11,90.0916,1,0.0000
0.0580,0.1120,1.115564e-10,5.088380e-11,90.3454,1,0.0000
0.0580,0.1140,1.115564e-10,5.133610e-11,90.5970,1,0.0000
0.0580,0.1160,1.115564e-10,5.178446e-11,90.8464,1,0.0000
0.0580,0.1180,1.115564e-10,5.222897e-11,91.0936,1,0.0000
0.0580,0.1200,1.115564e-10,5.266973e-11,91.3387,1,0.0000
0.0580,0.1220,1.115564e-10,5.310683e-11,91.5818,1,0.0000
0.0580,0.1240,1.115564e-10,5.354037e-11,91.8230,1,0.0000
0.0580,0.1260,1.115564e-10,5.397042e-11,92.0621,1,0.0000
0.0580,0.1280,1.115564e-10,5.439707e-11,92.2994,1,0.0000
0.0580,0.1300,1.115564e-10,5.482040e-11,92.5349,1,0.0000
0.0580,0.1320,1.115564e-10,5.524048e-11,92.7685,1,0.0000
0.0580,0.1340,1.115564e-10,5.565740e-11,93.0004,1,0.0000
0.0580,0.1360,1.115564e-10,5.607121e-11,93.2306,1,0.0000
0.0580,0.1380,1.115564e-10,5.648200e-11,93.4590,1,0.0000
0.0580,0.1400,1.115564e-10,5.688981e-11,93.6858,1,0.0000
0.0600,0.0000,1.134635e-10,0.000000e+00,63.1057,1,0.0000
0.0600,0.0020,1.134635e-10,6.799633e-12,66.8875,1,0.0000
0.0600,0.0040,1.134635e-10,9.616133e-12,68.4540,1,0.0000
0.0600,0.0060,1.134635e-10,1.177731e-11,69.6560,1,0.0000
0.0600,0.0080,1.134635e-10,1.359927e-11,70.6693,1,0.0000
0.0600,0.0100,1.134635e-10,1.520444e-11,71.5621,1,0.0000
0.0600,0.0120,1.134635e-10,1.665563e-11,72.3692,1,0.0000
0.0600,0.0140,1.134635e-10,1.799014e-11,73.1114,1,0.0000
0.0600,0.0160,1.134635e-10,1.923227e-11,73.8023,1,0.0000
0.0600,0.0180,1.134635e-10,2.039890e-11,74.4511,1,0.0000
0.0600,0.0200,1.134635e-10,2.150233e-11,75.0648,1,0.0000
0.0600,0.0220,1.134635e-10,2.255183e-11,75.6485,1,0.0000
0.0600,0.0240,1.134635e-10,2.355462e-11,76.2063,1,0.0000
0.0600,0.0260,1.134635e-10,2.451643e-11,76.7412,1,0.0000
0.0600,0.0280,1.134635e-10,2.544190e-11,77.2559,1,0.0000
0.0600,0.0300,1.134635e-10,2.633487e-11,77.7526,1,0.0000
0.0600,0.0320,1.134635e-10,2.719853e-11,78.2329,1,0.0000
0.0600,0.0340,1.134635e-10,2.803561e-11,78.6985,1,0.0000
0.0600,0.0360,1.134635e-10,2.884840e-11,79.1505,1,0.0000
0.0600,0.0380,1.134635e-10,2.963891e-11,79.5902,1,0.0000
0.0600,0.0400,1.134635e-10,3.040888e-11,80.0184,1,0.0000
0.0600,0.0420,1.134635e-10,3.115983e-11,80.4361,1,0.0000
0.0600,0.0440,1.134635e-10,3.189311e-11,80.8439,1,0.0000
0.0600,0.0460,1.134635e-10,3.260990e-11,81.2426,1,0.0000
0.0600,0.0480,1.134635e-10,3.331126e-11,81.6327,1,0.0000
0.0600,0.0500,1.134635e-10,3.399817e-11,82.0147,1,0.0000
0.0600,0.0520,1.134635e-10,3.467146e-11,82.3892,1,0.0000
0.0600,0.0540,1.134635e-10,3.533193e-11,82.7565,1,0.0000
0.0600,0.0560,1.134635e-10,3.598028e-11,83.1171,1,0.0000
0.0600,0.0580,1.134635e-10,3.661715e-11,83.4713,1,0.0000
0.0600,0.0600,1.134635e-10,3.724312e-11,83.8195,1,0.0000
0.0600,0.0620,1.134635e-10,3.785876e-11,84.1619,1,0.0000
0.0600,0.0640,1.134635e-10,3.846453e-11,84.4988,1,0.0000
0.0600,0.0660,1.134635e-10,3.906092e-11,84.8305,1,0.0000
0.0600,0.0680,1.134635e-10,3.964833e-11,85.1572,1,0.0000
0.0600,0.0700,1.134635e-10,4.022717e-11,85.4791,1,0.0000
0.0600,0.0720,1.134635e-10,4.079780e-11,85.7965,1,0.0000
0.0600,0.0740,1.134635e-10,4.136055e-11,86.1095,1,0.0000
0.0600,0.0760,1.134635e-10,4.191575e-11,86.4183,1,0.0000
0.0600,0.0780,1.134635e-10,4.246370e-11,86.7231,1,0.0000
0.0600,0.0800,1.134635e-10,4.300466e-11,87.0239,1,0.0000
0.0600,0.0820,1.134635e-10,4.353890e-11,87.3211,1,0.0000
0.0600,0.0840,1.134635e-10,4.406666e-11,87.6146,1,0.0000
0.0600,0.0860,1.134635e-10,4.458818e-11,87.9046,1,0.0000
0.0600,0.0880,1.134635e-10,4.510366e-11,88.1913,1,0.0000
0.0600,0.0900,1.134635e-10,4.561333e-11,88.4748,1,0.0000
0.0600,0.0920,1.134635e-10,4.611736e-11,88.7551,1,0.0000
0.0600,0.0940,1.134635e-10,4.661594e-11,89.0324,1,0.0000
0.0600,0.0960,1.134635e-10,4.710924e-11,89.3068,1,0.0000
0.0600,0.0980,1.134635e-10,4.759743e-11,89.5783,1,0.0000
0.0600,0.1000,1.134635e-10,4.808067e-11,89.8471,1,0.0000
0.0600,0.1020,1.134635e-10,4.855909e-11,90.1132,1,0.0000
0.0600,0.1040,1.134635e-10,4.903285e-11,90.3767,1,0.0000
0.0600,0.1060,1.134635e-10,4.950208e-11,90.6376,1,0.0000
0.0600,0.1080,1.134635e-10,4.996690e-11,90.8962,1,0.0000
0.0600,0.1100,1.134635e-10,5.042743e-11,91.1523,1,0.0000
0.0600,0.1120,1.134635e-10,5.088380e-11,91.4061,1,0.0000
0.0600,0.1140,1.134635e-10,5.133610e-11,91.6577,1,0.0000
0.0600,0.1160,1.134635e-10,5.178446e-11,91.9070,1,0.0000
0.0600,0.1180,1.134635e-10,5.222897e-11,92.1543,1,0.0000
0.0600,0.1200,1.134635e-10,5.266973e-11,92.3994,1,0.0000
0.0600,0.1220,1.134635e-10,5.310683e-11,92.6425,1,0.0000
0.0600,0.1240,1.134635e-10,5.354037e-11,92.8836,1,0.0000
0.0600,0.1260,1.134635e-10,5.397042e-11,93.1228,1,0.0000
0.0600,0.1280,1.134635e-10,5.439707e-11,93.3601,1,0.0000
0.0600,0.1300,1.134635e-10,5.482040e-11,93.5956,1,0.0000
0.0600,0.1320,1.134635e-10,5.524048e-11,93.8292,1,0.0000
0.0600,0.1340,1.134635e-10,5.565740e-11,94.0611,1,0.0000
0.0600,0.1360,1.134635e-10,5.607121e-11,94.2912,1,0.0000
0.0600,0.1380,1.134635e-10,5.648200e-11,94.5197,1,0.0000
0.0600,0.1400,1.134635e-10,5.688981e-11,94.7465,1,0.0000
0.0620,0.0000,1.153391e-10,0.000000e+00,64.1489,1,0.0000
0.0620,0.0020,1.153391e-10,6.799633e-12,67.9307,1,0.0000
0.0620,0.0040,1.153391e-10,9.616133e-12,69.4971,1,0.0000
0.0620,0.0060,1.153391e-10,1.177731e-11,70.6991,1,0.0000
0.0620,0.0080,1.153391e-10,1.359927e-11,71.7125,1,0.0000
0.0620,0.0100,1.153391e-10,1.520444e-11,72.6052,1,0.0000
0.0620,0.0120,1.153391e-10,1.665563e-11,73.4124,1,0.0000
0.0620,0.0140,1.153391e-10,1.799014e-11,74.1546,1,0.0000
0.0620,0.0160,1.153391e-10,1.923227e-11,74.8454,1,0.0000
0.0620,0.0180,1.153391e-10,2.039890e-11,75.4943,1,0.0000
0.0620,0.0200,1.153391e-10,2.150233e-11,76.1080,1,0.0000
0.0620,0.0220,1.153391e-10,2.255183e-11,76.6917,1,0.0000
0.0620,0.0240,1.153391e-10,2.355462e-11,77.2494,1,0.0000
0.0620,0.0260,1.153391e-10,2.451643e-11,77.7843,1,0.0000
0.0620,0.0280,1.153391e-10,2.544190e-11,78.2991,1,0.0000
0.0620,0.0300,1.153391e-10,2.633487e-11,78.7957,1,0.0000
0.0620,0.0320,1.153391e-10,2.719853e-11,79.2761,1,0.0000
0.0620,0.0340,1.153391e-10,2.803561e-11,79.7416,1,0.0000
0.0620,0.0360,1.153391e-10,2.884840e-11,80.1937,1,0.0000
0.0620,0.0380,1.153391e-10,2.963891e-11,80.6333,1,0.0000
0.0620,0.0400,1.153391e-10,3.040888e-11,81.0616,1,0.0000
0.0620,0.0420,1.153391e-10,3.115983e-11,81.4792,1,0.0000
0.0620,0.0440,1.153391e-10,3.189311e-11,81.8871,1,0.0000
0.0620,0.0460,1.153391e-10,3.260990e-11,82.2857,1,0.0000
0.0620,0.0480,1.153391e-10,3.331126e-11,82.6758,1,0.0000
0.0620,0.0500,1.153391e-10,3.399817e-11,83.0579,1,0.0000
0.0620,0.0520,1.153391e-10,3.467146e-11,83.4323,1,0.0000
0.0620,0.0540,1.153391e-10,3.533193e-11,83.7997,1,0.0000
0.0620,0.0560,1.153391e-10,3.598028e-11,84.1603,1,0.0000
0.0620,0.0580,1.153391e-10,3.661715e-11,84.5145,1,0.0000
0.0620,0.0600,1.153391e-10,3.724312e-11,84.8626,1,0.0000
0.0620,0.0620,1.153391e-10,3.785876e-11,85.2050,1,0.0000
0.0620,0.0640,1.153391e-10,3.846453e-11,85.5420,1,0.0000
0.0620,0.0660,1.153391e-10,3.906092e-11,85.8736,1,0.0000
0.0620,0.0680,1.153391e-10,3.964833e-11,86.2004,1,0.0000
0.0620,0.0700,1.153391e-10,4.022717e-11,86.5223,1,0.0000
0.0620,0.0720,1.153391e-10,4.079780e-11,86.8397,1,0.0000
0.0620,0.0740,1.153391e-10,4.136055e-11,87.1526,1,0.0000
0.0620,0.0760,1.153391e-10,4.191575e-11,87.4614,1,0.0000
0.0620,0.0780,1.153391e-10,4.246370e-11,87.7662,1,0.0000
0.0620,0.0800,1.153391e-10,4.300466e-11,88.0671,1,0.0000
0.0620,0.0820,1.153391e-10,4.353890e-11,88.3642,1,0.0000
0.0620,0.0840,1.153391e-10,4.406666e-11,88.6577,1,0.0000
0.0620,0.0860,1.153391e-10,4.458818e-11,88.9478,1,0.0000
0.0620,0.0880,1.153391e-10,4.510366e-11,89.2345,1,0.0000
0.0620,0.0900,1.153391e-10,4.561333e-11,89.5179,1,0.0000
0.0620,0.0920,1.153391e-10,4.611736e-11,89.7983,1,0.0000
0.0620,0.0940,1.153391e-10,4.661594e-11,90.0756,1,0.0000
0.0620,0.0960,1.153391e-10,4.710924e-11,90.3499,1,0.0000
0.0620,0.0980,1.153391e-10,4.759743e-11,90.6215,1,0.0000
0.0620,0.1000,1.153391e-10,4.808067e-11,90.8902,1,0.0000
0.0620,0.1020,1.153391e-10,4.855909e-11,91.1563,1,0.0000
0.0620,0.1040,1.153391e-10,4.903285e-11,91.4198,1,0.0000
0.0620,0.1060,1.153391e-10,4.950208e-11,91.6808,1,0.0000
0.0620,0.1080,1.153391e-10,4.996690e-11,91.9393,1,0.0000
0.0620,0.1100,1.153391e-10,5.042743e-11,92.1954,1,0.0000
0.0620,0.1120,1.153391e-10,5.088380e-11,92.4493,1,0.0000
0.0620,0.1140,1.153391e-10,5.133610e-11,92.7008,1,0.0000
0.0620,0.1160,1.153391e-10,5.178446e-11,92.9502,1,0.0000
0.0620,0.1180,1.153391e-10,5.222897e-11,93.1974,1,0.0000
0.0620,0.1200,1.153391e-10,5.266973e-11,93.4425,1,0.0000
0.0620,0.1220,1.153391e-10,5.310683e-11,93.6857,1,0.0000
0.0620,0.1240,1.153391e-10,5.354037e-11,93.9268,1,0.0000
0.0620,0.1260,1.153391e-10,5.397042e-11,94.1660,1,0.0000
0.0620,0.1280,1.153391e-10,5.439707e-11,94.4033,1,0.0000
0.0620,0.1300,1.153391e-10,5.482040e-11,94.6387,1,0.0000
0.0620,0.1320,1.153391e-10,5.524048e-11,94.8723,1,0.0000
0.0620,0.1340,1.153391e-10,5.565740e-11,95.1042,1,0.0000
0.0620,0.1360,1.153391e-10,5.607121e-11,95.3344,1,0.0000
0.0620,0.1380,1.153391e-10,5.648200e-11,95.5628,1,0.0000
0.0620,0.1400,1.153391e-10,5.688981e-11,95.7897,1,0.0000
0.0640,0.0000,1.171846e-10,0.000000e+00,65.1753,1,0.0000
0.0640,0.0020,1.171846e-10,6.799633e-12,68.9571,1,0.0000
0.0640,0.0040,1.171846e-10,9.616133e-12,70.5236,1,0.0000
0.0640,0.0060,1.171846e-10,1.177731e-11,71.7256,1,0.0000
0.0640,0.0080,1.171846e-10,1.359927e-11,72.7389,1,0.0000
0.0640,0.0100,1.171846e-10,1.520444e-11,73.6317,1,0.0000
0.0640,0.0120,1.171846e-10,1.665563e-11,74.4388,1,0.0000
0.0640,0.0140,1.171846e-10,1.799014e-11,75.1810,1,0.0000
0.0640,0.0160,1.171846e-10,1.923227e-11,75.8719,1,0.0000
0.0640,0.0180,1.171846e-10,2.039890e-11,76.5207,1,0.0000
0.0640,0.0200,1.171846e-10,2.150233e-11,77.1344,1,0.0000
0.0640,0.0220,1.171846e-10,2.255183e-11,77.7181,1,0.0000
0.0640,0.0240,1.171846e-10,2.355462e-11,78.2759,1,0.0000
0.0640,0.0260,1.171846e-10,2.451643e-11,78.8108,1,0.0000
0.0640,0.0280,1.171846e-10,2.544190e-11,79.3255,1,0.0000
0.0640,0.0300,1.171846e-10,2.633487e-11,79.8222,1,0.0000
0.0640,0.0320,1.171846e-10,2.719853e-11,80.3025,1,0.0000
0.0640,0.0340,1.171846e-10,2.803561e-11,80.7681,1,0.0000
0.0640,0.0360,1.171846e-10,2.884840e-11,81.2201,1,0.0000
0.0640,0.0380,1.171846e-10,2.963891e-11,81.6598,1,0.0000
0.0640,0.0400,1.171846e-10,3.040888e-11,82.0880,1,0.0000
0.0640,0.0420,1.171846e-10,3.115983e-11,82.5057,1,0.0000
0.0640,0.0440,1.171846e-10,3.189311e-11,82.9135,1,0.0000
0.0640,0.0460,1.171846e-10,3.260990e-11,83.3122,1,0.0000
0.0640,0.0480,1.171846e-10,3.331126e-11,83.7023,1,0.0000
0.0640,0.0500,1.171846e-10,3.399817e-11,84.0843,1,0.0000
0.0640,0.0520,1.171846e-10,3.467146e-11,84.4588,1,0.0000
0.0640,0.0540,1.171846e-10,3.533193e-11,84.8261,1,0.0000
0.0640,0.0560,1.171846e-10,3.598028e-11,85.1867,1,0.0000
0.0640,0.0580,1.171846e-10,3.661715e-11,85.5409,1,0.0000
0.0640,0.0600,1.171846e-10,3.724312e-11,85.8891,1,0.0000
0.0640,0.0620,1.171846e-10,3.785876e-11,86.2315,1,0.0000
0.0640,0.0640,1.171846e-10,3.846453e-11,86.5684,1,0.0000
0.0640,0.0660,1.171846e-10,3.906092e-11,86.9001,1,0.0000
0.0640,0.0680,1.171846e-10,3.964833e-11,87.2268,1,0.0000
0.0640,0.0700,1.171846e-10,4.022717e-11,87.5487,1,0.0000
0.0640,0.0720,1.171846e-10,4.079780e-11,87.8661,1,0.0000
0.0640,0.0740,1.171846e-10,4.136055e-11,88.1791,1,0.0000
0.0640,0.0760,1.171846e-10,4.191575e-11,88.4879,1,0.0000
0.0640,0.0780,1.171846e-10,4.246370e-11,88.7926,1,0.0000
0.0640,0.0800,1.171846e-10,4.300466e-11,89.0935,1,0.0000
0.0640,0.0820,1.171846e-10,4.353890e-11,89.3906,1,0.0000
0.0640,0.0840,1.171846e-10,4.406666e-11,89.6842,1,0.0000
0.0640,0.0860,1.171846e-10,4.458818e-11,89.9742,1,0.0000
0.0640,0.0880,1.171846e-10,4.510366e-11,90.2609,1,0.0000
0.0640,0.0900,1.171846e-10,4.561333e-11,90.5444,1,0.0000
0.0640,0.0920,1.171846e-10,4.611736e-11,90.8247,1,0.0000
0.0640,0.0940,1.171846e-10,4.661594e-11,91.1020,1,0.0000
0.0640,0.0960,1.171846e-10,4.710924e-11,91.3764,1,0.0000
0.0640,0.0980,1.171846e-10,4.759743e-11,91.6479,1,0.0000
0.0640,0.1000,1.171846e-10,4.808067e-11,91.9167,1,0.0000
0.0640,0.1020,1.171846e-10,4.855909e-11,92.1828,1,0.0000
0.0640,0.1040,1.171846e-10,4.903285e-11,92.4462,1,0.0000
0.0640,0.1060,1.171846e-10,4.950208e-11,92.7072,1,0.0000
0.0640,0.1080,1.171846e-10,4.996690e-11,92.9657,1,0.0000
0.0640,0.1100,1.171846e-10,5.042743e-11,93.2219,1,0.0000
0.0640,0.1120,1.171846e-10,5.088380e-11,93.4757,1,0.0000
0.0640,0.1140,1.171846e-10,5.133610e-11,93.7273,1,0.0000
0.0640,0.1160,1.171846e-10,5.178446e-11,93.9766,1,0.0000
0.0640,0.1180,1.171846e-10,5.222897e-11,94.2239,1,0.0000
0.0640,0.1200,1.171846e-10,5.266973e-11,94.4690,1,0.0000
0.0640,0.1220,1.171846e-10,5.310683e-11,94.7121,1,0.0000
0.0640,0.1240,1.171846e-10,5.354037e-11,94.9532,1,0.0000
0.0640,0.1260,1.171846e-10,5.397042e-11,95.1924,1,0.0000
0.0640,0.1280,1.171846e-10,5.439707e-11,95.4297,1,0.0000
0.0640,0.1300,1.171846e-10,5.482040e-11,95.6651,1,0.0000
0.0640,0.1320,1.171846e-10,5.524048e-11,95.8988,1,0.0000
0.0640,0.1340,1.171846e-10,5.565740e-11,96.1307,1,0.0000
0.0640,0.1360,1.171846e-10,5.607121e-11,96.3608,1,0.0000
0.0640,0.1380,1.171846e-10,5.648200e-11,96.5893,1,0.0000
0.0640,0.1400,1.171846e-10,5.688981e-11,96.8161,1,0.0000
0.0660,0.0000,1.190015e-10,0.000000e+00,66.1859,1,0.0000
0.0660,0.0020,1.190015e-10,6.799633e-12,69.9677,1,0.0000
0.0660,0.0040,1.190015e-10,9.616133e-12,71.5341,1,0.0000
0.0660,0.0060,1.190015e-10,1.177731e-11,72.7361,1,0.0000
0.0660,0.0080,1.190015e-10,1.359927e-11,73.7495,1,0.0000
0.0660,0.0100,1.190015e-10,1.520444e-11,74.6422,1,0.0000
0.0660,0.0120,1.190015e-10,1.665563e-11,75.4493,1,0.0000
0.0660,0.0140,1.190015e-10,1.799014e-11,76.1916,1,0.0000
0.0660,0.0160,1.190015e-10,1.923227e-11,76.8824,1,0.0000
0.0660,0.0180,1.190015e-10,2.039890e-11,77.5312,1,0.0000
0.0660,0.0200,1.190015e-10,2.150233e-11,78.1449,1,0.0000
0.0660,0.0220,1.190015e-10,2.255183e-11,78.7287,1,0.0000
0.0660,0.0240,1.190015e-10,2.355462e-11,79.2864,1,0.0000
0.0660,0.0260,1.190015e-10,2.451643e-11,79.8213,1,0.0000
0.0660,0.0280,1.190015e-10,2.544190e-11,80.3360,1,0.0000
0.0660,0.0300,1.190015e-10,2.633487e-11,80.8327,1,0.0000
0.0660,0.0320,1.190015e-10,2.719853e-11,81.3130,1,0.0000
0.0660,0.0340,1.190015e-10,2.803561e-11,81.7786,1,0.0000
0.0660,0.0360,1.190015e-10,2.884840e-11,82.2307,1,0.0000
0.0660,0.0380,1.190015e-10,2.963891e-11,82.6703,1,0.0000
0.0660,0.0400,1.190015e-10,3.040888e-11,83.0986,1,0.0000
0.0660,0.0420,1.190015e-10,3.115983e-11,83.5162,1,0.0000
0.0660,0.0440,1.190015e-10,3.189311e-11,83.9241,1,0.0000
0.0660,0.0460,1.190015e-10,3.260990e-11,84.3227,1,0.0000
0.0660,0.0480,1.190015e-10,3.331126e-11,84.7128,1,0.0000
0.0660,0.0500,1.190015e-10,3.399817e-11,85.0948,1,0.0000
0.0660,0.0520,1.190015e-10,3.467146e-11,85.4693,1,0.0000
0.0660,0.0540,1.190015e-10,3.533193e-11,85.8366,1,0.0000
0.0660,0.0560,1.190015e-10,3.598028e-11,86.1972,1,0.0000
0.0660,0.0580,1.190015e-10,3.661715e-11,86.5515,1,0.0000
0.0660,0.0600,1.190015e-10,3.724312e-11,86.8996,1,0.0000
0.0660,0.0620,1.190015e-10,3.785876e-11,87.2420,1,0.0000
0.0660,0.0640,1.190015e-10,3.846453e-11,87.5789,1,0.0000
0.0660,0.0660,1.190015e-10,3.906092e-11,87.9106,1,0.0000
0.0660,0.0680,1.190015e-10,3.964833e-11,88.2373,1,0.0000
0.0660,0.0700,1.190015e-10,4.022717e-11,88.5593,1,0.0000
0.0660,0.0720,1.190015e-10,4.079780e-11,88.8766,1,0.0000
0.0660,0.0740,1.190015e-10,4.136055e-11,89.1896,1,0.0000
0.0660,0.0760,1.190015e-10,4.191575e-11,89.4984,1,0.0000
0.0660,0.0780,1.190015e-10,4.246370e-11,89.8032,1,0.0000
0.0660,0.0800,1.190015e-10,4.300466e-11,90.1040,1,0.0000
0.0660,0.0820,1.190015e-10,4.353890e-11,90.4012,1,0.0000
0.0660,0.0840,1.190015e-10,4.406666e-11,90.6947,1,0.0000
0.0660,0.0860,1.190015e-10,4.458818e-11,90.9848,1,0.0000
0.0660,0.0880,1.190015e-10,4.510366e-11,91.2715,1,0.0000
0.0660,0.0900,1.190015e-10,4.561333e-11,91.5549,1,0.0000
0.0660,0.0920,1.190015e-10,4.611736e-11,91.8352,1,0.0000
0.0660,0.0940,1.190015e-10,4.661594e-11,92.1125,1,0.0000
0.0660,0.0960,1.190015e-10,4.710924e-11,92.3869,1,0.0000
0.0660,0.0980,1.190015e-10,4.759743e-11,92.6584,1,0.0000
0.0660,0.1000,1.190015e-10,4.808067e-11,92.9272,1,0.0000
0.0660,0.1020,1.190015e-10,4.855909e-11,93.1933,1,0.0000
0.0660,0.1040,1.190015e-10,4.903285e-11,93.4568,1,0.0000
0.0660,0.1060,1.190015e-10,4.950208e-11,93.7178,1,0.0000
0.0660,0.1080,1.190015e-10,4.996690e-11,93.9763,1,0.0000
0.0660,0.1100,1.190015e-10,5.042743e-11,94.2324,1,0.0000
0.0660,0.1120,1.190015e-10,5.088380e-11,94.4862,1,0.0000
0.0660,0.1140,1.190015e-10,5.133610e-11,94.7378,1,0.0000
0.0660,0.1160,1.190015e-10,5.178446e-11,94.9872,1,0.0000
0.0660,0.1180,1.190015e-10,5.222897e-11,95.2344,1,0.0000
0.0660,0.1200,1.190015e-10,5.266973e-11,95.4795,1,0.0000
0.0660,0.1220,1.190015e-10,5.310683e-11,95.7226,1,0.0000
0.0660,0.1240,1.190015e-10,5.354037e-11,95.9638,1,0.0000
0.0660,0.1260,1.190015e-10,5.397042e-11,96.2029,1,0.0000
0.0660,0.1280,1.190015e-10,5.439707e-11,96.4402,1,0.0000
0.0660,0.1300,1.190015e-10,5.482040e-11,96.6757,1,0.0000
0.0660,0.1320,1.190015e-10,5.524048e-11,96.9093,1,0.0000
0.0660,0.1340,1.190015e-10,5.565740e-11,97.1412,1,0.0000
0.0660,0.1360,1.190015e-10,5.607121e-11,97.3713,1,0.0000
0.0660,0.1380,1.190015e-10,5.648200e-11,97.5998,1,0.0000
0.0660,0.1400,1.190015e-10,5.688981e-11,97.8266,1,0.0000
0.0680,0.0000,1.207911e-10,0.000000e+00,67.1812,1,0.0000
0.0680,0.0020,1.207911e-10,6.799633e-12,70.9630,1,0.0000
0.0680,0.0040,1.207911e-10,9.616133e-12,72.5295,1,0.0000
0.0680,0.0060,1.207911e-10,1.177731e-11,73.7315,1,0.0000
0.0680,0.0080,1.207911e-10,1.359927e-11,74.7448,1,0.0000
0.0680,0.0100,1.207911e-10,1.520444e-11,75.6375,1,0.0000
0.0680,0.0120,1.207911e-10,1.665563e-11,76.4447,1,0.0000
0.0680,0.0140,1.207911e-10,1.799014e-11,77.1869,1,0.0000
0.0680,0.0160,1.207911e-10,1.923227e-11,77.8777,1,0.0000
0.0680,0.0180,1.207911e-10,2.039890e-11,78.5266,1,0.0000
0.0680,0.0200,1.207911e-10,2.150233e-11,79.1403,1,0.0000
0.0680,0.0220,1.207911e-10,2.255183e-11,79.7240,1,0.0000
0.0680,0.0240,1.207911e-10,2.355462e-11,80.2817,1,0.0000
0.0680,0.0260,1.207911e-10,2.451643e-11,80.8167,1,0.0000
0.0680,0.0280,1.207911e-10,2.544190e-11,81.3314,1,0.0000
0.0680,0.0300,1.207911e-10,2.633487e-11,81.8280,1,0.0000
0.0680,0.0320,1.207911e-10,2.719853e-11,82.3084,1,0.0000
0.0680,0.0340,1.207911e-10,2.803561e-11,82.7739,1,0.0000
0.0680,0.0360,1.207911e-10,2.884840e-11,83.2260,1,0.0000
0.0680,0.0380,1.207911e-10,2.963891e-11,83.6657,1,0.0000
0.0680,0.0400,1.207911e-10,3.040888e-11,84.0939,1,0.0000
0.0680,0.0420,1.207911e-10,3.115983e-11,84.5116,1,0.0000
0.0680,0.0440,1.207911e-10,3.189311e-11,84.9194,1,0.0000
0.0680,0.0460,1.207911e-10,3.260990e-11,85.3180,1,0.0000
0.0680,0.0480,1.207911e-10,3.331126e-11,85.7081,1,0.0000
0.0680,0.0500,1.207911e-10,3.399817e-11,86.0902,1,0.0000
0.0680,0.0520,1.207911e-10,3.467146e-11,86.4646,1,0.0000
0.0680,0.0540,1.207911e-10,3.533193e-11,86.8320,1,0.0000
0.0680,0.0560,1.207911e-10,3.598028e-11,87.1926,1,0.0000
0.0680,0.0580,1.207911e-10,3.661715e-11,87.5468,1,0.0000
0.0680,0.0600,1.207911e-10,3.724312e-11,87.8949,1,0.0000
0.0680,0.0620,1.207911e-10,3.785876e-11,88.2373,1,0.0000
0.0680,0.0640,1.207911e-10,3.846453e-11,88.5743,1,0.0000
0.0680,0.0660,1.207911e-10,3.906092e-11,88.9060,1,0.0000
0.0680,0.0680,1.207911e-10,3.964833e-11,89.2327,1,0.0000
0.0680,0.0700,1.207911e-10,4.022717e-11,89.5546,1,0.0000
0.0680,0.0720,1.207911e-10,4.079780e-11,89.8720,1,0.0000
0.0680,0.0740,1.207911e-10,4.136055e-11,90.1850,1,0.0000
0.0680,0.0760,1.207911e-10,4.191575e-11,90.4937,1,0.0000
0.0680,0.0780,1.207911e-10,4.246370e-11,90.7985,1,0.0000
0.0680,0.0800,1.207911e-10,4.300466e-11,91.0994,1,0.0000
0.0680,0.0820,1.207911e-10,4.353890e-11,91.3965,1,0.0000
0.0680,0.0840,1.207911e-10,4.406666e-11,91.6900,1,0.0000
0.0680,0.0860,1.207911e-10,4.458818e-11,91.9801,1,0.0000
0.0680,0.0880,1.207911e-10,4.510366e-11,92.2668,1,0.0000
0.0680,0.0900,1.207911e-10,4.561333e-11,92.5503,1,0.0000
0.0680,0.0920,1.207911e-10,4.611736e-11,92.8306,1,0.0000
0.0680,0.0940,1.207911e-10,4.661594e-11,93.1079,1,0.0000
0.0680,0.0960,1.207911e-10,4.710924e-11,93.3822,1,0.0000
0.0680,0.0980,1.207911e-10,4.759743e-11,93.6538,1,0.0000
0.0680,0.1000,1.207911e-10,4.808067e-11,93.9225,1,0.0000
0.0680,0.1020,1.207911e-10,4.855909e-11,94.1886,1,0.0000
0.0680,0.1040,1.207911e-10,4.903285e-11,94.4521,1,0.0000
0.0680,0.1060,1.207911e-10,4.950208e-11,94.7131,1,0.0000
0.0680,0.1080,1.207911e-10,4.996690e-11,94.9716,1,0.0000
0.0680,0.1100,1.207911e-10,5.042743e-11,95.2277,1,0.0000
0.0680,0.1120,1.207911e-10,5.088380e-11,95.4816,1,0.0000
0.0680,0.1140,1.207911e-10,5.133610e-11,95.7331,1,0.0000
0.0680,0.1160,1.207911e-10,5.178446e-11,95.9825,1,0.0000
0.0680,0.1180,1.207911e-10,5.222897e-11,96.2297,1,0.0000
0.0680,0.1200,1.207911e-10,5.266973e-11,96.4749,1,0.0000
0.0680,0.1220,1.207911e-10,5.310683e-11,96.7180,1,0.0000
0.0680,0.1240,1.207911e-10,5.354037e-11,96.9591,1,0.0000
0.0680,0.1260,1.207911e-10,5.397042e-11,97.1983,1,0.0000
0.0680,0.1280,1.207911e-10,5.439707e-11,97.4356,1,0.0000
0.0680,0.1300,1.207911e-10,5.482040e-11,97.6710,1,0.0000
0.0680,0.1320,1.207911e-10,5.524048e-11,97.9046,1,0.0000
0.0680,0.1340,1.207911e-10,5.565740e-11,98.1365,1,0.0000
0.0680,0.1360,1.207911e-10,5.607121e-11,98.3667,1,0.0000
0.0680,0.1380,1.207911e-10,5.648200e-11,98.5951,1,0.0000
0.0680,0.1400,1.207911e-10,5.688981e-11,98.8220,1,0.0000
0.0700,0.0000,1.225546e-10,0.000000e+00,68.1620,1,0.0000
0.0700,0.0020,1.225546e-10,6.799633e-12,71.9438,1,0.0000
0.0700,0.0040,1.225546e-10,9.616133e-12,73.5103,1,0.0000
0.0700,0.0060,1.225546e-10,1.177731e-11,74.7123,1,0.0000
0.0700,0.0080,1.225546e-10,1.359927e-11,75.7256,1,0.0000
0.0700,0.0100,1.225546e-10,1.520444e-11,76.6183,1,0.0000
0.0700,0.0120,1.225546e-10,1.665563e-11,77.4255,1,0.0000
0.0700,0.0140,1.225546e-10,1.799014e-11,78.1677,1,0.0000
0.0700,0.0160,1.225546e-10,1.923227e-11,78.8585,1,0.0000
0.0700,0.0180,1.225546e-10,2.039890e-11,79.5074,1,0.0000
0.0700,0.0200,1.225546e-10,2.150233e-11,80.1211,1,0.0000
0.0700,0.0220,1.225546e-10,2.255183e-11,80.7048,1,0.0000
0.0700,0.0240,1.225546e-10,2.355462e-11,81.2625,1,0.0000
0.0700,0.0260,1.225546e-10,2.451643e-11,81.7974,1,0.0000
0.0700,0.0280,1.225546e-10,2.544190e-11,82.3122,1,0.0000
0.0700,0.0300,1.225546e-10,2.633487e-11,82.8088,1,0.0000
0.0700,0.0320,1.225546e-10,2.719853e-11,83.2892,1,0.0000
0.0700,0.0340,1.225546e-10,2.803561e-11,83.7547,1,0.0000
0.0700,0.0360,1.225546e-10,2.884840e-11,84.2068,1,0.0000
0.0700,0.0380,1.225546e-10,2.963891e-11,84.6465,1,0.0000
0.0700,0.0400,1.225546e-10,3.040888e-11,85.0747,1,0.0000
0.0700,0.0420,1.225546e-10,3.115983e-11,85.4924,1,0.0000
0.0700,0.0440,1.225546e-10,3.189311e-11,85.9002,1,0.0000
0.0700,0.0460,1.225546e-10,3.260990e-11,86.2988,1,0.0000
0.0700,0.0480,1.225546e-10,3.331126e-11,86.6889,1,0.0000
0.0700,0.0500,1.225546e-10,3.399817e-11,87.0710,1,0.0000
0.0700,0.0520,1.225546e-10,3.467146e-11,87.4454,1,0.0000
0.0700,0.0540,1.225546e-10,3.533193e-11,87.8128,1,0.0000
0.0700,0.0560,1.225546e-10,3.598028e-11,88.1734,1,0.0000
0.0700,0.0580,1.225546e-10,3.661715e-11,88.5276,1,0.0000
0.0700,0.0600,1.225546e-10,3.724312e-11,88.8757,1,0.0000
0.0700,0.0620,1.225546e-10,3.785876e-11,89.2181,1,0.0000
0.0700,0.0640,1.225546e-10,3.846453e-11,89.5551,1,0.0000
0.0700,0.0660,1.225546e-10,3.906092e-11,89.8868,1,0.0000
0.0700,0.0680,1.225546e-10,3.964833e-11,90.2135,1,0.0000
0.0700,0.0700,1.225546e-10,4.022717e-11,90.5354,1,0.0000
0.0700,0.0720,1.225546e-10,4.079780e-11,90.8528,1,0.0000
0.0700,0.0740,1.225546e-10,4.136055e-11,91.1658,1,0.0000
0.0700,0.0760,1.225546e-10,4.191575e-11,91.4745,1,0.0000
0.0700,0.0780,1.225546e-10,4.246370e-11,91.7793,1,0.0000
0.0700,0.0800,1.225546e-10,4.300466e-11,92.0802,1,0.0000
0.0700,0.0820,1.225546e-10,4.353890e-11,92.3773,1,0.0000
0.0700,0.0840,1.225546e-10,4.406666e-11,92.6708,1,0.0000
0.0700,0.0860,1.225546e-10,4.458818e-11,92.9609,1,0.0000
0.0700,0.0880,1.225546e-10,4.510366e-11,93.2476,1,0.0000
0.0700,0.0900,1.225546e-10,4.561333e-11,93.5311,1,0.0000
0.0700,0.0920,1.225546e-10,4.611736e-11,93.8114,1,0.0000
0.0700,0.0940,1.225546e-10,4.661594e-11,94.0887,1,0.0000
0.0700,0.0960,1.225546e-10,4.710924e-11,94.3630,1,0.0000
0.0700,0.0980,1.225546e-10,4.759743e-11,94.6346,1,0.0000
0.0700,0.1000,1.225546e-10,4.808067e-11,94.9033,1,0.0000
0.0700,0.1020,1.225546e-10,4.855909e-11,95.1694,1,0.0000
0.0700,0.1040,1.225546e-10,4.903285e-11,95.4329,1,0.0000
0.0700,0.1060,1.225546e-10,4.950208e-11,95.6939,1,0.0000
0.0700,0.1080,1.225546e-10,4.996690e-11,95.9524,1,0.0000
0.0700,0.1100,1.225546e-10,5.042743e-11,96.2085,1,0.0000
0.0700,0.1120,1.225546e-10,5.088380e-11,96.4624,1,0.0000
0.0700,0.1140,1.225546e-10,5.133610e-11,96.7139,1,0.0000
0.0700,0.1160,1.225546e-10,5.178446e-11,96.9633,1,0.0000
0.0700,0.1180,1.225546e-10,5.222897e-11,97.2105,1,0.0000
0.0700,0.1200,1.225546e-10,5.266973e-11,97.4557,1,0.0000
0.0700,0.1220,1.225546e-10,5.310683e-11,97.6988,1,0.0000
0.0700,0.1240,1.225546e-10,5.354037e-11,97.9399,1,0.0000
0.0700,0.1260,1.225546e-10,5.397042e-11,98.1791,1,0.0000
0.0700,0.1280,1.225546e-10,5.439707e-11,98.4164,1,0.0000
0.0700,0.1300,1.225546e-10,5.482040e-11,98.6518,1,0.0000
0.0700,0.1320,1.225546e-10,5.524048e-11,98.8854,1,0.0000
0.0700,0.1340,1.225546e-10,5.565740e-11,99.1173,1,0.0000
0.0700,0.1360,1.225546e-10,5.607121e-11,99.3475,1,0.0000
0.0700,0.1380,1.225546e-10,5.648200e-11,99.5759,1,0.0000
0.0700,0.1400,1.225546e-10,5.688981e-11,99.8028,1,0.0000
0.0720,0.0000,1.242930e-10,0.000000e+00,69.1289,1,0.0000
0.0720,0.0020,1.242930e-10,6.799633e-12,72.9107,1,0.0000
0.0720,0.0040,1.242930e-10,9.616133e-12,74.4771,1,0.0000
0.0720,0.0060,1.242930e-10,1.177731e-11,75.6791,1,0.0000
0.0720,0.0080,1.242930e-10,1.359927e-11,76.6925,1,0.0000
0.0720,0.0100,1.242930e-10,1.520444e-11,77.5852,1,0.0000
0.0720,0.0120,1.242930e-10,1.665563e-11,78.3923,1,0.0000
0.0720,0.0140,1.242930e-10,1.799014e-11,79.1346,1,0.0000
0.0720,0.0160,1.242930e-10,1.923227e-11,79.8254,1,0.0000
0.0720,0.0180,1.242930e-10,2.039890e-11,80.4743,1,0.0000
0.0720,0.0200,1.242930e-10,2.150233e-11,81.0880,1,0.0000
0.0720,0.0220,1.242930e-10,2.255183e-11,81.6717,1,0.0000
0.0720,0.0240,1.242930e-10,2.355462e-11,82.2294,1,0.0000
0.0720,0.0260,1.242930e-10,2.451643e-11,82.7643,1,0.0000
0.0720,0.0280,1.242930e-10,2.544190e-11,83.2791,1,0.0000
0.0720,0.0300,1.242930e-10,2.633487e-11,83.7757,1,0.0000
0.0720,0.0320,1.242930e-10,2.719853e-11,84.2561,1,0.0000
0.0720,0.0340,1.242930e-10,2.803561e-11,84.7216,1,0.0000
0.0720,0.0360,1.242930e-10,2.884840e-11,85.1737,1,0.0000
0.0720,0.0380,1.242930e-10,2.963891e-11,85.6133,1,0.0000
0.0720,0.0400,1.242930e-10,3.040888e-11,86.0416,1,0.0000
0.0720,0.0420,1.242930e-10,3.115983e-11,86.4592,1,0.0000
0.0720,0.0440,1.242930e-10,3.189311e-11,86.8671,1,0.0000
0.0720,0.0460,1.242930e-10,3.260990e-11,87.2657,1,0.0000
0.0720,0.0480,1.242930e-10,3.331126e-11,87.6558,1,0.0000
0.0720,0.0500,1.242930e-10,3.399817e-11,88.0379,1,0.0000
0.0720,0.0520,1.242930e-10,3.467146e-11,88.4123,1,0.0000
0.0720,0.0540,1.242930e-10,3.533193e-11,88.7797,1,0.0000
0.0720,0.0560,1.242930e-10,3.598028e-11,89.1403,1,0.0000
0.0720,0.0580,1.242930e-10,3.661715e-11,89.4945,1,0.0000
0.0720,0.0600,1.242930e-10,3.724312e-11,89.8426,1,0.0000
0.0720,0.0620,1.242930e-10,3.785876e-11,90.1850,1,0.0000
0.0720,0.0640,1.242930e-10,3.846453e-11,90.5219,1,0.0000
0.0720,0.0660,1.242930e-10,3.906092e-11,90.8536,1,0.0000
0.0720,0.0680,1.242930e-10,3.964833e-11,91.1803,1,0.0000
0.0720,0.0700,1.242930e-10,4.022717e-11,91.5023,1,0.0000
0.0720,0.0720,1.242930e-10,4.079780e-11,91.8197,1,0.0000
0.0720,0.0740,1.242930e-10,4.136055e-11,92.1326,1,0.0000
0.0720,0.0760,1.242930e-10,4.191575e-11,92.4414,1,0.0000
0.0720,0.0780,1.242930e-10,4.246370e-11,92.7462,1,0.0000
0.0720,0.0800,1.242930e-10,4.300466e-11,93.0471,1,0.0000
0.0720,0.0820,1.242930e-10,4.353890e-11,93.3442,1,0.0000
0.0720,0.0840,1.242930e-10,4.406666e-11,93.6377,1,0.0000
0.0720,0.0860,1.242930e-10,4.458818e-11,93.9278,1,0.0000
0.0720,0.0880,1.242930e-10,4.510366e-11,94.2145,1,0.0000
0.0720,0.0900,1.242930e-10,4.561333e-11,94.4979,1,0.0000
0.0720,0.0920,1.242930e-10,4.611736e-11,94.7783,1,0.0000
0.0720,0.0940,1.242930e-10,4.661594e-11,95.0556,1,0.0000
0.0720,0.0960,1.242930e-10,4.710924e-11,95.3299,1,0.0000
0.0720,0.0980,1.242930e-10,4.759743e-11,95.6014,1,0.0000
0.0720,0.1000,1.242930e-10,4.808067e-11,95.8702,1,0.0000
0.0720,0.1020,1.242930e-10,4.855909e-11,96.1363,1,0.0000
0.0720,0.1040,1.242930e-10,4.903285e-11,96.3998,1,0.0000
0.0720,0.1060,1.242930e-10,4.950208e-11,96.6608,1,0.0000
0.0720,0.1080,1.242930e-10,4.996690e-11,96.9193,1,0.0000
0.0720,0.1100,1.242930e-10,5.042743e-11,97.1754,1,0.0000
0.0720,0.1120,1.242930e-10,5.088380e-11,97.4292,1,0.0000
0.0720,0.1140,1.242930e-10,5.133610e-11,97.6808,1,0.0000
0.0720,0.1160,1.242930e-10,5.178446e-11,97.9302,1,0.0000
0.0720,0.1180,1.242930e-10,5.222897e-11,98.1774,1,0.0000
0.0720,0.1200,1.242930e-10,5.266973e-11,98.4225,1,0.0000
0.0720,0.1220,1.242930e-10,5.310683e-11,98.6656,1,0.0000
0.0720,0.1240,1.242930e-10,5.354037e-11,98.9068,1,0.0000
0.0720,0.1260,1.242930e-10,5.397042e-11,99.1460,1,0.0000
0.0720,0.1280,1.242930e-10,5.439707e-11,99.3832,1,0.0000
0.0720,0.1300,1.242930e-10,5.482040e-11,99.6187,1,0.0000
0.0720,0.1320,1.242930e-10,5.524048e-11,99.8523,1,0.0000
0.0720,0.1340,1.242930e-10,5.565740e-11,100.0842,1,0.0000
0.0720,0.1360,1.242930e-10,5.607121e-11,100.3144,1,0.0000
0.0720,0.1380,1.242930e-10,5.648200e-11,100.5428,1,0.0000
0.0720,0.1400,1.242930e-10,5.688981e-11,100.7697,1,0.0000
0.0740,0.0000,1.260075e-10,0.000000e+00,70.0824,1,0.0000
0.0740,0.0020,1.260075e-10,6.799633e-12,73.8642,1,0.0000
0.0740,0.0040,1.260075e-10,9.616133e-12,75.4307,1,0.0000
0.0740,0.0060,1.260075e-10,1.177731e-11,76.6327,1,0.0000
0.0740,0.0080,1.260075e-10,1.359927e-11,77.6460,1,0.0000
0.0740,0.0100,1.260075e-10,1.520444e-11,78.5388,1,0.0000
0.0740,0.0120,1.260075e-10,1.665563e-11,79.3459,1,0.0000
0.0740,0.0140,1.260075e-10,1.799014e-11,80.0881,1,0.0000
0.0740,0.0160,1.260075e-10,1.923227e-11,80.7790,1,0.0000
0.0740,0.0180,1.260075e-10,2.039890e-11,81.4278,1,0.0000
0.0740,0.0200,1.260075e-10,2.150233e-11,82.0415,1,0.0000
0.0740,0.0220,1.260075e-10,2.255183e-11,82.6252,1,0.0000
0.0740,0.0240,1.260075e-10,2.355462e-11,83.1829,1,0.0000
0.0740,0.0260,1.260075e-10,2.451643e-11,83.7179,1,0.0000
0.0740,0.0280,1.260075e-10,2.544190e-11,84.2326,1,0.0000
0.0740,0.0300,1.260075e-10,2.633487e-11,84.7293,1,0.0000
0.0740,0.0320,1.260075e-10,2.719853e-11,85.2096,1,0.0000
0.0740,0.0340,1.260075e-10,2.803561e-11,85.6752,1,0.0000
0.0740,0.0360,1.260075e-10,2.884840e-11,86.1272,1,0.0000
0.0740,0.0380,1.260075e-10,2.963891e-11,86.5669,1,0.0000
0.0740,0.0400,1.260075e-10,3.040888e-11,86.9951,1,0.0000
0.0740,0.0420,1.260075e-10,3.115983e-11,87.4128,1,0.0000
0.0740,0.0440,1.260075e-10,3.189311e-11,87.8206,1,0.0000
0.0740,0.0460,1.260075e-10,3.260990e-11,88.2193,1,0.0000
0.0740,0.0480,1.260075e-10,3.331126e-11,88.6094,1,0.0000
0.0740,0.0500,1.260075e-10,3.399817e-11,88.9914,1,0.0000
0.0740,0.0520,1.260075e-10,3.467146e-11,89.3659,1,0.0000
0.0740,0.0540,1.260075e-10,3.533193e-11,89.7332,1,0.0000
0.0740,0.0560,1.260075e-10,3.598028e-11,90.0938,1,0.0000
0.0740,0.0580,1.260075e-10,3.661715e-11,90.4480,1,0.0000
0.0740,0.0600,1.260075e-10,3.724312e-11,90.7962,1,0.0000
0.0740,0.0620,1.260075e-10,3.785876e-11,91.1386,1,0.0000
0.0740,0.0640,1.260075e-10,3.846453e-11,91.4755,1,0.0000
0.0740,0.0660,1.260075e-10,3.906092e-11,91.8072,1,0.0000
0.0740,0.0680,1.260075e-10,3.964833e-11,92.1339,1,0.0000
0.0740,0.0700,1.260075e-10,4.022717e-11,92.4558,1,0.0000
0.0740,0.0720,1.260075e-10,4.079780e-11,92.7732,1,0.0000
0.0740,0.0740,1.260075e-10,4.136055e-11,93.0862,1,0.0000
0.0740,0.0760,1.260075e-10,4.191575e-11,93.3950,1,0.0000
0.0740,0.0780,1.260075e-10,4.246370e-11,93.6997,1,0.0000
0.0740,0.0800,1.260075e-10,4.300466e-11,94.0006,1,0.0000
0.0740,0.0820,1.260075e-10,4.353890e-11,94.2977,1,0.0000
0.0740,0.0840,1.260075e-10,4.406666e-11,94.5913,1,0.0000
0.0740,0.0860,1.260075e-10,4.458818e-11,94.8813,1,0.0000
0.0740,0.0880,1.260075e-10,4.510366e-11,95.1680,1,0.0000
0.0740,0.0900,1.260075e-10,4.561333e-11,95.4515,1,0.0000
0.0740,0.0920,1.260075e-10,4.611736e-11,95.7318,1,0.0000
0.0740,0.0940,1.260075e-10,4.661594e-11,96.0091,1,0.0000
0.0740,0.0960,1.260075e-10,4.710924e-11,96.2835,1,0.0000
0.0740,0.0980,1.260075e-10,4.759743e-11,96.5550,1,0.0000
0.0740,0.1000,1.260075e-10,4.808067e-11,96.8238,1,0.0000
0.0740,0.1020,1.260075e-10,4.855909e-11,97.0898,1,0.0000
0.0740,0.1040,1.260075e-10,4.903285e-11,97.3533,1,0.0000
0.0740,0.1060,1.260075e-10,4.950208e-11,97.6143,1,0.0000
0.0740,0.1080,1.260075e-10,4.996690e-11,97.8728,1,0.0000
0.0740,0.1100,1.260075e-10,5.042743e-11,98.1290,1,0.0000
0.0740,0.1120,1.260075e-10,5.088380e-11,98.3828,1,0.0000
0.0740,0.1140,1.260075e-10,5.133610e-11,98.6344,1,0.0000
0.0740,0.1160,1.260075e-10,5.178446e-11,98.8837,1,0.0000
0.0740,0.1180,1.260075e-10,5.222897e-11,99.1309,1,0.0000
0.0740,0.1200,1.260075e-10,5.266973e-11,99.3761,1,0.0000
0.0740,0.1220,1.260075e-10,5.310683e-11,99.6192,1,0.0000
0.0740,0.1240,1.260075e-10,5.354037e-11,99.8603,1,0.0000
0.0740,0.1260,1.260075e-10,5.397042e-11,100.0995,1,0.0000
0.0740,0.1280,1.260075e-10,5.439707e-11,100.3368,1,0.0000
0.0740,0.1300,1.260075e-10,5.482040e-11,100.5722,1,0.0000
0.0740,0.1320,1.260075e-10,5.524048e-11,100.8059,1,0.0000
0.0740,0.1340,1.260075e-10,5.565740e-11,101.0378,1,0.0000
0.0740,0.1360,1.260075e-10,5.607121e-11,101.2679,1,0.0000
0.0740,0.1380,1.260075e-10,5.648200e-11,101.4964,1,0.0000
0.0740,0.1400,1.260075e-10,5.688981e-11,101.7232,1,0.0000
0.0760,0.0000,1.276990e-10,0.000000e+00,71.0232,1,0.0000
0.0760,0.0020,1.276990e-10,6.799633e-12,74.8050,1,0.0000
0.0760,0.0040,1.276990e-10,9.616133e-12,76.3714,1,0.0000
0.0760,0.0060,1.276990e-10,1.177731e-11,77.5734,1,0.0000
0.0760,0.0080,1.276990e-10,1.359927e-11,78.5868,1,0.0000
0.0760,0.0100,1.276990e-10,1.520444e-11,79.4795,1,0.0000
0.0760,0.0120,1.276990e-10,1.665563e-11,80.2866,1,0.0000
0.0760,0.0140,1.276990e-10,1.799014e-11,81.0289,1,0.0000
0.0760,0.0160,1.276990e-10,1.923227e-11,81.7197,1,0.0000
0.0760,0.0180,1.276990e-10,2.039890e-11,82.3686,1,0.0000
0.0760,0.0200,1.276990e-10,2.150233e-11,82.9823,1,0.0000
0.0760,0.0220,1.276990e-10,2.255183e-11,83.5660,1,0.0000
0.0760,0.0240,1.276990e-10,2.355462e-11,84.1237,1,0.0000
0.0760,0.0260,1.276990e-10,2.451643e-11,84.6586,1,0.0000
0.0760,0.0280,1.276990e-10,2.544190e-11,85.1734,1,0.0000
0.0760,0.0300,1.276990e-10,2.633487e-11,85.6700,1,0.0000
0.0760,0.0320,1.276990e-10,2.719853e-11,86.1504,1,0.0000
0.0760,0.0340,1.276990e-10,2.803561e-11,86.6159,1,0.0000
0.0760,0.0360,1.276990e-10,2.884840e-11,87.0680,1,0.0000
0.0760,0.0380,1.276990e-10,2.963891e-11,87.5076,1,0.0000
0.0760,0.0400,1.276990e-10,3.040888e-11,87.9359,1,0.0000
0.0760,0.0420,1.276990e-10,3.115983e-11,88.3535,1,0.0000
0.0760,0.0440,1.276990e-10,3.189311e-11,88.7614,1,0.0000
0.0760,0.0460,1.276990e-10,3.260990e-11,89.1600,1,0.0000
0.0760,0.0480,1.276990e-10,3.331126e-11,89.5501,1,0.0000
0.0760,0.0500,1.276990e-10,3.399817e-11,89.9321,1,0.0000
0.0760,0.0520,1.276990e-10,3.467146e-11,90.3066,1,0.0000
0.0760,0.0540,1.276990e-10,3.533193e-11,90.6740,1,0.0000
0.0760,0.0560,1.276990e-10,3.598028e-11,91.0346,1,0.0000
0.0760,0.0580,1.276990e-10,3.661715e-11,91.3888,1,0.0000
0.0760,0.0600,1.276990e-10,3.724312e-11,91.7369,1,0.0000
0.0760,0.0620,1.276990e-10,3.785876e-11,92.0793,1,0.0000
0.0760,0.0640,1.276990e-10,3.846453e-11,92.4162,1,0.0000
0.0760,0.0660,1.276990e-10,3.906092e-11,92.7479,1,0.0000
0.0760,0.0680,1.276990e-10,3.964833e-11,93.0746,1,0.0000
0.0760,0.0700,1.276990e-10,4.022717e-11,93.3966,1,0.0000
0.0760,0.0720,1.276990e-10,4.079780e-11,93.7139,1,0.0000
0.0760,0.0740,1.276990e-10,4.136055e-11,94.0269,1,0.0000
0.0760,0.0760,1.276990e-10,4.191575e-11,94.3357,1,0.0000
0.0760,0.0780,1.276990e-10,4.246370e-11,94.6405,1,0.0000
0.0760,0.0800,1.276990e-10,4.300466e-11,94.9413,1,0.0000
0.0760,0.0820,1.276990e-10,4.353890e-11,95.2385,1,0.0000
0.0760,0.0840,1.276990e-10,4.406666e-11,95.5320,1,0.0000
0.0760,0.0860,1.276990e-10,4.458818e-11,95.8221,1,0.0000
0.0760,0.0880,1.276990e-10,4.510366e-11,96.1088,1,0.0000
0.0760,0.0900,1.276990e-10,4.561333e-11,96.3922,1,0.0000
0.0760,0.0920,1.276990e-10,4.611736e-11,96.6726,1,0.0000
0.0760,0.0940,1.276990e-10,4.661594e-11,96.9499,1,0.0000
0.0760,0.0960,1.276990e-10,4.710924e-11,97.2242,1,0.0000
0.0760,0.0980,1.276990e-10,4.759743e-11,97.4957,1,0.0000
0.0760,0.1000,1.276990e-10,4.808067e-11,97.7645,1,0.0000
0.0760,0.1020,1.276990e-10,4.855909e-11,98.0306,1,0.0000
0.0760,0.1040,1.276990e-10,4.903285e-11,98.2941,1,0.0000
0.0760,0.1060,1.276990e-10,4.950208e-11,98.5551,1,0.0000
0.0760,0.1080,1.276990e-10,4.996690e-11,98.8136,1,0.0000
0.0760,0.1100,1.276990e-10,5.042743e-11,99.0697,1,0.0000
0.0760,0.1120,1.276990e-10,5.088380e-11,99.3235,1,0.0000
0.0760,0.1140,1.276990e-10,5.133610e-11,99.5751,1,0.0000
0.0760,0.1160,1.276990e-10,5.178446e-11,99.8245,1,0.0000
0.0760,0.1180,1.276990e-10,5.222897e-11,100.0717,1,0.0000
0.0760,0.1200,1.276990e-10,5.266973e-11,100.3168,1,0.0000
0.0760,0.1220,1.276990e-10,5.310683e-11,100.5599,1,0.0000
0.0760,0.1240,1.276990e-10,5.354037e-11,100.8011,1,0.0000
0.0760,0.1260,1.276990e-10,5.397042e-11,101.0402,1,0.0000
0.0760,0.1280,1.276990e-10,5.439707e-11,101.2775,1,0.0000
0.0760,0.1300,1.276990e-10,5.482040e-11,101.5130,1,0.0000
0.0760,0.1320,1.276990e-10,5.524048e-11,101.7466,1,0.0000
0.0760,0.1340,1.276990e-10,5.565740e-11,101.9785,1,0.0000
0.0760,0.1360,1.276990e-10,5.607121e-11,102.2087,1,0.0000
0.0760,0.1380,1.276990e-10,5.648200e-11,102.4371,1,0.0000
0.0760,0.1400,1.276990e-10,5.688981e-11,102.6639,1,0.0000
0.0780,0.0000,1.293683e-10,0.000000e+00,71.9516,1,0.0000
0.0780,0.0020,1.293683e-10,6.799633e-12,75.7334,1,0.0000
0.0780,0.0040,1.293683e-10,9.616133e-12,77.2999,1,0.0000
0.0780,0.0060,1.293683e-10,1.177731e-11,78.5019,1,0.0000
0.0780,0.0080,1.293683e-10,1.359927e-11,79.5152,1,0.0000
0.0780,0.0100,1.293683e-10,1.520444e-11,80.4080,1,0.0000
0.0780,0.0120,1.293683e-10,1.665563e-11,81.2151,1,0.0000
0.0780,0.0140,1.293683e-10,1.799014e-11,81.9573,1,0.0000
0.0780,0.0160,1.293683e-10,1.923227e-11,82.6481,1,0.0000
0.0780,0.0180,1.293683e-10,2.039890e-11,83.2970,1,0.0000
0.0780,0.0200,1.293683e-10,2.150233e-11,83.9107,1,0.0000
0.0780,0.0220,1.293683e-10,2.255183e-11,84.4944,1,0.0000
0.0780,0.0240,1.293683e-10,2.355462e-11,85.0521,1,0.0000
0.0780,0.0260,1.293683e-10,2.451643e-11,85.5871,1,0.0000
0.0780,0.0280,1.293683e-10,2.544190e-11,86.1018,1,0.0000
0.0780,0.0300,1.293683e-10,2.633487e-11,86.5984,1,0.0000
0.0780,0.0320,1.293683e-10,2.719853e-11,87.0788,1,0.0000
0.0780,0.0340,1.293683e-10,2.803561e-11,87.5444,1,0.0000
0.0780,0.0360,1.293683e-10,2.884840e-11,87.9964,1,0.0000
0.0780,0.0380,1.293683e-10,2.963891e-11,88.4361,1,0.0000
0.0780,0.0400,1.293683e-10,3.040888e-11,88.8643,1,0.0000
0.0780,0.0420,1.293683e-10,3.115983e-11,89.2820,1,0.0000
0.0780,0.0440,1.293683e-10,3.189311e-11,89.6898,1,0.0000
0.0780,0.0460,1.293683e-10,3.260990e-11,90.0885,1,0.0000
0.0780,0.0480,1.293683e-10,3.331126e-11,90.4786,1,0.0000
0.0780,0.0500,1.293683e-10,3.399817e-11,90.8606,1,0.0000
0.0780,0.0520,1.293683e-10,3.467146e-11,91.2351,1,0.0000
0.0780,0.0540,1.293683e-10,3.533193e-11,91.6024,1,0.0000
0.0780,0.0560,1.293683e-10,3.598028e-11,91.9630,1,0.0000
0.0780,0.0580,1.293683e-10,3.661715e-11,92.3172,1,0.0000
0.0780,0.0600,1.293683e-10,3.724312e-11,92.6654,1,0.0000
0.0780,0.0620,1.293683e-10,3.785876e-11,93.0078,1,0.0000
0.0780,0.0640,1.293683e-10,3.846453e-11,93.3447,1,0.0000
0.0780,0.0660,1.293683e-10,3.906092e-11,93.6764,1,0.0000
0.0780,0.0680,1.293683e-10,3.964833e-11,94.0031,1,0.0000
0.0780,0.0700,1.293683e-10,4.022717e-11,94.3250,1,0.0000
0.0780,0.0720,1.293683e-10,4.079780e-11,94.6424,1,0.0000
0.0780,0.0740,1.293683e-10,4.136055e-11,94.9554,1,0.0000
0.0780,0.0760,1.293683e-10,4.191575e-11,95.2642,1,0.0000
0.0780,0.0780,1.293683e-10,4.246370e-11,95.5689,1,0.0000
0.0780,0.0800,1.293683e-10,4.300466e-11,95.8698,1,0.0000
0.0780,0.0820,1.293683e-10,4.353890e-11,96.1669,1,0.0000
0.0780,0.0840,1.293683e-10,4.406666e-11,96.4605,1,0.0000
0.0780,0.0860,1.293683e-10,4.458818e-11,96.7505,1,0.0000
0.0780,0.0880,1.293683e-10,4.510366e-11,97.0372,1,0.0000
0.0780,0.0900,1.293683e-10,4.561333e-11,97.3207,1,0.0000
0.0780,0.0920,1.293683e-10,4.611736e-11,97.6010,1,0.0000
0.0780,0.0940,1.293683e-10,4.661594e-11,97.8783,1,0.0000
0.0780,0.0960,1.293683e-10,4.710924e-11,98.1527,1,0.0000
0.0780,0.0980,1.293683e-10,4.759743e-11,98.4242,1,0.0000
0.0780,0.1000,1.293683e-10,4.808067e-11,98.6930,1,0.0000
0.0780,0.1020,1.293683e-10,4.855909e-11,98.9590,1,0.0000
0.0780,0.1040,1.293683e-10,4.903285e-11,99.2225,1,0.0000
0.0780,0.1060,1.293683e-10,4.950208e-11,99.4835,1,0.0000
0.0780,0.1080,1.293683e-10,4.996690e-11,99.7420,1,0.0000
0.0780,0.1100,1.293683e-10,5.042743e-11,99.9982,1,0.0000
0.0780,0.1120,1.293683e-10,5.088380e-11,100.2520,1,0.0000
0.0780,0.1140,1.293683e-10,5.133610e-11,100.5035,1,0.0000
0.0780,0.1160,1.293683e-10,5.178446e-11,100.7529,1,0.0000
0.0780,0.1180,1.293683e-10,5.222897e-11,101.0001,1,0.0000
0.0780,0.1200,1.293683e-10,5.266973e-11,101.2453,1,0.0000
0.0780,0.1220,1.293683e-10,5.310683e-11,101.4884,1,0.0000
0.0780,0.1240,1.293683e-10,5.354037e-11,101.7295,1,0.0000
0.0780,0.1260,1.293683e-10,5.397042e-11,101.9687,1,0.0000
0.0780,0.1280,1.293683e-10,5.439707e-11,102.2060,1,0.0000
0.0780,0.1300,1.293683e-10,5.482040e-11,102.4414,1,0.0000
0.0780,0.1320,1.293683e-10,5.524048e-11,102.6751,1,0.0000
0.0780,0.1340,1.293683e-10,5.565740e-11,102.9070,1,0.0000
0.0780,0.1360,1.293683e-10,5.607121e-11,103.1371,1,0.0000
0.0780,0.1380,1.293683e-10,5.648200e-11,103.3656,1,0.0000
0.0780,0.1400,1.293683e-10,5.688981e-11,103.5924,1,0.0000
0.0800,0.0000,1.310164e-10,0.000000e+00,72.8682,1,0.0000
0.0800,0.0020,1.310164e-10,6.799633e-12,76.6500,1,0.0000
0.0800,0.0040,1.310164e-10,9.616133e-12,78.2165,1,0.0000
0.0800,0.0060,1.310164e-10,1.177731e-11,79.4185,1,0.0000
0.0800,0.0080,1.310164e-10,1.359927e-11,80.4318,1,0.0000
0.0800,0.0100,1.310164e-10,1.520444e-11,81.3246,1,0.0000
0.0800,0.0120,1.310164e-10,1.665563e-11,82.1317,1,0.0000
0.0800,0.0140,1.310164e-10,1.799014e-11,82.8739,1,0.0000
0.0800,0.0160,1.310164e-10,1.923227e-11,83.5648,1,0.0000
0.0800,0.0180,1.310164e-10,2.039890e-11,84.2136,1,0.0000
0.0800,0.0200,1.310164e-10,2.150233e-11,84.8273,1,0.0000
0.0800,0.0220,1.310164e-10,2.255183e-11,85.4110,1,0.0000
0.0800,0.0240,1.310164e-10,2.355462e-11,85.9688,1,0.0000
0.0800,0.0260,1.310164e-10,2.451643e-11,86.5037,1,0.0000
0.0800,0.0280,1.310164e-10,2.544190e-11,87.0184,1,0.0000
0.0800,0.0300,1.310164e-10,2.633487e-11,87.5151,1,0.0000
0.0800,0.0320,1.310164e-10,2.719853e-11,87.9954,1,0.0000
0.0800,0.0340,1.310164e-10,2.803561e-11,88.4610,1,0.0000
0.0800,0.0360,1.310164e-10,2.884840e-11,88.9130,1,0.0000
0.0800,0.0380,1.310164e-10,2.963891e-11,89.3527,1,0.0000
0.0800,0.0400,1.310164e-10,3.040888e-11,89.7809,1,0.0000
0.0800,0.0420,1.310164e-10,3.115983e-11,90.1986,1,0.0000
0.0800,0.0440,1.310164e-10,3.189311e-11,90.6064,1,0.0000
0.0800,0.0460,1.310164e-10,3.260990e-11,91.0051,1,0.0000
0.0800,0.0480,1.310164e-10,3.331126e-11,91.3952,1,0.0000
0.0800,0.0500,1.310164e-10,3.399817e-11,91.7772,1,0.0000
0.0800,0.0520,1.310164e-10,3.467146e-11,92.1517,1,0.0000
0.0800,0.0540,1.310164e-10,3.533193e-11,92.5190,1,0.0000
0.0800,0.0560,1.310164e-10,3.598028e-11,92.8796,1,0.0000
0.0800,0.0580,1.310164e-10,3.661715e-11,93.2338,1,0.0000
0.0800,0.0600,1.310164e-10,3.724312e-11,93.5820,1,0.0000
0.0800,0.0620,1.310164e-10,3.785876e-11,93.9244,1,0.0000
0.0800,0.0640,1.310164e-10,3.846453e-11,94.2613,1,0.0000
0.0800,0.0660,1.310164e-10,3.906092e-11,94.5930,1,0.0000
0.0800,0.0680,1.310164e-10,3.964833e-11,94.9197,1,0.0000
0.0800,0.0700,1.310164e-10,4.022717e-11,95.2416,1,0.0000
0.0800,0.0720,1.310164e-10,4.079780e-11,95.5590,1,0.0000
0.0800,0.0740,1.310164e-10,4.136055e-11,95.8720,1,0.0000
0.0800,0.0760,1.310164e-10,4.191575e-11,96.1808,1,0.0000
0.0800,0.0780,1.310164e-10,4.246370e-11,96.4855,1,0.0000
0.0800,0.0800,1.310164e-10,4.300466e-11,96.7864,1,0.0000
0.0800,0.0820,1.310164e-10,4.353890e-11,97.0835,1,0.0000
0.0800,0.0840,1.310164e-10,4.406666e-11,97.3771,1,0.0000
0.0800,0.0860,1.310164e-10,4.458818e-11,97.6671,1,0.0000
0.0800,0.0880,1.310164e-10,4.510366e-11,97.9538,1,0.0000
0.0800,0.0900,1.310164e-10,4.561333e-11,98.2373,1,0.0000
0.0800,0.0920,1.310164e-10,4.611736e-11,98.5176,1,0.0000
0.0800,0.0940,1.310164e-10,4.661594e-11,98.7949,1,0.0000
0.0800,0.0960,1.310164e-10,4.710924e-11,99.0693,1,0.0000
0.0800,0.0980,1.310164e-10,4.759743e-11,99.3408,1,0.0000
0.0800,0.1000,1.310164e-10,4.808067e-11,99.6096,1,0.0000
0.0800,0.1020,1.310164e-10,4.855909e-11,99.8757,1,0.0000
0.0800,0.1040,1.310164e-10,4.903285e-11,100.1392,1,0.0000
0.0800,0.1060,1.310164e-10,4.950208e-11,100.4001,1,0.0000
0.0800,0.1080,1.310164e-10,4.996690e-11,100.6586,1,0.0000
0.0800,0.1100,1.310164e-10,5.042743e-11,100.9148,1,0.0000
0.0800,0.1120,1.310164e-10,5.088380e-11,101.1686,1,0.0000
0.0800,0.1140,1.310164e-10,5.133610e-11,101.4202,1,0.0000
0.0800,0.1160,1.310164e-10,5.178446e-11,101.6695,1,0.0000
0.0800,0.1180,1.310164e-10,5.222897e-11,101.9168,1,0.0000
0.0800,0.1200,1.310164e-10,5.266973e-11,102.1619,1,0.0000
0.0800,0.1220,1.310164e-10,5.310683e-11,102.4050,1,0.0000
0.0800,0.1240,1.310164e-10,5.354037e-11,102.6461,1,0.0000
0.0800,0.1260,1.310164e-10,5.397042e-11,102.8853,1,0.0000
0.0800,0.1280,1.310164e-10,5.439707e-11,103.1226,1,0.0000
0.0800,0.1300,1.310164e-10,5.482040e-11,103.3580,1,0.0000
0.0800,0.1320,1.310164e-10,5.524048e-11,103.5917,1,0.0000
0.0800,0.1340,1.310164e-10,5.565740e-11,103.8236,1,0.0000
0.0800,0.1360,1.310164e-10,5.607121e-11,104.0537,1,0.0000
0.0800,0.1380,1.310164e-10,5.648200e-11,104.2822,1,0.0000
0.0800,0.1400,1.310164e-10,5.688981e-11,104.5090,1,0.0000
0.0820,0.0000,1.326440e-10,0.000000e+00,73.7735,1,0.0000
0.0820,0.0020,1.326440e-10,6.799633e-12,77.5553,1,0.0000
0.0820,0.0040,1.326440e-10,9.616133e-12,79.1217,1,0.0000
0.0820,0.0060,1.326440e-10,1.177731e-11,80.3237,1,0.0000
0.0820,0.0080,1.326440e-10,1.359927e-11,81.3371,1,0.0000
0.0820,0.0100,1.326440e-10,1.520444e-11,82.2298,1,0.0000
0.0820,0.0120,1.326440e-10,1.665563e-11,83.0369,1,0.0000
0.0820,0.0140,1.326440e-10,1.799014e-11,83.7792,1,0.0000
0.0820,0.0160,1.326440e-10,1.923227e-11,84.4700,1,0.0000
0.0820,0.0180,1.326440e-10,2.039890e-11,85.1189,1,0.0000
0.0820,0.0200,1.326440e-10,2.150233e-11,85.7326,1,0.0000
0.0820,0.0220,1.326440e-10,2.255183e-11,86.3163,1,0.0000
0.0820,0.0240,1.326440e-10,2.355462e-11,86.8740,1,0.0000
0.0820,0.0260,1.326440e-10,2.451643e-11,87.4089,1,0.0000
0.0820,0.0280,1.326440e-10,2.544190e-11,87.9236,1,0.0000
0.0820,0.0300,1.326440e-10,2.633487e-11,88.4203,1,0.0000
0.0820,0.0320,1.326440e-10,2.719853e-11,88.9006,1,0.0000
0.0820,0.0340,1.326440e-10,2.803561e-11,89.3662,1,0.0000
0.0820,0.0360,1.326440e-10,2.884840e-11,89.8183,1,0.0000
0.0820,0.0380,1.326440e-10,2.963891e-11,90.2579,1,0.0000
0.0820,0.0400,1.326440e-10,3.040888e-11,90.6862,1,0.0000
0.0820,0.0420,1.326440e-10,3.115983e-11,91.1038,1,0.0000
0.0820,0.0440,1.326440e-10,3.189311e-11,91.5117,1,0.0000
0.0820,0.0460,1.326440e-10,3.260990e-11,91.9103,1,0.0000
0.0820,0.0480,1.326440e-10,3.331126e-11,92.3004,1,0.0000
0.0820,0.0500,1.326440e-10,3.399817e-11,92.6824,1,0.0000
0.0820,0.0520,1.326440e-10,3.467146e-11,93.0569,1,0.0000
0.0820,0.0540,1.326440e-10,3.533193e-11,93.4243,1,0.0000
0.0820,0.0560,1.326440e-10,3.598028e-11,93.7848,1,0.0000
0.0820,0.0580,1.326440e-10,3.661715e-11,94.1391,1,0.0000
0.0820,0.0600,1.326440e-10,3.724312e-11,94.4872,1,0.0000
0.0820,0.0620,1.326440e-10,3.785876e-11,94.8296,1,0.0000
0.0820,0.0640,1.326440e-10,3.846453e-11,95.1665,1,0.0000
0.0820,0.0660,1.326440e-10,3.906092e-11,95.4982,1,0.0000
0.0820,0.0680,1.326440e-10,3.964833e-11,95.8249,1,0.0000
0.0820,0.0700,1.326440e-10,4.022717e-11,96.1469,1,0.0000
0.0820,0.0720,1.326440e-10,4.079780e-11,96.4642,1,0.0000
0.0820,0.0740,1.326440e-10,4.136055e-11,96.7772,1,0.0000
0.0820,0.0760,1.326440e-10,4.191575e-11,97.0860,1,0.0000
0.0820,0.0780,1.326440e-10,4.246370e-11,97.3908,1,0.0000
0.0820,0.0800,1.326440e-10,4.300466e-11,97.6916,1,0.0000
0.0820,0.0820,1.326440e-10,4.353890e-11,97.9888,1,0.0000
0.0820,0.0840,1.326440e-10,4.406666e-11,98.2823,1,0.0000
0.0820,0.0860,1.326440e-10,4.458818e-11,98.5724,1,0.0000
0.0820,0.0880,1.326440e-10,4.510366e-11,98.8591,1,0.0000
0.0820,0.0900,1.326440e-10,4.561333e-11,99.1425,1,0.0000
0.0820,0.0920,1.326440e-10,4.611736e-11,99.4229,1,0.0000
0.0820,0.0940,1.326440e-10,4.661594e-11,99.7002,1,0.0000
0.0820,0.0960,1.326440e-10,4.710924e-11,99.9745,1,0.0000
0.0820,0.0980,1.326440e-10,4.759743e-11,100.2460,1,0.0000
0.0820,0.1000,1.326440e-10,4.808067e-11,100.5148,1,0.0000
0.0820,0.1020,1.326440e-10,4.855909e-11,100.7809,1,0.0000
0.0820,0.1040,1.326440e-10,4.903285e-11,101.0444,1,0.0000
0.0820,0.1060,1.326440e-10,4.950208e-11,101.3054,1,0.0000
0.0820,0.1080,1.326440e-10,4.996690e-11,101.5639,1,0.0000
0.0820,0.1100,1.326440e-10,5.042743e-11,101.8200,1,0.0000
0.0820,0.1120,1.326440e-10,5.088380e-11,102.0738,1,0.0000
0.0820,0.1140,1.326440e-10,5.133610e-11,102.3254,1,0.0000
0.0820,0.1160,1.326440e-10,5.178446e-11,102.5748,1,0.0000
0.0820,0.1180,1.326440e-10,5.222897e-11,102.8220,1,0.0000
0.0820,0.1200,1.326440e-10,5.266973e-11,103.0671,1,0.0000
0.0820,0.1220,1.326440e-10,5.310683e-11,103.3102,1,0.0000
0.0820,0.1240,1.326440e-10,5.354037e-11,103.5514,1,0.0000
0.0820,0.1260,1.326440e-10,5.397042e-11,103.7905,1,0.0000
0.0820,0.1280,1.326440e-10,5.439707e-11,104.0278,1,0.0000
0.0820,0.1300,1.326440e-10,5.482040e-11,104.2633,1,0.0000
0.0820,0.1320,1.326440e-10,5.524048e-11,104.4969,1,0.0000
0.0820,0.1340,1.326440e-10,5.565740e-11,104.7288,1,0.0000
0.0820,0.1360,1.326440e-10,5.607121e-11,104.9590,1,0.0000
0.0820,0.1380,1.326440e-10,5.648200e-11,105.1874,1,0.0000
0.0820,0.1400,1.326440e-10,5.688981e-11,105.4142,1,0.0000
0.0840,0.0000,1.342518e-10,0.000000e+00,74.6677,1,0.0000
0.0840,0.0020,1.342518e-10,6.799633e-12,78.4495,1,0.0000
0.0840,0.0040,1.342518e-10,9.616133e-12,80.0160,1,0.0000
0.0840,0.0060,1.342518e-10,1.177731e-11,81.2180,1,0.0000
0.0840,0.0080,1.342518e-10,1.359927e-11,82.2313,1,0.0000
0.0840,0.0100,1.342518e-10,1.520444e-11,83.1241,1,0.0000
0.0840,0.0120,1.342518e-10,1.665563e-11,83.9312,1,0.0000
0.0840,0.0140,1.342518e-10,1.799014e-11,84.6734,1,0.0000
0.0840,0.0160,1.342518e-10,1.923227e-11,85.3643,1,0.0000
0.0840,0.0180,1.342518e-10,2.039890e-11,86.0131,1,0.0000
0.0840,0.0200,1.342518e-10,2.150233e-11,86.6268,1,0.0000
0.0840,0.0220,1.342518e-10,2.255183e-11,87.2105,1,0.0000
0.0840,0.0240,1.342518e-10,2.355462e-11,87.7682,1,0.0000
0.0840,0.0260,1.342518e-10,2.451643e-11,88.3032,1,0.0000
0.0840,0.0280,1.342518e-10,2.544190e-11,88.8179,1,0.0000
0.0840,0.0300,1.342518e-10,2.633487e-11,89.3146,1,0.0000
0.0840,0.0320,1.342518e-10,2.719853e-11,89.7949,1,0.0000
0.0840,0.0340,1.342518e-10,2.803561e-11,90.2605,1,0.0000
0.0840,0.0360,1.342518e-10,2.884840e-11,90.7125,1,0.0000
0.0840,0.0380,1.342518e-10,2.963891e-11,91.1522,1,0.0000
0.0840,0.0400,1.342518e-10,3.040888e-11,91.5804,1,0.0000
0.0840,0.0420,1.342518e-10,3.115983e-11,91.9981,1,0.0000
0.0840,0.0440,1.342518e-10,3.189311e-11,92.4059,1,0.0000
0.0840,0.0460,1.342518e-10,3.260990e-11,92.8046,1,0.0000
0.0840,0.0480,1.342518e-10,3.331126e-11,93.1947,1,0.0000
0.0840,0.0500,1.342518e-10,3.399817e-11,93.5767,1,0.0000
0.0840,0.0520,1.342518e-10,3.467146e-11,93.9512,1,0.0000
0.0840,0.0540,1.342518e-10,3.533193e-11,94.3185,1,0.0000
0.0840,0.0560,1.342518e-10,3.598028e-11,94.6791,1,0.0000
0.0840,0.0580,1.342518e-10,3.661715e-11,95.0333,1,0.0000
0.0840,0.0600,1.342518e-10,3.724312e-11,95.3815,1,0.0000
0.0840,0.0620,1.342518e-10,3.785876e-11,95.7239,1,0.0000
0.0840,0.0640,1.342518e-10,3.846453e-11,96.0608,1,0.0000
0.0840,0.0660,1.342518e-10,3.906092e-11,96.3925,1,0.0000
0.0840,0.0680,1.342518e-10,3.964833e-11,96.7192,1,0.0000
0.0840,0.0700,1.342518e-10,4.022717e-11,97.0411,1,0.0000
0.0840,0.0720,1.342518e-10,4.079780e-11,97.3585,1,0.0000
0.0840,0.0740,1.342518e-10,4.136055e-11,97.6715,1,0.0000
0.0840,0.0760,1.342518e-10,4.191575e-11,97.9803,1,0.0000
0.0840,0.0780,1.342518e-10,4.246370e-11,98.2850,1,0.0000
0.0840,0.0800,1.342518e-10,4.300466e-11,98.5859,1,0.0000
0.0840,0.0820,1.342518e-10,4.353890e-11,98.8830,1,0.0000
0.0840,0.0840,1.342518e-10,4.406666e-11,99.1766,1,0.0000
0.0840,0.0860,1.342518e-10,4.458818e-11,99.4666,1,0.0000
0.0840,0.0880,1.342518e-10,4.510366e-11,99.7533,1,0.0000
0.0840,0.0900,1.342518e-10,4.561333e-11,100.0368,1,0.0000
0.0840,0.0920,1.342518e-10,4.611736e-11,100.3171,1,0.0000
0.0840,0.0940,1.342518e-10,4.661594e-11,100.5944,1,0.0000
0.0840,0.0960,1.342518e-10,4.710924e-11,100.8688,1,0.0000
0.0840,0.0980,1.342518e-10,4.759743e-11,101.1403,1,0.0000
0.0840,0.1000,1.342518e-10,4.808067e-11,101.4091,1,0.0000
0.0840,0.1020,1.342518e-10,4.855909e-11,101.6751,1,0.0000
0.0840,0.1040,1.342518e-10,4.903285e-11,101.9386,1,0.0000
0.0840,0.1060,1.342518e-10,4.950208e-11,102.1996,1,0.0000
0.0840,0.1080,1.342518e-10,4.996690e-11,102.4581,1,0.0000
0.0840,0.1100,1.342518e-10,5.042743e-11,102.7143,1,0.0000
0.0840,0.1120,1.342518e-10,5.088380e-11,102.9681,1,0.0000
0.0840,0.1140,1.342518e-10,5.133610e-11,103.2197,1,0.0000
0.0840,0.1160,1.342518e-10,5.178446e-11,103.4690,1,0.0000
0.0840,0.1180,1.342518e-10,5.222897e-11,103.7162,1,0.0000
0.0840,0.1200,1.342518e-10,5.266973e-11,103.9614,1,0.0000
0.0840,0.1220,1.342518e-10,5.310683e-11,104.2045,1,0.0000
0.0840,0.1240,1.342518e-10,5.354037e-11,104.4456,1,0.0000
0.0840,0.1260,1.342518e-10,5.397042e-11,104.6848,1,0.0000
0.0840,0.1280,1.342518e-10,5.439707e-11,104.9221,1,0.0000
0.0840,0.1300,1.342518e-10,5.482040e-11,105.1575,1,0.0000
0.0840,0.1320,1.342518e-10,5.524048e-11,105.3912,1,0.0000
0.0840,0.1340,1.342518e-10,5.565740e-11,105.6231,1,0.0000
0.0840,0.1360,1.342518e-10,5.607121e-11,105.8532,1,0.0000
0.0840,0.1380,1.342518e-10,5.648200e-11,106.0817,1,0.0000
0.0840,0.1400,1.342518e-10,5.688981e-11,106.3085,1,0.0000
0.0860,0.0000,1.358407e-10,0.000000e+00,75.5514,1,0.0000
0.0860,0.0020,1.358407e-10,6.799633e-12,79.3332,1,0.0000
0.0860,0.0040,1.358407e-10,9.616133e-12,80.8997,1,0.0000
0.0860,0.0060,1.358407e-10,1.177731e-11,82.1017,1,0.0000
0.0860,0.0080,1.358407e-10,1.359927e-11,83.1150,1,0.0000
0.0860,0.0100,1.358407e-10,1.520444e-11,84.0077,1,0.0000
0.0860,0.0120,1.358407e-10,1.665563e-11,84.8149,1,0.0000
0.0860,0.0140,1.358407e-10,1.799014e-11,85.5571,1,0.0000
0.0860,0.0160,1.358407e-10,1.923227e-11,86.2479,1,0.0000
0.0860,0.0180,1.358407e-10,2.039890e-11,86.8968,1,0.0000
0.0860,0.0200,1.358407e-10,2.150233e-11,87.5105,1,0.0000
0.0860,0.0220,1.358407e-10,2.255183e-11,88.0942,1,0.0000
0.0860,0.0240,1.358407e-10,2.355462e-11,88.6519,1,0.0000
0.0860,0.0260,1.358407e-10,2.451643e-11,89.1869,1,0.0000
0.0860,0.0280,1.358407e-10,2.544190e-11,89.7016,1,0.0000
0.0860,0.0300,1.358407e-10,2.633487e-11,90.1982,1,0.0000
0.0860,0.0320,1.358407e-10,2.719853e-11,90.6786,1,0.0000
0.0860,0.0340,1.358407e-10,2.803561e-11,91.1441,1,0.0000
0.0860,0.0360,1.358407e-10,2.884840e-11,91.5962,1,0.0000
0.0860,0.0380,1.358407e-10,2.963891e-11,92.0359,1,0.0000
0.0860,0.0400,1.358407e-10,3.040888e-11,92.4641,1,0.0000
0.0860,0.0420,1.358407e-10,3.115983e-11,92.8818,1,0.0000
0.0860,0.0440,1.358407e-10,3.189311e-11,93.2896,1,0.0000
0.0860,0.0460,1.358407e-10,3.260990e-11,93.6882,1,0.0000
0.0860,0.0480,1.358407e-10,3.331126e-11,94.0783,1,0.0000
0.0860,0.0500,1.358407e-10,3.399817e-11,94.4604,1,0.0000
0.0860,0.0520,1.358407e-10,3.467146e-11,94.8348,1,0.0000
0.0860,0.0540,1.358407e-10,3.533193e-11,95.2022,1,0.0000
0.0860,0.0560,1.358407e-10,3.598028e-11,95.5628,1,0.0000
0.0860,0.0580,1.358407e-10,3.661715e-11,95.9170,1,0.0000
0.0860,0.0600,1.358407e-10,3.724312e-11,96.2651,1,0.0000
0.0860,0.0620,1.358407e-10,3.785876e-11,96.6075,1,0.0000
0.0860,0.0640,1.358407e-10,3.846453e-11,96.9445,1,0.0000
0.0860,0.0660,1.358407e-10,3.906092e-11,97.2762,1,0.0000
0.0860,0.0680,1.358407e-10,3.964833e-11,97.6029,1,0.0000
0.0860,0.0700,1.358407e-10,4.022717e-11,97.9248,1,0.0000
0.0860,0.0720,1.358407e-10,4.079780e-11,98.2422,1,0.0000
0.0860,0.0740,1.358407e-10,4.136055e-11,98.5552,1,0.0000
0.0860,0.0760,1.358407e-10,4.191575e-11,98.8639,1,0.0000
0.0860,0.0780,1.358407e-10,4.246370e-11,99.1687,1,0.0000
0.0860,0.0800,1.358407e-10,4.300466e-11,99.4696,1,0.0000
0.0860,0.0820,1.358407e-10,4.353890e-11,99.7667,1,0.0000
0.0860,0.0840,1.358407e-10,4.406666e-11,100.0602,1,0.0000
0.0860,0.0860,1.358407e-10,4.458818e-11,100.3503,1,0.0000
0.0860,0.0880,1.358407e-10,4.510366e-11,100.6370,1,0.0000
0.0860,0.0900,1.358407e-10,4.561333e-11,100.9205,1,0.0000
0.0860,0.0920,1.358407e-10,4.611736e-11,101.2008,1,0.0000
0.0860,0.0940,1.358407e-10,4.661594e-11,101.4781,1,0.0000
0.0860,0.0960,1.358407e-10,4.710924e-11,101.7524,1,0.0000
0.0860,0.0980,1.358407e-10,4.759743e-11,102.0240,1,0.0000
0.0860,0.1000,1.358407e-10,4.808067e-11,102.2927,1,0.0000
0.0860,0.1020,1.358407e-10,4.855909e-11,102.5588,1,0.0000
0.0860,0.1040,1.358407e-10,4.903285e-11,102.8223,1,0.0000
0.0860,0.1060,1.358407e-10,4.950208e-11,103.0833,1,0.0000
0.0860,0.1080,1.358407e-10,4.996690e-11,103.3418,1,0.0000
0.0860,0.1100,1.358407e-10,5.042743e-11,103.5979,1,0.0000
0.0860,0.1120,1.358407e-10,5.088380e-11,103.8518,1,0.0000
0.0860,0.1140,1.358407e-10,5.133610e-11,104.1033,1,0.0000
0.0860,0.1160,1.358407e-10,5.178446e-11,104.3527,1,0.0000
0.0860,0.1180,1.358407e-10,5.222897e-11,104.5999,1,0.0000
0.0860,0.1200,1.358407e-10,5.266973e-11,104.8451,1,0.0000
0.0860,0.1220,1.358407e-10,5.310683e-11,105.0882,1,0.0000
0.0860,0.1240,1.358407e-10,5.354037e-11,105.3293,1,0.0000
0.0860,0.1260,1.358407e-10,5.397042e-11,105.5685,1,0.0000
0.0860,0.1280,1.358407e-10,5.439707e-11,105.8058,1,0.0000
0.0860,0.1300,1.358407e-10,5.482040e-11,106.0412,1,0.0000
0.0860,0.1320,1.358407e-10,5.524048e-11,106.2748,1,0.0000
0.0860,0.1340,1.358407e-10,5.565740e-11,106.5067,1,0.0000
0.0860,0.1360,1.358407e-10,5.607121e-11,106.7369,1,0.0000
0.0860,0.1380,1.358407e-10,5.648200e-11,106.9654,1,0.0000
0.0860,0.1400,1.358407e-10,5.688981e-11,107.1922,1,0.0000
0.0880,0.0000,1.374111e-10,0.000000e+00,76.4248,1,0.0000
0.0880,0.0020,1.374111e-10,6.799633e-12,80.2066,1,0.0000
0.0880,0.0040,1.374111e-10,9.616133e-12,81.7731,1,0.0000
0.0880,0.0060,1.374111e-10,1.177731e-11,82.9751,1,0.0000
0.0880,0.0080,1.374111e-10,1.359927e-11,83.9884,1,0.0000
0.0880,0.0100,1.374111e-10,1.520444e-11,84.8812,1,0.0000
0.0880,0.0120,1.374111e-10,1.665563e-11,85.6883,1,0.0000
0.0880,0.0140,1.374111e-10,1.799014e-11,86.4305,1,0.0000
0.0880,0.0160,1.374111e-10,1.923227e-11,87.1214,1,0.0000
0.0880,0.0180,1.374111e-10,2.039890e-11,87.7702,1,0.0000
0.0880,0.0200,1.374111e-10,2.150233e-11,88.3839,1,0.0000
0.0880,0.0220,1.374111e-10,2.255183e-11,88.9676,1,0.0000
0.0880,0.0240,1.374111e-10,2.355462e-11,89.5254,1,0.0000
0.0880,0.0260,1.374111e-10,2.451643e-11,90.0603,1,0.0000
0.0880,0.0280,1.374111e-10,2.544190e-11,90.5750,1,0.0000
0.0880,0.0300,1.374111e-10,2.633487e-11,91.0717,1,0.0000
0.0880,0.0320,1.374111e-10,2.719853e-11,91.5520,1,0.0000
0.0880,0.0340,1.374111e-10,2.803561e-11,92.0176,1,0.0000
0.0880,0.0360,1.374111e-10,2.884840e-11,92.4696,1,0.0000
0.0880,0.0380,1.374111e-10,2.963891e-11,92.9093,1,0.0000
0.0880,0.0400,1.374111e-10,3.040888e-11,93.3376,1,0.0000
0.0880,0.0420,1.374111e-10,3.115983e-11,93.7552,1,0.0000
0.0880,0.0440,1.374111e-10,3.189311e-11,94.1630,1,0.0000
0.0880,0.0460,1.374111e-10,3.260990e-11,94.5617,1,0.0000
0.0880,0.0480,1.374111e-10,3.331126e-11,94.9518,1,0.0000
0.0880,0.0500,1.374111e-10,3.399817e-11,95.3338,1,0.0000
0.0880,0.0520,1.374111e-10,3.467146e-11,95.7083,1,0.0000
0.0880,0.0540,1.374111e-10,3.533193e-11,96.0756,1,0.0000
0.0880,0.0560,1.374111e-10,3.598028e-11,96.4362,1,0.0000
0.0880,0.0580,1.374111e-10,3.661715e-11,96.7904,1,0.0000
0.0880,0.0600,1.374111e-10,3.724312e-11,97.1386,1,0.0000
0.0880,0.0620,1.374111e-10,3.785876e-11,97.4810,1,0.0000
0.0880,0.0640,1.374111e-10,3.846453e-11,97.8179,1,0.0000
0.0880,0.0660,1.374111e-10,3.906092e-11,98.1496,1,0.0000
0.0880,0.0680,1.374111e-10,3.964833e-11,98.4763,1,0.0000
0.0880,0.0700,1.374111e-10,4.022717e-11,98.7983,1,0.0000
0.0880,0.0720,1.374111e-10,4.079780e-11,99.1156,1,0.0000
0.0880,0.0740,1.374111e-10,4.136055e-11,99.4286,1,0.0000
0.0880,0.0760,1.374111e-10,4.191575e-11,99.7374,1,0.0000
0.0880,0.0780,1.374111e-10,4.246370e-11,100.0422,1,0.0000
0.0880,0.0800,1.374111e-10,4.300466e-11,100.3430,1,0.0000
0.0880,0.0820,1.374111e-10,4.353890e-11,100.6402,1,0.0000
0.0880,0.0840,1.374111e-10,4.406666e-11,100.9337,1,0.0000
0.0880,0.0860,1.374111e-10,4.458818e-11,101.2237,1,0.0000
0.0880,0.0880,1.374111e-10,4.510366e-11,101.5104,1,0.0000
0.0880,0.0900,1.374111e-10,4.561333e-11,101.7939,1,0.0000
0.0880,0.0920,1.374111e-10,4.611736e-11,102.0742,1,0.0000
0.0880,0.0940,1.374111e-10,4.661594e-11,102.3515,1,0.0000
0.0880,0.0960,1.374111e-10,4.710924e-11,102.6259,1,0.0000
0.0880,0.0980,1.374111e-10,4.759743e-11,102.8974,1,0.0000
0.0880,0.1000,1.374111e-10,4.808067e-11,103.1662,1,0.0000
0.0880,0.1020,1.374111e-10,4.855909e-11,103.4323,1,0.0000
0.0880,0.1040,1.374111e-10,4.903285e-11,103.6958,1,0.0000
0.0880,0.1060,1.374111e-10,4.950208e-11,103.9567,1,0.0000
0.0880,0.1080,1.374111e-10,4.996690e-11,104.2153,1,0.0000
0.0880,0.1100,1.374111e-10,5.042743e-11,104.4714,1,0.0000
0.0880,0.1120,1.374111e-10,5.088380e-11,104.7252,1,0.0000
0.0880,0.1140,1.374111e-10,5.133610e-11,104.9768,1,0.0000
0.0880,0.1160,1.374111e-10,5.178446e-11,105.2261,1,0.0000
0.0880,0.1180,1.374111e-10,5.222897e-11,105.4734,1,0.0000
0.0880,0.1200,1.374111e-10,5.266973e-11,105.7185,1,0.0000
0.0880,0.1220,1.374111e-10,5.310683e-11,105.9616,1,0.0000
0.0880,0.1240,1.374111e-10,5.354037e-11,106.2027,1,0.0000
0.0880,0.1260,1.374111e-10,5.397042e-11,106.4419,1,0.0000
0.0880,0.1280,1.374111e-10,5.439707e-11,106.6792,1,0.0000
0.0880,0.1300,1.374111e-10,5.482040e-11,106.9147,1,0.0000
0.0880,0.1320,1.374111e-10,5.524048e-11,107.1483,1,0.0000
0.0880,0.1340,1.374111e-10,5.565740e-11,107.3802,1,0.0000
0.0880,0.1360,1.374111e-10,5.607121e-11,107.6103,1,0.0000
0.0880,0.1380,1.374111e-10,5.648200e-11,107.8388,1,0.0000
0.0880,0.1400,1.374111e-10,5.688981e-11,108.0656,1,0.0000
0.0900,0.0000,1.389639e-10,0.000000e+00,77.2884,1,0.0000
0.0900,0.0020,1.389639e-10,6.799633e-12,81.0702,1,0.0000
0.0900,0.0040,1.389639e-10,9.616133e-12,82.6367,1,0.0000
0.0900,0.0060,1.389639e-10,1.177731e-11,83.8387,1,0.0000
0.0900,0.0080,1.389639e-10,1.359927e-11,84.8520,1,0.0000
0.0900,0.0100,1.389639e-10,1.520444e-11,85.7448,1,0.0000
0.0900,0.0120,1.389639e-10,1.665563e-11,86.5519,1,0.0000
0.0900,0.0140,1.389639e-10,1.799014e-11,87.2941,1,0.0000
0.0900,0.0160,1.389639e-10,1.923227e-11,87.9850,1,0.0000
0.0900,0.0180,1.389639e-10,2.039890e-11,88.6338,1,0.0000
0.0900,0.0200,1.389639e-10,2.150233e-11,89.2475,1,0.0000
0.0900,0.0220,1.389639e-10,2.255183e-11,89.8312,1,0.0000
0.0900,0.0240,1.389639e-10,2.355462e-11,90.3890,1,0.0000
0.0900,0.0260,1.389639e-10,2.451643e-11,90.9239,1,0.0000
0.0900,0.0280,1.389639e-10,2.544190e-11,91.4386,1,0.0000
0.0900,0.0300,1.389639e-10,2.633487e-11,91.9353,1,0.0000
0.0900,0.0320,1.389639e-10,2.719853e-11,92.4156,1,0.0000
0.0900,0.0340,1.389639e-10,2.803561e-11,92.8812,1,0.0000
0.0900,0.0360,1.389639e-10,2.884840e-11,93.3332,1,0.0000
0.0900,0.0380,1.389639e-10,2.963891e-11,93.7729,1,0.0000
0.0900,0.0400,1.389639e-10,3.040888e-11,94.2011,1,0.0000
0.0900,0.0420,1.389639e-10,3.115983e-11,94.6188,1,0.0000
0.0900,0.0440,1.389639e-10,3.189311e-11,95.0266,1,0.0000
0.0900,0.0460,1.389639e-10,3.260990e-11,95.4253,1,0.0000
0.0900,0.0480,1.389639e-10,3.331126e-11,95.8154,1,0.0000
0.0900,0.0500,1.389639e-10,3.399817e-11,96.1974,1,0.0000
0.0900,0.0520,1.389639e-10,3.467146e-11,96.5719,1,0.0000
0.0900,0.0540,1.389639e-10,3.533193e-11,96.9392,1,0.0000
0.0900,0.0560,1.389639e-10,3.598028e-11,97.2998,1,0.0000
0.0900,0.0580,1.389639e-10,3.661715e-11,97.6540,1,0.0000
0.0900,0.0600,1.389639e-10,3.724312e-11,98.0022,1,0.0000
0.0900,0.0620,1.389639e-10,3.785876e-11,98.3446,1,0.0000
0.0900,0.0640,1.389639e-10,3.846453e-11,98.6815,1,0.0000
0.0900,0.0660,1.389639e-10,3.906092e-11,99.0132,1,0.0000
0.0900,0.0680,1.389639e-10,3.964833e-11,99.3399,1,0.0000
0.0900,0.0700,1.389639e-10,4.022717e-11,99.6618,1,0.0000
0.0900,0.0720,1.389639e-10,4.079780e-11,99.9792,1,0.0000
0.0900,0.0740,1.389639e-10,4.136055e-11,100.2922,1,0.0000
0.0900,0.0760,1.389639e-10,4.191575e-11,100.6010,1,0.0000
0.0900,0.0780,1.389639e-10,4.246370e-11,100.9057,1,0.0000
0.0900,0.0800,1.389639e-10,4.300466e-11,101.2066,1,0.0000
0.0900,0.0820,1.389639e-10,4.353890e-11,101.5037,1,0.0000
0.0900,0.0840,1.389639e-10,4.406666e-11,101.7973,1,0.0000
0.0900,0.0860,1.389639e-10,4.458818e-11,102.0873,1,0.0000
0.0900,0.0880,1.389639e-10,4.510366e-11,102.3740,1,0.0000
0.0900,0.0900,1.389639e-10,4.561333e-11,102.6575,1,0.0000
0.0900,0.0920,1.389639e-10,4.611736e-11,102.9378,1,0.0000
0.0900,0.0940,1.389639e-10,4.661594e-11,103.2151,1,0.0000
0.0900,0.0960,1.389639e-10,4.710924e-11,103.4895,1,0.0000
0.0900,0.0980,1.389639e-10,4.759743e-11,103.7610,1,0.0000
0.0900,0.1000,1.389639e-10,4.808067e-11,104.0298,1,0.0000
0.0900,0.1020,1.389639e-10,4.855909e-11,104.2959,1,0.0000
0.0900,0.1040,1.389639e-10,4.903285e-11,104.5594,1,0.0000
0.0900,0.1060,1.389639e-10,4.950208e-11,104.8203,1,0.0000
0.0900,0.1080,1.389639e-10,4.996690e-11,105.0788,1,0.0000
0.0900,0.1100,1.389639e-10,5.042743e-11,105.3350,1,0.0000
0.0900,0.1120,1.389639e-10,5.088380e-11,105.5888,1,0.0000
0.0900,0.1140,1.389639e-10,5.133610e-11,105.8404,1,0.0000
0.0900,0.1160,1.389639e-10,5.178446e-11,106.0897,1,0.0000
0.0900,0.1180,1.389639e-10,5.222897e-11,106.3370,1,0.0000
0.0900,0.1200,1.389639e-10,5.266973e-11,106.5821,1,0.0000
0.0900,0.1220,1.389639e-10,5.310683e-11,106.8252,1,0.0000
0.0900,0.1240,1.389639e-10,5.354037e-11,107.0663,1,0.0000
0.0900,0.1260,1.389639e-10,5.397042e-11,107.3055,1,0.0000
0.0900,0.1280,1.389639e-10,5.439707e-11,107.5428,1,0.0000
0.0900,0.1300,1.389639e-10,5.482040e-11,107.7782,1,0.0000
0.0900,0.1320,1.389639e-10,5.524048e-11,108.0119,1,0.0000
0.0900,0.1340,1.389639e-10,5.565740e-11,108.2438,1,0.0000
0.0900,0.1360,1.389639e-10,5.607121e-11,108.4739,1,0.0000
0.0900,0.1380,1.389639e-10,5.648200e-11,108.7024,1,0.0000
0.0900,0.1400,1.389639e-10,5.688981e-11,108.9292,1,0.0000
0.0920,0.0000,1.404994e-10,0.000000e+00,78.1425,1,0.0000
0.0920,0.0020,1.404994e-10,6.799633e-12,81.9243,1,0.0000
0.0920,0.0040,1.404994e-10,9.616133e-12,83.4907,1,0.0000
0.0920,0.0060,1.404994e-10,1.177731e-11,84.6927,1,0.0000
0.0920,0.0080,1.404994e-10,1.359927e-11,85.7061,1,0.0000
0.0920,0.0100,1.404994e-10,1.520444e-11,86.5988,1,0.0000
0.0920,0.0120,1.404994e-10,1.665563e-11,87.4059,1,0.0000
0.0920,0.0140,1.404994e-10,1.799014e-11,88.1482,1,0.0000
0.0920,0.0160,1.404994e-10,1.923227e-11,88.8390,1,0.0000
0.0920,0.0180,1.404994e-10,2.039890e-11,89.4879,1,0.0000
0.0920,0.0200,1.404994e-10,2.150233e-11,90.1016,1,0.0000
0.0920,0.0220,1.404994e-10,2.255183e-11,90.6853,1,0.0000
0.0920,0.0240,1.404994e-10,2.355462e-11,91.2430,1,0.0000
0.0920,0.0260,1.404994e-10,2.451643e-11,91.7779,1,0.0000
0.0920,0.0280,1.404994e-10,2.544190e-11,92.2927,1,0.0000
0.0920,0.0300,1.404994e-10,2.633487e-11,92.7893,1,0.0000
0.0920,0.0320,1.404994e-10,2.719853e-11,93.2697,1,0.0000
0.0920,0.0340,1.404994e-10,2.803561e-11,93.7352,1,0.0000
0.0920,0.0360,1.404994e-10,2.884840e-11,94.1873,1,0.0000
0.0920,0.0380,1.404994e-10,2.963891e-11,94.6269,1,0.0000
0.0920,0.0400,1.404994e-10,3.040888e-11,95.0552,1,0.0000
0.0920,0.0420,1.404994e-10,3.115983e-11,95.4728,1,0.0000
0.0920,0.0440,1.404994e-10,3.189311e-11,95.8807,1,0.0000
0.0920,0.0460,1.404994e-10,3.260990e-11,96.2793,1,0.0000
0.0920,0.0480,1.404994e-10,3.331126e-11,96.6694,1,0.0000
0.0920,0.0500,1.404994e-10,3.399817e-11,97.0515,1,0.0000
0.0920,0.0520,1.404994e-10,3.467146e-11,97.4259,1,0.0000
0.0920,0.0540,1.404994e-10,3.533193e-11,97.7933,1,0.0000
0.0920,0.0560,1.404994e-10,3.598028e-11,98.1539,1,0.0000
0.0920,0.0580,1.404994e-10,3.661715e-11,98.5081,1,0.0000
0.0920,0.0600,1.404994e-10,3.724312e-11,98.8562,1,0.0000
0.0920,0.0620,1.404994e-10,3.785876e-11,99.1986,1,0.0000
0.0920,0.0640,1.404994e-10,3.846453e-11,99.5355,1,0.0000
0.0920,0.0660,1.404994e-10,3.906092e-11,99.8672,1,0.0000
0.0920,0.0680,1.404994e-10,3.964833e-11,100.1939,1,0.0000
0.0920,0.0700,1.404994e-10,4.022717e-11,100.5159,1,0.0000
0.0920,0.0720,1.404994e-10,4.079780e-11,100.8333,1,0.0000
0.0920,0.0740,1.404994e-10,4.136055e-11,101.1462,1,0.0000
0.0920,0.0760,1.404994e-10,4.191575e-11,101.4550,1,0.0000
0.0920,0.0780,1.404994e-10,4.246370e-11,101.7598,1,0.0000
0.0920,0.0800,1.404994e-10,4.300466e-11,102.0607,1,0.0000
0.0920,0.0820,1.404994e-10,4.353890e-11,102.3578,1,0.0000
0.0920,0.0840,1.404994e-10,4.406666e-11,102.6513,1,0.0000
0.0920,0.0860,1.404994e-10,4.458818e-11,102.9414,1,0.0000
0.0920,0.0880,1.404994e-10,4.510366e-11,103.2281,1,0.0000
0.0920,0.0900,1.404994e-10,4.561333e-11,103.5115,1,0.0000
0.0920,0.0920,1.404994e-10,4.611736e-11,103.7919,1,0.0000
0.0920,0.0940,1.404994e-10,4.661594e-11,104.0692,1,0.0000
0.0920,0.0960,1.404994e-10,4.710924e-11,104.3435,1,0.0000
0.0920,0.0980,1.404994e-10,4.759743e-11,104.6150,1,0.0000
0.0920,0.1000,1.404994e-10,4.808067e-11,104.8838,1,0.0000
0.0920,0.1020,1.404994e-10,4.855909e-11,105.1499,1,0.0000
0.0920,0.1040,1.404994e-10,4.903285e-11,105.4134,1,0.0000
0.0920,0.1060,1.404994e-10,4.950208e-11,105.6744,1,0.0000
0.0920,0.1080,1.404994e-10,4.996690e-11,105.9329,1,0.0000
0.0920,0.1100,1.404994e-10,5.042743e-11,106.1890,1,0.0000
0.0920,0.1120,1.404994e-10,5.088380e-11,106.4428,1,0.0000
0.0920,0.1140,1.404994e-10,5.133610e-11,106.6944,1,0.0000
0.0920,0.1160,1.404994e-10,5.178446e-11,106.9438,1,0.0000
0.0920,0.1180,1.404994e-10,5.222897e-11,107.1910,1,0.0000
0.0920,0.1200,1.404994e-10,5.266973e-11,107.4361,1,0.0000
0.0920,0.1220,1.404994e-10,5.310683e-11,107.6792,1,0.0000
0.0920,0.1240,1.404994e-10,5.354037e-11,107.9204,1,0.0000
0.0920,0.1260,1.404994e-10,5.397042e-11,108.1596,1,0.0000
0.0920,0.1280,1.404994e-10,5.439707e-11,108.3968,1,0.0000
0.0920,0.1300,1.404994e-10,5.482040e-11,108.6323,1,0.0000
0.0920,0.1320,1.404994e-10,5.524048e-11,108.8659,1,0.0000
0.0920,0.1340,1.404994e-10,5.565740e-11,109.0978,1,0.0000
0.0920,0.1360,1.404994e-10,5.607121e-11,109.3280,1,0.0000
0.0920,0.1380,1.404994e-10,5.648200e-11,109.5564,1,0.0000
0.0920,0.1400,1.404994e-10,5.688981e-11,109.7833,1,0.0000
0.0940,0.0000,1.420184e-10,0.000000e+00,78.9873,1,0.0000
0.0940,0.0020,1.420184e-10,6.799633e-12,82.7691,1,0.0000
0.0940,0.0040,1.420184e-10,9.616133e-12,84.3355,1,0.0000
0.0940,0.0060,1.420184e-10,1.177731e-11,85.5375,1,0.0000
0.0940,0.0080,1.420184e-10,1.359927e-11,86.5509,1,0.0000
0.0940,0.0100,1.420184e-10,1.520444e-11,87.4436,1,0.0000
0.0940,0.0120,1.420184e-10,1.665563e-11,88.2508,1,0.0000
0.0940,0.0140,1.420184e-10,1.799014e-11,88.9930,1,0.0000
0.0940,0.0160,1.420184e-10,1.923227e-11,89.6838,1,0.0000
0.0940,0.0180,1.420184e-10,2.039890e-11,90.3327,1,0.0000
0.0940,0.0200,1.420184e-10,2.150233e-11,90.9464,1,0.0000
0.0940,0.0220,1.420184e-10,2.255183e-11,91.5301,1,0.0000
0.0940,0.0240,1.420184e-10,2.355462e-11,92.0878,1,0.0000
0.0940,0.0260,1.420184e-10,2.451643e-11,92.6227,1,0.0000
0.0940,0.0280,1.420184e-10,2.544190e-11,93.1375,1,0.0000
0.0940,0.0300,1.420184e-10,2.633487e-11,93.6341,1,0.0000
0.0940,0.0320,1.420184e-10,2.719853e-11,94.1145,1,0.0000
0.0940,0.0340,1.420184e-10,2.803561e-11,94.5800,1,0.0000
0.0940,0.0360,1.420184e-10,2.884840e-11,95.0321,1,0.0000
0.0940,0.0380,1.420184e-10,2.963891e-11,95.4717,1,0.0000
0.0940,0.0400,1.420184e-10,3.040888e-11,95.9000,1,0.0000
0.0940,0.0420,1.420184e-10,3.115983e-11,96.3176,1,0.0000
0.0940,0.0440,1.420184e-10,3.189311e-11,96.7255,1,0.0000
0.0940,0.0460,1.420184e-10,3.260990e-11,97.1241,1,0.0000
0.0940,0.0480,1.420184e-10,3.331126e-11,97.5142,1,0.0000
0.0940,0.0500,1.420184e-10,3.399817e-11,97.8963,1,0.0000
0.0940,0.0520,1.420184e-10,3.467146e-11,98.2707,1,0.0000
0.0940,0.0540,1.420184e-10,3.533193e-11,98.6381,1,0.0000
0.0940,0.0560,1.420184e-10,3.598028e-11,98.9987,1,0.0000
0.0940,0.0580,1.420184e-10,3.661715e-11,99.3529,1,0.0000
0.0940,0.0600,1.420184e-10,3.724312e-11,99.7010,1,0.0000
0.0940,0.0620,1.420184e-10,3.785876e-11,100.0434,1,0.0000
0.0940,0.0640,1.420184e-10,3.846453e-11,100.3804,1,0.0000
0.0940,0.0660,1.420184e-10,3.906092e-11,100.7120,1,0.0000
0.0940,0.0680,1.420184e-10,3.964833e-11,101.0388,1,0.0000
0.0940,0.0700,1.420184e-10,4.022717e-11,101.3607,1,0.0000
0.0940,0.0720,1.420184e-10,4.079780e-11,101.6781,1,0.0000
0.0940,0.0740,1.420184e-10,4.136055e-11,101.9910,1,0.0000
0.0940,0.0760,1.420184e-10,4.191575e-11,102.2998,1,0.0000
0.0940,0.0780,1.420184e-10,4.246370e-11,102.6046,1,0.0000
0.0940,0.0800,1.420184e-10,4.300466e-11,102.9055,1,0.0000
0.0940,0.0820,1.420184e-10,4.353890e-11,103.2026,1,0.0000
0.0940,0.0840,1.420184e-10,4.406666e-11,103.4961,1,0.0000
0.0940,0.0860,1.420184e-10,4.458818e-11,103.7862,1,0.0000
0.0940,0.0880,1.420184e-10,4.510366e-11,104.0729,1,0.0000
0.0940,0.0900,1.420184e-10,4.561333e-11,104.3563,1,0.0000
0.0940,0.0920,1.420184e-10,4.611736e-11,104.6367,1,0.0000
0.0940,0.0940,1.420184e-10,4.661594e-11,104.9140,1,0.0000
0.0940,0.0960,1.420184e-10,4.710924e-11,105.1883,1,0.0000
0.0940,0.0980,1.420184e-10,4.759743e-11,105.4599,1,0.0000
0.0940,0.1000,1.420184e-10,4.808067e-11,105.7286,1,0.0000
0.0940,0.1020,1.420184e-10,4.855909e-11,105.9947,1,0.0000
0.0940,0.1040,1.420184e-10,4.903285e-11,106.2582,1,0.0000
0.0940,0.1060,1.420184e-10,4.950208e-11,106.5192,1,0.0000
0.0940,0.1080,1.420184e-10,4.996690e-11,106.7777,1,0.0000
0.0940,0.1100,1.420184e-10,5.042743e-11,107.0338,1,0.0000
0.0940,0.1120,1.420184e-10,5.088380e-11,107.2877,1,0.0000
0.0940,0.1140,1.420184e-10,5.133610e-11,107.5392,1,0.0000
0.0940,0.1160,1.420184e-10,5.178446e-11,107.7886,1,0.0000
0.0940,0.1180,1.420184e-10,5.222897e-11,108.0358,1,0.0000
0.0940,0.1200,1.420184e-10,5.266973e-11,108.2809,1,0.0000
0.0940,0.1220,1.420184e-10,5.310683e-11,108.5241,1,0.0000
0.0940,0.1240,1.420184e-10,5.354037e-11,108.7652,1,0.0000
0.0940,0.1260,1.420184e-10,5.397042e-11,109.0044,1,0.0000
0.0940,0.1280,1.420184e-10,5.439707e-11,109.2417,1,0.0000
0.0940,0.1300,1.420184e-10,5.482040e-11,109.4771,1,0.0000
0.0940,0.1320,1.420184e-10,5.524048e-11,109.7107,1,0.0000
0.0940,0.1340,1.420184e-10,5.565740e-11,109.9426,1,0.0000
0.0940,0.1360,1.420184e-10,5.607121e-11,110.1728,1,0.0000
0.0940,0.1380,1.420184e-10,5.648200e-11,110.4012,1,0.0000
0.0940,0.1400,1.420184e-10,5.688981e-11,110.6281,1,0.0000
0.0960,0.0000,1.435212e-10,0.000000e+00,79.8231,1,0.0000
0.0960,0.0020,1.435212e-10,6.799633e-12,83.6049,1,0.0000
0.0960,0.0040,1.435212e-10,9.616133e-12,85.1714,1,0.0000
0.0960,0.0060,1.435212e-10,1.177731e-11,86.3734,1,0.0000
0.0960,0.0080,1.435212e-10,1.359927e-11,87.3867,1,0.0000
0.0960,0.0100,1.435212e-10,1.520444e-11,88.2795,1,0.0000
0.0960,0.0120,1.435212e-10,1.665563e-11,89.0866,1,0.0000
0.0960,0.0140,1.435212e-10,1.799014e-11,89.8288,1,0.0000
0.0960,0.0160,1.435212e-10,1.923227e-11,90.5197,1,0.0000
0.0960,0.0180,1.435212e-10,2.039890e-11,91.1685,1,0.0000
0.0960,0.0200,1.435212e-10,2.150233e-11,91.7822,1,0.0000
0.0960,0.0220,1.435212e-10,2.255183e-11,92.3659,1,0.0000
0.0960,0.0240,1.435212e-10,2.355462e-11,92.9237,1,0.0000
0.0960,0.0260,1.435212e-10,2.451643e-11,93.4586,1,0.0000
0.0960,0.0280,1.435212e-10,2.544190e-11,93.9733,1,0.0000
0.0960,0.0300,1.435212e-10,2.633487e-11,94.4700,1,0.0000
0.0960,0.0320,1.435212e-10,2.719853e-11,94.9503,1,0.0000
0.0960,0.0340,1.435212e-10,2.803561e-11,95.4159,1,0.0000
0.0960,0.0360,1.435212e-10,2.884840e-11,95.8680,1,0.0000
0.0960,0.0380,1.435212e-10,2.963891e-11,96.3076,1,0.0000
0.0960,0.0400,1.435212e-10,3.040888e-11,96.7359,1,0.0000
0.0960,0.0420,1.435212e-10,3.115983e-11,97.1535,1,0.0000
0.0960,0.0440,1.435212e-10,3.189311e-11,97.5613,1,0.0000
0.0960,0.0460,1.435212e-10,3.260990e-11,97.9600,1,0.0000
0.0960,0.0480,1.435212e-10,3.331126e-11,98.3501,1,0.0000
0.0960,0.0500,1.435212e-10,3.399817e-11,98.7321,1,0.0000
0.0960,0.0520,1.435212e-10,3.467146e-11,99.1066,1,0.0000
0.0960,0.0540,1.435212e-10,3.533193e-11,99.4739,1,0.0000
0.0960,0.0560,1.435212e-10,3.598028e-11,99.8345,1,0.0000
0.0960,0.0580,1.435212e-10,3.661715e-11,100.1887,1,0.0000
0.0960,0.0600,1.435212e-10,3.724312e-11,100.5369,1,0.0000
0.0960,0.0620,1.435212e-10,3.785876e-11,100.8793,1,0.0000
0.0960,0.0640,1.435212e-10,3.846453e-11,101.2162,1,0.0000
0.0960,0.0660,1.435212e-10,3.906092e-11,101.5479,1,0.0000
0.0960,0.0680,1.435212e-10,3.964833e-11,101.8746,1,0.0000
0.0960,0.0700,1.435212e-10,4.022717e-11,102.1966,1,0.0000
0.0960,0.0720,1.435212e-10,4.079780e-11,102.5139,1,0.0000
0.0960,0.0740,1.435212e-10,4.136055e-11,102.8269,1,0.0000
0.0960,0.0760,1.435212e-10,4.191575e-11,103.1357,1,0.0000
0.0960,0.0780,1.435212e-10,4.246370e-11,103.4405,1,0.0000
0.0960,0.0800,1.435212e-10,4.300466e-11,103.7413,1,0.0000
0.0960,0.0820,1.435212e-10,4.353890e-11,104.0385,1,0.0000
0.0960,0.0840,1.435212e-10,4.406666e-11,104.3320,1,0.0000
0.0960,0.0860,1.435212e-10,4.458818e-11,104.6220,1,0.0000
0.0960,0.0880,1.435212e-10,4.510366e-11,104.9087,1,0.0000
0.0960,0.0900,1.435212e-10,4.561333e-11,105.1922,1,0.0000
0.0960,0.0920,1.435212e-10,4.611736e-11,105.4725,1,0.0000
0.0960,0.0940,1.435212e-10,4.661594e-11,105.7498,1,0.0000
0.0960,0.0960,1.435212e-10,4.710924e-11,106.0242,1,0.0000
0.0960,0.0980,1.435212e-10,4.759743e-11,106.2957,1,0.0000
0.0960,0.1000,1.435212e-10,4.808067e-11,106.5645,1,0.0000
0.0960,0.1020,1.435212e-10,4.855909e-11,106.8306,1,0.0000
0.0960,0.1040,1.435212e-10,4.903285e-11,107.0941,1,0.0000
0.0960,0.1060,1.435212e-10,4.950208e-11,107.3550,1,0.0000
0.0960,0.1080,1.435212e-10,4.996690e-11,107.6136,1,0.0000
0.0960,0.1100,1.435212e-10,5.042743e-11,107.8697,1,0.0000
0.0960,0.1120,1.435212e-10,5.088380e-11,108.1235,1,0.0000
0.0960,0.1140,1.435212e-10,5.133610e-11,108.3751,1,0.0000
0.0960,0.1160,1.435212e-10,5.178446e-11,108.6245,1,0.0000
0.0960,0.1180,1.435212e-10,5.222897e-11,108.8717,1,0.0000
0.0960,0.1200,1.435212e-10,5.266973e-11,109.1168,1,0.0000
0.0960,0.1220,1.435212e-10,5.310683e-11,109.3599,1,0.0000
0.0960,0.1240,1.435212e-10,5.354037e-11,109.6010,1,0.0000
0.0960,0.1260,1.435212e-10,5.397042e-11,109.8402,1,0.0000
0.0960,0.1280,1.435212e-10,5.439707e-11,110.0775,1,0.0000
0.0960,0.1300,1.435212e-10,5.482040e-11,110.3130,1,0.0000
0.0960,0.1320,1.435212e-10,5.524048e-11,110.5466,1,0.0000
0.0960,0.1340,1.435212e-10,5.565740e-11,110.7785,1,0.0000
0.0960,0.1360,1.435212e-10,5.607121e-11,111.0086,1,0.0000
0.0960,0.1380,1.435212e-10,5.648200e-11,111.2371,1,0.0000
0.0960,0.1400,1.435212e-10,5.688981e-11,111.4639,1,0.0000
0.0980,0.0000,1.450086e-10,0.000000e+00,80.6504,1,0.0000
0.0980,0.0020,1.450086e-10,6.799633e-12,84.4321,1,0.0000
0.0980,0.0040,1.450086e-10,9.616133e-12,85.9986,1,0.0000
0.0980,0.0060,1.450086e-10,1.177731e-11,87.2006,1,0.0000
0.0980,0.0080,1.450086e-10,1.359927e-11,88.2139,1,0.0000
0.0980,0.0100,1.450086e-10,1.520444e-11,89.1067,1,0.0000
0.0980,0.0120,1.450086e-10,1.665563e-11,89.9138,1,0.0000
0.0980,0.0140,1.450086e-10,1.799014e-11,90.6560,1,0.0000
0.0980,0.0160,1.450086e-10,1.923227e-11,91.3469,1,0.0000
0.0980,0.0180,1.450086e-10,2.039890e-11,91.9957,1,0.0000
0.0980,0.0200,1.450086e-10,2.150233e-11,92.6094,1,0.0000
0.0980,0.0220,1.450086e-10,2.255183e-11,93.1932,1,0.0000
0.0980,0.0240,1.450086e-10,2.355462e-11,93.7509,1,0.0000
0.0980,0.0260,1.450086e-10,2.451643e-11,94.2858,1,0.0000
0.0980,0.0280,1.450086e-10,2.544190e-11,94.8005,1,0.0000
0.0980,0.0300,1.450086e-10,2.633487e-11,95.2972,1,0.0000
0.0980,0.0320,1.450086e-10,2.719853e-11,95.7775,1,0.0000
0.0980,0.0340,1.450086e-10,2.803561e-11,96.2431,1,0.0000
0.0980,0.0360,1.450086e-10,2.884840e-11,96.6952,1,0.0000
0.0980,0.0380,1.450086e-10,2.963891e-11,97.1348,1,0.0000
0.0980,0.0400,1.450086e-10,3.040888e-11,97.5631,1,0.0000
0.0980,0.0420,1.450086e-10,3.115983e-11,97.9807,1,0.0000
0.0980,0.0440,1.450086e-10,3.189311e-11,98.3886,1,0.0000
0.0980,0.0460,1.450086e-10,3.260990e-11,98.7872,1,0.0000
0.0980,0.0480,1.450086e-10,3.331126e-11,99.1773,1,0.0000
0.0980,0.0500,1.450086e-10,3.399817e-11,99.5593,1,0.0000
0.0980,0.0520,1.450086e-10,3.467146e-11,99.9338,1,0.0000
0.0980,0.0540,1.450086e-10,3.533193e-11,100.3011,1,0.0000
0.0980,0.0560,1.450086e-10,3.598028e-11,100.6617,1,0.0000
0.0980,0.0580,1.450086e-10,3.661715e-11,101.0159,1,0.0000
0.0980,0.0600,1.450086e-10,3.724312e-11,101.3641,1,0.0000
0.0980,0.0620,1.450086e-10,3.785876e-11,101.7065,1,0.0000
0.0980,0.0640,1.450086e-10,3.846453e-11,102.0434,1,0.0000
0.0980,0.0660,1.450086e-10,3.906092e-11,102.3751,1,0.0000
0.0980,0.0680,1.450086e-10,3.964833e-11,102.7018,1,0.0000
0.0980,0.0700,1.450086e-10,4.022717e-11,103.0238,1,0.0000
0.0980,0.0720,1.450086e-10,4.079780e-11,103.3411,1,0.0000
0.0980,0.0740,1.450086e-10,4.136055e-11,103.6541,1,0.0000
0.0980,0.0760,1.450086e-10,4.191575e-11,103.9629,1,0.0000
0.0980,0.0780,1.450086e-10,4.246370e-11,104.2677,1,0.0000
0.0980,0.0800,1.450086e-10,4.300466e-11,104.5685,1,0.0000
0.0980,0.0820,1.450086e-10,4.353890e-11,104.8657,1,0.0000
0.0980,0.0840,1.450086e-10,4.406666e-11,105.1592,1,0.0000
0.0980,0.0860,1.450086e-10,4.458818e-11,105.4493,1,0.0000
0.0980,0.0880,1.450086e-10,4.510366e-11,105.7360,1,0.0000
0.0980,0.0900,1.450086e-10,4.561333e-11,106.0194,1,0.0000
0.0980,0.0920,1.450086e-10,4.611736e-11,106.2997,1,0.0000
0.0980,0.0940,1.450086e-10,4.661594e-11,106.5770,1,0.0000
0.0980,0.0960,1.450086e-10,4.710924e-11,106.8514,1,0.0000
0.0980,0.0980,1.450086e-10,4.759743e-11,107.1229,1,0.0000
0.0980,0.1000,1.450086e-10,4.808067e-11,107.3917,1,0.0000
0.0980,0.1020,1.450086e-10,4.855909e-11,107.6578,1,0.0000
0.0980,0.1040,1.450086e-10,4.903285e-11,107.9213,1,0.0000
0.0980,0.1060,1.450086e-10,4.950208e-11,108.1822,1,0.0000
0.0980,0.1080,1.450086e-10,4.996690e-11,108.4408,1,0.0000
0.0980,0.1100,1.450086e-10,5.042743e-11,108.6969,1,0.0000
0.0980,0.1120,1.450086e-10,5.088380e-11,108.9507,1,0.0000
0.0980,0.1140,1.450086e-10,5.133610e-11,109.2023,1,0.0000
0.0980,0.1160,1.450086e-10,5.178446e-11,109.4517,1,0.0000
0.0980,0.1180,1.450086e-10,5.222897e-11,109.6989,1,0.0000
0.0980,0.1200,1.450086e-10,5.266973e-11,109.9440,1,0.0000
0.0980,0.1220,1.450086e-10,5.310683e-11,110.1871,1,0.0000
0.0980,0.1240,1.450086e-10,5.354037e-11,110.4282,1,0.0000
0.0980,0.1260,1.450086e-10,5.397042e-11,110.6674,1,0.0000
0.0980,0.1280,1.450086e-10,5.439707e-11,110.9047,1,0.0000
0.0980,0.1300,1.450086e-10,5.482040e-11,111.1402,1,0.0000
0.0980,0.1320,1.450086e-10,5.524048e-11,111.3738,1,0.0000
0.0980,0.1340,1.450086e-10,5.565740e-11,111.6057,1,0.0000
0.0980,0.1360,1.450086e-10,5.607121e-11,111.8358,1,0.0000
0.0980,0.1380,1.450086e-10,5.648200e-11,112.0643,1,0.0000
0.0980,0.1400,1.450086e-10,5.688981e-11,112.2911,1,0.0000
0.1000,0.0000,1.464808e-10,0.000000e+00,81.4692,1,0.0000
0.1000,0.0020,1.464808e-10,6.799633e-12,85.2510,1,0.0000
0.1000,0.0040,1.464808e-10,9.616133e-12,86.8174,1,0.0000
0.1000,0.0060,1.464808e-10,1.177731e-11,88.0194,1,0.0000
0.1000,0.0080,1.464808e-10,1.359927e-11,89.0328,1,0.0000
0.1000,0.0100,1.464808e-10,1.520444e-11,89.9255,1,0.0000
0.1000,0.0120,1.464808e-10,1.665563e-11,90.7326,1,0.0000
0.1000,0.0140,1.464808e-10,1.799014e-11,91.4749,1,0.0000
0.1000,0.0160,1.464808e-10,1.923227e-11,92.1657,1,0.0000
0.1000,0.0180,1.464808e-10,2.039890e-11,92.8145,1,0.0000
0.1000,0.0200,1.464808e-10,2.150233e-11,93.4282,1,0.0000
0.1000,0.0220,1.464808e-10,2.255183e-11,94.0120,1,0.0000
0.1000,0.0240,1.464808e-10,2.355462e-11,94.5697,1,0.0000
0.1000,0.0260,1.464808e-10,2.451643e-11,95.1046,1,0.0000
0.1000,0.0280,1.464808e-10,2.544190e-11,95.6193,1,0.0000
0.1000,0.0300,1.464808e-10,2.633487e-11,96.1160,1,0.0000
0.1000,0.0320,1.464808e-10,2.719853e-11,96.5963,1,0.0000
0.1000,0.0340,1.464808e-10,2.803561e-11,97.0619,1,0.0000
0.1000,0.0360,1.464808e-10,2.884840e-11,97.5140,1,0.0000
0.1000,0.0380,1.464808e-10,2.963891e-11,97.9536,1,0.0000
0.1000,0.0400,1.464808e-10,3.040888e-11,98.3819,1,0.0000
0.1000,0.0420,1.464808e-10,3.115983e-11,98.7995,1,0.0000
0.1000,0.0440,1.464808e-10,3.189311e-11,99.2074,1,0.0000
0.1000,0.0460,1.464808e-10,3.260990e-11,99.6060,1,0.0000
0.1000,0.0480,1.464808e-10,3.331126e-11,99.9961,1,0.0000
0.1000,0.0500,1.464808e-10,3.399817e-11,100.3781,1,0.0000
0.1000,0.0520,1.464808e-10,3.467146e-11,100.7526,1,0.0000
0.1000,0.0540,1.464808e-10,3.533193e-11,101.1199,1,0.0000
0.1000,0.0560,1.464808e-10,3.598028e-11,101.4805,1,0.0000
0.1000,0.0580,1.464808e-10,3.661715e-11,101.8348,1,0.0000
0.1000,0.0600,1.464808e-10,3.724312e-11,102.1829,1,0.0000
0.1000,0.0620,1.464808e-10,3.785876e-11,102.5253,1,0.0000
0.1000,0.0640,1.464808e-10,3.846453e-11,102.8622,1,0.0000
0.1000,0.0660,1.464808e-10,3.906092e-11,103.1939,1,0.0000
0.1000,0.0680,1.464808e-10,3.964833e-11,103.5206,1,0.0000
0.1000,0.0700,1.464808e-10,4.022717e-11,103.8426,1,0.0000
0.1000,0.0720,1.464808e-10,4.079780e-11,104.1599,1,0.0000
0.1000,0.0740,1.464808e-10,4.136055e-11,104.4729,1,0.0000
0.1000,0.0760,1.464808e-10,4.191575e-11,104.7817,1,0.0000
0.1000,0.0780,1.464808e-10,4.246370e-11,105.0865,1,0.0000
0.1000,0.0800,1.464808e-10,4.300466e-11,105.3873,1,0.0000
0.1000,0.0820,1.464808e-10,4.353890e-11,105.6845,1,0.0000
0.1000,0.0840,1.464808e-10,4.406666e-11,105.9780,1,0.0000
0.1000,0.0860,1.464808e-10,4.458818e-11,106.2681,1,0.0000
0.1000,0.0880,1.464808e-10,4.510366e-11,106.5548,1,0.0000
0.1000,0.0900,1.464808e-10,4.561333e-11,106.8382,1,0.0000
0.1000,0.0920,1.464808e-10,4.611736e-11,107.1186,1,0.0000
0.1000,0.0940,1.464808e-10,4.661594e-11,107.3958,1,0.0000
0.1000,0.0960,1.464808e-10,4.710924e-11,107.6702,1,0.0000
0.1000,0.0980,1.464808e-10,4.759743e-11,107.9417,1,0.0000
0.1000,0.1000,1.464808e-10,4.808067e-11,108.2105,1,0.0000
0.1000,0.1020,1.464808e-10,4.855909e-11,108.4766,1,0.0000
0.1000,0.1040,1.464808e-10,4.903285e-11,108.7401,1,0.0000
0.1000,0.1060,1.464808e-10,4.950208e-11,109.0011,1,0.0000
0.1000,0.1080,1.464808e-10,4.996690e-11,109.2596,1,0.0000
0.1000,0.1100,1.464808e-10,5.042743e-11,109.5157,1,0.0000
0.1000,0.1120,1.464808e-10,5.088380e-11,109.7695,1,0.0000
0.1000,0.1140,1.464808e-10,5.133610e-11,110.0211,1,0.0000
0.1000,0.1160,1.464808e-10,5.178446e-11,110.2705,1,0.0000
0.1000,0.1180,1.464808e-10,5.222897e-11,110.5177,1,0.0000
0.1000,0.1200,1.464808e-10,5.266973e-11,110.7628,1,0.0000
0.1000,0.1220,1.464808e-10,5.310683e-11,111.0059,1,0.0000
0.1000,0.1240,1.464808e-10,5.354037e-11,111.2471,1,0.0000
0.1000,0.1260,1.464808e-10,5.397042e-11,111.4862,1,0.0000
0.1000,0.1280,1.464808e-10,5.439707e-11,111.7235,1,0.0000
0.1000,0.1300,1.464808e-10,5.482040e-11,111.9590,1,0.0000
0.1000,0.1320,1.464808e-10,5.524048e-11,112.1926,1,0.0000
0.1000,0.1340,1.464808e-10,5.565740e-11,112.4245,1,0.0000
0.1000,0.1360,1.464808e-10,5.607121e-11,112.6547,1,0.0000
0.1000,0.1380,1.464808e-10,5.648200e-11,112.8831,1,0.0000
0.1000,0.1400,1.464808e-10,5.688981e-11,113.1099,1,0.0000
0.1020,0.0000,1.479383e-10,0.000000e+00,82.2798,1,0.0000
0.1020,0.0020,1.479383e-10,6.799633e-12,86.0616,1,0.0000
0.1020,0.0040,1.479383e-10,9.616133e-12,87.6281,1,0.0000
0.1020,0.0060,1.479383e-10,1.177731e-11,88.8301,1,0.0000
0.1020,0.0080,1.479383e-10,1.359927e-11,89.8434,1,0.0000
0.1020,0.0100,1.479383e-10,1.520444e-11,90.7362,1,0.0000
0.1020,0.0120,1.479383e-10,1.665563e-11,91.5433,1,0.0000
0.1020,0.0140,1.479383e-10,1.799014e-11,92.2855,1,0.0000
0.1020,0.0160,1.479383e-10,1.923227e-11,92.9764,1,0.0000
0.1020,0.0180,1.479383e-10,2.039890e-11,93.6252,1,0.0000
0.1020,0.0200,1.479383e-10,2.150233e-11,94.2389,1,0.0000
0.1020,0.0220,1.479383e-10,2.255183e-11,94.8226,1,0.0000
0.1020,0.0240,1.479383e-10,2.355462e-11,95.3803,1,0.0000
0.1020,0.0260,1.479383e-10,2.451643e-11,95.9153,1,0.0000
0.1020,0.0280,1.479383e-10,2.544190e-11,96.4300,1,0.0000
0.1020,0.0300,1.479383e-10,2.633487e-11,96.9267,1,0.0000
0.1020,0.0320,1.479383e-10,2.719853e-11,97.4070,1,0.0000
0.1020,0.0340,1.479383e-10,2.803561e-11,97.8726,1,0.0000
0.1020,0.0360,1.479383e-10,2.884840e-11,98.3246,1,0.0000
0.1020,0.0380,1.479383e-10,2.963891e-11,98.7643,1,0.0000
0.1020,0.0400,1.479383e-10,3.040888e-11,99.1925,1,0.0000
0.1020,0.0420,1.479383e-10,3.115983e-11,99.6102,1,0.0000
0.1020,0.0440,1.479383e-10,3.189311e-11,100.0180,1,0.0000
0.1020,0.0460,1.479383e-10,3.260990e-11,100.4167,1,0.0000
0.1020,0.0480,1.479383e-10,3.331126e-11,100.8068,1,0.0000
0.1020,0.0500,1.479383e-10,3.399817e-11,101.1888,1,0.0000
0.1020,0.0520,1.479383e-10,3.467146e-11,101.5633,1,0.0000
0.1020,0.0540,1.479383e-10,3.533193e-11,101.9306,1,0.0000
0.1020,0.0560,1.479383e-10,3.598028e-11,102.2912,1,0.0000
0.1020,0.0580,1.479383e-10,3.661715e-11,102.6454,1,0.0000
0.1020,0.0600,1.479383e-10,3.724312e-11,102.9936,1,0.0000
0.1020,0.0620,1.479383e-10,3.785876e-11,103.3360,1,0.0000
0.1020,0.0640,1.479383e-10,3.846453e-11,103.6729,1,0.0000
0.1020,0.0660,1.479383e-10,3.906092e-11,104.0046,1,0.0000
0.1020,0.0680,1.479383e-10,3.964833e-11,104.3313,1,0.0000
0.1020,0.0700,1.479383e-10,4.022717e-11,104.6532,1,0.0000
0.1020,0.0720,1.479383e-10,4.079780e-11,104.9706,1,0.0000
0.1020,0.0740,1.479383e-10,4.136055e-11,105.2836,1,0.0000
0.1020,0.0760,1.479383e-10,4.191575e-11,105.5924,1,0.0000
0.1020,0.0780,1.479383e-10,4.246370e-11,105.8971,1,0.0000
0.1020,0.0800,1.479383e-10,4.300466e-11,106.1980,1,0.0000
0.1020,0.0820,1.479383e-10,4.353890e-11,106.4951,1,0.0000
0.1020,0.0840,1.479383e-10,4.406666e-11,106.7887,1,0.0000
0.1020,0.0860,1.479383e-10,4.458818e-11,107.0787,1,0.0000
0.1020,0.0880,1.479383e-10,4.510366e-11,107.3654,1,0.0000
0.1020,0.0900,1.479383e-10,4.561333e-11,107.6489,1,0.0000
0.1020,0.0920,1.479383e-10,4.611736e-11,107.9292,1,0.0000
0.1020,0.0940,1.479383e-10,4.661594e-11,108.2065,1,0.0000
0.1020,0.0960,1.479383e-10,4.710924e-11,108.4809,1,0.0000
0.1020,0.0980,1.479383e-10,4.759743e-11,108.7524,1,0.0000
0.1020,0.1000,1.479383e-10,4.808067e-11,109.0212,1,0.0000
0.1020,0.1020,1.479383e-10,4.855909e-11,109.2872,1,0.0000
0.1020,0.1040,1.479383e-10,4.903285e-11,109.5507,1,0.0000
0.1020,0.1060,1.479383e-10,4.950208e-11,109.8117,1,0.0000
0.1020,0.1080,1.479383e-10,4.996690e-11,110.0702,1,0.0000
0.1020,0.1100,1.479383e-10,5.042743e-11,110.3264,1,0.0000
0.1020,0.1120,1.479383e-10,5.088380e-11,110.5802,1,0.0000
0.1020,0.1140,1.479383e-10,5.133610e-11,110.8318,1,0.0000
0.1020,0.1160,1.479383e-10,5.178446e-11,111.0811,1,0.0000
0.1020,0.1180,1.479383e-10,5.222897e-11,111.3283,1,0.0000
0.1020,0.1200,1.479383e-10,5.266973e-11,111.5735,1,0.0000
0.1020,0.1220,1.479383e-10,5.310683e-11,111.8166,1,0.0000
0.1020,0.1240,1.479383e-10,5.354037e-11,112.0577,1,0.0000
0.1020,0.1260,1.479383e-10,5.397042e-11,112.2969,1,0.0000
0.1020,0.1280,1.479383e-10,5.439707e-11,112.5342,1,0.0000
0.1020,0.1300,1.479383e-10,5.482040e-11,112.7696,1,0.0000
0.1020,0.1320,1.479383e-10,5.524048e-11,113.0033,1,0.0000
0.1020,0.1340,1.479383e-10,5.565740e-11,113.2352,1,0.0000
0.1020,0.1360,1.479383e-10,5.607121e-11,113.4653,1,0.0000
0.1020,0.1380,1.479383e-10,5.648200e-11,113.6938,1,0.0000
0.1020,0.1400,1.479383e-10,5.688981e-11,113.9206,1,0.0000
0.1040,0.0000,1.493817e-10,0.000000e+00,83.0826,1,0.0000
0.1040,0.0020,1.493817e-10,6.799633e-12,86.8644,1,0.0000
0.1040,0.0040,1.493817e-10,9.616133e-12,88.4308,1,0.0000
0.1040,0.0060,1.493817e-10,1.177731e-11,89.6328,1,0.0000
0.1040,0.0080,1.493817e-10,1.359927e-11,90.6462,1,0.0000
0.1040,0.0100,1.493817e-10,1.520444e-11,91.5389,1,0.0000
0.1040,0.0120,1.493817e-10,1.665563e-11,92.3460,1,0.0000
0.1040,0.0140,1.493817e-10,1.799014e-11,93.0883,1,0.0000
0.1040,0.0160,1.493817e-10,1.923227e-11,93.7791,1,0.0000
0.1040,0.0180,1.493817e-10,2.039890e-11,94.4280,1,0.0000
0.1040,0.0200,1.493817e-10,2.150233e-11,95.0417,1,0.0000
0.1040,0.0220,1.493817e-10,2.255183e-11,95.6254,1,0.0000
0.1040,0.0240,1.493817e-10,2.355462e-11,96.1831,1,0.0000
0.1040,0.0260,1.493817e-10,2.451643e-11,96.7180,1,0.0000
0.1040,0.0280,1.493817e-10,2.544190e-11,97.2328,1,0.0000
0.1040,0.0300,1.493817e-10,2.633487e-11,97.7294,1,0.0000
0.1040,0.0320,1.493817e-10,2.719853e-11,98.2098,1,0.0000
0.1040,0.0340,1.493817e-10,2.803561e-11,98.6753,1,0.0000
0.1040,0.0360,1.493817e-10,2.884840e-11,99.1274,1,0.0000
0.1040,0.0380,1.493817e-10,2.963891e-11,99.5670,1,0.0000
0.1040,0.0400,1.493817e-10,3.040888e-11,99.9953,1,0.0000
0.1040,0.0420,1.493817e-10,3.115983e-11,100.4129,1,0.0000
0.1040,0.0440,1.493817e-10,3.189311e-11,100.8208,1,0.0000
0.1040,0.0460,1.493817e-10,3.260990e-11,101.2194,1,0.0000
0.1040,0.0480,1.493817e-10,3.331126e-11,101.6095,1,0.0000
0.1040,0.0500,1.493817e-10,3.399817e-11,101.9915,1,0.0000
0.1040,0.0520,1.493817e-10,3.467146e-11,102.3660,1,0.0000
0.1040,0.0540,1.493817e-10,3.533193e-11,102.7334,1,0.0000
0.1040,0.0560,1.493817e-10,3.598028e-11,103.0940,1,0.0000
0.1040,0.0580,1.493817e-10,3.661715e-11,103.4482,1,0.0000
0.1040,0.0600,1.493817e-10,3.724312e-11,103.7963,1,0.0000
0.1040,0.0620,1.493817e-10,3.785876e-11,104.1387,1,0.0000
0.1040,0.0640,1.493817e-10,3.846453e-11,104.4756,1,0.0000
0.1040,0.0660,1.493817e-10,3.906092e-11,104.8073,1,0.0000
0.1040,0.0680,1.493817e-10,3.964833e-11,105.1340,1,0.0000
0.1040,0.0700,1.493817e-10,4.022717e-11,105.4560,1,0.0000
0.1040,0.0720,1.493817e-10,4.079780e-11,105.7733,1,0.0000
0.1040,0.0740,1.493817e-10,4.136055e-11,106.0863,1,0.0000
0.1040,0.0760,1.493817e-10,4.191575e-11,106.3951,1,0.0000
0.1040,0.0780,1.493817e-10,4.246370e-11,106.6999,1,0.0000
0.1040,0.0800,1.493817e-10,4.300466e-11,107.0007,1,0.0000
0.1040,0.0820,1.493817e-10,4.353890e-11,107.2979,1,0.0000
0.1040,0.0840,1.493817e-10,4.406666e-11,107.5914,1,0.0000
0.1040,0.0860,1.493817e-10,4.458818e-11,107.8815,1,0.0000
0.1040,0.0880,1.493817e-10,4.510366e-11,108.1682,1,0.0000
0.1040,0.0900,1.493817e-10,4.561333e-11,108.4516,1,0.0000
0.1040,0.0920,1.493817e-10,4.611736e-11,108.7320,1,0.0000
0.1040,0.0940,1.493817e-10,4.661594e-11,109.0093,1,0.0000
0.1040,0.0960,1.493817e-10,4.710924e-11,109.2836,1,0.0000
0.1040,0.0980,1.493817e-10,4.759743e-11,109.5551,1,0.0000
0.1040,0.1000,1.493817e-10,4.808067e-11,109.8239,1,0.0000
0.1040,0.1020,1.493817e-10,4.855909e-11,110.0900,1,0.0000
0.1040,0.1040,1.493817e-10,4.903285e-11,110.3535,1,0.0000
0.1040,0.1060,1.493817e-10,4.950208e-11,110.6145,1,0.0000
0.1040,0.1080,1.493817e-10,4.996690e-11,110.8730,1,0.0000
0.1040,0.1100,1.493817e-10,5.042743e-11,111.1291,1,0.0000
0.1040,0.1120,1.493817e-10,5.088380e-11,111.3829,1,0.0000
0.1040,0.1140,1.493817e-10,5.133610e-11,111.6345,1,0.0000
0.1040,0.1160,1.493817e-10,5.178446e-11,111.8839,1,0.0000
0.1040,0.1180,1.493817e-10,5.222897e-11,112.1311,1,0.0000
0.1040,0.1200,1.493817e-10,5.266973e-11,112.3762,1,0.0000
0.1040,0.1220,1.493817e-10,5.310683e-11,112.6193,1,0.0000
0.1040,0.1240,1.493817e-10,5.354037e-11,112.8605,1,0.0000
0.1040,0.1260,1.493817e-10,5.397042e-11,113.0996,1,0.0000
0.1040,0.1280,1.493817e-10,5.439707e-11,113.3369,1,0.0000
0.1040,0.1300,1.493817e-10,5.482040e-11,113.5724,1,0.0000
0.1040,0.1320,1.493817e-10,5.524048e-11,113.8060,1,0.0000
0.1040,0.1340,1.493817e-10,5.565740e-11,114.0379,1,0.0000
0.1040,0.1360,1.493817e-10,5.607121e-11,114.2681,1,0.0000
0.1040,0.1380,1.493817e-10,5.648200e-11,114.4965,1,0.0000
0.1040,0.1400,1.493817e-10,5.688981e-11,114.7233,1,0.0000
0.1060,0.0000,1.508112e-10,0.000000e+00,83.8776,1,0.0000
0.1060,0.0020,1.508112e-10,6.799633e-12,87.6594,1,0.0000
0.1060,0.0040,1.508112e-10,9.616133e-12,89.2259,1,0.0000
0.1060,0.0060,1.508112e-10,1.177731e-11,90.4279,1,0.0000
0.1060,0.0080,1.508112e-10,1.359927e-11,91.4412,1,0.0000
0.1060,0.0100,1.508112e-10,1.520444e-11,92.3340,1,0.0000
0.1060,0.0120,1.508112e-10,1.665563e-11,93.1411,1,0.0000
0.1060,0.0140,1.508112e-10,1.799014e-11,93.8833,1,0.0000
0.1060,0.0160,1.508112e-10,1.923227e-11,94.5742,1,0.0000
0.1060,0.0180,1.508112e-10,2.039890e-11,95.2230,1,0.0000
0.1060,0.0200,1.508112e-10,2.150233e-11,95.8367,1,0.0000
0.1060,0.0220,1.508112e-10,2.255183e-11,96.4204,1,0.0000
0.1060,0.0240,1.508112e-10,2.355462e-11,96.9782,1,0.0000
0.1060,0.0260,1.508112e-10,2.451643e-11,97.5131,1,0.0000
0.1060,0.0280,1.508112e-10,2.544190e-11,98.0278,1,0.0000
0.1060,0.0300,1.508112e-10,2.633487e-11,98.5245,1,0.0000
0.1060,0.0320,1.508112e-10,2.719853e-11,99.0048,1,0.0000
0.1060,0.0340,1.508112e-10,2.803561e-11,99.4704,1,0.0000
0.1060,0.0360,1.508112e-10,2.884840e-11,99.9224,1,0.0000
0.1060,0.0380,1.508112e-10,2.963891e-11,100.3621,1,0.0000
0.1060,0.0400,1.508112e-10,3.040888e-11,100.7903,1,0.0000
0.1060,0.0420,1.508112e-10,3.115983e-11,101.2080,1,0.0000
0.1060,0.0440,1.508112e-10,3.189311e-11,101.6158,1,0.0000
0.1060,0.0460,1.508112e-10,3.260990e-11,102.0145,1,0.0000
0.1060,0.0480,1.508112e-10,3.331126e-11,102.4046,1,0.0000
0.1060,0.0500,1.508112e-10,3.399817e-11,102.7866,1,0.0000
0.1060,0.0520,1.508112e-10,3.467146e-11,103.1611,1,0.0000
0.1060,0.0540,1.508112e-10,3.533193e-11,103.5284,1,0.0000
0.1060,0.0560,1.508112e-10,3.598028e-11,103.8890,1,0.0000
0.1060,0.0580,1.508112e-10,3.661715e-11,104.2432,1,0.0000
0.1060,0.0600,1.508112e-10,3.724312e-11,104.5914,1,0.0000
0.1060,0.0620,1.508112e-10,3.785876e-11,104.9338,1,0.0000
0.1060,0.0640,1.508112e-10,3.846453e-11,105.2707,1,0.0000
0.1060,0.0660,1.508112e-10,3.906092e-11,105.6024,1,0.0000
0.1060,0.0680,1.508112e-10,3.964833e-11,105.9291,1,0.0000
0.1060,0.0700,1.508112e-10,4.022717e-11,106.2510,1,0.0000
0.1060,0.0720,1.508112e-10,4.079780e-11,106.5684,1,0.0000
0.1060,0.0740,1.508112e-10,4.136055e-11,106.8814,1,0.0000
0.1060,0.0760,1.508112e-10,4.191575e-11,107.1902,1,0.0000
0.1060,0.0780,1.508112e-10,4.246370e-11,107.4949,1,0.0000
0.1060,0.0800,1.508112e-10,4.300466e-11,107.7958,1,0.0000
0.1060,0.0820,1.508112e-10,4.353890e-11,108.0929,1,0.0000
0.1060,0.0840,1.508112e-10,4.406666e-11,108.3865,1,0.0000
0.1060,0.0860,1.508112e-10,4.458818e-11,108.6765,1,0.0000
0.1060,0.0880,1.508112e-10,4.510366e-11,108.9632,1,0.0000
0.1060,0.0900,1.508112e-10,4.561333e-11,109.2467,1,0.0000
0.1060,0.0920,1.508112e-10,4.611736e-11,109.5270,1,0.0000
0.1060,0.0940,1.508112e-10,4.661594e-11,109.8043,1,0.0000
0.1060,0.0960,1.508112e-10,4.710924e-11,110.0787,1,0.0000
0.1060,0.0980,1.508112e-10,4.759743e-11,110.3502,1,0.0000
0.1060,0.1000,1.508112e-10,4.808067e-11,110.6190,1,0.0000
0.1060,0.1020,1.508112e-10,4.855909e-11,110.8851,1,0.0000
0.1060,0.1040,1.508112e-10,4.903285e-11,111.1486,1,0.0000
0.1060,0.1060,1.508112e-10,4.950208e-11,111.4095,1,0.0000
0.1060,0.1080,1.508112e-10,4.996690e-11,111.6680,1,0.0000
0.1060,0.1100,1.508112e-10,5.042743e-11,111.9242,1,0.0000
0.1060,0.1120,1.508112e-10,5.088380e-11,112.1780,1,0.0000
0.1060,0.1140,1.508112e-10,5.133610e-11,112.4296,1,0.0000
0.1060,0.1160,1.508112e-10,5.178446e-11,112.6789,1,0.0000
0.1060,0.1180,1.508112e-10,5.222897e-11,112.9262,1,0.0000
0.1060,0.1200,1.508112e-10,5.266973e-11,113.1713,1,0.0000
0.1060,0.1220,1.508112e-10,5.310683e-11,113.4144,1,0.0000
0.1060,0.1240,1.508112e-10,5.354037e-11,113.6555,1,0.0000
0.1060,0.1260,1.508112e-10,5.397042e-11,113.8947,1,0.0000
0.1060,0.1280,1.508112e-10,5.439707e-11,114.1320,1,0.0000
0.1060,0.1300,1.508112e-10,5.482040e-11,114.3675,1,0.0000
0.1060,0.1320,1.508112e-10,5.524048e-11,114.6011,1,0.0000
0.1060,0.1340,1.508112e-10,5.565740e-11,114.8330,1,0.0000
0.1060,0.1360,1.508112e-10,5.607121e-11,115.0631,1,0.0000
0.1060,0.1380,1.508112e-10,5.648200e-11,115.2916,1,0.0000
0.1060,0.1400,1.508112e-10,5.688981e-11,115.5184,1,0.0000
0.1080,0.0000,1.522273e-10,0.000000e+00,84.6652,1,0.0000
0.1080,0.0020,1.522273e-10,6.799633e-12,88.4470,1,0.0000
0.1080,0.0040,1.522273e-10,9.616133e-12,90.0135,1,0.0000
0.1080,0.0060,1.522273e-10,1.177731e-11,91.2155,1,0.0000
0.1080,0.0080,1.522273e-10,1.359927e-11,92.2288,1,0.0000
0.1080,0.0100,1.522273e-10,1.520444e-11,93.1216,1,0.0000
0.1080,0.0120,1.522273e-10,1.665563e-11,93.9287,1,0.0000
0.1080,0.0140,1.522273e-10,1.799014e-11,94.6709,1,0.0000
0.1080,0.0160,1.522273e-10,1.923227e-11,95.3618,1,0.0000
0.1080,0.0180,1.522273e-10,2.039890e-11,96.0106,1,0.0000
0.1080,0.0200,1.522273e-10,2.150233e-11,96.6243,1,0.0000
0.1080,0.0220,1.522273e-10,2.255183e-11,97.2080,1,0.0000
0.1080,0.0240,1.522273e-10,2.355462e-11,97.7658,1,0.0000
0.1080,0.0260,1.522273e-10,2.451643e-11,98.3007,1,0.0000
0.1080,0.0280,1.522273e-10,2.544190e-11,98.8154,1,0.0000
0.1080,0.0300,1.522273e-10,2.633487e-11,99.3121,1,0.0000
0.1080,0.0320,1.522273e-10,2.719853e-11,99.7924,1,0.0000
0.1080,0.0340,1.522273e-10,2.803561e-11,100.2580,1,0.0000
0.1080,0.0360,1.522273e-10,2.884840e-11,100.7100,1,0.0000
0.1080,0.0380,1.522273e-10,2.963891e-11,101.1497,1,0.0000
0.1080,0.0400,1.522273e-10,3.040888e-11,101.5779,1,0.0000
0.1080,0.0420,1.522273e-10,3.115983e-11,101.9956,1,0.0000
0.1080,0.0440,1.522273e-10,3.189311e-11,102.4034,1,0.0000
0.1080,0.0460,1.522273e-10,3.260990e-11,102.8021,1,0.0000
0.1080,0.0480,1.522273e-10,3.331126e-11,103.1922,1,0.0000
0.1080,0.0500,1.522273e-10,3.399817e-11,103.5742,1,0.0000
0.1080,0.0520,1.522273e-10,3.467146e-11,103.9487,1,0.0000
0.1080,0.0540,1.522273e-10,3.533193e-11,104.3160,1,0.0000
0.1080,0.0560,1.522273e-10,3.598028e-11,104.6766,1,0.0000
0.1080,0.0580,1.522273e-10,3.661715e-11,105.0308,1,0.0000
0.1080,0.0600,1.522273e-10,3.724312e-11,105.3790,1,0.0000
0.1080,0.0620,1.522273e-10,3.785876e-11,105.7214,1,0.0000
0.1080,0.0640,1.522273e-10,3.846453e-11,106.0583,1,0.0000
0.1080,0.0660,1.522273e-10,3.906092e-11,106.3900,1,0.0000
0.1080,0.0680,1.522273e-10,3.964833e-11,106.7167,1,0.0000
0.1080,0.0700,1.522273e-10,4.022717e-11,107.0386,1,0.0000
0.1080,0.0720,1.522273e-10,4.079780e-11,107.3560,1,0.0000
0.1080,0.0740,1.522273e-10,4.136055e-11,107.6690,1,0.0000
0.1080,0.0760,1.522273e-10,4.191575e-11,107.9778,1,0.0000
0.1080,0.0780,1.522273e-10,4.246370e-11,108.2825,1,0.0000
0.1080,0.0800,1.522273e-10,4.300466e-11,108.5834,1,0.0000
0.1080,0.0820,1.522273e-10,4.353890e-11,108.8805,1,0.0000
0.1080,0.0840,1.522273e-10,4.406666e-11,109.1741,1,0.0000
0.1080,0.0860,1.522273e-10,4.458818e-11,109.4641,1,0.0000
0.1080,0.0880,1.522273e-10,4.510366e-11,109.7508,1,0.0000
0.1080,0.0900,1.522273e-10,4.561333e-11,110.0343,1,0.0000
0.1080,0.0920,1.522273e-10,4.611736e-11,110.3146,1,0.0000
0.1080,0.0940,1.522273e-10,4.661594e-11,110.5919,1,0.0000
0.1080,0.0960,1.522273e-10,4.710924e-11,110.8663,1,0.0000
0.1080,0.0980,1.522273e-10,4.759743e-11,111.1378,1,0.0000
0.1080,0.1000,1.522273e-10,4.808067e-11,111.4066,1,0.0000
0.1080,0.1020,1.522273e-10,4.855909e-11,111.6727,1,0.0000
0.1080,0.1040,1.522273e-10,4.903285e-11,111.9362,1,0.0000
0.1080,0.1060,1.522273e-10,4.950208e-11,112.1971,1,0.0000
0.1080,0.1080,1.522273e-10,4.996690e-11,112.4556,1,0.0000
0.1080,0.1100,1.522273e-10,5.042743e-11,112.7118,1,0.0000
0.1080,0.1120,1.522273e-10,5.088380e-11,112.9656,1,0.0000
0.1080,0.1140,1.522273e-10,5.133610e-11,113.2172,1,0.0000
0.1080,0.1160,1.522273e-10,5.178446e-11,113.4665,1,0.0000
0.1080,0.1180,1.522273e-10,5.222897e-11,113.7138,1,0.0000
0.1080,0.1200,1.522273e-10,5.266973e-11,113.9589,1,0.0000
0.1080,0.1220,1.522273e-10,5.310683e-11,114.2020,1,0.0000
0.1080,0.1240,1.522273e-10,5.354037e-11,114.4431,1,0.0000
0.1080,0.1260,1.522273e-10,5.397042e-11,114.6823,1,0.0000
0.1080,0.1280,1.522273e-10,5.439707e-11,114.9196,1,0.0000
0.1080,0.1300,1.522273e-10,5.482040e-11,115.1551,1,0.0000
0.1080,0.1320,1.522273e-10,5.524048e-11,115.3887,1,0.0000
0.1080,0.1340,1.522273e-10,5.565740e-11,115.6206,1,0.0000
0.1080,0.1360,1.522273e-10,5.607121e-11,115.8507,1,0.0000
0.1080,0.1380,1.522273e-10,5.648200e-11,116.0792,1,0.0000
0.1080,0.1400,1.522273e-10,5.688981e-11,116.3060,1,0.0000
0.1100,0.0000,1.536303e-10,0.000000e+00,85.4456,1,0.0000
0.1100,0.0020,1.536303e-10,6.799633e-12,89.2274,1,0.0000
0.1100,0.0040,1.536303e-10,9.616133e-12,90.7938,1,0.0000
0.1100,0.0060,1.536303e-10,1.177731e-11,91.9958,1,0.0000
0.1100,0.0080,1.536303e-10,1.359927e-11,93.0092,1,0.0000
0.1100,0.0100,1.536303e-10,1.520444e-11,93.9019,1,0.0000
0.1100,0.0120,1.536303e-10,1.665563e-11,94.7090,1,0.0000
0.1100,0.0140,1.536303e-10,1.799014e-11,95.4513,1,0.0000
0.1100,0.0160,1.536303e-10,1.923227e-11,96.1421,1,0.0000
0.1100,0.0180,1.536303e-10,2.039890e-11,96.7910,1,0.0000
0.1100,0.0200,1.536303e-10,2.150233e-11,97.4047,1,0.0000
0.1100,0.0220,1.536303e-10,2.255183e-11,97.9884,1,0.0000
0.1100,0.0240,1.536303e-10,2.355462e-11,98.5461,1,0.0000
0.1100,0.0260,1.536303e-10,2.451643e-11,99.0810,1,0.0000
0.1100,0.0280,1.536303e-10,2.544190e-11,99.5958,1,0.0000
0.1100,0.0300,1.536303e-10,2.633487e-11,100.0924,1,0.0000
0.1100,0.0320,1.536303e-10,2.719853e-11,100.5728,1,0.0000
0.1100,0.0340,1.536303e-10,2.803561e-11,101.0383,1,0.0000
0.1100,0.0360,1.536303e-10,2.884840e-11,101.4904,1,0.0000
0.1100,0.0380,1.536303e-10,2.963891e-11,101.9300,1,0.0000
0.1100,0.0400,1.536303e-10,3.040888e-11,102.3583,1,0.0000
0.1100,0.0420,1.536303e-10,3.115983e-11,102.7759,1,0.0000
0.1100,0.0440,1.536303e-10,3.189311e-11,103.1838,1,0.0000
0.1100,0.0460,1.536303e-10,3.260990e-11,103.5824,1,0.0000
0.1100,0.0480,1.536303e-10,3.331126e-11,103.9725,1,0.0000
0.1100,0.0500,1.536303e-10,3.399817e-11,104.3546,1,0.0000
0.1100,0.0520,1.536303e-10,3.467146e-11,104.7290,1,0.0000
0.1100,0.0540,1.536303e-10,3.533193e-11,105.0964,1,0.0000
0.1100,0.0560,1.536303e-10,3.598028e-11,105.4570,1,0.0000
0.1100,0.0580,1.536303e-10,3.661715e-11,105.8112,1,0.0000
0.1100,0.0600,1.536303e-10,3.724312e-11,106.1593,1,0.0000
0.1100,0.0620,1.536303e-10,3.785876e-11,106.5017,1,0.0000
0.1100,0.0640,1.536303e-10,3.846453e-11,106.8386,1,0.0000
0.1100,0.0660,1.536303e-10,3.906092e-11,107.1703,1,0.0000
0.1100,0.0680,1.536303e-10,3.964833e-11,107.4970,1,0.0000
0.1100,0.0700,1.536303e-10,4.022717e-11,107.8190,1,0.0000
0.1100,0.0720,1.536303e-10,4.079780e-11,108.1364,1,0.0000
0.1100,0.0740,1.536303e-10,4.136055e-11,108.4493,1,0.0000
0.1100,0.0760,1.536303e-10,4.191575e-11,108.7581,1,0.0000
0.1100,0.0780,1.536303e-10,4.246370e-11,109.0629,1,0.0000
0.1100,0.0800,1.536303e-10,4.300466e-11,109.3638,1,0.0000
0.1100,0.0820,1.536303e-10,4.353890e-11,109.6609,1,0.0000
0.1100,0.0840,1.536303e-10,4.406666e-11,109.9544,1,0.0000
0.1100,0.0860,1.536303e-10,4.458818e-11,110.2445,1,0.0000
0.1100,0.0880,1.536303e-10,4.510366e-11,110.5312,1,0.0000
0.1100,0.0900,1.536303e-10,4.561333e-11,110.8146,1,0.0000
0.1100,0.0920,1.536303e-10,4.611736e-11,111.0950,1,0.0000
0.1100,0.0940,1.536303e-10,4.661594e-11,111.3723,1,0.0000
0.1100,0.0960,1.536303e-10,4.710924e-11,111.6466,1,0.0000
0.1100,0.0980,1.536303e-10,4.759743e-11,111.9181,1,0.0000
0.1100,0.1000,1.536303e-10,4.808067e-11,112.1869,1,0.0000
0.1100,0.1020,1.536303e-10,4.855909e-11,112.4530,1,0.0000
0.1100,0.1040,1.536303e-10,4.903285e-11,112.7165,1,0.0000
0.1100,0.1060,1.536303e-10,4.950208e-11,112.9775,1,0.0000
0.1100,0.1080,1.536303e-10,4.996690e-11,113.2360,1,0.0000
0.1100,0.1100,1.536303e-10,5.042743e-11,113.4921,1,0.0000
0.1100,0.1120,1.536303e-10,5.088380e-11,113.7459,1,0.0000
0.1100,0.1140,1.536303e-10,5.133610e-11,113.9975,1,0.0000
0.1100,0.1160,1.536303e-10,5.178446e-11,114.2469,1,0.0000
0.1100,0.1180,1.536303e-10,5.222897e-11,114.4941,1,0.0000
0.1100,0.1200,1.536303e-10,5.266973e-11,114.7392,1,0.0000
0.1100,0.1220,1.536303e-10,5.310683e-11,114.9823,1,0.0000
0.1100,0.1240,1.536303e-10,5.354037e-11,115.2235,1,0.0000
0.1100,0.1260,1.536303e-10,5.397042e-11,115.4627,1,0.0000
0.1100,0.1280,1.536303e-10,5.439707e-11,115.6999,1,0.0000
0.1100,0.1300,1.536303e-10,5.482040e-11,115.9354,1,0.0000
0.1100,0.1320,1.536303e-10,5.524048e-11,116.1690,1,0.0000
0.1100,0.1340,1.536303e-10,5.565740e-11,116.4009,1,0.0000
0.1100,0.1360,1.536303e-10,5.607121e-11,116.6311,1,0.0000
0.1100,0.1380,1.536303e-10,5.648200e-11,116.8595,1,0.0000
0.1100,0.1400,1.536303e-10,5.688981e-11,117.0864,1,0.0000
0.1120,0.0000,1.550207e-10,0.000000e+00,86.2189,1,0.0000
0.1120,0.0020,1.550207e-10,6.799633e-12,90.0007,1,0.0000
0.1120,0.0040,1.550207e-10,9.616133e-12,91.5671,1,0.0000
0.1120,0.0060,1.550207e-10,1.177731e-11,92.7691,1,0.0000
0.1120,0.0080,1.550207e-10,1.359927e-11,93.7824,1,0.0000
0.1120,0.0100,1.550207e-10,1.520444e-11,94.6752,1,0.0000
0.1120,0.0120,1.550207e-10,1.665563e-11,95.4823,1,0.0000
0.1120,0.0140,1.550207e-10,1.799014e-11,96.2245,1,0.0000
0.1120,0.0160,1.550207e-10,1.923227e-11,96.9154,1,0.0000
0.1120,0.0180,1.550207e-10,2.039890e-11,97.5642,1,0.0000
0.1120,0.0200,1.550207e-10,2.150233e-11,98.1779,1,0.0000
0.1120,0.0220,1.550207e-10,2.255183e-11,98.7617,1,0.0000
0.1120,0.0240,1.550207e-10,2.355462e-11,99.3194,1,0.0000
0.1120,0.0260,1.550207e-10,2.451643e-11,99.8543,1,0.0000
0.1120,0.0280,1.550207e-10,2.544190e-11,100.3690,1,0.0000
0.1120,0.0300,1.550207e-10,2.633487e-11,100.8657,1,0.0000
0.1120,0.0320,1.550207e-10,2.719853e-11,101.3460,1,0.0000
0.1120,0.0340,1.550207e-10,2.803561e-11,101.8116,1,0.0000
0.1120,0.0360,1.550207e-10,2.884840e-11,102.2637,1,0.0000
0.1120,0.0380,1.550207e-10,2.963891e-11,102.7033,1,0.0000
0.1120,0.0400,1.550207e-10,3.040888e-11,103.1316,1,0.0000
0.1120,0.0420,1.550207e-10,3.115983e-11,103.5492,1,0.0000
0.1120,0.0440,1.550207e-10,3.189311e-11,103.9571,1,0.0000
0.1120,0.0460,1.550207e-10,3.260990e-11,104.3557,1,0.0000
0.1120,0.0480,1.550207e-10,3.331126e-11,104.7458,1,0.0000
0.1120,0.0500,1.550207e-10,3.399817e-11,105.1278,1,0.0000
0.1120,0.0520,1.550207e-10,3.467146e-11,105.5023,1,0.0000
0.1120,0.0540,1.550207e-10,3.533193e-11,105.8696,1,0.0000
0.1120,0.0560,1.550207e-10,3.598028e-11,106.2302,1,0.0000
0.1120,0.0580,1.550207e-10,3.661715e-11,106.5845,1,0.0000
0.1120,0.0600,1.550207e-10,3.724312e-11,106.9326,1,0.0000
0.1120,0.0620,1.550207e-10,3.785876e-11,107.2750,1,0.0000
0.1120,0.0640,1.550207e-10,3.846453e-11,107.6119,1,0.0000
0.1120,0.0660,1.550207e-10,3.906092e-11,107.9436,1,0.0000
0.1120,0.0680,1.550207e-10,3.964833e-11,108.2703,1,0.0000
0.1120,0.0700,1.550207e-10,4.022717e-11,108.5923,1,0.0000
0.1120,0.0720,1.550207e-10,4.079780e-11,108.9096,1,0.0000
0.1120,0.0740,1.550207e-10,4.136055e-11,109.2226,1,0.0000
0.1120,0.0760,1.550207e-10,4.191575e-11,109.5314,1,0.0000
0.1120,0.0780,1.550207e-10,4.246370e-11,109.8362,1,0.0000
0.1120,0.0800,1.550207e-10,4.300466e-11,110.1370,1,0.0000
0.1120,0.0820,1.550207e-10,4.353890e-11,110.4342,1,0.0000
0.1120,0.0840,1.550207e-10,4.406666e-11,110.7277,1,0.0000
0.1120,0.0860,1.550207e-10,4.458818e-11,111.0178,1,0.0000
0.1120,0.0880,1.550207e-10,4.510366e-11,111.3045,1,0.0000
0.1120,0.0900,1.550207e-10,4.561333e-11,111.5879,1,0.0000
0.1120,0.0920,1.550207e-10,4.611736e-11,111.8682,1,0.0000
0.1120,0.0940,1.550207e-10,4.661594e-11,112.1455,1,0.0000
0.1120,0.0960,1.550207e-10,4.710924e-11,112.4199,1,0.0000
0.1120,0.0980,1.550207e-10,4.759743e-11,112.6914,1,0.0000
0.1120,0.1000,1.550207e-10,4.808067e-11,112.9602,1,0.0000
0.1120,0.1020,1.550207e-10,4.855909e-11,113.2263,1,0.0000
0.1120,0.1040,1.550207e-10,4.903285e-11,113.4898,1,0.0000
0.1120,0.1060,1.550207e-10,4.950208e-11,113.7507,1,0.0000
0.1120,0.1080,1.550207e-10,4.996690e-11,114.0093,1,0.0000
0.1120,0.1100,1.550207e-10,5.042743e-11,114.2654,1,0.0000
0.1120,0.1120,1.550207e-10,5.088380e-11,114.5192,1,0.0000
0.1120,0.1140,1.550207e-10,5.133610e-11,114.7708,1,0.0000
0.1120,0.1160,1.550207e-10,5.178446e-11,115.0202,1,0.0000
0.1120,0.1180,1.550207e-10,5.222897e-11,115.2674,1,0.0000
0.1120,0.1200,1.550207e-10,5.266973e-11,115.5125,1,0.0000
0.1120,0.1220,1.550207e-10,5.310683e-11,115.7556,1,0.0000
0.1120,0.1240,1.550207e-10,5.354037e-11,115.9967,1,0.0000
0.1120,0.1260,1.550207e-10,5.397042e-11,116.2359,1,0.0000
0.1120,0.1280,1.550207e-10,5.439707e-11,116.4732,1,0.0000
0.1120,0.1300,1.550207e-10,5.482040e-11,116.7087,1,0.0000
0.1120,0.1320,1.550207e-10,5.524048e-11,116.9423,1,0.0000
0.1120,0.1340,1.550207e-10,5.565740e-11,117.1742,1,0.0000
0.1120,0.1360,1.550207e-10,5.607121e-11,117.4043,1,0.0000
0.1120,0.1380,1.550207e-10,5.648200e-11,117.6328,1,0.0000
0.1120,0.1400,1.550207e-10,5.688981e-11,117.8596,1,0.0000
0.1140,0.0000,1.563987e-10,0.000000e+00,86.9853,1,0.0000
0.1140,0.0020,1.563987e-10,6.799633e-12,90.7671,1,0.0000
0.1140,0.0040,1.563987e-10,9.616133e-12,92.3335,1,0.0000
0.1140,0.0060,1.563987e-10,1.177731e-11,93.5355,1,0.0000
0.1140,0.0080,1.563987e-10,1.359927e-11,94.5489,1,0.0000
0.1140,0.0100,1.563987e-10,1.520444e-11,95.4416,1,0.0000
0.1140,0.0120,1.563987e-10,1.665563e-11,96.2487,1,0.0000
0.1140,0.0140,1.563987e-10,1.799014e-11,96.9910,1,0.0000
0.1140,0.0160,1.563987e-10,1.923227e-11,97.6818,1,0.0000
0.1140,0.0180,1.563987e-10,2.039890e-11,98.3306,1,0.0000
0.1140,0.0200,1.563987e-10,2.150233e-11,98.9443,1,0.0000
0.1140,0.0220,1.563987e-10,2.255183e-11,99.5281,1,0.0000
0.1140,0.0240,1.563987e-10,2.355462e-11,100.0858,1,0.0000
0.1140,0.0260,1.563987e-10,2.451643e-11,100.6207,1,0.0000
0.1140,0.0280,1.563987e-10,2.544190e-11,101.1354,1,0.0000
0.1140,0.0300,1.563987e-10,2.633487e-11,101.6321,1,0.0000
0.1140,0.0320,1.563987e-10,2.719853e-11,102.1124,1,0.0000
0.1140,0.0340,1.563987e-10,2.803561e-11,102.5780,1,0.0000
0.1140,0.0360,1.563987e-10,2.884840e-11,103.0301,1,0.0000
0.1140,0.0380,1.563987e-10,2.963891e-11,103.4697,1,0.0000
0.1140,0.0400,1.563987e-10,3.040888e-11,103.8980,1,0.0000
0.1140,0.0420,1.563987e-10,3.115983e-11,104.3156,1,0.0000
0.1140,0.0440,1.563987e-10,3.189311e-11,104.7235,1,0.0000
0.1140,0.0460,1.563987e-10,3.260990e-11,105.1221,1,0.0000
0.1140,0.0480,1.563987e-10,3.331126e-11,105.5122,1,0.0000
0.1140,0.0500,1.563987e-10,3.399817e-11,105.8942,1,0.0000
0.1140,0.0520,1.563987e-10,3.467146e-11,106.2687,1,0.0000
0.1140,0.0540,1.563987e-10,3.533193e-11,106.6360,1,0.0000
0.1140,0.0560,1.563987e-10,3.598028e-11,106.9966,1,0.0000
0.1140,0.0580,1.563987e-10,3.661715e-11,107.3509,1,0.0000
0.1140,0.0600,1.563987e-10,3.724312e-11,107.6990,1,0.0000
0.1140,0.0620,1.563987e-10,3.785876e-11,108.0414,1,0.0000
0.1140,0.0640,1.563987e-10,3.846453e-11,108.3783,1,0.0000
0.1140,0.0660,1.563987e-10,3.906092e-11,108.7100,1,0.0000
0.1140,0.0680,1.563987e-10,3.964833e-11,109.0367,1,0.0000
0.1140,0.0700,1.563987e-10,4.022717e-11,109.3587,1,0.0000
0.1140,0.0720,1.563987e-10,4.079780e-11,109.6760,1,0.0000
0.1140,0.0740,1.563987e-10,4.136055e-11,109.9890,1,0.0000
0.1140,0.0760,1.563987e-10,4.191575e-11,110.2978,1,0.0000
0.1140,0.0780,1.563987e-10,4.246370e-11,110.6026,1,0.0000
0.1140,0.0800,1.563987e-10,4.300466e-11,110.9034,1,0.0000
0.1140,0.0820,1.563987e-10,4.353890e-11,111.2006,1,0.0000
0.1140,0.0840,1.563987e-10,4.406666e-11,111.4941,1,0.0000
0.1140,0.0860,1.563987e-10,4.458818e-11,111.7842,1,0.0000
0.1140,0.0880,1.563987e-10,4.510366e-11,112.0709,1,0.0000
0.1140,0.0900,1.563987e-10,4.561333e-11,112.3543,1,0.0000
0.1140,0.0920,1.563987e-10,4.611736e-11,112.6346,1,0.0000
0.1140,0.0940,1.563987e-10,4.661594e-11,112.9119,1,0.0000
0.1140,0.0960,1.563987e-10,4.710924e-11,113.1863,1,0.0000
0.1140,0.0980,1.563987e-10,4.759743e-11,113.4578,1,0.0000
0.1140,0.1000,1.563987e-10,4.808067e-11,113.7266,1,0.0000
0.1140,0.1020,1.563987e-10,4.855909e-11,113.9927,1,0.0000
0.1140,0.1040,1.563987e-10,4.903285e-11,114.2562,1,0.0000
0.1140,0.1060,1.563987e-10,4.950208e-11,114.5172,1,0.0000
0.1140,0.1080,1.563987e-10,4.996690e-11,114.7757,1,0.0000
0.1140,0.1100,1.563987e-10,5.042743e-11,115.0318,1,0.0000
0.1140,0.1120,1.563987e-10,5.088380e-11,115.2856,1,0.0000
0.1140,0.1140,1.563987e-10,5.133610e-11,115.5372,1,0.0000
0.1140,0.1160,1.563987e-10,5.178446e-11,115.7866,1,0.0000
0.1140,0.1180,1.563987e-10,5.222897e-11,116.0338,1,0.0000
0.1140,0.1200,1.563987e-10,5.266973e-11,116.2789,1,0.0000
0.1140,0.1220,1.563987e-10,5.310683e-11,116.5220,1,0.0000
0.1140,0.1240,1.563987e-10,5.354037e-11,116.7632,1,0.0000
0.1140,0.1260,1.563987e-10,5.397042e-11,117.0023,1,0.0000
0.1140,0.1280,1.563987e-10,5.439707e-11,117.2396,1,0.0000
0.1140,0.1300,1.563987e-10,5.482040e-11,117.4751,1,0.0000
0.1140,0.1320,1.563987e-10,5.524048e-11,117.7087,1,0.0000
0.1140,0.1340,1.563987e-10,5.565740e-11,117.9406,1,0.0000
0.1140,0.1360,1.563987e-10,5.607121e-11,118.1708,1,0.0000
0.1140,0.1380,1.563987e-10,5.648200e-11,118.3992,1,0.0000
0.1140,0.1400,1.563987e-10,5.688981e-11,118.6260,1,0.0000
0.1160,0.0000,1.577646e-10,0.000000e+00,87.7450,1,0.0000
0.1160,0.0020,1.577646e-10,6.799633e-12,91.5268,1,0.0000
0.1160,0.0040,1.577646e-10,9.616133e-12,93.0932,1,0.0000
0.1160,0.0060,1.577646e-10,1.177731e-11,94.2952,1,0.0000
0.1160,0.0080,1.577646e-10,1.359927e-11,95.3086,1,0.0000
0.1160,0.0100,1.577646e-10,1.520444e-11,96.2013,1,0.0000
0.1160,0.0120,1.577646e-10,1.665563e-11,97.0084,1,0.0000
0.1160,0.0140,1.577646e-10,1.799014e-11,97.7507,1,0.0000
0.1160,0.0160,1.577646e-10,1.923227e-11,98.4415,1,0.0000
0.1160,0.0180,1.577646e-10,2.039890e-11,99.0904,1,0.0000
0.1160,0.0200,1.577646e-10,2.150233e-11,99.7041,1,0.0000
0.1160,0.0220,1.577646e-10,2.255183e-11,100.2878,1,0.0000
0.1160,0.0240,1.577646e-10,2.355462e-11,100.8455,1,0.0000
0.1160,0.0260,1.577646e-10,2.451643e-11,101.3804,1,0.0000
0.1160,0.0280,1.577646e-10,2.544190e-11,101.8952,1,0.0000
0.1160,0.0300,1.577646e-10,2.633487e-11,102.3918,1,0.0000
0.1160,0.0320,1.577646e-10,2.719853e-11,102.8722,1,0.0000
0.1160,0.0340,1.577646e-10,2.803561e-11,103.3377,1,0.0000
0.1160,0.0360,1.577646e-10,2.884840e-11,103.7898,1,0.0000
0.1160,0.0380,1.577646e-10,2.963891e-11,104.2294,1,0.0000
0.1160,0.0400,1.577646e-10,3.040888e-11,104.6577,1,0.0000
0.1160,0.0420,1.577646e-10,3.115983e-11,105.0753,1,0.0000
0.1160,0.0440,1.577646e-10,3.189311e-11,105.4832,1,0.0000
0.1160,0.0460,1.577646e-10,3.260990e-11,105.8818,1,0.0000
0.1160,0.0480,1.577646e-10,3.331126e-11,106.2719,1,0.0000
0.1160,0.0500,1.577646e-10,3.399817e-11,106.6540,1,0.0000
0.1160,0.0520,1.577646e-10,3.467146e-11,107.0284,1,0.0000
0.1160,0.0540,1.577646e-10,3.533193e-11,107.3958,1,0.0000
0.1160,0.0560,1.577646e-10,3.598028e-11,107.7564,1,0.0000
0.1160,0.0580,1.577646e-10,3.661715e-11,108.1106,1,0.0000
0.1160,0.0600,1.577646e-10,3.724312e-11,108.4587,1,0.0000
0.1160,0.0620,1.577646e-10,3.785876e-11,108.8011,1,0.0000
0.1160,0.0640,1.577646e-10,3.846453e-11,109.1380,1,0.0000
0.1160,0.0660,1.577646e-10,3.906092e-11,109.4697,1,0.0000
0.1160,0.0680,1.577646e-10,3.964833e-11,109.7964,1,0.0000
0.1160,0.0700,1.577646e-10,4.022717e-11,110.1184,1,0.0000
0.1160,0.0720,1.577646e-10,4.079780e-11,110.4357,1,0.0000
0.1160,0.0740,1.577646e-10,4.136055e-11,110.7487,1,0.0000
0.1160,0.0760,1.577646e-10,4.191575e-11,111.0575,1,0.0000
0.1160,0.0780,1.577646e-10,4.246370e-11,111.3623,1,0.0000
0.1160,0.0800,1.577646e-10,4.300466e-11,111.6632,1,0.0000
0.1160,0.0820,1.577646e-10,4.353890e-11,111.9603,1,0.0000
0.1160,0.0840,1.577646e-10,4.406666e-11,112.2538,1,0.0000
0.1160,0.0860,1.577646e-10,4.458818e-11,112.5439,1,0.0000
0.1160,0.0880,1.577646e-10,4.510366e-11,112.8306,1,0.0000
0.1160,0.0900,1.577646e-10,4.561333e-11,113.1140,1,0.0000
0.1160,0.0920,1.577646e-10,4.611736e-11,113.3944,1,0.0000
0.1160,0.0940,1.577646e-10,4.661594e-11,113.6717,1,0.0000
0.1160,0.0960,1.577646e-10,4.710924e-11,113.9460,1,0.0000
0.1160,0.0980,1.577646e-10,4.759743e-11,114.2175,1,0.0000
0.1160,0.1000,1.577646e-10,4.808067e-11,114.4863,1,0.0000
0.1160,0.1020,1.577646e-10,4.855909e-11,114.7524,1,0.0000
0.1160,0.1040,1.577646e-10,4.903285e-11,115.0159,1,0.0000
0.1160,0.1060,1.577646e-10,4.950208e-11,115.2769,1,0.0000
0.1160,0.1080,1.577646e-10,4.996690e-11,115.5354,1,0.0000
0.1160,0.1100,1.577646e-10,5.042743e-11,115.7915,1,0.0000
0.1160,0.1120,1.577646e-10,5.088380e-11,116.0453,1,0.0000
0.1160,0.1140,1.577646e-10,5.133610e-11,116.2969,1,0.0000
0.1160,0.1160,1.577646e-10,5.178446e-11,116.5463,1,0.0000
0.1160,0.1180,1.577646e-10,5.222897e-11,116.7935,1,0.0000
0.1160,0.1200,1.577646e-10,5.266973e-11,117.0386,1,0.0000
0.1160,0.1220,1.577646e-10,5.310683e-11,117.2817,1,0.0000
0.1160,0.1240,1.577646e-10,5.354037e-11,117.5229,1,0.0000
0.1160,0.1260,1.577646e-10,5.397042e-11,117.7620,1,0.0000
0.1160,0.1280,1.577646e-10,5.439707e-11,117.9993,1,0.0000
0.1160,0.1300,1.577646e-10,5.482040e-11,118.2348,1,0.0000
0.1160,0.1320,1.577646e-10,5.524048e-11,118.4684,1,0.0000
0.1160,0.1340,1.577646e-10,5.565740e-11,118.7003,1,0.0000
0.1160,0.1360,1.577646e-10,5.607121e-11,118.9305,1,0.0000
0.1160,0.1380,1.577646e-10,5.648200e-11,119.1589,1,0.0000
0.1160,0.1400,1.577646e-10,5.688981e-11,119.3857,1,0.0000
0.1180,0.0000,1.591188e-10,0.000000e+00,88.4982,1,0.0000
0.1180,0.0020,1.591188e-10,6.799633e-12,92.2800,1,0.0000
0.1180,0.0040,1.591188e-10,9.616133e-12,93.8464,1,0.0000
0.1180,0.0060,1.591188e-10,1.177731e-11,95.0484,1,0.0000
0.1180,0.0080,1.591188e-10,1.359927e-11,96.0618,1,0.0000
0.1180,0.0100,1.591188e-10,1.520444e-11,96.9545,1,0.0000
0.1180,0.0120,1.591188e-10,1.665563e-11,97.7616,1,0.0000
0.1180,0.0140,1.591188e-10,1.799014e-11,98.5039,1,0.0000
0.1180,0.0160,1.591188e-10,1.923227e-11,99.1947,1,0.0000
0.1180,0.0180,1.591188e-10,2.039890e-11,99.8435,1,0.0000
0.1180,0.0200,1.591188e-10,2.150233e-11,100.4573,1,0.0000
0.1180,0.0220,1.591188e-10,2.255183e-11,101.0410,1,0.0000
0.1180,0.0240,1.591188e-10,2.355462e-11,101.5987,1,0.0000
0.1180,0.0260,1.591188e-10,2.451643e-11,102.1336,1,0.0000
0.1180,0.0280,1.591188e-10,2.544190e-11,102.6483,1,0.0000
0.1180,0.0300,1.591188e-10,2.633487e-11,103.1450,1,0.0000
0.1180,0.0320,1.591188e-10,2.719853e-11,103.6253,1,0.0000
0.1180,0.0340,1.591188e-10,2.803561e-11,104.0909,1,0.0000
0.1180,0.0360,1.591188e-10,2.884840e-11,104.5430,1,0.0000
0.1180,0.0380,1.591188e-10,2.963891e-11,104.9826,1,0.0000
0.1180,0.0400,1.591188e-10,3.040888e-11,105.4109,1,0.0000
0.1180,0.0420,1.591188e-10,3.115983e-11,105.8285,1,0.0000
0.1180,0.0440,1.591188e-10,3.189311e-11,106.2364,1,0.0000
0.1180,0.0460,1.591188e-10,3.260990e-11,106.6350,1,0.0000
0.1180,0.0480,1.591188e-10,3.331126e-11,107.0251,1,0.0000
0.1180,0.0500,1.591188e-10,3.399817e-11,107.4071,1,0.0000
0.1180,0.0520,1.591188e-10,3.467146e-11,107.7816,1,0.0000
0.1180,0.0540,1.591188e-10,3.533193e-11,108.1490,1,0.0000
0.1180,0.0560,1.591188e-10,3.598028e-11,108.5095,1,0.0000
0.1180,0.0580,1.591188e-10,3.661715e-11,108.8638,1,0.0000
0.1180,0.0600,1.591188e-10,3.724312e-11,109.2119,1,0.0000
0.1180,0.0620,1.591188e-10,3.785876e-11,109.5543,1,0.0000
0.1180,0.0640,1.591188e-10,3.846453e-11,109.8912,1,0.0000
0.1180,0.0660,1.591188e-10,3.906092e-11,110.2229,1,0.0000
0.1180,0.0680,1.591188e-10,3.964833e-11,110.5496,1,0.0000
0.1180,0.0700,1.591188e-10,4.022717e-11,110.8716,1,0.0000
0.1180,0.0720,1.591188e-10,4.079780e-11,111.1889,1,0.0000
0.1180,0.0740,1.591188e-10,4.136055e-11,111.5019,1,0.0000
0.1180,0.0760,1.591188e-10,4.191575e-11,111.8107,1,0.0000
0.1180,0.0780,1.591188e-10,4.246370e-11,112.1155,1,0.0000
0.1180,0.0800,1.591188e-10,4.300466e-11,112.4163,1,0.0000
0.1180,0.0820,1.591188e-10,4.353890e-11,112.7135,1,0.0000
0.1180,0.0840,1.591188e-10,4.406666e-11,113.0070,1,0.0000
0.1180,0.0860,1.591188e-10,4.458818e-11,113.2971,1,0.0000
0.1180,0.0880,1.591188e-10,4.510366e-11,113.5838,1,0.0000
0.1180,0.0900,1.591188e-10,4.561333e-11,113.8672,1,0.0000
0.1180,0.0920,1.591188e-10,4.611736e-11,114.1476,1,0.0000
0.1180,0.0940,1.591188e-10,4.661594e-11,114.4248,1,0.0000
0.1180,0.0960,1.591188e-10,4.710924e-11,114.6992,1,0.0000
0.1180,0.0980,1.591188e-10,4.759743e-11,114.9707,1,0.0000
0.1180,0.1000,1.591188e-10,4.808067e-11,115.2395,1,0.0000
0.1180,0.1020,1.591188e-10,4.855909e-11,115.5056,1,0.0000
0.1180,0.1040,1.591188e-10,4.903285e-11,115.7691,1,0.0000
0.1180,0.1060,1.591188e-10,4.950208e-11,116.0301,1,0.0000
0.1180,0.1080,1.591188e-10,4.996690e-11,116.2886,1,0.0000
0.1180,0.1100,1.591188e-10,5.042743e-11,116.5447,1,0.0000
0.1180,0.1120,1.591188e-10,5.088380e-11,116.7985,1,0.0000
0.1180,0.1140,1.591188e-10,5.133610e-11,117.0501,1,0.0000
0.1180,0.1160,1.591188e-10,5.178446e-11,117.2995,1,0.0000
0.1180,0.1180,1.591188e-10,5.222897e-11,117.5467,1,0.0000
0.1180,0.1200,1.591188e-10,5.266973e-11,117.7918,1,0.0000
0.1180,0.1220,1.591188e-10,5.310683e-11,118.0349,1,0.0000
0.1180,0.1240,1.591188e-10,5.354037e-11,118.2761,1,0.0000
0.1180,0.1260,1.591188e-10,5.397042e-11,118.5152,1,0.0000
0.1180,0.1280,1.591188e-10,5.439707e-11,118.7525,1,0.0000
0.1180,0.1300,1.591188e-10,5.482040e-11,118.9880,1,0.0000
0.1180,0.1320,1.591188e-10,5.524048e-11,119.2216,1,0.0000
0.1180,0.1340,1.591188e-10,5.565740e-11,119.4535,1,0.0000
0.1180,0.1360,1.591188e-10,5.607121e-11,119.6837,1,0.0000
0.1180,0.1380,1.591188e-10,5.648200e-11,119.9121,1,0.0000
0.1180,0.1400,1.591188e-10,5.688981e-11,120.1389,1,0.0000
0.1200,0.0000,1.604616e-10,0.000000e+00,89.2450,1,0.0000
0.1200,0.0020,1.604616e-10,6.799633e-12,93.0268,1,0.0000
0.1200,0.0040,1.604616e-10,9.616133e-12,94.5933,1,0.0000
0.1200,0.0060,1.604616e-10,1.177731e-11,95.7953,1,0.0000
0.1200,0.0080,1.604616e-10,1.359927e-11,96.8086,1,0.0000
0.1200,0.0100,1.604616e-10,1.520444e-11,97.7013,1,0.0000
0.1200,0.0120,1.604616e-10,1.665563e-11,98.5085,1,0.0000
0.1200,0.0140,1.604616e-10,1.799014e-11,99.2507,1,0.0000
0.1200,0.0160,1.604616e-10,1.923227e-11,99.9415,1,0.0000
0.1200,0.0180,1.604616e-10,2.039890e-11,100.5904,1,0.0000
0.1200,0.0200,1.604616e-10,2.150233e-11,101.2041,1,0.0000
0.1200,0.0220,1.604616e-10,2.255183e-11,101.7878,1,0.0000
0.1200,0.0240,1.604616e-10,2.355462e-11,102.3455,1,0.0000
0.1200,0.0260,1.604616e-10,2.451643e-11,102.8805,1,0.0000
0.1200,0.0280,1.604616e-10,2.544190e-11,103.3952,1,0.0000
0.1200,0.0300,1.604616e-10,2.633487e-11,103.8918,1,0.0000
0.1200,0.0320,1.604616e-10,2.719853e-11,104.3722,1,0.0000
0.1200,0.0340,1.604616e-10,2.803561e-11,104.8377,1,0.0000
0.1200,0.0360,1.604616e-10,2.884840e-11,105.2898,1,0.0000
0.1200,0.0380,1.604616e-10,2.963891e-11,105.7295,1,0.0000
0.1200,0.0400,1.604616e-10,3.040888e-11,106.1577,1,0.0000
0.1200,0.0420,1.604616e-10,3.115983e-11,106.5754,1,0.0000
0.1200,0.0440,1.604616e-10,3.189311e-11,106.9832,1,0.0000
0.1200,0.0460,1.604616e-10,3.260990e-11,107.3819,1,0.0000
0.1200,0.0480,1.604616e-10,3.331126e-11,107.7719,1,0.0000
0.1200,0.0500,1.604616e-10,3.399817e-11,108.1540,1,0.0000
0.1200,0.0520,1.604616e-10,3.467146e-11,108.5284,1,0.0000
0.1200,0.0540,1.604616e-10,3.533193e-11,108.8958,1,0.0000
0.1200,0.0560,1.604616e-10,3.598028e-11,109.2564,1,0.0000
0.1200,0.0580,1.604616e-10,3.661715e-11,109.6106,1,0.0000
0.1200,0.0600,1.604616e-10,3.724312e-11,109.9587,1,0.0000
0.1200,0.0620,1.604616e-10,3.785876e-11,110.3011,1,0.0000
0.1200,0.0640,1.604616e-10,3.846453e-11,110.6381,1,0.0000
0.1200,0.0660,1.604616e-10,3.906092e-11,110.9698,1,0.0000
0.1200,0.0680,1.604616e-10,3.964833e-11,111.2965,1,0.0000
0.1200,0.0700,1.604616e-10,4.022717e-11,111.6184,1,0.0000
0.1200,0.0720,1.604616e-10,4.079780e-11,111.9358,1,0.0000
0.1200,0.0740,1.604616e-10,4.136055e-11,112.2488,1,0.0000
0.1200,0.0760,1.604616e-10,4.191575e-11,112.5576,1,0.0000
0.1200,0.0780,1.604616e-10,4.246370e-11,112.8623,1,0.0000
0.1200,0.0800,1.604616e-10,4.300466e-11,113.1632,1,0.0000
0.1200,0.0820,1.604616e-10,4.353890e-11,113.4603,1,0.0000
0.1200,0.0840,1.604616e-10,4.406666e-11,113.7538,1,0.0000
0.1200,0.0860,1.604616e-10,4.458818e-11,114.0439,1,0.0000
0.1200,0.0880,1.604616e-10,4.510366e-11,114.3306,1,0.0000
0.1200,0.0900,1.604616e-10,4.561333e-11,114.6141,1,0.0000
0.1200,0.0920,1.604616e-10,4.611736e-11,114.8944,1,0.0000
0.1200,0.0940,1.604616e-10,4.661594e-11,115.1717,1,0.0000
0.1200,0.0960,1.604616e-10,4.710924e-11,115.4460,1,0.0000
0.1200,0.0980,1.604616e-10,4.759743e-11,115.7176,1,0.0000
0.1200,0.1000,1.604616e-10,4.808067e-11,115.9863,1,0.0000
0.1200,0.1020,1.604616e-10,4.855909e-11,116.2524,1,0.0000
0.1200,0.1040,1.604616e-10,4.903285e-11,116.5159,1,0.0000
0.1200,0.1060,1.604616e-10,4.950208e-11,116.7769,1,0.0000
0.1200,0.1080,1.604616e-10,4.996690e-11,117.0354,1,0.0000
0.1200,0.1100,1.604616e-10,5.042743e-11,117.2915,1,0.0000
0.1200,0.1120,1.604616e-10,5.088380e-11,117.5454,1,0.0000
0.1200,0.1140,1.604616e-10,5.133610e-11,117.7969,1,0.0000
0.1200,0.1160,1.604616e-10,5.178446e-11,118.0463,1,0.0000
0.1200,0.1180,1.604616e-10,5.222897e-11,118.2935,1,0.0000
0.1200,0.1200,1.604616e-10,5.266973e-11,118.5387,1,0.0000
0.1200,0.1220,1.604616e-10,5.310683e-11,118.7818,1,0.0000
0.1200,0.1240,1.604616e-10,5.354037e-11,119.0229,1,0.0000
0.1200,0.1260,1.604616e-10,5.397042e-11,119.2621,1,0.0000
0.1200,0.1280,1.604616e-10,5.439707e-11,119.4994,1,0.0000
0.1200,0.1300,1.604616e-10,5.482040e-11,119.7348,1,0.0000
0.1200,0.1320,1.604616e-10,5.524048e-11,119.9685,1,0.0000
0.1200,0.1340,1.604616e-10,5.565740e-11,120.2003,1,0.0000
0.1200,0.1360,1.604616e-10,5.607121e-11,120.4305,1,0.0000
0.1200,0.1380,1.604616e-10,5.648200e-11,120.6590,1,0.0000
0.1200,0.1400,1.604616e-10,5.688981e-11,120.8858,1,0.0000
