time_myr,a_J_4p,a_S_4p,a_U_4p,a_N_4p,e_J_4p,e_S_4p,e_Mars_4p,e_Earth_4p,Pratio_4p,a_J_5p,a_S_5p,a_U_5p,a_N_5p,a_5_5p,e_J_5p,e_S_5p,e_Mars_5p,e_Earth_5p,Pratio_5p,is_ejected_5p
0.00,5.4500,8.6500,13.0001,18.0002,0.0150,0.0150,0.0200,0.0100,1.9995,5.4500,8.6500,15.8001,21.2002,11.8001,0.0150,0.0150,0.0200,0.0100,1.9995,0
0.10,5.4500,8.6501,13.0002,18.0004,0.0152,0.0152,0.0201,0.0101,1.9996,5.4500,8.6501,15.8002,21.2004,11.8001,0.0152,0.0152,0.0201,0.0101,1.9996,0
0.20,5.4500,8.6501,13.0003,18.0006,0.0154,0.0155,0.0202,0.0101,1.9996,5.4500,8.6501,15.8003,21.2006,11.8002,0.0154,0.0155,0.0202,0.0101,1.9996,0
0.30,5.4500,8.6501,13.0004,18.0008,0.0156,0.0157,0.0203,0.0102,1.9996,5.4500,8.6501,15.8004,21.2008,11.8002,0.0156,0.0157,0.0203,0.0102,1.9996,0
0.40,5.4500,8.6502,13.0005,18.0010,0.0158,0.0160,0.0204,0.0103,1.9996,5.4500,8.6502,15.8005,21.2010,11.8003,0.0158,0.0160,0.0204,0.0103,1.9996,0
0.50,5.4500,8.6502,13.0006,18.0012,0.0160,0.0162,0.0205,0.0104,1.9996,5.4500,8.6502,15.8006,21.2012,11.8004,0.0160,0.0162,0.0205,0.0104,1.9996,0
0.60,5.4500,8.6502,13.0007,18.0014,0.0162,0.0164,0.0206,0.0104,1.9996,5.4500,8.6502,15.8007,21.2014,11.8004,0.0162,0.0164,0.0206,0.0104,1.9996,0
0.70,5.4500,8.6502,13.0008,18.0016,0.0164,0.0167,0.0207,0.0105,1.9996,5.4500,8.6502,15.8008,21.2016,11.8005,0.0164,0.0167,0.0207,0.0105,1.9996,0
0.80,5.4500,8.6503,13.0009,18.0018,0.0166,0.0169,0.0208,0.0106,1.9996,5.4500,8.6503,15.8009,21.2018,11.8005,0.0166,0.0169,0.0208,0.0106,1.9996,0
0.90,5.4500,8.6503,13.0010,18.0020,0.0168,0.0171,0.0209,0.0107,1.9996,5.4500,8.6503,15.8010,21.2020,11.8006,0.0168,0.0171,0.0209,0.0107,1.9996,0
1.00,5.4500,8.6503,13.0011,18.0022,0.0169,0.0174,0.0210,0.0107,1.9997,5.4500,8.6503,15.8011,21.2022,11.8007,0.0169,0.0174,0.0210,0.0107,1.9997,0
1.10,5.4500,8.6504,13.0012,18.0024,0.0171,0.0176,0.0211,0.0108,1.9997,5.4500,8.6504,15.8012,21.2024,11.8007,0.0171,0.0176,0.0211,0.0108,1.9997,0
1.20,5.4500,8.6504,13.0013,18.0026,0.0173,0.0178,0.0212,0.0109,1.9997,5.4500,8.6504,15.8013,21.2026,11.8008,0.0173,0.0178,0.0212,0.0109,1.9997,0
1.30,5.4500,8.6504,13.0014,18.0028,0.0175,0.0180,0.0213,0.0110,1.9997,5.4500,8.6504,15.8014,21.2028,11.8008,0.0175,0.0180,0.0213,0.0110,1.9997,0
1.40,5.4500,8.6505,13.0015,18.0030,0.0177,0.0183,0.0214,0.0110,1.9997,5.4500,8.6505,15.8015,21.2030,11.8009,0.0177,0.0183,0.0214,0.0110,1.9997,0
1.50,5.4500,8.6505,13.0016,18.0032,0.0178,0.0185,0.0215,0.0111,1.9997,5.4500,8.6505,15.8016,21.2032,11.8010,0.0178,0.0185,0.0215,0.0111,1.9997,0
1.60,5.4500,8.6505,13.0017,18.0034,0.0180,0.0187,0.0216,0.0112,1.9997,5.4500,8.6505,15.8017,21.2034,11.8010,0.0180,0.0187,0.0216,0.0112,1.9997,0
1.70,5.4500,8.6505,13.0018,18.0036,0.0181,0.0189,0.0217,0.0112,1.9997,5.4500,8.6505,15.8018,21.2036,11.8011,0.0181,0.0189,0.0217,0.0112,1.9997,0
1.80,5.4500,8.6506,13.0019,18.0038,0.0183,0.0191,0.0218,0.0113,1.9997,5.4500,8.6506,15.8019,21.2038,11.8011,0.0183,0.0191,0.0218,0.0113,1.9997,0
1.90,5.4500,8.6506,13.0020,18.0040,0.0184,0.0193,0.0219,0.0114,1.9997,5.4500,8.6506,15.8020,21.2040,11.8012,0.0184,0.0193,0.0219,0.0114,1.9997,0
2.00,5.4500,8.6506,13.0021,18.0042,0.0186,0.0195,0.0219,0.0114,1.9998,5.4500,8.6506,15.8021,21.2042,11.8013,0.0186,0.0195,0.0219,0.0114,1.9998,0
2.10,5.4500,8.6507,13.0022,18.0044,0.0187,0.0197,0.0220,0.0115,1.9998,5.4500,8.6507,15.8022,21.2044,11.8013,0.0187,0.0197,0.0220,0.0115,1.9998,0
2.20,5.4500,8.6507,13.0023,18.0046,0.0189,0.0199,0.0221,0.0116,1.9998,5.4500,8.6507,15.8023,21.2046,11.8014,0.0189,0.0199,0.0221,0.0116,1.9998,0
2.30,5.4500,8.6507,13.0024,18.0048,0.0190,0.0201,0.0222,0.0116,1.9998,5.4500,8.6507,15.8024,21.2048,11.8014,0.0190,0.0201,0.0222,0.0116,1.9998,0
2.40,5.4500,8.6508,13.0025,18.0050,0.0191,0.0203,0.0223,0.0117,1.9998,5.4500,8.6508,15.8025,21.2050,11.8015,0.0191,0.0203,0.0223,0.0117,1.9998,0
2.50,5.4500,8.6508,13.0026,18.0052,0.0192,0.0205,0.0224,0.0118,1.9998,5.4500,8.6508,15.8026,21.2052,11.8016,0.0192,0.0205,0.0224,0.0118,1.9998,0
2.60,5.4500,8.6508,13.0027,18.0054,0.0193,0.0206,0.0225,0.0118,1.9998,5.4500,8.6508,15.8027,21.2054,11.8016,0.0193,0.0206,0.0225,0.0118,1.9998,0
2.70,5.4500,8.6508,13.0028,18.0056,0.0194,0.0208,0.0226,0.0119,1.9998,5.4500,8.6508,15.8028,21.2056,11.8017,0.0194,0.0208,0.0226,0.0119,1.9998,0
2.80,5.4500,8.6509,13.0029,18.0058,0.0195,0.0210,0.0227,0.0119,1.9998,5.4500,8.6509,15.8029,21.2058,11.8017,0.0195,0.0210,0.0227,0.0119,1.9998,0
2.90,5.4500,8.6509,13.0030,18.0060,0.0196,0.0211,0.0227,0.0120,1.9998,5.4500,8.6509,15.8030,21.2060,11.8018,0.0196,0.0211,0.0227,0.0120,1.9998,0
3.00,5.4500,8.6509,13.0031,18.0062,0.0197,0.0213,0.0228,0.0120,1.9999,5.4500,8.6509,15.8031,21.2062,11.8019,0.0197,0.0213,0.0228,0.0120,1.9999,0
3.10,5.4500,8.6510,13.0032,18.0064,0.0197,0.0214,0.0229,0.0121,1.9999,5.4500,8.6510,15.8032,21.2064,11.8019,0.0197,0.0214,0.0229,0.0121,1.9999,0
3.20,5.4500,8.6510,13.0033,18.0066,0.0198,0.0216,0.0230,0.0122,1.9999,5.4500,8.6510,15.8033,21.2066,11.8020,0.0198,0.0216,0.0230,0.0122,1.9999,0
3.30,5.4500,8.6510,13.0034,18.0068,0.0198,0.0217,0.0231,0.0122,1.9999,5.4500,8.6510,15.8034,21.2068,11.8020,0.0198,0.0217,0.0231,0.0122,1.9999,0
3.40,5.4500,8.6511,13.0035,18.0070,0.0199,0.0218,0.0231,0.0123,1.9999,5.4500,8.6511,15.8035,21.2070,11.8021,0.0199,0.0218,0.0231,0.0123,1.9999,0
3.50,5.4500,8.6511,13.0036,18.0072,0.0199,0.0219,0.0232,0.0123,1.9999,5.4500,8.6511,15.8036,21.2072,11.8022,0.0199,0.0219,0.0232,0.0123,1.9999,0
3.60,5.4500,8.6511,13.0037,18.0074,0.0200,0.0221,0.0233,0.0123,1.9999,5.4500,8.6511,15.8037,21.2074,11.8022,0.0200,0.0221,0.0233,0.0123,1.9999,0
3.70,5.4500,8.6511,13.0038,18.0076,0.0200,0.0222,0.0234,0.0124,1.9999,5.4500,8.6511,15.8038,21.2076,11.8023,0.0200,0.0222,0.0234,0.0124,1.9999,0
3.80,5.4500,8.6512,13.0039,18.0078,0.0200,0.0223,0.0234,0.0124,1.9999,5.4500,8.6512,15.8039,21.2078,11.8023,0.0200,0.0223,0.0234,0.0124,1.9999,0
3.90,5.4500,8.6512,13.0040,18.0080,0.0200,0.0224,0.0235,0.0125,2.0000,5.4500,8.6512,15.8040,21.2080,11.8024,0.0200,0.0224,0.0235,0.0125,2.0000,0
4.00,5.4500,8.6512,13.0041,18.0082,0.0200,0.0225,0.0236,0.0125,2.0000,5.4500,8.6512,15.8041,21.2082,11.8025,0.0200,0.0225,0.0236,0.0125,2.0000,0
4.10,5.4500,8.6513,13.0042,18.0084,0.0200,0.0225,0.0237,0.0126,2.0000,5.4500,8.6513,15.8042,21.2084,11.8025,0.0200,0.0225,0.0237,0.0126,2.0000,0
4.20,5.4500,8.6513,13.0043,18.0086,0.0200,0.0226,0.0237,0.0126,2.0000,5.4500,8.6513,15.8043,21.2086,11.8026,0.0200,0.0226,0.0237,0.0126,2.0000,0
4.30,5.4500,8.6513,13.0044,18.0088,0.0199,0.0227,0.0238,0.0126,2.0000,5.4500,8.6513,15.8044,21.2088,11.8026,0.0199,0.0227,0.0238,0.0126,2.0000,0
4.40,5.4500,8.6514,13.0045,18.0090,0.0199,0.0227,0.0239,0.0127,2.0000,5.4500,8.6514,15.8045,21.2090,11.8027,0.0199,0.0227,0.0239,0.0127,2.0000,0
4.50,5.4500,8.6514,13.0046,18.0092,0.0199,0.0228,0.0239,0.0127,2.0000,5.4500,8.6514,15.8046,21.2092,11.8028,0.0199,0.0228,0.0239,0.0127,2.0000,0
4.60,5.4500,8.6514,13.0047,18.0094,0.0198,0.0229,0.0240,0.0127,2.0000,5.4500,8.6514,15.8047,21.2094,11.8028,0.0198,0.0229,0.0240,0.0127,2.0000,0
4.70,5.4500,8.6514,13.0048,18.0096,0.0198,0.0229,0.0240,0.0128,2.0000,5.4500,8.6514,15.8048,21.2096,11.8029,0.0198,0.0229,0.0240,0.0128,2.0000,0
4.80,5.4500,8.6515,13.0049,18.0098,0.0197,0.0229,0.0241,0.0128,2.0000,5.4500,8.6515,15.8049,21.2098,11.8029,0.0197,0.0229,0.0241,0.0128,2.0000,0
4.90,5.4500,8.6515,13.0050,18.0100,0.0196,0.0230,0.0242,0.0128,2.0001,5.4500,8.6515,15.8050,21.2100,11.8030,0.0196,0.0230,0.0242,0.0128,2.0001,0
5.00,5.4500,8.6515,13.0051,18.0102,0.0195,0.0230,0.0242,0.0128,2.0001,5.4500,8.6515,15.8051,21.2102,11.8031,0.0195,0.0230,0.0242,0.0128,2.0001,0
5.10,5.4500,8.6516,13.0052,18.0104,0.0195,0.0230,0.0243,0.0129,2.0001,5.4500,8.6516,15.8052,21.2104,11.8031,0.0195,0.0230,0.0243,0.0129,2.0001,0
5.20,5.4500,8.6516,13.0053,18.0106,0.0194,0.0230,0.0243,0.0129,2.0001,5.4500,8.6516,15.8053,21.2106,11.8032,0.0194,0.0230,0.0243,0.0129,2.0001,0
5.30,5.4500,8.6516,13.0054,18.0108,0.0193,0.0230,0.0244,0.0129,2.0001,5.4500,8.6516,15.8054,21.2108,11.8032,0.0193,0.0230,0.0244,0.0129,2.0001,0
5.40,5.4500,8.6517,13.0055,18.0110,0.0192,0.0230,0.0244,0.0129,2.0001,5.4500,8.6517,15.8055,21.2110,11.8033,0.0192,0.0230,0.0244,0.0129,2.0001,0
5.50,5.4500,8.6517,13.0056,18.0112,0.0190,0.0230,0.0245,0.0129,2.0001,5.4500,8.6517,15.8056,21.2112,11.8034,0.0190,0.0230,0.0245,0.0129,2.0001,0
5.60,5.4500,8.6517,13.0057,18.0114,0.0189,0.0230,0.0245,0.0130,2.0001,5.4500,8.6517,15.8057,21.2114,11.8034,0.0189,0.0230,0.0245,0.0130,2.0001,0
5.70,5.4500,8.6517,13.0058,18.0116,0.0188,0.0229,0.0245,0.0130,2.0001,5.4500,8.6517,15.8058,21.2116,11.8035,0.0188,0.0229,0.0245,0.0130,2.0001,0
5.80,5.4500,8.6518,13.0059,18.0118,0.0187,0.0229,0.0246,0.0130,2.0002,5.4500,8.6518,15.8059,21.2118,11.8035,0.0187,0.0229,0.0246,0.0130,2.0002,0
5.90,5.4500,8.6518,13.0060,18.0120,0.0185,0.0228,0.0246,0.0130,2.0002,5.4500,8.6518,15.8060,21.2120,11.8036,0.0185,0.0228,0.0246,0.0130,2.0002,0
6.00,5.4500,8.6518,13.0061,18.0122,0.0184,0.0228,0.0247,0.0130,2.0002,5.4500,8.6518,15.8061,21.2122,11.8037,0.0184,0.0228,0.0247,0.0130,2.0002,0
6.10,5.4500,8.6519,13.0062,18.0124,0.0182,0.0227,0.0247,0.0130,2.0002,5.4500,8.6519,15.8062,21.2124,11.8037,0.0182,0.0227,0.0247,0.0130,2.0002,0
6.20,5.4500,8.6519,13.0063,18.0126,0.0181,0.0227,0.0247,0.0130,2.0002,5.4500,8.6519,15.8063,21.2126,11.8038,0.0181,0.0227,0.0247,0.0130,2.0002,0
6.30,5.4500,8.6519,13.0064,18.0128,0.0179,0.0226,0.0248,0.0130,2.0002,5.4500,8.6519,15.8064,21.2128,11.8038,0.0179,0.0226,0.0248,0.0130,2.0002,0
6.40,5.4500,8.6520,13.0065,18.0130,0.0177,0.0225,0.0248,0.0130,2.0002,5.4500,8.6520,15.8065,21.2130,11.8039,0.0177,0.0225,0.0248,0.0130,2.0002,0
6.50,5.4500,8.6520,13.0066,18.0132,0.0176,0.0224,0.0248,0.0130,2.0002,5.4500,8.6520,15.8066,21.2132,11.8040,0.0176,0.0224,0.0248,0.0130,2.0002,0
6.60,5.4500,8.6520,13.0067,18.0134,0.0174,0.0223,0.0248,0.0130,2.0002,5.4500,8.6520,15.8067,21.2134,11.8040,0.0174,0.0223,0.0248,0.0130,2.0002,0
6.70,5.4500,8.6520,13.0068,18.0136,0.0172,0.0222,0.0249,0.0130,2.0002,5.4500,8.6520,15.8068,21.2136,11.8041,0.0172,0.0222,0.0249,0.0130,2.0002,0
6.80,5.4500,8.6521,13.0069,18.0138,0.0170,0.0221,0.0249,0.0130,2.0003,5.4500,8.6521,15.8069,21.2138,11.8041,0.0170,0.0221,0.0249,0.0130,2.0003,0
6.90,5.4500,8.6521,13.0070,18.0140,0.0169,0.0220,0.0249,0.0130,2.0003,5.4500,8.6521,15.8070,21.2140,11.8042,0.0169,0.0220,0.0249,0.0130,2.0003,0
7.00,5.4500,8.6521,13.0071,18.0142,0.0167,0.0219,0.0249,0.0130,2.0003,5.4500,8.6521,15.8071,21.2142,11.8043,0.0167,0.0219,0.0249,0.0130,2.0003,0
7.10,5.4500,8.6522,13.0072,18.0144,0.0165,0.0218,0.0249,0.0129,2.0003,5.4500,8.6522,15.8072,21.2144,11.8043,0.0165,0.0218,0.0249,0.0129,2.0003,0
7.20,5.4500,8.6522,13.0073,18.0146,0.0163,0.0217,0.0250,0.0129,2.0003,5.4500,8.6522,15.8073,21.2146,11.8044,0.0163,0.0217,0.0250,0.0129,2.0003,0
7.30,5.4500,8.6522,13.0074,18.0148,0.0161,0.0215,0.0250,0.0129,2.0003,5.4500,8.6522,15.8074,21.2148,11.8044,0.0161,0.0215,0.0250,0.0129,2.0003,0
7.40,5.4500,8.6523,13.0075,18.0150,0.0159,0.0214,0.0250,0.0129,2.0003,5.4500,8.6523,15.8075,21.2150,11.8045,0.0159,0.0214,0.0250,0.0129,2.0003,0
7.50,5.4500,8.6523,13.0076,18.0152,0.0157,0.0212,0.0250,0.0129,2.0003,5.4500,8.6523,15.8076,21.2152,11.8046,0.0157,0.0212,0.0250,0.0129,2.0003,0
7.60,5.4500,8.6523,13.0077,18.0154,0.0155,0.0211,0.0250,0.0128,2.0003,5.4500,8.6523,15.8077,21.2154,11.8046,0.0155,0.0211,0.0250,0.0128,2.0003,0
7.70,5.4500,8.6523,13.0078,18.0156,0.0153,0.0209,0.0250,0.0128,2.0003,5.4500,8.6523,15.8078,21.2156,11.8047,0.0153,0.0209,0.0250,0.0128,2.0003,0
7.80,5.4500,8.6524,13.0079,18.0158,0.0151,0.0207,0.0250,0.0128,2.0004,5.4500,8.6524,15.8079,21.2158,11.8047,0.0151,0.0207,0.0250,0.0128,2.0004,0
7.90,5.4500,8.6524,13.0080,18.0160,0.0149,0.0206,0.0250,0.0128,2.0004,5.4500,8.6524,15.8080,21.2160,11.8048,0.0149,0.0206,0.0250,0.0128,2.0004,0
8.00,5.4500,8.6524,13.0081,18.0162,0.0147,0.0204,0.0250,0.0127,2.0004,5.4500,8.6524,15.8081,21.2162,11.8049,0.0147,0.0204,0.0250,0.0127,2.0004,0
8.10,5.4500,8.6525,13.0082,18.0164,0.0145,0.0202,0.0250,0.0127,2.0004,5.4500,8.6525,15.8082,21.2164,11.8049,0.0145,0.0202,0.0250,0.0127,2.0004,0
8.20,5.4500,8.6525,13.0083,18.0166,0.0143,0.0200,0.0250,0.0127,2.0004,5.4500,8.6525,15.8083,21.2166,11.8050,0.0143,0.0200,0.0250,0.0127,2.0004,0
8.30,5.4500,8.6525,13.0084,18.0168,0.0141,0.0199,0.0250,0.0126,2.0004,5.4500,8.6525,15.8084,21.2168,11.8050,0.0141,0.0199,0.0250,0.0126,2.0004,0
8.40,5.4500,8.6526,13.0085,18.0170,0.0139,0.0197,0.0250,0.0126,2.0004,5.4500,8.6526,15.8085,21.2170,11.8051,0.0139,0.0197,0.0250,0.0126,2.0004,0
8.50,5.4500,8.6526,13.0086,18.0172,0.0137,0.0195,0.0250,0.0126,2.0004,5.4500,8.6526,15.8086,21.2172,11.8052,0.0137,0.0195,0.0250,0.0126,2.0004,0
8.60,5.4500,8.6526,13.0087,18.0174,0.0135,0.0193,0.0249,0.0125,2.0004,5.4500,8.6526,15.8087,21.2174,11.8052,0.0135,0.0193,0.0249,0.0125,2.0004,0
8.70,5.4500,8.6526,13.0088,18.0176,0.0133,0.0191,0.0249,0.0125,2.0005,5.4500,8.6526,15.8088,21.2176,11.8053,0.0133,0.0191,0.0249,0.0125,2.0005,0
8.80,5.4500,8.6527,13.0089,18.0178,0.0132,0.0188,0.0249,0.0124,2.0005,5.4500,8.6527,15.8089,21.2178,11.8053,0.0132,0.0188,0.0249,0.0124,2.0005,0
8.90,5.4500,8.6527,13.0090,18.0180,0.0130,0.0186,0.0249,0.0124,2.0005,5.4500,8.6527,15.8090,21.2180,11.8054,0.0130,0.0186,0.0249,0.0124,2.0005,0
9.00,5.4500,8.6527,13.0091,18.0182,0.0128,0.0184,0.0249,0.0123,2.0005,5.4500,8.6527,15.8091,21.2182,11.8055,0.0128,0.0184,0.0249,0.0123,2.0005,0
9.10,5.4500,8.6528,13.0092,18.0184,0.0126,0.0182,0.0248,0.0123,2.0005,5.4500,8.6528,15.8092,21.2184,11.8055,0.0126,0.0182,0.0248,0.0123,2.0005,0
9.20,5.4500,8.6528,13.0093,18.0186,0.0124,0.0180,0.0248,0.0122,2.0005,5.4500,8.6528,15.8093,21.2186,11.8056,0.0124,0.0180,0.0248,0.0122,2.0005,0
9.30,5.4500,8.6528,13.0094,18.0188,0.0123,0.0178,0.0248,0.0122,2.0005,5.4500,8.6528,15.8094,21.2188,11.8056,0.0123,0.0178,0.0248,0.0122,2.0005,0
9.40,5.4500,8.6529,13.0095,18.0190,0.0121,0.0175,0.0248,0.0121,2.0005,5.4500,8.6529,15.8095,21.2190,11.8057,0.0121,0.0175,0.0248,0.0121,2.0005,0
9.50,5.4500,8.6529,13.0096,18.0192,0.0119,0.0173,0.0247,0.0121,2.0005,5.4500,8.6529,15.8096,21.2192,11.8058,0.0119,0.0173,0.0247,0.0121,2.0005,0
9.60,5.4500,8.6529,13.0097,18.0194,0.0118,0.0171,0.0247,0.0120,2.0005,5.4500,8.6529,15.8097,21.2194,11.8058,0.0118,0.0171,0.0247,0.0120,2.0005,0
9.70,5.4500,8.6529,13.0098,18.0196,0.0116,0.0168,0.0247,0.0120,2.0006,5.4500,8.6529,15.8098,21.2196,11.8059,0.0116,0.0168,0.0247,0.0120,2.0006,0
9.80,5.4500,8.6530,13.0099,18.0198,0.0115,0.0166,0.0246,0.0119,2.0006,5.4500,8.6530,15.8099,21.2198,11.8059,0.0115,0.0166,0.0246,0.0119,2.0006,0
9.90,5.4500,8.6530,13.0100,18.0200,0.0113,0.0164,0.0246,0.0119,2.0006,5.4500,8.6530,15.8100,21.2200,11.8060,0.0113,0.0164,0.0246,0.0119,2.0006,0
10.00,5.4500,8.6530,13.0101,18.0202,0.0112,0.0161,0.0245,0.0118,2.0006,5.4500,8.6530,15.8101,21.2202,11.8061,0.0112,0.0161,0.0245,0.0118,2.0006,0
10.10,5.4500,8.6531,13.0102,18.0204,0.0111,0.0159,0.0245,0.0117,2.0006,5.4500,8.6531,15.8102,21.2204,11.8061,0.0111,0.0159,0.0245,0.0117,2.0006,0
10.20,5.4500,8.6531,13.0103,18.0206,0.0110,0.0157,0.0245,0.0117,2.0006,5.4500,8.6531,15.8103,21.2206,11.8062,0.0110,0.0157,0.0245,0.0117,2.0006,0
10.30,5.4500,8.6531,13.0104,18.0208,0.0109,0.0154,0.0244,0.0116,2.0006,5.4500,8.6531,15.8104,21.2208,11.8062,0.0109,0.0154,0.0244,0.0116,2.0006,0
10.40,5.4500,8.6532,13.0105,18.0210,0.0107,0.0152,0.0244,0.0115,2.0006,5.4500,8.6532,15.8105,21.2210,11.8063,0.0107,0.0152,0.0244,0.0115,2.0006,0
10.50,5.4500,8.6532,13.0106,18.0212,0.0106,0.0149,0.0243,0.0115,2.0006,5.4500,8.6532,15.8106,21.2212,11.8064,0.0106,0.0149,0.0243,0.0115,2.0006,0
10.60,5.4500,8.6532,13.0107,18.0214,0.0105,0.0147,0.0243,0.0114,2.0006,5.4500,8.6532,15.8107,21.2214,11.8064,0.0105,0.0147,0.0243,0.0114,2.0006,0
10.70,5.4500,8.6532,13.0108,18.0216,0.0105,0.0145,0.0242,0.0113,2.0007,5.4500,8.6532,15.8108,21.2216,11.8065,0.0105,0.0145,0.0242,0.0113,2.0007,0
10.80,5.4500,8.6533,13.0109,18.0218,0.0104,0.0142,0.0242,0.0113,2.0007,5.4500,8.6533,15.8109,21.2218,11.8065,0.0104,0.0142,0.0242,0.0113,2.0007,0
10.90,5.4500,8.6533,13.0110,18.0220,0.0103,0.0140,0.0241,0.0112,2.0007,5.4500,8.6533,15.8110,21.2220,11.8066,0.0103,0.0140,0.0241,0.0112,2.0007,0
11.00,5.4500,8.6533,13.0111,18.0222,0.0102,0.0137,0.0240,0.0111,2.0007,5.4500,8.6533,15.8111,21.2222,11.8067,0.0102,0.0137,0.0240,0.0111,2.0007,0
11.10,5.4500,8.6534,13.0112,18.0224,0.0102,0.0135,0.0240,0.0111,2.0007,5.4500,8.6534,15.8112,21.2224,11.8067,0.0102,0.0135,0.0240,0.0111,2.0007,0
11.20,5.4500,8.6534,13.0113,18.0226,0.0101,0.0133,0.0239,0.0110,2.0007,5.4500,8.6534,15.8113,21.2226,11.8068,0.0101,0.0133,0.0239,0.0110,2.0007,0
11.30,5.4500,8.6534,13.0114,18.0228,0.0101,0.0130,0.0239,0.0109,2.0007,5.4500,8.6534,15.8114,21.2228,11.8068,0.0101,0.0130,0.0239,0.0109,2.0007,0
11.40,5.4500,8.6535,13.0115,18.0230,0.0101,0.0128,0.0238,0.0109,2.0007,5.4500,8.6535,15.8115,21.2230,11.8069,0.0101,0.0128,0.0238,0.0109,2.0007,0
11.50,5.4500,8.6535,13.0116,18.0232,0.0100,0.0126,0.0237,0.0108,2.0007,5.4500,8.6535,15.8116,21.2232,11.8070,0.0100,0.0126,0.0237,0.0108,2.0007,0
11.60,5.4500,8.6535,13.0117,18.0234,0.0100,0.0123,0.0237,0.0107,2.0008,5.4500,8.6535,15.8117,21.2234,11.8070,0.0100,0.0123,0.0237,0.0107,2.0008,0
11.70,5.4500,8.6535,13.0118,18.0236,0.0100,0.0121,0.0236,0.0106,2.0008,5.4500,8.6535,15.8118,21.2236,11.8071,0.0100,0.0121,0.0236,0.0106,2.0008,0
11.80,5.4500,8.6536,13.0119,18.0238,0.0100,0.0119,0.0235,0.0106,2.0008,5.4500,8.6536,15.8119,21.2238,11.8071,0.0100,0.0119,0.0235,0.0106,2.0008,0
11.90,5.4500,8.6536,13.0120,18.0240,0.0100,0.0117,0.0235,0.0105,2.0008,5.4500,8.6536,15.8120,21.2240,11.8072,0.0100,0.0117,0.0235,0.0105,2.0008,0
12.00,5.4500,8.6536,13.0121,18.0242,0.0100,0.0115,0.0234,0.0104,2.0008,5.4500,8.6536,15.8121,21.2242,11.8073,0.0100,0.0115,0.0234,0.0104,2.0008,0
12.10,5.4500,8.6537,13.0122,18.0244,0.0100,0.0112,0.0233,0.0103,2.0008,5.4500,8.6537,15.8122,21.2244,11.8073,0.0100,0.0112,0.0233,0.0103,2.0008,0
12.20,5.4500,8.6537,13.0123,18.0246,0.0101,0.0110,0.0232,0.0103,2.0008,5.4500,8.6537,15.8123,21.2246,11.8074,0.0101,0.0110,0.0232,0.0103,2.0008,0
12.30,5.4500,8.6537,13.0124,18.0248,0.0101,0.0108,0.0232,0.0102,2.0008,5.4500,8.6537,15.8124,21.2248,11.8074,0.0101,0.0108,0.0232,0.0102,2.0008,0
12.40,5.4500,8.6538,13.0125,18.0250,0.0102,0.0106,0.0231,0.0101,2.0008,5.4500,8.6538,15.8125,21.2250,11.8075,0.0102,0.0106,0.0231,0.0101,2.0008,0
12.50,5.4500,8.6538,13.0126,18.0252,0.0102,0.0104,0.0230,0.0100,2.0008,5.4500,8.6538,15.8126,21.2252,11.8076,0.0102,0.0104,0.0230,0.0100,2.0008,0
12.60,5.4500,8.6538,13.0127,18.0254,0.0103,0.0102,0.0229,0.0100,2.0009,5.4500,8.6538,15.8127,21.2254,11.8076,0.0103,0.0102,0.0229,0.0100,2.0009,0
12.70,5.4500,8.6538,13.0128,18.0256,0.0103,0.0100,0.0228,0.0099,2.0009,5.4500,8.6538,15.8128,21.2256,11.8077,0.0103,0.0100,0.0228,0.0099,2.0009,0
12.80,5.4500,8.6539,13.0129,18.0258,0.0104,0.0099,0.0227,0.0098,2.0009,5.4500,8.6539,15.8129,21.2258,11.8077,0.0104,0.0099,0.0227,0.0098,2.0009,0
12.90,5.4500,8.6539,13.0130,18.0260,0.0105,0.0097,0.0227,0.0098,2.0009,5.4500,8.6539,15.8130,21.2260,11.8078,0.0105,0.0097,0.0227,0.0098,2.0009,0
13.00,5.4500,8.6539,13.0131,18.0262,0.0106,0.0095,0.0226,0.0097,2.0009,5.4500,8.6539,15.8131,21.2262,11.8079,0.0106,0.0095,0.0226,0.0097,2.0009,0
13.10,5.4500,8.6540,13.0132,18.0264,0.0107,0.0093,0.0225,0.0096,2.0009,5.4500,8.6540,15.8132,21.2264,11.8079,0.0107,0.0093,0.0225,0.0096,2.0009,0
13.20,5.4500,8.6540,13.0133,18.0266,0.0108,0.0092,0.0224,0.0095,2.0009,5.4500,8.6540,15.8133,21.2266,11.8080,0.0108,0.0092,0.0224,0.0095,2.0009,0
13.30,5.4500,8.6540,13.0134,18.0268,0.0109,0.0090,0.0223,0.0095,2.0009,5.4500,8.6540,15.8134,21.2268,11.8080,0.0109,0.0090,0.0223,0.0095,2.0009,0
13.40,5.4500,8.6541,13.0135,18.0270,0.0110,0.0088,0.0222,0.0094,2.0009,5.4500,8.6541,15.8135,21.2270,11.8081,0.0110,0.0088,0.0222,0.0094,2.0009,0
13.50,5.4500,8.6541,13.0136,18.0272,0.0111,0.0087,0.0221,0.0093,2.0010,5.4500,8.6541,15.8136,21.2272,11.8082,0.0111,0.0087,0.0221,0.0093,2.0010,0
13.60,5.4500,8.6541,13.0137,18.0274,0.0113,0.0085,0.0220,0.0092,2.0010,5.4500,8.6541,15.8137,21.2274,11.8082,0.0113,0.0085,0.0220,0.0092,2.0010,0
13.70,5.4500,8.6541,13.0138,18.0276,0.0114,0.0084,0.0220,0.0092,2.0010,5.4500,8.6541,15.8138,21.2276,11.8083,0.0114,0.0084,0.0220,0.0092,2.0010,0
13.80,5.4500,8.6542,13.0139,18.0278,0.0115,0.0083,0.0219,0.0091,2.0010,5.4500,8.6542,15.8139,21.2278,11.8083,0.0115,0.0083,0.0219,0.0091,2.0010,0
13.90,5.4500,8.6542,13.0140,18.0280,0.0117,0.0081,0.0218,0.0090,2.0010,5.4500,8.6542,15.8140,21.2280,11.8084,0.0117,0.0081,0.0218,0.0090,2.0010,0
14.00,5.4500,8.6542,13.0141,18.0282,0.0118,0.0080,0.0217,0.0089,2.0010,5.4500,8.6542,15.8141,21.2282,11.8085,0.0118,0.0080,0.0217,0.0089,2.0010,0
14.10,5.4500,8.6543,13.0142,18.0284,0.0120,0.0079,0.0216,0.0089,2.0010,5.4500,8.6543,15.8142,21.2284,11.8085,0.0120,0.0079,0.0216,0.0089,2.0010,0
14.20,5.4500,8.6543,13.0143,18.0286,0.0122,0.0078,0.0215,0.0088,2.0010,5.4500,8.6543,15.8143,21.2286,11.8086,0.0122,0.0078,0.0215,0.0088,2.0010,0
14.30,5.4500,8.6543,13.0144,18.0288,0.0123,0.0077,0.0214,0.0087,2.0010,5.4500,8.6543,15.8144,21.2288,11.8086,0.0123,0.0077,0.0214,0.0087,2.0010,0
14.40,5.4500,8.6544,13.0145,18.0290,0.0125,0.0076,0.0213,0.0087,2.0010,5.4500,8.6544,15.8145,21.2290,11.8087,0.0125,0.0076,0.0213,0.0087,2.0010,0
14.50,5.4500,8.6544,13.0146,18.0292,0.0127,0.0075,0.0212,0.0086,2.0011,5.4500,8.6544,15.8146,21.2292,11.8088,0.0127,0.0075,0.0212,0.0086,2.0011,0
14.60,5.4500,8.6544,13.0147,18.0294,0.0129,0.0074,0.0211,0.0085,2.0011,5.4500,8.6544,15.8147,21.2294,11.8088,0.0129,0.0074,0.0211,0.0085,2.0011,0
14.70,5.4500,8.6544,13.0148,18.0296,0.0130,0.0074,0.0210,0.0085,2.0011,5.4500,8.6544,15.8148,21.2296,11.8089,0.0130,0.0074,0.0210,0.0085,2.0011,0
14.80,5.4500,8.6545,13.0149,18.0298,0.0132,0.0073,0.0209,0.0084,2.0011,5.4500,8.6545,15.8149,21.2298,11.8089,0.0132,0.0073,0.0209,0.0084,2.0011,0
14.90,5.4500,8.6545,13.0150,18.0300,0.0134,0.0072,0.0208,0.0083,2.0011,5.4500,8.6545,15.8150,21.2300,11.8090,0.0134,0.0072,0.0208,0.0083,2.0011,0
15.00,5.4500,8.6545,13.0151,18.0302,0.0136,0.0072,0.0207,0.0083,2.0011,5.4500,8.6545,15.8151,21.2302,11.8091,0.0136,0.0072,0.0207,0.0083,2.0011,0
15.10,5.4500,8.6546,13.0152,18.0304,0.0138,0.0071,0.0206,0.0082,2.0011,5.4500,8.6546,15.8152,21.2304,11.8091,0.0138,0.0071,0.0206,0.0082,2.0011,0
15.20,5.4500,8.6546,13.0153,18.0306,0.0140,0.0071,0.0205,0.0082,2.0011,5.4500,8.6546,15.8153,21.2306,11.8092,0.0140,0.0071,0.0205,0.0082,2.0011,0
15.30,5.4500,8.6546,13.0154,18.0308,0.0142,0.0071,0.0204,0.0081,2.0011,5.4500,8.6546,15.8154,21.2308,11.8092,0.0142,0.0071,0.0204,0.0081,2.0011,0
15.40,5.4500,8.6547,13.0155,18.0310,0.0144,0.0070,0.0203,0.0080,2.0011,5.4500,8.6547,15.8155,21.2310,11.8093,0.0144,0.0070,0.0203,0.0080,2.0011,0
15.50,5.4500,8.6547,13.0156,18.0312,0.0146,0.0070,0.0202,0.0080,2.0012,5.4500,8.6547,15.8156,21.2312,11.8094,0.0146,0.0070,0.0202,0.0080,2.0012,0
15.60,5.4500,8.6547,13.0157,18.0314,0.0148,0.0070,0.0201,0.0079,2.0012,5.4500,8.6547,15.8157,21.2314,11.8094,0.0148,0.0070,0.0201,0.0079,2.0012,0
15.70,5.4500,8.6547,13.0158,18.0316,0.0150,0.0070,0.0200,0.0079,2.0012,5.4500,8.6547,15.8158,21.2316,11.8095,0.0150,0.0070,0.0200,0.0079,2.0012,0
15.80,5.4500,8.6548,13.0159,18.0318,0.0152,0.0070,0.0199,0.0078,2.0012,5.4500,8.6548,15.8159,21.2318,11.8095,0.0152,0.0070,0.0199,0.0078,2.0012,0
15.90,5.4500,8.6548,13.0160,18.0320,0.0154,0.0070,0.0198,0.0078,2.0012,5.4500,8.6548,15.8160,21.2320,11.8096,0.0154,0.0070,0.0198,0.0078,2.0012,0
16.00,5.4500,8.6548,13.0161,18.0322,0.0156,0.0070,0.0197,0.0077,2.0012,5.4500,8.6548,15.8161,21.2322,11.8097,0.0156,0.0070,0.0197,0.0077,2.0012,0
16.10,5.4500,8.6549,13.0162,18.0324,0.0158,0.0071,0.0196,0.0077,2.0012,5.4500,8.6549,15.8162,21.2324,11.8097,0.0158,0.0071,0.0196,0.0077,2.0012,0
16.20,5.4500,8.6549,13.0163,18.0326,0.0160,0.0071,0.0195,0.0076,2.0012,5.4500,8.6549,15.8163,21.2326,11.8098,0.0160,0.0071,0.0195,0.0076,2.0012,0
16.30,5.4500,8.6549,13.0164,18.0328,0.0162,0.0071,0.0194,0.0076,2.0012,5.4500,8.6549,15.8164,21.2328,11.8098,0.0162,0.0071,0.0194,0.0076,2.0012,0
16.40,5.4500,8.6550,13.0165,18.0330,0.0164,0.0072,0.0193,0.0075,2.0013,5.4500,8.6550,15.8165,21.2330,11.8099,0.0164,0.0072,0.0193,0.0075,2.0013,0
16.50,5.4191,8.7648,13.7678,19.4900,0.0243,0.0268,0.0669,0.0298,2.0569,5.4037,8.7878,16.2222,22.2950,16.1206,0.0306,0.0329,0.0256,0.0115,2.0739,0
16.60,5.3691,8.9508,15.0118,21.9040,0.0313,0.0378,0.1429,0.0618,2.1525,5.3287,9.0110,16.9062,24.0690,23.1206,0.0438,0.0489,0.0346,0.0139,2.1990,0
16.70,5.3191,9.1368,16.2558,24.3180,0.0383,0.0488,0.2189,0.0938,2.2513,5.2537,9.2342,17.5902,25.8430,30.1206,0.0479,0.0539,0.0436,0.0163,2.3302,0
16.80,5.2691,9.3228,17.4998,26.7320,0.0453,0.0598,0.2949,0.1258,2.3535,5.2000,9.4574,18.2742,27.6170,37.1206,0.0414,0.0460,0.0526,0.0187,2.4527,0
16.90,5.2191,9.5088,18.7438,29.1460,0.0523,0.0708,0.3709,0.1578,2.4592,5.2000,9.5800,18.9582,29.3910,44.1206,0.0267,0.0281,0.0616,0.0211,2.5006,1
17.00,5.2040,9.5820,19.2180,30.0700,0.0700,0.0949,0.4052,0.1800,2.4985,5.2060,9.5869,19.2255,30.0773,1000.0000,0.0547,0.0673,0.0763,0.0280,2.4990,1
17.10,5.2040,9.5820,19.2180,30.0700,0.0699,0.0948,0.4053,0.1801,2.4985,5.2060,9.5869,19.2255,30.0774,1000.0000,0.0545,0.0672,0.0764,0.0280,2.4990,1
17.20,5.2040,9.5820,19.2180,30.0700,0.0698,0.0947,0.4054,0.1802,2.4985,5.2060,9.5869,19.2256,30.0774,1000.0000,0.0543,0.0670,0.0764,0.0281,2.4990,1
17.30,5.2040,9.5820,19.2180,30.0700,0.0697,0.0946,0.4055,0.1802,2.4985,5.2060,9.5869,19.2256,30.0774,1000.0000,0.0541,0.0669,0.0765,0.0281,2.4990,1
17.40,5.2040,9.5820,19.2180,30.0700,0.0697,0.0945,0.4056,0.1803,2.4985,5.2060,9.5869,19.2256,30.0775,1000.0000,0.0539,0.0667,0.0765,0.0281,2.4990,1
17.50,5.2040,9.5820,19.2180,30.0700,0.0696,0.0944,0.4058,0.1804,2.4985,5.2060,9.5869,19.2257,30.0775,1000.0000,0.0538,0.0666,0.0766,0.0281,2.4990,1
17.60,5.2040,9.5820,19.2180,30.0700,0.0695,0.0943,0.4059,0.1804,2.4985,5.2060,9.5869,19.2257,30.0776,1000.0000,0.0536,0.0664,0.0767,0.0282,2.4990,1
17.70,5.2040,9.5820,19.2180,30.0700,0.0694,0.0943,0.4060,0.1805,2.4985,5.2060,9.5869,19.2257,30.0776,1000.0000,0.0534,0.0663,0.0767,0.0282,2.4990,1
17.80,5.2040,9.5820,19.2180,30.0700,0.0694,0.0942,0.4061,0.1805,2.4985,5.2060,9.5869,19.2258,30.0776,1000.0000,0.0532,0.0661,0.0768,0.0282,2.4990,1
17.90,5.2040,9.5820,19.2180,30.0700,0.0693,0.0941,0.4063,0.1806,2.4985,5.2060,9.5870,19.2258,30.0777,1000.0000,0.0530,0.0660,0.0768,0.0282,2.4990,1
18.00,5.2040,9.5820,19.2180,30.0700,0.0692,0.0940,0.4064,0.1807,2.4985,5.2059,9.5870,19.2258,30.0777,1000.0000,0.0529,0.0658,0.0769,0.0283,2.4990,1
18.10,5.2040,9.5820,19.2180,30.0700,0.0692,0.0939,0.4065,0.1807,2.4985,5.2059,9.5870,19.2259,30.0778,1000.0000,0.0527,0.0657,0.0769,0.0283,2.4990,1
18.20,5.2040,9.5820,19.2180,30.0700,0.0691,0.0938,0.4066,0.1808,2.4985,5.2059,9.5870,19.2259,30.0778,1000.0000,0.0525,0.0655,0.0770,0.0283,2.4990,1
18.30,5.2040,9.5820,19.2180,30.0700,0.0690,0.0937,0.4067,0.1809,2.4985,5.2059,9.5870,19.2259,30.0778,1000.0000,0.0523,0.0654,0.0770,0.0283,2.4990,1
18.40,5.2040,9.5820,19.2180,30.0700,0.0689,0.0936,0.4069,0.1809,2.4985,5.2059,9.5870,19.2260,30.0779,1000.0000,0.0522,0.0652,0.0771,0.0284,2.4991,1
18.50,5.2040,9.5820,19.2180,30.0700,0.0689,0.0935,0.4070,0.1810,2.4985,5.2059,9.5870,19.2260,30.0779,1000.0000,0.0520,0.0651,0.0771,0.0284,2.4991,1
18.60,5.2040,9.5820,19.2180,30.0700,0.0688,0.0934,0.4071,0.1810,2.4985,5.2059,9.5870,19.2260,30.0779,1000.0000,0.0518,0.0649,0.0772,0.0284,2.4991,1
18.70,5.2040,9.5820,19.2180,30.0700,0.0687,0.0933,0.4072,0.1811,2.4985,5.2059,9.5870,19.2260,30.0780,1000.0000,0.0516,0.0647,0.0772,0.0284,2.4991,1
18.80,5.2040,9.5820,19.2180,30.0700,0.0687,0.0932,0.4073,0.1812,2.4985,5.2059,9.5870,19.2261,30.0780,1000.0000,0.0515,0.0646,0.0773,0.0285,2.4991,1
18.90,5.2040,9.5820,19.2180,30.0700,0.0686,0.0931,0.4074,0.1812,2.4985,5.2059,9.5870,19.2261,30.0781,1000.0000,0.0513,0.0644,0.0773,0.0285,2.4991,1
19.00,5.2040,9.5820,19.2180,30.0700,0.0685,0.0930,0.4076,0.1813,2.4985,5.2059,9.5870,19.2261,30.0781,1000.0000,0.0511,0.0643,0.0774,0.0285,2.4991,1
19.10,5.2040,9.5820,19.2180,30.0700,0.0685,0.0930,0.4077,0.1813,2.4985,5.2059,9.5870,19.2262,30.0781,1000.0000,0.0509,0.0641,0.0775,0.0285,2.4991,1
19.20,5.2040,9.5820,19.2180,30.0700,0.0684,0.0929,0.4078,0.1814,2.4985,5.2059,9.5870,19.2262,30.0782,1000.0000,0.0508,0.0640,0.0775,0.0286,2.4991,1
19.30,5.2040,9.5820,19.2180,30.0700,0.0683,0.0928,0.4079,0.1814,2.4985,5.2059,9.5870,19.2262,30.0782,1000.0000,0.0506,0.0638,0.0776,0.0286,2.4991,1
19.40,5.2040,9.5820,19.2180,30.0700,0.0683,0.0927,0.4080,0.1815,2.4985,5.2059,9.5870,19.2262,30.0782,1000.0000,0.0504,0.0636,0.0776,0.0286,2.4991,1
19.50,5.2040,9.5820,19.2180,30.0700,0.0682,0.0926,0.4081,0.1816,2.4985,5.2059,9.5870,19.2263,30.0783,1000.0000,0.0503,0.0635,0.0777,0.0286,2.4991,1
19.60,5.2040,9.5820,19.2180,30.0700,0.0681,0.0925,0.4082,0.1816,2.4985,5.2059,9.5870,19.2263,30.0783,1000.0000,0.0501,0.0633,0.0777,0.0286,2.4991,1
19.70,5.2040,9.5820,19.2180,30.0700,0.0681,0.0924,0.4084,0.1817,2.4985,5.2058,9.5870,19.2263,30.0784,1000.0000,0.0499,0.0632,0.0778,0.0287,2.4991,1
19.80,5.2040,9.5820,19.2180,30.0700,0.0680,0.0923,0.4085,0.1817,2.4985,5.2058,9.5870,19.2264,30.0784,1000.0000,0.0498,0.0630,0.0778,0.0287,2.4991,1
19.90,5.2040,9.5820,19.2180,30.0700,0.0679,0.0922,0.4086,0.1818,2.4985,5.2058,9.5870,19.2264,30.0784,1000.0000,0.0496,0.0629,0.0779,0.0287,2.4991,1
20.00,5.2040,9.5820,19.2180,30.0700,0.0679,0.0922,0.4087,0.1818,2.4985,5.2058,9.5870,19.2264,30.0785,1000.0000,0.0495,0.0627,0.0779,0.0287,2.4991,1
20.10,5.2040,9.5820,19.2180,30.0700,0.0678,0.0921,0.4088,0.1819,2.4985,5.2058,9.5870,19.2264,30.0785,1000.0000,0.0493,0.0625,0.0780,0.0288,2.4991,1
20.20,5.2040,9.5820,19.2180,30.0700,0.0677,0.0920,0.4089,0.1819,2.4985,5.2058,9.5870,19.2265,30.0785,1000.0000,0.0491,0.0624,0.0780,0.0288,2.4992,1
20.30,5.2040,9.5820,19.2180,30.0700,0.0677,0.0919,0.4090,0.1820,2.4985,5.2058,9.5870,19.2265,30.0786,1000.0000,0.0490,0.0622,0.0781,0.0288,2.4992,1
20.40,5.2040,9.5820,19.2180,30.0700,0.0676,0.0918,0.4091,0.1820,2.4985,5.2058,9.5870,19.2265,30.0786,1000.0000,0.0488,0.0621,0.0781,0.0288,2.4992,1
20.50,5.2040,9.5820,19.2180,30.0700,0.0676,0.0917,0.4092,0.1821,2.4985,5.2058,9.5870,19.2265,30.0787,1000.0000,0.0487,0.0619,0.0782,0.0288,2.4992,1
20.60,5.2040,9.5820,19.2180,30.0700,0.0675,0.0917,0.4094,0.1821,2.4985,5.2058,9.5870,19.2266,30.0787,1000.0000,0.0485,0.0618,0.0782,0.0289,2.4992,1
20.70,5.2040,9.5820,19.2180,30.0700,0.0674,0.0916,0.4095,0.1822,2.4985,5.2058,9.5870,19.2266,30.0787,1000.0000,0.0484,0.0616,0.0783,0.0289,2.4992,1
20.80,5.2040,9.5820,19.2180,30.0700,0.0674,0.0915,0.4096,0.1822,2.4985,5.2057,9.5870,19.2266,30.0788,1000.0000,0.0482,0.0614,0.0783,0.0289,2.4992,1
20.90,5.2040,9.5820,19.2180,30.0700,0.0673,0.0914,0.4097,0.1823,2.4985,5.2057,9.5870,19.2266,30.0788,1000.0000,0.0481,0.0613,0.0784,0.0289,2.4992,1
21.00,5.2040,9.5820,19.2180,30.0700,0.0672,0.0913,0.4098,0.1823,2.4985,5.2057,9.5870,19.2267,30.0788,1000.0000,0.0479,0.0611,0.0784,0.0289,2.4992,1
21.10,5.2040,9.5820,19.2180,30.0700,0.0672,0.0912,0.4099,0.1824,2.4985,5.2057,9.5870,19.2267,30.0789,1000.0000,0.0478,0.0610,0.0785,0.0290,2.4992,1
21.20,5.2040,9.5820,19.2180,30.0700,0.0671,0.0912,0.4100,0.1824,2.4985,5.2057,9.5870,19.2267,30.0789,1000.0000,0.0476,0.0608,0.0785,0.0290,2.4992,1
21.30,5.2040,9.5820,19.2180,30.0700,0.0671,0.0911,0.4101,0.1825,2.4985,5.2057,9.5870,19.2267,30.0789,1000.0000,0.0475,0.0607,0.0785,0.0290,2.4992,1
21.40,5.2040,9.5820,19.2180,30.0700,0.0670,0.0910,0.4102,0.1825,2.4985,5.2057,9.5870,19.2268,30.0790,1000.0000,0.0473,0.0605,0.0786,0.0290,2.4992,1
21.50,5.2040,9.5820,19.2180,30.0700,0.0669,0.0909,0.4103,0.1826,2.4985,5.2057,9.5869,19.2268,30.0790,1000.0000,0.0472,0.0604,0.0786,0.0290,2.4992,1
21.60,5.2040,9.5820,19.2180,30.0700,0.0669,0.0908,0.4104,0.1826,2.4985,5.2057,9.5869,19.2268,30.0791,1000.0000,0.0471,0.0602,0.0787,0.0291,2.4992,1
21.70,5.2040,9.5820,19.2180,30.0700,0.0668,0.0908,0.4105,0.1827,2.4985,5.2057,9.5869,19.2268,30.0791,1000.0000,0.0469,0.0601,0.0787,0.0291,2.4992,1
21.80,5.2040,9.5820,19.2180,30.0700,0.0668,0.0907,0.4106,0.1827,2.4985,5.2056,9.5869,19.2269,30.0791,1000.0000,0.0468,0.0599,0.0788,0.0291,2.4992,1
21.90,5.2040,9.5820,19.2180,30.0700,0.0667,0.0906,0.4107,0.1828,2.4985,5.2056,9.5869,19.2269,30.0792,1000.0000,0.0467,0.0598,0.0788,0.0291,2.4992,1
22.00,5.2040,9.5820,19.2180,30.0700,0.0666,0.0905,0.4108,0.1828,2.4985,5.2056,9.5869,19.2269,30.0792,1000.0000,0.0465,0.0596,0.0789,0.0291,2.4993,1
22.10,5.2040,9.5820,19.2180,30.0700,0.0666,0.0905,0.4109,0.1829,2.4985,5.2056,9.5869,19.2269,30.0792,1000.0000,0.0464,0.0594,0.0789,0.0291,2.4993,1
22.20,5.2040,9.5820,19.2180,30.0700,0.0665,0.0904,0.4110,0.1829,2.4985,5.2056,9.5869,19.2270,30.0793,1000.0000,0.0463,0.0593,0.0790,0.0292,2.4993,1
22.30,5.2040,9.5820,19.2180,30.0700,0.0665,0.0903,0.4111,0.1830,2.4985,5.2056,9.5869,19.2270,30.0793,1000.0000,0.0461,0.0592,0.0790,0.0292,2.4993,1
22.40,5.2040,9.5820,19.2180,30.0700,0.0664,0.0902,0.4112,0.1830,2.4985,5.2056,9.5869,19.2270,30.0793,1000.0000,0.0460,0.0590,0.0791,0.0292,2.4993,1
22.50,5.2040,9.5820,19.2180,30.0700,0.0664,0.0901,0.4113,0.1830,2.4985,5.2056,9.5869,19.2270,30.0794,1000.0000,0.0459,0.0589,0.0791,0.0292,2.4993,1
22.60,5.2040,9.5820,19.2180,30.0700,0.0663,0.0901,0.4114,0.1831,2.4985,5.2055,9.5869,19.2270,30.0794,1000.0000,0.0458,0.0587,0.0791,0.0292,2.4993,1
22.70,5.2040,9.5820,19.2180,30.0700,0.0662,0.0900,0.4115,0.1831,2.4985,5.2055,9.5869,19.2271,30.0794,1000.0000,0.0457,0.0586,0.0792,0.0293,2.4993,1
22.80,5.2040,9.5820,19.2180,30.0700,0.0662,0.0899,0.4116,0.1832,2.4985,5.2055,9.5868,19.2271,30.0795,1000.0000,0.0455,0.0584,0.0792,0.0293,2.4993,1
22.90,5.2040,9.5820,19.2180,30.0700,0.0661,0.0898,0.4117,0.1832,2.4985,5.2055,9.5868,19.2271,30.0795,1000.0000,0.0454,0.0583,0.0793,0.0293,2.4993,1
23.00,5.2040,9.5820,19.2180,30.0700,0.0661,0.0898,0.4118,0.1833,2.4985,5.2055,9.5868,19.2271,30.0795,1000.0000,0.0453,0.0581,0.0793,0.0293,2.4993,1
23.10,5.2040,9.5820,19.2180,30.0700,0.0660,0.0897,0.4119,0.1833,2.4985,5.2055,9.5868,19.2271,30.0796,1000.0000,0.0452,0.0580,0.0794,0.0293,2.4993,1
23.20,5.2040,9.5820,19.2180,30.0700,0.0660,0.0896,0.4120,0.1833,2.4985,5.2055,9.5868,19.2272,30.0796,1000.0000,0.0451,0.0578,0.0794,0.0293,2.4993,1
23.30,5.2040,9.5820,19.2180,30.0700,0.0659,0.0896,0.4121,0.1834,2.4985,5.2055,9.5868,19.2272,30.0797,1000.0000,0.0450,0.0577,0.0795,0.0294,2.4993,1
23.40,5.2040,9.5820,19.2180,30.0700,0.0659,0.0895,0.4122,0.1834,2.4985,5.2054,9.5868,19.2272,30.0797,1000.0000,0.0449,0.0576,0.0795,0.0294,2.4993,1
23.50,5.2040,9.5820,19.2180,30.0700,0.0658,0.0894,0.4123,0.1835,2.4985,5.2054,9.5868,19.2272,30.0797,1000.0000,0.0448,0.0574,0.0795,0.0294,2.4993,1
23.60,5.2040,9.5820,19.2180,30.0700,0.0658,0.0893,0.4124,0.1835,2.4985,5.2054,9.5868,19.2272,30.0798,1000.0000,0.0447,0.0573,0.0796,0.0294,2.4993,1
23.70,5.2040,9.5820,19.2180,30.0700,0.0657,0.0893,0.4125,0.1835,2.4985,5.2054,9.5867,19.2273,30.0798,1000.0000,0.0446,0.0571,0.0796,0.0294,2.4993,1
23.80,5.2040,9.5820,19.2180,30.0700,0.0656,0.0892,0.4126,0.1836,2.4985,5.2054,9.5867,19.2273,30.0798,1000.0000,0.0445,0.0570,0.0797,0.0294,2.4993,1
23.90,5.2040,9.5820,19.2180,30.0700,0.0656,0.0891,0.4127,0.1836,2.4985,5.2054,9.5867,19.2273,30.0799,1000.0000,0.0444,0.0569,0.0797,0.0294,2.4994,1
24.00,5.2040,9.5820,19.2180,30.0700,0.0655,0.0891,0.4128,0.1836,2.4985,5.2054,9.5867,19.2273,30.0799,1000.0000,0.0443,0.0567,0.0797,0.0295,2.4994,1
24.10,5.2040,9.5820,19.2180,30.0700,0.0655,0.0890,0.4129,0.1837,2.4985,5.2053,9.5867,19.2273,30.0799,1000.0000,0.0442,0.0566,0.0798,0.0295,2.4994,1
24.20,5.2040,9.5820,19.2180,30.0700,0.0654,0.0889,0.4130,0.1837,2.4985,5.2053,9.5867,19.2274,30.0800,1000.0000,0.0441,0.0565,0.0798,0.0295,2.4994,1
24.30,5.2040,9.5820,19.2180,30.0700,0.0654,0.0888,0.4130,0.1837,2.4985,5.2053,9.5867,19.2274,30.0800,1000.0000,0.0440,0.0563,0.0799,0.0295,2.4994,1
24.40,5.2040,9.5820,19.2180,30.0700,0.0653,0.0888,0.4131,0.1838,2.4985,5.2053,9.5866,19.2274,30.0800,1000.0000,0.0439,0.0562,0.0799,0.0295,2.4994,1
24.50,5.2040,9.5820,19.2180,30.0700,0.0653,0.0887,0.4132,0.1838,2.4985,5.2053,9.5866,19.2274,30.0801,1000.0000,0.0438,0.0561,0.0799,0.0295,2.4994,1
24.60,5.2040,9.5820,19.2180,30.0700,0.0652,0.0886,0.4133,0.1838,2.4985,5.2053,9.5866,19.2274,30.0801,1000.0000,0.0437,0.0559,0.0800,0.0295,2.4994,1
24.70,5.2040,9.5820,19.2180,30.0700,0.0652,0.0886,0.4134,0.1839,2.4985,5.2052,9.5866,19.2274,30.0801,1000.0000,0.0437,0.0558,0.0800,0.0296,2.4994,1
24.80,5.2040,9.5820,19.2180,30.0700,0.0651,0.0885,0.4135,0.1839,2.4985,5.2052,9.5866,19.2275,30.0802,1000.0000,0.0436,0.0557,0.0801,0.0296,2.4994,1
24.90,5.2040,9.5820,19.2180,30.0700,0.0651,0.0884,0.4136,0.1839,2.4985,5.2052,9.5866,19.2275,30.0802,1000.0000,0.0435,0.0555,0.0801,0.0296,2.4994,1
25.00,5.2040,9.5820,19.2180,30.0700,0.0650,0.0884,0.4137,0.1840,2.4985,5.2052,9.5865,19.2275,30.0802,1000.0000,0.0434,0.0554,0.0801,0.0296,2.4994,1
25.10,5.2040,9.5820,19.2180,30.0700,0.0650,0.0883,0.4137,0.1840,2.4985,5.2052,9.5865,19.2275,30.0803,1000.0000,0.0433,0.0553,0.0802,0.0296,2.4994,1
25.20,5.2040,9.5820,19.2180,30.0700,0.0649,0.0882,0.4138,0.1840,2.4985,5.2052,9.5865,19.2275,30.0803,1000.0000,0.0433,0.0552,0.0802,0.0296,2.4994,1
25.30,5.2040,9.5820,19.2180,30.0700,0.0649,0.0882,0.4139,0.1841,2.4985,5.2051,9.5865,19.2275,30.0803,1000.0000,0.0432,0.0550,0.0803,0.0296,2.4994,1
25.40,5.2040,9.5820,19.2180,30.0700,0.0648,0.0881,0.4140,0.1841,2.4985,5.2051,9.5865,19.2276,30.0804,1000.0000,0.0431,0.0549,0.0803,0.0296,2.4994,1
25.50,5.2040,9.5820,19.2180,30.0700,0.0648,0.0880,0.4141,0.1841,2.4985,5.2051,9.5865,19.2276,30.0804,1000.0000,0.0431,0.0548,0.0803,0.0297,2.4994,1
25.60,5.2040,9.5820,19.2180,30.0700,0.0647,0.0880,0.4142,0.1842,2.4985,5.2051,9.5864,19.2276,30.0804,1000.0000,0.0430,0.0547,0.0804,0.0297,2.4994,1
25.70,5.2040,9.5820,19.2180,30.0700,0.0647,0.0879,0.4143,0.1842,2.4985,5.2051,9.5864,19.2276,30.0805,1000.0000,0.0429,0.0546,0.0804,0.0297,2.4994,1
25.80,5.2040,9.5820,19.2180,30.0700,0.0646,0.0878,0.4143,0.1842,2.4985,5.2051,9.5864,19.2276,30.0805,1000.0000,0.0429,0.0544,0.0804,0.0297,2.4994,1
25.90,5.2040,9.5820,19.2180,30.0700,0.0646,0.0878,0.4144,0.1842,2.4985,5.2050,9.5864,19.2276,30.0805,1000.0000,0.0428,0.0543,0.0805,0.0297,2.4995,1
26.00,5.2040,9.5820,19.2180,30.0700,0.0645,0.0877,0.4145,0.1843,2.4985,5.2050,9.5864,19.2276,30.0805,1000.0000,0.0428,0.0542,0.0805,0.0297,2.4995,1
26.10,5.2040,9.5820,19.2180,30.0700,0.0645,0.0876,0.4146,0.1843,2.4985,5.2050,9.5863,19.2276,30.0806,1000.0000,0.0427,0.0541,0.0806,0.0297,2.4995,1
26.20,5.2040,9.5820,19.2180,30.0700,0.0644,0.0876,0.4147,0.1843,2.4985,5.2050,9.5863,19.2277,30.0806,1000.0000,0.0426,0.0540,0.0806,0.0297,2.4995,1
26.30,5.2040,9.5820,19.2180,30.0700,0.0644,0.0875,0.4147,0.1843,2.4985,5.2050,9.5863,19.2277,30.0806,1000.0000,0.0426,0.0539,0.0806,0.0297,2.4995,1
26.40,5.2040,9.5820,19.2180,30.0700,0.0643,0.0875,0.4148,0.1844,2.4985,5.2050,9.5863,19.2277,30.0807,1000.0000,0.0425,0.0538,0.0807,0.0297,2.4995,1
26.50,5.2040,9.5820,19.2180,30.0700,0.0643,0.0874,0.4149,0.1844,2.4985,5.2049,9.5863,19.2277,30.0807,1000.0000,0.0425,0.0536,0.0807,0.0298,2.4995,1
26.60,5.2040,9.5820,19.2180,30.0700,0.0643,0.0873,0.4150,0.1844,2.4985,5.2049,9.5862,19.2277,30.0807,1000.0000,0.0424,0.0535,0.0807,0.0298,2.4995,1
26.70,5.2040,9.5820,19.2180,30.0700,0.0642,0.0873,0.4150,0.1844,2.4985,5.2049,9.5862,19.2277,30.0808,1000.0000,0.0424,0.0534,0.0808,0.0298,2.4995,1
26.80,5.2040,9.5820,19.2180,30.0700,0.0642,0.0872,0.4151,0.1845,2.4985,5.2049,9.5862,19.2277,30.0808,1000.0000,0.0424,0.0533,0.0808,0.0298,2.4995,1
26.90,5.2040,9.5820,19.2180,30.0700,0.0641,0.0872,0.4152,0.1845,2.4985,5.2049,9.5862,19.2277,30.0808,1000.0000,0.0423,0.0532,0.0808,0.0298,2.4995,1
27.00,5.2040,9.5820,19.2180,30.0700,0.0641,0.0871,0.4153,0.1845,2.4985,5.2049,9.5862,19.2278,30.0809,1000.0000,0.0423,0.0531,0.0809,0.0298,2.4995,1
27.10,5.2040,9.5820,19.2180,30.0700,0.0640,0.0870,0.4154,0.1845,2.4985,5.2048,9.5861,19.2278,30.0809,1000.0000,0.0422,0.0530,0.0809,0.0298,2.4995,1
27.20,5.2040,9.5820,19.2180,30.0700,0.0640,0.0870,0.4154,0.1846,2.4985,5.2048,9.5861,19.2278,30.0809,1000.0000,0.0422,0.0529,0.0809,0.0298,2.4995,1
27.30,5.2040,9.5820,19.2180,30.0700,0.0639,0.0869,0.4155,0.1846,2.4985,5.2048,9.5861,19.2278,30.0810,1000.0000,0.0422,0.0528,0.0810,0.0298,2.4995,1
27.40,5.2040,9.5820,19.2180,30.0700,0.0639,0.0869,0.4156,0.1846,2.4985,5.2048,9.5861,19.2278,30.0810,1000.0000,0.0421,0.0527,0.0810,0.0298,2.4995,1
27.50,5.2040,9.5820,19.2180,30.0700,0.0638,0.0868,0.4156,0.1846,2.4985,5.2048,9.5860,19.2278,30.0810,1000.0000,0.0421,0.0526,0.0810,0.0298,2.4995,1
27.60,5.2040,9.5820,19.2180,30.0700,0.0638,0.0867,0.4157,0.1846,2.4985,5.2047,9.5860,19.2278,30.0810,1000.0000,0.0421,0.0525,0.0811,0.0299,2.4995,1
27.70,5.2040,9.5820,19.2180,30.0700,0.0638,0.0867,0.4158,0.1847,2.4985,5.2047,9.5860,19.2278,30.0811,1000.0000,0.0421,0.0524,0.0811,0.0299,2.4995,1
27.80,5.2040,9.5820,19.2180,30.0700,0.0637,0.0866,0.4159,0.1847,2.4985,5.2047,9.5860,19.2278,30.0811,1000.0000,0.0420,0.0523,0.0811,0.0299,2.4995,1
27.90,5.2040,9.5820,19.2180,30.0700,0.0637,0.0866,0.4159,0.1847,2.4985,5.2047,9.5859,19.2278,30.0811,1000.0000,0.0420,0.0522,0.0812,0.0299,2.4995,1
28.00,5.2040,9.5820,19.2180,30.0700,0.0636,0.0865,0.4160,0.1847,2.4985,5.2047,9.5859,19.2279,30.0812,1000.0000,0.0420,0.0521,0.0812,0.0299,2.4995,1
28.10,5.2040,9.5820,19.2180,30.0700,0.0636,0.0864,0.4161,0.1847,2.4985,5.2047,9.5859,19.2279,30.0812,1000.0000,0.0420,0.0520,0.0812,0.0299,2.4995,1
28.20,5.2040,9.5820,19.2180,30.0700,0.0635,0.0864,0.4161,0.1847,2.4985,5.2046,9.5859,19.2279,30.0812,1000.0000,0.0419,0.0519,0.0813,0.0299,2.4996,1
28.30,5.2040,9.5820,19.2180,30.0700,0.0635,0.0863,0.4162,0.1848,2.4985,5.2046,9.5858,19.2279,30.0813,1000.0000,0.0419,0.0519,0.0813,0.0299,2.4996,1
28.40,5.2040,9.5820,19.2180,30.0700,0.0635,0.0863,0.4163,0.1848,2.4985,5.2046,9.5858,19.2279,30.0813,1000.0000,0.0419,0.0518,0.0813,0.0299,2.4996,1
28.50,5.2040,9.5820,19.2180,30.0700,0.0634,0.0862,0.4163,0.1848,2.4985,5.2046,9.5858,19.2279,30.0813,1000.0000,0.0419,0.0517,0.0814,0.0299,2.4996,1
28.60,5.2040,9.5820,19.2180,30.0700,0.0634,0.0862,0.4164,0.1848,2.4985,5.2046,9.5858,19.2279,30.0813,1000.0000,0.0419,0.0516,0.0814,0.0299,2.4996,1
28.70,5.2040,9.5820,19.2180,30.0700,0.0633,0.0861,0.4165,0.1848,2.4985,5.2045,9.5857,19.2279,30.0814,1000.0000,0.0419,0.0515,0.0814,0.0299,2.4996,1
28.80,5.2040,9.5820,19.2180,30.0700,0.0633,0.0861,0.4165,0.1848,2.4985,5.2045,9.5857,19.2279,30.0814,1000.0000,0.0419,0.0514,0.0814,0.0299,2.4996,1
28.90,5.2040,9.5820,19.2180,30.0700,0.0632,0.0860,0.4166,0.1848,2.4985,5.2045,9.5857,19.2279,30.0814,1000.0000,0.0419,0.0514,0.0815,0.0299,2.4996,1
29.00,5.2040,9.5820,19.2180,30.0700,0.0632,0.0859,0.4167,0.1849,2.4985,5.2045,9.5857,19.2279,30.0815,1000.0000,0.0419,0.0513,0.0815,0.0299,2.4996,1
29.10,5.2040,9.5820,19.2180,30.0700,0.0632,0.0859,0.4167,0.1849,2.4985,5.2045,9.5856,19.2279,30.0815,1000.0000,0.0419,0.0512,0.0815,0.0299,2.4996,1
29.20,5.2040,9.5820,19.2180,30.0700,0.0631,0.0858,0.4168,0.1849,2.4985,5.2044,9.5856,19.2279,30.0815,1000.0000,0.0419,0.0511,0.0816,0.0300,2.4996,1
29.30,5.2040,9.5820,19.2180,30.0700,0.0631,0.0858,0.4169,0.1849,2.4985,5.2044,9.5856,19.2279,30.0816,1000.0000,0.0419,0.0510,0.0816,0.0300,2.4996,1
29.40,5.2040,9.5820,19.2180,30.0700,0.0630,0.0857,0.4169,0.1849,2.4985,5.2044,9.5856,19.2279,30.0816,1000.0000,0.0419,0.0510,0.0816,0.0300,2.4996,1
29.50,5.2040,9.5820,19.2180,30.0700,0.0630,0.0857,0.4170,0.1849,2.4985,5.2044,9.5855,19.2280,30.0816,1000.0000,0.0419,0.0509,0.0816,0.0300,2.4996,1
29.60,5.2040,9.5820,19.2180,30.0700,0.0630,0.0856,0.4170,0.1849,2.4985,5.2044,9.5855,19.2280,30.0816,1000.0000,0.0419,0.0508,0.0817,0.0300,2.4996,1
29.70,5.2040,9.5820,19.2180,30.0700,0.0629,0.0856,0.4171,0.1849,2.4985,5.2043,9.5855,19.2280,30.0817,1000.0000,0.0419,0.0508,0.0817,0.0300,2.4996,1
29.80,5.2040,9.5820,19.2180,30.0700,0.0629,0.0855,0.4172,0.1849,2.4985,5.2043,9.5854,19.2280,30.0817,1000.0000,0.0419,0.0507,0.0817,0.0300,2.4996,1
29.90,5.2040,9.5820,19.2180,30.0700,0.0628,0.0855,0.4172,0.1849,2.4985,5.2043,9.5854,19.2280,30.0817,1000.0000,0.0419,0.0506,0.0818,0.0300,2.4996,1
30.00,5.2040,9.5820,19.2180,30.0700,0.0628,0.0854,0.4173,0.1849,2.4985,5.2043,9.5854,19.2280,30.0817,1000.0000,0.0419,0.0505,0.0818,0.0300,2.4996,1
30.10,5.2040,9.5820,19.2180,30.0700,0.0628,0.0854,0.4173,0.1850,2.4985,5.2043,9.5853,19.2280,30.0818,1000.0000,0.0419,0.0505,0.0818,0.0300,2.4996,1
30.20,5.2040,9.5820,19.2180,30.0700,0.0627,0.0853,0.4174,0.1850,2.4985,5.2042,9.5853,19.2280,30.0818,1000.0000,0.0419,0.0504,0.0818,0.0300,2.4996,1
30.30,5.2040,9.5820,19.2180,30.0700,0.0627,0.0853,0.4175,0.1850,2.4985,5.2042,9.5853,19.2280,30.0818,1000.0000,0.0419,0.0504,0.0819,0.0300,2.4996,1
30.40,5.2040,9.5820,19.2180,30.0700,0.0627,0.0852,0.4175,0.1850,2.4985,5.2042,9.5853,19.2280,30.0819,1000.0000,0.0419,0.0503,0.0819,0.0300,2.4996,1
30.50,5.2040,9.5820,19.2180,30.0700,0.0626,0.0852,0.4176,0.1850,2.4985,5.2042,9.5852,19.2280,30.0819,1000.0000,0.0420,0.0502,0.0819,0.0300,2.4996,1
30.60,5.2040,9.5820,19.2180,30.0700,0.0626,0.0851,0.4176,0.1850,2.4985,5.2042,9.5852,19.2280,30.0819,1000.0000,0.0420,0.0502,0.0819,0.0300,2.4996,1
30.70,5.2040,9.5820,19.2180,30.0700,0.0625,0.0851,0.4177,0.1850,2.4985,5.2041,9.5852,19.2280,30.0819,1000.0000,0.0420,0.0501,0.0820,0.0300,2.4996,1
30.80,5.2040,9.5820,19.2180,30.0700,0.0625,0.0850,0.4177,0.1850,2.4985,5.2041,9.5851,19.2280,30.0820,1000.0000,0.0420,0.0501,0.0820,0.0300,2.4996,1
30.90,5.2040,9.5820,19.2180,30.0700,0.0625,0.0850,0.4178,0.1850,2.4985,5.2041,9.5851,19.2280,30.0820,1000.0000,0.0420,0.0500,0.0820,0.0300,2.4996,1
31.00,5.2040,9.5820,19.2180,30.0700,0.0624,0.0849,0.4178,0.1850,2.4985,5.2041,9.5851,19.2280,30.0820,1000.0000,0.0421,0.0499,0.0820,0.0300,2.4996,1
31.10,5.2040,9.5820,19.2180,30.0700,0.0624,0.0849,0.4179,0.1850,2.4985,5.2041,9.5850,19.2280,30.0821,1000.0000,0.0421,0.0499,0.0820,0.0300,2.4996,1
31.20,5.2040,9.5820,19.2180,30.0700,0.0624,0.0848,0.4179,0.1850,2.4985,5.2040,9.5850,19.2280,30.0821,1000.0000,0.0421,0.0498,0.0821,0.0300,2.4996,1
31.30,5.2040,9.5820,19.2180,30.0700,0.0623,0.0848,0.4180,0.1850,2.4985,5.2040,9.5850,19.2280,30.0821,1000.0000,0.0421,0.0498,0.0821,0.0300,2.4996,1
31.40,5.2040,9.5820,19.2180,30.0700,0.0623,0.0847,0.4180,0.1850,2.4985,5.2040,9.5849,19.2280,30.0821,1000.0000,0.0422,0.0497,0.0821,0.0300,2.4996,1
31.50,5.2040,9.5820,19.2180,30.0700,0.0622,0.0847,0.4181,0.1850,2.4985,5.2040,9.5849,19.2280,30.0822,1000.0000,0.0422,0.0497,0.0821,0.0300,2.4996,1
31.60,5.2040,9.5820,19.2180,30.0700,0.0622,0.0846,0.4181,0.1850,2.4985,5.2040,9.5849,19.2280,30.0822,1000.0000,0.0422,0.0496,0.0822,0.0300,2.4996,1
31.70,5.2040,9.5820,19.2180,30.0700,0.0622,0.0846,0.4182,0.1850,2.4985,5.2039,9.5848,19.2280,30.0822,1000.0000,0.0423,0.0496,0.0822,0.0300,2.4996,1
31.80,5.2040,9.5820,19.2180,30.0700,0.0621,0.0845,0.4182,0.1850,2.4985,5.2039,9.5848,19.2280,30.0822,1000.0000,0.0423,0.0495,0.0822,0.0300,2.4996,1
31.90,5.2040,9.5820,19.2180,30.0700,0.0621,0.0845,0.4183,0.1850,2.4985,5.2039,9.5848,19.2280,30.0823,1000.0000,0.0423,0.0495,0.0822,0.0300,2.4997,1
32.00,5.2040,9.5820,19.2180,30.0700,0.0621,0.0844,0.4183,0.1850,2.4985,5.2039,9.5847,19.2280,30.0823,1000.0000,0.0424,0.0495,0.0822,0.0300,2.4997,1
32.10,5.2040,9.5820,19.2180,30.0700,0.0620,0.0844,0.4184,0.1850,2.4985,5.2039,9.5847,19.2280,30.0823,1000.0000,0.0424,0.0494,0.0823,0.0300,2.4997,1
32.20,5.2040,9.5820,19.2180,30.0700,0.0620,0.0843,0.4184,0.1850,2.4985,5.2038,9.5847,19.2280,30.0823,1000.0000,0.0424,0.0494,0.0823,0.0300,2.4997,1
32.30,5.2040,9.5820,19.2180,30.0700,0.0620,0.0843,0.4185,0.1850,2.4985,5.2038,9.5846,19.2280,30.0824,1000.0000,0.0425,0.0493,0.0823,0.0300,2.4997,1
32.40,5.2040,9.5820,19.2180,30.0700,0.0619,0.0842,0.4185,0.1850,2.4985,5.2038,9.5846,19.2280,30.0824,1000.0000,0.0425,0.0493,0.0823,0.0300,2.4997,1
32.50,5.2040,9.5820,19.2180,30.0700,0.0619,0.0842,0.4185,0.1850,2.4985,5.2038,9.5846,19.2280,30.0824,1000.0000,0.0426,0.0493,0.0823,0.0300,2.4997,1
32.60,5.2040,9.5820,19.2180,30.0700,0.0619,0.0841,0.4186,0.1850,2.4985,5.2038,9.5845,19.2280,30.0824,1000.0000,0.0426,0.0492,0.0824,0.0300,2.4997,1
32.70,5.2040,9.5820,19.2180,30.0700,0.0618,0.0841,0.4186,0.1850,2.4985,5.2037,9.5845,19.2280,30.0825,1000.0000,0.0426,0.0492,0.0824,0.0300,2.4997,1
32.80,5.2040,9.5820,19.2180,30.0700,0.0618,0.0840,0.4187,0.1850,2.4985,5.2037,9.5845,19.2280,30.0825,1000.0000,0.0427,0.0492,0.0824,0.0300,2.4997,1
32.90,5.2040,9.5820,19.2180,30.0700,0.0618,0.0840,0.4187,0.1849,2.4985,5.2037,9.5844,19.2280,30.0825,1000.0000,0.0427,0.0491,0.0824,0.0300,2.4997,1
33.00,5.2040,9.5820,19.2180,30.0700,0.0617,0.0840,0.4187,0.1849,2.4985,5.2037,9.5844,19.2280,30.0825,1000.0000,0.0428,0.0491,0.0824,0.0300,2.4997,1
33.10,5.2040,9.5820,19.2180,30.0700,0.0617,0.0839,0.4188,0.1849,2.4985,5.2037,9.5844,19.2280,30.0826,1000.0000,0.0428,0.0491,0.0825,0.0300,2.4997,1
33.20,5.2040,9.5820,19.2180,30.0700,0.0617,0.0839,0.4188,0.1849,2.4985,5.2036,9.5843,19.2280,30.0826,1000.0000,0.0429,0.0490,0.0825,0.0300,2.4997,1
33.30,5.2040,9.5820,19.2180,30.0700,0.0616,0.0838,0.4189,0.1849,2.4985,5.2036,9.5843,19.2280,30.0826,1000.0000,0.0429,0.0490,0.0825,0.0300,2.4997,1
33.40,5.2040,9.5820,19.2180,30.0700,0.0616,0.0838,0.4189,0.1849,2.4985,5.2036,9.5843,19.2280,30.0826,1000.0000,0.0430,0.0490,0.0825,0.0300,2.4997,1
33.50,5.2040,9.5820,19.2180,30.0700,0.0616,0.0837,0.4189,0.1849,2.4985,5.2036,9.5842,19.2279,30.0827,1000.0000,0.0430,0.0490,0.0825,0.0300,2.4997,1
33.60,5.2040,9.5820,19.2180,30.0700,0.0615,0.0837,0.4190,0.1849,2.4985,5.2036,9.5842,19.2279,30.0827,1000.0000,0.0431,0.0489,0.0825,0.0300,2.4997,1
33.70,5.2040,9.5820,19.2180,30.0700,0.0615,0.0837,0.4190,0.1849,2.4985,5.2035,9.5842,19.2279,30.0827,1000.0000,0.0431,0.0489,0.0826,0.0299,2.4997,1
33.80,5.2040,9.5820,19.2180,30.0700,0.0615,0.0836,0.4190,0.1849,2.4985,5.2035,9.5841,19.2279,30.0827,1000.0000,0.0432,0.0489,0.0826,0.0299,2.4997,1
33.90,5.2040,9.5820,19.2180,30.0700,0.0614,0.0836,0.4191,0.1848,2.4985,5.2035,9.5841,19.2279,30.0828,1000.0000,0.0432,0.0489,0.0826,0.0299,2.4997,1
34.00,5.2040,9.5820,19.2180,30.0700,0.0614,0.0835,0.4191,0.1848,2.4985,5.2035,9.5840,19.2279,30.0828,1000.0000,0.0433,0.0488,0.0826,0.0299,2.4997,1
34.10,5.2040,9.5820,19.2180,30.0700,0.0614,0.0835,0.4191,0.1848,2.4985,5.2035,9.5840,19.2279,30.0828,1000.0000,0.0433,0.0488,0.0826,0.0299,2.4997,1
34.20,5.2040,9.5820,19.2180,30.0700,0.0613,0.0834,0.4192,0.1848,2.4985,5.2035,9.5840,19.2279,30.0828,1000.0000,0.0434,0.0488,0.0826,0.0299,2.4997,1
34.30,5.2040,9.5820,19.2180,30.0700,0.0613,0.0834,0.4192,0.1848,2.4985,5.2034,9.5839,19.2279,30.0829,1000.0000,0.0434,0.0488,0.0826,0.0299,2.4997,1
34.40,5.2040,9.5820,19.2180,30.0700,0.0613,0.0834,0.4192,0.1848,2.4985,5.2034,9.5839,19.2279,30.0829,1000.0000,0.0435,0.0488,0.0827,0.0299,2.4997,1
34.50,5.2040,9.5820,19.2180,30.0700,0.0612,0.0833,0.4193,0.1848,2.4985,5.2034,9.5839,19.2279,30.0829,1000.0000,0.0435,0.0488,0.0827,0.0299,2.4997,1
34.60,5.2040,9.5820,19.2180,30.0700,0.0612,0.0833,0.4193,0.1847,2.4985,5.2034,9.5838,19.2279,30.0829,1000.0000,0.0436,0.0487,0.0827,0.0299,2.4997,1
34.70,5.2040,9.5820,19.2180,30.0700,0.0612,0.0832,0.4193,0.1847,2.4985,5.2034,9.5838,19.2279,30.0829,1000.0000,0.0436,0.0487,0.0827,0.0299,2.4997,1
34.80,5.2040,9.5820,19.2180,30.0700,0.0611,0.0832,0.4194,0.1847,2.4985,5.2033,9.5838,19.2279,30.0830,1000.0000,0.0437,0.0487,0.0827,0.0299,2.4997,1
34.90,5.2040,9.5820,19.2180,30.0700,0.0611,0.0831,0.4194,0.1847,2.4985,5.2033,9.5837,19.2278,30.0830,1000.0000,0.0438,0.0487,0.0827,0.0299,2.4997,1
35.00,5.2040,9.5820,19.2180,30.0700,0.0611,0.0831,0.4194,0.1847,2.4985,5.2033,9.5837,19.2278,30.0830,1000.0000,0.0438,0.0487,0.0827,0.0299,2.4997,1
35.10,5.2040,9.5820,19.2180,30.0700,0.0610,0.0831,0.4194,0.1847,2.4985,5.2033,9.5836,19.2278,30.0830,1000.0000,0.0439,0.0487,0.0828,0.0299,2.4997,1
35.20,5.2040,9.5820,19.2180,30.0700,0.0610,0.0830,0.4195,0.1846,2.4985,5.2033,9.5836,19.2278,30.0831,1000.0000,0.0439,0.0487,0.0828,0.0299,2.4997,1
35.30,5.2040,9.5820,19.2180,30.0700,0.0610,0.0830,0.4195,0.1846,2.4985,5.2032,9.5836,19.2278,30.0831,1000.0000,0.0440,0.0487,0.0828,0.0298,2.4997,1
35.40,5.2040,9.5820,19.2180,30.0700,0.0610,0.0829,0.4195,0.1846,2.4985,5.2032,9.5835,19.2278,30.0831,1000.0000,0.0441,0.0487,0.0828,0.0298,2.4996,1
35.50,5.2040,9.5820,19.2180,30.0700,0.0609,0.0829,0.4195,0.1846,2.4985,5.2032,9.5835,19.2278,30.0831,1000.0000,0.0441,0.0487,0.0828,0.0298,2.4996,1
35.60,5.2040,9.5820,19.2180,30.0700,0.0609,0.0829,0.4196,0.1846,2.4985,5.2032,9.5834,19.2278,30.0831,1000.0000,0.0442,0.0487,0.0828,0.0298,2.4996,1
35.70,5.2040,9.5820,19.2180,30.0700,0.0609,0.0828,0.4196,0.1845,2.4985,5.2032,9.5834,19.2278,30.0832,1000.0000,0.0442,0.0487,0.0828,0.0298,2.4996,1
35.80,5.2040,9.5820,19.2180,30.0700,0.0608,0.0828,0.4196,0.1845,2.4985,5.2032,9.5834,19.2278,30.0832,1000.0000,0.0443,0.0487,0.0828,0.0298,2.4996,1
35.90,5.2040,9.5820,19.2180,30.0700,0.0608,0.0827,0.4196,0.1845,2.4985,5.2031,9.5833,19.2277,30.0832,1000.0000,0.0444,0.0487,0.0828,0.0298,2.4996,1
36.00,5.2040,9.5820,19.2180,30.0700,0.0608,0.0827,0.4197,0.1845,2.4985,5.2031,9.5833,19.2277,30.0832,1000.0000,0.0444,0.0487,0.0828,0.0298,2.4996,1
36.10,5.2040,9.5820,19.2180,30.0700,0.0608,0.0827,0.4197,0.1845,2.4985,5.2031,9.5833,19.2277,30.0833,1000.0000,0.0445,0.0487,0.0829,0.0298,2.4996,1
36.20,5.2040,9.5820,19.2180,30.0700,0.0607,0.0826,0.4197,0.1844,2.4985,5.2031,9.5832,19.2277,30.0833,1000.0000,0.0445,0.0487,0.0829,0.0298,2.4996,1
36.30,5.2040,9.5820,19.2180,30.0700,0.0607,0.0826,0.4197,0.1844,2.4985,5.2031,9.5832,19.2277,30.0833,1000.0000,0.0446,0.0487,0.0829,0.0298,2.4996,1
36.40,5.2040,9.5820,19.2180,30.0700,0.0607,0.0826,0.4197,0.1844,2.4985,5.2030,9.5831,19.2277,30.0833,1000.0000,0.0447,0.0487,0.0829,0.0298,2.4996,1
36.50,5.2040,9.5820,19.2180,30.0700,0.0606,0.0825,0.4198,0.1844,2.4985,5.2030,9.5831,19.2277,30.0833,1000.0000,0.0447,0.0487,0.0829,0.0297,2.4996,1
36.60,5.2040,9.5820,19.2180,30.0700,0.0606,0.0825,0.4198,0.1843,2.4985,5.2030,9.5831,19.2277,30.0834,1000.0000,0.0448,0.0487,0.0829,0.0297,2.4996,1
36.70,5.2040,9.5820,19.2180,30.0700,0.0606,0.0824,0.4198,0.1843,2.4985,5.2030,9.5830,19.2277,30.0834,1000.0000,0.0449,0.0487,0.0829,0.0297,2.4996,1
36.80,5.2040,9.5820,19.2180,30.0700,0.0606,0.0824,0.4198,0.1843,2.4985,5.2030,9.5830,19.2276,30.0834,1000.0000,0.0449,0.0487,0.0829,0.0297,2.4996,1
36.90,5.2040,9.5820,19.2180,30.0700,0.0605,0.0824,0.4198,0.1843,2.4985,5.2030,9.5829,19.2276,30.0834,1000.0000,0.0450,0.0487,0.0829,0.0297,2.4996,1
37.00,5.2040,9.5820,19.2180,30.0700,0.0605,0.0823,0.4198,0.1842,2.4985,5.2029,9.5829,19.2276,30.0834,1000.0000,0.0451,0.0487,0.0829,0.0297,2.4996,1
37.10,5.2040,9.5820,19.2180,30.0700,0.0605,0.0823,0.4198,0.1842,2.4985,5.2029,9.5829,19.2276,30.0835,1000.0000,0.0451,0.0487,0.0829,0.0297,2.4996,1
37.20,5.2040,9.5820,19.2180,30.0700,0.0604,0.0823,0.4199,0.1842,2.4985,5.2029,9.5828,19.2276,30.0835,1000.0000,0.0452,0.0487,0.0829,0.0297,2.4996,1
37.30,5.2040,9.5820,19.2180,30.0700,0.0604,0.0822,0.4199,0.1841,2.4985,5.2029,9.5828,19.2276,30.0835,1000.0000,0.0452,0.0487,0.0829,0.0297,2.4996,1
37.40,5.2040,9.5820,19.2180,30.0700,0.0604,0.0822,0.4199,0.1841,2.4985,5.2029,9.5827,19.2276,30.0835,1000.0000,0.0453,0.0487,0.0829,0.0296,2.4996,1
37.50,5.2040,9.5820,19.2180,30.0700,0.0604,0.0822,0.4199,0.1841,2.4985,5.2029,9.5827,19.2275,30.0835,1000.0000,0.0454,0.0488,0.0830,0.0296,2.4996,1
37.60,5.2040,9.5820,19.2180,30.0700,0.0603,0.0821,0.4199,0.1841,2.4985,5.2028,9.5827,19.2275,30.0836,1000.0000,0.0454,0.0488,0.0830,0.0296,2.4996,1
37.70,5.2040,9.5820,19.2180,30.0700,0.0603,0.0821,0.4199,0.1840,2.4985,5.2028,9.5826,19.2275,30.0836,1000.0000,0.0455,0.0488,0.0830,0.0296,2.4996,1
37.80,5.2040,9.5820,19.2180,30.0700,0.0603,0.0820,0.4199,0.1840,2.4985,5.2028,9.5826,19.2275,30.0836,1000.0000,0.0456,0.0488,0.0830,0.0296,2.4996,1
37.90,5.2040,9.5820,19.2180,30.0700,0.0603,0.0820,0.4199,0.1840,2.4985,5.2028,9.5825,19.2275,30.0836,1000.0000,0.0456,0.0488,0.0830,0.0296,2.4996,1
38.00,5.2040,9.5820,19.2180,30.0700,0.0602,0.0820,0.4199,0.1839,2.4985,5.2028,9.5825,19.2275,30.0836,1000.0000,0.0457,0.0488,0.0830,0.0296,2.4996,1
38.10,5.2040,9.5820,19.2180,30.0700,0.0602,0.0819,0.4200,0.1839,2.4985,5.2028,9.5825,19.2274,30.0836,1000.0000,0.0458,0.0488,0.0830,0.0296,2.4996,1
38.20,5.2040,9.5820,19.2180,30.0700,0.0602,0.0819,0.4200,0.1839,2.4985,5.2027,9.5824,19.2274,30.0837,1000.0000,0.0458,0.0489,0.0830,0.0295,2.4996,1
38.30,5.2040,9.5820,19.2180,30.0700,0.0602,0.0819,0.4200,0.1838,2.4985,5.2027,9.5824,19.2274,30.0837,1000.0000,0.0459,0.0489,0.0830,0.0295,2.4996,1
38.40,5.2040,9.5820,19.2180,30.0700,0.0601,0.0818,0.4200,0.1838,2.4985,5.2027,9.5823,19.2274,30.0837,1000.0000,0.0459,0.0489,0.0830,0.0295,2.4996,1
38.50,5.2040,9.5820,19.2180,30.0700,0.0601,0.0818,0.4200,0.1838,2.4985,5.2027,9.5823,19.2274,30.0837,1000.0000,0.0460,0.0489,0.0830,0.0295,2.4996,1
38.60,5.2040,9.5820,19.2180,30.0700,0.0601,0.0818,0.4200,0.1837,2.4985,5.2027,9.5823,19.2274,30.0837,1000.0000,0.0461,0.0489,0.0830,0.0295,2.4995,1
38.70,5.2040,9.5820,19.2180,30.0700,0.0601,0.0817,0.4200,0.1837,2.4985,5.2027,9.5822,19.2273,30.0838,1000.0000,0.0461,0.0490,0.0830,0.0295,2.4995,1
38.80,5.2040,9.5820,19.2180,30.0700,0.0600,0.0817,0.4200,0.1837,2.4985,5.2027,9.5822,19.2273,30.0838,1000.0000,0.0462,0.0490,0.0830,0.0295,2.4995,1
38.90,5.2040,9.5820,19.2180,30.0700,0.0600,0.0817,0.4200,0.1836,2.4985,5.2026,9.5821,19.2273,30.0838,1000.0000,0.0463,0.0490,0.0830,0.0294,2.4995,1
39.00,5.2040,9.5820,19.2180,30.0700,0.0600,0.0816,0.4200,0.1836,2.4985,5.2026,9.5821,19.2273,30.0838,1000.0000,0.0463,0.0490,0.0830,0.0294,2.4995,1
39.10,5.2040,9.5820,19.2180,30.0700,0.0600,0.0816,0.4200,0.1835,2.4985,5.2026,9.5821,19.2273,30.0838,1000.0000,0.0464,0.0490,0.0830,0.0294,2.4995,1
39.20,5.2040,9.5820,19.2180,30.0700,0.0599,0.0816,0.4200,0.1835,2.4985,5.2026,9.5820,19.2273,30.0838,1000.0000,0.0465,0.0491,0.0830,0.0294,2.4995,1
39.30,5.2040,9.5820,19.2180,30.0700,0.0599,0.0815,0.4200,0.1835,2.4985,5.2026,9.5820,19.2272,30.0839,1000.0000,0.0465,0.0491,0.0830,0.0294,2.4995,1
39.40,5.2040,9.5820,19.2180,30.0700,0.0599,0.0815,0.4200,0.1834,2.4985,5.2026,9.5819,19.2272,30.0839,1000.0000,0.0466,0.0491,0.0830,0.0294,2.4995,1
39.50,5.2040,9.5820,19.2180,30.0700,0.0599,0.0815,0.4200,0.1834,2.4985,5.2026,9.5819,19.2272,30.0839,1000.0000,0.0466,0.0491,0.0830,0.0294,2.4995,1
39.60,5.2040,9.5820,19.2180,30.0700,0.0598,0.0814,0.4200,0.1833,2.4985,5.2025,9.5819,19.2272,30.0839,1000.0000,0.0467,0.0492,0.0830,0.0293,2.4995,1
39.70,5.2040,9.5820,19.2180,30.0700,0.0598,0.0814,0.4200,0.1833,2.4985,5.2025,9.5818,19.2272,30.0839,1000.0000,0.0468,0.0492,0.0830,0.0293,2.4995,1
39.80,5.2040,9.5820,19.2180,30.0700,0.0598,0.0814,0.4200,0.1833,2.4985,5.2025,9.5818,19.2271,30.0839,1000.0000,0.0468,0.0492,0.0830,0.0293,2.4995,1
39.90,5.2040,9.5820,19.2180,30.0700,0.0598,0.0813,0.4200,0.1832,2.4985,5.2025,9.5817,19.2271,30.0840,1000.0000,0.0469,0.0493,0.0830,0.0293,2.4995,1
40.00,5.2040,9.5820,19.2180,30.0700,0.0597,0.0813,0.4200,0.1832,2.4985,5.2025,9.5817,19.2271,30.0840,1000.0000,0.0469,0.0493,0.0830,0.0293,2.4995,1
40.10,5.2040,9.5820,19.2180,30.0700,0.0597,0.0813,0.4200,0.1831,2.4985,5.2025,9.5817,19.2271,30.0840,1000.0000,0.0470,0.0493,0.0830,0.0293,2.4995,1
40.20,5.2040,9.5820,19.2180,30.0700,0.0597,0.0813,0.4200,0.1831,2.4985,5.2025,9.5816,19.2271,30.0840,1000.0000,0.0471,0.0493,0.0830,0.0292,2.4995,1
40.30,5.2040,9.5820,19.2180,30.0700,0.0597,0.0812,0.4200,0.1831,2.4985,5.2024,9.5816,19.2270,30.0840,1000.0000,0.0471,0.0494,0.0830,0.0292,2.4995,1
40.40,5.2040,9.5820,19.2180,30.0700,0.0596,0.0812,0.4200,0.1830,2.4985,5.2024,9.5815,19.2270,30.0840,1000.0000,0.0472,0.0494,0.0830,0.0292,2.4994,1
40.50,5.2040,9.5820,19.2180,30.0700,0.0596,0.0812,0.4200,0.1830,2.4985,5.2024,9.5815,19.2270,30.0841,1000.0000,0.0472,0.0494,0.0830,0.0292,2.4994,1
40.60,5.2040,9.5820,19.2180,30.0700,0.0596,0.0811,0.4199,0.1829,2.4985,5.2024,9.5815,19.2270,30.0841,1000.0000,0.0473,0.0495,0.0830,0.0292,2.4994,1
40.70,5.2040,9.5820,19.2180,30.0700,0.0596,0.0811,0.4199,0.1829,2.4985,5.2024,9.5814,19.2269,30.0841,1000.0000,0.0474,0.0495,0.0830,0.0292,2.4994,1
40.80,5.2040,9.5820,19.2180,30.0700,0.0595,0.0811,0.4199,0.1828,2.4985,5.2024,9.5814,19.2269,30.0841,1000.0000,0.0474,0.0495,0.0830,0.0291,2.4994,1
40.90,5.2040,9.5820,19.2180,30.0700,0.0595,0.0810,0.4199,0.1828,2.4985,5.2024,9.5813,19.2269,30.0841,1000.0000,0.0475,0.0496,0.0830,0.0291,2.4994,1
41.00,5.2040,9.5820,19.2180,30.0700,0.0595,0.0810,0.4199,0.1827,2.4985,5.2024,9.5813,19.2269,30.0841,1000.0000,0.0475,0.0496,0.0830,0.0291,2.4994,1
41.10,5.2040,9.5820,19.2180,30.0700,0.0595,0.0810,0.4199,0.1827,2.4985,5.2024,9.5813,19.2269,30.0842,1000.0000,0.0476,0.0496,0.0830,0.0291,2.4994,1
41.20,5.2040,9.5820,19.2180,30.0700,0.0595,0.0809,0.4199,0.1827,2.4985,5.2023,9.5812,19.2268,30.0842,1000.0000,0.0476,0.0497,0.0829,0.0291,2.4994,1
41.30,5.2040,9.5820,19.2180,30.0700,0.0594,0.0809,0.4199,0.1826,2.4985,5.2023,9.5812,19.2268,30.0842,1000.0000,0.0477,0.0497,0.0829,0.0290,2.4994,1
41.40,5.2040,9.5820,19.2180,30.0700,0.0594,0.0809,0.4199,0.1826,2.4985,5.2023,9.5812,19.2268,30.0842,1000.0000,0.0477,0.0497,0.0829,0.0290,2.4994,1
41.50,5.2040,9.5820,19.2180,30.0700,0.0594,0.0809,0.4198,0.1825,2.4985,5.2023,9.5811,19.2268,30.0842,1000.0000,0.0478,0.0498,0.0829,0.0290,2.4994,1
41.60,5.2040,9.5820,19.2180,30.0700,0.0594,0.0808,0.4198,0.1825,2.4985,5.2023,9.5811,19.2267,30.0842,1000.0000,0.0478,0.0498,0.0829,0.0290,2.4994,1
41.70,5.2040,9.5820,19.2180,30.0700,0.0593,0.0808,0.4198,0.1824,2.4985,5.2023,9.5810,19.2267,30.0842,1000.0000,0.0479,0.0498,0.0829,0.0290,2.4994,1
41.80,5.2040,9.5820,19.2180,30.0700,0.0593,0.0808,0.4198,0.1824,2.4985,5.2023,9.5810,19.2267,30.0843,1000.0000,0.0480,0.0499,0.0829,0.0289,2.4993,1
41.90,5.2040,9.5820,19.2180,30.0700,0.0593,0.0807,0.4198,0.1823,2.4985,5.2023,9.5810,19.2267,30.0843,1000.0000,0.0480,0.0499,0.0829,0.0289,2.4993,1
42.00,5.2040,9.5820,19.2180,30.0700,0.0593,0.0807,0.4198,0.1823,2.4985,5.2023,9.5809,19.2266,30.0843,1000.0000,0.0481,0.0499,0.0829,0.0289,2.4993,1
42.10,5.2040,9.5820,19.2180,30.0700,0.0593,0.0807,0.4197,0.1822,2.4985,5.2022,9.5809,19.2266,30.0843,1000.0000,0.0481,0.0500,0.0829,0.0289,2.4993,1
42.20,5.2040,9.5820,19.2180,30.0700,0.0592,0.0807,0.4197,0.1822,2.4985,5.2022,9.5808,19.2266,30.0843,1000.0000,0.0482,0.0500,0.0829,0.0289,2.4993,1
42.30,5.2040,9.5820,19.2180,30.0700,0.0592,0.0806,0.4197,0.1821,2.4985,5.2022,9.5808,19.2266,30.0843,1000.0000,0.0482,0.0501,0.0829,0.0288,2.4993,1
42.40,5.2040,9.5820,19.2180,30.0700,0.0592,0.0806,0.4197,0.1821,2.4985,5.2022,9.5808,19.2265,30.0843,1000.0000,0.0483,0.0501,0.0829,0.0288,2.4993,1
42.50,5.2040,9.5820,19.2180,30.0700,0.0592,0.0806,0.4197,0.1820,2.4985,5.2022,9.5807,19.2265,30.0843,1000.0000,0.0483,0.0501,0.0828,0.0288,2.4993,1
42.60,5.2040,9.5820,19.2180,30.0700,0.0592,0.0805,0.4196,0.1820,2.4985,5.2022,9.5807,19.2265,30.0844,1000.0000,0.0484,0.0502,0.0828,0.0288,2.4993,1
42.70,5.2040,9.5820,19.2180,30.0700,0.0591,0.0805,0.4196,0.1819,2.4985,5.2022,9.5806,19.2265,30.0844,1000.0000,0.0484,0.0502,0.0828,0.0288,2.4993,1
42.80,5.2040,9.5820,19.2180,30.0700,0.0591,0.0805,0.4196,0.1818,2.4985,5.2022,9.5806,19.2264,30.0844,1000.0000,0.0484,0.0502,0.0828,0.0287,2.4993,1
42.90,5.2040,9.5820,19.2180,30.0700,0.0591,0.0805,0.4196,0.1818,2.4985,5.2022,9.5806,19.2264,30.0844,1000.0000,0.0485,0.0503,0.0828,0.0287,2.4992,1
43.00,5.2040,9.5820,19.2180,30.0700,0.0591,0.0804,0.4196,0.1817,2.4985,5.2022,9.5805,19.2264,30.0844,1000.0000,0.0485,0.0503,0.0828,0.0287,2.4992,1
43.10,5.2040,9.5820,19.2180,30.0700,0.0591,0.0804,0.4195,0.1817,2.4985,5.2022,9.5805,19.2263,30.0844,1000.0000,0.0486,0.0504,0.0828,0.0287,2.4992,1
43.20,5.2040,9.5820,19.2180,30.0700,0.0590,0.0804,0.4195,0.1816,2.4985,5.2022,9.5805,19.2263,30.0844,1000.0000,0.0486,0.0504,0.0828,0.0287,2.4992,1
43.30,5.2040,9.5820,19.2180,30.0700,0.0590,0.0804,0.4195,0.1816,2.4985,5.2021,9.5804,19.2263,30.0844,1000.0000,0.0487,0.0504,0.0828,0.0286,2.4992,1
43.40,5.2040,9.5820,19.2180,30.0700,0.0590,0.0803,0.4195,0.1815,2.4985,5.2021,9.5804,19.2263,30.0845,1000.0000,0.0487,0.0505,0.0828,0.0286,2.4992,1
43.50,5.2040,9.5820,19.2180,30.0700,0.0590,0.0803,0.4194,0.1815,2.4985,5.2021,9.5803,19.2262,30.0845,1000.0000,0.0488,0.0505,0.0827,0.0286,2.4992,1
43.60,5.2040,9.5820,19.2180,30.0700,0.0590,0.0803,0.4194,0.1814,2.4985,5.2021,9.5803,19.2262,30.0845,1000.0000,0.0488,0.0506,0.0827,0.0286,2.4992,1
43.70,5.2040,9.5820,19.2180,30.0700,0.0589,0.0802,0.4194,0.1813,2.4985,5.2021,9.5803,19.2262,30.0845,1000.0000,0.0488,0.0506,0.0827,0.0285,2.4992,1
43.80,5.2040,9.5820,19.2180,30.0700,0.0589,0.0802,0.4193,0.1813,2.4985,5.2021,9.5802,19.2261,30.0845,1000.0000,0.0489,0.0506,0.0827,0.0285,2.4992,1
43.90,5.2040,9.5820,19.2180,30.0700,0.0589,0.0802,0.4193,0.1812,2.4985,5.2021,9.5802,19.2261,30.0845,1000.0000,0.0489,0.0507,0.0827,0.0285,2.4992,1
44.00,5.2040,9.5820,19.2180,30.0700,0.0589,0.0802,0.4193,0.1812,2.4985,5.2021,9.5802,19.2261,30.0845,1000.0000,0.0490,0.0507,0.0827,0.0285,2.4991,1
44.10,5.2040,9.5820,19.2180,30.0700,0.0589,0.0801,0.4193,0.1811,2.4985,5.2021,9.5801,19.2261,30.0845,1000.0000,0.0490,0.0508,0.0827,0.0284,2.4991,1
44.20,5.2040,9.5820,19.2180,30.0700,0.0588,0.0801,0.4192,0.1811,2.4985,5.2021,9.5801,19.2260,30.0846,1000.0000,0.0490,0.0508,0.0827,0.0284,2.4991,1
44.30,5.2040,9.5820,19.2180,30.0700,0.0588,0.0801,0.4192,0.1810,2.4985,5.2021,9.5800,19.2260,30.0846,1000.0000,0.0491,0.0509,0.0826,0.0284,2.4991,1
44.40,5.2040,9.5820,19.2180,30.0700,0.0588,0.0801,0.4192,0.1809,2.4985,5.2021,9.5800,19.2260,30.0846,1000.0000,0.0491,0.0509,0.0826,0.0284,2.4991,1
44.50,5.2040,9.5820,19.2180,30.0700,0.0588,0.0800,0.4191,0.1809,2.4985,5.2021,9.5800,19.2259,30.0846,1000.0000,0.0492,0.0509,0.0826,0.0283,2.4991,1
44.60,5.2040,9.5820,19.2180,30.0700,0.0588,0.0800,0.4191,0.1808,2.4985,5.2021,9.5799,19.2259,30.0846,1000.0000,0.0492,0.0510,0.0826,0.0283,2.4991,1
44.70,5.2040,9.5820,19.2180,30.0700,0.0587,0.0800,0.4191,0.1807,2.4985,5.2021,9.5799,19.2259,30.0846,1000.0000,0.0492,0.0510,0.0826,0.0283,2.4991,1
44.80,5.2040,9.5820,19.2180,30.0700,0.0587,0.0800,0.4190,0.1807,2.4985,5.2021,9.5799,19.2258,30.0846,1000.0000,0.0493,0.0511,0.0826,0.0283,2.4991,1
44.90,5.2040,9.5820,19.2180,30.0700,0.0587,0.0799,0.4190,0.1806,2.4985,5.2020,9.5798,19.2258,30.0846,1000.0000,0.0493,0.0511,0.0825,0.0282,2.4990,1
45.00,5.2040,9.5820,19.2180,30.0700,0.0587,0.0799,0.4190,0.1806,2.4985,5.2020,9.5798,19.2258,30.0846,1000.0000,0.0493,0.0512,0.0825,0.0282,2.4990,1
45.10,5.2040,9.5820,19.2180,30.0700,0.0587,0.0799,0.4189,0.1805,2.4985,5.2020,9.5798,19.2257,30.0846,1000.0000,0.0494,0.0512,0.0825,0.0282,2.4990,1
45.20,5.2040,9.5820,19.2180,30.0700,0.0587,0.0799,0.4189,0.1804,2.4985,5.2020,9.5797,19.2257,30.0847,1000.0000,0.0494,0.0512,0.0825,0.0282,2.4990,1
45.30,5.2040,9.5820,19.2180,30.0700,0.0586,0.0798,0.4188,0.1804,2.4985,5.2020,9.5797,19.2257,30.0847,1000.0000,0.0494,0.0513,0.0825,0.0281,2.4990,1
45.40,5.2040,9.5820,19.2180,30.0700,0.0586,0.0798,0.4188,0.1803,2.4985,5.2020,9.5796,19.2257,30.0847,1000.0000,0.0495,0.0513,0.0825,0.0281,2.4990,1
45.50,5.2040,9.5820,19.2180,30.0700,0.0586,0.0798,0.4188,0.1802,2.4985,5.2020,9.5796,19.2256,30.0847,1000.0000,0.0495,0.0514,0.0824,0.0281,2.4990,1
45.60,5.2040,9.5820,19.2180,30.0700,0.0586,0.0798,0.4187,0.1802,2.4985,5.2020,9.5796,19.2256,30.0847,1000.0000,0.0495,0.0514,0.0824,0.0281,2.4990,1
45.70,5.2040,9.5820,19.2180,30.0700,0.0586,0.0797,0.4187,0.1801,2.4985,5.2020,9.5795,19.2256,30.0847,1000.0000,0.0495,0.0514,0.0824,0.0280,2.4990,1
45.80,5.2040,9.5820,19.2180,30.0700,0.0585,0.0797,0.4186,0.1800,2.4985,5.2020,9.5795,19.2255,30.0847,1000.0000,0.0496,0.0515,0.0824,0.0280,2.4989,1
45.90,5.2040,9.5820,19.2180,30.0700,0.0585,0.0797,0.4186,0.1800,2.4985,5.2020,9.5795,19.2255,30.0847,1000.0000,0.0496,0.0515,0.0824,0.0280,2.4989,1
46.00,5.2040,9.5820,19.2180,30.0700,0.0585,0.0797,0.4186,0.1799,2.4985,5.2020,9.5794,19.2255,30.0847,1000.0000,0.0496,0.0516,0.0824,0.0280,2.4989,1
46.10,5.2040,9.5820,19.2180,30.0700,0.0585,0.0797,0.4185,0.1798,2.4985,5.2020,9.5794,19.2254,30.0847,1000.0000,0.0496,0.0516,0.0823,0.0279,2.4989,1
46.20,5.2040,9.5820,19.2180,30.0700,0.0585,0.0796,0.4185,0.1798,2.4985,5.2020,9.5794,19.2254,30.0847,1000.0000,0.0497,0.0517,0.0823,0.0279,2.4989,1
46.30,5.2040,9.5820,19.2180,30.0700,0.0585,0.0796,0.4184,0.1797,2.4985,5.2020,9.5793,19.2254,30.0848,1000.0000,0.0497,0.0517,0.0823,0.0279,2.4989,1
46.40,5.2040,9.5820,19.2180,30.0700,0.0584,0.0796,0.4184,0.1796,2.4985,5.2020,9.5793,19.2253,30.0848,1000.0000,0.0497,0.0517,0.0823,0.0279,2.4989,1
46.50,5.2040,9.5820,19.2180,30.0700,0.0584,0.0796,0.4183,0.1796,2.4985,5.2020,9.5793,19.2253,30.0848,1000.0000,0.0497,0.0518,0.0823,0.0278,2.4989,1
46.60,5.2040,9.5820,19.2180,30.0700,0.0584,0.0795,0.4183,0.1795,2.4985,5.2020,9.5792,19.2253,30.0848,1000.0000,0.0498,0.0518,0.0822,0.0278,2.4989,1
46.70,5.2040,9.5820,19.2180,30.0700,0.0584,0.0795,0.4182,0.1794,2.4985,5.2020,9.5792,19.2252,30.0848,1000.0000,0.0498,0.0519,0.0822,0.0278,2.4988,1
46.80,5.2040,9.5820,19.2180,30.0700,0.0584,0.0795,0.4182,0.1794,2.4985,5.2020,9.5792,19.2252,30.0848,1000.0000,0.0498,0.0519,0.0822,0.0277,2.4988,1
46.90,5.2040,9.5820,19.2180,30.0700,0.0584,0.0795,0.4182,0.1793,2.4985,5.2020,9.5791,19.2251,30.0848,1000.0000,0.0498,0.0520,0.0822,0.0277,2.4988,1
47.00,5.2040,9.5820,19.2180,30.0700,0.0583,0.0794,0.4181,0.1792,2.4985,5.2020,9.5791,19.2251,30.0848,1000.0000,0.0499,0.0520,0.0821,0.0277,2.4988,1
47.10,5.2040,9.5820,19.2180,30.0700,0.0583,0.0794,0.4181,0.1792,2.4985,5.2020,9.5791,19.2251,30.0848,1000.0000,0.0499,0.0520,0.0821,0.0277,2.4988,1
47.20,5.2040,9.5820,19.2180,30.0700,0.0583,0.0794,0.4180,0.1791,2.4985,5.2020,9.5790,19.2250,30.0848,1000.0000,0.0499,0.0521,0.0821,0.0276,2.4988,1
47.30,5.2040,9.5820,19.2180,30.0700,0.0583,0.0794,0.4180,0.1790,2.4985,5.2020,9.5790,19.2250,30.0848,1000.0000,0.0499,0.0521,0.0821,0.0276,2.4988,1
47.40,5.2040,9.5820,19.2180,30.0700,0.0583,0.0794,0.4179,0.1789,2.4985,5.2020,9.5790,19.2250,30.0848,1000.0000,0.0499,0.0522,0.0821,0.0276,2.4987,1
47.50,5.2040,9.5820,19.2180,30.0700,0.0583,0.0793,0.4179,0.1789,2.4985,5.2020,9.5789,19.2249,30.0848,1000.0000,0.0499,0.0522,0.0820,0.0275,2.4987,1
47.60,5.2040,9.5820,19.2180,30.0700,0.0582,0.0793,0.4178,0.1788,2.4985,5.2020,9.5789,19.2249,30.0848,1000.0000,0.0500,0.0522,0.0820,0.0275,2.4987,1
47.70,5.2040,9.5820,19.2180,30.0700,0.0582,0.0793,0.4177,0.1787,2.4985,5.2020,9.5789,19.2249,30.0849,1000.0000,0.0500,0.0523,0.0820,0.0275,2.4987,1
47.80,5.2040,9.5820,19.2180,30.0700,0.0582,0.0793,0.4177,0.1787,2.4985,5.2020,9.5788,19.2248,30.0849,1000.0000,0.0500,0.0523,0.0820,0.0275,2.4987,1
47.90,5.2040,9.5820,19.2180,30.0700,0.0582,0.0793,0.4176,0.1786,2.4985,5.2020,9.5788,19.2248,30.0849,1000.0000,0.0500,0.0524,0.0819,0.0274,2.4987,1
48.00,5.2040,9.5820,19.2180,30.0700,0.0582,0.0792,0.4176,0.1785,2.4985,5.2020,9.5788,19.2248,30.0849,1000.0000,0.0500,0.0524,0.0819,0.0274,2.4987,1
48.10,5.2040,9.5820,19.2180,30.0700,0.0582,0.0792,0.4175,0.1784,2.4985,5.2020,9.5788,19.2247,30.0849,1000.0000,0.0500,0.0525,0.0819,0.0274,2.4987,1
48.20,5.2040,9.5820,19.2180,30.0700,0.0581,0.0792,0.4175,0.1784,2.4985,5.2020,9.5787,19.2247,30.0849,1000.0000,0.0500,0.0525,0.0819,0.0273,2.4986,1
48.30,5.2040,9.5820,19.2180,30.0700,0.0581,0.0792,0.4174,0.1783,2.4985,5.2020,9.5787,19.2246,30.0849,1000.0000,0.0501,0.0525,0.0818,0.0273,2.4986,1
48.40,5.2040,9.5820,19.2180,30.0700,0.0581,0.0791,0.4174,0.1782,2.4985,5.2020,9.5787,19.2246,30.0849,1000.0000,0.0501,0.0526,0.0818,0.0273,2.4986,1
48.50,5.2040,9.5820,19.2180,30.0700,0.0581,0.0791,0.4173,0.1781,2.4985,5.2020,9.5786,19.2246,30.0849,1000.0000,0.0501,0.0526,0.0818,0.0273,2.4986,1
48.60,5.2040,9.5820,19.2180,30.0700,0.0581,0.0791,0.4172,0.1781,2.4985,5.2020,9.5786,19.2245,30.0849,1000.0000,0.0501,0.0527,0.0818,0.0272,2.4986,1
48.70,5.2040,9.5820,19.2180,30.0700,0.0581,0.0791,0.4172,0.1780,2.4985,5.2020,9.5786,19.2245,30.0849,1000.0000,0.0501,0.0527,0.0817,0.0272,2.4986,1
48.80,5.2040,9.5820,19.2180,30.0700,0.0580,0.0791,0.4171,0.1779,2.4985,5.2020,9.5785,19.2245,30.0849,1000.0000,0.0501,0.0527,0.0817,0.0272,2.4986,1
48.90,5.2040,9.5820,19.2180,30.0700,0.0580,0.0790,0.4171,0.1778,2.4985,5.2020,9.5785,19.2244,30.0849,1000.0000,0.0501,0.0528,0.0817,0.0271,2.4985,1
49.00,5.2040,9.5820,19.2180,30.0700,0.0580,0.0790,0.4170,0.1778,2.4985,5.2020,9.5785,19.2244,30.0849,1000.0000,0.0501,0.0528,0.0817,0.0271,2.4985,1
49.10,5.2040,9.5820,19.2180,30.0700,0.0580,0.0790,0.4169,0.1777,2.4985,5.2020,9.5785,19.2243,30.0849,1000.0000,0.0501,0.0529,0.0816,0.0271,2.4985,1
49.20,5.2040,9.5820,19.2180,30.0700,0.0580,0.0790,0.4169,0.1776,2.4985,5.2020,9.5784,19.2243,30.0849,1000.0000,0.0501,0.0529,0.0816,0.0270,2.4985,1
49.30,5.2040,9.5820,19.2180,30.0700,0.0580,0.0790,0.4168,0.1775,2.4985,5.2020,9.5784,19.2243,30.0849,1000.0000,0.0501,0.0529,0.0816,0.0270,2.4985,1
49.40,5.2040,9.5820,19.2180,30.0700,0.0580,0.0789,0.4168,0.1774,2.4985,5.2021,9.5784,19.2242,30.0849,1000.0000,0.0501,0.0530,0.0815,0.0270,2.4985,1
49.50,5.2040,9.5820,19.2180,30.0700,0.0579,0.0789,0.4167,0.1774,2.4985,5.2021,9.5783,19.2242,30.0849,1000.0000,0.0501,0.0530,0.0815,0.0269,2.4985,1
49.60,5.2040,9.5820,19.2180,30.0700,0.0579,0.0789,0.4166,0.1773,2.4985,5.2021,9.5783,19.2241,30.0849,1000.0000,0.0501,0.0530,0.0815,0.0269,2.4985,1
49.70,5.2040,9.5820,19.2180,30.0700,0.0579,0.0789,0.4166,0.1772,2.4985,5.2021,9.5783,19.2241,30.0850,1000.0000,0.0501,0.0531,0.0815,0.0269,2.4984,1
49.80,5.2040,9.5820,19.2180,30.0700,0.0579,0.0789,0.4165,0.1771,2.4985,5.2021,9.5783,19.2241,30.0850,1000.0000,0.0502,0.0531,0.0814,0.0269,2.4984,1
49.90,5.2040,9.5820,19.2180,30.0700,0.0579,0.0788,0.4164,0.1770,2.4985,5.2021,9.5782,19.2240,30.0850,1000.0000,0.0502,0.0532,0.0814,0.0268,2.4984,1
50.00,5.2040,9.5820,19.2180,30.0700,0.0579,0.0788,0.4164,0.1770,2.4985,5.2021,9.5782,19.2240,30.0850,1000.0000,0.0502,0.0532,0.0814,0.0268,2.4984,1
50.10,5.2040,9.5820,19.2180,30.0700,0.0579,0.0788,0.4163,0.1769,2.4985,5.2021,9.5782,19.2239,30.0850,1000.0000,0.0502,0.0532,0.0813,0.0268,2.4984,1
50.20,5.2040,9.5820,19.2180,30.0700,0.0578,0.0788,0.4162,0.1768,2.4985,5.2021,9.5782,19.2239,30.0850,1000.0000,0.0502,0.0533,0.0813,0.0267,2.4984,1
50.30,5.2040,9.5820,19.2180,30.0700,0.0578,0.0788,0.4162,0.1767,2.4985,5.2021,9.5781,19.2239,30.0850,1000.0000,0.0502,0.0533,0.0813,0.0267,2.4984,1
50.40,5.2040,9.5820,19.2180,30.0700,0.0578,0.0788,0.4161,0.1766,2.4985,5.2021,9.5781,19.2238,30.0850,1000.0000,0.0502,0.0533,0.0812,0.0267,2.4983,1
50.50,5.2040,9.5820,19.2180,30.0700,0.0578,0.0787,0.4160,0.1766,2.4985,5.2021,9.5781,19.2238,30.0850,1000.0000,0.0502,0.0534,0.0812,0.0266,2.4983,1
50.60,5.2040,9.5820,19.2180,30.0700,0.0578,0.0787,0.4160,0.1765,2.4985,5.2021,9.5781,19.2237,30.0850,1000.0000,0.0502,0.0534,0.0812,0.0266,2.4983,1
50.70,5.2040,9.5820,19.2180,30.0700,0.0578,0.0787,0.4159,0.1764,2.4985,5.2021,9.5780,19.2237,30.0850,1000.0000,0.0502,0.0535,0.0812,0.0266,2.4983,1
50.80,5.2040,9.5820,19.2180,30.0700,0.0578,0.0787,0.4158,0.1763,2.4985,5.2021,9.5780,19.2237,30.0850,1000.0000,0.0501,0.0535,0.0811,0.0265,2.4983,1
50.90,5.2040,9.5820,19.2180,30.0700,0.0577,0.0787,0.4157,0.1762,2.4985,5.2021,9.5780,19.2236,30.0850,1000.0000,0.0501,0.0535,0.0811,0.0265,2.4983,1
51.00,5.2040,9.5820,19.2180,30.0700,0.0577,0.0786,0.4157,0.1762,2.4985,5.2021,9.5780,19.2236,30.0850,1000.0000,0.0501,0.0536,0.0811,0.0265,2.4983,1
51.10,5.2040,9.5820,19.2180,30.0700,0.0577,0.0786,0.4156,0.1761,2.4985,5.2022,9.5779,19.2235,30.0850,1000.0000,0.0501,0.0536,0.0810,0.0264,2.4982,1
51.20,5.2040,9.5820,19.2180,30.0700,0.0577,0.0786,0.4155,0.1760,2.4985,5.2022,9.5779,19.2235,30.0850,1000.0000,0.0501,0.0536,0.0810,0.0264,2.4982,1
51.30,5.2040,9.5820,19.2180,30.0700,0.0577,0.0786,0.4155,0.1759,2.4985,5.2022,9.5779,19.2235,30.0850,1000.0000,0.0501,0.0537,0.0810,0.0264,2.4982,1
51.40,5.2040,9.5820,19.2180,30.0700,0.0577,0.0786,0.4154,0.1758,2.4985,5.2022,9.5779,19.2234,30.0850,1000.0000,0.0501,0.0537,0.0809,0.0263,2.4982,1
51.50,5.2040,9.5820,19.2180,30.0700,0.0577,0.0786,0.4153,0.1757,2.4985,5.2022,9.5779,19.2234,30.0850,1000.0000,0.0501,0.0537,0.0809,0.0263,2.4982,1
51.60,5.2040,9.5820,19.2180,30.0700,0.0577,0.0785,0.4152,0.1757,2.4985,5.2022,9.5778,19.2233,30.0850,1000.0000,0.0501,0.0538,0.0809,0.0263,2.4982,1
51.70,5.2040,9.5820,19.2180,30.0700,0.0576,0.0785,0.4152,0.1756,2.4985,5.2022,9.5778,19.2233,30.0850,1000.0000,0.0501,0.0538,0.0808,0.0262,2.4981,1
51.80,5.2040,9.5820,19.2180,30.0700,0.0576,0.0785,0.4151,0.1755,2.4985,5.2022,9.5778,19.2232,30.0850,1000.0000,0.0501,0.0538,0.0808,0.0262,2.4981,1
51.90,5.2040,9.5820,19.2180,30.0700,0.0576,0.0785,0.4150,0.1754,2.4985,5.2022,9.5778,19.2232,30.0850,1000.0000,0.0501,0.0539,0.0808,0.0262,2.4981,1
52.00,5.2040,9.5820,19.2180,30.0700,0.0576,0.0785,0.4149,0.1753,2.4985,5.2022,9.5777,19.2232,30.0850,1000.0000,0.0501,0.0539,0.0807,0.0261,2.4981,1
52.10,5.2040,9.5820,19.2180,30.0700,0.0576,0.0784,0.4148,0.1752,2.4985,5.2022,9.5777,19.2231,30.0850,1000.0000,0.0501,0.0539,0.0807,0.0261,2.4981,1
52.20,5.2040,9.5820,19.2180,30.0700,0.0576,0.0784,0.4148,0.1751,2.4985,5.2023,9.5777,19.2231,30.0850,1000.0000,0.0501,0.0540,0.0806,0.0261,2.4981,1
52.30,5.2040,9.5820,19.2180,30.0700,0.0576,0.0784,0.4147,0.1751,2.4985,5.2023,9.5777,19.2230,30.0850,1000.0000,0.0500,0.0540,0.0806,0.0260,2.4981,1
52.40,5.2040,9.5820,19.2180,30.0700,0.0575,0.0784,0.4146,0.1750,2.4985,5.2023,9.5777,19.2230,30.0850,1000.0000,0.0500,0.0540,0.0806,0.0260,2.4980,1
52.50,5.2040,9.5820,19.2180,30.0700,0.0575,0.0784,0.4145,0.1749,2.4985,5.2023,9.5776,19.2229,30.0850,1000.0000,0.0500,0.0540,0.0805,0.0260,2.4980,1
52.60,5.2040,9.5820,19.2180,30.0700,0.0575,0.0784,0.4144,0.1748,2.4985,5.2023,9.5776,19.2229,30.0850,1000.0000,0.0500,0.0541,0.0805,0.0259,2.4980,1
52.70,5.2040,9.5820,19.2180,30.0700,0.0575,0.0783,0.4144,0.1747,2.4985,5.2023,9.5776,19.2229,30.0850,1000.0000,0.0500,0.0541,0.0805,0.0259,2.4980,1
52.80,5.2040,9.5820,19.2180,30.0700,0.0575,0.0783,0.4143,0.1746,2.4985,5.2023,9.5776,19.2228,30.0850,1000.0000,0.0500,0.0541,0.0804,0.0258,2.4980,1
52.90,5.2040,9.5820,19.2180,30.0700,0.0575,0.0783,0.4142,0.1745,2.4985,5.2023,9.5776,19.2228,30.0850,1000.0000,0.0500,0.0542,0.0804,0.0258,2.4980,1
53.00,5.2040,9.5820,19.2180,30.0700,0.0575,0.0783,0.4141,0.1744,2.4985,5.2023,9.5775,19.2227,30.0850,1000.0000,0.0500,0.0542,0.0804,0.0258,2.4980,1
53.10,5.2040,9.5820,19.2180,30.0700,0.0575,0.0783,0.4140,0.1744,2.4985,5.2023,9.5775,19.2227,30.0850,1000.0000,0.0500,0.0542,0.0803,0.0257,2.4979,1
53.20,5.2040,9.5820,19.2180,30.0700,0.0574,0.0783,0.4139,0.1743,2.4985,5.2024,9.5775,19.2226,30.0850,1000.0000,0.0499,0.0542,0.0803,0.0257,2.4979,1
53.30,5.2040,9.5820,19.2180,30.0700,0.0574,0.0782,0.4139,0.1742,2.4985,5.2024,9.5775,19.2226,30.0850,1000.0000,0.0499,0.0543,0.0802,0.0257,2.4979,1
53.40,5.2040,9.5820,19.2180,30.0700,0.0574,0.0782,0.4138,0.1741,2.4985,5.2024,9.5775,19.2225,30.0850,1000.0000,0.0499,0.0543,0.0802,0.0256,2.4979,1
53.50,5.2040,9.5820,19.2180,30.0700,0.0574,0.0782,0.4137,0.1740,2.4985,5.2024,9.5775,19.2225,30.0850,1000.0000,0.0499,0.0543,0.0802,0.0256,2.4979,1
53.60,5.2040,9.5820,19.2180,30.0700,0.0574,0.0782,0.4136,0.1739,2.4985,5.2024,9.5774,19.2225,30.0850,1000.0000,0.0499,0.0544,0.0801,0.0256,2.4979,1
53.70,5.2040,9.5820,19.2180,30.0700,0.0574,0.0782,0.4135,0.1738,2.4985,5.2024,9.5774,19.2224,30.0850,1000.0000,0.0499,0.0544,0.0801,0.0255,2.4978,1
53.80,5.2040,9.5820,19.2180,30.0700,0.0574,0.0782,0.4134,0.1737,2.4985,5.2024,9.5774,19.2224,30.0850,1000.0000,0.0499,0.0544,0.0800,0.0255,2.4978,1
53.90,5.2040,9.5820,19.2180,30.0700,0.0574,0.0782,0.4133,0.1736,2.4985,5.2024,9.5774,19.2223,30.0850,1000.0000,0.0498,0.0544,0.0800,0.0255,2.4978,1
54.00,5.2040,9.5820,19.2180,30.0700,0.0574,0.0781,0.4133,0.1735,2.4985,5.2025,9.5774,19.2223,30.0850,1000.0000,0.0498,0.0545,0.0800,0.0254,2.4978,1
54.10,5.2040,9.5820,19.2180,30.0700,0.0573,0.0781,0.4132,0.1735,2.4985,5.2025,9.5774,19.2222,30.0850,1000.0000,0.0498,0.0545,0.0799,0.0254,2.4978,1
54.20,5.2040,9.5820,19.2180,30.0700,0.0573,0.0781,0.4131,0.1734,2.4985,5.2025,9.5774,19.2222,30.0850,1000.0000,0.0498,0.0545,0.0799,0.0253,2.4978,1
54.30,5.2040,9.5820,19.2180,30.0700,0.0573,0.0781,0.4130,0.1733,2.4985,5.2025,9.5773,19.2221,30.0850,1000.0000,0.0498,0.0545,0.0798,0.0253,2.4978,1
54.40,5.2040,9.5820,19.2180,30.0700,0.0573,0.0781,0.4129,0.1732,2.4985,5.2025,9.5773,19.2221,30.0850,1000.0000,0.0498,0.0546,0.0798,0.0253,2.4977,1
54.50,5.2040,9.5820,19.2180,30.0700,0.0573,0.0781,0.4128,0.1731,2.4985,5.2025,9.5773,19.2220,30.0850,1000.0000,0.0497,0.0546,0.0798,0.0252,2.4977,1
54.60,5.2040,9.5820,19.2180,30.0700,0.0573,0.0780,0.4127,0.1730,2.4985,5.2025,9.5773,19.2220,30.0850,1000.0000,0.0497,0.0546,0.0797,0.0252,2.4977,1
54.70,5.2040,9.5820,19.2180,30.0700,0.0573,0.0780,0.4126,0.1729,2.4985,5.2025,9.5773,19.2220,30.0850,1000.0000,0.0497,0.0546,0.0797,0.0252,2.4977,1
54.80,5.2040,9.5820,19.2180,30.0700,0.0573,0.0780,0.4125,0.1728,2.4985,5.2026,9.5773,19.2219,30.0850,1000.0000,0.0497,0.0547,0.0796,0.0251,2.4977,1
54.90,5.2040,9.5820,19.2180,30.0700,0.0572,0.0780,0.4124,0.1727,2.4985,5.2026,9.5773,19.2219,30.0850,1000.0000,0.0497,0.0547,0.0796,0.0251,2.4977,1
55.00,5.2040,9.5820,19.2180,30.0700,0.0572,0.0780,0.4123,0.1726,2.4985,5.2026,9.5772,19.2218,30.0850,1000.0000,0.0497,0.0547,0.0796,0.0251,2.4976,1
55.10,5.2040,9.5820,19.2180,30.0700,0.0572,0.0780,0.4122,0.1725,2.4985,5.2026,9.5772,19.2218,30.0849,1000.0000,0.0496,0.0547,0.0795,0.0250,2.4976,1
55.20,5.2040,9.5820,19.2180,30.0700,0.0572,0.0780,0.4122,0.1724,2.4985,5.2026,9.5772,19.2217,30.0849,1000.0000,0.0496,0.0547,0.0795,0.0250,2.4976,1
55.30,5.2040,9.5820,19.2180,30.0700,0.0572,0.0779,0.4121,0.1724,2.4985,5.2026,9.5772,19.2217,30.0849,1000.0000,0.0496,0.0548,0.0794,0.0249,2.4976,1
55.40,5.2040,9.5820,19.2180,30.0700,0.0572,0.0779,0.4120,0.1723,2.4985,5.2026,9.5772,19.2216,30.0849,1000.0000,0.0496,0.0548,0.0794,0.0249,2.4976,1
55.50,5.2040,9.5820,19.2180,30.0700,0.0572,0.0779,0.4119,0.1722,2.4985,5.2027,9.5772,19.2216,30.0849,1000.0000,0.0496,0.0548,0.0793,0.0249,2.4976,1
55.60,5.2040,9.5820,19.2180,30.0700,0.0572,0.0779,0.4118,0.1721,2.4985,5.2027,9.5772,19.2215,30.0849,1000.0000,0.0495,0.0548,0.0793,0.0248,2.4976,1
55.70,5.2040,9.5820,19.2180,30.0700,0.0572,0.0779,0.4117,0.1720,2.4985,5.2027,9.5772,19.2215,30.0849,1000.0000,0.0495,0.0548,0.0793,0.0248,2.4975,1
55.80,5.2040,9.5820,19.2180,30.0700,0.0571,0.0779,0.4116,0.1719,2.4985,5.2027,9.5772,19.2214,30.0849,1000.0000,0.0495,0.0549,0.0792,0.0248,2.4975,1
55.90,5.2040,9.5820,19.2180,30.0700,0.0571,0.0779,0.4115,0.1718,2.4985,5.2027,9.5771,19.2214,30.0849,1000.0000,0.0495,0.0549,0.0792,0.0247,2.4975,1
56.00,5.2040,9.5820,19.2180,30.0700,0.0571,0.0778,0.4114,0.1717,2.4985,5.2027,9.5771,19.2213,30.0849,1000.0000,0.0495,0.0549,0.0791,0.0247,2.4975,1
56.10,5.2040,9.5820,19.2180,30.0700,0.0571,0.0778,0.4113,0.1716,2.4985,5.2028,9.5771,19.2213,30.0849,1000.0000,0.0494,0.0549,0.0791,0.0246,2.4975,1
56.20,5.2040,9.5820,19.2180,30.0700,0.0571,0.0778,0.4112,0.1715,2.4985,5.2028,9.5771,19.2213,30.0849,1000.0000,0.0494,0.0549,0.0790,0.0246,2.4975,1
56.30,5.2040,9.5820,19.2180,30.0700,0.0571,0.0778,0.4111,0.1714,2.4985,5.2028,9.5771,19.2212,30.0849,1000.0000,0.0494,0.0550,0.0790,0.0246,2.4975,1
56.40,5.2040,9.5820,19.2180,30.0700,0.0571,0.0778,0.4110,0.1713,2.4985,5.2028,9.5771,19.2212,30.0849,1000.0000,0.0494,0.0550,0.0789,0.0245,2.4974,1
56.50,5.2040,9.5820,19.2180,30.0700,0.0571,0.0778,0.4109,0.1712,2.4985,5.2028,9.5771,19.2211,30.0849,1000.0000,0.0494,0.0550,0.0789,0.0245,2.4974,1
56.60,5.2040,9.5820,19.2180,30.0700,0.0571,0.0778,0.4108,0.1711,2.4985,5.2028,9.5771,19.2211,30.0849,1000.0000,0.0493,0.0550,0.0788,0.0245,2.4974,1
56.70,5.2040,9.5820,19.2180,30.0700,0.0571,0.0777,0.4107,0.1710,2.4985,5.2028,9.5771,19.2210,30.0849,1000.0000,0.0493,0.0550,0.0788,0.0244,2.4974,1
56.80,5.2040,9.5820,19.2180,30.0700,0.0570,0.0777,0.4106,0.1709,2.4985,5.2029,9.5771,19.2210,30.0849,1000.0000,0.0493,0.0550,0.0788,0.0244,2.4974,1
56.90,5.2040,9.5820,19.2180,30.0700,0.0570,0.0777,0.4105,0.1708,2.4985,5.2029,9.5771,19.2209,30.0849,1000.0000,0.0493,0.0551,0.0787,0.0243,2.4974,1
57.00,5.2040,9.5820,19.2180,30.0700,0.0570,0.0777,0.4104,0.1707,2.4985,5.2029,9.5771,19.2209,30.0849,1000.0000,0.0492,0.0551,0.0787,0.0243,2.4974,1
57.10,5.2040,9.5820,19.2180,30.0700,0.0570,0.0777,0.4103,0.1707,2.4985,5.2029,9.5771,19.2208,30.0848,1000.0000,0.0492,0.0551,0.0786,0.0243,2.4973,1
57.20,5.2040,9.5820,19.2180,30.0700,0.0570,0.0777,0.4101,0.1706,2.4985,5.2029,9.5770,19.2208,30.0848,1000.0000,0.0492,0.0551,0.0786,0.0242,2.4973,1
57.30,5.2040,9.5820,19.2180,30.0700,0.0570,0.0777,0.4100,0.1705,2.4985,5.2029,9.5770,19.2207,30.0848,1000.0000,0.0492,0.0551,0.0785,0.0242,2.4973,1
57.40,5.2040,9.5820,19.2180,30.0700,0.0570,0.0776,0.4099,0.1704,2.4985,5.2030,9.5770,19.2207,30.0848,1000.0000,0.0492,0.0551,0.0785,0.0241,2.4973,1
57.50,5.2040,9.5820,19.2180,30.0700,0.0570,0.0776,0.4098,0.1703,2.4985,5.2030,9.5770,19.2206,30.0848,1000.0000,0.0491,0.0551,0.0784,0.0241,2.4973,1
57.60,5.2040,9.5820,19.2180,30.0700,0.0570,0.0776,0.4097,0.1702,2.4985,5.2030,9.5770,19.2206,30.0848,1000.0000,0.0491,0.0552,0.0784,0.0241,2.4973,1
57.70,5.2040,9.5820,19.2180,30.0700,0.0570,0.0776,0.4096,0.1701,2.4985,5.2030,9.5770,19.2205,30.0848,1000.0000,0.0491,0.0552,0.0783,0.0240,2.4973,1
57.80,5.2040,9.5820,19.2180,30.0700,0.0569,0.0776,0.4095,0.1700,2.4985,5.2030,9.5770,19.2205,30.0848,1000.0000,0.0491,0.0552,0.0783,0.0240,2.4972,1
57.90,5.2040,9.5820,19.2180,30.0700,0.0569,0.0776,0.4094,0.1699,2.4985,5.2031,9.5770,19.2204,30.0848,1000.0000,0.0490,0.0552,0.0782,0.0240,2.4972,1
58.00,5.2040,9.5820,19.2180,30.0700,0.0569,0.0776,0.4093,0.1698,2.4985,5.2031,9.5770,19.2204,30.0848,1000.0000,0.0490,0.0552,0.0782,0.0239,2.4972,1
58.10,5.2040,9.5820,19.2180,30.0700,0.0569,0.0776,0.4092,0.1697,2.4985,5.2031,9.5770,19.2203,30.0848,1000.0000,0.0490,0.0552,0.0781,0.0239,2.4972,1
58.20,5.2040,9.5820,19.2180,30.0700,0.0569,0.0775,0.4091,0.1696,2.4985,5.2031,9.5770,19.2203,30.0848,1000.0000,0.0490,0.0552,0.0781,0.0238,2.4972,1
58.30,5.2040,9.5820,19.2180,30.0700,0.0569,0.0775,0.4090,0.1695,2.4985,5.2031,9.5770,19.2202,30.0848,1000.0000,0.0490,0.0552,0.0780,0.0238,2.4972,1
58.40,5.2040,9.5820,19.2180,30.0700,0.0569,0.0775,0.4088,0.1694,2.4985,5.2031,9.5770,19.2202,30.0848,1000.0000,0.0489,0.0553,0.0780,0.0238,2.4972,1
58.50,5.2040,9.5820,19.2180,30.0700,0.0569,0.0775,0.4087,0.1693,2.4985,5.2032,9.5770,19.2201,30.0847,1000.0000,0.0489,0.0553,0.0779,0.0237,2.4971,1
58.60,5.2040,9.5820,19.2180,30.0700,0.0569,0.0775,0.4086,0.1692,2.4985,5.2032,9.5770,19.2201,30.0847,1000.0000,0.0489,0.0553,0.0779,0.0237,2.4971,1
58.70,5.2040,9.5820,19.2180,30.0700,0.0569,0.0775,0.4085,0.1691,2.4985,5.2032,9.5770,19.2201,30.0847,1000.0000,0.0489,0.0553,0.0778,0.0236,2.4971,1
58.80,5.2040,9.5820,19.2180,30.0700,0.0568,0.0775,0.4084,0.1690,2.4985,5.2032,9.5770,19.2200,30.0847,1000.0000,0.0488,0.0553,0.0778,0.0236,2.4971,1
58.90,5.2040,9.5820,19.2180,30.0700,0.0568,0.0775,0.4083,0.1689,2.4985,5.2032,9.5770,19.2200,30.0847,1000.0000,0.0488,0.0553,0.0777,0.0236,2.4971,1
59.00,5.2040,9.5820,19.2180,30.0700,0.0568,0.0774,0.4082,0.1688,2.4985,5.2033,9.5770,19.2199,30.0847,1000.0000,0.0488,0.0553,0.0777,0.0235,2.4971,1
59.10,5.2040,9.5820,19.2180,30.0700,0.0568,0.0774,0.4081,0.1687,2.4985,5.2033,9.5770,19.2199,30.0847,1000.0000,0.0488,0.0553,0.0776,0.0235,2.4971,1
59.20,5.2040,9.5820,19.2180,30.0700,0.0568,0.0774,0.4079,0.1686,2.4985,5.2033,9.5770,19.2198,30.0847,1000.0000,0.0488,0.0553,0.0776,0.0234,2.4971,1
59.30,5.2040,9.5820,19.2180,30.0700,0.0568,0.0774,0.4078,0.1685,2.4985,5.2033,9.5770,19.2198,30.0847,1000.0000,0.0487,0.0553,0.0775,0.0234,2.4970,1
59.40,5.2040,9.5820,19.2180,30.0700,0.0568,0.0774,0.4077,0.1684,2.4985,5.2033,9.5770,19.2197,30.0847,1000.0000,0.0487,0.0553,0.0775,0.0234,2.4970,1
59.50,5.2040,9.5820,19.2180,30.0700,0.0568,0.0774,0.4076,0.1683,2.4985,5.2033,9.5770,19.2197,30.0847,1000.0000,0.0487,0.0553,0.0774,0.0233,2.4970,1
59.60,5.2040,9.5820,19.2180,30.0700,0.0568,0.0774,0.4075,0.1682,2.4985,5.2034,9.5770,19.2196,30.0846,1000.0000,0.0487,0.0554,0.0774,0.0233,2.4970,1
59.70,5.2040,9.5820,19.2180,30.0700,0.0568,0.0774,0.4074,0.1681,2.4985,5.2034,9.5770,19.2196,30.0846,1000.0000,0.0486,0.0554,0.0773,0.0232,2.4970,1
59.80,5.2040,9.5820,19.2180,30.0700,0.0568,0.0773,0.4073,0.1680,2.4985,5.2034,9.5770,19.2195,30.0846,1000.0000,0.0486,0.0554,0.0773,0.0232,2.4970,1
59.90,5.2040,9.5820,19.2180,30.0700,0.0568,0.0773,0.4071,0.1679,2.4985,5.2034,9.5770,19.2195,30.0846,1000.0000,0.0486,0.0554,0.0772,0.0232,2.4970,1
60.00,5.2040,9.5820,19.2180,30.0700,0.0567,0.0773,0.4070,0.1678,2.4985,5.2034,9.5770,19.2194,30.0846,1000.0000,0.0486,0.0554,0.0772,0.0231,2.4969,1
60.10,5.2040,9.5820,19.2180,30.0700,0.0567,0.0773,0.4069,0.1677,2.4985,5.2035,9.5770,19.2194,30.0846,1000.0000,0.0486,0.0554,0.0771,0.0231,2.4969,1
60.20,5.2040,9.5820,19.2180,30.0700,0.0567,0.0773,0.4068,0.1676,2.4985,5.2035,9.5770,19.2193,30.0846,1000.0000,0.0485,0.0554,0.0771,0.0230,2.4969,1
60.30,5.2040,9.5820,19.2180,30.0700,0.0567,0.0773,0.4067,0.1675,2.4985,5.2035,9.5770,19.2193,30.0846,1000.0000,0.0485,0.0554,0.0770,0.0230,2.4969,1
60.40,5.2040,9.5820,19.2180,30.0700,0.0567,0.0773,0.4065,0.1674,2.4985,5.2035,9.5770,19.2192,30.0846,1000.0000,0.0485,0.0554,0.0769,0.0230,2.4969,1
60.50,5.2040,9.5820,19.2180,30.0700,0.0567,0.0773,0.4064,0.1673,2.4985,5.2035,9.5770,19.2192,30.0846,1000.0000,0.0485,0.0554,0.0769,0.0229,2.4969,1
60.60,5.2040,9.5820,19.2180,30.0700,0.0567,0.0773,0.4063,0.1672,2.4985,5.2036,9.5770,19.2191,30.0845,1000.0000,0.0484,0.0554,0.0768,0.0229,2.4969,1
60.70,5.2040,9.5820,19.2180,30.0700,0.0567,0.0772,0.4062,0.1671,2.4985,5.2036,9.5771,19.2191,30.0845,1000.0000,0.0484,0.0554,0.0768,0.0229,2.4969,1
60.80,5.2040,9.5820,19.2180,30.0700,0.0567,0.0772,0.4061,0.1670,2.4985,5.2036,9.5771,19.2190,30.0845,1000.0000,0.0484,0.0554,0.0767,0.0228,2.4969,1
60.90,5.2040,9.5820,19.2180,30.0700,0.0567,0.0772,0.4059,0.1669,2.4985,5.2036,9.5771,19.2190,30.0845,1000.0000,0.0484,0.0554,0.0767,0.0228,2.4968,1
61.00,5.2040,9.5820,19.2180,30.0700,0.0567,0.0772,0.4058,0.1668,2.4985,5.2036,9.5771,19.2189,30.0845,1000.0000,0.0484,0.0554,0.0766,0.0227,2.4968,1
61.10,5.2040,9.5820,19.2180,30.0700,0.0566,0.0772,0.4057,0.1667,2.4985,5.2037,9.5771,19.2189,30.0845,1000.0000,0.0483,0.0554,0.0766,0.0227,2.4968,1
61.20,5.2040,9.5820,19.2180,30.0700,0.0566,0.0772,0.4056,0.1666,2.4985,5.2037,9.5771,19.2188,30.0845,1000.0000,0.0483,0.0554,0.0765,0.0227,2.4968,1
61.30,5.2040,9.5820,19.2180,30.0700,0.0566,0.0772,0.4054,0.1665,2.4985,5.2037,9.5771,19.2188,30.0845,1000.0000,0.0483,0.0554,0.0765,0.0226,2.4968,1
61.40,5.2040,9.5820,19.2180,30.0700,0.0566,0.0772,0.4053,0.1664,2.4985,5.2037,9.5771,19.2187,30.0845,1000.0000,0.0483,0.0554,0.0764,0.0226,2.4968,1
61.50,5.2040,9.5820,19.2180,30.0700,0.0566,0.0772,0.4052,0.1663,2.4985,5.2037,9.5771,19.2187,30.0844,1000.0000,0.0483,0.0554,0.0763,0.0225,2.4968,1
61.60,5.2040,9.5820,19.2180,30.0700,0.0566,0.0771,0.4051,0.1662,2.4985,5.2038,9.5771,19.2186,30.0844,1000.0000,0.0482,0.0554,0.0763,0.0225,2.4968,1
61.70,5.2040,9.5820,19.2180,30.0700,0.0566,0.0771,0.4050,0.1661,2.4985,5.2038,9.5771,19.2186,30.0844,1000.0000,0.0482,0.0554,0.0762,0.0225,2.4967,1
61.80,5.2040,9.5820,19.2180,30.0700,0.0566,0.0771,0.4048,0.1660,2.4985,5.2038,9.5771,19.2185,30.0844,1000.0000,0.0482,0.0554,0.0762,0.0224,2.4967,1
61.90,5.2040,9.5820,19.2180,30.0700,0.0566,0.0771,0.4047,0.1659,2.4985,5.2038,9.5771,19.2185,30.0844,1000.0000,0.0482,0.0554,0.0761,0.0224,2.4967,1
62.00,5.2040,9.5820,19.2180,30.0700,0.0566,0.0771,0.4046,0.1658,2.4985,5.2038,9.5772,19.2184,30.0844,1000.0000,0.0482,0.0554,0.0761,0.0223,2.4967,1
62.10,5.2040,9.5820,19.2180,30.0700,0.0566,0.0771,0.4044,0.1657,2.4985,5.2039,9.5772,19.2184,30.0844,1000.0000,0.0481,0.0554,0.0760,0.0223,2.4967,1
62.20,5.2040,9.5820,19.2180,30.0700,0.0566,0.0771,0.4043,0.1656,2.4985,5.2039,9.5772,19.2183,30.0844,1000.0000,0.0481,0.0554,0.0759,0.0223,2.4967,1
62.30,5.2040,9.5820,19.2180,30.0700,0.0566,0.0771,0.4042,0.1655,2.4985,5.2039,9.5772,19.2183,30.0843,1000.0000,0.0481,0.0554,0.0759,0.0222,2.4967,1
62.40,5.2040,9.5820,19.2180,30.0700,0.0565,0.0771,0.4041,0.1654,2.4985,5.2039,9.5772,19.2182,30.0843,1000.0000,0.0481,0.0554,0.0758,0.0222,2.4967,1
62.50,5.2040,9.5820,19.2180,30.0700,0.0565,0.0770,0.4039,0.1653,2.4985,5.2039,9.5772,19.2182,30.0843,1000.0000,0.0481,0.0554,0.0758,0.0221,2.4967,1
62.60,5.2040,9.5820,19.2180,30.0700,0.0565,0.0770,0.4038,0.1652,2.4985,5.2040,9.5772,19.2181,30.0843,1000.0000,0.0480,0.0554,0.0757,0.0221,2.4967,1
62.70,5.2040,9.5820,19.2180,30.0700,0.0565,0.0770,0.4037,0.1651,2.4985,5.2040,9.5772,19.2181,30.0843,1000.0000,0.0480,0.0554,0.0757,0.0221,2.4966,1
62.80,5.2040,9.5820,19.2180,30.0700,0.0565,0.0770,0.4036,0.1650,2.4985,5.2040,9.5772,19.2180,30.0843,1000.0000,0.0480,0.0554,0.0756,0.0220,2.4966,1
62.90,5.2040,9.5820,19.2180,30.0700,0.0565,0.0770,0.4034,0.1649,2.4985,5.2040,9.5773,19.2180,30.0843,1000.0000,0.0480,0.0554,0.0755,0.0220,2.4966,1
63.00,5.2040,9.5820,19.2180,30.0700,0.0565,0.0770,0.4033,0.1648,2.4985,5.2040,9.5773,19.2179,30.0842,1000.0000,0.0480,0.0554,0.0755,0.0219,2.4966,1
63.10,5.2040,9.5820,19.2180,30.0700,0.0565,0.0770,0.4032,0.1647,2.4985,5.2041,9.5773,19.2179,30.0842,1000.0000,0.0480,0.0554,0.0754,0.0219,2.4966,1
63.20,5.2040,9.5820,19.2180,30.0700,0.0565,0.0770,0.4030,0.1646,2.4985,5.2041,9.5773,19.2178,30.0842,1000.0000,0.0479,0.0554,0.0754,0.0219,2.4966,1
63.30,5.2040,9.5820,19.2180,30.0700,0.0565,0.0770,0.4029,0.1645,2.4985,5.2041,9.5773,19.2178,30.0842,1000.0000,0.0479,0.0554,0.0753,0.0218,2.4966,1
63.40,5.2040,9.5820,19.2180,30.0700,0.0565,0.0770,0.4028,0.1644,2.4985,5.2041,9.5773,19.2177,30.0842,1000.0000,0.0479,0.0554,0.0752,0.0218,2.4966,1
63.50,5.2040,9.5820,19.2180,30.0700,0.0565,0.0769,0.4026,0.1643,2.4985,5.2041,9.5773,19.2177,30.0842,1000.0000,0.0479,0.0554,0.0752,0.0217,2.4966,1
63.60,5.2040,9.5820,19.2180,30.0700,0.0565,0.0769,0.4025,0.1642,2.4985,5.2042,9.5773,19.2176,30.0842,1000.0000,0.0479,0.0554,0.0751,0.0217,2.4966,1
63.70,5.2040,9.5820,19.2180,30.0700,0.0564,0.0769,0.4024,0.1641,2.4985,5.2042,9.5774,19.2176,30.0841,1000.0000,0.0478,0.0554,0.0751,0.0217,2.4966,1
63.80,5.2040,9.5820,19.2180,30.0700,0.0564,0.0769,0.4022,0.1640,2.4985,5.2042,9.5774,19.2175,30.0841,1000.0000,0.0478,0.0554,0.0750,0.0216,2.4965,1
63.90,5.2040,9.5820,19.2180,30.0700,0.0564,0.0769,0.4021,0.1639,2.4985,5.2042,9.5774,19.2175,30.0841,1000.0000,0.0478,0.0554,0.0749,0.0216,2.4965,1
64.00,5.2040,9.5820,19.2180,30.0700,0.0564,0.0769,0.4020,0.1638,2.4985,5.2042,9.5774,19.2174,30.0841,1000.0000,0.0478,0.0554,0.0749,0.0215,2.4965,1
64.10,5.2040,9.5820,19.2180,30.0700,0.0564,0.0769,0.4018,0.1637,2.4985,5.2043,9.5774,19.2174,30.0841,1000.0000,0.0478,0.0554,0.0748,0.0215,2.4965,1
64.20,5.2040,9.5820,19.2180,30.0700,0.0564,0.0769,0.4017,0.1636,2.4985,5.2043,9.5774,19.2173,30.0841,1000.0000,0.0478,0.0554,0.0748,0.0215,2.4965,1
64.30,5.2040,9.5820,19.2180,30.0700,0.0564,0.0769,0.4016,0.1635,2.4985,5.2043,9.5775,19.2173,30.0840,1000.0000,0.0478,0.0554,0.0747,0.0214,2.4965,1
64.40,5.2040,9.5820,19.2180,30.0700,0.0564,0.0769,0.4014,0.1634,2.4985,5.2043,9.5775,19.2172,30.0840,1000.0000,0.0477,0.0554,0.0746,0.0214,2.4965,1
64.50,5.2040,9.5820,19.2180,30.0700,0.0564,0.0769,0.4013,0.1633,2.4985,5.2043,9.5775,19.2172,30.0840,1000.0000,0.0477,0.0554,0.0746,0.0213,2.4965,1
64.60,5.2040,9.5820,19.2180,30.0700,0.0564,0.0768,0.4012,0.1632,2.4985,5.2044,9.5775,19.2171,30.0840,1000.0000,0.0477,0.0554,0.0745,0.0213,2.4965,1
64.70,5.2040,9.5820,19.2180,30.0700,0.0564,0.0768,0.4010,0.1631,2.4985,5.2044,9.5775,19.2171,30.0840,1000.0000,0.0477,0.0554,0.0745,0.0213,2.4965,1
64.80,5.2040,9.5820,19.2180,30.0700,0.0564,0.0768,0.4009,0.1630,2.4985,5.2044,9.5775,19.2170,30.0840,1000.0000,0.0477,0.0554,0.0744,0.0212,2.4965,1
64.90,5.2040,9.5820,19.2180,30.0700,0.0564,0.0768,0.4008,0.1629,2.4985,5.2044,9.5776,19.2170,30.0840,1000.0000,0.0477,0.0554,0.0743,0.0212,2.4965,1
65.00,5.2040,9.5820,19.2180,30.0700,0.0564,0.0768,0.4006,0.1628,2.4985,5.2044,9.5776,19.2169,30.0839,1000.0000,0.0477,0.0554,0.0743,0.0211,2.4965,1
65.10,5.2040,9.5820,19.2180,30.0700,0.0563,0.0768,0.4005,0.1627,2.4985,5.2044,9.5776,19.2169,30.0839,1000.0000,0.0476,0.0553,0.0742,0.0211,2.4965,1
65.20,5.2040,9.5820,19.2180,30.0700,0.0563,0.0768,0.4003,0.1626,2.4985,5.2045,9.5776,19.2168,30.0839,1000.0000,0.0476,0.0553,0.0742,0.0211,2.4964,1
65.30,5.2040,9.5820,19.2180,30.0700,0.0563,0.0768,0.4002,0.1625,2.4985,5.2045,9.5776,19.2168,30.0839,1000.0000,0.0476,0.0553,0.0741,0.0210,2.4964,1
65.40,5.2040,9.5820,19.2180,30.0700,0.0563,0.0768,0.4001,0.1624,2.4985,5.2045,9.5777,19.2167,30.0839,1000.0000,0.0476,0.0553,0.0740,0.0210,2.4964,1
65.50,5.2040,9.5820,19.2180,30.0700,0.0563,0.0768,0.3999,0.1623,2.4985,5.2045,9.5777,19.2167,30.0838,1000.0000,0.0476,0.0553,0.0740,0.0209,2.4964,1
65.60,5.2040,9.5820,19.2180,30.0700,0.0563,0.0768,0.3998,0.1622,2.4985,5.2045,9.5777,19.2166,30.0838,1000.0000,0.0476,0.0553,0.0739,0.0209,2.4964,1
65.70,5.2040,9.5820,19.2180,30.0700,0.0563,0.0767,0.3997,0.1621,2.4985,5.2046,9.5777,19.2166,30.0838,1000.0000,0.0476,0.0553,0.0738,0.0209,2.4964,1
65.80,5.2040,9.5820,19.2180,30.0700,0.0563,0.0767,0.3995,0.1620,2.4985,5.2046,9.5777,19.2165,30.0838,1000.0000,0.0476,0.0553,0.0738,0.0208,2.4964,1
65.90,5.2040,9.5820,19.2180,30.0700,0.0563,0.0767,0.3994,0.1619,2.4985,5.2046,9.5778,19.2165,30.0838,1000.0000,0.0475,0.0553,0.0737,0.0208,2.4964,1
66.00,5.2040,9.5820,19.2180,30.0700,0.0563,0.0767,0.3992,0.1618,2.4985,5.2046,9.5778,19.2164,30.0838,1000.0000,0.0475,0.0553,0.0737,0.0207,2.4964,1
66.10,5.2040,9.5820,19.2180,30.0700,0.0563,0.0767,0.3991,0.1617,2.4985,5.2046,9.5778,19.2164,30.0837,1000.0000,0.0475,0.0553,0.0736,0.0207,2.4964,1
66.20,5.2040,9.5820,19.2180,30.0700,0.0563,0.0767,0.3990,0.1616,2.4985,5.2047,9.5778,19.2163,30.0837,1000.0000,0.0475,0.0553,0.0735,0.0207,2.4964,1
66.30,5.2040,9.5820,19.2180,30.0700,0.0563,0.0767,0.3988,0.1615,2.4985,5.2047,9.5778,19.2163,30.0837,1000.0000,0.0475,0.0553,0.0735,0.0206,2.4964,1
66.40,5.2040,9.5820,19.2180,30.0700,0.0563,0.0767,0.3987,0.1615,2.4985,5.2047,9.5779,19.2162,30.0837,1000.0000,0.0475,0.0553,0.0734,0.0206,2.4964,1
66.50,5.2040,9.5820,19.2180,30.0700,0.0563,0.0767,0.3985,0.1614,2.4985,5.2047,9.5779,19.2162,30.0837,1000.0000,0.0475,0.0552,0.0733,0.0205,2.4964,1
66.60,5.2040,9.5820,19.2180,30.0700,0.0563,0.0767,0.3984,0.1613,2.4985,5.2047,9.5779,19.2161,30.0837,1000.0000,0.0475,0.0552,0.0733,0.0205,2.4964,1
66.70,5.2040,9.5820,19.2180,30.0700,0.0562,0.0767,0.3982,0.1612,2.4985,5.2048,9.5779,19.2161,30.0836,1000.0000,0.0475,0.0552,0.0732,0.0205,2.4964,1
66.80,5.2040,9.5820,19.2180,30.0700,0.0562,0.0767,0.3981,0.1611,2.4985,5.2048,9.5780,19.2160,30.0836,1000.0000,0.0474,0.0552,0.0731,0.0204,2.4964,1
66.90,5.2040,9.5820,19.2180,30.0700,0.0562,0.0766,0.3980,0.1610,2.4985,5.2048,9.5780,19.2160,30.0836,1000.0000,0.0474,0.0552,0.0731,0.0204,2.4964,1
67.00,5.2040,9.5820,19.2180,30.0700,0.0562,0.0766,0.3978,0.1609,2.4985,5.2048,9.5780,19.2159,30.0836,1000.0000,0.0474,0.0552,0.0730,0.0203,2.4964,1
67.10,5.2040,9.5820,19.2180,30.0700,0.0562,0.0766,0.3977,0.1608,2.4985,5.2048,9.5780,19.2159,30.0836,1000.0000,0.0474,0.0552,0.0730,0.0203,2.4963,1
67.20,5.2040,9.5820,19.2180,30.0700,0.0562,0.0766,0.3975,0.1607,2.4985,5.2048,9.5781,19.2158,30.0835,1000.0000,0.0474,0.0552,0.0729,0.0203,2.4963,1
67.30,5.2040,9.5820,19.2180,30.0700,0.0562,0.0766,0.3974,0.1606,2.4985,5.2049,9.5781,19.2158,30.0835,1000.0000,0.0474,0.0552,0.0728,0.0202,2.4963,1
67.40,5.2040,9.5820,19.2180,30.0700,0.0562,0.0766,0.3972,0.1605,2.4985,5.2049,9.5781,19.2157,30.0835,1000.0000,0.0474,0.0552,0.0728,0.0202,2.4963,1
67.50,5.2040,9.5820,19.2180,30.0700,0.0562,0.0766,0.3971,0.1604,2.4985,5.2049,9.5781,19.2157,30.0835,1000.0000,0.0474,0.0552,0.0727,0.0201,2.4963,1
67.60,5.2040,9.5820,19.2180,30.0700,0.0562,0.0766,0.3970,0.1603,2.4985,5.2049,9.5782,19.2156,30.0835,1000.0000,0.0474,0.0552,0.0726,0.0201,2.4963,1
67.70,5.2040,9.5820,19.2180,30.0700,0.0562,0.0766,0.3968,0.1602,2.4985,5.2049,9.5782,19.2156,30.0834,1000.0000,0.0474,0.0551,0.0726,0.0201,2.4963,1
67.80,5.2040,9.5820,19.2180,30.0700,0.0562,0.0766,0.3967,0.1601,2.4985,5.2050,9.5782,19.2155,30.0834,1000.0000,0.0474,0.0551,0.0725,0.0200,2.4963,1
67.90,5.2040,9.5820,19.2180,30.0700,0.0562,0.0766,0.3965,0.1600,2.4985,5.2050,9.5782,19.2155,30.0834,1000.0000,0.0474,0.0551,0.0724,0.0200,2.4963,1
68.00,5.2040,9.5820,19.2180,30.0700,0.0562,0.0766,0.3964,0.1599,2.4985,5.2050,9.5783,19.2154,30.0834,1000.0000,0.0473,0.0551,0.0724,0.0200,2.4963,1
68.10,5.2040,9.5820,19.2180,30.0700,0.0562,0.0765,0.3962,0.1598,2.4985,5.2050,9.5783,19.2154,30.0834,1000.0000,0.0473,0.0551,0.0723,0.0199,2.4963,1
68.20,5.2040,9.5820,19.2180,30.0700,0.0562,0.0765,0.3961,0.1597,2.4985,5.2050,9.5783,19.2153,30.0833,1000.0000,0.0473,0.0551,0.0722,0.0199,2.4963,1
68.30,5.2040,9.5820,19.2180,30.0700,0.0562,0.0765,0.3959,0.1596,2.4985,5.2050,9.5783,19.2153,30.0833,1000.0000,0.0473,0.0551,0.0722,0.0198,2.4963,1
68.40,5.2040,9.5820,19.2180,30.0700,0.0561,0.0765,0.3958,0.1595,2.4985,5.2051,9.5784,19.2153,30.0833,1000.0000,0.0473,0.0551,0.0721,0.0198,2.4963,1
68.50,5.2040,9.5820,19.2180,30.0700,0.0561,0.0765,0.3956,0.1594,2.4985,5.2051,9.5784,19.2152,30.0833,1000.0000,0.0473,0.0551,0.0720,0.0198,2.4963,1
68.60,5.2040,9.5820,19.2180,30.0700,0.0561,0.0765,0.3955,0.1593,2.4985,5.2051,9.5784,19.2152,30.0833,1000.0000,0.0473,0.0551,0.0720,0.0197,2.4963,1
68.70,5.2040,9.5820,19.2180,30.0700,0.0561,0.0765,0.3953,0.1592,2.4985,5.2051,9.5785,19.2151,30.0832,1000.0000,0.0473,0.0550,0.0719,0.0197,2.4963,1
68.80,5.2040,9.5820,19.2180,30.0700,0.0561,0.0765,0.3952,0.1591,2.4985,5.2051,9.5785,19.2151,30.0832,1000.0000,0.0473,0.0550,0.0718,0.0196,2.4963,1
68.90,5.2040,9.5820,19.2180,30.0700,0.0561,0.0765,0.3950,0.1590,2.4985,5.2051,9.5785,19.2150,30.0832,1000.0000,0.0473,0.0550,0.0718,0.0196,2.4963,1
69.00,5.2040,9.5820,19.2180,30.0700,0.0561,0.0765,0.3949,0.1589,2.4985,5.2052,9.5785,19.2150,30.0832,1000.0000,0.0473,0.0550,0.0717,0.0196,2.4963,1
69.10,5.2040,9.5820,19.2180,30.0700,0.0561,0.0765,0.3947,0.1588,2.4985,5.2052,9.5786,19.2149,30.0831,1000.0000,0.0473,0.0550,0.0716,0.0195,2.4963,1
69.20,5.2040,9.5820,19.2180,30.0700,0.0561,0.0765,0.3946,0.1587,2.4985,5.2052,9.5786,19.2149,30.0831,1000.0000,0.0473,0.0550,0.0716,0.0195,2.4963,1
69.30,5.2040,9.5820,19.2180,30.0700,0.0561,0.0765,0.3944,0.1586,2.4985,5.2052,9.5786,19.2148,30.0831,1000.0000,0.0473,0.0550,0.0715,0.0195,2.4963,1
69.40,5.2040,9.5820,19.2180,30.0700,0.0561,0.0765,0.3943,0.1585,2.4985,5.2052,9.5787,19.2148,30.0831,1000.0000,0.0473,0.0550,0.0714,0.0194,2.4963,1
69.50,5.2040,9.5820,19.2180,30.0700,0.0561,0.0764,0.3942,0.1585,2.4985,5.2052,9.5787,19.2147,30.0831,1000.0000,0.0473,0.0550,0.0714,0.0194,2.4963,1
69.60,5.2040,9.5820,19.2180,30.0700,0.0561,0.0764,0.3940,0.1584,2.4985,5.2053,9.5787,19.2147,30.0830,1000.0000,0.0473,0.0549,0.0713,0.0193,2.4963,1
69.70,5.2040,9.5820,19.2180,30.0700,0.0561,0.0764,0.3939,0.1583,2.4985,5.2053,9.5788,19.2146,30.0830,1000.0000,0.0473,0.0549,0.0712,0.0193,2.4963,1
69.80,5.2040,9.5820,19.2180,30.0700,0.0561,0.0764,0.3937,0.1582,2.4985,5.2053,9.5788,19.2146,30.0830,1000.0000,0.0473,0.0549,0.0712,0.0193,2.4963,1
69.90,5.2040,9.5820,19.2180,30.0700,0.0561,0.0764,0.3936,0.1581,2.4985,5.2053,9.5788,19.2145,30.0830,1000.0000,0.0473,0.0549,0.0711,0.0192,2.4963,1
70.00,5.2040,9.5820,19.2180,30.0700,0.0561,0.0764,0.3934,0.1580,2.4985,5.2053,9.5788,19.2145,30.0829,1000.0000,0.0473,0.0549,0.0710,0.0192,2.4963,1
70.10,5.2040,9.5820,19.2180,30.0700,0.0561,0.0764,0.3932,0.1579,2.4985,5.2053,9.5789,19.2144,30.0829,1000.0000,0.0473,0.0549,0.0710,0.0192,2.4963,1
70.20,5.2040,9.5820,19.2180,30.0700,0.0560,0.0764,0.3931,0.1578,2.4985,5.2053,9.5789,19.2144,30.0829,1000.0000,0.0473,0.0549,0.0709,0.0191,2.4963,1
70.30,5.2040,9.5820,19.2180,30.0700,0.0560,0.0764,0.3929,0.1577,2.4985,5.2054,9.5789,19.2144,30.0829,1000.0000,0.0473,0.0549,0.0708,0.0191,2.4963,1
70.40,5.2040,9.5820,19.2180,30.0700,0.0560,0.0764,0.3928,0.1576,2.4985,5.2054,9.5790,19.2143,30.0829,1000.0000,0.0472,0.0549,0.0708,0.0190,2.4963,1
70.50,5.2040,9.5820,19.2180,30.0700,0.0560,0.0764,0.3926,0.1575,2.4985,5.2054,9.5790,19.2143,30.0828,1000.0000,0.0472,0.0548,0.0707,0.0190,2.4963,1
70.60,5.2040,9.5820,19.2180,30.0700,0.0560,0.0764,0.3925,0.1574,2.4985,5.2054,9.5790,19.2142,30.0828,1000.0000,0.0472,0.0548,0.0706,0.0190,2.4963,1
70.70,5.2040,9.5820,19.2180,30.0700,0.0560,0.0764,0.3923,0.1573,2.4985,5.2054,9.5791,19.2142,30.0828,1000.0000,0.0472,0.0548,0.0706,0.0189,2.4963,1
70.80,5.2040,9.5820,19.2180,30.0700,0.0560,0.0764,0.3922,0.1572,2.4985,5.2054,9.5791,19.2141,30.0828,1000.0000,0.0472,0.0548,0.0705,0.0189,2.4963,1
70.90,5.2040,9.5820,19.2180,30.0700,0.0560,0.0763,0.3920,0.1571,2.4985,5.2054,9.5791,19.2141,30.0827,1000.0000,0.0472,0.0548,0.0704,0.0189,2.4963,1
71.00,5.2040,9.5820,19.2180,30.0700,0.0560,0.0763,0.3919,0.1571,2.4985,5.2055,9.5792,19.2140,30.0827,1000.0000,0.0472,0.0548,0.0703,0.0188,2.4963,1
71.10,5.2040,9.5820,19.2180,30.0700,0.0560,0.0763,0.3917,0.1570,2.4985,5.2055,9.5792,19.2140,30.0827,1000.0000,0.0472,0.0548,0.0703,0.0188,2.4963,1
71.20,5.2040,9.5820,19.2180,30.0700,0.0560,0.0763,0.3916,0.1569,2.4985,5.2055,9.5792,19.2139,30.0827,1000.0000,0.0472,0.0548,0.0702,0.0187,2.4963,1
71.30,5.2040,9.5820,19.2180,30.0700,0.0560,0.0763,0.3914,0.1568,2.4985,5.2055,9.5793,19.2139,30.0826,1000.0000,0.0472,0.0548,0.0701,0.0187,2.4963,1
71.40,5.2040,9.5820,19.2180,30.0700,0.0560,0.0763,0.3913,0.1567,2.4985,5.2055,9.5793,19.2138,30.0826,1000.0000,0.0472,0.0547,0.0701,0.0187,2.4963,1
71.50,5.2040,9.5820,19.2180,30.0700,0.0560,0.0763,0.3911,0.1566,2.4985,5.2055,9.5793,19.2138,30.0826,1000.0000,0.0472,0.0547,0.0700,0.0186,2.4964,1
71.60,5.2040,9.5820,19.2180,30.0700,0.0560,0.0763,0.3910,0.1565,2.4985,5.2055,9.5794,19.2138,30.0826,1000.0000,0.0472,0.0547,0.0699,0.0186,2.4964,1
71.70,5.2040,9.5820,19.2180,30.0700,0.0560,0.0763,0.3908,0.1564,2.4985,5.2056,9.5794,19.2137,30.0825,1000.0000,0.0472,0.0547,0.0699,0.0186,2.4964,1
71.80,5.2040,9.5820,19.2180,30.0700,0.0560,0.0763,0.3907,0.1563,2.4985,5.2056,9.5794,19.2137,30.0825,1000.0000,0.0472,0.0547,0.0698,0.0185,2.4964,1
71.90,5.2040,9.5820,19.2180,30.0700,0.0560,0.0763,0.3905,0.1562,2.4985,5.2056,9.5795,19.2136,30.0825,1000.0000,0.0472,0.0547,0.0697,0.0185,2.4964,1
72.00,5.2040,9.5820,19.2180,30.0700,0.0560,0.0763,0.3903,0.1561,2.4985,5.2056,9.5795,19.2136,30.0825,1000.0000,0.0472,0.0547,0.0697,0.0185,2.4964,1
72.10,5.2040,9.5820,19.2180,30.0700,0.0560,0.0763,0.3902,0.1561,2.4985,5.2056,9.5795,19.2135,30.0824,1000.0000,0.0473,0.0547,0.0696,0.0184,2.4964,1
72.20,5.2040,9.5820,19.2180,30.0700,0.0559,0.0763,0.3900,0.1560,2.4985,5.2056,9.5796,19.2135,30.0824,1000.0000,0.0473,0.0547,0.0695,0.0184,2.4964,1
72.30,5.2040,9.5820,19.2180,30.0700,0.0559,0.0763,0.3899,0.1559,2.4985,5.2056,9.5796,19.2134,30.0824,1000.0000,0.0473,0.0546,0.0694,0.0184,2.4964,1
72.40,5.2040,9.5820,19.2180,30.0700,0.0559,0.0762,0.3897,0.1558,2.4985,5.2056,9.5796,19.2134,30.0824,1000.0000,0.0473,0.0546,0.0694,0.0183,2.4964,1
72.50,5.2040,9.5820,19.2180,30.0700,0.0559,0.0762,0.3896,0.1557,2.4985,5.2056,9.5797,19.2134,30.0823,1000.0000,0.0473,0.0546,0.0693,0.0183,2.4964,1
72.60,5.2040,9.5820,19.2180,30.0700,0.0559,0.0762,0.3894,0.1556,2.4985,5.2057,9.5797,19.2133,30.0823,1000.0000,0.0473,0.0546,0.0692,0.0182,2.4964,1
72.70,5.2040,9.5820,19.2180,30.0700,0.0559,0.0762,0.3893,0.1555,2.4985,5.2057,9.5797,19.2133,30.0823,1000.0000,0.0473,0.0546,0.0692,0.0182,2.4964,1
72.80,5.2040,9.5820,19.2180,30.0700,0.0559,0.0762,0.3891,0.1554,2.4985,5.2057,9.5798,19.2132,30.0823,1000.0000,0.0473,0.0546,0.0691,0.0182,2.4964,1
72.90,5.2040,9.5820,19.2180,30.0700,0.0559,0.0762,0.3889,0.1554,2.4985,5.2057,9.5798,19.2132,30.0822,1000.0000,0.0473,0.0546,0.0690,0.0181,2.4964,1
73.00,5.2040,9.5820,19.2180,30.0700,0.0559,0.0762,0.3888,0.1553,2.4985,5.2057,9.5799,19.2131,30.0822,1000.0000,0.0473,0.0546,0.0690,0.0181,2.4964,1
73.10,5.2040,9.5820,19.2180,30.0700,0.0559,0.0762,0.3886,0.1552,2.4985,5.2057,9.5799,19.2131,30.0822,1000.0000,0.0473,0.0545,0.0689,0.0181,2.4964,1
73.20,5.2040,9.5820,19.2180,30.0700,0.0559,0.0762,0.3885,0.1551,2.4985,5.2057,9.5799,19.2130,30.0822,1000.0000,0.0473,0.0545,0.0688,0.0180,2.4964,1
73.30,5.2040,9.5820,19.2180,30.0700,0.0559,0.0762,0.3883,0.1550,2.4985,5.2057,9.5800,19.2130,30.0821,1000.0000,0.0473,0.0545,0.0687,0.0180,2.4965,1
73.40,5.2040,9.5820,19.2180,30.0700,0.0559,0.0762,0.3882,0.1549,2.4985,5.2057,9.5800,19.2130,30.0821,1000.0000,0.0473,0.0545,0.0687,0.0180,2.4965,1
73.50,5.2040,9.5820,19.2180,30.0700,0.0559,0.0762,0.3880,0.1548,2.4985,5.2058,9.5800,19.2129,30.0821,1000.0000,0.0473,0.0545,0.0686,0.0179,2.4965,1
73.60,5.2040,9.5820,19.2180,30.0700,0.0559,0.0762,0.3879,0.1547,2.4985,5.2058,9.5801,19.2129,30.0821,1000.0000,0.0473,0.0545,0.0685,0.0179,2.4965,1
73.70,5.2040,9.5820,19.2180,30.0700,0.0559,0.0762,0.3877,0.1547,2.4985,5.2058,9.5801,19.2128,30.0820,1000.0000,0.0473,0.0545,0.0685,0.0179,2.4965,1
73.80,5.2040,9.5820,19.2180,30.0700,0.0559,0.0762,0.3875,0.1546,2.4985,5.2058,9.5801,19.2128,30.0820,1000.0000,0.0473,0.0545,0.0684,0.0178,2.4965,1
73.90,5.2040,9.5820,19.2180,30.0700,0.0559,0.0762,0.3874,0.1545,2.4985,5.2058,9.5802,19.2127,30.0820,1000.0000,0.0473,0.0545,0.0683,0.0178,2.4965,1
74.00,5.2040,9.5820,19.2180,30.0700,0.0559,0.0762,0.3872,0.1544,2.4985,5.2058,9.5802,19.2127,30.0819,1000.0000,0.0473,0.0544,0.0683,0.0178,2.4965,1
74.10,5.2040,9.5820,19.2180,30.0700,0.0559,0.0761,0.3871,0.1543,2.4985,5.2058,9.5803,19.2127,30.0819,1000.0000,0.0473,0.0544,0.0682,0.0177,2.4965,1
74.20,5.2040,9.5820,19.2180,30.0700,0.0559,0.0761,0.3869,0.1542,2.4985,5.2058,9.5803,19.2126,30.0819,1000.0000,0.0473,0.0544,0.0681,0.0177,2.4965,1
74.30,5.2040,9.5820,19.2180,30.0700,0.0559,0.0761,0.3868,0.1542,2.4985,5.2058,9.5803,19.2126,30.0819,1000.0000,0.0473,0.0544,0.0680,0.0177,2.4965,1
74.40,5.2040,9.5820,19.2180,30.0700,0.0558,0.0761,0.3866,0.1541,2.4985,5.2058,9.5804,19.2125,30.0818,1000.0000,0.0473,0.0544,0.0680,0.0176,2.4965,1
74.50,5.2040,9.5820,19.2180,30.0700,0.0558,0.0761,0.3864,0.1540,2.4985,5.2058,9.5804,19.2125,30.0818,1000.0000,0.0473,0.0544,0.0679,0.0176,2.4965,1
74.60,5.2040,9.5820,19.2180,30.0700,0.0558,0.0761,0.3863,0.1539,2.4985,5.2058,9.5805,19.2124,30.0818,1000.0000,0.0473,0.0544,0.0678,0.0176,2.4966,1
74.70,5.2040,9.5820,19.2180,30.0700,0.0558,0.0761,0.3861,0.1538,2.4985,5.2059,9.5805,19.2124,30.0818,1000.0000,0.0473,0.0544,0.0678,0.0175,2.4966,1
74.80,5.2040,9.5820,19.2180,30.0700,0.0558,0.0761,0.3860,0.1537,2.4985,5.2059,9.5805,19.2124,30.0817,1000.0000,0.0474,0.0544,0.0677,0.0175,2.4966,1
74.90,5.2040,9.5820,19.2180,30.0700,0.0558,0.0761,0.3858,0.1537,2.4985,5.2059,9.5806,19.2123,30.0817,1000.0000,0.0474,0.0543,0.0676,0.0175,2.4966,1
75.00,5.2040,9.5820,19.2180,30.0700,0.0558,0.0761,0.3856,0.1536,2.4985,5.2059,9.5806,19.2123,30.0817,1000.0000,0.0474,0.0543,0.0675,0.0174,2.4966,1
75.10,5.2040,9.5820,19.2180,30.0700,0.0558,0.0761,0.3855,0.1535,2.4985,5.2059,9.5806,19.2122,30.0816,1000.0000,0.0474,0.0543,0.0675,0.0174,2.4966,1
75.20,5.2040,9.5820,19.2180,30.0700,0.0558,0.0761,0.3853,0.1534,2.4985,5.2059,9.5807,19.2122,30.0816,1000.0000,0.0474,0.0543,0.0674,0.0174,2.4966,1
75.30,5.2040,9.5820,19.2180,30.0700,0.0558,0.0761,0.3852,0.1533,2.4985,5.2059,9.5807,19.2122,30.0816,1000.0000,0.0474,0.0543,0.0673,0.0173,2.4966,1
75.40,5.2040,9.5820,19.2180,30.0700,0.0558,0.0761,0.3850,0.1532,2.4985,5.2059,9.5808,19.2121,30.0816,1000.0000,0.0474,0.0543,0.0673,0.0173,2.4966,1
75.50,5.2040,9.5820,19.2180,30.0700,0.0558,0.0761,0.3849,0.1532,2.4985,5.2059,9.5808,19.2121,30.0815,1000.0000,0.0474,0.0543,0.0672,0.0173,2.4966,1
75.60,5.2040,9.5820,19.2180,30.0700,0.0558,0.0761,0.3847,0.1531,2.4985,5.2059,9.5808,19.2120,30.0815,1000.0000,0.0474,0.0543,0.0671,0.0172,2.4967,1
75.70,5.2040,9.5820,19.2180,30.0700,0.0558,0.0761,0.3845,0.1530,2.4985,5.2059,9.5809,19.2120,30.0815,1000.0000,0.0474,0.0543,0.0670,0.0172,2.4967,1
75.80,5.2040,9.5820,19.2180,30.0700,0.0558,0.0761,0.3844,0.1529,2.4985,5.2059,9.5809,19.2120,30.0814,1000.0000,0.0474,0.0543,0.0670,0.0172,2.4967,1
75.90,5.2040,9.5820,19.2180,30.0700,0.0558,0.0760,0.3842,0.1528,2.4985,5.2059,9.5810,19.2119,30.0814,1000.0000,0.0474,0.0542,0.0669,0.0171,2.4967,1
76.00,5.2040,9.5820,19.2180,30.0700,0.0558,0.0760,0.3841,0.1528,2.4985,5.2059,9.5810,19.2119,30.0814,1000.0000,0.0474,0.0542,0.0668,0.0171,2.4967,1
76.10,5.2040,9.5820,19.2180,30.0700,0.0558,0.0760,0.3839,0.1527,2.4985,5.2059,9.5810,19.2118,30.0814,1000.0000,0.0474,0.0542,0.0668,0.0171,2.4967,1
76.20,5.2040,9.5820,19.2180,30.0700,0.0558,0.0760,0.3837,0.1526,2.4985,5.2059,9.5811,19.2118,30.0813,1000.0000,0.0474,0.0542,0.0667,0.0170,2.4967,1
76.30,5.2040,9.5820,19.2180,30.0700,0.0558,0.0760,0.3836,0.1525,2.4985,5.2060,9.5811,19.2118,30.0813,1000.0000,0.0474,0.0542,0.0666,0.0170,2.4967,1
76.40,5.2040,9.5820,19.2180,30.0700,0.0558,0.0760,0.3834,0.1524,2.4985,5.2060,9.5811,19.2117,30.0813,1000.0000,0.0475,0.0542,0.0665,0.0170,2.4968,1
76.50,5.2040,9.5820,19.2180,30.0700,0.0558,0.0760,0.3833,0.1524,2.4985,5.2060,9.5812,19.2117,30.0812,1000.0000,0.0475,0.0542,0.0665,0.0169,2.4968,1
76.60,5.2040,9.5820,19.2180,30.0700,0.0558,0.0760,0.3831,0.1523,2.4985,5.2060,9.5812,19.2116,30.0812,1000.0000,0.0475,0.0542,0.0664,0.0169,2.4968,1
76.70,5.2040,9.5820,19.2180,30.0700,0.0558,0.0760,0.3829,0.1522,2.4985,5.2060,9.5813,19.2116,30.0812,1000.0000,0.0475,0.0542,0.0663,0.0169,2.4968,1
76.80,5.2040,9.5820,19.2180,30.0700,0.0558,0.0760,0.3828,0.1521,2.4985,5.2060,9.5813,19.2116,30.0811,1000.0000,0.0475,0.0542,0.0663,0.0169,2.4968,1
76.90,5.2040,9.5820,19.2180,30.0700,0.0557,0.0760,0.3826,0.1521,2.4985,5.2060,9.5813,19.2115,30.0811,1000.0000,0.0475,0.0541,0.0662,0.0168,2.4968,1
77.00,5.2040,9.5820,19.2180,30.0700,0.0557,0.0760,0.3825,0.1520,2.4985,5.2060,9.5814,19.2115,30.0811,1000.0000,0.0475,0.0541,0.0661,0.0168,2.4968,1
77.10,5.2040,9.5820,19.2180,30.0700,0.0557,0.0760,0.3823,0.1519,2.4985,5.2060,9.5814,19.2115,30.0811,1000.0000,0.0475,0.0541,0.0660,0.0168,2.4968,1
77.20,5.2040,9.5820,19.2180,30.0700,0.0557,0.0760,0.3821,0.1518,2.4985,5.2060,9.5815,19.2114,30.0810,1000.0000,0.0475,0.0541,0.0660,0.0167,2.4969,1
77.30,5.2040,9.5820,19.2180,30.0700,0.0557,0.0760,0.3820,0.1518,2.4985,5.2060,9.5815,19.2114,30.0810,1000.0000,0.0475,0.0541,0.0659,0.0167,2.4969,1
77.40,5.2040,9.5820,19.2180,30.0700,0.0557,0.0760,0.3818,0.1517,2.4985,5.2060,9.5815,19.2113,30.0810,1000.0000,0.0475,0.0541,0.0658,0.0167,2.4969,1
77.50,5.2040,9.5820,19.2180,30.0700,0.0557,0.0760,0.3817,0.1516,2.4985,5.2060,9.5816,19.2113,30.0809,1000.0000,0.0475,0.0541,0.0657,0.0166,2.4969,1
77.60,5.2040,9.5820,19.2180,30.0700,0.0557,0.0760,0.3815,0.1515,2.4985,5.2060,9.5816,19.2113,30.0809,1000.0000,0.0475,0.0541,0.0657,0.0166,2.4969,1
77.70,5.2040,9.5820,19.2180,30.0700,0.0557,0.0760,0.3813,0.1515,2.4985,5.2060,9.5817,19.2112,30.0809,1000.0000,0.0475,0.0541,0.0656,0.0166,2.4969,1
77.80,5.2040,9.5820,19.2180,30.0700,0.0557,0.0760,0.3812,0.1514,2.4985,5.2060,9.5817,19.2112,30.0808,1000.0000,0.0476,0.0541,0.0655,0.0166,2.4969,1
77.90,5.2040,9.5820,19.2180,30.0700,0.0557,0.0759,0.3810,0.1513,2.4985,5.2060,9.5817,19.2112,30.0808,1000.0000,0.0476,0.0541,0.0655,0.0165,2.4970,1
78.00,5.2040,9.5820,19.2180,30.0700,0.0557,0.0759,0.3809,0.1512,2.4985,5.2060,9.5818,19.2111,30.0808,1000.0000,0.0476,0.0540,0.0654,0.0165,2.4970,1
78.10,5.2040,9.5820,19.2180,30.0700,0.0557,0.0759,0.3807,0.1512,2.4985,5.2060,9.5818,19.2111,30.0807,1000.0000,0.0476,0.0540,0.0653,0.0165,2.4970,1
78.20,5.2040,9.5820,19.2180,30.0700,0.0557,0.0759,0.3805,0.1511,2.4985,5.2060,9.5819,19.2111,30.0807,1000.0000,0.0476,0.0540,0.0652,0.0164,2.4970,1
78.30,5.2040,9.5820,19.2180,30.0700,0.0557,0.0759,0.3804,0.1510,2.4985,5.2060,9.5819,19.2110,30.0807,1000.0000,0.0476,0.0540,0.0652,0.0164,2.4970,1
78.40,5.2040,9.5820,19.2180,30.0700,0.0557,0.0759,0.3802,0.1510,2.4985,5.2060,9.5819,19.2110,30.0807,1000.0000,0.0476,0.0540,0.0651,0.0164,2.4970,1
78.50,5.2040,9.5820,19.2180,30.0700,0.0557,0.0759,0.3801,0.1509,2.4985,5.2060,9.5820,19.2109,30.0806,1000.0000,0.0476,0.0540,0.0650,0.0164,2.4970,1
78.60,5.2040,9.5820,19.2180,30.0700,0.0557,0.0759,0.3799,0.1508,2.4985,5.2060,9.5820,19.2109,30.0806,1000.0000,0.0476,0.0540,0.0650,0.0163,2.4971,1
78.70,5.2040,9.5820,19.2180,30.0700,0.0557,0.0759,0.3797,0.1507,2.4985,5.2060,9.5821,19.2109,30.0806,1000.0000,0.0476,0.0540,0.0649,0.0163,2.4971,1
78.80,5.2040,9.5820,19.2180,30.0700,0.0557,0.0759,0.3796,0.1507,2.4985,5.2060,9.5821,19.2108,30.0805,1000.0000,0.0476,0.0540,0.0648,0.0163,2.4971,1
78.90,5.2040,9.5820,19.2180,30.0700,0.0557,0.0759,0.3794,0.1506,2.4985,5.2060,9.5821,19.2108,30.0805,1000.0000,0.0476,0.0540,0.0647,0.0162,2.4971,1
79.00,5.2040,9.5820,19.2180,30.0700,0.0557,0.0759,0.3793,0.1505,2.4985,5.2060,9.5822,19.2108,30.0805,1000.0000,0.0476,0.0540,0.0647,0.0162,2.4971,1
79.10,5.2040,9.5820,19.2180,30.0700,0.0557,0.0759,0.3791,0.1505,2.4985,5.2060,9.5822,19.2107,30.0804,1000.0000,0.0477,0.0540,0.0646,0.0162,2.4971,1
79.20,5.2040,9.5820,19.2180,30.0700,0.0557,0.0759,0.3789,0.1504,2.4985,5.2060,9.5823,19.2107,30.0804,1000.0000,0.0477,0.0539,0.0645,0.0162,2.4972,1
79.30,5.2040,9.5820,19.2180,30.0700,0.0557,0.0759,0.3788,0.1503,2.4985,5.2060,9.5823,19.2107,30.0804,1000.0000,0.0477,0.0539,0.0645,0.0161,2.4972,1
79.40,5.2040,9.5820,19.2180,30.0700,0.0557,0.0759,0.3786,0.1503,2.4985,5.2060,9.5823,19.2106,30.0803,1000.0000,0.0477,0.0539,0.0644,0.0161,2.4972,1
79.50,5.2040,9.5820,19.2180,30.0700,0.0557,0.0759,0.3785,0.1502,2.4985,5.2060,9.5824,19.2106,30.0803,1000.0000,0.0477,0.0539,0.0643,0.0161,2.4972,1
79.60,5.2040,9.5820,19.2180,30.0700,0.0557,0.0759,0.3783,0.1501,2.4985,5.2060,9.5824,19.2106,30.0803,1000.0000,0.0477,0.0539,0.0642,0.0161,2.4972,1
79.70,5.2040,9.5820,19.2180,30.0700,0.0557,0.0759,0.3781,0.1501,2.4985,5.2060,9.5825,19.2105,30.0802,1000.0000,0.0477,0.0539,0.0642,0.0160,2.4972,1
79.80,5.2040,9.5820,19.2180,30.0700,0.0556,0.0759,0.3780,0.1500,2.4985,5.2060,9.5825,19.2105,30.0802,1000.0000,0.0477,0.0539,0.0641,0.0160,2.4973,1
79.90,5.2040,9.5820,19.2180,30.0700,0.0556,0.0759,0.3778,0.1499,2.4985,5.2060,9.5825,19.2105,30.0802,1000.0000,0.0477,0.0539,0.0640,0.0160,2.4973,1
80.00,5.2040,9.5820,19.2180,30.0700,0.0556,0.0759,0.3777,0.1499,2.4985,5.2060,9.5826,19.2104,30.0801,1000.0000,0.0477,0.0539,0.0639,0.0159,2.4973,1
80.10,5.2040,9.5820,19.2180,30.0700,0.0556,0.0759,0.3775,0.1498,2.4985,5.2060,9.5826,19.2104,30.0801,1000.0000,0.0477,0.0539,0.0639,0.0159,2.4973,1
80.20,5.2040,9.5820,19.2180,30.0700,0.0556,0.0758,0.3773,0.1497,2.4985,5.2060,9.5827,19.2104,30.0801,1000.0000,0.0477,0.0539,0.0638,0.0159,2.4973,1
80.30,5.2040,9.5820,19.2180,30.0700,0.0556,0.0758,0.3772,0.1497,2.4985,5.2060,9.5827,19.2103,30.0800,1000.0000,0.0477,0.0539,0.0637,0.0159,2.4974,1
80.40,5.2040,9.5820,19.2180,30.0700,0.0556,0.0758,0.3770,0.1496,2.4985,5.2060,9.5827,19.2103,30.0800,1000.0000,0.0478,0.0539,0.0637,0.0158,2.4974,1
80.50,5.2040,9.5820,19.2180,30.0700,0.0556,0.0758,0.3769,0.1495,2.4985,5.2060,9.5828,19.2103,30.0800,1000.0000,0.0478,0.0539,0.0636,0.0158,2.4974,1
80.60,5.2040,9.5820,19.2180,30.0700,0.0556,0.0758,0.3767,0.1495,2.4985,5.2060,9.5828,19.2102,30.0799,1000.0000,0.0478,0.0538,0.0635,0.0158,2.4974,1
80.70,5.2040,9.5820,19.2180,30.0700,0.0556,0.0758,0.3765,0.1494,2.4985,5.2060,9.5829,19.2102,30.0799,1000.0000,0.0478,0.0538,0.0634,0.0158,2.4974,1
80.80,5.2040,9.5820,19.2180,30.0700,0.0556,0.0758,0.3764,0.1494,2.4985,5.2059,9.5829,19.2102,30.0799,1000.0000,0.0478,0.0538,0.0634,0.0157,2.4974,1
80.90,5.2040,9.5820,19.2180,30.0700,0.0556,0.0758,0.3762,0.1493,2.4985,5.2059,9.5829,19.2101,30.0798,1000.0000,0.0478,0.0538,0.0633,0.0157,2.4975,1
81.00,5.2040,9.5820,19.2180,30.0700,0.0556,0.0758,0.3761,0.1492,2.4985,5.2059,9.5830,19.2101,30.0798,1000.0000,0.0478,0.0538,0.0632,0.0157,2.4975,1
81.10,5.2040,9.5820,19.2180,30.0700,0.0556,0.0758,0.3759,0.1492,2.4985,5.2059,9.5830,19.2101,30.0798,1000.0000,0.0478,0.0538,0.0632,0.0157,2.4975,1
81.20,5.2040,9.5820,19.2180,30.0700,0.0556,0.0758,0.3758,0.1491,2.4985,5.2059,9.5831,19.2101,30.0797,1000.0000,0.0478,0.0538,0.0631,0.0156,2.4975,1
81.30,5.2040,9.5820,19.2180,30.0700,0.0556,0.0758,0.3756,0.1490,2.4985,5.2059,9.5831,19.2100,30.0797,1000.0000,0.0478,0.0538,0.0630,0.0156,2.4975,1
81.40,5.2040,9.5820,19.2180,30.0700,0.0556,0.0758,0.3754,0.1490,2.4985,5.2059,9.5831,19.2100,30.0797,1000.0000,0.0478,0.0538,0.0629,0.0156,2.4976,1
81.50,5.2040,9.5820,19.2180,30.0700,0.0556,0.0758,0.3753,0.1489,2.4985,5.2059,9.5832,19.2100,30.0796,1000.0000,0.0478,0.0538,0.0629,0.0156,2.4976,1
81.60,5.2040,9.5820,19.2180,30.0700,0.0556,0.0758,0.3751,0.1489,2.4985,5.2059,9.5832,19.2099,30.0796,1000.0000,0.0478,0.0538,0.0628,0.0155,2.4976,1
81.70,5.2040,9.5820,19.2180,30.0700,0.0556,0.0758,0.3750,0.1488,2.4985,5.2059,9.5833,19.2099,30.0796,1000.0000,0.0479,0.0538,0.0627,0.0155,2.4976,1
81.80,5.2040,9.5820,19.2180,30.0700,0.0556,0.0758,0.3748,0.1488,2.4985,5.2059,9.5833,19.2099,30.0795,1000.0000,0.0479,0.0538,0.0627,0.0155,2.4976,1
81.90,5.2040,9.5820,19.2180,30.0700,0.0556,0.0758,0.3746,0.1487,2.4985,5.2059,9.5833,19.2098,30.0795,1000.0000,0.0479,0.0538,0.0626,0.0155,2.4977,1
82.00,5.2040,9.5820,19.2180,30.0700,0.0556,0.0758,0.3745,0.1486,2.4985,5.2059,9.5834,19.2098,30.0795,1000.0000,0.0479,0.0538,0.0625,0.0155,2.4977,1
82.10,5.2040,9.5820,19.2180,30.0700,0.0556,0.0758,0.3743,0.1486,2.4985,5.2059,9.5834,19.2098,30.0794,1000.0000,0.0479,0.0538,0.0624,0.0154,2.4977,1
82.20,5.2040,9.5820,19.2180,30.0700,0.0556,0.0758,0.3742,0.1485,2.4985,5.2059,9.5834,19.2098,30.0794,1000.0000,0.0479,0.0538,0.0624,0.0154,2.4977,1
82.30,5.2040,9.5820,19.2180,30.0700,0.0556,0.0758,0.3740,0.1485,2.4985,5.2059,9.5835,19.2097,30.0793,1000.0000,0.0479,0.0538,0.0623,0.0154,2.4977,1
82.40,5.2040,9.5820,19.2180,30.0700,0.0556,0.0758,0.3738,0.1484,2.4985,5.2059,9.5835,19.2097,30.0793,1000.0000,0.0479,0.0537,0.0622,0.0154,2.4978,1
82.50,5.2040,9.5820,19.2180,30.0700,0.0556,0.0758,0.3737,0.1484,2.4985,5.2058,9.5836,19.2097,30.0793,1000.0000,0.0479,0.0537,0.0622,0.0153,2.4978,1
82.60,5.2040,9.5820,19.2180,30.0700,0.0556,0.0758,0.3735,0.1483,2.4985,5.2058,9.5836,19.2096,30.0792,1000.0000,0.0479,0.0537,0.0621,0.0153,2.4978,1
82.70,5.2040,9.5820,19.2180,30.0700,0.0556,0.0757,0.3734,0.1482,2.4985,5.2058,9.5836,19.2096,30.0792,1000.0000,0.0479,0.0537,0.0620,0.0153,2.4978,1
82.80,5.2040,9.5820,19.2180,30.0700,0.0556,0.0757,0.3732,0.1482,2.4985,5.2058,9.5837,19.2096,30.0792,1000.0000,0.0479,0.0537,0.0619,0.0153,2.4978,1
82.90,5.2040,9.5820,19.2180,30.0700,0.0556,0.0757,0.3731,0.1481,2.4985,5.2058,9.5837,19.2096,30.0791,1000.0000,0.0479,0.0537,0.0619,0.0153,2.4979,1
83.00,5.2040,9.5820,19.2180,30.0700,0.0556,0.0757,0.3729,0.1481,2.4985,5.2058,9.5837,19.2095,30.0791,1000.0000,0.0479,0.0537,0.0618,0.0152,2.4979,1
83.10,5.2040,9.5820,19.2180,30.0700,0.0555,0.0757,0.3727,0.1480,2.4985,5.2058,9.5838,19.2095,30.0791,1000.0000,0.0480,0.0537,0.0617,0.0152,2.4979,1
83.20,5.2040,9.5820,19.2180,30.0700,0.0555,0.0757,0.3726,0.1480,2.4985,5.2058,9.5838,19.2095,30.0790,1000.0000,0.0480,0.0537,0.0617,0.0152,2.4979,1
83.30,5.2040,9.5820,19.2180,30.0700,0.0555,0.0757,0.3724,0.1479,2.4985,5.2058,9.5839,19.2095,30.0790,1000.0000,0.0480,0.0537,0.0616,0.0152,2.4979,1
83.40,5.2040,9.5820,19.2180,30.0700,0.0555,0.0757,0.3723,0.1479,2.4985,5.2058,9.5839,19.2094,30.0790,1000.0000,0.0480,0.0537,0.0615,0.0151,2.4980,1
83.50,5.2040,9.5820,19.2180,30.0700,0.0555,0.0757,0.3721,0.1478,2.4985,5.2058,9.5839,19.2094,30.0789,1000.0000,0.0480,0.0537,0.0615,0.0151,2.4980,1
83.60,5.2040,9.5820,19.2180,30.0700,0.0555,0.0757,0.3720,0.1478,2.4985,5.2057,9.5840,19.2094,30.0789,1000.0000,0.0480,0.0537,0.0614,0.0151,2.4980,1
83.70,5.2040,9.5820,19.2180,30.0700,0.0555,0.0757,0.3718,0.1477,2.4985,5.2057,9.5840,19.2094,30.0788,1000.0000,0.0480,0.0537,0.0613,0.0151,2.4980,1
83.80,5.2040,9.5820,19.2180,30.0700,0.0555,0.0757,0.3716,0.1477,2.4985,5.2057,9.5840,19.2093,30.0788,1000.0000,0.0480,0.0537,0.0612,0.0151,2.4980,1
83.90,5.2040,9.5820,19.2180,30.0700,0.0555,0.0757,0.3715,0.1476,2.4985,5.2057,9.5841,19.2093,30.0788,1000.0000,0.0480,0.0537,0.0612,0.0150,2.4981,1
84.00,5.2040,9.5820,19.2180,30.0700,0.0555,0.0757,0.3713,0.1476,2.4985,5.2057,9.5841,19.2093,30.0787,1000.0000,0.0480,0.0537,0.0611,0.0150,2.4981,1
84.10,5.2040,9.5820,19.2180,30.0700,0.0555,0.0757,0.3712,0.1475,2.4985,5.2057,9.5842,19.2093,30.0787,1000.0000,0.0480,0.0537,0.0610,0.0150,2.4981,1
84.20,5.2040,9.5820,19.2180,30.0700,0.0555,0.0757,0.3710,0.1475,2.4985,5.2057,9.5842,19.2092,30.0787,1000.0000,0.0480,0.0537,0.0610,0.0150,2.4981,1
84.30,5.2040,9.5820,19.2180,30.0700,0.0555,0.0757,0.3709,0.1474,2.4985,5.2057,9.5842,19.2092,30.0786,1000.0000,0.0480,0.0537,0.0609,0.0150,2.4982,1
84.40,5.2040,9.5820,19.2180,30.0700,0.0555,0.0757,0.3707,0.1474,2.4985,5.2057,9.5843,19.2092,30.0786,1000.0000,0.0480,0.0537,0.0608,0.0150,2.4982,1
84.50,5.2040,9.5820,19.2180,30.0700,0.0555,0.0757,0.3706,0.1473,2.4985,5.2057,9.5843,19.2092,30.0786,1000.0000,0.0480,0.0537,0.0607,0.0149,2.4982,1
84.60,5.2040,9.5820,19.2180,30.0700,0.0555,0.0757,0.3704,0.1473,2.4985,5.2056,9.5843,19.2091,30.0785,1000.0000,0.0481,0.0537,0.0607,0.0149,2.4982,1
84.70,5.2040,9.5820,19.2180,30.0700,0.0555,0.0757,0.3702,0.1472,2.4985,5.2056,9.5844,19.2091,30.0785,1000.0000,0.0481,0.0537,0.0606,0.0149,2.4982,1
84.80,5.2040,9.5820,19.2180,30.0700,0.0555,0.0757,0.3701,0.1472,2.4985,5.2056,9.5844,19.2091,30.0784,1000.0000,0.0481,0.0537,0.0605,0.0149,2.4983,1
84.90,5.2040,9.5820,19.2180,30.0700,0.0555,0.0757,0.3699,0.1471,2.4985,5.2056,9.5844,19.2091,30.0784,1000.0000,0.0481,0.0537,0.0605,0.0149,2.4983,1
85.00,5.2040,9.5820,19.2180,30.0700,0.0555,0.0757,0.3698,0.1471,2.4985,5.2056,9.5845,19.2091,30.0784,1000.0000,0.0481,0.0537,0.0604,0.0148,2.4983,1
85.10,5.2040,9.5820,19.2180,30.0700,0.0555,0.0757,0.3696,0.1471,2.4985,5.2056,9.5845,19.2090,30.0783,1000.0000,0.0481,0.0536,0.0603,0.0148,2.4983,1
85.20,5.2040,9.5820,19.2180,30.0700,0.0555,0.0757,0.3695,0.1470,2.4985,5.2056,9.5845,19.2090,30.0783,1000.0000,0.0481,0.0536,0.0603,0.0148,2.4984,1
85.30,5.2040,9.5820,19.2180,30.0700,0.0555,0.0757,0.3693,0.1470,2.4985,5.2056,9.5846,19.2090,30.0783,1000.0000,0.0481,0.0536,0.0602,0.0148,2.4984,1
85.40,5.2040,9.5820,19.2180,30.0700,0.0555,0.0757,0.3692,0.1469,2.4985,5.2055,9.5846,19.2090,30.0782,1000.0000,0.0481,0.0536,0.0601,0.0148,2.4984,1
85.50,5.2040,9.5820,19.2180,30.0700,0.0555,0.0756,0.3690,0.1469,2.4985,5.2055,9.5846,19.2089,30.0782,1000.0000,0.0481,0.0536,0.0601,0.0148,2.4984,1
85.60,5.2040,9.5820,19.2180,30.0700,0.0555,0.0756,0.3689,0.1468,2.4985,5.2055,9.5847,19.2089,30.0781,1000.0000,0.0481,0.0536,0.0600,0.0147,2.4984,1
85.70,5.2040,9.5820,19.2180,30.0700,0.0555,0.0756,0.3687,0.1468,2.4985,5.2055,9.5847,19.2089,30.0781,1000.0000,0.0481,0.0536,0.0599,0.0147,2.4985,1
85.80,5.2040,9.5820,19.2180,30.0700,0.0555,0.0756,0.3685,0.1468,2.4985,5.2055,9.5847,19.2089,30.0781,1000.0000,0.0481,0.0536,0.0598,0.0147,2.4985,1
85.90,5.2040,9.5820,19.2180,30.0700,0.0555,0.0756,0.3684,0.1467,2.4985,5.2055,9.5848,19.2089,30.0780,1000.0000,0.0481,0.0536,0.0598,0.0147,2.4985,1
86.00,5.2040,9.5820,19.2180,30.0700,0.0555,0.0756,0.3682,0.1467,2.4985,5.2055,9.5848,19.2088,30.0780,1000.0000,0.0481,0.0536,0.0597,0.0147,2.4985,1
86.10,5.2040,9.5820,19.2180,30.0700,0.0555,0.0756,0.3681,0.1466,2.4985,5.2055,9.5848,19.2088,30.0779,1000.0000,0.0481,0.0536,0.0596,0.0147,2.4986,1
86.20,5.2040,9.5820,19.2180,30.0700,0.0555,0.0756,0.3679,0.1466,2.4985,5.2054,9.5849,19.2088,30.0779,1000.0000,0.0481,0.0536,0.0596,0.0146,2.4986,1
86.30,5.2040,9.5820,19.2180,30.0700,0.0555,0.0756,0.3678,0.1466,2.4985,5.2054,9.5849,19.2088,30.0779,1000.0000,0.0481,0.0536,0.0595,0.0146,2.4986,1
86.40,5.2040,9.5820,19.2180,30.0700,0.0555,0.0756,0.3676,0.1465,2.4985,5.2054,9.5849,19.2088,30.0778,1000.0000,0.0481,0.0536,0.0594,0.0146,2.4986,1
86.50,5.2040,9.5820,19.2180,30.0700,0.0555,0.0756,0.3675,0.1465,2.4985,5.2054,9.5850,19.2087,30.0778,1000.0000,0.0481,0.0536,0.0594,0.0146,2.4986,1
86.60,5.2040,9.5820,19.2180,30.0700,0.0555,0.0756,0.3673,0.1464,2.4985,5.2054,9.5850,19.2087,30.0778,1000.0000,0.0482,0.0536,0.0593,0.0146,2.4987,1
86.70,5.2040,9.5820,19.2180,30.0700,0.0555,0.0756,0.3672,0.1464,2.4985,5.2054,9.5850,19.2087,30.0777,1000.0000,0.0482,0.0536,0.0592,0.0146,2.4987,1
86.80,5.2040,9.5820,19.2180,30.0700,0.0555,0.0756,0.3670,0.1464,2.4985,5.2054,9.5851,19.2087,30.0777,1000.0000,0.0482,0.0536,0.0592,0.0145,2.4987,1
86.90,5.2040,9.5820,19.2180,30.0700,0.0555,0.0756,0.3669,0.1463,2.4985,5.2053,9.5851,19.2087,30.0776,1000.0000,0.0482,0.0536,0.0591,0.0145,2.4987,1
87.00,5.2040,9.5820,19.2180,30.0700,0.0555,0.0756,0.3667,0.1463,2.4985,5.2053,9.5851,19.2086,30.0776,1000.0000,0.0482,0.0536,0.0590,0.0145,2.4988,1
87.10,5.2040,9.5820,19.2180,30.0700,0.0554,0.0756,0.3666,0.1463,2.4985,5.2053,9.5852,19.2086,30.0776,1000.0000,0.0482,0.0536,0.0590,0.0145,2.4988,1
87.20,5.2040,9.5820,19.2180,30.0700,0.0554,0.0756,0.3664,0.1462,2.4985,5.2053,9.5852,19.2086,30.0775,1000.0000,0.0482,0.0536,0.0589,0.0145,2.4988,1
87.30,5.2040,9.5820,19.2180,30.0700,0.0554,0.0756,0.3663,0.1462,2.4985,5.2053,9.5852,19.2086,30.0775,1000.0000,0.0482,0.0536,0.0588,0.0145,2.4988,1
87.40,5.2040,9.5820,19.2180,30.0700,0.0554,0.0756,0.3661,0.1462,2.4985,5.2053,9.5853,19.2086,30.0774,1000.0000,0.0482,0.0536,0.0588,0.0145,2.4989,1
87.50,5.2040,9.5820,19.2180,30.0700,0.0554,0.0756,0.3660,0.1461,2.4985,5.2052,9.5853,19.2086,30.0774,1000.0000,0.0482,0.0536,0.0587,0.0145,2.4989,1
87.60,5.2040,9.5820,19.2180,30.0700,0.0554,0.0756,0.3658,0.1461,2.4985,5.2052,9.5853,19.2085,30.0774,1000.0000,0.0482,0.0536,0.0586,0.0144,2.4989,1
87.70,5.2040,9.5820,19.2180,30.0700,0.0554,0.0756,0.3657,0.1461,2.4985,5.2052,9.5853,19.2085,30.0773,1000.0000,0.0482,0.0536,0.0586,0.0144,2.4989,1
87.80,5.2040,9.5820,19.2180,30.0700,0.0554,0.0756,0.3655,0.1460,2.4985,5.2052,9.5854,19.2085,30.0773,1000.0000,0.0482,0.0536,0.0585,0.0144,2.4989,1
87.90,5.2040,9.5820,19.2180,30.0700,0.0554,0.0756,0.3654,0.1460,2.4985,5.2052,9.5854,19.2085,30.0773,1000.0000,0.0482,0.0536,0.0584,0.0144,2.4990,1
88.00,5.2040,9.5820,19.2180,30.0700,0.0554,0.0756,0.3652,0.1460,2.4985,5.2052,9.5854,19.2085,30.0772,1000.0000,0.0482,0.0536,0.0584,0.0144,2.4990,1
88.10,5.2040,9.5820,19.2180,30.0700,0.0554,0.0756,0.3651,0.1459,2.4985,5.2052,9.5855,19.2085,30.0772,1000.0000,0.0482,0.0536,0.0583,0.0144,2.4990,1
88.20,5.2040,9.5820,19.2180,30.0700,0.0554,0.0756,0.3649,0.1459,2.4985,5.2051,9.5855,19.2085,30.0771,1000.0000,0.0482,0.0536,0.0582,0.0144,2.4990,1
88.30,5.2040,9.5820,19.2180,30.0700,0.0554,0.0756,0.3648,0.1459,2.4985,5.2051,9.5855,19.2084,30.0771,1000.0000,0.0482,0.0536,0.0581,0.0144,2.4991,1
88.40,5.2040,9.5820,19.2180,30.0700,0.0554,0.0756,0.3646,0.1458,2.4985,5.2051,9.5855,19.2084,30.0771,1000.0000,0.0482,0.0536,0.0581,0.0143,2.4991,1
88.50,5.2040,9.5820,19.2180,30.0700,0.0554,0.0756,0.3645,0.1458,2.4985,5.2051,9.5856,19.2084,30.0770,1000.0000,0.0482,0.0536,0.0580,0.0143,2.4991,1
88.60,5.2040,9.5820,19.2180,30.0700,0.0554,0.0756,0.3643,0.1458,2.4985,5.2051,9.5856,19.2084,30.0770,1000.0000,0.0482,0.0536,0.0580,0.0143,2.4991,1
88.70,5.2040,9.5820,19.2180,30.0700,0.0554,0.0756,0.3642,0.1458,2.4985,5.2051,9.5856,19.2084,30.0769,1000.0000,0.0482,0.0536,0.0579,0.0143,2.4992,1
88.80,5.2040,9.5820,19.2180,30.0700,0.0554,0.0756,0.3640,0.1457,2.4985,5.2050,9.5857,19.2084,30.0769,1000.0000,0.0482,0.0536,0.0578,0.0143,2.4992,1
88.90,5.2040,9.5820,19.2180,30.0700,0.0554,0.0755,0.3639,0.1457,2.4985,5.2050,9.5857,19.2084,30.0769,1000.0000,0.0482,0.0536,0.0578,0.0143,2.4992,1
89.00,5.2040,9.5820,19.2180,30.0700,0.0554,0.0755,0.3637,0.1457,2.4985,5.2050,9.5857,19.2083,30.0768,1000.0000,0.0482,0.0536,0.0577,0.0143,2.4992,1
89.10,5.2040,9.5820,19.2180,30.0700,0.0554,0.0755,0.3636,0.1457,2.4985,5.2050,9.5857,19.2083,30.0768,1000.0000,0.0482,0.0536,0.0576,0.0143,2.4992,1
89.20,5.2040,9.5820,19.2180,30.0700,0.0554,0.0755,0.3635,0.1456,2.4985,5.2050,9.5858,19.2083,30.0767,1000.0000,0.0482,0.0536,0.0576,0.0143,2.4993,1
89.30,5.2040,9.5820,19.2180,30.0700,0.0554,0.0755,0.3633,0.1456,2.4985,5.2049,9.5858,19.2083,30.0767,1000.0000,0.0482,0.0536,0.0575,0.0142,2.4993,1
89.40,5.2040,9.5820,19.2180,30.0700,0.0554,0.0755,0.3632,0.1456,2.4985,5.2049,9.5858,19.2083,30.0767,1000.0000,0.0482,0.0536,0.0574,0.0142,2.4993,1
89.50,5.2040,9.5820,19.2180,30.0700,0.0554,0.0755,0.3630,0.1456,2.4985,5.2049,9.5858,19.2083,30.0766,1000.0000,0.0482,0.0536,0.0574,0.0142,2.4993,1
89.60,5.2040,9.5820,19.2180,30.0700,0.0554,0.0755,0.3629,0.1455,2.4985,5.2049,9.5859,19.2083,30.0766,1000.0000,0.0482,0.0536,0.0573,0.0142,2.4994,1
89.70,5.2040,9.5820,19.2180,30.0700,0.0554,0.0755,0.3627,0.1455,2.4985,5.2049,9.5859,19.2083,30.0765,1000.0000,0.0482,0.0536,0.0572,0.0142,2.4994,1
89.80,5.2040,9.5820,19.2180,30.0700,0.0554,0.0755,0.3626,0.1455,2.4985,5.2049,9.5859,19.2082,30.0765,1000.0000,0.0482,0.0536,0.0572,0.0142,2.4994,1
89.90,5.2040,9.5820,19.2180,30.0700,0.0554,0.0755,0.3624,0.1455,2.4985,5.2048,9.5859,19.2082,30.0765,1000.0000,0.0482,0.0536,0.0571,0.0142,2.4994,1
90.00,5.2040,9.5820,19.2180,30.0700,0.0554,0.0755,0.3623,0.1454,2.4985,5.2048,9.5860,19.2082,30.0764,1000.0000,0.0482,0.0536,0.0570,0.0142,2.4995,1
90.10,5.2040,9.5820,19.2180,30.0700,0.0554,0.0755,0.3622,0.1454,2.4985,5.2048,9.5860,19.2082,30.0764,1000.0000,0.0483,0.0536,0.0570,0.0142,2.4995,1
90.20,5.2040,9.5820,19.2180,30.0700,0.0554,0.0755,0.3620,0.1454,2.4985,5.2048,9.5860,19.2082,30.0763,1000.0000,0.0483,0.0536,0.0569,0.0142,2.4995,1
90.30,5.2040,9.5820,19.2180,30.0700,0.0554,0.0755,0.3619,0.1454,2.4985,5.2048,9.5860,19.2082,30.0763,1000.0000,0.0483,0.0536,0.0568,0.0142,2.4995,1
90.40,5.2040,9.5820,19.2180,30.0700,0.0554,0.0755,0.3617,0.1454,2.4985,5.2048,9.5861,19.2082,30.0762,1000.0000,0.0483,0.0536,0.0568,0.0141,2.4995,1
90.50,5.2040,9.5820,19.2180,30.0700,0.0554,0.0755,0.3616,0.1454,2.4985,5.2047,9.5861,19.2082,30.0762,1000.0000,0.0483,0.0536,0.0567,0.0141,2.4996,1
90.60,5.2040,9.5820,19.2180,30.0700,0.0554,0.0755,0.3614,0.1453,2.4985,5.2047,9.5861,19.2082,30.0762,1000.0000,0.0483,0.0536,0.0566,0.0141,2.4996,1
90.70,5.2040,9.5820,19.2180,30.0700,0.0554,0.0755,0.3613,0.1453,2.4985,5.2047,9.5861,19.2082,30.0761,1000.0000,0.0483,0.0536,0.0566,0.0141,2.4996,1
90.80,5.2040,9.5820,19.2180,30.0700,0.0554,0.0755,0.3612,0.1453,2.4985,5.2047,9.5862,19.2081,30.0761,1000.0000,0.0483,0.0536,0.0565,0.0141,2.4996,1
90.90,5.2040,9.5820,19.2180,30.0700,0.0554,0.0755,0.3610,0.1453,2.4985,5.2047,9.5862,19.2081,30.0760,1000.0000,0.0483,0.0536,0.0565,0.0141,2.4997,1
91.00,5.2040,9.5820,19.2180,30.0700,0.0554,0.0755,0.3609,0.1453,2.4985,5.2046,9.5862,19.2081,30.0760,1000.0000,0.0483,0.0536,0.0564,0.0141,2.4997,1
91.10,5.2040,9.5820,19.2180,30.0700,0.0554,0.0755,0.3607,0.1452,2.4985,5.2046,9.5862,19.2081,30.0760,1000.0000,0.0483,0.0536,0.0563,0.0141,2.4997,1
91.20,5.2040,9.5820,19.2180,30.0700,0.0554,0.0755,0.3606,0.1452,2.4985,5.2046,9.5862,19.2081,30.0759,1000.0000,0.0483,0.0536,0.0563,0.0141,2.4997,1
91.30,5.2040,9.5820,19.2180,30.0700,0.0554,0.0755,0.3605,0.1452,2.4985,5.2046,9.5863,19.2081,30.0759,1000.0000,0.0483,0.0536,0.0562,0.0141,2.4997,1
91.40,5.2040,9.5820,19.2180,30.0700,0.0554,0.0755,0.3603,0.1452,2.4985,5.2046,9.5863,19.2081,30.0758,1000.0000,0.0483,0.0536,0.0561,0.0141,2.4998,1
91.50,5.2040,9.5820,19.2180,30.0700,0.0554,0.0755,0.3602,0.1452,2.4985,5.2045,9.5863,19.2081,30.0758,1000.0000,0.0483,0.0536,0.0561,0.0141,2.4998,1
91.60,5.2040,9.5820,19.2180,30.0700,0.0554,0.0755,0.3600,0.1452,2.4985,5.2045,9.5863,19.2081,30.0758,1000.0000,0.0483,0.0536,0.0560,0.0141,2.4998,1
91.70,5.2040,9.5820,19.2180,30.0700,0.0554,0.0755,0.3599,0.1452,2.4985,5.2045,9.5863,19.2081,30.0757,1000.0000,0.0483,0.0536,0.0560,0.0141,2.4998,1
91.80,5.2040,9.5820,19.2180,30.0700,0.0554,0.0755,0.3598,0.1451,2.4985,5.2045,9.5864,19.2081,30.0757,1000.0000,0.0483,0.0536,0.0559,0.0141,2.4999,1
91.90,5.2040,9.5820,19.2180,30.0700,0.0554,0.0755,0.3596,0.1451,2.4985,5.2045,9.5864,19.2081,30.0756,1000.0000,0.0483,0.0536,0.0558,0.0141,2.4999,1
92.00,5.2040,9.5820,19.2180,30.0700,0.0554,0.0755,0.3595,0.1451,2.4985,5.2044,9.5864,19.2081,30.0756,1000.0000,0.0483,0.0536,0.0558,0.0141,2.4999,1
92.10,5.2040,9.5820,19.2180,30.0700,0.0553,0.0755,0.3594,0.1451,2.4985,5.2044,9.5864,19.2081,30.0755,1000.0000,0.0483,0.0537,0.0557,0.0140,2.4999,1
92.20,5.2040,9.5820,19.2180,30.0700,0.0553,0.0755,0.3592,0.1451,2.4985,5.2044,9.5864,19.2081,30.0755,1000.0000,0.0483,0.0537,0.0556,0.0140,2.4999,1
92.30,5.2040,9.5820,19.2180,30.0700,0.0553,0.0755,0.3591,0.1451,2.4985,5.2044,9.5865,19.2080,30.0755,1000.0000,0.0483,0.0537,0.0556,0.0140,2.5000,1
92.40,5.2040,9.5820,19.2180,30.0700,0.0553,0.0755,0.3589,0.1451,2.4985,5.2044,9.5865,19.2080,30.0754,1000.0000,0.0483,0.0537,0.0555,0.0140,2.5000,1
92.50,5.2040,9.5820,19.2180,30.0700,0.0553,0.0755,0.3588,0.1451,2.4985,5.2043,9.5865,19.2080,30.0754,1000.0000,0.0483,0.0537,0.0555,0.0140,2.5000,1
92.60,5.2040,9.5820,19.2180,30.0700,0.0553,0.0755,0.3587,0.1451,2.4985,5.2043,9.5865,19.2080,30.0753,1000.0000,0.0483,0.0537,0.0554,0.0140,2.5000,1
92.70,5.2040,9.5820,19.2180,30.0700,0.0553,0.0755,0.3585,0.1451,2.4985,5.2043,9.5865,19.2080,30.0753,1000.0000,0.0483,0.0537,0.0553,0.0140,2.5000,1
92.80,5.2040,9.5820,19.2180,30.0700,0.0553,0.0755,0.3584,0.1451,2.4985,5.2043,9.5865,19.2080,30.0753,1000.0000,0.0483,0.0537,0.0553,0.0140,2.5001,1
92.90,5.2040,9.5820,19.2180,30.0700,0.0553,0.0754,0.3583,0.1450,2.4985,5.2043,9.5866,19.2080,30.0752,1000.0000,0.0483,0.0537,0.0552,0.0140,2.5001,1
93.00,5.2040,9.5820,19.2180,30.0700,0.0553,0.0754,0.3581,0.1450,2.4985,5.2042,9.5866,19.2080,30.0752,1000.0000,0.0483,0.0537,0.0552,0.0140,2.5001,1
93.10,5.2040,9.5820,19.2180,30.0700,0.0553,0.0754,0.3580,0.1450,2.4985,5.2042,9.5866,19.2080,30.0751,1000.0000,0.0483,0.0537,0.0551,0.0140,2.5001,1
93.20,5.2040,9.5820,19.2180,30.0700,0.0553,0.0754,0.3579,0.1450,2.4985,5.2042,9.5866,19.2080,30.0751,1000.0000,0.0483,0.0537,0.0550,0.0140,2.5001,1
93.30,5.2040,9.5820,19.2180,30.0700,0.0553,0.0754,0.3577,0.1450,2.4985,5.2042,9.5866,19.2080,30.0750,1000.0000,0.0483,0.0537,0.0550,0.0140,2.5002,1
93.40,5.2040,9.5820,19.2180,30.0700,0.0553,0.0754,0.3576,0.1450,2.4985,5.2042,9.5866,19.2080,30.0750,1000.0000,0.0483,0.0537,0.0549,0.0140,2.5002,1
93.50,5.2040,9.5820,19.2180,30.0700,0.0553,0.0754,0.3575,0.1450,2.4985,5.2041,9.5867,19.2080,30.0750,1000.0000,0.0483,0.0537,0.0549,0.0140,2.5002,1
93.60,5.2040,9.5820,19.2180,30.0700,0.0553,0.0754,0.3573,0.1450,2.4985,5.2041,9.5867,19.2080,30.0749,1000.0000,0.0483,0.0537,0.0548,0.0140,2.5002,1
93.70,5.2040,9.5820,19.2180,30.0700,0.0553,0.0754,0.3572,0.1450,2.4985,5.2041,9.5867,19.2080,30.0749,1000.0000,0.0483,0.0537,0.0547,0.0140,2.5002,1
93.80,5.2040,9.5820,19.2180,30.0700,0.0553,0.0754,0.3571,0.1450,2.4985,5.2041,9.5867,19.2080,30.0748,1000.0000,0.0483,0.0537,0.0547,0.0140,2.5003,1
93.90,5.2040,9.5820,19.2180,30.0700,0.0553,0.0754,0.3569,0.1450,2.4985,5.2041,9.5867,19.2080,30.0748,1000.0000,0.0483,0.0537,0.0546,0.0140,2.5003,1
94.00,5.2040,9.5820,19.2180,30.0700,0.0553,0.0754,0.3568,0.1450,2.4985,5.2040,9.5867,19.2080,30.0747,1000.0000,0.0483,0.0537,0.0546,0.0140,2.5003,1
94.10,5.2040,9.5820,19.2180,30.0700,0.0553,0.0754,0.3567,0.1450,2.4985,5.2040,9.5867,19.2080,30.0747,1000.0000,0.0483,0.0537,0.0545,0.0140,2.5003,1
94.20,5.2040,9.5820,19.2180,30.0700,0.0553,0.0754,0.3566,0.1450,2.4985,5.2040,9.5867,19.2080,30.0747,1000.0000,0.0483,0.0537,0.0544,0.0140,2.5003,1
94.30,5.2040,9.5820,19.2180,30.0700,0.0553,0.0754,0.3564,0.1450,2.4985,5.2040,9.5868,19.2080,30.0746,1000.0000,0.0483,0.0537,0.0544,0.0140,2.5004,1
94.40,5.2040,9.5820,19.2180,30.0700,0.0553,0.0754,0.3563,0.1450,2.4985,5.2040,9.5868,19.2080,30.0746,1000.0000,0.0482,0.0537,0.0543,0.0140,2.5004,1
94.50,5.2040,9.5820,19.2180,30.0700,0.0553,0.0754,0.3562,0.1450,2.4985,5.2039,9.5868,19.2080,30.0745,1000.0000,0.0482,0.0537,0.0543,0.0140,2.5004,1
94.60,5.2040,9.5820,19.2180,30.0700,0.0553,0.0754,0.3560,0.1450,2.4985,5.2039,9.5868,19.2080,30.0745,1000.0000,0.0482,0.0537,0.0542,0.0140,2.5004,1
94.70,5.2040,9.5820,19.2180,30.0700,0.0553,0.0754,0.3559,0.1450,2.4985,5.2039,9.5868,19.2080,30.0744,1000.0000,0.0482,0.0537,0.0542,0.0140,2.5004,1
94.80,5.2040,9.5820,19.2180,30.0700,0.0553,0.0754,0.3558,0.1450,2.4985,5.2039,9.5868,19.2080,30.0744,1000.0000,0.0482,0.0537,0.0541,0.0140,2.5005,1
94.90,5.2040,9.5820,19.2180,30.0700,0.0553,0.0754,0.3557,0.1450,2.4985,5.2039,9.5868,19.2080,30.0744,1000.0000,0.0482,0.0537,0.0540,0.0140,2.5005,1
95.00,5.2040,9.5820,19.2180,30.0700,0.0553,0.0754,0.3555,0.1450,2.4985,5.2038,9.5868,19.2080,30.0743,1000.0000,0.0482,0.0537,0.0540,0.0140,2.5005,1
95.10,5.2040,9.5820,19.2180,30.0700,0.0553,0.0754,0.3554,0.1450,2.4985,5.2038,9.5868,19.2080,30.0743,1000.0000,0.0482,0.0537,0.0539,0.0140,2.5005,1
95.20,5.2040,9.5820,19.2180,30.0700,0.0553,0.0754,0.3553,0.1450,2.4985,5.2038,9.5869,19.2080,30.0742,1000.0000,0.0482,0.0537,0.0539,0.0140,2.5005,1
95.30,5.2040,9.5820,19.2180,30.0700,0.0553,0.0754,0.3551,0.1450,2.4985,5.2038,9.5869,19.2080,30.0742,1000.0000,0.0482,0.0537,0.0538,0.0140,2.5005,1
95.40,5.2040,9.5820,19.2180,30.0700,0.0553,0.0754,0.3550,0.1450,2.4985,5.2038,9.5869,19.2080,30.0741,1000.0000,0.0482,0.0537,0.0538,0.0140,2.5006,1
95.50,5.2040,9.5820,19.2180,30.0700,0.0553,0.0754,0.3549,0.1450,2.4985,5.2038,9.5869,19.2080,30.0741,1000.0000,0.0482,0.0537,0.0537,0.0140,2.5006,1
95.60,5.2040,9.5820,19.2180,30.0700,0.0553,0.0754,0.3548,0.1450,2.4985,5.2037,9.5869,19.2080,30.0741,1000.0000,0.0482,0.0537,0.0536,0.0140,2.5006,1
95.70,5.2040,9.5820,19.2180,30.0700,0.0553,0.0754,0.3546,0.1451,2.4985,5.2037,9.5869,19.2080,30.0740,1000.0000,0.0482,0.0537,0.0536,0.0140,2.5006,1
95.80,5.2040,9.5820,19.2180,30.0700,0.0553,0.0754,0.3545,0.1451,2.4985,5.2037,9.5869,19.2080,30.0740,1000.0000,0.0482,0.0537,0.0535,0.0140,2.5006,1
95.90,5.2040,9.5820,19.2180,30.0700,0.0553,0.0754,0.3544,0.1451,2.4985,5.2037,9.5869,19.2080,30.0739,1000.0000,0.0482,0.0537,0.0535,0.0140,2.5007,1
96.00,5.2040,9.5820,19.2180,30.0700,0.0553,0.0754,0.3543,0.1451,2.4985,5.2037,9.5869,19.2080,30.0739,1000.0000,0.0482,0.0538,0.0534,0.0140,2.5007,1
96.10,5.2040,9.5820,19.2180,30.0700,0.0553,0.0754,0.3542,0.1451,2.4985,5.2036,9.5869,19.2080,30.0738,1000.0000,0.0482,0.0538,0.0534,0.0140,2.5007,1
96.20,5.2040,9.5820,19.2180,30.0700,0.0553,0.0754,0.3540,0.1451,2.4985,5.2036,9.5869,19.2080,30.0738,1000.0000,0.0482,0.0538,0.0533,0.0140,2.5007,1
96.30,5.2040,9.5820,19.2180,30.0700,0.0553,0.0754,0.3539,0.1451,2.4985,5.2036,9.5869,19.2081,30.0737,1000.0000,0.0482,0.0538,0.0533,0.0140,2.5007,1
96.40,5.2040,9.5820,19.2180,30.0700,0.0553,0.0754,0.3538,0.1451,2.4985,5.2036,9.5869,19.2081,30.0737,1000.0000,0.0482,0.0538,0.0532,0.0140,2.5007,1
96.50,5.2040,9.5820,19.2180,30.0700,0.0553,0.0754,0.3537,0.1451,2.4985,5.2036,9.5870,19.2081,30.0737,1000.0000,0.0482,0.0538,0.0532,0.0141,2.5008,1
96.60,5.2040,9.5820,19.2180,30.0700,0.0553,0.0754,0.3536,0.1451,2.4985,5.2035,9.5870,19.2081,30.0736,1000.0000,0.0482,0.0538,0.0531,0.0141,2.5008,1
96.70,5.2040,9.5820,19.2180,30.0700,0.0553,0.0754,0.3534,0.1452,2.4985,5.2035,9.5870,19.2081,30.0736,1000.0000,0.0482,0.0538,0.0530,0.0141,2.5008,1
96.80,5.2040,9.5820,19.2180,30.0700,0.0553,0.0754,0.3533,0.1452,2.4985,5.2035,9.5870,19.2081,30.0735,1000.0000,0.0482,0.0538,0.0530,0.0141,2.5008,1
96.90,5.2040,9.5820,19.2180,30.0700,0.0553,0.0754,0.3532,0.1452,2.4985,5.2035,9.5870,19.2081,30.0735,1000.0000,0.0482,0.0538,0.0529,0.0141,2.5008,1
97.00,5.2040,9.5820,19.2180,30.0700,0.0553,0.0754,0.3531,0.1452,2.4985,5.2035,9.5870,19.2081,30.0734,1000.0000,0.0482,0.0538,0.0529,0.0141,2.5008,1
97.10,5.2040,9.5820,19.2180,30.0700,0.0553,0.0754,0.3530,0.1452,2.4985,5.2034,9.5870,19.2081,30.0734,1000.0000,0.0482,0.0538,0.0528,0.0141,2.5008,1
97.20,5.2040,9.5820,19.2180,30.0700,0.0553,0.0754,0.3528,0.1452,2.4985,5.2034,9.5870,19.2081,30.0734,1000.0000,0.0482,0.0538,0.0528,0.0141,2.5009,1
97.30,5.2040,9.5820,19.2180,30.0700,0.0553,0.0754,0.3527,0.1452,2.4985,5.2034,9.5870,19.2081,30.0733,1000.0000,0.0482,0.0538,0.0527,0.0141,2.5009,1
97.40,5.2040,9.5820,19.2180,30.0700,0.0553,0.0754,0.3526,0.1452,2.4985,5.2034,9.5870,19.2081,30.0733,1000.0000,0.0482,0.0538,0.0527,0.0141,2.5009,1
97.50,5.2040,9.5820,19.2180,30.0700,0.0553,0.0754,0.3525,0.1453,2.4985,5.2034,9.5870,19.2081,30.0732,1000.0000,0.0482,0.0538,0.0526,0.0141,2.5009,1
97.60,5.2040,9.5820,19.2180,30.0700,0.0553,0.0754,0.3524,0.1453,2.4985,5.2033,9.5870,19.2081,30.0732,1000.0000,0.0482,0.0538,0.0526,0.0141,2.5009,1
97.70,5.2040,9.5820,19.2180,30.0700,0.0553,0.0754,0.3523,0.1453,2.4985,5.2033,9.5870,19.2081,30.0731,1000.0000,0.0482,0.0538,0.0525,0.0141,2.5009,1
97.80,5.2040,9.5820,19.2180,30.0700,0.0553,0.0754,0.3521,0.1453,2.4985,5.2033,9.5870,19.2082,30.0731,1000.0000,0.0482,0.0538,0.0525,0.0141,2.5010,1
97.90,5.2040,9.5820,19.2180,30.0700,0.0553,0.0753,0.3520,0.1453,2.4985,5.2033,9.5870,19.2082,30.0730,1000.0000,0.0482,0.0538,0.0524,0.0141,2.5010,1
98.00,5.2040,9.5820,19.2180,30.0700,0.0553,0.0753,0.3519,0.1454,2.4985,5.2033,9.5870,19.2082,30.0730,1000.0000,0.0482,0.0538,0.0524,0.0141,2.5010,1
98.10,5.2040,9.5820,19.2180,30.0700,0.0553,0.0753,0.3518,0.1454,2.4985,5.2032,9.5870,19.2082,30.0730,1000.0000,0.0482,0.0538,0.0523,0.0141,2.5010,1
98.20,5.2040,9.5820,19.2180,30.0700,0.0553,0.0753,0.3517,0.1454,2.4985,5.2032,9.5870,19.2082,30.0729,1000.0000,0.0482,0.0538,0.0523,0.0142,2.5010,1
98.30,5.2040,9.5820,19.2180,30.0700,0.0553,0.0753,0.3516,0.1454,2.4985,5.2032,9.5870,19.2082,30.0729,1000.0000,0.0482,0.0538,0.0522,0.0142,2.5010,1
98.40,5.2040,9.5820,19.2180,30.0700,0.0553,0.0753,0.3515,0.1454,2.4985,5.2032,9.5870,19.2082,30.0728,1000.0000,0.0482,0.0538,0.0522,0.0142,2.5010,1
98.50,5.2040,9.5820,19.2180,30.0700,0.0553,0.0753,0.3514,0.1455,2.4985,5.2032,9.5870,19.2082,30.0728,1000.0000,0.0482,0.0538,0.0521,0.0142,2.5010,1
98.60,5.2040,9.5820,19.2180,30.0700,0.0553,0.0753,0.3512,0.1455,2.4985,5.2032,9.5870,19.2082,30.0727,1000.0000,0.0482,0.0538,0.0521,0.0142,2.5011,1
98.70,5.2040,9.5820,19.2180,30.0700,0.0553,0.0753,0.3511,0.1455,2.4985,5.2031,9.5870,19.2082,30.0727,1000.0000,0.0482,0.0538,0.0520,0.0142,2.5011,1
98.80,5.2040,9.5820,19.2180,30.0700,0.0553,0.0753,0.3510,0.1455,2.4985,5.2031,9.5870,19.2083,30.0726,1000.0000,0.0482,0.0538,0.0520,0.0142,2.5011,1
98.90,5.2040,9.5820,19.2180,30.0700,0.0552,0.0753,0.3509,0.1455,2.4985,5.2031,9.5870,19.2083,30.0726,1000.0000,0.0482,0.0538,0.0519,0.0142,2.5011,1
99.00,5.2040,9.5820,19.2180,30.0700,0.0552,0.0753,0.3508,0.1456,2.4985,5.2031,9.5870,19.2083,30.0726,1000.0000,0.0481,0.0538,0.0519,0.0142,2.5011,1
99.10,5.2040,9.5820,19.2180,30.0700,0.0552,0.0753,0.3507,0.1456,2.4985,5.2031,9.5870,19.2083,30.0725,1000.0000,0.0481,0.0538,0.0518,0.0142,2.5011,1
99.20,5.2040,9.5820,19.2180,30.0700,0.0552,0.0753,0.3506,0.1456,2.4985,5.2030,9.5870,19.2083,30.0725,1000.0000,0.0481,0.0538,0.0518,0.0142,2.5011,1
99.30,5.2040,9.5820,19.2180,30.0700,0.0552,0.0753,0.3505,0.1456,2.4985,5.2030,9.5870,19.2083,30.0724,1000.0000,0.0481,0.0539,0.0517,0.0143,2.5011,1
99.40,5.2040,9.5820,19.2180,30.0700,0.0552,0.0753,0.3504,0.1457,2.4985,5.2030,9.5870,19.2083,30.0724,1000.0000,0.0481,0.0539,0.0517,0.0143,2.5012,1
99.50,5.2040,9.5820,19.2180,30.0700,0.0552,0.0753,0.3503,0.1457,2.4985,5.2030,9.5870,19.2083,30.0723,1000.0000,0.0481,0.0539,0.0516,0.0143,2.5012,1
99.60,5.2040,9.5820,19.2180,30.0700,0.0552,0.0753,0.3502,0.1457,2.4985,5.2030,9.5870,19.2084,30.0723,1000.0000,0.0481,0.0539,0.0516,0.0143,2.5012,1
99.70,5.2040,9.5820,19.2180,30.0700,0.0552,0.0753,0.3500,0.1457,2.4985,5.2030,9.5870,19.2084,30.0723,1000.0000,0.0481,0.0539,0.0515,0.0143,2.5012,1
99.80,5.2040,9.5820,19.2180,30.0700,0.0552,0.0753,0.3499,0.1458,2.4985,5.2029,9.5870,19.2084,30.0722,1000.0000,0.0481,0.0539,0.0515,0.0143,2.5012,1
99.90,5.2040,9.5820,19.2180,30.0700,0.0552,0.0753,0.3498,0.1458,2.4985,5.2029,9.5870,19.2084,30.0722,1000.0000,0.0481,0.0539,0.0514,0.0143,2.5012,1
100.00,5.2040,9.5820,19.2180,30.0700,0.0552,0.0753,0.3497,0.1458,2.4985,5.2029,9.5869,19.2084,30.0721,1000.0000,0.0481,0.0539,0.0514,0.0143,2.5012,1
