t_gyr,M_p_Mjup,M_dot_rlof_kg_s,M_dot_xuv_kg_s,M_dot_total_kg_s,filling_factor
0,0.8,378908,3.73269e+07,3.77058e+07,0.637915
0.000456,0.799999,379757,3.73367e+07,3.77165e+07,0.637971
0.000912,0.799999,380609,3.73466e+07,3.77272e+07,0.638027
0.001368,0.799999,381461,3.73564e+07,3.77378e+07,0.638083
0.001824,0.799999,382316,3.73662e+07,3.77485e+07,0.638139
0.00228,0.799998,383172,3.7376e+07,3.77592e+07,0.638195
0.002736,0.799998,384029,3.73858e+07,3.77699e+07,0.638251
0.003192,0.799998,384888,3.73957e+07,3.77805e+07,0.638307
0.003648,0.799997,385748,3.74055e+07,3.77912e+07,0.638363
0.004104,0.799997,386610,3.74153e+07,3.78019e+07,0.638418
0.00456,0.799997,387474,3.74251e+07,3.78126e+07,0.638474
0.005016,0.799997,388339,3.74349e+07,3.78232e+07,0.63853
0.005472,0.799996,389205,3.74447e+07,3.78339e+07,0.638586
0.005928,0.799996,390073,3.74545e+07,3.78446e+07,0.638641
0.006384,0.799996,390943,3.74643e+07,3.78552e+07,0.638697
0.00684,0.799995,391814,3.74741e+07,3.78659e+07,0.638753
0.007296,0.799995,392687,3.74839e+07,3.78766e+07,0.638808
0.007752,0.799995,393561,3.74937e+07,3.78872e+07,0.638864
0.008208,0.799995,394437,3.75034e+07,3.78979e+07,0.63892
0.008664,0.799994,395314,3.75132e+07,3.79085e+07,0.638975
0.00912,0.799994,396193,3.7523e+07,3.79192e+07,0.639031
0.009576,0.799994,397073,3.75328e+07,3.79299e+07,0.639086
0.010032,0.799993,397955,3.73631e+07,3.7761e+07,0.639142
0.010488,0.799993,398839,3.49621e+07,3.5361e+07,0.639197
0.010944,0.799993,399724,3.28085e+07,3.32082e+07,0.639252
0.0114,0.799993,400610,3.08678e+07,3.12684e+07,0.639308
0.011856,0.799992,401499,2.91117e+07,2.95132e+07,0.639363
0.012312,0.799992,402388,2.75166e+07,2.7919e+07,0.639419
0.012768,0.799992,403279,2.60625e+07,2.64658e+07,0.639474
0.013224,0.799992,404172,2.47326e+07,2.51367e+07,0.639529
0.01368,0.799992,405066,2.35124e+07,2.39175e+07,0.639584
0.014136,0.799991,405961,2.23897e+07,2.27957e+07,0.63964
0.014592,0.799991,406859,2.1354e+07,2.17608e+07,0.639695
0.015048,0.799991,407757,2.0396e+07,2.08038e+07,0.63975
0.015504,0.799991,408657,1.95079e+07,1.99165e+07,0.639805
0.01596,0.799991,409559,1.86827e+07,1.90922e+07,0.63986
0.016416,0.799991,410463,1.79143e+07,1.83247e+07,0.639915
0.016872,0.799991,411367,1.71974e+07,1.76087e+07,0.63997
0.017328,0.79999,412274,1.65273e+07,1.69396e+07,0.640025
0.017784,0.79999,413182,1.58998e+07,1.6313e+07,0.64008
0.01824,0.79999,414092,1.53113e+07,1.57253e+07,0.640135
0.018696,0.79999,415003,1.47583e+07,1.51733e+07,0.64019
0.019152,0.79999,415915,1.4238e+07,1.4654e+07,0.640245
0.019608,0.79999,416830,1.37478e+07,1.41646e+07,0.6403
0.020064,0.79999,417746,1.32852e+07,1.3703e+07,0.640355
0.02052,0.79999,418663,1.28481e+07,1.32668e+07,0.64041
0.020976,0.79999,419582,1.24347e+07,1.28542e+07,0.640465
0.021432,0.799989,420503,1.2043e+07,1.24635e+07,0.640519
0.021888,0.799989,421425,1.16716e+07,1.20931e+07,0.640574
0.022344,0.799989,422349,1.13191e+07,1.17414e+07,0.640629
0.0228,0.799989,423274,1.0984e+07,1.14073e+07,0.640684
0.023256,0.799989,424201,1.06653e+07,1.10895e+07,0.640738
0.023712,0.799989,425129,1.03618e+07,1.07869e+07,0.640793
0.024168,0.799989,426060,1.00725e+07,1.04985e+07,0.640848
0.024624,0.799989,426991,9.79648e+06,1.02235e+07,0.640902
0.02508,0.799989,427925,9.53296e+06,9.96088e+06,0.640957
0.025536,0.799989,428860,9.28112e+06,9.70998e+06,0.641011
0.025992,0.799989,429796,9.04026e+06,9.47006e+06,0.641066
0.026448,0.799989,430734,8.80972e+06,9.24046e+06,0.64112
0.026904,0.799989,431674,8.58889e+06,9.02056e+06,0.641175
0.02736,0.799988,432616,8.3772e+06,8.80981e+06,0.641229
0.027816,0.799988,433559,8.17413e+06,8.60769e+06,0.641284
0.028272,0.799988,434503,7.9792e+06,8.4137e+06,0.641338
0.028728,0.799988,435449,7.79195e+06,8.2274e+06,0.641393
0.029184,0.799988,436397,7.61198e+06,8.04838e+06,0.641447
0.02964,0.799988,437347,7.43889e+06,7.87623e+06,0.641501
0.030096,0.799988,438298,7.27231e+06,7.71061e+06,0.641556
0.030552,0.799988,439251,7.11191e+06,7.55116e+06,0.64161
0.031008,0.799988,440205,6.95737e+06,7.39758e+06,0.641664
0.031464,0.799988,441161,6.8084e+06,7.24956e+06,0.641718
0.03192,0.799988,442119,6.66472e+06,7.10684e+06,0.641773
0.032376,0.799988,443078,6.52606e+06,6.96914e+06,0.641827
0.032832,0.799988,444039,6.3922e+06,6.83623e+06,0.641881
0.033288,0.799988,445002,6.26288e+06,6.70789e+06,0.641935
0.033744,0.799988,445966,6.13792e+06,6.58388e+06,0.641989
0.0342,0.799988,446932,6.01709e+06,6.46402e+06,0.642043
0.034656,0.799988,447899,5.90021e+06,6.34811e+06,0.642097
0.035112,0.799988,448868,5.78711e+06,6.23598e+06,0.642151
0.035568,0.799987,449839,5.67761e+06,6.12745e+06,0.642205
0.036024,0.799987,450811,5.57155e+06,6.02236e+06,0.642259
0.03648,0.799987,451786,5.46879e+06,5.92057e+06,0.642313
0.036936,0.799987,452761,5.36918e+06,5.82194e+06,0.642367
0.037392,0.799987,453739,5.27259e+06,5.72633e+06,0.642421
0.037848,0.799987,454718,5.17889e+06,5.63361e+06,0.642475
0.038304,0.799987,455698,5.08797e+06,5.54367e+06,0.642529
0.03876,0.799987,456681,4.9997e+06,5.45638e+06,0.642583
0.039216,0.799987,457665,4.91399e+06,5.37165e+06,0.642637
0.039672,0.799987,458651,4.83072e+06,5.28937e+06,0.64269
0.040128,0.799987,459638,4.7498e+06,5.20944e+06,0.642744
0.040584,0.799987,460627,4.67115e+06,5.13178e+06,0.642798
0.04104,0.799987,461618,4.59466e+06,5.05628e+06,0.642852
0.041496,0.799987,462610,4.52027e+06,4.98288e+06,0.642905
0.041952,0.799987,463604,4.44788e+06,4.91149e+06,0.642959
0.042408,0.799987,464600,4.37743e+06,4.84203e+06,0.643013
0.042864,0.799987,465598,4.30884e+06,4.77444e+06,0.643066
0.04332,0.799987,466597,4.24205e+06,4.70864e+06,0.64312
0.043776,0.799987,467598,4.17698e+06,4.64458e+06,0.643173
0.044232,0.799987,468600,4.11358e+06,4.58218e+06,0.643227
0.044688,0.799987,469604,4.05179e+06,4.5214e+06,0.64328
0.045144,0.799987,470610,3.99155e+06,4.46216e+06,0.643334
0.0456,0.799987,471618,3.93281e+06,4.40443e+06,0.643387
0.046056,0.799987,472627,3.87551e+06,4.34814e+06,0.643441
0.046512,0.799987,473638,3.81961e+06,4.29325e+06,0.643494
0.046968,0.799987,474651,3.76506e+06,4.23971e+06,0.643548
0.047424,0.799986,475665,3.71181e+06,4.18747e+06,0.643601
0.04788,0.799986,476681,3.65982e+06,4.1365e+06,0.643654
0.048336,0.799986,477699,3.60905e+06,4.08675e+06,0.643708
0.048792,0.799986,478718,3.55946e+06,4.03817e+06,0.643761
0.049248,0.799986,479739,3.51101e+06,3.99074e+06,0.643814
0.049704,0.799986,480762,3.46366e+06,3.94442e+06,0.643867
0.05016,0.799986,481787,3.41738e+06,3.89917e+06,0.643921
0.050616,0.799986,482813,3.37214e+06,3.85495e+06,0.643974
0.051072,0.799986,483841,3.3279e+06,3.81174e+06,0.644027
0.051528,0.799986,484871,3.28464e+06,3.76951e+06,0.64408
0.051984,0.799986,485903,3.24232e+06,3.72822e+06,0.644133
0.05244,0.799986,486936,3.20091e+06,3.68785e+06,0.644186
0.052896,0.799986,487971,3.16039e+06,3.64836e+06,0.644239
0.053352,0.799986,489007,3.12073e+06,3.60974e+06,0.644293
0.053808,0.799986,490046,3.0819e+06,3.57195e+06,0.644346
0.054264,0.799986,491086,3.04389e+06,3.53497e+06,0.644399
0.05472,0.799986,492128,3.00666e+06,3.49879e+06,0.644452
0.055176,0.799986,493171,2.9702e+06,3.46337e+06,0.644505
0.055632,0.799986,494216,2.93448e+06,3.42869e+06,0.644557
0.056088,0.799986,495263,2.89948e+06,3.39474e+06,0.64461
0.056544,0.799986,496312,2.86518e+06,3.36149e+06,0.644663
0.057,0.799986,497363,2.83156e+06,3.32892e+06,0.644716
0.057456,0.799986,498415,2.79861e+06,3.29702e+06,0.644769
0.057912,0.799986,499469,2.7663e+06,3.26577e+06,0.644822
0.058368,0.799986,500525,2.73462e+06,3.23514e+06,0.644875
0.058824,0.799986,501582,2.70354e+06,3.20512e+06,0.644927
0.05928,0.799986,502641,2.67306e+06,3.1757e+06,0.64498
0.059736,0.799986,503702,2.64316e+06,3.14686e+06,0.645033
0.060192,0.799986,504765,2.61382e+06,3.11859e+06,0.645085
0.060648,0.799986,505830,2.58503e+06,3.09086e+06,0.645138
0.061104,0.799986,506896,2.55678e+06,3.06367e+06,0.645191
0.06156,0.799986,507964,2.52904e+06,3.037e+06,0.645243
0.062016,0.799986,509034,2.50181e+06,3.01084e+06,0.645296
0.062472,0.799986,510105,2.47507e+06,2.98518e+06,0.645349
0.062928,0.799986,511179,2.44881e+06,2.95999e+06,0.645401
0.063384,0.799986,512254,2.42303e+06,2.93528e+06,0.645454
0.06384,0.799986,513330,2.3977e+06,2.91103e+06,0.645506
0.064296,0.799986,514409,2.37281e+06,2.88722e+06,0.645559
0.064752,0.799985,515489,2.34837e+06,2.86386e+06,0.645611
0.065208,0.799985,516572,2.32434e+06,2.84091e+06,0.645663
0.065664,0.799985,517656,2.30073e+06,2.81839e+06,0.645716
0.06612,0.799985,518741,2.27753e+06,2.79627e+06,0.645768
0.066576,0.799985,519829,2.25472e+06,2.77454e+06,0.645821
0.067032,0.799985,520918,2.23229e+06,2.75321e+06,0.645873
0.067488,0.799985,522009,2.21024e+06,2.73225e+06,0.645925
0.067944,0.799985,523102,2.18856e+06,2.71166e+06,0.645978
0.0684,0.799985,524196,2.16724e+06,2.69143e+06,0.64603
0.068856,0.799985,525293,2.14626e+06,2.67156e+06,0.646082
0.069312,0.799985,526391,2.12563e+06,2.65202e+06,0.646134
0.069768,0.799985,527491,2.10534e+06,2.63283e+06,0.646186
0.070224,0.799985,528593,2.08537e+06,2.61396e+06,0.646239
0.07068,0.799985,529696,2.06572e+06,2.59542e+06,0.646291
0.071136,0.799985,530802,2.04639e+06,2.57719e+06,0.646343
0.071592,0.799985,531909,2.02736e+06,2.55926e+06,0.646395
0.072048,0.799985,533018,2.00862e+06,2.54164e+06,0.646447
0.072504,0.799985,534129,1.99018e+06,2.52431e+06,0.646499
0.07296,0.799985,535241,1.97203e+06,2.50727e+06,0.646551
0.073416,0.799985,536356,1.95416e+06,2.49051e+06,0.646603
0.073872,0.799985,537472,1.93656e+06,2.47403e+06,0.646655
0.074328,0.799985,538590,1.91923e+06,2.45782e+06,0.646707
0.074784,0.799985,539710,1.90216e+06,2.44187e+06,0.646759
0.07524,0.799985,540832,1.88535e+06,2.42618e+06,0.646811
0.075696,0.799985,541955,1.86879e+06,2.41074e+06,0.646863
0.076152,0.799985,543080,1.85247e+06,2.39555e+06,0.646915
0.076608,0.799985,544207,1.8364e+06,2.3806e+06,0.646966
0.077064,0.799985,545336,1.82056e+06,2.3659e+06,0.647018
0.07752,0.799985,546467,1.80495e+06,2.35142e+06,0.64707
0.077976,0.799985,547600,1.78957e+06,2.33717e+06,0.647122
0.078432,0.799985,548734,1.77441e+06,2.32315e+06,0.647173
0.078888,0.799985,549870,1.75947e+06,2.30934e+06,0.647225
0.079344,0.799985,551008,1.74474e+06,2.29575e+06,0.647277
0.0798,0.799985,552148,1.73023e+06,2.28237e+06,0.647329
0.080256,0.799985,553290,1.71591e+06,2.2692e+06,0.64738
0.080712,0.799985,554434,1.7018e+06,2.25623e+06,0.647432
0.081168,0.799985,555579,1.68788e+06,2.24346e+06,0.647483
0.081624,0.799985,556726,1.67415e+06,2.23088e+06,0.647535
0.08208,0.799985,557876,1.66062e+06,2.21849e+06,0.647587
0.082536,0.799985,559027,1.64727e+06,2.2063e+06,0.647638
0.082992,0.799985,560179,1.6341e+06,2.19428e+06,0.64769
0.083448,0.799985,561334,1.62111e+06,2.18245e+06,0.647741
0.083904,0.799985,562490,1.6083e+06,2.17079e+06,0.647792
0.08436,0.799985,563649,1.59566e+06,2.1593e+06,0.647844
0.084816,0.799985,564809,1.58318e+06,2.14799e+06,0.647895
0.085272,0.799985,565971,1.57087e+06,2.13684e+06,0.647947
0.085728,0.799985,567135,1.55873e+06,2.12586e+06,0.647998
0.086184,0.799985,568301,1.54674e+06,2.11504e+06,0.648049
0.08664,0.799985,569469,1.53491e+06,2.10438e+06,0.648101
0.087096,0.799985,570638,1.52323e+06,2.09387e+06,0.648152
0.087552,0.799985,571809,1.51171e+06,2.08352e+06,0.648203
0.088008,0.799985,572983,1.50033e+06,2.07331e+06,0.648255
0.088464,0.799985,574158,1.4891e+06,2.06325e+06,0.648306
0.08892,0.799985,575335,1.47801e+06,2.05334e+06,0.648357
0.089376,0.799985,576514,1.46706e+06,2.04357e+06,0.648408
0.089832,0.799985,577695,1.45624e+06,2.03394e+06,0.648459
0.090288,0.799984,578877,1.44557e+06,2.02445e+06,0.64851
0.090744,0.799984,580062,1.43502e+06,2.01509e+06,0.648561
0.0912,0.799984,581248,1.42461e+06,2.00586e+06,0.648613
0.091656,0.799984,582436,1.41433e+06,1.99676e+06,0.648664
0.092112,0.799984,583626,1.40417e+06,1.9878e+06,0.648715
0.092568,0.799984,584819,1.39414e+06,1.97895e+06,0.648766
0.093024,0.799984,586012,1.38422e+06,1.97024e+06,0.648817
0.09348,0.799984,587208,1.37443e+06,1.96164e+06,0.648868
0.093936,0.799984,588406,1.36476e+06,1.95316e+06,0.648919
0.094392,0.799984,589606,1.3552e+06,1.9448e+06,0.648969
0.094848,0.799984,590807,1.34575e+06,1.93656e+06,0.64902
0.095304,0.799984,592011,1.33642e+06,1.92843e+06,0.649071
0.09576,0.799984,593216,1.3272e+06,1.92041e+06,0.649122
0.096216,0.799984,594423,1.31808e+06,1.91251e+06,0.649173
0.096672,0.799984,595632,1.30908e+06,1.90471e+06,0.649224
0.097128,0.799984,596843,1.30017e+06,1.89702e+06,0.649274
0.097584,0.799984,598056,1.29137e+06,1.88943e+06,0.649325
0.09804,0.799984,599271,1.28267e+06,1.88195e+06,0.649376
0.098496,0.799984,600488,1.27408e+06,1.87456e+06,0.649427
0.098952,0.799984,601706,1.26558e+06,1.86728e+06,0.649477
0.099408,0.799984,602927,1.25717e+06,1.8601e+06,0.649528
0.099864,0.799984,604150,1.24886e+06,1.85301e+06,0.649579
0.10032,0.799984,605374,1.24065e+06,1.84602e+06,0.649629
0.100776,0.799984,606600,1.23252e+06,1.83912e+06,0.64968
0.101232,0.799984,607829,1.22449e+06,1.83232e+06,0.64973
0.101688,0.799984,609059,1.21655e+06,1.82561e+06,0.649781
0.102144,0.799984,610291,1.20869e+06,1.81898e+06,0.649832
0.1026,0.799984,611525,1.20092e+06,1.81245e+06,0.649882
0.103056,0.799984,612761,1.19324e+06,1.806e+06,0.649933
0.103512,0.799984,613999,1.18564e+06,1.79964e+06,0.649983
0.103968,0.799984,615239,1.17812e+06,1.79336e+06,0.650033
0.104424,0.799984,616480,1.17069e+06,1.78717e+06,0.650084
0.10488,0.799984,617724,1.16333e+06,1.78105e+06,0.650134
0.105336,0.799984,618970,1.15605e+06,1.77502e+06,0.650185
0.105792,0.799984,620217,1.14885e+06,1.76907e+06,0.650235
0.106248,0.799984,621467,1.14173e+06,1.7632e+06,0.650285
0.106704,0.799984,622718,1.13468e+06,1.7574e+06,0.650336
0.10716,0.799984,623972,1.12771e+06,1.75168e+06,0.650386
0.107616,0.799984,625227,1.12081e+06,1.74604e+06,0.650436
0.108072,0.799984,626485,1.11398e+06,1.74046e+06,0.650486
0.108528,0.799984,627744,1.10722e+06,1.73497e+06,0.650536
0.108984,0.799984,629005,1.10054e+06,1.72954e+06,0.650587
0.10944,0.799984,630268,1.09392e+06,1.72419e+06,0.650637
0.109896,0.799984,631534,1.08737e+06,1.7189e+06,0.650687
0.110352,0.799984,632801,1.08088e+06,1.71368e+06,0.650737
0.110808,0.799984,634070,1.07447e+06,1.70854e+06,0.650787
0.111264,0.799984,635341,1.06811e+06,1.70346e+06,0.650837
0.11172,0.799984,636614,1.06183e+06,1.69844e+06,0.650887
0.112176,0.799984,637889,1.0556e+06,1.69349e+06,0.650937
0.112632,0.799984,639166,1.04944e+06,1.68861e+06,0.650987
0.113088,0.799984,640445,1.04334e+06,1.68378e+06,0.651037
0.113544,0.799984,641726,1.0373e+06,1.67902e+06,0.651087
0.114,0.799984,643009,1.03132e+06,1.67433e+06,0.651137
0.114456,0.799984,644293,1.0254e+06,1.66969e+06,0.651187
0.114912,0.799984,645580,1.01953e+06,1.66511e+06,0.651237
0.115368,0.799984,646869,1.01373e+06,1.6606e+06,0.651287
0.115824,0.799984,648160,1.00798e+06,1.65614e+06,0.651337
0.11628,0.799984,649453,1.00229e+06,1.65174e+06,0.651386
0.116736,0.799984,650747,996647,1.64739e+06,0.651436
0.117192,0.799984,652044,991062,1.64311e+06,0.651486
0.117648,0.799984,653343,985532,1.63887e+06,0.651536
0.118104,0.799984,654644,980054,1.6347e+06,0.651585
0.11856,0.799984,655946,974628,1.63057e+06,0.651635
0.119016,0.799984,657251,969254,1.62651e+06,0.651685
0.119472,0.799984,658558,963930,1.62249e+06,0.651734
0.119928,0.799984,659867,958657,1.61852e+06,0.651784
0.120384,0.799984,661177,953433,1.61461e+06,0.651834
0.12084,0.799984,662490,948257,1.61075e+06,0.651883
0.121296,0.799984,663805,943130,1.60694e+06,0.651933
0.121752,0.799984,665122,938050,1.60317e+06,0.651982
0.122208,0.799984,666440,933018,1.59946e+06,0.652032
0.122664,0.799984,667761,928031,1.59579e+06,0.652081
0.12312,0.799984,669084,923090,1.59217e+06,0.652131
0.123576,0.799984,670409,918194,1.5886e+06,0.65218
0.124032,0.799984,671736,913343,1.58508e+06,0.65223
0.124488,0.799983,673065,908536,1.5816e+06,0.652279
0.124944,0.799983,674395,903772,1.57817e+06,0.652329
0.1254,0.799983,675728,899051,1.57478e+06,0.652378
0.125856,0.799983,677063,894372,1.57144e+06,0.652427
0.126312,0.799983,678400,889735,1.56814e+06,0.652477
0.126768,0.799983,679739,885139,1.56488e+06,0.652526
0.127224,0.799983,681080,880584,1.56166e+06,0.652575
0.12768,0.799983,682423,876069,1.55849e+06,0.652624
0.128136,0.799983,683768,871594,1.55536e+06,0.652674
0.128592,0.799983,685115,867158,1.55227e+06,0.652723
0.129048,0.799983,686464,862761,1.54923e+06,0.652772
0.129504,0.799983,687816,858402,1.54622e+06,0.652821
0.12996,0.799983,689169,854081,1.54325e+06,0.65287
0.130416,0.799983,690524,849797,1.54032e+06,0.652919
0.130872,0.799983,691881,845550,1.53743e+06,0.652969
0.131328,0.799983,693241,841340,1.53458e+06,0.653018
0.131784,0.799983,694602,837165,1.53177e+06,0.653067
0.13224,0.799983,695966,833026,1.52899e+06,0.653116
0.132696,0.799983,697331,828923,1.52625e+06,0.653165
0.133152,0.799983,698699,824854,1.52355e+06,0.653214
0.133608,0.799983,700068,820819,1.52089e+06,0.653263
0.134064,0.799983,701440,816818,1.51826e+06,0.653312
0.13452,0.799983,702814,812851,1.51566e+06,0.65336
0.134976,0.799983,704190,808917,1.51311e+06,0.653409
0.135432,0.799983,705567,805016,1.51058e+06,0.653458
0.135888,0.799983,706947,801147,1.50809e+06,0.653507
0.136344,0.799983,708329,797309,1.50564e+06,0.653556
0.1368,0.799983,709713,793504,1.50322e+06,0.653605
0.137256,0.799983,711100,789730,1.50083e+06,0.653653
0.137712,0.799983,712488,785986,1.49847e+06,0.653702
0.138168,0.799983,713878,782273,1.49615e+06,0.653751
0.138624,0.799983,715271,778591,1.49386e+06,0.6538
0.13908,0.799983,716665,774938,1.4916e+06,0.653848
0.139536,0.799983,718061,771314,1.48938e+06,0.653897
0.139992,0.799983,719460,767720,1.48718e+06,0.653946
0.140448,0.799983,720861,764155,1.48502e+06,0.653994
0.140904,0.799983,722264,760618,1.48288e+06,0.654043
0.14136,0.799983,723668,757109,1.48078e+06,0.654091
0.141816,0.799983,725075,753628,1.4787e+06,0.65414
0.142272,0.799983,726484,750175,1.47666e+06,0.654189
0.142728,0.799983,727896,746749,1.47464e+06,0.654237
0.143184,0.799983,729309,743350,1.47266e+06,0.654286
0.14364,0.799983,730724,739977,1.4707e+06,0.654334
0.144096,0.799983,732142,736631,1.46877e+06,0.654383
0.144552,0.799983,733561,733311,1.46687e+06,0.654431
0.145008,0.799983,734983,730016,1.465e+06,0.654479
0.145464,0.799983,736407,726748,1.46315e+06,0.654528
0.14592,0.799983,737832,723504,1.46134e+06,0.654576
0.146376,0.799983,739260,720285,1.45955e+06,0.654624
0.146832,0.799983,740690,717091,1.45778e+06,0.654673
0.147288,0.799983,742123,713922,1.45604e+06,0.654721
0.147744,0.799983,743557,710776,1.45433e+06,0.654769
0.1482,0.799983,744993,707655,1.45265e+06,0.654818
0.148656,0.799983,746432,704557,1.45099e+06,0.654866
0.149112,0.799983,747873,701482,1.44935e+06,0.654914
0.149568,0.799983,749315,698431,1.44775e+06,0.654962
0.150024,0.799983,750760,695402,1.44616e+06,0.65501
0.15048,0.799983,752207,692396,1.4446e+06,0.655058
0.150936,0.799983,753656,689413,1.44307e+06,0.655107
0.151392,0.799983,755108,686452,1.44156e+06,0.655155
0.151848,0.799983,756561,683512,1.44007e+06,0.655203
0.152304,0.799983,758017,680595,1.43861e+06,0.655251
0.15276,0.799983,759474,677698,1.43717e+06,0.655299
0.153216,0.799983,760934,674824,1.43576e+06,0.655347
0.153672,0.799983,762396,671970,1.43437e+06,0.655395
0.154128,0.799983,763860,669137,1.433e+06,0.655443
0.154584,0.799983,765326,666324,1.43165e+06,0.655491
0.15504,0.799983,766795,663532,1.43033e+06,0.655539
0.155496,0.799983,768265,660760,1.42903e+06,0.655587
0.155952,0.799983,769738,658009,1.42775e+06,0.655634
0.156408,0.799983,771213,655277,1.42649e+06,0.655682
0.156864,0.799983,772690,652564,1.42525e+06,0.65573
0.15732,0.799983,774169,649871,1.42404e+06,0.655778
0.157776,0.799983,775650,647197,1.42285e+06,0.655826
0.158232,0.799983,777134,644542,1.42168e+06,0.655873
0.158688,0.799983,778619,641906,1.42053e+06,0.655921
0.159144,0.799983,780107,639289,1.4194e+06,0.655969
0.1596,0.799983,781597,636690,1.41829e+06,0.656017
0.160056,0.799983,783089,634109,1.4172e+06,0.656064
0.160512,0.799983,784583,631547,1.41613e+06,0.656112
0.160968,0.799983,786080,629002,1.41508e+06,0.65616
0.161424,0.799983,787578,626475,1.41405e+06,0.656207
0.16188,0.799983,789079,623965,1.41304e+06,0.656255
0.162336,0.799983,790582,621473,1.41206e+06,0.656302
0.162792,0.799983,792087,618998,1.41109e+06,0.65635
0.163248,0.799983,793595,616541,1.41014e+06,0.656397
0.163704,0.799983,795104,614100,1.4092e+06,0.656445
0.16416,0.799983,796616,611675,1.40829e+06,0.656492
0.164616,0.799983,798129,609268,1.4074e+06,0.65654
0.165072,0.799982,799646,606876,1.40652e+06,0.656587
0.165528,0.799982,801164,604501,1.40567e+06,0.656635
0.165984,0.799982,802684,602142,1.40483e+06,0.656682
0.16644,0.799982,804207,599799,1.40401e+06,0.65673
0.166896,0.799982,805731,597472,1.4032e+06,0.656777
0.167352,0.799982,807258,595160,1.40242e+06,0.656824
0.167808,0.799982,808788,592864,1.40165e+06,0.656872
0.168264,0.799982,810319,590583,1.4009e+06,0.656919
0.16872,0.799982,811853,588318,1.40017e+06,0.656966
0.169176,0.799982,813388,586067,1.39946e+06,0.657013
0.169632,0.799982,814926,583831,1.39876e+06,0.657061
0.170088,0.799982,816466,581610,1.39808e+06,0.657108
0.170544,0.799982,818009,579404,1.39741e+06,0.657155
0.171,0.799982,819553,577212,1.39677e+06,0.657202
0.171456,0.799982,821100,575035,1.39614e+06,0.657249
0.171912,0.799982,822649,572872,1.39552e+06,0.657296
0.172368,0.799982,824200,570722,1.39492e+06,0.657344
0.172824,0.799982,825754,568587,1.39434e+06,0.657391
0.17328,0.799982,827310,566466,1.39378e+06,0.657438
0.173736,0.799982,828867,564358,1.39323e+06,0.657485
0.174192,0.799982,830428,562264,1.39269e+06,0.657532
0.174648,0.799982,831990,560184,1.39217e+06,0.657579
0.175104,0.799982,833554,558117,1.39167e+06,0.657626
0.17556,0.799982,835121,556063,1.39118e+06,0.657673
0.176016,0.799982,836690,554022,1.39071e+06,0.65772
0.176472,0.799982,838261,551994,1.39026e+06,0.657766
0.176928,0.799982,839835,549979,1.38981e+06,0.657813
0.177384,0.799982,841411,547976,1.38939e+06,0.65786
0.17784,0.799982,842989,545987,1.38898e+06,0.657907
0.178296,0.799982,844569,544010,1.38858e+06,0.657954
0.178752,0.799982,846151,542045,1.3882e+06,0.658001
0.179208,0.799982,847736,540093,1.38783e+06,0.658047
0.179664,0.799982,849323,538152,1.38748e+06,0.658094
0.18012,0.799982,850912,536224,1.38714e+06,0.658141
0.180576,0.799982,852503,534308,1.38681e+06,0.658188
0.181032,0.799982,854097,532404,1.3865e+06,0.658234
0.181488,0.799982,855693,530512,1.3862e+06,0.658281
0.181944,0.799982,857291,528631,1.38592e+06,0.658328
0.1824,0.799982,858891,526762,1.38565e+06,0.658374
0.182856,0.799982,860494,524904,1.3854e+06,0.658421
0.183312,0.799982,862099,523057,1.38516e+06,0.658467
0.183768,0.799982,863706,521222,1.38493e+06,0.658514
0.184224,0.799982,865315,519398,1.38471e+06,0.658561
0.18468,0.799982,866927,517586,1.38451e+06,0.658607
0.185136,0.799982,868541,515784,1.38432e+06,0.658654
0.185592,0.799982,870157,513993,1.38415e+06,0.6587
0.186048,0.799982,871776,512213,1.38399e+06,0.658747
0.186504,0.799982,873397,510443,1.38384e+06,0.658793
0.18696,0.799982,875020,508684,1.3837e+06,0.658839
0.187416,0.799982,876645,506936,1.38358e+06,0.658886
0.187872,0.799982,878272,505198,1.38347e+06,0.658932
0.188328,0.799982,879902,503471,1.38337e+06,0.658978
0.188784,0.799982,881535,501753,1.38329e+06,0.659025
0.18924,0.799982,883169,500046,1.38322e+06,0.659071
0.189696,0.799982,884806,498349,1.38315e+06,0.659117
0.190152,0.799982,886445,496662,1.38311e+06,0.659164
0.190608,0.799982,888086,494985,1.38307e+06,0.65921
0.191064,0.799982,889729,493318,1.38305e+06,0.659256
0.19152,0.799982,891375,491661,1.38304e+06,0.659302
0.191976,0.799982,893024,490013,1.38304e+06,0.659349
0.192432,0.799982,894674,488375,1.38305e+06,0.659395
0.192888,0.799982,896327,486746,1.38307e+06,0.659441
0.193344,0.799982,897982,485127,1.38311e+06,0.659487
0.1938,0.799982,899639,483517,1.38316e+06,0.659533
0.194256,0.799982,901299,481917,1.38322e+06,0.659579
0.194712,0.799982,902961,480325,1.38329e+06,0.659625
0.195168,0.799982,904625,478743,1.38337e+06,0.659671
0.195624,0.799982,906291,477170,1.38346e+06,0.659717
0.19608,0.799982,907960,475606,1.38357e+06,0.659763
0.196536,0.799982,909631,474051,1.38368e+06,0.659809
0.196992,0.799982,911305,472504,1.38381e+06,0.659855
0.197448,0.799982,912981,470967,1.38395e+06,0.659901
0.197904,0.799982,914659,469438,1.3841e+06,0.659947
0.19836,0.799982,916339,467918,1.38426e+06,0.659993
0.198816,0.799982,918022,466406,1.38443e+06,0.660039
0.199272,0.799982,919707,464903,1.38461e+06,0.660085
0.199728,0.799982,921395,463408,1.3848e+06,0.66013
0.200184,0.799982,923084,461922,1.38501e+06,0.660176
0.20064,0.799982,924776,460444,1.38522e+06,0.660222
0.201096,0.799982,926471,458974,1.38544e+06,0.660268
0.201552,0.799982,928167,457512,1.38568e+06,0.660314
0.202008,0.799982,929866,456059,1.38593e+06,0.660359
0.202464,0.799982,931568,454613,1.38618e+06,0.660405
0.20292,0.799982,933271,453176,1.38645e+06,0.660451
0.203376,0.799982,934978,451746,1.38672e+06,0.660496
0.203832,0.799982,936686,450324,1.38701e+06,0.660542
0.204288,0.799982,938397,448910,1.38731e+06,0.660588
0.204744,0.799982,940110,447504,1.38761e+06,0.660633
0.2052,0.799982,941825,446106,1.38793e+06,0.660679
0.205656,0.799982,943543,444715,1.38826e+06,0.660724
0.206112,0.799982,945263,443331,1.38859e+06,0.66077
0.206568,0.799982,946985,441955,1.38894e+06,0.660815
0.207024,0.799982,948710,440587,1.3893e+06,0.660861
0.20748,0.799982,950437,439226,1.38966e+06,0.660906
0.207936,0.799982,952167,437872,1.39004e+06,0.660952
0.208392,0.799981,953899,436526,1.39042e+06,0.660997
0.208848,0.799981,955633,435187,1.39082e+06,0.661043
0.209304,0.799981,957370,433855,1.39122e+06,0.661088
0.20976,0.799981,959108,432530,1.39164e+06,0.661133
0.210216,0.799981,960850,431212,1.39206e+06,0.661179
0.210672,0.799981,962593,429901,1.39249e+06,0.661224
0.211128,0.799981,964340,428597,1.39294e+06,0.661269
0.211584,0.799981,966088,427300,1.39339e+06,0.661315
0.21204,0.799981,967839,426010,1.39385e+06,0.66136
0.212496,0.799981,969592,424726,1.39432e+06,0.661405
0.212952,0.799981,971347,423450,1.3948e+06,0.66145
0.213408,0.799981,973105,422180,1.39529e+06,0.661496
0.213864,0.799981,974866,420917,1.39578e+06,0.661541
0.21432,0.799981,976628,419660,1.39629e+06,0.661586
0.214776,0.799981,978393,418410,1.3968e+06,0.661631
0.215232,0.799981,980161,417166,1.39733e+06,0.661676
0.215688,0.799981,981931,415929,1.39786e+06,0.661721
0.216144,0.799981,983703,414698,1.3984e+06,0.661766
0.2166,0.799981,985477,413474,1.39895e+06,0.661811
0.217056,0.799981,987254,412255,1.39951e+06,0.661856
0.217512,0.799981,989034,411044,1.40008e+06,0.661901
0.217968,0.799981,990815,409838,1.40065e+06,0.661946
0.218424,0.799981,992600,408639,1.40124e+06,0.661991
0.21888,0.799981,994386,407445,1.40183e+06,0.662036
0.219336,0.799981,996175,406258,1.40243e+06,0.662081
0.219792,0.799981,997966,405077,1.40304e+06,0.662126
0.220248,0.799981,999760,403902,1.40366e+06,0.662171
0.220704,0.799981,1.00156e+06,402732,1.40429e+06,0.662216
0.22116,0.799981,1.00335e+06,401569,1.40492e+06,0.662261
0.221616,0.799981,1.00516e+06,400412,1.40557e+06,0.662306
0.222072,0.799981,1.00696e+06,399260,1.40622e+06,0.66235
0.222528,0.799981,1.00877e+06,398114,1.40688e+06,0.662395
0.222984,0.799981,1.01057e+06,396974,1.40755e+06,0.66244
0.22344,0.799981,1.01238e+06,395840,1.40822e+06,0.662485
0.223896,0.799981,1.0142e+06,394711,1.40891e+06,0.66253
0.224352,0.799981,1.01601e+06,393588,1.4096e+06,0.662574
0.224808,0.799981,1.01783e+06,392470,1.4103e+06,0.662619
0.225264,0.799981,1.01965e+06,391358,1.41101e+06,0.662664
0.22572,0.799981,1.02147e+06,390252,1.41173e+06,0.662708
0.226176,0.799981,1.0233e+06,389151,1.41245e+06,0.662753
0.226632,0.799981,1.02513e+06,388055,1.41318e+06,0.662798
0.227088,0.799981,1.02696e+06,386965,1.41392e+06,0.662842
0.227544,0.799981,1.02879e+06,385880,1.41467e+06,0.662887
0.228,0.799981,1.03062e+06,384801,1.41542e+06,0.662931
0.228456,0.799981,1.03246e+06,383727,1.41619e+06,0.662976
0.228912,0.799981,1.0343e+06,382658,1.41696e+06,0.66302
0.229368,0.799981,1.03614e+06,381594,1.41774e+06,0.663065
0.229824,0.799981,1.03799e+06,380535,1.41852e+06,0.663109
0.23028,0.799981,1.03983e+06,379482,1.41932e+06,0.663154
0.230736,0.799981,1.04168e+06,378433,1.42012e+06,0.663198
0.231192,0.799981,1.04354e+06,377390,1.42093e+06,0.663242
0.231648,0.799981,1.04539e+06,376352,1.42174e+06,0.663287
0.232104,0.799981,1.04725e+06,375319,1.42257e+06,0.663331
0.23256,0.799981,1.04911e+06,374290,1.4234e+06,0.663376
0.233016,0.799981,1.05097e+06,373267,1.42424e+06,0.66342
0.233472,0.799981,1.05283e+06,372249,1.42508e+06,0.663464
0.233928,0.799981,1.0547e+06,371235,1.42593e+06,0.663509
0.234384,0.799981,1.05657e+06,370226,1.42679e+06,0.663553
0.23484,0.799981,1.05844e+06,369222,1.42766e+06,0.663597
0.235296,0.799981,1.06031e+06,368223,1.42854e+06,0.663641
0.235752,0.799981,1.06219e+06,367229,1.42942e+06,0.663685
0.236208,0.799981,1.06407e+06,366239,1.43031e+06,0.66373
0.236664,0.799981,1.06595e+06,365254,1.4312e+06,0.663774
0.23712,0.799981,1.06783e+06,364273,1.43211e+06,0.663818
0.237576,0.799981,1.06972e+06,363298,1.43302e+06,0.663862
0.238032,0.799981,1.07161e+06,362326,1.43394e+06,0.663906
0.238488,0.799981,1.0735e+06,361360,1.43486e+06,0.66395
0.238944,0.799981,1.07539e+06,360397,1.43579e+06,0.663994
0.2394,0.799981,1.07729e+06,359440,1.43673e+06,0.664038
0.239856,0.799981,1.07919e+06,358486,1.43768e+06,0.664082
0.240312,0.799981,1.08109e+06,357538,1.43863e+06,0.664126
0.240768,0.799981,1.08299e+06,356593,1.43959e+06,0.66417
0.241224,0.799981,1.0849e+06,355653,1.44055e+06,0.664214
0.24168,0.799981,1.08681e+06,354718,1.44153e+06,0.664258
0.242136,0.799981,1.08872e+06,353786,1.44251e+06,0.664302
0.242592,0.799981,1.09063e+06,352859,1.44349e+06,0.664346
0.243048,0.799981,1.09255e+06,351936,1.44449e+06,0.66439
0.243504,0.799981,1.09447e+06,351018,1.44549e+06,0.664434
0.24396,0.799981,1.09639e+06,350103,1.44649e+06,0.664478
0.244416,0.799981,1.09831e+06,349193,1.44751e+06,0.664522
0.244872,0.799981,1.10024e+06,348287,1.44853e+06,0.664565
0.245328,0.799981,1.10217e+06,347385,1.44955e+06,0.664609
0.245784,0.799981,1.1041e+06,346487,1.45059e+06,0.664653
0.24624,0.799981,1.10603e+06,345593,1.45163e+06,0.664697
0.246696,0.799981,1.10797e+06,344704,1.45267e+06,0.66474
0.247152,0.799981,1.10991e+06,343818,1.45372e+06,0.664784
0.247608,0.799981,1.11185e+06,342936,1.45478e+06,0.664828
0.248064,0.799981,1.11379e+06,342058,1.45585e+06,0.664871
0.24852,0.799981,1.11574e+06,341184,1.45692e+06,0.664915
0.248976,0.799981,1.11769e+06,340315,1.458e+06,0.664959
0.249432,0.799981,1.11964e+06,339449,1.45909e+06,0.665002
0.249888,0.799981,1.12159e+06,338586,1.46018e+06,0.665046
0.250344,0.799981,1.12355e+06,337728,1.46128e+06,0.665089
0.2508,0.79998,1.12551e+06,336874,1.46238e+06,0.665133
0.251256,0.79998,1.12747e+06,336023,1.46349e+06,0.665176
0.251712,0.79998,1.12943e+06,335176,1.46461e+06,0.66522
0.252168,0.79998,1.1314e+06,334333,1.46573e+06,0.665263
0.252624,0.79998,1.13337e+06,333493,1.46686e+06,0.665307
0.25308,0.79998,1.13534e+06,332657,1.46799e+06,0.66535
0.253536,0.79998,1.13731e+06,331825,1.46914e+06,0.665394
0.253992,0.79998,1.13929e+06,330997,1.47028e+06,0.665437
0.254448,0.79998,1.14127e+06,330172,1.47144e+06,0.665481
0.254904,0.79998,1.14325e+06,329351,1.4726e+06,0.665524
0.25536,0.79998,1.14523e+06,328533,1.47376e+06,0.665567
0.255816,0.79998,1.14722e+06,327719,1.47494e+06,0.665611
0.256272,0.79998,1.14921e+06,326909,1.47612e+06,0.665654
0.256728,0.79998,1.1512e+06,326102,1.4773e+06,0.665697
0.257184,0.79998,1.15319e+06,325298,1.47849e+06,0.665741
0.25764,0.79998,1.15519e+06,324498,1.47969e+06,0.665784
0.258096,0.79998,1.15719e+06,323702,1.48089e+06,0.665827
0.258552,0.79998,1.15919e+06,322909,1.4821e+06,0.66587
0.259008,0.79998,1.16119e+06,322119,1.48331e+06,0.665913
0.259464,0.79998,1.1632e+06,321333,1.48453e+06,0.665957
0.25992,0.79998,1.16521e+06,320550,1.48576e+06,0.666
0.260376,0.79998,1.16722e+06,319770,1.48699e+06,0.666043
0.260832,0.79998,1.16924e+06,318994,1.48823e+06,0.666086
0.261288,0.79998,1.17125e+06,318221,1.48947e+06,0.666129
0.261744,0.79998,1.17327e+06,317451,1.49072e+06,0.666172
0.2622,0.79998,1.1753e+06,316685,1.49198e+06,0.666215
0.262656,0.79998,1.17732e+06,315922,1.49324e+06,0.666258
0.263112,0.79998,1.17935e+06,315162,1.49451e+06,0.666301
0.263568,0.79998,1.18138e+06,314405,1.49578e+06,0.666344
0.264024,0.79998,1.18341e+06,313652,1.49706e+06,0.666387
0.26448,0.79998,1.18545e+06,312901,1.49835e+06,0.66643
0.264936,0.79998,1.18748e+06,312154,1.49964e+06,0.666473
0.265392,0.79998,1.18952e+06,311410,1.50093e+06,0.666516
0.265848,0.79998,1.19157e+06,310669,1.50223e+06,0.666559
0.266304,0.79998,1.19361e+06,309931,1.50354e+06,0.666602
0.26676,0.79998,1.19566e+06,309197,1.50486e+06,0.666645
0.267216,0.79998,1.19771e+06,308465,1.50617e+06,0.666687
0.267672,0.79998,1.19976e+06,307736,1.5075e+06,0.66673
0.268128,0.79998,1.20182e+06,307011,1.50883e+06,0.666773
0.268584,0.79998,1.20388e+06,306288,1.51016e+06,0.666816
0.26904,0.79998,1.20594e+06,305569,1.5115e+06,0.666859
0.269496,0.79998,1.208e+06,304852,1.51285e+06,0.666901
0.269952,0.79998,1.21007e+06,304138,1.5142e+06,0.666944
0.270408,0.79998,1.21213e+06,303428,1.51556e+06,0.666987
0.270864,0.79998,1.21421e+06,302720,1.51693e+06,0.667029
0.27132,0.79998,1.21628e+06,302015,1.51829e+06,0.667072
0.271776,0.79998,1.21836e+06,301313,1.51967e+06,0.667115
0.272232,0.79998,1.22043e+06,300614,1.52105e+06,0.667157
0.272688,0.79998,1.22252e+06,299917,1.52243e+06,0.6672
0.273144,0.79998,1.2246e+06,299224,1.52382e+06,0.667243
0.2736,0.79998,1.22669e+06,298533,1.52522e+06,0.667285
0.274056,0.79998,1.22878e+06,297846,1.52662e+06,0.667328
0.274512,0.79998,1.23087e+06,297161,1.52803e+06,0.66737
0.274968,0.79998,1.23296e+06,296478,1.52944e+06,0.667413
0.275424,0.79998,1.23506e+06,295799,1.53086e+06,0.667455
0.27588,0.79998,1.23716e+06,295122,1.53228e+06,0.667498
0.276336,0.79998,1.23926e+06,294448,1.53371e+06,0.66754
0.276792,0.79998,1.24137e+06,293777,1.53514e+06,0.667582
0.277248,0.79998,1.24347e+06,293108,1.53658e+06,0.667625
0.277704,0.79998,1.24558e+06,292442,1.53803e+06,0.667667
0.27816,0.79998,1.2477e+06,291779,1.53948e+06,0.66771
0.278616,0.79998,1.24981e+06,291118,1.54093e+06,0.667752
0.279072,0.79998,1.25193e+06,290460,1.54239e+06,0.667794
0.279528,0.79998,1.25405e+06,289805,1.54386e+06,0.667837
0.279984,0.79998,1.25617e+06,289152,1.54533e+06,0.667879
0.28044,0.79998,1.2583e+06,288502,1.5468e+06,0.667921
0.280896,0.79998,1.26043e+06,287854,1.54828e+06,0.667963
0.281352,0.79998,1.26256e+06,287209,1.54977e+06,0.668006
0.281808,0.79998,1.26469e+06,286567,1.55126e+06,0.668048
0.282264,0.79998,1.26683e+06,285927,1.55276e+06,0.66809
0.28272,0.79998,1.26897e+06,285289,1.55426e+06,0.668132
0.283176,0.79998,1.27111e+06,284654,1.55576e+06,0.668174
0.283632,0.79998,1.27325e+06,284022,1.55728e+06,0.668217
0.284088,0.79998,1.2754e+06,283392,1.55879e+06,0.668259
0.284544,0.79998,1.27755e+06,282764,1.56032e+06,0.668301
0.285,0.79998,1.2797e+06,282139,1.56184e+06,0.668343
0.285456,0.79998,1.28186e+06,281517,1.56337e+06,0.668385
0.285912,0.79998,1.28402e+06,280896,1.56491e+06,0.668427
0.286368,0.79998,1.28618e+06,280279,1.56645e+06,0.668469
0.286824,0.79998,1.28834e+06,279663,1.568e+06,0.668511
0.28728,0.79998,1.2905e+06,279050,1.56955e+06,0.668553
0.287736,0.79998,1.29267e+06,278439,1.57111e+06,0.668595
0.288192,0.79998,1.29484e+06,277831,1.57267e+06,0.668637
0.288648,0.79998,1.29702e+06,277225,1.57424e+06,0.668679
0.289104,0.79998,1.29919e+06,276622,1.57581e+06,0.668721
0.28956,0.79998,1.30137e+06,276020,1.57739e+06,0.668763
0.290016,0.79998,1.30355e+06,275421,1.57897e+06,0.668805
0.290472,0.799979,1.30574e+06,274825,1.58056e+06,0.668846
0.290928,0.799979,1.30792e+06,274230,1.58215e+06,0.668888
0.291384,0.799979,1.31011e+06,273638,1.58375e+06,0.66893
0.29184,0.799979,1.3123e+06,273048,1.58535e+06,0.668972
0.292296,0.799979,1.3145e+06,272460,1.58696e+06,0.669014
0.292752,0.799979,1.3167e+06,271875,1.58857e+06,0.669055
0.293208,0.799979,1.3189e+06,271292,1.59019e+06,0.669097
0.293664,0.799979,1.3211e+06,270711,1.59181e+06,0.669139
0.29412,0.799979,1.3233e+06,270132,1.59344e+06,0.66918
0.294576,0.799979,1.32551e+06,269555,1.59507e+06,0.669222
0.295032,0.799979,1.32772e+06,268981,1.5967e+06,0.669264
0.295488,0.799979,1.32994e+06,268408,1.59834e+06,0.669305
0.295944,0.799979,1.33215e+06,267838,1.59999e+06,0.669347
0.2964,0.799979,1.33437e+06,267270,1.60164e+06,0.669389
0.296856,0.799979,1.33659e+06,266704,1.6033e+06,0.66943
0.297312,0.799979,1.33882e+06,266141,1.60496e+06,0.669472
0.297768,0.799979,1.34104e+06,265579,1.60662e+06,0.669513
0.298224,0.799979,1.34327e+06,265019,1.60829e+06,0.669555
0.29868,0.799979,1.34551e+06,264462,1.60997e+06,0.669596
0.299136,0.799979,1.34774e+06,263906,1.61165e+06,0.669638
0.299592,0.799979,1.34998e+06,263353,1.61333e+06,0.669679
0.300048,0.799979,1.35222e+06,262802,1.61502e+06,0.669721
0.300504,0.799979,1.35446e+06,262252,1.61671e+06,0.669762
0.30096,0.799979,1.35671e+06,261705,1.61841e+06,0.669804
0.301416,0.799979,1.35895e+06,261160,1.62011e+06,0.669845
0.301872,0.799979,1.36121e+06,260617,1.62182e+06,0.669886
0.302328,0.799979,1.36346e+06,260075,1.62353e+06,0.669928
0.302784,0.799979,1.36572e+06,259536,1.62525e+06,0.669969
0.30324,0.799979,1.36798e+06,258999,1.62697e+06,0.67001
0.303696,0.799979,1.37024e+06,258464,1.6287e+06,0.670052
0.304152,0.799979,1.3725e+06,257930,1.63043e+06,0.670093
0.304608,0.799979,1.37477e+06,257399,1.63217e+06,0.670134
0.305064,0.799979,1.37704e+06,256869,1.63391e+06,0.670176
0.30552,0.799979,1.37931e+06,256342,1.63565e+06,0.670217
0.305976,0.799979,1.38159e+06,255816,1.6374e+06,0.670258
0.306432,0.799979,1.38386e+06,255292,1.63916e+06,0.670299
0.306888,0.799979,1.38615e+06,254770,1.64092e+06,0.67034
0.307344,0.799979,1.38843e+06,254250,1.64268e+06,0.670382
0.3078,0.799979,1.39072e+06,253732,1.64445e+06,0.670423
0.308256,0.799979,1.393e+06,253216,1.64622e+06,0.670464
0.308712,0.799979,1.3953e+06,252702,1.648e+06,0.670505
0.309168,0.799979,1.39759e+06,252189,1.64978e+06,0.670546
0.309624,0.799979,1.39989e+06,251679,1.65157e+06,0.670587
0.31008,0.799979,1.40219e+06,251170,1.65336e+06,0.670628
0.310536,0.799979,1.40449e+06,250663,1.65515e+06,0.670669
0.310992,0.799979,1.4068e+06,250157,1.65695e+06,0.67071
0.311448,0.799979,1.4091e+06,249654,1.65876e+06,0.670751
0.311904,0.799979,1.41141e+06,249152,1.66057e+06,0.670792
0.31236,0.799979,1.41373e+06,248653,1.66238e+06,0.670833
0.312816,0.799979,1.41604e+06,248154,1.6642e+06,0.670874
0.313272,0.799979,1.41836e+06,247658,1.66602e+06,0.670915
0.313728,0.799979,1.42068e+06,247164,1.66785e+06,0.670956
0.314184,0.799979,1.42301e+06,246671,1.66968e+06,0.670997
0.31464,0.799979,1.42534e+06,246180,1.67152e+06,0.671037
0.315096,0.799979,1.42767e+06,245690,1.67336e+06,0.671078
0.315552,0.799979,1.43e+06,245203,1.6752e+06,0.671119
0.316008,0.799979,1.43233e+06,244717,1.67705e+06,0.67116
0.316464,0.799979,1.43467e+06,244232,1.6789e+06,0.671201
0.31692,0.799979,1.43701e+06,243750,1.68076e+06,0.671241
0.317376,0.799979,1.43936e+06,243269,1.68263e+06,0.671282
0.317832,0.799979,1.4417e+06,242790,1.68449e+06,0.671323
0.318288,0.799979,1.44405e+06,242312,1.68637e+06,0.671364
0.318744,0.799979,1.4464e+06,241837,1.68824e+06,0.671404
0.3192,0.799979,1.44876e+06,241362,1.69012e+06,0.671445
0.319656,0.799979,1.45112e+06,240890,1.69201e+06,0.671486
0.320112,0.799979,1.45348e+06,240419,1.6939e+06,0.671526
0.320568,0.799979,1.45584e+06,239950,1.69579e+06,0.671567
0.321024,0.799979,1.45821e+06,239482,1.69769e+06,0.671607
0.32148,0.799979,1.46057e+06,239016,1.69959e+06,0.671648
0.321936,0.799979,1.46295e+06,238552,1.7015e+06,0.671689
0.322392,0.799979,1.46532e+06,238089,1.70341e+06,0.671729
0.322848,0.799979,1.4677e+06,237627,1.70532e+06,0.67177
0.323304,0.799979,1.47008e+06,237168,1.70724e+06,0.67181
0.32376,0.799979,1.47246e+06,236710,1.70917e+06,0.671851
0.324216,0.799979,1.47484e+06,236253,1.7111e+06,0.671891
0.324672,0.799979,1.47723e+06,235798,1.71303e+06,0.671931
0.325128,0.799979,1.47962e+06,235345,1.71497e+06,0.671972
0.325584,0.799979,1.48202e+06,234893,1.71691e+06,0.672012
0.32604,0.799979,1.48441e+06,234443,1.71885e+06,0.672053
0.326496,0.799979,1.48681e+06,233994,1.7208e+06,0.672093
0.326952,0.799978,1.48921e+06,233546,1.72276e+06,0.672133
0.327408,0.799978,1.49162e+06,233101,1.72472e+06,0.672174
0.327864,0.799978,1.49402e+06,232656,1.72668e+06,0.672214
0.32832,0.799978,1.49643e+06,232214,1.72865e+06,0.672254
0.328776,0.799978,1.49885e+06,231772,1.73062e+06,0.672295
0.329232,0.799978,1.50126e+06,231333,1.7326e+06,0.672335
0.329688,0.799978,1.50368e+06,230894,1.73458e+06,0.672375
0.330144,0.799978,1.5061e+06,230457,1.73656e+06,0.672415
0.3306,0.799978,1.50853e+06,230022,1.73855e+06,0.672456
0.331056,0.799978,1.51095e+06,229588,1.74054e+06,0.672496
0.331512,0.799978,1.51338e+06,229156,1.74254e+06,0.672536
0.331968,0.799978,1.51582e+06,228725,1.74454e+06,0.672576
0.332424,0.799978,1.51825e+06,228295,1.74655e+06,0.672616
0.33288,0.799978,1.52069e+06,227867,1.74856e+06,0.672656
0.333336,0.799978,1.52313e+06,227440,1.75057e+06,0.672696
0.333792,0.799978,1.52557e+06,227015,1.75259e+06,0.672737
0.334248,0.799978,1.52802e+06,226591,1.75461e+06,0.672777
0.334704,0.799978,1.53047e+06,226168,1.75664e+06,0.672817
0.33516,0.799978,1.53292e+06,225747,1.75867e+06,0.672857
0.335616,0.799978,1.53538e+06,225327,1.7607e+06,0.672897
0.336072,0.799978,1.53783e+06,224909,1.76274e+06,0.672937
0.336528,0.799978,1.54029e+06,224492,1.76479e+06,0.672977
0.336984,0.799978,1.54276e+06,224076,1.76683e+06,0.673017
0.33744,0.799978,1.54522e+06,223662,1.76889e+06,0.673056
0.337896,0.799978,1.54769e+06,223249,1.77094e+06,0.673096
0.338352,0.799978,1.55016e+06,222838,1.773e+06,0.673136
0.338808,0.799978,1.55264e+06,222428,1.77507e+06,0.673176
0.339264,0.799978,1.55512e+06,222019,1.77714e+06,0.673216
0.33972,0.799978,1.5576e+06,221611,1.77921e+06,0.673256
0.340176,0.799978,1.56008e+06,221205,1.78128e+06,0.673296
0.340632,0.799978,1.56257e+06,220800,1.78337e+06,0.673335
0.341088,0.799978,1.56505e+06,220396,1.78545e+06,0.673375
0.341544,0.799978,1.56755e+06,219994,1.78754e+06,0.673415
0.342,0.799978,1.57004e+06,219593,1.78963e+06,0.673455
0.342456,0.799978,1.57254e+06,219194,1.79173e+06,0.673495
0.342912,0.799978,1.57504e+06,218795,1.79383e+06,0.673534
0.343368,0.799978,1.57754e+06,218398,1.79594e+06,0.673574
0.343824,0.799978,1.58005e+06,218002,1.79805e+06,0.673614
0.34428,0.799978,1.58255e+06,217608,1.80016e+06,0.673653
0.344736,0.799978,1.58507e+06,217214,1.80228e+06,0.673693
0.345192,0.799978,1.58758e+06,216822,1.8044e+06,0.673733
0.345648,0.799978,1.5901e+06,216432,1.80653e+06,0.673772
0.346104,0.799978,1.59262e+06,216042,1.80866e+06,0.673812
0.34656,0.799978,1.59514e+06,215654,1.81079e+06,0.673851
0.347016,0.799978,1.59767e+06,215267,1.81293e+06,0.673891
0.347472,0.799978,1.60019e+06,214881,1.81508e+06,0.67393
0.347928,0.799978,1.60273e+06,214497,1.81722e+06,0.67397
0.348384,0.799978,1.60526e+06,214113,1.81937e+06,0.674009
0.34884,0.799978,1.6078e+06,213731,1.82153e+06,0.674049
0.349296,0.799978,1.61034e+06,213350,1.82369e+06,0.674088
0.349752,0.799978,1.61288e+06,212970,1.82585e+06,0.674128
0.350208,0.799978,1.61542e+06,212592,1.82802e+06,0.674167
0.350664,0.799978,1.61797e+06,212214,1.83019e+06,0.674207
0.35112,0.799978,1.62052e+06,211838,1.83236e+06,0.674246
0.351576,0.799978,1.62308e+06,211463,1.83454e+06,0.674285
0.352032,0.799978,1.62563e+06,211090,1.83672e+06,0.674325
0.352488,0.799978,1.62819e+06,210717,1.83891e+06,0.674364
0.352944,0.799978,1.63076e+06,210346,1.8411e+06,0.674403
0.3534,0.799978,1.63332e+06,209975,1.8433e+06,0.674443
0.353856,0.799978,1.63589e+06,209606,1.8455e+06,0.674482
0.354312,0.799978,1.63846e+06,209238,1.8477e+06,0.674521
0.354768,0.799978,1.64104e+06,208871,1.84991e+06,0.67456
0.355224,0.799978,1.64361e+06,208506,1.85212e+06,0.6746
0.35568,0.799978,1.64619e+06,208141,1.85433e+06,0.674639
0.356136,0.799978,1.64878e+06,207778,1.85655e+06,0.674678
0.356592,0.799978,1.65136e+06,207415,1.85878e+06,0.674717
0.357048,0.799978,1.65395e+06,207054,1.861e+06,0.674756
0.357504,0.799978,1.65654e+06,206694,1.86324e+06,0.674796
0.35796,0.799978,1.65914e+06,206335,1.86547e+06,0.674835
0.358416,0.799978,1.66173e+06,205977,1.86771e+06,0.674874
0.358872,0.799978,1.66433e+06,205621,1.86995e+06,0.674913
0.359328,0.799978,1.66694e+06,205265,1.8722e+06,0.674952
0.359784,0.799978,1.66954e+06,204910,1.87445e+06,0.674991
0.36024,0.799977,1.67215e+06,204557,1.87671e+06,0.67503
0.360696,0.799977,1.67476e+06,204205,1.87897e+06,0.675069
0.361152,0.799977,1.67738e+06,203853,1.88123e+06,0.675108
0.361608,0.799977,1.67999e+06,203503,1.8835e+06,0.675147
0.362064,0.799977,1.68261e+06,203154,1.88577e+06,0.675186
0.36252,0.799977,1.68524e+06,202806,1.88804e+06,0.675225
0.362976,0.799977,1.68786e+06,202459,1.89032e+06,0.675264
0.363432,0.799977,1.69049e+06,202113,1.8926e+06,0.675303
0.363888,0.799977,1.69312e+06,201768,1.89489e+06,0.675342
0.364344,0.799977,1.69576e+06,201424,1.89718e+06,0.675381
0.3648,0.799977,1.69839e+06,201081,1.89948e+06,0.675419
0.365256,0.799977,1.70104e+06,200739,1.90177e+06,0.675458
0.365712,0.799977,1.70368e+06,200398,1.90408e+06,0.675497
0.366168,0.799977,1.70632e+06,200059,1.90638e+06,0.675536
0.366624,0.799977,1.70897e+06,199720,1.90869e+06,0.675575
0.36708,0.799977,1.71163e+06,199382,1.91101e+06,0.675613
0.367536,0.799977,1.71428e+06,199046,1.91333e+06,0.675652
0.367992,0.799977,1.71694e+06,198710,1.91565e+06,0.675691
0.368448,0.799977,1.7196e+06,198375,1.91797e+06,0.67573
0.368904,0.799977,1.72226e+06,198041,1.9203e+06,0.675768
0.36936,0.799977,1.72493e+06,197709,1.92264e+06,0.675807
0.369816,0.799977,1.7276e+06,197377,1.92498e+06,0.675846
0.370272,0.799977,1.73027e+06,197046,1.92732e+06,0.675884
0.370728,0.799977,1.73295e+06,196717,1.92966e+06,0.675923
0.371184,0.799977,1.73562e+06,196388,1.93201e+06,0.675961
0.37164,0.799977,1.73831e+06,196060,1.93437e+06,0.676
0.372096,0.799977,1.74099e+06,195733,1.93672e+06,0.676039
0.372552,0.799977,1.74368e+06,195408,1.93908e+06,0.676077
0.373008,0.799977,1.74637e+06,195083,1.94145e+06,0.676116
0.373464,0.799977,1.74906e+06,194759,1.94382e+06,0.676154
0.37392,0.799977,1.75176e+06,194436,1.94619e+06,0.676193
0.374376,0.799977,1.75445e+06,194114,1.94857e+06,0.676231
0.374832,0.799977,1.75716e+06,193793,1.95095e+06,0.67627
0.375288,0.799977,1.75986e+06,193473,1.95333e+06,0.676308
0.375744,0.799977,1.76257e+06,193154,1.95572e+06,0.676347
0.3762,0.799977,1.76528e+06,192835,1.95811e+06,0.676385
0.376656,0.799977,1.76799e+06,192518,1.96051e+06,0.676423
0.377112,0.799977,1.77071e+06,192202,1.96291e+06,0.676462
0.377568,0.799977,1.77343e+06,191886,1.96531e+06,0.6765
0.378024,0.799977,1.77615e+06,191572,1.96772e+06,0.676538
0.37848,0.799977,1.77887e+06,191258,1.97013e+06,0.676577
0.378936,0.799977,1.7816e+06,190945,1.97255e+06,0.676615
0.379392,0.799977,1.78433e+06,190634,1.97497e+06,0.676653
0.379848,0.799977,1.78707e+06,190323,1.97739e+06,0.676692
0.380304,0.799977,1.7898e+06,190013,1.97982e+06,0.67673
0.38076,0.799977,1.79254e+06,189704,1.98225e+06,0.676768
0.381216,0.799977,1.79529e+06,189395,1.98468e+06,0.676806
0.381672,0.799977,1.79803e+06,189088,1.98712e+06,0.676845
0.382128,0.799977,1.80078e+06,188782,1.98956e+06,0.676883
0.382584,0.799977,1.80353e+06,188476,1.99201e+06,0.676921
0.38304,0.799977,1.80629e+06,188172,1.99446e+06,0.676959
0.383496,0.799977,1.80904e+06,187868,1.99691e+06,0.676997
0.383952,0.799977,1.8118e+06,187565,1.99937e+06,0.677035
0.384408,0.799977,1.81457e+06,187263,2.00183e+06,0.677073
0.384864,0.799977,1.81733e+06,186962,2.00429e+06,0.677112
0.38532,0.799977,1.8201e+06,186661,2.00676e+06,0.67715
0.385776,0.799977,1.82287e+06,186362,2.00924e+06,0.677188
0.386232,0.799977,1.82565e+06,186063,2.01171e+06,0.677226
0.386688,0.799977,1.82843e+06,185766,2.01419e+06,0.677264
0.387144,0.799977,1.83121e+06,185469,2.01668e+06,0.677302
0.3876,0.799977,1.83399e+06,185173,2.01916e+06,0.67734
0.388056,0.799977,1.83678e+06,184877,2.02166e+06,0.677378
0.388512,0.799977,1.83957e+06,184583,2.02415e+06,0.677416
0.388968,0.799977,1.84236e+06,184289,2.02665e+06,0.677454
0.389424,0.799977,1.84516e+06,183997,2.02915e+06,0.677491
0.38988,0.799977,1.84796e+06,183705,2.03166e+06,0.677529
0.390336,0.799977,1.85076e+06,183414,2.03417e+06,0.677567
0.390792,0.799976,1.85356e+06,183124,2.03669e+06,0.677605
0.391248,0.799976,1.85637e+06,182834,2.0392e+06,0.677643
0.391704,0.799976,1.85918e+06,182546,2.04173e+06,0.677681
0.39216,0.799976,1.86199e+06,182258,2.04425e+06,0.677719
0.392616,0.799976,1.86481e+06,181971,2.04678e+06,0.677756
0.393072,0.799976,1.86763e+06,181685,2.04932e+06,0.677794
0.393528,0.799976,1.87045e+06,181399,2.05185e+06,0.677832
0.393984,0.799976,1.87328e+06,181115,2.05439e+06,0.67787
0.39444,0.799976,1.87611e+06,180831,2.05694e+06,0.677907
0.394896,0.799976,1.87894e+06,180548,2.05949e+06,0.677945
0.395352,0.799976,1.88177e+06,180266,2.06204e+06,0.677983
0.395808,0.799976,1.88461e+06,179984,2.06459e+06,0.67802
0.396264,0.799976,1.88745e+06,179703,2.06715e+06,0.678058
0.39672,0.799976,1.89029e+06,179424,2.06972e+06,0.678096
0.397176,0.799976,1.89314e+06,179144,2.07229e+06,0.678133
0.397632,0.799976,1.89599e+06,178866,2.07486e+06,0.678171
0.398088,0.799976,1.89884e+06,178589,2.07743e+06,0.678208
0.398544,0.799976,1.9017e+06,178312,2.08001e+06,0.678246
0.399,0.799976,1.90456e+06,178036,2.08259e+06,0.678284
0.399456,0.799976,1.90742e+06,177761,2.08518e+06,0.678321
0.399912,0.799976,1.91028e+06,177486,2.08777e+06,0.678359
0.400368,0.799976,1.91315e+06,177212,2.09036e+06,0.678396
0.400824,0.799976,1.91602e+06,176939,2.09296e+06,0.678434
0.40128,0.799976,1.91889e+06,176667,2.09556e+06,0.678471
0.401736,0.799976,1.92177e+06,176396,2.09816e+06,0.678509
0.402192,0.799976,1.92465e+06,176125,2.10077e+06,0.678546
0.402648,0.799976,1.92753e+06,175855,2.10339e+06,0.678583
0.403104,0.799976,1.93042e+06,175585,2.106e+06,0.678621
0.40356,0.799976,1.9333e+06,175317,2.10862e+06,0.678658
0.404016,0.799976,1.9362e+06,175049,2.11124e+06,0.678695
0.404472,0.799976,1.93909e+06,174782,2.11387e+06,0.678733
0.404928,0.799976,1.94199e+06,174516,2.1165e+06,0.67877
0.405384,0.799976,1.94489e+06,174250,2.11914e+06,0.678807
0.40584,0.799976,1.94779e+06,173985,2.12178e+06,0.678845
0.406296,0.799976,1.9507e+06,173721,2.12442e+06,0.678882
0.406752,0.799976,1.95361e+06,173457,2.12706e+06,0.678919
0.407208,0.799976,1.95652e+06,173195,2.12971e+06,0.678957
0.407664,0.799976,1.95943e+06,172932,2.13237e+06,0.678994
0.40812,0.799976,1.96235e+06,172671,2.13502e+06,0.679031
0.408576,0.799976,1.96527e+06,172410,2.13768e+06,0.679068
0.409032,0.799976,1.9682e+06,172151,2.14035e+06,0.679105
0.409488,0.799976,1.97113e+06,171891,2.14302e+06,0.679142
0.409944,0.799976,1.97406e+06,171633,2.14569e+06,0.67918
0.4104,0.799976,1.97699e+06,171375,2.14836e+06,0.679217
0.410856,0.799976,1.97993e+06,171118,2.15104e+06,0.679254
0.411312,0.799976,1.98287e+06,170861,2.15373e+06,0.679291
0.411768,0.799976,1.98581e+06,170605,2.15641e+06,0.679328
0.412224,0.799976,1.98875e+06,170350,2.1591e+06,0.679365
0.41268,0.799976,1.9917e+06,170096,2.1618e+06,0.679402
0.413136,0.799976,1.99465e+06,169842,2.1645e+06,0.679439
0.413592,0.799976,1.99761e+06,169589,2.1672e+06,0.679476
0.414048,0.799976,2.00057e+06,169336,2.1699e+06,0.679513
0.414504,0.799976,2.00353e+06,169085,2.17261e+06,0.67955
0.41496,0.799976,2.00649e+06,168834,2.17532e+06,0.679587
0.415416,0.799976,2.00946e+06,168583,2.17804e+06,0.679624
0.415872,0.799976,2.01243e+06,168333,2.18076e+06,0.679661
0.416328,0.799976,2.0154e+06,168084,2.18348e+06,0.679698
0.416784,0.799976,2.01838e+06,167836,2.18621e+06,0.679735
0.41724,0.799976,2.02135e+06,167588,2.18894e+06,0.679772
0.417696,0.799976,2.02434e+06,167341,2.19168e+06,0.679808
0.418152,0.799976,2.02732e+06,167094,2.19442e+06,0.679845
0.418608,0.799976,2.03031e+06,166849,2.19716e+06,0.679882
0.419064,0.799976,2.0333e+06,166603,2.1999e+06,0.679919
0.41952,0.799975,2.03629e+06,166359,2.20265e+06,0.679956
0.419976,0.799975,2.03929e+06,166115,2.20541e+06,0.679992
0.420432,0.799975,2.04229e+06,165872,2.20816e+06,0.680029
0.420888,0.799975,2.0453e+06,165629,2.21092e+06,0.680066
0.421344,0.799975,2.0483e+06,165387,2.21369e+06,0.680103
0.4218,0.799975,2.05131e+06,165145,2.21646e+06,0.680139
0.422256,0.799975,2.05432e+06,164905,2.21923e+06,0.680176
0.422712,0.799975,2.05734e+06,164665,2.222e+06,0.680213
0.423168,0.799975,2.06036e+06,164425,2.22478e+06,0.680249
0.423624,0.799975,2.06338e+06,164186,2.22756e+06,0.680286
0.42408,0.799975,2.0664e+06,163948,2.23035e+06,0.680323
0.424536,0.799975,2.06943e+06,163710,2.23314e+06,0.680359
0.424992,0.799975,2.07246e+06,163473,2.23593e+06,0.680396
0.425448,0.799975,2.07549e+06,163237,2.23873e+06,0.680432
0.425904,0.799975,2.07853e+06,163001,2.24153e+06,0.680469
0.42636,0.799975,2.08157e+06,162766,2.24434e+06,0.680505
0.426816,0.799975,2.08461e+06,162531,2.24715e+06,0.680542
0.427272,0.799975,2.08766e+06,162297,2.24996e+06,0.680578
0.427728,0.799975,2.09071e+06,162064,2.25277e+06,0.680615
0.428184,0.799975,2.09376e+06,161831,2.25559e+06,0.680651
0.42864,0.799975,2.09682e+06,161599,2.25841e+06,0.680688
0.429096,0.799975,2.09987e+06,161367,2.26124e+06,0.680724
0.429552,0.799975,2.10294e+06,161136,2.26407e+06,0.680761
0.430008,0.799975,2.106e+06,160906,2.26691e+06,0.680797
0.430464,0.799975,2.10907e+06,160676,2.26974e+06,0.680834
0.43092,0.799975,2.11214e+06,160447,2.27258e+06,0.68087
0.431376,0.799975,2.11521e+06,160218,2.27543e+06,0.680906
0.431832,0.799975,2.11829e+06,159990,2.27828e+06,0.680943
0.432288,0.799975,2.12137e+06,159762,2.28113e+06,0.680979
0.432744,0.799975,2.12445e+06,159535,2.28398e+06,0.681015
0.4332,0.799975,2.12754e+06,159309,2.28684e+06,0.681052
0.433656,0.799975,2.13062e+06,159083,2.28971e+06,0.681088
0.434112,0.799975,2.13372e+06,158858,2.29257e+06,0.681124
0.434568,0.799975,2.13681e+06,158633,2.29544e+06,0.68116
0.435024,0.799975,2.13991e+06,158409,2.29832e+06,0.681196
0.43548,0.799975,2.14301e+06,158186,2.3012e+06,0.681233
0.435936,0.799975,2.14611e+06,157963,2.30408e+06,0.681269
0.436392,0.799975,2.14922e+06,157740,2.30696e+06,0.681305
0.436848,0.799975,2.15233e+06,157518,2.30985e+06,0.681341
0.437304,0.799975,2.15545e+06,157297,2.31274e+06,0.681377
0.43776,0.799975,2.15856e+06,157076,2.31564e+06,0.681413
0.438216,0.799975,2.16168e+06,156856,2.31854e+06,0.68145
0.438672,0.799975,2.1648e+06,156637,2.32144e+06,0.681486
0.439128,0.799975,2.16793e+06,156417,2.32435e+06,0.681522
0.439584,0.799975,2.17106e+06,156199,2.32726e+06,0.681558
0.44004,0.799975,2.17419e+06,155981,2.33017e+06,0.681594
0.440496,0.799975,2.17733e+06,155763,2.33309e+06,0.68163
0.440952,0.799975,2.18046e+06,155547,2.33601e+06,0.681666
0.441408,0.799975,2.18361e+06,155330,2.33894e+06,0.681702
0.441864,0.799975,2.18675e+06,155114,2.34186e+06,0.681738
0.44232,0.799975,2.1899e+06,154899,2.3448e+06,0.681774
0.442776,0.799975,2.19305e+06,154684,2.34773e+06,0.68181
0.443232,0.799975,2.1962e+06,154470,2.35067e+06,0.681846
0.443688,0.799975,2.19936e+06,154256,2.35361e+06,0.681882
0.444144,0.799975,2.20252e+06,154043,2.35656e+06,0.681917
0.4446,0.799975,2.20568e+06,153831,2.35951e+06,0.681953
0.445056,0.799975,2.20885e+06,153618,2.36247e+06,0.681989
0.445512,0.799975,2.21202e+06,153407,2.36542e+06,0.682025
0.445968,0.799974,2.21519e+06,153196,2.36838e+06,0.682061
0.446424,0.799974,2.21836e+06,152985,2.37135e+06,0.682097
0.44688,0.799974,2.22154e+06,152775,2.37432e+06,0.682132
0.447336,0.799974,2.22472e+06,152566,2.37729e+06,0.682168
0.447792,0.799974,2.22791e+06,152357,2.38026e+06,0.682204
0.448248,0.799974,2.2311e+06,152148,2.38324e+06,0.68224
0.448704,0.799974,2.23429e+06,151940,2.38623e+06,0.682275
0.44916,0.799974,2.23748e+06,151733,2.38921e+06,0.682311
0.449616,0.799974,2.24068e+06,151526,2.3922e+06,0.682347
0.450072,0.799974,2.24388e+06,151319,2.3952e+06,0.682383
0.450528,0.799974,2.24708e+06,151113,2.39819e+06,0.682418
0.450984,0.799974,2.25029e+06,150908,2.40119e+06,0.682454
0.45144,0.799974,2.2535e+06,150703,2.4042e+06,0.682489
0.451896,0.799974,2.25671e+06,150498,2.40721e+06,0.682525
0.452352,0.799974,2.25992e+06,150294,2.41022e+06,0.682561
0.452808,0.799974,2.26314e+06,150091,2.41323e+06,0.682596
0.453264,0.799974,2.26637e+06,149888,2.41625e+06,0.682632
0.45372,0.799974,2.26959e+06,149685,2.41928e+06,0.682667
0.454176,0.799974,2.27282e+06,149483,2.4223e+06,0.682703
0.454632,0.799974,2.27605e+06,149281,2.42533e+06,0.682738
0.455088,0.799974,2.27928e+06,149080,2.42836e+06,0.682774
0.455544,0.799974,2.28252e+06,148880,2.4314e+06,0.682809
0.456,0.799974,2.28576e+06,148680,2.43444e+06,0.682845
0.456456,0.799974,2.28901e+06,148480,2.43749e+06,0.68288
0.456912,0.799974,2.29225e+06,148281,2.44053e+06,0.682916
0.457368,0.799974,2.2955e+06,148082,2.44358e+06,0.682951
0.457824,0.799974,2.29876e+06,147884,2.44664e+06,0.682987
0.45828,0.799974,2.30201e+06,147686,2.4497e+06,0.683022
0.458736,0.799974,2.30527e+06,147489,2.45276e+06,0.683057
0.459192,0.799974,2.30853e+06,147292,2.45583e+06,0.683093
0.459648,0.799974,2.3118e+06,147096,2.4589e+06,0.683128
0.460104,0.799974,2.31507e+06,146900,2.46197e+06,0.683163
0.46056,0.799974,2.31834e+06,146705,2.46504e+06,0.683199
0.461016,0.799974,2.32161e+06,146510,2.46812e+06,0.683234
0.461472,0.799974,2.32489e+06,146316,2.47121e+06,0.683269
0.461928,0.799974,2.32817e+06,146122,2.4743e+06,0.683305
0.462384,0.799974,2.33146e+06,145928,2.47739e+06,0.68334
0.46284,0.799974,2.33475e+06,145735,2.48048e+06,0.683375
0.463296,0.799974,2.33804e+06,145542,2.48358e+06,0.68341
0.463752,0.799974,2.34133e+06,145350,2.48668e+06,0.683445
0.464208,0.799974,2.34463e+06,145159,2.48979e+06,0.683481
0.464664,0.799974,2.34793e+06,144967,2.49289e+06,0.683516
0.46512,0.799974,2.35123e+06,144776,2.49601e+06,0.683551
0.465576,0.799974,2.35454e+06,144586,2.49912e+06,0.683586
0.466032,0.799974,2.35785e+06,144396,2.50224e+06,0.683621
0.466488,0.799974,2.36116e+06,144207,2.50537e+06,0.683656
0.466944,0.799974,2.36447e+06,144018,2.50849e+06,0.683691
0.4674,0.799974,2.36779e+06,143829,2.51162e+06,0.683726
0.467856,0.799974,2.37112e+06,143641,2.51476e+06,0.683761
0.468312,0.799974,2.37444e+06,143453,2.51789e+06,0.683797
0.468768,0.799974,2.37777e+06,143266,2.52104e+06,0.683832
0.469224,0.799974,2.3811e+06,143079,2.52418e+06,0.683867
0.46968,0.799974,2.38444e+06,142893,2.52733e+06,0.683902
0.470136,0.799973,2.38777e+06,142707,2.53048e+06,0.683936
0.470592,0.799973,2.39111e+06,142521,2.53364e+06,0.683971
0.471048,0.799973,2.39446e+06,142336,2.53679e+06,0.684006
0.471504,0.799973,2.39781e+06,142152,2.53996e+06,0.684041
0.47196,0.799973,2.40116e+06,141967,2.54312e+06,0.684076
0.472416,0.799973,2.40451e+06,141784,2.54629e+06,0.684111
0.472872,0.799973,2.40787e+06,141600,2.54947e+06,0.684146
0.473328,0.799973,2.41123e+06,141417,2.55264e+06,0.684181
0.473784,0.799973,2.41459e+06,141235,2.55582e+06,0.684216
0.47424,0.799973,2.41796e+06,141053,2.55901e+06,0.684251
0.474696,0.799973,2.42132e+06,140871,2.5622e+06,0.684285
0.475152,0.799973,2.4247e+06,140690,2.56539e+06,0.68432
0.475608,0.799973,2.42807e+06,140509,2.56858e+06,0.684355
0.476064,0.799973,2.43145e+06,140328,2.57178e+06,0.68439
0.47652,0.799973,2.43483e+06,140148,2.57498e+06,0.684424
0.476976,0.799973,2.43822e+06,139969,2.57819e+06,0.684459
0.477432,0.799973,2.44161e+06,139789,2.5814e+06,0.684494
0.477888,0.799973,2.445e+06,139611,2.58461e+06,0.684529
0.478344,0.799973,2.44839e+06,139432,2.58782e+06,0.684563
0.4788,0.799973,2.45179e+06,139254,2.59104e+06,0.684598
0.479256,0.799973,2.45519e+06,139077,2.59427e+06,0.684633
0.479712,0.799973,2.4586e+06,138899,2.59749e+06,0.684667
0.480168,0.799973,2.462e+06,138723,2.60072e+06,0.684702
0.480624,0.799973,2.46541e+06,138546,2.60396e+06,0.684736
0.48108,0.799973,2.46883e+06,138370,2.6072e+06,0.684771
0.481536,0.799973,2.47224e+06,138195,2.61044e+06,0.684806
0.481992,0.799973,2.47566e+06,138020,2.61368e+06,0.68484
0.482448,0.799973,2.47909e+06,137845,2.61693e+06,0.684875
0.482904,0.799973,2.48251e+06,137670,2.62018e+06,0.684909
0.48336,0.799973,2.48594e+06,137496,2.62344e+06,0.684944
0.483816,0.799973,2.48937e+06,137323,2.6267e+06,0.684978
0.484272,0.799973,2.49281e+06,137150,2.62996e+06,0.685013
0.484728,0.799973,2.49625e+06,136977,2.63323e+06,0.685047
0.485184,0.799973,2.49969e+06,136804,2.6365e+06,0.685082
0.48564,0.799973,2.50314e+06,136632,2.63977e+06,0.685116
0.486096,0.799973,2.50658e+06,136461,2.64305e+06,0.685151
0.486552,0.799973,2.51004e+06,136289,2.64633e+06,0.685185
0.487008,0.799973,2.51349e+06,136119,2.64961e+06,0.685219
0.487464,0.799973,2.51695e+06,135948,2.6529e+06,0.685254
0.48792,0.799973,2.52041e+06,135778,2.65619e+06,0.685288
0.488376,0.799973,2.52387e+06,135608,2.65948e+06,0.685322
0.488832,0.799973,2.52734e+06,135439,2.66278e+06,0.685357
0.489288,0.799973,2.53081e+06,135270,2.66608e+06,0.685391
0.489744,0.799973,2.53429e+06,135101,2.66939e+06,0.685425
0.4902,0.799973,2.53776e+06,134933,2.6727e+06,0.68546
0.490656,0.799973,2.54124e+06,134765,2.67601e+06,0.685494
0.491112,0.799973,2.54473e+06,134598,2.67933e+06,0.685528
0.491568,0.799973,2.54821e+06,134431,2.68264e+06,0.685562
0.492024,0.799973,2.5517e+06,134264,2.68597e+06,0.685597
0.49248,0.799973,2.5552e+06,134098,2.68929e+06,0.685631
0.492936,0.799973,2.55869e+06,133932,2.69262e+06,0.685665
0.493392,0.799972,2.56219e+06,133766,2.69596e+06,0.685699
0.493848,0.799972,2.56569e+06,133601,2.6993e+06,0.685733
0.494304,0.799972,2.5692e+06,133436,2.70264e+06,0.685767
0.49476,0.799972,2.57271e+06,133271,2.70598e+06,0.685801
0.495216,0.799972,2.57622e+06,133107,2.70933e+06,0.685836
0.495672,0.799972,2.57974e+06,132943,2.71268e+06,0.68587
0.496128,0.799972,2.58326e+06,132780,2.71604e+06,0.685904
0.496584,0.799972,2.58678e+06,132617,2.71939e+06,0.685938
0.49704,0.799972,2.5903e+06,132454,2.72276e+06,0.685972
0.497496,0.799972,2.59383e+06,132292,2.72612e+06,0.686006
0.497952,0.799972,2.59736e+06,132129,2.72949e+06,0.68604
0.498408,0.799972,2.6009e+06,131968,2.73286e+06,0.686074
0.498864,0.799972,2.60443e+06,131807,2.73624e+06,0.686108
0.49932,0.799972,2.60797e+06,131646,2.73962e+06,0.686142
0.499776,0.799972,2.61152e+06,131485,2.743e+06,0.686176
0.500232,0.799972,2.61507e+06,131325,2.74639e+06,0.68621
0.500688,0.799972,2.61862e+06,131165,2.74978e+06,0.686244
0.501144,0.799972,2.62217e+06,131005,2.75317e+06,0.686278
0.5016,0.799972,2.62573e+06,130846,2.75657e+06,0.686311
0.502056,0.799972,2.62929e+06,130687,2.75997e+06,0.686345
0.502512,0.799972,2.63285e+06,130529,2.76338e+06,0.686379
0.502968,0.799972,2.63642e+06,130370,2.76679e+06,0.686413
0.503424,0.799972,2.63999e+06,130213,2.7702e+06,0.686447
0.50388,0.799972,2.64356e+06,130055,2.77361e+06,0.686481
0.504336,0.799972,2.64713e+06,129898,2.77703e+06,0.686514
0.504792,0.799972,2.65071e+06,129741,2.78046e+06,0.686548
0.505248,0.799972,2.6543e+06,129585,2.78388e+06,0.686582
0.505704,0.799972,2.65788e+06,129428,2.78731e+06,0.686616
0.50616,0.799972,2.66147e+06,129273,2.79074e+06,0.68665
0.506616,0.799972,2.66506e+06,129117,2.79418e+06,0.686683
0.507072,0.799972,2.66866e+06,128962,2.79762e+06,0.686717
0.507528,0.799972,2.67226e+06,128807,2.80106e+06,0.686751
0.507984,0.799972,2.67586e+06,128653,2.80451e+06,0.686784
0.50844,0.799972,2.67946e+06,128499,2.80796e+06,0.686818
0.508896,0.799972,2.68307e+06,128345,2.81142e+06,0.686852
0.509352,0.799972,2.68668e+06,128191,2.81487e+06,0.686885
0.509808,0.799972,2.6903e+06,128038,2.81834e+06,0.686919
0.510264,0.799972,2.69392e+06,127885,2.8218e+06,0.686952
0.51072,0.799972,2.69754e+06,127733,2.82527e+06,0.686986
0.511176,0.799972,2.70116e+06,127581,2.82874e+06,0.68702
0.511632,0.799972,2.70479e+06,127429,2.83222e+06,0.687053
0.512088,0.799972,2.70842e+06,127277,2.8357e+06,0.687087
0.512544,0.799972,2.71205e+06,127126,2.83918e+06,0.68712
0.513,0.799972,2.71569e+06,126975,2.84266e+06,0.687154
0.513456,0.799972,2.71933e+06,126824,2.84615e+06,0.687187
0.513912,0.799972,2.72297e+06,126674,2.84965e+06,0.687221
0.514368,0.799972,2.72662e+06,126524,2.85314e+06,0.687254
0.514824,0.799971,2.73027e+06,126375,2.85664e+06,0.687288
0.51528,0.799971,2.73392e+06,126225,2.86015e+06,0.687321
0.515736,0.799971,2.73758e+06,126076,2.86366e+06,0.687354
0.516192,0.799971,2.74124e+06,125928,2.86717e+06,0.687388
0.516648,0.799971,2.7449e+06,125779,2.87068e+06,0.687421
0.517104,0.799971,2.74857e+06,125631,2.8742e+06,0.687455
0.51756,0.799971,2.75224e+06,125484,2.87772e+06,0.687488
0.518016,0.799971,2.75591e+06,125336,2.88125e+06,0.687521
0.518472,0.799971,2.75959e+06,125189,2.88477e+06,0.687555
0.518928,0.799971,2.76326e+06,125042,2.88831e+06,0.687588
0.519384,0.799971,2.76695e+06,124896,2.89184e+06,0.687621
0.51984,0.799971,2.77063e+06,124750,2.89538e+06,0.687654
0.520296,0.799971,2.77432e+06,124604,2.89892e+06,0.687688
0.520752,0.799971,2.77801e+06,124458,2.90247e+06,0.687721
0.521208,0.799971,2.78171e+06,124313,2.90602e+06,0.687754
0.521664,0.799971,2.78541e+06,124168,2.90957e+06,0.687787
0.52212,0.799971,2.78911e+06,124023,2.91313e+06,0.687821
0.522576,0.799971,2.79281e+06,123879,2.91669e+06,0.687854
0.523032,0.799971,2.79652e+06,123735,2.92026e+06,0.687887
0.523488,0.799971,2.80023e+06,123591,2.92382e+06,0.68792
0.523944,0.799971,2.80395e+06,123448,2.92739e+06,0.687953
0.5244,0.799971,2.80766e+06,123304,2.93097e+06,0.687986
0.524856,0.799971,2.81138e+06,123161,2.93455e+06,0.688019
0.525312,0.799971,2.81511e+06,123019,2.93813e+06,0.688053
0.525768,0.799971,2.81884e+06,122877,2.94171e+06,0.688086
0.526224,0.799971,2.82257e+06,122735,2.9453e+06,0.688119
0.52668,0.799971,2.8263e+06,122593,2.94889e+06,0.688152
0.527136,0.799971,2.83004e+06,122451,2.95249e+06,0.688185
0.527592,0.799971,2.83378e+06,122310,2.95609e+06,0.688218
0.528048,0.799971,2.83752e+06,122170,2.95969e+06,0.688251
0.528504,0.799971,2.84127e+06,122029,2.9633e+06,0.688284
0.52896,0.799971,2.84502e+06,121889,2.96691e+06,0.688317
0.529416,0.799971,2.84877e+06,121749,2.97052e+06,0.68835
0.529872,0.799971,2.85253e+06,121609,2.97414e+06,0.688383
0.530328,0.799971,2.85629e+06,121470,2.97776e+06,0.688416
0.530784,0.799971,2.86005e+06,121331,2.98138e+06,0.688449
0.53124,0.799971,2.86382e+06,121192,2.98501e+06,0.688481
0.531696,0.799971,2.86759e+06,121053,2.98864e+06,0.688514
0.532152,0.799971,2.87136e+06,120915,2.99227e+06,0.688547
0.532608,0.799971,2.87514e+06,120777,2.99591e+06,0.68858
0.533064,0.799971,2.87891e+06,120639,2.99955e+06,0.688613
0.53352,0.799971,2.8827e+06,120502,3.0032e+06,0.688646
0.533976,0.799971,2.88648e+06,120365,3.00685e+06,0.688679
0.534432,0.799971,2.89027e+06,120228,3.0105e+06,0.688711
0.534888,0.799971,2.89406e+06,120092,3.01415e+06,0.688744
0.535344,0.79997,2.89786e+06,119955,3.01781e+06,0.688777
0.5358,0.79997,2.90166e+06,119819,3.02148e+06,0.68881
0.536256,0.79997,2.90546e+06,119683,3.02514e+06,0.688842
0.536712,0.79997,2.90926e+06,119548,3.02881e+06,0.688875
0.537168,0.79997,2.91307e+06,119413,3.03249e+06,0.688908
0.537624,0.79997,2.91688e+06,119278,3.03616e+06,0.68894
0.53808,0.79997,2.9207e+06,119143,3.03984e+06,0.688973
0.538536,0.79997,2.92452e+06,119009,3.04353e+06,0.689006
0.538992,0.79997,2.92834e+06,118875,3.04721e+06,0.689038
0.539448,0.79997,2.93216e+06,118741,3.0509e+06,0.689071
0.539904,0.79997,2.93599e+06,118607,3.0546e+06,0.689104
0.54036,0.79997,2.93982e+06,118474,3.0583e+06,0.689136
0.540816,0.79997,2.94366e+06,118341,3.062e+06,0.689169
0.541272,0.79997,2.94749e+06,118208,3.0657e+06,0.689201
0.541728,0.79997,2.95134e+06,118076,3.06941e+06,0.689234
0.542184,0.79997,2.95518e+06,117944,3.07312e+06,0.689267
0.54264,0.79997,2.95903e+06,117812,3.07684e+06,0.689299
0.543096,0.79997,2.96288e+06,117680,3.08056e+06,0.689332
0.543552,0.79997,2.96673e+06,117549,3.08428e+06,0.689364
0.544008,0.79997,2.97059e+06,117417,3.08801e+06,0.689397
0.544464,0.79997,2.97445e+06,117286,3.09174e+06,0.689429
0.54492,0.79997,2.97831e+06,117156,3.09547e+06,0.689462
0.545376,0.79997,2.98218e+06,117025,3.0992e+06,0.689494
0.545832,0.79997,2.98605e+06,116895,3.10295e+06,0.689526
0.546288,0.79997,2.98992e+06,116765,3.10669e+06,0.689559
0.546744,0.79997,2.9938e+06,116636,3.11044e+06,0.689591
0.5472,0.79997,2.99768e+06,116506,3.11419e+06,0.689624
0.547656,0.79997,3.00156e+06,116377,3.11794e+06,0.689656
0.548112,0.79997,3.00545e+06,116249,3.1217e+06,0.689688
0.548568,0.79997,3.00934e+06,116120,3.12546e+06,0.689721
0.549024,0.79997,3.01323e+06,115992,3.12922e+06,0.689753
0.54948,0.79997,3.01713e+06,115864,3.13299e+06,0.689785
0.549936,0.79997,3.02103e+06,115736,3.13676e+06,0.689818
0.550392,0.79997,3.02493e+06,115608,3.14054e+06,0.68985
0.550848,0.79997,3.02884e+06,115481,3.14432e+06,0.689882
0.551304,0.79997,3.03275e+06,115354,3.1481e+06,0.689914
0.55176,0.79997,3.03666e+06,115227,3.15189e+06,0.689947
0.552216,0.79997,3.04057e+06,115100,3.15567e+06,0.689979
0.552672,0.79997,3.04449e+06,114974,3.15947e+06,0.690011
0.553128,0.79997,3.04842e+06,114848,3.16326e+06,0.690043
0.553584,0.79997,3.05234e+06,114722,3.16706e+06,0.690075
0.55404,0.79997,3.05627e+06,114597,3.17087e+06,0.690108
0.554496,0.79997,3.0602e+06,114471,3.17467e+06,0.69014
0.554952,0.799969,3.06414e+06,114346,3.17848e+06,0.690172
0.555408,0.799969,3.06808e+06,114221,3.1823e+06,0.690204
0.555864,0.799969,3.07202e+06,114097,3.18611e+06,0.690236
0.55632,0.799969,3.07596e+06,113972,3.18994e+06,0.690268
0.556776,0.799969,3.07991e+06,113848,3.19376e+06,0.6903
0.557232,0.799969,3.08386e+06,113724,3.19759e+06,0.690332
0.557688,0.799969,3.08782e+06,113601,3.20142e+06,0.690364
0.558144,0.799969,3.09178e+06,113477,3.20525e+06,0.690396
0.5586,0.799969,3.09574e+06,113354,3.20909e+06,0.690428
0.559056,0.799969,3.0997e+06,113231,3.21293e+06,0.69046
0.559512,0.799969,3.10367e+06,113108,3.21678e+06,0.690492
0.559968,0.799969,3.10764e+06,112986,3.22063e+06,0.690524
0.560424,0.799969,3.11162e+06,112864,3.22448e+06,0.690556
0.56088,0.799969,3.11559e+06,112742,3.22834e+06,0.690588
0.561336,0.799969,3.11958e+06,112620,3.2322e+06,0.69062
0.561792,0.799969,3.12356e+06,112499,3.23606e+06,0.690652
0.562248,0.799969,3.12755e+06,112377,3.23992e+06,0.690684
0.562704,0.799969,3.13154e+06,112256,3.24379e+06,0.690716
0.56316,0.799969,3.13553e+06,112136,3.24767e+06,0.690748
0.563616,0.799969,3.13953e+06,112015,3.25154e+06,0.690779
0.564072,0.799969,3.14353e+06,111895,3.25543e+06,0.690811
0.564528,0.799969,3.14753e+06,111775,3.25931e+06,0.690843
0.564984,0.799969,3.15154e+06,111655,3.2632e+06,0.690875
0.56544,0.799969,3.15555e+06,111535,3.26709e+06,0.690907
0.565896,0.799969,3.15957e+06,111416,3.27098e+06,0.690939
0.566352,0.799969,3.16358e+06,111296,3.27488e+06,0.69097
0.566808,0.799969,3.1676e+06,111177,3.27878e+06,0.691002
0.567264,0.799969,3.17163e+06,111059,3.28269e+06,0.691034
0.56772,0.799969,3.17565e+06,110940,3.28659e+06,0.691065
0.568176,0.799969,3.17968e+06,110822,3.29051e+06,0.691097
0.568632,0.799969,3.18372e+06,110704,3.29442e+06,0.691129
0.569088,0.799969,3.18775e+06,110586,3.29834e+06,0.691161
0.569544,0.799969,3.19179e+06,110469,3.30226e+06,0.691192
0.57,0.799969,3.19584e+06,110351,3.30619e+06,0.691224
0.570456,0.799969,3.19988e+06,110234,3.31012e+06,0.691256
0.570912,0.799969,3.20393e+06,110117,3.31405e+06,0.691287
0.571368,0.799969,3.20799e+06,110000,3.31799e+06,0.691319
0.571824,0.799969,3.21204e+06,109884,3.32193e+06,0.69135
0.57228,0.799969,3.2161e+06,109768,3.32587e+06,0.691382
0.572736,0.799969,3.22017e+06,109652,3.32982e+06,0.691413
0.573192,0.799968,3.22423e+06,109536,3.33377e+06,0.691445
0.573648,0.799968,3.2283e+06,109420,3.33772e+06,0.691477
0.574104,0.799968,3.23237e+06,109305,3.34168e+06,0.691508
0.57456,0.799968,3.23645e+06,109190,3.34564e+06,0.69154
0.575016,0.799968,3.24053e+06,109075,3.3496e+06,0.691571
0.575472,0.799968,3.24461e+06,108960,3.35357e+06,0.691603
0.575928,0.799968,3.2487e+06,108845,3.35754e+06,0.691634
0.576384,0.799968,3.25279e+06,108731,3.36152e+06,0.691665
0.57684,0.799968,3.25688e+06,108617,3.3655e+06,0.691697
0.577296,0.799968,3.26098e+06,108503,3.36948e+06,0.691728
0.577752,0.799968,3.26508e+06,108389,3.37346e+06,0.69176
0.578208,0.799968,3.26918e+06,108276,3.37745e+06,0.691791
0.578664,0.799968,3.27328e+06,108163,3.38145e+06,0.691823
0.57912,0.799968,3.27739e+06,108050,3.38544e+06,0.691854
0.579576,0.799968,3.2815e+06,107937,3.38944e+06,0.691885
0.580032,0.799968,3.28562e+06,107824,3.39344e+06,0.691917
0.580488,0.799968,3.28974e+06,107712,3.39745e+06,0.691948
0.580944,0.799968,3.29386e+06,107600,3.40146e+06,0.691979
0.5814,0.799968,3.29799e+06,107488,3.40547e+06,0.69201
0.581856,0.799968,3.30211e+06,107376,3.40949e+06,0.692042
0.582312,0.799968,3.30625e+06,107264,3.41351e+06,0.692073
0.582768,0.799968,3.31038e+06,107153,3.41753e+06,0.692104
0.583224,0.799968,3.31452e+06,107042,3.42156e+06,0.692136
0.58368,0.799968,3.31866e+06,106931,3.42559e+06,0.692167
0.584136,0.799968,3.32281e+06,106820,3.42963e+06,0.692198
0.584592,0.799968,3.32695e+06,106710,3.43366e+06,0.692229
0.585048,0.799968,3.33111e+06,106599,3.43771e+06,0.69226
0.585504,0.799968,3.33526e+06,106489,3.44175e+06,0.692291
0.58596,0.799968,3.33942e+06,106379,3.4458e+06,0.692323
0.586416,0.799968,3.34358e+06,106269,3.44985e+06,0.692354
0.586872,0.799968,3.34775e+06,106160,3.45391e+06,0.692385
0.587328,0.799968,3.35191e+06,106051,3.45796e+06,0.692416
0.587784,0.799968,3.35608e+06,105941,3.46203e+06,0.692447
0.58824,0.799968,3.36026e+06,105833,3.46609e+06,0.692478
0.588696,0.799968,3.36444e+06,105724,3.47016e+06,0.692509
0.589152,0.799968,3.36862e+06,105615,3.47423e+06,0.69254
0.589608,0.799968,3.3728e+06,105507,3.47831e+06,0.692571
0.590064,0.799968,3.37699e+06,105399,3.48239e+06,0.692602
0.59052,0.799968,3.38118e+06,105291,3.48647e+06,0.692633
0.590976,0.799967,3.38538e+06,105183,3.49056e+06,0.692664
0.591432,0.799967,3.38957e+06,105076,3.49465e+06,0.692695
0.591888,0.799967,3.39377e+06,104968,3.49874e+06,0.692726
0.592344,0.799967,3.39798e+06,104861,3.50284e+06,0.692757
0.5928,0.799967,3.40219e+06,104754,3.50694e+06,0.692788
0.593256,0.799967,3.4064e+06,104648,3.51104e+06,0.692819
0.593712,0.799967,3.41061e+06,104541,3.51515e+06,0.69285
0.594168,0.799967,3.41483e+06,104435,3.51926e+06,0.692881
0.594624,0.799967,3.41905e+06,104329,3.52338e+06,0.692912
0.59508,0.799967,3.42327e+06,104223,3.5275e+06,0.692943
0.595536,0.799967,3.4275e+06,104117,3.53162e+06,0.692973
0.595992,0.799967,3.43173e+06,104011,3.53574e+06,0.693004
0.596448,0.799967,3.43596e+06,103906,3.53987e+06,0.693035
0.596904,0.799967,3.4402e+06,103801,3.544e+06,0.693066
0.59736,0.799967,3.44444e+06,103696,3.54814e+06,0.693097
0.597816,0.799967,3.44869e+06,103591,3.55228e+06,0.693128
0.598272,0.799967,3.45293e+06,103486,3.55642e+06,0.693158
0.598728,0.799967,3.45718e+06,103382,3.56056e+06,0.693189
0.599184,0.799967,3.46144e+06,103277,3.56471e+06,0.69322
0.59964,0.799967,3.46569e+06,103173,3.56887e+06,0.693251
0.600096,0.799967,3.46995e+06,103069,3.57302e+06,0.693281
0.600552,0.799967,3.47422e+06,102966,3.57718e+06,0.693312
0.601008,0.799967,3.47848e+06,102862,3.58135e+06,0.693343
0.601464,0.799967,3.48275e+06,102759,3.58551e+06,0.693373
0.60192,0.799967,3.48703e+06,102656,3.58968e+06,0.693404
0.602376,0.799967,3.4913e+06,102553,3.59386e+06,0.693435
0.602832,0.799967,3.49558e+06,102450,3.59803e+06,0.693465
0.603288,0.799967,3.49987e+06,102348,3.60221e+06,0.693496
0.603744,0.799967,3.50415e+06,102245,3.6064e+06,0.693526
0.6042,0.799967,3.50844e+06,102143,3.61059e+06,0.693557
0.604656,0.799967,3.51274e+06,102041,3.61478e+06,0.693588
0.605112,0.799967,3.51703e+06,101939,3.61897e+06,0.693618
0.605568,0.799967,3.52133e+06,101837,3.62317e+06,0.693649
0.606024,0.799967,3.52563e+06,101736,3.62737e+06,0.693679
0.60648,0.799967,3.52994e+06,101635,3.63158e+06,0.69371
0.606936,0.799967,3.53425e+06,101533,3.63578e+06,0.69374
0.607392,0.799967,3.53856e+06,101433,3.64e+06,0.693771
0.607848,0.799966,3.54288e+06,101332,3.64421e+06,0.693801
0.608304,0.799966,3.5472e+06,101231,3.64843e+06,0.693832
0.60876,0.799966,3.55152e+06,101131,3.65265e+06,0.693862
0.609216,0.799966,3.55585e+06,101031,3.65688e+06,0.693893
0.609672,0.799966,3.56018e+06,100930,3.66111e+06,0.693923
0.610128,0.799966,3.56451e+06,100831,3.66534e+06,0.693953
0.610584,0.799966,3.56884e+06,100731,3.66958e+06,0.693984
0.61104,0.799966,3.57318e+06,100631,3.67382e+06,0.694014
0.611496,0.799966,3.57753e+06,100532,3.67806e+06,0.694045
0.611952,0.799966,3.58187e+06,100433,3.68231e+06,0.694075
0.612408,0.799966,3.58622e+06,100334,3.68656e+06,0.694105
0.612864,0.799966,3.59057e+06,100235,3.69081e+06,0.694136
0.61332,0.799966,3.59493e+06,100136,3.69507e+06,0.694166
0.613776,0.799966,3.59929e+06,100038,3.69933e+06,0.694196
0.614232,0.799966,3.60365e+06,99939.6,3.70359e+06,0.694226
0.614688,0.799966,3.60802e+06,99841.5,3.70786e+06,0.694257
0.615144,0.799966,3.61238e+06,99743.5,3.71213e+06,0.694287
0.6156,0.799966,3.61676e+06,99645.7,3.7164e+06,0.694317
0.616056,0.799966,3.62113e+06,99548.1,3.72068e+06,0.694347
0.616512,0.799966,3.62551e+06,99450.7,3.72496e+06,0.694378
0.616968,0.799966,3.62989e+06,99353.4,3.72925e+06,0.694408
0.617424,0.799966,3.63428e+06,99256.3,3.73353e+06,0.694438
0.61788,0.799966,3.63867e+06,99159.4,3.73783e+06,0.694468
0.618336,0.799966,3.64306e+06,99062.6,3.74212e+06,0.694498
0.618792,0.799966,3.64745e+06,98966,3.74642e+06,0.694529
0.619248,0.799966,3.65185e+06,98869.6,3.75072e+06,0.694559
0.619704,0.799966,3.65625e+06,98773.3,3.75503e+06,0.694589
0.62016,0.799966,3.66066e+06,98677.2,3.75934e+06,0.694619
0.620616,0.799966,3.66507e+06,98581.3,3.76365e+06,0.694649
0.621072,0.799966,3.66948e+06,98485.6,3.76797e+06,0.694679
0.621528,0.799966,3.67389e+06,98390,3.77228e+06,0.694709
0.621984,0.799966,3.67831e+06,98294.5,3.77661e+06,0.694739
0.62244,0.799966,3.68273e+06,98199.3,3.78093e+06,0.694769
0.622896,0.799966,3.68716e+06,98104.2,3.78526e+06,0.694799
0.623352,0.799966,3.69159e+06,98009.2,3.7896e+06,0.694829
0.623808,0.799965,3.69602e+06,97914.5,3.79393e+06,0.694859
0.624264,0.799965,3.70045e+06,97819.9,3.79827e+06,0.694889
0.62472,0.799965,3.70489e+06,97725.4,3.80262e+06,0.694919
0.625176,0.799965,3.70933e+06,97631.2,3.80696e+06,0.694949
0.625632,0.799965,3.71378e+06,97537,3.81132e+06,0.694979
0.626088,0.799965,3.71823e+06,97443.1,3.81567e+06,0.695009
0.626544,0.799965,3.72268e+06,97349.3,3.82003e+06,0.695039
0.627,0.799965,3.72713e+06,97255.7,3.82439e+06,0.695069
0.627456,0.799965,3.73159e+06,97162.2,3.82875e+06,0.695099
0.627912,0.799965,3.73605e+06,97068.9,3.83312e+06,0.695129
0.628368,0.799965,3.74052e+06,96975.7,3.83749e+06,0.695158
0.628824,0.799965,3.74498e+06,96882.8,3.84187e+06,0.695188
0.62928,0.799965,3.74945e+06,96789.9,3.84624e+06,0.695218
0.629736,0.799965,3.75393e+06,96697.3,3.85063e+06,0.695248
0.630192,0.799965,3.75841e+06,96604.7,3.85501e+06,0.695278
0.630648,0.799965,3.76289e+06,96512.4,3.8594e+06,0.695307
0.631104,0.799965,3.76737e+06,96420.2,3.86379e+06,0.695337
0.63156,0.799965,3.77186e+06,96328.1,3.86819e+06,0.695367
0.632016,0.799965,3.77635e+06,96236.3,3.87259e+06,0.695397
0.632472,0.799965,3.78084e+06,96144.5,3.87699e+06,0.695426
0.632928,0.799965,3.78534e+06,96053,3.88139e+06,0.695456
0.633384,0.799965,3.78984e+06,95961.6,3.8858e+06,0.695486
0.63384,0.799965,3.79435e+06,95870.3,3.89022e+06,0.695516
0.634296,0.799965,3.79885e+06,95779.2,3.89463e+06,0.695545
0.634752,0.799965,3.80336e+06,95688.2,3.89905e+06,0.695575
0.635208,0.799965,3.80788e+06,95597.5,3.90348e+06,0.695605
0.635664,0.799965,3.8124e+06,95506.8,3.9079e+06,0.695634
0.63612,0.799965,3.81692e+06,95416.3,3.91233e+06,0.695664
0.636576,0.799965,3.82144e+06,95326,3.91677e+06,0.695694
0.637032,0.799965,3.82597e+06,95235.8,3.9212e+06,0.695723
0.637488,0.799965,3.8305e+06,95145.8,3.92564e+06,0.695753
0.637944,0.799965,3.83503e+06,95055.9,3.93009e+06,0.695782
0.6384,0.799965,3.83957e+06,94966.2,3.93453e+06,0.695812
0.638856,0.799965,3.84411e+06,94876.6,3.93899e+06,0.695841
0.639312,0.799965,3.84865e+06,94787.2,3.94344e+06,0.695871
0.639768,0.799964,3.8532e+06,94697.9,3.9479e+06,0.6959
0.640224,0.799964,3.85775e+06,94608.8,3.95236e+06,0.69593
0.64068,0.799964,3.8623e+06,94519.8,3.95682e+06,0.695959
0.641136,0.799964,3.86686e+06,94431,3.96129e+06,0.695989
0.641592,0.799964,3.87142e+06,94342.3,3.96576e+06,0.696018
0.642048,0.799964,3.87598e+06,94253.8,3.97024e+06,0.696048
0.642504,0.799964,3.88055e+06,94165.4,3.97472e+06,0.696077
0.64296,0.799964,3.88512e+06,94077.2,3.9792e+06,0.696107
0.643416,0.799964,3.88969e+06,93989.1,3.98368e+06,0.696136
0.643872,0.799964,3.89427e+06,93901.2,3.98817e+06,0.696165
0.644328,0.799964,3.89885e+06,93813.4,3.99266e+06,0.696195
0.644784,0.799964,3.90343e+06,93725.8,3.99716e+06,0.696224
0.64524,0.799964,3.90802e+06,93638.3,4.00166e+06,0.696254
0.645696,0.799964,3.91261e+06,93550.9,4.00616e+06,0.696283
0.646152,0.799964,3.9172e+06,93463.7,4.01067e+06,0.696312
0.646608,0.799964,3.9218e+06,93376.7,4.01518e+06,0.696342
0.647064,0.799964,3.9264e+06,93289.7,4.01969e+06,0.696371
0.64752,0.799964,3.931e+06,93203,4.0242e+06,0.6964
0.647976,0.799964,3.93561e+06,93116.4,4.02872e+06,0.696429
0.648432,0.799964,3.94022e+06,93029.9,4.03325e+06,0.696459
0.648888,0.799964,3.94483e+06,92943.5,4.03777e+06,0.696488
0.649344,0.799964,3.94945e+06,92857.3,4.0423e+06,0.696517
0.6498,0.799964,3.95407e+06,92771.3,4.04684e+06,0.696546
0.650256,0.799964,3.95869e+06,92685.4,4.05137e+06,0.696576
0.650712,0.799964,3.96331e+06,92599.6,4.05591e+06,0.696605
0.651168,0.799964,3.96794e+06,92514,4.06046e+06,0.696634
0.651624,0.799964,3.97258e+06,92428.5,4.065e+06,0.696663
0.65208,0.799964,3.97721e+06,92343.2,4.06955e+06,0.696692
0.652536,0.799964,3.98185e+06,92258,4.07411e+06,0.696722
0.652992,0.799964,3.98649e+06,92172.9,4.07867e+06,0.696751
0.653448,0.799964,3.99114e+06,92088,4.08323e+06,0.69678
0.653904,0.799964,3.99579e+06,92003.2,4.08779e+06,0.696809
0.65436,0.799963,4.00044e+06,91918.6,4.09236e+06,0.696838
0.654816,0.799963,4.0051e+06,91834.1,4.09693e+06,0.696867
0.655272,0.799963,4.00976e+06,91749.7,4.10151e+06,0.696896
0.655728,0.799963,4.01442e+06,91665.5,4.10608e+06,0.696925
0.656184,0.799963,4.01908e+06,91581.4,4.11066e+06,0.696954
0.65664,0.799963,4.02375e+06,91497.4,4.11525e+06,0.696983
0.657096,0.799963,4.02842e+06,91413.6,4.11984e+06,0.697012
0.657552,0.799963,4.0331e+06,91329.9,4.12443e+06,0.697041
0.658008,0.799963,4.03778e+06,91246.4,4.12902e+06,0.69707
0.658464,0.799963,4.04246e+06,91163,4.13362e+06,0.697099
0.65892,0.799963,4.04715e+06,91079.7,4.13823e+06,0.697128
0.659376,0.799963,4.05183e+06,90996.6,4.14283e+06,0.697157
0.659832,0.799963,4.05653e+06,90913.6,4.14744e+06,0.697186
0.660288,0.799963,4.06122e+06,90830.8,4.15205e+06,0.697215
0.660744,0.799963,4.06592e+06,90748,4.15667e+06,0.697244
0.6612,0.799963,4.07062e+06,90665.4,4.16129e+06,0.697273
0.661656,0.799963,4.07533e+06,90583,4.16591e+06,0.697302
0.662112,0.799963,4.08004e+06,90500.7,4.17054e+06,0.697331
0.662568,0.799963,4.08475e+06,90418.5,4.17517e+06,0.697359
0.663024,0.799963,4.08946e+06,90336.4,4.1798e+06,0.697388
0.66348,0.799963,4.09418e+06,90254.5,4.18443e+06,0.697417
0.663936,0.799963,4.0989e+06,90172.7,4.18907e+06,0.697446
0.664392,0.799963,4.10363e+06,90091,4.19372e+06,0.697475
0.664848,0.799963,4.10835e+06,90009.5,4.19836e+06,0.697503
0.665304,0.799963,4.11309e+06,89928.1,4.20301e+06,0.697532
0.66576,0.799963,4.11782e+06,89846.9,4.20767e+06,0.697561
0.666216,0.799963,4.12256e+06,89765.7,4.21232e+06,0.69759
0.666672,0.799963,4.1273e+06,89684.7,4.21698e+06,0.697618
0.667128,0.799963,4.13204e+06,89603.9,4.22165e+06,0.697647
0.667584,0.799963,4.13679e+06,89523.1,4.22632e+06,0.697676
0.66804,0.799963,4.14154e+06,89442.5,4.23099e+06,0.697705
0.668496,0.799963,4.1463e+06,89362,4.23566e+06,0.697733
0.668952,0.799962,4.15106e+06,89281.7,4.24034e+06,0.697762
0.669408,0.799962,4.15582e+06,89201.5,4.24502e+06,0.697791
0.669864,0.799962,4.16058e+06,89121.4,4.2497e+06,0.697819
0.67032,0.799962,4.16535e+06,89041.4,4.25439e+06,0.697848
0.670776,0.799962,4.17012e+06,88961.6,4.25908e+06,0.697877
0.671232,0.799962,4.17489e+06,88881.9,4.26378e+06,0.697905
0.671688,0.799962,4.17967e+06,88802.3,4.26847e+06,0.697934
0.672144,0.799962,4.18445e+06,88722.8,4.27317e+06,0.697962
0.6726,0.799962,4.18924e+06,88643.5,4.27788e+06,0.697991
0.673056,0.799962,4.19402e+06,88564.3,4.28259e+06,0.698019
0.673512,0.799962,4.19881e+06,88485.2,4.2873e+06,0.698048
0.673968,0.799962,4.20361e+06,88406.3,4.29201e+06,0.698076
0.674424,0.799962,4.2084e+06,88327.4,4.29673e+06,0.698105
0.67488,0.799962,4.21321e+06,88248.7,4.30145e+06,0.698134
0.675336,0.799962,4.21801e+06,88170.2,4.30618e+06,0.698162
0.675792,0.799962,4.22282e+06,88091.7,4.31091e+06,0.69819
0.676248,0.799962,4.22763e+06,88013.4,4.31564e+06,0.698219
0.676704,0.799962,4.23244e+06,87935.2,4.32038e+06,0.698247
0.67716,0.799962,4.23726e+06,87857.1,4.32511e+06,0.698276
0.677616,0.799962,4.24208e+06,87779.2,4.32986e+06,0.698304
0.678072,0.799962,4.2469e+06,87701.3,4.3346e+06,0.698333
0.678528,0.799962,4.25173e+06,87623.6,4.33935e+06,0.698361
0.678984,0.799962,4.25656e+06,87546.1,4.3441e+06,0.698389
0.67944,0.799962,4.26139e+06,87468.6,4.34886e+06,0.698418
0.679896,0.799962,4.26623e+06,87391.3,4.35362e+06,0.698446
0.680352,0.799962,4.27107e+06,87314,4.35838e+06,0.698475
0.680808,0.799962,4.27591e+06,87237,4.36315e+06,0.698503
0.681264,0.799962,4.28076e+06,87160,4.36792e+06,0.698531
0.68172,0.799962,4.28561e+06,87083.1,4.37269e+06,0.698559
0.682176,0.799962,4.29046e+06,87006.4,4.37747e+06,0.698588
0.682632,0.799962,4.29532e+06,86929.8,4.38225e+06,0.698616
0.683088,0.799961,4.30018e+06,86853.3,4.38703e+06,0.698644
0.683544,0.799961,4.30504e+06,86776.9,4.39181e+06,0.698673
0.684,0.799961,4.3099e+06,86700.7,4.3966e+06,0.698701
0.684456,0.799961,4.31477e+06,86624.6,4.4014e+06,0.698729
0.684912,0.799961,4.31965e+06,86548.6,4.40619e+06,0.698757
0.685368,0.799961,4.32452e+06,86472.7,4.41099e+06,0.698785
0.685824,0.799961,4.3294e+06,86396.9,4.4158e+06,0.698814
0.68628,0.799961,4.33428e+06,86321.2,4.42061e+06,0.698842
0.686736,0.799961,4.33917e+06,86245.7,4.42542e+06,0.69887
0.687192,0.799961,4.34406e+06,86170.3,4.43023e+06,0.698898
0.687648,0.799961,4.34895e+06,86095,4.43505e+06,0.698926
0.688104,0.799961,4.35385e+06,86019.8,4.43987e+06,0.698954
0.68856,0.799961,4.35875e+06,85944.7,4.44469e+06,0.698983
0.689016,0.799961,4.36365e+06,85869.8,4.44952e+06,0.699011
0.689472,0.799961,4.36855e+06,85795,4.45435e+06,0.699039
0.689928,0.799961,4.37346e+06,85720.2,4.45918e+06,0.699067
0.690384,0.799961,4.37837e+06,85645.6,4.46402e+06,0.699095
0.69084,0.799961,4.38329e+06,85571.2,4.46886e+06,0.699123
0.691296,0.799961,4.38821e+06,85496.8,4.4737e+06,0.699151
0.691752,0.799961,4.39313e+06,85422.5,4.47855e+06,0.699179
0.692208,0.799961,4.39806e+06,85348.4,4.4834e+06,0.699207
0.692664,0.799961,4.40298e+06,85274.4,4.48826e+06,0.699235
0.69312,0.799961,4.40792e+06,85200.5,4.49312e+06,0.699263
0.693576,0.799961,4.41285e+06,85126.7,4.49798e+06,0.699291
0.694032,0.799961,4.41779e+06,85053,4.50284e+06,0.699319
0.694488,0.799961,4.42273e+06,84979.4,4.50771e+06,0.699347
0.694944,0.799961,4.42767e+06,84906,4.51258e+06,0.699375
0.6954,0.799961,4.43262e+06,84832.6,4.51746e+06,0.699403
0.695856,0.799961,4.43757e+06,84759.4,4.52233e+06,0.699431
0.696312,0.79996,4.44253e+06,84686.3,4.52721e+06,0.699459
0.696768,0.79996,4.44749e+06,84613.3,4.5321e+06,0.699486
0.697224,0.79996,4.45245e+06,84540.4,4.53699e+06,0.699514
0.69768,0.79996,4.45741e+06,84467.6,4.54188e+06,0.699542
0.698136,0.79996,4.46238e+06,84395,4.54677e+06,0.69957
0.698592,0.79996,4.46735e+06,84322.4,4.55167e+06,0.699598
0.699048,0.79996,4.47232e+06,84250,4.55657e+06,0.699626
0.699504,0.79996,4.4773e+06,84177.6,4.56148e+06,0.699654
0.69996,0.79996,4.48228e+06,84105.4,4.56639e+06,0.699681
0.700416,0.79996,4.48727e+06,84033.3,4.5713e+06,0.699709
0.700872,0.79996,4.49225e+06,83961.3,4.57622e+06,0.699737
0.701328,0.79996,4.49725e+06,83889.4,4.58113e+06,0.699765
0.701784,0.79996,4.50224e+06,83817.6,4.58606e+06,0.699792
0.70224,0.79996,4.50724e+06,83745.9,4.59098e+06,0.69982
0.702696,0.79996,4.51224e+06,83674.4,4.59591e+06,0.699848
0.703152,0.79996,4.51724e+06,83602.9,4.60084e+06,0.699876
0.703608,0.79996,4.52225e+06,83531.6,4.60578e+06,0.699903
0.704064,0.79996,4.52726e+06,83460.4,4.61072e+06,0.699931
0.70452,0.79996,4.53227e+06,83389.2,4.61566e+06,0.699959
0.704976,0.79996,4.53729e+06,83318.2,4.62061e+06,0.699986
0.705432,0.79996,4.54231e+06,83247.3,4.62555e+06,0.700014
0.705888,0.79996,4.54733e+06,83176.5,4.63051e+06,0.700042
0.706344,0.79996,4.55236e+06,83105.8,4.63546e+06,0.700069
0.7068,0.79996,4.55739e+06,83035.2,4.64042e+06,0.700097
0.707256,0.79996,4.56242e+06,82964.7,4.64538e+06,0.700124
0.707712,0.79996,4.56746e+06,82894.4,4.65035e+06,0.700152
0.708168,0.79996,4.5725e+06,82824.1,4.65532e+06,0.700179
0.708624,0.79996,4.57754e+06,82753.9,4.66029e+06,0.700207
0.70908,0.79996,4.58258e+06,82683.9,4.66527e+06,0.700235
0.709536,0.799959,4.58763e+06,82613.9,4.67025e+06,0.700262
0.709992,0.799959,4.59269e+06,82544.1,4.67523e+06,0.70029
0.710448,0.799959,4.59774e+06,82474.3,4.68022e+06,0.700317
0.710904,0.799959,4.6028e+06,82404.7,4.68521e+06,0.700345
0.71136,0.799959,4.60786e+06,82335.2,4.6902e+06,0.700372
0.711816,0.799959,4.61293e+06,82265.7,4.69519e+06,0.7004
0.712272,0.799959,4.618e+06,82196.4,4.70019e+06,0.700427
0.712728,0.799959,4.62307e+06,82127.2,4.7052e+06,0.700454
0.713184,0.799959,4.62815e+06,82058.1,4.7102e+06,0.700482
0.71364,0.799959,4.63322e+06,81989.1,4.71521e+06,0.700509
0.714096,0.799959,4.63831e+06,81920.2,4.72023e+06,0.700537
0.714552,0.799959,4.64339e+06,81851.4,4.72524e+06,0.700564
0.715008,0.799959,4.64848e+06,81782.7,4.73026e+06,0.700592
0.715464,0.799959,4.65357e+06,81714.1,4.73529e+06,0.700619
0.71592,0.799959,4.65867e+06,81645.6,4.74031e+06,0.700646
0.716376,0.799959,4.66376e+06,81577.2,4.74534e+06,0.700674
0.716832,0.799959,4.66887e+06,81508.9,4.75037e+06,0.700701
0.717288,0.799959,4.67397e+06,81440.7,4.75541e+06,0.700728
0.717744,0.799959,4.67908e+06,81372.6,4.76045e+06,0.700756
0.7182,0.799959,4.68419e+06,81304.6,4.76549e+06,0.700783
0.718656,0.799959,4.6893e+06,81236.7,4.77054e+06,0.70081
0.719112,0.799959,4.69442e+06,81169,4.77559e+06,0.700837
0.719568,0.799959,4.69954e+06,81101.3,4.78064e+06,0.700865
0.720024,0.799959,4.70467e+06,81033.7,4.7857e+06,0.700892
0.72048,0.799959,4.70979e+06,80966.2,4.79076e+06,0.700919
0.720936,0.799959,4.71493e+06,80898.8,4.79582e+06,0.700946
0.721392,0.799959,4.72006e+06,80831.5,4.80089e+06,0.700974
0.721848,0.799959,4.7252e+06,80764.4,4.80596e+06,0.701001
0.722304,0.799958,4.73034e+06,80697.3,4.81103e+06,0.701028
0.72276,0.799958,4.73548e+06,80630.3,4.81611e+06,0.701055
0.723216,0.799958,4.74063e+06,80563.4,4.82119e+06,0.701082
0.723672,0.799958,4.74578e+06,80496.6,4.82627e+06,0.701109
0.724128,0.799958,4.75093e+06,80429.9,4.83136e+06,0.701137
0.724584,0.799958,4.75609e+06,80363.4,4.83645e+06,0.701164
0.72504,0.799958,4.76125e+06,80296.9,4.84154e+06,0.701191
0.725496,0.799958,4.76641e+06,80230.5,4.84664e+06,0.701218
0.725952,0.799958,4.77158e+06,80164.2,4.85174e+06,0.701245
0.726408,0.799958,4.77675e+06,80098,4.85685e+06,0.701272
0.726864,0.799958,4.78192e+06,80031.9,4.86195e+06,0.701299
0.72732,0.799958,4.7871e+06,79965.9,4.86706e+06,0.701326
0.727776,0.799958,4.79228e+06,79900,4.87218e+06,0.701353
0.728232,0.799958,4.79746e+06,79834.2,4.87729e+06,0.70138
0.728688,0.799958,4.80264e+06,79768.5,4.88241e+06,0.701407
0.729144,0.799958,4.80783e+06,79702.9,4.88754e+06,0.701434
0.7296,0.799958,4.81303e+06,79637.3,4.89266e+06,0.701461
0.730056,0.799958,4.81822e+06,79571.9,4.89779e+06,0.701488
0.730512,0.799958,4.82342e+06,79506.6,4.90293e+06,0.701515
0.730968,0.799958,4.82862e+06,79441.4,4.90806e+06,0.701542
0.731424,0.799958,4.83383e+06,79376.2,4.9132e+06,0.701569
0.73188,0.799958,4.83904e+06,79311.2,4.91835e+06,0.701596
0.732336,0.799958,4.84425e+06,79246.2,4.92349e+06,0.701623
0.732792,0.799958,4.84946e+06,79181.4,4.92864e+06,0.70165
0.733248,0.799958,4.85468e+06,79116.6,4.9338e+06,0.701677
0.733704,0.799958,4.8599e+06,79052,4.93895e+06,0.701704
0.73416,0.799958,4.86513e+06,78987.4,4.94411e+06,0.70173
0.734616,0.799957,4.87036e+06,78922.9,4.94928e+06,0.701757
0.735072,0.799957,4.87559e+06,78858.5,4.95445e+06,0.701784
0.735528,0.799957,4.88082e+06,78794.2,4.95962e+06,0.701811
0.735984,0.799957,4.88606e+06,78730.1,4.96479e+06,0.701838
0.73644,0.799957,4.8913e+06,78666,4.96997e+06,0.701865
0.736896,0.799957,4.89654e+06,78601.9,4.97515e+06,0.701891
0.737352,0.799957,4.90179e+06,78538,4.98033e+06,0.701918
0.737808,0.799957,4.90704e+06,78474.2,4.98552e+06,0.701945
0.738264,0.799957,4.9123e+06,78410.5,4.99071e+06,0.701972
0.73872,0.799957,4.91755e+06,78346.8,4.9959e+06,0.701998
0.739176,0.799957,4.92281e+06,78283.3,5.0011e+06,0.702025
0.739632,0.799957,4.92808e+06,78219.8,5.0063e+06,0.702052
0.740088,0.799957,4.93334e+06,78156.5,5.0115e+06,0.702079
0.740544,0.799957,4.93861e+06,78093.2,5.01671e+06,0.702105
0.741,0.799957,4.94389e+06,78030,5.02192e+06,0.702132
0.741456,0.799957,4.94916e+06,77966.9,5.02713e+06,0.702159
0.741912,0.799957,4.95444e+06,77903.9,5.03235e+06,0.702185
0.742368,0.799957,4.95972e+06,77841,5.03757e+06,0.702212
0.742824,0.799957,4.96501e+06,77778.2,5.04279e+06,0.702238
0.74328,0.799957,4.9703e+06,77715.5,5.04802e+06,0.702265
0.743736,0.799957,4.97559e+06,77652.8,5.05325e+06,0.702292
0.744192,0.799957,4.98089e+06,77590.3,5.05848e+06,0.702318
0.744648,0.799957,4.98619e+06,77527.8,5.06372e+06,0.702345
0.745104,0.799957,4.99149e+06,77465.5,5.06896e+06,0.702371
0.74556,0.799957,4.9968e+06,77403.2,5.0742e+06,0.702398
0.746016,0.799957,5.0021e+06,77341,5.07944e+06,0.702425
0.746472,0.799956,5.00742e+06,77278.9,5.08469e+06,0.702451
0.746928,0.799956,5.01273e+06,77216.9,5.08995e+06,0.702478
0.747384,0.799956,5.01805e+06,77155,5.0952e+06,0.702504
0.74784,0.799956,5.02337e+06,77093.1,5.10046e+06,0.702531
0.748296,0.799956,5.0287e+06,77031.4,5.10573e+06,0.702557
0.748752,0.799956,5.03402e+06,76969.7,5.11099e+06,0.702584
0.749208,0.799956,5.03935e+06,76908.2,5.11626e+06,0.70261
0.749664,0.799956,5.04469e+06,76846.7,5.12154e+06,0.702637
0.75012,0.799956,5.05003e+06,76785.3,5.12681e+06,0.702663
0.750576,0.799956,5.05537e+06,76724,5.13209e+06,0.702689
0.751032,0.799956,5.06071e+06,76662.8,5.13737e+06,0.702716
0.751488,0.799956,5.06606e+06,76601.6,5.14266e+06,0.702742
0.751944,0.799956,5.07141e+06,76540.6,5.14795e+06,0.702769
0.7524,0.799956,5.07676e+06,76479.6,5.15324e+06,0.702795
0.752856,0.799956,5.08212e+06,76418.7,5.15854e+06,0.702821
0.753312,0.799956,5.08748e+06,76358,5.16384e+06,0.702848
0.753768,0.799956,5.09284e+06,76297.3,5.16914e+06,0.702874
0.754224,0.799956,5.09821e+06,76236.6,5.17445e+06,0.7029
0.75468,0.799956,5.10358e+06,76176.1,5.17975e+06,0.702927
0.755136,0.799956,5.10895e+06,76115.7,5.18507e+06,0.702953
0.755592,0.799956,5.11433e+06,76055.3,5.19038e+06,0.702979
0.756048,0.799956,5.11971e+06,75995,5.1957e+06,0.703006
0.756504,0.799956,5.12509e+06,75934.8,5.20102e+06,0.703032
0.75696,0.799956,5.13048e+06,75874.7,5.20635e+06,0.703058
0.757416,0.799956,5.13586e+06,75814.7,5.21168e+06,0.703084
0.757872,0.799956,5.14126e+06,75754.8,5.21701e+06,0.703111
0.758328,0.799955,5.14665e+06,75694.9,5.22235e+06,0.703137
0.758784,0.799955,5.15205e+06,75635.2,5.22769e+06,0.703163
0.75924,0.799955,5.15745e+06,75575.5,5.23303e+06,0.703189
0.759696,0.799955,5.16286e+06,75515.9,5.23837e+06,0.703215
0.760152,0.799955,5.16827e+06,75456.4,5.24372e+06,0.703242
0.760608,0.799955,5.17368e+06,75396.9,5.24907e+06,0.703268
0.761064,0.799955,5.17909e+06,75337.6,5.25443e+06,0.703294
0.76152,0.799955,5.18451e+06,75278.3,5.25979e+06,0.70332
0.761976,0.799955,5.18993e+06,75219.1,5.26515e+06,0.703346
0.762432,0.799955,5.19535e+06,75160,5.27051e+06,0.703372
0.762888,0.799955,5.20078e+06,75101,5.27588e+06,0.703398
0.763344,0.799955,5.20621e+06,75042.1,5.28125e+06,0.703424
0.7638,0.799955,5.21165e+06,74983.2,5.28663e+06,0.703451
0.764256,0.799955,5.21708e+06,74924.5,5.29201e+06,0.703477
0.764712,0.799955,5.22252e+06,74865.8,5.29739e+06,0.703503
0.765168,0.799955,5.22797e+06,74807.2,5.30277e+06,0.703529
0.765624,0.799955,5.23341e+06,74748.7,5.30816e+06,0.703555
0.76608,0.799955,5.23886e+06,74690.2,5.31355e+06,0.703581
0.766536,0.799955,5.24431e+06,74631.8,5.31895e+06,0.703607
0.766992,0.799955,5.24977e+06,74573.6,5.32434e+06,0.703633
0.767448,0.799955,5.25523e+06,74515.4,5.32975e+06,0.703659
0.767904,0.799955,5.26069e+06,74457.2,5.33515e+06,0.703685
0.76836,0.799955,5.26616e+06,74399.2,5.34056e+06,0.703711
0.768816,0.799955,5.27163e+06,74341.3,5.34597e+06,0.703737
0.769272,0.799955,5.2771e+06,74283.4,5.35138e+06,0.703763
0.769728,0.799954,5.28257e+06,74225.6,5.3568e+06,0.703789
0.770184,0.799954,5.28805e+06,74167.9,5.36222e+06,0.703814
0.77064,0.799954,5.29353e+06,74110.2,5.36764e+06,0.70384
0.771096,0.799954,5.29902e+06,74052.7,5.37307e+06,0.703866
0.771552,0.799954,5.30451e+06,73995.2,5.3785e+06,0.703892
0.772008,0.799954,5.31e+06,73937.8,5.38394e+06,0.703918
0.772464,0.799954,5.31549e+06,73880.5,5.38937e+06,0.703944
0.77292,0.799954,5.32099e+06,73823.2,5.39481e+06,0.70397
0.773376,0.799954,5.32649e+06,73766.1,5.40026e+06,0.703996
0.773832,0.799954,5.33199e+06,73709,5.4057e+06,0.704021
0.774288,0.799954,5.3375e+06,73652,5.41115e+06,0.704047
0.774744,0.799954,5.34301e+06,73595,5.41661e+06,0.704073
0.7752,0.799954,5.34852e+06,73538.2,5.42206e+06,0.704099
0.775656,0.799954,5.35404e+06,73481.4,5.42752e+06,0.704124
0.776112,0.799954,5.35956e+06,73424.7,5.43298e+06,0.70415
0.776568,0.799954,5.36508e+06,73368.1,5.43845e+06,0.704176
0.777024,0.799954,5.37061e+06,73311.6,5.44392e+06,0.704202
0.77748,0.799954,5.37614e+06,73255.1,5.44939e+06,0.704227
0.777936,0.799954,5.38167e+06,73198.7,5.45487e+06,0.704253
0.778392,0.799954,5.38721e+06,73142.4,5.46035e+06,0.704279
0.778848,0.799954,5.39274e+06,73086.2,5.46583e+06,0.704305
0.779304,0.799954,5.39829e+06,73030.1,5.47132e+06,0.70433
0.77976,0.799954,5.40383e+06,72974,5.47681e+06,0.704356
0.780216,0.799954,5.40938e+06,72918,5.4823e+06,0.704382
0.780672,0.799953,5.41493e+06,72862.1,5.48779e+06,0.704407
0.781128,0.799953,5.42049e+06,72806.2,5.49329e+06,0.704433
0.781584,0.799953,5.42604e+06,72750.5,5.49879e+06,0.704458
0.78204,0.799953,5.4316e+06,72694.8,5.5043e+06,0.704484
0.782496,0.799953,5.43717e+06,72639.1,5.50981e+06,0.70451
0.782952,0.799953,5.44274e+06,72583.6,5.51532e+06,0.704535
0.783408,0.799953,5.44831e+06,72528.1,5.52083e+06,0.704561
0.783864,0.799953,5.45388e+06,72472.7,5.52635e+06,0.704586
0.78432,0.799953,5.45946e+06,72417.4,5.53187e+06,0.704612
0.784776,0.799953,5.46504e+06,72362.2,5.5374e+06,0.704637
0.785232,0.799953,5.47062e+06,72307,5.54293e+06,0.704663
0.785688,0.799953,5.47621e+06,72251.9,5.54846e+06,0.704689
0.786144,0.799953,5.48179e+06,72196.9,5.55399e+06,0.704714
0.7866,0.799953,5.48739e+06,72142,5.55953e+06,0.70474
0.787056,0.799953,5.49298e+06,72087.1,5.56507e+06,0.704765
0.787512,0.799953,5.49858e+06,72032.3,5.57061e+06,0.70479
0.787968,0.799953,5.50418e+06,71977.6,5.57616e+06,0.704816
0.788424,0.799953,5.50979e+06,71922.9,5.58171e+06,0.704841
0.78888,0.799953,5.5154e+06,71868.4,5.58726e+06,0.704867
0.789336,0.799953,5.52101e+06,71813.9,5.59282e+06,0.704892
0.789792,0.799953,5.52662e+06,71759.4,5.59838e+06,0.704918
0.790248,0.799953,5.53224e+06,71705.1,5.60395e+06,0.704943
0.790704,0.799953,5.53786e+06,71650.8,5.60951e+06,0.704968
0.79116,0.799953,5.54349e+06,71596.6,5.61508e+06,0.704994
0.791616,0.799952,5.54911e+06,71542.5,5.62065e+06,0.705019
0.792072,0.799952,5.55474e+06,71488.4,5.62623e+06,0.705045
0.792528,0.799952,5.56038e+06,71434.4,5.63181e+06,0.70507
0.792984,0.799952,5.56601e+06,71380.5,5.63739e+06,0.705095
0.79344,0.799952,5.57165e+06,71326.7,5.64298e+06,0.705121
0.793896,0.799952,5.5773e+06,71272.9,5.64857e+06,0.705146
0.794352,0.799952,5.58294e+06,71219.2,5.65416e+06,0.705171
0.794808,0.799952,5.58859e+06,71165.6,5.65976e+06,0.705196
0.795264,0.799952,5.59424e+06,71112,5.66535e+06,0.705222
0.79572,0.799952,5.5999e+06,71058.5,5.67096e+06,0.705247
0.796176,0.799952,5.60556e+06,71005.1,5.67656e+06,0.705272
0.796632,0.799952,5.61122e+06,70951.8,5.68217e+06,0.705297
0.797088,0.799952,5.61688e+06,70898.5,5.68778e+06,0.705323
0.797544,0.799952,5.62255e+06,70845.3,5.6934e+06,0.705348
0.798,0.799952,5.62822e+06,70792.2,5.69901e+06,0.705373
0.798456,0.799952,5.6339e+06,70739.1,5.70464e+06,0.705398
0.798912,0.799952,5.63957e+06,70686.1,5.71026e+06,0.705423
0.799368,0.799952,5.64525e+06,70633.2,5.71589e+06,0.705449
0.799824,0.799952,5.65094e+06,70580.4,5.72152e+06,0.705474
0.80028,0.799952,5.65662e+06,70527.6,5.72715e+06,0.705499
0.800736,0.799952,5.66231e+06,70474.9,5.73279e+06,0.705524
0.801192,0.799952,5.66801e+06,70422.3,5.73843e+06,0.705549
0.801648,0.799952,5.6737e+06,70369.7,5.74407e+06,0.705574
0.802104,0.799951,5.6794e+06,70317.2,5.74972e+06,0.705599
0.80256,0.799951,5.68511e+06,70264.8,5.75537e+06,0.705625
0.803016,0.799951,5.69081e+06,70212.4,5.76102e+06,0.70565
0.803472,0.799951,5.69652e+06,70160.1,5.76668e+06,0.705675
0.803928,0.799951,5.70223e+06,70107.9,5.77234e+06,0.7057
0.804384,0.799951,5.70795e+06,70055.8,5.778e+06,0.705725
0.80484,0.799951,5.71366e+06,70003.7,5.78367e+06,0.70575
0.805296,0.799951,5.71939e+06,69951.7,5.78934e+06,0.705775
0.805752,0.799951,5.72511e+06,69899.7,5.79501e+06,0.7058
0.806208,0.799951,5.73084e+06,69847.9,5.80069e+06,0.705825
0.806664,0.799951,5.73657e+06,69796.1,5.80636e+06,0.70585
0.80712,0.799951,5.7423e+06,69744.3,5.81205e+06,0.705875
0.807576,0.799951,5.74804e+06,69692.7,5.81773e+06,0.7059
0.808032,0.799951,5.75378e+06,69641.1,5.82342e+06,0.705925
0.808488,0.799951,5.75952e+06,69589.5,5.82911e+06,0.70595
0.808944,0.799951,5.76527e+06,69538.1,5.83481e+06,0.705975
0.8094,0.799951,5.77102e+06,69486.7,5.8405e+06,0.706
0.809856,0.799951,5.77677e+06,69435.3,5.8462e+06,0.706024
0.810312,0.799951,5.78252e+06,69384.1,5.85191e+06,0.706049
0.810768,0.799951,5.78828e+06,69332.9,5.85762e+06,0.706074
0.811224,0.799951,5.79404e+06,69281.7,5.86333e+06,0.706099
0.81168,0.799951,5.79981e+06,69230.7,5.86904e+06,0.706124
0.812136,0.799951,5.80558e+06,69179.7,5.87476e+06,0.706149
0.812592,0.79995,5.81135e+06,69128.7,5.88048e+06,0.706174
0.813048,0.79995,5.81712e+06,69077.9,5.8862e+06,0.706198
0.813504,0.79995,5.8229e+06,69027.1,5.89193e+06,0.706223
0.81396,0.79995,5.82868e+06,68976.4,5.89766e+06,0.706248
0.814416,0.79995,5.83446e+06,68925.7,5.90339e+06,0.706273
0.814872,0.79995,5.84025e+06,68875.1,5.90912e+06,0.706298
0.815328,0.79995,5.84604e+06,68824.6,5.91486e+06,0.706322
0.815784,0.79995,5.85183e+06,68774.1,5.92061e+06,0.706347
0.81624,0.79995,5.85763e+06,68723.7,5.92635e+06,0.706372
0.816696,0.79995,5.86343e+06,68673.4,5.9321e+06,0.706397
0.817152,0.79995,5.86923e+06,68623.1,5.93785e+06,0.706421
0.817608,0.79995,5.87503e+06,68572.9,5.94361e+06,0.706446
0.818064,0.79995,5.88084e+06,68522.8,5.94936e+06,0.706471
0.81852,0.79995,5.88665e+06,68472.7,5.95513e+06,0.706496
0.818976,0.79995,5.89247e+06,68422.7,5.96089e+06,0.70652
0.819432,0.79995,5.89829e+06,68372.7,5.96666e+06,0.706545
0.819888,0.79995,5.90411e+06,68322.8,5.97243e+06,0.70657
0.820344,0.79995,5.90993e+06,68273,5.9782e+06,0.706594
0.8208,0.79995,5.91576e+06,68223.3,5.98398e+06,0.706619
0.821256,0.79995,5.92159e+06,68173.6,5.98976e+06,0.706643
0.821712,0.79995,5.92742e+06,68124,5.99554e+06,0.706668
0.822168,0.79995,5.93326e+06,68074.4,6.00133e+06,0.706693
0.822624,0.799949,5.93909e+06,68024.9,6.00712e+06,0.706717
0.82308,0.799949,5.94494e+06,67975.5,6.01291e+06,0.706742
0.823536,0.799949,5.95078e+06,67926.1,6.01871e+06,0.706766
0.823992,0.799949,5.95663e+06,67876.8,6.02451e+06,0.706791
0.824448,0.799949,5.96248e+06,67827.6,6.03031e+06,0.706816
0.824904,0.799949,5.96834e+06,67778.4,6.03611e+06,0.70684
0.82536,0.799949,5.97419e+06,67729.3,6.04192e+06,0.706865
0.825816,0.799949,5.98005e+06,67680.2,6.04773e+06,0.706889
0.826272,0.799949,5.98592e+06,67631.3,6.05355e+06,0.706914
0.826728,0.799949,5.99178e+06,67582.3,6.05937e+06,0.706938
0.827184,0.799949,5.99765e+06,67533.5,6.06519e+06,0.706963
0.82764,0.799949,6.00353e+06,67484.7,6.07101e+06,0.706987
0.828096,0.799949,6.0094e+06,67435.9,6.07684e+06,0.707012
0.828552,0.799949,6.01528e+06,67387.3,6.08267e+06,0.707036
0.829008,0.799949,6.02116e+06,67338.7,6.0885e+06,0.70706
0.829464,0.799949,6.02705e+06,67290.1,6.09434e+06,0.707085
0.82992,0.799949,6.03294e+06,67241.6,6.10018e+06,0.707109
0.830376,0.799949,6.03883e+06,67193.2,6.10602e+06,0.707134
0.830832,0.799949,6.04472e+06,67144.8,6.11187e+06,0.707158
0.831288,0.799949,6.05062e+06,67096.5,6.11772e+06,0.707182
0.831744,0.799949,6.05652e+06,67048.3,6.12357e+06,0.707207
0.8322,0.799949,6.06243e+06,67000.1,6.12943e+06,0.707231
0.832656,0.799948,6.06833e+06,66952,6.13528e+06,0.707255
0.833112,0.799948,6.07424e+06,66903.9,6.14115e+06,0.70728
0.833568,0.799948,6.08016e+06,66856,6.14701e+06,0.707304
0.834024,0.799948,6.08607e+06,66808,6.15288e+06,0.707328
0.83448,0.799948,6.09199e+06,66760.1,6.15875e+06,0.707353
0.834936,0.799948,6.09791e+06,66712.3,6.16462e+06,0.707377
0.835392,0.799948,6.10384e+06,66664.6,6.1705e+06,0.707401
0.835848,0.799948,6.10977e+06,66616.9,6.17638e+06,0.707426
0.836304,0.799948,6.1157e+06,66569.3,6.18227e+06,0.70745
0.83676,0.799948,6.12163e+06,66521.7,6.18815e+06,0.707474
0.837216,0.799948,6.12757e+06,66474.2,6.19404e+06,0.707498
0.837672,0.799948,6.13351e+06,66426.7,6.19994e+06,0.707523
0.838128,0.799948,6.13945e+06,66379.3,6.20583e+06,0.707547
0.838584,0.799948,6.1454e+06,66332,6.21173e+06,0.707571
0.83904,0.799948,6.15135e+06,66284.8,6.21763e+06,0.707595
0.839496,0.799948,6.1573e+06,66237.5,6.22354e+06,0.707619
0.839952,0.799948,6.16326e+06,66190.4,6.22945e+06,0.707644
0.840408,0.799948,6.16922e+06,66143.3,6.23536e+06,0.707668
0.840864,0.799948,6.17518e+06,66096.3,6.24127e+06,0.707692
0.84132,0.799948,6.18114e+06,66049.3,6.24719e+06,0.707716
0.841776,0.799948,6.18711e+06,66002.4,6.25311e+06,0.70774
0.842232,0.799947,6.19308e+06,65955.5,6.25904e+06,0.707764
0.842688,0.799947,6.19905e+06,65908.7,6.26496e+06,0.707788
0.843144,0.799947,6.20503e+06,65862,6.27089e+06,0.707812
0.8436,0.799947,6.21101e+06,65815.3,6.27683e+06,0.707837
0.844056,0.799947,6.21699e+06,65768.7,6.28276e+06,0.707861
0.844512,0.799947,6.22298e+06,65722.2,6.2887e+06,0.707885
0.844968,0.799947,6.22897e+06,65675.6,6.29464e+06,0.707909
0.845424,0.799947,6.23496e+06,65629.2,6.30059e+06,0.707933
0.84588,0.799947,6.24096e+06,65582.8,6.30654e+06,0.707957
0.846336,0.799947,6.24695e+06,65536.5,6.31249e+06,0.707981
0.846792,0.799947,6.25296e+06,65490.2,6.31845e+06,0.708005
0.847248,0.799947,6.25896e+06,65444,6.3244e+06,0.708029
0.847704,0.799947,6.26497e+06,65397.9,6.33037e+06,0.708053
0.84816,0.799947,6.27098e+06,65351.8,6.33633e+06,0.708077
0.848616,0.799947,6.27699e+06,65305.7,6.3423e+06,0.708101
0.849072,0.799947,6.28301e+06,65259.7,6.34827e+06,0.708125
0.849528,0.799947,6.28903e+06,65213.8,6.35424e+06,0.708149
0.849984,0.799947,6.29505e+06,65168,6.36022e+06,0.708173
0.85044,0.799947,6.30107e+06,65122.2,6.3662e+06,0.708196
0.850896,0.799947,6.3071e+06,65076.4,6.37218e+06,0.70822
0.851352,0.799947,6.31313e+06,65030.7,6.37816e+06,0.708244
0.851808,0.799946,6.31917e+06,64985.1,6.38415e+06,0.708268
0.852264,0.799946,6.32521e+06,64939.5,6.39015e+06,0.708292
0.85272,0.799946,6.33125e+06,64894,6.39614e+06,0.708316
0.853176,0.799946,6.33729e+06,64848.5,6.40214e+06,0.70834
0.853632,0.799946,6.34334e+06,64803.1,6.40814e+06,0.708364
0.854088,0.799946,6.34939e+06,64757.7,6.41414e+06,0.708387
0.854544,0.799946,6.35544e+06,64712.4,6.42015e+06,0.708411
0.855,0.799946,6.36149e+06,64667.2,6.42616e+06,0.708435
0.855456,0.799946,6.36755e+06,64622,6.43217e+06,0.708459
0.855912,0.799946,6.37361e+06,64576.9,6.43819e+06,0.708483
0.856368,0.799946,6.37968e+06,64531.8,6.44421e+06,0.708506
0.856824,0.799946,6.38575e+06,64486.8,6.45023e+06,0.70853
0.85728,0.799946,6.39182e+06,64441.8,6.45626e+06,0.708554
0.857736,0.799946,6.39789e+06,64396.9,6.46229e+06,0.708578
0.858192,0.799946,6.40397e+06,64352,6.46832e+06,0.708601
0.858648,0.799946,6.41005e+06,64307.3,6.47435e+06,0.708625
0.859104,0.799946,6.41613e+06,64262.5,6.48039e+06,0.708649
0.85956,0.799946,6.42222e+06,64217.8,6.48643e+06,0.708673
0.860016,0.799946,6.4283e+06,64173.2,6.49248e+06,0.708696
0.860472,0.799946,6.4344e+06,64128.6,6.49852e+06,0.70872
0.860928,0.799945,6.44049e+06,64084.1,6.50457e+06,0.708744
0.861384,0.799945,6.44659e+06,64039.6,6.51063e+06,0.708767
0.86184,0.799945,6.45269e+06,63995.2,6.51668e+06,0.708791
0.862296,0.799945,6.45879e+06,63950.9,6.52274e+06,0.708815
0.862752,0.799945,6.4649e+06,63906.5,6.5288e+06,0.708838
0.863208,0.799945,6.47101e+06,63862.3,6.53487e+06,0.708862
0.863664,0.799945,6.47712e+06,63818.1,6.54094e+06,0.708885
0.86412,0.799945,6.48324e+06,63774,6.54701e+06,0.708909
0.864576,0.799945,6.48935e+06,63729.9,6.55308e+06,0.708933
0.865032,0.799945,6.49548e+06,63685.8,6.55916e+06,0.708956
0.865488,0.799945,6.5016e+06,63641.9,6.56524e+06,0.70898
0.865944,0.799945,6.50773e+06,63597.9,6.57133e+06,0.709003
0.8664,0.799945,6.51386e+06,63554.1,6.57741e+06,0.709027
0.866856,0.799945,6.51999e+06,63510.2,6.5835e+06,0.70905
0.867312,0.799945,6.52613e+06,63466.5,6.5896e+06,0.709074
0.867768,0.799945,6.53227e+06,63422.8,6.59569e+06,0.709097
0.868224,0.799945,6.53841e+06,63379.1,6.60179e+06,0.709121
0.86868,0.799945,6.54456e+06,63335.5,6.60789e+06,0.709144
0.869136,0.799945,6.5507e+06,63292,6.614e+06,0.709168
0.869592,0.799945,6.55686e+06,63248.5,6.6201e+06,0.709191
0.870048,0.799944,6.56301e+06,63205,6.62621e+06,0.709215
0.870504,0.799944,6.56917e+06,63161.6,6.63233e+06,0.709238
0.87096,0.799944,6.57533e+06,63118.3,6.63845e+06,0.709262
0.871416,0.799944,6.58149e+06,63075,6.64457e+06,0.709285
0.871872,0.799944,6.58766e+06,63031.7,6.65069e+06,0.709308
0.872328,0.799944,6.59383e+06,62988.6,6.65681e+06,0.709332
0.872784,0.799944,6.6e+06,62945.4,6.66294e+06,0.709355
0.87324,0.799944,6.60617e+06,62902.4,6.66908e+06,0.709379
0.873696,0.799944,6.61235e+06,62859.3,6.67521e+06,0.709402
0.874152,0.799944,6.61853e+06,62816.4,6.68135e+06,0.709425
0.874608,0.799944,6.62472e+06,62773.4,6.68749e+06,0.709449
0.875064,0.799944,6.6309e+06,62730.6,6.69363e+06,0.709472
0.87552,0.799944,6.63709e+06,62687.7,6.69978e+06,0.709495
0.875976,0.799944,6.64329e+06,62645,6.70593e+06,0.709519
0.876432,0.799944,6.64948e+06,62602.3,6.71208e+06,0.709542
0.876888,0.799944,6.65568e+06,62559.6,6.71824e+06,0.709565
0.877344,0.799944,6.66188e+06,62517,6.7244e+06,0.709589
0.8778,0.799944,6.66809e+06,62474.4,6.73056e+06,0.709612
0.878256,0.799944,6.67429e+06,62431.9,6.73673e+06,0.709635
0.878712,0.799944,6.6805e+06,62389.5,6.74289e+06,0.709658
0.879168,0.799943,6.68672e+06,62347.1,6.74907e+06,0.709682
0.879624,0.799943,6.69293e+06,62304.7,6.75524e+06,0.709705
0.88008,0.799943,6.69915e+06,62262.4,6.76142e+06,0.709728
0.880536,0.799943,6.70538e+06,62220.1,6.7676e+06,0.709751
0.880992,0.799943,6.7116e+06,62177.9,6.77378e+06,0.709774
0.881448,0.799943,6.71783e+06,62135.8,6.77997e+06,0.709798
0.881904,0.799943,6.72406e+06,62093.7,6.78615e+06,0.709821
0.88236,0.799943,6.7303e+06,62051.6,6.79235e+06,0.709844
0.882816,0.799943,6.73653e+06,62009.6,6.79854e+06,0.709867
0.883272,0.799943,6.74277e+06,61967.7,6.80474e+06,0.70989
0.883728,0.799943,6.74902e+06,61925.8,6.81094e+06,0.709913
0.884184,0.799943,6.75526e+06,61883.9,6.81714e+06,0.709937
0.88464,0.799943,6.76151e+06,61842.1,6.82335e+06,0.70996
0.885096,0.799943,6.76776e+06,61800.4,6.82956e+06,0.709983
0.885552,0.799943,6.77402e+06,61758.7,6.83577e+06,0.710006
0.886008,0.799943,6.78027e+06,61717,6.84199e+06,0.710029
0.886464,0.799943,6.78653e+06,61675.4,6.84821e+06,0.710052
0.88692,0.799943,6.7928e+06,61633.9,6.85443e+06,0.710075
0.887376,0.799943,6.79906e+06,61592.3,6.86066e+06,0.710098
0.887832,0.799942,6.80533e+06,61550.9,6.86688e+06,0.710121
0.888288,0.799942,6.81161e+06,61509.5,6.87312e+06,0.710144
0.888744,0.799942,6.81788e+06,61468.1,6.87935e+06,0.710167
0.8892,0.799942,6.82416e+06,61426.8,6.88559e+06,0.71019
0.889656,0.799942,6.83044e+06,61385.6,6.89183e+06,0.710213
0.890112,0.799942,6.83672e+06,61344.4,6.89807e+06,0.710236
0.890568,0.799942,6.84301e+06,61303.2,6.90431e+06,0.710259
0.891024,0.799942,6.8493e+06,61262.1,6.91056e+06,0.710282
0.89148,0.799942,6.85559e+06,61221,6.91681e+06,0.710305
0.891936,0.799942,6.86189e+06,61180,6.92307e+06,0.710328
0.892392,0.799942,6.86819e+06,61139.1,6.92933e+06,0.710351
0.892848,0.799942,6.87449e+06,61098.1,6.93559e+06,0.710374
0.893304,0.799942,6.88079e+06,61057.3,6.94185e+06,0.710397
0.89376,0.799942,6.8871e+06,61016.5,6.94812e+06,0.71042
0.894216,0.799942,6.89341e+06,60975.7,6.95439e+06,0.710443
0.894672,0.799942,6.89972e+06,60935,6.96066e+06,0.710466
0.895128,0.799942,6.90604e+06,60894.3,6.96693e+06,0.710488
0.895584,0.799942,6.91236e+06,60853.7,6.97321e+06,0.710511
0.89604,0.799942,6.91868e+06,60813.1,6.97949e+06,0.710534
0.896496,0.799941,6.925e+06,60772.5,6.98578e+06,0.710557
0.896952,0.799941,6.93133e+06,60732.1,6.99206e+06,0.71058
0.897408,0.799941,6.93766e+06,60691.6,6.99835e+06,0.710603
0.897864,0.799941,6.944e+06,60651.2,7.00465e+06,0.710626
0.89832,0.799941,6.95033e+06,60610.9,7.01094e+06,0.710648
0.898776,0.799941,6.95667e+06,60570.6,7.01724e+06,0.710671
0.899232,0.799941,6.96301e+06,60530.4,7.02354e+06,0.710694
0.899688,0.799941,6.96936e+06,60490.2,7.02985e+06,0.710717
0.900144,0.799941,6.97571e+06,60450,7.03616e+06,0.710739
0.9006,0.799941,6.98206e+06,60409.9,7.04247e+06,0.710762
0.901056,0.799941,6.98841e+06,60369.8,7.04878e+06,0.710785
0.901512,0.799941,6.99477e+06,60329.8,7.0551e+06,0.710808
0.901968,0.799941,7.00113e+06,60289.9,7.06142e+06,0.71083
0.902424,0.799941,7.00749e+06,60250,7.06774e+06,0.710853
0.90288,0.799941,7.01385e+06,60210.1,7.07406e+06,0.710876
0.903336,0.799941,7.02022e+06,60170.3,7.08039e+06,0.710898
0.903792,0.799941,7.02659e+06,60130.5,7.08672e+06,0.710921
0.904248,0.799941,7.03297e+06,60090.7,7.09306e+06,0.710944
0.904704,0.799941,7.03934e+06,60051.1,7.09939e+06,0.710966
0.90516,0.79994,7.04572e+06,60011.4,7.10573e+06,0.710989
0.905616,0.79994,7.0521e+06,59971.8,7.11208e+06,0.711012
0.906072,0.79994,7.05849e+06,59932.3,7.11842e+06,0.711034
0.906528,0.79994,7.06488e+06,59892.8,7.12477e+06,0.711057
0.906984,0.79994,7.07127e+06,59853.3,7.13112e+06,0.71108
0.90744,0.79994,7.07766e+06,59813.9,7.13748e+06,0.711102
0.907896,0.79994,7.08406e+06,59774.6,7.14383e+06,0.711125
0.908352,0.79994,7.09046e+06,59735.2,7.15019e+06,0.711147
0.908808,0.79994,7.09686e+06,59696,7.15656e+06,0.71117
0.909264,0.79994,7.10327e+06,59656.8,7.16292e+06,0.711193
0.90972,0.79994,7.10968e+06,59617.6,7.16929e+06,0.711215
0.910176,0.79994,7.11609e+06,59578.4,7.17566e+06,0.711238
0.910632,0.79994,7.1225e+06,59539.4,7.18204e+06,0.71126
0.911088,0.79994,7.12892e+06,59500.3,7.18842e+06,0.711283
0.911544,0.79994,7.13534e+06,59461.3,7.1948e+06,0.711305
0.912,0.79994,7.14176e+06,59422.4,7.20118e+06,0.711328
0.912456,0.79994,7.14818e+06,59383.4,7.20757e+06,0.71135
0.912912,0.79994,7.15461e+06,59344.6,7.21396e+06,0.711373
0.913368,0.799939,7.16104e+06,59305.8,7.22035e+06,0.711395
0.913824,0.799939,7.16748e+06,59267,7.22674e+06,0.711418
0.91428,0.799939,7.17391e+06,59228.3,7.23314e+06,0.71144
0.914736,0.799939,7.18035e+06,59189.6,7.23954e+06,0.711462
0.915192,0.799939,7.1868e+06,59150.9,7.24595e+06,0.711485
0.915648,0.799939,7.19324e+06,59112.3,7.25235e+06,0.711507
0.916104,0.799939,7.19969e+06,59073.8,7.25876e+06,0.71153
0.91656,0.799939,7.20614e+06,59035.3,7.26518e+06,0.711552
0.917016,0.799939,7.21259e+06,58996.8,7.27159e+06,0.711574
0.917472,0.799939,7.21905e+06,58958.4,7.27801e+06,0.711597
0.917928,0.799939,7.22551e+06,58920,7.28443e+06,0.711619
0.918384,0.799939,7.23197e+06,58881.7,7.29085e+06,0.711641
0.91884,0.799939,7.23844e+06,58843.4,7.29728e+06,0.711664
0.919296,0.799939,7.24491e+06,58805.2,7.30371e+06,0.711686
0.919752,0.799939,7.25138e+06,58767,7.31014e+06,0.711708
0.920208,0.799939,7.25785e+06,58728.8,7.31658e+06,0.711731
0.920664,0.799939,7.26433e+06,58690.7,7.32302e+06,0.711753
0.92112,0.799939,7.27081e+06,58652.6,7.32946e+06,0.711775
0.921576,0.799939,7.27729e+06,58614.6,7.3359e+06,0.711798
0.922032,0.799938,7.28377e+06,58576.6,7.34235e+06,0.71182
0.922488,0.799938,7.29026e+06,58538.7,7.3488e+06,0.711842
0.922944,0.799938,7.29675e+06,58500.8,7.35525e+06,0.711864
0.9234,0.799938,7.30325e+06,58463,7.36171e+06,0.711887
0.923856,0.799938,7.30974e+06,58425.2,7.36817e+06,0.711909
0.924312,0.799938,7.31624e+06,58387.4,7.37463e+06,0.711931
0.924768,0.799938,7.32274e+06,58349.7,7.38109e+06,0.711953
0.925224,0.799938,7.32925e+06,58312,7.38756e+06,0.711976
0.92568,0.799938,7.33576e+06,58274.4,7.39403e+06,0.711998
0.926136,0.799938,7.34227e+06,58236.8,7.4005e+06,0.71202
0.926592,0.799938,7.34878e+06,58199.2,7.40698e+06,0.712042
0.927048,0.799938,7.3553e+06,58161.7,7.41346e+06,0.712064
0.927504,0.799938,7.36181e+06,58124.3,7.41994e+06,0.712086
0.92796,0.799938,7.36834e+06,58086.8,7.42642e+06,0.712109
0.928416,0.799938,7.37486e+06,58049.5,7.43291e+06,0.712131
0.928872,0.799938,7.38139e+06,58012.1,7.4394e+06,0.712153
0.929328,0.799938,7.38792e+06,57974.8,7.44589e+06,0.712175
0.929784,0.799937,7.39445e+06,57937.6,7.45239e+06,0.712197
0.93024,0.799937,7.40099e+06,57900.4,7.45889e+06,0.712219
0.930696,0.799937,7.40752e+06,57863.2,7.46539e+06,0.712241
0.931152,0.799937,7.41407e+06,57826.1,7.47189e+06,0.712263
0.931608,0.799937,7.42061e+06,57789,7.4784e+06,0.712285
0.932064,0.799937,7.42716e+06,57752,7.48491e+06,0.712307
0.93252,0.799937,7.43371e+06,57715,7.49142e+06,0.712329
0.932976,0.799937,7.44026e+06,57678,7.49794e+06,0.712351
0.933432,0.799937,7.44681e+06,57641.1,7.50445e+06,0.712373
0.933888,0.799937,7.45337e+06,57604.2,7.51098e+06,0.712395
0.934344,0.799937,7.45993e+06,57567.4,7.5175e+06,0.712417
0.9348,0.799937,7.4665e+06,57530.6,7.52403e+06,0.712439
0.935256,0.799937,7.47306e+06,57493.8,7.53056e+06,0.712461
0.935712,0.799937,7.47963e+06,57457.1,7.53709e+06,0.712483
0.936168,0.799937,7.4862e+06,57420.5,7.54362e+06,0.712505
0.936624,0.799937,7.49278e+06,57383.8,7.55016e+06,0.712527
0.93708,0.799937,7.49936e+06,57347.3,7.5567e+06,0.712549
0.937536,0.799937,7.50594e+06,57310.7,7.56325e+06,0.712571
0.937992,0.799936,7.51252e+06,57274.2,7.56979e+06,0.712593
0.938448,0.799936,7.5191e+06,57237.7,7.57634e+06,0.712615
0.938904,0.799936,7.52569e+06,57201.3,7.58289e+06,0.712637
0.93936,0.799936,7.53228e+06,57164.9,7.58945e+06,0.712659
0.939816,0.799936,7.53888e+06,57128.6,7.59601e+06,0.712681
0.940272,0.799936,7.54548e+06,57092.3,7.60257e+06,0.712702
0.940728,0.799936,7.55207e+06,57056.1,7.60913e+06,0.712724
0.941184,0.799936,7.55868e+06,57019.8,7.6157e+06,0.712746
0.94164,0.799936,7.56528e+06,56983.7,7.62227e+06,0.712768
0.942096,0.799936,7.57189e+06,56947.5,7.62884e+06,0.71279
0.942552,0.799936,7.5785e+06,56911.4,7.63541e+06,0.712812
0.943008,0.799936,7.58511e+06,56875.4,7.64199e+06,0.712833
0.943464,0.799936,7.59173e+06,56839.4,7.64857e+06,0.712855
0.94392,0.799936,7.59835e+06,56803.4,7.65515e+06,0.712877
0.944376,0.799936,7.60497e+06,56767.5,7.66174e+06,0.712899
0.944832,0.799936,7.6116e+06,56731.6,7.66833e+06,0.712921
0.945288,0.799936,7.61822e+06,56695.7,7.67492e+06,0.712942
0.945744,0.799935,7.62485e+06,56659.9,7.68151e+06,0.712964
0.9462,0.799935,7.63149e+06,56624.1,7.68811e+06,0.712986
0.946656,0.799935,7.63812e+06,56588.4,7.69471e+06,0.713008
0.947112,0.799935,7.64476e+06,56552.7,7.70131e+06,0.713029
0.947568,0.799935,7.6514e+06,56517,7.70792e+06,0.713051
0.948024,0.799935,7.65804e+06,56481.4,7.71453e+06,0.713073
0.94848,0.799935,7.66469e+06,56445.8,7.72114e+06,0.713094
0.948936,0.799935,7.67134e+06,56410.3,7.72775e+06,0.713116
0.949392,0.799935,7.67799e+06,56374.8,7.73437e+06,0.713138
0.949848,0.799935,7.68465e+06,56339.3,7.74099e+06,0.713159
0.950304,0.799935,7.6913e+06,56303.9,7.74761e+06,0.713181
0.95076,0.799935,7.69796e+06,56268.5,7.75423e+06,0.713203
0.951216,0.799935,7.70463e+06,56233.2,7.76086e+06,0.713224
0.951672,0.799935,7.71129e+06,56197.9,7.76749e+06,0.713246
0.952128,0.799935,7.71796e+06,56162.6,7.77412e+06,0.713268
0.952584,0.799935,7.72463e+06,56127.4,7.78076e+06,0.713289
0.95304,0.799935,7.73131e+06,56092.2,7.7874e+06,0.713311
0.953496,0.799934,7.73798e+06,56057.1,7.79404e+06,0.713332
0.953952,0.799934,7.74466e+06,56022,7.80068e+06,0.713354
0.954408,0.799934,7.75134e+06,55986.9,7.80733e+06,0.713375
0.954864,0.799934,7.75803e+06,55951.9,7.81398e+06,0.713397
0.95532,0.799934,7.76472e+06,55916.9,7.82063e+06,0.713419
0.955776,0.799934,7.77141e+06,55881.9,7.82729e+06,0.71344
0.956232,0.799934,7.7781e+06,55847,7.83395e+06,0.713462
0.956688,0.799934,7.7848e+06,55812.1,7.84061e+06,0.713483
0.957144,0.799934,7.79149e+06,55777.3,7.84727e+06,0.713505
0.9576,0.799934,7.79819e+06,55742.5,7.85394e+06,0.713526
0.958056,0.799934,7.8049e+06,55707.8,7.86061e+06,0.713548
0.958512,0.799934,7.8116e+06,55673,7.86728e+06,0.713569
0.958968,0.799934,7.81831e+06,55638.3,7.87395e+06,0.713591
0.959424,0.799934,7.82503e+06,55603.7,7.88063e+06,0.713612
0.95988,0.799934,7.83174e+06,55569.1,7.88731e+06,0.713633
0.960336,0.799934,7.83846e+06,55534.5,7.89399e+06,0.713655
0.960792,0.799934,7.84518e+06,55500,7.90068e+06,0.713676
0.961248,0.799933,7.8519e+06,55465.5,7.90737e+06,0.713698
0.961704,0.799933,7.85863e+06,55431,7.91406e+06,0.713719
0.96216,0.799933,7.86535e+06,55396.6,7.92075e+06,0.713741
0.962616,0.799933,7.87208e+06,55362.2,7.92745e+06,0.713762
0.963072,0.799933,7.87882e+06,55327.9,7.93415e+06,0.713783
0.963528,0.799933,7.88555e+06,55293.6,7.94085e+06,0.713805
0.963984,0.799933,7.89229e+06,55259.3,7.94755e+06,0.713826
0.96444,0.799933,7.89903e+06,55225.1,7.95426e+06,0.713847
0.964896,0.799933,7.90578e+06,55190.9,7.96097e+06,0.713869
0.965352,0.799933,7.91253e+06,55156.7,7.96768e+06,0.71389
0.965808,0.799933,7.91927e+06,55122.6,7.9744e+06,0.713911
0.966264,0.799933,7.92603e+06,55088.5,7.98112e+06,0.713933
0.96672,0.799933,7.93278e+06,55054.5,7.98784e+06,0.713954
0.967176,0.799933,7.93954e+06,55020.5,7.99456e+06,0.713975
0.967632,0.799933,7.9463e+06,54986.5,8.00129e+06,0.713997
0.968088,0.799933,7.95306e+06,54952.6,8.00802e+06,0.714018
0.968544,0.799933,7.95983e+06,54918.7,8.01475e+06,0.714039
0.969,0.799932,7.9666e+06,54884.8,8.02148e+06,0.71406
0.969456,0.799932,7.97337e+06,54851,8.02822e+06,0.714082
0.969912,0.799932,7.98014e+06,54817.2,8.03496e+06,0.714103
0.970368,0.799932,7.98692e+06,54783.4,8.0417e+06,0.714124
0.970824,0.799932,7.9937e+06,54749.7,8.04845e+06,0.714145
0.97128,0.799932,8.00048e+06,54716,8.05519e+06,0.714166
0.971736,0.799932,8.00726e+06,54682.4,8.06195e+06,0.714188
0.972192,0.799932,8.01405e+06,54648.8,8.0687e+06,0.714209
0.972648,0.799932,8.02084e+06,54615.2,8.07546e+06,0.71423
0.973104,0.799932,8.02763e+06,54581.7,8.08221e+06,0.714251
0.97356,0.799932,8.03443e+06,54548.2,8.08898e+06,0.714272
0.974016,0.799932,8.04122e+06,54514.7,8.09574e+06,0.714293
0.974472,0.799932,8.04803e+06,54481.3,8.10251e+06,0.714315
0.974928,0.799932,8.05483e+06,54447.9,8.10928e+06,0.714336
0.975384,0.799932,8.06163e+06,54414.6,8.11605e+06,0.714357
0.97584,0.799932,8.06844e+06,54381.3,8.12282e+06,0.714378
0.976296,0.799931,8.07525e+06,54348,8.1296e+06,0.714399
0.976752,0.799931,8.08207e+06,54314.7,8.13638e+06,0.71442
0.977208,0.799931,8.08888e+06,54281.5,8.14316e+06,0.714441
0.977664,0.799931,8.0957e+06,54248.3,8.14995e+06,0.714462
0.97812,0.799931,8.10252e+06,54215.2,8.15674e+06,0.714483
0.978576,0.799931,8.10935e+06,54182.1,8.16353e+06,0.714504
0.979032,0.799931,8.11617e+06,54149,8.17032e+06,0.714525
0.979488,0.799931,8.123e+06,54116,8.17712e+06,0.714546
0.979944,0.799931,8.12984e+06,54083,8.18392e+06,0.714567
0.9804,0.799931,8.13667e+06,54050.1,8.19072e+06,0.714588
0.980856,0.799931,8.14351e+06,54017.1,8.19752e+06,0.714609
0.981312,0.799931,8.15035e+06,53984.2,8.20433e+06,0.71463
0.981768,0.799931,8.15719e+06,53951.4,8.21114e+06,0.714651
0.982224,0.799931,8.16404e+06,53918.6,8.21795e+06,0.714672
0.98268,0.799931,8.17088e+06,53885.8,8.22477e+06,0.714693
0.983136,0.799931,8.17773e+06,53853,8.23159e+06,0.714714
0.983592,0.79993,8.18459e+06,53820.3,8.23841e+06,0.714735
0.984048,0.79993,8.19144e+06,53787.6,8.24523e+06,0.714756
0.984504,0.79993,8.1983e+06,53755,8.25206e+06,0.714777
0.98496,0.79993,8.20516e+06,53722.4,8.25888e+06,0.714798
0.985416,0.79993,8.21203e+06,53689.8,8.26572e+06,0.714819
0.985872,0.79993,8.21889e+06,53657.3,8.27255e+06,0.71484
0.986328,0.79993,8.22576e+06,53624.8,8.27939e+06,0.714861
0.986784,0.79993,8.23263e+06,53592.3,8.28622e+06,0.714882
0.98724,0.79993,8.23951e+06,53559.9,8.29307e+06,0.714902
0.987696,0.79993,8.24638e+06,53527.5,8.29991e+06,0.714923
0.988152,0.79993,8.25326e+06,53495.1,8.30676e+06,0.714944
0.988608,0.79993,8.26014e+06,53462.7,8.31361e+06,0.714965
0.989064,0.79993,8.26703e+06,53430.5,8.32046e+06,0.714986
0.98952,0.79993,8.27392e+06,53398.2,8.32731e+06,0.715007
0.989976,0.79993,8.2808e+06,53366,8.33417e+06,0.715027
0.990432,0.79993,8.2877e+06,53333.8,8.34103e+06,0.715048
0.990888,0.799929,8.29459e+06,53301.6,8.34789e+06,0.715069
0.991344,0.799929,8.30149e+06,53269.5,8.35476e+06,0.71509
0.9918,0.799929,8.30839e+06,53237.4,8.36163e+06,0.715111
0.992256,0.799929,8.31529e+06,53205.3,8.3685e+06,0.715131
0.992712,0.799929,8.3222e+06,53173.3,8.37537e+06,0.715152
0.993168,0.799929,8.32911e+06,53141.3,8.38225e+06,0.715173
0.993624,0.799929,8.33602e+06,53109.3,8.38912e+06,0.715194
0.99408,0.799929,8.34293e+06,53077.4,8.39601e+06,0.715214
0.994536,0.799929,8.34984e+06,53045.5,8.40289e+06,0.715235
0.994992,0.799929,8.35676e+06,53013.7,8.40978e+06,0.715256
0.995448,0.799929,8.36368e+06,52981.8,8.41666e+06,0.715276
0.995904,0.799929,8.37061e+06,52950.1,8.42356e+06,0.715297
0.99636,0.799929,8.37753e+06,52918.3,8.43045e+06,0.715318
0.996816,0.799929,8.38446e+06,52886.6,8.43735e+06,0.715338
0.997272,0.799929,8.39139e+06,52854.9,8.44425e+06,0.715359
0.997728,0.799929,8.39833e+06,52823.2,8.45115e+06,0.71538
0.998184,0.799928,8.40526e+06,52791.6,8.45805e+06,0.7154
0.99864,0.799928,8.4122e+06,52760,8.46496e+06,0.715421
0.999096,0.799928,8.41914e+06,52728.5,8.47187e+06,0.715442
0.999552,0.799928,8.42609e+06,52696.9,8.47878e+06,0.715462
1.00001,0.799928,8.43303e+06,52665.4,8.4857e+06,0.715483
1.00046,0.799928,8.43998e+06,52634,8.49262e+06,0.715503
1.00092,0.799928,8.44693e+06,52602.6,8.49954e+06,0.715524
1.00138,0.799928,8.45389e+06,52571.2,8.50646e+06,0.715545
1.00183,0.799928,8.46084e+06,52539.8,8.51338e+06,0.715565
1.00229,0.799928,8.4678e+06,52508.5,8.52031e+06,0.715586
1.00274,0.799928,8.47477e+06,52477.2,8.52724e+06,0.715606
1.0032,0.799928,8.48173e+06,52445.9,8.53418e+06,0.715627
1.00366,0.799928,8.4887e+06,52414.7,8.54111e+06,0.715647
1.00411,0.799928,8.49567e+06,52383.5,8.54805e+06,0.715668
1.00457,0.799928,8.50264e+06,52352.3,8.55499e+06,0.715688
1.00502,0.799927,8.50961e+06,52321.2,8.56193e+06,0.715709
1.00548,0.799927,8.51659e+06,52290.1,8.56888e+06,0.715729
1.00594,0.799927,8.52357e+06,52259,8.57583e+06,0.71575
1.00639,0.799927,8.53055e+06,52228,8.58278e+06,0.71577
1.00685,0.799927,8.53754e+06,52197,8.58973e+06,0.715791
1.0073,0.799927,8.54452e+06,52166,8.59669e+06,0.715811
1.00776,0.799927,8.55151e+06,52135.1,8.60365e+06,0.715832
1.00822,0.799927,8.55851e+06,52104.2,8.61061e+06,0.715852
1.00867,0.799927,8.5655e+06,52073.3,8.61757e+06,0.715873
1.00913,0.799927,8.5725e+06,52042.5,8.62454e+06,0.715893
1.00958,0.799927,8.5795e+06,52011.7,8.63151e+06,0.715913
1.01004,0.799927,8.5865e+06,51980.9,8.63848e+06,0.715934
1.0105,0.799927,8.59351e+06,51950.2,8.64546e+06,0.715954
1.01095,0.799927,8.60051e+06,51919.5,8.65243e+06,0.715975
1.01141,0.799927,8.60752e+06,51888.8,8.65941e+06,0.715995
1.01186,0.799927,8.61454e+06,51858.1,8.66639e+06,0.716015
1.01232,0.799926,8.62155e+06,51827.5,8.67338e+06,0.716036
1.01278,0.799926,8.62857e+06,51796.9,8.68037e+06,0.716056
1.01323,0.799926,8.63559e+06,51766.4,8.68736e+06,0.716076
1.01369,0.799926,8.64261e+06,51735.9,8.69435e+06,0.716097
1.01414,0.799926,8.64964e+06,51705.4,8.70134e+06,0.716117
1.0146,0.799926,8.65666e+06,51674.9,8.70834e+06,0.716137
1.01506,0.799926,8.66369e+06,51644.5,8.71534e+06,0.716158
1.01551,0.799926,8.67073e+06,51614.1,8.72234e+06,0.716178
1.01597,0.799926,8.67776e+06,51583.7,8.72935e+06,0.716198
1.01642,0.799926,8.6848e+06,51553.4,8.73635e+06,0.716218
1.01688,0.799926,8.69184e+06,51523.1,8.74336e+06,0.716239
1.01734,0.799926,8.69888e+06,51492.8,8.75038e+06,0.716259
1.01779,0.799926,8.70593e+06,51462.6,8.75739e+06,0.716279
1.01825,0.799926,8.71298e+06,51432.4,8.76441e+06,0.716299
1.0187,0.799926,8.72003e+06,51402.2,8.77143e+06,0.71632
1.01916,0.799925,8.72708e+06,51372.1,8.77845e+06,0.71634
1.01962,0.799925,8.73413e+06,51341.9,8.78548e+06,0.71636
1.02007,0.799925,8.74119e+06,51311.9,8.7925e+06,0.71638
1.02053,0.799925,8.74825e+06,51281.8,8.79953e+06,0.7164
1.02098,0.799925,8.75532e+06,51251.8,8.80657e+06,0.716421
1.02144,0.799925,8.76238e+06,51221.8,8.8136e+06,0.716441
1.0219,0.799925,8.76945e+06,51191.8,8.82064e+06,0.716461
1.02235,0.799925,8.77652e+06,51161.9,8.82768e+06,0.716481
1.02281,0.799925,8.78359e+06,51132,8.83472e+06,0.716501
1.02326,0.799925,8.79067e+06,51102.1,8.84177e+06,0.716521
1.02372,0.799925,8.79774e+06,51072.3,8.84882e+06,0.716541
1.02418,0.799925,8.80482e+06,51042.5,8.85587e+06,0.716562
1.02463,0.799925,8.81191e+06,51012.7,8.86292e+06,0.716582
1.02509,0.799925,8.81899e+06,50983,8.86997e+06,0.716602
1.02554,0.799925,8.82608e+06,50953.2,8.87703e+06,0.716622
1.026,0.799924,8.83317e+06,50923.6,8.88409e+06,0.716642
1.02646,0.799924,8.84026e+06,50893.9,8.89116e+06,0.716662
1.02691,0.799924,8.84736e+06,50864.3,8.89822e+06,0.716682
1.02737,0.799924,8.85445e+06,50834.7,8.90529e+06,0.716702
1.02782,0.799924,8.86155e+06,50805.1,8.91236e+06,0.716722
1.02828,0.799924,8.86866e+06,50775.6,8.91943e+06,0.716742
1.02874,0.799924,8.87576e+06,50746.1,8.92651e+06,0.716762
1.02919,0.799924,8.88287e+06,50716.6,8.93358e+06,0.716782
1.02965,0.799924,8.88998e+06,50687.2,8.94066e+06,0.716802
1.0301,0.799924,8.89709e+06,50657.8,8.94775e+06,0.716822
1.03056,0.799924,8.9042e+06,50628.4,8.95483e+06,0.716842
1.03102,0.799924,8.91132e+06,50599,8.96192e+06,0.716862
1.03147,0.799924,8.91844e+06,50569.7,8.96901e+06,0.716882
1.03193,0.799924,8.92556e+06,50540.4,8.9761e+06,0.716902
1.03238,0.799923,8.93269e+06,50511.1,8.9832e+06,0.716922
1.03284,0.799923,8.93981e+06,50481.9,8.9903e+06,0.716942
1.0333,0.799923,8.94694e+06,50452.7,8.9974e+06,0.716962
1.03375,0.799923,8.95407e+06,50423.5,9.0045e+06,0.716982
1.03421,0.799923,8.96121e+06,50394.4,9.0116e+06,0.717002
1.03466,0.799923,8.96834e+06,50365.2,9.01871e+06,0.717022
1.03512,0.799923,8.97548e+06,50336.2,9.02582e+06,0.717042
1.03558,0.799923,8.98263e+06,50307.1,9.03293e+06,0.717061
1.03603,0.799923,8.98977e+06,50278.1,9.04005e+06,0.717081
1.03649,0.799923,8.99692e+06,50249.1,9.04716e+06,0.717101
1.03694,0.799923,9.00406e+06,50220.1,9.05428e+06,0.717121
1.0374,0.799923,9.01122e+06,50191.2,9.06141e+06,0.717141
1.03786,0.799923,9.01837e+06,50162.3,9.06853e+06,0.717161
1.03831,0.799923,9.02552e+06,50133.4,9.07566e+06,0.717181
1.03877,0.799923,9.03268e+06,50104.5,9.08279e+06,0.7172
1.03922,0.799922,9.03984e+06,50075.7,9.08992e+06,0.71722
1.03968,0.799922,9.04701e+06,50046.9,9.09705e+06,0.71724
1.04014,0.799922,9.05417e+06,50018.1,9.10419e+06,0.71726
1.04059,0.799922,9.06134e+06,49989.4,9.11133e+06,0.71728
1.04105,0.799922,9.06851e+06,49960.7,9.11847e+06,0.717299
1.0415,0.799922,9.07568e+06,49932,9.12562e+06,0.717319
1.04196,0.799922,9.08286e+06,49903.4,9.13276e+06,0.717339
1.04242,0.799922,9.09004e+06,49874.7,9.13991e+06,0.717359
1.04287,0.799922,9.09722e+06,49846.1,9.14706e+06,0.717378
1.04333,0.799922,9.1044e+06,49817.6,9.15422e+06,0.717398
1.04378,0.799922,9.11158e+06,49789,9.16137e+06,0.717418
1.04424,0.799922,9.11877e+06,49760.5,9.16853e+06,0.717438
1.0447,0.799922,9.12596e+06,49732.1,9.17569e+06,0.717457
1.04515,0.799922,9.13315e+06,49703.6,9.18286e+06,0.717477
1.04561,0.799921,9.14035e+06,49675.2,9.19002e+06,0.717497
1.04606,0.799921,9.14755e+06,49646.8,9.19719e+06,0.717516
1.04652,0.799921,9.15474e+06,49618.4,9.20436e+06,0.717536
1.04698,0.799921,9.16195e+06,49590.1,9.21154e+06,0.717556
1.04743,0.799921,9.16915e+06,49561.8,9.21871e+06,0.717575
1.04789,0.799921,9.17636e+06,49533.5,9.22589e+06,0.717595
1.04834,0.799921,9.18357e+06,49505.2,9.23307e+06,0.717615
1.0488,0.799921,9.19078e+06,49477,9.24025e+06,0.717634
1.04926,0.799921,9.19799e+06,49448.8,9.24744e+06,0.717654
1.04971,0.799921,9.20521e+06,49420.7,9.25463e+06,0.717673
1.05017,0.799921,9.21242e+06,49392.5,9.26182e+06,0.717693
1.05062,0.799921,9.21965e+06,49364.4,9.26901e+06,0.717713
1.05108,0.799921,9.22687e+06,49336.3,9.2762e+06,0.717732
1.05154,0.799921,9.23409e+06,49308.3,9.2834e+06,0.717752
1.05199,0.799921,9.24132e+06,49280.2,9.2906e+06,0.717771
1.05245,0.79992,9.24855e+06,49252.2,9.2978e+06,0.717791
1.0529,0.79992,9.25578e+06,49224.3,9.30501e+06,0.71781
1.05336,0.79992,9.26302e+06,49196.3,9.31222e+06,0.71783
1.05382,0.79992,9.27026e+06,49168.4,9.31943e+06,0.717849
1.05427,0.79992,9.2775e+06,49140.5,9.32664e+06,0.717869
1.05473,0.79992,9.28474e+06,49112.7,9.33385e+06,0.717888
1.05518,0.79992,9.29198e+06,49084.8,9.34107e+06,0.717908
1.05564,0.79992,9.29923e+06,49057,9.34829e+06,0.717927
1.0561,0.79992,9.30648e+06,49029.2,9.35551e+06,0.717947
1.05655,0.79992,9.31373e+06,49001.5,9.36273e+06,0.717966
1.05701,0.79992,9.32098e+06,48973.8,9.36996e+06,0.717986
1.05746,0.79992,9.32824e+06,48946.1,9.37719e+06,0.718005
1.05792,0.79992,9.3355e+06,48918.4,9.38442e+06,0.718025
1.05838,0.79992,9.34276e+06,48890.8,9.39165e+06,0.718044
1.05883,0.799919,9.35002e+06,48863.2,9.39889e+06,0.718064
1.05929,0.799919,9.35729e+06,48835.6,9.40612e+06,0.718083
1.05974,0.799919,9.36456e+06,48808,9.41336e+06,0.718103
1.0602,0.799919,9.37183e+06,48780.5,9.42061e+06,0.718122
1.06066,0.799919,9.3791e+06,48753,9.42785e+06,0.718141
1.06111,0.799919,9.38637e+06,48725.5,9.4351e+06,0.718161
1.06157,0.799919,9.39365e+06,48698,9.44235e+06,0.71818
1.06202,0.799919,9.40093e+06,48670.6,9.4496e+06,0.718199
1.06248,0.799919,9.40821e+06,48643.2,9.45686e+06,0.718219
1.06294,0.799919,9.4155e+06,48615.9,9.46411e+06,0.718238
1.06339,0.799919,9.42278e+06,48588.5,9.47137e+06,0.718257
1.06385,0.799919,9.43007e+06,48561.2,9.47863e+06,0.718277
1.0643,0.799919,9.43736e+06,48533.9,9.4859e+06,0.718296
1.06476,0.799919,9.44466e+06,48506.7,9.49316e+06,0.718315
1.06522,0.799918,9.45195e+06,48479.4,9.50043e+06,0.718335
1.06567,0.799918,9.45925e+06,48452.2,9.5077e+06,0.718354
1.06613,0.799918,9.46655e+06,48425,9.51498e+06,0.718373
1.06658,0.799918,9.47385e+06,48397.9,9.52225e+06,0.718393
1.06704,0.799918,9.48116e+06,48370.7,9.52953e+06,0.718412
1.0675,0.799918,9.48847e+06,48343.6,9.53681e+06,0.718431
1.06795,0.799918,9.49578e+06,48316.6,9.54409e+06,0.71845
1.06841,0.799918,9.50309e+06,48289.5,9.55138e+06,0.71847
1.06886,0.799918,9.5104e+06,48262.5,9.55866e+06,0.718489
1.06932,0.799918,9.51772e+06,48235.5,9.56595e+06,0.718508
1.06978,0.799918,9.52504e+06,48208.5,9.57325e+06,0.718527
1.07023,0.799918,9.53236e+06,48181.6,9.58054e+06,0.718547
1.07069,0.799918,9.53968e+06,48154.7,9.58784e+06,0.718566
1.07114,0.799918,9.54701e+06,48127.8,9.59513e+06,0.718585
1.0716,0.799917,9.55434e+06,48100.9,9.60244e+06,0.718604
1.07206,0.799917,9.56167e+06,48074.1,9.60974e+06,0.718623
1.07251,0.799917,9.569e+06,48047.3,9.61705e+06,0.718642
1.07297,0.799917,9.57633e+06,48020.5,9.62435e+06,0.718662
1.07342,0.799917,9.58367e+06,47993.7,9.63166e+06,0.718681
1.07388,0.799917,9.59101e+06,47967,9.63898e+06,0.7187
1.07434,0.799917,9.59835e+06,47940.3,9.64629e+06,0.718719
1.07479,0.799917,9.6057e+06,47913.6,9.65361e+06,0.718738
1.07525,0.799917,9.61304e+06,47886.9,9.66093e+06,0.718757
1.0757,0.799917,9.62039e+06,47860.3,9.66825e+06,0.718776
1.07616,0.799917,9.62774e+06,47833.7,9.67557e+06,0.718795
1.07662,0.799917,9.63509e+06,47807.1,9.6829e+06,0.718815
1.07707,0.799917,9.64245e+06,47780.6,9.69023e+06,0.718834
1.07753,0.799916,9.64981e+06,47754,9.69756e+06,0.718853
1.07798,0.799916,9.65717e+06,47727.5,9.70489e+06,0.718872
1.07844,0.799916,9.66453e+06,47701.1,9.71223e+06,0.718891
1.0789,0.799916,9.67189e+06,47674.6,9.71957e+06,0.71891
1.07935,0.799916,9.67926e+06,47648.2,9.72691e+06,0.718929
1.07981,0.799916,9.68663e+06,47621.8,9.73425e+06,0.718948
1.08026,0.799916,9.694e+06,47595.4,9.7416e+06,0.718967
1.08072,0.799916,9.70137e+06,47569.1,9.74894e+06,0.718986
1.08118,0.799916,9.70875e+06,47542.8,9.75629e+06,0.719005
1.08163,0.799916,9.71613e+06,47516.5,9.76364e+06,0.719024
1.08209,0.799916,9.72351e+06,47490.2,9.771e+06,0.719043
1.08254,0.799916,9.73089e+06,47463.9,9.77835e+06,0.719062
1.083,0.799916,9.73828e+06,47437.7,9.78571e+06,0.719081
1.08346,0.799916,9.74566e+06,47411.5,9.79307e+06,0.7191
1.08391,0.799915,9.75305e+06,47385.4,9.80044e+06,0.719119
1.08437,0.799915,9.76044e+06,47359.2,9.8078e+06,0.719138
1.08482,0.799915,9.76784e+06,47333.1,9.81517e+06,0.719157
1.08528,0.799915,9.77523e+06,47307,9.82254e+06,0.719176
1.08574,0.799915,9.78263e+06,47280.9,9.82991e+06,0.719195
1.08619,0.799915,9.79003e+06,47254.9,9.83729e+06,0.719213
1.08665,0.799915,9.79743e+06,47228.9,9.84466e+06,0.719232
1.0871,0.799915,9.80484e+06,47202.9,9.85204e+06,0.719251
1.08756,0.799915,9.81225e+06,47176.9,9.85942e+06,0.71927
1.08802,0.799915,9.81966e+06,47151,9.86681e+06,0.719289
1.08847,0.799915,9.82707e+06,47125,9.87419e+06,0.719308
1.08893,0.799915,9.83448e+06,47099.1,9.88158e+06,0.719327
1.08938,0.799915,9.8419e+06,47073.3,9.88897e+06,0.719346
1.08984,0.799914,9.84931e+06,47047.4,9.89636e+06,0.719364
1.0903,0.799914,9.85673e+06,47021.6,9.90376e+06,0.719383
1.09075,0.799914,9.86416e+06,46995.8,9.91115e+06,0.719402
1.09121,0.799914,9.87158e+06,46970,9.91855e+06,0.719421
1.09166,0.799914,9.87901e+06,46944.3,9.92595e+06,0.71944
1.09212,0.799914,9.88644e+06,46918.6,9.93336e+06,0.719458
1.09258,0.799914,9.89387e+06,46892.9,9.94076e+06,0.719477
1.09303,0.799914,9.9013e+06,46867.2,9.94817e+06,0.719496
1.09349,0.799914,9.90874e+06,46841.6,9.95558e+06,0.719515
1.09394,0.799914,9.91618e+06,46815.9,9.96299e+06,0.719534
1.0944,0.799914,9.92362e+06,46790.3,9.97041e+06,0.719552
1.09486,0.799914,9.93106e+06,46764.8,9.97783e+06,0.719571
1.09531,0.799914,9.93851e+06,46739.2,9.98524e+06,0.71959
1.09577,0.799913,9.94595e+06,46713.7,9.99267e+06,0.719608
1.09622,0.799913,9.9534e+06,46688.2,1.00001e+07,0.719627
1.09668,0.799913,9.96085e+06,46662.7,1.00075e+07,0.719646
1.09714,0.799913,9.96831e+06,46637.3,1.00149e+07,0.719665
1.09759,0.799913,9.97576e+06,46611.8,1.00224e+07,0.719683
1.09805,0.799913,9.98322e+06,46586.4,1.00298e+07,0.719702
1.0985,0.799913,9.99068e+06,46561,1.00372e+07,0.719721
1.09896,0.799913,9.99814e+06,46535.7,1.00447e+07,0.719739
1.09942,0.799913,1.00056e+07,46510.4,1.00521e+07,0.719758
1.09987,0.799913,1.00131e+07,46485.1,1.00596e+07,0.719777
1.10033,0.799913,1.00205e+07,46459.8,1.0067e+07,0.719795
1.10078,0.799913,1.0028e+07,46434.5,1.00744e+07,0.719814
1.10124,0.799913,1.00355e+07,46409.3,1.00819e+07,0.719833
1.1017,0.799913,1.0043e+07,46384.1,1.00893e+07,0.719851
1.10215,0.799912,1.00504e+07,46358.9,1.00968e+07,0.71987
1.10261,0.799912,1.00579e+07,46333.7,1.01043e+07,0.719888
1.10306,0.799912,1.00654e+07,46308.6,1.01117e+07,0.719907
1.10352,0.799912,1.00729e+07,46283.5,1.01192e+07,0.719926
1.10398,0.799912,1.00804e+07,46258.4,1.01266e+07,0.719944
1.10443,0.799912,1.00879e+07,46233.3,1.01341e+07,0.719963
1.10489,0.799912,1.00953e+07,46208.2,1.01416e+07,0.719981
1.10534,0.799912,1.01028e+07,46183.2,1.0149e+07,0.72
1.1058,0.799912,1.01103e+07,46158.2,1.01565e+07,0.720018
1.10626,0.799912,1.01178e+07,46133.3,1.0164e+07,0.720037
1.10671,0.799912,1.01253e+07,46108.3,1.01714e+07,0.720055
1.10717,0.799912,1.01328e+07,46083.4,1.01789e+07,0.720074
1.10762,0.799912,1.01403e+07,46058.5,1.01864e+07,0.720092
1.10808,0.799911,1.01478e+07,46033.6,1.01939e+07,0.720111
1.10854,0.799911,1.01553e+07,46008.7,1.02014e+07,0.720129
1.10899,0.799911,1.01629e+07,45983.9,1.02088e+07,0.720148
1.10945,0.799911,1.01704e+07,45959.1,1.02163e+07,0.720166
1.1099,0.799911,1.01779e+07,45934.3,1.02238e+07,0.720185
1.11036,0.799911,1.01854e+07,45909.5,1.02313e+07,0.720203
1.11082,0.799911,1.01929e+07,45884.8,1.02388e+07,0.720222
1.11127,0.799911,1.02004e+07,45860.1,1.02463e+07,0.72024
1.11173,0.799911,1.0208e+07,45835.4,1.02538e+07,0.720259
1.11218,0.799911,1.02155e+07,45810.7,1.02613e+07,0.720277
1.11264,0.799911,1.0223e+07,45786.1,1.02688e+07,0.720295
1.1131,0.799911,1.02305e+07,45761.4,1.02763e+07,0.720314
1.11355,0.79991,1.02381e+07,45736.8,1.02838e+07,0.720332
1.11401,0.79991,1.02456e+07,45712.3,1.02913e+07,0.720351
1.11446,0.79991,1.02531e+07,45687.7,1.02988e+07,0.720369
1.11492,0.79991,1.02607e+07,45663.2,1.03063e+07,0.720387
1.11538,0.79991,1.02682e+07,45638.7,1.03139e+07,0.720406
1.11583,0.79991,1.02758e+07,45614.2,1.03214e+07,0.720424
1.11629,0.79991,1.02833e+07,45589.7,1.03289e+07,0.720442
1.11674,0.79991,1.02908e+07,45565.3,1.03364e+07,0.720461
1.1172,0.79991,1.02984e+07,45540.9,1.03439e+07,0.720479
1.11766,0.79991,1.03059e+07,45516.5,1.03515e+07,0.720497
1.11811,0.79991,1.03135e+07,45492.1,1.0359e+07,0.720516
1.11857,0.79991,1.0321e+07,45467.7,1.03665e+07,0.720534
1.11902,0.79991,1.03286e+07,45443.4,1.0374e+07,0.720552
1.11948,0.799909,1.03362e+07,45419.1,1.03816e+07,0.720571
1.11994,0.799909,1.03437e+07,45394.8,1.03891e+07,0.720589
1.12039,0.799909,1.03513e+07,45370.6,1.03967e+07,0.720607
1.12085,0.799909,1.03589e+07,45346.3,1.04042e+07,0.720625
1.1213,0.799909,1.03664e+07,45322.1,1.04117e+07,0.720644
1.12176,0.799909,1.0374e+07,45297.9,1.04193e+07,0.720662
1.12222,0.799909,1.03816e+07,45273.7,1.04268e+07,0.72068
1.12267,0.799909,1.03891e+07,45249.6,1.04344e+07,0.720698
1.12313,0.799909,1.03967e+07,45225.5,1.04419e+07,0.720717
1.12358,0.799909,1.04043e+07,45201.4,1.04495e+07,0.720735
1.12404,0.799909,1.04119e+07,45177.3,1.0457e+07,0.720753
1.1245,0.799909,1.04194e+07,45153.2,1.04646e+07,0.720771
1.12495,0.799909,1.0427e+07,45129.2,1.04722e+07,0.720789
1.12541,0.799908,1.04346e+07,45105.2,1.04797e+07,0.720808
1.12586,0.799908,1.04422e+07,45081.2,1.04873e+07,0.720826
1.12632,0.799908,1.04498e+07,45057.2,1.04948e+07,0.720844
1.12678,0.799908,1.04574e+07,45033.3,1.05024e+07,0.720862
1.12723,0.799908,1.0465e+07,45009.4,1.051e+07,0.72088
1.12769,0.799908,1.04726e+07,44985.5,1.05176e+07,0.720898
1.12814,0.799908,1.04802e+07,44961.6,1.05251e+07,0.720917
1.1286,0.799908,1.04878e+07,44937.7,1.05327e+07,0.720935
1.12906,0.799908,1.04954e+07,44913.9,1.05403e+07,0.720953
1.12951,0.799908,1.0503e+07,44890.1,1.05479e+07,0.720971
1.12997,0.799908,1.05106e+07,44866.3,1.05554e+07,0.720989
1.13042,0.799908,1.05182e+07,44842.5,1.0563e+07,0.721007
1.13088,0.799907,1.05258e+07,44818.8,1.05706e+07,0.721025
1.13134,0.799907,1.05334e+07,44795,1.05782e+07,0.721043
1.13179,0.799907,1.0541e+07,44771.3,1.05858e+07,0.721061
1.13225,0.799907,1.05486e+07,44747.7,1.05934e+07,0.721079
1.1327,0.799907,1.05563e+07,44724,1.0601e+07,0.721097
1.13316,0.799907,1.05639e+07,44700.4,1.06086e+07,0.721116
1.13362,0.799907,1.05715e+07,44676.7,1.06162e+07,0.721134
1.13407,0.799907,1.05791e+07,44653.1,1.06238e+07,0.721152
1.13453,0.799907,1.05868e+07,44629.6,1.06314e+07,0.72117
1.13498,0.799907,1.05944e+07,44606,1.0639e+07,0.721188
1.13544,0.799907,1.0602e+07,44582.5,1.06466e+07,0.721206
1.1359,0.799907,1.06096e+07,44559,1.06542e+07,0.721224
1.13635,0.799907,1.06173e+07,44535.5,1.06618e+07,0.721242
1.13681,0.799906,1.06249e+07,44512,1.06694e+07,0.72126
1.13726,0.799906,1.06326e+07,44488.6,1.0677e+07,0.721278
1.13772,0.799906,1.06402e+07,44465.2,1.06847e+07,0.721295
1.13818,0.799906,1.06478e+07,44441.8,1.06923e+07,0.721313
1.13863,0.799906,1.06555e+07,44418.4,1.06999e+07,0.721331
1.13909,0.799906,1.06631e+07,44395,1.07075e+07,0.721349
1.13954,0.799906,1.06708e+07,44371.7,1.07151e+07,0.721367
1.14,0.799906,1.06784e+07,44348.4,1.07228e+07,0.721385
1.14046,0.799906,1.06861e+07,44325.1,1.07304e+07,0.721403
1.14091,0.799906,1.06937e+07,44301.8,1.0738e+07,0.721421
1.14137,0.799906,1.07014e+07,44278.6,1.07457e+07,0.721439
1.14182,0.799906,1.0709e+07,44255.3,1.07533e+07,0.721457
1.14228,0.799905,1.07167e+07,44232.1,1.07609e+07,0.721475
1.14274,0.799905,1.07244e+07,44208.9,1.07686e+07,0.721493
1.14319,0.799905,1.0732e+07,44185.8,1.07762e+07,0.72151
1.14365,0.799905,1.07397e+07,44162.6,1.07839e+07,0.721528
1.1441,0.799905,1.07474e+07,44139.5,1.07915e+07,0.721546
1.14456,0.799905,1.0755e+07,44116.4,1.07992e+07,0.721564
1.14502,0.799905,1.07627e+07,44093.3,1.08068e+07,0.721582
1.14547,0.799905,1.07704e+07,44070.2,1.08145e+07,0.7216
1.14593,0.799905,1.07781e+07,44047.2,1.08221e+07,0.721617
1.14638,0.799905,1.07857e+07,44024.2,1.08298e+07,0.721635
1.14684,0.799905,1.07934e+07,44001.2,1.08374e+07,0.721653
1.1473,0.799905,1.08011e+07,43978.2,1.08451e+07,0.721671
1.14775,0.799904,1.08088e+07,43955.2,1.08527e+07,0.721689
1.14821,0.799904,1.08165e+07,43932.3,1.08604e+07,0.721706
1.14866,0.799904,1.08242e+07,43909.4,1.08681e+07,0.721724
1.14912,0.799904,1.08319e+07,43886.5,1.08757e+07,0.721742
1.14958,0.799904,1.08395e+07,43863.6,1.08834e+07,0.72176
1.15003,0.799904,1.08472e+07,43840.8,1.08911e+07,0.721777
1.15049,0.799904,1.08549e+07,43817.9,1.08988e+07,0.721795
1.15094,0.799904,1.08626e+07,43795.1,1.09064e+07,0.721813
1.1514,0.799904,1.08703e+07,43772.3,1.09141e+07,0.721831
1.15186,0.799904,1.0878e+07,43749.6,1.09218e+07,0.721848
1.15231,0.799904,1.08857e+07,43726.8,1.09295e+07,0.721866
1.15277,0.799904,1.08934e+07,43704.1,1.09372e+07,0.721884
1.15322,0.799903,1.09012e+07,43681.4,1.09448e+07,0.721901
1.15368,0.799903,1.09089e+07,43658.7,1.09525e+07,0.721919
1.15414,0.799903,1.09166e+07,43636,1.09602e+07,0.721937
1.15459,0.799903,1.09243e+07,43613.4,1.09679e+07,0.721954
1.15505,0.799903,1.0932e+07,43590.7,1.09756e+07,0.721972
1.1555,0.799903,1.09397e+07,43568.1,1.09833e+07,0.72199
1.15596,0.799903,1.09474e+07,43545.6,1.0991e+07,0.722007
1.15642,0.799903,1.09552e+07,43523,1.09987e+07,0.722025
1.15687,0.799903,1.09629e+07,43500.4,1.10064e+07,0.722043
1.15733,0.799903,1.09706e+07,43477.9,1.10141e+07,0.72206
1.15778,0.799903,1.09783e+07,43455.4,1.10218e+07,0.722078
1.15824,0.799903,1.09861e+07,43432.9,1.10295e+07,0.722095
1.1587,0.799902,1.09938e+07,43410.5,1.10372e+07,0.722113
1.15915,0.799902,1.10015e+07,43388,1.10449e+07,0.72213
1.15961,0.799902,1.10093e+07,43365.6,1.10526e+07,0.722148
1.16006,0.799902,1.1017e+07,43343.2,1.10604e+07,0.722166
1.16052,0.799902,1.10247e+07,43320.8,1.10681e+07,0.722183
1.16098,0.799902,1.10325e+07,43298.4,1.10758e+07,0.722201
1.16143,0.799902,1.10402e+07,43276.1,1.10835e+07,0.722218
1.16189,0.799902,1.1048e+07,43253.8,1.10912e+07,0.722236
1.16234,0.799902,1.10557e+07,43231.5,1.1099e+07,0.722253
1.1628,0.799902,1.10635e+07,43209.2,1.11067e+07,0.722271
1.16326,0.799902,1.10712e+07,43186.9,1.11144e+07,0.722288
1.16371,0.799902,1.1079e+07,43164.7,1.11221e+07,0.722306
1.16417,0.799901,1.10867e+07,43142.5,1.11299e+07,0.722323
1.16462,0.799901,1.10945e+07,43120.3,1.11376e+07,0.722341
1.16508,0.799901,1.11022e+07,43098.1,1.11453e+07,0.722358
1.16554,0.799901,1.111e+07,43075.9,1.11531e+07,0.722376
1.16599,0.799901,1.11178e+07,43053.8,1.11608e+07,0.722393
1.16645,0.799901,1.11255e+07,43031.6,1.11686e+07,0.722411
1.1669,0.799901,1.11333e+07,43009.5,1.11763e+07,0.722428
1.16736,0.799901,1.11411e+07,42987.4,1.1184e+07,0.722446
1.16782,0.799901,1.11488e+07,42965.4,1.11918e+07,0.722463
1.16827,0.799901,1.11566e+07,42943.3,1.11995e+07,0.72248
1.16873,0.799901,1.11644e+07,42921.3,1.12073e+07,0.722498
1.16918,0.799901,1.11721e+07,42899.3,1.1215e+07,0.722515
1.16964,0.7999,1.11799e+07,42877.3,1.12228e+07,0.722533
1.1701,0.7999,1.11877e+07,42855.3,1.12306e+07,0.72255
1.17055,0.7999,1.11955e+07,42833.4,1.12383e+07,0.722567
1.17101,0.7999,1.12033e+07,42811.5,1.12461e+07,0.722585
1.17146,0.7999,1.12111e+07,42789.6,1.12538e+07,0.722602
1.17192,0.7999,1.12188e+07,42767.7,1.12616e+07,0.72262
1.17238,0.7999,1.12266e+07,42745.8,1.12694e+07,0.722637
1.17283,0.7999,1.12344e+07,42723.9,1.12771e+07,0.722654
1.17329,0.7999,1.12422e+07,42702.1,1.12849e+07,0.722672
1.17374,0.7999,1.125e+07,42680.3,1.12927e+07,0.722689
1.1742,0.7999,1.12578e+07,42658.5,1.13005e+07,0.722706
1.17466,0.7999,1.12656e+07,42636.7,1.13082e+07,0.722724
1.17511,0.799899,1.12734e+07,42615,1.1316e+07,0.722741
1.17557,0.799899,1.12812e+07,42593.2,1.13238e+07,0.722758
1.17602,0.799899,1.1289e+07,42571.5,1.13316e+07,0.722775
1.17648,0.799899,1.12968e+07,42549.8,1.13394e+07,0.722793
1.17694,0.799899,1.13046e+07,42528.1,1.13471e+07,0.72281
1.17739,0.799899,1.13124e+07,42506.5,1.13549e+07,0.722827
1.17785,0.799899,1.13202e+07,42484.9,1.13627e+07,0.722844
1.1783,0.799899,1.1328e+07,42463.2,1.13705e+07,0.722862
1.17876,0.799899,1.13359e+07,42441.6,1.13783e+07,0.722879
1.17922,0.799899,1.13437e+07,42420,1.13861e+07,0.722896
1.17967,0.799899,1.13515e+07,42398.5,1.13939e+07,0.722913
1.18013,0.799898,1.13593e+07,42376.9,1.14017e+07,0.722931
1.18058,0.799898,1.13671e+07,42355.4,1.14095e+07,0.722948
1.18104,0.799898,1.13749e+07,42333.9,1.14173e+07,0.722965
1.1815,0.799898,1.13828e+07,42312.4,1.14251e+07,0.722982
1.18195,0.799898,1.13906e+07,42291,1.14329e+07,0.722999
1.18241,0.799898,1.13984e+07,42269.5,1.14407e+07,0.723017
1.18286,0.799898,1.14063e+07,42248.1,1.14485e+07,0.723034
1.18332,0.799898,1.14141e+07,42226.7,1.14563e+07,0.723051
1.18378,0.799898,1.14219e+07,42205.3,1.14641e+07,0.723068
1.18423,0.799898,1.14298e+07,42183.9,1.14719e+07,0.723085
1.18469,0.799898,1.14376e+07,42162.5,1.14798e+07,0.723102
1.18514,0.799898,1.14454e+07,42141.2,1.14876e+07,0.72312
1.1856,0.799897,1.14533e+07,42119.9,1.14954e+07,0.723137
1.18606,0.799897,1.14611e+07,42098.6,1.15032e+07,0.723154
1.18651,0.799897,1.1469e+07,42077.3,1.1511e+07,0.723171
1.18697,0.799897,1.14768e+07,42056,1.15189e+07,0.723188
1.18742,0.799897,1.14847e+07,42034.8,1.15267e+07,0.723205
1.18788,0.799897,1.14925e+07,42013.6,1.15345e+07,0.723222
1.18834,0.799897,1.15004e+07,41992.4,1.15424e+07,0.723239
1.18879,0.799897,1.15082e+07,41971.2,1.15502e+07,0.723256
1.18925,0.799897,1.15161e+07,41950,1.1558e+07,0.723273
1.1897,0.799897,1.15239e+07,41928.9,1.15659e+07,0.72329
1.19016,0.799897,1.15318e+07,41907.7,1.15737e+07,0.723307
1.19062,0.799896,1.15397e+07,41886.6,1.15815e+07,0.723324
1.19107,0.799896,1.15475e+07,41865.5,1.15894e+07,0.723342
1.19153,0.799896,1.15554e+07,41844.5,1.15972e+07,0.723359
1.19198,0.799896,1.15632e+07,41823.4,1.16051e+07,0.723376
1.19244,0.799896,1.15711e+07,41802.4,1.16129e+07,0.723393
1.1929,0.799896,1.1579e+07,41781.3,1.16208e+07,0.72341
1.19335,0.799896,1.15869e+07,41760.3,1.16286e+07,0.723427
1.19381,0.799896,1.15947e+07,41739.3,1.16365e+07,0.723444
1.19426,0.799896,1.16026e+07,41718.4,1.16443e+07,0.723461
1.19472,0.799896,1.16105e+07,41697.4,1.16522e+07,0.723477
1.19518,0.799896,1.16184e+07,41676.5,1.166e+07,0.723494
1.19563,0.799896,1.16262e+07,41655.6,1.16679e+07,0.723511
1.19609,0.799895,1.16341e+07,41634.7,1.16758e+07,0.723528
1.19654,0.799895,1.1642e+07,41613.8,1.16836e+07,0.723545
1.197,0.799895,1.16499e+07,41593,1.16915e+07,0.723562
1.19746,0.799895,1.16578e+07,41572.1,1.16994e+07,0.723579
1.19791,0.799895,1.16657e+07,41551.3,1.17072e+07,0.723596
1.19837,0.799895,1.16736e+07,41530.5,1.17151e+07,0.723613
1.19882,0.799895,1.16815e+07,41509.7,1.1723e+07,0.72363
1.19928,0.799895,1.16894e+07,41488.9,1.17308e+07,0.723647
1.19974,0.799895,1.16972e+07,41468.2,1.17387e+07,0.723664
1.20019,0.799895,1.17051e+07,41447.5,1.17466e+07,0.723681
1.20065,0.799895,1.1713e+07,41426.8,1.17545e+07,0.723697
1.2011,0.799894,1.17209e+07,41406.1,1.17624e+07,0.723714
1.20156,0.799894,1.17289e+07,41385.4,1.17702e+07,0.723731
1.20202,0.799894,1.17368e+07,41364.7,1.17781e+07,0.723748
1.20247,0.799894,1.17447e+07,41344.1,1.1786e+07,0.723765
1.20293,0.799894,1.17526e+07,41323.5,1.17939e+07,0.723782
1.20338,0.799894,1.17605e+07,41302.8,1.18018e+07,0.723798
1.20384,0.799894,1.17684e+07,41282.3,1.18097e+07,0.723815
1.2043,0.799894,1.17763e+07,41261.7,1.18176e+07,0.723832
1.20475,0.799894,1.17842e+07,41241.1,1.18255e+07,0.723849
1.20521,0.799894,1.17921e+07,41220.6,1.18334e+07,0.723866
1.20566,0.799894,1.18001e+07,41200.1,1.18413e+07,0.723882
1.20612,0.799893,1.1808e+07,41179.6,1.18492e+07,0.723899
1.20658,0.799893,1.18159e+07,41159.1,1.18571e+07,0.723916
1.20703,0.799893,1.18238e+07,41138.6,1.1865e+07,0.723933
1.20749,0.799893,1.18318e+07,41118.2,1.18729e+07,0.723949
1.20794,0.799893,1.18397e+07,41097.8,1.18808e+07,0.723966
1.2084,0.799893,1.18476e+07,41077.4,1.18887e+07,0.723983
1.20886,0.799893,1.18555e+07,41057,1.18966e+07,0.724
1.20931,0.799893,1.18635e+07,41036.6,1.19045e+07,0.724016
1.20977,0.799893,1.18714e+07,41016.2,1.19124e+07,0.724033
1.21022,0.799893,1.18793e+07,40995.9,1.19203e+07,0.72405
1.21068,0.799893,1.18873e+07,40975.6,1.19283e+07,0.724067
1.21114,0.799892,1.18952e+07,40955.3,1.19362e+07,0.724083
1.21159,0.799892,1.19032e+07,40935,1.19441e+07,0.7241
1.21205,0.799892,1.19111e+07,40914.7,1.1952e+07,0.724117
1.2125,0.799892,1.19191e+07,40894.4,1.19599e+07,0.724133
1.21296,0.799892,1.1927e+07,40874.2,1.19679e+07,0.72415
1.21342,0.799892,1.19349e+07,40854,1.19758e+07,0.724167
1.21387,0.799892,1.19429e+07,40833.8,1.19837e+07,0.724183
1.21433,0.799892,1.19508e+07,40813.6,1.19917e+07,0.7242
1.21478,0.799892,1.19588e+07,40793.4,1.19996e+07,0.724217
1.21524,0.799892,1.19668e+07,40773.3,1.20075e+07,0.724233
1.2157,0.799892,1.19747e+07,40753.1,1.20155e+07,0.72425
1.21615,0.799891,1.19827e+07,40733,1.20234e+07,0.724266
1.21661,0.799891,1.19906e+07,40712.9,1.20313e+07,0.724283
1.21706,0.799891,1.19986e+07,40692.8,1.20393e+07,0.7243
1.21752,0.799891,1.20066e+07,40672.8,1.20472e+07,0.724316
1.21798,0.799891,1.20145e+07,40652.7,1.20552e+07,0.724333
1.21843,0.799891,1.20225e+07,40632.7,1.20631e+07,0.724349
1.21889,0.799891,1.20304e+07,40612.7,1.20711e+07,0.724366
1.21934,0.799891,1.20384e+07,40592.7,1.2079e+07,0.724382
1.2198,0.799891,1.20464e+07,40572.7,1.2087e+07,0.724399
1.22026,0.799891,1.20544e+07,40552.8,1.20949e+07,0.724416
1.22071,0.799891,1.20623e+07,40532.8,1.21029e+07,0.724432
1.22117,0.79989,1.20703e+07,40512.9,1.21108e+07,0.724449
1.22162,0.79989,1.20783e+07,40493,1.21188e+07,0.724465
1.22208,0.79989,1.20863e+07,40473.1,1.21267e+07,0.724482
1.22254,0.79989,1.20943e+07,40453.2,1.21347e+07,0.724498
1.22299,0.79989,1.21022e+07,40433.3,1.21427e+07,0.724515
1.22345,0.79989,1.21102e+07,40413.5,1.21506e+07,0.724531
1.2239,0.79989,1.21182e+07,40393.7,1.21586e+07,0.724548
1.22436,0.79989,1.21262e+07,40373.9,1.21666e+07,0.724564
1.22482,0.79989,1.21342e+07,40354.1,1.21745e+07,0.724581
1.22527,0.79989,1.21422e+07,40334.3,1.21825e+07,0.724597
1.22573,0.79989,1.21502e+07,40314.5,1.21905e+07,0.724613
1.22618,0.799889,1.21582e+07,40294.8,1.21985e+07,0.72463
1.22664,0.799889,1.21662e+07,40275.1,1.22064e+07,0.724646
1.2271,0.799889,1.21742e+07,40255.3,1.22144e+07,0.724663
1.22755,0.799889,1.21822e+07,40235.7,1.22224e+07,0.724679
1.22801,0.799889,1.21902e+07,40216,1.22304e+07,0.724696
1.22846,0.799889,1.21982e+07,40196.3,1.22384e+07,0.724712
1.22892,0.799889,1.22062e+07,40176.7,1.22463e+07,0.724728
1.22938,0.799889,1.22142e+07,40157,1.22543e+07,0.724745
1.22983,0.799889,1.22222e+07,40137.4,1.22623e+07,0.724761
1.23029,0.799889,1.22302e+07,40117.8,1.22703e+07,0.724778
1.23074,0.799889,1.22382e+07,40098.3,1.22783e+07,0.724794
1.2312,0.799888,1.22462e+07,40078.7,1.22863e+07,0.72481
1.23166,0.799888,1.22542e+07,40059.2,1.22943e+07,0.724827
1.23211,0.799888,1.22622e+07,40039.6,1.23023e+07,0.724843
1.23257,0.799888,1.22703e+07,40020.1,1.23103e+07,0.724859
1.23302,0.799888,1.22783e+07,40000.6,1.23183e+07,0.724876
1.23348,0.799888,1.22863e+07,39981.2,1.23263e+07,0.724892
1.23394,0.799888,1.22943e+07,39961.7,1.23343e+07,0.724908
1.23439,0.799888,1.23023e+07,39942.2,1.23423e+07,0.724925
1.23485,0.799888,1.23104e+07,39922.8,1.23503e+07,0.724941
1.2353,0.799888,1.23184e+07,39903.4,1.23583e+07,0.724957
1.23576,0.799887,1.23264e+07,39884,1.23663e+07,0.724974
1.23622,0.799887,1.23344e+07,39864.6,1.23743e+07,0.72499
1.23667,0.799887,1.23425e+07,39845.3,1.23823e+07,0.725006
1.23713,0.799887,1.23505e+07,39825.9,1.23903e+07,0.725022
1.23758,0.799887,1.23585e+07,39806.6,1.23983e+07,0.725039
1.23804,0.799887,1.23666e+07,39787.3,1.24064e+07,0.725055
1.2385,0.799887,1.23746e+07,39768,1.24144e+07,0.725071
1.23895,0.799887,1.23827e+07,39748.7,1.24224e+07,0.725087
1.23941,0.799887,1.23907e+07,39729.4,1.24304e+07,0.725104
1.23986,0.799887,1.23987e+07,39710.2,1.24384e+07,0.72512
1.24032,0.799887,1.24068e+07,39690.9,1.24465e+07,0.725136
1.24078,0.799886,1.24148e+07,39671.7,1.24545e+07,0.725152
1.24123,0.799886,1.24229e+07,39652.5,1.24625e+07,0.725168
1.24169,0.799886,1.24309e+07,39633.3,1.24706e+07,0.725185
1.24214,0.799886,1.2439e+07,39614.2,1.24786e+07,0.725201
1.2426,0.799886,1.2447e+07,39595,1.24866e+07,0.725217
1.24306,0.799886,1.24551e+07,39575.9,1.24947e+07,0.725233
1.24351,0.799886,1.24631e+07,39556.7,1.25027e+07,0.725249
1.24397,0.799886,1.24712e+07,39537.6,1.25107e+07,0.725266
1.24442,0.799886,1.24792e+07,39518.6,1.25188e+07,0.725282
1.24488,0.799886,1.24873e+07,39499.5,1.25268e+07,0.725298
1.24534,0.799886,1.24954e+07,39480.4,1.25348e+07,0.725314
1.24579,0.799885,1.25034e+07,39461.4,1.25429e+07,0.72533
1.24625,0.799885,1.25115e+07,39442.3,1.25509e+07,0.725346
1.2467,0.799885,1.25196e+07,39423.3,1.2559e+07,0.725362
1.24716,0.799885,1.25276e+07,39404.3,1.2567e+07,0.725378
1.24762,0.799885,1.25357e+07,39385.4,1.25751e+07,0.725394
1.24807,0.799885,1.25438e+07,39366.4,1.25831e+07,0.725411
1.24853,0.799885,1.25518e+07,39347.5,1.25912e+07,0.725427
1.24898,0.799885,1.25599e+07,39328.5,1.25992e+07,0.725443
1.24944,0.799885,1.2568e+07,39309.6,1.26073e+07,0.725459
1.2499,0.799885,1.25761e+07,39290.7,1.26153e+07,0.725475
1.25035,0.799884,1.25841e+07,39271.8,1.26234e+07,0.725491
1.25081,0.799884,1.25922e+07,39253,1.26315e+07,0.725507
1.25126,0.799884,1.26003e+07,39234.1,1.26395e+07,0.725523
1.25172,0.799884,1.26084e+07,39215.3,1.26476e+07,0.725539
1.25218,0.799884,1.26165e+07,39196.4,1.26557e+07,0.725555
1.25263,0.799884,1.26245e+07,39177.6,1.26637e+07,0.725571
1.25309,0.799884,1.26326e+07,39158.8,1.26718e+07,0.725587
1.25354,0.799884,1.26407e+07,39140.1,1.26799e+07,0.725603
1.254,0.799884,1.26488e+07,39121.3,1.26879e+07,0.725619
1.25446,0.799884,1.26569e+07,39102.6,1.2696e+07,0.725635
1.25491,0.799884,1.2665e+07,39083.8,1.27041e+07,0.725651
1.25537,0.799883,1.26731e+07,39065.1,1.27122e+07,0.725667
1.25582,0.799883,1.26812e+07,39046.4,1.27202e+07,0.725683
1.25628,0.799883,1.26893e+07,39027.7,1.27283e+07,0.725699
1.25674,0.799883,1.26974e+07,39009.1,1.27364e+07,0.725715
1.25719,0.799883,1.27055e+07,38990.4,1.27445e+07,0.725731
1.25765,0.799883,1.27136e+07,38971.8,1.27526e+07,0.725747
1.2581,0.799883,1.27217e+07,38953.2,1.27606e+07,0.725763
1.25856,0.799883,1.27298e+07,38934.6,1.27687e+07,0.725779
1.25902,0.799883,1.27379e+07,38916,1.27768e+07,0.725795
1.25947,0.799883,1.2746e+07,38897.4,1.27849e+07,0.72581
1.25993,0.799882,1.27541e+07,38878.8,1.2793e+07,0.725826
1.26038,0.799882,1.27622e+07,38860.3,1.28011e+07,0.725842
1.26084,0.799882,1.27703e+07,38841.8,1.28092e+07,0.725858
1.2613,0.799882,1.27784e+07,38823.2,1.28173e+07,0.725874
1.26175,0.799882,1.27866e+07,38804.7,1.28254e+07,0.72589
1.26221,0.799882,1.27947e+07,38786.3,1.28335e+07,0.725906
1.26266,0.799882,1.28028e+07,38767.8,1.28416e+07,0.725922
1.26312,0.799882,1.28109e+07,38749.3,1.28497e+07,0.725938
1.26358,0.799882,1.2819e+07,38730.9,1.28578e+07,0.725953
1.26403,0.799882,1.28272e+07,38712.5,1.28659e+07,0.725969
1.26449,0.799881,1.28353e+07,38694.1,1.2874e+07,0.725985
1.26494,0.799881,1.28434e+07,38675.7,1.28821e+07,0.726001
1.2654,0.799881,1.28515e+07,38657.3,1.28902e+07,0.726017
1.26586,0.799881,1.28597e+07,38638.9,1.28983e+07,0.726032
1.26631,0.799881,1.28678e+07,38620.6,1.29064e+07,0.726048
1.26677,0.799881,1.28759e+07,38602.3,1.29145e+07,0.726064
1.26722,0.799881,1.28841e+07,38583.9,1.29226e+07,0.72608
1.26768,0.799881,1.28922e+07,38565.6,1.29308e+07,0.726096
1.26814,0.799881,1.29003e+07,38547.4,1.29389e+07,0.726111
1.26859,0.799881,1.29085e+07,38529.1,1.2947e+07,0.726127
1.26905,0.79988,1.29166e+07,38510.8,1.29551e+07,0.726143
1.2695,0.79988,1.29247e+07,38492.6,1.29632e+07,0.726159
1.26996,0.79988,1.29329e+07,38474.4,1.29714e+07,0.726174
1.27042,0.79988,1.2941e+07,38456.1,1.29795e+07,0.72619
1.27087,0.79988,1.29492e+07,38437.9,1.29876e+07,0.726206
1.27133,0.79988,1.29573e+07,38419.8,1.29957e+07,0.726222
1.27178,0.79988,1.29655e+07,38401.6,1.30039e+07,0.726237
1.27224,0.79988,1.29736e+07,38383.4,1.3012e+07,0.726253
1.2727,0.79988,1.29818e+07,38365.3,1.30201e+07,0.726269
1.27315,0.79988,1.29899e+07,38347.2,1.30283e+07,0.726284
1.27361,0.79988,1.29981e+07,38329.1,1.30364e+07,0.7263
1.27406,0.799879,1.30062e+07,38311,1.30445e+07,0.726316
1.27452,0.799879,1.30144e+07,38292.9,1.30527e+07,0.726331
1.27498,0.799879,1.30225e+07,38274.8,1.30608e+07,0.726347
1.27543,0.799879,1.30307e+07,38256.8,1.30689e+07,0.726363
1.27589,0.799879,1.30388e+07,38238.7,1.30771e+07,0.726378
1.27634,0.799879,1.3047e+07,38220.7,1.30852e+07,0.726394
1.2768,0.799879,1.30552e+07,38202.7,1.30934e+07,0.72641
1.27726,0.799879,1.30633e+07,38184.7,1.31015e+07,0.726425
1.27771,0.799879,1.30715e+07,38166.7,1.31097e+07,0.726441
1.27817,0.799879,1.30797e+07,38148.8,1.31178e+07,0.726457
1.27862,0.799878,1.30878e+07,38130.8,1.3126e+07,0.726472
1.27908,0.799878,1.3096e+07,38112.9,1.31341e+07,0.726488
1.27954,0.799878,1.31042e+07,38095,1.31423e+07,0.726503
1.27999,0.799878,1.31123e+07,38077.1,1.31504e+07,0.726519
1.28045,0.799878,1.31205e+07,38059.2,1.31586e+07,0.726535
1.2809,0.799878,1.31287e+07,38041.3,1.31667e+07,0.72655
1.28136,0.799878,1.31369e+07,38023.4,1.31749e+07,0.726566
1.28182,0.799878,1.3145e+07,38005.6,1.3183e+07,0.726581
1.28227,0.799878,1.31532e+07,37987.8,1.31912e+07,0.726597
1.28273,0.799878,1.31614e+07,37970,1.31994e+07,0.726612
1.28318,0.799877,1.31696e+07,37952.1,1.32075e+07,0.726628
1.28364,0.799877,1.31778e+07,37934.4,1.32157e+07,0.726643
1.2841,0.799877,1.3186e+07,37916.6,1.32239e+07,0.726659
1.28455,0.799877,1.31941e+07,37898.8,1.3232e+07,0.726674
1.28501,0.799877,1.32023e+07,37881.1,1.32402e+07,0.72669
1.28546,0.799877,1.32105e+07,37863.3,1.32484e+07,0.726705
1.28592,0.799877,1.32187e+07,37845.6,1.32565e+07,0.726721
1.28638,0.799877,1.32269e+07,37827.9,1.32647e+07,0.726736
1.28683,0.799877,1.32351e+07,37810.2,1.32729e+07,0.726752
1.28729,0.799877,1.32433e+07,37792.6,1.32811e+07,0.726767
1.28774,0.799876,1.32515e+07,37774.9,1.32893e+07,0.726783
1.2882,0.799876,1.32597e+07,37757.3,1.32974e+07,0.726798
1.28866,0.799876,1.32679e+07,37739.6,1.33056e+07,0.726814
1.28911,0.799876,1.32761e+07,37722,1.33138e+07,0.726829
1.28957,0.799876,1.32843e+07,37704.4,1.3322e+07,0.726845
1.29002,0.799876,1.32925e+07,37686.8,1.33302e+07,0.72686
1.29048,0.799876,1.33007e+07,37669.2,1.33383e+07,0.726876
1.29094,0.799876,1.33089e+07,37651.7,1.33465e+07,0.726891
1.29139,0.799876,1.33171e+07,37634.1,1.33547e+07,0.726906
1.29185,0.799876,1.33253e+07,37616.6,1.33629e+07,0.726922
1.2923,0.799875,1.33335e+07,37599.1,1.33711e+07,0.726937
1.29276,0.799875,1.33417e+07,37581.6,1.33793e+07,0.726953
1.29322,0.799875,1.33499e+07,37564.1,1.33875e+07,0.726968
1.29367,0.799875,1.33581e+07,37546.6,1.33957e+07,0.726983
1.29413,0.799875,1.33664e+07,37529.1,1.34039e+07,0.726999
1.29458,0.799875,1.33746e+07,37511.7,1.34121e+07,0.727014
1.29504,0.799875,1.33828e+07,37494.3,1.34203e+07,0.727029
1.2955,0.799875,1.3391e+07,37476.8,1.34285e+07,0.727045
1.29595,0.799875,1.33992e+07,37459.4,1.34367e+07,0.72706
1.29641,0.799874,1.34074e+07,37442,1.34449e+07,0.727075
1.29686,0.799874,1.34157e+07,37424.7,1.34531e+07,0.727091
1.29732,0.799874,1.34239e+07,37407.3,1.34613e+07,0.727106
1.29778,0.799874,1.34321e+07,37389.9,1.34695e+07,0.727121
1.29823,0.799874,1.34403e+07,37372.6,1.34777e+07,0.727137
1.29869,0.799874,1.34486e+07,37355.3,1.34859e+07,0.727152
1.29914,0.799874,1.34568e+07,37338,1.34941e+07,0.727167
1.2996,0.799874,1.3465e+07,37320.7,1.35023e+07,0.727183
1.30006,0.799874,1.34733e+07,37303.4,1.35106e+07,0.727198
1.30051,0.799874,1.34815e+07,37286.1,1.35188e+07,0.727213
1.30097,0.799873,1.34897e+07,37268.9,1.3527e+07,0.727228
1.30142,0.799873,1.3498e+07,37251.6,1.35352e+07,0.727244
1.30188,0.799873,1.35062e+07,37234.4,1.35434e+07,0.727259
1.30234,0.799873,1.35144e+07,37217.2,1.35516e+07,0.727274
1.30279,0.799873,1.35227e+07,37200,1.35599e+07,0.727289
1.30325,0.799873,1.35309e+07,37182.8,1.35681e+07,0.727305
1.3037,0.799873,1.35391e+07,37165.6,1.35763e+07,0.72732
1.30416,0.799873,1.35474e+07,37148.5,1.35845e+07,0.727335
1.30462,0.799873,1.35556e+07,37131.3,1.35928e+07,0.72735
1.30507,0.799873,1.35639e+07,37114.2,1.3601e+07,0.727366
1.30553,0.799872,1.35721e+07,37097.1,1.36092e+07,0.727381
1.30598,0.799872,1.35804e+07,37080,1.36175e+07,0.727396
1.30644,0.799872,1.35886e+07,37062.9,1.36257e+07,0.727411
1.3069,0.799872,1.35969e+07,37045.8,1.36339e+07,0.727426
1.30735,0.799872,1.36051e+07,37028.7,1.36421e+07,0.727441
1.30781,0.799872,1.36134e+07,37011.7,1.36504e+07,0.727457
1.30826,0.799872,1.36216e+07,36994.6,1.36586e+07,0.727472
1.30872,0.799872,1.36299e+07,36977.6,1.36669e+07,0.727487
1.30918,0.799872,1.36381e+07,36960.6,1.36751e+07,0.727502
1.30963,0.799872,1.36464e+07,36943.6,1.36833e+07,0.727517
1.31009,0.799871,1.36547e+07,36926.6,1.36916e+07,0.727532
1.31054,0.799871,1.36629e+07,36909.7,1.36998e+07,0.727547
1.311,0.799871,1.36712e+07,36892.7,1.37081e+07,0.727563
1.31146,0.799871,1.36794e+07,36875.8,1.37163e+07,0.727578
1.31191,0.799871,1.36877e+07,36858.8,1.37246e+07,0.727593
1.31237,0.799871,1.3696e+07,36841.9,1.37328e+07,0.727608
1.31282,0.799871,1.37042e+07,36825,1.37411e+07,0.727623
1.31328,0.799871,1.37125e+07,36808.1,1.37493e+07,0.727638
1.31374,0.799871,1.37208e+07,36791.3,1.37576e+07,0.727653
1.31419,0.79987,1.3729e+07,36774.4,1.37658e+07,0.727668
1.31465,0.79987,1.37373e+07,36757.5,1.37741e+07,0.727683
1.3151,0.79987,1.37456e+07,36740.7,1.37823e+07,0.727698
1.31556,0.79987,1.37539e+07,36723.9,1.37906e+07,0.727713
1.31602,0.79987,1.37621e+07,36707.1,1.37988e+07,0.727728
1.31647,0.79987,1.37704e+07,36690.3,1.38071e+07,0.727743
1.31693,0.79987,1.37787e+07,36673.5,1.38154e+07,0.727758
1.31738,0.79987,1.3787e+07,36656.7,1.38236e+07,0.727773
1.31784,0.79987,1.37952e+07,36640,1.38319e+07,0.727788
1.3183,0.79987,1.38035e+07,36623.2,1.38402e+07,0.727803
1.31875,0.799869,1.38118e+07,36606.5,1.38484e+07,0.727818
1.31921,0.799869,1.38201e+07,36589.8,1.38567e+07,0.727833
1.31966,0.799869,1.38284e+07,36573.1,1.3865e+07,0.727848
1.32012,0.799869,1.38367e+07,36556.4,1.38732e+07,0.727863
1.32058,0.799869,1.3845e+07,36539.7,1.38815e+07,0.727878
1.32103,0.799869,1.38532e+07,36523,1.38898e+07,0.727893
1.32149,0.799869,1.38615e+07,36506.4,1.3898e+07,0.727908
1.32194,0.799869,1.38698e+07,36489.7,1.39063e+07,0.727923
1.3224,0.799869,1.38781e+07,36473.1,1.39146e+07,0.727938
1.32286,0.799868,1.38864e+07,36456.5,1.39229e+07,0.727953
1.32331,0.799868,1.38947e+07,36439.9,1.39311e+07,0.727968
1.32377,0.799868,1.3903e+07,36423.3,1.39394e+07,0.727983
1.32422,0.799868,1.39113e+07,36406.7,1.39477e+07,0.727998
1.32468,0.799868,1.39196e+07,36390.2,1.3956e+07,0.728013
1.32514,0.799868,1.39279e+07,36373.6,1.39643e+07,0.728028
1.32559,0.799868,1.39362e+07,36357.1,1.39725e+07,0.728043
1.32605,0.799868,1.39445e+07,36340.6,1.39808e+07,0.728057
1.3265,0.799868,1.39528e+07,36324.1,1.39891e+07,0.728072
1.32696,0.799868,1.39611e+07,36307.6,1.39974e+07,0.728087
1.32742,0.799867,1.39694e+07,36291.1,1.40057e+07,0.728102
1.32787,0.799867,1.39777e+07,36274.6,1.4014e+07,0.728117
1.32833,0.799867,1.3986e+07,36258.2,1.40223e+07,0.728132
1.32878,0.799867,1.39943e+07,36241.7,1.40306e+07,0.728147
1.32924,0.799867,1.40026e+07,36225.3,1.40389e+07,0.728161
1.3297,0.799867,1.40109e+07,36208.9,1.40472e+07,0.728176
1.33015,0.799867,1.40193e+07,36192.4,1.40554e+07,0.728191
1.33061,0.799867,1.40276e+07,36176.1,1.40637e+07,0.728206
1.33106,0.799867,1.40359e+07,36159.7,1.4072e+07,0.728221
1.33152,0.799866,1.40442e+07,36143.3,1.40803e+07,0.728236
1.33198,0.799866,1.40525e+07,36126.9,1.40886e+07,0.72825
1.33243,0.799866,1.40608e+07,36110.6,1.40969e+07,0.728265
1.33289,0.799866,1.40692e+07,36094.3,1.41052e+07,0.72828
1.33334,0.799866,1.40775e+07,36078,1.41135e+07,0.728295
1.3338,0.799866,1.40858e+07,36061.6,1.41219e+07,0.72831
1.33426,0.799866,1.40941e+07,36045.4,1.41302e+07,0.728324
1.33471,0.799866,1.41024e+07,36029.1,1.41385e+07,0.728339
1.33517,0.799866,1.41108e+07,36012.8,1.41468e+07,0.728354
1.33562,0.799865,1.41191e+07,35996.6,1.41551e+07,0.728369
1.33608,0.799865,1.41274e+07,35980.3,1.41634e+07,0.728383
1.33654,0.799865,1.41357e+07,35964.1,1.41717e+07,0.728398
1.33699,0.799865,1.41441e+07,35947.9,1.418e+07,0.728413
1.33745,0.799865,1.41524e+07,35931.7,1.41883e+07,0.728428
1.3379,0.799865,1.41607e+07,35915.5,1.41966e+07,0.728442
1.33836,0.799865,1.41691e+07,35899.3,1.4205e+07,0.728457
1.33882,0.799865,1.41774e+07,35883.1,1.42133e+07,0.728472
1.33927,0.799865,1.41857e+07,35867,1.42216e+07,0.728486
1.33973,0.799865,1.41941e+07,35850.8,1.42299e+07,0.728501
1.34018,0.799864,1.42024e+07,35834.7,1.42382e+07,0.728516
1.34064,0.799864,1.42107e+07,35818.6,1.42466e+07,0.72853
1.3411,0.799864,1.42191e+07,35802.5,1.42549e+07,0.728545
1.34155,0.799864,1.42274e+07,35786.4,1.42632e+07,0.72856
1.34201,0.799864,1.42358e+07,35770.3,1.42715e+07,0.728574
1.34246,0.799864,1.42441e+07,35754.2,1.42799e+07,0.728589
1.34292,0.799864,1.42524e+07,35738.2,1.42882e+07,0.728604
1.34338,0.799864,1.42608e+07,35722.1,1.42965e+07,0.728618
1.34383,0.799864,1.42691e+07,35706.1,1.43048e+07,0.728633
1.34429,0.799863,1.42775e+07,35690.1,1.43132e+07,0.728648
1.34474,0.799863,1.42858e+07,35674.1,1.43215e+07,0.728662
1.3452,0.799863,1.42942e+07,35658.1,1.43298e+07,0.728677
1.34566,0.799863,1.43025e+07,35642.1,1.43382e+07,0.728691
1.34611,0.799863,1.43109e+07,35626.1,1.43465e+07,0.728706
1.34657,0.799863,1.43192e+07,35610.2,1.43548e+07,0.728721
1.34702,0.799863,1.43276e+07,35594.2,1.43632e+07,0.728735
1.34748,0.799863,1.43359e+07,35578.3,1.43715e+07,0.72875
1.34794,0.799863,1.43443e+07,35562.4,1.43799e+07,0.728764
1.34839,0.799862,1.43527e+07,35546.5,1.43882e+07,0.728779
1.34885,0.799862,1.4361e+07,35530.6,1.43965e+07,0.728793
1.3493,0.799862,1.43694e+07,35514.7,1.44049e+07,0.728808
1.34976,0.799862,1.43777e+07,35498.8,1.44132e+07,0.728822
1.35022,0.799862,1.43861e+07,35483,1.44216e+07,0.728837
1.35067,0.799862,1.43945e+07,35467.1,1.44299e+07,0.728852
1.35113,0.799862,1.44028e+07,35451.3,1.44383e+07,0.728866
1.35158,0.799862,1.44112e+07,35435.5,1.44466e+07,0.728881
1.35204,0.799862,1.44195e+07,35419.7,1.4455e+07,0.728895
1.3525,0.799861,1.44279e+07,35403.9,1.44633e+07,0.72891
1.35295,0.799861,1.44363e+07,35388.1,1.44717e+07,0.728924
1.35341,0.799861,1.44446e+07,35372.3,1.448e+07,0.728939
1.35386,0.799861,1.4453e+07,35356.5,1.44884e+07,0.728953
1.35432,0.799861,1.44614e+07,35340.8,1.44967e+07,0.728968
1.35478,0.799861,1.44698e+07,35325.1,1.45051e+07,0.728982
1.35523,0.799861,1.44781e+07,35309.3,1.45134e+07,0.728996
1.35569,0.799861,1.44865e+07,35293.6,1.45218e+07,0.729011
1.35614,0.799861,1.44949e+07,35277.9,1.45302e+07,0.729025
1.3566,0.79986,1.45033e+07,35262.2,1.45385e+07,0.72904
1.35706,0.79986,1.45116e+07,35246.5,1.45469e+07,0.729054
1.35751,0.79986,1.452e+07,35230.9,1.45552e+07,0.729069
1.35797,0.79986,1.45284e+07,35215.2,1.45636e+07,0.729083
1.35842,0.79986,1.45368e+07,35199.6,1.4572e+07,0.729098
1.35888,0.79986,1.45451e+07,35184,1.45803e+07,0.729112
1.35934,0.79986,1.45535e+07,35168.3,1.45887e+07,0.729126
1.35979,0.79986,1.45619e+07,35152.7,1.45971e+07,0.729141
1.36025,0.79986,1.45703e+07,35137.1,1.46054e+07,0.729155
1.3607,0.799859,1.45787e+07,35121.6,1.46138e+07,0.72917
1.36116,0.799859,1.45871e+07,35106,1.46222e+07,0.729184
1.36162,0.799859,1.45955e+07,35090.4,1.46305e+07,0.729198
1.36207,0.799859,1.46038e+07,35074.9,1.46389e+07,0.729213
1.36253,0.799859,1.46122e+07,35059.3,1.46473e+07,0.729227
1.36298,0.799859,1.46206e+07,35043.8,1.46557e+07,0.729241
1.36344,0.799859,1.4629e+07,35028.3,1.4664e+07,0.729256
1.3639,0.799859,1.46374e+07,35012.8,1.46724e+07,0.72927
1.36435,0.799859,1.46458e+07,34997.3,1.46808e+07,0.729284
1.36481,0.799858,1.46542e+07,34981.8,1.46892e+07,0.729299
1.36526,0.799858,1.46626e+07,34966.4,1.46976e+07,0.729313
1.36572,0.799858,1.4671e+07,34950.9,1.47059e+07,0.729327
1.36618,0.799858,1.46794e+07,34935.5,1.47143e+07,0.729342
1.36663,0.799858,1.46878e+07,34920.1,1.47227e+07,0.729356
1.36709,0.799858,1.46962e+07,34904.6,1.47311e+07,0.72937
1.36754,0.799858,1.47046e+07,34889.2,1.47395e+07,0.729385
1.368,0.799858,1.4713e+07,34873.8,1.47479e+07,0.729399
1.36846,0.799858,1.47214e+07,34858.4,1.47562e+07,0.729413
1.36891,0.799857,1.47298e+07,34843.1,1.47646e+07,0.729427
1.36937,0.799857,1.47382e+07,34827.7,1.4773e+07,0.729442
1.36982,0.799857,1.47466e+07,34812.4,1.47814e+07,0.729456
1.37028,0.799857,1.4755e+07,34797,1.47898e+07,0.72947
1.37074,0.799857,1.47634e+07,34781.7,1.47982e+07,0.729484
1.37119,0.799857,1.47718e+07,34766.4,1.48066e+07,0.729499
1.37165,0.799857,1.47802e+07,34751.1,1.4815e+07,0.729513
1.3721,0.799857,1.47886e+07,34735.8,1.48234e+07,0.729527
1.37256,0.799857,1.4797e+07,34720.5,1.48318e+07,0.729541
1.37302,0.799856,1.48055e+07,34705.3,1.48402e+07,0.729555
1.37347,0.799856,1.48139e+07,34690,1.48486e+07,0.72957
1.37393,0.799856,1.48223e+07,34674.8,1.4857e+07,0.729584
1.37438,0.799856,1.48307e+07,34659.5,1.48654e+07,0.729598
1.37484,0.799856,1.48391e+07,34644.3,1.48738e+07,0.729612
1.3753,0.799856,1.48475e+07,34629.1,1.48822e+07,0.729626
1.37575,0.799856,1.48559e+07,34613.9,1.48906e+07,0.729641
1.37621,0.799856,1.48644e+07,34598.7,1.4899e+07,0.729655
1.37666,0.799856,1.48728e+07,34583.5,1.49074e+07,0.729669
1.37712,0.799855,1.48812e+07,34568.4,1.49158e+07,0.729683
1.37758,0.799855,1.48896e+07,34553.2,1.49242e+07,0.729697
1.37803,0.799855,1.4898e+07,34538.1,1.49326e+07,0.729711
1.37849,0.799855,1.49065e+07,34522.9,1.4941e+07,0.729725
1.37894,0.799855,1.49149e+07,34507.8,1.49494e+07,0.72974
1.3794,0.799855,1.49233e+07,34492.7,1.49578e+07,0.729754
1.37986,0.799855,1.49317e+07,34477.6,1.49662e+07,0.729768
1.38031,0.799855,1.49402e+07,34462.5,1.49746e+07,0.729782
1.38077,0.799855,1.49486e+07,34447.5,1.4983e+07,0.729796
1.38122,0.799854,1.4957e+07,34432.4,1.49915e+07,0.72981
1.38168,0.799854,1.49655e+07,34417.3,1.49999e+07,0.729824
1.38214,0.799854,1.49739e+07,34402.3,1.50083e+07,0.729838
1.38259,0.799854,1.49823e+07,34387.3,1.50167e+07,0.729852
1.38305,0.799854,1.49907e+07,34372.3,1.50251e+07,0.729866
1.3835,0.799854,1.49992e+07,34357.3,1.50335e+07,0.729881
1.38396,0.799854,1.50076e+07,34342.3,1.5042e+07,0.729895
1.38442,0.799854,1.50161e+07,34327.3,1.50504e+07,0.729909
1.38487,0.799854,1.50245e+07,34312.3,1.50588e+07,0.729923
1.38533,0.799853,1.50329e+07,34297.3,1.50672e+07,0.729937
1.38578,0.799853,1.50414e+07,34282.4,1.50756e+07,0.729951
1.38624,0.799853,1.50498e+07,34267.4,1.50841e+07,0.729965
1.3867,0.799853,1.50582e+07,34252.5,1.50925e+07,0.729979
1.38715,0.799853,1.50667e+07,34237.6,1.51009e+07,0.729993
1.38761,0.799853,1.50751e+07,34222.7,1.51093e+07,0.730007
1.38806,0.799853,1.50836e+07,34207.8,1.51178e+07,0.730021
1.38852,0.799853,1.5092e+07,34192.9,1.51262e+07,0.730035
1.38898,0.799852,1.51005e+07,34178,1.51346e+07,0.730049
1.38943,0.799852,1.51089e+07,34163.2,1.51431e+07,0.730063
1.38989,0.799852,1.51173e+07,34148.3,1.51515e+07,0.730077
1.39034,0.799852,1.51258e+07,34133.5,1.51599e+07,0.730091
1.3908,0.799852,1.51342e+07,34118.7,1.51684e+07,0.730105
1.39126,0.799852,1.51427e+07,34103.8,1.51768e+07,0.730119
1.39171,0.799852,1.51511e+07,34089,1.51852e+07,0.730133
1.39217,0.799852,1.51596e+07,34074.2,1.51937e+07,0.730146
1.39262,0.799852,1.5168e+07,34059.5,1.52021e+07,0.73016
1.39308,0.799851,1.51765e+07,34044.7,1.52105e+07,0.730174
1.39354,0.799851,1.51849e+07,34029.9,1.5219e+07,0.730188
1.39399,0.799851,1.51934e+07,34015.2,1.52274e+07,0.730202
1.39445,0.799851,1.52019e+07,34000.4,1.52359e+07,0.730216
1.3949,0.799851,1.52103e+07,33985.7,1.52443e+07,0.73023
1.39536,0.799851,1.52188e+07,33971,1.52527e+07,0.730244
1.39582,0.799851,1.52272e+07,33956.3,1.52612e+07,0.730258
1.39627,0.799851,1.52357e+07,33941.6,1.52696e+07,0.730272
1.39673,0.799851,1.52441e+07,33926.9,1.52781e+07,0.730286
1.39718,0.79985,1.52526e+07,33912.2,1.52865e+07,0.730299
1.39764,0.79985,1.52611e+07,33897.6,1.5295e+07,0.730313
1.3981,0.79985,1.52695e+07,33882.9,1.53034e+07,0.730327
1.39855,0.79985,1.5278e+07,33868.3,1.53119e+07,0.730341
1.39901,0.79985,1.52864e+07,33853.6,1.53203e+07,0.730355
1.39946,0.79985,1.52949e+07,33839,1.53288e+07,0.730369
1.39992,0.79985,1.53034e+07,33824.4,1.53372e+07,0.730383
1.40038,0.79985,1.53118e+07,33809.8,1.53457e+07,0.730396
1.40083,0.799849,1.53203e+07,33795.2,1.53541e+07,0.73041
1.40129,0.799849,1.53288e+07,33780.6,1.53626e+07,0.730424
1.40174,0.799849,1.53372e+07,33766.1,1.5371e+07,0.730438
1.4022,0.799849,1.53457e+07,33751.5,1.53795e+07,0.730452
1.40266,0.799849,1.53542e+07,33737,1.53879e+07,0.730465
1.40311,0.799849,1.53627e+07,33722.4,1.53964e+07,0.730479
1.40357,0.799849,1.53711e+07,33707.9,1.54048e+07,0.730493
1.40402,0.799849,1.53796e+07,33693.4,1.54133e+07,0.730507
1.40448,0.799849,1.53881e+07,33678.9,1.54218e+07,0.730521
1.40494,0.799848,1.53965e+07,33664.4,1.54302e+07,0.730534
1.40539,0.799848,1.5405e+07,33649.9,1.54387e+07,0.730548
1.40585,0.799848,1.54135e+07,33635.4,1.54471e+07,0.730562
1.4063,0.799848,1.5422e+07,33621,1.54556e+07,0.730576
1.40676,0.799848,1.54305e+07,33606.5,1.54641e+07,0.730589
1.40722,0.799848,1.54389e+07,33592.1,1.54725e+07,0.730603
1.40767,0.799848,1.54474e+07,33577.7,1.5481e+07,0.730617
1.40813,0.799848,1.54559e+07,33563.2,1.54895e+07,0.73063
1.40858,0.799847,1.54644e+07,33548.8,1.54979e+07,0.730644
1.40904,0.799847,1.54729e+07,33534.4,1.55064e+07,0.730658
1.4095,0.799847,1.54813e+07,33520.1,1.55149e+07,0.730672
1.40995,0.799847,1.54898e+07,33505.7,1.55233e+07,0.730685
1.41041,0.799847,1.54983e+07,33491.3,1.55318e+07,0.730699
1.41086,0.799847,1.55068e+07,33477,1.55403e+07,0.730713
1.41132,0.799847,1.55153e+07,33462.6,1.55487e+07,0.730726
1.41178,0.799847,1.55238e+07,33448.3,1.55572e+07,0.73074
1.41223,0.799847,1.55322e+07,33434,1.55657e+07,0.730754
1.41269,0.799846,1.55407e+07,33419.6,1.55742e+07,0.730767
1.41314,0.799846,1.55492e+07,33405.3,1.55826e+07,0.730781
1.4136,0.799846,1.55577e+07,33391.1,1.55911e+07,0.730795
1.41406,0.799846,1.55662e+07,33376.8,1.55996e+07,0.730808
1.41451,0.799846,1.55747e+07,33362.5,1.56081e+07,0.730822
1.41497,0.799846,1.55832e+07,33348.2,1.56165e+07,0.730836
1.41542,0.799846,1.55917e+07,33334,1.5625e+07,0.730849
1.41588,0.799846,1.56002e+07,33319.7,1.56335e+07,0.730863
1.41634,0.799845,1.56087e+07,33305.5,1.5642e+07,0.730876
1.41679,0.799845,1.56172e+07,33291.3,1.56505e+07,0.73089
1.41725,0.799845,1.56257e+07,33277.1,1.56589e+07,0.730904
1.4177,0.799845,1.56342e+07,33262.9,1.56674e+07,0.730917
1.41816,0.799845,1.56426e+07,33248.7,1.56759e+07,0.730931
1.41862,0.799845,1.56511e+07,33234.5,1.56844e+07,0.730944
1.41907,0.799845,1.56596e+07,33220.4,1.56929e+07,0.730958
1.41953,0.799845,1.56681e+07,33206.2,1.57014e+07,0.730972
1.41998,0.799845,1.56766e+07,33192.1,1.57098e+07,0.730985
1.42044,0.799844,1.56851e+07,33177.9,1.57183e+07,0.730999
1.4209,0.799844,1.56936e+07,33163.8,1.57268e+07,0.731012
1.42135,0.799844,1.57022e+07,33149.7,1.57353e+07,0.731026
1.42181,0.799844,1.57107e+07,33135.6,1.57438e+07,0.731039
1.42226,0.799844,1.57192e+07,33121.5,1.57523e+07,0.731053
1.42272,0.799844,1.57277e+07,33107.4,1.57608e+07,0.731066
1.42318,0.799844,1.57362e+07,33093.3,1.57693e+07,0.73108
1.42363,0.799844,1.57447e+07,33079.3,1.57778e+07,0.731093
1.42409,0.799843,1.57532e+07,33065.2,1.57862e+07,0.731107
1.42454,0.799843,1.57617e+07,33051.2,1.57947e+07,0.73112
1.425,0.799843,1.57702e+07,33037.1,1.58032e+07,0.731134
1.42546,0.799843,1.57787e+07,33023.1,1.58117e+07,0.731147
1.42591,0.799843,1.57872e+07,33009.1,1.58202e+07,0.731161
1.42637,0.799843,1.57957e+07,32995.1,1.58287e+07,0.731174
1.42682,0.799843,1.58042e+07,32981.1,1.58372e+07,0.731188
1.42728,0.799843,1.58128e+07,32967.1,1.58457e+07,0.731201
1.42774,0.799843,1.58213e+07,32953.1,1.58542e+07,0.731215
1.42819,0.799842,1.58298e+07,32939.2,1.58627e+07,0.731228
1.42865,0.799842,1.58383e+07,32925.2,1.58712e+07,0.731242
1.4291,0.799842,1.58468e+07,32911.3,1.58797e+07,0.731255
1.42956,0.799842,1.58553e+07,32897.3,1.58882e+07,0.731268
1.43002,0.799842,1.58638e+07,32883.4,1.58967e+07,0.731282
1.43047,0.799842,1.58724e+07,32869.5,1.59052e+07,0.731295
1.43093,0.799842,1.58809e+07,32855.6,1.59137e+07,0.731309
1.43138,0.799842,1.58894e+07,32841.7,1.59222e+07,0.731322
1.43184,0.799841,1.58979e+07,32827.8,1.59307e+07,0.731336
1.4323,0.799841,1.59064e+07,32814,1.59392e+07,0.731349
1.43275,0.799841,1.5915e+07,32800.1,1.59478e+07,0.731362
1.43321,0.799841,1.59235e+07,32786.2,1.59563e+07,0.731376
1.43366,0.799841,1.5932e+07,32772.4,1.59648e+07,0.731389
1.43412,0.799841,1.59405e+07,32758.6,1.59733e+07,0.731402
1.43458,0.799841,1.5949e+07,32744.7,1.59818e+07,0.731416
1.43503,0.799841,1.59576e+07,32730.9,1.59903e+07,0.731429
1.43549,0.79984,1.59661e+07,32717.1,1.59988e+07,0.731443
1.43594,0.79984,1.59746e+07,32703.3,1.60073e+07,0.731456
1.4364,0.79984,1.59831e+07,32689.5,1.60158e+07,0.731469
1.43686,0.79984,1.59917e+07,32675.8,1.60243e+07,0.731483
1.43731,0.79984,1.60002e+07,32662,1.60329e+07,0.731496
1.43777,0.79984,1.60087e+07,32648.3,1.60414e+07,0.731509
1.43822,0.79984,1.60173e+07,32634.5,1.60499e+07,0.731523
1.43868,0.79984,1.60258e+07,32620.8,1.60584e+07,0.731536
1.43914,0.799839,1.60343e+07,32607.1,1.60669e+07,0.731549
1.43959,0.799839,1.60428e+07,32593.3,1.60754e+07,0.731562
1.44005,0.799839,1.60514e+07,32579.6,1.6084e+07,0.731576
1.4405,0.799839,1.60599e+07,32565.9,1.60925e+07,0.731589
1.44096,0.799839,1.60684e+07,32552.3,1.6101e+07,0.731602
1.44142,0.799839,1.6077e+07,32538.6,1.61095e+07,0.731616
1.44187,0.799839,1.60855e+07,32524.9,1.6118e+07,0.731629
1.44233,0.799839,1.6094e+07,32511.3,1.61266e+07,0.731642
1.44278,0.799839,1.61026e+07,32497.6,1.61351e+07,0.731655
1.44324,0.799838,1.61111e+07,32484,1.61436e+07,0.731669
1.4437,0.799838,1.61197e+07,32470.4,1.61521e+07,0.731682
1.44415,0.799838,1.61282e+07,32456.7,1.61607e+07,0.731695
1.44461,0.799838,1.61367e+07,32443.1,1.61692e+07,0.731708
1.44506,0.799838,1.61453e+07,32429.5,1.61777e+07,0.731722
1.44552,0.799838,1.61538e+07,32416,1.61862e+07,0.731735
1.44598,0.799838,1.61624e+07,32402.4,1.61948e+07,0.731748
1.44643,0.799838,1.61709e+07,32388.8,1.62033e+07,0.731761
1.44689,0.799837,1.61794e+07,32375.3,1.62118e+07,0.731774
1.44734,0.799837,1.6188e+07,32361.7,1.62203e+07,0.731788
1.4478,0.799837,1.61965e+07,32348.2,1.62289e+07,0.731801
1.44826,0.799837,1.62051e+07,32334.6,1.62374e+07,0.731814
1.44871,0.799837,1.62136e+07,32321.1,1.62459e+07,0.731827
1.44917,0.799837,1.62221e+07,32307.6,1.62545e+07,0.73184
1.44962,0.799837,1.62307e+07,32294.1,1.6263e+07,0.731854
1.45008,0.799837,1.62392e+07,32280.6,1.62715e+07,0.731867
1.45054,0.799836,1.62478e+07,32267.1,1.62801e+07,0.73188
1.45099,0.799836,1.62563e+07,32253.7,1.62886e+07,0.731893
1.45145,0.799836,1.62649e+07,32240.2,1.62971e+07,0.731906
1.4519,0.799836,1.62734e+07,32226.8,1.63057e+07,0.731919
1.45236,0.799836,1.6282e+07,32213.3,1.63142e+07,0.731932
1.45282,0.799836,1.62905e+07,32199.9,1.63227e+07,0.731946
1.45327,0.799836,1.62991e+07,32186.5,1.63313e+07,0.731959
1.45373,0.799836,1.63076e+07,32173,1.63398e+07,0.731972
1.45418,0.799835,1.63162e+07,32159.6,1.63483e+07,0.731985
1.45464,0.799835,1.63247e+07,32146.2,1.63569e+07,0.731998
1.4551,0.799835,1.63333e+07,32132.9,1.63654e+07,0.732011
1.45555,0.799835,1.63418e+07,32119.5,1.6374e+07,0.732024
1.45601,0.799835,1.63504e+07,32106.1,1.63825e+07,0.732037
1.45646,0.799835,1.63589e+07,32092.8,1.6391e+07,0.73205
1.45692,0.799835,1.63675e+07,32079.4,1.63996e+07,0.732063
1.45738,0.799835,1.63761e+07,32066.1,1.64081e+07,0.732076
1.45783,0.799834,1.63846e+07,32052.7,1.64167e+07,0.73209
1.45829,0.799834,1.63932e+07,32039.4,1.64252e+07,0.732103
1.45874,0.799834,1.64017e+07,32026.1,1.64338e+07,0.732116
1.4592,0.799834,1.64103e+07,32012.8,1.64423e+07,0.732129
1.45966,0.799834,1.64188e+07,31999.5,1.64508e+07,0.732142
1.46011,0.799834,1.64274e+07,31986.2,1.64594e+07,0.732155
1.46057,0.799834,1.6436e+07,31973,1.64679e+07,0.732168
1.46102,0.799834,1.64445e+07,31959.7,1.64765e+07,0.732181
1.46148,0.799833,1.64531e+07,31946.5,1.6485e+07,0.732194
1.46194,0.799833,1.64616e+07,31933.2,1.64936e+07,0.732207
1.46239,0.799833,1.64702e+07,31920,1.65021e+07,0.73222
1.46285,0.799833,1.64788e+07,31906.8,1.65107e+07,0.732233
1.4633,0.799833,1.64873e+07,31893.5,1.65192e+07,0.732246
1.46376,0.799833,1.64959e+07,31880.3,1.65278e+07,0.732259
1.46422,0.799833,1.65045e+07,31867.1,1.65363e+07,0.732272
1.46467,0.799833,1.6513e+07,31853.9,1.65449e+07,0.732285
1.46513,0.799832,1.65216e+07,31840.8,1.65534e+07,0.732298
1.46558,0.799832,1.65302e+07,31827.6,1.6562e+07,0.732311
1.46604,0.799832,1.65387e+07,31814.4,1.65705e+07,0.732324
1.4665,0.799832,1.65473e+07,31801.3,1.65791e+07,0.732337
1.46695,0.799832,1.65559e+07,31788.1,1.65876e+07,0.73235
1.46741,0.799832,1.65644e+07,31775,1.65962e+07,0.732362
1.46786,0.799832,1.6573e+07,31761.9,1.66048e+07,0.732375
1.46832,0.799832,1.65816e+07,31748.8,1.66133e+07,0.732388
1.46878,0.799831,1.65901e+07,31735.7,1.66219e+07,0.732401
1.46923,0.799831,1.65987e+07,31722.6,1.66304e+07,0.732414
1.46969,0.799831,1.66073e+07,31709.5,1.6639e+07,0.732427
1.47014,0.799831,1.66158e+07,31696.4,1.66475e+07,0.73244
1.4706,0.799831,1.66244e+07,31683.3,1.66561e+07,0.732453
1.47106,0.799831,1.6633e+07,31670.3,1.66647e+07,0.732466
1.47151,0.799831,1.66416e+07,31657.2,1.66732e+07,0.732479
1.47197,0.799831,1.66501e+07,31644.2,1.66818e+07,0.732491
1.47242,0.79983,1.66587e+07,31631.2,1.66903e+07,0.732504
1.47288,0.79983,1.66673e+07,31618.1,1.66989e+07,0.732517
1.47334,0.79983,1.66759e+07,31605.1,1.67075e+07,0.73253
1.47379,0.79983,1.66844e+07,31592.1,1.6716e+07,0.732543
1.47425,0.79983,1.6693e+07,31579.1,1.67246e+07,0.732556
1.4747,0.79983,1.67016e+07,31566.1,1.67332e+07,0.732569
1.47516,0.79983,1.67102e+07,31553.2,1.67417e+07,0.732581
1.47562,0.79983,1.67187e+07,31540.2,1.67503e+07,0.732594
1.47607,0.799829,1.67273e+07,31527.2,1.67589e+07,0.732607
1.47653,0.799829,1.67359e+07,31514.3,1.67674e+07,0.73262
1.47698,0.799829,1.67445e+07,31501.4,1.6776e+07,0.732633
1.47744,0.799829,1.67531e+07,31488.4,1.67846e+07,0.732646
1.4779,0.799829,1.67616e+07,31475.5,1.67931e+07,0.732658
1.47835,0.799829,1.67702e+07,31462.6,1.68017e+07,0.732671
1.47881,0.799829,1.67788e+07,31449.7,1.68103e+07,0.732684
1.47926,0.799829,1.67874e+07,31436.8,1.68188e+07,0.732697
1.47972,0.799828,1.6796e+07,31423.9,1.68274e+07,0.73271
1.48018,0.799828,1.68046e+07,31411,1.6836e+07,0.732722
1.48063,0.799828,1.68131e+07,31398.2,1.68445e+07,0.732735
1.48109,0.799828,1.68217e+07,31385.3,1.68531e+07,0.732748
1.48154,0.799828,1.68303e+07,31372.5,1.68617e+07,0.732761
1.482,0.799828,1.68389e+07,31359.6,1.68703e+07,0.732773
1.48246,0.799828,1.68475e+07,31346.8,1.68788e+07,0.732786
1.48291,0.799827,1.68561e+07,31334,1.68874e+07,0.732799
1.48337,0.799827,1.68646e+07,31321.1,1.6896e+07,0.732812
1.48382,0.799827,1.68732e+07,31308.3,1.69045e+07,0.732824
1.48428,0.799827,1.68818e+07,31295.5,1.69131e+07,0.732837
1.48474,0.799827,1.68904e+07,31282.7,1.69217e+07,0.73285
1.48519,0.799827,1.6899e+07,31270,1.69303e+07,0.732862
1.48565,0.799827,1.69076e+07,31257.2,1.69388e+07,0.732875
1.4861,0.799827,1.69162e+07,31244.4,1.69474e+07,0.732888
1.48656,0.799826,1.69248e+07,31231.7,1.6956e+07,0.732901
1.48702,0.799826,1.69334e+07,31218.9,1.69646e+07,0.732913
1.48747,0.799826,1.69419e+07,31206.2,1.69732e+07,0.732926
1.48793,0.799826,1.69505e+07,31193.5,1.69817e+07,0.732939
1.48838,0.799826,1.69591e+07,31180.8,1.69903e+07,0.732951
1.48884,0.799826,1.69677e+07,31168.1,1.69989e+07,0.732964
1.4893,0.799826,1.69763e+07,31155.4,1.70075e+07,0.732977
1.48975,0.799826,1.69849e+07,31142.7,1.7016e+07,0.732989
1.49021,0.799825,1.69935e+07,31130,1.70246e+07,0.733002
1.49066,0.799825,1.70021e+07,31117.3,1.70332e+07,0.733015
1.49112,0.799825,1.70107e+07,31104.6,1.70418e+07,0.733027
1.49158,0.799825,1.70193e+07,31092,1.70504e+07,0.73304
1.49203,0.799825,1.70279e+07,31079.3,1.7059e+07,0.733052
1.49249,0.799825,1.70365e+07,31066.7,1.70675e+07,0.733065
1.49294,0.799825,1.70451e+07,31054.1,1.70761e+07,0.733078
1.4934,0.799825,1.70537e+07,31041.5,1.70847e+07,0.73309
1.49386,0.799824,1.70623e+07,31028.8,1.70933e+07,0.733103
1.49431,0.799824,1.70709e+07,31016.2,1.71019e+07,0.733115
1.49477,0.799824,1.70795e+07,31003.6,1.71105e+07,0.733128
1.49522,0.799824,1.70881e+07,30991.1,1.7119e+07,0.733141
1.49568,0.799824,1.70967e+07,30978.5,1.71276e+07,0.733153
1.49614,0.799824,1.71053e+07,30965.9,1.71362e+07,0.733166
1.49659,0.799824,1.71139e+07,30953.4,1.71448e+07,0.733178
1.49705,0.799823,1.71225e+07,30940.8,1.71534e+07,0.733191
1.4975,0.799823,1.71311e+07,30928.3,1.7162e+07,0.733203
1.49796,0.799823,1.71397e+07,30915.7,1.71706e+07,0.733216
1.49842,0.799823,1.71483e+07,30903.2,1.71792e+07,0.733229
1.49887,0.799823,1.71569e+07,30890.7,1.71877e+07,0.733241
1.49933,0.799823,1.71655e+07,30878.2,1.71963e+07,0.733254
1.49978,0.799823,1.71741e+07,30865.7,1.72049e+07,0.733266
1.50024,0.799823,1.71827e+07,30853.2,1.72135e+07,0.733279
1.5007,0.799822,1.71913e+07,30840.7,1.72221e+07,0.733291
1.50115,0.799822,1.71999e+07,30828.2,1.72307e+07,0.733304
1.50161,0.799822,1.72085e+07,30815.8,1.72393e+07,0.733316
1.50206,0.799822,1.72171e+07,30803.3,1.72479e+07,0.733329
1.50252,0.799822,1.72257e+07,30790.9,1.72565e+07,0.733341
1.50298,0.799822,1.72343e+07,30778.4,1.72651e+07,0.733354
1.50343,0.799822,1.72429e+07,30766,1.72737e+07,0.733366
1.50389,0.799822,1.72515e+07,30753.6,1.72823e+07,0.733379
1.50434,0.799821,1.72601e+07,30741.2,1.72908e+07,0.733391
1.5048,0.799821,1.72687e+07,30728.8,1.72994e+07,0.733404
1.50526,0.799821,1.72773e+07,30716.4,1.7308e+07,0.733416
1.50571,0.799821,1.72859e+07,30704,1.73166e+07,0.733429
1.50617,0.799821,1.72945e+07,30691.6,1.73252e+07,0.733441
1.50662,0.799821,1.73031e+07,30679.2,1.73338e+07,0.733453
1.50708,0.799821,1.73118e+07,30666.9,1.73424e+07,0.733466
1.50754,0.79982,1.73204e+07,30654.5,1.7351e+07,0.733478
1.50799,0.79982,1.7329e+07,30642.2,1.73596e+07,0.733491
1.50845,0.79982,1.73376e+07,30629.8,1.73682e+07,0.733503
1.5089,0.79982,1.73462e+07,30617.5,1.73768e+07,0.733516
1.50936,0.79982,1.73548e+07,30605.2,1.73854e+07,0.733528
1.50982,0.79982,1.73634e+07,30592.9,1.7394e+07,0.73354
1.51027,0.79982,1.7372e+07,30580.5,1.74026e+07,0.733553
1.51073,0.79982,1.73806e+07,30568.3,1.74112e+07,0.733565
1.51118,0.799819,1.73893e+07,30556,1.74198e+07,0.733578
1.51164,0.799819,1.73979e+07,30543.7,1.74284e+07,0.73359
1.5121,0.799819,1.74065e+07,30531.4,1.7437e+07,0.733602
1.51255,0.799819,1.74151e+07,30519.2,1.74456e+07,0.733615
1.51301,0.799819,1.74237e+07,30506.9,1.74542e+07,0.733627
1.51346,0.799819,1.74323e+07,30494.7,1.74628e+07,0.733639
1.51392,0.799819,1.74409e+07,30482.4,1.74714e+07,0.733652
1.51438,0.799818,1.74495e+07,30470.2,1.748e+07,0.733664
1.51483,0.799818,1.74582e+07,30458,1.74886e+07,0.733676
1.51529,0.799818,1.74668e+07,30445.8,1.74972e+07,0.733689
1.51574,0.799818,1.74754e+07,30433.6,1.75058e+07,0.733701
1.5162,0.799818,1.7484e+07,30421.4,1.75144e+07,0.733713
1.51666,0.799818,1.74926e+07,30409.2,1.7523e+07,0.733726
1.51711,0.799818,1.75012e+07,30397,1.75316e+07,0.733738
1.51757,0.799818,1.75099e+07,30384.8,1.75402e+07,0.73375
1.51802,0.799817,1.75185e+07,30372.7,1.75488e+07,0.733763
1.51848,0.799817,1.75271e+07,30360.5,1.75575e+07,0.733775
1.51894,0.799817,1.75357e+07,30348.4,1.75661e+07,0.733787
1.51939,0.799817,1.75443e+07,30336.2,1.75747e+07,0.7338
1.51985,0.799817,1.75529e+07,30324.1,1.75833e+07,0.733812
1.5203,0.799817,1.75616e+07,30312,1.75919e+07,0.733824
1.52076,0.799817,1.75702e+07,30299.9,1.76005e+07,0.733836
1.52122,0.799816,1.75788e+07,30287.8,1.76091e+07,0.733849
1.52167,0.799816,1.75874e+07,30275.7,1.76177e+07,0.733861
1.52213,0.799816,1.7596e+07,30263.6,1.76263e+07,0.733873
1.52258,0.799816,1.76047e+07,30251.5,1.76349e+07,0.733885
1.52304,0.799816,1.76133e+07,30239.4,1.76435e+07,0.733898
1.5235,0.799816,1.76219e+07,30227.4,1.76521e+07,0.73391
1.52395,0.799816,1.76305e+07,30215.3,1.76607e+07,0.733922
1.52441,0.799816,1.76392e+07,30203.3,1.76694e+07,0.733934
1.52486,0.799815,1.76478e+07,30191.2,1.7678e+07,0.733947
1.52532,0.799815,1.76564e+07,30179.2,1.76866e+07,0.733959
1.52578,0.799815,1.7665e+07,30167.2,1.76952e+07,0.733971
1.52623,0.799815,1.76736e+07,30155.1,1.77038e+07,0.733983
1.52669,0.799815,1.76823e+07,30143.1,1.77124e+07,0.733995
1.52714,0.799815,1.76909e+07,30131.1,1.7721e+07,0.734008
1.5276,0.799815,1.76995e+07,30119.2,1.77296e+07,0.73402
1.52806,0.799814,1.77081e+07,30107.2,1.77382e+07,0.734032
1.52851,0.799814,1.77168e+07,30095.2,1.77469e+07,0.734044
1.52897,0.799814,1.77254e+07,30083.2,1.77555e+07,0.734056
1.52942,0.799814,1.7734e+07,30071.3,1.77641e+07,0.734068
1.52988,0.799814,1.77426e+07,30059.3,1.77727e+07,0.734081
1.53034,0.799814,1.77513e+07,30047.4,1.77813e+07,0.734093
1.53079,0.799814,1.77599e+07,30035.4,1.77899e+07,0.734105
1.53125,0.799814,1.77685e+07,30023.5,1.77985e+07,0.734117
1.5317,0.799813,1.77771e+07,30011.6,1.78072e+07,0.734129
1.53216,0.799813,1.77858e+07,29999.7,1.78158e+07,0.734141
1.53262,0.799813,1.77944e+07,29987.8,1.78244e+07,0.734153
1.53307,0.799813,1.7803e+07,29975.9,1.7833e+07,0.734166
1.53353,0.799813,1.78117e+07,29964,1.78416e+07,0.734178
1.53398,0.799813,1.78203e+07,29952.1,1.78502e+07,0.73419
1.53444,0.799813,1.78289e+07,29940.3,1.78589e+07,0.734202
1.5349,0.799812,1.78375e+07,29928.4,1.78675e+07,0.734214
1.53535,0.799812,1.78462e+07,29916.5,1.78761e+07,0.734226
1.53581,0.799812,1.78548e+07,29904.7,1.78847e+07,0.734238
1.53626,0.799812,1.78634e+07,29892.9,1.78933e+07,0.73425
1.53672,0.799812,1.78721e+07,29881,1.79019e+07,0.734262
1.53718,0.799812,1.78807e+07,29869.2,1.79106e+07,0.734274
1.53763,0.799812,1.78893e+07,29857.4,1.79192e+07,0.734286
1.53809,0.799812,1.78979e+07,29845.6,1.79278e+07,0.734298
1.53854,0.799811,1.79066e+07,29833.8,1.79364e+07,0.734311
1.539,0.799811,1.79152e+07,29822,1.7945e+07,0.734323
1.53946,0.799811,1.79238e+07,29810.2,1.79537e+07,0.734335
1.53991,0.799811,1.79325e+07,29798.4,1.79623e+07,0.734347
1.54037,0.799811,1.79411e+07,29786.7,1.79709e+07,0.734359
1.54082,0.799811,1.79497e+07,29774.9,1.79795e+07,0.734371
1.54128,0.799811,1.79584e+07,29763.2,1.79881e+07,0.734383
1.54174,0.79981,1.7967e+07,29751.4,1.79968e+07,0.734395
1.54219,0.79981,1.79756e+07,29739.7,1.80054e+07,0.734407
1.54265,0.79981,1.79843e+07,29728,1.8014e+07,0.734419
1.5431,0.79981,1.79929e+07,29716.2,1.80226e+07,0.734431
1.54356,0.79981,1.80015e+07,29704.5,1.80312e+07,0.734443
1.54402,0.79981,1.80102e+07,29692.8,1.80399e+07,0.734455
1.54447,0.79981,1.80188e+07,29681.1,1.80485e+07,0.734467
1.54493,0.799809,1.80274e+07,29669.4,1.80571e+07,0.734479
1.54538,0.799809,1.80361e+07,29657.8,1.80657e+07,0.734491
1.54584,0.799809,1.80447e+07,29646.1,1.80744e+07,0.734503
1.5463,0.799809,1.80533e+07,29634.4,1.8083e+07,0.734515
1.54675,0.799809,1.8062e+07,29622.8,1.80916e+07,0.734527
1.54721,0.799809,1.80706e+07,29611.1,1.81002e+07,0.734539
1.54766,0.799809,1.80792e+07,29599.5,1.81088e+07,0.73455
1.54812,0.799809,1.80879e+07,29587.8,1.81175e+07,0.734562
1.54858,0.799808,1.80965e+07,29576.2,1.81261e+07,0.734574
1.54903,0.799808,1.81052e+07,29564.6,1.81347e+07,0.734586
1.54949,0.799808,1.81138e+07,29553,1.81433e+07,0.734598
1.54994,0.799808,1.81224e+07,29541.4,1.8152e+07,0.73461
1.5504,0.799808,1.81311e+07,29529.8,1.81606e+07,0.734622
1.55086,0.799808,1.81397e+07,29518.2,1.81692e+07,0.734634
1.55131,0.799808,1.81483e+07,29506.6,1.81778e+07,0.734646
1.55177,0.799807,1.8157e+07,29495,1.81865e+07,0.734658
1.55222,0.799807,1.81656e+07,29483.5,1.81951e+07,0.73467
1.55268,0.799807,1.81742e+07,29471.9,1.82037e+07,0.734682
1.55314,0.799807,1.81829e+07,29460.4,1.82123e+07,0.734693
1.55359,0.799807,1.81915e+07,29448.8,1.8221e+07,0.734705
1.55405,0.799807,1.82002e+07,29437.3,1.82296e+07,0.734717
1.5545,0.799807,1.82088e+07,29425.8,1.82382e+07,0.734729
1.55496,0.799806,1.82174e+07,29414.3,1.82469e+07,0.734741
1.55542,0.799806,1.82261e+07,29402.7,1.82555e+07,0.734753
1.55587,0.799806,1.82347e+07,29391.2,1.82641e+07,0.734765
1.55633,0.799806,1.82434e+07,29379.7,1.82727e+07,0.734776
1.55678,0.799806,1.8252e+07,29368.3,1.82814e+07,0.734788
1.55724,0.799806,1.82606e+07,29356.8,1.829e+07,0.7348
1.5577,0.799806,1.82693e+07,29345.3,1.82986e+07,0.734812
1.55815,0.799805,1.82779e+07,29333.8,1.83072e+07,0.734824
1.55861,0.799805,1.82866e+07,29322.4,1.83159e+07,0.734836
1.55906,0.799805,1.82952e+07,29310.9,1.83245e+07,0.734847
1.55952,0.799805,1.83038e+07,29299.5,1.83331e+07,0.734859
1.55998,0.799805,1.83125e+07,29288.1,1.83418e+07,0.734871
1.56043,0.799805,1.83211e+07,29276.6,1.83504e+07,0.734883
1.56089,0.799805,1.83298e+07,29265.2,1.8359e+07,0.734895
1.56134,0.799804,1.83384e+07,29253.8,1.83677e+07,0.734906
1.5618,0.799804,1.8347e+07,29242.4,1.83763e+07,0.734918
1.56226,0.799804,1.83557e+07,29231,1.83849e+07,0.73493
1.56271,0.799804,1.83643e+07,29219.6,1.83935e+07,0.734942
1.56317,0.799804,1.8373e+07,29208.2,1.84022e+07,0.734953
1.56362,0.799804,1.83816e+07,29196.8,1.84108e+07,0.734965
1.56408,0.799804,1.83902e+07,29185.5,1.84194e+07,0.734977
1.56454,0.799804,1.83989e+07,29174.1,1.84281e+07,0.734989
1.56499,0.799803,1.84075e+07,29162.8,1.84367e+07,0.735
1.56545,0.799803,1.84162e+07,29151.4,1.84453e+07,0.735012
1.5659,0.799803,1.84248e+07,29140.1,1.8454e+07,0.735024
1.56636,0.799803,1.84335e+07,29128.8,1.84626e+07,0.735036
1.56682,0.799803,1.84421e+07,29117.4,1.84712e+07,0.735047
1.56727,0.799803,1.84507e+07,29106.1,1.84799e+07,0.735059
1.56773,0.799803,1.84594e+07,29094.8,1.84885e+07,0.735071
1.56818,0.799802,1.8468e+07,29083.5,1.84971e+07,0.735083
1.56864,0.799802,1.84767e+07,29072.2,1.85057e+07,0.735094
1.5691,0.799802,1.84853e+07,29060.9,1.85144e+07,0.735106
1.56955,0.799802,1.8494e+07,29049.7,1.8523e+07,0.735118
1.57001,0.799802,1.85026e+07,29038.4,1.85316e+07,0.735129
1.57046,0.799802,1.85113e+07,29027.1,1.85403e+07,0.735141
1.57092,0.799802,1.85199e+07,29015.9,1.85489e+07,0.735153
1.57138,0.799801,1.85285e+07,29004.6,1.85575e+07,0.735164
1.57183,0.799801,1.85372e+07,28993.4,1.85662e+07,0.735176
1.57229,0.799801,1.85458e+07,28982.1,1.85748e+07,0.735188
1.57274,0.799801,1.85545e+07,28970.9,1.85834e+07,0.735199
1.5732,0.799801,1.85631e+07,28959.7,1.85921e+07,0.735211
1.57366,0.799801,1.85718e+07,28948.5,1.86007e+07,0.735223
1.57411,0.799801,1.85804e+07,28937.3,1.86093e+07,0.735234
1.57457,0.7998,1.85891e+07,28926.1,1.8618e+07,0.735246
1.57502,0.7998,1.85977e+07,28914.9,1.86266e+07,0.735257
1.57548,0.7998,1.86063e+07,28903.7,1.86352e+07,0.735269
1.57594,0.7998,1.8615e+07,28892.5,1.86439e+07,0.735281
1.57639,0.7998,1.86236e+07,28881.4,1.86525e+07,0.735292
1.57685,0.7998,1.86323e+07,28870.2,1.86611e+07,0.735304
1.5773,0.7998,1.86409e+07,28859.1,1.86698e+07,0.735316
1.57776,0.799799,1.86496e+07,28847.9,1.86784e+07,0.735327
1.57822,0.799799,1.86582e+07,28836.8,1.86871e+07,0.735339
1.57867,0.799799,1.86669e+07,28825.6,1.86957e+07,0.73535
1.57913,0.799799,1.86755e+07,28814.5,1.87043e+07,0.735362
1.57958,0.799799,1.86842e+07,28803.4,1.8713e+07,0.735373
1.58004,0.799799,1.86928e+07,28792.3,1.87216e+07,0.735385
1.5805,0.799799,1.87014e+07,28781.2,1.87302e+07,0.735397
1.58095,0.799798,1.87101e+07,28770.1,1.87389e+07,0.735408
1.58141,0.799798,1.87187e+07,28759,1.87475e+07,0.73542
1.58186,0.799798,1.87274e+07,28747.9,1.87561e+07,0.735431
1.58232,0.799798,1.8736e+07,28736.9,1.87648e+07,0.735443
1.58278,0.799798,1.87447e+07,28725.8,1.87734e+07,0.735454
1.58323,0.799798,1.87533e+07,28714.7,1.8782e+07,0.735466
1.58369,0.799798,1.8762e+07,28703.7,1.87907e+07,0.735477
1.58414,0.799797,1.87706e+07,28692.6,1.87993e+07,0.735489
1.5846,0.799797,1.87793e+07,28681.6,1.88079e+07,0.7355
1.58506,0.799797,1.87879e+07,28670.6,1.88166e+07,0.735512
1.58551,0.799797,1.87966e+07,28659.6,1.88252e+07,0.735523
1.58597,0.799797,1.88052e+07,28648.5,1.88339e+07,0.735535
1.58642,0.799797,1.88139e+07,28637.5,1.88425e+07,0.735546
1.58688,0.799797,1.88225e+07,28626.5,1.88511e+07,0.735558
1.58734,0.799796,1.88311e+07,28615.5,1.88598e+07,0.735569
1.58779,0.799796,1.88398e+07,28604.5,1.88684e+07,0.735581
1.58825,0.799796,1.88484e+07,28593.6,1.8877e+07,0.735592
1.5887,0.799796,1.88571e+07,28582.6,1.88857e+07,0.735604
1.58916,0.799796,1.88657e+07,28571.6,1.88943e+07,0.735615
1.58962,0.799796,1.88744e+07,28560.7,1.89029e+07,0.735627
1.59007,0.799796,1.8883e+07,28549.7,1.89116e+07,0.735638
1.59053,0.799795,1.88917e+07,28538.8,1.89202e+07,0.73565
1.59098,0.799795,1.89003e+07,28527.8,1.89289e+07,0.735661
1.59144,0.799795,1.8909e+07,28516.9,1.89375e+07,0.735673
1.5919,0.799795,1.89176e+07,28506,1.89461e+07,0.735684
1.59235,0.799795,1.89263e+07,28495.1,1.89548e+07,0.735695
1.59281,0.799795,1.89349e+07,28484.2,1.89634e+07,0.735707
1.59326,0.799795,1.89436e+07,28473.3,1.8972e+07,0.735718
1.59372,0.799794,1.89522e+07,28462.4,1.89807e+07,0.73573
1.59418,0.799794,1.89609e+07,28451.5,1.89893e+07,0.735741
1.59463,0.799794,1.89695e+07,28440.6,1.8998e+07,0.735752
1.59509,0.799794,1.89782e+07,28429.7,1.90066e+07,0.735764
1.59554,0.799794,1.89868e+07,28418.8,1.90152e+07,0.735775
1.596,0.799794,1.89955e+07,28408,1.90239e+07,0.735787
1.59646,0.799794,1.90041e+07,28397.1,1.90325e+07,0.735798
1.59691,0.799793,1.90128e+07,28386.3,1.90411e+07,0.735809
1.59737,0.799793,1.90214e+07,28375.5,1.90498e+07,0.735821
1.59782,0.799793,1.903e+07,28364.6,1.90584e+07,0.735832
1.59828,0.799793,1.90387e+07,28353.8,1.9067e+07,0.735843
1.59874,0.799793,1.90473e+07,28343,1.90757e+07,0.735855
1.59919,0.799793,1.9056e+07,28332.2,1.90843e+07,0.735866
1.59965,0.799793,1.90646e+07,28321.4,1.9093e+07,0.735878
1.6001,0.799792,1.90733e+07,28310.6,1.91016e+07,0.735889
1.60056,0.799792,1.90819e+07,28299.8,1.91102e+07,0.7359
1.60102,0.799792,1.90906e+07,28289,1.91189e+07,0.735912
1.60147,0.799792,1.90992e+07,28278.2,1.91275e+07,0.735923
1.60193,0.799792,1.91079e+07,28267.4,1.91361e+07,0.735934
1.60238,0.799792,1.91165e+07,28256.7,1.91448e+07,0.735945
1.60284,0.799792,1.91252e+07,28245.9,1.91534e+07,0.735957
1.6033,0.799791,1.91338e+07,28235.2,1.91621e+07,0.735968
1.60375,0.799791,1.91425e+07,28224.4,1.91707e+07,0.735979
1.60421,0.799791,1.91511e+07,28213.7,1.91793e+07,0.735991
1.60466,0.799791,1.91598e+07,28203,1.9188e+07,0.736002
1.60512,0.799791,1.91684e+07,28192.3,1.91966e+07,0.736013
1.60558,0.799791,1.91771e+07,28181.5,1.92052e+07,0.736025
1.60603,0.799791,1.91857e+07,28170.8,1.92139e+07,0.736036
1.60649,0.79979,1.91944e+07,28160.1,1.92225e+07,0.736047
1.60694,0.79979,1.9203e+07,28149.4,1.92312e+07,0.736058
1.6074,0.79979,1.92117e+07,28138.8,1.92398e+07,0.73607
1.60786,0.79979,1.92203e+07,28128.1,1.92484e+07,0.736081
1.60831,0.79979,1.9229e+07,28117.4,1.92571e+07,0.736092
1.60877,0.79979,1.92376e+07,28106.7,1.92657e+07,0.736103
1.60922,0.79979,1.92463e+07,28096.1,1.92743e+07,0.736115
1.60968,0.799789,1.92549e+07,28085.4,1.9283e+07,0.736126
1.61014,0.799789,1.92635e+07,28074.8,1.92916e+07,0.736137
1.61059,0.799789,1.92722e+07,28064.1,1.93003e+07,0.736148
1.61105,0.799789,1.92808e+07,28053.5,1.93089e+07,0.736159
1.6115,0.799789,1.92895e+07,28042.9,1.93175e+07,0.736171
1.61196,0.799789,1.92981e+07,28032.3,1.93262e+07,0.736182
1.61242,0.799788,1.93068e+07,28021.7,1.93348e+07,0.736193
1.61287,0.799788,1.93154e+07,28011.1,1.93434e+07,0.736204
1.61333,0.799788,1.93241e+07,28000.5,1.93521e+07,0.736216
1.61378,0.799788,1.93327e+07,27989.9,1.93607e+07,0.736227
1.61424,0.799788,1.93414e+07,27979.3,1.93694e+07,0.736238
1.6147,0.799788,1.935e+07,27968.7,1.9378e+07,0.736249
1.61515,0.799788,1.93587e+07,27958.1,1.93866e+07,0.73626
1.61561,0.799787,1.93673e+07,27947.6,1.93953e+07,0.736271
1.61606,0.799787,1.9376e+07,27937,1.94039e+07,0.736283
1.61652,0.799787,1.93846e+07,27926.5,1.94125e+07,0.736294
1.61698,0.799787,1.93933e+07,27915.9,1.94212e+07,0.736305
1.61743,0.799787,1.94019e+07,27905.4,1.94298e+07,0.736316
1.61789,0.799787,1.94106e+07,27894.8,1.94385e+07,0.736327
1.61834,0.799787,1.94192e+07,27884.3,1.94471e+07,0.736338
1.6188,0.799786,1.94279e+07,27873.8,1.94557e+07,0.736349
1.61926,0.799786,1.94365e+07,27863.3,1.94644e+07,0.736361
1.61971,0.799786,1.94451e+07,27852.8,1.9473e+07,0.736372
1.62017,0.799786,1.94538e+07,27842.3,1.94816e+07,0.736383
1.62062,0.799786,1.94624e+07,27831.8,1.94903e+07,0.736394
1.62108,0.799786,1.94711e+07,27821.3,1.94989e+07,0.736405
1.62154,0.799786,1.94797e+07,27810.8,1.95075e+07,0.736416
1.62199,0.799785,1.94884e+07,27800.4,1.95162e+07,0.736427
1.62245,0.799785,1.9497e+07,27789.9,1.95248e+07,0.736438
1.6229,0.799785,1.95057e+07,27779.5,1.95335e+07,0.736449
1.62336,0.799785,1.95143e+07,27769,1.95421e+07,0.73646
1.62382,0.799785,1.9523e+07,27758.6,1.95507e+07,0.736472
1.62427,0.799785,1.95316e+07,27748.1,1.95594e+07,0.736483
1.62473,0.799785,1.95403e+07,27737.7,1.9568e+07,0.736494
1.62518,0.799784,1.95489e+07,27727.3,1.95766e+07,0.736505
1.62564,0.799784,1.95576e+07,27716.9,1.95853e+07,0.736516
1.6261,0.799784,1.95662e+07,27706.4,1.95939e+07,0.736527
1.62655,0.799784,1.95748e+07,27696,1.96025e+07,0.736538
1.62701,0.799784,1.95835e+07,27685.6,1.96112e+07,0.736549
1.62746,0.799784,1.95921e+07,27675.2,1.96198e+07,0.73656
1.62792,0.799783,1.96008e+07,27664.9,1.96284e+07,0.736571
1.62838,0.799783,1.96094e+07,27654.5,1.96371e+07,0.736582
1.62883,0.799783,1.96181e+07,27644.1,1.96457e+07,0.736593
1.62929,0.799783,1.96267e+07,27633.8,1.96544e+07,0.736604
1.62974,0.799783,1.96354e+07,27623.4,1.9663e+07,0.736615
1.6302,0.799783,1.9644e+07,27613,1.96716e+07,0.736626
1.63066,0.799783,1.96527e+07,27602.7,1.96803e+07,0.736637
1.63111,0.799782,1.96613e+07,27592.4,1.96889e+07,0.736648
1.63157,0.799782,1.96699e+07,27582,1.96975e+07,0.736659
1.63202,0.799782,1.96786e+07,27571.7,1.97062e+07,0.73667
1.63248,0.799782,1.96872e+07,27561.4,1.97148e+07,0.736681
1.63294,0.799782,1.96959e+07,27551.1,1.97234e+07,0.736692
1.63339,0.799782,1.97045e+07,27540.8,1.97321e+07,0.736703
1.63385,0.799782,1.97132e+07,27530.5,1.97407e+07,0.736714
1.6343,0.799781,1.97218e+07,27520.2,1.97493e+07,0.736725
1.63476,0.799781,1.97305e+07,27509.9,1.9758e+07,0.736736
1.63522,0.799781,1.97391e+07,27499.6,1.97666e+07,0.736747
1.63567,0.799781,1.97477e+07,27489.3,1.97752e+07,0.736758
1.63613,0.799781,1.97564e+07,27479.1,1.97839e+07,0.736769
1.63658,0.799781,1.9765e+07,27468.8,1.97925e+07,0.73678
1.63704,0.79978,1.97737e+07,27458.5,1.98011e+07,0.736791
1.6375,0.79978,1.97823e+07,27448.3,1.98098e+07,0.736802
1.63795,0.79978,1.9791e+07,27438.1,1.98184e+07,0.736812
1.63841,0.79978,1.97996e+07,27427.8,1.9827e+07,0.736823
1.63886,0.79978,1.98082e+07,27417.6,1.98357e+07,0.736834
1.63932,0.79978,1.98169e+07,27407.4,1.98443e+07,0.736845
1.63978,0.79978,1.98255e+07,27397.2,1.98529e+07,0.736856
1.64023,0.799779,1.98342e+07,27387,1.98616e+07,0.736867
1.64069,0.799779,1.98428e+07,27376.7,1.98702e+07,0.736878
1.64114,0.799779,1.98515e+07,27366.6,1.98788e+07,0.736889
1.6416,0.799779,1.98601e+07,27356.4,1.98875e+07,0.7369
1.64206,0.799779,1.98687e+07,27346.2,1.98961e+07,0.736911
1.64251,0.799779,1.98774e+07,27336,1.99047e+07,0.736921
1.64297,0.799779,1.9886e+07,27325.8,1.99133e+07,0.736932
1.64342,0.799778,1.98947e+07,27315.7,1.9922e+07,0.736943
1.64388,0.799778,1.99033e+07,27305.5,1.99306e+07,0.736954
1.64434,0.799778,1.99119e+07,27295.4,1.99392e+07,0.736965
1.64479,0.799778,1.99206e+07,27285.2,1.99479e+07,0.736976
1.64525,0.799778,1.99292e+07,27275.1,1.99565e+07,0.736987
1.6457,0.799778,1.99379e+07,27264.9,1.99651e+07,0.736997
1.64616,0.799777,1.99465e+07,27254.8,1.99738e+07,0.737008
1.64662,0.799777,1.99551e+07,27244.7,1.99824e+07,0.737019
1.64707,0.799777,1.99638e+07,27234.6,1.9991e+07,0.73703
1.64753,0.799777,1.99724e+07,27224.5,1.99997e+07,0.737041
1.64798,0.799777,1.99811e+07,27214.4,2.00083e+07,0.737051
1.64844,0.799777,1.99897e+07,27204.3,2.00169e+07,0.737062
1.6489,0.799777,1.99983e+07,27194.2,2.00255e+07,0.737073
1.64935,0.799776,2.0007e+07,27184.1,2.00342e+07,0.737084
1.64981,0.799776,2.00156e+07,27174,2.00428e+07,0.737095
1.65026,0.799776,2.00243e+07,27164,2.00514e+07,0.737105
1.65072,0.799776,2.00329e+07,27153.9,2.00601e+07,0.737116
1.65118,0.799776,2.00415e+07,27143.8,2.00687e+07,0.737127
1.65163,0.799776,2.00502e+07,27133.8,2.00773e+07,0.737138
1.65209,0.799775,2.00588e+07,27123.7,2.00859e+07,0.737149
1.65254,0.799775,2.00675e+07,27113.7,2.00946e+07,0.737159
1.653,0.799775,2.00761e+07,27103.7,2.01032e+07,0.73717
1.65346,0.799775,2.00847e+07,27093.7,2.01118e+07,0.737181
1.65391,0.799775,2.00934e+07,27083.6,2.01205e+07,0.737192
1.65437,0.799775,2.0102e+07,27073.6,2.01291e+07,0.737202
1.65482,0.799775,2.01106e+07,27063.6,2.01377e+07,0.737213
1.65528,0.799774,2.01193e+07,27053.6,2.01463e+07,0.737224
1.65574,0.799774,2.01279e+07,27043.6,2.0155e+07,0.737235
1.65619,0.799774,2.01366e+07,27033.6,2.01636e+07,0.737245
1.65665,0.799774,2.01452e+07,27023.6,2.01722e+07,0.737256
1.6571,0.799774,2.01538e+07,27013.7,2.01808e+07,0.737267
1.65756,0.799774,2.01625e+07,27003.7,2.01895e+07,0.737277
1.65802,0.799773,2.01711e+07,26993.7,2.01981e+07,0.737288
1.65847,0.799773,2.01797e+07,26983.8,2.02067e+07,0.737299
1.65893,0.799773,2.01884e+07,26973.8,2.02153e+07,0.73731
1.65938,0.799773,2.0197e+07,26963.9,2.0224e+07,0.73732
1.65984,0.799773,2.02056e+07,26953.9,2.02326e+07,0.737331
1.6603,0.799773,2.02143e+07,26944,2.02412e+07,0.737342
1.66075,0.799773,2.02229e+07,26934.1,2.02498e+07,0.737352
1.66121,0.799772,2.02315e+07,26924.2,2.02585e+07,0.737363
1.66166,0.799772,2.02402e+07,26914.3,2.02671e+07,0.737374
1.66212,0.799772,2.02488e+07,26904.3,2.02757e+07,0.737384
1.66258,0.799772,2.02574e+07,26894.4,2.02843e+07,0.737395
1.66303,0.799772,2.02661e+07,26884.6,2.0293e+07,0.737406
1.66349,0.799772,2.02747e+07,26874.7,2.03016e+07,0.737416
1.66394,0.799771,2.02833e+07,26864.8,2.03102e+07,0.737427
1.6644,0.799771,2.0292e+07,26854.9,2.03188e+07,0.737438
1.66486,0.799771,2.03006e+07,26845,2.03274e+07,0.737448
1.66531,0.799771,2.03092e+07,26835.2,2.03361e+07,0.737459
1.66577,0.799771,2.03179e+07,26825.3,2.03447e+07,0.737469
1.66622,0.799771,2.03265e+07,26815.5,2.03533e+07,0.73748
1.66668,0.799771,2.03351e+07,26805.6,2.03619e+07,0.737491
1.66714,0.79977,2.03438e+07,26795.8,2.03706e+07,0.737501
1.66759,0.79977,2.03524e+07,26785.9,2.03792e+07,0.737512
1.66805,0.79977,2.0361e+07,26776.1,2.03878e+07,0.737523
1.6685,0.79977,2.03697e+07,26766.3,2.03964e+07,0.737533
1.66896,0.79977,2.03783e+07,26756.5,2.0405e+07,0.737544
1.66942,0.79977,2.03869e+07,26746.7,2.04137e+07,0.737554
1.66987,0.799769,2.03955e+07,26736.9,2.04223e+07,0.737565
1.67033,0.799769,2.04042e+07,26727.1,2.04309e+07,0.737575
1.67078,0.799769,2.04128e+07,26717.3,2.04395e+07,0.737586
1.67124,0.799769,2.04214e+07,26707.5,2.04481e+07,0.737597
1.6717,0.799769,2.04301e+07,26697.7,2.04568e+07,0.737607
1.67215,0.799769,2.04387e+07,26687.9,2.04654e+07,0.737618
1.67261,0.799769,2.04473e+07,26678.2,2.0474e+07,0.737628
1.67306,0.799768,2.04559e+07,26668.4,2.04826e+07,0.737639
1.67352,0.799768,2.04646e+07,26658.6,2.04912e+07,0.737649
1.67398,0.799768,2.04732e+07,26648.9,2.04998e+07,0.73766
1.67443,0.799768,2.04818e+07,26639.1,2.05085e+07,0.73767
1.67489,0.799768,2.04905e+07,26629.4,2.05171e+07,0.737681
1.67534,0.799768,2.04991e+07,26619.7,2.05257e+07,0.737691
1.6758,0.799767,2.05077e+07,26609.9,2.05343e+07,0.737702
1.67626,0.799767,2.05163e+07,26600.2,2.05429e+07,0.737713
1.67671,0.799767,2.0525e+07,26590.5,2.05515e+07,0.737723
1.67717,0.799767,2.05336e+07,26580.8,2.05602e+07,0.737734
1.67762,0.799767,2.05422e+07,26571.1,2.05688e+07,0.737744
1.67808,0.799767,2.05508e+07,26561.4,2.05774e+07,0.737755
1.67854,0.799767,2.05595e+07,26551.7,2.0586e+07,0.737765
1.67899,0.799766,2.05681e+07,26542,2.05946e+07,0.737776
1.67945,0.799766,2.05767e+07,26532.4,2.06032e+07,0.737786
1.6799,0.799766,2.05853e+07,26522.7,2.06119e+07,0.737796
1.68036,0.799766,2.0594e+07,26513,2.06205e+07,0.737807
1.68082,0.799766,2.06026e+07,26503.4,2.06291e+07,0.737817
1.68127,0.799766,2.06112e+07,26493.7,2.06377e+07,0.737828
1.68173,0.799765,2.06198e+07,26484.1,2.06463e+07,0.737838
1.68218,0.799765,2.06284e+07,26474.4,2.06549e+07,0.737849
1.68264,0.799765,2.06371e+07,26464.8,2.06635e+07,0.737859
1.6831,0.799765,2.06457e+07,26455.1,2.06721e+07,0.73787
1.68355,0.799765,2.06543e+07,26445.5,2.06808e+07,0.73788
1.68401,0.799765,2.06629e+07,26435.9,2.06894e+07,0.737891
1.68446,0.799765,2.06715e+07,26426.3,2.0698e+07,0.737901
1.68492,0.799764,2.06802e+07,26416.7,2.07066e+07,0.737911
1.68538,0.799764,2.06888e+07,26407.1,2.07152e+07,0.737922
1.68583,0.799764,2.06974e+07,26397.5,2.07238e+07,0.737932
1.68629,0.799764,2.0706e+07,26387.9,2.07324e+07,0.737943
1.68674,0.799764,2.07146e+07,26378.3,2.0741e+07,0.737953
1.6872,0.799764,2.07233e+07,26368.7,2.07496e+07,0.737963
1.68766,0.799763,2.07319e+07,26359.2,2.07582e+07,0.737974
1.68811,0.799763,2.07405e+07,26349.6,2.07669e+07,0.737984
1.68857,0.799763,2.07491e+07,26340,2.07755e+07,0.737995
1.68902,0.799763,2.07577e+07,26330.5,2.07841e+07,0.738005
1.68948,0.799763,2.07664e+07,26320.9,2.07927e+07,0.738015
1.68994,0.799763,2.0775e+07,26311.4,2.08013e+07,0.738026
1.69039,0.799762,2.07836e+07,26301.8,2.08099e+07,0.738036
1.69085,0.799762,2.07922e+07,26292.3,2.08185e+07,0.738047
1.6913,0.799762,2.08008e+07,26282.8,2.08271e+07,0.738057
1.69176,0.799762,2.08094e+07,26273.3,2.08357e+07,0.738067
1.69222,0.799762,2.08181e+07,26263.8,2.08443e+07,0.738078
1.69267,0.799762,2.08267e+07,26254.2,2.08529e+07,0.738088
1.69313,0.799762,2.08353e+07,26244.7,2.08615e+07,0.738098
1.69358,0.799761,2.08439e+07,26235.2,2.08701e+07,0.738109
1.69404,0.799761,2.08525e+07,26225.8,2.08787e+07,0.738119
1.6945,0.799761,2.08611e+07,26216.3,2.08873e+07,0.738129
1.69495,0.799761,2.08697e+07,26206.8,2.08959e+07,0.73814
1.69541,0.799761,2.08784e+07,26197.3,2.09046e+07,0.73815
1.69586,0.799761,2.0887e+07,26187.8,2.09132e+07,0.73816
1.69632,0.79976,2.08956e+07,26178.4,2.09218e+07,0.738171
1.69678,0.79976,2.09042e+07,26168.9,2.09304e+07,0.738181
1.69723,0.79976,2.09128e+07,26159.5,2.0939e+07,0.738191
1.69769,0.79976,2.09214e+07,26150,2.09476e+07,0.738201
1.69814,0.79976,2.093e+07,26140.6,2.09562e+07,0.738212
1.6986,0.79976,2.09386e+07,26131.2,2.09648e+07,0.738222
1.69906,0.799759,2.09472e+07,26121.7,2.09734e+07,0.738232
1.69951,0.799759,2.09559e+07,26112.3,2.0982e+07,0.738243
1.69997,0.799759,2.09645e+07,26102.9,2.09906e+07,0.738253
1.70042,0.799759,2.09731e+07,26093.5,2.09992e+07,0.738263
1.70088,0.799759,2.09817e+07,26084.1,2.10078e+07,0.738273
1.70134,0.799759,2.09903e+07,26074.7,2.10164e+07,0.738284
1.70179,0.799758,2.09989e+07,26065.3,2.1025e+07,0.738294
1.70225,0.799758,2.10075e+07,26055.9,2.10336e+07,0.738304
1.7027,0.799758,2.10161e+07,26046.5,2.10422e+07,0.738314
1.70316,0.799758,2.10247e+07,26037.1,2.10508e+07,0.738325
1.70362,0.799758,2.10333e+07,26027.8,2.10594e+07,0.738335
1.70407,0.799758,2.10419e+07,26018.4,2.1068e+07,0.738345
1.70453,0.799758,2.10505e+07,26009,2.10766e+07,0.738355
1.70498,0.799757,2.10592e+07,25999.7,2.10852e+07,0.738366
1.70544,0.799757,2.10678e+07,25990.3,2.10937e+07,0.738376
1.7059,0.799757,2.10764e+07,25981,2.11023e+07,0.738386
1.70635,0.799757,2.1085e+07,25971.7,2.11109e+07,0.738396
1.70681,0.799757,2.10936e+07,25962.3,2.11195e+07,0.738406
1.70726,0.799757,2.11022e+07,25953,2.11281e+07,0.738417
1.70772,0.799756,2.11108e+07,25943.7,2.11367e+07,0.738427
1.70818,0.799756,2.11194e+07,25934.4,2.11453e+07,0.738437
1.70863,0.799756,2.1128e+07,25925.1,2.11539e+07,0.738447
1.70909,0.799756,2.11366e+07,25915.8,2.11625e+07,0.738457
1.70954,0.799756,2.11452e+07,25906.5,2.11711e+07,0.738467
1.71,0.799756,2.11538e+07,25897.2,2.11797e+07,0.738478
1.71046,0.799755,2.11624e+07,25887.9,2.11883e+07,0.738488
1.71091,0.799755,2.1171e+07,25878.6,2.11969e+07,0.738498
1.71137,0.799755,2.11796e+07,25869.3,2.12055e+07,0.738508
1.71182,0.799755,2.11882e+07,25860.1,2.12141e+07,0.738518
1.71228,0.799755,2.11968e+07,25850.8,2.12226e+07,0.738528
1.71274,0.799755,2.12054e+07,25841.5,2.12312e+07,0.738539
1.71319,0.799754,2.1214e+07,25832.3,2.12398e+07,0.738549
1.71365,0.799754,2.12226e+07,25823,2.12484e+07,0.738559
1.7141,0.799754,2.12312e+07,25813.8,2.1257e+07,0.738569
1.71456,0.799754,2.12398e+07,25804.6,2.12656e+07,0.738579
1.71502,0.799754,2.12484e+07,25795.3,2.12742e+07,0.738589
1.71547,0.799754,2.1257e+07,25786.1,2.12828e+07,0.738599
1.71593,0.799754,2.12656e+07,25776.9,2.12914e+07,0.738609
1.71638,0.799753,2.12742e+07,25767.7,2.12999e+07,0.73862
1.71684,0.799753,2.12828e+07,25758.5,2.13085e+07,0.73863
1.7173,0.799753,2.12914e+07,25749.3,2.13171e+07,0.73864
1.71775,0.799753,2.13e+07,25740.1,2.13257e+07,0.73865
1.71821,0.799753,2.13085e+07,25730.9,2.13343e+07,0.73866
1.71866,0.799753,2.13171e+07,25721.7,2.13429e+07,0.73867
1.71912,0.799752,2.13257e+07,25712.5,2.13514e+07,0.73868
1.71958,0.799752,2.13343e+07,25703.3,2.136e+07,0.73869
1.72003,0.799752,2.13429e+07,25694.2,2.13686e+07,0.7387
1.72049,0.799752,2.13515e+07,25685,2.13772e+07,0.73871
1.72094,0.799752,2.13601e+07,25675.8,2.13858e+07,0.73872
1.7214,0.799752,2.13687e+07,25666.7,2.13944e+07,0.73873
1.72186,0.799751,2.13773e+07,25657.5,2.14029e+07,0.73874
1.72231,0.799751,2.13859e+07,25648.4,2.14115e+07,0.73875
1.72277,0.799751,2.13945e+07,25639.3,2.14201e+07,0.738761
1.72322,0.799751,2.14031e+07,25630.1,2.14287e+07,0.738771
1.72368,0.799751,2.14116e+07,25621,2.14373e+07,0.738781
1.72414,0.799751,2.14202e+07,25611.9,2.14458e+07,0.738791
1.72459,0.79975,2.14288e+07,25602.8,2.14544e+07,0.738801
1.72505,0.79975,2.14374e+07,25593.6,2.1463e+07,0.738811
1.7255,0.79975,2.1446e+07,25584.5,2.14716e+07,0.738821
1.72596,0.79975,2.14546e+07,25575.4,2.14802e+07,0.738831
1.72642,0.79975,2.14632e+07,25566.4,2.14887e+07,0.738841
1.72687,0.79975,2.14718e+07,25557.3,2.14973e+07,0.738851
1.72733,0.799749,2.14803e+07,25548.2,2.15059e+07,0.738861
1.72778,0.799749,2.14889e+07,25539.1,2.15145e+07,0.738871
1.72824,0.799749,2.14975e+07,25530,2.1523e+07,0.738881
1.7287,0.799749,2.15061e+07,25521,2.15316e+07,0.738891
1.72915,0.799749,2.15147e+07,25511.9,2.15402e+07,0.738901
1.72961,0.799749,2.15233e+07,25502.9,2.15488e+07,0.738911
1.73006,0.799748,2.15319e+07,25493.8,2.15573e+07,0.738921
1.73052,0.799748,2.15404e+07,25484.8,2.15659e+07,0.738931
1.73098,0.799748,2.1549e+07,25475.7,2.15745e+07,0.738941
1.73143,0.799748,2.15576e+07,25466.7,2.15831e+07,0.73895
1.73189,0.799748,2.15662e+07,25457.7,2.15916e+07,0.73896
1.73234,0.799748,2.15748e+07,25448.6,2.16002e+07,0.73897
1.7328,0.799747,2.15833e+07,25439.6,2.16088e+07,0.73898
1.73326,0.799747,2.15919e+07,25430.6,2.16173e+07,0.73899
1.73371,0.799747,2.16005e+07,25421.6,2.16259e+07,0.739
1.73417,0.799747,2.16091e+07,25412.6,2.16345e+07,0.73901
1.73462,0.799747,2.16177e+07,25403.6,2.16431e+07,0.73902
1.73508,0.799747,2.16262e+07,25394.6,2.16516e+07,0.73903
1.73554,0.799747,2.16348e+07,25385.6,2.16602e+07,0.73904
1.73599,0.799746,2.16434e+07,25376.6,2.16688e+07,0.73905
1.73645,0.799746,2.1652e+07,25367.7,2.16773e+07,0.73906
1.7369,0.799746,2.16605e+07,25358.7,2.16859e+07,0.73907
1.73736,0.799746,2.16691e+07,25349.7,2.16945e+07,0.739079
1.73782,0.799746,2.16777e+07,25340.8,2.1703e+07,0.739089
1.73827,0.799746,2.16863e+07,25331.8,2.17116e+07,0.739099
1.73873,0.799745,2.16948e+07,25322.9,2.17202e+07,0.739109
1.73918,0.799745,2.17034e+07,25313.9,2.17287e+07,0.739119
1.73964,0.799745,2.1712e+07,25305,2.17373e+07,0.739129
1.7401,0.799745,2.17206e+07,25296.1,2.17459e+07,0.739139
1.74055,0.799745,2.17291e+07,25287.1,2.17544e+07,0.739149
1.74101,0.799745,2.17377e+07,25278.2,2.1763e+07,0.739159
1.74146,0.799744,2.17463e+07,25269.3,2.17715e+07,0.739168
1.74192,0.799744,2.17548e+07,25260.4,2.17801e+07,0.739178
1.74238,0.799744,2.17634e+07,25251.5,2.17887e+07,0.739188
1.74283,0.799744,2.1772e+07,25242.6,2.17972e+07,0.739198
1.74329,0.799744,2.17806e+07,25233.7,2.18058e+07,0.739208
1.74374,0.799744,2.17891e+07,25224.8,2.18143e+07,0.739218
1.7442,0.799743,2.17977e+07,25215.9,2.18229e+07,0.739227
1.74466,0.799743,2.18063e+07,25207,2.18315e+07,0.739237
1.74511,0.799743,2.18148e+07,25198.1,2.184e+07,0.739247
1.74557,0.799743,2.18234e+07,25189.3,2.18486e+07,0.739257
1.74602,0.799743,2.1832e+07,25180.4,2.18571e+07,0.739267
1.74648,0.799743,2.18405e+07,25171.5,2.18657e+07,0.739277
1.74694,0.799742,2.18491e+07,25162.7,2.18743e+07,0.739286
1.74739,0.799742,2.18577e+07,25153.8,2.18828e+07,0.739296
1.74785,0.799742,2.18662e+07,25145,2.18914e+07,0.739306
1.7483,0.799742,2.18748e+07,25136.2,2.18999e+07,0.739316
1.74876,0.799742,2.18833e+07,25127.3,2.19085e+07,0.739325
1.74922,0.799742,2.18919e+07,25118.5,2.1917e+07,0.739335
1.74967,0.799741,2.19005e+07,25109.7,2.19256e+07,0.739345
1.75013,0.799741,2.1909e+07,25100.9,2.19341e+07,0.739355
1.75058,0.799741,2.19176e+07,25092,2.19427e+07,0.739365
1.75104,0.799741,2.19262e+07,25083.2,2.19512e+07,0.739374
1.7515,0.799741,2.19347e+07,25074.4,2.19598e+07,0.739384
1.75195,0.799741,2.19433e+07,25065.6,2.19683e+07,0.739394
1.75241,0.79974,2.19518e+07,25056.8,2.19769e+07,0.739404
1.75286,0.79974,2.19604e+07,25048.1,2.19854e+07,0.739413
1.75332,0.79974,2.19689e+07,25039.3,2.1994e+07,0.739423
1.75378,0.79974,2.19775e+07,25030.5,2.20025e+07,0.739433
1.75423,0.79974,2.19861e+07,25021.7,2.20111e+07,0.739443
1.75469,0.79974,2.19946e+07,25013,2.20196e+07,0.739452
1.75514,0.799739,2.20032e+07,25004.2,2.20282e+07,0.739462
1.7556,0.799739,2.20117e+07,24995.5,2.20367e+07,0.739472
1.75606,0.799739,2.20203e+07,24986.7,2.20453e+07,0.739481
1.75651,0.799739,2.20288e+07,24978,2.20538e+07,0.739491
1.75697,0.799739,2.20374e+07,24969.2,2.20624e+07,0.739501
1.75742,0.799739,2.20459e+07,24960.5,2.20709e+07,0.739511
1.75788,0.799738,2.20545e+07,24951.8,2.20794e+07,0.73952
1.75834,0.799738,2.2063e+07,24943,2.2088e+07,0.73953
1.75879,0.799738,2.20716e+07,24934.3,2.20965e+07,0.73954
1.75925,0.799738,2.20802e+07,24925.6,2.21051e+07,0.739549
1.7597,0.799738,2.20887e+07,24916.9,2.21136e+07,0.739559
1.76016,0.799738,2.20973e+07,24908.2,2.21222e+07,0.739569
1.76062,0.799737,2.21058e+07,24899.5,2.21307e+07,0.739578
1.76107,0.799737,2.21143e+07,24890.8,2.21392e+07,0.739588
1.76153,0.799737,2.21229e+07,24882.1,2.21478e+07,0.739598
1.76198,0.799737,2.21314e+07,24873.4,2.21563e+07,0.739607
1.76244,0.799737,2.214e+07,24864.7,2.21649e+07,0.739617
1.7629,0.799737,2.21485e+07,24856.1,2.21734e+07,0.739627
1.76335,0.799736,2.21571e+07,24847.4,2.21819e+07,0.739636
1.76381,0.799736,2.21656e+07,24838.7,2.21905e+07,0.739646
1.76426,0.799736,2.21742e+07,24830.1,2.2199e+07,0.739656
1.76472,0.799736,2.21827e+07,24821.4,2.22075e+07,0.739665
1.76518,0.799736,2.21913e+07,24812.8,2.22161e+07,0.739675
1.76563,0.799736,2.21998e+07,24804.1,2.22246e+07,0.739685
1.76609,0.799735,2.22083e+07,24795.5,2.22331e+07,0.739694
1.76654,0.799735,2.22169e+07,24786.9,2.22417e+07,0.739704
1.767,0.799735,2.22254e+07,24778.2,2.22502e+07,0.739713
1.76746,0.799735,2.2234e+07,24769.6,2.22587e+07,0.739723
1.76791,0.799735,2.22425e+07,24761,2.22673e+07,0.739733
1.76837,0.799735,2.22511e+07,24752.4,2.22758e+07,0.739742
1.76882,0.799734,2.22596e+07,24743.8,2.22843e+07,0.739752
1.76928,0.799734,2.22681e+07,24735.2,2.22929e+07,0.739761
1.76974,0.799734,2.22767e+07,24726.6,2.23014e+07,0.739771
1.77019,0.799734,2.22852e+07,24718,2.23099e+07,0.739781
1.77065,0.799734,2.22937e+07,24709.4,2.23184e+07,0.73979
1.7711,0.799734,2.23023e+07,24700.8,2.2327e+07,0.7398
1.77156,0.799733,2.23108e+07,24692.2,2.23355e+07,0.739809
1.77202,0.799733,2.23193e+07,24683.6,2.2344e+07,0.739819
1.77247,0.799733,2.23279e+07,24675.1,2.23526e+07,0.739828
1.77293,0.799733,2.23364e+07,24666.5,2.23611e+07,0.739838
1.77338,0.799733,2.23449e+07,24658,2.23696e+07,0.739847
1.77384,0.799732,2.23535e+07,24649.4,2.23781e+07,0.739857
1.7743,0.799732,2.2362e+07,24640.9,2.23867e+07,0.739867
1.77475,0.799732,2.23705e+07,24632.3,2.23952e+07,0.739876
1.77521,0.799732,2.23791e+07,24623.8,2.24037e+07,0.739886
1.77566,0.799732,2.23876e+07,24615.2,2.24122e+07,0.739895
1.77612,0.799732,2.23961e+07,24606.7,2.24207e+07,0.739905
1.77658,0.799731,2.24047e+07,24598.2,2.24293e+07,0.739914
1.77703,0.799731,2.24132e+07,24589.7,2.24378e+07,0.739924
1.77749,0.799731,2.24217e+07,24581.2,2.24463e+07,0.739933
1.77794,0.799731,2.24302e+07,24572.6,2.24548e+07,0.739943
1.7784,0.799731,2.24388e+07,24564.1,2.24633e+07,0.739952
1.77886,0.799731,2.24473e+07,24555.6,2.24719e+07,0.739962
1.77931,0.79973,2.24558e+07,24547.1,2.24804e+07,0.739971
1.77977,0.79973,2.24643e+07,24538.7,2.24889e+07,0.739981
1.78022,0.79973,2.24729e+07,24530.2,2.24974e+07,0.73999
1.78068,0.79973,2.24814e+07,24521.7,2.25059e+07,0.74
1.78114,0.79973,2.24899e+07,24513.2,2.25144e+07,0.740009
1.78159,0.79973,2.24984e+07,24504.8,2.25229e+07,0.740019
1.78205,0.799729,2.2507e+07,24496.3,2.25315e+07,0.740028
1.7825,0.799729,2.25155e+07,24487.8,2.254e+07,0.740038
1.78296,0.799729,2.2524e+07,24479.4,2.25485e+07,0.740047
1.78342,0.799729,2.25325e+07,24470.9,2.2557e+07,0.740056
1.78387,0.799729,2.2541e+07,24462.5,2.25655e+07,0.740066
1.78433,0.799729,2.25496e+07,24454,2.2574e+07,0.740075
1.78478,0.799728,2.25581e+07,24445.6,2.25825e+07,0.740085
1.78524,0.799728,2.25666e+07,24437.2,2.2591e+07,0.740094
1.7857,0.799728,2.25751e+07,24428.7,2.25995e+07,0.740104
1.78615,0.799728,2.25836e+07,24420.3,2.2608e+07,0.740113
1.78661,0.799728,2.25921e+07,24411.9,2.26166e+07,0.740123
1.78706,0.799728,2.26007e+07,24403.5,2.26251e+07,0.740132
1.78752,0.799727,2.26092e+07,24395.1,2.26336e+07,0.740141
1.78798,0.799727,2.26177e+07,24386.7,2.26421e+07,0.740151
1.78843,0.799727,2.26262e+07,24378.3,2.26506e+07,0.74016
1.78889,0.799727,2.26347e+07,24369.9,2.26591e+07,0.74017
1.78934,0.799727,2.26432e+07,24361.5,2.26676e+07,0.740179
1.7898,0.799727,2.26517e+07,24353.1,2.26761e+07,0.740188
1.79026,0.799726,2.26602e+07,24344.8,2.26846e+07,0.740198
1.79071,0.799726,2.26688e+07,24336.4,2.26931e+07,0.740207
1.79117,0.799726,2.26773e+07,24328,2.27016e+07,0.740217
1.79162,0.799726,2.26858e+07,24319.7,2.27101e+07,0.740226
1.79208,0.799726,2.26943e+07,24311.3,2.27186e+07,0.740235
1.79254,0.799725,2.27028e+07,24302.9,2.27271e+07,0.740245
1.79299,0.799725,2.27113e+07,24294.6,2.27356e+07,0.740254
1.79345,0.799725,2.27198e+07,24286.3,2.27441e+07,0.740263
1.7939,0.799725,2.27283e+07,24277.9,2.27526e+07,0.740273
1.79436,0.799725,2.27368e+07,24269.6,2.27611e+07,0.740282
1.79482,0.799725,2.27453e+07,24261.2,2.27696e+07,0.740292
1.79527,0.799724,2.27538e+07,24252.9,2.27781e+07,0.740301
1.79573,0.799724,2.27623e+07,24244.6,2.27866e+07,0.74031
1.79618,0.799724,2.27708e+07,24236.3,2.27951e+07,0.74032
1.79664,0.799724,2.27793e+07,24228,2.28035e+07,0.740329
1.7971,0.799724,2.27878e+07,24219.7,2.2812e+07,0.740338
1.79755,0.799724,2.27963e+07,24211.4,2.28205e+07,0.740348
1.79801,0.799723,2.28048e+07,24203.1,2.2829e+07,0.740357
1.79846,0.799723,2.28133e+07,24194.8,2.28375e+07,0.740366
1.79892,0.799723,2.28218e+07,24186.5,2.2846e+07,0.740375
1.79938,0.799723,2.28303e+07,24178.2,2.28545e+07,0.740385
1.79983,0.799723,2.28388e+07,24169.9,2.2863e+07,0.740394
1.80029,0.799723,2.28473e+07,24161.7,2.28715e+07,0.740403
1.80074,0.799722,2.28558e+07,24153.4,2.288e+07,0.740413
1.8012,0.799722,2.28643e+07,24145.1,2.28884e+07,0.740422
1.80166,0.799722,2.28728e+07,24136.9,2.28969e+07,0.740431
1.80211,0.799722,2.28813e+07,24128.6,2.29054e+07,0.740441
1.80257,0.799722,2.28898e+07,24120.4,2.29139e+07,0.74045
1.80302,0.799721,2.28983e+07,24112.1,2.29224e+07,0.740459
1.80348,0.799721,2.29068e+07,24103.9,2.29309e+07,0.740468
1.80394,0.799721,2.29152e+07,24095.7,2.29393e+07,0.740478
1.80439,0.799721,2.29237e+07,24087.4,2.29478e+07,0.740487
1.80485,0.799721,2.29322e+07,24079.2,2.29563e+07,0.740496
1.8053,0.799721,2.29407e+07,24071,2.29648e+07,0.740505
1.80576,0.79972,2.29492e+07,24062.8,2.29733e+07,0.740515
1.80622,0.79972,2.29577e+07,24054.6,2.29817e+07,0.740524
1.80667,0.79972,2.29662e+07,24046.4,2.29902e+07,0.740533
1.80713,0.79972,2.29747e+07,24038.2,2.29987e+07,0.740542
1.80758,0.79972,2.29831e+07,24030,2.30072e+07,0.740552
1.80804,0.79972,2.29916e+07,24021.8,2.30157e+07,0.740561
1.8085,0.799719,2.30001e+07,24013.6,2.30241e+07,0.74057
1.80895,0.799719,2.30086e+07,24005.4,2.30326e+07,0.740579
1.80941,0.799719,2.30171e+07,23997.2,2.30411e+07,0.740589
1.80986,0.799719,2.30256e+07,23989,2.30495e+07,0.740598
1.81032,0.799719,2.3034e+07,23980.9,2.3058e+07,0.740607
1.81078,0.799719,2.30425e+07,23972.7,2.30665e+07,0.740616
1.81123,0.799718,2.3051e+07,23964.6,2.3075e+07,0.740625
1.81169,0.799718,2.30595e+07,23956.4,2.30834e+07,0.740635
1.81214,0.799718,2.3068e+07,23948.3,2.30919e+07,0.740644
1.8126,0.799718,2.30764e+07,23940.1,2.31004e+07,0.740653
1.81306,0.799718,2.30849e+07,23932,2.31088e+07,0.740662
1.81351,0.799717,2.30934e+07,23923.8,2.31173e+07,0.740671
1.81397,0.799717,2.31019e+07,23915.7,2.31258e+07,0.74068
1.81442,0.799717,2.31103e+07,23907.6,2.31342e+07,0.74069
1.81488,0.799717,2.31188e+07,23899.4,2.31427e+07,0.740699
1.81534,0.799717,2.31273e+07,23891.3,2.31512e+07,0.740708
1.81579,0.799717,2.31358e+07,23883.2,2.31596e+07,0.740717
1.81625,0.799716,2.31442e+07,23875.1,2.31681e+07,0.740726
1.8167,0.799716,2.31527e+07,23867,2.31766e+07,0.740735
1.81716,0.799716,2.31612e+07,23858.9,2.3185e+07,0.740745
1.81762,0.799716,2.31696e+07,23850.8,2.31935e+07,0.740754
1.81807,0.799716,2.31781e+07,23842.7,2.32019e+07,0.740763
1.81853,0.799716,2.31866e+07,23834.6,2.32104e+07,0.740772
1.81898,0.799715,2.3195e+07,23826.6,2.32189e+07,0.740781
1.81944,0.799715,2.32035e+07,23818.5,2.32273e+07,0.74079
1.8199,0.799715,2.3212e+07,23810.4,2.32358e+07,0.740799
1.82035,0.799715,2.32204e+07,23802.3,2.32442e+07,0.740808
1.82081,0.799715,2.32289e+07,23794.3,2.32527e+07,0.740818
1.82126,0.799714,2.32374e+07,23786.2,2.32611e+07,0.740827
1.82172,0.799714,2.32458e+07,23778.2,2.32696e+07,0.740836
1.82218,0.799714,2.32543e+07,23770.1,2.32781e+07,0.740845
1.82263,0.799714,2.32627e+07,23762.1,2.32865e+07,0.740854
1.82309,0.799714,2.32712e+07,23754,2.3295e+07,0.740863
1.82354,0.799714,2.32797e+07,23746,2.33034e+07,0.740872
1.824,0.799713,2.32881e+07,23738,2.33119e+07,0.740881
1.82446,0.799713,2.32966e+07,23729.9,2.33203e+07,0.74089
1.82491,0.799713,2.3305e+07,23721.9,2.33288e+07,0.740899
1.82537,0.799713,2.33135e+07,23713.9,2.33372e+07,0.740909
1.82582,0.799713,2.3322e+07,23705.9,2.33457e+07,0.740918
1.82628,0.799713,2.33304e+07,23697.9,2.33541e+07,0.740927
1.82674,0.799712,2.33389e+07,23689.9,2.33626e+07,0.740936
1.82719,0.799712,2.33473e+07,23681.9,2.3371e+07,0.740945
1.82765,0.799712,2.33558e+07,23673.9,2.33794e+07,0.740954
1.8281,0.799712,2.33642e+07,23665.9,2.33879e+07,0.740963
1.82856,0.799712,2.33727e+07,23657.9,2.33963e+07,0.740972
1.82902,0.799711,2.33811e+07,23649.9,2.34048e+07,0.740981
1.82947,0.799711,2.33896e+07,23641.9,2.34132e+07,0.74099
1.82993,0.799711,2.3398e+07,23634,2.34217e+07,0.740999
1.83038,0.799711,2.34065e+07,23626,2.34301e+07,0.741008
1.83084,0.799711,2.34149e+07,23618,2.34385e+07,0.741017
1.8313,0.799711,2.34234e+07,23610.1,2.3447e+07,0.741026
1.83175,0.79971,2.34318e+07,23602.1,2.34554e+07,0.741035
1.83221,0.79971,2.34403e+07,23594.2,2.34639e+07,0.741044
1.83266,0.79971,2.34487e+07,23586.2,2.34723e+07,0.741053
1.83312,0.79971,2.34571e+07,23578.3,2.34807e+07,0.741062
1.83358,0.79971,2.34656e+07,23570.4,2.34892e+07,0.741071
1.83403,0.79971,2.3474e+07,23562.4,2.34976e+07,0.74108
1.83449,0.799709,2.34825e+07,23554.5,2.3506e+07,0.741089
1.83494,0.799709,2.34909e+07,23546.6,2.35145e+07,0.741098
1.8354,0.799709,2.34994e+07,23538.7,2.35229e+07,0.741107
1.83586,0.799709,2.35078e+07,23530.7,2.35313e+07,0.741116
1.83631,0.799709,2.35162e+07,23522.8,2.35398e+07,0.741125
1.83677,0.799708,2.35247e+07,23514.9,2.35482e+07,0.741134
1.83722,0.799708,2.35331e+07,23507,2.35566e+07,0.741143
1.83768,0.799708,2.35415e+07,23499.1,2.3565e+07,0.741152
1.83814,0.799708,2.355e+07,23491.2,2.35735e+07,0.741161
1.83859,0.799708,2.35584e+07,23483.3,2.35819e+07,0.74117
1.83905,0.799708,2.35668e+07,23475.5,2.35903e+07,0.741179
1.8395,0.799707,2.35753e+07,23467.6,2.35987e+07,0.741188
1.83996,0.799707,2.35837e+07,23459.7,2.36072e+07,0.741197
1.84042,0.799707,2.35921e+07,23451.8,2.36156e+07,0.741206
1.84087,0.799707,2.36006e+07,23444,2.3624e+07,0.741215
1.84133,0.799707,2.3609e+07,23436.1,2.36324e+07,0.741223
1.84178,0.799706,2.36174e+07,23428.3,2.36409e+07,0.741232
1.84224,0.799706,2.36259e+07,23420.4,2.36493e+07,0.741241
1.8427,0.799706,2.36343e+07,23412.6,2.36577e+07,0.74125
1.84315,0.799706,2.36427e+07,23404.7,2.36661e+07,0.741259
1.84361,0.799706,2.36511e+07,23396.9,2.36745e+07,0.741268
1.84406,0.799706,2.36596e+07,23389,2.3683e+07,0.741277
1.84452,0.799705,2.3668e+07,23381.2,2.36914e+07,0.741286
1.84498,0.799705,2.36764e+07,23373.4,2.36998e+07,0.741295
1.84543,0.799705,2.36848e+07,23365.6,2.37082e+07,0.741304
1.84589,0.799705,2.36933e+07,23357.7,2.37166e+07,0.741313
1.84634,0.799705,2.37017e+07,23349.9,2.3725e+07,0.741321
1.8468,0.799705,2.37101e+07,23342.1,2.37334e+07,0.74133
1.84726,0.799704,2.37185e+07,23334.3,2.37419e+07,0.741339
1.84771,0.799704,2.37269e+07,23326.5,2.37503e+07,0.741348
1.84817,0.799704,2.37354e+07,23318.7,2.37587e+07,0.741357
1.84862,0.799704,2.37438e+07,23310.9,2.37671e+07,0.741366
1.84908,0.799704,2.37522e+07,23303.1,2.37755e+07,0.741375
1.84954,0.799703,2.37606e+07,23295.4,2.37839e+07,0.741384
1.84999,0.799703,2.3769e+07,23287.6,2.37923e+07,0.741392
1.85045,0.799703,2.37774e+07,23279.8,2.38007e+07,0.741401
1.8509,0.799703,2.37858e+07,23272,2.38091e+07,0.74141
1.85136,0.799703,2.37943e+07,23264.3,2.38175e+07,0.741419
1.85182,0.799703,2.38027e+07,23256.5,2.38259e+07,0.741428
1.85227,0.799702,2.38111e+07,23248.8,2.38343e+07,0.741437
1.85273,0.799702,2.38195e+07,23241,2.38427e+07,0.741445
1.85318,0.799702,2.38279e+07,23233.3,2.38511e+07,0.741454
1.85364,0.799702,2.38363e+07,23225.5,2.38595e+07,0.741463
1.8541,0.799702,2.38447e+07,23217.8,2.38679e+07,0.741472
1.85455,0.799701,2.38531e+07,23210,2.38763e+07,0.741481
1.85501,0.799701,2.38615e+07,23202.3,2.38847e+07,0.74149
1.85546,0.799701,2.38699e+07,23194.6,2.38931e+07,0.741498
1.85592,0.799701,2.38783e+07,23186.9,2.39015e+07,0.741507
1.85638,0.799701,2.38867e+07,23179.1,2.39099e+07,0.741516
1.85683,0.799701,2.38951e+07,23171.4,2.39183e+07,0.741525
1.85729,0.7997,2.39035e+07,23163.7,2.39267e+07,0.741533
1.85774,0.7997,2.39119e+07,23156,2.39351e+07,0.741542
1.8582,0.7997,2.39203e+07,23148.3,2.39435e+07,0.741551
1.85866,0.7997,2.39287e+07,23140.6,2.39519e+07,0.74156
1.85911,0.7997,2.39371e+07,23132.9,2.39603e+07,0.741569
1.85957,0.799699,2.39455e+07,23125.2,2.39687e+07,0.741577
1.86002,0.799699,2.39539e+07,23117.6,2.3977e+07,0.741586
1.86048,0.799699,2.39623e+07,23109.9,2.39854e+07,0.741595
1.86094,0.799699,2.39707e+07,23102.2,2.39938e+07,0.741604
1.86139,0.799699,2.39791e+07,23094.5,2.40022e+07,0.741612
1.86185,0.799699,2.39875e+07,23086.9,2.40106e+07,0.741621
1.8623,0.799698,2.39959e+07,23079.2,2.4019e+07,0.74163
1.86276,0.799698,2.40043e+07,23071.5,2.40274e+07,0.741639
1.86322,0.799698,2.40127e+07,23063.9,2.40357e+07,0.741647
1.86367,0.799698,2.40211e+07,23056.2,2.40441e+07,0.741656
1.86413,0.799698,2.40295e+07,23048.6,2.40525e+07,0.741665
1.86458,0.799697,2.40378e+07,23041,2.40609e+07,0.741674
1.86504,0.799697,2.40462e+07,23033.3,2.40693e+07,0.741682
1.8655,0.799697,2.40546e+07,23025.7,2.40776e+07,0.741691
1.86595,0.799697,2.4063e+07,23018.1,2.4086e+07,0.7417
1.86641,0.799697,2.40714e+07,23010.4,2.40944e+07,0.741708
1.86686,0.799697,2.40798e+07,23002.8,2.41028e+07,0.741717
1.86732,0.799696,2.40882e+07,22995.2,2.41111e+07,0.741726
1.86778,0.799696,2.40965e+07,22987.6,2.41195e+07,0.741735
1.86823,0.799696,2.41049e+07,22980,2.41279e+07,0.741743
1.86869,0.799696,2.41133e+07,22972.4,2.41363e+07,0.741752
1.86914,0.799696,2.41217e+07,22964.8,2.41446e+07,0.741761
1.8696,0.799695,2.41301e+07,22957.2,2.4153e+07,0.741769
1.87006,0.799695,2.41384e+07,22949.6,2.41614e+07,0.741778
1.87051,0.799695,2.41468e+07,22942,2.41697e+07,0.741787
1.87097,0.799695,2.41552e+07,22934.4,2.41781e+07,0.741795
1.87142,0.799695,2.41636e+07,22926.8,2.41865e+07,0.741804
1.87188,0.799695,2.41719e+07,22919.3,2.41949e+07,0.741813
1.87234,0.799694,2.41803e+07,22911.7,2.42032e+07,0.741821
1.87279,0.799694,2.41887e+07,22904.1,2.42116e+07,0.74183
1.87325,0.799694,2.4197e+07,22896.6,2.42199e+07,0.741839
1.8737,0.799694,2.42054e+07,22889,2.42283e+07,0.741847
1.87416,0.799694,2.42138e+07,22881.5,2.42367e+07,0.741856
1.87462,0.799693,2.42222e+07,22873.9,2.4245e+07,0.741865
1.87507,0.799693,2.42305e+07,22866.4,2.42534e+07,0.741873
1.87553,0.799693,2.42389e+07,22858.8,2.42618e+07,0.741882
1.87598,0.799693,2.42473e+07,22851.3,2.42701e+07,0.741891
1.87644,0.799693,2.42556e+07,22843.8,2.42785e+07,0.741899
1.8769,0.799692,2.4264e+07,22836.2,2.42868e+07,0.741908
1.87735,0.799692,2.42724e+07,22828.7,2.42952e+07,0.741916
1.87781,0.799692,2.42807e+07,22821.2,2.43035e+07,0.741925
1.87826,0.799692,2.42891e+07,22813.7,2.43119e+07,0.741934
1.87872,0.799692,2.42974e+07,22806.2,2.43202e+07,0.741942
1.87918,0.799692,2.43058e+07,22798.6,2.43286e+07,0.741951
1.87963,0.799691,2.43142e+07,22791.1,2.43369e+07,0.741959
1.88009,0.799691,2.43225e+07,22783.6,2.43453e+07,0.741968
1.88054,0.799691,2.43309e+07,22776.2,2.43536e+07,0.741977
1.881,0.799691,2.43392e+07,22768.7,2.4362e+07,0.741985
1.88146,0.799691,2.43476e+07,22761.2,2.43703e+07,0.741994
1.88191,0.79969,2.43559e+07,22753.7,2.43787e+07,0.742002
1.88237,0.79969,2.43643e+07,22746.2,2.4387e+07,0.742011
1.88282,0.79969,2.43726e+07,22738.7,2.43954e+07,0.742019
1.88328,0.79969,2.4381e+07,22731.3,2.44037e+07,0.742028
1.88374,0.79969,2.43893e+07,22723.8,2.44121e+07,0.742037
1.88419,0.79969,2.43977e+07,22716.3,2.44204e+07,0.742045
1.88465,0.799689,2.4406e+07,22708.9,2.44288e+07,0.742054
1.8851,0.799689,2.44144e+07,22701.4,2.44371e+07,0.742062
1.88556,0.799689,2.44227e+07,22694,2.44454e+07,0.742071
1.88602,0.799689,2.44311e+07,22686.5,2.44538e+07,0.742079
1.88647,0.799689,2.44394e+07,22679.1,2.44621e+07,0.742088
1.88693,0.799688,2.44478e+07,22671.6,2.44704e+07,0.742096
1.88738,0.799688,2.44561e+07,22664.2,2.44788e+07,0.742105
1.88784,0.799688,2.44645e+07,22656.8,2.44871e+07,0.742114
1.8883,0.799688,2.44728e+07,22649.4,2.44955e+07,0.742122
1.88875,0.799688,2.44811e+07,22641.9,2.45038e+07,0.742131
1.88921,0.799688,2.44895e+07,22634.5,2.45121e+07,0.742139
1.88966,0.799687,2.44978e+07,22627.1,2.45205e+07,0.742148
1.89012,0.799687,2.45062e+07,22619.7,2.45288e+07,0.742156
1.89058,0.799687,2.45145e+07,22612.3,2.45371e+07,0.742165
1.89103,0.799687,2.45228e+07,22604.9,2.45454e+07,0.742173
1.89149,0.799687,2.45312e+07,22597.5,2.45538e+07,0.742182
1.89194,0.799686,2.45395e+07,22590.1,2.45621e+07,0.74219
1.8924,0.799686,2.45478e+07,22582.7,2.45704e+07,0.742199
1.89286,0.799686,2.45562e+07,22575.3,2.45787e+07,0.742207
1.89331,0.799686,2.45645e+07,22567.9,2.45871e+07,0.742216
1.89377,0.799686,2.45728e+07,22560.6,2.45954e+07,0.742224
1.89422,0.799685,2.45812e+07,22553.2,2.46037e+07,0.742233
1.89468,0.799685,2.45895e+07,22545.8,2.4612e+07,0.742241
1.89514,0.799685,2.45978e+07,22538.5,2.46204e+07,0.742249
1.89559,0.799685,2.46061e+07,22531.1,2.46287e+07,0.742258
1.89605,0.799685,2.46145e+07,22523.7,2.4637e+07,0.742266
1.8965,0.799685,2.46228e+07,22516.4,2.46453e+07,0.742275
1.89696,0.799684,2.46311e+07,22509,2.46536e+07,0.742283
1.89742,0.799684,2.46394e+07,22501.7,2.46619e+07,0.742292
1.89787,0.799684,2.46478e+07,22494.3,2.46703e+07,0.7423
1.89833,0.799684,2.46561e+07,22487,2.46786e+07,0.742309
1.89878,0.799684,2.46644e+07,22479.7,2.46869e+07,0.742317
1.89924,0.799683,2.46727e+07,22472.3,2.46952e+07,0.742325
1.8997,0.799683,2.4681e+07,22465,2.47035e+07,0.742334
1.90015,0.799683,2.46894e+07,22457.7,2.47118e+07,0.742342
1.90061,0.799683,2.46977e+07,22450.4,2.47201e+07,0.742351
1.90106,0.799683,2.4706e+07,22443.1,2.47284e+07,0.742359
1.90152,0.799682,2.47143e+07,22435.8,2.47367e+07,0.742368
1.90198,0.799682,2.47226e+07,22428.5,2.47451e+07,0.742376
1.90243,0.799682,2.47309e+07,22421.2,2.47534e+07,0.742384
1.90289,0.799682,2.47393e+07,22413.9,2.47617e+07,0.742393
1.90334,0.799682,2.47476e+07,22406.6,2.477e+07,0.742401
1.9038,0.799682,2.47559e+07,22399.3,2.47783e+07,0.74241
1.90426,0.799681,2.47642e+07,22392,2.47866e+07,0.742418
1.90471,0.799681,2.47725e+07,22384.7,2.47949e+07,0.742426
1.90517,0.799681,2.47808e+07,22377.4,2.48032e+07,0.742435
1.90562,0.799681,2.47891e+07,22370.1,2.48115e+07,0.742443
1.90608,0.799681,2.47974e+07,22362.9,2.48198e+07,0.742452
1.90654,0.79968,2.48057e+07,22355.6,2.48281e+07,0.74246
1.90699,0.79968,2.4814e+07,22348.4,2.48364e+07,0.742468
1.90745,0.79968,2.48223e+07,22341.1,2.48447e+07,0.742477
1.9079,0.79968,2.48306e+07,22333.8,2.4853e+07,0.742485
1.90836,0.79968,2.48389e+07,22326.6,2.48612e+07,0.742493
1.90882,0.799679,2.48472e+07,22319.3,2.48695e+07,0.742502
1.90927,0.799679,2.48555e+07,22312.1,2.48778e+07,0.74251
1.90973,0.799679,2.48638e+07,22304.9,2.48861e+07,0.742518
1.91018,0.799679,2.48721e+07,22297.6,2.48944e+07,0.742527
1.91064,0.799679,2.48804e+07,22290.4,2.49027e+07,0.742535
1.9111,0.799679,2.48887e+07,22283.2,2.4911e+07,0.742543
1.91155,0.799678,2.4897e+07,22275.9,2.49193e+07,0.742552
1.91201,0.799678,2.49053e+07,22268.7,2.49276e+07,0.74256
1.91246,0.799678,2.49136e+07,22261.5,2.49358e+07,0.742568
1.91292,0.799678,2.49219e+07,22254.3,2.49441e+07,0.742577
1.91338,0.799678,2.49302e+07,22247.1,2.49524e+07,0.742585
1.91383,0.799677,2.49385e+07,22239.9,2.49607e+07,0.742593
1.91429,0.799677,2.49467e+07,22232.7,2.4969e+07,0.742602
1.91474,0.799677,2.4955e+07,22225.5,2.49773e+07,0.74261
1.9152,0.799677,2.49633e+07,22218.3,2.49855e+07,0.742618
1.91566,0.799677,2.49716e+07,22211.1,2.49938e+07,0.742627
1.91611,0.799676,2.49799e+07,22203.9,2.50021e+07,0.742635
1.91657,0.799676,2.49882e+07,22196.7,2.50104e+07,0.742643
1.91702,0.799676,2.49964e+07,22189.6,2.50186e+07,0.742651
1.91748,0.799676,2.50047e+07,22182.4,2.50269e+07,0.74266
1.91794,0.799676,2.5013e+07,22175.2,2.50352e+07,0.742668
1.91839,0.799675,2.50213e+07,22168.1,2.50435e+07,0.742676
1.91885,0.799675,2.50296e+07,22160.9,2.50517e+07,0.742685
1.9193,0.799675,2.50378e+07,22153.7,2.506e+07,0.742693
1.91976,0.799675,2.50461e+07,22146.6,2.50683e+07,0.742701
1.92022,0.799675,2.50544e+07,22139.4,2.50765e+07,0.742709
1.92067,0.799675,2.50627e+07,22132.3,2.50848e+07,0.742718
1.92113,0.799674,2.50709e+07,22125.2,2.50931e+07,0.742726
1.92158,0.799674,2.50792e+07,22118,2.51013e+07,0.742734
1.92204,0.799674,2.50875e+07,22110.9,2.51096e+07,0.742742
1.9225,0.799674,2.50957e+07,22103.8,2.51179e+07,0.742751
1.92295,0.799674,2.5104e+07,22096.6,2.51261e+07,0.742759
1.92341,0.799673,2.51123e+07,22089.5,2.51344e+07,0.742767
1.92386,0.799673,2.51206e+07,22082.4,2.51426e+07,0.742775
1.92432,0.799673,2.51288e+07,22075.3,2.51509e+07,0.742784
1.92478,0.799673,2.51371e+07,22068.2,2.51592e+07,0.742792
1.92523,0.799673,2.51453e+07,22061,2.51674e+07,0.7428
1.92569,0.799672,2.51536e+07,22053.9,2.51757e+07,0.742808
1.92614,0.799672,2.51619e+07,22046.8,2.51839e+07,0.742816
1.9266,0.799672,2.51701e+07,22039.7,2.51922e+07,0.742825
1.92706,0.799672,2.51784e+07,22032.7,2.52004e+07,0.742833
1.92751,0.799672,2.51867e+07,22025.6,2.52087e+07,0.742841
1.92797,0.799671,2.51949e+07,22018.5,2.52169e+07,0.742849
1.92842,0.799671,2.52032e+07,22011.4,2.52252e+07,0.742857
1.92888,0.799671,2.52114e+07,22004.3,2.52334e+07,0.742866
1.92934,0.799671,2.52197e+07,21997.3,2.52417e+07,0.742874
1.92979,0.799671,2.52279e+07,21990.2,2.52499e+07,0.742882
1.93025,0.799671,2.52362e+07,21983.1,2.52582e+07,0.74289
1.9307,0.79967,2.52444e+07,21976.1,2.52664e+07,0.742898
1.93116,0.79967,2.52527e+07,21969,2.52747e+07,0.742906
1.93162,0.79967,2.52609e+07,21961.9,2.52829e+07,0.742915
1.93207,0.79967,2.52692e+07,21954.9,2.52911e+07,0.742923
1.93253,0.79967,2.52774e+07,21947.8,2.52994e+07,0.742931
1.93298,0.799669,2.52857e+07,21940.8,2.53076e+07,0.742939
1.93344,0.799669,2.52939e+07,21933.8,2.53159e+07,0.742947
1.9339,0.799669,2.53022e+07,21926.7,2.53241e+07,0.742955
1.93435,0.799669,2.53104e+07,21919.7,2.53323e+07,0.742964
1.93481,0.799669,2.53187e+07,21912.7,2.53406e+07,0.742972
1.93526,0.799668,2.53269e+07,21905.6,2.53488e+07,0.74298
1.93572,0.799668,2.53351e+07,21898.6,2.5357e+07,0.742988
1.93618,0.799668,2.53434e+07,21891.6,2.53653e+07,0.742996
1.93663,0.799668,2.53516e+07,21884.6,2.53735e+07,0.743004
1.93709,0.799668,2.53599e+07,21877.6,2.53817e+07,0.743012
1.93754,0.799667,2.53681e+07,21870.6,2.539e+07,0.743021
1.938,0.799667,2.53763e+07,21863.6,2.53982e+07,0.743029
1.93846,0.799667,2.53846e+07,21856.6,2.54064e+07,0.743037
1.93891,0.799667,2.53928e+07,21849.6,2.54146e+07,0.743045
1.93937,0.799667,2.5401e+07,21842.6,2.54229e+07,0.743053
1.93982,0.799666,2.54093e+07,21835.6,2.54311e+07,0.743061
1.94028,0.799666,2.54175e+07,21828.6,2.54393e+07,0.743069
1.94074,0.799666,2.54257e+07,21821.6,2.54475e+07,0.743077
1.94119,0.799666,2.54339e+07,21814.7,2.54558e+07,0.743085
1.94165,0.799666,2.54422e+07,21807.7,2.5464e+07,0.743093
1.9421,0.799666,2.54504e+07,21800.7,2.54722e+07,0.743102
1.94256,0.799665,2.54586e+07,21793.8,2.54804e+07,0.74311
1.94302,0.799665,2.54668e+07,21786.8,2.54886e+07,0.743118
1.94347,0.799665,2.54751e+07,21779.8,2.54969e+07,0.743126
1.94393,0.799665,2.54833e+07,21772.9,2.55051e+07,0.743134
1.94438,0.799665,2.54915e+07,21765.9,2.55133e+07,0.743142
1.94484,0.799664,2.54997e+07,21759,2.55215e+07,0.74315
1.9453,0.799664,2.5508e+07,21752,2.55297e+07,0.743158
1.94575,0.799664,2.55162e+07,21745.1,2.55379e+07,0.743166
1.94621,0.799664,2.55244e+07,21738.2,2.55461e+07,0.743174
1.94666,0.799664,2.55326e+07,21731.2,2.55543e+07,0.743182
1.94712,0.799663,2.55408e+07,21724.3,2.55625e+07,0.74319
1.94758,0.799663,2.5549e+07,21717.4,2.55707e+07,0.743198
1.94803,0.799663,2.55572e+07,21710.5,2.5579e+07,0.743206
1.94849,0.799663,2.55655e+07,21703.5,2.55872e+07,0.743214
1.94894,0.799663,2.55737e+07,21696.6,2.55954e+07,0.743222
1.9494,0.799662,2.55819e+07,21689.7,2.56036e+07,0.74323
1.94986,0.799662,2.55901e+07,21682.8,2.56118e+07,0.743238
1.95031,0.799662,2.55983e+07,21675.9,2.562e+07,0.743246
1.95077,0.799662,2.56065e+07,21669,2.56282e+07,0.743254
1.95122,0.799662,2.56147e+07,21662.1,2.56364e+07,0.743262
1.95168,0.799661,2.56229e+07,21655.2,2.56446e+07,0.74327
1.95214,0.799661,2.56311e+07,21648.3,2.56528e+07,0.743278
1.95259,0.799661,2.56393e+07,21641.5,2.56609e+07,0.743286
1.95305,0.799661,2.56475e+07,21634.6,2.56691e+07,0.743294
1.9535,0.799661,2.56557e+07,21627.7,2.56773e+07,0.743302
1.95396,0.79966,2.56639e+07,21620.8,2.56855e+07,0.74331
1.95442,0.79966,2.56721e+07,21614,2.56937e+07,0.743318
1.95487,0.79966,2.56803e+07,21607.1,2.57019e+07,0.743326
1.95533,0.79966,2.56885e+07,21600.2,2.57101e+07,0.743334
1.95578,0.79966,2.56967e+07,21593.4,2.57183e+07,0.743342
1.95624,0.79966,2.57049e+07,21586.5,2.57265e+07,0.74335
1.9567,0.799659,2.57131e+07,21579.7,2.57347e+07,0.743358
1.95715,0.799659,2.57213e+07,21572.8,2.57428e+07,0.743366
1.95761,0.799659,2.57295e+07,21566,2.5751e+07,0.743374
1.95806,0.799659,2.57376e+07,21559.1,2.57592e+07,0.743382
1.95852,0.799659,2.57458e+07,21552.3,2.57674e+07,0.74339
1.95898,0.799658,2.5754e+07,21545.5,2.57756e+07,0.743398
1.95943,0.799658,2.57622e+07,21538.6,2.57837e+07,0.743406
1.95989,0.799658,2.57704e+07,21531.8,2.57919e+07,0.743414
1.96034,0.799658,2.57786e+07,21525,2.58001e+07,0.743422
1.9608,0.799658,2.57868e+07,21518.2,2.58083e+07,0.74343
1.96126,0.799657,2.57949e+07,21511.4,2.58164e+07,0.743438
1.96171,0.799657,2.58031e+07,21504.5,2.58246e+07,0.743446
1.96217,0.799657,2.58113e+07,21497.7,2.58328e+07,0.743454
1.96262,0.799657,2.58195e+07,21490.9,2.5841e+07,0.743462
1.96308,0.799657,2.58277e+07,21484.1,2.58491e+07,0.743469
1.96354,0.799656,2.58358e+07,21477.3,2.58573e+07,0.743477
1.96399,0.799656,2.5844e+07,21470.5,2.58655e+07,0.743485
1.96445,0.799656,2.58522e+07,21463.7,2.58736e+07,0.743493
1.9649,0.799656,2.58603e+07,21457,2.58818e+07,0.743501
1.96536,0.799656,2.58685e+07,21450.2,2.589e+07,0.743509
1.96582,0.799655,2.58767e+07,21443.4,2.58981e+07,0.743517
1.96627,0.799655,2.58849e+07,21436.6,2.59063e+07,0.743525
1.96673,0.799655,2.5893e+07,21429.8,2.59145e+07,0.743533
1.96718,0.799655,2.59012e+07,21423.1,2.59226e+07,0.743541
1.96764,0.799655,2.59094e+07,21416.3,2.59308e+07,0.743548
1.9681,0.799654,2.59175e+07,21409.5,2.59389e+07,0.743556
1.96855,0.799654,2.59257e+07,21402.8,2.59471e+07,0.743564
1.96901,0.799654,2.59339e+07,21396,2.59552e+07,0.743572
1.96946,0.799654,2.5942e+07,21389.3,2.59634e+07,0.74358
1.96992,0.799654,2.59502e+07,21382.5,2.59716e+07,0.743588
1.97038,0.799653,2.59583e+07,21375.8,2.59797e+07,0.743596
1.97083,0.799653,2.59665e+07,21369,2.59879e+07,0.743604
1.97129,0.799653,2.59746e+07,21362.3,2.5996e+07,0.743611
1.97174,0.799653,2.59828e+07,21355.6,2.60042e+07,0.743619
1.9722,0.799653,2.5991e+07,21348.8,2.60123e+07,0.743627
1.97266,0.799652,2.59991e+07,21342.1,2.60205e+07,0.743635
1.97311,0.799652,2.60073e+07,21335.4,2.60286e+07,0.743643
1.97357,0.799652,2.60154e+07,21328.7,2.60367e+07,0.743651
1.97402,0.799652,2.60236e+07,21322,2.60449e+07,0.743658
1.97448,0.799652,2.60317e+07,21315.2,2.6053e+07,0.743666
1.97494,0.799651,2.60399e+07,21308.5,2.60612e+07,0.743674
1.97539,0.799651,2.6048e+07,21301.8,2.60693e+07,0.743682
1.97585,0.799651,2.60562e+07,21295.1,2.60775e+07,0.74369
1.9763,0.799651,2.60643e+07,21288.4,2.60856e+07,0.743698
1.97676,0.799651,2.60724e+07,21281.7,2.60937e+07,0.743705
1.97722,0.79965,2.60806e+07,21275,2.61019e+07,0.743713
1.97767,0.79965,2.60887e+07,21268.4,2.611e+07,0.743721
1.97813,0.79965,2.60969e+07,21261.7,2.61181e+07,0.743729
1.97858,0.79965,2.6105e+07,21255,2.61263e+07,0.743737
1.97904,0.79965,2.61131e+07,21248.3,2.61344e+07,0.743744
1.9795,0.799649,2.61213e+07,21241.6,2.61425e+07,0.743752
1.97995,0.799649,2.61294e+07,21235,2.61507e+07,0.74376
1.98041,0.799649,2.61376e+07,21228.3,2.61588e+07,0.743768
1.98086,0.799649,2.61457e+07,21221.6,2.61669e+07,0.743776
1.98132,0.799649,2.61538e+07,21215,2.6175e+07,0.743783
1.98178,0.799648,2.6162e+07,21208.3,2.61832e+07,0.743791
1.98223,0.799648,2.61701e+07,21201.7,2.61913e+07,0.743799
1.98269,0.799648,2.61782e+07,21195,2.61994e+07,0.743807
1.98314,0.799648,2.61863e+07,21188.4,2.62075e+07,0.743814
1.9836,0.799648,2.61945e+07,21181.7,2.62156e+07,0.743822
1.98406,0.799647,2.62026e+07,21175.1,2.62238e+07,0.74383
1.98451,0.799647,2.62107e+07,21168.5,2.62319e+07,0.743838
1.98497,0.799647,2.62188e+07,21161.8,2.624e+07,0.743845
1.98542,0.799647,2.6227e+07,21155.2,2.62481e+07,0.743853
1.98588,0.799647,2.62351e+07,21148.6,2.62562e+07,0.743861
1.98634,0.799646,2.62432e+07,21141.9,2.62643e+07,0.743869
1.98679,0.799646,2.62513e+07,21135.3,2.62725e+07,0.743876
1.98725,0.799646,2.62594e+07,21128.7,2.62806e+07,0.743884
1.9877,0.799646,2.62676e+07,21122.1,2.62887e+07,0.743892
1.98816,0.799646,2.62757e+07,21115.5,2.62968e+07,0.7439
1.98862,0.799645,2.62838e+07,21108.9,2.63049e+07,0.743907
1.98907,0.799645,2.62919e+07,21102.3,2.6313e+07,0.743915
1.98953,0.799645,2.63e+07,21095.7,2.63211e+07,0.743923
1.98998,0.799645,2.63081e+07,21089.1,2.63292e+07,0.74393
1.99044,0.799645,2.63162e+07,21082.5,2.63373e+07,0.743938
1.9909,0.799644,2.63243e+07,21075.9,2.63454e+07,0.743946
1.99135,0.799644,2.63324e+07,21069.3,2.63535e+07,0.743953
1.99181,0.799644,2.63406e+07,21062.7,2.63616e+07,0.743961
1.99226,0.799644,2.63487e+07,21056.2,2.63697e+07,0.743969
1.99272,0.799644,2.63568e+07,21049.6,2.63778e+07,0.743977
1.99318,0.799643,2.63649e+07,21043,2.63859e+07,0.743984
1.99363,0.799643,2.6373e+07,21036.5,2.6394e+07,0.743992
1.99409,0.799643,2.63811e+07,21029.9,2.64021e+07,0.744
1.99454,0.799643,2.63892e+07,21023.3,2.64102e+07,0.744007
1.995,0.799643,2.63973e+07,21016.8,2.64183e+07,0.744015
1.99546,0.799642,2.64054e+07,21010.2,2.64264e+07,0.744023
1.99591,0.799642,2.64135e+07,21003.7,2.64345e+07,0.74403
1.99637,0.799642,2.64216e+07,20997.1,2.64426e+07,0.744038
1.99682,0.799642,2.64296e+07,20990.6,2.64506e+07,0.744046
1.99728,0.799642,2.64377e+07,20984,2.64587e+07,0.744053
1.99774,0.799641,2.64458e+07,20977.5,2.64668e+07,0.744061
1.99819,0.799641,2.64539e+07,20971,2.64749e+07,0.744069
1.99865,0.799641,2.6462e+07,20964.4,2.6483e+07,0.744076
1.9991,0.799641,2.64701e+07,20957.9,2.64911e+07,0.744084
1.99956,0.799641,2.64782e+07,20951.4,2.64991e+07,0.744092
2.00002,0.79964,2.64863e+07,20944.9,2.65072e+07,0.744099
2.00047,0.79964,2.64944e+07,20938.3,2.65153e+07,0.744107
2.00093,0.79964,2.65024e+07,20931.8,2.65234e+07,0.744114
2.00138,0.79964,2.65105e+07,20925.3,2.65314e+07,0.744122
2.00184,0.79964,2.65186e+07,20918.8,2.65395e+07,0.74413
2.0023,0.799639,2.65267e+07,20912.3,2.65476e+07,0.744137
2.00275,0.799639,2.65348e+07,20905.8,2.65557e+07,0.744145
2.00321,0.799639,2.65428e+07,20899.3,2.65637e+07,0.744152
2.00366,0.799639,2.65509e+07,20892.8,2.65718e+07,0.74416
2.00412,0.799639,2.6559e+07,20886.3,2.65799e+07,0.744168
2.00458,0.799638,2.65671e+07,20879.8,2.65879e+07,0.744175
2.00503,0.799638,2.65751e+07,20873.4,2.6596e+07,0.744183
2.00549,0.799638,2.65832e+07,20866.9,2.66041e+07,0.74419
2.00594,0.799638,2.65913e+07,20860.4,2.66121e+07,0.744198
2.0064,0.799638,2.65993e+07,20853.9,2.66202e+07,0.744206
2.00686,0.799637,2.66074e+07,20847.5,2.66283e+07,0.744213
2.00731,0.799637,2.66155e+07,20841,2.66363e+07,0.744221
2.00777,0.799637,2.66235e+07,20834.5,2.66444e+07,0.744228
2.00822,0.799637,2.66316e+07,20828.1,2.66524e+07,0.744236
2.00868,0.799637,2.66397e+07,20821.6,2.66605e+07,0.744244
2.00914,0.799636,2.66477e+07,20815.2,2.66685e+07,0.744251
2.00959,0.799636,2.66558e+07,20808.7,2.66766e+07,0.744259
2.01005,0.799636,2.66639e+07,20802.3,2.66847e+07,0.744266
2.0105,0.799636,2.66719e+07,20795.8,2.66927e+07,0.744274
2.01096,0.799636,2.668e+07,20789.4,2.67008e+07,0.744281
2.01142,0.799635,2.6688e+07,20783,2.67088e+07,0.744289
2.01187,0.799635,2.66961e+07,20776.5,2.67169e+07,0.744296
2.01233,0.799635,2.67041e+07,20770.1,2.67249e+07,0.744304
2.01278,0.799635,2.67122e+07,20763.7,2.67329e+07,0.744312
2.01324,0.799635,2.67202e+07,20757.2,2.6741e+07,0.744319
2.0137,0.799634,2.67283e+07,20750.8,2.6749e+07,0.744327
2.01415,0.799634,2.67363e+07,20744.4,2.67571e+07,0.744334
2.01461,0.799634,2.67444e+07,20738,2.67651e+07,0.744342
2.01506,0.799634,2.67524e+07,20731.6,2.67732e+07,0.744349
2.01552,0.799634,2.67605e+07,20725.2,2.67812e+07,0.744357
2.01598,0.799633,2.67685e+07,20718.8,2.67892e+07,0.744364
2.01643,0.799633,2.67766e+07,20712.4,2.67973e+07,0.744372
2.01689,0.799633,2.67846e+07,20706,2.68053e+07,0.744379
2.01734,0.799633,2.67926e+07,20699.6,2.68133e+07,0.744387
2.0178,0.799633,2.68007e+07,20693.2,2.68214e+07,0.744394
2.01826,0.799632,2.68087e+07,20686.8,2.68294e+07,0.744402
2.01871,0.799632,2.68168e+07,20680.4,2.68374e+07,0.744409
2.01917,0.799632,2.68248e+07,20674,2.68455e+07,0.744417
2.01962,0.799632,2.68328e+07,20667.7,2.68535e+07,0.744424
2.02008,0.799632,2.68409e+07,20661.3,2.68615e+07,0.744432
2.02054,0.799631,2.68489e+07,20654.9,2.68695e+07,0.744439
2.02099,0.799631,2.68569e+07,20648.5,2.68776e+07,0.744447
2.02145,0.799631,2.68649e+07,20642.2,2.68856e+07,0.744454
2.0219,0.799631,2.6873e+07,20635.8,2.68936e+07,0.744462
2.02236,0.799631,2.6881e+07,20629.5,2.69016e+07,0.744469
2.02282,0.79963,2.6889e+07,20623.1,2.69097e+07,0.744477
2.02327,0.79963,2.68971e+07,20616.7,2.69177e+07,0.744484
2.02373,0.79963,2.69051e+07,20610.4,2.69257e+07,0.744491
2.02418,0.79963,2.69131e+07,20604.1,2.69337e+07,0.744499
2.02464,0.79963,2.69211e+07,20597.7,2.69417e+07,0.744506
2.0251,0.799629,2.69291e+07,20591.4,2.69497e+07,0.744514
2.02555,0.799629,2.69372e+07,20585,2.69577e+07,0.744521
2.02601,0.799629,2.69452e+07,20578.7,2.69658e+07,0.744529
2.02646,0.799629,2.69532e+07,20572.4,2.69738e+07,0.744536
2.02692,0.799629,2.69612e+07,20566.1,2.69818e+07,0.744544
2.02738,0.799628,2.69692e+07,20559.7,2.69898e+07,0.744551
2.02783,0.799628,2.69772e+07,20553.4,2.69978e+07,0.744558
2.02829,0.799628,2.69852e+07,20547.1,2.70058e+07,0.744566
2.02874,0.799628,2.69933e+07,20540.8,2.70138e+07,0.744573
2.0292,0.799628,2.70013e+07,20534.5,2.70218e+07,0.744581
2.02966,0.799627,2.70093e+07,20528.2,2.70298e+07,0.744588
2.03011,0.799627,2.70173e+07,20521.9,2.70378e+07,0.744596
2.03057,0.799627,2.70253e+07,20515.6,2.70458e+07,0.744603
2.03102,0.799627,2.70333e+07,20509.3,2.70538e+07,0.74461
2.03148,0.799626,2.70413e+07,20503,2.70618e+07,0.744618
2.03194,0.799626,2.70493e+07,20496.7,2.70698e+07,0.744625
2.03239,0.799626,2.70573e+07,20490.4,2.70778e+07,0.744633
2.03285,0.799626,2.70653e+07,20484.1,2.70858e+07,0.74464
2.0333,0.799626,2.70733e+07,20477.8,2.70938e+07,0.744647
2.03376,0.799625,2.70813e+07,20471.6,2.71018e+07,0.744655
2.03422,0.799625,2.70893e+07,20465.3,2.71097e+07,0.744662
2.03467,0.799625,2.70973e+07,20459,2.71177e+07,0.744669
2.03513,0.799625,2.71053e+07,20452.7,2.71257e+07,0.744677
2.03558,0.799625,2.71133e+07,20446.5,2.71337e+07,0.744684
2.03604,0.799624,2.71212e+07,20440.2,2.71417e+07,0.744692
2.0365,0.799624,2.71292e+07,20434,2.71497e+07,0.744699
2.03695,0.799624,2.71372e+07,20427.7,2.71577e+07,0.744706
2.03741,0.799624,2.71452e+07,20421.4,2.71656e+07,0.744714
2.03786,0.799624,2.71532e+07,20415.2,2.71736e+07,0.744721
2.03832,0.799623,2.71612e+07,20408.9,2.71816e+07,0.744728
2.03878,0.799623,2.71692e+07,20402.7,2.71896e+07,0.744736
2.03923,0.799623,2.71771e+07,20396.5,2.71975e+07,0.744743
2.03969,0.799623,2.71851e+07,20390.2,2.72055e+07,0.74475
2.04014,0.799623,2.71931e+07,20384,2.72135e+07,0.744758
2.0406,0.799622,2.72011e+07,20377.8,2.72215e+07,0.744765
2.04106,0.799622,2.72091e+07,20371.5,2.72294e+07,0.744772
2.04151,0.799622,2.7217e+07,20365.3,2.72374e+07,0.74478
2.04197,0.799622,2.7225e+07,20359.1,2.72454e+07,0.744787
2.04242,0.799622,2.7233e+07,20352.9,2.72533e+07,0.744794
2.04288,0.799621,2.7241e+07,20346.7,2.72613e+07,0.744802
2.04334,0.799621,2.72489e+07,20340.5,2.72693e+07,0.744809
2.04379,0.799621,2.72569e+07,20334.2,2.72772e+07,0.744816
2.04425,0.799621,2.72649e+07,20328,2.72852e+07,0.744824
2.0447,0.799621,2.72728e+07,20321.8,2.72932e+07,0.744831
2.04516,0.79962,2.72808e+07,20315.6,2.73011e+07,0.744838
2.04562,0.79962,2.72888e+07,20309.4,2.73091e+07,0.744846
2.04607,0.79962,2.72967e+07,20303.3,2.7317e+07,0.744853
2.04653,0.79962,2.73047e+07,20297.1,2.7325e+07,0.74486
2.04698,0.799619,2.73126e+07,20290.9,2.73329e+07,0.744867
2.04744,0.799619,2.73206e+07,20284.7,2.73409e+07,0.744875
2.0479,0.799619,2.73286e+07,20278.5,2.73488e+07,0.744882
2.04835,0.799619,2.73365e+07,20272.3,2.73568e+07,0.744889
2.04881,0.799619,2.73445e+07,20266.2,2.73647e+07,0.744897
2.04926,0.799618,2.73524e+07,20260,2.73727e+07,0.744904
2.04972,0.799618,2.73604e+07,20253.8,2.73806e+07,0.744911
2.05018,0.799618,2.73683e+07,20247.7,2.73886e+07,0.744918
2.05063,0.799618,2.73763e+07,20241.5,2.73965e+07,0.744926
2.05109,0.799618,2.73842e+07,20235.3,2.74045e+07,0.744933
2.05154,0.799617,2.73922e+07,20229.2,2.74124e+07,0.74494
2.052,0.799617,2.74001e+07,20223,2.74203e+07,0.744947
2.05246,0.799617,2.74081e+07,20216.9,2.74283e+07,0.744955
2.05291,0.799617,2.7416e+07,20210.7,2.74362e+07,0.744962
2.05337,0.799617,2.7424e+07,20204.6,2.74442e+07,0.744969
2.05382,0.799616,2.74319e+07,20198.5,2.74521e+07,0.744976
2.05428,0.799616,2.74398e+07,20192.3,2.746e+07,0.744984
2.05474,0.799616,2.74478e+07,20186.2,2.7468e+07,0.744991
2.05519,0.799616,2.74557e+07,20180.1,2.74759e+07,0.744998
2.05565,0.799616,2.74637e+07,20173.9,2.74838e+07,0.745005
2.0561,0.799615,2.74716e+07,20167.8,2.74918e+07,0.745013
2.05656,0.799615,2.74795e+07,20161.7,2.74997e+07,0.74502
2.05702,0.799615,2.74875e+07,20155.6,2.75076e+07,0.745027
2.05747,0.799615,2.74954e+07,20149.5,2.75155e+07,0.745034
2.05793,0.799614,2.75033e+07,20143.3,2.75235e+07,0.745041
2.05838,0.799614,2.75112e+07,20137.2,2.75314e+07,0.745049
2.05884,0.799614,2.75192e+07,20131.1,2.75393e+07,0.745056
2.0593,0.799614,2.75271e+07,20125,2.75472e+07,0.745063
2.05975,0.799614,2.7535e+07,20118.9,2.75551e+07,0.74507
2.06021,0.799613,2.75429e+07,20112.8,2.75631e+07,0.745077
2.06066,0.799613,2.75509e+07,20106.7,2.7571e+07,0.745085
2.06112,0.799613,2.75588e+07,20100.6,2.75789e+07,0.745092
2.06158,0.799613,2.75667e+07,20094.6,2.75868e+07,0.745099
2.06203,0.799613,2.75746e+07,20088.5,2.75947e+07,0.745106
2.06249,0.799612,2.75825e+07,20082.4,2.76026e+07,0.745113
2.06294,0.799612,2.75905e+07,20076.3,2.76105e+07,0.745121
2.0634,0.799612,2.75984e+07,20070.2,2.76184e+07,0.745128
2.06386,0.799612,2.76063e+07,20064.2,2.76264e+07,0.745135
2.06431,0.799612,2.76142e+07,20058.1,2.76343e+07,0.745142
2.06477,0.799611,2.76221e+07,20052,2.76422e+07,0.745149
2.06522,0.799611,2.763e+07,20046,2.76501e+07,0.745156
2.06568,0.799611,2.76379e+07,20039.9,2.7658e+07,0.745164
2.06614,0.799611,2.76458e+07,20033.9,2.76659e+07,0.745171
2.06659,0.79961,2.76537e+07,20027.8,2.76738e+07,0.745178
2.06705,0.79961,2.76616e+07,20021.7,2.76817e+07,0.745185
2.0675,0.79961,2.76695e+07,20015.7,2.76896e+07,0.745192
2.06796,0.79961,2.76775e+07,20009.7,2.76975e+07,0.745199
2.06842,0.79961,2.76854e+07,20003.6,2.77054e+07,0.745206
2.06887,0.799609,2.76932e+07,19997.6,2.77132e+07,0.745214
2.06933,0.799609,2.77011e+07,19991.5,2.77211e+07,0.745221
2.06978,0.799609,2.7709e+07,19985.5,2.7729e+07,0.745228
2.07024,0.799609,2.77169e+07,19979.5,2.77369e+07,0.745235
2.0707,0.799609,2.77248e+07,19973.4,2.77448e+07,0.745242
2.07115,0.799608,2.77327e+07,19967.4,2.77527e+07,0.745249
2.07161,0.799608,2.77406e+07,19961.4,2.77606e+07,0.745256
2.07206,0.799608,2.77485e+07,19955.4,2.77685e+07,0.745263
2.07252,0.799608,2.77564e+07,19949.4,2.77763e+07,0.74527
2.07298,0.799608,2.77643e+07,19943.4,2.77842e+07,0.745278
2.07343,0.799607,2.77722e+07,19937.4,2.77921e+07,0.745285
2.07389,0.799607,2.77801e+07,19931.3,2.78e+07,0.745292
2.07434,0.799607,2.77879e+07,19925.3,2.78079e+07,0.745299
2.0748,0.799607,2.77958e+07,19919.3,2.78157e+07,0.745306
2.07526,0.799607,2.78037e+07,19913.3,2.78236e+07,0.745313
2.07571,0.799606,2.78116e+07,19907.4,2.78315e+07,0.74532
2.07617,0.799606,2.78195e+07,19901.4,2.78394e+07,0.745327
2.07662,0.799606,2.78273e+07,19895.4,2.78472e+07,0.745334
2.07708,0.799606,2.78352e+07,19889.4,2.78551e+07,0.745341
2.07754,0.799605,2.78431e+07,19883.4,2.7863e+07,0.745348
2.07799,0.799605,2.7851e+07,19877.4,2.78708e+07,0.745356
2.07845,0.799605,2.78588e+07,19871.5,2.78787e+07,0.745363
2.0789,0.799605,2.78667e+07,19865.5,2.78866e+07,0.74537
2.07936,0.799605,2.78746e+07,19859.5,2.78944e+07,0.745377
2.07982,0.799604,2.78824e+07,19853.5,2.79023e+07,0.745384
2.08027,0.799604,2.78903e+07,19847.6,2.79102e+07,0.745391
2.08073,0.799604,2.78982e+07,19841.6,2.7918e+07,0.745398
2.08118,0.799604,2.7906e+07,19835.7,2.79259e+07,0.745405
2.08164,0.799604,2.79139e+07,19829.7,2.79337e+07,0.745412
2.0821,0.799603,2.79218e+07,19823.8,2.79416e+07,0.745419
2.08255,0.799603,2.79296e+07,19817.8,2.79494e+07,0.745426
2.08301,0.799603,2.79375e+07,19811.9,2.79573e+07,0.745433
2.08346,0.799603,2.79453e+07,19805.9,2.79651e+07,0.74544
2.08392,0.799602,2.79532e+07,19800,2.7973e+07,0.745447
2.08438,0.799602,2.7961e+07,19794,2.79808e+07,0.745454
2.08483,0.799602,2.79689e+07,19788.1,2.79887e+07,0.745461
2.08529,0.799602,2.79767e+07,19782.2,2.79965e+07,0.745468
2.08574,0.799602,2.79846e+07,19776.2,2.80044e+07,0.745475
2.0862,0.799601,2.79924e+07,19770.3,2.80122e+07,0.745482
2.08666,0.799601,2.80003e+07,19764.4,2.80201e+07,0.745489
2.08711,0.799601,2.80081e+07,19758.5,2.80279e+07,0.745496
2.08757,0.799601,2.8016e+07,19752.6,2.80357e+07,0.745503
2.08802,0.799601,2.80238e+07,19746.6,2.80436e+07,0.74551
2.08848,0.7996,2.80317e+07,19740.7,2.80514e+07,0.745517
2.08894,0.7996,2.80395e+07,19734.8,2.80593e+07,0.745524
2.08939,0.7996,2.80474e+07,19728.9,2.80671e+07,0.745531
2.08985,0.7996,2.80552e+07,19723,2.80749e+07,0.745538
2.0903,0.7996,2.8063e+07,19717.1,2.80828e+07,0.745545
2.09076,0.799599,2.80709e+07,19711.2,2.80906e+07,0.745552
2.09122,0.799599,2.80787e+07,19705.3,2.80984e+07,0.745559
2.09167,0.799599,2.80865e+07,19699.4,2.81062e+07,0.745566
2.09213,0.799599,2.80944e+07,19693.6,2.81141e+07,0.745573
2.09258,0.799598,2.81022e+07,19687.7,2.81219e+07,0.74558
2.09304,0.799598,2.811e+07,19681.8,2.81297e+07,0.745587
2.0935,0.799598,2.81179e+07,19675.9,2.81375e+07,0.745594
2.09395,0.799598,2.81257e+07,19670,2.81454e+07,0.745601
2.09441,0.799598,2.81335e+07,19664.2,2.81532e+07,0.745608
2.09486,0.799597,2.81413e+07,19658.3,2.8161e+07,0.745615
2.09532,0.799597,2.81492e+07,19652.4,2.81688e+07,0.745622
2.09578,0.799597,2.8157e+07,19646.6,2.81766e+07,0.745629
2.09623,0.799597,2.81648e+07,19640.7,2.81844e+07,0.745636
2.09669,0.799597,2.81726e+07,19634.8,2.81923e+07,0.745643
2.09714,0.799596,2.81804e+07,19629,2.82001e+07,0.74565
2.0976,0.799596,2.81883e+07,19623.1,2.82079e+07,0.745657
2.09806,0.799596,2.81961e+07,19617.3,2.82157e+07,0.745663
2.09851,0.799596,2.82039e+07,19611.4,2.82235e+07,0.74567
2.09897,0.799595,2.82117e+07,19605.6,2.82313e+07,0.745677
2.09942,0.799595,2.82195e+07,19599.7,2.82391e+07,0.745684
2.09988,0.799595,2.82273e+07,19593.9,2.82469e+07,0.745691
2.10034,0.799595,2.82351e+07,19588.1,2.82547e+07,0.745698
2.10079,0.799595,2.82429e+07,19582.2,2.82625e+07,0.745705
2.10125,0.799594,2.82507e+07,19576.4,2.82703e+07,0.745712
2.1017,0.799594,2.82585e+07,19570.6,2.82781e+07,0.745719
2.10216,0.799594,2.82663e+07,19564.8,2.82859e+07,0.745726
2.10262,0.799594,2.82741e+07,19558.9,2.82937e+07,0.745733
2.10307,0.799594,2.82819e+07,19553.1,2.83015e+07,0.74574
2.10353,0.799593,2.82897e+07,19547.3,2.83093e+07,0.745746
2.10398,0.799593,2.82975e+07,19541.5,2.83171e+07,0.745753
2.10444,0.799593,2.83053e+07,19535.7,2.83249e+07,0.74576
2.1049,0.799593,2.83131e+07,19529.9,2.83327e+07,0.745767
2.10535,0.799592,2.83209e+07,19524.1,2.83404e+07,0.745774
2.10581,0.799592,2.83287e+07,19518.3,2.83482e+07,0.745781
2.10626,0.799592,2.83365e+07,19512.5,2.8356e+07,0.745788
2.10672,0.799592,2.83443e+07,19506.7,2.83638e+07,0.745795
2.10718,0.799592,2.83521e+07,19500.9,2.83716e+07,0.745801
2.10763,0.799591,2.83599e+07,19495.1,2.83794e+07,0.745808
2.10809,0.799591,2.83676e+07,19489.3,2.83871e+07,0.745815
2.10854,0.799591,2.83754e+07,19483.5,2.83949e+07,0.745822
2.109,0.799591,2.83832e+07,19477.7,2.84027e+07,0.745829
2.10946,0.799591,2.8391e+07,19472,2.84105e+07,0.745836
2.10991,0.79959,2.83988e+07,19466.2,2.84182e+07,0.745843
2.11037,0.79959,2.84066e+07,19460.4,2.8426e+07,0.745849
2.11082,0.79959,2.84143e+07,19454.6,2.84338e+07,0.745856
2.11128,0.79959,2.84221e+07,19448.9,2.84416e+07,0.745863
2.11174,0.799589,2.84299e+07,19443.1,2.84493e+07,0.74587
2.11219,0.799589,2.84377e+07,19437.3,2.84571e+07,0.745877
2.11265,0.799589,2.84454e+07,19431.6,2.84649e+07,0.745884
2.1131,0.799589,2.84532e+07,19425.8,2.84726e+07,0.74589
2.11356,0.799589,2.8461e+07,19420.1,2.84804e+07,0.745897
2.11402,0.799588,2.84687e+07,19414.3,2.84881e+07,0.745904
2.11447,0.799588,2.84765e+07,19408.6,2.84959e+07,0.745911
2.11493,0.799588,2.84843e+07,19402.8,2.85037e+07,0.745918
2.11538,0.799588,2.8492e+07,19397.1,2.85114e+07,0.745925
2.11584,0.799587,2.84998e+07,19391.4,2.85192e+07,0.745931
2.1163,0.799587,2.85075e+07,19385.6,2.85269e+07,0.745938
2.11675,0.799587,2.85153e+07,19379.9,2.85347e+07,0.745945
2.11721,0.799587,2.85231e+07,19374.2,2.85424e+07,0.745952
2.11766,0.799587,2.85308e+07,19368.4,2.85502e+07,0.745959
2.11812,0.799586,2.85386e+07,19362.7,2.85579e+07,0.745965
2.11858,0.799586,2.85463e+07,19357,2.85657e+07,0.745972
2.11903,0.799586,2.85541e+07,19351.3,2.85734e+07,0.745979
2.11949,0.799586,2.85618e+07,19345.5,2.85812e+07,0.745986
2.11994,0.799586,2.85696e+07,19339.8,2.85889e+07,0.745993
2.1204,0.799585,2.85773e+07,19334.1,2.85967e+07,0.745999
2.12086,0.799585,2.85851e+07,19328.4,2.86044e+07,0.746006
2.12131,0.799585,2.85928e+07,19322.7,2.86121e+07,0.746013
2.12177,0.799585,2.86006e+07,19317,2.86199e+07,0.74602
2.12222,0.799584,2.86083e+07,19311.3,2.86276e+07,0.746026
2.12268,0.799584,2.8616e+07,19305.6,2.86354e+07,0.746033
2.12314,0.799584,2.86238e+07,19299.9,2.86431e+07,0.74604
2.12359,0.799584,2.86315e+07,19294.2,2.86508e+07,0.746047
2.12405,0.799584,2.86393e+07,19288.5,2.86586e+07,0.746053
2.1245,0.799583,2.8647e+07,19282.8,2.86663e+07,0.74606
2.12496,0.799583,2.86547e+07,19277.2,2.8674e+07,0.746067
2.12542,0.799583,2.86625e+07,19271.5,2.86817e+07,0.746074
2.12587,0.799583,2.86702e+07,19265.8,2.86895e+07,0.74608
2.12633,0.799583,2.86779e+07,19260.1,2.86972e+07,0.746087
2.12678,0.799582,2.86857e+07,19254.5,2.87049e+07,0.746094
2.12724,0.799582,2.86934e+07,19248.8,2.87126e+07,0.746101
2.1277,0.799582,2.87011e+07,19243.1,2.87204e+07,0.746107
2.12815,0.799582,2.87088e+07,19237.5,2.87281e+07,0.746114
2.12861,0.799581,2.87166e+07,19231.8,2.87358e+07,0.746121
2.12906,0.799581,2.87243e+07,19226.1,2.87435e+07,0.746128
2.12952,0.799581,2.8732e+07,19220.5,2.87512e+07,0.746134
2.12998,0.799581,2.87397e+07,19214.8,2.87589e+07,0.746141
2.13043,0.799581,2.87474e+07,19209.2,2.87666e+07,0.746148
2.13089,0.79958,2.87552e+07,19203.5,2.87744e+07,0.746154
2.13134,0.79958,2.87629e+07,19197.9,2.87821e+07,0.746161
2.1318,0.79958,2.87706e+07,19192.2,2.87898e+07,0.746168
2.13226,0.79958,2.87783e+07,19186.6,2.87975e+07,0.746175
2.13271,0.799579,2.8786e+07,19181,2.88052e+07,0.746181
2.13317,0.799579,2.87937e+07,19175.3,2.88129e+07,0.746188
2.13362,0.799579,2.88014e+07,19169.7,2.88206e+07,0.746195
2.13408,0.799579,2.88091e+07,19164.1,2.88283e+07,0.746201
2.13454,0.799579,2.88168e+07,19158.5,2.8836e+07,0.746208
2.13499,0.799578,2.88245e+07,19152.8,2.88437e+07,0.746215
2.13545,0.799578,2.88322e+07,19147.2,2.88514e+07,0.746221
2.1359,0.799578,2.88399e+07,19141.6,2.88591e+07,0.746228
2.13636,0.799578,2.88476e+07,19136,2.88668e+07,0.746235
2.13682,0.799577,2.88553e+07,19130.4,2.88745e+07,0.746241
2.13727,0.799577,2.8863e+07,19124.8,2.88822e+07,0.746248
2.13773,0.799577,2.88707e+07,19119.1,2.88899e+07,0.746255
2.13818,0.799577,2.88784e+07,19113.5,2.88975e+07,0.746261
2.13864,0.799577,2.88861e+07,19107.9,2.89052e+07,0.746268
2.1391,0.799576,2.88938e+07,19102.3,2.89129e+07,0.746275
2.13955,0.799576,2.89015e+07,19096.8,2.89206e+07,0.746281
2.14001,0.799576,2.89092e+07,19091.2,2.89283e+07,0.746288
2.14046,0.799576,2.89169e+07,19085.6,2.8936e+07,0.746295
2.14092,0.799576,2.89246e+07,19080,2.89436e+07,0.746301
2.14138,0.799575,2.89322e+07,19074.4,2.89513e+07,0.746308
2.14183,0.799575,2.89399e+07,19068.8,2.8959e+07,0.746315
2.14229,0.799575,2.89476e+07,19063.2,2.89667e+07,0.746321
2.14274,0.799575,2.89553e+07,19057.7,2.89743e+07,0.746328
2.1432,0.799574,2.8963e+07,19052.1,2.8982e+07,0.746335
2.14366,0.799574,2.89706e+07,19046.5,2.89897e+07,0.746341
2.14411,0.799574,2.89783e+07,19040.9,2.89974e+07,0.746348
2.14457,0.799574,2.8986e+07,19035.4,2.9005e+07,0.746354
2.14502,0.799574,2.89937e+07,19029.8,2.90127e+07,0.746361
2.14548,0.799573,2.90013e+07,19024.3,2.90204e+07,0.746368
2.14594,0.799573,2.9009e+07,19018.7,2.9028e+07,0.746374
2.14639,0.799573,2.90167e+07,19013.1,2.90357e+07,0.746381
2.14685,0.799573,2.90243e+07,19007.6,2.90434e+07,0.746387
2.1473,0.799572,2.9032e+07,19002,2.9051e+07,0.746394
2.14776,0.799572,2.90397e+07,18996.5,2.90587e+07,0.746401
2.14822,0.799572,2.90473e+07,18990.9,2.90663e+07,0.746407
2.14867,0.799572,2.9055e+07,18985.4,2.9074e+07,0.746414
2.14913,0.799572,2.90627e+07,18979.9,2.90816e+07,0.74642
2.14958,0.799571,2.90703e+07,18974.3,2.90893e+07,0.746427
2.15004,0.799571,2.9078e+07,18968.8,2.90969e+07,0.746434
2.1505,0.799571,2.90856e+07,18963.3,2.91046e+07,0.74644
2.15095,0.799571,2.90933e+07,18957.7,2.91122e+07,0.746447
2.15141,0.79957,2.91009e+07,18952.2,2.91199e+07,0.746453
2.15186,0.79957,2.91086e+07,18946.7,2.91275e+07,0.74646
2.15232,0.79957,2.91162e+07,18941.2,2.91352e+07,0.746467
2.15278,0.79957,2.91239e+07,18935.6,2.91428e+07,0.746473
2.15323,0.79957,2.91315e+07,18930.1,2.91505e+07,0.74648
2.15369,0.799569,2.91392e+07,18924.6,2.91581e+07,0.746486
2.15414,0.799569,2.91468e+07,18919.1,2.91657e+07,0.746493
2.1546,0.799569,2.91545e+07,18913.6,2.91734e+07,0.746499
2.15506,0.799569,2.91621e+07,18908.1,2.9181e+07,0.746506
2.15551,0.799568,2.91698e+07,18902.6,2.91887e+07,0.746512
2.15597,0.799568,2.91774e+07,18897.1,2.91963e+07,0.746519
2.15642,0.799568,2.9185e+07,18891.6,2.92039e+07,0.746526
2.15688,0.799568,2.91927e+07,18886.1,2.92115e+07,0.746532
2.15734,0.799568,2.92003e+07,18880.6,2.92192e+07,0.746539
2.15779,0.799567,2.92079e+07,18875.1,2.92268e+07,0.746545
2.15825,0.799567,2.92156e+07,18869.6,2.92344e+07,0.746552
2.1587,0.799567,2.92232e+07,18864.2,2.92421e+07,0.746558
2.15916,0.799567,2.92308e+07,18858.7,2.92497e+07,0.746565
2.15962,0.799566,2.92384e+07,18853.2,2.92573e+07,0.746571
2.16007,0.799566,2.92461e+07,18847.7,2.92649e+07,0.746578
2.16053,0.799566,2.92537e+07,18842.2,2.92725e+07,0.746584
2.16098,0.799566,2.92613e+07,18836.8,2.92802e+07,0.746591
2.16144,0.799566,2.92689e+07,18831.3,2.92878e+07,0.746597
2.1619,0.799565,2.92766e+07,18825.8,2.92954e+07,0.746604
2.16235,0.799565,2.92842e+07,18820.4,2.9303e+07,0.74661
2.16281,0.799565,2.92918e+07,18814.9,2.93106e+07,0.746617
2.16326,0.799565,2.92994e+07,18809.5,2.93182e+07,0.746623
2.16372,0.799564,2.9307e+07,18804,2.93258e+07,0.74663
2.16418,0.799564,2.93146e+07,18798.6,2.93334e+07,0.746636
2.16463,0.799564,2.93223e+07,18793.1,2.9341e+07,0.746643
2.16509,0.799564,2.93299e+07,18787.7,2.93487e+07,0.746649
2.16554,0.799564,2.93375e+07,18782.2,2.93563e+07,0.746656
2.166,0.799563,2.93451e+07,18776.8,2.93639e+07,0.746662
2.16646,0.799563,2.93527e+07,18771.3,2.93715e+07,0.746669
2.16691,0.799563,2.93603e+07,18765.9,2.93791e+07,0.746675
2.16737,0.799563,2.93679e+07,18760.5,2.93867e+07,0.746682
2.16782,0.799562,2.93755e+07,18755,2.93943e+07,0.746688
2.16828,0.799562,2.93831e+07,18749.6,2.94018e+07,0.746695
2.16874,0.799562,2.93907e+07,18744.2,2.94094e+07,0.746701
2.16919,0.799562,2.93983e+07,18738.8,2.9417e+07,0.746708
2.16965,0.799562,2.94059e+07,18733.3,2.94246e+07,0.746714
2.1701,0.799561,2.94135e+07,18727.9,2.94322e+07,0.746721
2.17056,0.799561,2.94211e+07,18722.5,2.94398e+07,0.746727
2.17102,0.799561,2.94287e+07,18717.1,2.94474e+07,0.746733
2.17147,0.799561,2.94363e+07,18711.7,2.9455e+07,0.74674
2.17193,0.79956,2.94438e+07,18706.3,2.94626e+07,0.746746
2.17238,0.79956,2.94514e+07,18700.9,2.94701e+07,0.746753
2.17284,0.79956,2.9459e+07,18695.5,2.94777e+07,0.746759
2.1733,0.79956,2.94666e+07,18690.1,2.94853e+07,0.746766
2.17375,0.79956,2.94742e+07,18684.7,2.94929e+07,0.746772
2.17421,0.799559,2.94818e+07,18679.3,2.95004e+07,0.746779
2.17466,0.799559,2.94893e+07,18673.9,2.9508e+07,0.746785
2.17512,0.799559,2.94969e+07,18668.5,2.95156e+07,0.746791
2.17558,0.799559,2.95045e+07,18663.1,2.95232e+07,0.746798
2.17603,0.799558,2.95121e+07,18657.7,2.95307e+07,0.746804
2.17649,0.799558,2.95197e+07,18652.3,2.95383e+07,0.746811
2.17694,0.799558,2.95272e+07,18646.9,2.95459e+07,0.746817
2.1774,0.799558,2.95348e+07,18641.6,2.95534e+07,0.746823
2.17786,0.799558,2.95424e+07,18636.2,2.9561e+07,0.74683
2.17831,0.799557,2.95499e+07,18630.8,2.95686e+07,0.746836
2.17877,0.799557,2.95575e+07,18625.5,2.95761e+07,0.746843
2.17922,0.799557,2.95651e+07,18620.1,2.95837e+07,0.746849
2.17968,0.799557,2.95726e+07,18614.7,2.95912e+07,0.746855
2.18014,0.799556,2.95802e+07,18609.4,2.95988e+07,0.746862
2.18059,0.799556,2.95878e+07,18604,2.96064e+07,0.746868
2.18105,0.799556,2.95953e+07,18598.6,2.96139e+07,0.746875
2.1815,0.799556,2.96029e+07,18593.3,2.96215e+07,0.746881
2.18196,0.799556,2.96104e+07,18587.9,2.9629e+07,0.746887
2.18242,0.799555,2.9618e+07,18582.6,2.96366e+07,0.746894
2.18287,0.799555,2.96255e+07,18577.2,2.96441e+07,0.7469
2.18333,0.799555,2.96331e+07,18571.9,2.96517e+07,0.746907
2.18378,0.799555,2.96406e+07,18566.6,2.96592e+07,0.746913
2.18424,0.799554,2.96482e+07,18561.2,2.96667e+07,0.746919
2.1847,0.799554,2.96557e+07,18555.9,2.96743e+07,0.746926
2.18515,0.799554,2.96633e+07,18550.6,2.96818e+07,0.746932
2.18561,0.799554,2.96708e+07,18545.2,2.96894e+07,0.746938
2.18606,0.799553,2.96784e+07,18539.9,2.96969e+07,0.746945
2.18652,0.799553,2.96859e+07,18534.6,2.97044e+07,0.746951
2.18698,0.799553,2.96935e+07,18529.2,2.9712e+07,0.746957
2.18743,0.799553,2.9701e+07,18523.9,2.97195e+07,0.746964
2.18789,0.799553,2.97085e+07,18518.6,2.9727e+07,0.74697
2.18834,0.799552,2.97161e+07,18513.3,2.97346e+07,0.746976
2.1888,0.799552,2.97236e+07,18508,2.97421e+07,0.746983
2.18926,0.799552,2.97311e+07,18502.7,2.97496e+07,0.746989
2.18971,0.799552,2.97387e+07,18497.3,2.97572e+07,0.746996
2.19017,0.799551,2.97462e+07,18492,2.97647e+07,0.747002
2.19062,0.799551,2.97537e+07,18486.7,2.97722e+07,0.747008
2.19108,0.799551,2.97613e+07,18481.4,2.97797e+07,0.747014
2.19154,0.799551,2.97688e+07,18476.1,2.97873e+07,0.747021
2.19199,0.799551,2.97763e+07,18470.8,2.97948e+07,0.747027
2.19245,0.79955,2.97838e+07,18465.5,2.98023e+07,0.747033
2.1929,0.79955,2.97913e+07,18460.3,2.98098e+07,0.74704
2.19336,0.79955,2.97989e+07,18455,2.98173e+07,0.747046
2.19382,0.79955,2.98064e+07,18449.7,2.98248e+07,0.747052
2.19427,0.799549,2.98139e+07,18444.4,2.98323e+07,0.747059
2.19473,0.799549,2.98214e+07,18439.1,2.98399e+07,0.747065
2.19518,0.799549,2.98289e+07,18433.8,2.98474e+07,0.747071
2.19564,0.799549,2.98364e+07,18428.6,2.98549e+07,0.747078
2.1961,0.799549,2.9844e+07,18423.3,2.98624e+07,0.747084
2.19655,0.799548,2.98515e+07,18418,2.98699e+07,0.74709
2.19701,0.799548,2.9859e+07,18412.7,2.98774e+07,0.747096
2.19746,0.799548,2.98665e+07,18407.5,2.98849e+07,0.747103
2.19792,0.799548,2.9874e+07,18402.2,2.98924e+07,0.747109
2.19838,0.799547,2.98815e+07,18397,2.98999e+07,0.747115
2.19883,0.799547,2.9889e+07,18391.7,2.99074e+07,0.747122
2.19929,0.799547,2.98965e+07,18386.4,2.99149e+07,0.747128
2.19974,0.799547,2.9904e+07,18381.2,2.99224e+07,0.747134
2.2002,0.799546,2.99115e+07,18375.9,2.99299e+07,0.74714
2.20066,0.799546,2.9919e+07,18370.7,2.99374e+07,0.747147
2.20111,0.799546,2.99265e+07,18365.4,2.99448e+07,0.747153
2.20157,0.799546,2.9934e+07,18360.2,2.99523e+07,0.747159
2.20202,0.799546,2.99415e+07,18355,2.99598e+07,0.747165
2.20248,0.799545,2.9949e+07,18349.7,2.99673e+07,0.747172
2.20294,0.799545,2.99564e+07,18344.5,2.99748e+07,0.747178
2.20339,0.799545,2.99639e+07,18339.2,2.99823e+07,0.747184
2.20385,0.799545,2.99714e+07,18334,2.99898e+07,0.74719
2.2043,0.799544,2.99789e+07,18328.8,2.99972e+07,0.747197
2.20476,0.799544,2.99864e+07,18323.6,3.00047e+07,0.747203
2.20522,0.799544,2.99939e+07,18318.3,3.00122e+07,0.747209
2.20567,0.799544,3.00013e+07,18313.1,3.00197e+07,0.747215
2.20613,0.799544,3.00088e+07,18307.9,3.00271e+07,0.747222
2.20658,0.799543,3.00163e+07,18302.7,3.00346e+07,0.747228
2.20704,0.799543,3.00238e+07,18297.5,3.00421e+07,0.747234
2.2075,0.799543,3.00313e+07,18292.3,3.00495e+07,0.74724
2.20795,0.799543,3.00387e+07,18287,3.0057e+07,0.747247
2.20841,0.799542,3.00462e+07,18281.8,3.00645e+07,0.747253
2.20886,0.799542,3.00537e+07,18276.6,3.00719e+07,0.747259
2.20932,0.799542,3.00611e+07,18271.4,3.00794e+07,0.747265
2.20978,0.799542,3.00686e+07,18266.2,3.00869e+07,0.747271
2.21023,0.799541,3.00761e+07,18261,3.00943e+07,0.747278
2.21069,0.799541,3.00835e+07,18255.8,3.01018e+07,0.747284
2.21114,0.799541,3.0091e+07,18250.6,3.01092e+07,0.74729
2.2116,0.799541,3.00985e+07,18245.5,3.01167e+07,0.747296
2.21206,0.799541,3.01059e+07,18240.3,3.01242e+07,0.747302
2.21251,0.79954,3.01134e+07,18235.1,3.01316e+07,0.747309
2.21297,0.79954,3.01208e+07,18229.9,3.01391e+07,0.747315
2.21342,0.79954,3.01283e+07,18224.7,3.01465e+07,0.747321
2.21388,0.79954,3.01357e+07,18219.5,3.0154e+07,0.747327
2.21434,0.799539,3.01432e+07,18214.4,3.01614e+07,0.747333
2.21479,0.799539,3.01506e+07,18209.2,3.01688e+07,0.74734
2.21525,0.799539,3.01581e+07,18204,3.01763e+07,0.747346
2.2157,0.799539,3.01655e+07,18198.9,3.01837e+07,0.747352
2.21616,0.799539,3.0173e+07,18193.7,3.01912e+07,0.747358
2.21662,0.799538,3.01804e+07,18188.5,3.01986e+07,0.747364
2.21707,0.799538,3.01879e+07,18183.4,3.0206e+07,0.74737
2.21753,0.799538,3.01953e+07,18178.2,3.02135e+07,0.747377
2.21798,0.799538,3.02027e+07,18173,3.02209e+07,0.747383
2.21844,0.799537,3.02102e+07,18167.9,3.02284e+07,0.747389
2.2189,0.799537,3.02176e+07,18162.7,3.02358e+07,0.747395
2.21935,0.799537,3.02251e+07,18157.6,3.02432e+07,0.747401
2.21981,0.799537,3.02325e+07,18152.4,3.02506e+07,0.747407
2.22026,0.799536,3.02399e+07,18147.3,3.02581e+07,0.747413
2.22072,0.799536,3.02474e+07,18142.2,3.02655e+07,0.74742
2.22118,0.799536,3.02548e+07,18137,3.02729e+07,0.747426
2.22163,0.799536,3.02622e+07,18131.9,3.02803e+07,0.747432
2.22209,0.799536,3.02696e+07,18126.7,3.02878e+07,0.747438
2.22254,0.799535,3.02771e+07,18121.6,3.02952e+07,0.747444
2.223,0.799535,3.02845e+07,18116.5,3.03026e+07,0.74745
2.22346,0.799535,3.02919e+07,18111.4,3.031e+07,0.747456
2.22391,0.799535,3.02993e+07,18106.2,3.03174e+07,0.747463
2.22437,0.799534,3.03067e+07,18101.1,3.03248e+07,0.747469
2.22482,0.799534,3.03142e+07,18096,3.03323e+07,0.747475
2.22528,0.799534,3.03216e+07,18090.9,3.03397e+07,0.747481
2.22574,0.799534,3.0329e+07,18085.8,3.03471e+07,0.747487
2.22619,0.799533,3.03364e+07,18080.6,3.03545e+07,0.747493
2.22665,0.799533,3.03438e+07,18075.5,3.03619e+07,0.747499
2.2271,0.799533,3.03512e+07,18070.4,3.03693e+07,0.747505
2.22756,0.799533,3.03586e+07,18065.3,3.03767e+07,0.747511
2.22802,0.799533,3.0366e+07,18060.2,3.03841e+07,0.747518
2.22847,0.799532,3.03734e+07,18055.1,3.03915e+07,0.747524
2.22893,0.799532,3.03808e+07,18050,3.03989e+07,0.74753
2.22938,0.799532,3.03883e+07,18044.9,3.04063e+07,0.747536
2.22984,0.799532,3.03957e+07,18039.8,3.04137e+07,0.747542
2.2303,0.799531,3.04031e+07,18034.7,3.04211e+07,0.747548
2.23075,0.799531,3.04104e+07,18029.6,3.04285e+07,0.747554
2.23121,0.799531,3.04178e+07,18024.6,3.04359e+07,0.74756
2.23166,0.799531,3.04252e+07,18019.5,3.04433e+07,0.747566
2.23212,0.79953,3.04326e+07,18014.4,3.04506e+07,0.747572
2.23258,0.79953,3.044e+07,18009.3,3.0458e+07,0.747578
2.23303,0.79953,3.04474e+07,18004.2,3.04654e+07,0.747585
2.23349,0.79953,3.04548e+07,17999.2,3.04728e+07,0.747591
2.23394,0.79953,3.04622e+07,17994.1,3.04802e+07,0.747597
2.2344,0.799529,3.04696e+07,17989,3.04876e+07,0.747603
2.23486,0.799529,3.0477e+07,17983.9,3.04949e+07,0.747609
2.23531,0.799529,3.04843e+07,17978.9,3.05023e+07,0.747615
2.23577,0.799529,3.04917e+07,17973.8,3.05097e+07,0.747621
2.23622,0.799528,3.04991e+07,17968.8,3.05171e+07,0.747627
2.23668,0.799528,3.05065e+07,17963.7,3.05244e+07,0.747633
2.23714,0.799528,3.05139e+07,17958.6,3.05318e+07,0.747639
2.23759,0.799528,3.05212e+07,17953.6,3.05392e+07,0.747645
2.23805,0.799527,3.05286e+07,17948.5,3.05466e+07,0.747651
2.2385,0.799527,3.0536e+07,17943.5,3.05539e+07,0.747657
2.23896,0.799527,3.05433e+07,17938.4,3.05613e+07,0.747663
2.23942,0.799527,3.05507e+07,17933.4,3.05686e+07,0.747669
2.23987,0.799527,3.05581e+07,17928.4,3.0576e+07,0.747675
2.24033,0.799526,3.05654e+07,17923.3,3.05834e+07,0.747681
2.24078,0.799526,3.05728e+07,17918.3,3.05907e+07,0.747687
2.24124,0.799526,3.05802e+07,17913.2,3.05981e+07,0.747693
2.2417,0.799526,3.05875e+07,17908.2,3.06054e+07,0.747699
2.24215,0.799525,3.05949e+07,17903.2,3.06128e+07,0.747705
2.24261,0.799525,3.06023e+07,17898.1,3.06202e+07,0.747711
2.24306,0.799525,3.06096e+07,17893.1,3.06275e+07,0.747717
2.24352,0.799525,3.0617e+07,17888.1,3.06349e+07,0.747723
2.24398,0.799524,3.06243e+07,17883.1,3.06422e+07,0.747729
2.24443,0.799524,3.06317e+07,17878.1,3.06495e+07,0.747735
2.24489,0.799524,3.0639e+07,17873,3.06569e+07,0.747741
2.24534,0.799524,3.06464e+07,17868,3.06642e+07,0.747747
2.2458,0.799524,3.06537e+07,17863,3.06716e+07,0.747753
2.24626,0.799523,3.06611e+07,17858,3.06789e+07,0.747759
2.24671,0.799523,3.06684e+07,17853,3.06863e+07,0.747765
2.24717,0.799523,3.06758e+07,17848,3.06936e+07,0.747771
2.24762,0.799523,3.06831e+07,17843,3.07009e+07,0.747777
2.24808,0.799522,3.06904e+07,17838,3.07083e+07,0.747783
2.24854,0.799522,3.06978e+07,17833,3.07156e+07,0.747789
2.24899,0.799522,3.07051e+07,17828,3.07229e+07,0.747795
2.24945,0.799522,3.07124e+07,17823,3.07303e+07,0.747801
2.2499,0.799521,3.07198e+07,17818,3.07376e+07,0.747807
2.25036,0.799521,3.07271e+07,17813,3.07449e+07,0.747813
2.25082,0.799521,3.07344e+07,17808,3.07522e+07,0.747819
2.25127,0.799521,3.07418e+07,17803.1,3.07596e+07,0.747825
2.25173,0.79952,3.07491e+07,17798.1,3.07669e+07,0.747831
2.25218,0.79952,3.07564e+07,17793.1,3.07742e+07,0.747837
2.25264,0.79952,3.07637e+07,17788.1,3.07815e+07,0.747843
2.2531,0.79952,3.07711e+07,17783.1,3.07889e+07,0.747849
2.25355,0.79952,3.07784e+07,17778.2,3.07962e+07,0.747855
2.25401,0.799519,3.07857e+07,17773.2,3.08035e+07,0.747861
2.25446,0.799519,3.0793e+07,17768.2,3.08108e+07,0.747867
2.25492,0.799519,3.08003e+07,17763.3,3.08181e+07,0.747873
2.25538,0.799519,3.08077e+07,17758.3,3.08254e+07,0.747879
2.25583,0.799518,3.0815e+07,17753.3,3.08327e+07,0.747885
2.25629,0.799518,3.08223e+07,17748.4,3.084e+07,0.747891
2.25674,0.799518,3.08296e+07,17743.4,3.08473e+07,0.747896
2.2572,0.799518,3.08369e+07,17738.5,3.08546e+07,0.747902
2.25766,0.799517,3.08442e+07,17733.5,3.08619e+07,0.747908
2.25811,0.799517,3.08515e+07,17728.6,3.08692e+07,0.747914
2.25857,0.799517,3.08588e+07,17723.6,3.08765e+07,0.74792
2.25902,0.799517,3.08661e+07,17718.7,3.08838e+07,0.747926
2.25948,0.799517,3.08734e+07,17713.7,3.08911e+07,0.747932
2.25994,0.799516,3.08807e+07,17708.8,3.08984e+07,0.747938
2.26039,0.799516,3.0888e+07,17703.8,3.09057e+07,0.747944
2.26085,0.799516,3.08953e+07,17698.9,3.0913e+07,0.74795
2.2613,0.799516,3.09026e+07,17694,3.09203e+07,0.747956
2.26176,0.799515,3.09099e+07,17689,3.09276e+07,0.747962
2.26222,0.799515,3.09172e+07,17684.1,3.09349e+07,0.747967
2.26267,0.799515,3.09245e+07,17679.2,3.09422e+07,0.747973
2.26313,0.799515,3.09318e+07,17674.3,3.09495e+07,0.747979
2.26358,0.799514,3.09391e+07,17669.3,3.09567e+07,0.747985
2.26404,0.799514,3.09464e+07,17664.4,3.0964e+07,0.747991
2.2645,0.799514,3.09536e+07,17659.5,3.09713e+07,0.747997
2.26495,0.799514,3.09609e+07,17654.6,3.09786e+07,0.748003
2.26541,0.799513,3.09682e+07,17649.7,3.09859e+07,0.748009
2.26586,0.799513,3.09755e+07,17644.8,3.09931e+07,0.748015
2.26632,0.799513,3.09828e+07,17639.8,3.10004e+07,0.74802
2.26678,0.799513,3.099e+07,17634.9,3.10077e+07,0.748026
2.26723,0.799513,3.09973e+07,17630,3.10149e+07,0.748032
2.26769,0.799512,3.10046e+07,17625.1,3.10222e+07,0.748038
2.26814,0.799512,3.10119e+07,17620.2,3.10295e+07,0.748044
2.2686,0.799512,3.10191e+07,17615.3,3.10367e+07,0.74805
2.26906,0.799512,3.10264e+07,17610.4,3.1044e+07,0.748056
2.26951,0.799511,3.10337e+07,17605.5,3.10513e+07,0.748061
2.26997,0.799511,3.10409e+07,17600.7,3.10585e+07,0.748067
2.27042,0.799511,3.10482e+07,17595.8,3.10658e+07,0.748073
2.27088,0.799511,3.10555e+07,17590.9,3.10731e+07,0.748079
2.27134,0.79951,3.10627e+07,17586,3.10803e+07,0.748085
2.27179,0.79951,3.107e+07,17581.1,3.10876e+07,0.748091
2.27225,0.79951,3.10772e+07,17576.2,3.10948e+07,0.748097
2.2727,0.79951,3.10845e+07,17571.4,3.11021e+07,0.748102
2.27316,0.799509,3.10918e+07,17566.5,3.11093e+07,0.748108
2.27362,0.799509,3.1099e+07,17561.6,3.11166e+07,0.748114
2.27407,0.799509,3.11063e+07,17556.7,3.11238e+07,0.74812
2.27453,0.799509,3.11135e+07,17551.9,3.11311e+07,0.748126
2.27498,0.799509,3.11208e+07,17547,3.11383e+07,0.748132
2.27544,0.799508,3.1128e+07,17542.1,3.11455e+07,0.748137
2.2759,0.799508,3.11353e+07,17537.3,3.11528e+07,0.748143
2.27635,0.799508,3.11425e+07,17532.4,3.116e+07,0.748149
2.27681,0.799508,3.11497e+07,17527.5,3.11673e+07,0.748155
2.27726,0.799507,3.1157e+07,17522.7,3.11745e+07,0.748161
2.27772,0.799507,3.11642e+07,17517.8,3.11817e+07,0.748166
2.27818,0.799507,3.11715e+07,17513,3.1189e+07,0.748172
2.27863,0.799507,3.11787e+07,17508.1,3.11962e+07,0.748178
2.27909,0.799506,3.11859e+07,17503.3,3.12034e+07,0.748184
2.27954,0.799506,3.11932e+07,17498.4,3.12107e+07,0.74819
2.28,0.799506,3.12004e+07,17493.6,3.12179e+07,0.748195
2.28046,0.799506,3.12076e+07,17488.8,3.12251e+07,0.748201
2.28091,0.799505,3.12149e+07,17483.9,3.12323e+07,0.748207
2.28137,0.799505,3.12221e+07,17479.1,3.12396e+07,0.748213
2.28182,0.799505,3.12293e+07,17474.3,3.12468e+07,0.748219
2.28228,0.799505,3.12365e+07,17469.4,3.1254e+07,0.748224
2.28274,0.799504,3.12438e+07,17464.6,3.12612e+07,0.74823
2.28319,0.799504,3.1251e+07,17459.8,3.12684e+07,0.748236
2.28365,0.799504,3.12582e+07,17454.9,3.12756e+07,0.748242
2.2841,0.799504,3.12654e+07,17450.1,3.12829e+07,0.748247
2.28456,0.799504,3.12726e+07,17445.3,3.12901e+07,0.748253
2.28502,0.799503,3.12798e+07,17440.5,3.12973e+07,0.748259
2.28547,0.799503,3.12871e+07,17435.7,3.13045e+07,0.748265
2.28593,0.799503,3.12943e+07,17430.8,3.13117e+07,0.748271
2.28638,0.799503,3.13015e+07,17426,3.13189e+07,0.748276
2.28684,0.799502,3.13087e+07,17421.2,3.13261e+07,0.748282
2.2873,0.799502,3.13159e+07,17416.4,3.13333e+07,0.748288
2.28775,0.799502,3.13231e+07,17411.6,3.13405e+07,0.748294
2.28821,0.799502,3.13303e+07,17406.8,3.13477e+07,0.748299
2.28866,0.799501,3.13375e+07,17402,3.13549e+07,0.748305
2.28912,0.799501,3.13447e+07,17397.2,3.13621e+07,0.748311
2.28958,0.799501,3.13519e+07,17392.4,3.13693e+07,0.748317
2.29003,0.799501,3.13591e+07,17387.6,3.13765e+07,0.748322
2.29049,0.7995,3.13663e+07,17382.8,3.13837e+07,0.748328
2.29094,0.7995,3.13735e+07,17378,3.13909e+07,0.748334
2.2914,0.7995,3.13807e+07,17373.3,3.13981e+07,0.74834
2.29186,0.7995,3.13879e+07,17368.5,3.14052e+07,0.748345
2.29231,0.7995,3.13951e+07,17363.7,3.14124e+07,0.748351
2.29277,0.799499,3.14022e+07,17358.9,3.14196e+07,0.748357
2.29322,0.799499,3.14094e+07,17354.1,3.14268e+07,0.748362
2.29368,0.799499,3.14166e+07,17349.3,3.1434e+07,0.748368
2.29414,0.799499,3.14238e+07,17344.6,3.14411e+07,0.748374
2.29459,0.799498,3.1431e+07,17339.8,3.14483e+07,0.74838
2.29505,0.799498,3.14382e+07,17335,3.14555e+07,0.748385
2.2955,0.799498,3.14453e+07,17330.3,3.14627e+07,0.748391
2.29596,0.799498,3.14525e+07,17325.5,3.14698e+07,0.748397
2.29642,0.799497,3.14597e+07,17320.7,3.1477e+07,0.748402
2.29687,0.799497,3.14669e+07,17316,3.14842e+07,0.748408
2.29733,0.799497,3.1474e+07,17311.2,3.14914e+07,0.748414
2.29778,0.799497,3.14812e+07,17306.4,3.14985e+07,0.74842
2.29824,0.799496,3.14884e+07,17301.7,3.15057e+07,0.748425
2.2987,0.799496,3.14955e+07,17296.9,3.15128e+07,0.748431
2.29915,0.799496,3.15027e+07,17292.2,3.152e+07,0.748437
2.29961,0.799496,3.15099e+07,17287.4,3.15272e+07,0.748442
2.30006,0.799495,3.1517e+07,17282.7,3.15343e+07,0.748448
2.30052,0.799495,3.15242e+07,17277.9,3.15415e+07,0.748454
2.30098,0.799495,3.15314e+07,17273.2,3.15486e+07,0.748459
2.30143,0.799495,3.15385e+07,17268.5,3.15558e+07,0.748465
2.30189,0.799494,3.15457e+07,17263.7,3.15629e+07,0.748471
2.30234,0.799494,3.15528e+07,17259,3.15701e+07,0.748476
2.3028,0.799494,3.156e+07,17254.3,3.15772e+07,0.748482
2.30326,0.799494,3.15671e+07,17249.5,3.15844e+07,0.748488
2.30371,0.799494,3.15743e+07,17244.8,3.15915e+07,0.748493
2.30417,0.799493,3.15814e+07,17240.1,3.15987e+07,0.748499
2.30462,0.799493,3.15886e+07,17235.3,3.16058e+07,0.748505
2.30508,0.799493,3.15957e+07,17230.6,3.1613e+07,0.74851
2.30554,0.799493,3.16029e+07,17225.9,3.16201e+07,0.748516
2.30599,0.799492,3.161e+07,17221.2,3.16272e+07,0.748522
2.30645,0.799492,3.16172e+07,17216.5,3.16344e+07,0.748527
2.3069,0.799492,3.16243e+07,17211.7,3.16415e+07,0.748533
2.30736,0.799492,3.16314e+07,17207,3.16486e+07,0.748539
2.30782,0.799491,3.16386e+07,17202.3,3.16558e+07,0.748544
2.30827,0.799491,3.16457e+07,17197.6,3.16629e+07,0.74855
2.30873,0.799491,3.16528e+07,17192.9,3.167e+07,0.748555
2.30918,0.799491,3.166e+07,17188.2,3.16772e+07,0.748561
2.30964,0.79949,3.16671e+07,17183.5,3.16843e+07,0.748567
2.3101,0.79949,3.16742e+07,17178.8,3.16914e+07,0.748572
2.31055,0.79949,3.16813e+07,17174.1,3.16985e+07,0.748578
2.31101,0.79949,3.16885e+07,17169.4,3.17056e+07,0.748584
2.31146,0.799489,3.16956e+07,17164.7,3.17128e+07,0.748589
2.31192,0.799489,3.17027e+07,17160,3.17199e+07,0.748595
2.31238,0.799489,3.17098e+07,17155.3,3.1727e+07,0.7486
2.31283,0.799489,3.1717e+07,17150.6,3.17341e+07,0.748606
2.31329,0.799488,3.17241e+07,17146,3.17412e+07,0.748612
2.31374,0.799488,3.17312e+07,17141.3,3.17483e+07,0.748617
2.3142,0.799488,3.17383e+07,17136.6,3.17554e+07,0.748623
2.31466,0.799488,3.17454e+07,17131.9,3.17625e+07,0.748629
2.31511,0.799488,3.17525e+07,17127.2,3.17697e+07,0.748634
2.31557,0.799487,3.17596e+07,17122.6,3.17768e+07,0.74864
2.31602,0.799487,3.17667e+07,17117.9,3.17839e+07,0.748645
2.31648,0.799487,3.17739e+07,17113.2,3.1791e+07,0.748651
2.31694,0.799487,3.1781e+07,17108.6,3.17981e+07,0.748656
2.31739,0.799486,3.17881e+07,17103.9,3.18052e+07,0.748662
2.31785,0.799486,3.17952e+07,17099.2,3.18123e+07,0.748668
2.3183,0.799486,3.18023e+07,17094.6,3.18194e+07,0.748673
2.31876,0.799486,3.18094e+07,17089.9,3.18264e+07,0.748679
2.31922,0.799485,3.18165e+07,17085.2,3.18335e+07,0.748684
2.31967,0.799485,3.18235e+07,17080.6,3.18406e+07,0.74869
2.32013,0.799485,3.18306e+07,17075.9,3.18477e+07,0.748696
2.32058,0.799485,3.18377e+07,17071.3,3.18548e+07,0.748701
2.32104,0.799484,3.18448e+07,17066.6,3.18619e+07,0.748707
2.3215,0.799484,3.18519e+07,17062,3.1869e+07,0.748712
2.32195,0.799484,3.1859e+07,17057.3,3.18761e+07,0.748718
2.32241,0.799484,3.18661e+07,17052.7,3.18831e+07,0.748723
2.32286,0.799483,3.18732e+07,17048.1,3.18902e+07,0.748729
2.32332,0.799483,3.18802e+07,17043.4,3.18973e+07,0.748735
2.32378,0.799483,3.18873e+07,17038.8,3.19044e+07,0.74874
2.32423,0.799483,3.18944e+07,17034.1,3.19114e+07,0.748746
2.32469,0.799482,3.19015e+07,17029.5,3.19185e+07,0.748751
2.32514,0.799482,3.19086e+07,17024.9,3.19256e+07,0.748757
2.3256,0.799482,3.19156e+07,17020.2,3.19327e+07,0.748762
2.32606,0.799482,3.19227e+07,17015.6,3.19397e+07,0.748768
2.32651,0.799481,3.19298e+07,17011,3.19468e+07,0.748773
2.32697,0.799481,3.19368e+07,17006.4,3.19539e+07,0.748779
2.32742,0.799481,3.19439e+07,17001.8,3.19609e+07,0.748784
2.32788,0.799481,3.1951e+07,16997.1,3.1968e+07,0.74879
2.32834,0.799481,3.1958e+07,16992.5,3.1975e+07,0.748795
2.32879,0.79948,3.19651e+07,16987.9,3.19821e+07,0.748801
2.32925,0.79948,3.19722e+07,16983.3,3.19892e+07,0.748807
2.3297,0.79948,3.19792e+07,16978.7,3.19962e+07,0.748812
2.33016,0.79948,3.19863e+07,16974.1,3.20033e+07,0.748818
2.33062,0.799479,3.19933e+07,16969.5,3.20103e+07,0.748823
2.33107,0.799479,3.20004e+07,16964.9,3.20174e+07,0.748829
2.33153,0.799479,3.20075e+07,16960.3,3.20244e+07,0.748834
2.33198,0.799479,3.20145e+07,16955.7,3.20315e+07,0.74884
2.33244,0.799478,3.20216e+07,16951.1,3.20385e+07,0.748845
2.3329,0.799478,3.20286e+07,16946.5,3.20456e+07,0.748851
2.33335,0.799478,3.20357e+07,16941.9,3.20526e+07,0.748856
2.33381,0.799478,3.20427e+07,16937.3,3.20596e+07,0.748862
2.33426,0.799477,3.20497e+07,16932.7,3.20667e+07,0.748867
2.33472,0.799477,3.20568e+07,16928.1,3.20737e+07,0.748873
2.33518,0.799477,3.20638e+07,16923.5,3.20807e+07,0.748878
2.33563,0.799477,3.20709e+07,16918.9,3.20878e+07,0.748884
2.33609,0.799476,3.20779e+07,16914.3,3.20948e+07,0.748889
2.33654,0.799476,3.20849e+07,16909.8,3.21018e+07,0.748895
2.337,0.799476,3.2092e+07,16905.2,3.21089e+07,0.7489
2.33746,0.799476,3.2099e+07,16900.6,3.21159e+07,0.748906
2.33791,0.799475,3.2106e+07,16896,3.21229e+07,0.748911
2.33837,0.799475,3.21131e+07,16891.5,3.213e+07,0.748916
2.33882,0.799475,3.21201e+07,16886.9,3.2137e+07,0.748922
2.33928,0.799475,3.21271e+07,16882.3,3.2144e+07,0.748927
2.33974,0.799474,3.21341e+07,16877.8,3.2151e+07,0.748933
2.34019,0.799474,3.21412e+07,16873.2,3.2158e+07,0.748938
2.34065,0.799474,3.21482e+07,16868.6,3.21651e+07,0.748944
2.3411,0.799474,3.21552e+07,16864.1,3.21721e+07,0.748949
2.34156,0.799473,3.21622e+07,16859.5,3.21791e+07,0.748955
2.34202,0.799473,3.21692e+07,16855,3.21861e+07,0.74896
2.34247,0.799473,3.21763e+07,16850.4,3.21931e+07,0.748966
2.34293,0.799473,3.21833e+07,16845.9,3.22001e+07,0.748971
2.34338,0.799472,3.21903e+07,16841.3,3.22071e+07,0.748977
2.34384,0.799472,3.21973e+07,16836.8,3.22141e+07,0.748982
2.3443,0.799472,3.22043e+07,16832.2,3.22211e+07,0.748987
2.34475,0.799472,3.22113e+07,16827.7,3.22281e+07,0.748993
2.34521,0.799472,3.22183e+07,16823.1,3.22351e+07,0.748998
2.34566,0.799471,3.22253e+07,16818.6,3.22421e+07,0.749004
2.34612,0.799471,3.22323e+07,16814.1,3.22491e+07,0.749009
2.34658,0.799471,3.22393e+07,16809.5,3.22561e+07,0.749015
2.34703,0.799471,3.22463e+07,16805,3.22631e+07,0.74902
2.34749,0.79947,3.22533e+07,16800.5,3.22701e+07,0.749025
2.34794,0.79947,3.22603e+07,16795.9,3.22771e+07,0.749031
2.3484,0.79947,3.22673e+07,16791.4,3.22841e+07,0.749036
2.34886,0.79947,3.22743e+07,16786.9,3.22911e+07,0.749042
2.34931,0.799469,3.22813e+07,16782.4,3.22981e+07,0.749047
2.34977,0.799469,3.22883e+07,16777.8,3.23051e+07,0.749053
2.35022,0.799469,3.22953e+07,16773.3,3.2312e+07,0.749058
2.35068,0.799469,3.23023e+07,16768.8,3.2319e+07,0.749063
2.35114,0.799468,3.23092e+07,16764.3,3.2326e+07,0.749069
2.35159,0.799468,3.23162e+07,16759.8,3.2333e+07,0.749074
2.35205,0.799468,3.23232e+07,16755.3,3.234e+07,0.74908
2.3525,0.799468,3.23302e+07,16750.8,3.23469e+07,0.749085
2.35296,0.799467,3.23372e+07,16746.2,3.23539e+07,0.74909
2.35342,0.799467,3.23441e+07,16741.7,3.23609e+07,0.749096
2.35387,0.799467,3.23511e+07,16737.2,3.23678e+07,0.749101
2.35433,0.799467,3.23581e+07,16732.7,3.23748e+07,0.749107
2.35478,0.799466,3.23651e+07,16728.2,3.23818e+07,0.749112
2.35524,0.799466,3.2372e+07,16723.7,3.23887e+07,0.749117
2.3557,0.799466,3.2379e+07,16719.2,3.23957e+07,0.749123
2.35615,0.799466,3.2386e+07,16714.8,3.24027e+07,0.749128
2.35661,0.799465,3.23929e+07,16710.3,3.24096e+07,0.749133
2.35706,0.799465,3.23999e+07,16705.8,3.24166e+07,0.749139
2.35752,0.799465,3.24069e+07,16701.3,3.24236e+07,0.749144
2.35798,0.799465,3.24138e+07,16696.8,3.24305e+07,0.74915
2.35843,0.799464,3.24208e+07,16692.3,3.24375e+07,0.749155
2.35889,0.799464,3.24277e+07,16687.8,3.24444e+07,0.74916
2.35934,0.799464,3.24347e+07,16683.4,3.24514e+07,0.749166
2.3598,0.799464,3.24416e+07,16678.9,3.24583e+07,0.749171
2.36026,0.799463,3.24486e+07,16674.4,3.24653e+07,0.749176
2.36071,0.799463,3.24555e+07,16669.9,3.24722e+07,0.749182
2.36117,0.799463,3.24625e+07,16665.5,3.24792e+07,0.749187
2.36162,0.799463,3.24694e+07,16661,3.24861e+07,0.749192
2.36208,0.799462,3.24764e+07,16656.5,3.2493e+07,0.749198
2.36254,0.799462,3.24833e+07,16652.1,3.25e+07,0.749203
2.36299,0.799462,3.24903e+07,16647.6,3.25069e+07,0.749209
2.36345,0.799462,3.24972e+07,16643.1,3.25139e+07,0.749214
2.3639,0.799461,3.25041e+07,16638.7,3.25208e+07,0.749219
2.36436,0.799461,3.25111e+07,16634.2,3.25277e+07,0.749225
2.36482,0.799461,3.2518e+07,16629.8,3.25347e+07,0.74923
2.36527,0.799461,3.2525e+07,16625.3,3.25416e+07,0.749235
2.36573,0.79946,3.25319e+07,16620.9,3.25485e+07,0.749241
2.36618,0.79946,3.25388e+07,16616.4,3.25554e+07,0.749246
2.36664,0.79946,3.25458e+07,16612,3.25624e+07,0.749251
2.3671,0.79946,3.25527e+07,16607.5,3.25693e+07,0.749256
2.36755,0.799459,3.25596e+07,16603.1,3.25762e+07,0.749262
2.36801,0.799459,3.25665e+07,16598.6,3.25831e+07,0.749267
2.36846,0.799459,3.25735e+07,16594.2,3.259e+07,0.749272
2.36892,0.799459,3.25804e+07,16589.7,3.2597e+07,0.749278
2.36938,0.799458,3.25873e+07,16585.3,3.26039e+07,0.749283
2.36983,0.799458,3.25942e+07,16580.9,3.26108e+07,0.749288
2.37029,0.799458,3.26011e+07,16576.4,3.26177e+07,0.749294
2.37074,0.799458,3.2608e+07,16572,3.26246e+07,0.749299
2.3712,0.799457,3.2615e+07,16567.6,3.26315e+07,0.749304
2.37166,0.799457,3.26219e+07,16563.2,3.26384e+07,0.74931
2.37211,0.799457,3.26288e+07,16558.7,3.26453e+07,0.749315
2.37257,0.799457,3.26357e+07,16554.3,3.26522e+07,0.74932
2.37302,0.799457,3.26426e+07,16549.9,3.26591e+07,0.749325
2.37348,0.799456,3.26495e+07,16545.5,3.2666e+07,0.749331
2.37394,0.799456,3.26564e+07,16541.1,3.26729e+07,0.749336
2.37439,0.799456,3.26633e+07,16536.6,3.26798e+07,0.749341
2.37485,0.799456,3.26702e+07,16532.2,3.26867e+07,0.749347
2.3753,0.799455,3.26771e+07,16527.8,3.26936e+07,0.749352
2.37576,0.799455,3.2684e+07,16523.4,3.27005e+07,0.749357
2.37622,0.799455,3.26909e+07,16519,3.27074e+07,0.749362
2.37667,0.799455,3.26978e+07,16514.6,3.27143e+07,0.749368
2.37713,0.799454,3.27047e+07,16510.2,3.27212e+07,0.749373
2.37758,0.799454,3.27116e+07,16505.8,3.27281e+07,0.749378
2.37804,0.799454,3.27185e+07,16501.4,3.2735e+07,0.749384
2.3785,0.799454,3.27254e+07,16497,3.27419e+07,0.749389
2.37895,0.799453,3.27322e+07,16492.6,3.27487e+07,0.749394
2.37941,0.799453,3.27391e+07,16488.2,3.27556e+07,0.749399
2.37986,0.799453,3.2746e+07,16483.8,3.27625e+07,0.749405
2.38032,0.799453,3.27529e+07,16479.4,3.27694e+07,0.74941
2.38078,0.799452,3.27598e+07,16475,3.27762e+07,0.749415
2.38123,0.799452,3.27666e+07,16470.6,3.27831e+07,0.74942
2.38169,0.799452,3.27735e+07,16466.3,3.279e+07,0.749426
2.38214,0.799452,3.27804e+07,16461.9,3.27969e+07,0.749431
2.3826,0.799451,3.27873e+07,16457.5,3.28037e+07,0.749436
2.38306,0.799451,3.27941e+07,16453.1,3.28106e+07,0.749441
2.38351,0.799451,3.2801e+07,16448.7,3.28175e+07,0.749447
2.38397,0.799451,3.28079e+07,16444.4,3.28243e+07,0.749452
2.38442,0.79945,3.28147e+07,16440,3.28312e+07,0.749457
2.38488,0.79945,3.28216e+07,16435.6,3.2838e+07,0.749462
2.38534,0.79945,3.28285e+07,16431.3,3.28449e+07,0.749467
2.38579,0.79945,3.28353e+07,16426.9,3.28518e+07,0.749473
2.38625,0.799449,3.28422e+07,16422.5,3.28586e+07,0.749478
2.3867,0.799449,3.28491e+07,16418.2,3.28655e+07,0.749483
2.38716,0.799449,3.28559e+07,16413.8,3.28723e+07,0.749488
2.38762,0.799449,3.28628e+07,16409.4,3.28792e+07,0.749494
2.38807,0.799448,3.28696e+07,16405.1,3.2886e+07,0.749499
2.38853,0.799448,3.28765e+07,16400.7,3.28929e+07,0.749504
2.38898,0.799448,3.28833e+07,16396.4,3.28997e+07,0.749509
2.38944,0.799448,3.28902e+07,16392,3.29066e+07,0.749514
2.3899,0.799447,3.2897e+07,16387.7,3.29134e+07,0.74952
2.39035,0.799447,3.29039e+07,16383.3,3.29202e+07,0.749525
2.39081,0.799447,3.29107e+07,16379,3.29271e+07,0.74953
2.39126,0.799447,3.29175e+07,16374.6,3.29339e+07,0.749535
2.39172,0.799446,3.29244e+07,16370.3,3.29408e+07,0.74954
2.39218,0.799446,3.29312e+07,16366,3.29476e+07,0.749546
2.39263,0.799446,3.29381e+07,16361.6,3.29544e+07,0.749551
2.39309,0.799446,3.29449e+07,16357.3,3.29613e+07,0.749556
2.39354,0.799445,3.29517e+07,16352.9,3.29681e+07,0.749561
2.394,0.799445,3.29586e+07,16348.6,3.29749e+07,0.749566
2.39446,0.799445,3.29654e+07,16344.3,3.29817e+07,0.749572
2.39491,0.799445,3.29722e+07,16340,3.29886e+07,0.749577
2.39537,0.799444,3.2979e+07,16335.6,3.29954e+07,0.749582
2.39582,0.799444,3.29859e+07,16331.3,3.30022e+07,0.749587
2.39628,0.799444,3.29927e+07,16327,3.3009e+07,0.749592
2.39674,0.799444,3.29995e+07,16322.7,3.30158e+07,0.749597
2.39719,0.799443,3.30063e+07,16318.3,3.30227e+07,0.749603
2.39765,0.799443,3.30132e+07,16314,3.30295e+07,0.749608
2.3981,0.799443,3.302e+07,16309.7,3.30363e+07,0.749613
2.39856,0.799443,3.30268e+07,16305.4,3.30431e+07,0.749618
2.39902,0.799442,3.30336e+07,16301.1,3.30499e+07,0.749623
2.39947,0.799442,3.30404e+07,16296.8,3.30567e+07,0.749628
2.39993,0.799442,3.30472e+07,16292.5,3.30635e+07,0.749634
2.40038,0.799442,3.3054e+07,16288.2,3.30703e+07,0.749639
2.40084,0.799441,3.30609e+07,16283.8,3.30771e+07,0.749644
2.4013,0.799441,3.30677e+07,16279.5,3.30839e+07,0.749649
2.40175,0.799441,3.30745e+07,16275.2,3.30907e+07,0.749654
2.40221,0.799441,3.30813e+07,16270.9,3.30975e+07,0.749659
2.40266,0.79944,3.30881e+07,16266.6,3.31043e+07,0.749664
2.40312,0.79944,3.30949e+07,16262.4,3.31111e+07,0.74967
2.40358,0.79944,3.31017e+07,16258.1,3.31179e+07,0.749675
2.40403,0.79944,3.31085e+07,16253.8,3.31247e+07,0.74968
2.40449,0.799439,3.31153e+07,16249.5,3.31315e+07,0.749685
2.40494,0.799439,3.3122e+07,16245.2,3.31383e+07,0.74969
2.4054,0.799439,3.31288e+07,16240.9,3.31451e+07,0.749695
2.40586,0.799439,3.31356e+07,16236.6,3.31519e+07,0.7497
2.40631,0.799438,3.31424e+07,16232.3,3.31586e+07,0.749705
2.40677,0.799438,3.31492e+07,16228.1,3.31654e+07,0.749711
2.40722,0.799438,3.3156e+07,16223.8,3.31722e+07,0.749716
2.40768,0.799438,3.31628e+07,16219.5,3.3179e+07,0.749721
2.40814,0.799437,3.31696e+07,16215.2,3.31858e+07,0.749726
2.40859,0.799437,3.31763e+07,16211,3.31925e+07,0.749731
2.40905,0.799437,3.31831e+07,16206.7,3.31993e+07,0.749736
2.4095,0.799437,3.31899e+07,16202.4,3.32061e+07,0.749741
2.40996,0.799436,3.31967e+07,16198.1,3.32129e+07,0.749746
2.41042,0.799436,3.32034e+07,16193.9,3.32196e+07,0.749751
2.41087,0.799436,3.32102e+07,16189.6,3.32264e+07,0.749757
2.41133,0.799436,3.3217e+07,16185.4,3.32332e+07,0.749762
2.41178,0.799435,3.32237e+07,16181.1,3.32399e+07,0.749767
2.41224,0.799435,3.32305e+07,16176.8,3.32467e+07,0.749772
2.4127,0.799435,3.32373e+07,16172.6,3.32534e+07,0.749777
2.41315,0.799435,3.3244e+07,16168.3,3.32602e+07,0.749782
2.41361,0.799434,3.32508e+07,16164.1,3.3267e+07,0.749787
2.41406,0.799434,3.32576e+07,16159.8,3.32737e+07,0.749792
2.41452,0.799434,3.32643e+07,16155.6,3.32805e+07,0.749797
2.41498,0.799434,3.32711e+07,16151.3,3.32872e+07,0.749802
2.41543,0.799433,3.32778e+07,16147.1,3.3294e+07,0.749807
2.41589,0.799433,3.32846e+07,16142.8,3.33007e+07,0.749813
2.41634,0.799433,3.32913e+07,16138.6,3.33075e+07,0.749818
2.4168,0.799432,3.32981e+07,16134.4,3.33142e+07,0.749823
2.41726,0.799432,3.33048e+07,16130.1,3.3321e+07,0.749828
2.41771,0.799432,3.33116e+07,16125.9,3.33277e+07,0.749833
2.41817,0.799432,3.33183e+07,16121.6,3.33345e+07,0.749838
2.41862,0.799431,3.33251e+07,16117.4,3.33412e+07,0.749843
2.41908,0.799431,3.33318e+07,16113.2,3.33479e+07,0.749848
2.41954,0.799431,3.33386e+07,16109,3.33547e+07,0.749853
2.41999,0.799431,3.33453e+07,16104.7,3.33614e+07,0.749858
2.42045,0.79943,3.3352e+07,16100.5,3.33681e+07,0.749863
2.4209,0.79943,3.33588e+07,16096.3,3.33749e+07,0.749868
2.42136,0.79943,3.33655e+07,16092.1,3.33816e+07,0.749873
2.42182,0.79943,3.33722e+07,16087.8,3.33883e+07,0.749878
2.42227,0.799429,3.3379e+07,16083.6,3.33951e+07,0.749883
2.42273,0.799429,3.33857e+07,16079.4,3.34018e+07,0.749888
2.42318,0.799429,3.33924e+07,16075.2,3.34085e+07,0.749893
2.42364,0.799429,3.33991e+07,16071,3.34152e+07,0.749898
2.4241,0.799428,3.34059e+07,16066.8,3.34219e+07,0.749904
2.42455,0.799428,3.34126e+07,16062.6,3.34287e+07,0.749909
2.42501,0.799428,3.34193e+07,16058.3,3.34354e+07,0.749914
2.42546,0.799428,3.3426e+07,16054.1,3.34421e+07,0.749919
2.42592,0.799427,3.34328e+07,16049.9,3.34488e+07,0.749924
2.42638,0.799427,3.34395e+07,16045.7,3.34555e+07,0.749929
2.42683,0.799427,3.34462e+07,16041.5,3.34622e+07,0.749934
2.42729,0.799427,3.34529e+07,16037.3,3.34689e+07,0.749939
2.42774,0.799426,3.34596e+07,16033.1,3.34756e+07,0.749944
2.4282,0.799426,3.34663e+07,16028.9,3.34823e+07,0.749949
2.42866,0.799426,3.3473e+07,16024.8,3.3489e+07,0.749954
2.42911,0.799426,3.34797e+07,16020.6,3.34958e+07,0.749959
2.42957,0.799425,3.34864e+07,16016.4,3.35025e+07,0.749964
2.43002,0.799425,3.34931e+07,16012.2,3.35092e+07,0.749969
2.43048,0.799425,3.34998e+07,16008,3.35158e+07,0.749974
2.43094,0.799425,3.35065e+07,16003.8,3.35225e+07,0.749979
2.43139,0.799424,3.35132e+07,15999.6,3.35292e+07,0.749984
2.43185,0.799424,3.35199e+07,15995.5,3.35359e+07,0.749989
2.4323,0.799424,3.35266e+07,15991.3,3.35426e+07,0.749994
2.43276,0.799424,3.35333e+07,15987.1,3.35493e+07,0.749999
2.43322,0.799423,3.354e+07,15982.9,3.3556e+07,0.750004
2.43367,0.799423,3.35467e+07,15978.8,3.35627e+07,0.750009
2.43413,0.799423,3.35534e+07,15974.6,3.35694e+07,0.750014
2.43458,0.799423,3.35601e+07,15970.4,3.3576e+07,0.750019
2.43504,0.799422,3.35668e+07,15966.2,3.35827e+07,0.750024
2.4355,0.799422,3.35734e+07,15962.1,3.35894e+07,0.750029
2.43595,0.799422,3.35801e+07,15957.9,3.35961e+07,0.750034
2.43641,0.799422,3.35868e+07,15953.8,3.36028e+07,0.750039
2.43686,0.799421,3.35935e+07,15949.6,3.36094e+07,0.750044
2.43732,0.799421,3.36002e+07,15945.4,3.36161e+07,0.750049
2.43778,0.799421,3.36068e+07,15941.3,3.36228e+07,0.750054
2.43823,0.799421,3.36135e+07,15937.1,3.36294e+07,0.750058
2.43869,0.79942,3.36202e+07,15933,3.36361e+07,0.750063
2.43914,0.79942,3.36268e+07,15928.8,3.36428e+07,0.750068
2.4396,0.79942,3.36335e+07,15924.7,3.36494e+07,0.750073
2.44006,0.79942,3.36402e+07,15920.5,3.36561e+07,0.750078
2.44051,0.799419,3.36468e+07,15916.4,3.36628e+07,0.750083
2.44097,0.799419,3.36535e+07,15912.2,3.36694e+07,0.750088
2.44142,0.799419,3.36602e+07,15908.1,3.36761e+07,0.750093
2.44188,0.799419,3.36668e+07,15903.9,3.36827e+07,0.750098
2.44234,0.799418,3.36735e+07,15899.8,3.36894e+07,0.750103
2.44279,0.799418,3.36801e+07,15895.7,3.3696e+07,0.750108
2.44325,0.799418,3.36868e+07,15891.5,3.37027e+07,0.750113
2.4437,0.799418,3.36935e+07,15887.4,3.37093e+07,0.750118
2.44416,0.799417,3.37001e+07,15883.3,3.3716e+07,0.750123
2.44462,0.799417,3.37068e+07,15879.1,3.37226e+07,0.750128
2.44507,0.799417,3.37134e+07,15875,3.37293e+07,0.750133
2.44553,0.799416,3.37201e+07,15870.9,3.37359e+07,0.750138
2.44598,0.799416,3.37267e+07,15866.8,3.37426e+07,0.750143
2.44644,0.799416,3.37333e+07,15862.6,3.37492e+07,0.750147
2.4469,0.799416,3.374e+07,15858.5,3.37558e+07,0.750152
2.44735,0.799415,3.37466e+07,15854.4,3.37625e+07,0.750157
2.44781,0.799415,3.37533e+07,15850.3,3.37691e+07,0.750162
2.44826,0.799415,3.37599e+07,15846.2,3.37757e+07,0.750167
2.44872,0.799415,3.37665e+07,15842,3.37824e+07,0.750172
2.44918,0.799414,3.37732e+07,15837.9,3.3789e+07,0.750177
2.44963,0.799414,3.37798e+07,15833.8,3.37956e+07,0.750182
2.45009,0.799414,3.37864e+07,15829.7,3.38023e+07,0.750187
2.45054,0.799414,3.37931e+07,15825.6,3.38089e+07,0.750192
2.451,0.799413,3.37997e+07,15821.5,3.38155e+07,0.750197
2.45146,0.799413,3.38063e+07,15817.4,3.38221e+07,0.750202
2.45191,0.799413,3.38129e+07,15813.3,3.38287e+07,0.750206
2.45237,0.799413,3.38196e+07,15809.2,3.38354e+07,0.750211
2.45282,0.799412,3.38262e+07,15805.1,3.3842e+07,0.750216
2.45328,0.799412,3.38328e+07,15801,3.38486e+07,0.750221
2.45374,0.799412,3.38394e+07,15796.9,3.38552e+07,0.750226
2.45419,0.799412,3.3846e+07,15792.8,3.38618e+07,0.750231
2.45465,0.799411,3.38526e+07,15788.7,3.38684e+07,0.750236
2.4551,0.799411,3.38593e+07,15784.6,3.3875e+07,0.750241
2.45556,0.799411,3.38659e+07,15780.5,3.38816e+07,0.750246
2.45602,0.799411,3.38725e+07,15776.4,3.38882e+07,0.75025
2.45647,0.79941,3.38791e+07,15772.4,3.38949e+07,0.750255
2.45693,0.79941,3.38857e+07,15768.3,3.39015e+07,0.75026
2.45738,0.79941,3.38923e+07,15764.2,3.39081e+07,0.750265
2.45784,0.79941,3.38989e+07,15760.1,3.39147e+07,0.75027
2.4583,0.799409,3.39055e+07,15756,3.39212e+07,0.750275
2.45875,0.799409,3.39121e+07,15752,3.39278e+07,0.75028
2.45921,0.799409,3.39187e+07,15747.9,3.39344e+07,0.750284
2.45966,0.799409,3.39253e+07,15743.8,3.3941e+07,0.750289
2.46012,0.799408,3.39319e+07,15739.7,3.39476e+07,0.750294
2.46058,0.799408,3.39385e+07,15735.7,3.39542e+07,0.750299
2.46103,0.799408,3.39451e+07,15731.6,3.39608e+07,0.750304
2.46149,0.799407,3.39516e+07,15727.5,3.39674e+07,0.750309
2.46194,0.799407,3.39582e+07,15723.5,3.3974e+07,0.750314
2.4624,0.799407,3.39648e+07,15719.4,3.39805e+07,0.750318
2.46286,0.799407,3.39714e+07,15715.3,3.39871e+07,0.750323
2.46331,0.799406,3.3978e+07,15711.3,3.39937e+07,0.750328
2.46377,0.799406,3.39846e+07,15707.2,3.40003e+07,0.750333
2.46422,0.799406,3.39911e+07,15703.2,3.40069e+07,0.750338
2.46468,0.799406,3.39977e+07,15699.1,3.40134e+07,0.750343
2.46514,0.799405,3.40043e+07,15695.1,3.402e+07,0.750348
2.46559,0.799405,3.40109e+07,15691,3.40266e+07,0.750352
2.46605,0.799405,3.40174e+07,15687,3.40331e+07,0.750357
2.4665,0.799405,3.4024e+07,15682.9,3.40397e+07,0.750362
2.46696,0.799404,3.40306e+07,15678.9,3.40463e+07,0.750367
2.46742,0.799404,3.40372e+07,15674.8,3.40528e+07,0.750372
2.46787,0.799404,3.40437e+07,15670.8,3.40594e+07,0.750377
2.46833,0.799404,3.40503e+07,15666.8,3.4066e+07,0.750381
2.46878,0.799403,3.40568e+07,15662.7,3.40725e+07,0.750386
2.46924,0.799403,3.40634e+07,15658.7,3.40791e+07,0.750391
2.4697,0.799403,3.407e+07,15654.6,3.40856e+07,0.750396
2.47015,0.799403,3.40765e+07,15650.6,3.40922e+07,0.750401
2.47061,0.799402,3.40831e+07,15646.6,3.40987e+07,0.750405
2.47106,0.799402,3.40896e+07,15642.5,3.41053e+07,0.75041
2.47152,0.799402,3.40962e+07,15638.5,3.41118e+07,0.750415
2.47198,0.799402,3.41027e+07,15634.5,3.41184e+07,0.75042
2.47243,0.799401,3.41093e+07,15630.5,3.41249e+07,0.750425
2.47289,0.799401,3.41158e+07,15626.4,3.41315e+07,0.750429
2.47334,0.799401,3.41224e+07,15622.4,3.4138e+07,0.750434
2.4738,0.799401,3.41289e+07,15618.4,3.41445e+07,0.750439
2.47426,0.7994,3.41355e+07,15614.4,3.41511e+07,0.750444
2.47471,0.7994,3.4142e+07,15610.4,3.41576e+07,0.750449
2.47517,0.7994,3.41485e+07,15606.4,3.41642e+07,0.750453
2.47562,0.799399,3.41551e+07,15602.3,3.41707e+07,0.750458
2.47608,0.799399,3.41616e+07,15598.3,3.41772e+07,0.750463
2.47654,0.799399,3.41682e+07,15594.3,3.41837e+07,0.750468
2.47699,0.799399,3.41747e+07,15590.3,3.41903e+07,0.750473
2.47745,0.799398,3.41812e+07,15586.3,3.41968e+07,0.750477
2.4779,0.799398,3.41877e+07,15582.3,3.42033e+07,0.750482
2.47836,0.799398,3.41943e+07,15578.3,3.42099e+07,0.750487
2.47882,0.799398,3.42008e+07,15574.3,3.42164e+07,0.750492
2.47927,0.799397,3.42073e+07,15570.3,3.42229e+07,0.750496
2.47973,0.799397,3.42138e+07,15566.3,3.42294e+07,0.750501
2.48018,0.799397,3.42204e+07,15562.3,3.42359e+07,0.750506
2.48064,0.799397,3.42269e+07,15558.3,3.42424e+07,0.750511
2.4811,0.799396,3.42334e+07,15554.3,3.4249e+07,0.750515
2.48155,0.799396,3.42399e+07,15550.3,3.42555e+07,0.75052
2.48201,0.799396,3.42464e+07,15546.3,3.4262e+07,0.750525
2.48246,0.799396,3.42529e+07,15542.3,3.42685e+07,0.75053
2.48292,0.799395,3.42595e+07,15538.4,3.4275e+07,0.750534
2.48338,0.799395,3.4266e+07,15534.4,3.42815e+07,0.750539
2.48383,0.799395,3.42725e+07,15530.4,3.4288e+07,0.750544
2.48429,0.799395,3.4279e+07,15526.4,3.42945e+07,0.750549
2.48474,0.799394,3.42855e+07,15522.4,3.4301e+07,0.750553
2.4852,0.799394,3.4292e+07,15518.5,3.43075e+07,0.750558
2.48566,0.799394,3.42985e+07,15514.5,3.4314e+07,0.750563
2.48611,0.799394,3.4305e+07,15510.5,3.43205e+07,0.750568
2.48657,0.799393,3.43115e+07,15506.5,3.4327e+07,0.750572
2.48702,0.799393,3.4318e+07,15502.6,3.43335e+07,0.750577
2.48748,0.799393,3.43245e+07,15498.6,3.434e+07,0.750582
2.48794,0.799392,3.4331e+07,15494.6,3.43465e+07,0.750587
2.48839,0.799392,3.43375e+07,15490.7,3.4353e+07,0.750591
2.48885,0.799392,3.4344e+07,15486.7,3.43594e+07,0.750596
2.4893,0.799392,3.43504e+07,15482.7,3.43659e+07,0.750601
2.48976,0.799391,3.43569e+07,15478.8,3.43724e+07,0.750606
2.49022,0.799391,3.43634e+07,15474.8,3.43789e+07,0.75061
2.49067,0.799391,3.43699e+07,15470.8,3.43854e+07,0.750615
2.49113,0.799391,3.43764e+07,15466.9,3.43918e+07,0.75062
2.49158,0.79939,3.43829e+07,15462.9,3.43983e+07,0.750624
2.49204,0.79939,3.43893e+07,15459,3.44048e+07,0.750629
2.4925,0.79939,3.43958e+07,15455,3.44113e+07,0.750634
2.49295,0.79939,3.44023e+07,15451.1,3.44177e+07,0.750639
2.49341,0.799389,3.44088e+07,15447.1,3.44242e+07,0.750643
2.49386,0.799389,3.44152e+07,15443.2,3.44307e+07,0.750648
2.49432,0.799389,3.44217e+07,15439.2,3.44371e+07,0.750653
2.49478,0.799389,3.44282e+07,15435.3,3.44436e+07,0.750657
2.49523,0.799388,3.44346e+07,15431.4,3.44501e+07,0.750662
2.49569,0.799388,3.44411e+07,15427.4,3.44565e+07,0.750667
2.49614,0.799388,3.44476e+07,15423.5,3.4463e+07,0.750671
2.4966,0.799388,3.4454e+07,15419.5,3.44694e+07,0.750676
2.49706,0.799387,3.44605e+07,15415.6,3.44759e+07,0.750681
2.49751,0.799387,3.44669e+07,15411.7,3.44823e+07,0.750685
2.49797,0.799387,3.44734e+07,15407.7,3.44888e+07,0.75069
2.49842,0.799386,3.44798e+07,15403.8,3.44953e+07,0.750695
2.49888,0.799386,3.44863e+07,15399.9,3.45017e+07,0.7507
2.49934,0.799386,3.44928e+07,15396,3.45081e+07,0.750704
2.49979,0.799386,3.44992e+07,15392,3.45146e+07,0.750709
2.50025,0.799385,3.45056e+07,15388.1,3.4521e+07,0.750714
2.5007,0.799385,3.45121e+07,15384.2,3.45275e+07,0.750718
2.50116,0.799385,3.45185e+07,15380.3,3.45339e+07,0.750723
2.50162,0.799385,3.4525e+07,15376.4,3.45404e+07,0.750728
2.50207,0.799384,3.45314e+07,15372.4,3.45468e+07,0.750732
2.50253,0.799384,3.45379e+07,15368.5,3.45532e+07,0.750737
2.50298,0.799384,3.45443e+07,15364.6,3.45597e+07,0.750742
2.50344,0.799384,3.45507e+07,15360.7,3.45661e+07,0.750746
2.5039,0.799383,3.45572e+07,15356.8,3.45725e+07,0.750751
2.50435,0.799383,3.45636e+07,15352.9,3.4579e+07,0.750756
2.50481,0.799383,3.457e+07,15349,3.45854e+07,0.75076
2.50526,0.799383,3.45765e+07,15345.1,3.45918e+07,0.750765
2.50572,0.799382,3.45829e+07,15341.2,3.45982e+07,0.750769
2.50618,0.799382,3.45893e+07,15337.3,3.46047e+07,0.750774
2.50663,0.799382,3.45957e+07,15333.4,3.46111e+07,0.750779
2.50709,0.799381,3.46022e+07,15329.5,3.46175e+07,0.750783
2.50754,0.799381,3.46086e+07,15325.6,3.46239e+07,0.750788
2.508,0.799381,3.4615e+07,15321.7,3.46303e+07,0.750793
2.50846,0.799381,3.46214e+07,15317.8,3.46367e+07,0.750797
2.50891,0.79938,3.46278e+07,15313.9,3.46432e+07,0.750802
2.50937,0.79938,3.46343e+07,15310,3.46496e+07,0.750807
2.50982,0.79938,3.46407e+07,15306.1,3.4656e+07,0.750811
2.51028,0.79938,3.46471e+07,15302.2,3.46624e+07,0.750816
2.51074,0.799379,3.46535e+07,15298.3,3.46688e+07,0.75082
2.51119,0.799379,3.46599e+07,15294.4,3.46752e+07,0.750825
2.51165,0.799379,3.46663e+07,15290.6,3.46816e+07,0.75083
2.5121,0.799379,3.46727e+07,15286.7,3.4688e+07,0.750834
2.51256,0.799378,3.46791e+07,15282.8,3.46944e+07,0.750839
2.51302,0.799378,3.46855e+07,15278.9,3.47008e+07,0.750844
2.51347,0.799378,3.46919e+07,15275.1,3.47072e+07,0.750848
2.51393,0.799378,3.46983e+07,15271.2,3.47136e+07,0.750853
2.51438,0.799377,3.47047e+07,15267.3,3.472e+07,0.750857
2.51484,0.799377,3.47111e+07,15263.4,3.47264e+07,0.750862
2.5153,0.799377,3.47175e+07,15259.6,3.47328e+07,0.750867
2.51575,0.799377,3.47239e+07,15255.7,3.47391e+07,0.750871
2.51621,0.799376,3.47303e+07,15251.8,3.47455e+07,0.750876
2.51666,0.799376,3.47367e+07,15248,3.47519e+07,0.75088
2.51712,0.799376,3.47431e+07,15244.1,3.47583e+07,0.750885
2.51758,0.799375,3.47494e+07,15240.2,3.47647e+07,0.75089
2.51803,0.799375,3.47558e+07,15236.4,3.47711e+07,0.750894
2.51849,0.799375,3.47622e+07,15232.5,3.47774e+07,0.750899
2.51894,0.799375,3.47686e+07,15228.7,3.47838e+07,0.750903
2.5194,0.799374,3.4775e+07,15224.8,3.47902e+07,0.750908
2.51986,0.799374,3.47813e+07,15221,3.47966e+07,0.750913
2.52031,0.799374,3.47877e+07,15217.1,3.48029e+07,0.750917
2.52077,0.799374,3.47941e+07,15213.3,3.48093e+07,0.750922
2.52122,0.799373,3.48005e+07,15209.4,3.48157e+07,0.750926
2.52168,0.799373,3.48068e+07,15205.6,3.4822e+07,0.750931
2.52214,0.799373,3.48132e+07,15201.7,3.48284e+07,0.750935
2.52259,0.799373,3.48196e+07,15197.9,3.48348e+07,0.75094
2.52305,0.799372,3.48259e+07,15194,3.48411e+07,0.750945
2.5235,0.799372,3.48323e+07,15190.2,3.48475e+07,0.750949
2.52396,0.799372,3.48386e+07,15186.3,3.48538e+07,0.750954
2.52442,0.799371,3.4845e+07,15182.5,3.48602e+07,0.750958
2.52487,0.799371,3.48514e+07,15178.7,3.48665e+07,0.750963
2.52533,0.799371,3.48577e+07,15174.8,3.48729e+07,0.750967
2.52578,0.799371,3.48641e+07,15171,3.48792e+07,0.750972
2.52624,0.79937,3.48704e+07,15167.2,3.48856e+07,0.750977
2.5267,0.79937,3.48768e+07,15163.3,3.48919e+07,0.750981
2.52715,0.79937,3.48831e+07,15159.5,3.48983e+07,0.750986
2.52761,0.79937,3.48895e+07,15155.7,3.49046e+07,0.75099
2.52806,0.799369,3.48958e+07,15151.9,3.4911e+07,0.750995
2.52852,0.799369,3.49022e+07,15148,3.49173e+07,0.750999
2.52898,0.799369,3.49085e+07,15144.2,3.49237e+07,0.751004
2.52943,0.799369,3.49149e+07,15140.4,3.493e+07,0.751008
2.52989,0.799368,3.49212e+07,15136.6,3.49363e+07,0.751013
2.53034,0.799368,3.49275e+07,15132.8,3.49427e+07,0.751017
2.5308,0.799368,3.49339e+07,15128.9,3.4949e+07,0.751022
2.53126,0.799368,3.49402e+07,15125.1,3.49553e+07,0.751027
2.53171,0.799367,3.49465e+07,15121.3,3.49617e+07,0.751031
2.53217,0.799367,3.49529e+07,15117.5,3.4968e+07,0.751036
2.53262,0.799367,3.49592e+07,15113.7,3.49743e+07,0.75104
2.53308,0.799366,3.49655e+07,15109.9,3.49806e+07,0.751045
2.53354,0.799366,3.49719e+07,15106.1,3.4987e+07,0.751049
2.53399,0.799366,3.49782e+07,15102.3,3.49933e+07,0.751054
2.53445,0.799366,3.49845e+07,15098.5,3.49996e+07,0.751058
2.5349,0.799365,3.49908e+07,15094.7,3.50059e+07,0.751063
2.53536,0.799365,3.49971e+07,15090.9,3.50122e+07,0.751067
2.53582,0.799365,3.50035e+07,15087.1,3.50185e+07,0.751072
2.53627,0.799365,3.50098e+07,15083.3,3.50249e+07,0.751076
2.53673,0.799364,3.50161e+07,15079.5,3.50312e+07,0.751081
2.53718,0.799364,3.50224e+07,15075.7,3.50375e+07,0.751085
2.53764,0.799364,3.50287e+07,15071.9,3.50438e+07,0.75109
2.5381,0.799364,3.5035e+07,15068.1,3.50501e+07,0.751094
2.53855,0.799363,3.50413e+07,15064.3,3.50564e+07,0.751099
2.53901,0.799363,3.50476e+07,15060.5,3.50627e+07,0.751103
2.53946,0.799363,3.50539e+07,15056.8,3.5069e+07,0.751108
2.53992,0.799362,3.50602e+07,15053,3.50753e+07,0.751112
2.54038,0.799362,3.50665e+07,15049.2,3.50816e+07,0.751117
2.54083,0.799362,3.50728e+07,15045.4,3.50879e+07,0.751121
2.54129,0.799362,3.50791e+07,15041.6,3.50942e+07,0.751126
2.54174,0.799361,3.50854e+07,15037.8,3.51005e+07,0.75113
2.5422,0.799361,3.50917e+07,15034.1,3.51068e+07,0.751135
2.54266,0.799361,3.5098e+07,15030.3,3.51131e+07,0.751139
2.54311,0.799361,3.51043e+07,15026.5,3.51193e+07,0.751144
2.54357,0.79936,3.51106e+07,15022.7,3.51256e+07,0.751148
2.54402,0.79936,3.51169e+07,15019,3.51319e+07,0.751153
2.54448,0.79936,3.51232e+07,15015.2,3.51382e+07,0.751157
2.54494,0.79936,3.51295e+07,15011.4,3.51445e+07,0.751162
2.54539,0.799359,3.51358e+07,15007.7,3.51508e+07,0.751166
2.54585,0.799359,3.5142e+07,15003.9,3.5157e+07,0.751171
2.5463,0.799359,3.51483e+07,15000.2,3.51633e+07,0.751175
2.54676,0.799358,3.51546e+07,14996.4,3.51696e+07,0.75118
2.54722,0.799358,3.51609e+07,14992.6,3.51759e+07,0.751184
2.54767,0.799358,3.51671e+07,14988.9,3.51821e+07,0.751188
2.54813,0.799358,3.51734e+07,14985.1,3.51884e+07,0.751193
2.54858,0.799357,3.51797e+07,14981.4,3.51947e+07,0.751197
2.54904,0.799357,3.5186e+07,14977.6,3.52009e+07,0.751202
2.5495,0.799357,3.51922e+07,14973.9,3.52072e+07,0.751206
2.54995,0.799357,3.51985e+07,14970.1,3.52135e+07,0.751211
2.55041,0.799356,3.52048e+07,14966.4,3.52197e+07,0.751215
2.55086,0.799356,3.5211e+07,14962.6,3.5226e+07,0.75122
2.55132,0.799356,3.52173e+07,14958.9,3.52322e+07,0.751224
2.55178,0.799356,3.52235e+07,14955.1,3.52385e+07,0.751229
2.55223,0.799355,3.52298e+07,14951.4,3.52448e+07,0.751233
2.55269,0.799355,3.52361e+07,14947.6,3.5251e+07,0.751237
2.55314,0.799355,3.52423e+07,14943.9,3.52573e+07,0.751242
2.5536,0.799354,3.52486e+07,14940.2,3.52635e+07,0.751246
2.55406,0.799354,3.52548e+07,14936.4,3.52698e+07,0.751251
2.55451,0.799354,3.52611e+07,14932.7,3.5276e+07,0.751255
2.55497,0.799354,3.52673e+07,14929,3.52822e+07,0.75126
2.55542,0.799353,3.52736e+07,14925.2,3.52885e+07,0.751264
2.55588,0.799353,3.52798e+07,14921.5,3.52947e+07,0.751268
2.55634,0.799353,3.5286e+07,14917.8,3.5301e+07,0.751273
2.55679,0.799353,3.52923e+07,14914,3.53072e+07,0.751277
2.55725,0.799352,3.52985e+07,14910.3,3.53134e+07,0.751282
2.5577,0.799352,3.53048e+07,14906.6,3.53197e+07,0.751286
2.55816,0.799352,3.5311e+07,14902.9,3.53259e+07,0.751291
2.55862,0.799352,3.53172e+07,14899.1,3.53321e+07,0.751295
2.55907,0.799351,3.53235e+07,14895.4,3.53384e+07,0.751299
2.55953,0.799351,3.53297e+07,14891.7,3.53446e+07,0.751304
2.55998,0.799351,3.53359e+07,14888,3.53508e+07,0.751308
2.56044,0.79935,3.53422e+07,14884.3,3.5357e+07,0.751313
2.5609,0.79935,3.53484e+07,14880.6,3.53633e+07,0.751317
2.56135,0.79935,3.53546e+07,14876.9,3.53695e+07,0.751321
2.56181,0.79935,3.53608e+07,14873.1,3.53757e+07,0.751326
2.56226,0.799349,3.53671e+07,14869.4,3.53819e+07,0.75133
2.56272,0.799349,3.53733e+07,14865.7,3.53881e+07,0.751335
2.56318,0.799349,3.53795e+07,14862,3.53944e+07,0.751339
2.56363,0.799349,3.53857e+07,14858.3,3.54006e+07,0.751343
2.56409,0.799348,3.53919e+07,14854.6,3.54068e+07,0.751348
2.56454,0.799348,3.53981e+07,14850.9,3.5413e+07,0.751352
2.565,0.799348,3.54043e+07,14847.2,3.54192e+07,0.751357
2.56546,0.799348,3.54106e+07,14843.5,3.54254e+07,0.751361
2.56591,0.799347,3.54168e+07,14839.8,3.54316e+07,0.751365
2.56637,0.799347,3.5423e+07,14836.1,3.54378e+07,0.75137
2.56682,0.799347,3.54292e+07,14832.4,3.5444e+07,0.751374
2.56728,0.799346,3.54354e+07,14828.7,3.54502e+07,0.751378
2.56774,0.799346,3.54416e+07,14825,3.54564e+07,0.751383
2.56819,0.799346,3.54478e+07,14821.4,3.54626e+07,0.751387
2.56865,0.799346,3.5454e+07,14817.7,3.54688e+07,0.751392
2.5691,0.799345,3.54602e+07,14814,3.5475e+07,0.751396
2.56956,0.799345,3.54664e+07,14810.3,3.54812e+07,0.7514
2.57002,0.799345,3.54726e+07,14806.6,3.54874e+07,0.751405
2.57047,0.799345,3.54788e+07,14802.9,3.54936e+07,0.751409
2.57093,0.799344,3.54849e+07,14799.2,3.54997e+07,0.751413
2.57138,0.799344,3.54911e+07,14795.6,3.55059e+07,0.751418
2.57184,0.799344,3.54973e+07,14791.9,3.55121e+07,0.751422
2.5723,0.799343,3.55035e+07,14788.2,3.55183e+07,0.751427
2.57275,0.799343,3.55097e+07,14784.5,3.55245e+07,0.751431
2.57321,0.799343,3.55159e+07,14780.9,3.55306e+07,0.751435
2.57366,0.799343,3.5522e+07,14777.2,3.55368e+07,0.75144
2.57412,0.799342,3.55282e+07,14773.5,3.5543e+07,0.751444
2.57458,0.799342,3.55344e+07,14769.9,3.55492e+07,0.751448
2.57503,0.799342,3.55406e+07,14766.2,3.55553e+07,0.751453
2.57549,0.799342,3.55467e+07,14762.5,3.55615e+07,0.751457
2.57594,0.799341,3.55529e+07,14758.9,3.55677e+07,0.751461
2.5764,0.799341,3.55591e+07,14755.2,3.55738e+07,0.751466
2.57686,0.799341,3.55653e+07,14751.5,3.558e+07,0.75147
2.57731,0.799341,3.55714e+07,14747.9,3.55862e+07,0.751474
2.57777,0.79934,3.55776e+07,14744.2,3.55923e+07,0.751479
2.57822,0.79934,3.55838e+07,14740.6,3.55985e+07,0.751483
2.57868,0.79934,3.55899e+07,14736.9,3.56047e+07,0.751487
2.57914,0.799339,3.55961e+07,14733.3,3.56108e+07,0.751492
2.57959,0.799339,3.56022e+07,14729.6,3.5617e+07,0.751496
2.58005,0.799339,3.56084e+07,14726,3.56231e+07,0.7515
2.5805,0.799339,3.56145e+07,14722.3,3.56293e+07,0.751505
2.58096,0.799338,3.56207e+07,14718.7,3.56354e+07,0.751509
2.58142,0.799338,3.56268e+07,14715,3.56416e+07,0.751513
2.58187,0.799338,3.5633e+07,14711.4,3.56477e+07,0.751518
2.58233,0.799338,3.56391e+07,14707.7,3.56539e+07,0.751522
2.58278,0.799337,3.56453e+07,14704.1,3.566e+07,0.751526
2.58324,0.799337,3.56514e+07,14700.4,3.56661e+07,0.751531
2.5837,0.799337,3.56576e+07,14696.8,3.56723e+07,0.751535
2.58415,0.799336,3.56637e+07,14693.2,3.56784e+07,0.751539
2.58461,0.799336,3.56699e+07,14689.5,3.56845e+07,0.751543
2.58506,0.799336,3.5676e+07,14685.9,3.56907e+07,0.751548
2.58552,0.799336,3.56821e+07,14682.3,3.56968e+07,0.751552
2.58598,0.799335,3.56883e+07,14678.6,3.57029e+07,0.751556
2.58643,0.799335,3.56944e+07,14675,3.57091e+07,0.751561
2.58689,0.799335,3.57005e+07,14671.4,3.57152e+07,0.751565
2.58734,0.799335,3.57067e+07,14667.7,3.57213e+07,0.751569
2.5878,0.799334,3.57128e+07,14664.1,3.57275e+07,0.751574
2.58826,0.799334,3.57189e+07,14660.5,3.57336e+07,0.751578
2.58871,0.799334,3.5725e+07,14656.9,3.57397e+07,0.751582
2.58917,0.799333,3.57312e+07,14653.3,3.57458e+07,0.751586
2.58962,0.799333,3.57373e+07,14649.6,3.57519e+07,0.751591
2.59008,0.799333,3.57434e+07,14646,3.57581e+07,0.751595
2.59054,0.799333,3.57495e+07,14642.4,3.57642e+07,0.751599
2.59099,0.799332,3.57556e+07,14638.8,3.57703e+07,0.751604
2.59145,0.799332,3.57618e+07,14635.2,3.57764e+07,0.751608
2.5919,0.799332,3.57679e+07,14631.6,3.57825e+07,0.751612
2.59236,0.799332,3.5774e+07,14627.9,3.57886e+07,0.751616
2.59282,0.799331,3.57801e+07,14624.3,3.57947e+07,0.751621
2.59327,0.799331,3.57862e+07,14620.7,3.58008e+07,0.751625
2.59373,0.799331,3.57923e+07,14617.1,3.58069e+07,0.751629
2.59418,0.79933,3.57984e+07,14613.5,3.5813e+07,0.751633
2.59464,0.79933,3.58045e+07,14609.9,3.58191e+07,0.751638
2.5951,0.79933,3.58106e+07,14606.3,3.58252e+07,0.751642
2.59555,0.79933,3.58167e+07,14602.7,3.58313e+07,0.751646
2.59601,0.799329,3.58228e+07,14599.1,3.58374e+07,0.75165
2.59646,0.799329,3.58289e+07,14595.5,3.58435e+07,0.751655
2.59692,0.799329,3.5835e+07,14591.9,3.58496e+07,0.751659
2.59738,0.799329,3.58411e+07,14588.3,3.58557e+07,0.751663
2.59783,0.799328,3.58472e+07,14584.7,3.58618e+07,0.751667
2.59829,0.799328,3.58533e+07,14581.1,3.58679e+07,0.751672
2.59874,0.799328,3.58594e+07,14577.5,3.58739e+07,0.751676
2.5992,0.799328,3.58654e+07,14574,3.588e+07,0.75168
2.59966,0.799327,3.58715e+07,14570.4,3.58861e+07,0.751684
2.60011,0.799327,3.58776e+07,14566.8,3.58922e+07,0.751689
2.60057,0.799327,3.58837e+07,14563.2,3.58983e+07,0.751693
2.60102,0.799326,3.58898e+07,14559.6,3.59043e+07,0.751697
2.60148,0.799326,3.58959e+07,14556,3.59104e+07,0.751701
2.60194,0.799326,3.59019e+07,14552.5,3.59165e+07,0.751706
2.60239,0.799326,3.5908e+07,14548.9,3.59226e+07,0.75171
2.60285,0.799325,3.59141e+07,14545.3,3.59286e+07,0.751714
2.6033,0.799325,3.59202e+07,14541.7,3.59347e+07,0.751718
2.60376,0.799325,3.59262e+07,14538.1,3.59408e+07,0.751723
2.60422,0.799325,3.59323e+07,14534.6,3.59468e+07,0.751727
2.60467,0.799324,3.59384e+07,14531,3.59529e+07,0.751731
2.60513,0.799324,3.59444e+07,14527.4,3.59589e+07,0.751735
2.60558,0.799324,3.59505e+07,14523.9,3.5965e+07,0.751739
2.60604,0.799323,3.59565e+07,14520.3,3.59711e+07,0.751744
2.6065,0.799323,3.59626e+07,14516.7,3.59771e+07,0.751748
2.60695,0.799323,3.59687e+07,14513.2,3.59832e+07,0.751752
2.60741,0.799323,3.59747e+07,14509.6,3.59892e+07,0.751756
2.60786,0.799322,3.59808e+07,14506,3.59953e+07,0.75176
2.60832,0.799322,3.59868e+07,14502.5,3.60013e+07,0.751765
2.60878,0.799322,3.59929e+07,14498.9,3.60074e+07,0.751769
2.60923,0.799322,3.59989e+07,14495.4,3.60134e+07,0.751773
2.60969,0.799321,3.6005e+07,14491.8,3.60195e+07,0.751777
2.61014,0.799321,3.6011e+07,14488.3,3.60255e+07,0.751781
2.6106,0.799321,3.60171e+07,14484.7,3.60316e+07,0.751786
2.61106,0.79932,3.60231e+07,14481.1,3.60376e+07,0.75179
2.61151,0.79932,3.60292e+07,14477.6,3.60436e+07,0.751794
2.61197,0.79932,3.60352e+07,14474,3.60497e+07,0.751798
2.61242,0.79932,3.60412e+07,14470.5,3.60557e+07,0.751802
2.61288,0.799319,3.60473e+07,14467,3.60617e+07,0.751807
2.61334,0.799319,3.60533e+07,14463.4,3.60678e+07,0.751811
2.61379,0.799319,3.60593e+07,14459.9,3.60738e+07,0.751815
2.61425,0.799319,3.60654e+07,14456.3,3.60798e+07,0.751819
2.6147,0.799318,3.60714e+07,14452.8,3.60858e+07,0.751823
2.61516,0.799318,3.60774e+07,14449.2,3.60919e+07,0.751828
2.61562,0.799318,3.60834e+07,14445.7,3.60979e+07,0.751832
2.61607,0.799317,3.60895e+07,14442.2,3.61039e+07,0.751836
2.61653,0.799317,3.60955e+07,14438.6,3.61099e+07,0.75184
2.61698,0.799317,3.61015e+07,14435.1,3.6116e+07,0.751844
2.61744,0.799317,3.61075e+07,14431.6,3.6122e+07,0.751848
2.6179,0.799316,3.61136e+07,14428,3.6128e+07,0.751853
2.61835,0.799316,3.61196e+07,14424.5,3.6134e+07,0.751857
2.61881,0.799316,3.61256e+07,14421,3.614e+07,0.751861
2.61926,0.799315,3.61316e+07,14417.5,3.6146e+07,0.751865
2.61972,0.799315,3.61376e+07,14413.9,3.6152e+07,0.751869
2.62018,0.799315,3.61436e+07,14410.4,3.6158e+07,0.751873
2.62063,0.799315,3.61496e+07,14406.9,3.6164e+07,0.751878
2.62109,0.799314,3.61556e+07,14403.4,3.617e+07,0.751882
2.62154,0.799314,3.61616e+07,14399.8,3.6176e+07,0.751886
2.622,0.799314,3.61676e+07,14396.3,3.6182e+07,0.75189
2.62246,0.799314,3.61736e+07,14392.8,3.6188e+07,0.751894
2.62291,0.799313,3.61796e+07,14389.3,3.6194e+07,0.751898
2.62337,0.799313,3.61856e+07,14385.8,3.62e+07,0.751902
2.62382,0.799313,3.61916e+07,14382.3,3.6206e+07,0.751907
2.62428,0.799312,3.61976e+07,14378.8,3.6212e+07,0.751911
2.62474,0.799312,3.62036e+07,14375.3,3.6218e+07,0.751915
2.62519,0.799312,3.62096e+07,14371.7,3.6224e+07,0.751919
2.62565,0.799312,3.62156e+07,14368.2,3.623e+07,0.751923
2.6261,0.799311,3.62216e+07,14364.7,3.6236e+07,0.751927
2.62656,0.799311,3.62276e+07,14361.2,3.62419e+07,0.751931
2.62702,0.799311,3.62336e+07,14357.7,3.62479e+07,0.751936
2.62747,0.799311,3.62396e+07,14354.2,3.62539e+07,0.75194
2.62793,0.79931,3.62455e+07,14350.7,3.62599e+07,0.751944
2.62838,0.79931,3.62515e+07,14347.2,3.62659e+07,0.751948
2.62884,0.79931,3.62575e+07,14343.7,3.62718e+07,0.751952
2.6293,0.799309,3.62635e+07,14340.2,3.62778e+07,0.751956
2.62975,0.799309,3.62694e+07,14336.7,3.62838e+07,0.75196
2.63021,0.799309,3.62754e+07,14333.2,3.62897e+07,0.751964
2.63066,0.799309,3.62814e+07,14329.8,3.62957e+07,0.751969
2.63112,0.799308,3.62874e+07,14326.3,3.63017e+07,0.751973
2.63158,0.799308,3.62933e+07,14322.8,3.63076e+07,0.751977
2.63203,0.799308,3.62993e+07,14319.3,3.63136e+07,0.751981
2.63249,0.799308,3.63053e+07,14315.8,3.63196e+07,0.751985
2.63294,0.799307,3.63112e+07,14312.3,3.63255e+07,0.751989
2.6334,0.799307,3.63172e+07,14308.8,3.63315e+07,0.751993
2.63386,0.799307,3.63231e+07,14305.4,3.63374e+07,0.751997
2.63431,0.799306,3.63291e+07,14301.9,3.63434e+07,0.752001
2.63477,0.799306,3.63351e+07,14298.4,3.63494e+07,0.752006
2.63522,0.799306,3.6341e+07,14294.9,3.63553e+07,0.75201
2.63568,0.799306,3.6347e+07,14291.4,3.63613e+07,0.752014
2.63614,0.799305,3.63529e+07,14288,3.63672e+07,0.752018
2.63659,0.799305,3.63589e+07,14284.5,3.63731e+07,0.752022
2.63705,0.799305,3.63648e+07,14281,3.63791e+07,0.752026
2.6375,0.799304,3.63708e+07,14277.6,3.6385e+07,0.75203
2.63796,0.799304,3.63767e+07,14274.1,3.6391e+07,0.752034
2.63842,0.799304,3.63826e+07,14270.6,3.63969e+07,0.752038
2.63887,0.799304,3.63886e+07,14267.2,3.64029e+07,0.752042
2.63933,0.799303,3.63945e+07,14263.7,3.64088e+07,0.752046
2.63978,0.799303,3.64005e+07,14260.2,3.64147e+07,0.752051
2.64024,0.799303,3.64064e+07,14256.8,3.64207e+07,0.752055
2.6407,0.799303,3.64123e+07,14253.3,3.64266e+07,0.752059
2.64115,0.799302,3.64183e+07,14249.8,3.64325e+07,0.752063
2.64161,0.799302,3.64242e+07,14246.4,3.64384e+07,0.752067
2.64206,0.799302,3.64301e+07,14242.9,3.64444e+07,0.752071
2.64252,0.799301,3.64361e+07,14239.5,3.64503e+07,0.752075
2.64298,0.799301,3.6442e+07,14236,3.64562e+07,0.752079
2.64343,0.799301,3.64479e+07,14232.6,3.64621e+07,0.752083
2.64389,0.799301,3.64538e+07,14229.1,3.64681e+07,0.752087
2.64434,0.7993,3.64598e+07,14225.7,3.6474e+07,0.752091
2.6448,0.7993,3.64657e+07,14222.2,3.64799e+07,0.752095
2.64526,0.7993,3.64716e+07,14218.8,3.64858e+07,0.752099
2.64571,0.7993,3.64775e+07,14215.3,3.64917e+07,0.752103
2.64617,0.799299,3.64834e+07,14211.9,3.64976e+07,0.752107
2.64662,0.799299,3.64893e+07,14208.4,3.65035e+07,0.752111
2.64708,0.799299,3.64953e+07,14205,3.65095e+07,0.752116
2.64754,0.799298,3.65012e+07,14201.6,3.65154e+07,0.75212
2.64799,0.799298,3.65071e+07,14198.1,3.65213e+07,0.752124
2.64845,0.799298,3.6513e+07,14194.7,3.65272e+07,0.752128
2.6489,0.799298,3.65189e+07,14191.2,3.65331e+07,0.752132
2.64936,0.799297,3.65248e+07,14187.8,3.6539e+07,0.752136
2.64982,0.799297,3.65307e+07,14184.4,3.65449e+07,0.75214
2.65027,0.799297,3.65366e+07,14180.9,3.65508e+07,0.752144
2.65073,0.799296,3.65425e+07,14177.5,3.65567e+07,0.752148
2.65118,0.799296,3.65484e+07,14174.1,3.65626e+07,0.752152
2.65164,0.799296,3.65543e+07,14170.7,3.65684e+07,0.752156
2.6521,0.799296,3.65602e+07,14167.2,3.65743e+07,0.75216
2.65255,0.799295,3.65661e+07,14163.8,3.65802e+07,0.752164
2.65301,0.799295,3.6572e+07,14160.4,3.65861e+07,0.752168
2.65346,0.799295,3.65778e+07,14157,3.6592e+07,0.752172
2.65392,0.799295,3.65837e+07,14153.5,3.65979e+07,0.752176
2.65438,0.799294,3.65896e+07,14150.1,3.66038e+07,0.75218
2.65483,0.799294,3.65955e+07,14146.7,3.66096e+07,0.752184
2.65529,0.799294,3.66014e+07,14143.3,3.66155e+07,0.752188
2.65574,0.799293,3.66073e+07,14139.9,3.66214e+07,0.752192
2.6562,0.799293,3.66131e+07,14136.4,3.66273e+07,0.752196
2.65666,0.799293,3.6619e+07,14133,3.66331e+07,0.7522
2.65711,0.799293,3.66249e+07,14129.6,3.6639e+07,0.752204
2.65757,0.799292,3.66308e+07,14126.2,3.66449e+07,0.752208
2.65802,0.799292,3.66366e+07,14122.8,3.66508e+07,0.752212
2.65848,0.799292,3.66425e+07,14119.4,3.66566e+07,0.752216
2.65894,0.799291,3.66484e+07,14116,3.66625e+07,0.75222
2.65939,0.799291,3.66542e+07,14112.6,3.66684e+07,0.752224
2.65985,0.799291,3.66601e+07,14109.2,3.66742e+07,0.752228
2.6603,0.799291,3.6666e+07,14105.8,3.66801e+07,0.752232
2.66076,0.79929,3.66718e+07,14102.4,3.66859e+07,0.752236
2.66122,0.79929,3.66777e+07,14099,3.66918e+07,0.75224
2.66167,0.79929,3.66836e+07,14095.6,3.66976e+07,0.752244
2.66213,0.79929,3.66894e+07,14092.2,3.67035e+07,0.752248
2.66258,0.799289,3.66953e+07,14088.8,3.67094e+07,0.752252
2.66304,0.799289,3.67011e+07,14085.4,3.67152e+07,0.752256
2.6635,0.799289,3.6707e+07,14082,3.67211e+07,0.75226
2.66395,0.799288,3.67128e+07,14078.6,3.67269e+07,0.752264
2.66441,0.799288,3.67187e+07,14075.2,3.67327e+07,0.752268
2.66486,0.799288,3.67245e+07,14071.8,3.67386e+07,0.752272
2.66532,0.799288,3.67304e+07,14068.4,3.67444e+07,0.752276
2.66578,0.799287,3.67362e+07,14065.1,3.67503e+07,0.75228
2.66623,0.799287,3.6742e+07,14061.7,3.67561e+07,0.752284
2.66669,0.799287,3.67479e+07,14058.3,3.67619e+07,0.752288
2.66714,0.799286,3.67537e+07,14054.9,3.67678e+07,0.752292
2.6676,0.799286,3.67596e+07,14051.5,3.67736e+07,0.752296
2.66806,0.799286,3.67654e+07,14048.1,3.67794e+07,0.7523
2.66851,0.799286,3.67712e+07,14044.8,3.67853e+07,0.752304
2.66897,0.799285,3.67771e+07,14041.4,3.67911e+07,0.752308
2.66942,0.799285,3.67829e+07,14038,3.67969e+07,0.752312
2.66988,0.799285,3.67887e+07,14034.6,3.68028e+07,0.752316
2.67034,0.799285,3.67945e+07,14031.3,3.68086e+07,0.75232
2.67079,0.799284,3.68004e+07,14027.9,3.68144e+07,0.752324
2.67125,0.799284,3.68062e+07,14024.5,3.68202e+07,0.752328
2.6717,0.799284,3.6812e+07,14021.1,3.6826e+07,0.752332
2.67216,0.799283,3.68178e+07,14017.8,3.68319e+07,0.752336
2.67262,0.799283,3.68237e+07,14014.4,3.68377e+07,0.75234
2.67307,0.799283,3.68295e+07,14011.1,3.68435e+07,0.752344
2.67353,0.799283,3.68353e+07,14007.7,3.68493e+07,0.752347
2.67398,0.799282,3.68411e+07,14004.3,3.68551e+07,0.752351
2.67444,0.799282,3.68469e+07,14001,3.68609e+07,0.752355
2.6749,0.799282,3.68527e+07,13997.6,3.68667e+07,0.752359
2.67535,0.799281,3.68585e+07,13994.2,3.68725e+07,0.752363
2.67581,0.799281,3.68643e+07,13990.9,3.68783e+07,0.752367
2.67626,0.799281,3.68702e+07,13987.5,3.68841e+07,0.752371
2.67672,0.799281,3.6876e+07,13984.2,3.68899e+07,0.752375
2.67718,0.79928,3.68818e+07,13980.8,3.68957e+07,0.752379
2.67763,0.79928,3.68876e+07,13977.5,3.69015e+07,0.752383
2.67809,0.79928,3.68934e+07,13974.1,3.69073e+07,0.752387
2.67854,0.799279,3.68992e+07,13970.8,3.69131e+07,0.752391
2.679,0.799279,3.6905e+07,13967.4,3.69189e+07,0.752395
2.67946,0.799279,3.69107e+07,13964.1,3.69247e+07,0.752399
2.67991,0.799279,3.69165e+07,13960.7,3.69305e+07,0.752403
2.68037,0.799278,3.69223e+07,13957.4,3.69363e+07,0.752407
2.68082,0.799278,3.69281e+07,13954,3.69421e+07,0.75241
2.68128,0.799278,3.69339e+07,13950.7,3.69479e+07,0.752414
2.68174,0.799278,3.69397e+07,13947.4,3.69536e+07,0.752418
2.68219,0.799277,3.69455e+07,13944,3.69594e+07,0.752422
2.68265,0.799277,3.69513e+07,13940.7,3.69652e+07,0.752426
2.6831,0.799277,3.6957e+07,13937.3,3.6971e+07,0.75243
2.68356,0.799276,3.69628e+07,13934,3.69768e+07,0.752434
2.68402,0.799276,3.69686e+07,13930.7,3.69825e+07,0.752438
2.68447,0.799276,3.69744e+07,13927.3,3.69883e+07,0.752442
2.68493,0.799276,3.69801e+07,13924,3.69941e+07,0.752446
2.68538,0.799275,3.69859e+07,13920.7,3.69998e+07,0.75245
2.68584,0.799275,3.69917e+07,13917.4,3.70056e+07,0.752453
2.6863,0.799275,3.69975e+07,13914,3.70114e+07,0.752457
2.68675,0.799274,3.70032e+07,13910.7,3.70171e+07,0.752461
2.68721,0.799274,3.7009e+07,13907.4,3.70229e+07,0.752465
2.68766,0.799274,3.70148e+07,13904.1,3.70287e+07,0.752469
2.68812,0.799274,3.70205e+07,13900.7,3.70344e+07,0.752473
2.68858,0.799273,3.70263e+07,13897.4,3.70402e+07,0.752477
2.68903,0.799273,3.7032e+07,13894.1,3.70459e+07,0.752481
2.68949,0.799273,3.70378e+07,13890.8,3.70517e+07,0.752485
2.68994,0.799272,3.70436e+07,13887.5,3.70574e+07,0.752488
2.6904,0.799272,3.70493e+07,13884.1,3.70632e+07,0.752492
2.69086,0.799272,3.70551e+07,13880.8,3.70689e+07,0.752496
2.69131,0.799272,3.70608e+07,13877.5,3.70747e+07,0.7525
2.69177,0.799271,3.70666e+07,13874.2,3.70804e+07,0.752504
2.69222,0.799271,3.70723e+07,13870.9,3.70862e+07,0.752508
2.69268,0.799271,3.70781e+07,13867.6,3.70919e+07,0.752512
2.69314,0.799271,3.70838e+07,13864.3,3.70977e+07,0.752516
2.69359,0.79927,3.70895e+07,13861,3.71034e+07,0.75252
2.69405,0.79927,3.70953e+07,13857.7,3.71091e+07,0.752523
2.6945,0.79927,3.7101e+07,13854.4,3.71149e+07,0.752527
2.69496,0.799269,3.71068e+07,13851.1,3.71206e+07,0.752531
2.69542,0.799269,3.71125e+07,13847.8,3.71263e+07,0.752535
2.69587,0.799269,3.71182e+07,13844.5,3.71321e+07,0.752539
2.69633,0.799269,3.7124e+07,13841.2,3.71378e+07,0.752543
2.69678,0.799268,3.71297e+07,13837.9,3.71435e+07,0.752547
2.69724,0.799268,3.71354e+07,13834.6,3.71493e+07,0.75255
2.6977,0.799268,3.71412e+07,13831.3,3.7155e+07,0.752554
2.69815,0.799267,3.71469e+07,13828,3.71607e+07,0.752558
2.69861,0.799267,3.71526e+07,13824.7,3.71664e+07,0.752562
2.69906,0.799267,3.71583e+07,13821.4,3.71721e+07,0.752566
2.69952,0.799267,3.7164e+07,13818.1,3.71779e+07,0.75257
2.69998,0.799266,3.71698e+07,13814.8,3.71836e+07,0.752574
2.70043,0.799266,3.71755e+07,13811.5,3.71893e+07,0.752577
2.70089,0.799266,3.71812e+07,13808.2,3.7195e+07,0.752581
2.70134,0.799265,3.71869e+07,13805,3.72007e+07,0.752585
2.7018,0.799265,3.71926e+07,13801.7,3.72064e+07,0.752589
2.70226,0.799265,3.71983e+07,13798.4,3.72121e+07,0.752593
2.70271,0.799265,3.72041e+07,13795.1,3.72178e+07,0.752597
2.70317,0.799264,3.72098e+07,13791.8,3.72236e+07,0.7526
2.70362,0.799264,3.72155e+07,13788.6,3.72293e+07,0.752604
2.70408,0.799264,3.72212e+07,13785.3,3.7235e+07,0.752608
2.70454,0.799263,3.72269e+07,13782,3.72407e+07,0.752612
2.70499,0.799263,3.72326e+07,13778.7,3.72464e+07,0.752616
2.70545,0.799263,3.72383e+07,13775.5,3.72521e+07,0.75262
2.7059,0.799263,3.7244e+07,13772.2,3.72577e+07,0.752623
2.70636,0.799262,3.72497e+07,13768.9,3.72634e+07,0.752627
2.70682,0.799262,3.72554e+07,13765.6,3.72691e+07,0.752631
2.70727,0.799262,3.72611e+07,13762.4,3.72748e+07,0.752635
2.70773,0.799261,3.72668e+07,13759.1,3.72805e+07,0.752639
2.70818,0.799261,3.72724e+07,13755.8,3.72862e+07,0.752643
2.70864,0.799261,3.72781e+07,13752.6,3.72919e+07,0.752646
2.7091,0.799261,3.72838e+07,13749.3,3.72976e+07,0.75265
2.70955,0.79926,3.72895e+07,13746.1,3.73033e+07,0.752654
2.71001,0.79926,3.72952e+07,13742.8,3.73089e+07,0.752658
2.71046,0.79926,3.73009e+07,13739.5,3.73146e+07,0.752662
2.71092,0.79926,3.73066e+07,13736.3,3.73203e+07,0.752665
2.71138,0.799259,3.73122e+07,13733,3.7326e+07,0.752669
2.71183,0.799259,3.73179e+07,13729.8,3.73316e+07,0.752673
2.71229,0.799259,3.73236e+07,13726.5,3.73373e+07,0.752677
2.71274,0.799258,3.73293e+07,13723.3,3.7343e+07,0.752681
2.7132,0.799258,3.73349e+07,13720,3.73486e+07,0.752684
2.71366,0.799258,3.73406e+07,13716.8,3.73543e+07,0.752688
2.71411,0.799258,3.73463e+07,13713.5,3.736e+07,0.752692
2.71457,0.799257,3.73519e+07,13710.3,3.73656e+07,0.752696
2.71502,0.799257,3.73576e+07,13707,3.73713e+07,0.7527
2.71548,0.799257,3.73633e+07,13703.8,3.7377e+07,0.752703
2.71594,0.799256,3.73689e+07,13700.5,3.73826e+07,0.752707
2.71639,0.799256,3.73746e+07,13697.3,3.73883e+07,0.752711
2.71685,0.799256,3.73802e+07,13694,3.73939e+07,0.752715
2.7173,0.799256,3.73859e+07,13690.8,3.73996e+07,0.752719
2.71776,0.799255,3.73916e+07,13687.6,3.74052e+07,0.752722
2.71822,0.799255,3.73972e+07,13684.3,3.74109e+07,0.752726
2.71867,0.799255,3.74029e+07,13681.1,3.74165e+07,0.75273
2.71913,0.799254,3.74085e+07,13677.9,3.74222e+07,0.752734
2.71958,0.799254,3.74142e+07,13674.6,3.74278e+07,0.752737
2.72004,0.799254,3.74198e+07,13671.4,3.74335e+07,0.752741
2.7205,0.799254,3.74255e+07,13668.2,3.74391e+07,0.752745
2.72095,0.799253,3.74311e+07,13664.9,3.74448e+07,0.752749
2.72141,0.799253,3.74367e+07,13661.7,3.74504e+07,0.752753
2.72186,0.799253,3.74424e+07,13658.5,3.7456e+07,0.752756
2.72232,0.799252,3.7448e+07,13655.2,3.74617e+07,0.75276
2.72278,0.799252,3.74537e+07,13652,3.74673e+07,0.752764
2.72323,0.799252,3.74593e+07,13648.8,3.74729e+07,0.752768
2.72369,0.799252,3.74649e+07,13645.6,3.74786e+07,0.752771
2.72414,0.799251,3.74706e+07,13642.3,3.74842e+07,0.752775
2.7246,0.799251,3.74762e+07,13639.1,3.74898e+07,0.752779
2.72506,0.799251,3.74818e+07,13635.9,3.74955e+07,0.752783
2.72551,0.79925,3.74875e+07,13632.7,3.75011e+07,0.752786
2.72597,0.79925,3.74931e+07,13629.5,3.75067e+07,0.75279
2.72642,0.79925,3.74987e+07,13626.3,3.75123e+07,0.752794
2.72688,0.79925,3.75043e+07,13623,3.75179e+07,0.752798
2.72734,0.799249,3.75099e+07,13619.8,3.75236e+07,0.752801
2.72779,0.799249,3.75156e+07,13616.6,3.75292e+07,0.752805
2.72825,0.799249,3.75212e+07,13613.4,3.75348e+07,0.752809
2.7287,0.799248,3.75268e+07,13610.2,3.75404e+07,0.752813
2.72916,0.799248,3.75324e+07,13607,3.7546e+07,0.752816
2.72962,0.799248,3.7538e+07,13603.8,3.75516e+07,0.75282
2.73007,0.799248,3.75436e+07,13600.6,3.75572e+07,0.752824
2.73053,0.799247,3.75492e+07,13597.4,3.75628e+07,0.752828
2.73098,0.799247,3.75549e+07,13594.2,3.75685e+07,0.752831
2.73144,0.799247,3.75605e+07,13591,3.75741e+07,0.752835
2.7319,0.799246,3.75661e+07,13587.8,3.75797e+07,0.752839
2.73235,0.799246,3.75717e+07,13584.6,3.75853e+07,0.752843
2.73281,0.799246,3.75773e+07,13581.4,3.75909e+07,0.752846
2.73326,0.799246,3.75829e+07,13578.2,3.75965e+07,0.75285
2.73372,0.799245,3.75885e+07,13575,3.7602e+07,0.752854
2.73418,0.799245,3.75941e+07,13571.8,3.76076e+07,0.752857
2.73463,0.799245,3.75997e+07,13568.6,3.76132e+07,0.752861
2.73509,0.799244,3.76053e+07,13565.4,3.76188e+07,0.752865
2.73554,0.799244,3.76108e+07,13562.2,3.76244e+07,0.752869
2.736,0.799244,3.76164e+07,13559,3.763e+07,0.752872
2.73646,0.799244,3.7622e+07,13555.8,3.76356e+07,0.752876
2.73691,0.799243,3.76276e+07,13552.6,3.76412e+07,0.75288
2.73737,0.799243,3.76332e+07,13549.5,3.76467e+07,0.752883
2.73782,0.799243,3.76388e+07,13546.3,3.76523e+07,0.752887
2.73828,0.799242,3.76444e+07,13543.1,3.76579e+07,0.752891
2.73874,0.799242,3.76499e+07,13539.9,3.76635e+07,0.752895
2.73919,0.799242,3.76555e+07,13536.7,3.76691e+07,0.752898
2.73965,0.799242,3.76611e+07,13533.5,3.76746e+07,0.752902
2.7401,0.799241,3.76667e+07,13530.4,3.76802e+07,0.752906
2.74056,0.799241,3.76722e+07,13527.2,3.76858e+07,0.752909
2.74102,0.799241,3.76778e+07,13524,3.76913e+07,0.752913
2.74147,0.79924,3.76834e+07,13520.8,3.76969e+07,0.752917
2.74193,0.79924,3.7689e+07,13517.7,3.77025e+07,0.75292
2.74238,0.79924,3.76945e+07,13514.5,3.7708e+07,0.752924
2.74284,0.79924,3.77001e+07,13511.3,3.77136e+07,0.752928
2.7433,0.799239,3.77057e+07,13508.2,3.77192e+07,0.752932
2.74375,0.799239,3.77112e+07,13505,3.77247e+07,0.752935
2.74421,0.799239,3.77168e+07,13501.8,3.77303e+07,0.752939
2.74466,0.799238,3.77223e+07,13498.6,3.77358e+07,0.752943
2.74512,0.799238,3.77279e+07,13495.5,3.77414e+07,0.752946
2.74558,0.799238,3.77334e+07,13492.3,3.77469e+07,0.75295
2.74603,0.799238,3.7739e+07,13489.2,3.77525e+07,0.752954
2.74649,0.799237,3.77446e+07,13486,3.7758e+07,0.752957
2.74694,0.799237,3.77501e+07,13482.8,3.77636e+07,0.752961
2.7474,0.799237,3.77557e+07,13479.7,3.77691e+07,0.752965
2.74786,0.799236,3.77612e+07,13476.5,3.77747e+07,0.752968
2.74831,0.799236,3.77667e+07,13473.4,3.77802e+07,0.752972
2.74877,0.799236,3.77723e+07,13470.2,3.77858e+07,0.752976
2.74922,0.799236,3.77778e+07,13467.1,3.77913e+07,0.752979
2.74968,0.799235,3.77834e+07,13463.9,3.77968e+07,0.752983
2.75014,0.799235,3.77889e+07,13460.7,3.78024e+07,0.752987
2.75059,0.799235,3.77945e+07,13457.6,3.78079e+07,0.75299
2.75105,0.799234,3.78e+07,13454.4,3.78134e+07,0.752994
2.7515,0.799234,3.78055e+07,13451.3,3.7819e+07,0.752998
2.75196,0.799234,3.78111e+07,13448.2,3.78245e+07,0.753001
2.75242,0.799234,3.78166e+07,13445,3.783e+07,0.753005
2.75287,0.799233,3.78221e+07,13441.9,3.78356e+07,0.753009
2.75333,0.799233,3.78276e+07,13438.7,3.78411e+07,0.753012
2.75378,0.799233,3.78332e+07,13435.6,3.78466e+07,0.753016
2.75424,0.799232,3.78387e+07,13432.4,3.78521e+07,0.75302
2.7547,0.799232,3.78442e+07,13429.3,3.78576e+07,0.753023
2.75515,0.799232,3.78497e+07,13426.2,3.78632e+07,0.753027
2.75561,0.799232,3.78553e+07,13423,3.78687e+07,0.753031
2.75606,0.799231,3.78608e+07,13419.9,3.78742e+07,0.753034
2.75652,0.799231,3.78663e+07,13416.7,3.78797e+07,0.753038
2.75698,0.799231,3.78718e+07,13413.6,3.78852e+07,0.753042
2.75743,0.79923,3.78773e+07,13410.5,3.78907e+07,0.753045
2.75789,0.79923,3.78828e+07,13407.3,3.78962e+07,0.753049
2.75834,0.79923,3.78883e+07,13404.2,3.79017e+07,0.753052
2.7588,0.79923,3.78939e+07,13401.1,3.79073e+07,0.753056
2.75926,0.799229,3.78994e+07,13398,3.79128e+07,0.75306
2.75971,0.799229,3.79049e+07,13394.8,3.79183e+07,0.753063
2.76017,0.799229,3.79104e+07,13391.7,3.79238e+07,0.753067
2.76062,0.799228,3.79159e+07,13388.6,3.79293e+07,0.753071
2.76108,0.799228,3.79214e+07,13385.5,3.79348e+07,0.753074
2.76154,0.799228,3.79269e+07,13382.3,3.79403e+07,0.753078
2.76199,0.799228,3.79324e+07,13379.2,3.79457e+07,0.753081
2.76245,0.799227,3.79379e+07,13376.1,3.79512e+07,0.753085
2.7629,0.799227,3.79434e+07,13373,3.79567e+07,0.753089
2.76336,0.799227,3.79488e+07,13369.9,3.79622e+07,0.753092
2.76382,0.799226,3.79543e+07,13366.7,3.79677e+07,0.753096
2.76427,0.799226,3.79598e+07,13363.6,3.79732e+07,0.7531
2.76473,0.799226,3.79653e+07,13360.5,3.79787e+07,0.753103
2.76518,0.799226,3.79708e+07,13357.4,3.79842e+07,0.753107
2.76564,0.799225,3.79763e+07,13354.3,3.79896e+07,0.75311
2.7661,0.799225,3.79818e+07,13351.2,3.79951e+07,0.753114
2.76655,0.799225,3.79872e+07,13348.1,3.80006e+07,0.753118
2.76701,0.799224,3.79927e+07,13345,3.80061e+07,0.753121
2.76746,0.799224,3.79982e+07,13341.9,3.80115e+07,0.753125
2.76792,0.799224,3.80037e+07,13338.8,3.8017e+07,0.753128
2.76838,0.799224,3.80092e+07,13335.7,3.80225e+07,0.753132
2.76883,0.799223,3.80146e+07,13332.6,3.8028e+07,0.753136
2.76929,0.799223,3.80201e+07,13329.4,3.80334e+07,0.753139
2.76974,0.799223,3.80256e+07,13326.3,3.80389e+07,0.753143
2.7702,0.799222,3.8031e+07,13323.2,3.80444e+07,0.753146
2.77066,0.799222,3.80365e+07,13320.2,3.80498e+07,0.75315
2.77111,0.799222,3.8042e+07,13317.1,3.80553e+07,0.753154
2.77157,0.799221,3.80474e+07,13314,3.80607e+07,0.753157
2.77202,0.799221,3.80529e+07,13310.9,3.80662e+07,0.753161
2.77248,0.799221,3.80583e+07,13307.8,3.80717e+07,0.753164
2.77294,0.799221,3.80638e+07,13304.7,3.80771e+07,0.753168
2.77339,0.79922,3.80693e+07,13301.6,3.80826e+07,0.753172
2.77385,0.79922,3.80747e+07,13298.5,3.8088e+07,0.753175
2.7743,0.79922,3.80802e+07,13295.4,3.80935e+07,0.753179
2.77476,0.799219,3.80856e+07,13292.3,3.80989e+07,0.753182
2.77522,0.799219,3.80911e+07,13289.2,3.81044e+07,0.753186
2.77567,0.799219,3.80965e+07,13286.1,3.81098e+07,0.753189
2.77613,0.799219,3.8102e+07,13283.1,3.81152e+07,0.753193
2.77658,0.799218,3.81074e+07,13280,3.81207e+07,0.753197
2.77704,0.799218,3.81129e+07,13276.9,3.81261e+07,0.7532
2.7775,0.799218,3.81183e+07,13273.8,3.81316e+07,0.753204
2.77795,0.799217,3.81237e+07,13270.7,3.8137e+07,0.753207
2.77841,0.799217,3.81292e+07,13267.7,3.81424e+07,0.753211
2.77886,0.799217,3.81346e+07,13264.6,3.81479e+07,0.753214
2.77932,0.799217,3.814e+07,13261.5,3.81533e+07,0.753218
2.77978,0.799216,3.81455e+07,13258.4,3.81587e+07,0.753222
2.78023,0.799216,3.81509e+07,13255.4,3.81642e+07,0.753225
2.78069,0.799216,3.81563e+07,13252.3,3.81696e+07,0.753229
2.78114,0.799215,3.81618e+07,13249.2,3.8175e+07,0.753232
2.7816,0.799215,3.81672e+07,13246.1,3.81804e+07,0.753236
2.78206,0.799215,3.81726e+07,13243.1,3.81859e+07,0.753239
2.78251,0.799215,3.8178e+07,13240,3.81913e+07,0.753243
2.78297,0.799214,3.81835e+07,13236.9,3.81967e+07,0.753246
2.78342,0.799214,3.81889e+07,13233.9,3.82021e+07,0.75325
2.78388,0.799214,3.81943e+07,13230.8,3.82075e+07,0.753254
2.78434,0.799213,3.81997e+07,13227.7,3.8213e+07,0.753257
2.78479,0.799213,3.82051e+07,13224.7,3.82184e+07,0.753261
2.78525,0.799213,3.82106e+07,13221.6,3.82238e+07,0.753264
2.7857,0.799213,3.8216e+07,13218.6,3.82292e+07,0.753268
2.78616,0.799212,3.82214e+07,13215.5,3.82346e+07,0.753271
2.78662,0.799212,3.82268e+07,13212.4,3.824e+07,0.753275
2.78707,0.799212,3.82322e+07,13209.4,3.82454e+07,0.753278
2.78753,0.799211,3.82376e+07,13206.3,3.82508e+07,0.753282
2.78798,0.799211,3.8243e+07,13203.3,3.82562e+07,0.753285
2.78844,0.799211,3.82484e+07,13200.2,3.82616e+07,0.753289
2.7889,0.79921,3.82538e+07,13197.2,3.8267e+07,0.753293
2.78935,0.79921,3.82592e+07,13194.1,3.82724e+07,0.753296
2.78981,0.79921,3.82646e+07,13191.1,3.82778e+07,0.7533
2.79026,0.79921,3.827e+07,13188,3.82832e+07,0.753303
2.79072,0.799209,3.82754e+07,13185,3.82886e+07,0.753307
2.79118,0.799209,3.82808e+07,13181.9,3.8294e+07,0.75331
2.79163,0.799209,3.82862e+07,13178.9,3.82994e+07,0.753314
2.79209,0.799208,3.82916e+07,13175.8,3.83048e+07,0.753317
2.79254,0.799208,3.8297e+07,13172.8,3.83101e+07,0.753321
2.793,0.799208,3.83024e+07,13169.8,3.83155e+07,0.753324
2.79346,0.799208,3.83077e+07,13166.7,3.83209e+07,0.753328
2.79391,0.799207,3.83131e+07,13163.7,3.83263e+07,0.753331
2.79437,0.799207,3.83185e+07,13160.6,3.83317e+07,0.753335
2.79482,0.799207,3.83239e+07,13157.6,3.8337e+07,0.753338
2.79528,0.799206,3.83293e+07,13154.6,3.83424e+07,0.753342
2.79574,0.799206,3.83346e+07,13151.5,3.83478e+07,0.753345
2.79619,0.799206,3.834e+07,13148.5,3.83532e+07,0.753349
2.79665,0.799206,3.83454e+07,13145.5,3.83585e+07,0.753352
2.7971,0.799205,3.83508e+07,13142.4,3.83639e+07,0.753356
2.79756,0.799205,3.83561e+07,13139.4,3.83693e+07,0.753359
2.79802,0.799205,3.83615e+07,13136.4,3.83746e+07,0.753363
2.79847,0.799204,3.83669e+07,13133.4,3.838e+07,0.753366
2.79893,0.799204,3.83722e+07,13130.3,3.83854e+07,0.75337
2.79938,0.799204,3.83776e+07,13127.3,3.83907e+07,0.753373
2.79984,0.799204,3.8383e+07,13124.3,3.83961e+07,0.753377
2.8003,0.799203,3.83883e+07,13121.3,3.84014e+07,0.75338
2.80075,0.799203,3.83937e+07,13118.2,3.84068e+07,0.753384
2.80121,0.799203,3.8399e+07,13115.2,3.84122e+07,0.753387
2.80166,0.799202,3.84044e+07,13112.2,3.84175e+07,0.753391
2.80212,0.799202,3.84097e+07,13109.2,3.84229e+07,0.753394
2.80258,0.799202,3.84151e+07,13106.2,3.84282e+07,0.753398
2.80303,0.799201,3.84205e+07,13103.1,3.84336e+07,0.753401
2.80349,0.799201,3.84258e+07,13100.1,3.84389e+07,0.753405
2.80394,0.799201,3.84311e+07,13097.1,3.84442e+07,0.753408
2.8044,0.799201,3.84365e+07,13094.1,3.84496e+07,0.753412
2.80486,0.7992,3.84418e+07,13091.1,3.84549e+07,0.753415
2.80531,0.7992,3.84472e+07,13088.1,3.84603e+07,0.753419
2.80577,0.7992,3.84525e+07,13085.1,3.84656e+07,0.753422
2.80622,0.799199,3.84579e+07,13082.1,3.84709e+07,0.753426
2.80668,0.799199,3.84632e+07,13079.1,3.84763e+07,0.753429
2.80714,0.799199,3.84685e+07,13076.1,3.84816e+07,0.753433
2.80759,0.799199,3.84739e+07,13073,3.84869e+07,0.753436
2.80805,0.799198,3.84792e+07,13070,3.84923e+07,0.753439
2.8085,0.799198,3.84845e+07,13067,3.84976e+07,0.753443
2.80896,0.799198,3.84899e+07,13064,3.85029e+07,0.753446
2.80942,0.799197,3.84952e+07,13061,3.85083e+07,0.75345
2.80987,0.799197,3.85005e+07,13058,3.85136e+07,0.753453
2.81033,0.799197,3.85059e+07,13055,3.85189e+07,0.753457
2.81078,0.799197,3.85112e+07,13052,3.85242e+07,0.75346
2.81124,0.799196,3.85165e+07,13049,3.85295e+07,0.753464
2.8117,0.799196,3.85218e+07,13046.1,3.85349e+07,0.753467
2.81215,0.799196,3.85271e+07,13043.1,3.85402e+07,0.753471
2.81261,0.799195,3.85325e+07,13040.1,3.85455e+07,0.753474
2.81306,0.799195,3.85378e+07,13037.1,3.85508e+07,0.753477
2.81352,0.799195,3.85431e+07,13034.1,3.85561e+07,0.753481
2.81398,0.799194,3.85484e+07,13031.1,3.85614e+07,0.753484
2.81443,0.799194,3.85537e+07,13028.1,3.85667e+07,0.753488
2.81489,0.799194,3.8559e+07,13025.1,3.8572e+07,0.753491
2.81534,0.799194,3.85643e+07,13022.1,3.85773e+07,0.753495
2.8158,0.799193,3.85696e+07,13019.1,3.85827e+07,0.753498
2.81626,0.799193,3.85749e+07,13016.2,3.8588e+07,0.753502
2.81671,0.799193,3.85802e+07,13013.2,3.85933e+07,0.753505
2.81717,0.799192,3.85855e+07,13010.2,3.85986e+07,0.753508
2.81762,0.799192,3.85908e+07,13007.2,3.86038e+07,0.753512
2.81808,0.799192,3.85961e+07,13004.2,3.86091e+07,0.753515
2.81854,0.799192,3.86014e+07,13001.3,3.86144e+07,0.753519
2.81899,0.799191,3.86067e+07,12998.3,3.86197e+07,0.753522
2.81945,0.799191,3.8612e+07,12995.3,3.8625e+07,0.753526
2.8199,0.799191,3.86173e+07,12992.3,3.86303e+07,0.753529
2.82036,0.79919,3.86226e+07,12989.4,3.86356e+07,0.753532
2.82082,0.79919,3.86279e+07,12986.4,3.86409e+07,0.753536
2.82127,0.79919,3.86332e+07,12983.4,3.86462e+07,0.753539
2.82173,0.79919,3.86385e+07,12980.4,3.86514e+07,0.753543
2.82218,0.799189,3.86437e+07,12977.5,3.86567e+07,0.753546
2.82264,0.799189,3.8649e+07,12974.5,3.8662e+07,0.75355
2.8231,0.799189,3.86543e+07,12971.5,3.86673e+07,0.753553
2.82355,0.799188,3.86596e+07,12968.6,3.86726e+07,0.753556
2.82401,0.799188,3.86649e+07,12965.6,3.86778e+07,0.75356
2.82446,0.799188,3.86701e+07,12962.7,3.86831e+07,0.753563
2.82492,0.799187,3.86754e+07,12959.7,3.86884e+07,0.753567
2.82538,0.799187,3.86807e+07,12956.7,3.86936e+07,0.75357
2.82583,0.799187,3.8686e+07,12953.8,3.86989e+07,0.753573
2.82629,0.799187,3.86912e+07,12950.8,3.87042e+07,0.753577
2.82674,0.799186,3.86965e+07,12947.8,3.87094e+07,0.75358
2.8272,0.799186,3.87018e+07,12944.9,3.87147e+07,0.753584
2.82766,0.799186,3.8707e+07,12941.9,3.872e+07,0.753587
2.82811,0.799185,3.87123e+07,12939,3.87252e+07,0.75359
2.82857,0.799185,3.87176e+07,12936,3.87305e+07,0.753594
2.82902,0.799185,3.87228e+07,12933.1,3.87357e+07,0.753597
2.82948,0.799185,3.87281e+07,12930.1,3.8741e+07,0.753601
2.82994,0.799184,3.87333e+07,12927.2,3.87463e+07,0.753604
2.83039,0.799184,3.87386e+07,12924.2,3.87515e+07,0.753607
2.83085,0.799184,3.87438e+07,12921.3,3.87568e+07,0.753611
2.8313,0.799183,3.87491e+07,12918.3,3.8762e+07,0.753614
2.83176,0.799183,3.87543e+07,12915.4,3.87673e+07,0.753618
2.83222,0.799183,3.87596e+07,12912.4,3.87725e+07,0.753621
2.83267,0.799182,3.87648e+07,12909.5,3.87777e+07,0.753624
2.83313,0.799182,3.87701e+07,12906.6,3.8783e+07,0.753628
2.83358,0.799182,3.87753e+07,12903.6,3.87882e+07,0.753631
2.83404,0.799182,3.87806e+07,12900.7,3.87935e+07,0.753635
2.8345,0.799181,3.87858e+07,12897.7,3.87987e+07,0.753638
2.83495,0.799181,3.8791e+07,12894.8,3.88039e+07,0.753641
2.83541,0.799181,3.87963e+07,12891.9,3.88092e+07,0.753645
2.83586,0.79918,3.88015e+07,12888.9,3.88144e+07,0.753648
2.83632,0.79918,3.88068e+07,12886,3.88196e+07,0.753651
2.83678,0.79918,3.8812e+07,12883.1,3.88249e+07,0.753655
2.83723,0.79918,3.88172e+07,12880.1,3.88301e+07,0.753658
2.83769,0.799179,3.88224e+07,12877.2,3.88353e+07,0.753662
2.83814,0.799179,3.88277e+07,12874.3,3.88405e+07,0.753665
2.8386,0.799179,3.88329e+07,12871.3,3.88458e+07,0.753668
2.83906,0.799178,3.88381e+07,12868.4,3.8851e+07,0.753672
2.83951,0.799178,3.88433e+07,12865.5,3.88562e+07,0.753675
2.83997,0.799178,3.88486e+07,12862.5,3.88614e+07,0.753678
2.84042,0.799177,3.88538e+07,12859.6,3.88666e+07,0.753682
2.84088,0.799177,3.8859e+07,12856.7,3.88719e+07,0.753685
2.84134,0.799177,3.88642e+07,12853.8,3.88771e+07,0.753688
2.84179,0.799177,3.88694e+07,12850.8,3.88823e+07,0.753692
2.84225,0.799176,3.88746e+07,12847.9,3.88875e+07,0.753695
2.8427,0.799176,3.88799e+07,12845,3.88927e+07,0.753698
2.84316,0.799176,3.88851e+07,12842.1,3.88979e+07,0.753702
2.84362,0.799175,3.88903e+07,12839.2,3.89031e+07,0.753705
2.84407,0.799175,3.88955e+07,12836.3,3.89083e+07,0.753709
2.84453,0.799175,3.89007e+07,12833.3,3.89135e+07,0.753712
2.84498,0.799175,3.89059e+07,12830.4,3.89187e+07,0.753715
2.84544,0.799174,3.89111e+07,12827.5,3.89239e+07,0.753719
2.8459,0.799174,3.89163e+07,12824.6,3.89291e+07,0.753722
2.84635,0.799174,3.89215e+07,12821.7,3.89343e+07,0.753725
2.84681,0.799173,3.89267e+07,12818.8,3.89395e+07,0.753729
2.84726,0.799173,3.89319e+07,12815.9,3.89447e+07,0.753732
2.84772,0.799173,3.89371e+07,12813,3.89499e+07,0.753735
2.84818,0.799172,3.89423e+07,12810.1,3.89551e+07,0.753739
2.84863,0.799172,3.89475e+07,12807.1,3.89603e+07,0.753742
2.84909,0.799172,3.89527e+07,12804.2,3.89655e+07,0.753745
2.84954,0.799172,3.89578e+07,12801.3,3.89706e+07,0.753749
2.85,0.799171,3.8963e+07,12798.4,3.89758e+07,0.753752
2.85046,0.799171,3.89682e+07,12795.5,3.8981e+07,0.753755
2.85091,0.799171,3.89734e+07,12792.6,3.89862e+07,0.753759
2.85137,0.79917,3.89786e+07,12789.7,3.89914e+07,0.753762
2.85182,0.79917,3.89838e+07,12786.8,3.89965e+07,0.753765
2.85228,0.79917,3.89889e+07,12783.9,3.90017e+07,0.753769
2.85274,0.799169,3.89941e+07,12781,3.90069e+07,0.753772
2.85319,0.799169,3.89993e+07,12778.2,3.90121e+07,0.753775
2.85365,0.799169,3.90045e+07,12775.3,3.90172e+07,0.753779
2.8541,0.799169,3.90096e+07,12772.4,3.90224e+07,0.753782
2.85456,0.799168,3.90148e+07,12769.5,3.90276e+07,0.753785
2.85502,0.799168,3.902e+07,12766.6,3.90327e+07,0.753788
2.85547,0.799168,3.90251e+07,12763.7,3.90379e+07,0.753792
2.85593,0.799167,3.90303e+07,12760.8,3.90431e+07,0.753795
2.85638,0.799167,3.90355e+07,12757.9,3.90482e+07,0.753798
2.85684,0.799167,3.90406e+07,12755,3.90534e+07,0.753802
2.8573,0.799167,3.90458e+07,12752.1,3.90586e+07,0.753805
2.85775,0.799166,3.9051e+07,12749.3,3.90637e+07,0.753808
2.85821,0.799166,3.90561e+07,12746.4,3.90689e+07,0.753812
2.85866,0.799166,3.90613e+07,12743.5,3.9074e+07,0.753815
2.85912,0.799165,3.90664e+07,12740.6,3.90792e+07,0.753818
2.85958,0.799165,3.90716e+07,12737.7,3.90843e+07,0.753822
2.86003,0.799165,3.90767e+07,12734.9,3.90895e+07,0.753825
2.86049,0.799164,3.90819e+07,12732,3.90946e+07,0.753828
2.86094,0.799164,3.9087e+07,12729.1,3.90998e+07,0.753831
2.8614,0.799164,3.90922e+07,12726.2,3.91049e+07,0.753835
2.86186,0.799164,3.90973e+07,12723.3,3.911e+07,0.753838
2.86231,0.799163,3.91025e+07,12720.5,3.91152e+07,0.753841
2.86277,0.799163,3.91076e+07,12717.6,3.91203e+07,0.753845
2.86322,0.799163,3.91127e+07,12714.7,3.91255e+07,0.753848
2.86368,0.799162,3.91179e+07,12711.9,3.91306e+07,0.753851
2.86414,0.799162,3.9123e+07,12709,3.91357e+07,0.753854
2.86459,0.799162,3.91282e+07,12706.1,3.91409e+07,0.753858
2.86505,0.799161,3.91333e+07,12703.3,3.9146e+07,0.753861
2.8655,0.799161,3.91384e+07,12700.4,3.91511e+07,0.753864
2.86596,0.799161,3.91436e+07,12697.5,3.91563e+07,0.753868
2.86642,0.799161,3.91487e+07,12694.7,3.91614e+07,0.753871
2.86687,0.79916,3.91538e+07,12691.8,3.91665e+07,0.753874
2.86733,0.79916,3.91589e+07,12688.9,3.91716e+07,0.753877
2.86778,0.79916,3.91641e+07,12686.1,3.91767e+07,0.753881
2.86824,0.799159,3.91692e+07,12683.2,3.91819e+07,0.753884
2.8687,0.799159,3.91743e+07,12680.4,3.9187e+07,0.753887
2.86915,0.799159,3.91794e+07,12677.5,3.91921e+07,0.75389
2.86961,0.799159,3.91845e+07,12674.6,3.91972e+07,0.753894
2.87006,0.799158,3.91897e+07,12671.8,3.92023e+07,0.753897
2.87052,0.799158,3.91948e+07,12668.9,3.92074e+07,0.7539
2.87098,0.799158,3.91999e+07,12666.1,3.92126e+07,0.753904
2.87143,0.799157,3.9205e+07,12663.2,3.92177e+07,0.753907
2.87189,0.799157,3.92101e+07,12660.4,3.92228e+07,0.75391
2.87234,0.799157,3.92152e+07,12657.5,3.92279e+07,0.753913
2.8728,0.799156,3.92203e+07,12654.7,3.9233e+07,0.753917
2.87326,0.799156,3.92254e+07,12651.8,3.92381e+07,0.75392
2.87371,0.799156,3.92305e+07,12649,3.92432e+07,0.753923
2.87417,0.799156,3.92356e+07,12646.1,3.92483e+07,0.753926
2.87462,0.799155,3.92407e+07,12643.3,3.92534e+07,0.75393
2.87508,0.799155,3.92458e+07,12640.4,3.92585e+07,0.753933
2.87554,0.799155,3.92509e+07,12637.6,3.92636e+07,0.753936
2.87599,0.799154,3.9256e+07,12634.8,3.92687e+07,0.753939
2.87645,0.799154,3.92611e+07,12631.9,3.92738e+07,0.753943
2.8769,0.799154,3.92662e+07,12629.1,3.92789e+07,0.753946
2.87736,0.799153,3.92713e+07,12626.2,3.92839e+07,0.753949
2.87782,0.799153,3.92764e+07,12623.4,3.9289e+07,0.753952
2.87827,0.799153,3.92815e+07,12620.6,3.92941e+07,0.753956
2.87873,0.799153,3.92866e+07,12617.7,3.92992e+07,0.753959
2.87918,0.799152,3.92917e+07,12614.9,3.93043e+07,0.753962
2.87964,0.799152,3.92967e+07,12612.1,3.93094e+07,0.753965
2.8801,0.799152,3.93018e+07,12609.2,3.93144e+07,0.753968
2.88055,0.799151,3.93069e+07,12606.4,3.93195e+07,0.753972
2.88101,0.799151,3.9312e+07,12603.6,3.93246e+07,0.753975
2.88146,0.799151,3.93171e+07,12600.7,3.93297e+07,0.753978
2.88192,0.79915,3.93221e+07,12597.9,3.93347e+07,0.753981
2.88238,0.79915,3.93272e+07,12595.1,3.93398e+07,0.753985
2.88283,0.79915,3.93323e+07,12592.2,3.93449e+07,0.753988
2.88329,0.79915,3.93374e+07,12589.4,3.93499e+07,0.753991
2.88374,0.799149,3.93424e+07,12586.6,3.9355e+07,0.753994
2.8842,0.799149,3.93475e+07,12583.8,3.93601e+07,0.753998
2.88466,0.799149,3.93526e+07,12580.9,3.93651e+07,0.754001
2.88511,0.799148,3.93576e+07,12578.1,3.93702e+07,0.754004
2.88557,0.799148,3.93627e+07,12575.3,3.93753e+07,0.754007
2.88602,0.799148,3.93678e+07,12572.5,3.93803e+07,0.75401
2.88648,0.799147,3.93728e+07,12569.7,3.93854e+07,0.754014
2.88694,0.799147,3.93779e+07,12566.9,3.93904e+07,0.754017
2.88739,0.799147,3.93829e+07,12564,3.93955e+07,0.75402
2.88785,0.799147,3.9388e+07,12561.2,3.94005e+07,0.754023
2.8883,0.799146,3.9393e+07,12558.4,3.94056e+07,0.754026
2.88876,0.799146,3.93981e+07,12555.6,3.94106e+07,0.75403
2.88922,0.799146,3.94031e+07,12552.8,3.94157e+07,0.754033
2.88967,0.799145,3.94082e+07,12550,3.94207e+07,0.754036
2.89013,0.799145,3.94132e+07,12547.2,3.94258e+07,0.754039
2.89058,0.799145,3.94183e+07,12544.3,3.94308e+07,0.754042
2.89104,0.799145,3.94233e+07,12541.5,3.94359e+07,0.754046
2.8915,0.799144,3.94284e+07,12538.7,3.94409e+07,0.754049
2.89195,0.799144,3.94334e+07,12535.9,3.94459e+07,0.754052
2.89241,0.799144,3.94384e+07,12533.1,3.9451e+07,0.754055
2.89286,0.799143,3.94435e+07,12530.3,3.9456e+07,0.754058
2.89332,0.799143,3.94485e+07,12527.5,3.9461e+07,0.754062
2.89378,0.799143,3.94536e+07,12524.7,3.94661e+07,0.754065
2.89423,0.799142,3.94586e+07,12521.9,3.94711e+07,0.754068
2.89469,0.799142,3.94636e+07,12519.1,3.94761e+07,0.754071
2.89514,0.799142,3.94687e+07,12516.3,3.94812e+07,0.754074
2.8956,0.799142,3.94737e+07,12513.5,3.94862e+07,0.754078
2.89606,0.799141,3.94787e+07,12510.7,3.94912e+07,0.754081
2.89651,0.799141,3.94837e+07,12507.9,3.94962e+07,0.754084
2.89697,0.799141,3.94888e+07,12505.1,3.95013e+07,0.754087
2.89742,0.79914,3.94938e+07,12502.3,3.95063e+07,0.75409
2.89788,0.79914,3.94988e+07,12499.5,3.95113e+07,0.754093
2.89834,0.79914,3.95038e+07,12496.8,3.95163e+07,0.754097
2.89879,0.799139,3.95088e+07,12494,3.95213e+07,0.7541
2.89925,0.799139,3.95139e+07,12491.2,3.95263e+07,0.754103
2.8997,0.799139,3.95189e+07,12488.4,3.95314e+07,0.754106
2.90016,0.799139,3.95239e+07,12485.6,3.95364e+07,0.754109
2.90062,0.799138,3.95289e+07,12482.8,3.95414e+07,0.754113
2.90107,0.799138,3.95339e+07,12480,3.95464e+07,0.754116
2.90153,0.799138,3.95389e+07,12477.2,3.95514e+07,0.754119
2.90198,0.799137,3.95439e+07,12474.5,3.95564e+07,0.754122
2.90244,0.799137,3.95489e+07,12471.7,3.95614e+07,0.754125
2.9029,0.799137,3.95539e+07,12468.9,3.95664e+07,0.754128
2.90335,0.799136,3.95589e+07,12466.1,3.95714e+07,0.754132
2.90381,0.799136,3.95639e+07,12463.3,3.95764e+07,0.754135
2.90426,0.799136,3.95689e+07,12460.6,3.95814e+07,0.754138
2.90472,0.799136,3.95739e+07,12457.8,3.95864e+07,0.754141
2.90518,0.799135,3.95789e+07,12455,3.95914e+07,0.754144
2.90563,0.799135,3.95839e+07,12452.2,3.95964e+07,0.754147
2.90609,0.799135,3.95889e+07,12449.4,3.96014e+07,0.75415
2.90654,0.799134,3.95939e+07,12446.7,3.96063e+07,0.754154
2.907,0.799134,3.95989e+07,12443.9,3.96113e+07,0.754157
2.90746,0.799134,3.96039e+07,12441.1,3.96163e+07,0.75416
2.90791,0.799133,3.96089e+07,12438.4,3.96213e+07,0.754163
2.90837,0.799133,3.96138e+07,12435.6,3.96263e+07,0.754166
2.90882,0.799133,3.96188e+07,12432.8,3.96313e+07,0.754169
2.90928,0.799133,3.96238e+07,12430.1,3.96362e+07,0.754173
2.90974,0.799132,3.96288e+07,12427.3,3.96412e+07,0.754176
2.91019,0.799132,3.96338e+07,12424.5,3.96462e+07,0.754179
2.91065,0.799132,3.96387e+07,12421.8,3.96512e+07,0.754182
2.9111,0.799131,3.96437e+07,12419,3.96561e+07,0.754185
2.91156,0.799131,3.96487e+07,12416.2,3.96611e+07,0.754188
2.91202,0.799131,3.96537e+07,12413.5,3.96661e+07,0.754191
2.91247,0.79913,3.96586e+07,12410.7,3.9671e+07,0.754194
2.91293,0.79913,3.96636e+07,12408,3.9676e+07,0.754198
2.91338,0.79913,3.96686e+07,12405.2,3.9681e+07,0.754201
2.91384,0.79913,3.96735e+07,12402.4,3.96859e+07,0.754204
2.9143,0.799129,3.96785e+07,12399.7,3.96909e+07,0.754207
2.91475,0.799129,3.96835e+07,12396.9,3.96959e+07,0.75421
2.91521,0.799129,3.96884e+07,12394.2,3.97008e+07,0.754213
2.91566,0.799128,3.96934e+07,12391.4,3.97058e+07,0.754216
2.91612,0.799128,3.96983e+07,12388.7,3.97107e+07,0.75422
2.91658,0.799128,3.97033e+07,12385.9,3.97157e+07,0.754223
2.91703,0.799127,3.97083e+07,12383.2,3.97206e+07,0.754226
2.91749,0.799127,3.97132e+07,12380.4,3.97256e+07,0.754229
2.91794,0.799127,3.97182e+07,12377.7,3.97305e+07,0.754232
2.9184,0.799126,3.97231e+07,12374.9,3.97355e+07,0.754235
2.91886,0.799126,3.97281e+07,12372.2,3.97404e+07,0.754238
2.91931,0.799126,3.9733e+07,12369.4,3.97454e+07,0.754241
2.91977,0.799126,3.9738e+07,12366.7,3.97503e+07,0.754244
2.92022,0.799125,3.97429e+07,12363.9,3.97553e+07,0.754248
2.92068,0.799125,3.97478e+07,12361.2,3.97602e+07,0.754251
2.92114,0.799125,3.97528e+07,12358.5,3.97651e+07,0.754254
2.92159,0.799124,3.97577e+07,12355.7,3.97701e+07,0.754257
2.92205,0.799124,3.97627e+07,12353,3.9775e+07,0.75426
2.9225,0.799124,3.97676e+07,12350.2,3.978e+07,0.754263
2.92296,0.799123,3.97725e+07,12347.5,3.97849e+07,0.754266
2.92342,0.799123,3.97775e+07,12344.8,3.97898e+07,0.754269
2.92387,0.799123,3.97824e+07,12342,3.97947e+07,0.754272
2.92433,0.799123,3.97873e+07,12339.3,3.97997e+07,0.754276
2.92478,0.799122,3.97923e+07,12336.6,3.98046e+07,0.754279
2.92524,0.799122,3.97972e+07,12333.8,3.98095e+07,0.754282
2.9257,0.799122,3.98021e+07,12331.1,3.98144e+07,0.754285
2.92615,0.799121,3.9807e+07,12328.4,3.98194e+07,0.754288
2.92661,0.799121,3.9812e+07,12325.6,3.98243e+07,0.754291
2.92706,0.799121,3.98169e+07,12322.9,3.98292e+07,0.754294
2.92752,0.79912,3.98218e+07,12320.2,3.98341e+07,0.754297
2.92798,0.79912,3.98267e+07,12317.5,3.9839e+07,0.7543
2.92843,0.79912,3.98316e+07,12314.7,3.98439e+07,0.754303
2.92889,0.79912,3.98366e+07,12312,3.98489e+07,0.754306
2.92934,0.799119,3.98415e+07,12309.3,3.98538e+07,0.75431
2.9298,0.799119,3.98464e+07,12306.6,3.98587e+07,0.754313
2.93026,0.799119,3.98513e+07,12303.8,3.98636e+07,0.754316
2.93071,0.799118,3.98562e+07,12301.1,3.98685e+07,0.754319
2.93117,0.799118,3.98611e+07,12298.4,3.98734e+07,0.754322
2.93162,0.799118,3.9866e+07,12295.7,3.98783e+07,0.754325
2.93208,0.799117,3.98709e+07,12293,3.98832e+07,0.754328
2.93254,0.799117,3.98758e+07,12290.2,3.98881e+07,0.754331
2.93299,0.799117,3.98807e+07,12287.5,3.9893e+07,0.754334
2.93345,0.799117,3.98856e+07,12284.8,3.98979e+07,0.754337
2.9339,0.799116,3.98905e+07,12282.1,3.99028e+07,0.75434
2.93436,0.799116,3.98954e+07,12279.4,3.99077e+07,0.754343
2.93482,0.799116,3.99003e+07,12276.7,3.99126e+07,0.754346
2.93527,0.799115,3.99052e+07,12274,3.99175e+07,0.75435
2.93573,0.799115,3.99101e+07,12271.2,3.99224e+07,0.754353
2.93618,0.799115,3.9915e+07,12268.5,3.99272e+07,0.754356
2.93664,0.799114,3.99199e+07,12265.8,3.99321e+07,0.754359
2.9371,0.799114,3.99248e+07,12263.1,3.9937e+07,0.754362
2.93755,0.799114,3.99296e+07,12260.4,3.99419e+07,0.754365
2.93801,0.799114,3.99345e+07,12257.7,3.99468e+07,0.754368
2.93846,0.799113,3.99394e+07,12255,3.99517e+07,0.754371
2.93892,0.799113,3.99443e+07,12252.3,3.99565e+07,0.754374
2.93938,0.799113,3.99492e+07,12249.6,3.99614e+07,0.754377
2.93983,0.799112,3.9954e+07,12246.9,3.99663e+07,0.75438
2.94029,0.799112,3.99589e+07,12244.2,3.99712e+07,0.754383
2.94074,0.799112,3.99638e+07,12241.5,3.9976e+07,0.754386
2.9412,0.799111,3.99687e+07,12238.8,3.99809e+07,0.754389
2.94166,0.799111,3.99735e+07,12236.1,3.99858e+07,0.754392
2.94211,0.799111,3.99784e+07,12233.4,3.99906e+07,0.754395
2.94257,0.79911,3.99833e+07,12230.7,3.99955e+07,0.754398
2.94302,0.79911,3.99881e+07,12228,4.00004e+07,0.754401
2.94348,0.79911,3.9993e+07,12225.3,4.00052e+07,0.754404
2.94394,0.79911,3.99979e+07,12222.6,4.00101e+07,0.754408
2.94439,0.799109,4.00027e+07,12219.9,4.0015e+07,0.754411
2.94485,0.799109,4.00076e+07,12217.3,4.00198e+07,0.754414
2.9453,0.799109,4.00125e+07,12214.6,4.00247e+07,0.754417
2.94576,0.799108,4.00173e+07,12211.9,4.00295e+07,0.75442
2.94622,0.799108,4.00222e+07,12209.2,4.00344e+07,0.754423
2.94667,0.799108,4.0027e+07,12206.5,4.00392e+07,0.754426
2.94713,0.799107,4.00319e+07,12203.8,4.00441e+07,0.754429
2.94758,0.799107,4.00367e+07,12201.1,4.00489e+07,0.754432
2.94804,0.799107,4.00416e+07,12198.4,4.00538e+07,0.754435
2.9485,0.799107,4.00464e+07,12195.8,4.00586e+07,0.754438
2.94895,0.799106,4.00513e+07,12193.1,4.00635e+07,0.754441
2.94941,0.799106,4.00561e+07,12190.4,4.00683e+07,0.754444
2.94986,0.799106,4.0061e+07,12187.7,4.00732e+07,0.754447
2.95032,0.799105,4.00658e+07,12185,4.0078e+07,0.75445
2.95078,0.799105,4.00707e+07,12182.4,4.00828e+07,0.754453
2.95123,0.799105,4.00755e+07,12179.7,4.00877e+07,0.754456
2.95169,0.799104,4.00803e+07,12177,4.00925e+07,0.754459
2.95214,0.799104,4.00852e+07,12174.3,4.00973e+07,0.754462
2.9526,0.799104,4.009e+07,12171.7,4.01022e+07,0.754465
2.95306,0.799103,4.00948e+07,12169,4.0107e+07,0.754468
2.95351,0.799103,4.00997e+07,12166.3,4.01118e+07,0.754471
2.95397,0.799103,4.01045e+07,12163.6,4.01167e+07,0.754474
2.95442,0.799103,4.01093e+07,12161,4.01215e+07,0.754477
2.95488,0.799102,4.01142e+07,12158.3,4.01263e+07,0.75448
2.95534,0.799102,4.0119e+07,12155.6,4.01311e+07,0.754483
2.95579,0.799102,4.01238e+07,12153,4.0136e+07,0.754486
2.95625,0.799101,4.01286e+07,12150.3,4.01408e+07,0.754489
2.9567,0.799101,4.01334e+07,12147.6,4.01456e+07,0.754492
2.95716,0.799101,4.01383e+07,12145,4.01504e+07,0.754495
2.95762,0.7991,4.01431e+07,12142.3,4.01552e+07,0.754498
2.95807,0.7991,4.01479e+07,12139.6,4.016e+07,0.754501
2.95853,0.7991,4.01527e+07,12137,4.01648e+07,0.754504
2.95898,0.7991,4.01575e+07,12134.3,4.01697e+07,0.754507
2.95944,0.799099,4.01623e+07,12131.7,4.01745e+07,0.75451
2.9599,0.799099,4.01671e+07,12129,4.01793e+07,0.754513
2.96035,0.799099,4.0172e+07,12126.3,4.01841e+07,0.754516
2.96081,0.799098,4.01768e+07,12123.7,4.01889e+07,0.754519
2.96126,0.799098,4.01816e+07,12121,4.01937e+07,0.754522
2.96172,0.799098,4.01864e+07,12118.4,4.01985e+07,0.754525
2.96218,0.799097,4.01912e+07,12115.7,4.02033e+07,0.754528
2.96263,0.799097,4.0196e+07,12113.1,4.02081e+07,0.754531
2.96309,0.799097,4.02008e+07,12110.4,4.02129e+07,0.754534
2.96354,0.799096,4.02056e+07,12107.8,4.02177e+07,0.754537
2.964,0.799096,4.02104e+07,12105.1,4.02225e+07,0.75454
2.96446,0.799096,4.02152e+07,12102.5,4.02273e+07,0.754543
2.96491,0.799096,4.022e+07,12099.8,4.02321e+07,0.754546
2.96537,0.799095,4.02248e+07,12097.2,4.02369e+07,0.754549
2.96582,0.799095,4.02295e+07,12094.5,4.02416e+07,0.754552
2.96628,0.799095,4.02343e+07,12091.9,4.02464e+07,0.754555
2.96674,0.799094,4.02391e+07,12089.2,4.02512e+07,0.754558
2.96719,0.799094,4.02439e+07,12086.6,4.0256e+07,0.754561
2.96765,0.799094,4.02487e+07,12084,4.02608e+07,0.754564
2.9681,0.799093,4.02535e+07,12081.3,4.02656e+07,0.754567
2.96856,0.799093,4.02583e+07,12078.7,4.02703e+07,0.75457
2.96902,0.799093,4.0263e+07,12076,4.02751e+07,0.754573
2.96947,0.799093,4.02678e+07,12073.4,4.02799e+07,0.754576
2.96993,0.799092,4.02726e+07,12070.8,4.02847e+07,0.754579
2.97038,0.799092,4.02774e+07,12068.1,4.02894e+07,0.754582
2.97084,0.799092,4.02821e+07,12065.5,4.02942e+07,0.754585
2.9713,0.799091,4.02869e+07,12062.8,4.0299e+07,0.754588
2.97175,0.799091,4.02917e+07,12060.2,4.03037e+07,0.754591
2.97221,0.799091,4.02964e+07,12057.6,4.03085e+07,0.754594
2.97266,0.79909,4.03012e+07,12054.9,4.03133e+07,0.754596
2.97312,0.79909,4.0306e+07,12052.3,4.0318e+07,0.754599
2.97358,0.79909,4.03107e+07,12049.7,4.03228e+07,0.754602
2.97403,0.799089,4.03155e+07,12047.1,4.03276e+07,0.754605
2.97449,0.799089,4.03203e+07,12044.4,4.03323e+07,0.754608
2.97494,0.799089,4.0325e+07,12041.8,4.03371e+07,0.754611
2.9754,0.799089,4.03298e+07,12039.2,4.03418e+07,0.754614
2.97586,0.799088,4.03345e+07,12036.5,4.03466e+07,0.754617
2.97631,0.799088,4.03393e+07,12033.9,4.03513e+07,0.75462
2.97677,0.799088,4.03441e+07,12031.3,4.03561e+07,0.754623
2.97722,0.799087,4.03488e+07,12028.7,4.03608e+07,0.754626
2.97768,0.799087,4.03536e+07,12026,4.03656e+07,0.754629
2.97814,0.799087,4.03583e+07,12023.4,4.03703e+07,0.754632
2.97859,0.799086,4.03631e+07,12020.8,4.03751e+07,0.754635
2.97905,0.799086,4.03678e+07,12018.2,4.03798e+07,0.754638
2.9795,0.799086,4.03725e+07,12015.6,4.03846e+07,0.754641
2.97996,0.799085,4.03773e+07,12013,4.03893e+07,0.754644
2.98042,0.799085,4.0382e+07,12010.3,4.0394e+07,0.754647
2.98087,0.799085,4.03868e+07,12007.7,4.03988e+07,0.75465
2.98133,0.799085,4.03915e+07,12005.1,4.04035e+07,0.754652
2.98178,0.799084,4.03963e+07,12002.5,4.04083e+07,0.754655
2.98224,0.799084,4.0401e+07,11999.9,4.0413e+07,0.754658
2.9827,0.799084,4.04057e+07,11997.3,4.04177e+07,0.754661
2.98315,0.799083,4.04105e+07,11994.7,4.04224e+07,0.754664
2.98361,0.799083,4.04152e+07,11992,4.04272e+07,0.754667
2.98406,0.799083,4.04199e+07,11989.4,4.04319e+07,0.75467
2.98452,0.799082,4.04246e+07,11986.8,4.04366e+07,0.754673
2.98498,0.799082,4.04294e+07,11984.2,4.04414e+07,0.754676
2.98543,0.799082,4.04341e+07,11981.6,4.04461e+07,0.754679
2.98589,0.799082,4.04388e+07,11979,4.04508e+07,0.754682
2.98634,0.799081,4.04435e+07,11976.4,4.04555e+07,0.754685
2.9868,0.799081,4.04483e+07,11973.8,4.04602e+07,0.754688
2.98726,0.799081,4.0453e+07,11971.2,4.0465e+07,0.75469
2.98771,0.79908,4.04577e+07,11968.6,4.04697e+07,0.754693
2.98817,0.79908,4.04624e+07,11966,4.04744e+07,0.754696
2.98862,0.79908,4.04671e+07,11963.4,4.04791e+07,0.754699
2.98908,0.799079,4.04718e+07,11960.8,4.04838e+07,0.754702
2.98954,0.799079,4.04766e+07,11958.2,4.04885e+07,0.754705
2.98999,0.799079,4.04813e+07,11955.6,4.04932e+07,0.754708
2.99045,0.799078,4.0486e+07,11953,4.04979e+07,0.754711
2.9909,0.799078,4.04907e+07,11950.4,4.05026e+07,0.754714
2.99136,0.799078,4.04954e+07,11947.8,4.05073e+07,0.754717
2.99182,0.799078,4.05001e+07,11945.2,4.0512e+07,0.75472
2.99227,0.799077,4.05048e+07,11942.6,4.05167e+07,0.754722
2.99273,0.799077,4.05095e+07,11940,4.05214e+07,0.754725
2.99318,0.799077,4.05142e+07,11937.4,4.05261e+07,0.754728
2.99364,0.799076,4.05189e+07,11934.9,4.05308e+07,0.754731
2.9941,0.799076,4.05236e+07,11932.3,4.05355e+07,0.754734
2.99455,0.799076,4.05283e+07,11929.7,4.05402e+07,0.754737
2.99501,0.799075,4.0533e+07,11927.1,4.05449e+07,0.75474
2.99546,0.799075,4.05377e+07,11924.5,4.05496e+07,0.754743
2.99592,0.799075,4.05424e+07,11921.9,4.05543e+07,0.754746
2.99638,0.799074,4.0547e+07,11919.3,4.0559e+07,0.754749
2.99683,0.799074,4.05517e+07,11916.8,4.05636e+07,0.754751
2.99729,0.799074,4.05564e+07,11914.2,4.05683e+07,0.754754
2.99774,0.799074,4.05611e+07,11911.6,4.0573e+07,0.754757
2.9982,0.799073,4.05658e+07,11909,4.05777e+07,0.75476
2.99866,0.799073,4.05705e+07,11906.4,4.05824e+07,0.754763
2.99911,0.799073,4.05751e+07,11903.9,4.0587e+07,0.754766
2.99957,0.799072,4.05798e+07,11901.3,4.05917e+07,0.754769
3.00002,0.799072,4.05845e+07,11898.7,4.05964e+07,0.754772
3.00048,0.799072,4.05892e+07,11896.1,4.06011e+07,0.754775
3.00094,0.799071,4.05938e+07,11893.5,4.06057e+07,0.754777
3.00139,0.799071,4.05985e+07,11891,4.06104e+07,0.75478
3.00185,0.799071,4.06032e+07,11888.4,4.06151e+07,0.754783
3.0023,0.79907,4.06079e+07,11885.8,4.06197e+07,0.754786
3.00276,0.79907,4.06125e+07,11883.3,4.06244e+07,0.754789
3.00322,0.79907,4.06172e+07,11880.7,4.06291e+07,0.754792
3.00367,0.79907,4.06219e+07,11878.1,4.06337e+07,0.754795
3.00413,0.799069,4.06265e+07,11875.5,4.06384e+07,0.754798
3.00458,0.799069,4.06312e+07,11873,4.06431e+07,0.7548
3.00504,0.799069,4.06358e+07,11870.4,4.06477e+07,0.754803
3.0055,0.799068,4.06405e+07,11867.8,4.06524e+07,0.754806
3.00595,0.799068,4.06452e+07,11865.3,4.0657e+07,0.754809
3.00641,0.799068,4.06498e+07,11862.7,4.06617e+07,0.754812
3.00686,0.799067,4.06545e+07,11860.2,4.06663e+07,0.754815
3.00732,0.799067,4.06591e+07,11857.6,4.0671e+07,0.754818
3.00778,0.799067,4.06638e+07,11855,4.06756e+07,0.75482
3.00823,0.799066,4.06684e+07,11852.5,4.06803e+07,0.754823
3.00869,0.799066,4.06731e+07,11849.9,4.06849e+07,0.754826
3.00914,0.799066,4.06777e+07,11847.3,4.06896e+07,0.754829
3.0096,0.799066,4.06824e+07,11844.8,4.06942e+07,0.754832
3.01006,0.799065,4.0687e+07,11842.2,4.06989e+07,0.754835
3.01051,0.799065,4.06917e+07,11839.7,4.07035e+07,0.754838
3.01097,0.799065,4.06963e+07,11837.1,4.07081e+07,0.75484
3.01142,0.799064,4.07009e+07,11834.6,4.07128e+07,0.754843
3.01188,0.799064,4.07056e+07,11832,4.07174e+07,0.754846
3.01234,0.799064,4.07102e+07,11829.5,4.0722e+07,0.754849
3.01279,0.799063,4.07148e+07,11826.9,4.07267e+07,0.754852
3.01325,0.799063,4.07195e+07,11824.4,4.07313e+07,0.754855
3.0137,0.799063,4.07241e+07,11821.8,4.07359e+07,0.754858
3.01416,0.799062,4.07287e+07,11819.3,4.07406e+07,0.75486
3.01462,0.799062,4.07334e+07,11816.7,4.07452e+07,0.754863
3.01507,0.799062,4.0738e+07,11814.2,4.07498e+07,0.754866
3.01553,0.799061,4.07426e+07,11811.6,4.07544e+07,0.754869
3.01598,0.799061,4.07472e+07,11809.1,4.07591e+07,0.754872
3.01644,0.799061,4.07519e+07,11806.5,4.07637e+07,0.754875
3.0169,0.799061,4.07565e+07,11804,4.07683e+07,0.754877
3.01735,0.79906,4.07611e+07,11801.4,4.07729e+07,0.75488
3.01781,0.79906,4.07657e+07,11798.9,4.07775e+07,0.754883
3.01826,0.79906,4.07703e+07,11796.4,4.07821e+07,0.754886
3.01872,0.799059,4.0775e+07,11793.8,4.07868e+07,0.754889
3.01918,0.799059,4.07796e+07,11791.3,4.07914e+07,0.754892
3.01963,0.799059,4.07842e+07,11788.7,4.0796e+07,0.754894
3.02009,0.799058,4.07888e+07,11786.2,4.08006e+07,0.754897
3.02054,0.799058,4.07934e+07,11783.7,4.08052e+07,0.7549
3.021,0.799058,4.0798e+07,11781.1,4.08098e+07,0.754903
3.02146,0.799057,4.08026e+07,11778.6,4.08144e+07,0.754906
3.02191,0.799057,4.08072e+07,11776.1,4.0819e+07,0.754909
3.02237,0.799057,4.08118e+07,11773.5,4.08236e+07,0.754911
3.02282,0.799057,4.08164e+07,11771,4.08282e+07,0.754914
3.02328,0.799056,4.0821e+07,11768.5,4.08328e+07,0.754917
3.02374,0.799056,4.08256e+07,11765.9,4.08374e+07,0.75492
3.02419,0.799056,4.08302e+07,11763.4,4.0842e+07,0.754923
3.02465,0.799055,4.08348e+07,11760.9,4.08466e+07,0.754925
3.0251,0.799055,4.08394e+07,11758.4,4.08512e+07,0.754928
3.02556,0.799055,4.0844e+07,11755.8,4.08558e+07,0.754931
3.02602,0.799054,4.08486e+07,11753.3,4.08604e+07,0.754934
3.02647,0.799054,4.08532e+07,11750.8,4.08649e+07,0.754937
3.02693,0.799054,4.08578e+07,11748.2,4.08695e+07,0.75494
3.02738,0.799053,4.08624e+07,11745.7,4.08741e+07,0.754942
3.02784,0.799053,4.0867e+07,11743.2,4.08787e+07,0.754945
3.0283,0.799053,4.08715e+07,11740.7,4.08833e+07,0.754948
3.02875,0.799053,4.08761e+07,11738.2,4.08879e+07,0.754951
3.02921,0.799052,4.08807e+07,11735.6,4.08924e+07,0.754954
3.02966,0.799052,4.08853e+07,11733.1,4.0897e+07,0.754956
3.03012,0.799052,4.08899e+07,11730.6,4.09016e+07,0.754959
3.03058,0.799051,4.08944e+07,11728.1,4.09062e+07,0.754962
3.03103,0.799051,4.0899e+07,11725.6,4.09107e+07,0.754965
3.03149,0.799051,4.09036e+07,11723.1,4.09153e+07,0.754968
3.03194,0.79905,4.09082e+07,11720.5,4.09199e+07,0.75497
3.0324,0.79905,4.09127e+07,11718,4.09244e+07,0.754973
3.03286,0.79905,4.09173e+07,11715.5,4.0929e+07,0.754976
3.03331,0.799049,4.09219e+07,11713,4.09336e+07,0.754979
3.03377,0.799049,4.09264e+07,11710.5,4.09381e+07,0.754982
3.03422,0.799049,4.0931e+07,11708,4.09427e+07,0.754984
3.03468,0.799048,4.09356e+07,11705.5,4.09473e+07,0.754987
3.03514,0.799048,4.09401e+07,11703,4.09518e+07,0.75499
3.03559,0.799048,4.09447e+07,11700.5,4.09564e+07,0.754993
3.03605,0.799048,4.09492e+07,11698,4.09609e+07,0.754995
3.0365,0.799047,4.09538e+07,11695.4,4.09655e+07,0.754998
3.03696,0.799047,4.09584e+07,11692.9,4.097e+07,0.755001
3.03742,0.799047,4.09629e+07,11690.4,4.09746e+07,0.755004
3.03787,0.799046,4.09675e+07,11687.9,4.09792e+07,0.755007
3.03833,0.799046,4.0972e+07,11685.4,4.09837e+07,0.755009
3.03878,0.799046,4.09766e+07,11682.9,4.09882e+07,0.755012
3.03924,0.799045,4.09811e+07,11680.4,4.09928e+07,0.755015
3.0397,0.799045,4.09857e+07,11677.9,4.09973e+07,0.755018
3.04015,0.799045,4.09902e+07,11675.4,4.10019e+07,0.75502
3.04061,0.799044,4.09948e+07,11672.9,4.10064e+07,0.755023
3.04106,0.799044,4.09993e+07,11670.4,4.1011e+07,0.755026
3.04152,0.799044,4.10038e+07,11667.9,4.10155e+07,0.755029
3.04198,0.799044,4.10084e+07,11665.4,4.102e+07,0.755032
3.04243,0.799043,4.10129e+07,11663,4.10246e+07,0.755034
3.04289,0.799043,4.10174e+07,11660.5,4.10291e+07,0.755037
3.04334,0.799043,4.1022e+07,11658,4.10336e+07,0.75504
3.0438,0.799042,4.10265e+07,11655.5,4.10382e+07,0.755043
3.04426,0.799042,4.10311e+07,11653,4.10427e+07,0.755045
3.04471,0.799042,4.10356e+07,11650.5,4.10472e+07,0.755048
3.04517,0.799041,4.10401e+07,11648,4.10518e+07,0.755051
3.04562,0.799041,4.10446e+07,11645.5,4.10563e+07,0.755054
3.04608,0.799041,4.10492e+07,11643,4.10608e+07,0.755056
3.04654,0.79904,4.10537e+07,11640.5,4.10653e+07,0.755059
3.04699,0.79904,4.10582e+07,11638.1,4.10699e+07,0.755062
3.04745,0.79904,4.10627e+07,11635.6,4.10744e+07,0.755065
3.0479,0.799039,4.10673e+07,11633.1,4.10789e+07,0.755067
3.04836,0.799039,4.10718e+07,11630.6,4.10834e+07,0.75507
3.04882,0.799039,4.10763e+07,11628.1,4.10879e+07,0.755073
3.04927,0.799039,4.10808e+07,11625.6,4.10924e+07,0.755076
3.04973,0.799038,4.10853e+07,11623.2,4.10969e+07,0.755078
3.05018,0.799038,4.10898e+07,11620.7,4.11015e+07,0.755081
3.05064,0.799038,4.10943e+07,11618.2,4.1106e+07,0.755084
3.0511,0.799037,4.10989e+07,11615.7,4.11105e+07,0.755087
3.05155,0.799037,4.11034e+07,11613.3,4.1115e+07,0.755089
3.05201,0.799037,4.11079e+07,11610.8,4.11195e+07,0.755092
3.05246,0.799036,4.11124e+07,11608.3,4.1124e+07,0.755095
3.05292,0.799036,4.11169e+07,11605.8,4.11285e+07,0.755098
3.05338,0.799036,4.11214e+07,11603.4,4.1133e+07,0.7551
3.05383,0.799035,4.11259e+07,11600.9,4.11375e+07,0.755103
3.05429,0.799035,4.11304e+07,11598.4,4.1142e+07,0.755106
3.05474,0.799035,4.11349e+07,11595.9,4.11465e+07,0.755109
3.0552,0.799034,4.11394e+07,11593.5,4.1151e+07,0.755111
3.05566,0.799034,4.11439e+07,11591,4.11555e+07,0.755114
3.05611,0.799034,4.11484e+07,11588.5,4.116e+07,0.755117
3.05657,0.799034,4.11529e+07,11586.1,4.11645e+07,0.755119
3.05702,0.799033,4.11574e+07,11583.6,4.11689e+07,0.755122
3.05748,0.799033,4.11618e+07,11581.1,4.11734e+07,0.755125
3.05794,0.799033,4.11663e+07,11578.7,4.11779e+07,0.755128
3.05839,0.799032,4.11708e+07,11576.2,4.11824e+07,0.75513
3.05885,0.799032,4.11753e+07,11573.7,4.11869e+07,0.755133
3.0593,0.799032,4.11798e+07,11571.3,4.11914e+07,0.755136
3.05976,0.799031,4.11843e+07,11568.8,4.11958e+07,0.755139
3.06022,0.799031,4.11888e+07,11566.4,4.12003e+07,0.755141
3.06067,0.799031,4.11932e+07,11563.9,4.12048e+07,0.755144
3.06113,0.79903,4.11977e+07,11561.4,4.12093e+07,0.755147
3.06158,0.79903,4.12022e+07,11559,4.12137e+07,0.755149
3.06204,0.79903,4.12067e+07,11556.5,4.12182e+07,0.755152
3.0625,0.799029,4.12111e+07,11554.1,4.12227e+07,0.755155
3.06295,0.799029,4.12156e+07,11551.6,4.12272e+07,0.755158
3.06341,0.799029,4.12201e+07,11549.2,4.12316e+07,0.75516
3.06386,0.799029,4.12245e+07,11546.7,4.12361e+07,0.755163
3.06432,0.799028,4.1229e+07,11544.2,4.12406e+07,0.755166
3.06478,0.799028,4.12335e+07,11541.8,4.1245e+07,0.755168
3.06523,0.799028,4.12379e+07,11539.3,4.12495e+07,0.755171
3.06569,0.799027,4.12424e+07,11536.9,4.12539e+07,0.755174
3.06614,0.799027,4.12469e+07,11534.4,4.12584e+07,0.755177
3.0666,0.799027,4.12513e+07,11532,4.12629e+07,0.755179
3.06706,0.799026,4.12558e+07,11529.5,4.12673e+07,0.755182
3.06751,0.799026,4.12603e+07,11527.1,4.12718e+07,0.755185
3.06797,0.799026,4.12647e+07,11524.7,4.12762e+07,0.755187
3.06842,0.799025,4.12692e+07,11522.2,4.12807e+07,0.75519
3.06888,0.799025,4.12736e+07,11519.8,4.12851e+07,0.755193
3.06934,0.799025,4.12781e+07,11517.3,4.12896e+07,0.755195
3.06979,0.799024,4.12825e+07,11514.9,4.1294e+07,0.755198
3.07025,0.799024,4.1287e+07,11512.4,4.12985e+07,0.755201
3.0707,0.799024,4.12914e+07,11510,4.13029e+07,0.755204
3.07116,0.799024,4.12959e+07,11507.6,4.13074e+07,0.755206
3.07162,0.799023,4.13003e+07,11505.1,4.13118e+07,0.755209
3.07207,0.799023,4.13047e+07,11502.7,4.13162e+07,0.755212
3.07253,0.799023,4.13092e+07,11500.2,4.13207e+07,0.755214
3.07298,0.799022,4.13136e+07,11497.8,4.13251e+07,0.755217
3.07344,0.799022,4.13181e+07,11495.4,4.13296e+07,0.75522
3.0739,0.799022,4.13225e+07,11492.9,4.1334e+07,0.755222
3.07435,0.799021,4.13269e+07,11490.5,4.13384e+07,0.755225
3.07481,0.799021,4.13314e+07,11488.1,4.13429e+07,0.755228
3.07526,0.799021,4.13358e+07,11485.6,4.13473e+07,0.75523
3.07572,0.79902,4.13402e+07,11483.2,4.13517e+07,0.755233
3.07618,0.79902,4.13447e+07,11480.8,4.13561e+07,0.755236
3.07663,0.79902,4.13491e+07,11478.3,4.13606e+07,0.755238
3.07709,0.799019,4.13535e+07,11475.9,4.1365e+07,0.755241
3.07754,0.799019,4.13579e+07,11473.5,4.13694e+07,0.755244
3.078,0.799019,4.13624e+07,11471.1,4.13738e+07,0.755246
3.07846,0.799019,4.13668e+07,11468.6,4.13783e+07,0.755249
3.07891,0.799018,4.13712e+07,11466.2,4.13827e+07,0.755252
3.07937,0.799018,4.13756e+07,11463.8,4.13871e+07,0.755255
3.07982,0.799018,4.13801e+07,11461.4,4.13915e+07,0.755257
3.08028,0.799017,4.13845e+07,11458.9,4.13959e+07,0.75526
3.08074,0.799017,4.13889e+07,11456.5,4.14003e+07,0.755263
3.08119,0.799017,4.13933e+07,11454.1,4.14048e+07,0.755265
3.08165,0.799016,4.13977e+07,11451.7,4.14092e+07,0.755268
3.0821,0.799016,4.14021e+07,11449.2,4.14136e+07,0.755271
3.08256,0.799016,4.14065e+07,11446.8,4.1418e+07,0.755273
3.08302,0.799015,4.14109e+07,11444.4,4.14224e+07,0.755276
3.08347,0.799015,4.14153e+07,11442,4.14268e+07,0.755279
3.08393,0.799015,4.14198e+07,11439.6,4.14312e+07,0.755281
3.08438,0.799014,4.14242e+07,11437.2,4.14356e+07,0.755284
3.08484,0.799014,4.14286e+07,11434.7,4.144e+07,0.755286
3.0853,0.799014,4.1433e+07,11432.3,4.14444e+07,0.755289
3.08575,0.799014,4.14374e+07,11429.9,4.14488e+07,0.755292
3.08621,0.799013,4.14418e+07,11427.5,4.14532e+07,0.755294
3.08666,0.799013,4.14462e+07,11425.1,4.14576e+07,0.755297
3.08712,0.799013,4.14505e+07,11422.7,4.1462e+07,0.7553
3.08758,0.799012,4.14549e+07,11420.3,4.14664e+07,0.755302
3.08803,0.799012,4.14593e+07,11417.9,4.14707e+07,0.755305
3.08849,0.799012,4.14637e+07,11415.4,4.14751e+07,0.755308
3.08894,0.799011,4.14681e+07,11413,4.14795e+07,0.75531
3.0894,0.799011,4.14725e+07,11410.6,4.14839e+07,0.755313
3.08986,0.799011,4.14769e+07,11408.2,4.14883e+07,0.755316
3.09031,0.79901,4.14813e+07,11405.8,4.14927e+07,0.755318
3.09077,0.79901,4.14857e+07,11403.4,4.14971e+07,0.755321
3.09122,0.79901,4.149e+07,11401,4.15014e+07,0.755324
3.09168,0.799009,4.14944e+07,11398.6,4.15058e+07,0.755326
3.09214,0.799009,4.14988e+07,11396.2,4.15102e+07,0.755329
3.09259,0.799009,4.15032e+07,11393.8,4.15146e+07,0.755331
3.09305,0.799008,4.15075e+07,11391.4,4.15189e+07,0.755334
3.0935,0.799008,4.15119e+07,11389,4.15233e+07,0.755337
3.09396,0.799008,4.15163e+07,11386.6,4.15277e+07,0.755339
3.09442,0.799008,4.15207e+07,11384.2,4.15321e+07,0.755342
3.09487,0.799007,4.1525e+07,11381.8,4.15364e+07,0.755345
3.09533,0.799007,4.15294e+07,11379.4,4.15408e+07,0.755347
3.09578,0.799007,4.15338e+07,11377,4.15452e+07,0.75535
3.09624,0.799006,4.15381e+07,11374.6,4.15495e+07,0.755353
3.0967,0.799006,4.15425e+07,11372.2,4.15539e+07,0.755355
3.09715,0.799006,4.15469e+07,11369.8,4.15582e+07,0.755358
3.09761,0.799005,4.15512e+07,11367.5,4.15626e+07,0.75536
3.09806,0.799005,4.15556e+07,11365.1,4.1567e+07,0.755363
3.09852,0.799005,4.156e+07,11362.7,4.15713e+07,0.755366
3.09898,0.799004,4.15643e+07,11360.3,4.15757e+07,0.755368
3.09943,0.799004,4.15687e+07,11357.9,4.158e+07,0.755371
3.09989,0.799004,4.1573e+07,11355.5,4.15844e+07,0.755374
3.10034,0.799003,4.15774e+07,11353.1,4.15887e+07,0.755376
3.1008,0.799003,4.15817e+07,11350.7,4.15931e+07,0.755379
3.10126,0.799003,4.15861e+07,11348.3,4.15974e+07,0.755381
3.10171,0.799002,4.15904e+07,11346,4.16018e+07,0.755384
3.10217,0.799002,4.15948e+07,11343.6,4.16061e+07,0.755387
3.10262,0.799002,4.15991e+07,11341.2,4.16105e+07,0.755389
3.10308,0.799002,4.16035e+07,11338.8,4.16148e+07,0.755392
3.10354,0.799001,4.16078e+07,11336.4,4.16191e+07,0.755394
3.10399,0.799001,4.16121e+07,11334.1,4.16235e+07,0.755397
3.10445,0.799001,4.16165e+07,11331.7,4.16278e+07,0.7554
3.1049,0.799,4.16208e+07,11329.3,4.16322e+07,0.755402
3.10536,0.799,4.16252e+07,11326.9,4.16365e+07,0.755405
3.10582,0.799,4.16295e+07,11324.5,4.16408e+07,0.755407
3.10627,0.798999,4.16338e+07,11322.2,4.16452e+07,0.75541
3.10673,0.798999,4.16382e+07,11319.8,4.16495e+07,0.755413
3.10718,0.798999,4.16425e+07,11317.4,4.16538e+07,0.755415
3.10764,0.798998,4.16468e+07,11315,4.16581e+07,0.755418
3.1081,0.798998,4.16512e+07,11312.7,4.16625e+07,0.755421
3.10855,0.798998,4.16555e+07,11310.3,4.16668e+07,0.755423
3.10901,0.798997,4.16598e+07,11307.9,4.16711e+07,0.755426
3.10946,0.798997,4.16641e+07,11305.6,4.16754e+07,0.755428
3.10992,0.798997,4.16685e+07,11303.2,4.16798e+07,0.755431
3.11038,0.798996,4.16728e+07,11300.8,4.16841e+07,0.755433
3.11083,0.798996,4.16771e+07,11298.4,4.16884e+07,0.755436
3.11129,0.798996,4.16814e+07,11296.1,4.16927e+07,0.755439
3.11174,0.798996,4.16857e+07,11293.7,4.1697e+07,0.755441
3.1122,0.798995,4.16901e+07,11291.3,4.17013e+07,0.755444
3.11266,0.798995,4.16944e+07,11289,4.17057e+07,0.755446
3.11311,0.798995,4.16987e+07,11286.6,4.171e+07,0.755449
3.11357,0.798994,4.1703e+07,11284.3,4.17143e+07,0.755452
3.11402,0.798994,4.17073e+07,11281.9,4.17186e+07,0.755454
3.11448,0.798994,4.17116e+07,11279.5,4.17229e+07,0.755457
3.11494,0.798993,4.17159e+07,11277.2,4.17272e+07,0.755459
3.11539,0.798993,4.17202e+07,11274.8,4.17315e+07,0.755462
3.11585,0.798993,4.17245e+07,11272.4,4.17358e+07,0.755465
3.1163,0.798992,4.17288e+07,11270.1,4.17401e+07,0.755467
3.11676,0.798992,4.17331e+07,11267.7,4.17444e+07,0.75547
3.11722,0.798992,4.17374e+07,11265.4,4.17487e+07,0.755472
3.11767,0.798991,4.17417e+07,11263,4.1753e+07,0.755475
3.11813,0.798991,4.1746e+07,11260.7,4.17573e+07,0.755477
3.11858,0.798991,4.17503e+07,11258.3,4.17616e+07,0.75548
3.11904,0.79899,4.17546e+07,11256,4.17659e+07,0.755483
3.1195,0.79899,4.17589e+07,11253.6,4.17702e+07,0.755485
3.11995,0.79899,4.17632e+07,11251.2,4.17745e+07,0.755488
3.12041,0.79899,4.17675e+07,11248.9,4.17787e+07,0.75549
3.12086,0.798989,4.17718e+07,11246.5,4.1783e+07,0.755493
3.12132,0.798989,4.17761e+07,11244.2,4.17873e+07,0.755495
3.12178,0.798989,4.17804e+07,11241.8,4.17916e+07,0.755498
3.12223,0.798988,4.17846e+07,11239.5,4.17959e+07,0.755501
3.12269,0.798988,4.17889e+07,11237.2,4.18002e+07,0.755503
3.12314,0.798988,4.17932e+07,11234.8,4.18044e+07,0.755506
3.1236,0.798987,4.17975e+07,11232.5,4.18087e+07,0.755508
3.12406,0.798987,4.18018e+07,11230.1,4.1813e+07,0.755511
3.12451,0.798987,4.1806e+07,11227.8,4.18173e+07,0.755513
3.12497,0.798986,4.18103e+07,11225.4,4.18215e+07,0.755516
3.12542,0.798986,4.18146e+07,11223.1,4.18258e+07,0.755518
3.12588,0.798986,4.18189e+07,11220.7,4.18301e+07,0.755521
3.12634,0.798985,4.18231e+07,11218.4,4.18344e+07,0.755524
3.12679,0.798985,4.18274e+07,11216.1,4.18386e+07,0.755526
3.12725,0.798985,4.18317e+07,11213.7,4.18429e+07,0.755529
3.1277,0.798984,4.18359e+07,11211.4,4.18472e+07,0.755531
3.12816,0.798984,4.18402e+07,11209,4.18514e+07,0.755534
3.12862,0.798984,4.18445e+07,11206.7,4.18557e+07,0.755536
3.12907,0.798983,4.18487e+07,11204.4,4.18599e+07,0.755539
3.12953,0.798983,4.1853e+07,11202,4.18642e+07,0.755541
3.12998,0.798983,4.18573e+07,11199.7,4.18685e+07,0.755544
3.13044,0.798983,4.18615e+07,11197.4,4.18727e+07,0.755547
3.1309,0.798982,4.18658e+07,11195,4.1877e+07,0.755549
3.13135,0.798982,4.187e+07,11192.7,4.18812e+07,0.755552
3.13181,0.798982,4.18743e+07,11190.4,4.18855e+07,0.755554
3.13226,0.798981,4.18785e+07,11188,4.18897e+07,0.755557
3.13272,0.798981,4.18828e+07,11185.7,4.1894e+07,0.755559
3.13318,0.798981,4.1887e+07,11183.4,4.18982e+07,0.755562
3.13363,0.79898,4.18913e+07,11181.1,4.19025e+07,0.755564
3.13409,0.79898,4.18955e+07,11178.7,4.19067e+07,0.755567
3.13454,0.79898,4.18998e+07,11176.4,4.1911e+07,0.755569
3.135,0.798979,4.1904e+07,11174.1,4.19152e+07,0.755572
3.13546,0.798979,4.19083e+07,11171.7,4.19195e+07,0.755574
3.13591,0.798979,4.19125e+07,11169.4,4.19237e+07,0.755577
3.13637,0.798978,4.19168e+07,11167.1,4.19279e+07,0.755579
3.13682,0.798978,4.1921e+07,11164.8,4.19322e+07,0.755582
3.13728,0.798978,4.19252e+07,11162.5,4.19364e+07,0.755585
3.13774,0.798977,4.19295e+07,11160.1,4.19406e+07,0.755587
3.13819,0.798977,4.19337e+07,11157.8,4.19449e+07,0.75559
3.13865,0.798977,4.19379e+07,11155.5,4.19491e+07,0.755592
3.1391,0.798977,4.19422e+07,11153.2,4.19533e+07,0.755595
3.13956,0.798976,4.19464e+07,11150.9,4.19576e+07,0.755597
3.14002,0.798976,4.19506e+07,11148.5,4.19618e+07,0.7556
3.14047,0.798976,4.19549e+07,11146.2,4.1966e+07,0.755602
3.14093,0.798975,4.19591e+07,11143.9,4.19702e+07,0.755605
3.14138,0.798975,4.19633e+07,11141.6,4.19745e+07,0.755607
3.14184,0.798975,4.19675e+07,11139.3,4.19787e+07,0.75561
3.1423,0.798974,4.19718e+07,11137,4.19829e+07,0.755612
3.14275,0.798974,4.1976e+07,11134.7,4.19871e+07,0.755615
3.14321,0.798974,4.19802e+07,11132.3,4.19913e+07,0.755617
3.14366,0.798973,4.19844e+07,11130,4.19956e+07,0.75562
3.14412,0.798973,4.19886e+07,11127.7,4.19998e+07,0.755622
3.14458,0.798973,4.19929e+07,11125.4,4.2004e+07,0.755625
3.14503,0.798972,4.19971e+07,11123.1,4.20082e+07,0.755627
3.14549,0.798972,4.20013e+07,11120.8,4.20124e+07,0.75563
3.14594,0.798972,4.20055e+07,11118.5,4.20166e+07,0.755632
3.1464,0.798971,4.20097e+07,11116.2,4.20208e+07,0.755635
3.14686,0.798971,4.20139e+07,11113.9,4.2025e+07,0.755637
3.14731,0.798971,4.20181e+07,11111.6,4.20292e+07,0.75564
3.14777,0.79897,4.20223e+07,11109.3,4.20334e+07,0.755642
3.14822,0.79897,4.20265e+07,11107,4.20376e+07,0.755645
3.14868,0.79897,4.20307e+07,11104.7,4.20418e+07,0.755647
3.14914,0.79897,4.20349e+07,11102.4,4.2046e+07,0.75565
3.14959,0.798969,4.20391e+07,11100.1,4.20502e+07,0.755652
3.15005,0.798969,4.20433e+07,11097.8,4.20544e+07,0.755655
3.1505,0.798969,4.20475e+07,11095.5,4.20586e+07,0.755657
3.15096,0.798968,4.20517e+07,11093.2,4.20628e+07,0.75566
3.15142,0.798968,4.20559e+07,11090.9,4.2067e+07,0.755662
3.15187,0.798968,4.20601e+07,11088.6,4.20712e+07,0.755665
3.15233,0.798967,4.20643e+07,11086.3,4.20754e+07,0.755667
3.15278,0.798967,4.20685e+07,11084,4.20796e+07,0.75567
3.15324,0.798967,4.20727e+07,11081.7,4.20838e+07,0.755672
3.1537,0.798966,4.20769e+07,11079.4,4.20879e+07,0.755675
3.15415,0.798966,4.20811e+07,11077.1,4.20921e+07,0.755677
3.15461,0.798966,4.20852e+07,11074.8,4.20963e+07,0.75568
3.15506,0.798965,4.20894e+07,11072.5,4.21005e+07,0.755682
3.15552,0.798965,4.20936e+07,11070.2,4.21047e+07,0.755685
3.15598,0.798965,4.20978e+07,11067.9,4.21089e+07,0.755687
3.15643,0.798964,4.2102e+07,11065.6,4.2113e+07,0.75569
3.15689,0.798964,4.21061e+07,11063.3,4.21172e+07,0.755692
3.15734,0.798964,4.21103e+07,11061.1,4.21214e+07,0.755695
3.1578,0.798963,4.21145e+07,11058.8,4.21255e+07,0.755697
3.15826,0.798963,4.21187e+07,11056.5,4.21297e+07,0.7557
3.15871,0.798963,4.21228e+07,11054.2,4.21339e+07,0.755702
3.15917,0.798962,4.2127e+07,11051.9,4.21381e+07,0.755705
3.15962,0.798962,4.21312e+07,11049.6,4.21422e+07,0.755707
3.16008,0.798962,4.21353e+07,11047.4,4.21464e+07,0.75571
3.16054,0.798962,4.21395e+07,11045.1,4.21506e+07,0.755712
3.16099,0.798961,4.21437e+07,11042.8,4.21547e+07,0.755715
3.16145,0.798961,4.21478e+07,11040.5,4.21589e+07,0.755717
3.1619,0.798961,4.2152e+07,11038.2,4.2163e+07,0.755719
3.16236,0.79896,4.21562e+07,11035.9,4.21672e+07,0.755722
3.16282,0.79896,4.21603e+07,11033.7,4.21714e+07,0.755724
3.16327,0.79896,4.21645e+07,11031.4,4.21755e+07,0.755727
3.16373,0.798959,4.21686e+07,11029.1,4.21797e+07,0.755729
3.16418,0.798959,4.21728e+07,11026.8,4.21838e+07,0.755732
3.16464,0.798959,4.21769e+07,11024.6,4.2188e+07,0.755734
3.1651,0.798958,4.21811e+07,11022.3,4.21921e+07,0.755737
3.16555,0.798958,4.21852e+07,11020,4.21963e+07,0.755739
3.16601,0.798958,4.21894e+07,11017.7,4.22004e+07,0.755742
3.16646,0.798957,4.21935e+07,11015.5,4.22046e+07,0.755744
3.16692,0.798957,4.21977e+07,11013.2,4.22087e+07,0.755747
3.16738,0.798957,4.22018e+07,11010.9,4.22128e+07,0.755749
3.16783,0.798956,4.2206e+07,11008.7,4.2217e+07,0.755751
3.16829,0.798956,4.22101e+07,11006.4,4.22211e+07,0.755754
3.16874,0.798956,4.22143e+07,11004.1,4.22253e+07,0.755756
3.1692,0.798955,4.22184e+07,11001.9,4.22294e+07,0.755759
3.16966,0.798955,4.22225e+07,10999.6,4.22335e+07,0.755761
3.17011,0.798955,4.22267e+07,10997.3,4.22377e+07,0.755764
3.17057,0.798954,4.22308e+07,10995.1,4.22418e+07,0.755766
3.17102,0.798954,4.2235e+07,10992.8,4.22459e+07,0.755769
3.17148,0.798954,4.22391e+07,10990.5,4.22501e+07,0.755771
3.17194,0.798954,4.22432e+07,10988.3,4.22542e+07,0.755774
3.17239,0.798953,4.22473e+07,10986,4.22583e+07,0.755776
3.17285,0.798953,4.22515e+07,10983.7,4.22625e+07,0.755778
3.1733,0.798953,4.22556e+07,10981.5,4.22666e+07,0.755781
3.17376,0.798952,4.22597e+07,10979.2,4.22707e+07,0.755783
3.17422,0.798952,4.22639e+07,10977,4.22748e+07,0.755786
3.17467,0.798952,4.2268e+07,10974.7,4.2279e+07,0.755788
3.17513,0.798951,4.22721e+07,10972.4,4.22831e+07,0.755791
3.17558,0.798951,4.22762e+07,10970.2,4.22872e+07,0.755793
3.17604,0.798951,4.22803e+07,10967.9,4.22913e+07,0.755795
3.1765,0.79895,4.22845e+07,10965.7,4.22954e+07,0.755798
3.17695,0.79895,4.22886e+07,10963.4,4.22995e+07,0.7558
3.17741,0.79895,4.22927e+07,10961.2,4.23036e+07,0.755803
3.17786,0.798949,4.22968e+07,10958.9,4.23078e+07,0.755805
3.17832,0.798949,4.23009e+07,10956.7,4.23119e+07,0.755808
3.17878,0.798949,4.2305e+07,10954.4,4.2316e+07,0.75581
3.17923,0.798948,4.23091e+07,10952.2,4.23201e+07,0.755813
3.17969,0.798948,4.23132e+07,10949.9,4.23242e+07,0.755815
3.18014,0.798948,4.23173e+07,10947.7,4.23283e+07,0.755817
3.1806,0.798947,4.23215e+07,10945.4,4.23324e+07,0.75582
3.18106,0.798947,4.23256e+07,10943.2,4.23365e+07,0.755822
3.18151,0.798947,4.23297e+07,10940.9,4.23406e+07,0.755825
3.18197,0.798946,4.23338e+07,10938.7,4.23447e+07,0.755827
3.18242,0.798946,4.23379e+07,10936.4,4.23488e+07,0.755829
3.18288,0.798946,4.2342e+07,10934.2,4.23529e+07,0.755832
3.18334,0.798946,4.23461e+07,10931.9,4.2357e+07,0.755834
3.18379,0.798945,4.23502e+07,10929.7,4.23611e+07,0.755837
3.18425,0.798945,4.23542e+07,10927.4,4.23652e+07,0.755839
3.1847,0.798945,4.23583e+07,10925.2,4.23693e+07,0.755842
3.18516,0.798944,4.23624e+07,10923,4.23734e+07,0.755844
3.18562,0.798944,4.23665e+07,10920.7,4.23774e+07,0.755846
3.18607,0.798944,4.23706e+07,10918.5,4.23815e+07,0.755849
3.18653,0.798943,4.23747e+07,10916.2,4.23856e+07,0.755851
3.18698,0.798943,4.23788e+07,10914,4.23897e+07,0.755854
3.18744,0.798943,4.23829e+07,10911.8,4.23938e+07,0.755856
3.1879,0.798942,4.2387e+07,10909.5,4.23979e+07,0.755858
3.18835,0.798942,4.2391e+07,10907.3,4.24019e+07,0.755861
3.18881,0.798942,4.23951e+07,10905.1,4.2406e+07,0.755863
3.18926,0.798941,4.23992e+07,10902.8,4.24101e+07,0.755866
3.18972,0.798941,4.24033e+07,10900.6,4.24142e+07,0.755868
3.19018,0.798941,4.24073e+07,10898.4,4.24182e+07,0.755871
3.19063,0.79894,4.24114e+07,10896.1,4.24223e+07,0.755873
3.19109,0.79894,4.24155e+07,10893.9,4.24264e+07,0.755875
3.19154,0.79894,4.24196e+07,10891.7,4.24305e+07,0.755878
3.192,0.798939,4.24236e+07,10889.4,4.24345e+07,0.75588
3.19246,0.798939,4.24277e+07,10887.2,4.24386e+07,0.755883
3.19291,0.798939,4.24318e+07,10885,4.24427e+07,0.755885
3.19337,0.798938,4.24358e+07,10882.7,4.24467e+07,0.755887
3.19382,0.798938,4.24399e+07,10880.5,4.24508e+07,0.75589
3.19428,0.798938,4.2444e+07,10878.3,4.24549e+07,0.755892
3.19474,0.798937,4.2448e+07,10876.1,4.24589e+07,0.755894
3.19519,0.798937,4.24521e+07,10873.8,4.2463e+07,0.755897
3.19565,0.798937,4.24562e+07,10871.6,4.2467e+07,0.755899
3.1961,0.798937,4.24602e+07,10869.4,4.24711e+07,0.755902
3.19656,0.798936,4.24643e+07,10867.2,4.24751e+07,0.755904
3.19702,0.798936,4.24683e+07,10864.9,4.24792e+07,0.755906
3.19747,0.798936,4.24724e+07,10862.7,4.24832e+07,0.755909
3.19793,0.798935,4.24764e+07,10860.5,4.24873e+07,0.755911
3.19838,0.798935,4.24805e+07,10858.3,4.24913e+07,0.755914
3.19884,0.798935,4.24845e+07,10856.1,4.24954e+07,0.755916
3.1993,0.798934,4.24886e+07,10853.9,4.24994e+07,0.755918
3.19975,0.798934,4.24926e+07,10851.6,4.25035e+07,0.755921
3.20021,0.798934,4.24967e+07,10849.4,4.25075e+07,0.755923
3.20066,0.798933,4.25007e+07,10847.2,4.25116e+07,0.755926
3.20112,0.798933,4.25048e+07,10845,4.25156e+07,0.755928
3.20158,0.798933,4.25088e+07,10842.8,4.25197e+07,0.75593
3.20203,0.798932,4.25129e+07,10840.6,4.25237e+07,0.755933
3.20249,0.798932,4.25169e+07,10838.3,4.25277e+07,0.755935
3.20294,0.798932,4.25209e+07,10836.1,4.25318e+07,0.755937
3.2034,0.798931,4.2525e+07,10833.9,4.25358e+07,0.75594
3.20386,0.798931,4.2529e+07,10831.7,4.25398e+07,0.755942
3.20431,0.798931,4.2533e+07,10829.5,4.25439e+07,0.755945
3.20477,0.79893,4.25371e+07,10827.3,4.25479e+07,0.755947
3.20522,0.79893,4.25411e+07,10825.1,4.25519e+07,0.755949
3.20568,0.79893,4.25451e+07,10822.9,4.2556e+07,0.755952
3.20614,0.798929,4.25492e+07,10820.7,4.256e+07,0.755954
3.20659,0.798929,4.25532e+07,10818.5,4.2564e+07,0.755956
3.20705,0.798929,4.25572e+07,10816.3,4.2568e+07,0.755959
3.2075,0.798928,4.25612e+07,10814,4.25721e+07,0.755961
3.20796,0.798928,4.25653e+07,10811.8,4.25761e+07,0.755963
3.20842,0.798928,4.25693e+07,10809.6,4.25801e+07,0.755966
3.20887,0.798927,4.25733e+07,10807.4,4.25841e+07,0.755968
3.20933,0.798927,4.25773e+07,10805.2,4.25881e+07,0.755971
3.20978,0.798927,4.25813e+07,10803,4.25921e+07,0.755973
3.21024,0.798927,4.25854e+07,10800.8,4.25962e+07,0.755975
3.2107,0.798926,4.25894e+07,10798.6,4.26002e+07,0.755978
3.21115,0.798926,4.25934e+07,10796.4,4.26042e+07,0.75598
3.21161,0.798926,4.25974e+07,10794.2,4.26082e+07,0.755982
3.21206,0.798925,4.26014e+07,10792,4.26122e+07,0.755985
3.21252,0.798925,4.26054e+07,10789.8,4.26162e+07,0.755987
3.21298,0.798925,4.26094e+07,10787.6,4.26202e+07,0.755989
3.21343,0.798924,4.26134e+07,10785.5,4.26242e+07,0.755992
3.21389,0.798924,4.26174e+07,10783.3,4.26282e+07,0.755994
3.21434,0.798924,4.26214e+07,10781.1,4.26322e+07,0.755996
3.2148,0.798923,4.26254e+07,10778.9,4.26362e+07,0.755999
3.21526,0.798923,4.26294e+07,10776.7,4.26402e+07,0.756001
3.21571,0.798923,4.26334e+07,10774.5,4.26442e+07,0.756004
3.21617,0.798922,4.26374e+07,10772.3,4.26482e+07,0.756006
3.21662,0.798922,4.26414e+07,10770.1,4.26522e+07,0.756008
3.21708,0.798922,4.26454e+07,10767.9,4.26562e+07,0.756011
3.21754,0.798921,4.26494e+07,10765.7,4.26602e+07,0.756013
3.21799,0.798921,4.26534e+07,10763.5,4.26642e+07,0.756015
3.21845,0.798921,4.26574e+07,10761.3,4.26682e+07,0.756018
3.2189,0.79892,4.26614e+07,10759.2,4.26722e+07,0.75602
3.21936,0.79892,4.26654e+07,10757,4.26762e+07,0.756022
3.21982,0.79892,4.26694e+07,10754.8,4.26801e+07,0.756025
3.22027,0.798919,4.26734e+07,10752.6,4.26841e+07,0.756027
3.22073,0.798919,4.26774e+07,10750.4,4.26881e+07,0.756029
3.22118,0.798919,4.26813e+07,10748.2,4.26921e+07,0.756032
3.22164,0.798918,4.26853e+07,10746.1,4.26961e+07,0.756034
3.2221,0.798918,4.26893e+07,10743.9,4.27e+07,0.756036
3.22255,0.798918,4.26933e+07,10741.7,4.2704e+07,0.756039
3.22301,0.798917,4.26973e+07,10739.5,4.2708e+07,0.756041
3.22346,0.798917,4.27012e+07,10737.3,4.2712e+07,0.756043
3.22392,0.798917,4.27052e+07,10735.2,4.2716e+07,0.756046
3.22438,0.798916,4.27092e+07,10733,4.27199e+07,0.756048
3.22483,0.798916,4.27132e+07,10730.8,4.27239e+07,0.75605
3.22529,0.798916,4.27171e+07,10728.6,4.27279e+07,0.756053
3.22574,0.798916,4.27211e+07,10726.4,4.27318e+07,0.756055
3.2262,0.798915,4.27251e+07,10724.3,4.27358e+07,0.756057
3.22666,0.798915,4.2729e+07,10722.1,4.27398e+07,0.75606
3.22711,0.798915,4.2733e+07,10719.9,4.27437e+07,0.756062
3.22757,0.798914,4.2737e+07,10717.8,4.27477e+07,0.756064
3.22802,0.798914,4.27409e+07,10715.6,4.27517e+07,0.756066
3.22848,0.798914,4.27449e+07,10713.4,4.27556e+07,0.756069
3.22894,0.798913,4.27489e+07,10711.2,4.27596e+07,0.756071
3.22939,0.798913,4.27528e+07,10709.1,4.27635e+07,0.756073
3.22985,0.798913,4.27568e+07,10706.9,4.27675e+07,0.756076
3.2303,0.798912,4.27607e+07,10704.7,4.27714e+07,0.756078
3.23076,0.798912,4.27647e+07,10702.6,4.27754e+07,0.75608
3.23122,0.798912,4.27686e+07,10700.4,4.27793e+07,0.756083
3.23167,0.798911,4.27726e+07,10698.2,4.27833e+07,0.756085
3.23213,0.798911,4.27766e+07,10696.1,4.27872e+07,0.756087
3.23258,0.798911,4.27805e+07,10693.9,4.27912e+07,0.75609
3.23304,0.79891,4.27844e+07,10691.7,4.27951e+07,0.756092
3.2335,0.79891,4.27884e+07,10689.6,4.27991e+07,0.756094
3.23395,0.79891,4.27923e+07,10687.4,4.2803e+07,0.756097
3.23441,0.798909,4.27963e+07,10685.2,4.2807e+07,0.756099
3.23486,0.798909,4.28002e+07,10683.1,4.28109e+07,0.756101
3.23532,0.798909,4.28042e+07,10680.9,4.28149e+07,0.756103
3.23578,0.798908,4.28081e+07,10678.8,4.28188e+07,0.756106
3.23623,0.798908,4.28121e+07,10676.6,4.28227e+07,0.756108
3.23669,0.798908,4.2816e+07,10674.4,4.28267e+07,0.75611
3.23714,0.798907,4.28199e+07,10672.3,4.28306e+07,0.756113
3.2376,0.798907,4.28239e+07,10670.1,4.28345e+07,0.756115
3.23806,0.798907,4.28278e+07,10668,4.28385e+07,0.756117
3.23851,0.798906,4.28317e+07,10665.8,4.28424e+07,0.75612
3.23897,0.798906,4.28357e+07,10663.7,4.28463e+07,0.756122
3.23942,0.798906,4.28396e+07,10661.5,4.28503e+07,0.756124
3.23988,0.798905,4.28435e+07,10659.4,4.28542e+07,0.756126
3.24034,0.798905,4.28475e+07,10657.2,4.28581e+07,0.756129
3.24079,0.798905,4.28514e+07,10655,4.2862e+07,0.756131
3.24125,0.798904,4.28553e+07,10652.9,4.2866e+07,0.756133
3.2417,0.798904,4.28592e+07,10650.7,4.28699e+07,0.756136
3.24216,0.798904,4.28631e+07,10648.6,4.28738e+07,0.756138
3.24262,0.798903,4.28671e+07,10646.4,4.28777e+07,0.75614
3.24307,0.798903,4.2871e+07,10644.3,4.28816e+07,0.756142
3.24353,0.798903,4.28749e+07,10642.1,4.28855e+07,0.756145
3.24398,0.798903,4.28788e+07,10640,4.28895e+07,0.756147
3.24444,0.798902,4.28827e+07,10637.9,4.28934e+07,0.756149
3.2449,0.798902,4.28867e+07,10635.7,4.28973e+07,0.756152
3.24535,0.798902,4.28906e+07,10633.6,4.29012e+07,0.756154
3.24581,0.798901,4.28945e+07,10631.4,4.29051e+07,0.756156
3.24626,0.798901,4.28984e+07,10629.3,4.2909e+07,0.756158
3.24672,0.798901,4.29023e+07,10627.1,4.29129e+07,0.756161
3.24718,0.7989,4.29062e+07,10625,4.29168e+07,0.756163
3.24763,0.7989,4.29101e+07,10622.8,4.29207e+07,0.756165
3.24809,0.7989,4.2914e+07,10620.7,4.29246e+07,0.756168
3.24854,0.798899,4.29179e+07,10618.6,4.29285e+07,0.75617
3.249,0.798899,4.29218e+07,10616.4,4.29324e+07,0.756172
3.24946,0.798899,4.29257e+07,10614.3,4.29363e+07,0.756174
3.24991,0.798898,4.29296e+07,10612.2,4.29402e+07,0.756177
3.25037,0.798898,4.29335e+07,10610,4.29441e+07,0.756179
3.25082,0.798898,4.29374e+07,10607.9,4.2948e+07,0.756181
3.25128,0.798897,4.29413e+07,10605.7,4.29519e+07,0.756183
3.25174,0.798897,4.29452e+07,10603.6,4.29558e+07,0.756186
3.25219,0.798897,4.29491e+07,10601.5,4.29597e+07,0.756188
3.25265,0.798896,4.2953e+07,10599.3,4.29636e+07,0.75619
3.2531,0.798896,4.29569e+07,10597.2,4.29675e+07,0.756193
3.25356,0.798896,4.29608e+07,10595.1,4.29714e+07,0.756195
3.25402,0.798895,4.29647e+07,10592.9,4.29752e+07,0.756197
3.25447,0.798895,4.29685e+07,10590.8,4.29791e+07,0.756199
3.25493,0.798895,4.29724e+07,10588.7,4.2983e+07,0.756202
3.25538,0.798894,4.29763e+07,10586.5,4.29869e+07,0.756204
3.25584,0.798894,4.29802e+07,10584.4,4.29908e+07,0.756206
3.2563,0.798894,4.29841e+07,10582.3,4.29947e+07,0.756208
3.25675,0.798893,4.2988e+07,10580.2,4.29985e+07,0.756211
3.25721,0.798893,4.29918e+07,10578,4.30024e+07,0.756213
3.25766,0.798893,4.29957e+07,10575.9,4.30063e+07,0.756215
3.25812,0.798892,4.29996e+07,10573.8,4.30102e+07,0.756217
3.25858,0.798892,4.30035e+07,10571.7,4.3014e+07,0.75622
3.25903,0.798892,4.30073e+07,10569.5,4.30179e+07,0.756222
3.25949,0.798891,4.30112e+07,10567.4,4.30218e+07,0.756224
3.25994,0.798891,4.30151e+07,10565.3,4.30256e+07,0.756226
3.2604,0.798891,4.30189e+07,10563.2,4.30295e+07,0.756229
3.26086,0.79889,4.30228e+07,10561,4.30334e+07,0.756231
3.26131,0.79889,4.30267e+07,10558.9,4.30372e+07,0.756233
3.26177,0.79889,4.30305e+07,10556.8,4.30411e+07,0.756235
3.26222,0.798889,4.30344e+07,10554.7,4.3045e+07,0.756238
3.26268,0.798889,4.30383e+07,10552.6,4.30488e+07,0.75624
3.26314,0.798889,4.30421e+07,10550.4,4.30527e+07,0.756242
3.26359,0.798889,4.3046e+07,10548.3,4.30565e+07,0.756244
3.26405,0.798888,4.30498e+07,10546.2,4.30604e+07,0.756247
3.2645,0.798888,4.30537e+07,10544.1,4.30643e+07,0.756249
3.26496,0.798888,4.30576e+07,10542,4.30681e+07,0.756251
3.26542,0.798887,4.30614e+07,10539.9,4.3072e+07,0.756253
3.26587,0.798887,4.30653e+07,10537.8,4.30758e+07,0.756256
3.26633,0.798887,4.30691e+07,10535.6,4.30797e+07,0.756258
3.26678,0.798886,4.3073e+07,10533.5,4.30835e+07,0.75626
3.26724,0.798886,4.30768e+07,10531.4,4.30874e+07,0.756262
3.2677,0.798886,4.30807e+07,10529.3,4.30912e+07,0.756264
3.26815,0.798885,4.30845e+07,10527.2,4.3095e+07,0.756267
3.26861,0.798885,4.30884e+07,10525.1,4.30989e+07,0.756269
3.26906,0.798885,4.30922e+07,10523,4.31027e+07,0.756271
3.26952,0.798884,4.3096e+07,10520.9,4.31066e+07,0.756273
3.26998,0.798884,4.30999e+07,10518.8,4.31104e+07,0.756276
3.27043,0.798884,4.31037e+07,10516.7,4.31142e+07,0.756278
3.27089,0.798883,4.31076e+07,10514.5,4.31181e+07,0.75628
3.27134,0.798883,4.31114e+07,10512.4,4.31219e+07,0.756282
3.2718,0.798883,4.31152e+07,10510.3,4.31258e+07,0.756285
3.27226,0.798882,4.31191e+07,10508.2,4.31296e+07,0.756287
3.27271,0.798882,4.31229e+07,10506.1,4.31334e+07,0.756289
3.27317,0.798882,4.31267e+07,10504,4.31372e+07,0.756291
3.27362,0.798881,4.31306e+07,10501.9,4.31411e+07,0.756293
3.27408,0.798881,4.31344e+07,10499.8,4.31449e+07,0.756296
3.27454,0.798881,4.31382e+07,10497.7,4.31487e+07,0.756298
3.27499,0.79888,4.31421e+07,10495.6,4.31526e+07,0.7563
3.27545,0.79888,4.31459e+07,10493.5,4.31564e+07,0.756302
3.2759,0.79888,4.31497e+07,10491.4,4.31602e+07,0.756305
3.27636,0.798879,4.31535e+07,10489.3,4.3164e+07,0.756307
3.27682,0.798879,4.31574e+07,10487.2,4.31678e+07,0.756309
3.27727,0.798879,4.31612e+07,10485.1,4.31717e+07,0.756311
3.27773,0.798878,4.3165e+07,10483,4.31755e+07,0.756313
3.27818,0.798878,4.31688e+07,10480.9,4.31793e+07,0.756316
3.27864,0.798878,4.31726e+07,10478.8,4.31831e+07,0.756318
3.2791,0.798877,4.31764e+07,10476.8,4.31869e+07,0.75632
3.27955,0.798877,4.31803e+07,10474.7,4.31907e+07,0.756322
3.28001,0.798877,4.31841e+07,10472.6,4.31945e+07,0.756324
3.28046,0.798876,4.31879e+07,10470.5,4.31984e+07,0.756327
3.28092,0.798876,4.31917e+07,10468.4,4.32022e+07,0.756329
3.28138,0.798876,4.31955e+07,10466.3,4.3206e+07,0.756331
3.28183,0.798875,4.31993e+07,10464.2,4.32098e+07,0.756333
3.28229,0.798875,4.32031e+07,10462.1,4.32136e+07,0.756335
3.28274,0.798875,4.32069e+07,10460,4.32174e+07,0.756338
3.2832,0.798874,4.32107e+07,10457.9,4.32212e+07,0.75634
3.28366,0.798874,4.32145e+07,10455.9,4.3225e+07,0.756342
3.28411,0.798874,4.32183e+07,10453.8,4.32288e+07,0.756344
3.28457,0.798873,4.32221e+07,10451.7,4.32326e+07,0.756346
3.28502,0.798873,4.32259e+07,10449.6,4.32364e+07,0.756349
3.28548,0.798873,4.32297e+07,10447.5,4.32402e+07,0.756351
3.28594,0.798872,4.32335e+07,10445.4,4.3244e+07,0.756353
3.28639,0.798872,4.32373e+07,10443.3,4.32478e+07,0.756355
3.28685,0.798872,4.32411e+07,10441.3,4.32515e+07,0.756357
3.2873,0.798872,4.32449e+07,10439.2,4.32553e+07,0.75636
3.28776,0.798871,4.32487e+07,10437.1,4.32591e+07,0.756362
3.28822,0.798871,4.32525e+07,10435,4.32629e+07,0.756364
3.28867,0.798871,4.32563e+07,10432.9,4.32667e+07,0.756366
3.28913,0.79887,4.326e+07,10430.9,4.32705e+07,0.756368
3.28958,0.79887,4.32638e+07,10428.8,4.32743e+07,0.756371
3.29004,0.79887,4.32676e+07,10426.7,4.3278e+07,0.756373
3.2905,0.798869,4.32714e+07,10424.6,4.32818e+07,0.756375
3.29095,0.798869,4.32752e+07,10422.6,4.32856e+07,0.756377
3.29141,0.798869,4.3279e+07,10420.5,4.32894e+07,0.756379
3.29186,0.798868,4.32827e+07,10418.4,4.32932e+07,0.756382
3.29232,0.798868,4.32865e+07,10416.3,4.32969e+07,0.756384
3.29278,0.798868,4.32903e+07,10414.3,4.33007e+07,0.756386
3.29323,0.798867,4.32941e+07,10412.2,4.33045e+07,0.756388
3.29369,0.798867,4.32978e+07,10410.1,4.33083e+07,0.75639
3.29414,0.798867,4.33016e+07,10408,4.3312e+07,0.756392
3.2946,0.798866,4.33054e+07,10406,4.33158e+07,0.756395
3.29506,0.798866,4.33092e+07,10403.9,4.33196e+07,0.756397
3.29551,0.798866,4.33129e+07,10401.8,4.33233e+07,0.756399
3.29597,0.798865,4.33167e+07,10399.8,4.33271e+07,0.756401
3.29642,0.798865,4.33205e+07,10397.7,4.33309e+07,0.756403
3.29688,0.798865,4.33242e+07,10395.6,4.33346e+07,0.756405
3.29734,0.798864,4.3328e+07,10393.6,4.33384e+07,0.756408
3.29779,0.798864,4.33317e+07,10391.5,4.33421e+07,0.75641
3.29825,0.798864,4.33355e+07,10389.4,4.33459e+07,0.756412
3.2987,0.798863,4.33393e+07,10387.4,4.33497e+07,0.756414
3.29916,0.798863,4.3343e+07,10385.3,4.33534e+07,0.756416
3.29962,0.798863,4.33468e+07,10383.2,4.33572e+07,0.756419
3.30007,0.798862,4.33505e+07,10381.2,4.33609e+07,0.756421
3.30053,0.798862,4.33543e+07,10379.1,4.33647e+07,0.756423
3.30098,0.798862,4.3358e+07,10377,4.33684e+07,0.756425
3.30144,0.798861,4.33618e+07,10375,4.33722e+07,0.756427
3.3019,0.798861,4.33655e+07,10372.9,4.33759e+07,0.756429
3.30235,0.798861,4.33693e+07,10370.9,4.33797e+07,0.756432
3.30281,0.79886,4.3373e+07,10368.8,4.33834e+07,0.756434
3.30326,0.79886,4.33768e+07,10366.8,4.33872e+07,0.756436
3.30372,0.79886,4.33805e+07,10364.7,4.33909e+07,0.756438
3.30418,0.798859,4.33843e+07,10362.6,4.33946e+07,0.75644
3.30463,0.798859,4.3388e+07,10360.6,4.33984e+07,0.756442
3.30509,0.798859,4.33918e+07,10358.5,4.34021e+07,0.756444
3.30554,0.798858,4.33955e+07,10356.5,4.34059e+07,0.756447
3.306,0.798858,4.33992e+07,10354.4,4.34096e+07,0.756449
3.30646,0.798858,4.3403e+07,10352.4,4.34133e+07,0.756451
3.30691,0.798857,4.34067e+07,10350.3,4.34171e+07,0.756453
3.30737,0.798857,4.34105e+07,10348.3,4.34208e+07,0.756455
3.30782,0.798857,4.34142e+07,10346.2,4.34245e+07,0.756457
3.30828,0.798856,4.34179e+07,10344.2,4.34283e+07,0.75646
3.30874,0.798856,4.34217e+07,10342.1,4.3432e+07,0.756462
3.30919,0.798856,4.34254e+07,10340.1,4.34357e+07,0.756464
3.30965,0.798855,4.34291e+07,10338,4.34394e+07,0.756466
3.3101,0.798855,4.34328e+07,10336,4.34432e+07,0.756468
3.31056,0.798855,4.34366e+07,10333.9,4.34469e+07,0.75647
3.31102,0.798854,4.34403e+07,10331.9,4.34506e+07,0.756472
3.31147,0.798854,4.3444e+07,10329.8,4.34543e+07,0.756475
3.31193,0.798854,4.34477e+07,10327.8,4.34581e+07,0.756477
3.31238,0.798853,4.34515e+07,10325.7,4.34618e+07,0.756479
3.31284,0.798853,4.34552e+07,10323.7,4.34655e+07,0.756481
3.3133,0.798853,4.34589e+07,10321.6,4.34692e+07,0.756483
3.31375,0.798852,4.34626e+07,10319.6,4.34729e+07,0.756485
3.31421,0.798852,4.34663e+07,10317.6,4.34766e+07,0.756487
3.31466,0.798852,4.347e+07,10315.5,4.34804e+07,0.75649
3.31512,0.798851,4.34738e+07,10313.5,4.34841e+07,0.756492
3.31558,0.798851,4.34775e+07,10311.4,4.34878e+07,0.756494
3.31603,0.798851,4.34812e+07,10309.4,4.34915e+07,0.756496
3.31649,0.79885,4.34849e+07,10307.4,4.34952e+07,0.756498
3.31694,0.79885,4.34886e+07,10305.3,4.34989e+07,0.7565
3.3174,0.79885,4.34923e+07,10303.3,4.35026e+07,0.756502
3.31786,0.798849,4.3496e+07,10301.2,4.35063e+07,0.756504
3.31831,0.798849,4.34997e+07,10299.2,4.351e+07,0.756507
3.31877,0.798849,4.35034e+07,10297.2,4.35137e+07,0.756509
3.31922,0.798848,4.35071e+07,10295.1,4.35174e+07,0.756511
3.31968,0.798848,4.35108e+07,10293.1,4.35211e+07,0.756513
3.32014,0.798848,4.35145e+07,10291.1,4.35248e+07,0.756515
3.32059,0.798847,4.35182e+07,10289,4.35285e+07,0.756517
3.32105,0.798847,4.35219e+07,10287,4.35322e+07,0.756519
3.3215,0.798847,4.35256e+07,10285,4.35359e+07,0.756521
3.32196,0.798846,4.35293e+07,10282.9,4.35396e+07,0.756524
3.32242,0.798846,4.3533e+07,10280.9,4.35433e+07,0.756526
3.32287,0.798846,4.35367e+07,10278.9,4.3547e+07,0.756528
3.32333,0.798846,4.35404e+07,10276.8,4.35506e+07,0.75653
3.32378,0.798845,4.35441e+07,10274.8,4.35543e+07,0.756532
3.32424,0.798845,4.35477e+07,10272.8,4.3558e+07,0.756534
3.3247,0.798845,4.35514e+07,10270.8,4.35617e+07,0.756536
3.32515,0.798844,4.35551e+07,10268.7,4.35654e+07,0.756538
3.32561,0.798844,4.35588e+07,10266.7,4.35691e+07,0.756541
3.32606,0.798844,4.35625e+07,10264.7,4.35727e+07,0.756543
3.32652,0.798843,4.35662e+07,10262.7,4.35764e+07,0.756545
3.32698,0.798843,4.35698e+07,10260.6,4.35801e+07,0.756547
3.32743,0.798843,4.35735e+07,10258.6,4.35838e+07,0.756549
3.32789,0.798842,4.35772e+07,10256.6,4.35875e+07,0.756551
3.32834,0.798842,4.35809e+07,10254.6,4.35911e+07,0.756553
3.3288,0.798842,4.35846e+07,10252.6,4.35948e+07,0.756555
3.32926,0.798841,4.35882e+07,10250.5,4.35985e+07,0.756557
3.32971,0.798841,4.35919e+07,10248.5,4.36021e+07,0.75656
3.33017,0.798841,4.35956e+07,10246.5,4.36058e+07,0.756562
3.33062,0.79884,4.35992e+07,10244.5,4.36095e+07,0.756564
3.33108,0.79884,4.36029e+07,10242.5,4.36132e+07,0.756566
3.33154,0.79884,4.36066e+07,10240.4,4.36168e+07,0.756568
3.33199,0.798839,4.36102e+07,10238.4,4.36205e+07,0.75657
3.33245,0.798839,4.36139e+07,10236.4,4.36241e+07,0.756572
3.3329,0.798839,4.36176e+07,10234.4,4.36278e+07,0.756574
3.33336,0.798838,4.36212e+07,10232.4,4.36315e+07,0.756576
3.33382,0.798838,4.36249e+07,10230.4,4.36351e+07,0.756578
3.33427,0.798838,4.36286e+07,10228.3,4.36388e+07,0.756581
3.33473,0.798837,4.36322e+07,10226.3,4.36424e+07,0.756583
3.33518,0.798837,4.36359e+07,10224.3,4.36461e+07,0.756585
3.33564,0.798837,4.36395e+07,10222.3,4.36497e+07,0.756587
3.3361,0.798836,4.36432e+07,10220.3,4.36534e+07,0.756589
3.33655,0.798836,4.36468e+07,10218.3,4.36571e+07,0.756591
3.33701,0.798836,4.36505e+07,10216.3,4.36607e+07,0.756593
3.33746,0.798835,4.36541e+07,10214.3,4.36644e+07,0.756595
3.33792,0.798835,4.36578e+07,10212.3,4.3668e+07,0.756597
3.33838,0.798835,4.36614e+07,10210.3,4.36716e+07,0.756599
3.33883,0.798834,4.36651e+07,10208.2,4.36753e+07,0.756602
3.33929,0.798834,4.36687e+07,10206.2,4.36789e+07,0.756604
3.33974,0.798834,4.36724e+07,10204.2,4.36826e+07,0.756606
3.3402,0.798833,4.3676e+07,10202.2,4.36862e+07,0.756608
3.34066,0.798833,4.36797e+07,10200.2,4.36899e+07,0.75661
3.34111,0.798833,4.36833e+07,10198.2,4.36935e+07,0.756612
3.34157,0.798832,4.36869e+07,10196.2,4.36971e+07,0.756614
3.34202,0.798832,4.36906e+07,10194.2,4.37008e+07,0.756616
3.34248,0.798832,4.36942e+07,10192.2,4.37044e+07,0.756618
3.34294,0.798831,4.36978e+07,10190.2,4.3708e+07,0.75662
3.34339,0.798831,4.37015e+07,10188.2,4.37117e+07,0.756622
3.34385,0.798831,4.37051e+07,10186.2,4.37153e+07,0.756624
3.3443,0.79883,4.37087e+07,10184.2,4.37189e+07,0.756627
3.34476,0.79883,4.37124e+07,10182.2,4.37226e+07,0.756629
3.34522,0.79883,4.3716e+07,10180.2,4.37262e+07,0.756631
3.34567,0.798829,4.37196e+07,10178.2,4.37298e+07,0.756633
3.34613,0.798829,4.37233e+07,10176.2,4.37334e+07,0.756635
3.34658,0.798829,4.37269e+07,10174.2,4.37371e+07,0.756637
3.34704,0.798828,4.37305e+07,10172.2,4.37407e+07,0.756639
3.3475,0.798828,4.37341e+07,10170.2,4.37443e+07,0.756641
3.34795,0.798828,4.37378e+07,10168.2,4.37479e+07,0.756643
3.34841,0.798827,4.37414e+07,10166.3,4.37515e+07,0.756645
3.34886,0.798827,4.3745e+07,10164.3,4.37552e+07,0.756647
3.34932,0.798827,4.37486e+07,10162.3,4.37588e+07,0.756649
3.34978,0.798826,4.37522e+07,10160.3,4.37624e+07,0.756651
3.35023,0.798826,4.37559e+07,10158.3,4.3766e+07,0.756653
3.35069,0.798826,4.37595e+07,10156.3,4.37696e+07,0.756656
3.35114,0.798825,4.37631e+07,10154.3,4.37732e+07,0.756658
3.3516,0.798825,4.37667e+07,10152.3,4.37768e+07,0.75666
3.35206,0.798825,4.37703e+07,10150.3,4.37805e+07,0.756662
3.35251,0.798824,4.37739e+07,10148.3,4.37841e+07,0.756664
3.35297,0.798824,4.37775e+07,10146.3,4.37877e+07,0.756666
3.35342,0.798824,4.37811e+07,10144.4,4.37913e+07,0.756668
3.35388,0.798823,4.37847e+07,10142.4,4.37949e+07,0.75667
3.35434,0.798823,4.37883e+07,10140.4,4.37985e+07,0.756672
3.35479,0.798823,4.37919e+07,10138.4,4.38021e+07,0.756674
3.35525,0.798822,4.37955e+07,10136.4,4.38057e+07,0.756676
3.3557,0.798822,4.37991e+07,10134.4,4.38093e+07,0.756678
3.35616,0.798822,4.38027e+07,10132.5,4.38129e+07,0.75668
3.35662,0.798821,4.38063e+07,10130.5,4.38165e+07,0.756682
3.35707,0.798821,4.38099e+07,10128.5,4.38201e+07,0.756684
3.35753,0.798821,4.38135e+07,10126.5,4.38237e+07,0.756686
3.35798,0.79882,4.38171e+07,10124.5,4.38273e+07,0.756688
3.35844,0.79882,4.38207e+07,10122.6,4.38308e+07,0.75669
3.3589,0.79882,4.38243e+07,10120.6,4.38344e+07,0.756693
3.35935,0.798819,4.38279e+07,10118.6,4.3838e+07,0.756695
3.35981,0.798819,4.38315e+07,10116.6,4.38416e+07,0.756697
3.36026,0.798819,4.38351e+07,10114.6,4.38452e+07,0.756699
3.36072,0.798818,4.38387e+07,10112.7,4.38488e+07,0.756701
3.36118,0.798818,4.38423e+07,10110.7,4.38524e+07,0.756703
3.36163,0.798818,4.38458e+07,10108.7,4.38559e+07,0.756705
3.36209,0.798817,4.38494e+07,10106.7,4.38595e+07,0.756707
3.36254,0.798817,4.3853e+07,10104.8,4.38631e+07,0.756709
3.363,0.798817,4.38566e+07,10102.8,4.38667e+07,0.756711
3.36346,0.798816,4.38602e+07,10100.8,4.38703e+07,0.756713
3.36391,0.798816,4.38637e+07,10098.8,4.38738e+07,0.756715
3.36437,0.798816,4.38673e+07,10096.9,4.38774e+07,0.756717
3.36482,0.798815,4.38709e+07,10094.9,4.3881e+07,0.756719
3.36528,0.798815,4.38745e+07,10092.9,4.38846e+07,0.756721
3.36574,0.798815,4.3878e+07,10091,4.38881e+07,0.756723
3.36619,0.798814,4.38816e+07,10089,4.38917e+07,0.756725
3.36665,0.798814,4.38852e+07,10087,4.38953e+07,0.756727
3.3671,0.798814,4.38888e+07,10085.1,4.38988e+07,0.756729
3.36756,0.798813,4.38923e+07,10083.1,4.39024e+07,0.756731
3.36802,0.798813,4.38959e+07,10081.1,4.3906e+07,0.756733
3.36847,0.798813,4.38995e+07,10079.2,4.39095e+07,0.756735
3.36893,0.798812,4.3903e+07,10077.2,4.39131e+07,0.756737
3.36938,0.798812,4.39066e+07,10075.2,4.39167e+07,0.756739
3.36984,0.798812,4.39101e+07,10073.3,4.39202e+07,0.756741
3.3703,0.798811,4.39137e+07,10071.3,4.39238e+07,0.756744
3.37075,0.798811,4.39173e+07,10069.3,4.39273e+07,0.756746
3.37121,0.798811,4.39208e+07,10067.4,4.39309e+07,0.756748
3.37166,0.79881,4.39244e+07,10065.4,4.39345e+07,0.75675
3.37212,0.79881,4.39279e+07,10063.5,4.3938e+07,0.756752
3.37258,0.79881,4.39315e+07,10061.5,4.39416e+07,0.756754
3.37303,0.798809,4.39351e+07,10059.5,4.39451e+07,0.756756
3.37349,0.798809,4.39386e+07,10057.6,4.39487e+07,0.756758
3.37394,0.798809,4.39422e+07,10055.6,4.39522e+07,0.75676
3.3744,0.798808,4.39457e+07,10053.7,4.39558e+07,0.756762
3.37486,0.798808,4.39493e+07,10051.7,4.39593e+07,0.756764
3.37531,0.798808,4.39528e+07,10049.7,4.39628e+07,0.756766
3.37577,0.798807,4.39563e+07,10047.8,4.39664e+07,0.756768
3.37622,0.798807,4.39599e+07,10045.8,4.39699e+07,0.75677
3.37668,0.798807,4.39634e+07,10043.9,4.39735e+07,0.756772
3.37714,0.798806,4.3967e+07,10041.9,4.3977e+07,0.756774
3.37759,0.798806,4.39705e+07,10040,4.39806e+07,0.756776
3.37805,0.798806,4.39741e+07,10038,4.39841e+07,0.756778
3.3785,0.798805,4.39776e+07,10036.1,4.39876e+07,0.75678
3.37896,0.798805,4.39811e+07,10034.1,4.39912e+07,0.756782
3.37942,0.798805,4.39847e+07,10032.2,4.39947e+07,0.756784
3.37987,0.798804,4.39882e+07,10030.2,4.39982e+07,0.756786
3.38033,0.798804,4.39917e+07,10028.3,4.40018e+07,0.756788
3.38078,0.798804,4.39953e+07,10026.3,4.40053e+07,0.75679
3.38124,0.798803,4.39988e+07,10024.4,4.40088e+07,0.756792
3.3817,0.798803,4.40023e+07,10022.4,4.40124e+07,0.756794
3.38215,0.798803,4.40059e+07,10020.5,4.40159e+07,0.756796
3.38261,0.798802,4.40094e+07,10018.5,4.40194e+07,0.756798
3.38306,0.798802,4.40129e+07,10016.6,4.40229e+07,0.7568
3.38352,0.798802,4.40164e+07,10014.6,4.40265e+07,0.756802
3.38398,0.798801,4.402e+07,10012.7,4.403e+07,0.756804
3.38443,0.798801,4.40235e+07,10010.8,4.40335e+07,0.756806
3.38489,0.798801,4.4027e+07,10008.8,4.4037e+07,0.756808
3.38534,0.7988,4.40305e+07,10006.9,4.40405e+07,0.75681
3.3858,0.7988,4.40341e+07,10004.9,4.40441e+07,0.756812
3.38626,0.7988,4.40376e+07,10003,4.40476e+07,0.756814
3.38671,0.798799,4.40411e+07,10001,4.40511e+07,0.756816
3.38717,0.798799,4.40446e+07,9999.1,4.40546e+07,0.756818
3.38762,0.798799,4.40481e+07,9997.16,4.40581e+07,0.75682
3.38808,0.798798,4.40516e+07,9995.22,4.40616e+07,0.756822
3.38854,0.798798,4.40551e+07,9993.28,4.40651e+07,0.756824
3.38899,0.798798,4.40587e+07,9991.35,4.40686e+07,0.756826
3.38945,0.798797,4.40622e+07,9989.41,4.40722e+07,0.756828
3.3899,0.798797,4.40657e+07,9987.47,4.40757e+07,0.75683
3.39036,0.798797,4.40692e+07,9985.54,4.40792e+07,0.756832
3.39082,0.798796,4.40727e+07,9983.6,4.40827e+07,0.756834
3.39127,0.798796,4.40762e+07,9981.67,4.40862e+07,0.756836
3.39173,0.798796,4.40797e+07,9979.73,4.40897e+07,0.756838
3.39218,0.798795,4.40832e+07,9977.8,4.40932e+07,0.75684
3.39264,0.798795,4.40867e+07,9975.86,4.40967e+07,0.756842
3.3931,0.798795,4.40902e+07,9973.93,4.41002e+07,0.756844
3.39355,0.798794,4.40937e+07,9972,4.41037e+07,0.756846
3.39401,0.798794,4.40972e+07,9970.07,4.41072e+07,0.756848
3.39446,0.798794,4.41007e+07,9968.14,4.41107e+07,0.75685
3.39492,0.798793,4.41042e+07,9966.21,4.41141e+07,0.756852
3.39538,0.798793,4.41077e+07,9964.28,4.41176e+07,0.756854
3.39583,0.798793,4.41112e+07,9962.35,4.41211e+07,0.756856
3.39629,0.798792,4.41147e+07,9960.42,4.41246e+07,0.756858
3.39674,0.798792,4.41181e+07,9958.49,4.41281e+07,0.75686
3.3972,0.798792,4.41216e+07,9956.57,4.41316e+07,0.756862
3.39766,0.798791,4.41251e+07,9954.64,4.41351e+07,0.756864
3.39811,0.798791,4.41286e+07,9952.72,4.41386e+07,0.756866
3.39857,0.798791,4.41321e+07,9950.79,4.4142e+07,0.756868
3.39902,0.79879,4.41356e+07,9948.87,4.41455e+07,0.75687
3.39948,0.79879,4.41391e+07,9946.94,4.4149e+07,0.756872
3.39994,0.79879,4.41425e+07,9945.02,4.41525e+07,0.756874
3.40039,0.798789,4.4146e+07,9943.1,4.4156e+07,0.756875
3.40085,0.798789,4.41495e+07,9941.17,4.41594e+07,0.756877
3.4013,0.798789,4.4153e+07,9939.25,4.41629e+07,0.756879
3.40176,0.798788,4.41565e+07,9937.33,4.41664e+07,0.756881
3.40222,0.798788,4.41599e+07,9935.41,4.41699e+07,0.756883
3.40267,0.798788,4.41634e+07,9933.49,4.41733e+07,0.756885
3.40313,0.798787,4.41669e+07,9931.57,4.41768e+07,0.756887
3.40358,0.798787,4.41703e+07,9929.66,4.41803e+07,0.756889
3.40404,0.798787,4.41738e+07,9927.74,4.41837e+07,0.756891
3.4045,0.798786,4.41773e+07,9925.82,4.41872e+07,0.756893
3.40495,0.798786,4.41808e+07,9923.9,4.41907e+07,0.756895
3.40541,0.798786,4.41842e+07,9921.99,4.41941e+07,0.756897
3.40586,0.798785,4.41877e+07,9920.07,4.41976e+07,0.756899
3.40632,0.798785,4.41912e+07,9918.16,4.42011e+07,0.756901
3.40678,0.798785,4.41946e+07,9916.24,4.42045e+07,0.756903
3.40723,0.798784,4.41981e+07,9914.33,4.4208e+07,0.756905
3.40769,0.798784,4.42015e+07,9912.42,4.42115e+07,0.756907
3.40814,0.798784,4.4205e+07,9910.5,4.42149e+07,0.756909
3.4086,0.798783,4.42085e+07,9908.59,4.42184e+07,0.756911
3.40906,0.798783,4.42119e+07,9906.68,4.42218e+07,0.756913
3.40951,0.798783,4.42154e+07,9904.77,4.42253e+07,0.756915
3.40997,0.798782,4.42188e+07,9902.86,4.42287e+07,0.756917
3.41042,0.798782,4.42223e+07,9900.95,4.42322e+07,0.756919
3.41088,0.798782,4.42257e+07,9899.04,4.42356e+07,0.756921
3.41134,0.798781,4.42292e+07,9897.13,4.42391e+07,0.756923
3.41179,0.798781,4.42326e+07,9895.23,4.42425e+07,0.756924
3.41225,0.798781,4.42361e+07,9893.32,4.4246e+07,0.756926
3.4127,0.79878,4.42395e+07,9891.41,4.42494e+07,0.756928
3.41316,0.79878,4.4243e+07,9889.51,4.42529e+07,0.75693
3.41362,0.79878,4.42464e+07,9887.6,4.42563e+07,0.756932
3.41407,0.798779,4.42499e+07,9885.7,4.42597e+07,0.756934
3.41453,0.798779,4.42533e+07,9883.79,4.42632e+07,0.756936
3.41498,0.798779,4.42567e+07,9881.89,4.42666e+07,0.756938
3.41544,0.798778,4.42602e+07,9879.99,4.42701e+07,0.75694
3.4159,0.798778,4.42636e+07,9878.09,4.42735e+07,0.756942
3.41635,0.798778,4.42671e+07,9876.18,4.42769e+07,0.756944
3.41681,0.798777,4.42705e+07,9874.28,4.42804e+07,0.756946
3.41726,0.798777,4.42739e+07,9872.38,4.42838e+07,0.756948
3.41772,0.798777,4.42774e+07,9870.48,4.42872e+07,0.75695
3.41818,0.798776,4.42808e+07,9868.58,4.42907e+07,0.756952
3.41863,0.798776,4.42842e+07,9866.69,4.42941e+07,0.756954
3.41909,0.798776,4.42877e+07,9864.79,4.42975e+07,0.756956
3.41954,0.798775,4.42911e+07,9862.89,4.4301e+07,0.756958
3.42,0.798775,4.42945e+07,9860.99,4.43044e+07,0.756959
3.42046,0.798775,4.4298e+07,9859.1,4.43078e+07,0.756961
3.42091,0.798774,4.43014e+07,9857.2,4.43112e+07,0.756963
3.42137,0.798774,4.43048e+07,9855.31,4.43147e+07,0.756965
3.42182,0.798774,4.43082e+07,9853.41,4.43181e+07,0.756967
3.42228,0.798773,4.43116e+07,9851.52,4.43215e+07,0.756969
3.42274,0.798773,4.43151e+07,9849.63,4.43249e+07,0.756971
3.42319,0.798773,4.43185e+07,9847.73,4.43283e+07,0.756973
3.42365,0.798772,4.43219e+07,9845.84,4.43318e+07,0.756975
3.4241,0.798772,4.43253e+07,9843.95,4.43352e+07,0.756977
3.42456,0.798772,4.43287e+07,9842.06,4.43386e+07,0.756979
3.42502,0.798771,4.43322e+07,9840.17,4.4342e+07,0.756981
3.42547,0.798771,4.43356e+07,9838.28,4.43454e+07,0.756983
3.42593,0.798771,4.4339e+07,9836.39,4.43488e+07,0.756985
3.42638,0.79877,4.43424e+07,9834.5,4.43522e+07,0.756986
3.42684,0.79877,4.43458e+07,9832.61,4.43556e+07,0.756988
3.4273,0.79877,4.43492e+07,9830.73,4.4359e+07,0.75699
3.42775,0.798769,4.43526e+07,9828.84,4.43625e+07,0.756992
3.42821,0.798769,4.4356e+07,9826.95,4.43659e+07,0.756994
3.42866,0.798769,4.43594e+07,9825.07,4.43693e+07,0.756996
3.42912,0.798768,4.43628e+07,9823.18,4.43727e+07,0.756998
3.42958,0.798768,4.43662e+07,9821.3,4.43761e+07,0.757
3.43003,0.798767,4.43696e+07,9819.41,4.43795e+07,0.757002
3.43049,0.798767,4.4373e+07,9817.53,4.43829e+07,0.757004
3.43094,0.798767,4.43764e+07,9815.65,4.43863e+07,0.757006
3.4314,0.798766,4.43798e+07,9813.77,4.43897e+07,0.757008
3.43186,0.798766,4.43832e+07,9811.88,4.43931e+07,0.75701
3.43231,0.798766,4.43866e+07,9810,4.43964e+07,0.757011
3.43277,0.798765,4.439e+07,9808.12,4.43998e+07,0.757013
3.43322,0.798765,4.43934e+07,9806.24,4.44032e+07,0.757015
3.43368,0.798765,4.43968e+07,9804.37,4.44066e+07,0.757017
3.43414,0.798764,4.44002e+07,9802.49,4.441e+07,0.757019
3.43459,0.798764,4.44036e+07,9800.61,4.44134e+07,0.757021
3.43505,0.798764,4.4407e+07,9798.73,4.44168e+07,0.757023
3.4355,0.798763,4.44104e+07,9796.85,4.44202e+07,0.757025
3.43596,0.798763,4.44138e+07,9794.98,4.44236e+07,0.757027
3.43642,0.798763,4.44171e+07,9793.1,4.44269e+07,0.757029
3.43687,0.798762,4.44205e+07,9791.23,4.44303e+07,0.757031
3.43733,0.798762,4.44239e+07,9789.35,4.44337e+07,0.757032
3.43778,0.798762,4.44273e+07,9787.48,4.44371e+07,0.757034
3.43824,0.798761,4.44307e+07,9785.61,4.44405e+07,0.757036
3.4387,0.798761,4.44341e+07,9783.73,4.44438e+07,0.757038
3.43915,0.798761,4.44374e+07,9781.86,4.44472e+07,0.75704
3.43961,0.79876,4.44408e+07,9779.99,4.44506e+07,0.757042
3.44006,0.79876,4.44442e+07,9778.12,4.4454e+07,0.757044
3.44052,0.79876,4.44476e+07,9776.25,4.44573e+07,0.757046
3.44098,0.798759,4.44509e+07,9774.38,4.44607e+07,0.757048
3.44143,0.798759,4.44543e+07,9772.51,4.44641e+07,0.75705
3.44189,0.798759,4.44577e+07,9770.64,4.44675e+07,0.757051
3.44234,0.798758,4.44611e+07,9768.77,4.44708e+07,0.757053
3.4428,0.798758,4.44644e+07,9766.91,4.44742e+07,0.757055
3.44326,0.798758,4.44678e+07,9765.04,4.44776e+07,0.757057
3.44371,0.798757,4.44712e+07,9763.17,4.44809e+07,0.757059
3.44417,0.798757,4.44745e+07,9761.31,4.44843e+07,0.757061
3.44462,0.798757,4.44779e+07,9759.44,4.44876e+07,0.757063
3.44508,0.798756,4.44812e+07,9757.58,4.4491e+07,0.757065
3.44554,0.798756,4.44846e+07,9755.72,4.44944e+07,0.757067
3.44599,0.798756,4.4488e+07,9753.85,4.44977e+07,0.757068
3.44645,0.798755,4.44913e+07,9751.99,4.45011e+07,0.75707
3.4469,0.798755,4.44947e+07,9750.13,4.45044e+07,0.757072
3.44736,0.798755,4.4498e+07,9748.27,4.45078e+07,0.757074
3.44782,0.798754,4.45014e+07,9746.4,4.45111e+07,0.757076
3.44827,0.798754,4.45048e+07,9744.54,4.45145e+07,0.757078
3.44873,0.798754,4.45081e+07,9742.68,4.45179e+07,0.75708
3.44918,0.798753,4.45115e+07,9740.83,4.45212e+07,0.757082
3.44964,0.798753,4.45148e+07,9738.97,4.45245e+07,0.757084
3.4501,0.798753,4.45182e+07,9737.11,4.45279e+07,0.757085
3.45055,0.798752,4.45215e+07,9735.25,4.45312e+07,0.757087
3.45101,0.798752,4.45249e+07,9733.39,4.45346e+07,0.757089
3.45146,0.798752,4.45282e+07,9731.54,4.45379e+07,0.757091
3.45192,0.798751,4.45315e+07,9729.68,4.45413e+07,0.757093
3.45238,0.798751,4.45349e+07,9727.83,4.45446e+07,0.757095
3.45283,0.798751,4.45382e+07,9725.97,4.4548e+07,0.757097
3.45329,0.79875,4.45416e+07,9724.12,4.45513e+07,0.757099
3.45374,0.79875,4.45449e+07,9722.26,4.45546e+07,0.7571
3.4542,0.79875,4.45483e+07,9720.41,4.4558e+07,0.757102
3.45466,0.798749,4.45516e+07,9718.56,4.45613e+07,0.757104
3.45511,0.798749,4.45549e+07,9716.71,4.45647e+07,0.757106
3.45557,0.798749,4.45583e+07,9714.86,4.4568e+07,0.757108
3.45602,0.798748,4.45616e+07,9713.01,4.45713e+07,0.75711
3.45648,0.798748,4.45649e+07,9711.16,4.45746e+07,0.757112
3.45694,0.798748,4.45683e+07,9709.31,4.4578e+07,0.757114
3.45739,0.798747,4.45716e+07,9707.46,4.45813e+07,0.757115
3.45785,0.798747,4.45749e+07,9705.61,4.45846e+07,0.757117
3.4583,0.798747,4.45783e+07,9703.76,4.4588e+07,0.757119
3.45876,0.798746,4.45816e+07,9701.92,4.45913e+07,0.757121
3.45922,0.798746,4.45849e+07,9700.07,4.45946e+07,0.757123
3.45967,0.798746,4.45882e+07,9698.22,4.45979e+07,0.757125
3.46013,0.798745,4.45916e+07,9696.38,4.46013e+07,0.757127
3.46058,0.798745,4.45949e+07,9694.53,4.46046e+07,0.757128
3.46104,0.798745,4.45982e+07,9692.69,4.46079e+07,0.75713
3.4615,0.798744,4.46015e+07,9690.84,4.46112e+07,0.757132
3.46195,0.798744,4.46048e+07,9689,4.46145e+07,0.757134
3.46241,0.798744,4.46082e+07,9687.16,4.46179e+07,0.757136
3.46286,0.798743,4.46115e+07,9685.32,4.46212e+07,0.757138
3.46332,0.798743,4.46148e+07,9683.48,4.46245e+07,0.75714
3.46378,0.798743,4.46181e+07,9681.63,4.46278e+07,0.757142
3.46423,0.798742,4.46214e+07,9679.79,4.46311e+07,0.757143
3.46469,0.798742,4.46247e+07,9677.95,4.46344e+07,0.757145
3.46514,0.798742,4.46281e+07,9676.12,4.46377e+07,0.757147
3.4656,0.798741,4.46314e+07,9674.28,4.4641e+07,0.757149
3.46606,0.798741,4.46347e+07,9672.44,4.46443e+07,0.757151
3.46651,0.79874,4.4638e+07,9670.6,4.46477e+07,0.757153
3.46697,0.79874,4.46413e+07,9668.76,4.4651e+07,0.757155
3.46742,0.79874,4.46446e+07,9666.93,4.46543e+07,0.757156
3.46788,0.798739,4.46479e+07,9665.09,4.46576e+07,0.757158
3.46834,0.798739,4.46512e+07,9663.26,4.46609e+07,0.75716
3.46879,0.798739,4.46545e+07,9661.42,4.46642e+07,0.757162
3.46925,0.798738,4.46578e+07,9659.59,4.46675e+07,0.757164
3.4697,0.798738,4.46611e+07,9657.76,4.46708e+07,0.757166
3.47016,0.798738,4.46644e+07,9655.92,4.46741e+07,0.757167
3.47062,0.798737,4.46677e+07,9654.09,4.46774e+07,0.757169
3.47107,0.798737,4.4671e+07,9652.26,4.46806e+07,0.757171
3.47153,0.798737,4.46743e+07,9650.43,4.46839e+07,0.757173
3.47198,0.798736,4.46776e+07,9648.6,4.46872e+07,0.757175
3.47244,0.798736,4.46809e+07,9646.77,4.46905e+07,0.757177
3.4729,0.798736,4.46842e+07,9644.94,4.46938e+07,0.757179
3.47335,0.798735,4.46875e+07,9643.11,4.46971e+07,0.75718
3.47381,0.798735,4.46907e+07,9641.28,4.47004e+07,0.757182
3.47426,0.798735,4.4694e+07,9639.45,4.47037e+07,0.757184
3.47472,0.798734,4.46973e+07,9637.63,4.4707e+07,0.757186
3.47518,0.798734,4.47006e+07,9635.8,4.47102e+07,0.757188
3.47563,0.798734,4.47039e+07,9633.97,4.47135e+07,0.75719
3.47609,0.798733,4.47072e+07,9632.15,4.47168e+07,0.757191
3.47654,0.798733,4.47105e+07,9630.32,4.47201e+07,0.757193
3.477,0.798733,4.47137e+07,9628.5,4.47234e+07,0.757195
3.47746,0.798732,4.4717e+07,9626.67,4.47266e+07,0.757197
3.47791,0.798732,4.47203e+07,9624.85,4.47299e+07,0.757199
3.47837,0.798732,4.47236e+07,9623.03,4.47332e+07,0.757201
3.47882,0.798731,4.47269e+07,9621.21,4.47365e+07,0.757202
3.47928,0.798731,4.47301e+07,9619.39,4.47398e+07,0.757204
3.47974,0.798731,4.47334e+07,9617.56,4.4743e+07,0.757206
3.48019,0.79873,4.47367e+07,9615.74,4.47463e+07,0.757208
3.48065,0.79873,4.474e+07,9613.92,4.47496e+07,0.75721
3.4811,0.79873,4.47432e+07,9612.1,4.47528e+07,0.757212
3.48156,0.798729,4.47465e+07,9610.29,4.47561e+07,0.757213
3.48202,0.798729,4.47498e+07,9608.47,4.47594e+07,0.757215
3.48247,0.798729,4.4753e+07,9606.65,4.47626e+07,0.757217
3.48293,0.798728,4.47563e+07,9604.83,4.47659e+07,0.757219
3.48338,0.798728,4.47596e+07,9603.02,4.47692e+07,0.757221
3.48384,0.798728,4.47628e+07,9601.2,4.47724e+07,0.757223
3.4843,0.798727,4.47661e+07,9599.39,4.47757e+07,0.757224
3.48475,0.798727,4.47693e+07,9597.57,4.47789e+07,0.757226
3.48521,0.798727,4.47726e+07,9595.76,4.47822e+07,0.757228
3.48566,0.798726,4.47759e+07,9593.94,4.47855e+07,0.75723
3.48612,0.798726,4.47791e+07,9592.13,4.47887e+07,0.757232
3.48658,0.798726,4.47824e+07,9590.32,4.4792e+07,0.757233
3.48703,0.798725,4.47856e+07,9588.51,4.47952e+07,0.757235
3.48749,0.798725,4.47889e+07,9586.69,4.47985e+07,0.757237
3.48794,0.798725,4.47921e+07,9584.88,4.48017e+07,0.757239
3.4884,0.798724,4.47954e+07,9583.07,4.4805e+07,0.757241
3.48886,0.798724,4.47987e+07,9581.26,4.48082e+07,0.757243
3.48931,0.798724,4.48019e+07,9579.45,4.48115e+07,0.757244
3.48977,0.798723,4.48052e+07,9577.64,4.48147e+07,0.757246
3.49022,0.798723,4.48084e+07,9575.84,4.4818e+07,0.757248
3.49068,0.798723,4.48116e+07,9574.03,4.48212e+07,0.75725
3.49114,0.798722,4.48149e+07,9572.22,4.48245e+07,0.757252
3.49159,0.798722,4.48181e+07,9570.42,4.48277e+07,0.757253
3.49205,0.798722,4.48214e+07,9568.61,4.48309e+07,0.757255
3.4925,0.798721,4.48246e+07,9566.8,4.48342e+07,0.757257
3.49296,0.798721,4.48279e+07,9565,4.48374e+07,0.757259
3.49342,0.79872,4.48311e+07,9563.2,4.48407e+07,0.757261
3.49387,0.79872,4.48343e+07,9561.39,4.48439e+07,0.757262
3.49433,0.79872,4.48376e+07,9559.59,4.48471e+07,0.757264
3.49478,0.798719,4.48408e+07,9557.79,4.48504e+07,0.757266
3.49524,0.798719,4.48441e+07,9555.98,4.48536e+07,0.757268
3.4957,0.798719,4.48473e+07,9554.18,4.48568e+07,0.75727
3.49615,0.798718,4.48505e+07,9552.38,4.48601e+07,0.757271
3.49661,0.798718,4.48537e+07,9550.58,4.48633e+07,0.757273
3.49706,0.798718,4.4857e+07,9548.78,4.48665e+07,0.757275
3.49752,0.798717,4.48602e+07,9546.98,4.48698e+07,0.757277
3.49798,0.798717,4.48634e+07,9545.18,4.4873e+07,0.757279
3.49843,0.798717,4.48667e+07,9543.39,4.48762e+07,0.75728
3.49889,0.798716,4.48699e+07,9541.59,4.48794e+07,0.757282
3.49934,0.798716,4.48731e+07,9539.79,4.48827e+07,0.757284
3.4998,0.798716,4.48763e+07,9538,4.48859e+07,0.757286
3.50026,0.798715,4.48796e+07,9536.2,4.48891e+07,0.757288
3.50071,0.798715,4.48828e+07,9534.4,4.48923e+07,0.757289
3.50117,0.798715,4.4886e+07,9532.61,4.48955e+07,0.757291
3.50162,0.798714,4.48892e+07,9530.81,4.48988e+07,0.757293
3.50208,0.798714,4.48924e+07,9529.02,4.4902e+07,0.757295
3.50254,0.798714,4.48957e+07,9527.23,4.49052e+07,0.757297
3.50299,0.798713,4.48989e+07,9525.44,4.49084e+07,0.757298
3.50345,0.798713,4.49021e+07,9523.64,4.49116e+07,0.7573
3.5039,0.798713,4.49053e+07,9521.85,4.49148e+07,0.757302
3.50436,0.798712,4.49085e+07,9520.06,4.4918e+07,0.757304
3.50482,0.798712,4.49117e+07,9518.27,4.49212e+07,0.757306
3.50527,0.798712,4.49149e+07,9516.48,4.49245e+07,0.757307
3.50573,0.798711,4.49181e+07,9514.69,4.49277e+07,0.757309
3.50618,0.798711,4.49214e+07,9512.9,4.49309e+07,0.757311
3.50664,0.798711,4.49246e+07,9511.11,4.49341e+07,0.757313
3.5071,0.79871,4.49278e+07,9509.33,4.49373e+07,0.757315
3.50755,0.79871,4.4931e+07,9507.54,4.49405e+07,0.757316
3.50801,0.79871,4.49342e+07,9505.75,4.49437e+07,0.757318
3.50846,0.798709,4.49374e+07,9503.97,4.49469e+07,0.75732
3.50892,0.798709,4.49406e+07,9502.18,4.49501e+07,0.757322
3.50938,0.798709,4.49438e+07,9500.4,4.49533e+07,0.757323
3.50983,0.798708,4.4947e+07,9498.61,4.49565e+07,0.757325
3.51029,0.798708,4.49502e+07,9496.83,4.49597e+07,0.757327
3.51074,0.798708,4.49534e+07,9495.05,4.49629e+07,0.757329
3.5112,0.798707,4.49566e+07,9493.26,4.49661e+07,0.757331
3.51166,0.798707,4.49598e+07,9491.48,4.49693e+07,0.757332
3.51211,0.798707,4.4963e+07,9489.7,4.49724e+07,0.757334
3.51257,0.798706,4.49662e+07,9487.92,4.49756e+07,0.757336
3.51302,0.798706,4.49693e+07,9486.14,4.49788e+07,0.757338
3.51348,0.798706,4.49725e+07,9484.36,4.4982e+07,0.757339
3.51394,0.798705,4.49757e+07,9482.58,4.49852e+07,0.757341
3.51439,0.798705,4.49789e+07,9480.8,4.49884e+07,0.757343
3.51485,0.798704,4.49821e+07,9479.02,4.49916e+07,0.757345
3.5153,0.798704,4.49853e+07,9477.24,4.49948e+07,0.757346
3.51576,0.798704,4.49885e+07,9475.47,4.49979e+07,0.757348
3.51622,0.798703,4.49916e+07,9473.69,4.50011e+07,0.75735
3.51667,0.798703,4.49948e+07,9471.91,4.50043e+07,0.757352
3.51713,0.798703,4.4998e+07,9470.14,4.50075e+07,0.757354
3.51758,0.798702,4.50012e+07,9468.36,4.50107e+07,0.757355
3.51804,0.798702,4.50044e+07,9466.59,4.50138e+07,0.757357
3.5185,0.798702,4.50075e+07,9464.81,4.5017e+07,0.757359
3.51895,0.798701,4.50107e+07,9463.04,4.50202e+07,0.757361
3.51941,0.798701,4.50139e+07,9461.27,4.50234e+07,0.757362
3.51986,0.798701,4.50171e+07,9459.5,4.50265e+07,0.757364
3.52032,0.7987,4.50202e+07,9457.72,4.50297e+07,0.757366
3.52078,0.7987,4.50234e+07,9455.95,4.50329e+07,0.757368
3.52123,0.7987,4.50266e+07,9454.18,4.5036e+07,0.757369
3.52169,0.798699,4.50298e+07,9452.41,4.50392e+07,0.757371
3.52214,0.798699,4.50329e+07,9450.64,4.50424e+07,0.757373
3.5226,0.798699,4.50361e+07,9448.87,4.50455e+07,0.757375
3.52306,0.798698,4.50393e+07,9447.1,4.50487e+07,0.757376
3.52351,0.798698,4.50424e+07,9445.34,4.50519e+07,0.757378
3.52397,0.798698,4.50456e+07,9443.57,4.5055e+07,0.75738
3.52442,0.798697,4.50488e+07,9441.8,4.50582e+07,0.757382
3.52488,0.798697,4.50519e+07,9440.03,4.50614e+07,0.757384
3.52534,0.798697,4.50551e+07,9438.27,4.50645e+07,0.757385
3.52579,0.798696,4.50582e+07,9436.5,4.50677e+07,0.757387
3.52625,0.798696,4.50614e+07,9434.74,4.50708e+07,0.757389
3.5267,0.798696,4.50646e+07,9432.97,4.5074e+07,0.757391
3.52716,0.798695,4.50677e+07,9431.21,4.50771e+07,0.757392
3.52762,0.798695,4.50709e+07,9429.45,4.50803e+07,0.757394
3.52807,0.798695,4.5074e+07,9427.68,4.50834e+07,0.757396
3.52853,0.798694,4.50772e+07,9425.92,4.50866e+07,0.757398
3.52898,0.798694,4.50803e+07,9424.16,4.50897e+07,0.757399
3.52944,0.798694,4.50835e+07,9422.4,4.50929e+07,0.757401
3.5299,0.798693,4.50866e+07,9420.64,4.5096e+07,0.757403
3.53035,0.798693,4.50898e+07,9418.88,4.50992e+07,0.757405
3.53081,0.798693,4.50929e+07,9417.12,4.51023e+07,0.757406
3.53126,0.798692,4.50961e+07,9415.36,4.51055e+07,0.757408
3.53172,0.798692,4.50992e+07,9413.6,4.51086e+07,0.75741
3.53218,0.798691,4.51024e+07,9411.85,4.51118e+07,0.757412
3.53263,0.798691,4.51055e+07,9410.09,4.51149e+07,0.757413
3.53309,0.798691,4.51086e+07,9408.33,4.5118e+07,0.757415
3.53354,0.79869,4.51118e+07,9406.58,4.51212e+07,0.757417
3.534,0.79869,4.51149e+07,9404.82,4.51243e+07,0.757418
3.53446,0.79869,4.51181e+07,9403.06,4.51275e+07,0.75742
3.53491,0.798689,4.51212e+07,9401.31,4.51306e+07,0.757422
3.53537,0.798689,4.51243e+07,9399.56,4.51337e+07,0.757424
3.53582,0.798689,4.51275e+07,9397.8,4.51369e+07,0.757425
3.53628,0.798688,4.51306e+07,9396.05,4.514e+07,0.757427
3.53674,0.798688,4.51337e+07,9394.3,4.51431e+07,0.757429
3.53719,0.798688,4.51369e+07,9392.54,4.51463e+07,0.757431
3.53765,0.798687,4.514e+07,9390.79,4.51494e+07,0.757432
3.5381,0.798687,4.51431e+07,9389.04,4.51525e+07,0.757434
3.53856,0.798687,4.51463e+07,9387.29,4.51556e+07,0.757436
3.53902,0.798686,4.51494e+07,9385.54,4.51588e+07,0.757438
3.53947,0.798686,4.51525e+07,9383.79,4.51619e+07,0.757439
3.53993,0.798686,4.51556e+07,9382.04,4.5165e+07,0.757441
3.54038,0.798685,4.51588e+07,9380.3,4.51681e+07,0.757443
3.54084,0.798685,4.51619e+07,9378.55,4.51713e+07,0.757444
3.5413,0.798685,4.5165e+07,9376.8,4.51744e+07,0.757446
3.54175,0.798684,4.51681e+07,9375.05,4.51775e+07,0.757448
3.54221,0.798684,4.51712e+07,9373.31,4.51806e+07,0.75745
3.54266,0.798684,4.51744e+07,9371.56,4.51837e+07,0.757451
3.54312,0.798683,4.51775e+07,9369.82,4.51869e+07,0.757453
3.54358,0.798683,4.51806e+07,9368.07,4.519e+07,0.757455
3.54403,0.798683,4.51837e+07,9366.33,4.51931e+07,0.757457
3.54449,0.798682,4.51868e+07,9364.59,4.51962e+07,0.757458
3.54494,0.798682,4.51899e+07,9362.84,4.51993e+07,0.75746
3.5454,0.798682,4.51931e+07,9361.1,4.52024e+07,0.757462
3.54586,0.798681,4.51962e+07,9359.36,4.52055e+07,0.757463
3.54631,0.798681,4.51993e+07,9357.62,4.52086e+07,0.757465
3.54677,0.798681,4.52024e+07,9355.88,4.52117e+07,0.757467
3.54722,0.79868,4.52055e+07,9354.14,4.52148e+07,0.757469
3.54768,0.79868,4.52086e+07,9352.4,4.52179e+07,0.75747
3.54814,0.79868,4.52117e+07,9350.66,4.52211e+07,0.757472
3.54859,0.798679,4.52148e+07,9348.92,4.52242e+07,0.757474
3.54905,0.798679,4.52179e+07,9347.18,4.52273e+07,0.757476
3.5495,0.798678,4.5221e+07,9345.44,4.52304e+07,0.757477
3.54996,0.798678,4.52241e+07,9343.71,4.52335e+07,0.757479
3.55042,0.798678,4.52272e+07,9341.97,4.52366e+07,0.757481
3.55087,0.798677,4.52303e+07,9340.23,4.52397e+07,0.757482
3.55133,0.798677,4.52334e+07,9338.5,4.52427e+07,0.757484
3.55178,0.798677,4.52365e+07,9336.76,4.52458e+07,0.757486
3.55224,0.798676,4.52396e+07,9335.03,4.52489e+07,0.757487
3.5527,0.798676,4.52427e+07,9333.29,4.5252e+07,0.757489
3.55315,0.798676,4.52458e+07,9331.56,4.52551e+07,0.757491
3.55361,0.798675,4.52489e+07,9329.83,4.52582e+07,0.757493
3.55406,0.798675,4.5252e+07,9328.1,4.52613e+07,0.757494
3.55452,0.798675,4.52551e+07,9326.36,4.52644e+07,0.757496
3.55498,0.798674,4.52582e+07,9324.63,4.52675e+07,0.757498
3.55543,0.798674,4.52612e+07,9322.9,4.52706e+07,0.757499
3.55589,0.798674,4.52643e+07,9321.17,4.52736e+07,0.757501
3.55634,0.798673,4.52674e+07,9319.44,4.52767e+07,0.757503
3.5568,0.798673,4.52705e+07,9317.71,4.52798e+07,0.757505
3.55726,0.798673,4.52736e+07,9315.98,4.52829e+07,0.757506
3.55771,0.798672,4.52767e+07,9314.26,4.5286e+07,0.757508
3.55817,0.798672,4.52797e+07,9312.53,4.52891e+07,0.75751
3.55862,0.798672,4.52828e+07,9310.8,4.52921e+07,0.757511
3.55908,0.798671,4.52859e+07,9309.08,4.52952e+07,0.757513
3.55954,0.798671,4.5289e+07,9307.35,4.52983e+07,0.757515
3.55999,0.798671,4.52921e+07,9305.62,4.53014e+07,0.757516
3.56045,0.79867,4.52951e+07,9303.9,4.53044e+07,0.757518
3.5609,0.79867,4.52982e+07,9302.17,4.53075e+07,0.75752
3.56136,0.79867,4.53013e+07,9300.45,4.53106e+07,0.757522
3.56182,0.798669,4.53044e+07,9298.73,4.53137e+07,0.757523
3.56227,0.798669,4.53074e+07,9297,4.53167e+07,0.757525
3.56273,0.798669,4.53105e+07,9295.28,4.53198e+07,0.757527
3.56318,0.798668,4.53136e+07,9293.56,4.53229e+07,0.757528
3.56364,0.798668,4.53166e+07,9291.84,4.53259e+07,0.75753
3.5641,0.798667,4.53197e+07,9290.12,4.5329e+07,0.757532
3.56455,0.798667,4.53228e+07,9288.4,4.53321e+07,0.757533
3.56501,0.798667,4.53258e+07,9286.68,4.53351e+07,0.757535
3.56546,0.798666,4.53289e+07,9284.96,4.53382e+07,0.757537
3.56592,0.798666,4.5332e+07,9283.24,4.53412e+07,0.757539
3.56638,0.798666,4.5335e+07,9281.52,4.53443e+07,0.75754
3.56683,0.798665,4.53381e+07,9279.8,4.53474e+07,0.757542
3.56729,0.798665,4.53411e+07,9278.09,4.53504e+07,0.757544
3.56774,0.798665,4.53442e+07,9276.37,4.53535e+07,0.757545
3.5682,0.798664,4.53473e+07,9274.65,4.53565e+07,0.757547
3.56866,0.798664,4.53503e+07,9272.94,4.53596e+07,0.757549
3.56911,0.798664,4.53534e+07,9271.22,4.53626e+07,0.75755
3.56957,0.798663,4.53564e+07,9269.51,4.53657e+07,0.757552
3.57002,0.798663,4.53595e+07,9267.79,4.53687e+07,0.757554
3.57048,0.798663,4.53625e+07,9266.08,4.53718e+07,0.757555
3.57094,0.798662,4.53656e+07,9264.37,4.53748e+07,0.757557
3.57139,0.798662,4.53686e+07,9262.65,4.53779e+07,0.757559
3.57185,0.798662,4.53717e+07,9260.94,4.53809e+07,0.75756
3.5723,0.798661,4.53747e+07,9259.23,4.5384e+07,0.757562
3.57276,0.798661,4.53778e+07,9257.52,4.5387e+07,0.757564
3.57322,0.798661,4.53808e+07,9255.81,4.53901e+07,0.757565
3.57367,0.79866,4.53839e+07,9254.1,4.53931e+07,0.757567
3.57413,0.79866,4.53869e+07,9252.39,4.53962e+07,0.757569
3.57458,0.79866,4.53899e+07,9250.68,4.53992e+07,0.75757
3.57504,0.798659,4.5393e+07,9248.97,4.54022e+07,0.757572
3.5755,0.798659,4.5396e+07,9247.26,4.54053e+07,0.757574
3.57595,0.798659,4.53991e+07,9245.56,4.54083e+07,0.757576
3.57641,0.798658,4.54021e+07,9243.85,4.54113e+07,0.757577
3.57686,0.798658,4.54051e+07,9242.14,4.54144e+07,0.757579
3.57732,0.798658,4.54082e+07,9240.44,4.54174e+07,0.757581
3.57778,0.798657,4.54112e+07,9238.73,4.54204e+07,0.757582
3.57823,0.798657,4.54142e+07,9237.03,4.54235e+07,0.757584
3.57869,0.798656,4.54173e+07,9235.32,4.54265e+07,0.757586
3.57914,0.798656,4.54203e+07,9233.62,4.54295e+07,0.757587
3.5796,0.798656,4.54233e+07,9231.92,4.54326e+07,0.757589
3.58006,0.798655,4.54264e+07,9230.21,4.54356e+07,0.757591
3.58051,0.798655,4.54294e+07,9228.51,4.54386e+07,0.757592
3.58097,0.798655,4.54324e+07,9226.81,4.54416e+07,0.757594
3.58142,0.798654,4.54354e+07,9225.11,4.54447e+07,0.757596
3.58188,0.798654,4.54385e+07,9223.41,4.54477e+07,0.757597
3.58234,0.798654,4.54415e+07,9221.71,4.54507e+07,0.757599
3.58279,0.798653,4.54445e+07,9220.01,4.54537e+07,0.757601
3.58325,0.798653,4.54475e+07,9218.31,4.54568e+07,0.757602
3.5837,0.798653,4.54506e+07,9216.61,4.54598e+07,0.757604
3.58416,0.798652,4.54536e+07,9214.91,4.54628e+07,0.757606
3.58462,0.798652,4.54566e+07,9213.21,4.54658e+07,0.757607
3.58507,0.798652,4.54596e+07,9211.52,4.54688e+07,0.757609
3.58553,0.798651,4.54626e+07,9209.82,4.54718e+07,0.75761
3.58598,0.798651,4.54656e+07,9208.12,4.54749e+07,0.757612
3.58644,0.798651,4.54687e+07,9206.43,4.54779e+07,0.757614
3.5869,0.79865,4.54717e+07,9204.73,4.54809e+07,0.757615
3.58735,0.79865,4.54747e+07,9203.04,4.54839e+07,0.757617
3.58781,0.79865,4.54777e+07,9201.35,4.54869e+07,0.757619
3.58826,0.798649,4.54807e+07,9199.65,4.54899e+07,0.75762
3.58872,0.798649,4.54837e+07,9197.96,4.54929e+07,0.757622
3.58918,0.798649,4.54867e+07,9196.27,4.54959e+07,0.757624
3.58963,0.798648,4.54897e+07,9194.57,4.54989e+07,0.757625
3.59009,0.798648,4.54927e+07,9192.88,4.55019e+07,0.757627
3.59054,0.798648,4.54957e+07,9191.19,4.55049e+07,0.757629
3.591,0.798647,4.54987e+07,9189.5,4.55079e+07,0.75763
3.59146,0.798647,4.55017e+07,9187.81,4.55109e+07,0.757632
3.59191,0.798646,4.55047e+07,9186.12,4.55139e+07,0.757634
3.59237,0.798646,4.55077e+07,9184.43,4.55169e+07,0.757635
3.59282,0.798646,4.55107e+07,9182.74,4.55199e+07,0.757637
3.59328,0.798645,4.55137e+07,9181.06,4.55229e+07,0.757639
3.59374,0.798645,4.55167e+07,9179.37,4.55259e+07,0.75764
3.59419,0.798645,4.55197e+07,9177.68,4.55289e+07,0.757642
3.59465,0.798644,4.55227e+07,9176,4.55319e+07,0.757644
3.5951,0.798644,4.55257e+07,9174.31,4.55349e+07,0.757645
3.59556,0.798644,4.55287e+07,9172.62,4.55379e+07,0.757647
3.59602,0.798643,4.55317e+07,9170.94,4.55409e+07,0.757648
3.59647,0.798643,4.55347e+07,9169.25,4.55439e+07,0.75765
3.59693,0.798643,4.55377e+07,9167.57,4.55469e+07,0.757652
3.59738,0.798642,4.55407e+07,9165.89,4.55498e+07,0.757653
3.59784,0.798642,4.55437e+07,9164.2,4.55528e+07,0.757655
3.5983,0.798642,4.55466e+07,9162.52,4.55558e+07,0.757657
3.59875,0.798641,4.55496e+07,9160.84,4.55588e+07,0.757658
3.59921,0.798641,4.55526e+07,9159.16,4.55618e+07,0.75766
3.59966,0.798641,4.55556e+07,9157.48,4.55648e+07,0.757662
3.60012,0.79864,4.55586e+07,9155.8,4.55677e+07,0.757663
3.60058,0.79864,4.55616e+07,9154.12,4.55707e+07,0.757665
3.60103,0.79864,4.55645e+07,9152.44,4.55737e+07,0.757667
3.60149,0.798639,4.55675e+07,9150.76,4.55767e+07,0.757668
3.60194,0.798639,4.55705e+07,9149.08,4.55797e+07,0.75767
3.6024,0.798639,4.55735e+07,9147.4,4.55826e+07,0.757671
3.60286,0.798638,4.55765e+07,9145.73,4.55856e+07,0.757673
3.60331,0.798638,4.55794e+07,9144.05,4.55886e+07,0.757675
3.60377,0.798638,4.55824e+07,9142.37,4.55915e+07,0.757676
3.60422,0.798637,4.55854e+07,9140.7,4.55945e+07,0.757678
3.60468,0.798637,4.55883e+07,9139.02,4.55975e+07,0.75768
3.60514,0.798636,4.55913e+07,9137.35,4.56005e+07,0.757681
3.60559,0.798636,4.55943e+07,9135.67,4.56034e+07,0.757683
3.60605,0.798636,4.55973e+07,9134,4.56064e+07,0.757684
3.6065,0.798635,4.56002e+07,9132.32,4.56094e+07,0.757686
3.60696,0.798635,4.56032e+07,9130.65,4.56123e+07,0.757688
3.60742,0.798635,4.56062e+07,9128.98,4.56153e+07,0.757689
3.60787,0.798634,4.56091e+07,9127.31,4.56182e+07,0.757691
3.60833,0.798634,4.56121e+07,9125.64,4.56212e+07,0.757693
3.60878,0.798634,4.5615e+07,9123.96,4.56242e+07,0.757694
3.60924,0.798633,4.5618e+07,9122.29,4.56271e+07,0.757696
3.6097,0.798633,4.5621e+07,9120.62,4.56301e+07,0.757697
3.61015,0.798633,4.56239e+07,9118.96,4.5633e+07,0.757699
3.61061,0.798632,4.56269e+07,9117.29,4.5636e+07,0.757701
3.61106,0.798632,4.56298e+07,9115.62,4.5639e+07,0.757702
3.61152,0.798632,4.56328e+07,9113.95,4.56419e+07,0.757704
3.61198,0.798631,4.56357e+07,9112.28,4.56449e+07,0.757706
3.61243,0.798631,4.56387e+07,9110.62,4.56478e+07,0.757707
3.61289,0.798631,4.56417e+07,9108.95,4.56508e+07,0.757709
3.61334,0.79863,4.56446e+07,9107.28,4.56537e+07,0.75771
3.6138,0.79863,4.56476e+07,9105.62,4.56567e+07,0.757712
3.61426,0.79863,4.56505e+07,9103.95,4.56596e+07,0.757714
3.61471,0.798629,4.56535e+07,9102.29,4.56626e+07,0.757715
3.61517,0.798629,4.56564e+07,9100.63,4.56655e+07,0.757717
3.61562,0.798629,4.56593e+07,9098.96,4.56684e+07,0.757718
3.61608,0.798628,4.56623e+07,9097.3,4.56714e+07,0.75772
3.61654,0.798628,4.56652e+07,9095.64,4.56743e+07,0.757722
3.61699,0.798627,4.56682e+07,9093.97,4.56773e+07,0.757723
3.61745,0.798627,4.56711e+07,9092.31,4.56802e+07,0.757725
3.6179,0.798627,4.56741e+07,9090.65,4.56832e+07,0.757727
3.61836,0.798626,4.5677e+07,9088.99,4.56861e+07,0.757728
3.61882,0.798626,4.56799e+07,9087.33,4.5689e+07,0.75773
3.61927,0.798626,4.56829e+07,9085.67,4.5692e+07,0.757731
3.61973,0.798625,4.56858e+07,9084.01,4.56949e+07,0.757733
3.62018,0.798625,4.56888e+07,9082.36,4.56978e+07,0.757735
3.62064,0.798625,4.56917e+07,9080.7,4.57008e+07,0.757736
3.6211,0.798624,4.56946e+07,9079.04,4.57037e+07,0.757738
3.62155,0.798624,4.56976e+07,9077.38,4.57066e+07,0.757739
3.62201,0.798624,4.57005e+07,9075.73,4.57096e+07,0.757741
3.62246,0.798623,4.57034e+07,9074.07,4.57125e+07,0.757743
3.62292,0.798623,4.57063e+07,9072.41,4.57154e+07,0.757744
3.62338,0.798623,4.57093e+07,9070.76,4.57183e+07,0.757746
3.62383,0.798622,4.57122e+07,9069.11,4.57213e+07,0.757747
3.62429,0.798622,4.57151e+07,9067.45,4.57242e+07,0.757749
3.62474,0.798622,4.57181e+07,9065.8,4.57271e+07,0.757751
3.6252,0.798621,4.5721e+07,9064.14,4.573e+07,0.757752
3.62566,0.798621,4.57239e+07,9062.49,4.5733e+07,0.757754
3.62611,0.798621,4.57268e+07,9060.84,4.57359e+07,0.757755
3.62657,0.79862,4.57297e+07,9059.19,4.57388e+07,0.757757
3.62702,0.79862,4.57327e+07,9057.54,4.57417e+07,0.757759
3.62748,0.79862,4.57356e+07,9055.89,4.57446e+07,0.75776
3.62794,0.798619,4.57385e+07,9054.24,4.57476e+07,0.757762
3.62839,0.798619,4.57414e+07,9052.59,4.57505e+07,0.757763
3.62885,0.798618,4.57443e+07,9050.94,4.57534e+07,0.757765
3.6293,0.798618,4.57472e+07,9049.29,4.57563e+07,0.757767
3.62976,0.798618,4.57502e+07,9047.64,4.57592e+07,0.757768
3.63022,0.798617,4.57531e+07,9045.99,4.57621e+07,0.75777
3.63067,0.798617,4.5756e+07,9044.35,4.5765e+07,0.757771
3.63113,0.798617,4.57589e+07,9042.7,4.57679e+07,0.757773
3.63158,0.798616,4.57618e+07,9041.05,4.57708e+07,0.757775
3.63204,0.798616,4.57647e+07,9039.41,4.57738e+07,0.757776
3.6325,0.798616,4.57676e+07,9037.76,4.57767e+07,0.757778
3.63295,0.798615,4.57705e+07,9036.12,4.57796e+07,0.757779
3.63341,0.798615,4.57734e+07,9034.47,4.57825e+07,0.757781
3.63386,0.798615,4.57763e+07,9032.83,4.57854e+07,0.757782
3.63432,0.798614,4.57792e+07,9031.19,4.57883e+07,0.757784
3.63478,0.798614,4.57821e+07,9029.54,4.57912e+07,0.757786
3.63523,0.798614,4.5785e+07,9027.9,4.57941e+07,0.757787
3.63569,0.798613,4.57879e+07,9026.26,4.5797e+07,0.757789
3.63614,0.798613,4.57908e+07,9024.62,4.57999e+07,0.75779
3.6366,0.798613,4.57937e+07,9022.98,4.58028e+07,0.757792
3.63706,0.798612,4.57966e+07,9021.34,4.58057e+07,0.757794
3.63751,0.798612,4.57995e+07,9019.7,4.58086e+07,0.757795
3.63797,0.798612,4.58024e+07,9018.06,4.58115e+07,0.757797
3.63842,0.798611,4.58053e+07,9016.42,4.58143e+07,0.757798
3.63888,0.798611,4.58082e+07,9014.78,4.58172e+07,0.7578
3.63934,0.79861,4.58111e+07,9013.14,4.58201e+07,0.757801
3.63979,0.79861,4.5814e+07,9011.51,4.5823e+07,0.757803
3.64025,0.79861,4.58169e+07,9009.87,4.58259e+07,0.757805
3.6407,0.798609,4.58198e+07,9008.23,4.58288e+07,0.757806
3.64116,0.798609,4.58227e+07,9006.6,4.58317e+07,0.757808
3.64162,0.798609,4.58256e+07,9004.96,4.58346e+07,0.757809
3.64207,0.798608,4.58284e+07,9003.33,4.58374e+07,0.757811
3.64253,0.798608,4.58313e+07,9001.69,4.58403e+07,0.757813
3.64298,0.798608,4.58342e+07,9000.06,4.58432e+07,0.757814
3.64344,0.798607,4.58371e+07,8998.43,4.58461e+07,0.757816
3.6439,0.798607,4.584e+07,8996.79,4.5849e+07,0.757817
3.64435,0.798607,4.58429e+07,8995.16,4.58519e+07,0.757819
3.64481,0.798606,4.58457e+07,8993.53,4.58547e+07,0.75782
3.64526,0.798606,4.58486e+07,8991.9,4.58576e+07,0.757822
3.64572,0.798606,4.58515e+07,8990.27,4.58605e+07,0.757824
3.64618,0.798605,4.58544e+07,8988.64,4.58634e+07,0.757825
3.64663,0.798605,4.58572e+07,8987.01,4.58662e+07,0.757827
3.64709,0.798605,4.58601e+07,8985.38,4.58691e+07,0.757828
3.64754,0.798604,4.5863e+07,8983.75,4.5872e+07,0.75783
3.648,0.798604,4.58659e+07,8982.12,4.58748e+07,0.757831
3.64846,0.798604,4.58687e+07,8980.49,4.58777e+07,0.757833
3.64891,0.798603,4.58716e+07,8978.86,4.58806e+07,0.757834
3.64937,0.798603,4.58745e+07,8977.23,4.58835e+07,0.757836
3.64982,0.798602,4.58773e+07,8975.61,4.58863e+07,0.757838
3.65028,0.798602,4.58802e+07,8973.98,4.58892e+07,0.757839
3.65074,0.798602,4.58831e+07,8972.36,4.58921e+07,0.757841
3.65119,0.798601,4.58859e+07,8970.73,4.58949e+07,0.757842
3.65165,0.798601,4.58888e+07,8969.11,4.58978e+07,0.757844
3.6521,0.798601,4.58917e+07,8967.48,4.59006e+07,0.757845
3.65256,0.7986,4.58945e+07,8965.86,4.59035e+07,0.757847
3.65302,0.7986,4.58974e+07,8964.23,4.59064e+07,0.757849
3.65347,0.7986,4.59003e+07,8962.61,4.59092e+07,0.75785
3.65393,0.798599,4.59031e+07,8960.99,4.59121e+07,0.757852
3.65438,0.798599,4.5906e+07,8959.37,4.59149e+07,0.757853
3.65484,0.798599,4.59088e+07,8957.75,4.59178e+07,0.757855
3.6553,0.798598,4.59117e+07,8956.12,4.59206e+07,0.757856
3.65575,0.798598,4.59145e+07,8954.5,4.59235e+07,0.757858
3.65621,0.798598,4.59174e+07,8952.88,4.59264e+07,0.757859
3.65666,0.798597,4.59203e+07,8951.26,4.59292e+07,0.757861
3.65712,0.798597,4.59231e+07,8949.65,4.59321e+07,0.757863
3.65758,0.798597,4.5926e+07,8948.03,4.59349e+07,0.757864
3.65803,0.798596,4.59288e+07,8946.41,4.59378e+07,0.757866
3.65849,0.798596,4.59317e+07,8944.79,4.59406e+07,0.757867
3.65894,0.798596,4.59345e+07,8943.17,4.59434e+07,0.757869
3.6594,0.798595,4.59373e+07,8941.56,4.59463e+07,0.75787
3.65986,0.798595,4.59402e+07,8939.94,4.59491e+07,0.757872
3.66031,0.798594,4.5943e+07,8938.33,4.5952e+07,0.757873
3.66077,0.798594,4.59459e+07,8936.71,4.59548e+07,0.757875
3.66122,0.798594,4.59487e+07,8935.1,4.59577e+07,0.757877
3.66168,0.798593,4.59516e+07,8933.48,4.59605e+07,0.757878
3.66214,0.798593,4.59544e+07,8931.87,4.59633e+07,0.75788
3.66259,0.798593,4.59572e+07,8930.25,4.59662e+07,0.757881
3.66305,0.798592,4.59601e+07,8928.64,4.5969e+07,0.757883
3.6635,0.798592,4.59629e+07,8927.03,4.59719e+07,0.757884
3.66396,0.798592,4.59658e+07,8925.42,4.59747e+07,0.757886
3.66442,0.798591,4.59686e+07,8923.81,4.59775e+07,0.757887
3.66487,0.798591,4.59714e+07,8922.2,4.59804e+07,0.757889
3.66533,0.798591,4.59743e+07,8920.58,4.59832e+07,0.75789
3.66578,0.79859,4.59771e+07,8918.97,4.5986e+07,0.757892
3.66624,0.79859,4.59799e+07,8917.37,4.59888e+07,0.757893
3.6667,0.79859,4.59828e+07,8915.76,4.59917e+07,0.757895
3.66715,0.798589,4.59856e+07,8914.15,4.59945e+07,0.757897
3.66761,0.798589,4.59884e+07,8912.54,4.59973e+07,0.757898
3.66806,0.798589,4.59912e+07,8910.93,4.60002e+07,0.7579
3.66852,0.798588,4.59941e+07,8909.32,4.6003e+07,0.757901
3.66898,0.798588,4.59969e+07,8907.72,4.60058e+07,0.757903
3.66943,0.798588,4.59997e+07,8906.11,4.60086e+07,0.757904
3.66989,0.798587,4.60025e+07,8904.51,4.60115e+07,0.757906
3.67034,0.798587,4.60054e+07,8902.9,4.60143e+07,0.757907
3.6708,0.798586,4.60082e+07,8901.3,4.60171e+07,0.757909
3.67126,0.798586,4.6011e+07,8899.69,4.60199e+07,0.75791
3.67171,0.798586,4.60138e+07,8898.09,4.60227e+07,0.757912
3.67217,0.798585,4.60167e+07,8896.48,4.60255e+07,0.757913
3.67262,0.798585,4.60195e+07,8894.88,4.60284e+07,0.757915
3.67308,0.798585,4.60223e+07,8893.28,4.60312e+07,0.757917
3.67354,0.798584,4.60251e+07,8891.68,4.6034e+07,0.757918
3.67399,0.798584,4.60279e+07,8890.08,4.60368e+07,0.75792
3.67445,0.798584,4.60307e+07,8888.47,4.60396e+07,0.757921
3.6749,0.798583,4.60335e+07,8886.87,4.60424e+07,0.757923
3.67536,0.798583,4.60364e+07,8885.27,4.60452e+07,0.757924
3.67582,0.798583,4.60392e+07,8883.67,4.6048e+07,0.757926
3.67627,0.798582,4.6042e+07,8882.08,4.60509e+07,0.757927
3.67673,0.798582,4.60448e+07,8880.48,4.60537e+07,0.757929
3.67718,0.798582,4.60476e+07,8878.88,4.60565e+07,0.75793
3.67764,0.798581,4.60504e+07,8877.28,4.60593e+07,0.757932
3.6781,0.798581,4.60532e+07,8875.68,4.60621e+07,0.757933
3.67855,0.798581,4.6056e+07,8874.09,4.60649e+07,0.757935
3.67901,0.79858,4.60588e+07,8872.49,4.60677e+07,0.757936
3.67946,0.79858,4.60616e+07,8870.9,4.60705e+07,0.757938
3.67992,0.798579,4.60644e+07,8869.3,4.60733e+07,0.757939
3.68038,0.798579,4.60672e+07,8867.7,4.60761e+07,0.757941
3.68083,0.798579,4.607e+07,8866.11,4.60789e+07,0.757942
3.68129,0.798578,4.60728e+07,8864.52,4.60817e+07,0.757944
3.68174,0.798578,4.60756e+07,8862.92,4.60845e+07,0.757945
3.6822,0.798578,4.60784e+07,8861.33,4.60873e+07,0.757947
3.68266,0.798577,4.60812e+07,8859.74,4.60901e+07,0.757949
3.68311,0.798577,4.6084e+07,8858.15,4.60929e+07,0.75795
3.68357,0.798577,4.60868e+07,8856.55,4.60956e+07,0.757952
3.68402,0.798576,4.60896e+07,8854.96,4.60984e+07,0.757953
3.68448,0.798576,4.60924e+07,8853.37,4.61012e+07,0.757955
3.68494,0.798576,4.60952e+07,8851.78,4.6104e+07,0.757956
3.68539,0.798575,4.6098e+07,8850.19,4.61068e+07,0.757958
3.68585,0.798575,4.61007e+07,8848.6,4.61096e+07,0.757959
3.6863,0.798575,4.61035e+07,8847.01,4.61124e+07,0.757961
3.68676,0.798574,4.61063e+07,8845.43,4.61152e+07,0.757962
3.68722,0.798574,4.61091e+07,8843.84,4.61179e+07,0.757964
3.68767,0.798574,4.61119e+07,8842.25,4.61207e+07,0.757965
3.68813,0.798573,4.61147e+07,8840.66,4.61235e+07,0.757967
3.68858,0.798573,4.61175e+07,8839.08,4.61263e+07,0.757968
3.68904,0.798572,4.61202e+07,8837.49,4.61291e+07,0.75797
3.6895,0.798572,4.6123e+07,8835.91,4.61319e+07,0.757971
3.68995,0.798572,4.61258e+07,8834.32,4.61346e+07,0.757973
3.69041,0.798571,4.61286e+07,8832.74,4.61374e+07,0.757974
3.69086,0.798571,4.61314e+07,8831.15,4.61402e+07,0.757976
3.69132,0.798571,4.61341e+07,8829.57,4.6143e+07,0.757977
3.69178,0.79857,4.61369e+07,8827.98,4.61457e+07,0.757979
3.69223,0.79857,4.61397e+07,8826.4,4.61485e+07,0.75798
3.69269,0.79857,4.61425e+07,8824.82,4.61513e+07,0.757982
3.69314,0.798569,4.61452e+07,8823.24,4.6154e+07,0.757983
3.6936,0.798569,4.6148e+07,8821.66,4.61568e+07,0.757985
3.69406,0.798569,4.61508e+07,8820.08,4.61596e+07,0.757986
3.69451,0.798568,4.61535e+07,8818.49,4.61624e+07,0.757988
3.69497,0.798568,4.61563e+07,8816.91,4.61651e+07,0.757989
3.69542,0.798568,4.61591e+07,8815.34,4.61679e+07,0.757991
3.69588,0.798567,4.61618e+07,8813.76,4.61707e+07,0.757992
3.69634,0.798567,4.61646e+07,8812.18,4.61734e+07,0.757994
3.69679,0.798567,4.61674e+07,8810.6,4.61762e+07,0.757995
3.69725,0.798566,4.61701e+07,8809.02,4.61789e+07,0.757997
3.6977,0.798566,4.61729e+07,8807.44,4.61817e+07,0.757998
3.69816,0.798565,4.61757e+07,8805.87,4.61845e+07,0.758
3.69862,0.798565,4.61784e+07,8804.29,4.61872e+07,0.758001
3.69907,0.798565,4.61812e+07,8802.72,4.619e+07,0.758003
3.69953,0.798564,4.61839e+07,8801.14,4.61927e+07,0.758004
3.69998,0.798564,4.61867e+07,8799.57,4.61955e+07,0.758006
3.70044,0.798564,4.61895e+07,8797.99,4.61982e+07,0.758007
3.7009,0.798563,4.61922e+07,8796.42,4.6201e+07,0.758009
3.70135,0.798563,4.6195e+07,8794.84,4.62038e+07,0.75801
3.70181,0.798563,4.61977e+07,8793.27,4.62065e+07,0.758012
3.70226,0.798562,4.62005e+07,8791.7,4.62093e+07,0.758013
3.70272,0.798562,4.62032e+07,8790.13,4.6212e+07,0.758015
3.70318,0.798562,4.6206e+07,8788.55,4.62148e+07,0.758016
3.70363,0.798561,4.62087e+07,8786.98,4.62175e+07,0.758018
3.70409,0.798561,4.62115e+07,8785.41,4.62203e+07,0.758019
3.70454,0.798561,4.62142e+07,8783.84,4.6223e+07,0.758021
3.705,0.79856,4.6217e+07,8782.27,4.62257e+07,0.758022
3.70546,0.79856,4.62197e+07,8780.7,4.62285e+07,0.758024
3.70591,0.79856,4.62225e+07,8779.13,4.62312e+07,0.758025
3.70637,0.798559,4.62252e+07,8777.56,4.6234e+07,0.758027
3.70682,0.798559,4.62279e+07,8776,4.62367e+07,0.758028
3.70728,0.798558,4.62307e+07,8774.43,4.62395e+07,0.75803
3.70774,0.798558,4.62334e+07,8772.86,4.62422e+07,0.758031
3.70819,0.798558,4.62362e+07,8771.3,4.62449e+07,0.758032
3.70865,0.798557,4.62389e+07,8769.73,4.62477e+07,0.758034
3.7091,0.798557,4.62416e+07,8768.16,4.62504e+07,0.758035
3.70956,0.798557,4.62444e+07,8766.6,4.62531e+07,0.758037
3.71002,0.798556,4.62471e+07,8765.03,4.62559e+07,0.758038
3.71047,0.798556,4.62498e+07,8763.47,4.62586e+07,0.75804
3.71093,0.798556,4.62526e+07,8761.91,4.62613e+07,0.758041
3.71138,0.798555,4.62553e+07,8760.34,4.62641e+07,0.758043
3.71184,0.798555,4.6258e+07,8758.78,4.62668e+07,0.758044
3.7123,0.798555,4.62608e+07,8757.22,4.62695e+07,0.758046
3.71275,0.798554,4.62635e+07,8755.65,4.62723e+07,0.758047
3.71321,0.798554,4.62662e+07,8754.09,4.6275e+07,0.758049
3.71366,0.798554,4.6269e+07,8752.53,4.62777e+07,0.75805
3.71412,0.798553,4.62717e+07,8750.97,4.62804e+07,0.758052
3.71458,0.798553,4.62744e+07,8749.41,4.62832e+07,0.758053
3.71503,0.798553,4.62771e+07,8747.85,4.62859e+07,0.758055
3.71549,0.798552,4.62799e+07,8746.29,4.62886e+07,0.758056
3.71594,0.798552,4.62826e+07,8744.73,4.62913e+07,0.758058
3.7164,0.798551,4.62853e+07,8743.17,4.62941e+07,0.758059
3.71686,0.798551,4.6288e+07,8741.62,4.62968e+07,0.758061
3.71731,0.798551,4.62908e+07,8740.06,4.62995e+07,0.758062
3.71777,0.79855,4.62935e+07,8738.5,4.63022e+07,0.758063
3.71822,0.79855,4.62962e+07,8736.94,4.63049e+07,0.758065
3.71868,0.79855,4.62989e+07,8735.39,4.63076e+07,0.758066
3.71914,0.798549,4.63016e+07,8733.83,4.63104e+07,0.758068
3.71959,0.798549,4.63043e+07,8732.28,4.63131e+07,0.758069
3.72005,0.798549,4.63071e+07,8730.72,4.63158e+07,0.758071
3.7205,0.798548,4.63098e+07,8729.17,4.63185e+07,0.758072
3.72096,0.798548,4.63125e+07,8727.61,4.63212e+07,0.758074
3.72142,0.798548,4.63152e+07,8726.06,4.63239e+07,0.758075
3.72187,0.798547,4.63179e+07,8724.51,4.63266e+07,0.758077
3.72233,0.798547,4.63206e+07,8722.96,4.63293e+07,0.758078
3.72278,0.798547,4.63233e+07,8721.4,4.6332e+07,0.75808
3.72324,0.798546,4.6326e+07,8719.85,4.63348e+07,0.758081
3.7237,0.798546,4.63287e+07,8718.3,4.63375e+07,0.758083
3.72415,0.798545,4.63314e+07,8716.75,4.63402e+07,0.758084
3.72461,0.798545,4.63342e+07,8715.2,4.63429e+07,0.758085
3.72506,0.798545,4.63369e+07,8713.65,4.63456e+07,0.758087
3.72552,0.798544,4.63396e+07,8712.1,4.63483e+07,0.758088
3.72598,0.798544,4.63423e+07,8710.55,4.6351e+07,0.75809
3.72643,0.798544,4.6345e+07,8709,4.63537e+07,0.758091
3.72689,0.798543,4.63477e+07,8707.45,4.63564e+07,0.758093
3.72734,0.798543,4.63504e+07,8705.91,4.63591e+07,0.758094
3.7278,0.798543,4.63531e+07,8704.36,4.63618e+07,0.758096
3.72826,0.798542,4.63558e+07,8702.81,4.63645e+07,0.758097
3.72871,0.798542,4.63585e+07,8701.27,4.63672e+07,0.758099
3.72917,0.798542,4.63611e+07,8699.72,4.63698e+07,0.7581
3.72962,0.798541,4.63638e+07,8698.18,4.63725e+07,0.758101
3.73008,0.798541,4.63665e+07,8696.63,4.63752e+07,0.758103
3.73054,0.798541,4.63692e+07,8695.09,4.63779e+07,0.758104
3.73099,0.79854,4.63719e+07,8693.54,4.63806e+07,0.758106
3.73145,0.79854,4.63746e+07,8692,4.63833e+07,0.758107
3.7319,0.79854,4.63773e+07,8690.46,4.6386e+07,0.758109
3.73236,0.798539,4.638e+07,8688.91,4.63887e+07,0.75811
3.73282,0.798539,4.63827e+07,8687.37,4.63914e+07,0.758112
3.73327,0.798538,4.63854e+07,8685.83,4.6394e+07,0.758113
3.73373,0.798538,4.6388e+07,8684.29,4.63967e+07,0.758115
3.73418,0.798538,4.63907e+07,8682.75,4.63994e+07,0.758116
3.73464,0.798537,4.63934e+07,8681.21,4.64021e+07,0.758117
3.7351,0.798537,4.63961e+07,8679.67,4.64048e+07,0.758119
3.73555,0.798537,4.63988e+07,8678.13,4.64075e+07,0.75812
3.73601,0.798536,4.64015e+07,8676.59,4.64101e+07,0.758122
3.73646,0.798536,4.64041e+07,8675.05,4.64128e+07,0.758123
3.73692,0.798536,4.64068e+07,8673.51,4.64155e+07,0.758125
3.73738,0.798535,4.64095e+07,8671.97,4.64182e+07,0.758126
3.73783,0.798535,4.64122e+07,8670.44,4.64208e+07,0.758128
3.73829,0.798535,4.64148e+07,8668.9,4.64235e+07,0.758129
3.73874,0.798534,4.64175e+07,8667.36,4.64262e+07,0.75813
3.7392,0.798534,4.64202e+07,8665.83,4.64289e+07,0.758132
3.73966,0.798534,4.64229e+07,8664.29,4.64315e+07,0.758133
3.74011,0.798533,4.64255e+07,8662.76,4.64342e+07,0.758135
3.74057,0.798533,4.64282e+07,8661.22,4.64369e+07,0.758136
3.74102,0.798532,4.64309e+07,8659.69,4.64395e+07,0.758138
3.74148,0.798532,4.64336e+07,8658.15,4.64422e+07,0.758139
3.74194,0.798532,4.64362e+07,8656.62,4.64449e+07,0.75814
3.74239,0.798531,4.64389e+07,8655.09,4.64475e+07,0.758142
3.74285,0.798531,4.64416e+07,8653.55,4.64502e+07,0.758143
3.7433,0.798531,4.64442e+07,8652.02,4.64529e+07,0.758145
3.74376,0.79853,4.64469e+07,8650.49,4.64555e+07,0.758146
3.74422,0.79853,4.64495e+07,8648.96,4.64582e+07,0.758148
3.74467,0.79853,4.64522e+07,8647.43,4.64609e+07,0.758149
3.74513,0.798529,4.64549e+07,8645.9,4.64635e+07,0.758151
3.74558,0.798529,4.64575e+07,8644.37,4.64662e+07,0.758152
3.74604,0.798529,4.64602e+07,8642.84,4.64688e+07,0.758153
3.7465,0.798528,4.64629e+07,8641.31,4.64715e+07,0.758155
3.74695,0.798528,4.64655e+07,8639.78,4.64741e+07,0.758156
3.74741,0.798528,4.64682e+07,8638.25,4.64768e+07,0.758158
3.74786,0.798527,4.64708e+07,8636.73,4.64795e+07,0.758159
3.74832,0.798527,4.64735e+07,8635.2,4.64821e+07,0.758161
3.74878,0.798526,4.64761e+07,8633.67,4.64848e+07,0.758162
3.74923,0.798526,4.64788e+07,8632.15,4.64874e+07,0.758163
3.74969,0.798526,4.64814e+07,8630.62,4.64901e+07,0.758165
3.75014,0.798525,4.64841e+07,8629.1,4.64927e+07,0.758166
3.7506,0.798525,4.64867e+07,8627.57,4.64954e+07,0.758168
3.75106,0.798525,4.64894e+07,8626.05,4.6498e+07,0.758169
3.75151,0.798524,4.6492e+07,8624.52,4.65007e+07,0.758171
3.75197,0.798524,4.64947e+07,8623,4.65033e+07,0.758172
3.75242,0.798524,4.64973e+07,8621.48,4.65059e+07,0.758173
3.75288,0.798523,4.65e+07,8619.95,4.65086e+07,0.758175
3.75334,0.798523,4.65026e+07,8618.43,4.65112e+07,0.758176
3.75379,0.798523,4.65053e+07,8616.91,4.65139e+07,0.758178
3.75425,0.798522,4.65079e+07,8615.39,4.65165e+07,0.758179
3.7547,0.798522,4.65105e+07,8613.87,4.65192e+07,0.75818
3.75516,0.798522,4.65132e+07,8612.35,4.65218e+07,0.758182
3.75562,0.798521,4.65158e+07,8610.83,4.65244e+07,0.758183
3.75607,0.798521,4.65185e+07,8609.31,4.65271e+07,0.758185
3.75653,0.798521,4.65211e+07,8607.79,4.65297e+07,0.758186
3.75698,0.79852,4.65237e+07,8606.27,4.65323e+07,0.758188
3.75744,0.79852,4.65264e+07,8604.75,4.6535e+07,0.758189
3.7579,0.798519,4.6529e+07,8603.23,4.65376e+07,0.75819
3.75835,0.798519,4.65316e+07,8601.71,4.65402e+07,0.758192
3.75881,0.798519,4.65343e+07,8600.2,4.65429e+07,0.758193
3.75926,0.798518,4.65369e+07,8598.68,4.65455e+07,0.758195
3.75972,0.798518,4.65395e+07,8597.16,4.65481e+07,0.758196
3.76018,0.798518,4.65422e+07,8595.65,4.65508e+07,0.758197
3.76063,0.798517,4.65448e+07,8594.13,4.65534e+07,0.758199
3.76109,0.798517,4.65474e+07,8592.62,4.6556e+07,0.7582
3.76154,0.798517,4.65501e+07,8591.1,4.65586e+07,0.758202
3.762,0.798516,4.65527e+07,8589.59,4.65613e+07,0.758203
3.76246,0.798516,4.65553e+07,8588.08,4.65639e+07,0.758205
3.76291,0.798516,4.65579e+07,8586.56,4.65665e+07,0.758206
3.76337,0.798515,4.65606e+07,8585.05,4.65691e+07,0.758207
3.76382,0.798515,4.65632e+07,8583.54,4.65718e+07,0.758209
3.76428,0.798515,4.65658e+07,8582.03,4.65744e+07,0.75821
3.76474,0.798514,4.65684e+07,8580.52,4.6577e+07,0.758212
3.76519,0.798514,4.6571e+07,8579,4.65796e+07,0.758213
3.76565,0.798513,4.65737e+07,8577.49,4.65822e+07,0.758214
3.7661,0.798513,4.65763e+07,8575.98,4.65849e+07,0.758216
3.76656,0.798513,4.65789e+07,8574.47,4.65875e+07,0.758217
3.76702,0.798512,4.65815e+07,8572.97,4.65901e+07,0.758219
3.76747,0.798512,4.65841e+07,8571.46,4.65927e+07,0.75822
3.76793,0.798512,4.65867e+07,8569.95,4.65953e+07,0.758221
3.76838,0.798511,4.65894e+07,8568.44,4.65979e+07,0.758223
3.76884,0.798511,4.6592e+07,8566.93,4.66005e+07,0.758224
3.7693,0.798511,4.65946e+07,8565.43,4.66031e+07,0.758226
3.76975,0.79851,4.65972e+07,8563.92,4.66057e+07,0.758227
3.77021,0.79851,4.65998e+07,8562.41,4.66084e+07,0.758228
3.77066,0.79851,4.66024e+07,8560.91,4.6611e+07,0.75823
3.77112,0.798509,4.6605e+07,8559.4,4.66136e+07,0.758231
3.77158,0.798509,4.66076e+07,8557.9,4.66162e+07,0.758233
3.77203,0.798508,4.66102e+07,8556.39,4.66188e+07,0.758234
3.77249,0.798508,4.66128e+07,8554.89,4.66214e+07,0.758235
3.77294,0.798508,4.66154e+07,8553.39,4.6624e+07,0.758237
3.7734,0.798507,4.6618e+07,8551.88,4.66266e+07,0.758238
3.77386,0.798507,4.66206e+07,8550.38,4.66292e+07,0.75824
3.77431,0.798507,4.66232e+07,8548.88,4.66318e+07,0.758241
3.77477,0.798506,4.66258e+07,8547.38,4.66344e+07,0.758242
3.77522,0.798506,4.66284e+07,8545.87,4.6637e+07,0.758244
3.77568,0.798506,4.6631e+07,8544.37,4.66396e+07,0.758245
3.77614,0.798505,4.66336e+07,8542.87,4.66422e+07,0.758247
3.77659,0.798505,4.66362e+07,8541.37,4.66448e+07,0.758248
3.77705,0.798505,4.66388e+07,8539.87,4.66474e+07,0.758249
3.7775,0.798504,4.66414e+07,8538.37,4.665e+07,0.758251
3.77796,0.798504,4.6644e+07,8536.88,4.66525e+07,0.758252
3.77842,0.798504,4.66466e+07,8535.38,4.66551e+07,0.758254
3.77887,0.798503,4.66492e+07,8533.88,4.66577e+07,0.758255
3.77933,0.798503,4.66518e+07,8532.38,4.66603e+07,0.758256
3.77978,0.798502,4.66544e+07,8530.88,4.66629e+07,0.758258
3.78024,0.798502,4.6657e+07,8529.39,4.66655e+07,0.758259
3.7807,0.798502,4.66596e+07,8527.89,4.66681e+07,0.75826
3.78115,0.798501,4.66621e+07,8526.4,4.66707e+07,0.758262
3.78161,0.798501,4.66647e+07,8524.9,4.66733e+07,0.758263
3.78206,0.798501,4.66673e+07,8523.41,4.66758e+07,0.758265
3.78252,0.7985,4.66699e+07,8521.91,4.66784e+07,0.758266
3.78298,0.7985,4.66725e+07,8520.42,4.6681e+07,0.758267
3.78343,0.7985,4.66751e+07,8518.92,4.66836e+07,0.758269
3.78389,0.798499,4.66776e+07,8517.43,4.66862e+07,0.75827
3.78434,0.798499,4.66802e+07,8515.94,4.66887e+07,0.758272
3.7848,0.798499,4.66828e+07,8514.44,4.66913e+07,0.758273
3.78526,0.798498,4.66854e+07,8512.95,4.66939e+07,0.758274
3.78571,0.798498,4.6688e+07,8511.46,4.66965e+07,0.758276
3.78617,0.798498,4.66905e+07,8509.97,4.6699e+07,0.758277
3.78662,0.798497,4.66931e+07,8508.48,4.67016e+07,0.758278
3.78708,0.798497,4.66957e+07,8506.99,4.67042e+07,0.75828
3.78754,0.798496,4.66983e+07,8505.5,4.67068e+07,0.758281
3.78799,0.798496,4.67008e+07,8504.01,4.67093e+07,0.758283
3.78845,0.798496,4.67034e+07,8502.52,4.67119e+07,0.758284
3.7889,0.798495,4.6706e+07,8501.03,4.67145e+07,0.758285
3.78936,0.798495,4.67085e+07,8499.54,4.6717e+07,0.758287
3.78982,0.798495,4.67111e+07,8498.06,4.67196e+07,0.758288
3.79027,0.798494,4.67137e+07,8496.57,4.67222e+07,0.758289
3.79073,0.798494,4.67163e+07,8495.08,4.67247e+07,0.758291
3.79118,0.798494,4.67188e+07,8493.6,4.67273e+07,0.758292
3.79164,0.798493,4.67214e+07,8492.11,4.67299e+07,0.758294
3.7921,0.798493,4.6724e+07,8490.62,4.67324e+07,0.758295
3.79255,0.798493,4.67265e+07,8489.14,4.6735e+07,0.758296
3.79301,0.798492,4.67291e+07,8487.65,4.67376e+07,0.758298
3.79346,0.798492,4.67316e+07,8486.17,4.67401e+07,0.758299
3.79392,0.798492,4.67342e+07,8484.69,4.67427e+07,0.7583
3.79438,0.798491,4.67368e+07,8483.2,4.67452e+07,0.758302
3.79483,0.798491,4.67393e+07,8481.72,4.67478e+07,0.758303
3.79529,0.79849,4.67419e+07,8480.24,4.67504e+07,0.758305
3.79574,0.79849,4.67444e+07,8478.76,4.67529e+07,0.758306
3.7962,0.79849,4.6747e+07,8477.27,4.67555e+07,0.758307
3.79666,0.798489,4.67495e+07,8475.79,4.6758e+07,0.758309
3.79711,0.798489,4.67521e+07,8474.31,4.67606e+07,0.75831
3.79757,0.798489,4.67547e+07,8472.83,4.67631e+07,0.758311
3.79802,0.798488,4.67572e+07,8471.35,4.67657e+07,0.758313
3.79848,0.798488,4.67598e+07,8469.87,4.67682e+07,0.758314
3.79894,0.798488,4.67623e+07,8468.39,4.67708e+07,0.758315
3.79939,0.798487,4.67649e+07,8466.91,4.67733e+07,0.758317
3.79985,0.798487,4.67674e+07,8465.44,4.67759e+07,0.758318
3.8003,0.798487,4.677e+07,8463.96,4.67784e+07,0.75832
3.80076,0.798486,4.67725e+07,8462.48,4.6781e+07,0.758321
3.80122,0.798486,4.67751e+07,8461,4.67835e+07,0.758322
3.80167,0.798485,4.67776e+07,8459.53,4.67861e+07,0.758324
3.80213,0.798485,4.67801e+07,8458.05,4.67886e+07,0.758325
3.80258,0.798485,4.67827e+07,8456.57,4.67911e+07,0.758326
3.80304,0.798484,4.67852e+07,8455.1,4.67937e+07,0.758328
3.8035,0.798484,4.67878e+07,8453.62,4.67962e+07,0.758329
3.80395,0.798484,4.67903e+07,8452.15,4.67988e+07,0.75833
3.80441,0.798483,4.67929e+07,8450.68,4.68013e+07,0.758332
3.80486,0.798483,4.67954e+07,8449.2,4.68038e+07,0.758333
3.80532,0.798483,4.67979e+07,8447.73,4.68064e+07,0.758335
3.80578,0.798482,4.68005e+07,8446.26,4.68089e+07,0.758336
3.80623,0.798482,4.6803e+07,8444.78,4.68115e+07,0.758337
3.80669,0.798482,4.68055e+07,8443.31,4.6814e+07,0.758339
3.80714,0.798481,4.68081e+07,8441.84,4.68165e+07,0.75834
3.8076,0.798481,4.68106e+07,8440.37,4.6819e+07,0.758341
3.80806,0.798481,4.68131e+07,8438.9,4.68216e+07,0.758343
3.80851,0.79848,4.68157e+07,8437.43,4.68241e+07,0.758344
3.80897,0.79848,4.68182e+07,8435.96,4.68266e+07,0.758345
3.80942,0.798479,4.68207e+07,8434.49,4.68292e+07,0.758347
3.80988,0.798479,4.68233e+07,8433.02,4.68317e+07,0.758348
3.81034,0.798479,4.68258e+07,8431.55,4.68342e+07,0.758349
3.81079,0.798478,4.68283e+07,8430.08,4.68367e+07,0.758351
3.81125,0.798478,4.68308e+07,8428.61,4.68393e+07,0.758352
3.8117,0.798478,4.68334e+07,8427.15,4.68418e+07,0.758353
3.81216,0.798477,4.68359e+07,8425.68,4.68443e+07,0.758355
3.81262,0.798477,4.68384e+07,8424.21,4.68468e+07,0.758356
3.81307,0.798477,4.68409e+07,8422.75,4.68494e+07,0.758358
3.81353,0.798476,4.68435e+07,8421.28,4.68519e+07,0.758359
3.81398,0.798476,4.6846e+07,8419.81,4.68544e+07,0.75836
3.81444,0.798476,4.68485e+07,8418.35,4.68569e+07,0.758362
3.8149,0.798475,4.6851e+07,8416.89,4.68594e+07,0.758363
3.81535,0.798475,4.68535e+07,8415.42,4.6862e+07,0.758364
3.81581,0.798474,4.68561e+07,8413.96,4.68645e+07,0.758366
3.81626,0.798474,4.68586e+07,8412.49,4.6867e+07,0.758367
3.81672,0.798474,4.68611e+07,8411.03,4.68695e+07,0.758368
3.81718,0.798473,4.68636e+07,8409.57,4.6872e+07,0.75837
3.81763,0.798473,4.68661e+07,8408.11,4.68745e+07,0.758371
3.81809,0.798473,4.68686e+07,8406.65,4.6877e+07,0.758372
3.81854,0.798472,4.68711e+07,8405.18,4.68795e+07,0.758374
3.819,0.798472,4.68737e+07,8403.72,4.68821e+07,0.758375
3.81946,0.798472,4.68762e+07,8402.26,4.68846e+07,0.758376
3.81991,0.798471,4.68787e+07,8400.8,4.68871e+07,0.758378
3.82037,0.798471,4.68812e+07,8399.34,4.68896e+07,0.758379
3.82082,0.798471,4.68837e+07,8397.88,4.68921e+07,0.75838
3.82128,0.79847,4.68862e+07,8396.43,4.68946e+07,0.758382
3.82174,0.79847,4.68887e+07,8394.97,4.68971e+07,0.758383
3.82219,0.79847,4.68912e+07,8393.51,4.68996e+07,0.758384
3.82265,0.798469,4.68937e+07,8392.05,4.69021e+07,0.758386
3.8231,0.798469,4.68962e+07,8390.6,4.69046e+07,0.758387
3.82356,0.798468,4.68987e+07,8389.14,4.69071e+07,0.758388
3.82402,0.798468,4.69012e+07,8387.68,4.69096e+07,0.75839
3.82447,0.798468,4.69037e+07,8386.23,4.69121e+07,0.758391
3.82493,0.798467,4.69062e+07,8384.77,4.69146e+07,0.758392
3.82538,0.798467,4.69087e+07,8383.32,4.69171e+07,0.758394
3.82584,0.798467,4.69112e+07,8381.86,4.69196e+07,0.758395
3.8263,0.798466,4.69137e+07,8380.41,4.69221e+07,0.758396
3.82675,0.798466,4.69162e+07,8378.95,4.69246e+07,0.758398
3.82721,0.798466,4.69187e+07,8377.5,4.69271e+07,0.758399
3.82766,0.798465,4.69212e+07,8376.05,4.69296e+07,0.7584
3.82812,0.798465,4.69237e+07,8374.6,4.69321e+07,0.758402
3.82858,0.798465,4.69262e+07,8373.14,4.69345e+07,0.758403
3.82903,0.798464,4.69287e+07,8371.69,4.6937e+07,0.758404
3.82949,0.798464,4.69312e+07,8370.24,4.69395e+07,0.758406
3.82994,0.798463,4.69336e+07,8368.79,4.6942e+07,0.758407
3.8304,0.798463,4.69361e+07,8367.34,4.69445e+07,0.758408
3.83086,0.798463,4.69386e+07,8365.89,4.6947e+07,0.75841
3.83131,0.798462,4.69411e+07,8364.44,4.69495e+07,0.758411
3.83177,0.798462,4.69436e+07,8362.99,4.6952e+07,0.758412
3.83222,0.798462,4.69461e+07,8361.54,4.69544e+07,0.758414
3.83268,0.798461,4.69486e+07,8360.09,4.69569e+07,0.758415
3.83314,0.798461,4.6951e+07,8358.65,4.69594e+07,0.758416
3.83359,0.798461,4.69535e+07,8357.2,4.69619e+07,0.758418
3.83405,0.79846,4.6956e+07,8355.75,4.69644e+07,0.758419
3.8345,0.79846,4.69585e+07,8354.3,4.69668e+07,0.75842
3.83496,0.79846,4.6961e+07,8352.86,4.69693e+07,0.758422
3.83542,0.798459,4.69634e+07,8351.41,4.69718e+07,0.758423
3.83587,0.798459,4.69659e+07,8349.97,4.69743e+07,0.758424
3.83633,0.798458,4.69684e+07,8348.52,4.69768e+07,0.758425
3.83678,0.798458,4.69709e+07,8347.08,4.69792e+07,0.758427
3.83724,0.798458,4.69734e+07,8345.63,4.69817e+07,0.758428
3.8377,0.798457,4.69758e+07,8344.19,4.69842e+07,0.758429
3.83815,0.798457,4.69783e+07,8342.74,4.69866e+07,0.758431
3.83861,0.798457,4.69808e+07,8341.3,4.69891e+07,0.758432
3.83906,0.798456,4.69832e+07,8339.86,4.69916e+07,0.758433
3.83952,0.798456,4.69857e+07,8338.42,4.69941e+07,0.758435
3.83998,0.798456,4.69882e+07,8336.97,4.69965e+07,0.758436
3.84043,0.798455,4.69907e+07,8335.53,4.6999e+07,0.758437
3.84089,0.798455,4.69931e+07,8334.09,4.70015e+07,0.758439
3.84134,0.798455,4.69956e+07,8332.65,4.70039e+07,0.75844
3.8418,0.798454,4.69981e+07,8331.21,4.70064e+07,0.758441
3.84226,0.798454,4.70005e+07,8329.77,4.70089e+07,0.758443
3.84271,0.798453,4.7003e+07,8328.33,4.70113e+07,0.758444
3.84317,0.798453,4.70054e+07,8326.89,4.70138e+07,0.758445
3.84362,0.798453,4.70079e+07,8325.45,4.70162e+07,0.758447
3.84408,0.798452,4.70104e+07,8324.02,4.70187e+07,0.758448
3.84454,0.798452,4.70128e+07,8322.58,4.70212e+07,0.758449
3.84499,0.798452,4.70153e+07,8321.14,4.70236e+07,0.75845
3.84545,0.798451,4.70178e+07,8319.7,4.70261e+07,0.758452
3.8459,0.798451,4.70202e+07,8318.27,4.70285e+07,0.758453
3.84636,0.798451,4.70227e+07,8316.83,4.7031e+07,0.758454
3.84682,0.79845,4.70251e+07,8315.4,4.70334e+07,0.758456
3.84727,0.79845,4.70276e+07,8313.96,4.70359e+07,0.758457
3.84773,0.79845,4.703e+07,8312.53,4.70383e+07,0.758458
3.84818,0.798449,4.70325e+07,8311.09,4.70408e+07,0.75846
3.84864,0.798449,4.70349e+07,8309.66,4.70433e+07,0.758461
3.8491,0.798448,4.70374e+07,8308.22,4.70457e+07,0.758462
3.84955,0.798448,4.70398e+07,8306.79,4.70482e+07,0.758464
3.85001,0.798448,4.70423e+07,8305.36,4.70506e+07,0.758465
3.85046,0.798447,4.70447e+07,8303.92,4.7053e+07,0.758466
3.85092,0.798447,4.70472e+07,8302.49,4.70555e+07,0.758467
3.85138,0.798447,4.70496e+07,8301.06,4.70579e+07,0.758469
3.85183,0.798446,4.70521e+07,8299.63,4.70604e+07,0.75847
3.85229,0.798446,4.70545e+07,8298.2,4.70628e+07,0.758471
3.85274,0.798446,4.7057e+07,8296.77,4.70653e+07,0.758473
3.8532,0.798445,4.70594e+07,8295.34,4.70677e+07,0.758474
3.85366,0.798445,4.70619e+07,8293.91,4.70702e+07,0.758475
3.85411,0.798445,4.70643e+07,8292.48,4.70726e+07,0.758477
3.85457,0.798444,4.70667e+07,8291.05,4.7075e+07,0.758478
3.85502,0.798444,4.70692e+07,8289.62,4.70775e+07,0.758479
3.85548,0.798443,4.70716e+07,8288.19,4.70799e+07,0.75848
3.85594,0.798443,4.70741e+07,8286.77,4.70824e+07,0.758482
3.85639,0.798443,4.70765e+07,8285.34,4.70848e+07,0.758483
3.85685,0.798442,4.70789e+07,8283.91,4.70872e+07,0.758484
3.8573,0.798442,4.70814e+07,8282.49,4.70897e+07,0.758486
3.85776,0.798442,4.70838e+07,8281.06,4.70921e+07,0.758487
3.85822,0.798441,4.70862e+07,8279.63,4.70945e+07,0.758488
3.85867,0.798441,4.70887e+07,8278.21,4.7097e+07,0.758489
3.85913,0.798441,4.70911e+07,8276.78,4.70994e+07,0.758491
3.85958,0.79844,4.70935e+07,8275.36,4.71018e+07,0.758492
3.86004,0.79844,4.7096e+07,8273.93,4.71043e+07,0.758493
3.8605,0.79844,4.70984e+07,8272.51,4.71067e+07,0.758495
3.86095,0.798439,4.71008e+07,8271.09,4.71091e+07,0.758496
3.86141,0.798439,4.71033e+07,8269.67,4.71115e+07,0.758497
3.86186,0.798438,4.71057e+07,8268.24,4.7114e+07,0.758498
3.86232,0.798438,4.71081e+07,8266.82,4.71164e+07,0.7585
3.86278,0.798438,4.71105e+07,8265.4,4.71188e+07,0.758501
3.86323,0.798437,4.7113e+07,8263.98,4.71212e+07,0.758502
3.86369,0.798437,4.71154e+07,8262.56,4.71237e+07,0.758504
3.86414,0.798437,4.71178e+07,8261.14,4.71261e+07,0.758505
3.8646,0.798436,4.71202e+07,8259.72,4.71285e+07,0.758506
3.86506,0.798436,4.71227e+07,8258.3,4.71309e+07,0.758507
3.86551,0.798436,4.71251e+07,8256.88,4.71333e+07,0.758509
3.86597,0.798435,4.71275e+07,8255.46,4.71358e+07,0.75851
3.86642,0.798435,4.71299e+07,8254.04,4.71382e+07,0.758511
3.86688,0.798435,4.71323e+07,8252.62,4.71406e+07,0.758513
3.86734,0.798434,4.71348e+07,8251.2,4.7143e+07,0.758514
3.86779,0.798434,4.71372e+07,8249.79,4.71454e+07,0.758515
3.86825,0.798433,4.71396e+07,8248.37,4.71478e+07,0.758516
3.8687,0.798433,4.7142e+07,8246.95,4.71502e+07,0.758518
3.86916,0.798433,4.71444e+07,8245.54,4.71527e+07,0.758519
3.86962,0.798432,4.71468e+07,8244.12,4.71551e+07,0.75852
3.87007,0.798432,4.71492e+07,8242.71,4.71575e+07,0.758522
3.87053,0.798432,4.71516e+07,8241.29,4.71599e+07,0.758523
3.87098,0.798431,4.71541e+07,8239.88,4.71623e+07,0.758524
3.87144,0.798431,4.71565e+07,8238.46,4.71647e+07,0.758525
3.8719,0.798431,4.71589e+07,8237.05,4.71671e+07,0.758527
3.87235,0.79843,4.71613e+07,8235.64,4.71695e+07,0.758528
3.87281,0.79843,4.71637e+07,8234.22,4.71719e+07,0.758529
3.87326,0.79843,4.71661e+07,8232.81,4.71743e+07,0.758531
3.87372,0.798429,4.71685e+07,8231.4,4.71767e+07,0.758532
3.87418,0.798429,4.71709e+07,8229.99,4.71791e+07,0.758533
3.87463,0.798428,4.71733e+07,8228.58,4.71815e+07,0.758534
3.87509,0.798428,4.71757e+07,8227.17,4.71839e+07,0.758536
3.87554,0.798428,4.71781e+07,8225.75,4.71863e+07,0.758537
3.876,0.798427,4.71805e+07,8224.34,4.71887e+07,0.758538
3.87646,0.798427,4.71829e+07,8222.93,4.71911e+07,0.758539
3.87691,0.798427,4.71853e+07,8221.53,4.71935e+07,0.758541
3.87737,0.798426,4.71877e+07,8220.12,4.71959e+07,0.758542
3.87782,0.798426,4.71901e+07,8218.71,4.71983e+07,0.758543
3.87828,0.798426,4.71925e+07,8217.3,4.72007e+07,0.758545
3.87874,0.798425,4.71949e+07,8215.89,4.72031e+07,0.758546
3.87919,0.798425,4.71973e+07,8214.48,4.72055e+07,0.758547
3.87965,0.798425,4.71997e+07,8213.08,4.72079e+07,0.758548
3.8801,0.798424,4.72021e+07,8211.67,4.72103e+07,0.75855
3.88056,0.798424,4.72045e+07,8210.27,4.72127e+07,0.758551
3.88102,0.798423,4.72069e+07,8208.86,4.72151e+07,0.758552
3.88147,0.798423,4.72092e+07,8207.45,4.72175e+07,0.758553
3.88193,0.798423,4.72116e+07,8206.05,4.72198e+07,0.758555
3.88238,0.798422,4.7214e+07,8204.64,4.72222e+07,0.758556
3.88284,0.798422,4.72164e+07,8203.24,4.72246e+07,0.758557
3.8833,0.798422,4.72188e+07,8201.84,4.7227e+07,0.758558
3.88375,0.798421,4.72212e+07,8200.43,4.72294e+07,0.75856
3.88421,0.798421,4.72236e+07,8199.03,4.72318e+07,0.758561
3.88466,0.798421,4.7226e+07,8197.63,4.72341e+07,0.758562
3.88512,0.79842,4.72283e+07,8196.22,4.72365e+07,0.758564
3.88558,0.79842,4.72307e+07,8194.82,4.72389e+07,0.758565
3.88603,0.79842,4.72331e+07,8193.42,4.72413e+07,0.758566
3.88649,0.798419,4.72355e+07,8192.02,4.72437e+07,0.758567
3.88694,0.798419,4.72379e+07,8190.62,4.7246e+07,0.758569
3.8874,0.798418,4.72402e+07,8189.22,4.72484e+07,0.75857
3.88786,0.798418,4.72426e+07,8187.82,4.72508e+07,0.758571
3.88831,0.798418,4.7245e+07,8186.42,4.72532e+07,0.758572
3.88877,0.798417,4.72474e+07,8185.02,4.72556e+07,0.758574
3.88922,0.798417,4.72497e+07,8183.62,4.72579e+07,0.758575
3.88968,0.798417,4.72521e+07,8182.22,4.72603e+07,0.758576
3.89014,0.798416,4.72545e+07,8180.83,4.72627e+07,0.758577
3.89059,0.798416,4.72569e+07,8179.43,4.7265e+07,0.758579
3.89105,0.798416,4.72592e+07,8178.03,4.72674e+07,0.75858
3.8915,0.798415,4.72616e+07,8176.63,4.72698e+07,0.758581
3.89196,0.798415,4.7264e+07,8175.24,4.72722e+07,0.758582
3.89242,0.798415,4.72663e+07,8173.84,4.72745e+07,0.758584
3.89287,0.798414,4.72687e+07,8172.45,4.72769e+07,0.758585
3.89333,0.798414,4.72711e+07,8171.05,4.72793e+07,0.758586
3.89378,0.798413,4.72735e+07,8169.66,4.72816e+07,0.758587
3.89424,0.798413,4.72758e+07,8168.26,4.7284e+07,0.758589
3.8947,0.798413,4.72782e+07,8166.87,4.72863e+07,0.75859
3.89515,0.798412,4.72805e+07,8165.47,4.72887e+07,0.758591
3.89561,0.798412,4.72829e+07,8164.08,4.72911e+07,0.758592
3.89606,0.798412,4.72853e+07,8162.69,4.72934e+07,0.758594
3.89652,0.798411,4.72876e+07,8161.3,4.72958e+07,0.758595
3.89698,0.798411,4.729e+07,8159.9,4.72982e+07,0.758596
3.89743,0.798411,4.72924e+07,8158.51,4.73005e+07,0.758597
3.89789,0.79841,4.72947e+07,8157.12,4.73029e+07,0.758599
3.89834,0.79841,4.72971e+07,8155.73,4.73052e+07,0.7586
3.8988,0.79841,4.72994e+07,8154.34,4.73076e+07,0.758601
3.89926,0.798409,4.73018e+07,8152.95,4.73099e+07,0.758602
3.89971,0.798409,4.73041e+07,8151.56,4.73123e+07,0.758604
3.90017,0.798408,4.73065e+07,8150.17,4.73146e+07,0.758605
3.90062,0.798408,4.73089e+07,8148.78,4.7317e+07,0.758606
3.90108,0.798408,4.73112e+07,8147.39,4.73194e+07,0.758607
3.90154,0.798407,4.73136e+07,8146,4.73217e+07,0.758609
3.90199,0.798407,4.73159e+07,8144.62,4.73241e+07,0.75861
3.90245,0.798407,4.73183e+07,8143.23,4.73264e+07,0.758611
3.9029,0.798406,4.73206e+07,8141.84,4.73288e+07,0.758612
3.90336,0.798406,4.7323e+07,8140.46,4.73311e+07,0.758614
3.90382,0.798406,4.73253e+07,8139.07,4.73334e+07,0.758615
3.90427,0.798405,4.73277e+07,8137.68,4.73358e+07,0.758616
3.90473,0.798405,4.733e+07,8136.3,4.73381e+07,0.758617
3.90518,0.798404,4.73323e+07,8134.91,4.73405e+07,0.758619
3.90564,0.798404,4.73347e+07,8133.53,4.73428e+07,0.75862
3.9061,0.798404,4.7337e+07,8132.14,4.73452e+07,0.758621
3.90655,0.798403,4.73394e+07,8130.76,4.73475e+07,0.758622
3.90701,0.798403,4.73417e+07,8129.38,4.73499e+07,0.758624
3.90746,0.798403,4.73441e+07,8127.99,4.73522e+07,0.758625
3.90792,0.798402,4.73464e+07,8126.61,4.73545e+07,0.758626
3.90838,0.798402,4.73487e+07,8125.23,4.73569e+07,0.758627
3.90883,0.798402,4.73511e+07,8123.85,4.73592e+07,0.758628
3.90929,0.798401,4.73534e+07,8122.46,4.73615e+07,0.75863
3.90974,0.798401,4.73558e+07,8121.08,4.73639e+07,0.758631
3.9102,0.798401,4.73581e+07,8119.7,4.73662e+07,0.758632
3.91066,0.7984,4.73604e+07,8118.32,4.73685e+07,0.758633
3.91111,0.7984,4.73628e+07,8116.94,4.73709e+07,0.758635
3.91157,0.798399,4.73651e+07,8115.56,4.73732e+07,0.758636
3.91202,0.798399,4.73674e+07,8114.18,4.73755e+07,0.758637
3.91248,0.798399,4.73698e+07,8112.8,4.73779e+07,0.758638
3.91294,0.798398,4.73721e+07,8111.42,4.73802e+07,0.75864
3.91339,0.798398,4.73744e+07,8110.05,4.73825e+07,0.758641
3.91385,0.798398,4.73768e+07,8108.67,4.73849e+07,0.758642
3.9143,0.798397,4.73791e+07,8107.29,4.73872e+07,0.758643
3.91476,0.798397,4.73814e+07,8105.91,4.73895e+07,0.758644
3.91522,0.798397,4.73837e+07,8104.54,4.73918e+07,0.758646
3.91567,0.798396,4.73861e+07,8103.16,4.73942e+07,0.758647
3.91613,0.798396,4.73884e+07,8101.79,4.73965e+07,0.758648
3.91658,0.798396,4.73907e+07,8100.41,4.73988e+07,0.758649
3.91704,0.798395,4.7393e+07,8099.03,4.74011e+07,0.758651
3.9175,0.798395,4.73954e+07,8097.66,4.74035e+07,0.758652
3.91795,0.798394,4.73977e+07,8096.29,4.74058e+07,0.758653
3.91841,0.798394,4.74e+07,8094.91,4.74081e+07,0.758654
3.91886,0.798394,4.74023e+07,8093.54,4.74104e+07,0.758655
3.91932,0.798393,4.74046e+07,8092.16,4.74127e+07,0.758657
3.91978,0.798393,4.7407e+07,8090.79,4.74151e+07,0.758658
3.92023,0.798393,4.74093e+07,8089.42,4.74174e+07,0.758659
3.92069,0.798392,4.74116e+07,8088.05,4.74197e+07,0.75866
3.92114,0.798392,4.74139e+07,8086.68,4.7422e+07,0.758662
3.9216,0.798392,4.74162e+07,8085.3,4.74243e+07,0.758663
3.92206,0.798391,4.74185e+07,8083.93,4.74266e+07,0.758664
3.92251,0.798391,4.74209e+07,8082.56,4.74289e+07,0.758665
3.92297,0.79839,4.74232e+07,8081.19,4.74313e+07,0.758666
3.92342,0.79839,4.74255e+07,8079.82,4.74336e+07,0.758668
3.92388,0.79839,4.74278e+07,8078.45,4.74359e+07,0.758669
3.92434,0.798389,4.74301e+07,8077.08,4.74382e+07,0.75867
3.92479,0.798389,4.74324e+07,8075.72,4.74405e+07,0.758671
3.92525,0.798389,4.74347e+07,8074.35,4.74428e+07,0.758673
3.9257,0.798388,4.7437e+07,8072.98,4.74451e+07,0.758674
3.92616,0.798388,4.74393e+07,8071.61,4.74474e+07,0.758675
3.92662,0.798388,4.74416e+07,8070.24,4.74497e+07,0.758676
3.92707,0.798387,4.7444e+07,8068.88,4.7452e+07,0.758677
3.92753,0.798387,4.74463e+07,8067.51,4.74543e+07,0.758679
3.92798,0.798387,4.74486e+07,8066.15,4.74566e+07,0.75868
3.92844,0.798386,4.74509e+07,8064.78,4.74589e+07,0.758681
3.9289,0.798386,4.74532e+07,8063.41,4.74612e+07,0.758682
3.92935,0.798385,4.74555e+07,8062.05,4.74635e+07,0.758684
3.92981,0.798385,4.74578e+07,8060.69,4.74658e+07,0.758685
3.93026,0.798385,4.74601e+07,8059.32,4.74681e+07,0.758686
3.93072,0.798384,4.74624e+07,8057.96,4.74704e+07,0.758687
3.93118,0.798384,4.74647e+07,8056.59,4.74727e+07,0.758688
3.93163,0.798384,4.7467e+07,8055.23,4.7475e+07,0.75869
3.93209,0.798383,4.74693e+07,8053.87,4.74773e+07,0.758691
3.93254,0.798383,4.74716e+07,8052.51,4.74796e+07,0.758692
3.933,0.798383,4.74738e+07,8051.14,4.74819e+07,0.758693
3.93346,0.798382,4.74761e+07,8049.78,4.74842e+07,0.758694
3.93391,0.798382,4.74784e+07,8048.42,4.74865e+07,0.758696
3.93437,0.798381,4.74807e+07,8047.06,4.74888e+07,0.758697
3.93482,0.798381,4.7483e+07,8045.7,4.74911e+07,0.758698
3.93528,0.798381,4.74853e+07,8044.34,4.74934e+07,0.758699
3.93574,0.79838,4.74876e+07,8042.98,4.74956e+07,0.7587
3.93619,0.79838,4.74899e+07,8041.62,4.74979e+07,0.758702
3.93665,0.79838,4.74922e+07,8040.26,4.75002e+07,0.758703
3.9371,0.798379,4.74945e+07,8038.9,4.75025e+07,0.758704
3.93756,0.798379,4.74967e+07,8037.55,4.75048e+07,0.758705
3.93802,0.798379,4.7499e+07,8036.19,4.75071e+07,0.758706
3.93847,0.798378,4.75013e+07,8034.83,4.75094e+07,0.758708
3.93893,0.798378,4.75036e+07,8033.47,4.75116e+07,0.758709
3.93938,0.798378,4.75059e+07,8032.12,4.75139e+07,0.75871
3.93984,0.798377,4.75082e+07,8030.76,4.75162e+07,0.758711
3.9403,0.798377,4.75104e+07,8029.41,4.75185e+07,0.758712
3.94075,0.798376,4.75127e+07,8028.05,4.75208e+07,0.758714
3.94121,0.798376,4.7515e+07,8026.7,4.7523e+07,0.758715
3.94166,0.798376,4.75173e+07,8025.34,4.75253e+07,0.758716
3.94212,0.798375,4.75196e+07,8023.99,4.75276e+07,0.758717
3.94258,0.798375,4.75218e+07,8022.63,4.75299e+07,0.758718
3.94303,0.798375,4.75241e+07,8021.28,4.75321e+07,0.75872
3.94349,0.798374,4.75264e+07,8019.93,4.75344e+07,0.758721
3.94394,0.798374,4.75287e+07,8018.57,4.75367e+07,0.758722
3.9444,0.798374,4.75309e+07,8017.22,4.7539e+07,0.758723
3.94486,0.798373,4.75332e+07,8015.87,4.75412e+07,0.758724
3.94531,0.798373,4.75355e+07,8014.52,4.75435e+07,0.758726
3.94577,0.798372,4.75378e+07,8013.16,4.75458e+07,0.758727
3.94622,0.798372,4.754e+07,8011.81,4.7548e+07,0.758728
3.94668,0.798372,4.75423e+07,8010.46,4.75503e+07,0.758729
3.94714,0.798371,4.75446e+07,8009.11,4.75526e+07,0.75873
3.94759,0.798371,4.75468e+07,8007.76,4.75548e+07,0.758732
3.94805,0.798371,4.75491e+07,8006.41,4.75571e+07,0.758733
3.9485,0.79837,4.75514e+07,8005.06,4.75594e+07,0.758734
3.94896,0.79837,4.75536e+07,8003.72,4.75616e+07,0.758735
3.94942,0.79837,4.75559e+07,8002.37,4.75639e+07,0.758736
3.94987,0.798369,4.75582e+07,8001.02,4.75662e+07,0.758738
3.95033,0.798369,4.75604e+07,7999.67,4.75684e+07,0.758739
3.95078,0.798369,4.75627e+07,7998.32,4.75707e+07,0.75874
3.95124,0.798368,4.7565e+07,7996.98,4.7573e+07,0.758741
3.9517,0.798368,4.75672e+07,7995.63,4.75752e+07,0.758742
3.95215,0.798367,4.75695e+07,7994.28,4.75775e+07,0.758744
3.95261,0.798367,4.75717e+07,7992.94,4.75797e+07,0.758745
3.95306,0.798367,4.7574e+07,7991.59,4.7582e+07,0.758746
3.95352,0.798366,4.75763e+07,7990.25,4.75842e+07,0.758747
3.95398,0.798366,4.75785e+07,7988.9,4.75865e+07,0.758748
3.95443,0.798366,4.75808e+07,7987.56,4.75888e+07,0.758749
3.95489,0.798365,4.7583e+07,7986.22,4.7591e+07,0.758751
3.95534,0.798365,4.75853e+07,7984.87,4.75933e+07,0.758752
3.9558,0.798365,4.75875e+07,7983.53,4.75955e+07,0.758753
3.95626,0.798364,4.75898e+07,7982.19,4.75978e+07,0.758754
3.95671,0.798364,4.7592e+07,7980.84,4.76e+07,0.758755
3.95717,0.798363,4.75943e+07,7979.5,4.76023e+07,0.758757
3.95762,0.798363,4.75965e+07,7978.16,4.76045e+07,0.758758
3.95808,0.798363,4.75988e+07,7976.82,4.76068e+07,0.758759
3.95854,0.798362,4.7601e+07,7975.48,4.7609e+07,0.75876
3.95899,0.798362,4.76033e+07,7974.14,4.76113e+07,0.758761
3.95945,0.798362,4.76055e+07,7972.8,4.76135e+07,0.758762
3.9599,0.798361,4.76078e+07,7971.46,4.76157e+07,0.758764
3.96036,0.798361,4.761e+07,7970.12,4.7618e+07,0.758765
3.96082,0.798361,4.76123e+07,7968.78,4.76202e+07,0.758766
3.96127,0.79836,4.76145e+07,7967.44,4.76225e+07,0.758767
3.96173,0.79836,4.76168e+07,7966.1,4.76247e+07,0.758768
3.96218,0.798359,4.7619e+07,7964.76,4.7627e+07,0.75877
3.96264,0.798359,4.76212e+07,7963.43,4.76292e+07,0.758771
3.9631,0.798359,4.76235e+07,7962.09,4.76314e+07,0.758772
3.96355,0.798358,4.76257e+07,7960.75,4.76337e+07,0.758773
3.96401,0.798358,4.7628e+07,7959.41,4.76359e+07,0.758774
3.96446,0.798358,4.76302e+07,7958.08,4.76382e+07,0.758775
3.96492,0.798357,4.76324e+07,7956.74,4.76404e+07,0.758777
3.96538,0.798357,4.76347e+07,7955.41,4.76426e+07,0.758778
3.96583,0.798357,4.76369e+07,7954.07,4.76449e+07,0.758779
3.96629,0.798356,4.76391e+07,7952.74,4.76471e+07,0.75878
3.96674,0.798356,4.76414e+07,7951.4,4.76493e+07,0.758781
3.9672,0.798356,4.76436e+07,7950.07,4.76516e+07,0.758782
3.96766,0.798355,4.76458e+07,7948.74,4.76538e+07,0.758784
3.96811,0.798355,4.76481e+07,7947.4,4.7656e+07,0.758785
3.96857,0.798354,4.76503e+07,7946.07,4.76583e+07,0.758786
3.96902,0.798354,4.76525e+07,7944.74,4.76605e+07,0.758787
3.96948,0.798354,4.76548e+07,7943.4,4.76627e+07,0.758788
3.96994,0.798353,4.7657e+07,7942.07,4.76649e+07,0.75879
3.97039,0.798353,4.76592e+07,7940.74,4.76672e+07,0.758791
3.97085,0.798353,4.76614e+07,7939.41,4.76694e+07,0.758792
3.9713,0.798352,4.76637e+07,7938.08,4.76716e+07,0.758793
3.97176,0.798352,4.76659e+07,7936.75,4.76738e+07,0.758794
3.97222,0.798352,4.76681e+07,7935.42,4.76761e+07,0.758795
3.97267,0.798351,4.76703e+07,7934.09,4.76783e+07,0.758797
3.97313,0.798351,4.76726e+07,7932.76,4.76805e+07,0.758798
3.97358,0.79835,4.76748e+07,7931.43,4.76827e+07,0.758799
3.97404,0.79835,4.7677e+07,7930.1,4.76849e+07,0.7588
3.9745,0.79835,4.76792e+07,7928.78,4.76872e+07,0.758801
3.97495,0.798349,4.76815e+07,7927.45,4.76894e+07,0.758802
3.97541,0.798349,4.76837e+07,7926.12,4.76916e+07,0.758804
3.97586,0.798349,4.76859e+07,7924.79,4.76938e+07,0.758805
3.97632,0.798348,4.76881e+07,7923.47,4.7696e+07,0.758806
3.97678,0.798348,4.76903e+07,7922.14,4.76982e+07,0.758807
3.97723,0.798348,4.76925e+07,7920.81,4.77005e+07,0.758808
3.97769,0.798347,4.76948e+07,7919.49,4.77027e+07,0.758809
3.97814,0.798347,4.7697e+07,7918.16,4.77049e+07,0.75881
3.9786,0.798346,4.76992e+07,7916.84,4.77071e+07,0.758812
3.97906,0.798346,4.77014e+07,7915.51,4.77093e+07,0.758813
3.97951,0.798346,4.77036e+07,7914.19,4.77115e+07,0.758814
3.97997,0.798345,4.77058e+07,7912.87,4.77137e+07,0.758815
3.98042,0.798345,4.7708e+07,7911.54,4.77159e+07,0.758816
3.98088,0.798345,4.77102e+07,7910.22,4.77182e+07,0.758817
3.98134,0.798344,4.77124e+07,7908.9,4.77204e+07,0.758819
3.98179,0.798344,4.77147e+07,7907.57,4.77226e+07,0.75882
3.98225,0.798344,4.77169e+07,7906.25,4.77248e+07,0.758821
3.9827,0.798343,4.77191e+07,7904.93,4.7727e+07,0.758822
3.98316,0.798343,4.77213e+07,7903.61,4.77292e+07,0.758823
3.98362,0.798342,4.77235e+07,7902.29,4.77314e+07,0.758824
3.98407,0.798342,4.77257e+07,7900.97,4.77336e+07,0.758826
3.98453,0.798342,4.77279e+07,7899.65,4.77358e+07,0.758827
3.98498,0.798341,4.77301e+07,7898.33,4.7738e+07,0.758828
3.98544,0.798341,4.77323e+07,7897.01,4.77402e+07,0.758829
3.9859,0.798341,4.77345e+07,7895.69,4.77424e+07,0.75883
3.98635,0.79834,4.77367e+07,7894.37,4.77446e+07,0.758831
3.98681,0.79834,4.77389e+07,7893.05,4.77468e+07,0.758832
3.98726,0.79834,4.77411e+07,7891.73,4.7749e+07,0.758834
3.98772,0.798339,4.77433e+07,7890.42,4.77512e+07,0.758835
3.98818,0.798339,4.77455e+07,7889.1,4.77534e+07,0.758836
3.98863,0.798339,4.77477e+07,7887.78,4.77556e+07,0.758837
3.98909,0.798338,4.77499e+07,7886.47,4.77578e+07,0.758838
3.98954,0.798338,4.77521e+07,7885.15,4.776e+07,0.758839
3.99,0.798337,4.77543e+07,7883.83,4.77621e+07,0.758841
3.99046,0.798337,4.77565e+07,7882.52,4.77643e+07,0.758842
3.99091,0.798337,4.77586e+07,7881.2,4.77665e+07,0.758843
3.99137,0.798336,4.77608e+07,7879.89,4.77687e+07,0.758844
3.99182,0.798336,4.7763e+07,7878.57,4.77709e+07,0.758845
3.99228,0.798336,4.77652e+07,7877.26,4.77731e+07,0.758846
3.99274,0.798335,4.77674e+07,7875.95,4.77753e+07,0.758847
3.99319,0.798335,4.77696e+07,7874.63,4.77775e+07,0.758849
3.99365,0.798335,4.77718e+07,7873.32,4.77797e+07,0.75885
3.9941,0.798334,4.7774e+07,7872.01,4.77818e+07,0.758851
3.99456,0.798334,4.77762e+07,7870.7,4.7784e+07,0.758852
3.99502,0.798333,4.77783e+07,7869.38,4.77862e+07,0.758853
3.99547,0.798333,4.77805e+07,7868.07,4.77884e+07,0.758854
3.99593,0.798333,4.77827e+07,7866.76,4.77906e+07,0.758855
3.99638,0.798332,4.77849e+07,7865.45,4.77928e+07,0.758857
3.99684,0.798332,4.77871e+07,7864.14,4.77949e+07,0.758858
3.9973,0.798332,4.77893e+07,7862.83,4.77971e+07,0.758859
3.99775,0.798331,4.77914e+07,7861.52,4.77993e+07,0.75886
3.99821,0.798331,4.77936e+07,7860.21,4.78015e+07,0.758861
3.99866,0.798331,4.77958e+07,7858.9,4.78036e+07,0.758862
3.99912,0.79833,4.7798e+07,7857.59,4.78058e+07,0.758863
3.99958,0.79833,4.78001e+07,7856.28,4.7808e+07,0.758865
4.00003,0.798329,4.78023e+07,7854.98,4.78102e+07,0.758866
4.00049,0.798329,4.78045e+07,7853.67,4.78124e+07,0.758867
4.00094,0.798329,4.78067e+07,7852.36,4.78145e+07,0.758868
4.0014,0.798328,4.78088e+07,7851.05,4.78167e+07,0.758869
4.00186,0.798328,4.7811e+07,7849.75,4.78189e+07,0.75887
4.00231,0.798328,4.78132e+07,7848.44,4.7821e+07,0.758871
4.00277,0.798327,4.78154e+07,7847.14,4.78232e+07,0.758872
4.00322,0.798327,4.78175e+07,7845.83,4.78254e+07,0.758874
4.00368,0.798327,4.78197e+07,7844.53,4.78275e+07,0.758875
4.00414,0.798326,4.78219e+07,7843.22,4.78297e+07,0.758876
4.00459,0.798326,4.7824e+07,7841.92,4.78319e+07,0.758877
4.00505,0.798325,4.78262e+07,7840.61,4.7834e+07,0.758878
4.0055,0.798325,4.78284e+07,7839.31,4.78362e+07,0.758879
4.00596,0.798325,4.78305e+07,7838.01,4.78384e+07,0.75888
4.00642,0.798324,4.78327e+07,7836.7,4.78405e+07,0.758882
4.00687,0.798324,4.78349e+07,7835.4,4.78427e+07,0.758883
4.00733,0.798324,4.7837e+07,7834.1,4.78449e+07,0.758884
4.00778,0.798323,4.78392e+07,7832.8,4.7847e+07,0.758885
4.00824,0.798323,4.78414e+07,7831.49,4.78492e+07,0.758886
4.0087,0.798323,4.78435e+07,7830.19,4.78514e+07,0.758887
4.00915,0.798322,4.78457e+07,7828.89,4.78535e+07,0.758888
4.00961,0.798322,4.78478e+07,7827.59,4.78557e+07,0.758889
4.01006,0.798321,4.785e+07,7826.29,4.78578e+07,0.758891
4.01052,0.798321,4.78522e+07,7824.99,4.786e+07,0.758892
4.01098,0.798321,4.78543e+07,7823.69,4.78621e+07,0.758893
4.01143,0.79832,4.78565e+07,7822.39,4.78643e+07,0.758894
4.01189,0.79832,4.78586e+07,7821.09,4.78665e+07,0.758895
4.01234,0.79832,4.78608e+07,7819.8,4.78686e+07,0.758896
4.0128,0.798319,4.78629e+07,7818.5,4.78708e+07,0.758897
4.01326,0.798319,4.78651e+07,7817.2,4.78729e+07,0.758898
4.01371,0.798319,4.78672e+07,7815.9,4.78751e+07,0.7589
4.01417,0.798318,4.78694e+07,7814.61,4.78772e+07,0.758901
4.01462,0.798318,4.78715e+07,7813.31,4.78794e+07,0.758902
4.01508,0.798317,4.78737e+07,7812.01,4.78815e+07,0.758903
4.01554,0.798317,4.78758e+07,7810.72,4.78837e+07,0.758904
4.01599,0.798317,4.7878e+07,7809.42,4.78858e+07,0.758905
4.01645,0.798316,4.78801e+07,7808.13,4.7888e+07,0.758906
4.0169,0.798316,4.78823e+07,7806.83,4.78901e+07,0.758907
4.01736,0.798316,4.78844e+07,7805.54,4.78922e+07,0.758909
4.01782,0.798315,4.78866e+07,7804.24,4.78944e+07,0.75891
4.01827,0.798315,4.78887e+07,7802.95,4.78965e+07,0.758911
4.01873,0.798315,4.78909e+07,7801.66,4.78987e+07,0.758912
4.01918,0.798314,4.7893e+07,7800.36,4.79008e+07,0.758913
4.01964,0.798314,4.78952e+07,7799.07,4.7903e+07,0.758914
4.0201,0.798313,4.78973e+07,7797.78,4.79051e+07,0.758915
4.02055,0.798313,4.78994e+07,7796.48,4.79072e+07,0.758916
4.02101,0.798313,4.79016e+07,7795.19,4.79094e+07,0.758918
4.02146,0.798312,4.79037e+07,7793.9,4.79115e+07,0.758919
4.02192,0.798312,4.79059e+07,7792.61,4.79137e+07,0.75892
4.02238,0.798312,4.7908e+07,7791.32,4.79158e+07,0.758921
4.02283,0.798311,4.79101e+07,7790.03,4.79179e+07,0.758922
4.02329,0.798311,4.79123e+07,7788.74,4.79201e+07,0.758923
4.02374,0.798311,4.79144e+07,7787.45,4.79222e+07,0.758924
4.0242,0.79831,4.79165e+07,7786.16,4.79243e+07,0.758925
4.02466,0.79831,4.79187e+07,7784.87,4.79265e+07,0.758926
4.02511,0.798309,4.79208e+07,7783.58,4.79286e+07,0.758928
4.02557,0.798309,4.79229e+07,7782.3,4.79307e+07,0.758929
4.02602,0.798309,4.79251e+07,7781.01,4.79329e+07,0.75893
4.02648,0.798308,4.79272e+07,7779.72,4.7935e+07,0.758931
4.02694,0.798308,4.79293e+07,7778.43,4.79371e+07,0.758932
4.02739,0.798308,4.79315e+07,7777.15,4.79392e+07,0.758933
4.02785,0.798307,4.79336e+07,7775.86,4.79414e+07,0.758934
4.0283,0.798307,4.79357e+07,7774.57,4.79435e+07,0.758935
4.02876,0.798307,4.79379e+07,7773.29,4.79456e+07,0.758936
4.02922,0.798306,4.794e+07,7772,4.79478e+07,0.758938
4.02967,0.798306,4.79421e+07,7770.72,4.79499e+07,0.758939
4.03013,0.798305,4.79442e+07,7769.43,4.7952e+07,0.75894
4.03058,0.798305,4.79464e+07,7768.15,4.79541e+07,0.758941
4.03104,0.798305,4.79485e+07,7766.86,4.79562e+07,0.758942
4.0315,0.798304,4.79506e+07,7765.58,4.79584e+07,0.758943
4.03195,0.798304,4.79527e+07,7764.3,4.79605e+07,0.758944
4.03241,0.798304,4.79548e+07,7763.01,4.79626e+07,0.758945
4.03286,0.798303,4.7957e+07,7761.73,4.79647e+07,0.758946
4.03332,0.798303,4.79591e+07,7760.45,4.79668e+07,0.758948
4.03378,0.798303,4.79612e+07,7759.17,4.7969e+07,0.758949
4.03423,0.798302,4.79633e+07,7757.89,4.79711e+07,0.75895
4.03469,0.798302,4.79654e+07,7756.6,4.79732e+07,0.758951
4.03514,0.798301,4.79676e+07,7755.32,4.79753e+07,0.758952
4.0356,0.798301,4.79697e+07,7754.04,4.79774e+07,0.758953
4.03606,0.798301,4.79718e+07,7752.76,4.79795e+07,0.758954
4.03651,0.7983,4.79739e+07,7751.48,4.79817e+07,0.758955
4.03697,0.7983,4.7976e+07,7750.2,4.79838e+07,0.758956
4.03742,0.7983,4.79781e+07,7748.92,4.79859e+07,0.758957
4.03788,0.798299,4.79802e+07,7747.65,4.7988e+07,0.758959
4.03834,0.798299,4.79824e+07,7746.37,4.79901e+07,0.75896
4.03879,0.798299,4.79845e+07,7745.09,4.79922e+07,0.758961
4.03925,0.798298,4.79866e+07,7743.81,4.79943e+07,0.758962
4.0397,0.798298,4.79887e+07,7742.53,4.79964e+07,0.758963
4.04016,0.798297,4.79908e+07,7741.26,4.79985e+07,0.758964
4.04062,0.798297,4.79929e+07,7739.98,4.80006e+07,0.758965
4.04107,0.798297,4.7995e+07,7738.7,4.80027e+07,0.758966
4.04153,0.798296,4.79971e+07,7737.43,4.80049e+07,0.758967
4.04198,0.798296,4.79992e+07,7736.15,4.8007e+07,0.758968
4.04244,0.798296,4.80013e+07,7734.88,4.80091e+07,0.75897
4.0429,0.798295,4.80034e+07,7733.6,4.80112e+07,0.758971
4.04335,0.798295,4.80055e+07,7732.33,4.80133e+07,0.758972
4.04381,0.798295,4.80076e+07,7731.05,4.80154e+07,0.758973
4.04426,0.798294,4.80097e+07,7729.78,4.80175e+07,0.758974
4.04472,0.798294,4.80118e+07,7728.5,4.80196e+07,0.758975
4.04518,0.798293,4.80139e+07,7727.23,4.80217e+07,0.758976
4.04563,0.798293,4.8016e+07,7725.96,4.80238e+07,0.758977
4.04609,0.798293,4.80181e+07,7724.69,4.80259e+07,0.758978
4.04654,0.798292,4.80202e+07,7723.41,4.8028e+07,0.758979
4.047,0.798292,4.80223e+07,7722.14,4.80301e+07,0.758981
4.04746,0.798292,4.80244e+07,7720.87,4.80321e+07,0.758982
4.04791,0.798291,4.80265e+07,7719.6,4.80342e+07,0.758983
4.04837,0.798291,4.80286e+07,7718.33,4.80363e+07,0.758984
4.04882,0.798291,4.80307e+07,7717.06,4.80384e+07,0.758985
4.04928,0.79829,4.80328e+07,7715.79,4.80405e+07,0.758986
4.04974,0.79829,4.80349e+07,7714.52,4.80426e+07,0.758987
4.05019,0.798289,4.8037e+07,7713.25,4.80447e+07,0.758988
4.05065,0.798289,4.80391e+07,7711.98,4.80468e+07,0.758989
4.0511,0.798289,4.80412e+07,7710.71,4.80489e+07,0.75899
4.05156,0.798288,4.80433e+07,7709.44,4.8051e+07,0.758991
4.05202,0.798288,4.80453e+07,7708.17,4.80531e+07,0.758993
4.05247,0.798288,4.80474e+07,7706.9,4.80551e+07,0.758994
4.05293,0.798287,4.80495e+07,7705.64,4.80572e+07,0.758995
4.05338,0.798287,4.80516e+07,7704.37,4.80593e+07,0.758996
4.05384,0.798287,4.80537e+07,7703.1,4.80614e+07,0.758997
4.0543,0.798286,4.80558e+07,7701.84,4.80635e+07,0.758998
4.05475,0.798286,4.80579e+07,7700.57,4.80656e+07,0.758999
4.05521,0.798285,4.80599e+07,7699.3,4.80676e+07,0.759
4.05566,0.798285,4.8062e+07,7698.04,4.80697e+07,0.759001
4.05612,0.798285,4.80641e+07,7696.77,4.80718e+07,0.759002
4.05658,0.798284,4.80662e+07,7695.51,4.80739e+07,0.759003
4.05703,0.798284,4.80683e+07,7694.24,4.8076e+07,0.759004
4.05749,0.798284,4.80704e+07,7692.98,4.8078e+07,0.759006
4.05794,0.798283,4.80724e+07,7691.72,4.80801e+07,0.759007
4.0584,0.798283,4.80745e+07,7690.45,4.80822e+07,0.759008
4.05886,0.798283,4.80766e+07,7689.19,4.80843e+07,0.759009
4.05931,0.798282,4.80787e+07,7687.93,4.80864e+07,0.75901
4.05977,0.798282,4.80807e+07,7686.67,4.80884e+07,0.759011
4.06022,0.798281,4.80828e+07,7685.4,4.80905e+07,0.759012
4.06068,0.798281,4.80849e+07,7684.14,4.80926e+07,0.759013
4.06114,0.798281,4.8087e+07,7682.88,4.80946e+07,0.759014
4.06159,0.79828,4.8089e+07,7681.62,4.80967e+07,0.759015
4.06205,0.79828,4.80911e+07,7680.36,4.80988e+07,0.759016
4.0625,0.79828,4.80932e+07,7679.1,4.81009e+07,0.759017
4.06296,0.798279,4.80952e+07,7677.84,4.81029e+07,0.759018
4.06342,0.798279,4.80973e+07,7676.58,4.8105e+07,0.75902
4.06387,0.798279,4.80994e+07,7675.32,4.81071e+07,0.759021
4.06433,0.798278,4.81015e+07,7674.06,4.81091e+07,0.759022
4.06478,0.798278,4.81035e+07,7672.8,4.81112e+07,0.759023
4.06524,0.798277,4.81056e+07,7671.54,4.81133e+07,0.759024
4.0657,0.798277,4.81077e+07,7670.29,4.81153e+07,0.759025
4.06615,0.798277,4.81097e+07,7669.03,4.81174e+07,0.759026
4.06661,0.798276,4.81118e+07,7667.77,4.81195e+07,0.759027
4.06706,0.798276,4.81139e+07,7666.51,4.81215e+07,0.759028
4.06752,0.798276,4.81159e+07,7665.26,4.81236e+07,0.759029
4.06798,0.798275,4.8118e+07,7664,4.81256e+07,0.75903
4.06843,0.798275,4.812e+07,7662.74,4.81277e+07,0.759031
4.06889,0.798275,4.81221e+07,7661.49,4.81298e+07,0.759032
4.06934,0.798274,4.81242e+07,7660.23,4.81318e+07,0.759034
4.0698,0.798274,4.81262e+07,7658.98,4.81339e+07,0.759035
4.07026,0.798273,4.81283e+07,7657.72,4.81359e+07,0.759036
4.07071,0.798273,4.81303e+07,7656.47,4.8138e+07,0.759037
4.07117,0.798273,4.81324e+07,7655.22,4.81401e+07,0.759038
4.07162,0.798272,4.81345e+07,7653.96,4.81421e+07,0.759039
4.07208,0.798272,4.81365e+07,7652.71,4.81442e+07,0.75904
4.07254,0.798272,4.81386e+07,7651.46,4.81462e+07,0.759041
4.07299,0.798271,4.81406e+07,7650.2,4.81483e+07,0.759042
4.07345,0.798271,4.81427e+07,7648.95,4.81503e+07,0.759043
4.0739,0.798271,4.81447e+07,7647.7,4.81524e+07,0.759044
4.07436,0.79827,4.81468e+07,7646.45,4.81544e+07,0.759045
4.07482,0.79827,4.81488e+07,7645.2,4.81565e+07,0.759046
4.07527,0.798269,4.81509e+07,7643.95,4.81585e+07,0.759047
4.07573,0.798269,4.81529e+07,7642.69,4.81606e+07,0.759048
4.07618,0.798269,4.8155e+07,7641.44,4.81626e+07,0.75905
4.07664,0.798268,4.8157e+07,7640.19,4.81647e+07,0.759051
4.0771,0.798268,4.81591e+07,7638.95,4.81667e+07,0.759052
4.07755,0.798268,4.81611e+07,7637.7,4.81688e+07,0.759053
4.07801,0.798267,4.81632e+07,7636.45,4.81708e+07,0.759054
4.07846,0.798267,4.81652e+07,7635.2,4.81728e+07,0.759055
4.07892,0.798267,4.81673e+07,7633.95,4.81749e+07,0.759056
4.07938,0.798266,4.81693e+07,7632.7,4.81769e+07,0.759057
4.07983,0.798266,4.81713e+07,7631.45,4.8179e+07,0.759058
4.08029,0.798265,4.81734e+07,7630.21,4.8181e+07,0.759059
4.08074,0.798265,4.81754e+07,7628.96,4.81831e+07,0.75906
4.0812,0.798265,4.81775e+07,7627.71,4.81851e+07,0.759061
4.08166,0.798264,4.81795e+07,7626.47,4.81871e+07,0.759062
4.08211,0.798264,4.81816e+07,7625.22,4.81892e+07,0.759063
4.08257,0.798264,4.81836e+07,7623.98,4.81912e+07,0.759064
4.08302,0.798263,4.81856e+07,7622.73,4.81933e+07,0.759065
4.08348,0.798263,4.81877e+07,7621.49,4.81953e+07,0.759066
4.08394,0.798262,4.81897e+07,7620.24,4.81973e+07,0.759068
4.08439,0.798262,4.81917e+07,7619,4.81994e+07,0.759069
4.08485,0.798262,4.81938e+07,7617.75,4.82014e+07,0.75907
4.0853,0.798261,4.81958e+07,7616.51,4.82034e+07,0.759071
4.08576,0.798261,4.81978e+07,7615.27,4.82055e+07,0.759072
4.08622,0.798261,4.81999e+07,7614.02,4.82075e+07,0.759073
4.08667,0.79826,4.82019e+07,7612.78,4.82095e+07,0.759074
4.08713,0.79826,4.82039e+07,7611.54,4.82116e+07,0.759075
4.08758,0.79826,4.8206e+07,7610.3,4.82136e+07,0.759076
4.08804,0.798259,4.8208e+07,7609.06,4.82156e+07,0.759077
4.0885,0.798259,4.821e+07,7607.81,4.82176e+07,0.759078
4.08895,0.798258,4.82121e+07,7606.57,4.82197e+07,0.759079
4.08941,0.798258,4.82141e+07,7605.33,4.82217e+07,0.75908
4.08986,0.798258,4.82161e+07,7604.09,4.82237e+07,0.759081
4.09032,0.798257,4.82181e+07,7602.85,4.82257e+07,0.759082
4.09078,0.798257,4.82202e+07,7601.61,4.82278e+07,0.759083
4.09123,0.798257,4.82222e+07,7600.37,4.82298e+07,0.759084
4.09169,0.798256,4.82242e+07,7599.13,4.82318e+07,0.759085
4.09214,0.798256,4.82262e+07,7597.9,4.82338e+07,0.759087
4.0926,0.798256,4.82283e+07,7596.66,4.82359e+07,0.759088
4.09306,0.798255,4.82303e+07,7595.42,4.82379e+07,0.759089
4.09351,0.798255,4.82323e+07,7594.18,4.82399e+07,0.75909
4.09397,0.798254,4.82343e+07,7592.95,4.82419e+07,0.759091
4.09442,0.798254,4.82363e+07,7591.71,4.82439e+07,0.759092
4.09488,0.798254,4.82384e+07,7590.47,4.8246e+07,0.759093
4.09534,0.798253,4.82404e+07,7589.24,4.8248e+07,0.759094
4.09579,0.798253,4.82424e+07,7588,4.825e+07,0.759095
4.09625,0.798253,4.82444e+07,7586.76,4.8252e+07,0.759096
4.0967,0.798252,4.82464e+07,7585.53,4.8254e+07,0.759097
4.09716,0.798252,4.82485e+07,7584.29,4.8256e+07,0.759098
4.09762,0.798252,4.82505e+07,7583.06,4.8258e+07,0.759099
4.09807,0.798251,4.82525e+07,7581.82,4.82601e+07,0.7591
4.09853,0.798251,4.82545e+07,7580.59,4.82621e+07,0.759101
4.09898,0.79825,4.82565e+07,7579.36,4.82641e+07,0.759102
4.09944,0.79825,4.82585e+07,7578.12,4.82661e+07,0.759103
4.0999,0.79825,4.82605e+07,7576.89,4.82681e+07,0.759104
4.10035,0.798249,4.82625e+07,7575.66,4.82701e+07,0.759105
4.10081,0.798249,4.82646e+07,7574.43,4.82721e+07,0.759106
4.10126,0.798249,4.82666e+07,7573.19,4.82741e+07,0.759107
4.10172,0.798248,4.82686e+07,7571.96,4.82761e+07,0.759108
4.10218,0.798248,4.82706e+07,7570.73,4.82781e+07,0.759109
4.10263,0.798247,4.82726e+07,7569.5,4.82802e+07,0.759111
4.10309,0.798247,4.82746e+07,7568.27,4.82822e+07,0.759112
4.10354,0.798247,4.82766e+07,7567.04,4.82842e+07,0.759113
4.104,0.798246,4.82786e+07,7565.81,4.82862e+07,0.759114
4.10446,0.798246,4.82806e+07,7564.58,4.82882e+07,0.759115
4.10491,0.798246,4.82826e+07,7563.35,4.82902e+07,0.759116
4.10537,0.798245,4.82846e+07,7562.12,4.82922e+07,0.759117
4.10582,0.798245,4.82866e+07,7560.89,4.82942e+07,0.759118
4.10628,0.798245,4.82886e+07,7559.66,4.82962e+07,0.759119
4.10674,0.798244,4.82906e+07,7558.44,4.82982e+07,0.75912
4.10719,0.798244,4.82926e+07,7557.21,4.83002e+07,0.759121
4.10765,0.798243,4.82946e+07,7555.98,4.83022e+07,0.759122
4.1081,0.798243,4.82966e+07,7554.75,4.83042e+07,0.759123
4.10856,0.798243,4.82986e+07,7553.53,4.83062e+07,0.759124
4.10902,0.798242,4.83006e+07,7552.3,4.83082e+07,0.759125
4.10947,0.798242,4.83026e+07,7551.07,4.83102e+07,0.759126
4.10993,0.798242,4.83046e+07,7549.85,4.83121e+07,0.759127
4.11038,0.798241,4.83066e+07,7548.62,4.83141e+07,0.759128
4.11084,0.798241,4.83086e+07,7547.4,4.83161e+07,0.759129
4.1113,0.798241,4.83106e+07,7546.17,4.83181e+07,0.75913
4.11175,0.79824,4.83126e+07,7544.95,4.83201e+07,0.759131
4.11221,0.79824,4.83146e+07,7543.72,4.83221e+07,0.759132
4.11266,0.798239,4.83166e+07,7542.5,4.83241e+07,0.759133
4.11312,0.798239,4.83185e+07,7541.28,4.83261e+07,0.759134
4.11358,0.798239,4.83205e+07,7540.05,4.83281e+07,0.759135
4.11403,0.798238,4.83225e+07,7538.83,4.83301e+07,0.759136
4.11449,0.798238,4.83245e+07,7537.61,4.8332e+07,0.759137
4.11494,0.798238,4.83265e+07,7536.39,4.8334e+07,0.759138
4.1154,0.798237,4.83285e+07,7535.16,4.8336e+07,0.759139
4.11586,0.798237,4.83305e+07,7533.94,4.8338e+07,0.759141
4.11631,0.798237,4.83325e+07,7532.72,4.834e+07,0.759142
4.11677,0.798236,4.83344e+07,7531.5,4.8342e+07,0.759143
4.11722,0.798236,4.83364e+07,7530.28,4.8344e+07,0.759144
4.11768,0.798235,4.83384e+07,7529.06,4.83459e+07,0.759145
4.11814,0.798235,4.83404e+07,7527.84,4.83479e+07,0.759146
4.11859,0.798235,4.83424e+07,7526.62,4.83499e+07,0.759147
4.11905,0.798234,4.83444e+07,7525.4,4.83519e+07,0.759148
4.1195,0.798234,4.83463e+07,7524.18,4.83539e+07,0.759149
4.11996,0.798234,4.83483e+07,7522.96,4.83558e+07,0.75915
4.12042,0.798233,4.83503e+07,7521.74,4.83578e+07,0.759151
4.12087,0.798233,4.83523e+07,7520.53,4.83598e+07,0.759152
4.12133,0.798232,4.83543e+07,7519.31,4.83618e+07,0.759153
4.12178,0.798232,4.83562e+07,7518.09,4.83637e+07,0.759154
4.12224,0.798232,4.83582e+07,7516.87,4.83657e+07,0.759155
4.1227,0.798231,4.83602e+07,7515.66,4.83677e+07,0.759156
4.12315,0.798231,4.83622e+07,7514.44,4.83697e+07,0.759157
4.12361,0.798231,4.83641e+07,7513.23,4.83716e+07,0.759158
4.12406,0.79823,4.83661e+07,7512.01,4.83736e+07,0.759159
4.12452,0.79823,4.83681e+07,7510.79,4.83756e+07,0.75916
4.12498,0.79823,4.837e+07,7509.58,4.83776e+07,0.759161
4.12543,0.798229,4.8372e+07,7508.36,4.83795e+07,0.759162
4.12589,0.798229,4.8374e+07,7507.15,4.83815e+07,0.759163
4.12634,0.798228,4.8376e+07,7505.94,4.83835e+07,0.759164
4.1268,0.798228,4.83779e+07,7504.72,4.83854e+07,0.759165
4.12726,0.798228,4.83799e+07,7503.51,4.83874e+07,0.759166
4.12771,0.798227,4.83819e+07,7502.3,4.83894e+07,0.759167
4.12817,0.798227,4.83838e+07,7501.08,4.83913e+07,0.759168
4.12862,0.798227,4.83858e+07,7499.87,4.83933e+07,0.759169
4.12908,0.798226,4.83878e+07,7498.66,4.83953e+07,0.75917
4.12954,0.798226,4.83897e+07,7497.45,4.83972e+07,0.759171
4.12999,0.798226,4.83917e+07,7496.23,4.83992e+07,0.759172
4.13045,0.798225,4.83937e+07,7495.02,4.84011e+07,0.759173
4.1309,0.798225,4.83956e+07,7493.81,4.84031e+07,0.759174
4.13136,0.798224,4.83976e+07,7492.6,4.84051e+07,0.759175
4.13182,0.798224,4.83995e+07,7491.39,4.8407e+07,0.759176
4.13227,0.798224,4.84015e+07,7490.18,4.8409e+07,0.759177
4.13273,0.798223,4.84035e+07,7488.97,4.8411e+07,0.759178
4.13318,0.798223,4.84054e+07,7487.76,4.84129e+07,0.759179
4.13364,0.798223,4.84074e+07,7486.55,4.84149e+07,0.75918
4.1341,0.798222,4.84093e+07,7485.34,4.84168e+07,0.759181
4.13455,0.798222,4.84113e+07,7484.14,4.84188e+07,0.759182
4.13501,0.798221,4.84133e+07,7482.93,4.84207e+07,0.759183
4.13546,0.798221,4.84152e+07,7481.72,4.84227e+07,0.759184
4.13592,0.798221,4.84172e+07,7480.51,4.84246e+07,0.759185
4.13638,0.79822,4.84191e+07,7479.31,4.84266e+07,0.759186
4.13683,0.79822,4.84211e+07,7478.1,4.84285e+07,0.759187
4.13729,0.79822,4.8423e+07,7476.89,4.84305e+07,0.759188
4.13774,0.798219,4.8425e+07,7475.69,4.84325e+07,0.759189
4.1382,0.798219,4.84269e+07,7474.48,4.84344e+07,0.75919
4.13866,0.798219,4.84289e+07,7473.28,4.84364e+07,0.759191
4.13911,0.798218,4.84308e+07,7472.07,4.84383e+07,0.759192
4.13957,0.798218,4.84328e+07,7470.87,4.84402e+07,0.759193
4.14002,0.798217,4.84347e+07,7469.66,4.84422e+07,0.759194
4.14048,0.798217,4.84367e+07,7468.46,4.84441e+07,0.759195
4.14094,0.798217,4.84386e+07,7467.25,4.84461e+07,0.759196
4.14139,0.798216,4.84406e+07,7466.05,4.8448e+07,0.759197
4.14185,0.798216,4.84425e+07,7464.85,4.845e+07,0.759198
4.1423,0.798216,4.84445e+07,7463.64,4.84519e+07,0.759199
4.14276,0.798215,4.84464e+07,7462.44,4.84539e+07,0.7592
4.14322,0.798215,4.84483e+07,7461.24,4.84558e+07,0.759201
4.14367,0.798214,4.84503e+07,7460.04,4.84578e+07,0.759202
4.14413,0.798214,4.84522e+07,7458.83,4.84597e+07,0.759203
4.14458,0.798214,4.84542e+07,7457.63,4.84616e+07,0.759204
4.14504,0.798213,4.84561e+07,7456.43,4.84636e+07,0.759205
4.1455,0.798213,4.84581e+07,7455.23,4.84655e+07,0.759206
4.14595,0.798213,4.846e+07,7454.03,4.84674e+07,0.759207
4.14641,0.798212,4.84619e+07,7452.83,4.84694e+07,0.759208
4.14686,0.798212,4.84639e+07,7451.63,4.84713e+07,0.759209
4.14732,0.798212,4.84658e+07,7450.43,4.84733e+07,0.75921
4.14778,0.798211,4.84677e+07,7449.23,4.84752e+07,0.759211
4.14823,0.798211,4.84697e+07,7448.03,4.84771e+07,0.759212
4.14869,0.79821,4.84716e+07,7446.84,4.84791e+07,0.759213
4.14914,0.79821,4.84736e+07,7445.64,4.8481e+07,0.759214
4.1496,0.79821,4.84755e+07,7444.44,4.84829e+07,0.759215
4.15006,0.798209,4.84774e+07,7443.24,4.84849e+07,0.759216
4.15051,0.798209,4.84794e+07,7442.04,4.84868e+07,0.759217
4.15097,0.798209,4.84813e+07,7440.85,4.84887e+07,0.759218
4.15142,0.798208,4.84832e+07,7439.65,4.84907e+07,0.759219
4.15188,0.798208,4.84851e+07,7438.45,4.84926e+07,0.75922
4.15234,0.798208,4.84871e+07,7437.26,4.84945e+07,0.759221
4.15279,0.798207,4.8489e+07,7436.06,4.84964e+07,0.759222
4.15325,0.798207,4.84909e+07,7434.87,4.84984e+07,0.759223
4.1537,0.798206,4.84929e+07,7433.67,4.85003e+07,0.759224
4.15416,0.798206,4.84948e+07,7432.48,4.85022e+07,0.759225
4.15462,0.798206,4.84967e+07,7431.28,4.85041e+07,0.759226
4.15507,0.798205,4.84986e+07,7430.09,4.85061e+07,0.759227
4.15553,0.798205,4.85006e+07,7428.9,4.8508e+07,0.759228
4.15598,0.798205,4.85025e+07,7427.7,4.85099e+07,0.759229
4.15644,0.798204,4.85044e+07,7426.51,4.85118e+07,0.75923
4.1569,0.798204,4.85063e+07,7425.32,4.85138e+07,0.759231
4.15735,0.798203,4.85083e+07,7424.12,4.85157e+07,0.759232
4.15781,0.798203,4.85102e+07,7422.93,4.85176e+07,0.759233
4.15826,0.798203,4.85121e+07,7421.74,4.85195e+07,0.759234
4.15872,0.798202,4.8514e+07,7420.55,4.85214e+07,0.759235
4.15918,0.798202,4.85159e+07,7419.36,4.85234e+07,0.759236
4.15963,0.798202,4.85179e+07,7418.17,4.85253e+07,0.759237
4.16009,0.798201,4.85198e+07,7416.98,4.85272e+07,0.759238
4.16054,0.798201,4.85217e+07,7415.79,4.85291e+07,0.759239
4.161,0.798201,4.85236e+07,7414.6,4.8531e+07,0.75924
4.16146,0.7982,4.85255e+07,7413.41,4.85329e+07,0.759241
4.16191,0.7982,4.85274e+07,7412.22,4.85349e+07,0.759242
4.16237,0.798199,4.85294e+07,7411.03,4.85368e+07,0.759243
4.16282,0.798199,4.85313e+07,7409.84,4.85387e+07,0.759244
4.16328,0.798199,4.85332e+07,7408.65,4.85406e+07,0.759245
4.16374,0.798198,4.85351e+07,7407.46,4.85425e+07,0.759246
4.16419,0.798198,4.8537e+07,7406.27,4.85444e+07,0.759247
4.16465,0.798198,4.85389e+07,7405.09,4.85463e+07,0.759248
4.1651,0.798197,4.85408e+07,7403.9,4.85482e+07,0.759249
4.16556,0.798197,4.85427e+07,7402.71,4.85501e+07,0.75925
4.16602,0.798196,4.85447e+07,7401.53,4.85521e+07,0.759251
4.16647,0.798196,4.85466e+07,7400.34,4.8554e+07,0.759252
4.16693,0.798196,4.85485e+07,7399.15,4.85559e+07,0.759253
4.16738,0.798195,4.85504e+07,7397.97,4.85578e+07,0.759254
4.16784,0.798195,4.85523e+07,7396.78,4.85597e+07,0.759255
4.1683,0.798195,4.85542e+07,7395.6,4.85616e+07,0.759256
4.16875,0.798194,4.85561e+07,7394.41,4.85635e+07,0.759257
4.16921,0.798194,4.8558e+07,7393.23,4.85654e+07,0.759258
4.16966,0.798194,4.85599e+07,7392.04,4.85673e+07,0.759259
4.17012,0.798193,4.85618e+07,7390.86,4.85692e+07,0.75926
4.17058,0.798193,4.85637e+07,7389.68,4.85711e+07,0.759261
4.17103,0.798192,4.85656e+07,7388.49,4.8573e+07,0.759262
4.17149,0.798192,4.85675e+07,7387.31,4.85749e+07,0.759263
4.17194,0.798192,4.85694e+07,7386.13,4.85768e+07,0.759264
4.1724,0.798191,4.85713e+07,7384.95,4.85787e+07,0.759265
4.17286,0.798191,4.85732e+07,7383.76,4.85806e+07,0.759266
4.17331,0.798191,4.85751e+07,7382.58,4.85825e+07,0.759267
4.17377,0.79819,4.8577e+07,7381.4,4.85844e+07,0.759268
4.17422,0.79819,4.85789e+07,7380.22,4.85863e+07,0.759269
4.17468,0.798189,4.85808e+07,7379.04,4.85882e+07,0.75927
4.17514,0.798189,4.85827e+07,7377.86,4.85901e+07,0.759271
4.17559,0.798189,4.85846e+07,7376.68,4.8592e+07,0.759272
4.17605,0.798188,4.85865e+07,7375.5,4.85939e+07,0.759273
4.1765,0.798188,4.85884e+07,7374.32,4.85958e+07,0.759274
4.17696,0.798188,4.85903e+07,7373.14,4.85976e+07,0.759275
4.17742,0.798187,4.85922e+07,7371.96,4.85995e+07,0.759276
4.17787,0.798187,4.85941e+07,7370.78,4.86014e+07,0.759277
4.17833,0.798187,4.85959e+07,7369.61,4.86033e+07,0.759278
4.17878,0.798186,4.85978e+07,7368.43,4.86052e+07,0.759278
4.17924,0.798186,4.85997e+07,7367.25,4.86071e+07,0.759279
4.1797,0.798185,4.86016e+07,7366.07,4.8609e+07,0.75928
4.18015,0.798185,4.86035e+07,7364.9,4.86109e+07,0.759281
4.18061,0.798185,4.86054e+07,7363.72,4.86128e+07,0.759282
4.18106,0.798184,4.86073e+07,7362.54,4.86146e+07,0.759283
4.18152,0.798184,4.86092e+07,7361.37,4.86165e+07,0.759284
4.18198,0.798184,4.86111e+07,7360.19,4.86184e+07,0.759285
4.18243,0.798183,4.86129e+07,7359.02,4.86203e+07,0.759286
4.18289,0.798183,4.86148e+07,7357.84,4.86222e+07,0.759287
4.18334,0.798182,4.86167e+07,7356.67,4.86241e+07,0.759288
4.1838,0.798182,4.86186e+07,7355.49,4.86259e+07,0.759289
4.18426,0.798182,4.86205e+07,7354.32,4.86278e+07,0.75929
4.18471,0.798181,4.86224e+07,7353.14,4.86297e+07,0.759291
4.18517,0.798181,4.86242e+07,7351.97,4.86316e+07,0.759292
4.18562,0.798181,4.86261e+07,7350.8,4.86335e+07,0.759293
4.18608,0.79818,4.8628e+07,7349.62,4.86353e+07,0.759294
4.18654,0.79818,4.86299e+07,7348.45,4.86372e+07,0.759295
4.18699,0.79818,4.86317e+07,7347.28,4.86391e+07,0.759296
4.18745,0.798179,4.86336e+07,7346.11,4.8641e+07,0.759297
4.1879,0.798179,4.86355e+07,7344.94,4.86428e+07,0.759298
4.18836,0.798178,4.86374e+07,7343.76,4.86447e+07,0.759299
4.18882,0.798178,4.86393e+07,7342.59,4.86466e+07,0.7593
4.18927,0.798178,4.86411e+07,7341.42,4.86485e+07,0.759301
4.18973,0.798177,4.8643e+07,7340.25,4.86503e+07,0.759302
4.19018,0.798177,4.86449e+07,7339.08,4.86522e+07,0.759303
4.19064,0.798177,4.86467e+07,7337.91,4.86541e+07,0.759304
4.1911,0.798176,4.86486e+07,7336.74,4.8656e+07,0.759305
4.19155,0.798176,4.86505e+07,7335.57,4.86578e+07,0.759306
4.19201,0.798175,4.86524e+07,7334.4,4.86597e+07,0.759307
4.19246,0.798175,4.86542e+07,7333.23,4.86616e+07,0.759307
4.19292,0.798175,4.86561e+07,7332.07,4.86634e+07,0.759308
4.19338,0.798174,4.8658e+07,7330.9,4.86653e+07,0.759309
4.19383,0.798174,4.86598e+07,7329.73,4.86672e+07,0.75931
4.19429,0.798174,4.86617e+07,7328.56,4.8669e+07,0.759311
4.19474,0.798173,4.86636e+07,7327.4,4.86709e+07,0.759312
4.1952,0.798173,4.86654e+07,7326.23,4.86728e+07,0.759313
4.19566,0.798173,4.86673e+07,7325.06,4.86746e+07,0.759314
4.19611,0.798172,4.86692e+07,7323.9,4.86765e+07,0.759315
4.19657,0.798172,4.8671e+07,7322.73,4.86784e+07,0.759316
4.19702,0.798171,4.86729e+07,7321.56,4.86802e+07,0.759317
4.19748,0.798171,4.86748e+07,7320.4,4.86821e+07,0.759318
4.19794,0.798171,4.86766e+07,7319.23,4.86839e+07,0.759319
4.19839,0.79817,4.86785e+07,7318.07,4.86858e+07,0.75932
4.19885,0.79817,4.86803e+07,7316.91,4.86877e+07,0.759321
4.1993,0.79817,4.86822e+07,7315.74,4.86895e+07,0.759322
4.19976,0.798169,4.86841e+07,7314.58,4.86914e+07,0.759323
4.20022,0.798169,4.86859e+07,7313.41,4.86932e+07,0.759324
4.20067,0.798168,4.86878e+07,7312.25,4.86951e+07,0.759325
4.20113,0.798168,4.86896e+07,7311.09,4.86969e+07,0.759326
4.20158,0.798168,4.86915e+07,7309.93,4.86988e+07,0.759327
4.20204,0.798167,4.86933e+07,7308.76,4.87007e+07,0.759328
4.2025,0.798167,4.86952e+07,7307.6,4.87025e+07,0.759329
4.20295,0.798167,4.86971e+07,7306.44,4.87044e+07,0.75933
4.20341,0.798166,4.86989e+07,7305.28,4.87062e+07,0.75933
4.20386,0.798166,4.87008e+07,7304.12,4.87081e+07,0.759331
4.20432,0.798165,4.87026e+07,7302.96,4.87099e+07,0.759332
4.20478,0.798165,4.87045e+07,7301.8,4.87118e+07,0.759333
4.20523,0.798165,4.87063e+07,7300.64,4.87136e+07,0.759334
4.20569,0.798164,4.87082e+07,7299.48,4.87155e+07,0.759335
4.20614,0.798164,4.871e+07,7298.32,4.87173e+07,0.759336
4.2066,0.798164,4.87119e+07,7297.16,4.87192e+07,0.759337
4.20706,0.798163,4.87137e+07,7296,4.8721e+07,0.759338
4.20751,0.798163,4.87156e+07,7294.84,4.87229e+07,0.759339
4.20797,0.798163,4.87174e+07,7293.68,4.87247e+07,0.75934
4.20842,0.798162,4.87193e+07,7292.52,4.87266e+07,0.759341
4.20888,0.798162,4.87211e+07,7291.36,4.87284e+07,0.759342
4.20934,0.798161,4.8723e+07,7290.21,4.87302e+07,0.759343
4.20979,0.798161,4.87248e+07,7289.05,4.87321e+07,0.759344
4.21025,0.798161,4.87266e+07,7287.89,4.87339e+07,0.759345
4.2107,0.79816,4.87285e+07,7286.74,4.87358e+07,0.759346
4.21116,0.79816,4.87303e+07,7285.58,4.87376e+07,0.759347
4.21162,0.79816,4.87322e+07,7284.42,4.87395e+07,0.759348
4.21207,0.798159,4.8734e+07,7283.27,4.87413e+07,0.759348
4.21253,0.798159,4.87359e+07,7282.11,4.87431e+07,0.759349
4.21298,0.798158,4.87377e+07,7280.96,4.8745e+07,0.75935
4.21344,0.798158,4.87395e+07,7279.8,4.87468e+07,0.759351
4.2139,0.798158,4.87414e+07,7278.65,4.87487e+07,0.759352
4.21435,0.798157,4.87432e+07,7277.5,4.87505e+07,0.759353
4.21481,0.798157,4.8745e+07,7276.34,4.87523e+07,0.759354
4.21526,0.798157,4.87469e+07,7275.19,4.87542e+07,0.759355
4.21572,0.798156,4.87487e+07,7274.03,4.8756e+07,0.759356
4.21618,0.798156,4.87506e+07,7272.88,4.87578e+07,0.759357
4.21663,0.798156,4.87524e+07,7271.73,4.87597e+07,0.759358
4.21709,0.798155,4.87542e+07,7270.58,4.87615e+07,0.759359
4.21754,0.798155,4.87561e+07,7269.42,4.87633e+07,0.75936
4.218,0.798154,4.87579e+07,7268.27,4.87652e+07,0.759361
4.21846,0.798154,4.87597e+07,7267.12,4.8767e+07,0.759362
4.21891,0.798154,4.87616e+07,7265.97,4.87688e+07,0.759363
4.21937,0.798153,4.87634e+07,7264.82,4.87707e+07,0.759364
4.21982,0.798153,4.87652e+07,7263.67,4.87725e+07,0.759364
4.22028,0.798153,4.8767e+07,7262.52,4.87743e+07,0.759365
4.22074,0.798152,4.87689e+07,7261.37,4.87761e+07,0.759366
4.22119,0.798152,4.87707e+07,7260.22,4.8778e+07,0.759367
4.22165,0.798151,4.87725e+07,7259.07,4.87798e+07,0.759368
4.2221,0.798151,4.87744e+07,7257.92,4.87816e+07,0.759369
4.22256,0.798151,4.87762e+07,7256.77,4.87834e+07,0.75937
4.22302,0.79815,4.8778e+07,7255.62,4.87853e+07,0.759371
4.22347,0.79815,4.87798e+07,7254.48,4.87871e+07,0.759372
4.22393,0.79815,4.87817e+07,7253.33,4.87889e+07,0.759373
4.22438,0.798149,4.87835e+07,7252.18,4.87907e+07,0.759374
4.22484,0.798149,4.87853e+07,7251.03,4.87926e+07,0.759375
4.2253,0.798148,4.87871e+07,7249.89,4.87944e+07,0.759376
4.22575,0.798148,4.8789e+07,7248.74,4.87962e+07,0.759377
4.22621,0.798148,4.87908e+07,7247.59,4.8798e+07,0.759378
4.22666,0.798147,4.87926e+07,7246.45,4.87998e+07,0.759379
4.22712,0.798147,4.87944e+07,7245.3,4.88017e+07,0.759379
4.22758,0.798147,4.87962e+07,7244.16,4.88035e+07,0.75938
4.22803,0.798146,4.87981e+07,7243.01,4.88053e+07,0.759381
4.22849,0.798146,4.87999e+07,7241.87,4.88071e+07,0.759382
4.22894,0.798146,4.88017e+07,7240.72,4.88089e+07,0.759383
4.2294,0.798145,4.88035e+07,7239.58,4.88107e+07,0.759384
4.22986,0.798145,4.88053e+07,7238.43,4.88126e+07,0.759385
4.23031,0.798144,4.88071e+07,7237.29,4.88144e+07,0.759386
4.23077,0.798144,4.8809e+07,7236.15,4.88162e+07,0.759387
4.23122,0.798144,4.88108e+07,7235,4.8818e+07,0.759388
4.23168,0.798143,4.88126e+07,7233.86,4.88198e+07,0.759389
4.23214,0.798143,4.88144e+07,7232.72,4.88216e+07,0.75939
4.23259,0.798143,4.88162e+07,7231.57,4.88234e+07,0.759391
4.23305,0.798142,4.8818e+07,7230.43,4.88252e+07,0.759392
4.2335,0.798142,4.88198e+07,7229.29,4.88271e+07,0.759392
4.23396,0.798141,4.88216e+07,7228.15,4.88289e+07,0.759393
4.23442,0.798141,4.88234e+07,7227.01,4.88307e+07,0.759394
4.23487,0.798141,4.88253e+07,7225.87,4.88325e+07,0.759395
4.23533,0.79814,4.88271e+07,7224.73,4.88343e+07,0.759396
4.23578,0.79814,4.88289e+07,7223.59,4.88361e+07,0.759397
4.23624,0.79814,4.88307e+07,7222.45,4.88379e+07,0.759398
4.2367,0.798139,4.88325e+07,7221.31,4.88397e+07,0.759399
4.23715,0.798139,4.88343e+07,7220.17,4.88415e+07,0.7594
4.23761,0.798139,4.88361e+07,7219.03,4.88433e+07,0.759401
4.23806,0.798138,4.88379e+07,7217.89,4.88451e+07,0.759402
4.23852,0.798138,4.88397e+07,7216.75,4.88469e+07,0.759403
4.23898,0.798137,4.88415e+07,7215.61,4.88487e+07,0.759404
4.23943,0.798137,4.88433e+07,7214.48,4.88505e+07,0.759405
4.23989,0.798137,4.88451e+07,7213.34,4.88523e+07,0.759405
4.24034,0.798136,4.88469e+07,7212.2,4.88541e+07,0.759406
4.2408,0.798136,4.88487e+07,7211.06,4.88559e+07,0.759407
4.24126,0.798136,4.88505e+07,7209.93,4.88577e+07,0.759408
4.24171,0.798135,4.88523e+07,7208.79,4.88595e+07,0.759409
4.24217,0.798135,4.88541e+07,7207.66,4.88613e+07,0.75941
4.24262,0.798134,4.88559e+07,7206.52,4.88631e+07,0.759411
4.24308,0.798134,4.88577e+07,7205.38,4.88649e+07,0.759412
4.24354,0.798134,4.88595e+07,7204.25,4.88667e+07,0.759413
4.24399,0.798133,4.88613e+07,7203.11,4.88685e+07,0.759414
4.24445,0.798133,4.88631e+07,7201.98,4.88703e+07,0.759415
4.2449,0.798133,4.88649e+07,7200.85,4.88721e+07,0.759416
4.24536,0.798132,4.88667e+07,7199.71,4.88739e+07,0.759416
4.24582,0.798132,4.88685e+07,7198.58,4.88757e+07,0.759417
4.24627,0.798131,4.88703e+07,7197.44,4.88775e+07,0.759418
4.24673,0.798131,4.88721e+07,7196.31,4.88793e+07,0.759419
4.24718,0.798131,4.88739e+07,7195.18,4.8881e+07,0.75942
4.24764,0.79813,4.88756e+07,7194.05,4.88828e+07,0.759421
4.2481,0.79813,4.88774e+07,7192.91,4.88846e+07,0.759422
4.24855,0.79813,4.88792e+07,7191.78,4.88864e+07,0.759423
4.24901,0.798129,4.8881e+07,7190.65,4.88882e+07,0.759424
4.24946,0.798129,4.88828e+07,7189.52,4.889e+07,0.759425
4.24992,0.798128,4.88846e+07,7188.39,4.88918e+07,0.759426
4.25038,0.798128,4.88864e+07,7187.26,4.88936e+07,0.759427
4.25083,0.798128,4.88882e+07,7186.13,4.88953e+07,0.759427
4.25129,0.798127,4.88899e+07,7185,4.88971e+07,0.759428
4.25174,0.798127,4.88917e+07,7183.87,4.88989e+07,0.759429
4.2522,0.798127,4.88935e+07,7182.74,4.89007e+07,0.75943
4.25266,0.798126,4.88953e+07,7181.61,4.89025e+07,0.759431
4.25311,0.798126,4.88971e+07,7180.48,4.89043e+07,0.759432
4.25357,0.798126,4.88989e+07,7179.35,4.8906e+07,0.759433
4.25402,0.798125,4.89006e+07,7178.22,4.89078e+07,0.759434
4.25448,0.798125,4.89024e+07,7177.09,4.89096e+07,0.759435
4.25494,0.798124,4.89042e+07,7175.97,4.89114e+07,0.759436
4.25539,0.798124,4.8906e+07,7174.84,4.89132e+07,0.759437
4.25585,0.798124,4.89078e+07,7173.71,4.89149e+07,0.759438
4.2563,0.798123,4.89095e+07,7172.58,4.89167e+07,0.759438
4.25676,0.798123,4.89113e+07,7171.46,4.89185e+07,0.759439
4.25722,0.798123,4.89131e+07,7170.33,4.89203e+07,0.75944
4.25767,0.798122,4.89149e+07,7169.2,4.89221e+07,0.759441
4.25813,0.798122,4.89167e+07,7168.08,4.89238e+07,0.759442
4.25858,0.798121,4.89184e+07,7166.95,4.89256e+07,0.759443
4.25904,0.798121,4.89202e+07,7165.83,4.89274e+07,0.759444
4.2595,0.798121,4.8922e+07,7164.7,4.89291e+07,0.759445
4.25995,0.79812,4.89238e+07,7163.58,4.89309e+07,0.759446
4.26041,0.79812,4.89255e+07,7162.45,4.89327e+07,0.759447
4.26086,0.79812,4.89273e+07,7161.33,4.89345e+07,0.759447
4.26132,0.798119,4.89291e+07,7160.21,4.89362e+07,0.759448
4.26178,0.798119,4.89308e+07,7159.08,4.8938e+07,0.759449
4.26223,0.798118,4.89326e+07,7157.96,4.89398e+07,0.75945
4.26269,0.798118,4.89344e+07,7156.84,4.89415e+07,0.759451
4.26314,0.798118,4.89362e+07,7155.71,4.89433e+07,0.759452
4.2636,0.798117,4.89379e+07,7154.59,4.89451e+07,0.759453
4.26406,0.798117,4.89397e+07,7153.47,4.89468e+07,0.759454
4.26451,0.798117,4.89415e+07,7152.35,4.89486e+07,0.759455
4.26497,0.798116,4.89432e+07,7151.23,4.89504e+07,0.759456
4.26542,0.798116,4.8945e+07,7150.11,4.89521e+07,0.759457
4.26588,0.798116,4.89468e+07,7148.98,4.89539e+07,0.759457
4.26634,0.798115,4.89485e+07,7147.86,4.89557e+07,0.759458
4.26679,0.798115,4.89503e+07,7146.74,4.89574e+07,0.759459
4.26725,0.798114,4.89521e+07,7145.62,4.89592e+07,0.75946
4.2677,0.798114,4.89538e+07,7144.5,4.8961e+07,0.759461
4.26816,0.798114,4.89556e+07,7143.38,4.89627e+07,0.759462
4.26862,0.798113,4.89573e+07,7142.26,4.89645e+07,0.759463
4.26907,0.798113,4.89591e+07,7141.15,4.89662e+07,0.759464
4.26953,0.798113,4.89609e+07,7140.03,4.8968e+07,0.759465
4.26998,0.798112,4.89626e+07,7138.91,4.89698e+07,0.759466
4.27044,0.798112,4.89644e+07,7137.79,4.89715e+07,0.759466
4.2709,0.798111,4.89661e+07,7136.67,4.89733e+07,0.759467
4.27135,0.798111,4.89679e+07,7135.56,4.8975e+07,0.759468
4.27181,0.798111,4.89697e+07,7134.44,4.89768e+07,0.759469
4.27226,0.79811,4.89714e+07,7133.32,4.89785e+07,0.75947
4.27272,0.79811,4.89732e+07,7132.21,4.89803e+07,0.759471
4.27318,0.79811,4.89749e+07,7131.09,4.89821e+07,0.759472
4.27363,0.798109,4.89767e+07,7129.97,4.89838e+07,0.759473
4.27409,0.798109,4.89784e+07,7128.86,4.89856e+07,0.759474
4.27454,0.798108,4.89802e+07,7127.74,4.89873e+07,0.759475
4.275,0.798108,4.89819e+07,7126.63,4.89891e+07,0.759475
4.27546,0.798108,4.89837e+07,7125.51,4.89908e+07,0.759476
4.27591,0.798107,4.89854e+07,7124.4,4.89926e+07,0.759477
4.27637,0.798107,4.89872e+07,7123.28,4.89943e+07,0.759478
4.27682,0.798107,4.89889e+07,7122.17,4.89961e+07,0.759479
4.27728,0.798106,4.89907e+07,7121.05,4.89978e+07,0.75948
4.27774,0.798106,4.89924e+07,7119.94,4.89996e+07,0.759481
4.27819,0.798105,4.89942e+07,7118.83,4.90013e+07,0.759482
4.27865,0.798105,4.89959e+07,7117.72,4.90031e+07,0.759483
4.2791,0.798105,4.89977e+07,7116.6,4.90048e+07,0.759483
4.27956,0.798104,4.89994e+07,7115.49,4.90065e+07,0.759484
4.28002,0.798104,4.90012e+07,7114.38,4.90083e+07,0.759485
4.28047,0.798104,4.90029e+07,7113.27,4.901e+07,0.759486
4.28093,0.798103,4.90047e+07,7112.16,4.90118e+07,0.759487
4.28138,0.798103,4.90064e+07,7111.04,4.90135e+07,0.759488
4.28184,0.798103,4.90082e+07,7109.93,4.90153e+07,0.759489
4.2823,0.798102,4.90099e+07,7108.82,4.9017e+07,0.75949
4.28275,0.798102,4.90116e+07,7107.71,4.90188e+07,0.759491
4.28321,0.798101,4.90134e+07,7106.6,4.90205e+07,0.759491
4.28366,0.798101,4.90151e+07,7105.49,4.90222e+07,0.759492
4.28412,0.798101,4.90169e+07,7104.38,4.9024e+07,0.759493
4.28458,0.7981,4.90186e+07,7103.27,4.90257e+07,0.759494
4.28503,0.7981,4.90203e+07,7102.17,4.90274e+07,0.759495
4.28549,0.7981,4.90221e+07,7101.06,4.90292e+07,0.759496
4.28594,0.798099,4.90238e+07,7099.95,4.90309e+07,0.759497
4.2864,0.798099,4.90256e+07,7098.84,4.90327e+07,0.759498
4.28686,0.798098,4.90273e+07,7097.73,4.90344e+07,0.759499
4.28731,0.798098,4.9029e+07,7096.62,4.90361e+07,0.759499
4.28777,0.798098,4.90308e+07,7095.52,4.90379e+07,0.7595
4.28822,0.798097,4.90325e+07,7094.41,4.90396e+07,0.759501
4.28868,0.798097,4.90342e+07,7093.3,4.90413e+07,0.759502
4.28914,0.798097,4.9036e+07,7092.2,4.90431e+07,0.759503
4.28959,0.798096,4.90377e+07,7091.09,4.90448e+07,0.759504
4.29005,0.798096,4.90394e+07,7089.99,4.90465e+07,0.759505
4.2905,0.798095,4.90412e+07,7088.88,4.90483e+07,0.759506
4.29096,0.798095,4.90429e+07,7087.78,4.905e+07,0.759507
4.29142,0.798095,4.90446e+07,7086.67,4.90517e+07,0.759507
4.29187,0.798094,4.90464e+07,7085.57,4.90534e+07,0.759508
4.29233,0.798094,4.90481e+07,7084.46,4.90552e+07,0.759509
4.29278,0.798094,4.90498e+07,7083.36,4.90569e+07,0.75951
4.29324,0.798093,4.90515e+07,7082.25,4.90586e+07,0.759511
4.2937,0.798093,4.90533e+07,7081.15,4.90604e+07,0.759512
4.29415,0.798092,4.9055e+07,7080.05,4.90621e+07,0.759513
4.29461,0.798092,4.90567e+07,7078.94,4.90638e+07,0.759514
4.29506,0.798092,4.90585e+07,7077.84,4.90655e+07,0.759514
4.29552,0.798091,4.90602e+07,7076.74,4.90673e+07,0.759515
4.29598,0.798091,4.90619e+07,7075.64,4.9069e+07,0.759516
4.29643,0.798091,4.90636e+07,7074.53,4.90707e+07,0.759517
4.29689,0.79809,4.90654e+07,7073.43,4.90724e+07,0.759518
4.29734,0.79809,4.90671e+07,7072.33,4.90741e+07,0.759519
4.2978,0.79809,4.90688e+07,7071.23,4.90759e+07,0.75952
4.29826,0.798089,4.90705e+07,7070.13,4.90776e+07,0.759521
4.29871,0.798089,4.90722e+07,7069.03,4.90793e+07,0.759521
4.29917,0.798088,4.9074e+07,7067.93,4.9081e+07,0.759522
4.29962,0.798088,4.90757e+07,7066.83,4.90827e+07,0.759523
4.30008,0.798088,4.90774e+07,7065.73,4.90845e+07,0.759524
4.30054,0.798087,4.90791e+07,7064.63,4.90862e+07,0.759525
4.30099,0.798087,4.90808e+07,7063.53,4.90879e+07,0.759526
4.30145,0.798087,4.90826e+07,7062.43,4.90896e+07,0.759527
4.3019,0.798086,4.90843e+07,7061.34,4.90913e+07,0.759528
4.30236,0.798086,4.9086e+07,7060.24,4.9093e+07,0.759528
4.30282,0.798085,4.90877e+07,7059.14,4.90948e+07,0.759529
4.30327,0.798085,4.90894e+07,7058.04,4.90965e+07,0.75953
4.30373,0.798085,4.90911e+07,7056.94,4.90982e+07,0.759531
4.30418,0.798084,4.90928e+07,7055.85,4.90999e+07,0.759532
4.30464,0.798084,4.90946e+07,7054.75,4.91016e+07,0.759533
4.3051,0.798084,4.90963e+07,7053.65,4.91033e+07,0.759534
4.30555,0.798083,4.9098e+07,7052.56,4.9105e+07,0.759535
4.30601,0.798083,4.90997e+07,7051.46,4.91067e+07,0.759535
4.30646,0.798082,4.91014e+07,7050.37,4.91085e+07,0.759536
4.30692,0.798082,4.91031e+07,7049.27,4.91102e+07,0.759537
4.30738,0.798082,4.91048e+07,7048.18,4.91119e+07,0.759538
4.30783,0.798081,4.91065e+07,7047.08,4.91136e+07,0.759539
4.30829,0.798081,4.91082e+07,7045.99,4.91153e+07,0.75954
4.30874,0.798081,4.91099e+07,7044.89,4.9117e+07,0.759541
4.3092,0.79808,4.91117e+07,7043.8,4.91187e+07,0.759542
4.30966,0.79808,4.91134e+07,7042.7,4.91204e+07,0.759542
4.31011,0.798079,4.91151e+07,7041.61,4.91221e+07,0.759543
4.31057,0.798079,4.91168e+07,7040.52,4.91238e+07,0.759544
4.31102,0.798079,4.91185e+07,7039.42,4.91255e+07,0.759545
4.31148,0.798078,4.91202e+07,7038.33,4.91272e+07,0.759546
4.31194,0.798078,4.91219e+07,7037.24,4.91289e+07,0.759547
4.31239,0.798078,4.91236e+07,7036.15,4.91306e+07,0.759548
4.31285,0.798077,4.91253e+07,7035.06,4.91323e+07,0.759548
4.3133,0.798077,4.9127e+07,7033.96,4.9134e+07,0.759549
4.31376,0.798076,4.91287e+07,7032.87,4.91357e+07,0.75955
4.31422,0.798076,4.91304e+07,7031.78,4.91374e+07,0.759551
4.31467,0.798076,4.91321e+07,7030.69,4.91391e+07,0.759552
4.31513,0.798075,4.91338e+07,7029.6,4.91408e+07,0.759553
4.31558,0.798075,4.91355e+07,7028.51,4.91425e+07,0.759554
4.31604,0.798075,4.91372e+07,7027.42,4.91442e+07,0.759555
4.3165,0.798074,4.91389e+07,7026.33,4.91459e+07,0.759555
4.31695,0.798074,4.91406e+07,7025.24,4.91476e+07,0.759556
4.31741,0.798073,4.91423e+07,7024.15,4.91493e+07,0.759557
4.31786,0.798073,4.9144e+07,7023.07,4.9151e+07,0.759558
4.31832,0.798073,4.91457e+07,7021.98,4.91527e+07,0.759559
4.31878,0.798072,4.91474e+07,7020.89,4.91544e+07,0.75956
4.31923,0.798072,4.91491e+07,7019.8,4.91561e+07,0.759561
4.31969,0.798072,4.91507e+07,7018.71,4.91578e+07,0.759561
4.32014,0.798071,4.91524e+07,7017.63,4.91595e+07,0.759562
4.3206,0.798071,4.91541e+07,7016.54,4.91611e+07,0.759563
4.32106,0.798071,4.91558e+07,7015.45,4.91628e+07,0.759564
4.32151,0.79807,4.91575e+07,7014.37,4.91645e+07,0.759565
4.32197,0.79807,4.91592e+07,7013.28,4.91662e+07,0.759566
4.32242,0.798069,4.91609e+07,7012.19,4.91679e+07,0.759567
4.32288,0.798069,4.91626e+07,7011.11,4.91696e+07,0.759567
4.32334,0.798069,4.91643e+07,7010.02,4.91713e+07,0.759568
4.32379,0.798068,4.9166e+07,7008.94,4.9173e+07,0.759569
4.32425,0.798068,4.91676e+07,7007.85,4.91746e+07,0.75957
4.3247,0.798068,4.91693e+07,7006.77,4.91763e+07,0.759571
4.32516,0.798067,4.9171e+07,7005.68,4.9178e+07,0.759572
4.32562,0.798067,4.91727e+07,7004.6,4.91797e+07,0.759573
4.32607,0.798066,4.91744e+07,7003.52,4.91814e+07,0.759573
4.32653,0.798066,4.91761e+07,7002.43,4.91831e+07,0.759574
4.32698,0.798066,4.91777e+07,7001.35,4.91848e+07,0.759575
4.32744,0.798065,4.91794e+07,7000.27,4.91864e+07,0.759576
4.3279,0.798065,4.91811e+07,6999.18,4.91881e+07,0.759577
4.32835,0.798065,4.91828e+07,6998.1,4.91898e+07,0.759578
4.32881,0.798064,4.91845e+07,6997.02,4.91915e+07,0.759579
4.32926,0.798064,4.91862e+07,6995.94,4.91932e+07,0.759579
4.32972,0.798063,4.91878e+07,6994.86,4.91948e+07,0.75958
4.33018,0.798063,4.91895e+07,6993.77,4.91965e+07,0.759581
4.33063,0.798063,4.91912e+07,6992.69,4.91982e+07,0.759582
4.33109,0.798062,4.91929e+07,6991.61,4.91999e+07,0.759583
4.33154,0.798062,4.91946e+07,6990.53,4.92015e+07,0.759584
4.332,0.798062,4.91962e+07,6989.45,4.92032e+07,0.759585
4.33246,0.798061,4.91979e+07,6988.37,4.92049e+07,0.759585
4.33291,0.798061,4.91996e+07,6987.29,4.92066e+07,0.759586
4.33337,0.79806,4.92013e+07,6986.21,4.92082e+07,0.759587
4.33382,0.79806,4.92029e+07,6985.13,4.92099e+07,0.759588
4.33428,0.79806,4.92046e+07,6984.06,4.92116e+07,0.759589
4.33474,0.798059,4.92063e+07,6982.98,4.92133e+07,0.75959
4.33519,0.798059,4.92079e+07,6981.9,4.92149e+07,0.759591
4.33565,0.798059,4.92096e+07,6980.82,4.92166e+07,0.759591
4.3361,0.798058,4.92113e+07,6979.74,4.92183e+07,0.759592
4.33656,0.798058,4.9213e+07,6978.67,4.92199e+07,0.759593
4.33702,0.798057,4.92146e+07,6977.59,4.92216e+07,0.759594
4.33747,0.798057,4.92163e+07,6976.51,4.92233e+07,0.759595
4.33793,0.798057,4.9218e+07,6975.44,4.92249e+07,0.759596
4.33838,0.798056,4.92196e+07,6974.36,4.92266e+07,0.759596
4.33884,0.798056,4.92213e+07,6973.28,4.92283e+07,0.759597
4.3393,0.798056,4.9223e+07,6972.21,4.92299e+07,0.759598
4.33975,0.798055,4.92246e+07,6971.13,4.92316e+07,0.759599
4.34021,0.798055,4.92263e+07,6970.06,4.92333e+07,0.7596
4.34066,0.798054,4.9228e+07,6968.98,4.92349e+07,0.759601
4.34112,0.798054,4.92296e+07,6967.91,4.92366e+07,0.759602
4.34158,0.798054,4.92313e+07,6966.83,4.92383e+07,0.759602
4.34203,0.798053,4.9233e+07,6965.76,4.92399e+07,0.759603
4.34249,0.798053,4.92346e+07,6964.68,4.92416e+07,0.759604
4.34294,0.798053,4.92363e+07,6963.61,4.92433e+07,0.759605
4.3434,0.798052,4.9238e+07,6962.54,4.92449e+07,0.759606
4.34386,0.798052,4.92396e+07,6961.46,4.92466e+07,0.759607
4.34431,0.798051,4.92413e+07,6960.39,4.92482e+07,0.759607
4.34477,0.798051,4.92429e+07,6959.32,4.92499e+07,0.759608
4.34522,0.798051,4.92446e+07,6958.25,4.92516e+07,0.759609
4.34568,0.79805,4.92463e+07,6957.17,4.92532e+07,0.75961
4.34614,0.79805,4.92479e+07,6956.1,4.92549e+07,0.759611
4.34659,0.79805,4.92496e+07,6955.03,4.92565e+07,0.759612
4.34705,0.798049,4.92512e+07,6953.96,4.92582e+07,0.759613
4.3475,0.798049,4.92529e+07,6952.89,4.92598e+07,0.759613
4.34796,0.798048,4.92545e+07,6951.82,4.92615e+07,0.759614
4.34842,0.798048,4.92562e+07,6950.75,4.92632e+07,0.759615
4.34887,0.798048,4.92579e+07,6949.68,4.92648e+07,0.759616
4.34933,0.798047,4.92595e+07,6948.61,4.92665e+07,0.759617
4.34978,0.798047,4.92612e+07,6947.54,4.92681e+07,0.759618
4.35024,0.798047,4.92628e+07,6946.47,4.92698e+07,0.759618
4.3507,0.798046,4.92645e+07,6945.4,4.92714e+07,0.759619
4.35115,0.798046,4.92661e+07,6944.33,4.92731e+07,0.75962
4.35161,0.798046,4.92678e+07,6943.26,4.92747e+07,0.759621
4.35206,0.798045,4.92694e+07,6942.2,4.92764e+07,0.759622
4.35252,0.798045,4.92711e+07,6941.13,4.9278e+07,0.759623
4.35298,0.798044,4.92727e+07,6940.06,4.92797e+07,0.759623
4.35343,0.798044,4.92744e+07,6938.99,4.92813e+07,0.759624
4.35389,0.798044,4.9276e+07,6937.93,4.9283e+07,0.759625
4.35434,0.798043,4.92777e+07,6936.86,4.92846e+07,0.759626
4.3548,0.798043,4.92793e+07,6935.79,4.92863e+07,0.759627
4.35526,0.798043,4.9281e+07,6934.73,4.92879e+07,0.759628
4.35571,0.798042,4.92826e+07,6933.66,4.92895e+07,0.759628
4.35617,0.798042,4.92843e+07,6932.59,4.92912e+07,0.759629
4.35662,0.798041,4.92859e+07,6931.53,4.92928e+07,0.75963
4.35708,0.798041,4.92875e+07,6930.46,4.92945e+07,0.759631
4.35754,0.798041,4.92892e+07,6929.4,4.92961e+07,0.759632
4.35799,0.79804,4.92908e+07,6928.33,4.92978e+07,0.759633
4.35845,0.79804,4.92925e+07,6927.27,4.92994e+07,0.759633
4.3589,0.79804,4.92941e+07,6926.2,4.9301e+07,0.759634
4.35936,0.798039,4.92958e+07,6925.14,4.93027e+07,0.759635
4.35982,0.798039,4.92974e+07,6924.08,4.93043e+07,0.759636
4.36027,0.798038,4.9299e+07,6923.01,4.9306e+07,0.759637
4.36073,0.798038,4.93007e+07,6921.95,4.93076e+07,0.759638
4.36118,0.798038,4.93023e+07,6920.89,4.93092e+07,0.759638
4.36164,0.798037,4.9304e+07,6919.83,4.93109e+07,0.759639
4.3621,0.798037,4.93056e+07,6918.76,4.93125e+07,0.75964
4.36255,0.798037,4.93072e+07,6917.7,4.93142e+07,0.759641
4.36301,0.798036,4.93089e+07,6916.64,4.93158e+07,0.759642
4.36346,0.798036,4.93105e+07,6915.58,4.93174e+07,0.759643
4.36392,0.798035,4.93121e+07,6914.52,4.93191e+07,0.759643
4.36438,0.798035,4.93138e+07,6913.46,4.93207e+07,0.759644
4.36483,0.798035,4.93154e+07,6912.39,4.93223e+07,0.759645
4.36529,0.798034,4.9317e+07,6911.33,4.9324e+07,0.759646
4.36574,0.798034,4.93187e+07,6910.27,4.93256e+07,0.759647
4.3662,0.798034,4.93203e+07,6909.21,4.93272e+07,0.759648
4.36666,0.798033,4.93219e+07,6908.15,4.93289e+07,0.759648
4.36711,0.798033,4.93236e+07,6907.1,4.93305e+07,0.759649
4.36757,0.798032,4.93252e+07,6906.04,4.93321e+07,0.75965
4.36802,0.798032,4.93268e+07,6904.98,4.93337e+07,0.759651
4.36848,0.798032,4.93285e+07,6903.92,4.93354e+07,0.759652
4.36894,0.798031,4.93301e+07,6902.86,4.9337e+07,0.759653
4.36939,0.798031,4.93317e+07,6901.8,4.93386e+07,0.759653
4.36985,0.798031,4.93334e+07,6900.75,4.93403e+07,0.759654
4.3703,0.79803,4.9335e+07,6899.69,4.93419e+07,0.759655
4.37076,0.79803,4.93366e+07,6898.63,4.93435e+07,0.759656
4.37122,0.798029,4.93382e+07,6897.57,4.93451e+07,0.759657
4.37167,0.798029,4.93399e+07,6896.52,4.93468e+07,0.759658
4.37213,0.798029,4.93415e+07,6895.46,4.93484e+07,0.759658
4.37258,0.798028,4.93431e+07,6894.4,4.935e+07,0.759659
4.37304,0.798028,4.93447e+07,6893.35,4.93516e+07,0.75966
4.3735,0.798028,4.93464e+07,6892.29,4.93533e+07,0.759661
4.37395,0.798027,4.9348e+07,6891.24,4.93549e+07,0.759662
4.37441,0.798027,4.93496e+07,6890.18,4.93565e+07,0.759662
4.37486,0.798026,4.93512e+07,6889.13,4.93581e+07,0.759663
4.37532,0.798026,4.93529e+07,6888.07,4.93597e+07,0.759664
4.37578,0.798026,4.93545e+07,6887.02,4.93614e+07,0.759665
4.37623,0.798025,4.93561e+07,6885.96,4.9363e+07,0.759666
4.37669,0.798025,4.93577e+07,6884.91,4.93646e+07,0.759667
4.37714,0.798025,4.93593e+07,6883.86,4.93662e+07,0.759667
4.3776,0.798024,4.9361e+07,6882.8,4.93678e+07,0.759668
4.37806,0.798024,4.93626e+07,6881.75,4.93695e+07,0.759669
4.37851,0.798023,4.93642e+07,6880.7,4.93711e+07,0.75967
4.37897,0.798023,4.93658e+07,6879.65,4.93727e+07,0.759671
4.37942,0.798023,4.93674e+07,6878.59,4.93743e+07,0.759671
4.37988,0.798022,4.9369e+07,6877.54,4.93759e+07,0.759672
4.38034,0.798022,4.93707e+07,6876.49,4.93775e+07,0.759673
4.38079,0.798022,4.93723e+07,6875.44,4.93791e+07,0.759674
4.38125,0.798021,4.93739e+07,6874.39,4.93808e+07,0.759675
4.3817,0.798021,4.93755e+07,6873.34,4.93824e+07,0.759676
4.38216,0.79802,4.93771e+07,6872.29,4.9384e+07,0.759676
4.38262,0.79802,4.93787e+07,6871.24,4.93856e+07,0.759677
4.38307,0.79802,4.93803e+07,6870.19,4.93872e+07,0.759678
4.38353,0.798019,4.93819e+07,6869.14,4.93888e+07,0.759679
4.38398,0.798019,4.93836e+07,6868.09,4.93904e+07,0.75968
4.38444,0.798019,4.93852e+07,6867.04,4.9392e+07,0.75968
4.3849,0.798018,4.93868e+07,6865.99,4.93936e+07,0.759681
4.38535,0.798018,4.93884e+07,6864.94,4.93952e+07,0.759682
4.38581,0.798017,4.939e+07,6863.89,4.93969e+07,0.759683
4.38626,0.798017,4.93916e+07,6862.84,4.93985e+07,0.759684
4.38672,0.798017,4.93932e+07,6861.79,4.94001e+07,0.759685
4.38718,0.798016,4.93948e+07,6860.75,4.94017e+07,0.759685
4.38763,0.798016,4.93964e+07,6859.7,4.94033e+07,0.759686
4.38809,0.798016,4.9398e+07,6858.65,4.94049e+07,0.759687
4.38854,0.798015,4.93996e+07,6857.61,4.94065e+07,0.759688
4.389,0.798015,4.94012e+07,6856.56,4.94081e+07,0.759689
4.38946,0.798014,4.94028e+07,6855.51,4.94097e+07,0.759689
4.38991,0.798014,4.94044e+07,6854.47,4.94113e+07,0.75969
4.39037,0.798014,4.9406e+07,6853.42,4.94129e+07,0.759691
4.39082,0.798013,4.94076e+07,6852.37,4.94145e+07,0.759692
4.39128,0.798013,4.94092e+07,6851.33,4.94161e+07,0.759693
4.39174,0.798013,4.94108e+07,6850.28,4.94177e+07,0.759693
4.39219,0.798012,4.94124e+07,6849.24,4.94193e+07,0.759694
4.39265,0.798012,4.9414e+07,6848.2,4.94209e+07,0.759695
4.3931,0.798011,4.94156e+07,6847.15,4.94225e+07,0.759696
4.39356,0.798011,4.94172e+07,6846.11,4.94241e+07,0.759697
4.39402,0.798011,4.94188e+07,6845.06,4.94257e+07,0.759698
4.39447,0.79801,4.94204e+07,6844.02,4.94273e+07,0.759698
4.39493,0.79801,4.9422e+07,6842.98,4.94289e+07,0.759699
4.39538,0.79801,4.94236e+07,6841.93,4.94305e+07,0.7597
4.39584,0.798009,4.94252e+07,6840.89,4.94321e+07,0.759701
4.3963,0.798009,4.94268e+07,6839.85,4.94337e+07,0.759702
4.39675,0.798008,4.94284e+07,6838.81,4.94353e+07,0.759702
4.39721,0.798008,4.943e+07,6837.76,4.94368e+07,0.759703
4.39766,0.798008,4.94316e+07,6836.72,4.94384e+07,0.759704
4.39812,0.798007,4.94332e+07,6835.68,4.944e+07,0.759705
4.39858,0.798007,4.94348e+07,6834.64,4.94416e+07,0.759706
4.39903,0.798007,4.94364e+07,6833.6,4.94432e+07,0.759706
4.39949,0.798006,4.9438e+07,6832.56,4.94448e+07,0.759707
4.39994,0.798006,4.94396e+07,6831.52,4.94464e+07,0.759708
4.4004,0.798005,4.94412e+07,6830.48,4.9448e+07,0.759709
4.40086,0.798005,4.94427e+07,6829.44,4.94496e+07,0.75971
4.40131,0.798005,4.94443e+07,6828.4,4.94512e+07,0.75971
4.40177,0.798004,4.94459e+07,6827.36,4.94528e+07,0.759711
4.40222,0.798004,4.94475e+07,6826.32,4.94543e+07,0.759712
4.40268,0.798004,4.94491e+07,6825.28,4.94559e+07,0.759713
4.40314,0.798003,4.94507e+07,6824.24,4.94575e+07,0.759714
4.40359,0.798003,4.94523e+07,6823.2,4.94591e+07,0.759714
4.40405,0.798002,4.94539e+07,6822.17,4.94607e+07,0.759715
4.4045,0.798002,4.94554e+07,6821.13,4.94623e+07,0.759716
4.40496,0.798002,4.9457e+07,6820.09,4.94638e+07,0.759717
4.40542,0.798001,4.94586e+07,6819.05,4.94654e+07,0.759718
4.40587,0.798001,4.94602e+07,6818.02,4.9467e+07,0.759718
4.40633,0.798001,4.94618e+07,6816.98,4.94686e+07,0.759719
4.40678,0.798,4.94634e+07,6815.94,4.94702e+07,0.75972
4.40724,0.798,4.94649e+07,6814.91,4.94718e+07,0.759721
4.4077,0.797999,4.94665e+07,6813.87,4.94733e+07,0.759722
4.40815,0.797999,4.94681e+07,6812.84,4.94749e+07,0.759722
4.40861,0.797999,4.94697e+07,6811.8,4.94765e+07,0.759723
4.40906,0.797998,4.94713e+07,6810.76,4.94781e+07,0.759724
4.40952,0.797998,4.94728e+07,6809.73,4.94797e+07,0.759725
4.40998,0.797998,4.94744e+07,6808.69,4.94812e+07,0.759726
4.41043,0.797997,4.9476e+07,6807.66,4.94828e+07,0.759726
4.41089,0.797997,4.94776e+07,6806.63,4.94844e+07,0.759727
4.41134,0.797996,4.94792e+07,6805.59,4.9486e+07,0.759728
4.4118,0.797996,4.94807e+07,6804.56,4.94875e+07,0.759729
4.41226,0.797996,4.94823e+07,6803.53,4.94891e+07,0.75973
4.41271,0.797995,4.94839e+07,6802.49,4.94907e+07,0.75973
4.41317,0.797995,4.94855e+07,6801.46,4.94923e+07,0.759731
4.41362,0.797995,4.9487e+07,6800.43,4.94938e+07,0.759732
4.41408,0.797994,4.94886e+07,6799.39,4.94954e+07,0.759733
4.41454,0.797994,4.94902e+07,6798.36,4.9497e+07,0.759734
4.41499,0.797993,4.94917e+07,6797.33,4.94985e+07,0.759734
4.41545,0.797993,4.94933e+07,6796.3,4.95001e+07,0.759735
4.4159,0.797993,4.94949e+07,6795.27,4.95017e+07,0.759736
4.41636,0.797992,4.94965e+07,6794.24,4.95033e+07,0.759737
4.41682,0.797992,4.9498e+07,6793.21,4.95048e+07,0.759738
4.41727,0.797992,4.94996e+07,6792.18,4.95064e+07,0.759738
4.41773,0.797991,4.95012e+07,6791.14,4.9508e+07,0.759739
4.41818,0.797991,4.95027e+07,6790.11,4.95095e+07,0.75974
4.41864,0.79799,4.95043e+07,6789.08,4.95111e+07,0.759741
4.4191,0.79799,4.95059e+07,6788.06,4.95127e+07,0.759742
4.41955,0.79799,4.95074e+07,6787.03,4.95142e+07,0.759742
4.42001,0.797989,4.9509e+07,6786,4.95158e+07,0.759743
4.42046,0.797989,4.95106e+07,6784.97,4.95174e+07,0.759744
4.42092,0.797989,4.95121e+07,6783.94,4.95189e+07,0.759745
4.42138,0.797988,4.95137e+07,6782.91,4.95205e+07,0.759745
4.42183,0.797988,4.95153e+07,6781.88,4.95221e+07,0.759746
4.42229,0.797987,4.95168e+07,6780.86,4.95236e+07,0.759747
4.42274,0.797987,4.95184e+07,6779.83,4.95252e+07,0.759748
4.4232,0.797987,4.952e+07,6778.8,4.95267e+07,0.759749
4.42366,0.797986,4.95215e+07,6777.77,4.95283e+07,0.759749
4.42411,0.797986,4.95231e+07,6776.75,4.95299e+07,0.75975
4.42457,0.797986,4.95246e+07,6775.72,4.95314e+07,0.759751
4.42502,0.797985,4.95262e+07,6774.69,4.9533e+07,0.759752
4.42548,0.797985,4.95278e+07,6773.67,4.95345e+07,0.759753
4.42594,0.797984,4.95293e+07,6772.64,4.95361e+07,0.759753
4.42639,0.797984,4.95309e+07,6771.62,4.95377e+07,0.759754
4.42685,0.797984,4.95324e+07,6770.59,4.95392e+07,0.759755
4.4273,0.797983,4.9534e+07,6769.57,4.95408e+07,0.759756
4.42776,0.797983,4.95356e+07,6768.54,4.95423e+07,0.759757
4.42822,0.797983,4.95371e+07,6767.52,4.95439e+07,0.759757
4.42867,0.797982,4.95387e+07,6766.49,4.95454e+07,0.759758
4.42913,0.797982,4.95402e+07,6765.47,4.9547e+07,0.759759
4.42958,0.797981,4.95418e+07,6764.45,4.95485e+07,0.75976
4.43004,0.797981,4.95433e+07,6763.42,4.95501e+07,0.75976
4.4305,0.797981,4.95449e+07,6762.4,4.95516e+07,0.759761
4.43095,0.79798,4.95464e+07,6761.38,4.95532e+07,0.759762
4.43141,0.79798,4.9548e+07,6760.35,4.95548e+07,0.759763
4.43186,0.79798,4.95495e+07,6759.33,4.95563e+07,0.759764
4.43232,0.797979,4.95511e+07,6758.31,4.95579e+07,0.759764
4.43278,0.797979,4.95526e+07,6757.29,4.95594e+07,0.759765
4.43323,0.797978,4.95542e+07,6756.27,4.9561e+07,0.759766
4.43369,0.797978,4.95557e+07,6755.25,4.95625e+07,0.759767
4.43414,0.797978,4.95573e+07,6754.22,4.95641e+07,0.759767
4.4346,0.797977,4.95588e+07,6753.2,4.95656e+07,0.759768
4.43506,0.797977,4.95604e+07,6752.18,4.95671e+07,0.759769
4.43551,0.797977,4.95619e+07,6751.16,4.95687e+07,0.75977
4.43597,0.797976,4.95635e+07,6750.14,4.95702e+07,0.759771
4.43642,0.797976,4.9565e+07,6749.12,4.95718e+07,0.759771
4.43688,0.797975,4.95666e+07,6748.1,4.95733e+07,0.759772
4.43734,0.797975,4.95681e+07,6747.08,4.95749e+07,0.759773
4.43779,0.797975,4.95697e+07,6746.06,4.95764e+07,0.759774
4.43825,0.797974,4.95712e+07,6745.05,4.9578e+07,0.759775
4.4387,0.797974,4.95728e+07,6744.03,4.95795e+07,0.759775
4.43916,0.797974,4.95743e+07,6743.01,4.9581e+07,0.759776
4.43962,0.797973,4.95758e+07,6741.99,4.95826e+07,0.759777
4.44007,0.797973,4.95774e+07,6740.97,4.95841e+07,0.759778
4.44053,0.797972,4.95789e+07,6739.96,4.95857e+07,0.759778
4.44098,0.797972,4.95805e+07,6738.94,4.95872e+07,0.759779
4.44144,0.797972,4.9582e+07,6737.92,4.95888e+07,0.75978
4.4419,0.797971,4.95836e+07,6736.9,4.95903e+07,0.759781
4.44235,0.797971,4.95851e+07,6735.89,4.95918e+07,0.759782
4.44281,0.797971,4.95866e+07,6734.87,4.95934e+07,0.759782
4.44326,0.79797,4.95882e+07,6733.85,4.95949e+07,0.759783
4.44372,0.79797,4.95897e+07,6732.84,4.95964e+07,0.759784
4.44418,0.797969,4.95912e+07,6731.82,4.9598e+07,0.759785
4.44463,0.797969,4.95928e+07,6730.81,4.95995e+07,0.759785
4.44509,0.797969,4.95943e+07,6729.79,4.9601e+07,0.759786
4.44554,0.797968,4.95959e+07,6728.78,4.96026e+07,0.759787
4.446,0.797968,4.95974e+07,6727.76,4.96041e+07,0.759788
4.44646,0.797968,4.95989e+07,6726.75,4.96057e+07,0.759788
4.44691,0.797967,4.96005e+07,6725.74,4.96072e+07,0.759789
4.44737,0.797967,4.9602e+07,6724.72,4.96087e+07,0.75979
4.44782,0.797966,4.96035e+07,6723.71,4.96103e+07,0.759791
4.44828,0.797966,4.96051e+07,6722.69,4.96118e+07,0.759792
4.44874,0.797966,4.96066e+07,6721.68,4.96133e+07,0.759792
4.44919,0.797965,4.96081e+07,6720.67,4.96148e+07,0.759793
4.44965,0.797965,4.96097e+07,6719.66,4.96164e+07,0.759794
4.4501,0.797965,4.96112e+07,6718.64,4.96179e+07,0.759795
4.45056,0.797964,4.96127e+07,6717.63,4.96194e+07,0.759795
4.45102,0.797964,4.96142e+07,6716.62,4.9621e+07,0.759796
4.45147,0.797963,4.96158e+07,6715.61,4.96225e+07,0.759797
4.45193,0.797963,4.96173e+07,6714.6,4.9624e+07,0.759798
4.45238,0.797963,4.96188e+07,6713.59,4.96255e+07,0.759799
4.45284,0.797962,4.96204e+07,6712.58,4.96271e+07,0.759799
4.4533,0.797962,4.96219e+07,6711.56,4.96286e+07,0.7598
4.45375,0.797962,4.96234e+07,6710.55,4.96301e+07,0.759801
4.45421,0.797961,4.96249e+07,6709.54,4.96316e+07,0.759802
4.45466,0.797961,4.96265e+07,6708.53,4.96332e+07,0.759802
4.45512,0.79796,4.9628e+07,6707.53,4.96347e+07,0.759803
4.45558,0.79796,4.96295e+07,6706.52,4.96362e+07,0.759804
4.45603,0.79796,4.9631e+07,6705.51,4.96377e+07,0.759805
4.45649,0.797959,4.96326e+07,6704.5,4.96393e+07,0.759805
4.45694,0.797959,4.96341e+07,6703.49,4.96408e+07,0.759806
4.4574,0.797959,4.96356e+07,6702.48,4.96423e+07,0.759807
4.45786,0.797958,4.96371e+07,6701.47,4.96438e+07,0.759808
4.45831,0.797958,4.96386e+07,6700.47,4.96453e+07,0.759809
4.45877,0.797957,4.96402e+07,6699.46,4.96469e+07,0.759809
4.45922,0.797957,4.96417e+07,6698.45,4.96484e+07,0.75981
4.45968,0.797957,4.96432e+07,6697.44,4.96499e+07,0.759811
4.46014,0.797956,4.96447e+07,6696.44,4.96514e+07,0.759812
4.46059,0.797956,4.96462e+07,6695.43,4.96529e+07,0.759812
4.46105,0.797956,4.96478e+07,6694.42,4.96545e+07,0.759813
4.4615,0.797955,4.96493e+07,6693.42,4.9656e+07,0.759814
4.46196,0.797955,4.96508e+07,6692.41,4.96575e+07,0.759815
4.46242,0.797954,4.96523e+07,6691.41,4.9659e+07,0.759815
4.46287,0.797954,4.96538e+07,6690.4,4.96605e+07,0.759816
4.46333,0.797954,4.96553e+07,6689.4,4.9662e+07,0.759817
4.46378,0.797953,4.96569e+07,6688.39,4.96635e+07,0.759818
4.46424,0.797953,4.96584e+07,6687.39,4.96651e+07,0.759818
4.4647,0.797952,4.96599e+07,6686.38,4.96666e+07,0.759819
4.46515,0.797952,4.96614e+07,6685.38,4.96681e+07,0.75982
4.46561,0.797952,4.96629e+07,6684.37,4.96696e+07,0.759821
4.46606,0.797951,4.96644e+07,6683.37,4.96711e+07,0.759822
4.46652,0.797951,4.96659e+07,6682.37,4.96726e+07,0.759822
4.46698,0.797951,4.96674e+07,6681.36,4.96741e+07,0.759823
4.46743,0.79795,4.96689e+07,6680.36,4.96756e+07,0.759824
4.46789,0.79795,4.96705e+07,6679.36,4.96771e+07,0.759825
4.46834,0.797949,4.9672e+07,6678.36,4.96786e+07,0.759825
4.4688,0.797949,4.96735e+07,6677.35,4.96802e+07,0.759826
4.46926,0.797949,4.9675e+07,6676.35,4.96817e+07,0.759827
4.46971,0.797948,4.96765e+07,6675.35,4.96832e+07,0.759828
4.47017,0.797948,4.9678e+07,6674.35,4.96847e+07,0.759828
4.47062,0.797948,4.96795e+07,6673.35,4.96862e+07,0.759829
4.47108,0.797947,4.9681e+07,6672.35,4.96877e+07,0.75983
4.47154,0.797947,4.96825e+07,6671.35,4.96892e+07,0.759831
4.47199,0.797946,4.9684e+07,6670.35,4.96907e+07,0.759831
4.47245,0.797946,4.96855e+07,6669.35,4.96922e+07,0.759832
4.4729,0.797946,4.9687e+07,6668.35,4.96937e+07,0.759833
4.47336,0.797945,4.96885e+07,6667.35,4.96952e+07,0.759834
4.47382,0.797945,4.969e+07,6666.35,4.96967e+07,0.759834
4.47427,0.797945,4.96915e+07,6665.35,4.96982e+07,0.759835
4.47473,0.797944,4.9693e+07,6664.35,4.96997e+07,0.759836
4.47518,0.797944,4.96945e+07,6663.35,4.97012e+07,0.759837
4.47564,0.797943,4.9696e+07,6662.35,4.97027e+07,0.759837
4.4761,0.797943,4.96975e+07,6661.35,4.97042e+07,0.759838
4.47655,0.797943,4.9699e+07,6660.36,4.97057e+07,0.759839
4.47701,0.797942,4.97005e+07,6659.36,4.97072e+07,0.75984
4.47746,0.797942,4.9702e+07,6658.36,4.97087e+07,0.75984
4.47792,0.797942,4.97035e+07,6657.36,4.97102e+07,0.759841
4.47838,0.797941,4.9705e+07,6656.37,4.97117e+07,0.759842
4.47883,0.797941,4.97065e+07,6655.37,4.97132e+07,0.759843
4.47929,0.79794,4.9708e+07,6654.37,4.97147e+07,0.759843
4.47974,0.79794,4.97095e+07,6653.38,4.97162e+07,0.759844
4.4802,0.79794,4.9711e+07,6652.38,4.97177e+07,0.759845
4.48066,0.797939,4.97125e+07,6651.39,4.97192e+07,0.759846
4.48111,0.797939,4.9714e+07,6650.39,4.97207e+07,0.759846
4.48157,0.797939,4.97155e+07,6649.4,4.97222e+07,0.759847
4.48202,0.797938,4.9717e+07,6648.4,4.97236e+07,0.759848
4.48248,0.797938,4.97185e+07,6647.41,4.97251e+07,0.759849
4.48294,0.797937,4.972e+07,6646.41,4.97266e+07,0.759849
4.48339,0.797937,4.97215e+07,6645.42,4.97281e+07,0.75985
4.48385,0.797937,4.9723e+07,6644.42,4.97296e+07,0.759851
4.4843,0.797936,4.97245e+07,6643.43,4.97311e+07,0.759852
4.48476,0.797936,4.97259e+07,6642.44,4.97326e+07,0.759852
4.48522,0.797936,4.97274e+07,6641.44,4.97341e+07,0.759853
4.48567,0.797935,4.97289e+07,6640.45,4.97356e+07,0.759854
4.48613,0.797935,4.97304e+07,6639.46,4.97371e+07,0.759855
4.48658,0.797934,4.97319e+07,6638.46,4.97385e+07,0.759855
4.48704,0.797934,4.97334e+07,6637.47,4.974e+07,0.759856
4.4875,0.797934,4.97349e+07,6636.48,4.97415e+07,0.759857
4.48795,0.797933,4.97364e+07,6635.49,4.9743e+07,0.759858
4.48841,0.797933,4.97379e+07,6634.5,4.97445e+07,0.759858
4.48886,0.797933,4.97393e+07,6633.51,4.9746e+07,0.759859
4.48932,0.797932,4.97408e+07,6632.51,4.97475e+07,0.75986
4.48978,0.797932,4.97423e+07,6631.52,4.97489e+07,0.759861
4.49023,0.797931,4.97438e+07,6630.53,4.97504e+07,0.759861
4.49069,0.797931,4.97453e+07,6629.54,4.97519e+07,0.759862
4.49114,0.797931,4.97468e+07,6628.55,4.97534e+07,0.759863
4.4916,0.79793,4.97482e+07,6627.56,4.97549e+07,0.759864
4.49206,0.79793,4.97497e+07,6626.57,4.97564e+07,0.759864
4.49251,0.79793,4.97512e+07,6625.58,4.97578e+07,0.759865
4.49297,0.797929,4.97527e+07,6624.59,4.97593e+07,0.759866
4.49342,0.797929,4.97542e+07,6623.61,4.97608e+07,0.759867
4.49388,0.797928,4.97556e+07,6622.62,4.97623e+07,0.759867
4.49434,0.797928,4.97571e+07,6621.63,4.97637e+07,0.759868
4.49479,0.797928,4.97586e+07,6620.64,4.97652e+07,0.759869
4.49525,0.797927,4.97601e+07,6619.65,4.97667e+07,0.75987
4.4957,0.797927,4.97616e+07,6618.67,4.97682e+07,0.75987
4.49616,0.797926,4.9763e+07,6617.68,4.97697e+07,0.759871
4.49662,0.797926,4.97645e+07,6616.69,4.97711e+07,0.759872
4.49707,0.797926,4.9766e+07,6615.7,4.97726e+07,0.759873
4.49753,0.797925,4.97675e+07,6614.72,4.97741e+07,0.759873
4.49798,0.797925,4.97689e+07,6613.73,4.97756e+07,0.759874
4.49844,0.797925,4.97704e+07,6612.74,4.9777e+07,0.759875
4.4989,0.797924,4.97719e+07,6611.76,4.97785e+07,0.759876
4.49935,0.797924,4.97734e+07,6610.77,4.978e+07,0.759876
4.49981,0.797923,4.97748e+07,6609.79,4.97814e+07,0.759877
4.50026,0.797923,4.97763e+07,6608.8,4.97829e+07,0.759878
4.50072,0.797923,4.97778e+07,6607.82,4.97844e+07,0.759879
4.50118,0.797922,4.97793e+07,6606.83,4.97859e+07,0.759879
4.50163,0.797922,4.97807e+07,6605.85,4.97873e+07,0.75988
4.50209,0.797922,4.97822e+07,6604.86,4.97888e+07,0.759881
4.50254,0.797921,4.97837e+07,6603.88,4.97903e+07,0.759881
4.503,0.797921,4.97851e+07,6602.9,4.97917e+07,0.759882
4.50346,0.79792,4.97866e+07,6601.91,4.97932e+07,0.759883
4.50391,0.79792,4.97881e+07,6600.93,4.97947e+07,0.759884
4.50437,0.79792,4.97895e+07,6599.95,4.97961e+07,0.759884
4.50482,0.797919,4.9791e+07,6598.96,4.97976e+07,0.759885
4.50528,0.797919,4.97925e+07,6597.98,4.97991e+07,0.759886
4.50574,0.797919,4.97939e+07,6597,4.98005e+07,0.759887
4.50619,0.797918,4.97954e+07,6596.02,4.9802e+07,0.759887
4.50665,0.797918,4.97969e+07,6595.03,4.98035e+07,0.759888
4.5071,0.797917,4.97983e+07,6594.05,4.98049e+07,0.759889
4.50756,0.797917,4.97998e+07,6593.07,4.98064e+07,0.75989
4.50802,0.797917,4.98013e+07,6592.09,4.98079e+07,0.75989
4.50847,0.797916,4.98027e+07,6591.11,4.98093e+07,0.759891
4.50893,0.797916,4.98042e+07,6590.13,4.98108e+07,0.759892
4.50938,0.797916,4.98057e+07,6589.15,4.98123e+07,0.759893
4.50984,0.797915,4.98071e+07,6588.17,4.98137e+07,0.759893
4.5103,0.797915,4.98086e+07,6587.19,4.98152e+07,0.759894
4.51075,0.797914,4.981e+07,6586.21,4.98166e+07,0.759895
4.51121,0.797914,4.98115e+07,6585.23,4.98181e+07,0.759895
4.51166,0.797914,4.9813e+07,6584.25,4.98196e+07,0.759896
4.51212,0.797913,4.98144e+07,6583.27,4.9821e+07,0.759897
4.51258,0.797913,4.98159e+07,6582.29,4.98225e+07,0.759898
4.51303,0.797913,4.98173e+07,6581.31,4.98239e+07,0.759898
4.51349,0.797912,4.98188e+07,6580.33,4.98254e+07,0.759899
4.51394,0.797912,4.98203e+07,6579.36,4.98268e+07,0.7599
4.5144,0.797911,4.98217e+07,6578.38,4.98283e+07,0.759901
4.51486,0.797911,4.98232e+07,6577.4,4.98297e+07,0.759901
4.51531,0.797911,4.98246e+07,6576.42,4.98312e+07,0.759902
4.51577,0.79791,4.98261e+07,6575.45,4.98327e+07,0.759903
4.51622,0.79791,4.98275e+07,6574.47,4.98341e+07,0.759904
4.51668,0.797909,4.9829e+07,6573.49,4.98356e+07,0.759904
4.51714,0.797909,4.98304e+07,6572.52,4.9837e+07,0.759905
4.51759,0.797909,4.98319e+07,6571.54,4.98385e+07,0.759906
4.51805,0.797908,4.98334e+07,6570.56,4.98399e+07,0.759906
4.5185,0.797908,4.98348e+07,6569.59,4.98414e+07,0.759907
4.51896,0.797908,4.98363e+07,6568.61,4.98428e+07,0.759908
4.51942,0.797907,4.98377e+07,6567.64,4.98443e+07,0.759909
4.51987,0.797907,4.98392e+07,6566.66,4.98457e+07,0.759909
4.52033,0.797906,4.98406e+07,6565.69,4.98472e+07,0.75991
4.52078,0.797906,4.98421e+07,6564.71,4.98486e+07,0.759911
4.52124,0.797906,4.98435e+07,6563.74,4.98501e+07,0.759912
4.5217,0.797905,4.9845e+07,6562.77,4.98515e+07,0.759912
4.52215,0.797905,4.98464e+07,6561.79,4.9853e+07,0.759913
4.52261,0.797905,4.98479e+07,6560.82,4.98544e+07,0.759914
4.52306,0.797904,4.98493e+07,6559.85,4.98559e+07,0.759914
4.52352,0.797904,4.98507e+07,6558.87,4.98573e+07,0.759915
4.52398,0.797903,4.98522e+07,6557.9,4.98588e+07,0.759916
4.52443,0.797903,4.98536e+07,6556.93,4.98602e+07,0.759917
4.52489,0.797903,4.98551e+07,6555.95,4.98616e+07,0.759917
4.52534,0.797902,4.98565e+07,6554.98,4.98631e+07,0.759918
4.5258,0.797902,4.9858e+07,6554.01,4.98645e+07,0.759919
4.52626,0.797902,4.98594e+07,6553.04,4.9866e+07,0.75992
4.52671,0.797901,4.98609e+07,6552.07,4.98674e+07,0.75992
4.52717,0.797901,4.98623e+07,6551.1,4.98689e+07,0.759921
4.52762,0.7979,4.98637e+07,6550.13,4.98703e+07,0.759922
4.52808,0.7979,4.98652e+07,6549.15,4.98717e+07,0.759922
4.52854,0.7979,4.98666e+07,6548.18,4.98732e+07,0.759923
4.52899,0.797899,4.98681e+07,6547.21,4.98746e+07,0.759924
4.52945,0.797899,4.98695e+07,6546.24,4.98761e+07,0.759925
4.5299,0.797899,4.9871e+07,6545.27,4.98775e+07,0.759925
4.53036,0.797898,4.98724e+07,6544.3,4.98789e+07,0.759926
4.53082,0.797898,4.98738e+07,6543.34,4.98804e+07,0.759927
4.53127,0.797897,4.98753e+07,6542.37,4.98818e+07,0.759927
4.53173,0.797897,4.98767e+07,6541.4,4.98832e+07,0.759928
4.53218,0.797897,4.98781e+07,6540.43,4.98847e+07,0.759929
4.53264,0.797896,4.98796e+07,6539.46,4.98861e+07,0.75993
4.5331,0.797896,4.9881e+07,6538.49,4.98876e+07,0.75993
4.53355,0.797896,4.98825e+07,6537.52,4.9889e+07,0.759931
4.53401,0.797895,4.98839e+07,6536.56,4.98904e+07,0.759932
4.53446,0.797895,4.98853e+07,6535.59,4.98919e+07,0.759933
4.53492,0.797894,4.98868e+07,6534.62,4.98933e+07,0.759933
4.53538,0.797894,4.98882e+07,6533.66,4.98947e+07,0.759934
4.53583,0.797894,4.98896e+07,6532.69,4.98962e+07,0.759935
4.53629,0.797893,4.98911e+07,6531.72,4.98976e+07,0.759935
4.53674,0.797893,4.98925e+07,6530.76,4.9899e+07,0.759936
4.5372,0.797892,4.98939e+07,6529.79,4.99005e+07,0.759937
4.53766,0.797892,4.98954e+07,6528.82,4.99019e+07,0.759938
4.53811,0.797892,4.98968e+07,6527.86,4.99033e+07,0.759938
4.53857,0.797891,4.98982e+07,6526.89,4.99047e+07,0.759939
4.53902,0.797891,4.98996e+07,6525.93,4.99062e+07,0.75994
4.53948,0.797891,4.99011e+07,6524.96,4.99076e+07,0.75994
4.53994,0.79789,4.99025e+07,6524,4.9909e+07,0.759941
4.54039,0.79789,4.99039e+07,6523.04,4.99105e+07,0.759942
4.54085,0.797889,4.99054e+07,6522.07,4.99119e+07,0.759943
4.5413,0.797889,4.99068e+07,6521.11,4.99133e+07,0.759943
4.54176,0.797889,4.99082e+07,6520.14,4.99147e+07,0.759944
4.54222,0.797888,4.99096e+07,6519.18,4.99162e+07,0.759945
4.54267,0.797888,4.99111e+07,6518.22,4.99176e+07,0.759945
4.54313,0.797888,4.99125e+07,6517.25,4.9919e+07,0.759946
4.54358,0.797887,4.99139e+07,6516.29,4.99204e+07,0.759947
4.54404,0.797887,4.99153e+07,6515.33,4.99219e+07,0.759948
4.5445,0.797886,4.99168e+07,6514.37,4.99233e+07,0.759948
4.54495,0.797886,4.99182e+07,6513.41,4.99247e+07,0.759949
4.54541,0.797886,4.99196e+07,6512.44,4.99261e+07,0.75995
4.54586,0.797885,4.9921e+07,6511.48,4.99275e+07,0.75995
4.54632,0.797885,4.99225e+07,6510.52,4.9929e+07,0.759951
4.54678,0.797885,4.99239e+07,6509.56,4.99304e+07,0.759952
4.54723,0.797884,4.99253e+07,6508.6,4.99318e+07,0.759953
4.54769,0.797884,4.99267e+07,6507.64,4.99332e+07,0.759953
4.54814,0.797883,4.99281e+07,6506.68,4.99346e+07,0.759954
4.5486,0.797883,4.99296e+07,6505.72,4.99361e+07,0.759955
4.54906,0.797883,4.9931e+07,6504.76,4.99375e+07,0.759955
4.54951,0.797882,4.99324e+07,6503.8,4.99389e+07,0.759956
4.54997,0.797882,4.99338e+07,6502.84,4.99403e+07,0.759957
4.55042,0.797882,4.99352e+07,6501.88,4.99417e+07,0.759958
4.55088,0.797881,4.99366e+07,6500.92,4.99431e+07,0.759958
4.55134,0.797881,4.99381e+07,6499.96,4.99446e+07,0.759959
4.55179,0.79788,4.99395e+07,6499,4.9946e+07,0.75996
4.55225,0.79788,4.99409e+07,6498.05,4.99474e+07,0.75996
4.5527,0.79788,4.99423e+07,6497.09,4.99488e+07,0.759961
4.55316,0.797879,4.99437e+07,6496.13,4.99502e+07,0.759962
4.55362,0.797879,4.99451e+07,6495.17,4.99516e+07,0.759962
4.55407,0.797878,4.99466e+07,6494.21,4.9953e+07,0.759963
4.55453,0.797878,4.9948e+07,6493.26,4.99545e+07,0.759964
4.55498,0.797878,4.99494e+07,6492.3,4.99559e+07,0.759965
4.55544,0.797877,4.99508e+07,6491.34,4.99573e+07,0.759965
4.5559,0.797877,4.99522e+07,6490.39,4.99587e+07,0.759966
4.55635,0.797877,4.99536e+07,6489.43,4.99601e+07,0.759967
4.55681,0.797876,4.9955e+07,6488.48,4.99615e+07,0.759967
4.55726,0.797876,4.99564e+07,6487.52,4.99629e+07,0.759968
4.55772,0.797875,4.99578e+07,6486.56,4.99643e+07,0.759969
4.55818,0.797875,4.99593e+07,6485.61,4.99657e+07,0.75997
4.55863,0.797875,4.99607e+07,6484.65,4.99671e+07,0.75997
4.55909,0.797874,4.99621e+07,6483.7,4.99686e+07,0.759971
4.55954,0.797874,4.99635e+07,6482.74,4.997e+07,0.759972
