inc_perturber_deg,node_perturber_deg,chi2_total,chi2_reduced,r_squared_inc,r_squared_node
2.00,30.00,63.1692,6.3169,-1.4789,-1.6142
2.00,32.50,61.1337,6.1134,-1.4286,-1.4708
2.00,35.00,59.2319,5.9232,-1.3793,-1.3378
2.00,37.50,57.4621,5.7462,-1.3311,-1.2148
2.00,40.00,55.8223,5.5822,-1.2841,-1.1018
2.00,42.50,54.3108,5.4311,-1.2383,-0.9985
2.00,45.00,52.9258,5.2926,-1.1937,-0.9047
2.00,47.50,51.6657,5.1666,-1.1505,-0.8204
2.00,50.00,50.5288,5.0529,-1.1086,-0.7453
2.00,52.50,49.5136,4.9514,-1.0680,-0.6793
2.00,55.00,48.6185,4.8619,-1.0289,-0.6222
2.00,57.50,47.8421,4.7842,-0.9911,-0.5740
2.00,60.00,47.1830,4.7183,-0.9549,-0.5344
2.00,62.50,46.6396,4.6640,-0.9200,-0.5035
2.00,65.00,46.2108,4.6211,-0.8867,-0.4809
2.00,67.50,45.8951,4.5895,-0.8548,-0.4668
2.00,70.00,45.6914,4.5691,-0.8245,-0.4608
2.00,72.50,45.5985,4.5598,-0.7956,-0.4631
2.00,75.00,45.6151,4.5615,-0.7683,-0.4733
2.00,77.50,45.7402,4.5740,-0.7425,-0.4916
2.00,80.00,45.9726,4.5973,-0.7181,-0.5177
2.00,82.50,46.3113,4.6311,-0.6953,-0.5516
2.00,85.00,46.7553,4.6755,-0.6740,-0.5932
2.00,87.50,47.3036,4.7304,-0.6543,-0.6425
2.00,90.00,47.9554,4.7955,-0.6360,-0.6994
2.00,92.50,48.7096,4.8710,-0.6192,-0.7638
2.00,95.00,49.5654,4.9565,-0.6040,-0.8357
2.00,97.50,50.5221,5.0522,-0.5902,-0.9150
2.00,100.00,51.5788,5.1579,-0.5780,-1.0016
2.00,102.50,52.7348,5.2735,-0.5672,-1.0956
2.00,105.00,53.9894,5.3989,-0.5579,-1.1968
2.00,107.50,55.3418,5.5342,-0.5501,-1.3052
2.00,110.00,56.7915,5.6791,-0.5438,-1.4209
2.00,112.50,58.3378,5.8338,-0.5389,-1.5437
2.00,115.00,59.9802,5.9980,-0.5356,-1.6736
2.00,117.50,61.7181,6.1718,-0.5337,-1.8106
2.00,120.00,63.5510,6.3551,-0.5333,-1.9546
2.00,122.50,65.4785,6.5478,-0.5343,-2.1057
2.00,125.00,67.5001,6.7500,-0.5369,-2.2638
2.00,127.50,69.6154,6.9615,-0.5409,-2.4289
2.00,130.00,71.8240,7.1824,-0.5464,-2.6010
2.00,132.50,74.1257,7.4126,-0.5534,-2.7801
2.00,135.00,76.5200,7.6520,-0.5618,-2.9661
2.00,137.50,79.0069,7.9007,-0.5717,-3.1590
2.00,140.00,81.5859,8.1586,-0.5832,-3.3589
2.00,142.50,84.2570,8.4257,-0.5961,-3.5658
2.00,145.00,87.0199,8.7020,-0.6105,-3.7796
2.00,147.50,89.8745,8.9875,-0.6264,-4.0003
2.00,150.00,92.8208,9.2821,-0.6438,-4.2280
2.50,30.00,58.4570,5.8457,-0.7824,-1.5728
2.50,32.50,56.3323,5.6332,-0.7320,-1.4236
2.50,35.00,54.3460,5.4346,-0.6829,-1.2848
2.50,37.50,52.4965,5.2496,-0.6351,-1.1562
2.50,40.00,50.7823,5.0782,-0.5887,-1.0378
2.50,42.50,49.2020,4.9202,-0.5438,-0.9293
2.50,45.00,47.7542,4.7754,-0.5002,-0.8306
2.50,47.50,46.4374,4.6437,-0.4582,-0.7417
2.50,50.00,45.2504,4.5250,-0.4176,-0.6623
2.50,52.50,44.1918,4.4192,-0.3786,-0.5924
2.50,55.00,43.2602,4.3260,-0.3411,-0.5318
2.50,57.50,42.4542,4.2454,-0.3051,-0.4804
2.50,60.00,41.7728,4.1773,-0.2706,-0.4382
2.50,62.50,41.2145,4.1214,-0.2377,-0.4049
2.50,65.00,40.7781,4.0778,-0.2064,-0.3806
2.50,67.50,40.4624,4.0462,-0.1765,-0.3652
2.50,70.00,40.2663,4.0266,-0.1482,-0.3584
2.50,72.50,40.1886,4.0189,-0.1214,-0.3604
2.50,75.00,40.2282,4.0228,-0.0961,-0.3709
2.50,77.50,40.3839,4.0384,-0.0723,-0.3899
2.50,80.00,40.6546,4.0655,-0.0500,-0.4174
2.50,82.50,41.0394,4.1039,-0.0291,-0.4532
2.50,85.00,41.5372,4.1537,-0.0097,-0.4973
2.50,87.50,42.1470,4.2147,0.0083,-0.5496
2.50,90.00,42.8678,4.2868,0.0249,-0.6102
2.50,92.50,43.6987,4.3699,0.0400,-0.6788
2.50,95.00,44.6389,4.4639,0.0538,-0.7555
2.50,97.50,45.6874,4.5687,0.0662,-0.8402
2.50,100.00,46.8435,4.6843,0.0772,-0.9329
2.50,102.50,48.1062,4.8106,0.0868,-1.0334
2.50,105.00,49.4748,4.9475,0.0952,-1.1419
2.50,107.50,50.9486,5.0949,0.1021,-1.2582
2.50,110.00,52.5269,5.2527,0.1078,-1.3822
2.50,112.50,54.2090,5.4209,0.1121,-1.5141
2.50,115.00,55.9941,5.5994,0.1152,-1.6536
2.50,117.50,57.8818,5.7882,0.1169,-1.8008
2.50,120.00,59.8714,5.9871,0.1173,-1.9557
2.50,122.50,61.9623,6.1962,0.1164,-2.1182
2.50,125.00,64.1541,6.4154,0.1142,-2.2883
2.50,127.50,66.4462,6.6446,0.1107,-2.4659
2.50,130.00,68.8381,6.8838,0.1059,-2.6511
2.50,132.50,71.3295,7.1329,0.0997,-2.8439
2.50,135.00,73.9198,7.3920,0.0923,-3.0441
2.50,137.50,76.6088,7.6609,0.0834,-3.2518
2.50,140.00,79.3960,7.9396,0.0733,-3.4670
2.50,142.50,82.2812,8.2281,0.0618,-3.6897
2.50,145.00,85.2640,8.5264,0.0489,-3.9198
2.50,147.50,88.3441,8.8344,0.0346,-4.1573
2.50,150.00,91.5213,9.1521,0.0189,-4.4022
3.00,30.00,54.7405,5.4741,-0.3071,-1.5203
3.00,32.50,52.5557,5.2556,-0.2574,-1.3672
3.00,35.00,50.5129,5.0513,-0.2092,-1.2246
3.00,37.50,48.6111,4.8611,-0.1627,-1.0923
3.00,40.00,46.8491,4.6849,-0.1179,-0.9702
3.00,42.50,45.2257,4.5226,-0.0747,-0.8582
3.00,45.00,43.7398,4.3740,-0.0331,-0.7563
3.00,47.50,42.3901,4.2390,0.0067,-0.6642
3.00,50.00,41.1755,4.1176,0.0449,-0.5819
3.00,52.50,40.0948,4.0095,0.0814,-0.5094
3.00,55.00,39.1469,3.9147,0.1163,-0.4464
3.00,57.50,38.3304,3.8330,0.1495,-0.3930
3.00,60.00,37.6443,3.7644,0.1811,-0.3490
3.00,62.50,37.0875,3.7087,0.2111,-0.3144
3.00,65.00,36.6586,3.6659,0.2395,-0.2891
3.00,67.50,36.3566,3.6357,0.2664,-0.2730
3.00,70.00,36.1803,3.6180,0.2917,-0.2660
3.00,72.50,36.1286,3.6129,0.3155,-0.2681
3.00,75.00,36.2004,3.6200,0.3379,-0.2793
3.00,77.50,36.3946,3.6395,0.3588,-0.2993
3.00,80.00,36.7100,3.6710,0.3783,-0.3282
3.00,82.50,37.1457,3.7146,0.3964,-0.3660
3.00,85.00,37.7005,3.7701,0.4132,-0.4125
3.00,87.50,38.3735,3.8374,0.4287,-0.4677
3.00,90.00,39.1637,3.9164,0.4429,-0.5316
3.00,92.50,40.0701,4.0070,0.4558,-0.6041
3.00,95.00,41.0917,4.1092,0.4675,-0.6851
3.00,97.50,42.2276,4.2228,0.4780,-0.7746
3.00,100.00,43.4769,4.3477,0.4873,-0.8726
3.00,102.50,44.8389,4.4839,0.4954,-0.9791
3.00,105.00,46.3125,4.6313,0.5024,-1.0939
3.00,107.50,47.8971,4.7897,0.5083,-1.2170
3.00,110.00,49.5918,4.9592,0.5130,-1.3484
3.00,112.50,51.3960,5.1396,0.5167,-1.4881
3.00,115.00,53.3088,5.3309,0.5192,-1.6360
3.00,117.50,55.3296,5.5330,0.5207,-1.7921
3.00,120.00,57.4578,5.7458,0.5211,-1.9564
3.00,122.50,59.6927,5.9693,0.5204,-2.1287
3.00,125.00,62.0338,6.2034,0.5187,-2.3092
3.00,127.50,64.4804,6.4480,0.5158,-2.4978
3.00,130.00,67.0320,6.7032,0.5119,-2.6943
3.00,132.50,69.6881,6.9688,0.5068,-2.8989
3.00,135.00,72.4483,7.2448,0.5006,-3.1114
3.00,137.50,75.3119,7.5312,0.4933,-3.3319
3.00,140.00,78.2787,7.8279,0.4849,-3.5603
3.00,142.50,81.3482,8.1348,0.4752,-3.7967
3.00,145.00,84.5200,8.4520,0.4644,-4.0408
3.00,147.50,87.7936,8.7794,0.4524,-4.2929
3.00,150.00,91.1688,9.1169,0.4391,-4.5527
3.50,30.00,52.1803,5.2180,-0.0559,-1.4689
3.50,32.50,49.9491,4.9949,-0.0077,-1.3128
3.50,35.00,47.8637,4.7864,0.0386,-1.1671
3.50,37.50,45.9233,4.5923,0.0830,-1.0318
3.50,40.00,44.1269,4.4127,0.1255,-0.9068
3.50,42.50,42.4736,4.2474,0.1660,-0.7920
3.50,45.00,40.9624,4.0962,0.2046,-0.6873
3.50,47.50,39.5922,3.9592,0.2414,-0.5927
3.50,50.00,38.3621,3.8362,0.2763,-0.5081
3.50,52.50,37.2709,3.7271,0.3094,-0.4334
3.50,55.00,36.3175,3.6318,0.3407,-0.3686
3.50,57.50,35.5010,3.5501,0.3703,-0.3135
3.50,60.00,34.8200,3.4820,0.3982,-0.2682
3.50,62.50,34.2736,3.4274,0.4244,-0.2325
3.50,65.00,33.8606,3.3861,0.4490,-0.2064
3.50,67.50,33.5797,3.3580,0.4720,-0.1899
3.50,70.00,33.4300,3.3430,0.4935,-0.1828
3.50,72.50,33.4102,3.3410,0.5136,-0.1852
3.50,75.00,33.5192,3.3519,0.5322,-0.1969
3.50,77.50,33.7560,3.3756,0.5495,-0.2180
3.50,80.00,34.1192,3.4119,0.5655,-0.2483
3.50,82.50,34.6080,3.4608,0.5802,-0.2878
3.50,85.00,35.2211,3.5221,0.5938,-0.3365
3.50,87.50,35.9576,3.5958,0.6061,-0.3944
3.50,90.00,36.8163,3.6816,0.6174,-0.4613
3.50,92.50,37.7963,3.7796,0.6276,-0.5372
3.50,95.00,38.8965,3.8897,0.6367,-0.6221
3.50,97.50,40.1160,4.0116,0.6449,-0.7160
3.50,100.00,41.4538,4.1454,0.6521,-0.8188
3.50,102.50,42.9090,4.2909,0.6584,-0.9304
3.50,105.00,44.4807,4.4481,0.6637,-1.0509
3.50,107.50,46.1681,4.6168,0.6682,-1.1801
3.50,110.00,47.9703,4.7970,0.6719,-1.3181
3.50,112.50,49.8864,4.9886,0.6747,-1.4648
3.50,115.00,51.9159,5.1916,0.6767,-1.6202
3.50,117.50,54.0578,5.4058,0.6778,-1.7842
3.50,120.00,56.3115,5.6312,0.6782,-1.9568
3.50,122.50,58.6764,5.8676,0.6778,-2.1380
3.50,125.00,61.1517,6.1152,0.6765,-2.3277
3.50,127.50,63.7369,6.3737,0.6744,-2.5259
3.50,130.00,66.4314,6.6431,0.6715,-2.7326
3.50,132.50,69.2345,6.9235,0.6678,-2.9478
3.50,135.00,72.1459,7.2146,0.6632,-3.1713
3.50,137.50,75.1649,7.5165,0.6577,-3.4032
3.50,140.00,78.2911,7.8291,0.6513,-3.6435
3.50,142.50,81.5240,8.1524,0.6440,-3.8920
3.50,145.00,84.8632,8.4863,0.6357,-4.1489
3.50,147.50,88.3082,8.8308,0.6263,-4.4139
3.50,150.00,91.8585,9.1859,0.6160,-4.6872
4.00,30.00,50.8527,5.0853,-0.0310,-1.4245
4.00,32.50,48.5813,4.8581,0.0149,-1.2654
4.00,35.00,46.4598,4.6460,0.0586,-1.1168
4.00,37.50,44.4874,4.4487,0.1001,-0.9787
4.00,40.00,42.6635,4.2663,0.1393,-0.8509
4.00,42.50,40.9871,4.0987,0.1763,-0.7334
4.00,45.00,39.4575,3.9458,0.2112,-0.6262
4.00,47.50,38.0737,3.8074,0.2441,-0.5292
4.00,50.00,36.8348,3.6835,0.2749,-0.4423
4.00,52.50,35.7396,3.5740,0.3037,-0.3656
4.00,55.00,34.7873,3.4787,0.3306,-0.2990
4.00,57.50,33.9766,3.3977,0.3557,-0.2423
4.00,60.00,33.3065,3.3307,0.3790,-0.1957
4.00,62.50,32.7759,3.2776,0.4007,-0.1590
4.00,65.00,32.3836,3.2384,0.4207,-0.1321
4.00,67.50,32.1284,3.2128,0.4392,-0.1151
4.00,70.00,32.0092,3.2009,0.4562,-0.1079
4.00,72.50,32.0247,3.2025,0.4718,-0.1104
4.00,75.00,32.1738,3.2174,0.4861,-0.1227
4.00,77.50,32.4553,3.2455,0.4991,-0.1446
4.00,80.00,32.8681,3.2868,0.5110,-0.1761
4.00,82.50,33.4109,3.3411,0.5217,-0.2173
4.00,85.00,34.0826,3.4083,0.5315,-0.2679
4.00,87.50,34.8821,3.4882,0.5402,-0.3281
4.00,90.00,35.8083,3.5808,0.5481,-0.3977
4.00,92.50,36.8600,3.6860,0.5551,-0.4767
4.00,95.00,38.0363,3.8036,0.5613,-0.5651
4.00,97.50,39.3360,3.9336,0.5667,-0.6629
4.00,100.00,40.7582,4.0758,0.5715,-0.7699
4.00,102.50,42.3018,4.2302,0.5756,-0.8863
4.00,105.00,43.9660,4.3966,0.5791,-1.0118
4.00,107.50,45.7498,4.5750,0.5820,-1.1466
4.00,110.00,47.6522,4.7652,0.5844,-1.2905
4.00,112.50,49.6726,4.9673,0.5862,-1.4436
4.00,115.00,51.8099,5.1810,0.5875,-1.6057
4.00,117.50,54.0636,5.4064,0.5884,-1.7769
4.00,120.00,56.4327,5.6433,0.5887,-1.9571
4.00,122.50,58.9167,5.8917,0.5885,-2.1462
4.00,125.00,61.5147,6.1515,0.5878,-2.3444
4.00,127.50,64.2263,6.4226,0.5866,-2.5514
4.00,130.00,67.0507,6.7051,0.5849,-2.7673
4.00,132.50,69.9874,6.9987,0.5827,-2.9921
4.00,135.00,73.0358,7.3036,0.5799,-3.2256
4.00,137.50,76.1954,7.6195,0.5765,-3.4680
4.00,140.00,79.4656,7.9466,0.5725,-3.7190
4.00,142.50,82.8461,8.2846,0.5677,-3.9788
4.00,145.00,86.3363,8.6336,0.5623,-4.2472
4.00,147.50,89.9358,8.9936,0.5561,-4.5242
4.00,150.00,93.6441,9.3644,0.5491,-4.8098
4.50,30.00,50.7931,5.0793,-0.2338,-1.3895
4.50,32.50,48.4838,4.8484,-0.1910,-1.2274
4.50,35.00,46.3288,4.6329,-0.1507,-1.0757
4.50,37.50,44.3275,4.4328,-0.1130,-0.9345
4.50,40.00,42.4794,4.2479,-0.0779,-0.8038
4.50,42.50,40.7837,4.0784,-0.0452,-0.6835
4.50,45.00,39.2395,3.9239,-0.0148,-0.5736
4.50,47.50,37.8460,3.7846,0.0133,-0.4741
4.50,50.00,36.6022,3.6602,0.0392,-0.3849
4.50,52.50,35.5071,3.5507,0.0630,-0.3061
4.50,55.00,34.5596,3.4560,0.0847,-0.2375
4.50,57.50,33.7587,3.3759,0.1046,-0.1792
4.50,60.00,33.1031,3.3103,0.1227,-0.1311
4.50,62.50,32.5917,3.2592,0.1390,-0.0933
4.50,65.00,32.2233,3.2223,0.1538,-0.0656
4.50,67.50,31.9966,3.1997,0.1670,-0.0480
4.50,70.00,31.9104,3.1910,0.1789,-0.0405
4.50,72.50,31.9634,3.1963,0.1894,-0.0430
4.50,75.00,32.1544,3.2154,0.1987,-0.0556
4.50,77.50,32.4821,3.2482,0.2070,-0.0782
4.50,80.00,32.9451,3.2945,0.2142,-0.1108
4.50,82.50,33.5424,3.3542,0.2205,-0.1532
4.50,85.00,34.2726,3.4273,0.2259,-0.2056
4.50,87.50,35.1345,3.5135,0.2306,-0.2677
4.50,90.00,36.1270,3.6127,0.2347,-0.3398
4.50,92.50,37.2488,3.7249,0.2381,-0.4216
4.50,95.00,38.4988,3.8499,0.2410,-0.5131
4.50,97.50,39.8759,3.9876,0.2434,-0.6144
4.50,100.00,41.3789,4.1379,0.2455,-0.7253
4.50,102.50,43.0070,4.3007,0.2472,-0.8459
4.50,105.00,44.7589,4.4759,0.2486,-0.9761
4.50,107.50,46.6339,4.6634,0.2497,-1.1159
4.50,110.00,48.6308,4.8631,0.2507,-1.2652
4.50,112.50,50.7488,5.0749,0.2514,-1.4240
4.50,115.00,52.9871,5.2987,0.2520,-1.5923
4.50,117.50,55.3448,5.5345,0.2524,-1.7700
4.50,120.00,57.8212,5.7821,0.2526,-1.9572
4.50,122.50,60.4155,6.0415,0.2527,-2.1537
4.50,125.00,63.1269,6.3127,0.2527,-2.3596
4.50,127.50,65.9550,6.5955,0.2525,-2.5747
4.50,130.00,68.8989,6.8899,0.2521,-2.7991
4.50,132.50,71.9582,7.1958,0.2515,-3.0327
4.50,135.00,75.1322,7.5132,0.2507,-3.2756
4.50,137.50,78.4205,7.8420,0.2496,-3.5275
4.50,140.00,81.8225,8.1823,0.2482,-3.7886
4.50,142.50,85.3378,8.5338,0.2465,-4.0587
4.50,145.00,88.9659,8.8966,0.2443,-4.3379
4.50,147.50,92.7064,9.2706,0.2416,-4.6260
4.50,150.00,96.5589,9.6559,0.2383,-4.9231
5.00,30.00,52.0156,5.2016,-0.6656,-1.3650
5.00,32.50,49.6685,4.9669,-0.6266,-1.1993
5.00,35.00,47.4808,4.7481,-0.5906,-1.0441
5.00,37.50,45.4519,4.5452,-0.5575,-0.8996
5.00,40.00,43.5813,4.3581,-0.5272,-0.7656
5.00,42.50,41.8682,4.1868,-0.4996,-0.6423
5.00,45.00,40.3117,4.0312,-0.4746,-0.5295
5.00,47.50,38.9109,3.8911,-0.4520,-0.4272
5.00,50.00,37.6649,3.7665,-0.4318,-0.3355
5.00,52.50,36.5726,3.6573,-0.4137,-0.2544
5.00,55.00,35.6327,3.5633,-0.3978,-0.1838
5.00,57.50,34.8442,3.4844,-0.3839,-0.1236
5.00,60.00,34.2057,3.4206,-0.3717,-0.0740
5.00,62.50,33.7160,3.3716,-0.3613,-0.0348
5.00,65.00,33.3738,3.3374,-0.3524,-0.0060
5.00,67.50,33.1777,3.3178,-0.3450,0.0123
5.00,70.00,33.1263,3.3126,-0.3389,0.0203
5.00,72.50,33.2183,3.3218,-0.3340,0.0179
5.00,75.00,33.4524,3.3452,-0.3302,0.0051
5.00,77.50,33.8271,3.3827,-0.3273,-0.0179
5.00,80.00,34.3410,3.4341,-0.3252,-0.0512
5.00,82.50,34.9929,3.4993,-0.3238,-0.0948
5.00,85.00,35.7813,3.5781,-0.3231,-0.1486
5.00,87.50,36.7050,3.6705,-0.3229,-0.2126
5.00,90.00,37.7626,3.7763,-0.3230,-0.2867
5.00,92.50,38.9529,3.8953,-0.3235,-0.3709
5.00,95.00,40.2746,4.0275,-0.3242,-0.4653
5.00,97.50,41.7266,4.1727,-0.3250,-0.5697
5.00,100.00,43.3076,4.3308,-0.3260,-0.6842
5.00,102.50,45.0166,4.5017,-0.3269,-0.8086
5.00,105.00,46.8525,4.6852,-0.3278,-0.9431
5.00,107.50,48.8141,4.8814,-0.3286,-1.0874
5.00,110.00,50.9006,5.0901,-0.3292,-1.2417
5.00,112.50,53.1110,5.3111,-0.3297,-1.4059
5.00,115.00,55.4443,5.5444,-0.3300,-1.5799
5.00,117.50,57.8997,5.7900,-0.3300,-1.7637
5.00,120.00,60.4764,6.0476,-0.3298,-1.9572
5.00,122.50,63.1737,6.3174,-0.3294,-2.1605
5.00,125.00,65.9908,6.5991,-0.3287,-2.3735
5.00,127.50,68.9271,6.8927,-0.3279,-2.5962
5.00,130.00,71.9818,7.1982,-0.3268,-2.8285
5.00,132.50,75.1546,7.5155,-0.3256,-3.0704
5.00,135.00,78.4447,7.8445,-0.3242,-3.3219
5.00,137.50,81.8517,8.1852,-0.3228,-3.5828
5.00,140.00,85.3752,8.5375,-0.3213,-3.8533
5.00,142.50,89.0146,8.9015,-0.3199,-4.1331
5.00,145.00,92.7696,9.2770,-0.3186,-4.4224
5.00,147.50,96.6399,9.6640,-0.3175,-4.7209
5.00,150.00,100.6249,10.0625,-0.3166,-5.0288
5.50,30.00,54.5227,5.4523,-1.3274,-1.3507
5.50,32.50,52.1373,5.2137,-1.2931,-1.1810
5.50,35.00,49.9168,4.9917,-1.2622,-1.0220
5.50,37.50,47.8608,4.7861,-1.2344,-0.8737
5.50,40.00,45.9686,4.5969,-1.2097,-0.7361
5.50,42.50,44.2394,4.4239,-1.1880,-0.6094
5.50,45.00,42.6722,4.2672,-1.1690,-0.4934
5.50,47.50,41.2660,4.1266,-1.1527,-0.3881
5.50,50.00,40.0198,4.0020,-1.1388,-0.2937
5.50,52.50,38.9322,3.8932,-1.1272,-0.2100
5.50,55.00,38.0021,3.8002,-1.1178,-0.1371
5.50,57.50,37.2280,3.7228,-1.1104,-0.0749
5.50,60.00,36.6087,3.6609,-1.1048,-0.0235
5.50,62.50,36.1427,3.6143,-1.1009,0.0172
5.50,65.00,35.8284,3.5828,-1.0985,0.0472
5.50,67.50,35.6645,3.5665,-1.0975,0.0665
5.50,70.00,35.6495,3.5650,-1.0977,0.0751
5.50,72.50,35.7818,3.5782,-1.0989,0.0730
5.50,75.00,36.0599,3.6060,-1.1010,0.0603
5.50,77.50,36.4823,3.6482,-1.1039,0.0370
5.50,80.00,37.0475,3.7048,-1.1074,0.0031
5.50,82.50,37.7541,3.7754,-1.1114,-0.0413
5.50,85.00,38.6005,3.8600,-1.1157,-0.0963
5.50,87.50,39.5853,3.9585,-1.1203,-0.1618
5.50,90.00,40.7071,4.0707,-1.1250,-0.2378
5.50,92.50,41.9646,4.1965,-1.1297,-0.3243
5.50,95.00,43.3563,4.3356,-1.1343,-0.4211
5.50,97.50,44.8811,4.4881,-1.1387,-0.5284
5.50,100.00,46.5375,4.6538,-1.1428,-0.6461
5.50,102.50,48.3245,4.8325,-1.1466,-0.7741
5.50,105.00,50.2409,5.0241,-1.1499,-0.9124
5.50,107.50,52.2855,5.2286,-1.1528,-1.0610
5.50,110.00,54.4574,5.4457,-1.1551,-1.2199
5.50,112.50,56.7554,5.6755,-1.1569,-1.3889
5.50,115.00,59.1787,5.9179,-1.1580,-1.5682
5.50,117.50,61.7264,6.1726,-1.1586,-1.7576
5.50,120.00,64.3977,6.4398,-1.1584,-1.9572
5.50,122.50,67.1917,6.7192,-1.1577,-2.1668
5.50,125.00,70.1077,7.0108,-1.1563,-2.3865
5.50,127.50,73.1451,7.3145,-1.1543,-2.6162
5.50,130.00,76.3033,7.6303,-1.1517,-2.8559
5.50,132.50,79.5817,7.9582,-1.1485,-3.1056
5.50,135.00,82.9797,8.2980,-1.1449,-3.3651
5.50,137.50,86.4969,8.6497,-1.1407,-3.6345
5.50,140.00,90.1330,9.0133,-1.1362,-3.9138
5.50,142.50,93.8874,9.3887,-1.1314,-4.2028
5.50,145.00,97.7598,9.7760,-1.1263,-4.5015
5.50,147.50,101.7500,10.1750,-1.1210,-4.8100
5.50,150.00,105.8576,10.5858,-1.1158,-5.1280
6.00,30.00,58.3110,5.8311,-2.2201,-1.3462
6.00,32.50,55.8863,5.5886,-2.1914,-1.1720
6.00,35.00,53.6329,5.3633,-2.1662,-1.0086
6.00,37.50,51.5501,5.1550,-2.1446,-0.8561
6.00,40.00,49.6371,4.9637,-2.1263,-0.7146
6.00,42.50,47.8929,4.7893,-2.1111,-0.5841
6.00,45.00,46.3164,4.6316,-2.0989,-0.4646
6.00,47.50,44.9064,4.4906,-2.0894,-0.3561
6.00,50.00,43.6616,4.3662,-2.0825,-0.2587
6.00,52.50,42.5807,4.2581,-2.0780,-0.1722
6.00,55.00,41.6621,4.1662,-2.0758,-0.0968
6.00,57.50,40.9045,4.0904,-2.0755,-0.0324
6.00,60.00,40.3061,4.0306,-2.0770,0.0210
6.00,62.50,39.8654,3.9865,-2.0802,0.0634
6.00,65.00,39.5808,3.9581,-2.0848,0.0948
6.00,67.50,39.4507,3.9451,-2.0907,0.1152
6.00,70.00,39.4733,3.9473,-2.0976,0.1246
6.00,72.50,39.6469,3.9647,-2.1054,0.1231
6.00,75.00,39.9700,3.9970,-2.1140,0.1106
6.00,77.50,40.4408,4.0441,-2.1231,0.0872
6.00,80.00,41.0577,4.1058,-2.1325,0.0530
6.00,82.50,41.8190,4.1819,-2.1422,0.0078
6.00,85.00,42.7232,4.2723,-2.1520,-0.0482
6.00,87.50,43.7687,4.3769,-2.1617,-0.1150
6.00,90.00,44.9539,4.4954,-2.1712,-0.1926
6.00,92.50,46.2774,4.6277,-2.1804,-0.2810
6.00,95.00,47.7376,4.7738,-2.1891,-0.3802
6.00,97.50,49.3333,4.9333,-2.1973,-0.4900
6.00,100.00,51.0630,5.1063,-2.2049,-0.6106
6.00,102.50,52.9255,5.2925,-2.2117,-0.7419
6.00,105.00,54.9195,5.4919,-2.2176,-0.8838
6.00,107.50,57.0438,5.7044,-2.2227,-1.0363
6.00,110.00,59.2974,5.9297,-2.2268,-1.1994
6.00,112.50,61.6791,6.1679,-2.2300,-1.3731
6.00,115.00,64.1881,6.4188,-2.2321,-1.5572
6.00,117.50,66.8233,6.6823,-2.2331,-1.7519
6.00,120.00,69.5840,6.9584,-2.2331,-1.9571
6.00,122.50,72.4692,7.2469,-2.2320,-2.1726
6.00,125.00,75.4784,7.5478,-2.2298,-2.3986
6.00,127.50,78.6108,7.8611,-2.2266,-2.6349
6.00,130.00,81.8659,8.1866,-2.2224,-2.8816
6.00,132.50,85.2430,8.5243,-2.2172,-3.1385
6.00,135.00,88.7418,8.8742,-2.2111,-3.4057
6.00,137.50,92.3618,9.2362,-2.2041,-3.6831
6.00,140.00,96.1026,9.6103,-2.1963,-3.9707
6.00,142.50,99.9639,9.9964,-2.1878,-4.2684
6.00,145.00,103.9454,10.3945,-2.1787,-4.5762
6.00,147.50,108.0469,10.8047,-2.1691,-4.8939
6.00,150.00,112.2682,11.2268,-2.1591,-5.2217
6.50,30.00,63.3734,6.3373,-3.3447,-1.3506
6.50,32.50,60.9090,6.0909,-3.3222,-1.1713
6.50,35.00,58.6228,5.8623,-3.3036,-1.0031
6.50,37.50,56.5137,5.6514,-3.2888,-0.8461
6.50,40.00,54.5808,5.4581,-3.2775,-0.7004
6.50,42.50,52.8228,5.2823,-3.2696,-0.5658
6.50,45.00,51.2385,5.1238,-3.2648,-0.4425
6.50,47.50,49.8263,4.9826,-3.2628,-0.3305
6.50,50.00,48.5847,4.8585,-3.2636,-0.2298
6.50,52.50,47.5122,4.7512,-3.2668,-0.1404
6.50,55.00,46.6070,4.6607,-3.2722,-0.0622
6.50,57.50,45.8675,4.5868,-3.2796,0.0046
6.50,60.00,45.2919,4.5292,-3.2888,0.0601
6.50,62.50,44.8783,4.4878,-3.2996,0.1044
6.50,65.00,44.6249,4.4625,-3.3117,0.1373
6.50,67.50,44.5298,4.4530,-3.3249,0.1590
6.50,70.00,44.5913,4.4591,-3.3390,0.1694
6.50,72.50,44.8074,4.4807,-3.3539,0.1686
6.50,75.00,45.1763,4.5176,-3.3692,0.1565
6.50,77.50,45.6962,4.5696,-3.3849,0.1333
6.50,80.00,46.3651,4.6365,-3.4007,0.0988
6.50,82.50,47.1814,4.7181,-3.4164,0.0531
6.50,85.00,48.1433,4.8143,-3.4320,-0.0037
6.50,87.50,49.2491,4.9249,-3.4471,-0.0716
6.50,90.00,50.4970,5.0497,-3.4617,-0.1507
6.50,92.50,51.8855,5.1886,-3.4756,-0.2408
6.50,95.00,53.4131,5.3413,-3.4888,-0.3420
6.50,97.50,55.0781,5.5078,-3.5009,-0.4542
6.50,100.00,56.8792,5.6879,-3.5121,-0.5775
6.50,102.50,58.8149,5.8815,-3.5220,-0.7118
6.50,105.00,60.8840,6.0884,-3.5308,-0.8570
6.50,107.50,63.0852,6.3085,-3.5382,-1.0131
6.50,110.00,65.4173,6.5417,-3.5442,-1.1802
6.50,112.50,67.8793,6.7879,-3.5488,-1.3581
6.50,115.00,70.4700,7.0470,-3.5519,-1.5469
6.50,117.50,73.1886,7.3189,-3.5535,-1.7465
6.50,120.00,76.0342,7.6034,-3.5536,-1.9569
6.50,122.50,79.0059,7.9006,-3.5521,-2.1781
6.50,125.00,82.1031,8.2103,-3.5491,-2.4099
6.50,127.50,85.3250,8.5325,-3.5447,-2.6525
6.50,130.00,88.6712,8.8671,-3.5387,-2.9057
6.50,132.50,92.1411,9.2141,-3.5314,-3.1696
6.50,135.00,95.7342,9.5734,-3.5226,-3.4440
6.50,137.50,99.4503,9.9450,-3.5126,-3.7290
6.50,140.00,103.2889,10.3289,-3.5014,-4.0245
6.50,142.50,107.2499,10.7250,-3.4891,-4.3304
6.50,145.00,111.3331,11.1333,-3.4758,-4.6467
6.50,147.50,115.5383,11.5538,-3.4616,-4.9735
6.50,150.00,119.8653,11.9865,-3.4466,-5.3105
7.00,30.00,69.7017,6.9702,-4.7018,-1.3629
7.00,32.50,67.1978,6.7198,-4.6863,-1.1782
7.00,35.00,64.8792,6.4879,-4.6750,-1.0048
7.00,37.50,62.7448,6.2745,-4.6677,-0.8429
7.00,40.00,60.7932,6.0793,-4.6641,-0.6925
7.00,42.50,59.0229,5.9023,-4.6641,-0.5537
7.00,45.00,57.4323,5.7432,-4.6673,-0.4263
7.00,47.50,56.0196,5.6020,-4.6735,-0.3106
7.00,50.00,54.7831,5.4783,-4.6824,-0.2064
7.00,52.50,53.7208,5.3721,-4.6938,-0.1138
7.00,55.00,52.8310,5.2831,-4.7075,-0.0328
7.00,57.50,52.1114,5.2111,-4.7231,0.0367
7.00,60.00,51.5603,5.1560,-4.7404,0.0945
7.00,62.50,51.1754,5.1175,-4.7592,0.1408
7.00,65.00,50.9548,5.0955,-4.7793,0.1754
7.00,67.50,50.8963,5.0896,-4.8003,0.1985
7.00,70.00,50.9979,5.0998,-4.8220,0.2101
7.00,72.50,51.2576,5.1258,-4.8443,0.2101
7.00,75.00,51.6732,5.1673,-4.8668,0.1986
7.00,77.50,52.2428,5.2243,-4.8894,0.1756
7.00,80.00,52.9643,5.2964,-4.9119,0.1410
7.00,82.50,53.8358,5.3836,-4.9340,0.0951
7.00,85.00,54.8554,5.4855,-4.9555,0.0376
7.00,87.50,56.0211,5.6021,-4.9764,-0.0313
7.00,90.00,57.3313,5.7331,-4.9964,-0.1116
7.00,92.50,58.7841,5.8784,-5.0153,-0.2033
7.00,95.00,60.3778,6.0378,-5.0329,-0.3063
7.00,97.50,62.1109,6.2111,-5.0493,-0.4207
7.00,100.00,63.9817,6.3982,-5.0642,-0.5465
7.00,102.50,65.9888,6.5989,-5.0775,-0.6835
7.00,105.00,68.1307,6.8131,-5.0891,-0.8318
7.00,107.50,70.4063,7.0406,-5.0990,-0.9913
7.00,110.00,72.8141,7.2814,-5.1070,-1.1621
7.00,112.50,75.3531,7.5353,-5.1131,-1.3440
7.00,115.00,78.0223,7.8022,-5.1172,-1.5371
7.00,117.50,80.8205,8.0821,-5.1194,-1.7414
7.00,120.00,83.7470,8.3747,-5.1196,-1.9567
7.00,122.50,86.8009,8.6801,-5.1178,-2.1831
7.00,125.00,89.9814,8.9981,-5.1139,-2.4206
7.00,127.50,93.2881,9.3288,-5.1081,-2.6691
7.00,130.00,96.7202,9.6720,-5.1004,-2.9285
7.00,132.50,100.2774,10.0277,-5.0908,-3.1989
7.00,135.00,103.9592,10.3959,-5.0794,-3.4802
7.00,137.50,107.7654,10.7765,-5.0662,-3.7724
7.00,140.00,111.6956,11.1696,-5.0514,-4.0754
7.00,142.50,115.7498,11.5750,-5.0351,-4.3892
7.00,145.00,119.9278,11.9928,-5.0174,-4.7138
7.00,147.50,124.2297,12.4230,-4.9984,-5.0490
7.00,150.00,128.6554,12.8655,-4.9782,-5.3949
7.50,30.00,77.2874,7.7287,-6.2922,-1.3823
7.50,32.50,74.7446,7.4745,-6.2843,-1.1916
7.50,35.00,72.3948,7.2395,-6.2809,-1.0128
7.50,37.50,70.2364,7.0236,-6.2818,-0.8457
7.50,40.00,68.2677,6.8268,-6.2865,-0.6904
7.50,42.50,66.4868,6.6487,-6.2950,-0.5469
7.50,45.00,64.8918,6.4892,-6.3067,-0.4153
7.50,47.50,63.4806,6.3481,-6.3216,-0.2956
7.50,50.00,62.2511,6.2251,-6.3393,-0.1878
7.50,52.50,61.2011,6.1201,-6.3594,-0.0918
7.50,55.00,60.3284,6.0328,-6.3818,-0.0078
7.50,57.50,59.6308,5.9631,-6.4061,0.0644
7.50,60.00,59.1059,5.9106,-6.4321,0.1247
7.50,62.50,58.7515,5.8752,-6.4594,0.1730
7.50,65.00,58.5652,5.8565,-6.4877,0.2096
7.50,67.50,58.5448,5.8545,-6.5169,0.2342
7.50,70.00,58.6878,5.8688,-6.5467,0.2471
7.50,72.50,58.9921,5.8992,-6.5767,0.2480
7.50,75.00,59.4554,5.9455,-6.6067,0.2372
7.50,77.50,60.0754,6.0075,-6.6366,0.2146
7.50,80.00,60.8500,6.0850,-6.6660,0.1801
7.50,82.50,61.7770,6.1777,-6.6948,0.1339
7.50,85.00,62.8544,6.2854,-6.7226,0.0760
7.50,87.50,64.0800,6.4080,-6.7494,0.0063
7.50,90.00,65.4520,6.5452,-6.7750,-0.0751
7.50,92.50,66.9684,6.6968,-6.7991,-0.1682
7.50,95.00,68.6274,6.8627,-6.8215,-0.2729
7.50,97.50,70.4273,7.0427,-6.8422,-0.3893
7.50,100.00,72.3664,7.2366,-6.8610,-0.5173
7.50,102.50,74.4432,7.4443,-6.8778,-0.6568
7.50,105.00,76.6561,7.6656,-6.8924,-0.8080
7.50,107.50,79.0037,7.9004,-6.9048,-0.9707
7.50,110.00,81.4848,8.1485,-6.9149,-1.1449
7.50,112.50,84.0981,8.4098,-6.9226,-1.3306
7.50,115.00,86.8426,8.6843,-6.9278,-1.5278
7.50,117.50,89.7172,8.9717,-6.9306,-1.7364
7.50,120.00,92.7210,9.2721,-6.9309,-1.9565
7.50,122.50,95.8532,9.5853,-6.9287,-2.1879
7.50,125.00,99.1130,9.9113,-6.9240,-2.4306
7.50,127.50,102.4999,10.2500,-6.9168,-2.6847
7.50,130.00,106.0133,10.6013,-6.9072,-2.9501
7.50,132.50,109.6529,10.9653,-6.8953,-3.2267
7.50,135.00,113.4182,11.3418,-6.8811,-3.5146
7.50,137.50,117.3090,11.7309,-6.8647,-3.8137
7.50,140.00,121.3252,12.1325,-6.8462,-4.1239
7.50,142.50,125.4667,12.5467,-6.8257,-4.4452
7.50,145.00,129.7334,12.9733,-6.8033,-4.7776
7.50,147.50,134.1256,13.4126,-6.7793,-5.1210
7.50,150.00,138.6432,13.8643,-6.7537,-5.4754
8.00,30.00,86.1221,8.6122,-8.1163,-1.4076
8.00,32.50,83.5418,8.3542,-8.1168,-1.2108
8.00,35.00,81.1624,8.1162,-8.1219,-1.0261
8.00,37.50,78.9818,7.8982,-8.1315,-0.8536
8.00,40.00,76.9980,7.6998,-8.1452,-0.6932
8.00,42.50,75.2086,7.5209,-8.1627,-0.5449
8.00,45.00,73.6113,7.3611,-8.1836,-0.4089
8.00,47.50,72.2037,7.2204,-8.2076,-0.2851
8.00,50.00,70.9833,7.0983,-8.2345,-0.1734
8.00,52.50,69.9477,6.9948,-8.2639,-0.0740
8.00,55.00,69.0943,6.9094,-8.2955,0.0132
8.00,57.50,68.4205,6.8421,-8.3289,0.0882
8.00,60.00,67.9238,6.7924,-8.3638,0.1511
8.00,62.50,67.6016,6.7602,-8.4000,0.2017
8.00,65.00,67.4513,6.7451,-8.4371,0.2402
8.00,67.50,67.4703,6.7470,-8.4749,0.2665
8.00,70.00,67.6562,6.7656,-8.5129,0.2807
8.00,72.50,68.0063,6.8006,-8.5511,0.2828
8.00,75.00,68.5182,6.8518,-8.5890,0.2727
8.00,77.50,69.1894,6.9189,-8.6264,0.2506
8.00,80.00,70.0177,7.0018,-8.6630,0.2164
8.00,82.50,71.0006,7.1001,-8.6987,0.1701
8.00,85.00,72.1358,7.2136,-8.7331,0.1118
8.00,87.50,73.4212,7.3421,-8.7661,0.0414
8.00,90.00,74.8547,7.4855,-8.7974,-0.0409
8.00,92.50,76.4342,7.6434,-8.8269,-0.1352
8.00,95.00,78.1578,7.8158,-8.8543,-0.2414
8.00,97.50,80.0236,8.0024,-8.8795,-0.3596
8.00,100.00,82.0297,8.2030,-8.9024,-0.4897
8.00,102.50,84.1747,8.4175,-8.9227,-0.6317
8.00,105.00,86.4567,8.6457,-8.9405,-0.7855
8.00,107.50,88.8745,8.8875,-8.9555,-0.9512
8.00,110.00,91.4266,9.1427,-8.9677,-1.1287
8.00,112.50,94.1117,9.4112,-8.9770,-1.3179
8.00,115.00,96.9288,9.6929,-8.9834,-1.5190
8.00,117.50,99.8767,9.9877,-8.9868,-1.7317
8.00,120.00,102.9546,10.2955,-8.9872,-1.9562
8.00,122.50,106.1615,10.6162,-8.9846,-2.1923
8.00,125.00,109.4969,10.9497,-8.9790,-2.4401
8.00,127.50,112.9601,11.2960,-8.9704,-2.6996
8.00,130.00,116.5505,11.6551,-8.9589,-2.9706
8.00,132.50,120.2680,12.0268,-8.9446,-3.2532
8.00,135.00,124.1120,12.4112,-8.9275,-3.5473
8.00,137.50,128.0825,12.8083,-8.9077,-3.8529
8.00,140.00,132.1795,13.2179,-8.8853,-4.1700
8.00,142.50,136.4028,13.6403,-8.8605,-4.4985
8.00,145.00,140.7526,14.0753,-8.8334,-4.8384
8.00,147.50,145.2292,14.5229,-8.8041,-5.1897
8.00,150.00,149.8328,14.9833,-8.7729,-5.5522
8.50,30.00,96.1981,9.6198,-10.1747,-1.4382
8.50,32.50,93.5822,9.3582,-10.1841,-1.2349
8.50,35.00,91.1753,9.1175,-10.1984,-1.0441
8.50,37.50,88.9748,8.8975,-10.2173,-0.8659
8.50,40.00,86.9781,8.6978,-10.2404,-0.7002
8.50,42.50,85.1826,8.5183,-10.2674,-0.5471
8.50,45.00,83.5853,8.3585,-10.2980,-0.4064
8.50,47.50,82.1837,8.2184,-10.3317,-0.2784
8.50,50.00,80.9747,8.0975,-10.3683,-0.1628
8.50,52.50,79.9557,7.9956,-10.4074,-0.0598
8.50,55.00,79.1237,7.9124,-10.4485,0.0307
8.50,57.50,78.4758,7.8476,-10.4914,0.1087
8.50,60.00,78.0093,7.8009,-10.5358,0.1741
8.50,62.50,77.7210,7.7721,-10.5813,0.2272
8.50,65.00,77.6084,7.7608,-10.6275,0.2677
8.50,67.50,77.6684,7.7668,-10.6741,0.2958
8.50,70.00,77.8984,7.7898,-10.7208,0.3114
8.50,72.50,78.2954,7.8295,-10.7673,0.3146
8.50,75.00,78.8570,7.8857,-10.8134,0.3055
8.50,77.50,79.5803,7.9580,-10.8586,0.2839
8.50,80.00,80.4628,8.0463,-10.9027,0.2500
8.50,82.50,81.5020,8.1502,-10.9455,0.2038
8.50,85.00,82.6954,8.2695,-10.9867,0.1452
8.50,87.50,84.0406,8.4041,-11.0261,0.0744
8.50,90.00,85.5355,8.5535,-11.0634,-0.0088
8.50,92.50,87.1776,8.7178,-11.0984,-0.1042
8.50,95.00,88.9651,8.8965,-11.1310,-0.2118
8.50,97.50,90.8959,9.0896,-11.1608,-0.3316
8.50,100.00,92.9680,9.2968,-11.1879,-0.4637
8.50,102.50,95.1798,9.5180,-11.2120,-0.6079
8.50,105.00,97.5295,9.7529,-11.2329,-0.7642
8.50,107.50,100.0156,10.0016,-11.2507,-0.9327
8.50,110.00,102.6366,10.2637,-11.2651,-1.1132
8.50,112.50,105.3914,10.5391,-11.2761,-1.3058
8.50,115.00,108.2785,10.8279,-11.2836,-1.5105
8.50,117.50,111.2970,11.1297,-11.2877,-1.7272
8.50,120.00,114.4460,11.4446,-11.2882,-1.9559
8.50,122.50,117.7245,11.7725,-11.2852,-2.1965
8.50,125.00,121.1320,12.1132,-11.2786,-2.4491
8.50,127.50,124.6678,12.4668,-11.2686,-2.7137
8.50,130.00,128.3314,12.8331,-11.2552,-2.9901
8.50,132.50,132.1226,13.2123,-11.2383,-3.2783
8.50,135.00,136.0410,13.6041,-11.2182,-3.5785
8.50,137.50,140.0867,14.0087,-11.1949,-3.8904
8.50,140.00,144.2596,14.4260,-11.1686,-4.2140
8.50,142.50,148.5598,14.8560,-11.1393,-4.5494
8.50,145.00,152.9875,15.2987,-11.1073,-4.8966
8.50,147.50,157.5431,15.7543,-11.0727,-5.2553
8.50,150.00,162.2270,16.2227,-11.0357,-5.6258
9.00,30.00,107.5083,10.7508,-12.4677,-1.4730
9.00,32.50,104.8594,10.4859,-12.4866,-1.2631
9.00,35.00,102.4276,10.2428,-12.5106,-1.0661
9.00,37.50,100.2097,10.0210,-12.5393,-0.8821
9.00,40.00,98.2028,9.8203,-12.5724,-0.7109
9.00,42.50,96.4036,9.6404,-12.6095,-0.5527
9.00,45.00,94.8090,9.4809,-12.6502,-0.4074
9.00,47.50,93.4158,9.3416,-12.6940,-0.2750
9.00,50.00,92.2207,9.2221,-12.7407,-0.1555
9.00,52.50,91.2206,9.1221,-12.7898,-0.0488
9.00,55.00,90.4122,9.0412,-12.8410,0.0451
9.00,57.50,89.7923,8.9792,-12.8938,0.1261
9.00,60.00,89.3578,8.9358,-12.9480,0.1943
9.00,62.50,89.1055,8.9105,-13.0030,0.2497
9.00,65.00,89.0321,8.9032,-13.0586,0.2924
9.00,67.50,89.1347,8.9135,-13.1145,0.3223
9.00,70.00,89.4101,8.9410,-13.1701,0.3395
9.00,72.50,89.8554,8.9855,-13.2254,0.3440
9.00,75.00,90.4676,9.0468,-13.2798,0.3358
9.00,77.50,91.2438,9.1244,-13.3331,0.3149
9.00,80.00,92.1813,9.2181,-13.3850,0.2814
9.00,82.50,93.2773,9.3277,-13.4351,0.2353
9.00,85.00,94.5291,9.4529,-13.4833,0.1766
9.00,87.50,95.9342,9.5934,-13.5293,0.1053
9.00,90.00,97.4902,9.7490,-13.5727,0.0214
9.00,92.50,99.1948,9.9195,-13.6135,-0.0749
9.00,95.00,101.0456,10.1046,-13.6513,-0.1838
9.00,97.50,103.0406,10.3041,-13.6859,-0.3052
9.00,100.00,105.1778,10.5178,-13.7173,-0.4390
9.00,102.50,107.4552,10.7455,-13.7452,-0.5853
9.00,105.00,109.8711,10.9871,-13.7694,-0.7440
9.00,107.50,112.4240,11.2424,-13.7900,-0.9150
9.00,110.00,115.1122,11.5112,-13.8067,-1.0985
9.00,112.50,117.9344,11.7934,-13.8194,-1.2943
9.00,115.00,120.8894,12.0889,-13.8282,-1.5024
9.00,117.50,123.9760,12.3976,-13.8329,-1.7228
9.00,120.00,127.1934,12.7193,-13.8335,-1.9555
9.00,122.50,130.5406,13.0541,-13.8301,-2.2005
9.00,125.00,134.0170,13.4017,-13.8226,-2.4577
9.00,127.50,137.6220,13.7622,-13.8111,-2.7271
9.00,130.00,141.3552,14.1355,-13.7956,-3.0086
9.00,132.50,145.2163,14.5216,-13.7762,-3.3024
9.00,135.00,149.2052,14.9205,-13.7530,-3.6082
9.00,137.50,153.3218,15.3322,-13.7262,-3.9261
9.00,140.00,157.5662,15.7566,-13.6957,-4.2562
9.00,142.50,161.9386,16.1939,-13.6619,-4.5982
9.00,145.00,166.4394,16.6439,-13.6248,-4.9523
9.00,147.50,171.0689,17.1069,-13.5847,-5.3183
9.00,150.00,175.8279,17.5828,-13.5417,-5.6963
9.50,30.00,120.0464,12.0046,-14.9958,-1.5115
9.50,32.50,117.3674,11.7367,-15.0247,-1.2948
9.50,35.00,114.9136,11.4914,-15.0589,-1.0915
9.50,37.50,112.6813,11.2681,-15.0979,-0.9015
9.50,40.00,110.6670,11.0667,-15.1415,-0.7248
9.50,42.50,108.8670,10.8867,-15.1890,-0.5615
9.50,45.00,107.2777,10.7278,-15.2402,-0.4114
9.50,47.50,105.8955,10.5896,-15.2946,-0.2745
9.50,50.00,104.7168,10.4717,-15.3518,-0.1509
9.50,52.50,103.7380,10.3738,-15.4114,-0.0405
9.50,55.00,102.9555,10.2956,-15.4729,0.0568
9.50,57.50,102.3658,10.2366,-15.5360,0.1409
9.50,60.00,101.9654,10.1965,-15.6002,0.2119
9.50,62.50,101.7507,10.1751,-15.6652,0.2698
9.50,65.00,101.7184,10.1718,-15.7306,0.3146
9.50,67.50,101.8651,10.1865,-15.7959,0.3464
9.50,70.00,102.1874,10.2187,-15.8608,0.3652
9.50,72.50,102.6821,10.2682,-15.9250,0.3710
9.50,75.00,103.3460,10.3346,-15.9880,0.3638
9.50,77.50,104.1760,10.4176,-16.0496,0.3437
9.50,80.00,105.1691,10.5169,-16.1095,0.3107
9.50,82.50,106.3224,10.6322,-16.1672,0.2648
9.50,85.00,107.6330,10.7633,-16.2226,0.2060
9.50,87.50,109.0981,10.9098,-16.2753,0.1344
9.50,90.00,110.7153,11.0715,-16.3251,0.0499
9.50,92.50,112.4819,11.2482,-16.3717,-0.0473
9.50,95.00,114.3957,11.4396,-16.4149,-0.1573
9.50,97.50,116.4543,11.6454,-16.4545,-0.2801
9.50,100.00,118.6556,11.8656,-16.4902,-0.4156
9.50,102.50,120.9977,12.0998,-16.5220,-0.5638
9.50,105.00,123.4786,12.3479,-16.5497,-0.7247
9.50,107.50,126.0967,12.6097,-16.5731,-0.8983
9.50,110.00,128.8504,12.8850,-16.5921,-1.0844
9.50,112.50,131.7382,13.1738,-16.6066,-1.2833
9.50,115.00,134.7589,13.4759,-16.6166,-1.4947
9.50,117.50,137.9114,13.7911,-16.6220,-1.7187
9.50,120.00,141.1947,14.1195,-16.6228,-1.9552
9.50,122.50,144.6079,14.4608,-16.6190,-2.2043
9.50,125.00,148.1503,14.8150,-16.6105,-2.4658
9.50,127.50,151.8215,15.1821,-16.5974,-2.7399
9.50,130.00,155.6209,15.5621,-16.5799,-3.0264
9.50,132.50,159.5485,15.9549,-16.5579,-3.3253
9.50,135.00,163.6041,16.3604,-16.5316,-3.6367
9.50,137.50,167.7876,16.7788,-16.5010,-3.9604
9.50,140.00,172.0994,17.2099,-16.4664,-4.2965
9.50,142.50,176.5398,17.6540,-16.4279,-4.6449
9.50,145.00,181.1091,18.1109,-16.3856,-5.0057
9.50,147.50,185.8079,18.5808,-16.3398,-5.3787
9.50,150.00,190.6370,19.0637,-16.2907,-5.7639
10.00,30.00,133.8068,13.3807,-17.7590,-1.5530
10.00,32.50,131.1011,13.1101,-17.7984,-1.3294
10.00,35.00,128.6285,12.8629,-17.8433,-1.1196
10.00,37.50,126.3850,12.6385,-17.8931,-0.9236
10.00,40.00,124.3663,12.4366,-17.9475,-0.7413
10.00,42.50,122.5684,12.2568,-18.0060,-0.5728
10.00,45.00,120.9873,12.0987,-18.0682,-0.4179
10.00,47.50,119.6189,11.9619,-18.1335,-0.2766
10.00,50.00,118.4591,11.8459,-18.2016,-0.1488
10.00,52.50,117.5040,11.7504,-18.2719,-0.0346
10.00,55.00,116.7497,11.6750,-18.3442,0.0661
10.00,57.50,116.1924,11.6192,-18.4178,0.1533
10.00,60.00,115.8280,11.5828,-18.4925,0.2271
10.00,62.50,115.6529,11.5653,-18.5677,0.2876
10.00,65.00,115.6634,11.5663,-18.6430,0.3346
10.00,67.50,115.8557,11.5856,-18.7181,0.3684
10.00,70.00,116.2263,11.6226,-18.7925,0.3888
10.00,72.50,116.7716,11.6772,-18.8659,0.3960
10.00,75.00,117.4883,11.7488,-18.9378,0.3899
10.00,77.50,118.3730,11.8373,-19.0080,0.3706
10.00,80.00,119.4225,11.9422,-19.0760,0.3381
10.00,82.50,120.6336,12.0634,-19.1415,0.2925
10.00,85.00,122.0032,12.2003,-19.2042,0.2337
10.00,87.50,123.5286,12.3529,-19.2638,0.1619
10.00,90.00,125.2069,12.5207,-19.3201,0.0769
10.00,92.50,127.0355,12.7035,-19.3727,-0.0211
10.00,95.00,129.0118,12.9012,-19.4215,-0.1322
10.00,97.50,131.1334,13.1133,-19.4661,-0.2563
10.00,100.00,133.3982,13.3398,-19.5064,-0.3933
10.00,102.50,135.8039,13.5804,-19.5422,-0.5433
10.00,105.00,138.3487,13.8349,-19.5733,-0.7063
10.00,107.50,141.0307,14.1031,-19.5996,-0.8822
10.00,110.00,143.8483,14.3848,-19.6210,-1.0710
10.00,112.50,146.8001,14.6800,-19.6374,-1.2727
10.00,115.00,149.8847,14.9885,-19.6486,-1.4872
10.00,117.50,153.1009,15.3101,-19.6547,-1.7146
10.00,120.00,156.4478,15.6448,-19.6556,-1.9548
10.00,122.50,159.9244,15.9924,-19.6514,-2.2078
10.00,125.00,163.5302,16.3530,-19.6419,-2.4736
10.00,127.50,167.2646,16.7265,-19.6273,-2.7521
10.00,130.00,171.1273,17.1127,-19.6076,-3.0433
10.00,132.50,175.1180,17.5118,-19.5830,-3.3473
10.00,135.00,179.2368,17.9237,-19.5534,-3.6639
10.00,137.50,183.4837,18.3484,-19.5191,-3.9933
10.00,140.00,187.8591,18.7859,-19.4802,-4.3352
10.00,142.50,192.3633,19.2363,-19.4369,-4.6898
10.00,145.00,196.9969,19.6997,-19.3893,-5.0570
10.00,147.50,201.7607,20.1761,-19.3377,-5.4367
10.00,150.00,206.6554,20.6655,-19.2824,-5.8290
10.50,30.00,148.7846,14.8785,-20.7575,-1.5968
10.50,32.50,146.0557,14.6056,-20.8080,-1.3663
10.50,35.00,143.5678,14.3568,-20.8640,-1.1500
10.50,37.50,141.3163,14.1316,-20.9250,-0.9480
10.50,40.00,139.2965,13.9296,-20.9907,-0.7601
10.50,42.50,137.5038,13.7504,-21.0605,-0.5863
10.50,45.00,135.9337,13.5934,-21.1340,-0.4265
10.50,47.50,134.5818,13.4582,-21.2106,-0.2808
10.50,50.00,133.4436,13.3444,-21.2899,-0.1489
10.50,52.50,132.5148,13.2515,-21.3714,-0.0309
10.50,55.00,131.7910,13.1791,-21.4547,0.0733
10.50,57.50,131.2681,13.1268,-21.5392,0.1637
10.50,60.00,130.9419,13.0942,-21.6246,0.2403
10.50,62.50,130.8083,13.0808,-21.7103,0.3033
10.50,65.00,130.8632,13.0863,-21.7959,0.3526
10.50,67.50,131.1027,13.1103,-21.8810,0.3883
10.50,70.00,131.5230,13.1523,-21.9651,0.4105
10.50,72.50,132.1202,13.2120,-22.0479,0.4191
10.50,75.00,132.8907,13.2891,-22.1289,0.4141
10.50,77.50,133.8310,13.3831,-22.2078,0.3957
10.50,80.00,134.9375,13.4938,-22.2841,0.3638
10.50,82.50,136.2070,13.6207,-22.3576,0.3186
10.50,85.00,137.6362,13.7636,-22.4278,0.2599
10.50,87.50,139.2220,13.9222,-22.4946,0.1878
10.50,90.00,140.9615,14.0962,-22.5574,0.1024
10.50,92.50,142.8519,14.2852,-22.6162,0.0037
10.50,95.00,144.8904,14.4890,-22.6706,-0.1083
10.50,97.50,147.0746,14.7075,-22.7204,-0.2336
10.50,100.00,149.4021,14.9402,-22.7653,-0.3721
10.50,102.50,151.8706,15.1871,-22.8052,-0.5238
10.50,105.00,154.4782,15.4478,-22.8399,-0.6888
10.50,107.50,157.2230,15.7223,-22.8692,-0.8669
10.50,110.00,160.1032,16.0103,-22.8930,-1.0582
10.50,112.50,163.1173,16.3117,-22.9112,-1.2626
10.50,115.00,166.2639,16.6264,-22.9238,-1.4801
10.50,117.50,169.5419,16.9542,-22.9306,-1.7107
10.50,120.00,172.9502,17.2950,-22.9316,-1.9544
10.50,122.50,176.4881,17.6488,-22.9269,-2.2112
10.50,125.00,180.1547,18.0155,-22.9164,-2.4810
10.50,127.50,183.9497,18.3950,-22.9002,-2.7638
10.50,130.00,187.8727,18.7873,-22.8784,-3.0596
10.50,132.50,191.9235,19.1924,-22.8510,-3.3684
10.50,135.00,196.1023,19.6102,-22.8182,-3.6901
10.50,137.50,200.4092,20.0409,-22.7801,-4.0248
10.50,140.00,204.8445,20.4845,-22.7368,-4.3724
10.50,142.50,209.4089,20.9409,-22.6885,-4.7329
10.50,145.00,214.1029,21.4103,-22.6356,-5.1063
10.50,147.50,218.9274,21.8927,-22.5781,-5.4925
10.50,150.00,223.8834,22.3883,-22.5163,-5.8916
11.00,30.00,164.9752,16.4975,-23.9915,-1.6426
11.00,32.50,162.2269,16.2227,-24.0534,-1.4051
11.00,35.00,159.7274,15.9727,-24.1209,-1.1823
11.00,37.50,157.4714,15.7471,-24.1936,-0.9742
11.00,40.00,155.4538,15.5454,-24.2709,-0.7807
11.00,42.50,153.6694,15.3669,-24.3524,-0.6017
11.00,45.00,152.1133,15.2113,-24.4375,-0.4371
11.00,47.50,150.7807,15.0781,-24.5258,-0.2868
11.00,50.00,149.6667,14.9667,-24.6166,-0.1508
11.00,52.50,148.7666,14.8767,-24.7096,-0.0290
11.00,55.00,148.0757,14.8076,-24.8042,0.0786
11.00,57.50,147.5895,14.7589,-24.8999,0.1722
11.00,60.00,147.3034,14.7303,-24.9962,0.2517
11.00,62.50,147.2130,14.7213,-25.0927,0.3173
11.00,65.00,147.3141,14.7314,-25.1888,0.3689
11.00,67.50,147.6024,14.7602,-25.2842,0.4066
11.00,70.00,148.0737,14.8074,-25.3782,0.4304
11.00,72.50,148.7240,14.8724,-25.4707,0.4405
11.00,75.00,149.5495,14.9549,-25.5610,0.4367
11.00,77.50,150.5462,15.0546,-25.6487,0.4192
11.00,80.00,151.7106,15.1711,-25.7336,0.3880
11.00,82.50,153.0391,15.3039,-25.8152,0.3431
11.00,85.00,154.5282,15.4528,-25.8931,0.2846
11.00,87.50,156.1747,15.6175,-25.9671,0.2124
11.00,90.00,157.9755,15.7975,-26.0367,0.1266
11.00,92.50,159.9275,15.9928,-26.1017,0.0273
11.00,95.00,162.0280,16.2028,-26.1619,-0.0856
11.00,97.50,164.2743,16.4274,-26.2169,-0.2119
11.00,100.00,166.6639,16.6664,-26.2665,-0.3518
11.00,102.50,169.1945,16.9195,-26.3106,-0.5052
11.00,105.00,171.8640,17.1864,-26.3489,-0.6720
11.00,107.50,174.6704,17.4670,-26.3813,-0.8522
11.00,110.00,177.6119,17.7612,-26.4076,-1.0458
11.00,112.50,180.6868,18.0687,-26.4277,-1.2529
11.00,115.00,183.8939,18.3894,-26.4415,-1.4732
11.00,117.50,187.2319,18.7232,-26.4491,-1.7070
11.00,120.00,190.6997,19.0700,-26.4503,-1.9540
11.00,122.50,194.2965,19.4297,-26.4451,-2.2144
11.00,125.00,198.0217,19.8022,-26.4336,-2.4880
11.00,127.50,201.8747,20.1875,-26.4158,-2.7750
11.00,130.00,205.8553,20.5855,-26.3918,-3.0752
11.00,132.50,209.9635,20.9963,-26.3616,-3.3886
11.00,135.00,214.1992,21.4199,-26.3254,-3.7152
11.00,137.50,218.5629,21.8563,-26.2834,-4.0551
11.00,140.00,223.0548,22.3055,-26.2357,-4.4081
11.00,142.50,227.6758,22.7676,-26.1824,-4.7744
11.00,145.00,232.4265,23.2426,-26.1239,-5.1537
11.00,147.50,237.3079,23.7308,-26.0604,-5.5463
11.00,150.00,242.3212,24.2321,-25.9921,-5.9519
11.50,30.00,182.3748,18.2375,-27.4609,-1.6898
11.50,32.50,179.6111,17.9611,-27.5346,-1.4453
11.50,35.00,177.1037,17.7104,-27.6141,-1.2161
11.50,37.50,174.8467,17.4847,-27.6987,-1.0020
11.50,40.00,172.8345,17.2835,-27.7881,-0.8029
11.50,42.50,171.0616,17.1062,-27.8816,-0.6187
11.50,45.00,169.5226,16.9523,-27.9787,-0.4492
11.50,47.50,168.2120,16.8212,-28.0789,-0.2945
11.50,50.00,167.1249,16.7125,-28.1816,-0.1543
11.50,52.50,166.2559,16.6256,-28.2863,-0.0287
11.50,55.00,165.6002,16.5600,-28.3925,0.0824
11.50,57.50,165.1528,16.5153,-28.4996,0.1791
11.50,60.00,164.9088,16.4909,-28.6072,0.2615
11.50,62.50,164.8636,16.4864,-28.7146,0.3297
11.50,65.00,165.0126,16.5013,-28.8215,0.3835
11.50,67.50,165.3511,16.5351,-28.9273,0.4233
11.50,70.00,165.8748,16.5875,-29.0316,0.4488
11.50,72.50,166.5795,16.6579,-29.1338,0.4603
11.50,75.00,167.4609,16.7461,-29.2336,0.4578
11.50,77.50,168.5151,16.8515,-29.3305,0.4413
11.50,80.00,169.7380,16.9738,-29.4240,0.4107
11.50,82.50,171.1260,17.1126,-29.5139,0.3663
11.50,85.00,172.6755,17.2676,-29.5996,0.3079
11.50,87.50,174.3830,17.4383,-29.6810,0.2357
11.50,90.00,176.2451,17.6245,-29.7575,0.1496
11.50,92.50,178.2588,17.8259,-29.8289,0.0498
11.50,95.00,180.4211,18.0421,-29.8949,-0.0639
11.50,97.50,182.7291,18.2729,-29.9553,-0.1913
11.50,100.00,185.1803,18.5180,-30.0097,-0.3325
11.50,102.50,187.7723,18.7772,-30.0580,-0.4873
11.50,105.00,190.5028,19.0503,-30.1000,-0.6559
11.50,107.50,193.3697,19.3370,-30.1354,-0.8381
11.50,110.00,196.3713,19.6371,-30.1642,-1.0340
11.50,112.50,199.5058,19.9506,-30.1863,-1.2435
11.50,115.00,202.7718,20.2772,-30.2015,-1.4666
11.50,117.50,206.1681,20.6168,-30.2098,-1.7033
11.50,120.00,209.6935,20.9694,-30.2112,-1.9536
11.50,122.50,213.3473,21.3347,-30.2055,-2.2174
11.50,125.00,217.1288,21.7129,-30.1930,-2.4948
11.50,127.50,221.0375,22.1038,-30.1735,-2.7857
11.50,130.00,225.0733,22.5073,-30.1473,-3.0901
11.50,132.50,229.2361,22.9236,-30.1143,-3.4080
11.50,135.00,233.5260,23.3526,-30.0747,-3.7394
11.50,137.50,237.9433,23.7943,-30.0287,-4.0843
11.50,140.00,242.4888,24.2489,-29.9764,-4.4426
11.50,142.50,247.1629,24.7163,-29.9181,-4.8143
11.50,145.00,251.9668,25.1967,-29.8540,-5.1995
11.50,147.50,256.9015,25.6902,-29.7843,-5.5981
11.50,150.00,261.9683,26.1968,-29.7093,-6.0101
12.00,30.00,200.9797,20.0980,-31.1658,-1.7381
12.00,32.50,198.2046,19.8205,-31.2517,-1.4868
12.00,35.00,195.6931,19.5693,-31.3434,-1.2511
12.00,37.50,193.4387,19.3439,-31.4404,-1.0310
12.00,40.00,191.4354,19.1435,-31.5421,-0.8263
12.00,42.50,189.6771,18.9677,-31.6479,-0.6369
12.00,45.00,188.1580,18.8158,-31.7573,-0.4627
12.00,47.50,186.8724,18.6872,-31.8697,-0.3035
12.00,50.00,185.8146,18.5815,-31.9845,-0.1592
12.00,52.50,184.9793,18.4979,-32.1012,-0.0299
12.00,55.00,184.3610,18.4361,-32.2193,0.0847
12.00,57.50,183.9546,18.3955,-32.3381,0.1846
12.00,60.00,183.7547,18.3755,-32.4571,0.2699
12.00,62.50,183.7564,18.3756,-32.5758,0.3406
12.00,65.00,183.9549,18.3955,-32.6936,0.3968
12.00,67.50,184.3452,18.4345,-32.8101,0.4385
12.00,70.00,184.9227,18.4923,-32.9247,0.4658
12.00,72.50,185.6829,18.5683,-33.0370,0.4788
12.00,75.00,186.6213,18.6621,-33.1464,0.4775
12.00,77.50,187.7337,18.7734,-33.2525,0.4620
12.00,80.00,189.0160,18.9016,-33.3550,0.4322
12.00,82.50,190.4642,19.0464,-33.4532,0.3882
12.00,85.00,192.0744,19.2074,-33.5469,0.3301
12.00,87.50,193.8431,19.3843,-33.6357,0.2579
12.00,90.00,195.7668,19.5767,-33.7193,0.1715
12.00,92.50,197.8421,19.7842,-33.7972,0.0712
12.00,95.00,200.0660,20.0066,-33.8692,-0.0432
12.00,97.50,202.4354,20.2435,-33.9349,-0.1716
12.00,100.00,204.9478,20.4948,-33.9942,-0.3139
12.00,102.50,207.6005,20.7600,-34.0469,-0.4702
12.00,105.00,210.3912,21.0391,-34.0926,-0.6405
12.00,107.50,213.3178,21.3318,-34.1312,-0.8246
12.00,110.00,216.3783,21.6378,-34.1626,-1.0226
12.00,112.50,219.5711,21.9571,-34.1866,-1.2345
12.00,115.00,222.8946,22.2895,-34.2032,-1.4602
12.00,117.50,226.3475,22.6348,-34.2122,-1.6998
12.00,120.00,229.9289,22.9929,-34.2137,-1.9532
12.00,122.50,233.6378,23.3638,-34.2076,-2.2203
12.00,125.00,237.4736,23.7474,-34.1940,-2.5013
12.00,127.50,241.4358,24.1436,-34.1729,-2.7960
12.00,130.00,245.5244,24.5524,-34.1444,-3.1045
12.00,132.50,249.7392,24.9739,-34.1085,-3.4267
12.00,135.00,254.0806,25.4081,-34.0655,-3.7627
12.00,137.50,258.5489,25.8549,-34.0154,-4.1123
12.00,140.00,263.1448,26.3145,-33.9586,-4.4757
12.00,142.50,267.8691,26.7869,-33.8951,-4.8528
12.00,145.00,272.7229,27.2723,-33.8253,-5.2436
12.00,147.50,277.7074,27.7707,-33.7493,-5.6481
12.00,150.00,282.8240,28.2824,-33.6676,-6.0662
12.50,30.00,220.7866,22.0787,-35.1059,-1.7872
12.50,32.50,218.0043,21.8004,-35.2043,-1.5290
12.50,35.00,215.4924,21.5492,-35.3086,-1.2870
12.50,37.50,213.2441,21.3244,-35.4183,-1.0610
12.50,40.00,211.2530,21.1253,-35.5326,-0.8508
12.50,42.50,209.5124,20.9512,-35.6510,-0.6563
12.50,45.00,208.0162,20.8016,-35.7730,-0.4773
12.50,47.50,206.7583,20.6758,-35.8979,-0.3137
12.50,50.00,205.7326,20.5733,-36.0251,-0.1653
12.50,52.50,204.9333,20.4933,-36.1541,-0.0322
12.50,55.00,204.3547,20.4355,-36.2842,0.0858
12.50,57.50,203.9912,20.3991,-36.4150,0.1889
12.50,60.00,203.8374,20.3837,-36.5456,0.2770
12.50,62.50,203.8879,20.3888,-36.6758,0.3502
12.50,65.00,204.1374,20.4137,-36.8048,0.4087
12.50,67.50,204.5810,20.4581,-36.9321,0.4525
12.50,70.00,205.2136,20.5214,-37.0573,0.4816
12.50,72.50,206.0304,20.6030,-37.1797,0.4961
12.50,75.00,207.0269,20.7027,-37.2990,0.4960
12.50,77.50,208.1985,20.8199,-37.4145,0.4814
12.50,80.00,209.5409,20.9541,-37.5259,0.4524
12.50,82.50,211.0498,21.1050,-37.6327,0.4090
12.50,85.00,212.7213,21.2721,-37.7346,0.3511
12.50,87.50,214.5515,21.4552,-37.8310,0.2789
12.50,90.00,216.5368,21.6537,-37.9216,0.1924
12.50,92.50,218.6738,21.8674,-38.0061,0.0916
12.50,95.00,220.9591,22.0959,-38.0841,-0.0234
12.50,97.50,223.3897,22.3390,-38.1554,-0.1527
12.50,100.00,225.9627,22.5963,-38.2197,-0.2962
12.50,102.50,228.6756,22.8676,-38.2767,-0.4538
12.50,105.00,231.5258,23.1526,-38.3262,-0.6256
12.50,107.50,234.5111,23.4511,-38.3680,-0.8116
12.50,110.00,237.6296,23.7630,-38.4020,-1.0117
12.50,112.50,240.8794,24.0879,-38.4280,-1.2258
12.50,115.00,244.2591,24.4259,-38.4460,-1.4541
12.50,117.50,247.7673,24.7767,-38.4558,-1.6964
12.50,120.00,251.4029,25.1403,-38.4574,-1.9527
12.50,122.50,255.1651,25.5165,-38.4509,-2.2231
12.50,125.00,259.0533,25.9053,-38.4362,-2.5075
12.50,127.50,263.0670,26.3067,-38.4134,-2.8059
12.50,130.00,267.2061,26.7206,-38.3825,-3.1183
12.50,132.50,271.4707,27.1471,-38.3438,-3.4447
12.50,135.00,275.8610,27.5861,-38.2973,-3.7851
12.50,137.50,280.3776,28.0378,-38.2431,-4.1394
12.50,140.00,285.0211,28.5021,-38.1816,-4.5077
12.50,142.50,289.7926,28.9793,-38.1129,-4.8900
12.50,145.00,294.6932,29.4693,-38.0372,-5.2862
12.50,147.50,299.7243,29.9724,-37.9550,-5.6964
12.50,150.00,304.8873,30.4887,-37.8664,-6.1205
13.00,30.00,241.7925,24.1793,-39.2811,-1.8368
13.00,32.50,239.0068,23.9007,-39.3924,-1.5719
13.00,35.00,236.4984,23.6498,-39.5096,-1.3236
13.00,37.50,234.2598,23.4260,-39.6322,-1.0918
13.00,40.00,232.2841,23.2284,-39.7594,-0.8761
13.00,42.50,230.5644,23.0564,-39.8908,-0.6765
13.00,45.00,229.0940,22.9094,-40.0256,-0.4928
13.00,47.50,227.8664,22.7866,-40.1632,-0.3248
13.00,50.00,226.8753,22.6875,-40.3031,-0.1725
13.00,52.50,226.1144,22.6114,-40.4446,-0.0356
13.00,55.00,225.5777,22.5578,-40.5870,0.0858
13.00,57.50,225.2593,22.5259,-40.7298,0.1920
13.00,60.00,225.1534,22.5153,-40.8724,0.2829
13.00,62.50,225.2543,22.5254,-41.0142,0.3587
13.00,65.00,225.5565,22.5557,-41.1545,0.4195
13.00,67.50,226.0548,22.6055,-41.2929,0.4653
13.00,70.00,226.7438,22.6744,-41.4288,0.4961
13.00,72.50,227.6185,22.7618,-41.5616,0.5121
13.00,75.00,228.6740,22.8674,-41.6908,0.5133
13.00,77.50,229.9056,22.9906,-41.8159,0.4998
13.00,80.00,231.3088,23.1309,-41.9364,0.4715
13.00,82.50,232.8790,23.2879,-42.0519,0.4286
13.00,85.00,234.6122,23.4612,-42.1620,0.3711
13.00,87.50,236.5043,23.6504,-42.2661,0.2990
13.00,90.00,238.5514,23.8551,-42.3639,0.2123
13.00,92.50,240.7500,24.0750,-42.4551,0.1112
13.00,95.00,243.0967,24.3097,-42.5393,-0.0045
13.00,97.50,245.5882,24.5588,-42.6162,-0.1346
13.00,100.00,248.2215,24.8222,-42.6854,-0.2791
13.00,102.50,250.9940,25.0994,-42.7469,-0.4381
13.00,105.00,253.9030,25.3903,-42.8002,-0.6114
13.00,107.50,256.9463,25.6946,-42.8453,-0.7991
13.00,110.00,260.1217,26.0122,-42.8819,-1.0011
13.00,112.50,263.4276,26.3428,-42.9100,-1.2174
13.00,115.00,266.8622,26.6862,-42.9293,-1.4481
13.00,117.50,270.4242,27.0424,-42.9399,-1.6930
13.00,120.00,274.1126,27.4113,-42.9417,-1.9523
13.00,122.50,277.9265,27.7926,-42.9347,-2.2257
13.00,125.00,281.8652,28.1865,-42.9189,-2.5135
13.00,127.50,285.9284,28.5928,-42.8944,-2.8155
13.00,130.00,290.1160,29.0116,-42.8612,-3.1317
13.00,132.50,294.4280,29.4428,-42.8195,-3.4621
13.00,135.00,298.8649,29.8865,-42.7695,-3.8067
13.00,137.50,303.4272,30.3427,-42.7112,-4.1656
13.00,140.00,308.1158,30.8116,-42.6449,-4.5386
13.00,142.50,312.9316,31.2932,-42.5709,-4.9259
13.00,145.00,317.8761,31.7876,-42.4894,-5.3274
13.00,147.50,322.9506,32.2951,-42.4007,-5.7431
13.00,150.00,328.1569,32.8157,-42.3051,-6.1730
13.50,30.00,263.9944,26.3994,-43.6912,-1.8867
13.50,32.50,261.2094,26.1209,-43.8156,-1.6152
13.50,35.00,258.7080,25.8708,-43.9460,-1.3607
13.50,37.50,256.4826,25.6483,-44.0818,-1.1231
13.50,40.00,254.5256,25.4526,-44.2222,-0.9021
13.50,42.50,252.8298,25.2830,-44.3667,-0.6975
13.50,45.00,251.3881,25.1388,-44.5146,-0.5091
13.50,47.50,250.1935,25.0194,-44.6653,-0.3368
13.50,50.00,249.2394,24.9239,-44.8180,-0.1805
13.50,52.50,248.5192,24.8519,-44.9722,-0.0400
13.50,55.00,248.0266,24.8027,-45.1271,0.0848
13.50,57.50,247.7552,24.7755,-45.2823,0.1941
13.50,60.00,247.6990,24.7699,-45.4369,0.2878
13.50,62.50,247.8521,24.7852,-45.5905,0.3662
13.50,65.00,248.2086,24.8209,-45.7424,0.4292
13.50,67.50,248.7629,24.8763,-45.8920,0.4770
13.50,70.00,249.5095,24.9510,-46.0387,0.5096
13.50,72.50,250.4432,25.0443,-46.1820,0.5271
13.50,75.00,251.5588,25.1559,-46.3214,0.5296
13.50,77.50,252.8513,25.2851,-46.4562,0.5171
13.50,80.00,254.3159,25.4316,-46.5860,0.4897
13.50,82.50,255.9481,25.5948,-46.7103,0.4473
13.50,85.00,257.7434,25.7743,-46.8286,0.3901
13.50,87.50,259.6976,25.9698,-46.9406,0.3182
13.50,90.00,261.8068,26.1807,-47.0457,0.2314
13.50,92.50,264.0671,26.4067,-47.1437,0.1299
13.50,95.00,266.4750,26.6475,-47.2341,0.0137
13.50,97.50,269.0272,26.9027,-47.3166,-0.1172
13.50,100.00,271.7204,27.1720,-47.3910,-0.2627
13.50,102.50,274.5520,27.4552,-47.4569,-0.4229
13.50,105.00,277.5192,27.7519,-47.5141,-0.5977
13.50,107.50,280.6196,28.0620,-47.5625,-0.7870
13.50,110.00,283.8512,28.3851,-47.6018,-0.9909
13.50,112.50,287.2120,28.7212,-47.6319,-1.2094
13.50,115.00,290.7004,29.0700,-47.6527,-1.4423
13.50,117.50,294.3150,29.4315,-47.6641,-1.6898
13.50,120.00,298.0547,29.8055,-47.6661,-1.9518
13.50,122.50,301.9186,30.1919,-47.6586,-2.2283
13.50,125.00,305.9062,30.5906,-47.6417,-2.5192
13.50,127.50,310.0170,31.0017,-47.6154,-2.8246
13.50,130.00,314.2511,31.4251,-47.5799,-3.1445
13.50,132.50,318.6085,31.8609,-47.5352,-3.4788
13.50,135.00,323.0897,32.3090,-47.4815,-3.8276
13.50,137.50,327.6954,32.7695,-47.4190,-4.1908
13.50,140.00,332.4264,33.2426,-47.3480,-4.5685
13.50,142.50,337.2840,33.7284,-47.2686,-4.9606
13.50,145.00,342.2695,34.2269,-47.1811,-5.3672
13.50,147.50,347.3845,34.7384,-47.0859,-5.7882
13.50,150.00,352.6309,35.2631,-46.9833,-6.2237
14.00,30.00,287.3893,28.7389,-48.3358,-1.9366
14.00,32.50,284.6089,28.4609,-48.4737,-1.6586
14.00,35.00,282.1183,28.2118,-48.6175,-1.3981
14.00,37.50,279.9095,27.9909,-48.7667,-1.1548
14.00,40.00,277.9744,27.7974,-48.9206,-0.9285
14.00,42.50,276.3054,27.6305,-49.0785,-0.7190
14.00,45.00,274.8951,27.4895,-49.2397,-0.5261
14.00,47.50,273.7361,27.3736,-49.4036,-0.3496
14.00,50.00,272.8215,27.2821,-49.5694,-0.1893
14.00,52.50,272.1442,27.2144,-49.7365,-0.0452
14.00,55.00,271.6977,27.1698,-49.9042,0.0830
14.00,57.50,271.4753,27.1475,-50.0718,0.1953
14.00,60.00,271.4706,27.1471,-50.2388,0.2918
14.00,62.50,271.6774,27.1677,-50.4043,0.3727
14.00,65.00,272.0897,27.2090,-50.5679,0.4379
14.00,67.50,272.7015,27.2701,-50.7289,0.4877
14.00,70.00,273.5070,27.3507,-50.8866,0.5221
14.00,72.50,274.5007,27.4501,-51.0406,0.5412
14.00,75.00,275.6773,27.5677,-51.1901,0.5449
14.00,77.50,277.0315,27.7032,-51.3348,0.5335
14.00,80.00,278.5584,27.8558,-51.4739,0.5069
14.00,82.50,280.2530,28.0253,-51.6072,0.4651
14.00,85.00,282.1109,28.2111,-51.7339,0.4083
14.00,87.50,284.1276,28.4128,-51.8538,0.3364
14.00,90.00,286.2990,28.6299,-51.9663,0.2496
14.00,92.50,288.6211,28.8621,-52.0712,0.1478
14.00,95.00,291.0901,29.1090,-52.1679,0.0311
14.00,97.50,293.7027,29.3703,-52.2561,-0.1005
14.00,100.00,296.4556,29.6456,-52.3357,-0.2470
14.00,102.50,299.3459,29.9346,-52.4061,-0.4083
14.00,105.00,302.3707,30.2371,-52.4673,-0.5845
14.00,107.50,305.5276,30.5528,-52.5190,-0.7754
14.00,110.00,308.8144,30.8814,-52.5610,-0.9811
14.00,112.50,312.2291,31.2229,-52.5932,-1.2015
14.00,115.00,315.7702,31.5770,-52.6154,-1.4367
14.00,117.50,319.4361,31.9436,-52.6276,-1.6867
14.00,120.00,323.2258,32.3226,-52.6298,-1.9513
14.00,122.50,327.1383,32.7138,-52.6218,-2.2307
14.00,125.00,331.1731,33.1173,-52.6038,-2.5247
14.00,127.50,335.3298,33.5330,-52.5758,-2.8335
14.00,130.00,339.6085,33.9609,-52.5379,-3.1569
14.00,132.50,344.0093,34.4009,-52.4902,-3.4950
14.00,135.00,348.5327,34.8533,-52.4329,-3.8478
14.00,137.50,353.1794,35.3179,-52.3661,-4.2153
14.00,140.00,357.9505,35.7951,-52.2902,-4.5974
14.00,142.50,362.8473,36.2847,-52.2053,-4.9942
14.00,145.00,367.8712,36.7871,-52.1118,-5.4057
14.00,147.50,373.0240,37.3024,-52.0100,-5.8320
14.00,150.00,378.3077,37.8308,-51.9003,-6.2729
14.50,30.00,311.9744,31.1974,-53.2146,-1.9865
14.50,32.50,309.2024,30.9202,-53.3662,-1.7021
14.50,35.00,306.7262,30.6726,-53.5237,-1.4357
14.50,37.50,304.5372,30.4537,-53.6867,-1.1868
14.50,40.00,302.6271,30.2627,-53.8542,-0.9554
14.50,42.50,300.9879,30.0988,-54.0257,-0.7410
14.50,45.00,299.6116,29.9612,-54.2005,-0.5436
14.50,47.50,298.4908,29.8491,-54.3777,-0.3629
14.50,50.00,297.6179,29.7618,-54.5568,-0.1988
14.50,52.50,296.9858,29.6986,-54.7370,-0.0510
14.50,55.00,296.5874,29.6587,-54.9176,0.0804
14.50,57.50,296.4159,29.6416,-55.0979,0.1957
14.50,60.00,296.4645,29.6464,-55.2773,0.2950
14.50,62.50,296.7266,29.6727,-55.4550,0.3783
14.50,65.00,297.1961,29.7196,-55.6305,0.4458
14.50,67.50,297.8666,29.7867,-55.8030,0.4976
14.50,70.00,298.7322,29.8732,-55.9719,0.5338
14.50,72.50,299.7871,29.9787,-56.1366,0.5543
14.50,75.00,301.0256,30.1026,-56.2965,0.5594
14.50,77.50,302.4424,30.2442,-56.4511,0.5490
14.50,80.00,304.0321,30.4032,-56.5998,0.5232
14.50,82.50,305.7898,30.5790,-56.7420,0.4820
14.50,85.00,307.7107,30.7711,-56.8773,0.4256
14.50,87.50,309.7902,30.9790,-57.0052,0.3539
14.50,90.00,312.0240,31.2024,-57.1252,0.2670
14.50,92.50,314.4079,31.4408,-57.2370,0.1650
14.50,95.00,316.9381,31.6938,-57.3401,0.0478
14.50,97.50,319.6110,31.9611,-57.4341,-0.0845
14.50,100.00,322.4232,32.2423,-57.5189,-0.2318
14.50,102.50,325.3716,32.5372,-57.5939,-0.3943
14.50,105.00,328.4535,32.8453,-57.6591,-0.5717
14.50,107.50,331.6662,33.1666,-57.7142,-0.7641
14.50,110.00,335.0075,33.5007,-57.7589,-0.9716
14.50,112.50,338.4753,33.8475,-57.7932,-1.1940
14.50,115.00,342.0680,34.2068,-57.8169,-1.4313
14.50,117.50,345.7840,34.5784,-57.8299,-1.6836
14.50,120.00,349.6224,34.9622,-57.8322,-1.9509
14.50,122.50,353.5821,35.3582,-57.8238,-2.2330
14.50,125.00,357.6626,35.7663,-57.8046,-2.5300
14.50,127.50,361.8636,36.1864,-57.7748,-2.8420
14.50,130.00,366.1850,36.6185,-57.7345,-3.1689
14.50,132.50,370.6273,37.0627,-57.6838,-3.5106
14.50,135.00,375.1908,37.5191,-57.6228,-3.8673
14.50,137.50,379.8765,37.9877,-57.5517,-4.2389
14.50,140.00,384.6854,38.4685,-57.4709,-4.6254
14.50,142.50,389.6190,38.9619,-57.3805,-5.0267
14.50,145.00,394.6787,39.4679,-57.2810,-5.4431
14.50,147.50,399.8666,39.9867,-57.1725,-5.8743
14.50,150.00,405.1848,40.5185,-57.0555,-6.3205
15.00,30.00,337.7470,33.7747,-58.3273,-2.0361
15.00,32.50,334.9870,33.4987,-58.4927,-1.7456
15.00,35.00,332.5286,33.2529,-58.6642,-1.4733
15.00,37.50,330.3627,33.0363,-58.8411,-1.2190
15.00,40.00,328.4806,32.8481,-59.0225,-0.9824
15.00,42.50,326.8738,32.6874,-59.2078,-0.7633
15.00,45.00,325.5343,32.5534,-59.3963,-0.5615
15.00,47.50,324.4540,32.4454,-59.5872,-0.3767
15.00,50.00,323.6252,32.3625,-59.7797,-0.2088
15.00,52.50,323.0403,32.3040,-59.9732,-0.0575
15.00,55.00,322.6920,32.2692,-60.1669,0.0772
15.00,57.50,322.5732,32.2573,-60.3601,0.1954
15.00,60.00,322.6767,32.2677,-60.5520,0.2974
15.00,62.50,322.9958,32.2996,-60.7421,0.3832
15.00,65.00,323.5238,32.3524,-60.9295,0.4530
15.00,67.50,324.2544,32.4254,-61.1137,0.5067
15.00,70.00,325.1813,32.5181,-61.2939,0.5446
15.00,72.50,326.2983,32.6298,-61.4695,0.5667
15.00,75.00,327.5997,32.7600,-61.6399,0.5730
15.00,77.50,329.0797,32.9080,-61.8046,0.5636
15.00,80.00,330.7330,33.0733,-61.9628,0.5387
15.00,82.50,332.5543,33.2554,-62.1142,0.4982
15.00,85.00,334.5387,33.4539,-62.2581,0.4421
15.00,87.50,336.6813,33.6681,-62.3941,0.3707
15.00,90.00,338.9776,33.8978,-62.5217,0.2838
15.00,92.50,341.4234,34.1423,-62.6405,0.1815
15.00,95.00,344.0147,34.4015,-62.7500,0.0639
15.00,97.50,346.7478,34.6748,-62.8499,-0.0690
15.00,100.00,349.6190,34.9619,-62.9399,-0.2172
15.00,102.50,352.6253,35.2625,-63.0197,-0.3807
15.00,105.00,355.7637,35.5764,-63.0889,-0.5594
15.00,107.50,359.0316,35.9032,-63.1473,-0.7533
15.00,110.00,362.4266,36.2427,-63.1948,-0.9624
15.00,112.50,365.9466,36.5947,-63.2312,-1.1867
15.00,115.00,369.5899,36.9590,-63.2564,-1.4261
15.00,117.50,373.3550,37.3355,-63.2702,-1.6807
15.00,120.00,377.2408,37.7241,-63.2727,-1.9504
15.00,122.50,381.2463,38.1246,-63.2638,-2.2352
15.00,125.00,385.3711,38.5371,-63.2435,-2.5352
15.00,127.50,389.6148,38.9615,-63.2119,-2.8503
15.00,130.00,393.9774,39.3977,-63.1692,-3.1804
15.00,132.50,398.4593,39.8459,-63.1153,-3.5258
15.00,135.00,403.0610,40.3061,-63.0506,-3.8862
15.00,137.50,407.7836,40.7784,-62.9753,-4.2617
15.00,140.00,412.6282,41.2628,-62.8895,-4.6524
15.00,142.50,417.5962,41.7596,-62.7935,-5.0582
15.00,145.00,422.6894,42.2689,-62.6878,-5.4792
15.00,147.50,427.9099,42.7910,-62.5726,-5.9154
15.00,150.00,433.2599,43.3260,-62.4483,-6.3667
15.50,30.00,364.7039,36.4704,-63.6733,-2.0855
15.50,32.50,361.9597,36.1960,-63.8529,-1.7888
15.50,35.00,359.5224,35.9522,-64.0385,-1.5108
15.50,37.50,357.3826,35.7383,-64.2295,-1.2512
15.50,40.00,355.5314,35.5531,-64.4250,-1.0097
15.50,42.50,353.9599,35.3960,-64.6243,-0.7859
15.50,45.00,352.6596,35.2660,-64.8267,-0.5797
15.50,47.50,351.6222,35.1622,-65.0314,-0.3909
15.50,50.00,350.8396,35.0840,-65.2376,-0.2192
15.50,52.50,350.3040,35.0304,-65.4445,-0.0646
15.50,55.00,350.0077,35.0008,-65.6515,0.0733
15.50,57.50,349.9432,34.9943,-65.8577,0.1945
15.50,60.00,350.1033,35.0103,-66.0624,0.2992
15.50,62.50,350.4808,35.0481,-66.2649,0.3874
15.50,65.00,351.0689,35.1069,-66.4644,0.4593
15.50,67.50,351.8607,35.1861,-66.6604,0.5151
15.50,70.00,352.8499,35.2850,-66.8520,0.5547
15.50,72.50,354.0301,35.4030,-67.0386,0.5782
15.50,75.00,355.3952,35.5395,-67.2197,0.5858
15.50,77.50,356.9394,35.6939,-67.3945,0.5775
15.50,80.00,358.6569,35.8657,-67.5625,0.5534
15.50,82.50,360.5423,36.0542,-67.7231,0.5136
15.50,85.00,362.5905,36.2591,-67.8757,0.4580
15.50,87.50,364.7966,36.4797,-68.0199,0.3867
15.50,90.00,367.1557,36.7156,-68.1551,0.2998
15.50,92.50,369.6635,36.9664,-68.2810,0.1974
15.50,95.00,372.3159,37.2316,-68.3970,0.0794
15.50,97.50,375.1089,37.5109,-68.5029,-0.0542
15.50,100.00,378.0389,37.8039,-68.5981,-0.2032
15.50,102.50,381.1027,38.1103,-68.6826,-0.3676
15.50,105.00,384.2972,38.4297,-68.7559,-0.5475
15.50,107.50,387.6196,38.7620,-68.8178,-0.7428
15.50,110.00,391.0676,39.1068,-68.8681,-0.9535
15.50,112.50,394.6390,39.4639,-68.9066,-1.1796
15.50,115.00,398.3321,39.8332,-68.9333,-1.4210
15.50,117.50,402.1452,40.2145,-68.9479,-1.6778
15.50,120.00,406.0772,40.6077,-68.9506,-1.9499
15.50,122.50,410.1274,41.0127,-68.9412,-2.2373
15.50,125.00,414.2950,41.4295,-68.9197,-2.5401
15.50,127.50,418.5798,41.8580,-68.8863,-2.8582
15.50,130.00,422.9819,42.2982,-68.8411,-3.1916
15.50,132.50,427.5017,42.7502,-68.7842,-3.5404
15.50,135.00,432.1399,43.2140,-68.7157,-3.9045
15.50,137.50,436.8974,43.6897,-68.6360,-4.2839
15.50,140.00,441.7755,44.1776,-68.5452,-4.6787
15.50,142.50,446.7759,44.6776,-68.4436,-5.0888
15.50,145.00,451.9003,45.1900,-68.3317,-5.5143
15.50,147.50,457.1509,45.7151,-68.2097,-5.9552
15.50,150.00,462.5302,46.2530,-68.0780,-6.4115
16.00,30.00,392.8424,39.2842,-69.2521,-2.1344
16.00,32.50,390.1172,39.0117,-69.4460,-1.8318
16.00,35.00,387.7042,38.7704,-69.6460,-1.5482
16.00,37.50,385.5937,38.5594,-69.8513,-1.2834
16.00,40.00,383.7761,38.3776,-70.0611,-1.0370
16.00,42.50,382.2424,38.2242,-70.2747,-0.8087
16.00,45.00,380.9838,38.0984,-70.4911,-0.5982
16.00,47.50,379.9915,37.9992,-70.7098,-0.4055
16.00,50.00,379.2573,37.9257,-70.9298,-0.2301
16.00,52.50,378.7730,37.8773,-71.1503,-0.0720
16.00,55.00,378.5305,37.8531,-71.3707,0.0690
16.00,57.50,378.5222,37.8522,-71.5900,0.1931
16.00,60.00,378.7403,37.8740,-71.8076,0.3003
16.00,62.50,379.1777,37.9178,-72.0227,0.3910
16.00,65.00,379.8271,37.9827,-72.2345,0.4651
16.00,67.50,380.6814,38.0681,-72.4424,0.5227
16.00,70.00,381.7340,38.1734,-72.6456,0.5640
16.00,72.50,382.9784,38.2978,-72.8434,0.5891
16.00,75.00,384.4081,38.4408,-73.0351,0.5980
16.00,77.50,386.0170,38.6017,-73.2202,0.5908
16.00,80.00,387.7994,38.7799,-73.3980,0.5675
16.00,82.50,389.7495,38.9750,-73.5679,0.5283
16.00,85.00,391.8620,39.1862,-73.7293,0.4731
16.00,87.50,394.1317,39.4132,-73.8817,0.4021
16.00,90.00,396.5539,39.6554,-74.0247,0.3153
16.00,92.50,399.1238,39.9124,-74.1577,0.2126
16.00,95.00,401.8372,40.1837,-74.2803,0.0943
16.00,97.50,404.6901,40.4690,-74.3921,-0.0398
16.00,100.00,407.6787,40.7679,-74.4928,-0.1896
16.00,102.50,410.7996,41.0800,-74.5820,-0.3550
16.00,105.00,414.0497,41.4050,-74.6594,-0.5360
16.00,107.50,417.4261,41.7426,-74.7247,-0.7327
16.00,110.00,420.9264,42.0926,-74.7779,-0.9449
16.00,112.50,424.5485,42.4548,-74.8186,-1.1727
16.00,115.00,428.2903,42.8290,-74.8467,-1.4160
16.00,117.50,432.1505,43.2150,-74.8622,-1.6749
16.00,120.00,436.1277,43.6128,-74.8650,-1.9494
16.00,122.50,440.2212,44.0221,-74.8551,-2.2394
16.00,125.00,444.4303,44.4430,-74.8325,-2.5449
16.00,127.50,448.7549,44.8755,-74.7973,-2.8659
16.00,130.00,453.1950,45.3195,-74.7496,-3.2025
16.00,132.50,457.7511,45.7751,-74.6896,-3.5546
16.00,135.00,462.4239,46.2424,-74.6173,-3.9222
16.00,137.50,467.2145,46.7214,-74.5332,-4.3054
16.00,140.00,472.1242,47.2124,-74.4373,-4.7041
16.00,142.50,477.1547,47.7155,-74.3301,-5.1184
16.00,145.00,482.3081,48.2308,-74.2119,-5.5483
16.00,147.50,487.5866,48.7587,-74.0830,-5.9939
16.00,150.00,492.9928,49.2993,-73.9439,-6.4550
16.50,30.00,422.1591,42.2159,-75.0632,-2.1828
16.50,32.50,419.4565,41.9456,-75.2717,-1.8744
16.50,35.00,417.0709,41.7071,-75.4863,-1.5854
16.50,37.50,414.9924,41.4992,-75.7061,-1.3155
16.50,40.00,413.2111,41.3211,-75.9303,-1.0643
16.50,42.50,411.7178,41.1718,-76.1582,-0.8315
16.50,45.00,410.5031,41.0503,-76.3889,-0.6169
16.50,47.50,409.5583,40.9558,-76.6217,-0.4203
16.50,50.00,408.8745,40.8874,-76.8556,-0.2413
16.50,52.50,408.4433,40.8443,-77.0900,-0.0799
16.50,55.00,408.2564,40.8256,-77.3238,0.0642
16.50,57.50,408.3058,40.8306,-77.5565,0.1911
16.50,60.00,408.5836,40.8584,-77.7871,0.3010
16.50,62.50,409.0822,40.9082,-78.0149,0.3940
16.50,65.00,409.7941,40.9794,-78.2392,0.4702
16.50,67.50,410.7121,41.0712,-78.4590,0.5298
16.50,70.00,411.8292,41.1829,-78.6739,0.5728
16.50,72.50,413.1386,41.3139,-78.8829,0.5993
16.50,75.00,414.6338,41.4634,-79.0855,0.6095
16.50,77.50,416.3083,41.6308,-79.2809,0.6033
16.50,80.00,418.1561,41.8156,-79.4686,0.5809
16.50,82.50,420.1714,42.0171,-79.6479,0.5423
16.50,85.00,422.3486,42.2349,-79.8182,0.4876
16.50,87.50,424.6823,42.4682,-79.9790,0.4169
16.50,90.00,427.1676,42.7168,-80.1298,0.3301
16.50,92.50,429.7997,42.9800,-80.2700,0.2273
16.50,95.00,432.5742,43.2574,-80.3992,0.1086
16.50,97.50,435.4868,43.5487,-80.5171,-0.0260
16.50,100.00,438.5337,43.8534,-80.6231,-0.1764
16.50,102.50,441.7115,44.1711,-80.7171,-0.3428
16.50,105.00,445.0167,44.5017,-80.7986,-0.5249
16.50,107.50,448.4467,44.8447,-80.8675,-0.7228
16.50,110.00,451.9987,45.1999,-80.9235,-0.9365
16.50,112.50,455.6706,45.5671,-80.9664,-1.1660
16.50,115.00,459.4604,45.9460,-80.9960,-1.4112
16.50,117.50,463.3667,46.3367,-81.0124,-1.6722
16.50,120.00,467.3880,46.7388,-81.0154,-1.9489
16.50,122.50,471.5237,47.1524,-81.0050,-2.2413
16.50,125.00,475.7731,47.5773,-80.9812,-2.5495
16.50,127.50,480.1361,48.0136,-80.9442,-2.8734
16.50,130.00,484.6127,48.4613,-80.8940,-3.2130
16.50,132.50,489.2035,48.9203,-80.8307,-3.5683
16.50,135.00,493.9092,49.3909,-80.7547,-3.9394
16.50,137.50,498.7311,49.8731,-80.6660,-4.3262
16.50,140.00,503.6705,50.3671,-80.5651,-4.7288
16.50,142.50,508.7293,50.8729,-80.4522,-5.1472
16.50,145.00,513.9096,51.3910,-80.3276,-5.5814
16.50,147.50,519.2138,51.9214,-80.1918,-6.0314
16.50,150.00,524.6446,52.4645,-80.0452,-6.4973
17.00,30.00,452.6510,45.2651,-81.1061,-2.2307
17.00,32.50,449.9740,44.9974,-81.3293,-1.9166
17.00,35.00,447.6188,44.7619,-81.5585,-1.6223
17.00,37.50,445.5751,44.5575,-81.7930,-1.3474
17.00,40.00,443.8328,44.3833,-82.0319,-1.0916
17.00,42.50,442.3822,44.2382,-82.2743,-0.8545
17.00,45.00,441.2138,44.1214,-82.5194,-0.6358
17.00,47.50,440.3184,44.0318,-82.7665,-0.4353
17.00,50.00,439.6869,43.9687,-83.0145,-0.2529
17.00,52.50,439.3107,43.9311,-83.2627,-0.0881
17.00,55.00,439.1811,43.9181,-83.5103,0.0590
17.00,57.50,439.2898,43.9290,-83.7564,0.1887
17.00,60.00,439.6287,43.9629,-84.0002,0.3011
17.00,62.50,440.1899,44.0190,-84.2408,0.3965
17.00,65.00,440.9656,44.0966,-84.4776,0.4748
17.00,67.50,441.9484,44.1948,-84.7096,0.5362
17.00,70.00,443.1310,44.3131,-84.9362,0.5809
17.00,72.50,444.5064,44.4506,-85.1566,0.6089
17.00,75.00,446.0677,44.6068,-85.3701,0.6203
17.00,77.50,447.8085,44.7809,-85.5760,0.6152
17.00,80.00,449.7224,44.9722,-85.7736,0.5937
17.00,82.50,451.8034,45.1803,-85.9624,0.5558
17.00,85.00,454.0456,45.4046,-86.1417,0.5015
17.00,87.50,456.4437,45.6444,-86.3109,0.4311
17.00,90.00,458.9924,45.8992,-86.4695,0.3444
17.00,92.50,461.6868,46.1687,-86.6170,0.2415
17.00,95.00,464.5223,46.4522,-86.7529,0.1225
17.00,97.50,467.4945,46.7495,-86.8768,-0.0126
17.00,100.00,470.5996,47.0600,-86.9883,-0.1637
17.00,102.50,473.8338,47.3834,-87.0871,-0.3309
17.00,105.00,477.1939,47.7194,-87.1729,-0.5141
17.00,107.50,480.6768,48.0677,-87.2452,-0.7133
17.00,110.00,484.2799,48.4280,-87.3041,-0.9284
17.00,112.50,488.0010,48.8001,-87.3492,-1.1595
17.00,115.00,491.8380,49.1838,-87.3804,-1.4066
17.00,117.50,495.7894,49.5789,-87.3976,-1.6695
17.00,120.00,499.8539,49.9854,-87.4007,-1.9484
17.00,122.50,504.0307,50.4031,-87.3898,-2.2432
17.00,125.00,508.3192,50.8319,-87.3649,-2.5539
17.00,127.50,512.7192,51.2719,-87.3260,-2.8806
17.00,130.00,517.2309,51.7231,-87.2733,-3.2231
17.00,132.50,521.8549,52.1855,-87.2069,-3.5816
17.00,135.00,526.5920,52.6592,-87.1270,-3.9560
17.00,137.50,531.4435,53.1443,-87.0339,-4.3464
17.00,140.00,536.4108,53.6411,-86.9278,-4.7528
17.00,142.50,541.4960,54.1496,-86.8091,-5.1751
17.00,145.00,546.7011,54.6701,-86.6781,-5.6135
17.00,147.50,552.0289,55.2029,-86.5354,-6.0679
17.00,150.00,557.4820,55.7482,-86.3812,-6.5384
17.50,30.00,484.3147,48.4315,-87.3800,-2.2779
17.50,32.50,481.6663,48.1666,-87.6181,-1.9584
17.50,35.00,479.3444,47.9344,-87.8622,-1.6589
17.50,37.50,477.3381,47.7338,-88.1115,-1.3792
17.50,40.00,475.6372,47.5637,-88.3651,-1.1188
17.50,42.50,474.2317,47.4232,-88.6222,-0.8774
17.50,45.00,473.1117,47.3112,-88.8819,-0.6547
17.50,47.50,472.2678,47.2268,-89.1434,-0.4505
17.50,50.00,471.6905,47.1691,-89.4057,-0.2646
17.50,52.50,471.3710,47.1371,-89.6679,-0.0967
17.50,55.00,471.3003,47.1300,-89.9293,0.0534
17.50,57.50,471.4699,47.1470,-90.1890,0.1859
17.50,60.00,471.8713,47.1871,-90.4460,0.3008
17.50,62.50,472.4963,47.2496,-90.6996,0.3985
17.50,65.00,473.3370,47.3337,-90.9490,0.4789
17.50,67.50,474.3857,47.4386,-91.1933,0.5422
17.50,70.00,475.6348,47.5635,-91.4317,0.5885
17.50,72.50,477.0770,47.7077,-91.6636,0.6180
17.50,75.00,478.7054,47.8705,-91.8881,0.6306
17.50,77.50,480.5131,48.0513,-92.1045,0.6266
17.50,80.00,482.4936,48.2494,-92.3122,0.6059
17.50,82.50,484.6407,48.4641,-92.5106,0.5687
17.50,85.00,486.9485,48.6948,-92.6989,0.5149
17.50,87.50,489.4112,48.9411,-92.8765,0.4447
17.50,90.00,492.0234,49.2023,-93.0431,0.3581
17.50,92.50,494.7802,49.4780,-93.1979,0.2551
17.50,95.00,497.6767,49.7677,-93.3406,0.1359
17.50,97.50,500.7085,50.0708,-93.4706,0.0003
17.50,100.00,503.8715,50.3871,-93.5876,-0.1515
17.50,102.50,507.1619,50.7162,-93.6913,-0.3195
17.50,105.00,510.5764,51.0576,-93.7812,-0.5037
17.50,107.50,514.1118,51.4112,-93.8572,-0.7041
17.50,110.00,517.7655,51.7766,-93.9189,-0.9206
17.50,112.50,521.5351,52.1535,-93.9662,-1.1532
17.50,115.00,525.4185,52.5418,-93.9989,-1.4020
17.50,117.50,529.4142,52.9414,-94.0170,-1.6669
17.50,120.00,533.5209,53.3521,-94.0203,-1.9479
17.50,122.50,537.7377,53.7738,-94.0089,-2.2450
17.50,125.00,542.0641,54.2064,-93.9828,-2.5582
17.50,127.50,546.5000,54.6500,-93.9421,-2.8875
17.50,130.00,551.0455,55.1045,-93.8868,-3.2330
17.50,132.50,555.7012,55.5701,-93.8172,-3.5945
17.50,135.00,560.4682,56.0468,-93.7334,-3.9722
17.50,137.50,565.3476,56.5348,-93.6358,-4.3661
17.50,140.00,570.3411,57.0341,-93.5245,-4.7761
17.50,142.50,575.4507,57.5451,-93.4000,-5.2023
17.50,145.00,580.6789,58.0679,-93.2626,-5.6447
17.50,147.50,586.0282,58.6028,-93.1128,-6.1034
17.50,150.00,591.5016,59.1502,-92.9510,-6.5783
18.00,30.00,517.1466,51.7147,-93.8843,-2.3246
18.00,32.50,514.5298,51.4530,-94.1374,-1.9997
18.00,35.00,512.2438,51.2244,-94.3965,-1.6952
18.00,37.50,510.2775,51.0278,-94.6608,-1.4107
18.00,40.00,508.6204,50.8620,-94.9293,-1.1458
18.00,42.50,507.2622,50.7262,-95.2013,-0.9003
18.00,45.00,506.1927,50.6193,-95.4757,-0.6737
18.00,47.50,505.4021,50.5402,-95.7517,-0.4659
18.00,50.00,504.8810,50.4881,-96.0284,-0.2765
18.00,52.50,504.6198,50.4620,-96.3048,-0.1055
18.00,55.00,504.6096,50.4610,-96.5801,0.0476
18.00,57.50,504.8415,50.4841,-96.8534,0.1827
18.00,60.00,505.3067,50.5307,-97.1239,0.3001
18.00,62.50,505.9969,50.5997,-97.3905,0.4000
18.00,65.00,506.9037,50.6904,-97.6526,0.4825
18.00,67.50,508.0193,50.8019,-97.9093,0.5476
18.00,70.00,509.3357,50.9336,-98.1597,0.5956
18.00,72.50,510.8457,51.0846,-98.4031,0.6265
18.00,75.00,512.5418,51.2542,-98.6387,0.6404
18.00,77.50,514.4171,51.4417,-98.8658,0.6374
18.00,80.00,516.4648,51.6465,-99.0836,0.6176
18.00,82.50,518.6786,51.8679,-99.2916,0.5810
18.00,85.00,521.0522,52.1052,-99.4889,0.5277
18.00,87.50,523.5797,52.3580,-99.6752,0.4578
18.00,90.00,526.2558,52.6256,-99.8497,0.3713
18.00,92.50,529.0750,52.9075,-100.0119,0.2683
18.00,95.00,532.0325,53.2033,-100.1613,0.1488
18.00,97.50,535.1238,53.5124,-100.2976,0.0128
18.00,100.00,538.3446,53.8345,-100.4201,-0.1396
18.00,102.50,541.6910,54.1691,-100.5287,-0.3084
18.00,105.00,545.1595,54.5160,-100.6229,-0.4936
18.00,107.50,548.7470,54.8747,-100.7024,-0.6951
18.00,110.00,552.4506,55.2451,-100.7670,-0.9129
18.00,112.50,556.2680,55.6268,-100.8166,-1.1471
18.00,115.00,560.1972,56.0197,-100.8509,-1.3976
18.00,117.50,564.2363,56.4236,-100.8698,-1.6643
18.00,120.00,568.3843,56.8384,-100.8733,-1.9474
18.00,122.50,572.6402,57.2640,-100.8614,-2.2468
18.00,125.00,577.0034,57.7003,-100.8341,-2.5624
18.00,127.50,581.4739,58.1474,-100.7915,-2.8943
18.00,130.00,586.0519,58.6052,-100.7336,-3.2425
18.00,132.50,590.7380,59.0738,-100.6608,-3.6071
18.00,135.00,595.5333,59.5533,-100.5731,-3.9879
18.00,137.50,600.4391,60.0439,-100.4709,-4.3852
18.00,140.00,605.4571,60.5457,-100.3545,-4.7987
18.00,142.50,610.5895,61.0590,-100.2241,-5.2287
18.00,145.00,615.8388,61.5839,-100.0803,-5.6750
18.00,147.50,621.2077,62.1208,-99.9233,-6.1379
18.00,150.00,626.6994,62.6699,-99.7538,-6.6172
18.50,30.00,551.1429,55.1143,-100.6182,-2.3706
18.50,32.50,548.5605,54.8561,-100.8864,-2.0404
18.50,35.00,546.3130,54.6313,-101.1607,-1.7310
18.50,37.50,544.3892,54.4389,-101.4402,-1.4419
18.50,40.00,542.7782,54.2778,-101.7238,-1.1727
18.50,42.50,541.4693,54.1469,-102.0107,-0.9231
18.50,45.00,540.4523,54.0452,-102.2999,-0.6927
18.50,47.50,539.7170,53.9717,-102.5906,-0.4813
18.50,50.00,539.2536,53.9254,-102.8818,-0.2886
18.50,52.50,539.0525,53.9053,-103.1725,-0.1145
18.50,55.00,539.1044,53.9104,-103.4619,0.0414
18.50,57.50,539.3999,53.9400,-103.7490,0.1792
18.50,60.00,539.9303,53.9930,-104.0329,0.2991
18.50,62.50,540.6867,54.0687,-104.3127,0.4012
18.50,65.00,541.6608,54.1661,-104.5876,0.4857
18.50,67.50,542.8442,54.2844,-104.8567,0.5526
18.50,70.00,544.2291,54.4229,-105.1192,0.6022
18.50,72.50,545.8075,54.5807,-105.3742,0.6345
18.50,75.00,547.5721,54.7572,-105.6210,0.6497
18.50,77.50,549.5156,54.9516,-105.8588,0.6477
18.50,80.00,551.6311,55.1631,-106.0869,0.6288
18.50,82.50,553.9119,55.3912,-106.3045,0.5929
18.50,85.00,556.3517,55.6352,-106.5111,0.5401
18.50,87.50,558.9445,55.8944,-106.7059,0.4705
18.50,90.00,561.6844,56.1684,-106.8884,0.3841
18.50,92.50,564.5662,56.4566,-107.0581,0.2810
18.50,95.00,567.5848,56.7585,-107.2144,0.1613
18.50,97.50,570.7355,57.0735,-107.3568,0.0249
18.50,100.00,574.0138,57.4014,-107.4850,-0.1281
18.50,102.50,577.4159,57.7416,-107.5984,-0.2976
18.50,105.00,580.9382,58.0938,-107.6969,-0.4838
18.50,107.50,584.5773,58.4577,-107.7800,-0.6864
18.50,110.00,588.3304,58.8330,-107.8476,-0.9055
18.50,112.50,592.1950,59.2195,-107.8994,-1.1412
18.50,115.00,596.1691,59.6169,-107.9353,-1.3933
18.50,117.50,600.2510,60.0251,-107.9551,-1.6618
18.50,120.00,604.4393,60.4439,-107.9588,-1.9469
18.50,122.50,608.7333,60.8733,-107.9464,-2.2484
18.50,125.00,613.1323,61.3132,-107.9179,-2.5664
18.50,127.50,617.6363,61.7636,-107.8733,-2.9009
18.50,130.00,622.2455,62.2245,-107.8129,-3.2518
18.50,132.50,626.9607,62.6961,-107.7368,-3.6193
18.50,135.00,631.7829,63.1783,-107.6452,-4.0032
18.50,137.50,636.7136,63.6714,-107.5384,-4.4037
18.50,140.00,641.7546,64.1755,-107.4167,-4.8207
18.50,142.50,646.9081,64.6908,-107.2805,-5.2543
18.50,145.00,652.1767,65.2177,-107.1301,-5.7046
18.50,147.50,657.5633,65.7563,-106.9661,-6.1714
18.50,150.00,663.0713,66.3071,-106.7888,-6.6550
19.00,30.00,586.2999,58.6300,-107.5809,-2.4159
19.00,32.50,583.7545,58.3755,-107.8645,-2.0807
19.00,35.00,581.5480,58.1548,-108.1541,-1.7665
19.00,37.50,579.6690,57.9669,-108.4488,-1.4729
19.00,40.00,578.1062,57.8106,-108.7476,-1.1994
19.00,42.50,576.8488,57.6849,-109.0496,-0.9458
19.00,45.00,575.8861,57.5886,-109.3538,-0.7117
19.00,47.50,575.2079,57.5208,-109.6593,-0.4968
19.00,50.00,574.8039,57.4804,-109.9650,-0.3009
19.00,52.50,574.6644,57.4664,-110.2702,-0.1237
19.00,55.00,574.7797,57.4780,-110.5737,0.0350
19.00,57.50,575.1403,57.5140,-110.8747,0.1754
19.00,60.00,575.7370,57.5737,-111.1722,0.2977
19.00,62.50,576.5609,57.6561,-111.4653,0.4020
19.00,65.00,577.6033,57.7603,-111.7532,0.4884
19.00,67.50,578.8556,57.8856,-112.0348,0.5572
19.00,70.00,580.3096,58.0310,-112.3094,0.6084
19.00,72.50,581.9574,58.1957,-112.5762,0.6421
19.00,75.00,583.7911,58.3791,-112.8342,0.6585
19.00,77.50,585.8035,58.5803,-113.0828,0.6576
19.00,80.00,587.9872,58.7987,-113.3211,0.6395
19.00,82.50,590.3356,59.0336,-113.5485,0.6042
19.00,85.00,592.8419,59.2842,-113.7643,0.5519
19.00,87.50,595.5001,59.5500,-113.9678,0.4827
19.00,90.00,598.3042,59.8304,-114.1584,0.3964
19.00,92.50,601.2487,60.1249,-114.3356,0.2933
19.00,95.00,604.3283,60.4328,-114.4988,0.1734
19.00,97.50,607.5383,60.7538,-114.6475,0.0366
19.00,100.00,610.8741,61.0874,-114.7812,-0.1169
19.00,102.50,614.3317,61.4332,-114.8997,-0.2872
19.00,105.00,617.9073,61.7907,-115.0024,-0.4742
19.00,107.50,621.5976,62.1598,-115.0892,-0.6779
19.00,110.00,625.3996,62.5400,-115.1597,-0.8983
19.00,112.50,629.3109,62.9311,-115.2138,-1.1354
19.00,115.00,633.3293,63.3329,-115.2512,-1.3891
19.00,117.50,637.4532,63.7453,-115.2719,-1.6594
19.00,120.00,641.6810,64.1681,-115.2758,-1.9464
19.00,122.50,646.0121,64.6012,-115.2629,-2.2500
19.00,125.00,650.4459,65.0446,-115.2331,-2.5703
19.00,127.50,654.9822,65.4982,-115.1867,-2.9073
19.00,130.00,659.6215,65.9622,-115.1237,-3.2608
19.00,132.50,664.3645,66.4365,-115.0443,-3.6311
19.00,135.00,669.2123,66.9212,-114.9488,-4.0181
19.00,137.50,674.1664,67.4166,-114.8374,-4.4217
19.00,140.00,679.2288,67.9229,-114.7104,-4.8422
19.00,142.50,684.4018,68.4402,-114.5682,-5.2793
19.00,145.00,689.6881,68.9688,-114.4113,-5.7333
19.00,147.50,695.0907,69.5091,-114.2401,-6.2041
19.00,150.00,700.6131,70.0613,-114.0550,-6.6918
19.50,30.00,622.6135,62.2613,-114.7717,-2.4605
19.50,32.50,620.1076,62.0108,-115.0708,-2.1204
19.50,35.00,617.9445,61.7944,-115.3758,-1.8015
19.50,37.50,616.1124,61.6112,-115.6859,-1.5035
19.50,40.00,614.5999,61.4600,-116.0000,-1.2259
19.50,42.50,613.3958,61.3396,-116.3172,-0.9684
19.50,45.00,612.4894,61.2489,-116.6364,-0.7306
19.50,47.50,611.8699,61.1870,-116.9568,-0.5123
19.50,50.00,611.5270,61.1527,-117.2773,-0.3132
19.50,52.50,611.4506,61.1451,-117.5970,-0.1330
19.50,55.00,611.6307,61.1631,-117.9148,0.0284
19.50,57.50,612.0576,61.2058,-118.2298,0.1714
19.50,60.00,612.7219,61.2722,-118.5410,0.2960
19.50,62.50,613.6144,61.3614,-118.8475,0.4024
19.50,65.00,614.7261,61.4726,-119.1483,0.4909
19.50,67.50,616.0482,61.6048,-119.4426,0.5614
19.50,70.00,617.5723,61.7572,-119.7294,0.6142
19.50,72.50,619.2901,61.9290,-120.0079,0.6493
19.50,75.00,621.1937,62.1194,-120.2773,0.6669
19.50,77.50,623.2754,62.3275,-120.5368,0.6670
19.50,80.00,625.5280,62.5528,-120.7855,0.6497
19.50,82.50,627.9443,62.7944,-121.0227,0.6151
19.50,85.00,630.5175,63.0518,-121.2478,0.5634
19.50,87.50,633.2414,63.3241,-121.4600,0.4944
19.50,90.00,636.1098,63.6110,-121.6588,0.4083
19.50,92.50,639.1171,63.9117,-121.8435,0.3052
19.50,95.00,642.2578,64.2258,-122.0135,0.1851
19.50,97.50,645.5270,64.5527,-122.1685,0.0479
19.50,100.00,648.9201,64.8920,-122.3079,-0.1061
19.50,102.50,652.4328,65.2433,-122.4314,-0.2771
19.50,105.00,656.0615,65.6061,-122.5385,-0.4650
19.50,107.50,659.8026,65.9803,-122.6289,-0.6697
19.50,110.00,663.6531,66.3653,-122.7024,-0.8913
19.50,112.50,667.6105,66.7611,-122.7587,-1.1297
19.50,115.00,671.6726,67.1673,-122.7977,-1.3850
19.50,117.50,675.8376,67.5838,-122.8193,-1.6570
19.50,120.00,680.1043,68.0104,-122.8234,-1.9459
19.50,122.50,684.4716,68.4472,-122.8100,-2.2516
19.50,125.00,688.9391,68.8939,-122.7790,-2.5741
19.50,127.50,693.5068,69.3507,-122.7307,-2.9134
19.50,130.00,698.1750,69.8175,-122.6651,-3.2696
19.50,132.50,702.9446,70.2945,-122.5824,-3.6426
19.50,135.00,707.8166,70.7817,-122.4829,-4.0325
19.50,137.50,712.7928,71.2793,-122.3668,-4.4393
19.50,140.00,717.8752,71.7875,-122.2345,-4.8630
19.50,142.50,723.0661,72.3066,-122.0864,-5.3037
19.50,145.00,728.3684,72.8368,-121.9229,-5.7613
19.50,147.50,733.7852,73.3785,-121.7444,-6.2360
19.50,150.00,739.3202,73.9320,-121.5515,-6.7277
20.00,30.00,660.0792,66.0079,-122.1897,-2.5044
20.00,32.50,657.6153,65.7615,-122.5043,-2.1595
20.00,35.00,655.4978,65.5498,-122.8249,-1.8361
20.00,37.50,653.7148,65.3715,-123.1505,-1.5338
20.00,40.00,652.2545,65.2255,-123.4800,-1.2522
20.00,42.50,651.1058,65.1106,-123.8125,-0.9909
20.00,45.00,650.2572,65.0257,-124.1470,-0.7495
20.00,47.50,649.6982,64.9698,-124.4824,-0.5279
20.00,50.00,649.4179,64.9418,-124.8177,-0.3256
20.00,52.50,649.4059,64.9406,-125.1520,-0.1425
20.00,55.00,649.6522,64.9652,-125.4841,0.0217
20.00,57.50,650.1467,65.0147,-125.8132,0.1671
20.00,60.00,650.8798,65.0880,-126.1382,0.2940
20.00,62.50,651.8419,65.1842,-126.4582,0.4026
20.00,65.00,653.0239,65.3024,-126.7721,0.4929
20.00,67.50,654.4167,65.4417,-127.0791,0.5652
20.00,70.00,656.0116,65.6012,-127.3782,0.6195
20.00,72.50,657.8002,65.7800,-127.6686,0.6560
20.00,75.00,659.7743,65.9774,-127.9494,0.6748
20.00,77.50,661.9260,66.1926,-128.2198,0.6759
20.00,80.00,664.2478,66.4248,-128.4789,0.6595
20.00,82.50,666.7325,66.6732,-128.7260,0.6256
20.00,85.00,669.3730,66.9373,-128.9604,0.5744
20.00,87.50,672.1628,67.2163,-129.1814,0.5057
20.00,90.00,675.0957,67.5096,-129.3884,0.4198
20.00,92.50,678.1658,67.8166,-129.5807,0.3167
20.00,95.00,681.3676,68.1368,-129.7577,0.1964
20.00,97.50,684.6960,68.4696,-129.9191,0.0589
20.00,100.00,688.1462,68.8146,-130.0642,-0.0956
20.00,102.50,691.7140,69.1714,-130.1926,-0.2673
20.00,105.00,695.3954,69.5395,-130.3041,-0.4560
20.00,107.50,699.1869,69.9187,-130.3982,-0.6617
20.00,110.00,703.0855,70.3085,-130.4746,-0.8845
20.00,112.50,707.0884,70.7088,-130.5333,-1.1242
20.00,115.00,711.1936,71.1194,-130.5739,-1.3810
20.00,117.50,715.3991,71.5399,-130.5964,-1.6547
20.00,120.00,719.7037,71.9704,-130.6006,-1.9454
20.00,122.50,724.1064,72.4106,-130.5867,-2.2531
20.00,125.00,728.6068,72.8607,-130.5545,-2.5778
20.00,127.50,733.2048,73.3205,-130.5043,-2.9194
20.00,130.00,737.9008,73.7901,-130.4360,-3.2781
20.00,132.50,742.6958,74.2696,-130.3501,-3.6538
20.00,135.00,747.5908,74.7591,-130.2465,-4.0466
20.00,137.50,752.5878,75.2588,-130.1258,-4.4564
20.00,140.00,757.6886,75.7689,-129.9882,-4.8833
20.00,142.50,762.8959,76.2896,-129.8340,-5.3273
20.00,145.00,768.2127,76.8213,-129.6638,-5.7886
20.00,147.50,773.6422,77.3642,-129.4781,-6.2670
20.00,150.00,779.1881,77.9188,-129.2773,-6.7627
20.50,30.00,698.6928,69.8693,-129.8339,-2.5477
20.50,32.50,696.2731,69.6273,-130.1643,-2.1981
20.50,35.00,694.2033,69.4203,-130.5005,-1.8702
20.50,37.50,692.4714,69.2471,-130.8417,-1.5638
20.50,40.00,691.0653,69.1065,-131.1867,-1.2782
20.50,42.50,689.9735,68.9974,-131.5347,-1.0132
20.50,45.00,689.1847,68.9185,-131.8844,-0.7683
20.50,47.50,688.6875,68.8688,-132.2350,-0.5434
20.50,50.00,688.4713,68.8471,-132.5852,-0.3381
20.50,52.50,688.5252,68.8525,-132.9342,-0.1521
20.50,55.00,688.8390,68.8839,-133.2808,0.0147
20.50,57.50,689.4023,68.9402,-133.6241,0.1626
20.50,60.00,690.2052,69.0205,-133.9630,0.2918
20.50,62.50,691.2380,69.1238,-134.2965,0.4025
20.50,65.00,692.4911,69.2491,-134.6236,0.4947
20.50,67.50,693.9555,69.3955,-134.9434,0.5687
20.50,70.00,695.6221,69.5622,-135.2549,0.6246
20.50,72.50,697.4821,69.7482,-135.5572,0.6624
20.50,75.00,699.5274,69.9527,-135.8495,0.6824
20.50,77.50,701.7497,70.1750,-136.1308,0.6845
20.50,80.00,704.1412,70.4141,-136.4004,0.6689
20.50,82.50,706.6946,70.6695,-136.6575,0.6357
20.50,85.00,709.4027,70.9403,-136.9013,0.5850
20.50,87.50,712.2587,71.2259,-137.1312,0.5167
20.50,90.00,715.2562,71.5256,-137.3464,0.4310
20.50,92.50,718.3893,71.8389,-137.5463,0.3278
20.50,95.00,721.6522,72.1652,-137.7303,0.2074
20.50,97.50,725.0397,72.5040,-137.8980,0.0696
20.50,100.00,728.5469,72.8547,-138.0488,-0.0855
20.50,102.50,732.1695,73.2169,-138.1823,-0.2577
20.50,105.00,735.9033,73.5903,-138.2982,-0.4473
20.50,107.50,739.7449,73.9745,-138.3960,-0.6540
20.50,110.00,743.6910,74.3691,-138.4755,-0.8778
20.50,112.50,747.7390,74.7739,-138.5364,-1.1189
20.50,115.00,751.8866,75.1887,-138.5786,-1.3771
20.50,117.50,756.1320,75.6132,-138.6020,-1.6524
20.50,120.00,760.4738,76.0474,-138.6065,-1.9449
20.50,122.50,764.9111,76.4911,-138.5920,-2.2545
20.50,125.00,769.4434,76.9443,-138.5586,-2.5813
20.50,127.50,774.0707,77.4071,-138.5064,-2.9253
20.50,130.00,778.7936,77.8794,-138.4356,-3.2864
20.50,132.50,783.6128,78.3613,-138.3462,-3.6647
20.50,135.00,788.5296,78.8530,-138.2387,-4.0603
20.50,137.50,793.5460,79.3546,-138.1132,-4.4730
20.50,140.00,798.6640,79.8664,-137.9702,-4.9031
20.50,142.50,803.8863,80.3886,-137.8101,-5.3504
20.50,145.00,809.2160,80.9216,-137.6332,-5.8151
20.50,147.50,814.6565,81.4656,-137.4401,-6.2972
20.50,150.00,820.2116,82.0212,-137.2314,-6.7967
21.00,30.00,738.4494,73.8449,-137.7035,-2.5902
21.00,32.50,736.0761,73.6076,-138.0496,-2.2361
21.00,35.00,734.0561,73.4056,-138.4016,-1.9039
21.00,37.50,732.3772,73.2377,-138.7585,-1.5934
21.00,40.00,731.0271,73.1027,-139.1192,-1.3039
21.00,42.50,729.9941,72.9994,-139.4827,-1.0353
21.00,45.00,729.2664,72.9266,-139.8478,-0.7871
21.00,47.50,728.8327,72.8833,-140.2136,-0.5589
21.00,50.00,728.6819,72.8682,-140.5789,-0.3506
21.00,52.50,728.8031,72.8803,-140.9427,-0.1618
21.00,55.00,729.1855,72.9185,-141.3039,0.0076
21.00,57.50,729.8187,72.9819,-141.6614,0.1580
21.00,60.00,730.6925,73.0693,-142.0142,0.2894
21.00,62.50,731.7970,73.1797,-142.3613,0.4021
21.00,65.00,733.1223,73.3122,-142.7017,0.4962
21.00,67.50,734.6590,73.4659,-143.0344,0.5719
21.00,70.00,736.3980,73.6398,-143.3584,0.6292
21.00,72.50,738.3303,73.8330,-143.6727,0.6684
21.00,75.00,740.4472,74.0447,-143.9765,0.6896
21.00,77.50,742.7406,74.2741,-144.2689,0.6927
21.00,80.00,745.2023,74.5202,-144.5491,0.6780
21.00,82.50,747.8248,74.7825,-144.8162,0.6455
21.00,85.00,750.6008,75.0601,-145.0694,0.5952
21.00,87.50,753.5232,75.3523,-145.3081,0.5273
21.00,90.00,756.5856,75.6586,-145.5316,0.4417
21.00,92.50,759.7816,75.9782,-145.7392,0.3386
21.00,95.00,763.1056,76.3106,-145.9303,0.2180
21.00,97.50,766.5522,76.6552,-146.1044,0.0799
21.00,100.00,770.1163,77.0116,-146.2609,-0.0756
21.00,102.50,773.7935,77.3793,-146.3995,-0.2485
21.00,105.00,777.5795,77.7579,-146.5198,-0.4388
21.00,107.50,781.4708,78.1471,-146.6213,-0.6464
21.00,110.00,785.4641,78.5464,-146.7038,-0.8714
21.00,112.50,789.5566,78.9557,-146.7670,-1.1137
21.00,115.00,793.7461,79.3746,-146.8109,-1.3733
21.00,117.50,798.0307,79.8031,-146.8352,-1.6502
21.00,120.00,802.4089,80.2409,-146.8398,-1.9444
21.00,122.50,806.8800,80.6880,-146.8248,-2.2559
21.00,125.00,811.4434,81.1443,-146.7902,-2.5848
21.00,127.50,816.0991,81.6099,-146.7361,-2.9309
21.00,130.00,820.8477,82.0848,-146.6626,-3.2945
21.00,132.50,825.6900,82.5690,-146.5699,-3.6753
21.00,135.00,830.6276,83.0628,-146.4583,-4.0736
21.00,137.50,835.6621,83.5662,-146.3282,-4.4893
21.00,140.00,840.7960,84.0796,-146.1797,-4.9224
21.00,142.50,846.0319,84.6032,-146.0135,-5.3729
21.00,145.00,851.3731,85.1373,-145.8299,-5.8410
21.00,147.50,856.8230,85.6823,-145.6295,-6.3267
21.00,150.00,862.3858,86.2386,-145.4128,-6.8300
21.50,30.00,779.3442,77.9344,-145.7974,-2.6321
21.50,32.50,777.0193,77.7019,-146.1594,-2.2735
21.50,35.00,775.0511,77.5051,-146.5273,-1.9372
21.50,37.50,773.4270,77.3427,-146.9000,-1.6226
21.50,40.00,772.1346,77.2135,-147.2765,-1.3294
21.50,42.50,771.1619,77.1162,-147.6555,-1.0572
21.50,45.00,770.4970,77.0497,-148.0362,-0.8057
21.50,47.50,770.1282,77.0128,-148.4173,-0.5744
21.50,50.00,770.0442,77.0044,-148.7977,-0.3631
21.50,52.50,770.2338,77.0234,-149.1764,-0.1716
21.50,55.00,770.6861,77.0686,-149.5522,0.0004
21.50,57.50,771.3904,77.1390,-149.9241,0.1531
21.50,60.00,772.3361,77.2336,-150.2909,0.2867
21.50,62.50,773.5132,77.3513,-150.6518,0.4014
21.50,65.00,774.9115,77.4911,-151.0055,0.4974
21.50,67.50,776.5214,77.6521,-151.3511,0.5747
21.50,70.00,778.3335,77.8334,-151.6876,0.6336
21.50,72.50,780.3386,78.0339,-152.0140,0.6741
21.50,75.00,782.5279,78.2528,-152.3294,0.6964
21.50,77.50,784.8928,78.4893,-152.6329,0.7006
21.50,80.00,787.4252,78.7425,-152.9237,0.6867
21.50,82.50,790.1172,79.0117,-153.2008,0.6548
21.50,85.00,792.9613,79.2961,-153.4636,0.6050
21.50,87.50,795.9504,79.5950,-153.7112,0.5375
21.50,90.00,799.0777,79.9078,-153.9430,0.4521
21.50,92.50,802.3369,80.2337,-154.1583,0.3491
21.50,95.00,805.7221,80.5722,-154.3565,0.2283
21.50,97.50,809.2276,80.9228,-154.5370,0.0900
21.50,100.00,812.8485,81.2848,-154.6994,-0.0660
21.50,102.50,816.5800,81.6580,-154.8431,-0.2395
21.50,105.00,820.4180,82.0418,-154.9677,-0.4305
21.50,107.50,824.3586,82.4359,-155.0730,-0.6390
21.50,110.00,828.3986,82.8399,-155.1585,-0.8651
21.50,112.50,832.5352,83.2535,-155.2241,-1.1086
21.50,115.00,836.7660,83.6766,-155.2696,-1.3695
21.50,117.50,841.0892,84.1089,-155.2948,-1.6480
21.50,120.00,845.5032,84.5503,-155.2996,-1.9439
21.50,122.50,850.0073,85.0007,-155.2841,-2.2573
21.50,125.00,854.6009,85.4601,-155.2483,-2.5881
21.50,127.50,859.2841,85.9284,-155.1922,-2.9365
21.50,130.00,864.0575,86.4057,-155.1160,-3.3023
21.50,132.50,868.9219,86.8922,-155.0200,-3.6857
21.50,135.00,873.8790,87.3879,-154.9043,-4.0866
21.50,137.50,878.9305,87.8931,-154.7694,-4.5051
21.50,140.00,884.0790,88.4079,-154.6156,-4.9411
21.50,142.50,889.3272,88.9327,-154.4432,-5.3949
21.50,145.00,894.6784,89.4678,-154.2529,-5.8663
21.50,147.50,900.1363,90.0136,-154.0451,-6.3555
21.50,150.00,905.7052,90.5705,-153.8204,-6.8624
22.00,30.00,821.3720,82.1372,-154.1146,-2.6733
22.00,32.50,819.0975,81.9098,-154.4926,-2.3104
22.00,35.00,817.1829,81.7183,-154.8765,-1.9699
22.00,37.50,815.6154,81.5615,-155.2651,-1.6515
22.00,40.00,814.3824,81.4382,-155.6574,-1.3547
22.00,42.50,813.4715,81.3472,-156.0522,-1.0790
22.00,45.00,812.8708,81.2871,-156.4484,-0.8242
22.00,47.50,812.5683,81.2568,-156.8449,-0.5898
22.00,50.00,812.5524,81.2552,-157.2405,-0.3757
22.00,52.50,812.8117,81.2812,-157.6342,-0.1814
22.00,55.00,813.3350,81.3335,-158.0247,-0.0069
22.00,57.50,814.1114,81.4111,-158.4110,0.1481
22.00,60.00,815.1300,81.5130,-158.7920,0.2839
22.00,62.50,816.3806,81.6381,-159.1666,0.4006
22.00,65.00,817.8528,81.7853,-159.5338,0.4983
22.00,67.50,819.5366,81.9537,-159.8924,0.5773
22.00,70.00,821.4226,82.1423,-160.2415,0.6377
22.00,72.50,823.5011,82.3501,-160.5800,0.6795
22.00,75.00,825.7633,82.5763,-160.9071,0.7029
22.00,77.50,828.2003,82.8200,-161.2218,0.7081
22.00,80.00,830.8037,83.0804,-161.5232,0.6950
22.00,82.50,833.5656,83.3566,-161.8105,0.6638
22.00,85.00,836.4781,83.6478,-162.0828,0.6146
22.00,87.50,839.5341,83.9534,-162.3394,0.5473
22.00,90.00,842.7265,84.2727,-162.5795,0.4622
22.00,92.50,846.0489,84.6049,-162.8026,0.3592
22.00,95.00,849.4952,84.9495,-163.0079,0.2383
22.00,97.50,853.0597,85.3060,-163.1949,0.0997
22.00,100.00,856.7372,85.6737,-163.3631,-0.0566
22.00,102.50,860.5229,86.0523,-163.5119,-0.2307
22.00,105.00,864.4125,86.4413,-163.6410,-0.4224
22.00,107.50,868.4022,86.8402,-163.7500,-0.6319
22.00,110.00,872.4886,87.2489,-163.8386,-0.8589
22.00,112.50,876.6688,87.6669,-163.9065,-1.1036
22.00,115.00,880.9404,88.0940,-163.9536,-1.3659
22.00,117.50,885.3015,88.5301,-163.9797,-1.6458
22.00,120.00,889.7507,88.9751,-163.9848,-1.9434
22.00,122.50,894.2870,89.4287,-163.9687,-2.2586
22.00,125.00,898.9100,89.8910,-163.9316,-2.5914
22.00,127.50,903.6199,90.3620,-163.8736,-2.9418
22.00,130.00,908.4170,90.8417,-163.7947,-3.3099
22.00,132.50,913.3026,91.3303,-163.6953,-3.6957
22.00,135.00,918.2781,91.8278,-163.5756,-4.0992
22.00,137.50,923.3455,92.3345,-163.4359,-4.5205
22.00,140.00,928.5073,92.8507,-163.2766,-4.9595
22.00,142.50,933.7664,93.3766,-163.0982,-5.4163
22.00,145.00,939.1264,93.9126,-162.9010,-5.8910
22.00,147.50,944.5909,94.4591,-162.6858,-6.3835
22.00,150.00,950.1643,95.0164,-162.4530,-6.8941
22.50,30.00,864.5275,86.4528,-162.6541,-2.7138
22.50,32.50,862.3053,86.2305,-163.0482,-2.3467
22.50,35.00,860.4461,86.0446,-163.4481,-2.0023
22.50,37.50,858.9368,85.8937,-163.8527,-1.6801
22.50,40.00,857.7647,85.7765,-164.2609,-1.3796
22.50,42.50,856.9172,85.6917,-164.6715,-1.1006
22.50,45.00,856.3821,85.6382,-165.0834,-0.8425
22.50,47.50,856.1472,85.6147,-165.4954,-0.6052
22.50,50.00,856.2006,85.6201,-165.9063,-0.3882
22.50,52.50,856.5307,85.6531,-166.3150,-0.1913
22.50,55.00,857.1261,85.7126,-166.7204,-0.0144
22.50,57.50,857.9756,85.7976,-167.1212,0.1430
22.50,60.00,859.0682,85.9068,-167.5164,0.2809
22.50,62.50,860.3931,86.0393,-167.9048,0.3995
22.50,65.00,861.9399,86.1940,-168.2854,0.4991
22.50,67.50,863.6985,86.3699,-168.6571,0.5797
22.50,70.00,865.6589,86.5659,-169.0189,0.6415
22.50,72.50,867.8115,86.7812,-169.3696,0.6846
22.50,75.00,870.1471,87.0147,-169.7084,0.7092
22.50,77.50,872.6567,87.2657,-170.0344,0.7153
22.50,80.00,875.3316,87.5332,-170.3465,0.7030
22.50,82.50,878.1636,87.8164,-170.6439,0.6725
22.50,85.00,881.1449,88.1145,-170.9258,0.6238
22.50,87.50,884.2680,88.4268,-171.1914,0.5569
22.50,90.00,887.5257,88.7526,-171.4400,0.4719
22.50,92.50,890.9114,89.0911,-171.6708,0.3690
22.50,95.00,894.4188,89.4419,-171.8833,0.2481
22.50,97.50,898.0422,89.8042,-172.0768,0.1092
22.50,100.00,901.7762,90.1776,-172.2508,-0.0476
22.50,102.50,905.6159,90.5616,-172.4048,-0.2222
22.50,105.00,909.5569,90.9557,-172.5384,-0.4146
22.50,107.50,913.5953,91.3595,-172.6511,-0.6249
22.50,110.00,917.7277,91.7728,-172.7428,-0.8529
22.50,112.50,921.9510,92.1951,-172.8131,-1.0988
22.50,115.00,926.2629,92.6263,-172.8618,-1.3624
22.50,117.50,930.6614,93.0661,-172.8888,-1.6438
22.50,120.00,935.1450,93.5145,-172.8941,-1.9429
22.50,122.50,939.7129,93.9713,-172.8775,-2.2598
22.50,125.00,944.3646,94.4365,-172.8392,-2.5945
22.50,127.50,949.1001,94.9100,-172.7791,-2.9471
22.50,130.00,953.9202,95.3920,-172.6976,-3.3174
22.50,132.50,958.8259,95.8826,-172.5948,-3.7055
22.50,135.00,963.8188,96.3819,-172.4710,-4.1116
22.50,137.50,968.9009,96.8901,-172.3265,-4.5355
22.50,140.00,974.0749,97.4075,-172.1617,-4.9773
22.50,142.50,979.3438,97.9344,-171.9771,-5.4372
22.50,145.00,984.7111,98.4711,-171.7732,-5.9150
22.50,147.50,990.1808,99.0181,-171.5505,-6.4109
22.50,150.00,995.7573,99.5757,-171.3096,-6.9250
23.00,30.00,908.8052,90.8805,-171.4147,-2.7537
23.00,32.50,906.6370,90.6637,-171.8249,-2.3824
23.00,35.00,904.8348,90.4835,-172.2410,-2.0341
23.00,37.50,903.3853,90.3385,-172.6617,-1.7082
23.00,40.00,902.2756,90.2276,-173.0859,-1.4043
23.00,42.50,901.4929,90.1493,-173.5124,-1.1219
23.00,45.00,901.0247,90.1025,-173.9400,-0.8608
23.00,47.50,900.8587,90.0859,-174.3676,-0.6205
23.00,50.00,900.9827,90.0983,-174.7939,-0.4007
23.00,52.50,901.3848,90.1385,-175.2177,-0.2013
23.00,55.00,902.0533,90.2053,-175.6379,-0.0219
23.00,57.50,902.9768,90.2977,-176.0534,0.1377
23.00,60.00,904.1442,90.4144,-176.4628,0.2777
23.00,62.50,905.5443,90.5544,-176.8652,0.3983
23.00,65.00,907.1666,90.7167,-177.2593,0.4996
23.00,67.50,909.0006,90.9001,-177.6442,0.5818
23.00,70.00,911.0362,91.1036,-178.0186,0.6450
23.00,72.50,913.2635,91.3263,-178.3817,0.6894
23.00,75.00,915.6730,91.5673,-178.7323,0.7151
23.00,77.50,918.2555,91.8256,-179.0695,0.7222
23.00,80.00,921.0023,92.1002,-179.3923,0.7107
23.00,82.50,923.9049,92.3905,-179.7000,0.6809
23.00,85.00,926.9552,92.6955,-179.9915,0.6326
23.00,87.50,930.1455,93.0145,-180.2662,0.5661
23.00,90.00,933.4686,93.3469,-180.5232,0.4814
23.00,92.50,936.9176,93.6918,-180.7619,0.3785
23.00,95.00,940.4863,94.0486,-180.9815,0.2575
23.00,97.50,944.1685,94.4168,-181.1815,0.1184
23.00,100.00,947.9589,94.7959,-181.3614,-0.0387
23.00,102.50,951.8524,95.1852,-181.5206,-0.2139
23.00,105.00,955.8446,95.5845,-181.6586,-0.4070
23.00,107.50,959.9314,95.9931,-181.7752,-0.6181
23.00,110.00,964.1094,96.4109,-181.8700,-0.8471
23.00,112.50,968.3754,96.8375,-181.9426,-1.0940
23.00,115.00,972.7271,97.2727,-181.9930,-1.3589
23.00,117.50,977.1624,97.7162,-182.0209,-1.6417
23.00,120.00,981.6798,98.1680,-182.0264,-1.9424
23.00,122.50,986.2786,98.6279,-182.0093,-2.2610
23.00,125.00,990.9581,99.0958,-181.9697,-2.5976
23.00,127.50,995.7187,99.5719,-181.9077,-2.9521
23.00,130.00,1000.5608,100.0561,-181.8234,-3.3246
23.00,132.50,1005.4856,100.5486,-181.7172,-3.7151
23.00,135.00,1010.4948,101.0495,-181.5893,-4.1236
23.00,137.50,1015.5906,101.5591,-181.4400,-4.5502
23.00,140.00,1020.7756,102.0776,-181.2697,-4.9948
23.00,142.50,1026.0530,102.6053,-181.0789,-5.4576
23.00,145.00,1031.4265,103.1426,-180.8681,-5.9385
23.00,147.50,1036.9000,103.6900,-180.6379,-6.4377
23.00,150.00,1042.4782,104.2478,-180.3889,-6.9552
23.50,30.00,954.1992,95.4199,-180.3952,-2.7929
23.50,32.50,952.0867,95.2087,-180.8217,-2.4177
23.50,35.00,950.3431,95.0343,-181.2540,-2.0656
23.50,37.50,948.9550,94.8955,-181.6909,-1.7361
23.50,40.00,947.9091,94.7909,-182.1312,-1.4287
23.50,42.50,947.1926,94.7193,-182.5737,-1.1431
23.50,45.00,946.7926,94.6793,-183.0171,-0.8789
23.50,47.50,946.6966,94.6697,-183.4603,-0.6357
23.50,50.00,946.8922,94.6892,-183.9021,-0.4132
23.50,52.50,947.3674,94.7367,-184.3411,-0.2112
23.50,55.00,948.1101,94.8110,-184.7763,-0.0294
23.50,57.50,949.1086,94.9109,-185.2064,0.1324
23.50,60.00,950.3516,95.0352,-185.6302,0.2744
23.50,62.50,951.8278,95.1828,-186.0465,0.3968
23.50,65.00,953.5263,95.3526,-186.4543,0.4998
23.50,67.50,955.4364,95.5436,-186.8523,0.5836
23.50,70.00,957.5477,95.7548,-187.2395,0.6483
23.50,72.50,959.8502,95.9850,-187.6149,0.6939
23.50,75.00,962.3342,96.2334,-187.9773,0.7207
23.50,77.50,964.9902,96.4990,-188.3259,0.7288
23.50,80.00,967.8092,96.7809,-188.6595,0.7181
23.50,82.50,970.7826,97.0783,-188.9774,0.6889
23.50,85.00,973.9022,97.3902,-189.2787,0.6412
23.50,87.50,977.1600,97.7160,-189.5624,0.5751
23.50,90.00,980.5486,98.0549,-189.8279,0.4906
23.50,92.50,984.0611,98.4061,-190.0745,0.3877
23.50,95.00,987.6909,98.7691,-190.3013,0.2667
23.50,97.50,991.4319,99.1432,-190.5079,0.1273
23.50,100.00,995.2786,99.5279,-190.6936,-0.0301
23.50,102.50,999.2258,99.9226,-190.8580,-0.2058
23.50,105.00,1003.2689,100.3269,-191.0006,-0.3996
23.50,107.50,1007.4039,100.7404,-191.1210,-0.6114
23.50,110.00,1011.6270,101.1627,-191.2188,-0.8414
23.50,112.50,1015.9354,101.5935,-191.2939,-1.0894
23.50,115.00,1020.3263,102.0326,-191.3459,-1.3555
23.50,117.50,1024.7979,102.4798,-191.3748,-1.6397
23.50,120.00,1029.3486,102.9349,-191.3804,-1.9419
23.50,122.50,1033.9775,103.3977,-191.3627,-2.2622
23.50,125.00,1038.6842,103.8684,-191.3219,-2.6006
23.50,127.50,1043.4689,104.3469,-191.2579,-2.9571
23.50,130.00,1048.3321,104.8332,-191.1710,-3.3317
23.50,132.50,1053.2752,105.3275,-191.0613,-3.7244
23.50,135.00,1058.2998,105.8300,-190.9293,-4.1354
23.50,137.50,1063.4082,106.3408,-190.7751,-4.5645
23.50,140.00,1068.6032,106.8603,-190.5993,-5.0118
23.50,142.50,1073.8879,107.3888,-190.4023,-5.4775
23.50,145.00,1079.2662,107.9266,-190.1847,-5.9615
23.50,147.50,1084.7424,108.4742,-189.9469,-6.4638
23.50,150.00,1090.3210,109.0321,-189.6898,-6.9847
24.00,30.00,1000.7035,100.0703,-189.5945,-2.8314
24.00,32.50,998.6483,99.8648,-190.0374,-2.4524
24.00,35.00,996.9648,99.6965,-190.4860,-2.0966
24.00,37.50,995.6395,99.5639,-190.9391,-1.7635
24.00,40.00,994.6588,99.4659,-191.3956,-1.4528
24.00,42.50,994.0098,99.4010,-191.8541,-1.1641
24.00,45.00,993.6792,99.3679,-192.3135,-0.8968
24.00,47.50,993.6544,99.3654,-192.7724,-0.6508
24.00,50.00,993.9228,99.3923,-193.2296,-0.4257
24.00,52.50,994.4720,99.4472,-193.6840,-0.2212
24.00,55.00,995.2898,99.5290,-194.1342,-0.0371
24.00,57.50,996.3643,99.6364,-194.5790,0.1269
24.00,60.00,997.6838,99.7684,-195.0172,0.2709
24.00,62.50,999.2369,99.9237,-195.4476,0.3952
24.00,65.00,1001.0123,100.1012,-195.8690,0.4999
24.00,67.50,1002.9991,100.2999,-196.2803,0.5852
24.00,70.00,1005.1868,100.5187,-196.6803,0.6513
24.00,72.50,1007.5651,100.7565,-197.0681,0.6982
24.00,75.00,1010.1239,101.0124,-197.4424,0.7261
24.00,77.50,1012.8538,101.2854,-197.8023,0.7351
24.00,80.00,1015.7455,101.5745,-198.1468,0.7253
24.00,82.50,1018.7900,101.8790,-198.4750,0.6967
24.00,85.00,1021.9791,102.1979,-198.7860,0.6495
24.00,87.50,1025.3045,102.5305,-199.0789,0.5837
24.00,90.00,1028.7588,102.8759,-199.3529,0.4995
24.00,92.50,1032.3348,103.2335,-199.6073,0.3967
24.00,95.00,1036.0258,103.6026,-199.8415,0.2756
24.00,97.50,1039.8256,103.9826,-200.0546,0.1361
24.00,100.00,1043.7284,104.3728,-200.2463,-0.0218
24.00,102.50,1047.7291,104.7729,-200.4159,-0.1979
24.00,105.00,1051.8230,105.1823,-200.5630,-0.3923
24.00,107.50,1056.0057,105.6006,-200.6872,-0.6049
24.00,110.00,1060.2738,106.0274,-200.7881,-0.8358
24.00,112.50,1064.6240,106.4624,-200.8656,-1.0849
24.00,115.00,1069.0538,106.9054,-200.9193,-1.3522
24.00,117.50,1073.5611,107.3561,-200.9491,-1.6377
24.00,120.00,1078.1444,107.8144,-200.9549,-1.9414
24.00,122.50,1082.8029,108.2803,-200.9367,-2.2634
24.00,125.00,1087.5360,108.7536,-200.8946,-2.6035
24.00,127.50,1092.3441,109.2344,-200.8286,-2.9619
24.00,130.00,1097.2277,109.7228,-200.7390,-3.3386
24.00,132.50,1102.1881,110.2188,-200.6259,-3.7335
24.00,135.00,1107.2272,110.7227,-200.4897,-4.1468
24.00,137.50,1112.3472,111.2347,-200.3307,-4.5784
24.00,140.00,1117.5510,111.7551,-200.1493,-5.0285
24.00,142.50,1122.8419,112.2842,-199.9461,-5.4969
24.00,145.00,1128.2239,112.8224,-199.7215,-5.9839
24.00,147.50,1133.7014,113.3701,-199.4762,-6.4894
24.00,150.00,1139.2790,113.9279,-199.2108,-7.0135
24.50,30.00,1048.3118,104.8312,-199.0113,-2.8694
24.50,32.50,1046.3155,104.6315,-199.4706,-2.4865
24.50,35.00,1044.6936,104.4694,-199.9356,-2.1271
24.50,37.50,1043.4324,104.3432,-200.4051,-1.7907
24.50,40.00,1042.5183,104.2518,-200.8778,-1.4767
24.50,42.50,1041.9379,104.1938,-201.3524,-1.1848
24.50,45.00,1041.6779,104.1678,-201.8278,-0.9146
24.50,47.50,1041.7255,104.1725,-202.3025,-0.6658
24.50,50.00,1042.0677,104.2068,-202.7753,-0.4381
24.50,52.50,1042.6919,104.2692,-203.2450,-0.2312
24.50,55.00,1043.5858,104.3586,-203.7103,-0.0448
24.50,57.50,1044.7371,104.4737,-204.1699,0.1213
24.50,60.00,1046.1339,104.6134,-204.6225,0.2673
24.50,62.50,1047.7645,104.7765,-205.0670,0.3934
24.50,65.00,1049.6175,104.9618,-205.5022,0.4998
24.50,67.50,1051.6818,105.1682,-205.9268,0.5867
24.50,70.00,1053.9464,105.3946,-206.3398,0.6541
24.50,72.50,1056.4010,105.6401,-206.7399,0.7023
24.50,75.00,1059.0352,105.9035,-207.1262,0.7312
24.50,77.50,1061.8394,106.1839,-207.4975,0.7412
24.50,80.00,1064.8040,106.4804,-207.8530,0.7321
24.50,82.50,1067.9200,106.7920,-208.1915,0.7042
24.50,85.00,1071.1788,107.1179,-208.5122,0.6575
24.50,87.50,1074.5721,107.4572,-208.8143,0.5921
24.50,90.00,1078.0922,107.8092,-209.0969,0.5081
24.50,92.50,1081.7318,108.1732,-209.3592,0.4054
24.50,95.00,1085.4839,108.5484,-209.6006,0.2842
24.50,97.50,1089.3424,108.9342,-209.8204,0.1445
24.50,100.00,1093.3013,109.3301,-210.0180,-0.0136
24.50,102.50,1097.3553,109.7355,-210.1928,-0.1902
24.50,105.00,1101.4997,110.1500,-210.3445,-0.3852
24.50,107.50,1105.7300,110.5730,-210.4725,-0.5986
24.50,110.00,1110.0426,111.0043,-210.5766,-0.8304
24.50,112.50,1114.4343,111.4434,-210.6564,-1.0805
24.50,115.00,1118.9024,111.8902,-210.7118,-1.3490
24.50,117.50,1123.4449,112.3445,-210.7425,-1.6358
24.50,120.00,1128.0604,112.8060,-210.7485,-1.9409
24.50,122.50,1132.7477,113.2748,-210.7298,-2.2645
24.50,125.00,1137.5066,113.7507,-210.6864,-2.6063
24.50,127.50,1142.3373,114.2337,-210.6185,-2.9666
24.50,130.00,1147.2404,114.7240,-210.5261,-3.3453
24.50,132.50,1152.2174,115.2217,-210.4096,-3.7424
24.50,135.00,1157.2699,115.7270,-210.2692,-4.1580
24.50,137.50,1162.4006,116.2401,-210.1053,-4.5921
24.50,140.00,1167.6122,116.7612,-209.9184,-5.0447
24.50,142.50,1172.9083,117.2908,-209.7089,-5.5159
24.50,145.00,1178.2928,117.8293,-209.4774,-6.0058
24.50,147.50,1183.7703,118.3770,-209.2245,-6.5143
24.50,150.00,1189.3458,118.9346,-208.9509,-7.0417
25.00,30.00,1097.0177,109.7018,-208.6444,-2.9068
25.00,32.50,1095.0817,109.5082,-209.1202,-2.5202
25.00,35.00,1093.5228,109.3523,-209.6017,-2.1573
25.00,37.50,1092.3270,109.2327,-210.0875,-1.8174
25.00,40.00,1091.4807,109.1481,-210.5765,-1.5003
25.00,42.50,1090.9701,109.0970,-211.0674,-1.2054
25.00,45.00,1090.7819,109.0782,-211.5587,-0.9323
25.00,47.50,1090.9029,109.0903,-212.0493,-0.6808
25.00,50.00,1091.3199,109.1320,-212.5378,-0.4505
25.00,52.50,1092.0201,109.2020,-213.0229,-0.2412
25.00,55.00,1092.9909,109.2991,-213.5034,-0.0525
25.00,57.50,1094.2199,109.4220,-213.9778,0.1157
25.00,60.00,1095.6948,109.5695,-214.4450,0.2636
25.00,62.50,1097.4037,109.7404,-214.9037,0.3915
25.00,65.00,1099.3350,109.9335,-215.3526,0.4996
25.00,67.50,1101.4772,110.1477,-215.7906,0.5879
25.00,70.00,1103.8194,110.3819,-216.2165,0.6567
25.00,72.50,1106.3507,110.6351,-216.6291,0.7061
25.00,75.00,1109.0608,110.9061,-217.0274,0.7361
25.00,77.50,1111.9396,111.1940,-217.4102,0.7470
25.00,80.00,1114.9776,111.4978,-217.7765,0.7387
25.00,82.50,1118.1653,111.8165,-218.1255,0.7115
25.00,85.00,1121.4940,112.1494,-218.4560,0.6653
25.00,87.50,1124.9554,112.4955,-218.7673,0.6003
25.00,90.00,1128.5414,112.8541,-219.0585,0.5164
25.00,92.50,1132.2446,113.2245,-219.3288,0.4139
25.00,95.00,1136.0580,113.6058,-219.5775,0.2926
25.00,97.50,1139.9751,113.9975,-219.8039,0.1528
25.00,100.00,1143.9900,114.3990,-220.0074,-0.0057
25.00,102.50,1148.0972,114.8097,-220.1876,-0.1828
25.00,105.00,1152.2917,115.2292,-220.3438,-0.3784
25.00,107.50,1156.5693,115.6569,-220.4757,-0.5925
25.00,110.00,1160.9261,116.0926,-220.5829,-0.8251
25.00,112.50,1165.3589,116.5359,-220.6651,-1.0762
25.00,115.00,1169.8650,116.9865,-220.7221,-1.3458
25.00,117.50,1174.4423,117.4442,-220.7538,-1.6339
25.00,120.00,1179.0892,117.9089,-220.7600,-1.9405
25.00,122.50,1183.8049,118.3805,-220.7408,-2.2655
25.00,125.00,1188.5889,118.8589,-220.6961,-2.6091
25.00,127.50,1193.4414,119.3441,-220.6261,-2.9712
25.00,130.00,1198.3633,119.8363,-220.5310,-3.3519
25.00,132.50,1203.3559,120.3356,-220.4110,-3.7511
25.00,135.00,1208.4211,120.8421,-220.2664,-4.1689
25.00,137.50,1213.5614,121.3561,-220.0977,-4.6054
25.00,140.00,1218.7799,121.8780,-219.9051,-5.0606
25.00,142.50,1224.0800,122.4080,-219.6894,-5.5345
25.00,145.00,1229.4660,122.9466,-219.4509,-6.0272
25.00,147.50,1234.9424,123.4942,-219.1904,-6.5387
25.00,150.00,1240.5145,124.0514,-218.9085,-7.0692
